
============================================================
Batch 0 | Val PER: 1.6967
============================================================
  Sample 0:
    TRUE: [31, 17, 0, 19, 27, 2, 28, 17, 39, 27, 17, 19, 2, 22, 28, 16, 8, 11, 8, 39]
    PRED: [26, 29, 16, 13, 18, 21, 18, 8, 21, 11, 26, 28, 21, 38, 2, 13, 19, 6, 32, 26, 10, 11, 14, 18, 11, 26, 7, 33, 25, 28, 0, 23, 11, 15, 24, 15, 36, 29, 22, 3, 17, 0, 3, 22, 37]
    Edit distance: 41/20
  Sample 1:
    TRUE: [27, 16, 7, 39, 26, 11, 7, 2, 28, 30, 39, 28, 10, 34, 27, 2, 20, 39, 28, 5, 22, 8, 39, 20, 16, 31, 2, 14, 27, 1, 13, 28, 39]
    PRED: [11, 25, 5, 16, 22, 38, 10, 5, 28, 29, 5, 16, 17, 14, 13, 9, 26, 11, 7, 13, 26, 21, 2, 14, 11, 38, 20, 11, 3, 7, 9, 33, 11, 15, 21, 26, 29, 31, 39, 10, 38, 26, 16, 12, 34, 20, 19, 23, 10, 23, 19, 29, 37, 25, 38, 25, 23, 32, 2, 33, 37, 24, 17, 24, 17, 30, 36, 19, 1, 11, 36, 29]
    Edit distance: 63/33
  Sample 2:
    TRUE: [28, 24, 39, 27, 33, 20, 37, 39, 35, 17, 39, 21, 12, 8, 39, 16, 22, 39, 2, 22, 2, 6, 1, 29, 30, 39, 19, 2, 20, 33, 38, 2, 22, 39]
    PRED: [14, 39, 29, 2, 14, 32, 3, 33, 6, 31, 39, 2, 3, 29, 21, 29, 14, 26, 7, 38, 39, 2, 17, 26, 16, 4, 18, 0, 14, 0, 2, 14, 18, 11, 25, 29, 17, 7, 32, 37, 13, 12, 32, 34, 12, 37, 7, 14, 23, 25, 26, 39, 1, 25, 2, 16, 2, 28, 21, 8, 2, 12, 20, 38, 8, 33, 15, 2, 30, 7, 2, 32, 19, 23, 6, 23, 22, 11, 32, 25, 21, 30, 22, 33, 19, 0, 8, 2, 12, 8, 28, 0, 28]
    Edit distance: 80/34
  Sample 3:
    TRUE: [20, 3, 27, 17, 37, 39, 19, 0, 28, 30, 33, 21, 39, 22, 17, 8, 2, 8, 39, 6, 20, 1, 19, 39, 14, 20, 2, 34, 37, 39, 30, 33, 39, 6, 17, 39, 19, 2, 21, 26, 20, 17, 30, 20, 17, 39, 10, 20, 2, 14, 2, 22, 30, 39]
    PRED: [10, 18, 23, 19, 28, 10, 23, 7, 23, 21, 29, 2, 18, 6, 37, 0, 21, 9, 18, 12, 16, 4, 21, 12, 14, 37, 20, 2, 22, 26, 2, 18, 26, 37, 6, 8, 38, 25, 12, 13, 25, 26, 11, 26, 39, 38, 22, 14, 0, 2, 28, 2, 37, 17, 32, 24, 32, 33, 37, 0, 20, 38, 20, 12, 10, 24, 25, 32, 25, 6, 3, 6, 33, 25, 8, 10, 20, 2, 31, 39, 26, 33, 16, 3, 12, 11, 32, 11, 15, 17, 8, 30, 36, 28, 24, 36, 37, 25, 33]
    Edit distance: 86/54
  Sample 4:
    TRUE: [9, 2, 39, 30, 33, 31, 39, 13, 10, 27, 17, 39, 13, 11, 14, 0, 30, 39, 30, 33, 39, 19, 2, 21, 39, 35, 10, 22, 39, 27, 0, 18, 11, 37, 39, 30, 33, 31, 39, 13, 10, 20, 39, 4, 30, 39]
    PRED: [1, 2, 25, 14, 28, 14, 23, 28, 26, 23, 29, 39, 21, 14, 19, 25, 38, 19, 0, 23, 22, 0, 2, 37, 21, 37, 22, 2, 36, 38, 22, 8, 30, 18, 15, 2, 5, 18, 5, 29, 18, 11, 38, 12, 26, 19, 15, 33, 2, 11, 26, 5, 1, 19, 4, 5, 2, 4, 11, 38, 0, 3, 5, 17, 34, 12, 13, 21, 33, 12, 11, 0, 9, 4, 23, 5, 13, 12, 9, 33, 15, 20, 7, 20, 11, 7, 19, 8, 14, 11, 30, 20, 26, 8, 12, 6, 12, 32, 31, 9, 29, 14, 8, 5, 2, 32, 33, 15, 5, 38, 22, 0, 17, 15, 30, 36, 17, 22, 15, 36, 17, 36, 11, 25, 36, 11, 17]
    Edit distance: 115/46

============================================================
Batch 500 | Val PER: 0.4706
============================================================
  Sample 0:
    TRUE: [31, 17, 0, 19, 27, 2, 28, 17, 39, 27, 17, 19, 2, 22, 28, 16, 8, 11, 8, 39]
    PRED: [16, 2, 22, 39, 16, 37, 39]
    Edit distance: 16/20
  Sample 1:
    TRUE: [27, 16, 7, 39, 26, 11, 7, 2, 28, 30, 39, 28, 10, 34, 27, 2, 20, 39, 28, 5, 22, 8, 39, 20, 16, 31, 2, 14, 27, 1, 13, 28, 39]
    PRED: [5, 19, 39, 26, 27, 22, 39, 34, 39, 22, 39, 39, 11, 39]
    Edit distance: 25/33
  Sample 2:
    TRUE: [28, 24, 39, 27, 33, 20, 37, 39, 35, 17, 39, 21, 12, 8, 39, 16, 22, 39, 2, 22, 2, 6, 1, 29, 30, 39, 19, 2, 20, 33, 38, 2, 22, 39]
    PRED: [2, 20, 39, 6, 16, 39, 6, 17, 22, 39, 16, 22, 30, 39, 22, 39, 22, 39]
    Edit distance: 24/34
  Sample 3:
    TRUE: [20, 3, 27, 17, 37, 39, 19, 0, 28, 30, 33, 21, 39, 22, 17, 8, 2, 8, 39, 6, 20, 1, 19, 39, 14, 20, 2, 34, 37, 39, 30, 33, 39, 6, 17, 39, 19, 2, 21, 26, 20, 17, 30, 20, 17, 39, 10, 20, 2, 14, 2, 22, 30, 39]
    PRED: [16, 39, 19, 1, 2, 39, 16, 39, 6, 19, 39, 14, 16, 34, 39, 30, 33, 39, 6, 17, 39, 2, 20, 39, 2, 22, 39]
    Edit distance: 32/54
  Sample 4:
    TRUE: [9, 2, 39, 30, 33, 31, 39, 13, 10, 27, 17, 39, 13, 11, 14, 0, 30, 39, 30, 33, 39, 19, 2, 21, 39, 35, 10, 22, 39, 27, 0, 18, 11, 37, 39, 30, 33, 31, 39, 13, 10, 20, 39, 4, 30, 39]
    PRED: [9, 2, 39, 36, 33, 2, 31, 39, 12, 39, 8, 39, 30, 33, 39, 12, 21, 39, 22, 39, 2, 39, 30, 33, 31, 39, 12, 39, 4, 8, 39]
    Edit distance: 24/46

============================================================
Batch 1000 | Val PER: 0.4545
============================================================
  Sample 0:
    TRUE: [31, 17, 0, 19, 27, 2, 28, 17, 39, 27, 17, 19, 2, 22, 28, 16, 8, 11, 8, 39]
    PRED: [27, 17, 19, 2, 28, 39, 27, 2, 17, 39]
    Edit distance: 12/20
  Sample 1:
    TRUE: [27, 16, 7, 39, 26, 11, 7, 2, 28, 30, 39, 28, 10, 34, 27, 2, 20, 39, 28, 5, 22, 8, 39, 20, 16, 31, 2, 14, 27, 1, 13, 28, 39]
    PRED: [27, 12, 19, 39, 27, 11, 17, 39, 2, 6, 2, 20, 39, 19, 2, 22, 39, 20, 16, 2, 2, 28, 39]
    Edit distance: 19/33
  Sample 2:
    TRUE: [28, 24, 39, 27, 33, 20, 37, 39, 35, 17, 39, 21, 12, 8, 39, 16, 22, 39, 2, 22, 2, 6, 1, 29, 30, 39, 19, 2, 20, 33, 38, 2, 22, 39]
    PRED: [28, 2, 39, 27, 17, 20, 39, 27, 17, 39, 21, 17, 22, 39, 16, 22, 39, 2, 22, 21, 2, 28, 39, 27, 2, 11, 2, 22, 39]
    Edit distance: 15/34
  Sample 3:
    TRUE: [20, 3, 27, 17, 37, 39, 19, 0, 28, 30, 33, 21, 39, 22, 17, 8, 2, 8, 39, 6, 20, 1, 19, 39, 14, 20, 2, 34, 37, 39, 30, 33, 39, 6, 17, 39, 19, 2, 21, 26, 20, 17, 30, 20, 17, 39, 10, 20, 2, 14, 2, 22, 30, 39]
    PRED: [27, 17, 39, 19, 2, 2, 8, 39, 21, 17, 39, 21, 2, 19, 39, 20, 2, 37, 39, 30, 33, 39, 21, 17, 39, 2, 26, 21, 17, 17, 39, 2, 20, 2, 8, 39]
    Edit distance: 28/54
  Sample 4:
    TRUE: [9, 2, 39, 30, 33, 31, 39, 13, 10, 27, 17, 39, 13, 11, 14, 0, 30, 39, 30, 33, 39, 19, 2, 21, 39, 35, 10, 22, 39, 27, 0, 18, 11, 37, 39, 30, 33, 31, 39, 13, 10, 20, 39, 4, 30, 39]
    PRED: [9, 2, 39, 20, 2, 28, 39, 27, 16, 17, 39, 27, 11, 2, 39, 30, 33, 39, 2, 21, 39, 21, 2, 22, 39, 27, 11, 17, 39, 8, 2, 28, 39, 13, 16, 39, 4, 30, 39]
    Edit distance: 21/46

============================================================
Batch 1500 | Val PER: 0.3884
============================================================
  Sample 0:
    TRUE: [31, 17, 0, 19, 27, 2, 28, 17, 39, 27, 17, 19, 2, 22, 28, 16, 8, 11, 8, 39]
    PRED: [10, 19, 2, 28, 39, 30, 17, 39, 19, 2, 22, 30, 17, 39]
    Edit distance: 12/20
  Sample 1:
    TRUE: [27, 16, 7, 39, 26, 11, 7, 2, 28, 30, 39, 28, 10, 34, 27, 2, 20, 39, 28, 5, 22, 8, 39, 20, 16, 31, 2, 14, 27, 1, 13, 28, 39]
    PRED: [7, 12, 19, 28, 39, 7, 12, 29, 2, 19, 39, 10, 34, 2, 20, 39, 16, 22, 39, 20, 16, 39, 20, 12, 13, 39]
    Edit distance: 20/33
  Sample 2:
    TRUE: [28, 24, 39, 27, 33, 20, 37, 39, 35, 17, 39, 21, 12, 8, 39, 16, 22, 39, 2, 22, 2, 6, 1, 29, 30, 39, 19, 2, 20, 33, 38, 2, 22, 39]
    PRED: [24, 39, 7, 24, 20, 37, 39, 35, 17, 39, 21, 12, 22, 30, 39, 16, 22, 39, 10, 22, 20, 12, 28, 39, 19, 2, 20, 7, 33, 2, 22, 39]
    Edit distance: 13/34
  Sample 3:
    TRUE: [20, 3, 27, 17, 37, 39, 19, 0, 28, 30, 33, 21, 39, 22, 17, 8, 2, 8, 39, 6, 20, 1, 19, 39, 14, 20, 2, 34, 37, 39, 30, 33, 39, 6, 17, 39, 19, 2, 21, 26, 20, 17, 30, 20, 17, 39, 10, 20, 2, 14, 2, 22, 30, 39]
    PRED: [31, 11, 37, 39, 19, 1, 2, 21, 39, 22, 16, 22, 30, 39, 21, 6, 12, 19, 39, 20, 0, 34, 37, 39, 30, 33, 39, 30, 17, 39, 19, 2, 21, 2, 20, 39, 16, 20, 29, 2, 22, 39]
    Edit distance: 27/54
  Sample 4:
    TRUE: [9, 2, 39, 30, 33, 31, 39, 13, 10, 27, 17, 39, 13, 11, 14, 0, 30, 39, 30, 33, 39, 19, 2, 21, 39, 35, 10, 22, 39, 27, 0, 18, 11, 37, 39, 30, 33, 31, 39, 13, 10, 20, 39, 4, 30, 39]
    PRED: [9, 2, 39, 20, 24, 28, 39, 12, 39, 27, 16, 19, 0, 22, 21, 39, 30, 33, 39, 19, 2, 21, 39, 13, 2, 22, 39, 27, 0, 11, 39, 9, 2, 28, 39, 30, 17, 39, 4, 30, 39, 1, 39, 9]
    Edit distance: 25/46

============================================================
Batch 2000 | Val PER: 0.3707
============================================================
  Sample 0:
    TRUE: [31, 17, 0, 19, 27, 2, 28, 17, 39, 27, 17, 19, 2, 22, 28, 16, 8, 11, 8, 39]
    PRED: [9, 2, 19, 2, 28, 39, 27, 17, 2, 22, 30, 2, 30, 17, 11, 39]
    Edit distance: 11/20
  Sample 1:
    TRUE: [27, 16, 7, 39, 26, 11, 7, 2, 28, 30, 39, 28, 10, 34, 27, 2, 20, 39, 28, 5, 22, 8, 39, 20, 16, 31, 2, 14, 27, 1, 13, 28, 39]
    PRED: [30, 17, 28, 39, 26, 11, 29, 2, 30, 39, 15, 1, 34, 20, 39, 30, 2, 22, 8, 39, 20, 16, 20, 2, 13, 28, 39]
    Edit distance: 15/33
  Sample 2:
    TRUE: [28, 24, 39, 27, 33, 20, 37, 39, 35, 17, 39, 21, 12, 8, 39, 16, 22, 39, 2, 22, 2, 6, 1, 29, 30, 39, 19, 2, 20, 33, 38, 2, 22, 39]
    PRED: [9, 2, 39, 35, 11, 20, 37, 39, 6, 12, 39, 21, 12, 22, 8, 39, 16, 22, 39, 10, 22, 2, 6, 2, 28, 39, 30, 38, 2, 22, 39]
    Edit distance: 15/34
  Sample 3:
    TRUE: [20, 3, 27, 17, 37, 39, 19, 0, 28, 30, 33, 21, 39, 22, 17, 8, 2, 8, 39, 6, 20, 1, 19, 39, 14, 20, 2, 34, 37, 39, 30, 33, 39, 6, 17, 39, 19, 2, 21, 26, 20, 17, 30, 20, 17, 39, 10, 20, 2, 14, 2, 22, 30, 39]
    PRED: [35, 3, 39, 30, 1, 21, 39, 22, 17, 17, 39, 6, 16, 7, 39, 20, 2, 34, 39, 30, 3, 39, 6, 17, 39, 2, 21, 39, 20, 16, 30, 20, 17, 39, 16, 20, 29, 2, 22, 39]
    Edit distance: 24/54
  Sample 4:
    TRUE: [9, 2, 39, 30, 33, 31, 39, 13, 10, 27, 17, 39, 13, 11, 14, 0, 30, 39, 30, 33, 39, 19, 2, 21, 39, 35, 10, 22, 39, 27, 0, 18, 11, 37, 39, 30, 33, 31, 39, 13, 10, 20, 39, 4, 30, 39]
    PRED: [9, 2, 39, 35, 33, 31, 39, 20, 12, 30, 17, 39, 26, 27, 17, 0, 30, 39, 30, 33, 39, 30, 5, 21, 39, 6, 10, 22, 39, 27, 10, 2, 37, 39, 35, 16, 9, 39, 13, 12, 39, 4, 30, 39]
    Edit distance: 18/46

============================================================
Batch 2500 | Val PER: 0.3401
============================================================
  Sample 0:
    TRUE: [31, 17, 0, 19, 27, 2, 28, 17, 39, 27, 17, 19, 2, 22, 28, 16, 8, 11, 8, 39]
    PRED: [1, 0, 19, 28, 39, 27, 16, 2, 22, 2, 8, 39]
    Edit distance: 11/20
  Sample 1:
    TRUE: [27, 16, 7, 39, 26, 11, 7, 2, 28, 30, 39, 28, 10, 34, 27, 2, 20, 39, 28, 5, 22, 8, 39, 20, 16, 31, 2, 14, 27, 1, 13, 28, 39]
    PRED: [35, 12, 28, 39, 26, 11, 7, 2, 28, 39, 10, 34, 2, 20, 39, 19, 1, 22, 39, 8, 16, 19, 11, 39, 8, 1, 28, 39]
    Edit distance: 15/33
  Sample 2:
    TRUE: [28, 24, 39, 27, 33, 20, 37, 39, 35, 17, 39, 21, 12, 8, 39, 16, 22, 39, 2, 22, 2, 6, 1, 29, 30, 39, 19, 2, 20, 33, 38, 2, 22, 39]
    PRED: [15, 33, 39, 27, 17, 20, 37, 39, 35, 17, 39, 21, 17, 22, 8, 39, 16, 22, 39, 10, 22, 17, 2, 21, 2, 28, 39, 19, 0, 36, 33, 38, 2, 22, 39]
    Edit distance: 13/34
  Sample 3:
    TRUE: [20, 3, 27, 17, 37, 39, 19, 0, 28, 30, 33, 21, 39, 22, 17, 8, 2, 8, 39, 6, 20, 1, 19, 39, 14, 20, 2, 34, 37, 39, 30, 33, 39, 6, 17, 39, 19, 2, 21, 26, 20, 17, 30, 20, 17, 39, 10, 20, 2, 14, 2, 22, 30, 39]
    PRED: [14, 35, 17, 37, 39, 19, 1, 6, 21, 39, 22, 17, 22, 8, 39, 21, 12, 19, 39, 20, 5, 13, 37, 39, 30, 33, 39, 6, 17, 39, 2, 21, 26, 36, 33, 22, 17, 39, 1, 20, 22, 39]
    Edit distance: 25/54
  Sample 4:
    TRUE: [9, 2, 39, 30, 33, 31, 39, 13, 10, 27, 17, 39, 13, 11, 14, 0, 30, 39, 30, 33, 39, 19, 2, 21, 39, 35, 10, 22, 39, 27, 0, 18, 11, 37, 39, 30, 33, 31, 39, 13, 10, 20, 39, 4, 30, 39]
    PRED: [9, 2, 39, 36, 33, 31, 39, 27, 12, 17, 39, 27, 17, 19, 39, 30, 33, 39, 30, 24, 21, 39, 35, 2, 22, 39, 27, 17, 11, 39, 27, 33, 39, 34, 12, 39, 4, 30, 39]
    Edit distance: 20/46

============================================================
Batch 3000 | Val PER: 0.3324
============================================================
  Sample 0:
    TRUE: [31, 17, 0, 19, 27, 2, 28, 17, 39, 27, 17, 19, 2, 22, 28, 16, 8, 11, 8, 39]
    PRED: [0, 14, 39, 27, 16, 14, 5, 11, 39]
    Edit distance: 15/20
  Sample 1:
    TRUE: [27, 16, 7, 39, 26, 11, 7, 2, 28, 30, 39, 28, 10, 34, 27, 2, 20, 39, 28, 5, 22, 8, 39, 20, 16, 31, 2, 14, 27, 1, 13, 28, 39]
    PRED: [27, 1, 19, 26, 0, 28, 39, 10, 34, 2, 20, 39, 14, 2, 22, 18, 39, 20, 16, 2, 39, 14, 2, 13, 39]
    Edit distance: 17/33
  Sample 2:
    TRUE: [28, 24, 39, 27, 33, 20, 37, 39, 35, 17, 39, 21, 12, 8, 39, 16, 22, 39, 2, 22, 2, 6, 1, 29, 30, 39, 19, 2, 20, 33, 38, 2, 22, 39]
    PRED: [24, 39, 35, 24, 20, 39, 35, 17, 39, 21, 16, 8, 39, 16, 22, 39, 2, 22, 5, 28, 39, 30, 33, 36, 33, 2, 37, 39]
    Edit distance: 15/34
  Sample 3:
    TRUE: [20, 3, 27, 17, 37, 39, 19, 0, 28, 30, 33, 21, 39, 22, 17, 8, 2, 8, 39, 6, 20, 1, 19, 39, 14, 20, 2, 34, 37, 39, 30, 33, 39, 6, 17, 39, 19, 2, 21, 26, 20, 17, 30, 20, 17, 39, 10, 20, 2, 14, 2, 22, 30, 39]
    PRED: [14, 27, 24, 39, 19, 0, 21, 39, 18, 16, 8, 39, 6, 1, 19, 39, 20, 2, 39, 30, 33, 39, 6, 17, 39, 19, 2, 21, 26, 30, 39, 1, 2, 22, 39]
    Edit distance: 24/54
  Sample 4:
    TRUE: [9, 2, 39, 30, 33, 31, 39, 13, 10, 27, 17, 39, 13, 11, 14, 0, 30, 39, 30, 33, 39, 19, 2, 21, 39, 35, 10, 22, 39, 27, 0, 18, 11, 37, 39, 30, 33, 31, 39, 13, 10, 20, 39, 4, 30, 39]
    PRED: [9, 2, 39, 33, 31, 39, 13, 5, 11, 39, 27, 11, 14, 2, 39, 30, 33, 39, 19, 2, 21, 39, 27, 2, 22, 39, 35, 11, 11, 39, 30, 33, 39, 13, 5, 39, 4, 30, 39]
    Edit distance: 16/46

============================================================
Batch 3500 | Val PER: 0.3179
============================================================
  Sample 0:
    TRUE: [31, 17, 0, 19, 27, 2, 28, 17, 39, 27, 17, 19, 2, 22, 28, 16, 8, 11, 8, 39]
    PRED: [12, 19, 2, 39, 27, 2, 4, 11, 39]
    Edit distance: 13/20
  Sample 1:
    TRUE: [27, 16, 7, 39, 26, 11, 7, 2, 28, 30, 39, 28, 10, 34, 27, 2, 20, 39, 28, 5, 22, 8, 39, 20, 16, 31, 2, 14, 27, 1, 13, 28, 39]
    PRED: [27, 17, 29, 39, 26, 0, 29, 37, 39, 15, 10, 34, 13, 2, 20, 39, 15, 1, 22, 37, 39, 35, 16, 9, 9, 24, 39, 4, 13, 30, 39]
    Edit distance: 19/33
  Sample 2:
    TRUE: [28, 24, 39, 27, 33, 20, 37, 39, 35, 17, 39, 21, 12, 8, 39, 16, 22, 39, 2, 22, 2, 6, 1, 29, 30, 39, 19, 2, 20, 33, 38, 2, 22, 39]
    PRED: [15, 24, 39, 27, 5, 20, 37, 39, 35, 5, 39, 21, 12, 8, 39, 16, 22, 39, 2, 22, 11, 27, 5, 29, 30, 39, 19, 2, 20, 33, 29, 2, 22, 39]
    Edit distance: 7/34
  Sample 3:
    TRUE: [20, 3, 27, 17, 37, 39, 19, 0, 28, 30, 33, 21, 39, 22, 17, 8, 2, 8, 39, 6, 20, 1, 19, 39, 14, 20, 2, 34, 37, 39, 30, 33, 39, 6, 17, 39, 19, 2, 21, 26, 20, 17, 30, 20, 17, 39, 10, 20, 2, 14, 2, 22, 30, 39]
    PRED: [19, 35, 5, 39, 15, 4, 15, 24, 21, 39, 22, 12, 8, 8, 39, 6, 12, 19, 39, 14, 2, 34, 39, 30, 33, 39, 6, 17, 39, 19, 2, 26, 30, 17, 39, 1, 20, 2, 22, 8, 39]
    Edit distance: 24/54
  Sample 4:
    TRUE: [9, 2, 39, 30, 33, 31, 39, 13, 10, 27, 17, 39, 13, 11, 14, 0, 30, 39, 30, 33, 39, 19, 2, 21, 39, 35, 10, 22, 39, 27, 0, 18, 11, 37, 39, 30, 33, 31, 39, 13, 10, 20, 39, 4, 30, 39]
    PRED: [9, 2, 39, 36, 33, 31, 39, 13, 4, 11, 39, 13, 5, 2, 21, 39, 30, 33, 39, 19, 15, 2, 21, 39, 13, 27, 2, 22, 39, 35, 5, 11, 37, 39, 31, 27, 33, 31, 39, 13, 5, 39, 4, 30, 39]
    Edit distance: 19/46

============================================================
Batch 4000 | Val PER: 0.3028
============================================================
  Sample 0:
    TRUE: [31, 17, 0, 19, 27, 2, 28, 17, 39, 27, 17, 19, 2, 22, 28, 16, 8, 11, 8, 39]
    PRED: [15, 1, 19, 2, 28, 39, 27, 16, 1, 39]
    Edit distance: 13/20
  Sample 1:
    TRUE: [27, 16, 7, 39, 26, 11, 7, 2, 28, 30, 39, 28, 10, 34, 27, 2, 20, 39, 28, 5, 22, 8, 39, 20, 16, 31, 2, 14, 27, 1, 13, 28, 39]
    PRED: [27, 17, 7, 39, 26, 0, 27, 18, 39, 10, 34, 2, 20, 39, 10, 22, 8, 39, 20, 16, 36, 2, 27, 0, 6, 39]
    Edit distance: 15/33
  Sample 2:
    TRUE: [28, 24, 39, 27, 33, 20, 37, 39, 35, 17, 39, 21, 12, 8, 39, 16, 22, 39, 2, 22, 2, 6, 1, 29, 30, 39, 19, 2, 20, 33, 38, 2, 22, 39]
    PRED: [15, 24, 39, 35, 10, 20, 37, 39, 35, 10, 39, 21, 10, 8, 39, 16, 22, 39, 2, 22, 2, 11, 35, 1, 28, 30, 39, 19, 2, 20, 33, 38, 2, 22, 39]
    Edit distance: 8/34
  Sample 3:
    TRUE: [20, 3, 27, 17, 37, 39, 19, 0, 28, 30, 33, 21, 39, 22, 17, 8, 2, 8, 39, 6, 20, 1, 19, 39, 14, 20, 2, 34, 37, 39, 30, 33, 39, 6, 17, 39, 19, 2, 21, 26, 20, 17, 30, 20, 17, 39, 10, 20, 2, 14, 2, 22, 30, 39]
    PRED: [35, 10, 39, 19, 0, 21, 39, 22, 12, 8, 39, 6, 1, 19, 39, 20, 2, 34, 39, 30, 33, 39, 6, 17, 39, 15, 2, 6, 2, 20, 30, 17, 39, 1, 20, 2, 22, 8, 39]
    Edit distance: 23/54
  Sample 4:
    TRUE: [9, 2, 39, 30, 33, 31, 39, 13, 10, 27, 17, 39, 13, 11, 14, 0, 30, 39, 30, 33, 39, 19, 2, 21, 39, 35, 10, 22, 39, 27, 0, 18, 11, 37, 39, 30, 33, 31, 39, 13, 10, 20, 39, 4, 30, 39]
    PRED: [9, 2, 39, 30, 33, 31, 39, 13, 10, 17, 39, 27, 5, 14, 2, 8, 39, 30, 3, 39, 19, 0, 21, 39, 27, 2, 22, 39, 35, 0, 11, 39, 27, 33, 31, 39, 13, 16, 20, 39, 4, 30, 39]
    Edit distance: 14/46

============================================================
Batch 4500 | Val PER: 0.3096
============================================================
  Sample 0:
    TRUE: [31, 17, 0, 19, 27, 2, 28, 17, 39, 27, 17, 19, 2, 22, 28, 16, 8, 11, 8, 39]
    PRED: [20, 1, 19, 2, 37, 39, 27, 17, 14, 0, 8, 39]
    Edit distance: 13/20
  Sample 1:
    TRUE: [27, 16, 7, 39, 26, 11, 7, 2, 28, 30, 39, 28, 10, 34, 27, 2, 20, 39, 28, 5, 22, 8, 39, 20, 16, 31, 2, 14, 27, 1, 13, 28, 39]
    PRED: [30, 27, 12, 7, 39, 26, 0, 7, 39, 12, 34, 2, 20, 39, 2, 22, 39, 20, 16, 31, 20, 24, 0, 13, 39]
    Edit distance: 17/33
  Sample 2:
    TRUE: [28, 24, 39, 27, 33, 20, 37, 39, 35, 17, 39, 21, 12, 8, 39, 16, 22, 39, 2, 22, 2, 6, 1, 29, 30, 39, 19, 2, 20, 33, 38, 2, 22, 39]
    PRED: [24, 39, 27, 5, 20, 37, 39, 35, 12, 39, 21, 12, 8, 39, 16, 22, 39, 1, 22, 0, 39, 19, 24, 20, 38, 2, 22, 39]
    Edit distance: 11/34
  Sample 3:
    TRUE: [20, 3, 27, 17, 37, 39, 19, 0, 28, 30, 33, 21, 39, 22, 17, 8, 2, 8, 39, 6, 20, 1, 19, 39, 14, 20, 2, 34, 37, 39, 30, 33, 39, 6, 17, 39, 19, 2, 21, 26, 20, 17, 30, 20, 17, 39, 10, 20, 2, 14, 2, 22, 30, 39]
    PRED: [30, 27, 11, 39, 19, 1, 2, 21, 39, 22, 17, 8, 2, 8, 39, 6, 1, 19, 39, 20, 2, 34, 8, 39, 30, 33, 39, 6, 17, 39, 19, 2, 26, 20, 2, 39, 1, 20, 2, 30, 39]
    Edit distance: 20/54
  Sample 4:
    TRUE: [9, 2, 39, 30, 33, 31, 39, 13, 10, 27, 17, 39, 13, 11, 14, 0, 30, 39, 30, 33, 39, 19, 2, 21, 39, 35, 10, 22, 39, 27, 0, 18, 11, 37, 39, 30, 33, 31, 39, 13, 10, 20, 39, 4, 30, 39]
    PRED: [9, 2, 39, 20, 24, 31, 39, 34, 10, 12, 39, 27, 0, 0, 39, 30, 24, 39, 19, 0, 21, 39, 27, 10, 22, 39, 27, 0, 11, 39, 31, 24, 31, 39, 13, 0, 39, 4, 30, 39]
    Edit distance: 18/46

============================================================
Batch 5000 | Val PER: 0.2809
============================================================
  Sample 0:
    TRUE: [31, 17, 0, 19, 27, 2, 28, 17, 39, 27, 17, 19, 2, 22, 28, 16, 8, 11, 8, 39]
    PRED: [27, 0, 19, 2, 28, 39, 27, 16, 2, 22, 2, 8, 39]
    Edit distance: 10/20
  Sample 1:
    TRUE: [27, 16, 7, 39, 26, 11, 7, 2, 28, 30, 39, 28, 10, 34, 27, 2, 20, 39, 28, 5, 22, 8, 39, 20, 16, 31, 2, 14, 27, 1, 13, 28, 39]
    PRED: [27, 17, 7, 39, 26, 11, 29, 16, 39, 10, 34, 39, 2, 22, 39, 9, 16, 9, 2, 2, 6, 39]
    Edit distance: 19/33
  Sample 2:
    TRUE: [28, 24, 39, 27, 33, 20, 37, 39, 35, 17, 39, 21, 12, 8, 39, 16, 22, 39, 2, 22, 2, 6, 1, 29, 30, 39, 19, 2, 20, 33, 38, 2, 22, 39]
    PRED: [28, 24, 39, 27, 5, 20, 37, 39, 35, 17, 39, 21, 12, 8, 39, 16, 22, 39, 0, 22, 11, 21, 0, 28, 39, 19, 2, 20, 33, 29, 2, 22, 39]
    Edit distance: 8/34
  Sample 3:
    TRUE: [20, 3, 27, 17, 37, 39, 19, 0, 28, 30, 33, 21, 39, 22, 17, 8, 2, 8, 39, 6, 20, 1, 19, 39, 14, 20, 2, 34, 37, 39, 30, 33, 39, 6, 17, 39, 19, 2, 21, 26, 20, 17, 30, 20, 17, 39, 10, 20, 2, 14, 2, 22, 30, 39]
    PRED: [27, 10, 39, 30, 5, 2, 21, 39, 22, 12, 8, 39, 6, 21, 12, 19, 39, 20, 2, 34, 8, 39, 30, 33, 39, 6, 17, 39, 19, 2, 21, 26, 10, 30, 11, 39, 10, 20, 2, 2, 22, 8, 39]
    Edit distance: 22/54
  Sample 4:
    TRUE: [9, 2, 39, 30, 33, 31, 39, 13, 10, 27, 17, 39, 13, 11, 14, 0, 30, 39, 30, 33, 39, 19, 2, 21, 39, 35, 10, 22, 39, 27, 0, 18, 11, 37, 39, 30, 33, 31, 39, 13, 10, 20, 39, 4, 30, 39]
    PRED: [9, 2, 39, 27, 33, 31, 39, 13, 10, 27, 17, 39, 26, 27, 16, 0, 8, 39, 30, 33, 39, 19, 2, 21, 39, 27, 2, 22, 39, 27, 2, 11, 39, 27, 33, 39, 13, 5, 39, 4, 30, 39]
    Edit distance: 14/46

============================================================
Batch 5500 | Val PER: 0.2825
============================================================
  Sample 0:
    TRUE: [31, 17, 0, 19, 27, 2, 28, 17, 39, 27, 17, 19, 2, 22, 28, 16, 8, 11, 8, 39]
    PRED: [0, 19, 2, 39, 14, 27, 17, 0, 22, 12, 30, 11, 39]
    Edit distance: 12/20
  Sample 1:
    TRUE: [27, 16, 7, 39, 26, 11, 7, 2, 28, 30, 39, 28, 10, 34, 27, 2, 20, 39, 28, 5, 22, 8, 39, 20, 16, 31, 2, 14, 27, 1, 13, 28, 39]
    PRED: [30, 27, 17, 19, 39, 26, 27, 0, 29, 2, 28, 39, 29, 10, 34, 2, 20, 39, 19, 2, 2, 21, 37, 39, 19, 27, 16, 2, 2, 13, 39]
    Edit distance: 21/33
  Sample 2:
    TRUE: [28, 24, 39, 27, 33, 20, 37, 39, 35, 17, 39, 21, 12, 8, 39, 16, 22, 39, 2, 22, 2, 6, 1, 29, 30, 39, 19, 2, 20, 33, 38, 2, 22, 39]
    PRED: [28, 24, 39, 27, 24, 20, 37, 39, 35, 17, 17, 39, 21, 12, 22, 8, 39, 16, 22, 39, 2, 22, 2, 21, 1, 13, 30, 19, 39, 19, 2, 19, 33, 38, 2, 22, 39]
    Edit distance: 7/34
  Sample 3:
    TRUE: [20, 3, 27, 17, 37, 39, 19, 0, 28, 30, 33, 21, 39, 22, 17, 8, 2, 8, 39, 6, 20, 1, 19, 39, 14, 20, 2, 34, 37, 39, 30, 33, 39, 6, 17, 39, 19, 2, 21, 26, 20, 17, 30, 20, 17, 39, 10, 20, 2, 14, 2, 22, 30, 39]
    PRED: [30, 27, 2, 39, 19, 4, 2, 21, 39, 22, 16, 8, 39, 6, 20, 1, 19, 39, 19, 20, 2, 13, 39, 30, 33, 39, 6, 17, 39, 19, 2, 21, 26, 10, 30, 11, 39, 1, 20, 22, 30, 39]
    Edit distance: 22/54
  Sample 4:
    TRUE: [9, 2, 39, 30, 33, 31, 39, 13, 10, 27, 17, 39, 13, 11, 14, 0, 30, 39, 30, 33, 39, 19, 2, 21, 39, 35, 10, 22, 39, 27, 0, 18, 11, 37, 39, 30, 33, 31, 39, 13, 10, 20, 39, 4, 30, 39]
    PRED: [9, 2, 39, 30, 27, 33, 31, 39, 34, 10, 27, 17, 39, 19, 27, 2, 30, 2, 21, 39, 30, 33, 39, 19, 2, 21, 39, 13, 27, 2, 21, 39, 35, 3, 11, 37, 39, 31, 27, 16, 9, 39, 13, 5, 39, 4, 22, 30, 39]
    Edit distance: 22/46

============================================================
Batch 6000 | Val PER: 0.2803
============================================================
  Sample 0:
    TRUE: [31, 17, 0, 19, 27, 2, 28, 17, 39, 27, 17, 19, 2, 22, 28, 16, 8, 11, 8, 39]
    PRED: [1, 19, 28, 39, 27, 16, 19, 2, 22, 30, 16, 39]
    Edit distance: 11/20
  Sample 1:
    TRUE: [27, 16, 7, 39, 26, 11, 7, 2, 28, 30, 39, 28, 10, 34, 27, 2, 20, 39, 28, 5, 22, 8, 39, 20, 16, 31, 2, 14, 27, 1, 13, 28, 39]
    PRED: [30, 27, 1, 19, 28, 39, 26, 0, 7, 16, 23, 39, 10, 34, 2, 20, 39, 28, 2, 22, 37, 39, 20, 5, 9, 39, 27, 2, 13, 39]
    Edit distance: 18/33
  Sample 2:
    TRUE: [28, 24, 39, 27, 33, 20, 37, 39, 35, 17, 39, 21, 12, 8, 39, 16, 22, 39, 2, 22, 2, 6, 1, 29, 30, 39, 19, 2, 20, 33, 38, 2, 22, 39]
    PRED: [28, 24, 39, 35, 10, 20, 37, 39, 35, 5, 39, 21, 10, 22, 8, 39, 16, 22, 39, 10, 22, 2, 21, 1, 29, 30, 39, 19, 2, 20, 7, 33, 29, 2, 22, 39]
    Edit distance: 9/34
  Sample 3:
    TRUE: [20, 3, 27, 17, 37, 39, 19, 0, 28, 30, 33, 21, 39, 22, 17, 8, 2, 8, 39, 6, 20, 1, 19, 39, 14, 20, 2, 34, 37, 39, 30, 33, 39, 6, 17, 39, 19, 2, 21, 26, 20, 17, 30, 20, 17, 39, 10, 20, 2, 14, 2, 22, 30, 39]
    PRED: [30, 35, 5, 37, 39, 19, 7, 1, 28, 21, 39, 22, 17, 8, 39, 6, 1, 19, 39, 8, 2, 34, 39, 30, 33, 39, 6, 17, 39, 19, 2, 21, 26, 16, 30, 30, 17, 39, 1, 20, 2, 22, 8, 39]
    Edit distance: 21/54
  Sample 4:
    TRUE: [9, 2, 39, 30, 33, 31, 39, 13, 10, 27, 17, 39, 13, 11, 14, 0, 30, 39, 30, 33, 39, 19, 2, 21, 39, 35, 10, 22, 39, 27, 0, 18, 11, 37, 39, 30, 33, 31, 39, 13, 10, 20, 39, 4, 30, 39]
    PRED: [9, 2, 39, 30, 36, 33, 31, 39, 34, 10, 17, 39, 26, 27, 2, 19, 39, 30, 33, 39, 19, 5, 21, 39, 27, 2, 22, 39, 2, 7, 11, 37, 39, 31, 27, 33, 31, 39, 13, 5, 39, 4, 22, 30, 39]
    Edit distance: 19/46

============================================================
Batch 6500 | Val PER: 0.2715
============================================================
  Sample 0:
    TRUE: [31, 17, 0, 19, 27, 2, 28, 17, 39, 27, 17, 19, 2, 22, 28, 16, 8, 11, 8, 39]
    PRED: [10, 19, 2, 37, 39, 27, 17, 11, 39]
    Edit distance: 13/20
  Sample 1:
    TRUE: [27, 16, 7, 39, 26, 11, 7, 2, 28, 30, 39, 28, 10, 34, 27, 2, 20, 39, 28, 5, 22, 8, 39, 20, 16, 31, 2, 14, 27, 1, 13, 28, 39]
    PRED: [27, 17, 39, 26, 11, 37, 39, 10, 34, 2, 20, 39, 2, 22, 39, 20, 16, 10, 39, 2, 13, 39]
    Edit distance: 17/33
  Sample 2:
    TRUE: [28, 24, 39, 27, 33, 20, 37, 39, 35, 17, 39, 21, 12, 8, 39, 16, 22, 39, 2, 22, 2, 6, 1, 29, 30, 39, 19, 2, 20, 33, 38, 2, 22, 39]
    PRED: [28, 24, 39, 3, 20, 37, 39, 6, 17, 39, 21, 12, 8, 39, 16, 22, 39, 10, 22, 2, 21, 1, 29, 39, 19, 2, 20, 38, 2, 22, 39]
    Edit distance: 7/34
  Sample 3:
    TRUE: [20, 3, 27, 17, 37, 39, 19, 0, 28, 30, 33, 21, 39, 22, 17, 8, 2, 8, 39, 6, 20, 1, 19, 39, 14, 20, 2, 34, 37, 39, 30, 33, 39, 6, 17, 39, 19, 2, 21, 26, 20, 17, 30, 20, 17, 39, 10, 20, 2, 14, 2, 22, 30, 39]
    PRED: [30, 27, 10, 27, 17, 37, 39, 15, 1, 28, 21, 39, 22, 12, 8, 39, 6, 12, 19, 39, 20, 2, 34, 39, 30, 33, 39, 6, 17, 39, 19, 2, 21, 26, 16, 30, 20, 11, 39, 10, 20, 2, 22, 39]
    Edit distance: 20/54
  Sample 4:
    TRUE: [9, 2, 39, 30, 33, 31, 39, 13, 10, 27, 17, 39, 13, 11, 14, 0, 30, 39, 30, 33, 39, 19, 2, 21, 39, 35, 10, 22, 39, 27, 0, 18, 11, 37, 39, 30, 33, 31, 39, 13, 10, 20, 39, 4, 30, 39]
    PRED: [9, 2, 39, 30, 27, 33, 31, 39, 34, 10, 27, 17, 39, 27, 16, 1, 39, 30, 33, 39, 19, 2, 21, 39, 13, 27, 2, 22, 39, 3, 11, 37, 39, 31, 27, 33, 31, 39, 13, 10, 39, 4, 30, 39]
    Edit distance: 16/46

============================================================
Batch 7000 | Val PER: 0.2652
============================================================
  Sample 0:
    TRUE: [31, 17, 0, 19, 27, 2, 28, 17, 39, 27, 17, 19, 2, 22, 28, 16, 8, 11, 8, 39]
    PRED: [19, 1, 19, 2, 39, 27, 16, 14, 0, 22, 39]
    Edit distance: 14/20
  Sample 1:
    TRUE: [27, 16, 7, 39, 26, 11, 7, 2, 28, 30, 39, 28, 10, 34, 27, 2, 20, 39, 28, 5, 22, 8, 39, 20, 16, 31, 2, 14, 27, 1, 13, 28, 39]
    PRED: [19, 27, 17, 19, 39, 26, 27, 0, 29, 7, 16, 39, 10, 34, 2, 20, 39, 19, 5, 22, 8, 39, 9, 16, 9, 39, 20, 0, 13, 39]
    Edit distance: 18/33
  Sample 2:
    TRUE: [28, 24, 39, 27, 33, 20, 37, 39, 35, 17, 39, 21, 12, 8, 39, 16, 22, 39, 2, 22, 2, 6, 1, 29, 30, 39, 19, 2, 20, 33, 38, 2, 22, 39]
    PRED: [9, 24, 39, 27, 33, 20, 37, 39, 35, 17, 39, 21, 12, 8, 39, 16, 22, 39, 16, 22, 8, 33, 27, 1, 18, 39, 19, 24, 20, 33, 38, 2, 22, 39]
    Edit distance: 8/34
  Sample 3:
    TRUE: [20, 3, 27, 17, 37, 39, 19, 0, 28, 30, 33, 21, 39, 22, 17, 8, 2, 8, 39, 6, 20, 1, 19, 39, 14, 20, 2, 34, 37, 39, 30, 33, 39, 6, 17, 39, 19, 2, 21, 26, 20, 17, 30, 20, 17, 39, 10, 20, 2, 14, 2, 22, 30, 39]
    PRED: [14, 27, 24, 37, 39, 19, 5, 33, 21, 39, 22, 17, 8, 39, 6, 1, 19, 39, 20, 5, 34, 39, 30, 33, 39, 6, 17, 39, 2, 21, 26, 36, 30, 20, 39, 1, 20, 2, 22, 39]
    Edit distance: 20/54
  Sample 4:
    TRUE: [9, 2, 39, 30, 33, 31, 39, 13, 10, 27, 17, 39, 13, 11, 14, 0, 30, 39, 30, 33, 39, 19, 2, 21, 39, 35, 10, 22, 39, 27, 0, 18, 11, 37, 39, 30, 33, 31, 39, 13, 10, 20, 39, 4, 30, 39]
    PRED: [9, 2, 39, 20, 33, 31, 39, 13, 10, 27, 11, 39, 13, 27, 24, 30, 39, 30, 33, 39, 19, 5, 21, 39, 27, 4, 22, 39, 27, 5, 18, 11, 39, 9, 33, 39, 13, 5, 20, 39, 4, 30, 39]
    Edit distance: 13/46

============================================================
Batch 7500 | Val PER: 0.2635
============================================================
  Sample 0:
    TRUE: [31, 17, 0, 19, 27, 2, 28, 17, 39, 27, 17, 19, 2, 22, 28, 16, 8, 11, 8, 39]
    PRED: [15, 10, 19, 39, 27, 16, 0, 11, 39]
    Edit distance: 14/20
  Sample 1:
    TRUE: [27, 16, 7, 39, 26, 11, 7, 2, 28, 30, 39, 28, 10, 34, 27, 2, 20, 39, 28, 5, 22, 8, 39, 20, 16, 31, 2, 14, 27, 1, 13, 28, 39]
    PRED: [35, 12, 19, 39, 26, 0, 29, 39, 15, 10, 34, 20, 39, 15, 2, 22, 39, 20, 16, 1, 34, 39]
    Edit distance: 20/33
  Sample 2:
    TRUE: [28, 24, 39, 27, 33, 20, 37, 39, 35, 17, 39, 21, 12, 8, 39, 16, 22, 39, 2, 22, 2, 6, 1, 29, 30, 39, 19, 2, 20, 33, 38, 2, 22, 39]
    PRED: [15, 24, 39, 27, 10, 20, 37, 39, 35, 17, 39, 21, 12, 8, 39, 16, 22, 39, 16, 22, 21, 0, 28, 39, 19, 2, 20, 20, 33, 38, 2, 22, 39]
    Edit distance: 9/34
  Sample 3:
    TRUE: [20, 3, 27, 17, 37, 39, 19, 0, 28, 30, 33, 21, 39, 22, 17, 8, 2, 8, 39, 6, 20, 1, 19, 39, 14, 20, 2, 34, 37, 39, 30, 33, 39, 6, 17, 39, 19, 2, 21, 26, 20, 17, 30, 20, 17, 39, 10, 20, 2, 14, 2, 22, 30, 39]
    PRED: [19, 27, 10, 37, 39, 19, 1, 15, 2, 21, 39, 22, 12, 8, 39, 6, 1, 19, 39, 20, 2, 34, 39, 30, 33, 39, 6, 17, 39, 30, 19, 2, 21, 36, 36, 11, 39, 10, 20, 22, 39]
    Edit distance: 24/54
  Sample 4:
    TRUE: [9, 2, 39, 30, 33, 31, 39, 13, 10, 27, 17, 39, 13, 11, 14, 0, 30, 39, 30, 33, 39, 19, 2, 21, 39, 35, 10, 22, 39, 27, 0, 18, 11, 37, 39, 30, 33, 31, 39, 13, 10, 20, 39, 4, 30, 39]
    PRED: [9, 2, 39, 30, 27, 33, 31, 39, 13, 10, 27, 11, 39, 26, 27, 11, 0, 19, 39, 30, 33, 39, 15, 0, 21, 39, 27, 10, 22, 39, 35, 10, 11, 39, 31, 33, 31, 39, 13, 5, 39, 4, 30, 39]
    Edit distance: 16/46

============================================================
Batch 8000 | Val PER: 0.2747
============================================================
  Sample 0:
    TRUE: [31, 17, 0, 19, 27, 2, 28, 17, 39, 27, 17, 19, 2, 22, 28, 16, 8, 11, 8, 39]
    PRED: [19, 30, 10, 27, 19, 11, 28, 39, 30, 27, 17, 14, 2, 22, 2, 11, 39]
    Edit distance: 13/20
  Sample 1:
    TRUE: [27, 16, 7, 39, 26, 11, 7, 2, 28, 30, 39, 28, 10, 34, 27, 2, 20, 39, 28, 5, 22, 8, 39, 20, 16, 31, 2, 14, 27, 1, 13, 28, 39]
    PRED: [30, 27, 1, 19, 39, 26, 0, 18, 16, 19, 39, 30, 10, 6, 2, 20, 39, 19, 2, 22, 39, 19, 27, 16, 19, 2, 27, 2, 13, 39]
    Edit distance: 20/33
  Sample 2:
    TRUE: [28, 24, 39, 27, 33, 20, 37, 39, 35, 17, 39, 21, 12, 8, 39, 16, 22, 39, 2, 22, 2, 6, 1, 29, 30, 39, 19, 2, 20, 33, 38, 2, 22, 39]
    PRED: [28, 24, 39, 27, 24, 20, 37, 39, 6, 17, 39, 21, 12, 8, 39, 16, 22, 39, 16, 22, 2, 21, 2, 29, 19, 39, 19, 2, 20, 24, 38, 2, 22, 39]
    Edit distance: 7/34
  Sample 3:
    TRUE: [20, 3, 27, 17, 37, 39, 19, 0, 28, 30, 33, 21, 39, 22, 17, 8, 2, 8, 39, 6, 20, 1, 19, 39, 14, 20, 2, 34, 37, 39, 30, 33, 39, 6, 17, 39, 19, 2, 21, 26, 20, 17, 30, 20, 17, 39, 10, 20, 2, 14, 2, 22, 30, 39]
    PRED: [30, 27, 10, 27, 17, 39, 19, 5, 19, 28, 2, 21, 39, 22, 17, 8, 39, 6, 27, 2, 19, 39, 20, 2, 6, 39, 30, 33, 39, 6, 17, 39, 19, 2, 21, 26, 11, 20, 30, 17, 39, 30, 10, 20, 2, 8, 39]
    Edit distance: 23/54
  Sample 4:
    TRUE: [9, 2, 39, 30, 33, 31, 39, 13, 10, 27, 17, 39, 13, 11, 14, 0, 30, 39, 30, 33, 39, 19, 2, 21, 39, 35, 10, 22, 39, 27, 0, 18, 11, 37, 39, 30, 33, 31, 39, 13, 10, 20, 39, 4, 30, 39]
    PRED: [9, 2, 39, 30, 27, 33, 31, 39, 34, 10, 27, 17, 39, 26, 27, 24, 14, 2, 21, 39, 30, 33, 39, 19, 2, 21, 39, 27, 10, 22, 39, 35, 3, 20, 7, 11, 39, 31, 33, 31, 39, 13, 5, 27, 20, 39, 4, 30, 39]
    Edit distance: 16/46

============================================================
Batch 8500 | Val PER: 0.2573
============================================================
  Sample 0:
    TRUE: [31, 17, 0, 19, 27, 2, 28, 17, 39, 27, 17, 19, 2, 22, 28, 16, 8, 11, 8, 39]
    PRED: [10, 19, 2, 39, 17, 2, 12, 39]
    Edit distance: 14/20
  Sample 1:
    TRUE: [27, 16, 7, 39, 26, 11, 7, 2, 28, 30, 39, 28, 10, 34, 27, 2, 20, 39, 28, 5, 22, 8, 39, 20, 16, 31, 2, 14, 27, 1, 13, 28, 39]
    PRED: [27, 12, 7, 39, 26, 0, 2, 39, 1, 34, 20, 39, 5, 22, 39, 16, 2, 4, 13, 39]
    Edit distance: 17/33
  Sample 2:
    TRUE: [28, 24, 39, 27, 33, 20, 37, 39, 35, 17, 39, 21, 12, 8, 39, 16, 22, 39, 2, 22, 2, 6, 1, 29, 30, 39, 19, 2, 20, 33, 38, 2, 22, 39]
    PRED: [15, 24, 39, 11, 20, 37, 39, 35, 17, 39, 21, 12, 8, 39, 16, 22, 39, 2, 22, 11, 27, 2, 29, 39, 2, 36, 33, 38, 2, 22, 39]
    Edit distance: 9/34
  Sample 3:
    TRUE: [20, 3, 27, 17, 37, 39, 19, 0, 28, 30, 33, 21, 39, 22, 17, 8, 2, 8, 39, 6, 20, 1, 19, 39, 14, 20, 2, 34, 37, 39, 30, 33, 39, 6, 17, 39, 19, 2, 21, 26, 20, 17, 30, 20, 17, 39, 10, 20, 2, 14, 2, 22, 30, 39]
    PRED: [27, 10, 39, 15, 4, 2, 21, 39, 22, 17, 8, 39, 21, 12, 19, 39, 8, 0, 8, 37, 39, 15, 33, 39, 6, 17, 39, 2, 21, 26, 20, 17, 39, 16, 20, 2, 22, 39]
    Edit distance: 27/54
  Sample 4:
    TRUE: [9, 2, 39, 30, 33, 31, 39, 13, 10, 27, 17, 39, 13, 11, 14, 0, 30, 39, 30, 33, 39, 19, 2, 21, 39, 35, 10, 22, 39, 27, 0, 18, 11, 37, 39, 30, 33, 31, 39, 13, 10, 20, 39, 4, 30, 39]
    PRED: [9, 2, 39, 33, 37, 39, 35, 10, 39, 27, 2, 4, 30, 39, 30, 33, 39, 19, 2, 21, 39, 27, 2, 22, 8, 39, 11, 2, 11, 39, 28, 11, 31, 39, 13, 5, 20, 39, 4, 30, 39]
    Edit distance: 19/46

============================================================
Batch 9000 | Val PER: 0.2521
============================================================
  Sample 0:
    TRUE: [31, 17, 0, 19, 27, 2, 28, 17, 39, 27, 17, 19, 2, 22, 28, 16, 8, 11, 8, 39]
    PRED: [29, 0, 19, 2, 28, 39, 27, 17, 0, 22, 2, 8, 39]
    Edit distance: 10/20
  Sample 1:
    TRUE: [27, 16, 7, 39, 26, 11, 7, 2, 28, 30, 39, 28, 10, 34, 27, 2, 20, 39, 28, 5, 22, 8, 39, 20, 16, 31, 2, 14, 27, 1, 13, 28, 39]
    PRED: [7, 12, 7, 39, 26, 0, 29, 2, 22, 39, 28, 10, 34, 2, 20, 39, 15, 5, 22, 8, 39, 27, 16, 31, 11, 2, 13, 39]
    Edit distance: 14/33
  Sample 2:
    TRUE: [28, 24, 39, 27, 33, 20, 37, 39, 35, 17, 39, 21, 12, 8, 39, 16, 22, 39, 2, 22, 2, 6, 1, 29, 30, 39, 19, 2, 20, 33, 38, 2, 22, 39]
    PRED: [9, 24, 39, 27, 25, 20, 37, 39, 35, 5, 39, 21, 5, 8, 39, 16, 22, 39, 2, 22, 2, 21, 2, 28, 30, 39, 19, 2, 20, 33, 38, 2, 22, 39]
    Edit distance: 7/34
  Sample 3:
    TRUE: [20, 3, 27, 17, 37, 39, 19, 0, 28, 30, 33, 21, 39, 22, 17, 8, 2, 8, 39, 6, 20, 1, 19, 39, 14, 20, 2, 34, 37, 39, 30, 33, 39, 6, 17, 39, 19, 2, 21, 26, 20, 17, 30, 20, 17, 39, 10, 20, 2, 14, 2, 22, 30, 39]
    PRED: [27, 3, 17, 39, 19, 4, 21, 39, 22, 12, 8, 39, 6, 2, 19, 39, 8, 2, 34, 8, 39, 30, 33, 39, 6, 17, 39, 19, 2, 21, 26, 20, 2, 2, 1, 20, 2, 22, 8, 39]
    Edit distance: 24/54
  Sample 4:
    TRUE: [9, 2, 39, 30, 33, 31, 39, 13, 10, 27, 17, 39, 13, 11, 14, 0, 30, 39, 30, 33, 39, 19, 2, 21, 39, 35, 10, 22, 39, 27, 0, 18, 11, 37, 39, 30, 33, 31, 39, 13, 10, 20, 39, 4, 30, 39]
    PRED: [9, 2, 39, 36, 33, 31, 39, 34, 10, 27, 17, 39, 27, 2, 0, 30, 39, 30, 33, 39, 19, 2, 21, 39, 27, 2, 22, 8, 39, 35, 2, 38, 11, 39, 31, 33, 31, 39, 13, 3, 39, 4, 30, 39]
    Edit distance: 15/46

============================================================
Batch 9500 | Val PER: 0.2488
============================================================
  Sample 0:
    TRUE: [31, 17, 0, 19, 27, 2, 28, 17, 39, 27, 17, 19, 2, 22, 28, 16, 8, 11, 8, 39]
    PRED: [27, 2, 19, 11, 39, 27, 17, 1, 25, 11, 39]
    Edit distance: 13/20
  Sample 1:
    TRUE: [27, 16, 7, 39, 26, 11, 7, 2, 28, 30, 39, 28, 10, 34, 27, 2, 20, 39, 28, 5, 22, 8, 39, 20, 16, 31, 2, 14, 27, 1, 13, 28, 39]
    PRED: [27, 12, 7, 39, 26, 27, 0, 27, 29, 16, 37, 39, 10, 34, 2, 20, 39, 28, 5, 8, 39, 27, 16, 9, 11, 5, 13, 39]
    Edit distance: 17/33
  Sample 2:
    TRUE: [28, 24, 39, 27, 33, 20, 37, 39, 35, 17, 39, 21, 12, 8, 39, 16, 22, 39, 2, 22, 2, 6, 1, 29, 30, 39, 19, 2, 20, 33, 38, 2, 22, 39]
    PRED: [9, 24, 39, 27, 33, 20, 37, 39, 35, 17, 39, 21, 12, 8, 39, 16, 22, 39, 10, 22, 2, 11, 27, 0, 28, 30, 39, 19, 20, 33, 38, 2, 22, 39]
    Edit distance: 7/34
  Sample 3:
    TRUE: [20, 3, 27, 17, 37, 39, 19, 0, 28, 30, 33, 21, 39, 22, 17, 8, 2, 8, 39, 6, 20, 1, 19, 39, 14, 20, 2, 34, 37, 39, 30, 33, 39, 6, 17, 39, 19, 2, 21, 26, 20, 17, 30, 20, 17, 39, 10, 20, 2, 14, 2, 22, 30, 39]
    PRED: [30, 27, 3, 27, 39, 28, 5, 28, 0, 21, 39, 22, 17, 8, 39, 6, 20, 12, 19, 39, 20, 3, 34, 39, 30, 24, 39, 6, 17, 39, 0, 21, 26, 20, 12, 30, 11, 17, 39, 10, 20, 2, 8, 39]
    Edit distance: 23/54
  Sample 4:
    TRUE: [9, 2, 39, 30, 33, 31, 39, 13, 10, 27, 17, 39, 13, 11, 14, 0, 30, 39, 30, 33, 39, 19, 2, 21, 39, 35, 10, 22, 39, 27, 0, 18, 11, 37, 39, 30, 33, 31, 39, 13, 10, 20, 39, 4, 30, 39]
    PRED: [9, 2, 39, 27, 33, 31, 39, 34, 10, 27, 17, 39, 26, 27, 0, 14, 0, 30, 39, 30, 33, 39, 30, 5, 21, 39, 27, 2, 22, 8, 39, 35, 11, 30, 11, 39, 31, 11, 31, 39, 13, 3, 27, 20, 39, 4, 30, 39]
    Edit distance: 18/46

============================================================
Batch 10000 | Val PER: 0.2537
============================================================
  Sample 0:
    TRUE: [31, 17, 0, 19, 27, 2, 28, 17, 39, 27, 17, 19, 2, 22, 28, 16, 8, 11, 8, 39]
    PRED: [27, 1, 19, 2, 39, 27, 17, 14, 22, 30, 2, 39]
    Edit distance: 13/20
  Sample 1:
    TRUE: [27, 16, 7, 39, 26, 11, 7, 2, 28, 30, 39, 28, 10, 34, 27, 2, 20, 39, 28, 5, 22, 8, 39, 20, 16, 31, 2, 14, 27, 1, 13, 28, 39]
    PRED: [30, 27, 12, 7, 39, 26, 0, 7, 16, 18, 37, 39, 30, 10, 34, 2, 20, 39, 28, 1, 22, 37, 39, 14, 20, 10, 14, 20, 11, 2, 13, 39]
    Edit distance: 18/33
  Sample 2:
    TRUE: [28, 24, 39, 27, 33, 20, 37, 39, 35, 17, 39, 21, 12, 8, 39, 16, 22, 39, 2, 22, 2, 6, 1, 29, 30, 39, 19, 2, 20, 33, 38, 2, 22, 39]
    PRED: [2, 39, 27, 17, 20, 37, 39, 6, 17, 39, 21, 12, 8, 39, 16, 22, 39, 16, 22, 11, 34, 1, 29, 30, 39, 19, 2, 20, 33, 38, 2, 22, 39]
    Edit distance: 7/34
  Sample 3:
    TRUE: [20, 3, 27, 17, 37, 39, 19, 0, 28, 30, 33, 21, 39, 22, 17, 8, 2, 8, 39, 6, 20, 1, 19, 39, 14, 20, 2, 34, 37, 39, 30, 33, 39, 6, 17, 39, 19, 2, 21, 26, 20, 17, 30, 20, 17, 39, 10, 20, 2, 14, 2, 22, 30, 39]
    PRED: [19, 27, 10, 39, 19, 1, 28, 19, 33, 21, 39, 22, 17, 8, 39, 6, 1, 19, 39, 20, 2, 34, 37, 39, 30, 33, 39, 6, 17, 39, 19, 2, 21, 26, 20, 12, 30, 17, 39, 1, 20, 2, 22, 30, 39]
    Edit distance: 15/54
  Sample 4:
    TRUE: [9, 2, 39, 30, 33, 31, 39, 13, 10, 27, 17, 39, 13, 11, 14, 0, 30, 39, 30, 33, 39, 19, 2, 21, 39, 35, 10, 22, 39, 27, 0, 18, 11, 37, 39, 30, 33, 31, 39, 13, 10, 20, 39, 4, 30, 39]
    PRED: [9, 2, 39, 30, 27, 33, 31, 39, 34, 10, 27, 17, 39, 26, 27, 2, 14, 0, 30, 39, 30, 33, 39, 19, 2, 21, 39, 27, 2, 22, 8, 39, 27, 0, 7, 11, 39, 31, 33, 31, 39, 13, 5, 20, 39, 4, 30, 39]
    Edit distance: 12/46

============================================================
Batch 10500 | Val PER: 0.2536
============================================================
  Sample 0:
    TRUE: [31, 17, 0, 19, 27, 2, 28, 17, 39, 27, 17, 19, 2, 22, 28, 16, 8, 11, 8, 39]
    PRED: [27, 1, 19, 2, 28, 39, 27, 16, 2, 39]
    Edit distance: 13/20
  Sample 1:
    TRUE: [27, 16, 7, 39, 26, 11, 7, 2, 28, 30, 39, 28, 10, 34, 27, 2, 20, 39, 28, 5, 22, 8, 39, 20, 16, 31, 2, 14, 27, 1, 13, 28, 39]
    PRED: [27, 12, 7, 26, 11, 29, 2, 39, 10, 34, 2, 39, 2, 22, 39, 27, 16, 2, 0, 2, 13, 39]
    Edit distance: 17/33
  Sample 2:
    TRUE: [28, 24, 39, 27, 33, 20, 37, 39, 35, 17, 39, 21, 12, 8, 39, 16, 22, 39, 2, 22, 2, 6, 1, 29, 30, 39, 19, 2, 20, 33, 38, 2, 22, 39]
    PRED: [2, 39, 27, 24, 20, 37, 39, 35, 3, 39, 21, 12, 22, 8, 39, 16, 22, 39, 1, 22, 2, 21, 27, 2, 29, 39, 19, 2, 20, 24, 38, 2, 22, 39]
    Edit distance: 11/34
  Sample 3:
    TRUE: [20, 3, 27, 17, 37, 39, 19, 0, 28, 30, 33, 21, 39, 22, 17, 8, 2, 8, 39, 6, 20, 1, 19, 39, 14, 20, 2, 34, 37, 39, 30, 33, 39, 6, 17, 39, 19, 2, 21, 26, 20, 17, 30, 20, 17, 39, 10, 20, 2, 14, 2, 22, 30, 39]
    PRED: [14, 27, 3, 39, 19, 1, 28, 33, 21, 39, 22, 12, 8, 2, 8, 39, 6, 2, 19, 39, 8, 2, 34, 39, 30, 33, 39, 6, 17, 39, 19, 2, 21, 26, 20, 16, 39, 16, 20, 2, 22, 39]
    Edit distance: 20/54
  Sample 4:
    TRUE: [9, 2, 39, 30, 33, 31, 39, 13, 10, 27, 17, 39, 13, 11, 14, 0, 30, 39, 30, 33, 39, 19, 2, 21, 39, 35, 10, 22, 39, 27, 0, 18, 11, 37, 39, 30, 33, 31, 39, 13, 10, 20, 39, 4, 30, 39]
    PRED: [9, 2, 39, 27, 33, 31, 39, 34, 10, 27, 17, 2, 39, 26, 27, 2, 14, 0, 30, 39, 30, 33, 39, 19, 2, 21, 39, 27, 2, 22, 39, 35, 3, 7, 11, 39, 28, 33, 31, 39, 13, 0, 27, 39, 4, 30, 39]
    Edit distance: 15/46

============================================================
Batch 11000 | Val PER: 0.2417
============================================================
  Sample 0:
    TRUE: [31, 17, 0, 19, 27, 2, 28, 17, 39, 27, 17, 19, 2, 22, 28, 16, 8, 11, 8, 39]
    PRED: [27, 10, 19, 30, 11, 39, 27, 16, 1, 5, 30, 2, 8, 39]
    Edit distance: 15/20
  Sample 1:
    TRUE: [27, 16, 7, 39, 26, 11, 7, 2, 28, 30, 39, 28, 10, 34, 27, 2, 20, 39, 28, 5, 22, 8, 39, 20, 16, 31, 2, 14, 27, 1, 13, 28, 39]
    PRED: [30, 12, 7, 39, 26, 0, 7, 2, 30, 39, 10, 34, 2, 39, 15, 2, 22, 37, 39, 27, 16, 9, 2, 5, 13, 39]
    Edit distance: 16/33
  Sample 2:
    TRUE: [28, 24, 39, 27, 33, 20, 37, 39, 35, 17, 39, 21, 12, 8, 39, 16, 22, 39, 2, 22, 2, 6, 1, 29, 30, 39, 19, 2, 20, 33, 38, 2, 22, 39]
    PRED: [15, 24, 39, 35, 10, 20, 37, 39, 35, 10, 39, 21, 12, 8, 39, 16, 22, 39, 10, 22, 8, 11, 27, 21, 1, 28, 30, 39, 19, 2, 20, 24, 29, 2, 22, 39]
    Edit distance: 12/34
  Sample 3:
    TRUE: [20, 3, 27, 17, 37, 39, 19, 0, 28, 30, 33, 21, 39, 22, 17, 8, 2, 8, 39, 6, 20, 1, 19, 39, 14, 20, 2, 34, 37, 39, 30, 33, 39, 6, 17, 39, 19, 2, 21, 26, 20, 17, 30, 20, 17, 39, 10, 20, 2, 14, 2, 22, 30, 39]
    PRED: [30, 27, 3, 27, 37, 39, 19, 3, 28, 15, 24, 21, 39, 22, 17, 8, 39, 6, 21, 2, 19, 39, 20, 2, 34, 37, 39, 30, 33, 39, 6, 17, 39, 19, 2, 21, 26, 2, 30, 20, 17, 39, 10, 20, 2, 22, 8, 39]
    Edit distance: 16/54
  Sample 4:
    TRUE: [9, 2, 39, 30, 33, 31, 39, 13, 10, 27, 17, 39, 13, 11, 14, 0, 30, 39, 30, 33, 39, 19, 2, 21, 39, 35, 10, 22, 39, 27, 0, 18, 11, 37, 39, 30, 33, 31, 39, 13, 10, 20, 39, 4, 30, 39]
    PRED: [9, 2, 39, 30, 27, 33, 31, 39, 13, 10, 27, 17, 39, 26, 27, 16, 0, 30, 39, 30, 33, 39, 30, 5, 21, 39, 27, 2, 22, 39, 35, 3, 7, 11, 37, 39, 31, 11, 31, 39, 13, 5, 27, 39, 4, 30, 39]
    Edit distance: 15/46

============================================================
Batch 11500 | Val PER: 0.2524
============================================================
  Sample 0:
    TRUE: [31, 17, 0, 19, 27, 2, 28, 17, 39, 27, 17, 19, 2, 22, 28, 16, 8, 11, 8, 39]
    PRED: [27, 0, 27, 19, 11, 30, 39, 27, 17, 14, 0, 30, 2, 8, 39]
    Edit distance: 13/20
  Sample 1:
    TRUE: [27, 16, 7, 39, 26, 11, 7, 2, 28, 30, 39, 28, 10, 34, 27, 2, 20, 39, 28, 5, 22, 8, 39, 20, 16, 31, 2, 14, 27, 1, 13, 28, 39]
    PRED: [27, 12, 30, 39, 26, 0, 29, 16, 39, 30, 10, 34, 2, 20, 39, 19, 1, 8, 39, 20, 10, 14, 9, 2, 27, 0, 13, 39]
    Edit distance: 18/33
  Sample 2:
    TRUE: [28, 24, 39, 27, 33, 20, 37, 39, 35, 17, 39, 21, 12, 8, 39, 16, 22, 39, 2, 22, 2, 6, 1, 29, 30, 39, 19, 2, 20, 33, 38, 2, 22, 39]
    PRED: [9, 24, 39, 27, 17, 20, 37, 39, 6, 17, 39, 21, 12, 8, 39, 16, 22, 39, 16, 22, 8, 11, 21, 1, 28, 29, 30, 39, 19, 2, 20, 24, 38, 2, 22, 39]
    Edit distance: 9/34
  Sample 3:
    TRUE: [20, 3, 27, 17, 37, 39, 19, 0, 28, 30, 33, 21, 39, 22, 17, 8, 2, 8, 39, 6, 20, 1, 19, 39, 14, 20, 2, 34, 37, 39, 30, 33, 39, 6, 17, 39, 19, 2, 21, 26, 20, 17, 30, 20, 17, 39, 10, 20, 2, 14, 2, 22, 30, 39]
    PRED: [14, 27, 11, 27, 37, 39, 19, 1, 27, 33, 21, 39, 22, 17, 8, 39, 6, 27, 1, 19, 39, 20, 2, 34, 8, 39, 30, 33, 39, 6, 17, 39, 19, 0, 21, 26, 17, 2, 20, 17, 39, 10, 20, 18, 2, 18, 8, 39]
    Edit distance: 19/54
  Sample 4:
    TRUE: [9, 2, 39, 30, 33, 31, 39, 13, 10, 27, 17, 39, 13, 11, 14, 0, 30, 39, 30, 33, 39, 19, 2, 21, 39, 35, 10, 22, 39, 27, 0, 18, 11, 37, 39, 30, 33, 31, 39, 13, 10, 20, 39, 4, 30, 39]
    PRED: [9, 2, 39, 31, 27, 33, 31, 39, 13, 10, 27, 17, 11, 39, 6, 27, 0, 0, 30, 39, 30, 33, 39, 19, 5, 21, 39, 27, 10, 22, 8, 39, 27, 0, 11, 39, 9, 11, 31, 39, 13, 0, 27, 39, 4, 30, 39]
    Edit distance: 15/46

============================================================
Batch 12000 | Val PER: 0.2364
============================================================
  Sample 0:
    TRUE: [31, 17, 0, 19, 27, 2, 28, 17, 39, 27, 17, 19, 2, 22, 28, 16, 8, 11, 8, 39]
    PRED: [27, 10, 19, 30, 11, 39, 27, 17, 1, 22, 30, 16, 8, 39]
    Edit distance: 12/20
  Sample 1:
    TRUE: [27, 16, 7, 39, 26, 11, 7, 2, 28, 30, 39, 28, 10, 34, 27, 2, 20, 39, 28, 5, 22, 8, 39, 20, 16, 31, 2, 14, 27, 1, 13, 28, 39]
    PRED: [27, 12, 19, 39, 26, 27, 0, 22, 7, 18, 39, 10, 34, 2, 20, 39, 15, 1, 22, 8, 39, 31, 10, 11, 27, 2, 13, 39]
    Edit distance: 17/33
  Sample 2:
    TRUE: [28, 24, 39, 27, 33, 20, 37, 39, 35, 17, 39, 21, 12, 8, 39, 16, 22, 39, 2, 22, 2, 6, 1, 29, 30, 39, 19, 2, 20, 33, 38, 2, 22, 39]
    PRED: [15, 4, 39, 27, 17, 20, 37, 39, 35, 17, 39, 21, 12, 8, 39, 16, 22, 39, 10, 22, 2, 11, 27, 1, 28, 30, 39, 19, 2, 20, 27, 24, 38, 2, 22, 39]
    Edit distance: 9/34
  Sample 3:
    TRUE: [20, 3, 27, 17, 37, 39, 19, 0, 28, 30, 33, 21, 39, 22, 17, 8, 2, 8, 39, 6, 20, 1, 19, 39, 14, 20, 2, 34, 37, 39, 30, 33, 39, 6, 17, 39, 19, 2, 21, 26, 20, 17, 30, 20, 17, 39, 10, 20, 2, 14, 2, 22, 30, 39]
    PRED: [27, 24, 27, 11, 39, 19, 4, 28, 15, 33, 21, 39, 22, 17, 8, 39, 6, 27, 12, 19, 39, 20, 2, 34, 39, 30, 33, 39, 6, 17, 39, 19, 2, 21, 26, 2, 30, 17, 39, 10, 20, 2, 22, 39]
    Edit distance: 18/54
  Sample 4:
    TRUE: [9, 2, 39, 30, 33, 31, 39, 13, 10, 27, 17, 39, 13, 11, 14, 0, 30, 39, 30, 33, 39, 19, 2, 21, 39, 35, 10, 22, 39, 27, 0, 18, 11, 37, 39, 30, 33, 31, 39, 13, 10, 20, 39, 4, 30, 39]
    PRED: [9, 2, 39, 30, 27, 33, 31, 39, 13, 10, 27, 17, 11, 39, 27, 24, 14, 22, 39, 30, 33, 39, 19, 2, 21, 39, 27, 2, 22, 8, 39, 35, 2, 18, 11, 39, 31, 11, 31, 39, 13, 5, 20, 30, 4, 30, 39]
    Edit distance: 16/46

============================================================
Batch 12500 | Val PER: 0.2437
============================================================
  Sample 0:
    TRUE: [31, 17, 0, 19, 27, 2, 28, 17, 39, 27, 17, 19, 2, 22, 28, 16, 8, 11, 8, 39]
    PRED: [27, 10, 19, 2, 28, 39, 10, 0, 22, 16, 2, 8, 39]
    Edit distance: 12/20
  Sample 1:
    TRUE: [27, 16, 7, 39, 26, 11, 7, 2, 28, 30, 39, 28, 10, 34, 27, 2, 20, 39, 28, 5, 22, 8, 39, 20, 16, 31, 2, 14, 27, 1, 13, 28, 39]
    PRED: [19, 27, 17, 19, 26, 0, 18, 16, 29, 30, 39, 30, 10, 34, 2, 11, 39, 5, 22, 39, 20, 10, 2, 5, 13, 39]
    Edit distance: 19/33
  Sample 2:
    TRUE: [28, 24, 39, 27, 33, 20, 37, 39, 35, 17, 39, 21, 12, 8, 39, 16, 22, 39, 2, 22, 2, 6, 1, 29, 30, 39, 19, 2, 20, 33, 38, 2, 22, 39]
    PRED: [15, 33, 39, 27, 33, 20, 37, 39, 35, 11, 39, 21, 12, 8, 39, 16, 22, 39, 16, 22, 11, 35, 2, 29, 30, 39, 19, 2, 20, 24, 38, 2, 22, 39]
    Edit distance: 8/34
  Sample 3:
    TRUE: [20, 3, 27, 17, 37, 39, 19, 0, 28, 30, 33, 21, 39, 22, 17, 8, 2, 8, 39, 6, 20, 1, 19, 39, 14, 20, 2, 34, 37, 39, 30, 33, 39, 6, 17, 39, 19, 2, 21, 26, 20, 17, 30, 20, 17, 39, 10, 20, 2, 14, 2, 22, 30, 39]
    PRED: [14, 27, 11, 2, 39, 19, 0, 33, 21, 39, 22, 17, 8, 39, 6, 21, 12, 19, 39, 20, 16, 6, 37, 39, 30, 33, 39, 21, 17, 39, 19, 2, 21, 26, 33, 30, 20, 17, 39, 10, 20, 2, 22, 30, 39]
    Edit distance: 18/54
  Sample 4:
    TRUE: [9, 2, 39, 30, 33, 31, 39, 13, 10, 27, 17, 39, 13, 11, 14, 0, 30, 39, 30, 33, 39, 19, 2, 21, 39, 35, 10, 22, 39, 27, 0, 18, 11, 37, 39, 30, 33, 31, 39, 13, 10, 20, 39, 4, 30, 39]
    PRED: [9, 2, 39, 30, 36, 33, 31, 39, 34, 10, 27, 17, 39, 26, 27, 2, 14, 0, 30, 39, 30, 33, 39, 19, 2, 21, 39, 27, 10, 21, 39, 35, 10, 11, 39, 31, 33, 31, 13, 5, 4, 30, 39]
    Edit distance: 16/46

============================================================
Batch 13000 | Val PER: 0.2433
============================================================
  Sample 0:
    TRUE: [31, 17, 0, 19, 27, 2, 28, 17, 39, 27, 17, 19, 2, 22, 28, 16, 8, 11, 8, 39]
    PRED: [27, 10, 19, 2, 28, 39, 27, 17, 1, 22, 30, 11, 39]
    Edit distance: 11/20
  Sample 1:
    TRUE: [27, 16, 7, 39, 26, 11, 7, 2, 28, 30, 39, 28, 10, 34, 27, 2, 20, 39, 28, 5, 22, 8, 39, 20, 16, 31, 2, 14, 27, 1, 13, 28, 39]
    PRED: [27, 1, 19, 39, 26, 0, 7, 2, 19, 39, 28, 10, 34, 2, 20, 39, 28, 1, 22, 8, 39, 31, 27, 10, 31, 31, 20, 24, 1, 13, 30, 39]
    Edit distance: 14/33
  Sample 2:
    TRUE: [28, 24, 39, 27, 33, 20, 37, 39, 35, 17, 39, 21, 12, 8, 39, 16, 22, 39, 2, 22, 2, 6, 1, 29, 30, 39, 19, 2, 20, 33, 38, 2, 22, 39]
    PRED: [15, 2, 39, 27, 33, 20, 37, 39, 35, 11, 39, 21, 12, 22, 8, 39, 16, 22, 39, 16, 22, 11, 27, 1, 28, 30, 39, 28, 19, 2, 20, 33, 38, 2, 22, 39]
    Edit distance: 9/34
  Sample 3:
    TRUE: [20, 3, 27, 17, 37, 39, 19, 0, 28, 30, 33, 21, 39, 22, 17, 8, 2, 8, 39, 6, 20, 1, 19, 39, 14, 20, 2, 34, 37, 39, 30, 33, 39, 6, 17, 39, 19, 2, 21, 26, 20, 17, 30, 20, 17, 39, 10, 20, 2, 14, 2, 22, 30, 39]
    PRED: [19, 20, 4, 27, 11, 39, 19, 0, 28, 19, 27, 2, 27, 21, 39, 22, 17, 8, 39, 6, 27, 12, 19, 39, 20, 2, 34, 37, 39, 30, 33, 39, 6, 17, 39, 19, 2, 21, 26, 36, 16, 27, 20, 11, 39, 10, 20, 2, 22, 8, 39]
    Edit distance: 20/54
  Sample 4:
    TRUE: [9, 2, 39, 30, 33, 31, 39, 13, 10, 27, 17, 39, 13, 11, 14, 0, 30, 39, 30, 33, 39, 19, 2, 21, 39, 35, 10, 22, 39, 27, 0, 18, 11, 37, 39, 30, 33, 31, 39, 13, 10, 20, 39, 4, 30, 39]
    PRED: [9, 12, 39, 30, 27, 33, 31, 39, 34, 10, 27, 17, 11, 39, 26, 27, 11, 0, 19, 39, 30, 33, 39, 19, 2, 21, 39, 13, 27, 2, 21, 39, 27, 10, 30, 11, 39, 31, 11, 31, 39, 13, 12, 20, 39, 4, 30, 39]
    Edit distance: 18/46

============================================================
Batch 13500 | Val PER: 0.2376
============================================================
  Sample 0:
    TRUE: [31, 17, 0, 19, 27, 2, 28, 17, 39, 27, 17, 19, 2, 22, 28, 16, 8, 11, 8, 39]
    PRED: [29, 17, 19, 2, 28, 39, 27, 17, 19, 2, 22, 2, 8, 2, 8, 39]
    Edit distance: 7/20
  Sample 1:
    TRUE: [27, 16, 7, 39, 26, 11, 7, 2, 28, 30, 39, 28, 10, 34, 27, 2, 20, 39, 28, 5, 22, 8, 39, 20, 16, 31, 2, 14, 27, 1, 13, 28, 39]
    PRED: [27, 16, 7, 39, 26, 0, 29, 16, 29, 39, 10, 34, 11, 39, 15, 5, 22, 8, 39, 27, 16, 31, 2, 27, 5, 1, 13, 28, 39]
    Edit distance: 13/33
  Sample 2:
    TRUE: [28, 24, 39, 27, 33, 20, 37, 39, 35, 17, 39, 21, 12, 8, 39, 16, 22, 39, 2, 22, 2, 6, 1, 29, 30, 39, 19, 2, 20, 33, 38, 2, 22, 39]
    PRED: [9, 2, 39, 27, 17, 20, 37, 39, 35, 17, 39, 21, 12, 8, 39, 16, 22, 39, 16, 22, 2, 21, 1, 28, 39, 19, 2, 20, 33, 38, 2, 22, 39]
    Edit distance: 7/34
  Sample 3:
    TRUE: [20, 3, 27, 17, 37, 39, 19, 0, 28, 30, 33, 21, 39, 22, 17, 8, 2, 8, 39, 6, 20, 1, 19, 39, 14, 20, 2, 34, 37, 39, 30, 33, 39, 6, 17, 39, 19, 2, 21, 26, 20, 17, 30, 20, 17, 39, 10, 20, 2, 14, 2, 22, 30, 39]
    PRED: [19, 27, 32, 27, 17, 39, 19, 5, 33, 21, 39, 21, 12, 8, 39, 21, 12, 19, 39, 20, 2, 34, 37, 39, 30, 33, 39, 6, 17, 39, 19, 2, 21, 26, 20, 16, 30, 20, 17, 39, 16, 20, 18, 2, 22, 30, 39]
    Edit distance: 19/54
  Sample 4:
    TRUE: [9, 2, 39, 30, 33, 31, 39, 13, 10, 27, 17, 39, 13, 11, 14, 0, 30, 39, 30, 33, 39, 19, 2, 21, 39, 35, 10, 22, 39, 27, 0, 18, 11, 37, 39, 30, 33, 31, 39, 13, 10, 20, 39, 4, 30, 39]
    PRED: [9, 2, 39, 30, 36, 33, 31, 39, 34, 10, 27, 17, 2, 39, 26, 27, 2, 6, 0, 30, 39, 30, 33, 39, 19, 2, 21, 39, 27, 2, 22, 8, 39, 27, 2, 20, 18, 11, 39, 31, 11, 31, 39, 13, 1, 20, 4, 30, 39]
    Edit distance: 17/46

============================================================
Batch 14000 | Val PER: 0.2276
============================================================
  Sample 0:
    TRUE: [31, 17, 0, 19, 27, 2, 28, 17, 39, 27, 17, 19, 2, 22, 28, 16, 8, 11, 8, 39]
    PRED: [0, 19, 2, 28, 39, 27, 17, 0, 2, 8, 39]
    Edit distance: 10/20
  Sample 1:
    TRUE: [27, 16, 7, 39, 26, 11, 7, 2, 28, 30, 39, 28, 10, 34, 27, 2, 20, 39, 28, 5, 22, 8, 39, 20, 16, 31, 2, 14, 27, 1, 13, 28, 39]
    PRED: [35, 1, 7, 39, 26, 0, 29, 16, 29, 39, 10, 34, 2, 20, 39, 28, 2, 22, 8, 39, 27, 16, 20, 24, 20, 5, 13, 39]
    Edit distance: 17/33
  Sample 2:
    TRUE: [28, 24, 39, 27, 33, 20, 37, 39, 35, 17, 39, 21, 12, 8, 39, 16, 22, 39, 2, 22, 2, 6, 1, 29, 30, 39, 19, 2, 20, 33, 38, 2, 22, 39]
    PRED: [9, 2, 39, 27, 24, 20, 37, 39, 35, 11, 39, 21, 12, 8, 39, 16, 22, 39, 1, 22, 11, 1, 28, 39, 19, 2, 20, 24, 38, 2, 22, 39]
    Edit distance: 10/34
  Sample 3:
    TRUE: [20, 3, 27, 17, 37, 39, 19, 0, 28, 30, 33, 21, 39, 22, 17, 8, 2, 8, 39, 6, 20, 1, 19, 39, 14, 20, 2, 34, 37, 39, 30, 33, 39, 6, 17, 39, 19, 2, 21, 26, 20, 17, 30, 20, 17, 39, 10, 20, 2, 14, 2, 22, 30, 39]
    PRED: [27, 10, 27, 17, 39, 19, 4, 28, 2, 21, 39, 21, 17, 8, 39, 6, 20, 2, 19, 39, 20, 2, 6, 37, 39, 35, 16, 20, 39, 6, 17, 39, 19, 2, 21, 26, 20, 17, 30, 20, 39, 10, 20, 2, 22, 30, 39]
    Edit distance: 18/54
  Sample 4:
    TRUE: [9, 2, 39, 30, 33, 31, 39, 13, 10, 27, 17, 39, 13, 11, 14, 0, 30, 39, 30, 33, 39, 19, 2, 21, 39, 35, 10, 22, 39, 27, 0, 18, 11, 37, 39, 30, 33, 31, 39, 13, 10, 20, 39, 4, 30, 39]
    PRED: [9, 2, 39, 27, 24, 31, 39, 34, 10, 27, 17, 39, 27, 11, 0, 19, 30, 39, 30, 33, 39, 19, 2, 21, 39, 27, 10, 22, 8, 39, 35, 0, 7, 11, 39, 31, 11, 31, 39, 13, 10, 27, 20, 39, 4, 30, 39]
    Edit distance: 14/46

============================================================
Batch 14500 | Val PER: 0.2316
============================================================
  Sample 0:
    TRUE: [31, 17, 0, 19, 27, 2, 28, 17, 39, 27, 17, 19, 2, 22, 28, 16, 8, 11, 8, 39]
    PRED: [29, 10, 19, 11, 28, 39, 16, 4, 8, 2, 8, 2, 39]
    Edit distance: 14/20
  Sample 1:
    TRUE: [27, 16, 7, 39, 26, 11, 7, 2, 28, 30, 39, 28, 10, 34, 27, 2, 20, 39, 28, 5, 22, 8, 39, 20, 16, 31, 2, 14, 27, 1, 13, 28, 39]
    PRED: [35, 17, 7, 39, 26, 0, 29, 2, 29, 30, 39, 10, 34, 2, 20, 39, 2, 22, 39, 9, 16, 3, 39, 20, 5, 13, 39]
    Edit distance: 17/33
  Sample 2:
    TRUE: [28, 24, 39, 27, 33, 20, 37, 39, 35, 17, 39, 21, 12, 8, 39, 16, 22, 39, 2, 22, 2, 6, 1, 29, 30, 39, 19, 2, 20, 33, 38, 2, 22, 39]
    PRED: [9, 2, 39, 27, 11, 20, 37, 39, 35, 5, 39, 21, 12, 8, 39, 16, 22, 39, 10, 22, 11, 34, 2, 28, 30, 28, 39, 19, 2, 20, 33, 38, 2, 22, 39]
    Edit distance: 10/34
  Sample 3:
    TRUE: [20, 3, 27, 17, 37, 39, 19, 0, 28, 30, 33, 21, 39, 22, 17, 8, 2, 8, 39, 6, 20, 1, 19, 39, 14, 20, 2, 34, 37, 39, 30, 33, 39, 6, 17, 39, 19, 2, 21, 26, 20, 17, 30, 20, 17, 39, 10, 20, 2, 14, 2, 22, 30, 39]
    PRED: [18, 3, 27, 11, 28, 39, 19, 3, 28, 27, 3, 21, 39, 22, 17, 8, 39, 6, 12, 19, 39, 20, 2, 34, 37, 39, 30, 33, 39, 6, 17, 39, 19, 2, 21, 26, 36, 11, 30, 11, 39, 10, 20, 2, 30, 39]
    Edit distance: 18/54
  Sample 4:
    TRUE: [9, 2, 39, 30, 33, 31, 39, 13, 10, 27, 17, 39, 13, 11, 14, 0, 30, 39, 30, 33, 39, 19, 2, 21, 39, 35, 10, 22, 39, 27, 0, 18, 11, 37, 39, 30, 33, 31, 39, 13, 10, 20, 39, 4, 30, 39]
    PRED: [9, 2, 39, 36, 33, 31, 39, 34, 10, 27, 17, 11, 39, 26, 27, 24, 0, 30, 39, 30, 33, 39, 30, 2, 21, 39, 27, 10, 22, 8, 39, 35, 10, 11, 39, 31, 11, 31, 39, 13, 10, 20, 39, 4, 30, 39]
    Edit distance: 15/46

============================================================
Batch 15000 | Val PER: 0.2386
============================================================
  Sample 0:
    TRUE: [31, 17, 0, 19, 27, 2, 28, 17, 39, 27, 17, 19, 2, 22, 28, 16, 8, 11, 8, 39]
    PRED: [27, 1, 19, 30, 2, 39, 27, 17, 0, 8, 30, 2, 8, 39]
    Edit distance: 13/20
  Sample 1:
    TRUE: [27, 16, 7, 39, 26, 11, 7, 2, 28, 30, 39, 28, 10, 34, 27, 2, 20, 39, 28, 5, 22, 8, 39, 20, 16, 31, 2, 14, 27, 1, 13, 28, 39]
    PRED: [27, 17, 7, 39, 26, 0, 27, 29, 2, 29, 30, 39, 10, 34, 2, 20, 39, 15, 4, 22, 8, 39, 35, 16, 39, 27, 24, 29, 39]
    Edit distance: 16/33
  Sample 2:
    TRUE: [28, 24, 39, 27, 33, 20, 37, 39, 35, 17, 39, 21, 12, 8, 39, 16, 22, 39, 2, 22, 2, 6, 1, 29, 30, 39, 19, 2, 20, 33, 38, 2, 22, 39]
    PRED: [15, 4, 39, 27, 24, 20, 37, 39, 35, 16, 39, 21, 12, 8, 39, 16, 22, 39, 1, 22, 8, 11, 34, 1, 29, 30, 39, 19, 2, 33, 38, 2, 22, 39]
    Edit distance: 9/34
  Sample 3:
    TRUE: [20, 3, 27, 17, 37, 39, 19, 0, 28, 30, 33, 21, 39, 22, 17, 8, 2, 8, 39, 6, 20, 1, 19, 39, 14, 20, 2, 34, 37, 39, 30, 33, 39, 6, 17, 39, 19, 2, 21, 26, 20, 17, 30, 20, 17, 39, 10, 20, 2, 14, 2, 22, 30, 39]
    PRED: [35, 3, 27, 17, 37, 39, 19, 0, 30, 27, 33, 21, 39, 22, 17, 8, 39, 6, 27, 0, 19, 39, 20, 2, 34, 8, 39, 30, 33, 39, 6, 17, 39, 19, 2, 26, 30, 39, 17, 20, 2, 22, 8, 39]
    Edit distance: 18/54
  Sample 4:
    TRUE: [9, 2, 39, 30, 33, 31, 39, 13, 10, 27, 17, 39, 13, 11, 14, 0, 30, 39, 30, 33, 39, 19, 2, 21, 39, 35, 10, 22, 39, 27, 0, 18, 11, 37, 39, 30, 33, 31, 39, 13, 10, 20, 39, 4, 30, 39]
    PRED: [9, 2, 39, 36, 33, 31, 39, 34, 10, 27, 17, 11, 39, 13, 27, 11, 14, 0, 8, 39, 30, 33, 39, 19, 24, 21, 39, 27, 4, 22, 39, 35, 0, 11, 39, 31, 11, 31, 39, 13, 11, 27, 39, 4, 30, 39]
    Edit distance: 15/46

============================================================
Batch 15500 | Val PER: 0.2299
============================================================
  Sample 0:
    TRUE: [31, 17, 0, 19, 27, 2, 28, 17, 39, 27, 17, 19, 2, 22, 28, 16, 8, 11, 8, 39]
    PRED: [30, 0, 19, 2, 28, 39, 8, 16, 0, 2, 8, 39]
    Edit distance: 12/20
  Sample 1:
    TRUE: [27, 16, 7, 39, 26, 11, 7, 2, 28, 30, 39, 28, 10, 34, 27, 2, 20, 39, 28, 5, 22, 8, 39, 20, 16, 31, 2, 14, 27, 1, 13, 28, 39]
    PRED: [27, 16, 7, 39, 26, 0, 7, 16, 29, 39, 28, 10, 34, 2, 20, 39, 28, 5, 22, 8, 39, 20, 10, 20, 11, 20, 0, 13, 39]
    Edit distance: 12/33
  Sample 2:
    TRUE: [28, 24, 39, 27, 33, 20, 37, 39, 35, 17, 39, 21, 12, 8, 39, 16, 22, 39, 2, 22, 2, 6, 1, 29, 30, 39, 19, 2, 20, 33, 38, 2, 22, 39]
    PRED: [9, 24, 39, 27, 5, 20, 37, 39, 35, 17, 39, 21, 12, 8, 39, 16, 22, 39, 2, 22, 34, 1, 28, 39, 19, 2, 20, 24, 38, 2, 22, 39]
    Edit distance: 7/34
  Sample 3:
    TRUE: [20, 3, 27, 17, 37, 39, 19, 0, 28, 30, 33, 21, 39, 22, 17, 8, 2, 8, 39, 6, 20, 1, 19, 39, 14, 20, 2, 34, 37, 39, 30, 33, 39, 6, 17, 39, 19, 2, 21, 26, 20, 17, 30, 20, 17, 39, 10, 20, 2, 14, 2, 22, 30, 39]
    PRED: [27, 3, 37, 39, 19, 0, 29, 27, 33, 21, 39, 22, 17, 8, 39, 6, 20, 12, 19, 39, 20, 2, 34, 37, 39, 30, 33, 39, 6, 17, 39, 19, 2, 21, 26, 20, 17, 2, 20, 11, 39, 16, 20, 2, 8, 39]
    Edit distance: 16/54
  Sample 4:
    TRUE: [9, 2, 39, 30, 33, 31, 39, 13, 10, 27, 17, 39, 13, 11, 14, 0, 30, 39, 30, 33, 39, 19, 2, 21, 39, 35, 10, 22, 39, 27, 0, 18, 11, 37, 39, 30, 33, 31, 39, 13, 10, 20, 39, 4, 30, 39]
    PRED: [9, 2, 39, 30, 27, 33, 31, 39, 20, 10, 27, 11, 39, 27, 11, 0, 8, 39, 30, 33, 39, 19, 30, 2, 21, 39, 13, 27, 2, 22, 39, 0, 11, 39, 31, 11, 31, 39, 13, 0, 27, 39, 20, 4, 30, 39]
    Edit distance: 18/46

============================================================
Batch 16000 | Val PER: 0.2240
============================================================
  Sample 0:
    TRUE: [31, 17, 0, 19, 27, 2, 28, 17, 39, 27, 17, 19, 2, 22, 28, 16, 8, 11, 8, 39]
    PRED: [27, 10, 27, 19, 39, 27, 16, 14, 0, 2, 30, 2, 8, 39]
    Edit distance: 15/20
  Sample 1:
    TRUE: [27, 16, 7, 39, 26, 11, 7, 2, 28, 30, 39, 28, 10, 34, 27, 2, 20, 39, 28, 5, 22, 8, 39, 20, 16, 31, 2, 14, 27, 1, 13, 28, 39]
    PRED: [27, 17, 7, 39, 26, 0, 29, 7, 16, 37, 39, 10, 34, 2, 20, 39, 10, 22, 8, 37, 39, 27, 16, 0, 13, 39]
    Edit distance: 18/33
  Sample 2:
    TRUE: [28, 24, 39, 27, 33, 20, 37, 39, 35, 17, 39, 21, 12, 8, 39, 16, 22, 39, 2, 22, 2, 6, 1, 29, 30, 39, 19, 2, 20, 33, 38, 2, 22, 39]
    PRED: [15, 4, 39, 27, 11, 20, 37, 39, 35, 17, 39, 21, 12, 8, 39, 16, 22, 39, 2, 22, 2, 11, 34, 0, 39, 19, 2, 20, 33, 38, 2, 22, 39]
    Edit distance: 7/34
  Sample 3:
    TRUE: [20, 3, 27, 17, 37, 39, 19, 0, 28, 30, 33, 21, 39, 22, 17, 8, 2, 8, 39, 6, 20, 1, 19, 39, 14, 20, 2, 34, 37, 39, 30, 33, 39, 6, 17, 39, 19, 2, 21, 26, 20, 17, 30, 20, 17, 39, 10, 20, 2, 14, 2, 22, 30, 39]
    PRED: [27, 3, 27, 39, 19, 0, 33, 21, 39, 22, 17, 8, 39, 6, 20, 1, 19, 39, 20, 16, 39, 30, 33, 39, 6, 17, 39, 19, 2, 21, 26, 11, 30, 20, 11, 39, 10, 20, 17, 8, 39]
    Edit distance: 19/54
  Sample 4:
    TRUE: [9, 2, 39, 30, 33, 31, 39, 13, 10, 27, 17, 39, 13, 11, 14, 0, 30, 39, 30, 33, 39, 19, 2, 21, 39, 35, 10, 22, 39, 27, 0, 18, 11, 37, 39, 30, 33, 31, 39, 13, 10, 20, 39, 4, 30, 39]
    PRED: [9, 2, 39, 30, 36, 33, 31, 39, 34, 10, 27, 17, 39, 27, 16, 14, 0, 8, 39, 30, 33, 39, 19, 2, 21, 39, 27, 10, 22, 39, 11, 18, 7, 11, 39, 33, 31, 39, 13, 5, 27, 39, 4, 30, 39]
    Edit distance: 13/46

============================================================
Batch 16500 | Val PER: 0.2254
============================================================
  Sample 0:
    TRUE: [31, 17, 0, 19, 27, 2, 28, 17, 39, 27, 17, 19, 2, 22, 28, 16, 8, 11, 8, 39]
    PRED: [27, 2, 19, 30, 2, 28, 39, 27, 16, 14, 27, 1, 22, 8, 30, 2, 8, 39]
    Edit distance: 13/20
  Sample 1:
    TRUE: [27, 16, 7, 39, 26, 11, 7, 2, 28, 30, 39, 28, 10, 34, 27, 2, 20, 39, 28, 5, 22, 8, 39, 20, 16, 31, 2, 14, 27, 1, 13, 28, 39]
    PRED: [35, 16, 7, 39, 26, 27, 0, 29, 2, 30, 39, 10, 34, 2, 20, 39, 5, 8, 39, 27, 10, 2, 13, 39]
    Edit distance: 16/33
  Sample 2:
    TRUE: [28, 24, 39, 27, 33, 20, 37, 39, 35, 17, 39, 21, 12, 8, 39, 16, 22, 39, 2, 22, 2, 6, 1, 29, 30, 39, 19, 2, 20, 33, 38, 2, 22, 39]
    PRED: [28, 24, 39, 27, 11, 20, 39, 35, 17, 39, 21, 12, 8, 39, 16, 22, 39, 2, 22, 11, 34, 1, 28, 30, 39, 2, 20, 24, 38, 2, 22, 39]
    Edit distance: 7/34
  Sample 3:
    TRUE: [20, 3, 27, 17, 37, 39, 19, 0, 28, 30, 33, 21, 39, 22, 17, 8, 2, 8, 39, 6, 20, 1, 19, 39, 14, 20, 2, 34, 37, 39, 30, 33, 39, 6, 17, 39, 19, 2, 21, 26, 20, 17, 30, 20, 17, 39, 10, 20, 2, 14, 2, 22, 30, 39]
    PRED: [8, 27, 3, 2, 37, 39, 19, 0, 27, 21, 39, 22, 17, 8, 39, 6, 27, 2, 19, 39, 27, 2, 6, 39, 30, 33, 39, 6, 17, 39, 19, 2, 21, 30, 39, 10, 20, 2, 8, 39]
    Edit distance: 24/54
  Sample 4:
    TRUE: [9, 2, 39, 30, 33, 31, 39, 13, 10, 27, 17, 39, 13, 11, 14, 0, 30, 39, 30, 33, 39, 19, 2, 21, 39, 35, 10, 22, 39, 27, 0, 18, 11, 37, 39, 30, 33, 31, 39, 13, 10, 20, 39, 4, 30, 39]
    PRED: [9, 2, 39, 30, 27, 33, 31, 39, 34, 10, 27, 17, 11, 39, 13, 27, 17, 0, 14, 39, 30, 33, 39, 30, 2, 21, 39, 27, 2, 22, 8, 39, 11, 8, 11, 39, 31, 11, 31, 39, 13, 10, 20, 39, 4, 30, 39]
    Edit distance: 16/46

============================================================
Batch 17000 | Val PER: 0.2253
============================================================
  Sample 0:
    TRUE: [31, 17, 0, 19, 27, 2, 28, 17, 39, 27, 17, 19, 2, 22, 28, 16, 8, 11, 8, 39]
    PRED: [29, 27, 1, 19, 2, 28, 39, 27, 17, 14, 19, 22, 8, 2, 8, 39]
    Edit distance: 10/20
  Sample 1:
    TRUE: [27, 16, 7, 39, 26, 11, 7, 2, 28, 30, 39, 28, 10, 34, 27, 2, 20, 39, 28, 5, 22, 8, 39, 20, 16, 31, 2, 14, 27, 1, 13, 28, 39]
    PRED: [27, 17, 7, 39, 26, 0, 29, 2, 30, 39, 10, 34, 2, 20, 39, 1, 22, 8, 39, 27, 16, 31, 20, 2, 39, 5, 13, 39]
    Edit distance: 14/33
  Sample 2:
    TRUE: [28, 24, 39, 27, 33, 20, 37, 39, 35, 17, 39, 21, 12, 8, 39, 16, 22, 39, 2, 22, 2, 6, 1, 29, 30, 39, 19, 2, 20, 33, 38, 2, 22, 39]
    PRED: [15, 24, 39, 27, 24, 20, 37, 39, 35, 17, 39, 21, 12, 8, 39, 16, 22, 39, 2, 22, 11, 27, 1, 28, 30, 39, 19, 2, 20, 33, 38, 2, 22, 39]
    Edit distance: 5/34
  Sample 3:
    TRUE: [20, 3, 27, 17, 37, 39, 19, 0, 28, 30, 33, 21, 39, 22, 17, 8, 2, 8, 39, 6, 20, 1, 19, 39, 14, 20, 2, 34, 37, 39, 30, 33, 39, 6, 17, 39, 19, 2, 21, 26, 20, 17, 30, 20, 17, 39, 10, 20, 2, 14, 2, 22, 30, 39]
    PRED: [27, 5, 37, 39, 19, 4, 28, 33, 21, 39, 22, 17, 8, 39, 6, 27, 5, 19, 39, 18, 16, 34, 37, 39, 30, 33, 39, 6, 17, 39, 19, 2, 21, 26, 36, 17, 30, 11, 39, 10, 20, 2, 22, 8, 39]
    Edit distance: 18/54
  Sample 4:
    TRUE: [9, 2, 39, 30, 33, 31, 39, 13, 10, 27, 17, 39, 13, 11, 14, 0, 30, 39, 30, 33, 39, 19, 2, 21, 39, 35, 10, 22, 39, 27, 0, 18, 11, 37, 39, 30, 33, 31, 39, 13, 10, 20, 39, 4, 30, 39]
    PRED: [9, 2, 39, 30, 27, 33, 31, 39, 34, 10, 27, 17, 2, 39, 27, 17, 14, 0, 30, 39, 30, 33, 39, 19, 2, 21, 39, 27, 2, 22, 8, 39, 27, 5, 7, 11, 39, 31, 11, 31, 39, 13, 17, 27, 39, 4, 30, 39]
    Edit distance: 15/46

============================================================
Batch 17500 | Val PER: 0.2228
============================================================
  Sample 0:
    TRUE: [31, 17, 0, 19, 27, 2, 28, 17, 39, 27, 17, 19, 2, 22, 28, 16, 8, 11, 8, 39]
    PRED: [29, 1, 19, 29, 2, 29, 39, 27, 17, 14, 0, 5, 30, 2, 8, 39]
    Edit distance: 13/20
  Sample 1:
    TRUE: [27, 16, 7, 39, 26, 11, 7, 2, 28, 30, 39, 28, 10, 34, 27, 2, 20, 39, 28, 5, 22, 8, 39, 20, 16, 31, 2, 14, 27, 1, 13, 28, 39]
    PRED: [35, 16, 7, 39, 26, 27, 0, 29, 2, 30, 39, 28, 10, 34, 2, 20, 39, 15, 5, 8, 39, 20, 16, 20, 5, 13, 39]
    Edit distance: 14/33
  Sample 2:
    TRUE: [28, 24, 39, 27, 33, 20, 37, 39, 35, 17, 39, 21, 12, 8, 39, 16, 22, 39, 2, 22, 2, 6, 1, 29, 30, 39, 19, 2, 20, 33, 38, 2, 22, 39]
    PRED: [28, 2, 39, 27, 10, 20, 37, 39, 35, 17, 39, 21, 12, 8, 39, 16, 22, 39, 1, 22, 11, 21, 1, 28, 39, 19, 16, 20, 33, 38, 2, 22, 39]
    Edit distance: 8/34
  Sample 3:
    TRUE: [20, 3, 27, 17, 37, 39, 19, 0, 28, 30, 33, 21, 39, 22, 17, 8, 2, 8, 39, 6, 20, 1, 19, 39, 14, 20, 2, 34, 37, 39, 30, 33, 39, 6, 17, 39, 19, 2, 21, 26, 20, 17, 30, 20, 17, 39, 10, 20, 2, 14, 2, 22, 30, 39]
    PRED: [19, 27, 3, 28, 37, 39, 19, 12, 29, 0, 27, 21, 39, 22, 17, 8, 39, 6, 12, 19, 39, 20, 0, 6, 37, 39, 30, 33, 39, 6, 17, 39, 19, 0, 21, 26, 2, 27, 2, 30, 39, 16, 20, 2, 8, 39]
    Edit distance: 26/54
  Sample 4:
    TRUE: [9, 2, 39, 30, 33, 31, 39, 13, 10, 27, 17, 39, 13, 11, 14, 0, 30, 39, 30, 33, 39, 19, 2, 21, 39, 35, 10, 22, 39, 27, 0, 18, 11, 37, 39, 30, 33, 31, 39, 13, 10, 20, 39, 4, 30, 39]
    PRED: [9, 2, 39, 30, 27, 33, 31, 39, 13, 10, 27, 12, 39, 6, 16, 6, 3, 14, 8, 39, 30, 33, 39, 19, 0, 21, 39, 13, 27, 2, 22, 8, 39, 35, 0, 7, 11, 39, 31, 27, 33, 31, 39, 13, 5, 20, 39, 4, 30, 39]
    Edit distance: 19/46

============================================================
Batch 18000 | Val PER: 0.2296
============================================================
  Sample 0:
    TRUE: [31, 17, 0, 19, 27, 2, 28, 17, 39, 27, 17, 19, 2, 22, 28, 16, 8, 11, 8, 39]
    PRED: [30, 2, 19, 30, 2, 28, 39, 17, 14, 2, 22, 5, 30, 2, 8, 39]
    Edit distance: 11/20
  Sample 1:
    TRUE: [27, 16, 7, 39, 26, 11, 7, 2, 28, 30, 39, 28, 10, 34, 27, 2, 20, 39, 28, 5, 22, 8, 39, 20, 16, 31, 2, 14, 27, 1, 13, 28, 39]
    PRED: [35, 17, 7, 39, 26, 0, 29, 2, 30, 39, 28, 10, 34, 2, 20, 39, 15, 5, 21, 37, 39, 31, 5, 9, 2, 20, 5, 13, 39]
    Edit distance: 16/33
  Sample 2:
    TRUE: [28, 24, 39, 27, 33, 20, 37, 39, 35, 17, 39, 21, 12, 8, 39, 16, 22, 39, 2, 22, 2, 6, 1, 29, 30, 39, 19, 2, 20, 33, 38, 2, 22, 39]
    PRED: [28, 2, 39, 27, 33, 20, 37, 39, 21, 17, 39, 21, 12, 8, 39, 16, 22, 39, 0, 22, 0, 2, 21, 2, 28, 30, 39, 19, 2, 20, 33, 38, 2, 22, 39]
    Edit distance: 7/34
  Sample 3:
    TRUE: [20, 3, 27, 17, 37, 39, 19, 0, 28, 30, 33, 21, 39, 22, 17, 8, 2, 8, 39, 6, 20, 1, 19, 39, 14, 20, 2, 34, 37, 39, 30, 33, 39, 6, 17, 39, 19, 2, 21, 26, 20, 17, 30, 20, 17, 39, 10, 20, 2, 14, 2, 22, 30, 39]
    PRED: [14, 35, 5, 2, 37, 39, 19, 0, 15, 21, 39, 22, 12, 8, 39, 6, 21, 12, 19, 39, 8, 0, 6, 37, 39, 30, 33, 39, 6, 17, 39, 19, 0, 21, 26, 17, 30, 17, 39, 1, 20, 2, 22, 8, 39]
    Edit distance: 23/54
  Sample 4:
    TRUE: [9, 2, 39, 30, 33, 31, 39, 13, 10, 27, 17, 39, 13, 11, 14, 0, 30, 39, 30, 33, 39, 19, 2, 21, 39, 35, 10, 22, 39, 27, 0, 18, 11, 37, 39, 30, 33, 31, 39, 13, 10, 20, 39, 4, 30, 39]
    PRED: [9, 2, 39, 30, 27, 33, 31, 39, 13, 10, 27, 17, 39, 26, 27, 2, 14, 0, 14, 21, 39, 30, 33, 39, 30, 0, 21, 37, 39, 13, 27, 2, 22, 8, 39, 35, 0, 7, 11, 37, 39, 31, 11, 31, 39, 13, 12, 20, 39, 4, 30, 39]
    Edit distance: 18/46

============================================================
Batch 18500 | Val PER: 0.2215
============================================================
  Sample 0:
    TRUE: [31, 17, 0, 19, 27, 2, 28, 17, 39, 27, 17, 19, 2, 22, 28, 16, 8, 11, 8, 39]
    PRED: [15, 10, 19, 11, 28, 39, 27, 17, 14, 27, 0, 1, 22, 37, 16, 30, 2, 8, 39]
    Edit distance: 13/20
  Sample 1:
    TRUE: [27, 16, 7, 39, 26, 11, 7, 2, 28, 30, 39, 28, 10, 34, 27, 2, 20, 39, 28, 5, 22, 8, 39, 20, 16, 31, 2, 14, 27, 1, 13, 28, 39]
    PRED: [27, 16, 7, 39, 26, 27, 0, 27, 23, 7, 30, 39, 16, 34, 27, 2, 20, 39, 15, 2, 22, 8, 37, 39, 31, 27, 10, 19, 20, 16, 13, 39]
    Edit distance: 18/33
  Sample 2:
    TRUE: [28, 24, 39, 27, 33, 20, 37, 39, 35, 17, 39, 21, 12, 8, 39, 16, 22, 39, 2, 22, 2, 6, 1, 29, 30, 39, 19, 2, 20, 33, 38, 2, 22, 39]
    PRED: [15, 2, 39, 35, 17, 20, 39, 35, 17, 39, 21, 12, 8, 39, 16, 22, 39, 2, 22, 8, 11, 34, 1, 28, 30, 39, 19, 2, 20, 33, 38, 2, 22, 39]
    Edit distance: 9/34
  Sample 3:
    TRUE: [20, 3, 27, 17, 37, 39, 19, 0, 28, 30, 33, 21, 39, 22, 17, 8, 2, 8, 39, 6, 20, 1, 19, 39, 14, 20, 2, 34, 37, 39, 30, 33, 39, 6, 17, 39, 19, 2, 21, 26, 20, 17, 30, 20, 17, 39, 10, 20, 2, 14, 2, 22, 30, 39]
    PRED: [19, 27, 0, 27, 39, 19, 0, 28, 30, 15, 10, 21, 39, 22, 17, 8, 39, 6, 27, 2, 23, 19, 39, 20, 2, 34, 37, 39, 30, 33, 39, 6, 17, 39, 19, 2, 21, 26, 20, 17, 30, 20, 17, 39, 16, 20, 2, 22, 30, 39]
    Edit distance: 15/54
  Sample 4:
    TRUE: [9, 2, 39, 30, 33, 31, 39, 13, 10, 27, 17, 39, 13, 11, 14, 0, 30, 39, 30, 33, 39, 19, 2, 21, 39, 35, 10, 22, 39, 27, 0, 18, 11, 37, 39, 30, 33, 31, 39, 13, 10, 20, 39, 4, 30, 39]
    PRED: [9, 2, 39, 27, 33, 31, 39, 34, 10, 27, 17, 39, 26, 27, 2, 3, 30, 39, 30, 33, 39, 19, 2, 21, 39, 13, 27, 2, 22, 8, 39, 35, 0, 18, 7, 11, 37, 39, 31, 11, 31, 39, 13, 1, 27, 20, 39, 4, 30, 39]
    Edit distance: 16/46

============================================================
Batch 19000 | Val PER: 0.2211
============================================================
  Sample 0:
    TRUE: [31, 17, 0, 19, 27, 2, 28, 17, 39, 27, 17, 19, 2, 22, 28, 16, 8, 11, 8, 39]
    PRED: [29, 1, 27, 19, 2, 28, 39, 27, 17, 14, 0, 22, 2, 2, 8, 39]
    Edit distance: 11/20
  Sample 1:
    TRUE: [27, 16, 7, 39, 26, 11, 7, 2, 28, 30, 39, 28, 10, 34, 27, 2, 20, 39, 28, 5, 22, 8, 39, 20, 16, 31, 2, 14, 27, 1, 13, 28, 39]
    PRED: [27, 16, 7, 39, 26, 0, 27, 7, 2, 30, 39, 10, 34, 27, 2, 20, 39, 15, 1, 22, 39, 27, 10, 2, 13, 39]
    Edit distance: 14/33
  Sample 2:
    TRUE: [28, 24, 39, 27, 33, 20, 37, 39, 35, 17, 39, 21, 12, 8, 39, 16, 22, 39, 2, 22, 2, 6, 1, 29, 30, 39, 19, 2, 20, 33, 38, 2, 22, 39]
    PRED: [9, 2, 39, 27, 17, 20, 37, 39, 35, 17, 39, 21, 12, 8, 39, 16, 22, 39, 16, 22, 11, 34, 1, 28, 39, 19, 2, 20, 33, 38, 2, 22, 39]
    Edit distance: 8/34
  Sample 3:
    TRUE: [20, 3, 27, 17, 37, 39, 19, 0, 28, 30, 33, 21, 39, 22, 17, 8, 2, 8, 39, 6, 20, 1, 19, 39, 14, 20, 2, 34, 37, 39, 30, 33, 39, 6, 17, 39, 19, 2, 21, 26, 20, 17, 30, 20, 17, 39, 10, 20, 2, 14, 2, 22, 30, 39]
    PRED: [19, 27, 11, 27, 37, 39, 19, 1, 28, 33, 21, 39, 22, 17, 8, 39, 6, 27, 1, 19, 39, 20, 2, 34, 39, 30, 33, 39, 6, 17, 39, 19, 2, 21, 26, 20, 2, 30, 11, 17, 39, 10, 20, 2, 22, 39]
    Edit distance: 16/54
  Sample 4:
    TRUE: [9, 2, 39, 30, 33, 31, 39, 13, 10, 27, 17, 39, 13, 11, 14, 0, 30, 39, 30, 33, 39, 19, 2, 21, 39, 35, 10, 22, 39, 27, 0, 18, 11, 37, 39, 30, 33, 31, 39, 13, 10, 20, 39, 4, 30, 39]
    PRED: [9, 2, 39, 30, 36, 33, 31, 39, 34, 10, 27, 17, 39, 26, 27, 17, 14, 0, 14, 39, 30, 33, 39, 19, 2, 21, 39, 27, 2, 22, 39, 35, 11, 18, 11, 37, 39, 31, 11, 31, 39, 13, 1, 27, 20, 39, 4, 30, 39]
    Edit distance: 14/46

============================================================
Batch 19500 | Val PER: 0.2198
============================================================
  Sample 0:
    TRUE: [31, 17, 0, 19, 27, 2, 28, 17, 39, 27, 17, 19, 2, 22, 28, 16, 8, 11, 8, 39]
    PRED: [19, 30, 2, 19, 11, 28, 39, 27, 16, 0, 2, 8, 39]
    Edit distance: 13/20
  Sample 1:
    TRUE: [27, 16, 7, 39, 26, 11, 7, 2, 28, 30, 39, 28, 10, 34, 27, 2, 20, 39, 28, 5, 22, 8, 39, 20, 16, 31, 2, 14, 27, 1, 13, 28, 39]
    PRED: [27, 16, 26, 28, 39, 26, 0, 29, 7, 2, 19, 39, 10, 34, 2, 20, 39, 10, 22, 37, 39, 19, 20, 16, 20, 11, 5, 13, 39]
    Edit distance: 18/33
  Sample 2:
    TRUE: [28, 24, 39, 27, 33, 20, 37, 39, 35, 17, 39, 21, 12, 8, 39, 16, 22, 39, 2, 22, 2, 6, 1, 29, 30, 39, 19, 2, 20, 33, 38, 2, 22, 39]
    PRED: [28, 24, 39, 27, 17, 20, 37, 39, 35, 17, 39, 21, 12, 8, 39, 16, 22, 39, 2, 22, 11, 2, 18, 39, 19, 2, 20, 33, 38, 2, 22, 39]
    Edit distance: 6/34
  Sample 3:
    TRUE: [20, 3, 27, 17, 37, 39, 19, 0, 28, 30, 33, 21, 39, 22, 17, 8, 2, 8, 39, 6, 20, 1, 19, 39, 14, 20, 2, 34, 37, 39, 30, 33, 39, 6, 17, 39, 19, 2, 21, 26, 20, 17, 30, 20, 17, 39, 10, 20, 2, 14, 2, 22, 30, 39]
    PRED: [19, 27, 10, 11, 39, 19, 4, 28, 21, 39, 22, 17, 8, 39, 6, 20, 1, 19, 39, 20, 16, 6, 39, 30, 33, 39, 6, 17, 39, 19, 2, 21, 26, 20, 17, 30, 20, 17, 39, 10, 20, 2, 22, 39]
    Edit distance: 16/54
  Sample 4:
    TRUE: [9, 2, 39, 30, 33, 31, 39, 13, 10, 27, 17, 39, 13, 11, 14, 0, 30, 39, 30, 33, 39, 19, 2, 21, 39, 35, 10, 22, 39, 27, 0, 18, 11, 37, 39, 30, 33, 31, 39, 13, 10, 20, 39, 4, 30, 39]
    PRED: [9, 2, 39, 30, 33, 31, 39, 13, 10, 27, 17, 2, 39, 13, 11, 14, 0, 30, 39, 30, 33, 39, 19, 2, 21, 39, 13, 27, 2, 22, 39, 35, 11, 7, 11, 37, 39, 31, 33, 31, 39, 13, 5, 20, 39, 4, 30, 39]
    Edit distance: 9/46

============================================================
Batch 20000 | Val PER: 0.2219
============================================================
  Sample 0:
    TRUE: [31, 17, 0, 19, 27, 2, 28, 17, 39, 27, 17, 19, 2, 22, 28, 16, 8, 11, 8, 39]
    PRED: [27, 2, 19, 2, 28, 39, 27, 17, 19, 0, 2, 30, 2, 39]
    Edit distance: 12/20
  Sample 1:
    TRUE: [27, 16, 7, 39, 26, 11, 7, 2, 28, 30, 39, 28, 10, 34, 27, 2, 20, 39, 28, 5, 22, 8, 39, 20, 16, 31, 2, 14, 27, 1, 13, 28, 39]
    PRED: [27, 16, 7, 39, 26, 0, 29, 7, 2, 30, 39, 10, 34, 2, 20, 39, 20, 5, 22, 37, 39, 20, 17, 19, 3, 27, 2, 13, 39]
    Edit distance: 13/33
  Sample 2:
    TRUE: [28, 24, 39, 27, 33, 20, 37, 39, 35, 17, 39, 21, 12, 8, 39, 16, 22, 39, 2, 22, 2, 6, 1, 29, 30, 39, 19, 2, 20, 33, 38, 2, 22, 39]
    PRED: [28, 24, 39, 27, 17, 20, 37, 39, 35, 17, 39, 21, 12, 8, 39, 16, 22, 39, 2, 22, 2, 11, 34, 0, 28, 30, 39, 2, 20, 33, 38, 2, 22, 39]
    Edit distance: 6/34
  Sample 3:
    TRUE: [20, 3, 27, 17, 37, 39, 19, 0, 28, 30, 33, 21, 39, 22, 17, 8, 2, 8, 39, 6, 20, 1, 19, 39, 14, 20, 2, 34, 37, 39, 30, 33, 39, 6, 17, 39, 19, 2, 21, 26, 20, 17, 30, 20, 17, 39, 10, 20, 2, 14, 2, 22, 30, 39]
    PRED: [35, 32, 17, 39, 19, 5, 28, 30, 21, 39, 21, 17, 8, 39, 6, 20, 1, 19, 39, 20, 0, 6, 37, 39, 30, 33, 39, 6, 17, 39, 10, 21, 26, 20, 17, 30, 20, 17, 39, 16, 20, 2, 22, 30, 39]
    Edit distance: 17/54
  Sample 4:
    TRUE: [9, 2, 39, 30, 33, 31, 39, 13, 10, 27, 17, 39, 13, 11, 14, 0, 30, 39, 30, 33, 39, 19, 2, 21, 39, 35, 10, 22, 39, 27, 0, 18, 11, 37, 39, 30, 33, 31, 39, 13, 10, 20, 39, 4, 30, 39]
    PRED: [9, 2, 39, 27, 33, 31, 39, 34, 10, 27, 17, 39, 27, 24, 14, 30, 39, 30, 33, 39, 30, 5, 21, 39, 27, 2, 22, 8, 39, 35, 5, 7, 11, 39, 31, 11, 31, 39, 13, 10, 20, 39, 4, 30, 39]
    Edit distance: 16/46

============================================================
Batch 20500 | Val PER: 0.2128
============================================================
  Sample 0:
    TRUE: [31, 17, 0, 19, 27, 2, 28, 17, 39, 27, 17, 19, 2, 22, 28, 16, 8, 11, 8, 39]
    PRED: [27, 2, 19, 2, 28, 39, 27, 17, 14, 27, 1, 22, 30, 2, 8, 39]
    Edit distance: 12/20
  Sample 1:
    TRUE: [27, 16, 7, 39, 26, 11, 7, 2, 28, 30, 39, 28, 10, 34, 27, 2, 20, 39, 28, 5, 22, 8, 39, 20, 16, 31, 2, 14, 27, 1, 13, 28, 39]
    PRED: [17, 39, 26, 0, 7, 2, 30, 39, 10, 34, 2, 20, 39, 7, 1, 22, 37, 39, 20, 5, 27, 5, 13, 39]
    Edit distance: 16/33
  Sample 2:
    TRUE: [28, 24, 39, 27, 33, 20, 37, 39, 35, 17, 39, 21, 12, 8, 39, 16, 22, 39, 2, 22, 2, 6, 1, 29, 30, 39, 19, 2, 20, 33, 38, 2, 22, 39]
    PRED: [9, 24, 39, 27, 17, 20, 37, 39, 6, 17, 39, 21, 12, 8, 39, 16, 22, 39, 16, 22, 8, 11, 21, 1, 28, 39, 20, 33, 38, 2, 22, 39]
    Edit distance: 11/34
  Sample 3:
    TRUE: [20, 3, 27, 17, 37, 39, 19, 0, 28, 30, 33, 21, 39, 22, 17, 8, 2, 8, 39, 6, 20, 1, 19, 39, 14, 20, 2, 34, 37, 39, 30, 33, 39, 6, 17, 39, 19, 2, 21, 26, 20, 17, 30, 20, 17, 39, 10, 20, 2, 14, 2, 22, 30, 39]
    PRED: [30, 27, 3, 17, 39, 19, 1, 27, 21, 39, 22, 17, 8, 39, 6, 27, 5, 19, 39, 14, 27, 16, 34, 39, 30, 33, 8, 39, 6, 17, 39, 19, 2, 21, 26, 2, 30, 17, 39, 10, 20, 2, 22, 30, 39]
    Edit distance: 21/54
  Sample 4:
    TRUE: [9, 2, 39, 30, 33, 31, 39, 13, 10, 27, 17, 39, 13, 11, 14, 0, 30, 39, 30, 33, 39, 19, 2, 21, 39, 35, 10, 22, 39, 27, 0, 18, 11, 37, 39, 30, 33, 31, 39, 13, 10, 20, 39, 4, 30, 39]
    PRED: [9, 2, 39, 30, 27, 33, 31, 39, 34, 10, 27, 17, 39, 35, 11, 14, 3, 30, 39, 30, 33, 39, 19, 0, 21, 39, 27, 2, 22, 8, 39, 35, 0, 18, 11, 39, 31, 11, 31, 39, 13, 12, 20, 39, 4, 30, 39]
    Edit distance: 13/46

============================================================
Batch 21000 | Val PER: 0.2232
============================================================
  Sample 0:
    TRUE: [31, 17, 0, 19, 27, 2, 28, 17, 39, 27, 17, 19, 2, 22, 28, 16, 8, 11, 8, 39]
    PRED: [27, 10, 19, 11, 28, 39, 27, 17, 14, 27, 0, 22, 16, 30, 2, 8, 39]
    Edit distance: 12/20
  Sample 1:
    TRUE: [27, 16, 7, 39, 26, 11, 7, 2, 28, 30, 39, 28, 10, 34, 27, 2, 20, 39, 28, 5, 22, 8, 39, 20, 16, 31, 2, 14, 27, 1, 13, 28, 39]
    PRED: [27, 16, 7, 39, 26, 27, 0, 29, 7, 2, 30, 39, 28, 10, 34, 27, 2, 20, 39, 7, 5, 22, 8, 39, 27, 10, 31, 27, 2, 13, 39]
    Edit distance: 11/33
  Sample 2:
    TRUE: [28, 24, 39, 27, 33, 20, 37, 39, 35, 17, 39, 21, 12, 8, 39, 16, 22, 39, 2, 22, 2, 6, 1, 29, 30, 39, 19, 2, 20, 33, 38, 2, 22, 39]
    PRED: [15, 24, 39, 27, 35, 17, 20, 37, 39, 35, 17, 39, 21, 12, 8, 39, 16, 22, 39, 2, 22, 8, 16, 11, 21, 1, 28, 39, 2, 20, 33, 38, 2, 22, 39]
    Edit distance: 10/34
  Sample 3:
    TRUE: [20, 3, 27, 17, 37, 39, 19, 0, 28, 30, 33, 21, 39, 22, 17, 8, 2, 8, 39, 6, 20, 1, 19, 39, 14, 20, 2, 34, 37, 39, 30, 33, 39, 6, 17, 39, 19, 2, 21, 26, 20, 17, 30, 20, 17, 39, 10, 20, 2, 14, 2, 22, 30, 39]
    PRED: [30, 27, 25, 17, 39, 19, 27, 3, 28, 0, 27, 21, 39, 22, 17, 8, 39, 6, 27, 12, 19, 39, 27, 2, 13, 37, 39, 30, 33, 39, 6, 17, 39, 19, 2, 21, 26, 27, 17, 30, 33, 11, 10, 20, 2, 22, 8, 39]
    Edit distance: 22/54
  Sample 4:
    TRUE: [9, 2, 39, 30, 33, 31, 39, 13, 10, 27, 17, 39, 13, 11, 14, 0, 30, 39, 30, 33, 39, 19, 2, 21, 39, 35, 10, 22, 39, 27, 0, 18, 11, 37, 39, 30, 33, 31, 39, 13, 10, 20, 39, 4, 30, 39]
    PRED: [9, 2, 39, 27, 11, 31, 39, 34, 10, 27, 17, 2, 39, 26, 27, 2, 14, 0, 8, 39, 30, 33, 39, 19, 2, 21, 39, 27, 11, 22, 39, 35, 11, 11, 39, 31, 11, 31, 39, 13, 4, 20, 39, 4, 30, 39]
    Edit distance: 17/46

============================================================
Batch 21500 | Val PER: 0.2229
============================================================
  Sample 0:
    TRUE: [31, 17, 0, 19, 27, 2, 28, 17, 39, 27, 17, 19, 2, 22, 28, 16, 8, 11, 8, 39]
    PRED: [0, 19, 30, 2, 28, 39, 27, 17, 19, 0, 22, 30, 2, 8, 39]
    Edit distance: 9/20
  Sample 1:
    TRUE: [27, 16, 7, 39, 26, 11, 7, 2, 28, 30, 39, 28, 10, 34, 27, 2, 20, 39, 28, 5, 22, 8, 39, 20, 16, 31, 2, 14, 27, 1, 13, 28, 39]
    PRED: [27, 1, 19, 39, 26, 0, 29, 2, 30, 39, 10, 34, 2, 20, 39, 1, 22, 39, 28, 20, 17, 19, 3, 0, 13, 39]
    Edit distance: 18/33
  Sample 2:
    TRUE: [28, 24, 39, 27, 33, 20, 37, 39, 35, 17, 39, 21, 12, 8, 39, 16, 22, 39, 2, 22, 2, 6, 1, 29, 30, 39, 19, 2, 20, 33, 38, 2, 22, 39]
    PRED: [28, 24, 39, 27, 17, 20, 37, 39, 35, 17, 39, 21, 12, 8, 39, 16, 22, 39, 2, 22, 11, 1, 28, 39, 20, 33, 38, 2, 22, 39]
    Edit distance: 7/34
  Sample 3:
    TRUE: [20, 3, 27, 17, 37, 39, 19, 0, 28, 30, 33, 21, 39, 22, 17, 8, 2, 8, 39, 6, 20, 1, 19, 39, 14, 20, 2, 34, 37, 39, 30, 33, 39, 6, 17, 39, 19, 2, 21, 26, 20, 17, 30, 20, 17, 39, 10, 20, 2, 14, 2, 22, 30, 39]
    PRED: [19, 35, 3, 39, 19, 3, 28, 21, 39, 22, 17, 8, 39, 6, 0, 19, 20, 0, 6, 37, 39, 30, 33, 39, 6, 17, 39, 19, 2, 21, 26, 20, 17, 30, 39, 10, 20, 2, 8, 39]
    Edit distance: 22/54
  Sample 4:
    TRUE: [9, 2, 39, 30, 33, 31, 39, 13, 10, 27, 17, 39, 13, 11, 14, 0, 30, 39, 30, 33, 39, 19, 2, 21, 39, 35, 10, 22, 39, 27, 0, 18, 11, 37, 39, 30, 33, 31, 39, 13, 10, 20, 39, 4, 30, 39]
    PRED: [9, 2, 39, 36, 33, 31, 39, 13, 10, 36, 17, 39, 13, 24, 0, 39, 30, 33, 39, 19, 2, 21, 39, 27, 2, 22, 39, 35, 0, 38, 11, 37, 39, 31, 11, 31, 39, 13, 3, 20, 4, 30, 39]
    Edit distance: 13/46

============================================================
Batch 22000 | Val PER: 0.2169
============================================================
  Sample 0:
    TRUE: [31, 17, 0, 19, 27, 2, 28, 17, 39, 27, 17, 19, 2, 22, 28, 16, 8, 11, 8, 39]
    PRED: [19, 27, 19, 2, 28, 37, 39, 27, 16, 14, 19, 4, 22, 30, 2, 8, 39]
    Edit distance: 12/20
  Sample 1:
    TRUE: [27, 16, 7, 39, 26, 11, 7, 2, 28, 30, 39, 28, 10, 34, 27, 2, 20, 39, 28, 5, 22, 8, 39, 20, 16, 31, 2, 14, 27, 1, 13, 28, 39]
    PRED: [27, 16, 7, 39, 26, 0, 29, 10, 30, 39, 28, 10, 34, 2, 20, 39, 22, 2, 22, 39, 20, 16, 14, 20, 3, 27, 27, 2, 13, 39]
    Edit distance: 14/33
  Sample 2:
    TRUE: [28, 24, 39, 27, 33, 20, 37, 39, 35, 17, 39, 21, 12, 8, 39, 16, 22, 39, 2, 22, 2, 6, 1, 29, 30, 39, 19, 2, 20, 33, 38, 2, 22, 39]
    PRED: [9, 24, 39, 27, 33, 20, 37, 39, 35, 17, 39, 21, 12, 8, 39, 16, 22, 39, 2, 22, 11, 34, 2, 28, 30, 39, 19, 2, 20, 33, 38, 2, 22, 39]
    Edit distance: 5/34
  Sample 3:
    TRUE: [20, 3, 27, 17, 37, 39, 19, 0, 28, 30, 33, 21, 39, 22, 17, 8, 2, 8, 39, 6, 20, 1, 19, 39, 14, 20, 2, 34, 37, 39, 30, 33, 39, 6, 17, 39, 19, 2, 21, 26, 20, 17, 30, 20, 17, 39, 10, 20, 2, 14, 2, 22, 30, 39]
    PRED: [14, 27, 25, 27, 12, 39, 19, 4, 28, 19, 33, 21, 39, 22, 17, 8, 39, 6, 20, 5, 19, 39, 20, 2, 6, 37, 39, 30, 33, 39, 6, 17, 39, 19, 2, 21, 26, 17, 30, 20, 11, 39, 10, 20, 2, 22, 39]
    Edit distance: 17/54
  Sample 4:
    TRUE: [9, 2, 39, 30, 33, 31, 39, 13, 10, 27, 17, 39, 13, 11, 14, 0, 30, 39, 30, 33, 39, 19, 2, 21, 39, 35, 10, 22, 39, 27, 0, 18, 11, 37, 39, 30, 33, 31, 39, 13, 10, 20, 39, 4, 30, 39]
    PRED: [9, 2, 39, 36, 33, 31, 39, 34, 10, 27, 17, 39, 13, 27, 11, 14, 0, 14, 39, 30, 33, 39, 19, 2, 21, 39, 27, 2, 22, 39, 35, 0, 27, 7, 11, 37, 39, 31, 11, 31, 39, 13, 12, 20, 39, 4, 30, 39]
    Edit distance: 12/46

============================================================
Batch 22500 | Val PER: 0.2177
============================================================
  Sample 0:
    TRUE: [31, 17, 0, 19, 27, 2, 28, 17, 39, 27, 17, 19, 2, 22, 28, 16, 8, 11, 8, 39]
    PRED: [10, 27, 0, 19, 11, 28, 39, 27, 17, 14, 19, 0, 22, 16, 2, 8, 39]
    Edit distance: 10/20
  Sample 1:
    TRUE: [27, 16, 7, 39, 26, 11, 7, 2, 28, 30, 39, 28, 10, 34, 27, 2, 20, 39, 28, 5, 22, 8, 39, 20, 16, 31, 2, 14, 27, 1, 13, 28, 39]
    PRED: [27, 16, 7, 39, 26, 0, 29, 7, 2, 30, 39, 10, 34, 2, 20, 39, 7, 0, 22, 8, 39, 20, 17, 19, 39, 20, 11, 0, 13, 39]
    Edit distance: 14/33
  Sample 2:
    TRUE: [28, 24, 39, 27, 33, 20, 37, 39, 35, 17, 39, 21, 12, 8, 39, 16, 22, 39, 2, 22, 2, 6, 1, 29, 30, 39, 19, 2, 20, 33, 38, 2, 22, 39]
    PRED: [9, 2, 39, 27, 33, 20, 37, 39, 35, 17, 39, 21, 12, 8, 39, 16, 22, 39, 2, 22, 11, 34, 1, 28, 30, 39, 19, 2, 20, 33, 38, 2, 22, 39]
    Edit distance: 5/34
  Sample 3:
    TRUE: [20, 3, 27, 17, 37, 39, 19, 0, 28, 30, 33, 21, 39, 22, 17, 8, 2, 8, 39, 6, 20, 1, 19, 39, 14, 20, 2, 34, 37, 39, 30, 33, 39, 6, 17, 39, 19, 2, 21, 26, 20, 17, 30, 20, 17, 39, 10, 20, 2, 14, 2, 22, 30, 39]
    PRED: [27, 25, 11, 39, 19, 0, 28, 21, 39, 22, 17, 8, 39, 6, 20, 12, 19, 39, 20, 0, 34, 37, 39, 30, 33, 39, 6, 17, 39, 19, 2, 21, 26, 17, 30, 39, 10, 20, 2, 22, 30, 39]
    Edit distance: 16/54
  Sample 4:
    TRUE: [9, 2, 39, 30, 33, 31, 39, 13, 10, 27, 17, 39, 13, 11, 14, 0, 30, 39, 30, 33, 39, 19, 2, 21, 39, 35, 10, 22, 39, 27, 0, 18, 11, 37, 39, 30, 33, 31, 39, 13, 10, 20, 39, 4, 30, 39]
    PRED: [9, 2, 39, 30, 27, 33, 31, 39, 34, 10, 11, 39, 26, 27, 3, 0, 14, 39, 30, 33, 39, 30, 2, 21, 37, 39, 27, 4, 22, 8, 39, 27, 0, 27, 7, 11, 37, 39, 31, 11, 31, 39, 13, 12, 20, 39, 4, 30, 39]
    Edit distance: 18/46

============================================================
Batch 23000 | Val PER: 0.2108
============================================================
  Sample 0:
    TRUE: [31, 17, 0, 19, 27, 2, 28, 17, 39, 27, 17, 19, 2, 22, 28, 16, 8, 11, 8, 39]
    PRED: [19, 36, 10, 0, 19, 2, 28, 39, 27, 17, 19, 0, 22, 8, 8, 39]
    Edit distance: 9/20
  Sample 1:
    TRUE: [27, 16, 7, 39, 26, 11, 7, 2, 28, 30, 39, 28, 10, 34, 27, 2, 20, 39, 28, 5, 22, 8, 39, 20, 16, 31, 2, 14, 27, 1, 13, 28, 39]
    PRED: [27, 1, 7, 39, 26, 0, 29, 2, 39, 28, 10, 34, 27, 2, 20, 39, 19, 5, 22, 37, 39, 20, 17, 20, 2, 13, 39]
    Edit distance: 13/33
  Sample 2:
    TRUE: [28, 24, 39, 27, 33, 20, 37, 39, 35, 17, 39, 21, 12, 8, 39, 16, 22, 39, 2, 22, 2, 6, 1, 29, 30, 39, 19, 2, 20, 33, 38, 2, 22, 39]
    PRED: [30, 33, 39, 27, 25, 20, 37, 39, 35, 17, 39, 21, 12, 8, 39, 16, 22, 39, 2, 22, 3, 11, 1, 28, 30, 39, 19, 2, 20, 33, 38, 29, 2, 22, 39]
    Edit distance: 7/34
  Sample 3:
    TRUE: [20, 3, 27, 17, 37, 39, 19, 0, 28, 30, 33, 21, 39, 22, 17, 8, 2, 8, 39, 6, 20, 1, 19, 39, 14, 20, 2, 34, 37, 39, 30, 33, 39, 6, 17, 39, 19, 2, 21, 26, 20, 17, 30, 20, 17, 39, 10, 20, 2, 14, 2, 22, 30, 39]
    PRED: [19, 27, 3, 27, 17, 39, 19, 0, 28, 15, 24, 21, 39, 22, 12, 8, 39, 6, 27, 1, 19, 39, 20, 2, 34, 37, 39, 30, 33, 39, 6, 17, 39, 19, 2, 21, 26, 20, 17, 30, 11, 39, 10, 20, 2, 22, 8, 39]
    Edit distance: 15/54
  Sample 4:
    TRUE: [9, 2, 39, 30, 33, 31, 39, 13, 10, 27, 17, 39, 13, 11, 14, 0, 30, 39, 30, 33, 39, 19, 2, 21, 39, 35, 10, 22, 39, 27, 0, 18, 11, 37, 39, 30, 33, 31, 39, 13, 10, 20, 39, 4, 30, 39]
    PRED: [9, 2, 39, 30, 33, 31, 39, 13, 10, 27, 17, 11, 39, 26, 27, 16, 14, 0, 14, 39, 30, 33, 39, 19, 2, 21, 39, 27, 1, 22, 39, 35, 0, 38, 11, 37, 39, 31, 11, 31, 39, 13, 1, 20, 4, 30, 39]
    Edit distance: 13/46

============================================================
Batch 23500 | Val PER: 0.2139
============================================================
  Sample 0:
    TRUE: [31, 17, 0, 19, 27, 2, 28, 17, 39, 27, 17, 19, 2, 22, 28, 16, 8, 11, 8, 39]
    PRED: [30, 1, 19, 30, 2, 28, 39, 27, 2, 14, 19, 0, 22, 30, 2, 8, 39]
    Edit distance: 12/20
  Sample 1:
    TRUE: [27, 16, 7, 39, 26, 11, 7, 2, 28, 30, 39, 28, 10, 34, 27, 2, 20, 39, 28, 5, 22, 8, 39, 20, 16, 31, 2, 14, 27, 1, 13, 28, 39]
    PRED: [27, 1, 7, 39, 26, 0, 29, 2, 22, 28, 39, 28, 10, 34, 27, 2, 20, 39, 7, 1, 22, 8, 39, 31, 20, 17, 11, 14, 27, 1, 13, 28, 39]
    Edit distance: 11/33
  Sample 2:
    TRUE: [28, 24, 39, 27, 33, 20, 37, 39, 35, 17, 39, 21, 12, 8, 39, 16, 22, 39, 2, 22, 2, 6, 1, 29, 30, 39, 19, 2, 20, 33, 38, 2, 22, 39]
    PRED: [9, 24, 39, 27, 33, 20, 37, 39, 35, 17, 39, 21, 12, 22, 8, 39, 16, 22, 39, 2, 22, 11, 34, 1, 28, 30, 39, 19, 2, 20, 33, 38, 2, 22, 39]
    Edit distance: 5/34
  Sample 3:
    TRUE: [20, 3, 27, 17, 37, 39, 19, 0, 28, 30, 33, 21, 39, 22, 17, 8, 2, 8, 39, 6, 20, 1, 19, 39, 14, 20, 2, 34, 37, 39, 30, 33, 39, 6, 17, 39, 19, 2, 21, 26, 20, 17, 30, 20, 17, 39, 10, 20, 2, 14, 2, 22, 30, 39]
    PRED: [14, 27, 25, 16, 37, 39, 19, 5, 21, 39, 22, 17, 8, 39, 6, 20, 1, 19, 39, 14, 16, 6, 37, 39, 30, 33, 39, 6, 17, 39, 19, 2, 21, 26, 11, 30, 20, 17, 39, 10, 20, 2, 22, 30, 39]
    Edit distance: 17/54
  Sample 4:
    TRUE: [9, 2, 39, 30, 33, 31, 39, 13, 10, 27, 17, 39, 13, 11, 14, 0, 30, 39, 30, 33, 39, 19, 2, 21, 39, 35, 10, 22, 39, 27, 0, 18, 11, 37, 39, 30, 33, 31, 39, 13, 10, 20, 39, 4, 30, 39]
    PRED: [9, 2, 39, 30, 33, 31, 39, 34, 1, 27, 17, 39, 26, 27, 11, 14, 3, 30, 22, 39, 30, 33, 39, 19, 2, 21, 39, 27, 1, 22, 8, 39, 0, 27, 30, 18, 11, 37, 39, 31, 11, 31, 39, 13, 1, 20, 39, 4, 30, 39]
    Edit distance: 14/46

============================================================
Batch 24000 | Val PER: 0.2238
============================================================
  Sample 0:
    TRUE: [31, 17, 0, 19, 27, 2, 28, 17, 39, 27, 17, 19, 2, 22, 28, 16, 8, 11, 8, 39]
    PRED: [15, 2, 27, 0, 19, 2, 28, 39, 2, 19, 35, 0, 22, 8, 30, 2, 8, 39]
    Edit distance: 13/20
  Sample 1:
    TRUE: [27, 16, 7, 39, 26, 11, 7, 2, 28, 30, 39, 28, 10, 34, 27, 2, 20, 39, 28, 5, 22, 8, 39, 20, 16, 31, 2, 14, 27, 1, 13, 28, 39]
    PRED: [27, 1, 19, 39, 28, 26, 0, 27, 7, 16, 29, 30, 39, 10, 34, 2, 20, 39, 15, 1, 22, 8, 39, 20, 16, 2, 13, 39]
    Edit distance: 16/33
  Sample 2:
    TRUE: [28, 24, 39, 27, 33, 20, 37, 39, 35, 17, 39, 21, 12, 8, 39, 16, 22, 39, 2, 22, 2, 6, 1, 29, 30, 39, 19, 2, 20, 33, 38, 2, 22, 39]
    PRED: [9, 2, 39, 27, 25, 20, 37, 39, 35, 17, 39, 21, 12, 8, 39, 16, 22, 39, 2, 22, 2, 27, 2, 28, 30, 39, 19, 2, 20, 33, 38, 2, 22, 39]
    Edit distance: 6/34
  Sample 3:
    TRUE: [20, 3, 27, 17, 37, 39, 19, 0, 28, 30, 33, 21, 39, 22, 17, 8, 2, 8, 39, 6, 20, 1, 19, 39, 14, 20, 2, 34, 37, 39, 30, 33, 39, 6, 17, 39, 19, 2, 21, 26, 20, 17, 30, 20, 17, 39, 10, 20, 2, 14, 2, 22, 30, 39]
    PRED: [19, 27, 25, 11, 12, 39, 19, 0, 21, 39, 27, 10, 8, 39, 6, 20, 1, 19, 39, 30, 2, 6, 8, 37, 39, 30, 33, 39, 6, 17, 39, 19, 2, 21, 26, 20, 2, 30, 20, 17, 39, 10, 20, 2, 22, 8, 39]
    Edit distance: 20/54
  Sample 4:
    TRUE: [9, 2, 39, 30, 33, 31, 39, 13, 10, 27, 17, 39, 13, 11, 14, 0, 30, 39, 30, 33, 39, 19, 2, 21, 39, 35, 10, 22, 39, 27, 0, 18, 11, 37, 39, 30, 33, 31, 39, 13, 10, 20, 39, 4, 30, 39]
    PRED: [9, 2, 39, 27, 33, 31, 39, 13, 10, 27, 17, 2, 39, 13, 27, 2, 14, 0, 2, 8, 39, 30, 33, 39, 19, 2, 21, 39, 13, 27, 2, 22, 8, 39, 0, 27, 8, 11, 37, 39, 31, 11, 31, 39, 13, 1, 20, 30, 4, 30, 39]
    Edit distance: 17/46

============================================================
Batch 24500 | Val PER: 0.2163
============================================================
  Sample 0:
    TRUE: [31, 17, 0, 19, 27, 2, 28, 17, 39, 27, 17, 19, 2, 22, 28, 16, 8, 11, 8, 39]
    PRED: [15, 24, 19, 11, 37, 39, 27, 2, 35, 1, 22, 30, 11, 8, 39]
    Edit distance: 13/20
  Sample 1:
    TRUE: [27, 16, 7, 39, 26, 11, 7, 2, 28, 30, 39, 28, 10, 34, 27, 2, 20, 39, 28, 5, 22, 8, 39, 20, 16, 31, 2, 14, 27, 1, 13, 28, 39]
    PRED: [35, 17, 7, 39, 26, 3, 27, 7, 22, 39, 10, 34, 2, 20, 39, 7, 1, 22, 39, 19, 20, 16, 3, 5, 13, 39]
    Edit distance: 19/33
  Sample 2:
    TRUE: [28, 24, 39, 27, 33, 20, 37, 39, 35, 17, 39, 21, 12, 8, 39, 16, 22, 39, 2, 22, 2, 6, 1, 29, 30, 39, 19, 2, 20, 33, 38, 2, 22, 39]
    PRED: [15, 24, 39, 27, 25, 20, 37, 39, 35, 11, 39, 21, 12, 8, 39, 16, 22, 39, 16, 22, 11, 21, 34, 1, 28, 39, 19, 2, 20, 33, 38, 2, 22, 39]
    Edit distance: 9/34
  Sample 3:
    TRUE: [20, 3, 27, 17, 37, 39, 19, 0, 28, 30, 33, 21, 39, 22, 17, 8, 2, 8, 39, 6, 20, 1, 19, 39, 14, 20, 2, 34, 37, 39, 30, 33, 39, 6, 17, 39, 19, 2, 21, 26, 20, 17, 30, 20, 17, 39, 10, 20, 2, 14, 2, 22, 30, 39]
    PRED: [30, 27, 3, 27, 11, 39, 19, 5, 21, 39, 22, 17, 8, 39, 6, 2, 19, 39, 14, 18, 2, 34, 37, 39, 30, 33, 39, 6, 17, 39, 19, 2, 21, 11, 30, 20, 11, 39, 10, 20, 2, 22, 30, 39]
    Edit distance: 19/54
  Sample 4:
    TRUE: [9, 2, 39, 30, 33, 31, 39, 13, 10, 27, 17, 39, 13, 11, 14, 0, 30, 39, 30, 33, 39, 19, 2, 21, 39, 35, 10, 22, 39, 27, 0, 18, 11, 37, 39, 30, 33, 31, 39, 13, 10, 20, 39, 4, 30, 39]
    PRED: [9, 2, 39, 30, 36, 33, 31, 39, 13, 10, 27, 17, 39, 13, 27, 3, 14, 8, 0, 30, 22, 39, 30, 33, 39, 19, 2, 21, 39, 13, 27, 2, 22, 39, 35, 3, 27, 7, 11, 37, 39, 31, 11, 31, 39, 13, 17, 20, 39, 4, 30, 39]
    Edit distance: 15/46

============================================================
Batch 25000 | Val PER: 0.2165
============================================================
  Sample 0:
    TRUE: [31, 17, 0, 19, 27, 2, 28, 17, 39, 27, 17, 19, 2, 22, 28, 16, 8, 11, 8, 39]
    PRED: [27, 2, 19, 11, 39, 27, 17, 14, 19, 35, 22, 30, 16, 30, 2, 8, 39]
    Edit distance: 11/20
  Sample 1:
    TRUE: [27, 16, 7, 39, 26, 11, 7, 2, 28, 30, 39, 28, 10, 34, 27, 2, 20, 39, 28, 5, 22, 8, 39, 20, 16, 31, 2, 14, 27, 1, 13, 28, 39]
    PRED: [27, 17, 7, 39, 26, 0, 27, 7, 2, 39, 28, 10, 34, 2, 20, 39, 7, 1, 22, 37, 39, 20, 17, 31, 2, 14, 2, 13, 39]
    Edit distance: 13/33
  Sample 2:
    TRUE: [28, 24, 39, 27, 33, 20, 37, 39, 35, 17, 39, 21, 12, 8, 39, 16, 22, 39, 2, 22, 2, 6, 1, 29, 30, 39, 19, 2, 20, 33, 38, 2, 22, 39]
    PRED: [9, 2, 39, 27, 33, 20, 37, 39, 35, 16, 39, 21, 12, 8, 39, 16, 22, 39, 2, 22, 8, 11, 34, 2, 16, 29, 39, 19, 2, 20, 33, 38, 2, 22, 39]
    Edit distance: 9/34
  Sample 3:
    TRUE: [20, 3, 27, 17, 37, 39, 19, 0, 28, 30, 33, 21, 39, 22, 17, 8, 2, 8, 39, 6, 20, 1, 19, 39, 14, 20, 2, 34, 37, 39, 30, 33, 39, 6, 17, 39, 19, 2, 21, 26, 20, 17, 30, 20, 17, 39, 10, 20, 2, 14, 2, 22, 30, 39]
    PRED: [30, 27, 25, 20, 2, 37, 39, 30, 5, 6, 27, 21, 39, 20, 17, 8, 23, 39, 6, 20, 2, 19, 39, 20, 16, 34, 37, 39, 30, 33, 20, 39, 6, 17, 39, 19, 2, 21, 26, 20, 17, 30, 20, 17, 39, 10, 20, 2, 22, 8, 39]
    Edit distance: 20/54
  Sample 4:
    TRUE: [9, 2, 39, 30, 33, 31, 39, 13, 10, 27, 17, 39, 13, 11, 14, 0, 30, 39, 30, 33, 39, 19, 2, 21, 39, 35, 10, 22, 39, 27, 0, 18, 11, 37, 39, 30, 33, 31, 39, 13, 10, 20, 39, 4, 30, 39]
    PRED: [9, 2, 39, 27, 33, 31, 39, 13, 10, 27, 17, 11, 39, 13, 27, 3, 14, 22, 39, 30, 33, 39, 7, 2, 21, 39, 13, 27, 2, 22, 8, 39, 35, 16, 20, 7, 11, 37, 39, 31, 11, 31, 39, 13, 17, 20, 39, 4, 30, 39]
    Edit distance: 18/46

============================================================
Batch 25500 | Val PER: 0.2146
============================================================
  Sample 0:
    TRUE: [31, 17, 0, 19, 27, 2, 28, 17, 39, 27, 17, 19, 2, 22, 28, 16, 8, 11, 8, 39]
    PRED: [19, 2, 0, 19, 11, 39, 27, 2, 14, 0, 22, 30, 2, 8, 39]
    Edit distance: 13/20
  Sample 1:
    TRUE: [27, 16, 7, 39, 26, 11, 7, 2, 28, 30, 39, 28, 10, 34, 27, 2, 20, 39, 28, 5, 22, 8, 39, 20, 16, 31, 2, 14, 27, 1, 13, 28, 39]
    PRED: [27, 1, 30, 39, 26, 0, 27, 7, 2, 30, 39, 28, 10, 34, 27, 2, 20, 39, 8, 1, 22, 8, 39, 31, 20, 17, 0, 13, 39]
    Edit distance: 14/33
  Sample 2:
    TRUE: [28, 24, 39, 27, 33, 20, 37, 39, 35, 17, 39, 21, 12, 8, 39, 16, 22, 39, 2, 22, 2, 6, 1, 29, 30, 39, 19, 2, 20, 33, 38, 2, 22, 39]
    PRED: [28, 24, 39, 27, 25, 20, 37, 39, 35, 11, 39, 21, 12, 8, 39, 16, 22, 39, 2, 22, 2, 34, 1, 30, 39, 19, 2, 20, 33, 38, 2, 22, 39]
    Edit distance: 4/34
  Sample 3:
    TRUE: [20, 3, 27, 17, 37, 39, 19, 0, 28, 30, 33, 21, 39, 22, 17, 8, 2, 8, 39, 6, 20, 1, 19, 39, 14, 20, 2, 34, 37, 39, 30, 33, 39, 6, 17, 39, 19, 2, 21, 26, 20, 17, 30, 20, 17, 39, 10, 20, 2, 14, 2, 22, 30, 39]
    PRED: [30, 19, 3, 27, 11, 39, 19, 0, 0, 21, 39, 22, 17, 8, 2, 8, 39, 6, 27, 24, 19, 39, 20, 2, 34, 37, 39, 30, 33, 39, 6, 17, 39, 19, 2, 21, 11, 30, 2, 20, 17, 39, 10, 20, 2, 22, 8, 39]
    Edit distance: 17/54
  Sample 4:
    TRUE: [9, 2, 39, 30, 33, 31, 39, 13, 10, 27, 17, 39, 13, 11, 14, 0, 30, 39, 30, 33, 39, 19, 2, 21, 39, 35, 10, 22, 39, 27, 0, 18, 11, 37, 39, 30, 33, 31, 39, 13, 10, 20, 39, 4, 30, 39]
    PRED: [9, 2, 39, 30, 33, 31, 39, 34, 10, 27, 17, 39, 13, 27, 24, 14, 0, 30, 22, 39, 30, 33, 39, 19, 2, 21, 39, 27, 2, 22, 39, 35, 0, 27, 18, 11, 37, 39, 31, 11, 8, 37, 39, 13, 4, 20, 39, 4, 30, 39]
    Edit distance: 13/46

============================================================
Batch 26000 | Val PER: 0.2115
============================================================
  Sample 0:
    TRUE: [31, 17, 0, 19, 27, 2, 28, 17, 39, 27, 17, 19, 2, 22, 28, 16, 8, 11, 8, 39]
    PRED: [27, 0, 19, 2, 28, 39, 27, 17, 14, 27, 1, 22, 8, 30, 8, 39]
    Edit distance: 10/20
  Sample 1:
    TRUE: [27, 16, 7, 39, 26, 11, 7, 2, 28, 30, 39, 28, 10, 34, 27, 2, 20, 39, 28, 5, 22, 8, 39, 20, 16, 31, 2, 14, 27, 1, 13, 28, 39]
    PRED: [27, 17, 7, 39, 26, 27, 0, 29, 2, 30, 39, 28, 10, 34, 2, 20, 39, 14, 1, 22, 8, 39, 20, 17, 14, 20, 5, 13, 39]
    Edit distance: 14/33
  Sample 2:
    TRUE: [28, 24, 39, 27, 33, 20, 37, 39, 35, 17, 39, 21, 12, 8, 39, 16, 22, 39, 2, 22, 2, 6, 1, 29, 30, 39, 19, 2, 20, 33, 38, 2, 22, 39]
    PRED: [15, 2, 39, 27, 33, 20, 37, 39, 35, 17, 39, 21, 12, 8, 39, 16, 22, 39, 2, 22, 11, 35, 10, 18, 39, 19, 2, 20, 33, 38, 2, 22, 39]
    Edit distance: 7/34
  Sample 3:
    TRUE: [20, 3, 27, 17, 37, 39, 19, 0, 28, 30, 33, 21, 39, 22, 17, 8, 2, 8, 39, 6, 20, 1, 19, 39, 14, 20, 2, 34, 37, 39, 30, 33, 39, 6, 17, 39, 19, 2, 21, 26, 20, 17, 30, 20, 17, 39, 10, 20, 2, 14, 2, 22, 30, 39]
    PRED: [14, 27, 3, 27, 16, 11, 39, 19, 0, 21, 39, 22, 17, 8, 39, 6, 27, 1, 19, 39, 20, 16, 34, 37, 39, 30, 33, 39, 6, 17, 39, 0, 21, 26, 20, 17, 20, 39, 17, 20, 2, 22, 39]
    Edit distance: 20/54
  Sample 4:
    TRUE: [9, 2, 39, 30, 33, 31, 39, 13, 10, 27, 17, 39, 13, 11, 14, 0, 30, 39, 30, 33, 39, 19, 2, 21, 39, 35, 10, 22, 39, 27, 0, 18, 11, 37, 39, 30, 33, 31, 39, 13, 10, 20, 39, 4, 30, 39]
    PRED: [9, 2, 39, 30, 33, 31, 39, 13, 10, 27, 17, 39, 27, 17, 14, 0, 22, 39, 30, 33, 39, 19, 5, 21, 39, 27, 0, 22, 39, 35, 0, 27, 7, 11, 37, 39, 20, 33, 31, 39, 13, 17, 20, 4, 30, 39]
    Edit distance: 12/46

============================================================
Batch 26500 | Val PER: 0.2104
============================================================
  Sample 0:
    TRUE: [31, 17, 0, 19, 27, 2, 28, 17, 39, 27, 17, 19, 2, 22, 28, 16, 8, 11, 8, 39]
    PRED: [27, 2, 27, 2, 19, 30, 2, 39, 27, 2, 14, 0, 22, 8, 39]
    Edit distance: 14/20
  Sample 1:
    TRUE: [27, 16, 7, 39, 26, 11, 7, 2, 28, 30, 39, 28, 10, 34, 27, 2, 20, 39, 28, 5, 22, 8, 39, 20, 16, 31, 2, 14, 27, 1, 13, 28, 39]
    PRED: [27, 12, 7, 39, 26, 0, 7, 2, 30, 39, 30, 10, 34, 2, 20, 39, 28, 2, 22, 8, 39, 20, 10, 11, 2, 13, 39]
    Edit distance: 12/33
  Sample 2:
    TRUE: [28, 24, 39, 27, 33, 20, 37, 39, 35, 17, 39, 21, 12, 8, 39, 16, 22, 39, 2, 22, 2, 6, 1, 29, 30, 39, 19, 2, 20, 33, 38, 2, 22, 39]
    PRED: [28, 24, 39, 27, 33, 20, 37, 39, 35, 17, 39, 21, 12, 8, 39, 16, 22, 39, 2, 22, 2, 34, 2, 28, 39, 19, 2, 20, 33, 38, 2, 22, 39]
    Edit distance: 4/34
  Sample 3:
    TRUE: [20, 3, 27, 17, 37, 39, 19, 0, 28, 30, 33, 21, 39, 22, 17, 8, 2, 8, 39, 6, 20, 1, 19, 39, 14, 20, 2, 34, 37, 39, 30, 33, 39, 6, 17, 39, 19, 2, 21, 26, 20, 17, 30, 20, 17, 39, 10, 20, 2, 14, 2, 22, 30, 39]
    PRED: [35, 3, 27, 11, 39, 19, 2, 28, 27, 33, 21, 39, 22, 17, 8, 2, 8, 39, 6, 27, 2, 19, 39, 20, 2, 34, 37, 39, 30, 33, 39, 6, 17, 39, 19, 2, 21, 26, 20, 17, 20, 17, 39, 10, 20, 2, 22, 30, 39]
    Edit distance: 11/54
  Sample 4:
    TRUE: [9, 2, 39, 30, 33, 31, 39, 13, 10, 27, 17, 39, 13, 11, 14, 0, 30, 39, 30, 33, 39, 19, 2, 21, 39, 35, 10, 22, 39, 27, 0, 18, 11, 37, 39, 30, 33, 31, 39, 13, 10, 20, 39, 4, 30, 39]
    PRED: [9, 2, 39, 30, 27, 33, 31, 39, 34, 10, 27, 17, 39, 13, 27, 11, 14, 3, 14, 39, 30, 33, 39, 19, 2, 21, 39, 13, 27, 2, 22, 39, 35, 0, 7, 11, 37, 39, 31, 11, 31, 39, 13, 1, 20, 4, 30, 39]
    Edit distance: 14/46

============================================================
Batch 27000 | Val PER: 0.2134
============================================================
  Sample 0:
    TRUE: [31, 17, 0, 19, 27, 2, 28, 17, 39, 27, 17, 19, 2, 22, 28, 16, 8, 11, 8, 39]
    PRED: [15, 2, 27, 19, 28, 11, 28, 39, 27, 17, 14, 0, 8, 2, 30, 2, 8, 39]
    Edit distance: 13/20
  Sample 1:
    TRUE: [27, 16, 7, 39, 26, 11, 7, 2, 28, 30, 39, 28, 10, 34, 27, 2, 20, 39, 28, 5, 22, 8, 39, 20, 16, 31, 2, 14, 27, 1, 13, 28, 39]
    PRED: [27, 1, 7, 39, 26, 27, 0, 29, 2, 29, 39, 10, 34, 2, 20, 39, 15, 2, 22, 8, 39, 20, 2, 20, 24, 2, 34, 39]
    Edit distance: 17/33
  Sample 2:
    TRUE: [28, 24, 39, 27, 33, 20, 37, 39, 35, 17, 39, 21, 12, 8, 39, 16, 22, 39, 2, 22, 2, 6, 1, 29, 30, 39, 19, 2, 20, 33, 38, 2, 22, 39]
    PRED: [15, 24, 39, 27, 25, 20, 37, 39, 35, 17, 39, 21, 12, 8, 39, 16, 22, 39, 2, 22, 2, 34, 5, 37, 39, 2, 20, 33, 38, 2, 22, 39]
    Edit distance: 7/34
  Sample 3:
    TRUE: [20, 3, 27, 17, 37, 39, 19, 0, 28, 30, 33, 21, 39, 22, 17, 8, 2, 8, 39, 6, 20, 1, 19, 39, 14, 20, 2, 34, 37, 39, 30, 33, 39, 6, 17, 39, 19, 2, 21, 26, 20, 17, 30, 20, 17, 39, 10, 20, 2, 14, 2, 22, 30, 39]
    PRED: [30, 27, 3, 35, 12, 37, 39, 15, 4, 28, 33, 24, 21, 39, 22, 17, 8, 2, 8, 39, 6, 20, 2, 19, 39, 20, 16, 34, 37, 39, 30, 33, 39, 6, 17, 39, 19, 2, 21, 26, 36, 17, 30, 20, 11, 39, 10, 20, 2, 22, 30, 39]
    Edit distance: 15/54
  Sample 4:
    TRUE: [9, 2, 39, 30, 33, 31, 39, 13, 10, 27, 17, 39, 13, 11, 14, 0, 30, 39, 30, 33, 39, 19, 2, 21, 39, 35, 10, 22, 39, 27, 0, 18, 11, 37, 39, 30, 33, 31, 39, 13, 10, 20, 39, 4, 30, 39]
    PRED: [9, 2, 39, 30, 36, 33, 31, 39, 34, 10, 27, 17, 39, 26, 27, 2, 0, 14, 39, 30, 33, 39, 19, 2, 21, 39, 27, 2, 22, 39, 27, 3, 27, 11, 37, 39, 20, 33, 37, 39, 13, 17, 20, 39, 4, 30, 39]
    Edit distance: 13/46

============================================================
Batch 27500 | Val PER: 0.2140
============================================================
  Sample 0:
    TRUE: [31, 17, 0, 19, 27, 2, 28, 17, 39, 27, 17, 19, 2, 22, 28, 16, 8, 11, 8, 39]
    PRED: [29, 2, 0, 19, 28, 39, 27, 17, 14, 22, 8, 30, 30, 8, 39]
    Edit distance: 11/20
  Sample 1:
    TRUE: [27, 16, 7, 39, 26, 11, 7, 2, 28, 30, 39, 28, 10, 34, 27, 2, 20, 39, 28, 5, 22, 8, 39, 20, 16, 31, 2, 14, 27, 1, 13, 28, 39]
    PRED: [27, 1, 19, 39, 26, 0, 29, 7, 10, 30, 39, 28, 10, 34, 2, 20, 39, 15, 2, 22, 39, 20, 10, 14, 10, 5, 13, 39]
    Edit distance: 16/33
  Sample 2:
    TRUE: [28, 24, 39, 27, 33, 20, 37, 39, 35, 17, 39, 21, 12, 8, 39, 16, 22, 39, 2, 22, 2, 6, 1, 29, 30, 39, 19, 2, 20, 33, 38, 2, 22, 39]
    PRED: [15, 4, 39, 27, 33, 20, 39, 35, 17, 39, 21, 12, 8, 39, 16, 22, 39, 2, 22, 2, 10, 28, 39, 19, 2, 20, 24, 38, 2, 22, 39]
    Edit distance: 8/34
  Sample 3:
    TRUE: [20, 3, 27, 17, 37, 39, 19, 0, 28, 30, 33, 21, 39, 22, 17, 8, 2, 8, 39, 6, 20, 1, 19, 39, 14, 20, 2, 34, 37, 39, 30, 33, 39, 6, 17, 39, 19, 2, 21, 26, 20, 17, 30, 20, 17, 39, 10, 20, 2, 14, 2, 22, 30, 39]
    PRED: [8, 35, 32, 17, 39, 15, 5, 28, 15, 24, 21, 39, 22, 17, 8, 39, 6, 1, 19, 39, 14, 16, 34, 37, 39, 30, 33, 39, 6, 17, 39, 19, 2, 21, 26, 2, 30, 20, 17, 39, 10, 20, 14, 2, 22, 8, 39]
    Edit distance: 17/54
  Sample 4:
    TRUE: [9, 2, 39, 30, 33, 31, 39, 13, 10, 27, 17, 39, 13, 11, 14, 0, 30, 39, 30, 33, 39, 19, 2, 21, 39, 35, 10, 22, 39, 27, 0, 18, 11, 37, 39, 30, 33, 31, 39, 13, 10, 20, 39, 4, 30, 39]
    PRED: [9, 2, 39, 33, 31, 39, 13, 10, 27, 17, 39, 13, 27, 17, 14, 22, 39, 30, 33, 39, 19, 2, 21, 39, 27, 2, 22, 39, 3, 8, 11, 39, 31, 11, 31, 39, 13, 17, 20, 39, 4, 30, 39]
    Edit distance: 14/46

============================================================
Batch 28000 | Val PER: 0.2125
============================================================
  Sample 0:
    TRUE: [31, 17, 0, 19, 27, 2, 28, 17, 39, 27, 17, 19, 2, 22, 28, 16, 8, 11, 8, 39]
    PRED: [15, 24, 19, 11, 28, 39, 17, 14, 35, 12, 22, 8, 39]
    Edit distance: 14/20
  Sample 1:
    TRUE: [27, 16, 7, 39, 26, 11, 7, 2, 28, 30, 39, 28, 10, 34, 27, 2, 20, 39, 28, 5, 22, 8, 39, 20, 16, 31, 2, 14, 27, 1, 13, 28, 39]
    PRED: [27, 12, 19, 39, 26, 11, 29, 7, 39, 28, 10, 34, 2, 20, 39, 28, 2, 22, 39, 20, 16, 19, 20, 11, 0, 13, 39]
    Edit distance: 15/33
  Sample 2:
    TRUE: [28, 24, 39, 27, 33, 20, 37, 39, 35, 17, 39, 21, 12, 8, 39, 16, 22, 39, 2, 22, 2, 6, 1, 29, 30, 39, 19, 2, 20, 33, 38, 2, 22, 39]
    PRED: [15, 2, 39, 25, 20, 37, 39, 35, 17, 39, 21, 12, 8, 39, 16, 22, 39, 16, 22, 11, 12, 37, 8, 39, 28, 19, 2, 20, 33, 38, 2, 22, 39]
    Edit distance: 11/34
  Sample 3:
    TRUE: [20, 3, 27, 17, 37, 39, 19, 0, 28, 30, 33, 21, 39, 22, 17, 8, 2, 8, 39, 6, 20, 1, 19, 39, 14, 20, 2, 34, 37, 39, 30, 33, 39, 6, 17, 39, 19, 2, 21, 26, 20, 17, 30, 20, 17, 39, 10, 20, 2, 14, 2, 22, 30, 39]
    PRED: [35, 24, 39, 19, 4, 15, 21, 39, 22, 17, 8, 39, 6, 27, 12, 19, 39, 19, 20, 16, 34, 39, 30, 33, 39, 6, 17, 39, 19, 2, 21, 26, 20, 17, 20, 39, 10, 20, 14, 2, 22, 8, 39]
    Edit distance: 20/54
  Sample 4:
    TRUE: [9, 2, 39, 30, 33, 31, 39, 13, 10, 27, 17, 39, 13, 11, 14, 0, 30, 39, 30, 33, 39, 19, 2, 21, 39, 35, 10, 22, 39, 27, 0, 18, 11, 37, 39, 30, 33, 31, 39, 13, 10, 20, 39, 4, 30, 39]
    PRED: [9, 2, 39, 27, 33, 31, 39, 34, 1, 39, 13, 11, 14, 0, 14, 39, 30, 33, 39, 19, 2, 21, 39, 13, 27, 2, 22, 39, 35, 10, 30, 11, 37, 39, 31, 33, 37, 39, 13, 4, 20, 39, 4, 30, 39]
    Edit distance: 15/46

============================================================
Batch 28500 | Val PER: 0.2052
============================================================
  Sample 0:
    TRUE: [31, 17, 0, 19, 27, 2, 28, 17, 39, 27, 17, 19, 2, 22, 28, 16, 8, 11, 8, 39]
    PRED: [24, 0, 19, 2, 28, 39, 2, 19, 35, 0, 22, 2, 8, 39]
    Edit distance: 12/20
  Sample 1:
    TRUE: [27, 16, 7, 39, 26, 11, 7, 2, 28, 30, 39, 28, 10, 34, 27, 2, 20, 39, 28, 5, 22, 8, 39, 20, 16, 31, 2, 14, 27, 1, 13, 28, 39]
    PRED: [27, 12, 19, 39, 26, 25, 7, 39, 30, 28, 10, 34, 2, 20, 39, 2, 22, 8, 39, 20, 2, 14, 2, 13, 39]
    Edit distance: 14/33
  Sample 2:
    TRUE: [28, 24, 39, 27, 33, 20, 37, 39, 35, 17, 39, 21, 12, 8, 39, 16, 22, 39, 2, 22, 2, 6, 1, 29, 30, 39, 19, 2, 20, 33, 38, 2, 22, 39]
    PRED: [2, 39, 27, 25, 20, 37, 39, 35, 17, 39, 21, 12, 8, 39, 16, 22, 39, 2, 22, 3, 11, 34, 2, 29, 39, 19, 2, 20, 33, 38, 2, 22, 39]
    Edit distance: 8/34
  Sample 3:
    TRUE: [20, 3, 27, 17, 37, 39, 19, 0, 28, 30, 33, 21, 39, 22, 17, 8, 2, 8, 39, 6, 20, 1, 19, 39, 14, 20, 2, 34, 37, 39, 30, 33, 39, 6, 17, 39, 19, 2, 21, 26, 20, 17, 30, 20, 17, 39, 10, 20, 2, 14, 2, 22, 30, 39]
    PRED: [19, 27, 3, 27, 37, 39, 19, 0, 28, 15, 24, 21, 39, 22, 17, 8, 39, 6, 20, 12, 19, 39, 20, 2, 34, 37, 39, 30, 33, 39, 6, 17, 39, 19, 2, 21, 26, 20, 17, 30, 20, 17, 39, 10, 20, 2, 22, 8, 39]
    Edit distance: 12/54
  Sample 4:
    TRUE: [9, 2, 39, 30, 33, 31, 39, 13, 10, 27, 17, 39, 13, 11, 14, 0, 30, 39, 30, 33, 39, 19, 2, 21, 39, 35, 10, 22, 39, 27, 0, 18, 11, 37, 39, 30, 33, 31, 39, 13, 10, 20, 39, 4, 30, 39]
    PRED: [9, 2, 39, 27, 33, 31, 39, 34, 10, 27, 17, 39, 13, 27, 24, 3, 14, 39, 30, 33, 39, 19, 2, 21, 39, 13, 27, 2, 22, 39, 35, 3, 18, 11, 37, 39, 31, 33, 37, 39, 13, 25, 20, 39, 4, 30, 39]
    Edit distance: 14/46

============================================================
Batch 29000 | Val PER: 0.2132
============================================================
  Sample 0:
    TRUE: [31, 17, 0, 19, 27, 2, 28, 17, 39, 27, 17, 19, 2, 22, 28, 16, 8, 11, 8, 39]
    PRED: [29, 2, 19, 28, 39, 27, 2, 14, 12, 22, 8, 2, 8, 39]
    Edit distance: 12/20
  Sample 1:
    TRUE: [27, 16, 7, 39, 26, 11, 7, 2, 28, 30, 39, 28, 10, 34, 27, 2, 20, 39, 28, 5, 22, 8, 39, 20, 16, 31, 2, 14, 27, 1, 13, 28, 39]
    PRED: [17, 7, 39, 26, 0, 7, 39, 28, 10, 34, 11, 20, 39, 28, 2, 22, 37, 39, 8, 16, 9, 2, 0, 13, 39]
    Edit distance: 16/33
  Sample 2:
    TRUE: [28, 24, 39, 27, 33, 20, 37, 39, 35, 17, 39, 21, 12, 8, 39, 16, 22, 39, 2, 22, 2, 6, 1, 29, 30, 39, 19, 2, 20, 33, 38, 2, 22, 39]
    PRED: [28, 24, 39, 27, 33, 20, 37, 39, 35, 17, 39, 21, 12, 8, 39, 16, 22, 39, 2, 22, 8, 11, 34, 2, 18, 39, 19, 2, 20, 33, 38, 2, 22, 39]
    Edit distance: 5/34
  Sample 3:
    TRUE: [20, 3, 27, 17, 37, 39, 19, 0, 28, 30, 33, 21, 39, 22, 17, 8, 2, 8, 39, 6, 20, 1, 19, 39, 14, 20, 2, 34, 37, 39, 30, 33, 39, 6, 17, 39, 19, 2, 21, 26, 20, 17, 30, 20, 17, 39, 10, 20, 2, 14, 2, 22, 30, 39]
    PRED: [30, 35, 3, 12, 37, 39, 19, 0, 28, 30, 21, 39, 22, 17, 8, 39, 6, 20, 2, 19, 39, 20, 0, 6, 37, 39, 30, 33, 39, 6, 17, 39, 19, 2, 21, 26, 17, 30, 20, 11, 39, 10, 20, 2, 22, 8, 39]
    Edit distance: 16/54
  Sample 4:
    TRUE: [9, 2, 39, 30, 33, 31, 39, 13, 10, 27, 17, 39, 13, 11, 14, 0, 30, 39, 30, 33, 39, 19, 2, 21, 39, 35, 10, 22, 39, 27, 0, 18, 11, 37, 39, 30, 33, 31, 39, 13, 10, 20, 39, 4, 30, 39]
    PRED: [9, 2, 39, 30, 33, 31, 39, 13, 10, 17, 39, 26, 27, 2, 39, 30, 33, 39, 19, 2, 21, 37, 39, 13, 27, 2, 22, 39, 35, 10, 27, 18, 11, 37, 39, 31, 11, 31, 8, 39, 13, 1, 20, 39, 4, 30, 39]
    Edit distance: 17/46

============================================================
Batch 29500 | Val PER: 0.2087
============================================================
  Sample 0:
    TRUE: [31, 17, 0, 19, 27, 2, 28, 17, 39, 27, 17, 19, 2, 22, 28, 16, 8, 11, 8, 39]
    PRED: [2, 19, 2, 28, 39, 27, 2, 14, 22, 30, 2, 8, 39]
    Edit distance: 12/20
  Sample 1:
    TRUE: [27, 16, 7, 39, 26, 11, 7, 2, 28, 30, 39, 28, 10, 34, 27, 2, 20, 39, 28, 5, 22, 8, 39, 20, 16, 31, 2, 14, 27, 1, 13, 28, 39]
    PRED: [17, 7, 39, 26, 0, 7, 30, 39, 10, 34, 2, 20, 39, 15, 12, 22, 37, 39, 20, 10, 14, 5, 13, 39]
    Edit distance: 16/33
  Sample 2:
    TRUE: [28, 24, 39, 27, 33, 20, 37, 39, 35, 17, 39, 21, 12, 8, 39, 16, 22, 39, 2, 22, 2, 6, 1, 29, 30, 39, 19, 2, 20, 33, 38, 2, 22, 39]
    PRED: [2, 39, 27, 25, 20, 39, 35, 17, 39, 21, 12, 8, 39, 16, 22, 39, 2, 22, 11, 34, 2, 28, 39, 19, 2, 20, 33, 38, 2, 22, 39]
    Edit distance: 9/34
  Sample 3:
    TRUE: [20, 3, 27, 17, 37, 39, 19, 0, 28, 30, 33, 21, 39, 22, 17, 8, 2, 8, 39, 6, 20, 1, 19, 39, 14, 20, 2, 34, 37, 39, 30, 33, 39, 6, 17, 39, 19, 2, 21, 26, 20, 17, 30, 20, 17, 39, 10, 20, 2, 14, 2, 22, 30, 39]
    PRED: [30, 3, 27, 12, 37, 39, 19, 12, 2, 21, 39, 22, 17, 8, 39, 6, 27, 12, 19, 39, 20, 16, 34, 37, 39, 30, 33, 39, 6, 17, 39, 19, 2, 21, 26, 17, 30, 20, 17, 39, 16, 20, 2, 30, 8, 39]
    Edit distance: 18/54
  Sample 4:
    TRUE: [9, 2, 39, 30, 33, 31, 39, 13, 10, 27, 17, 39, 13, 11, 14, 0, 30, 39, 30, 33, 39, 19, 2, 21, 39, 35, 10, 22, 39, 27, 0, 18, 11, 37, 39, 30, 33, 31, 39, 13, 10, 20, 39, 4, 30, 39]
    PRED: [9, 2, 39, 27, 33, 31, 39, 26, 10, 27, 17, 39, 13, 27, 17, 30, 39, 30, 33, 39, 19, 2, 21, 39, 27, 2, 22, 8, 39, 3, 18, 17, 37, 39, 31, 33, 37, 39, 13, 17, 20, 39, 4, 30, 39]
    Edit distance: 14/46

============================================================
Batch 30000 | Val PER: 0.2065
============================================================
  Sample 0:
    TRUE: [31, 17, 0, 19, 27, 2, 28, 17, 39, 27, 17, 19, 2, 22, 28, 16, 8, 11, 8, 39]
    PRED: [15, 10, 19, 2, 28, 30, 39, 27, 17, 19, 1, 22, 2, 8, 39]
    Edit distance: 10/20
  Sample 1:
    TRUE: [27, 16, 7, 39, 26, 11, 7, 2, 28, 30, 39, 28, 10, 34, 27, 2, 20, 39, 28, 5, 22, 8, 39, 20, 16, 31, 2, 14, 27, 1, 13, 28, 39]
    PRED: [19, 17, 7, 39, 26, 11, 29, 18, 2, 37, 39, 28, 10, 34, 2, 20, 39, 14, 2, 22, 37, 39, 22, 10, 9, 2, 14, 1, 13, 39]
    Edit distance: 15/33
  Sample 2:
    TRUE: [28, 24, 39, 27, 33, 20, 37, 39, 35, 17, 39, 21, 12, 8, 39, 16, 22, 39, 2, 22, 2, 6, 1, 29, 30, 39, 19, 2, 20, 33, 38, 2, 22, 39]
    PRED: [9, 24, 39, 27, 33, 20, 37, 39, 35, 17, 39, 21, 12, 8, 39, 16, 22, 39, 2, 22, 11, 34, 2, 38, 39, 19, 2, 20, 33, 38, 2, 22, 39]
    Edit distance: 6/34
  Sample 3:
    TRUE: [20, 3, 27, 17, 37, 39, 19, 0, 28, 30, 33, 21, 39, 22, 17, 8, 2, 8, 39, 6, 20, 1, 19, 39, 14, 20, 2, 34, 37, 39, 30, 33, 39, 6, 17, 39, 19, 2, 21, 26, 20, 17, 30, 20, 17, 39, 10, 20, 2, 14, 2, 22, 30, 39]
    PRED: [30, 27, 24, 11, 39, 19, 12, 28, 33, 21, 39, 22, 17, 8, 39, 6, 20, 1, 19, 39, 20, 2, 34, 37, 39, 30, 33, 39, 6, 17, 39, 19, 2, 21, 20, 17, 39, 1, 20, 2, 22, 8, 39]
    Edit distance: 17/54
  Sample 4:
    TRUE: [9, 2, 39, 30, 33, 31, 39, 13, 10, 27, 17, 39, 13, 11, 14, 0, 30, 39, 30, 33, 39, 19, 2, 21, 39, 35, 10, 22, 39, 27, 0, 18, 11, 37, 39, 30, 33, 31, 39, 13, 10, 20, 39, 4, 30, 39]
    PRED: [9, 2, 39, 27, 33, 31, 39, 34, 10, 27, 17, 11, 39, 13, 27, 17, 3, 14, 39, 30, 33, 39, 19, 2, 21, 39, 27, 10, 22, 8, 39, 3, 27, 18, 11, 37, 39, 31, 11, 31, 39, 13, 17, 20, 39, 4, 30, 39]
    Edit distance: 14/46

============================================================
Batch 30500 | Val PER: 0.2097
============================================================
  Sample 0:
    TRUE: [31, 17, 0, 19, 27, 2, 28, 17, 39, 27, 17, 19, 2, 22, 28, 16, 8, 11, 8, 39]
    PRED: [19, 2, 28, 39, 27, 17, 14, 27, 0, 22, 8, 2, 8, 39]
    Edit distance: 11/20
  Sample 1:
    TRUE: [27, 16, 7, 39, 26, 11, 7, 2, 28, 30, 39, 28, 10, 34, 27, 2, 20, 39, 28, 5, 22, 8, 39, 20, 16, 31, 2, 14, 27, 1, 13, 28, 39]
    PRED: [27, 12, 7, 39, 26, 11, 29, 16, 30, 37, 39, 28, 10, 34, 2, 20, 39, 15, 2, 22, 37, 39, 20, 17, 2, 13, 39]
    Edit distance: 15/33
  Sample 2:
    TRUE: [28, 24, 39, 27, 33, 20, 37, 39, 35, 17, 39, 21, 12, 8, 39, 16, 22, 39, 2, 22, 2, 6, 1, 29, 30, 39, 19, 2, 20, 33, 38, 2, 22, 39]
    PRED: [28, 24, 39, 27, 33, 20, 37, 39, 35, 17, 39, 21, 12, 8, 39, 16, 22, 39, 2, 22, 11, 34, 2, 29, 39, 19, 2, 20, 33, 38, 2, 22, 39]
    Edit distance: 4/34
  Sample 3:
    TRUE: [20, 3, 27, 17, 37, 39, 19, 0, 28, 30, 33, 21, 39, 22, 17, 8, 2, 8, 39, 6, 20, 1, 19, 39, 14, 20, 2, 34, 37, 39, 30, 33, 39, 6, 17, 39, 19, 2, 21, 26, 20, 17, 30, 20, 17, 39, 10, 20, 2, 14, 2, 22, 30, 39]
    PRED: [19, 35, 25, 39, 19, 0, 28, 33, 21, 39, 22, 17, 8, 2, 8, 39, 6, 20, 12, 19, 39, 20, 2, 34, 8, 39, 30, 33, 39, 6, 17, 39, 19, 2, 21, 26, 20, 17, 20, 39, 2, 20, 14, 2, 8, 39]
    Edit distance: 15/54
  Sample 4:
    TRUE: [9, 2, 39, 30, 33, 31, 39, 13, 10, 27, 17, 39, 13, 11, 14, 0, 30, 39, 30, 33, 39, 19, 2, 21, 39, 35, 10, 22, 39, 27, 0, 18, 11, 37, 39, 30, 33, 31, 39, 13, 10, 20, 39, 4, 30, 39]
    PRED: [9, 2, 39, 30, 33, 31, 39, 34, 10, 27, 17, 39, 27, 16, 14, 3, 30, 39, 30, 33, 39, 19, 2, 21, 39, 27, 10, 22, 8, 39, 3, 27, 8, 11, 37, 39, 31, 33, 37, 39, 13, 4, 20, 39, 4, 30, 39]
    Edit distance: 12/46

============================================================
Batch 31000 | Val PER: 0.2077
============================================================
  Sample 0:
    TRUE: [31, 17, 0, 19, 27, 2, 28, 17, 39, 27, 17, 19, 2, 22, 28, 16, 8, 11, 8, 39]
    PRED: [2, 19, 2, 28, 39, 17, 19, 0, 22, 2, 39]
    Edit distance: 12/20
  Sample 1:
    TRUE: [27, 16, 7, 39, 26, 11, 7, 2, 28, 30, 39, 28, 10, 34, 27, 2, 20, 39, 28, 5, 22, 8, 39, 20, 16, 31, 2, 14, 27, 1, 13, 28, 39]
    PRED: [12, 7, 39, 26, 0, 7, 2, 30, 39, 28, 10, 34, 2, 20, 39, 4, 22, 39, 8, 16, 2, 13, 39]
    Edit distance: 14/33
  Sample 2:
    TRUE: [28, 24, 39, 27, 33, 20, 37, 39, 35, 17, 39, 21, 12, 8, 39, 16, 22, 39, 2, 22, 2, 6, 1, 29, 30, 39, 19, 2, 20, 33, 38, 2, 22, 39]
    PRED: [15, 11, 39, 27, 33, 20, 37, 39, 35, 11, 39, 21, 12, 22, 8, 39, 16, 22, 39, 2, 22, 2, 11, 35, 2, 28, 39, 19, 2, 20, 33, 38, 2, 22, 39]
    Edit distance: 8/34
  Sample 3:
    TRUE: [20, 3, 27, 17, 37, 39, 19, 0, 28, 30, 33, 21, 39, 22, 17, 8, 2, 8, 39, 6, 20, 1, 19, 39, 14, 20, 2, 34, 37, 39, 30, 33, 39, 6, 17, 39, 19, 2, 21, 26, 20, 17, 30, 20, 17, 39, 10, 20, 2, 14, 2, 22, 30, 39]
    PRED: [19, 27, 3, 11, 39, 19, 0, 28, 33, 21, 39, 22, 17, 8, 39, 6, 27, 2, 19, 39, 20, 16, 34, 39, 30, 33, 39, 6, 17, 39, 19, 2, 21, 26, 36, 2, 20, 11, 39, 10, 20, 2, 22, 39]
    Edit distance: 19/54
  Sample 4:
    TRUE: [9, 2, 39, 30, 33, 31, 39, 13, 10, 27, 17, 39, 13, 11, 14, 0, 30, 39, 30, 33, 39, 19, 2, 21, 39, 35, 10, 22, 39, 27, 0, 18, 11, 37, 39, 30, 33, 31, 39, 13, 10, 20, 39, 4, 30, 39]
    PRED: [9, 2, 39, 36, 33, 31, 39, 34, 10, 27, 17, 11, 39, 27, 17, 2, 19, 39, 30, 33, 39, 19, 5, 21, 39, 27, 2, 22, 39, 11, 17, 27, 7, 11, 39, 31, 11, 31, 39, 13, 4, 20, 39, 4, 30, 39]
    Edit distance: 19/46

============================================================
Batch 31500 | Val PER: 0.2154
============================================================
  Sample 0:
    TRUE: [31, 17, 0, 19, 27, 2, 28, 17, 39, 27, 17, 19, 2, 22, 28, 16, 8, 11, 8, 39]
    PRED: [27, 2, 19, 2, 28, 39, 27, 17, 14, 1, 22, 2, 8, 39]
    Edit distance: 11/20
  Sample 1:
    TRUE: [27, 16, 7, 39, 26, 11, 7, 2, 28, 30, 39, 28, 10, 34, 27, 2, 20, 39, 28, 5, 22, 8, 39, 20, 16, 31, 2, 14, 27, 1, 13, 28, 39]
    PRED: [27, 1, 7, 39, 26, 27, 2, 18, 2, 37, 39, 28, 10, 34, 2, 20, 39, 30, 5, 22, 39, 8, 16, 31, 2, 13, 39]
    Edit distance: 14/33
  Sample 2:
    TRUE: [28, 24, 39, 27, 33, 20, 37, 39, 35, 17, 39, 21, 12, 8, 39, 16, 22, 39, 2, 22, 2, 6, 1, 29, 30, 39, 19, 2, 20, 33, 38, 2, 22, 39]
    PRED: [28, 24, 39, 27, 24, 20, 37, 39, 35, 17, 39, 21, 12, 8, 39, 16, 22, 39, 16, 22, 2, 21, 34, 2, 28, 39, 19, 2, 20, 33, 38, 2, 22, 39]
    Edit distance: 6/34
  Sample 3:
    TRUE: [20, 3, 27, 17, 37, 39, 19, 0, 28, 30, 33, 21, 39, 22, 17, 8, 2, 8, 39, 6, 20, 1, 19, 39, 14, 20, 2, 34, 37, 39, 30, 33, 39, 6, 17, 39, 19, 2, 21, 26, 20, 17, 30, 20, 17, 39, 10, 20, 2, 14, 2, 22, 30, 39]
    PRED: [14, 27, 12, 11, 39, 19, 0, 28, 30, 33, 21, 39, 22, 17, 8, 39, 6, 1, 19, 39, 20, 2, 34, 37, 39, 30, 33, 39, 6, 17, 39, 19, 2, 21, 20, 17, 38, 11, 39, 10, 20, 2, 22, 39]
    Edit distance: 15/54
  Sample 4:
    TRUE: [9, 2, 39, 30, 33, 31, 39, 13, 10, 27, 17, 39, 13, 11, 14, 0, 30, 39, 30, 33, 39, 19, 2, 21, 39, 35, 10, 22, 39, 27, 0, 18, 11, 37, 39, 30, 33, 31, 39, 13, 10, 20, 39, 4, 30, 39]
    PRED: [9, 2, 39, 30, 27, 33, 31, 39, 34, 1, 27, 36, 11, 39, 26, 27, 17, 30, 3, 22, 39, 30, 33, 39, 19, 2, 21, 39, 13, 27, 2, 22, 39, 3, 18, 11, 37, 39, 31, 33, 37, 39, 13, 1, 20, 39, 4, 30, 39]
    Edit distance: 19/46

============================================================
Batch 32000 | Val PER: 0.2138
============================================================
  Sample 0:
    TRUE: [31, 17, 0, 19, 27, 2, 28, 17, 39, 27, 17, 19, 2, 22, 28, 16, 8, 11, 8, 39]
    PRED: [29, 27, 10, 19, 2, 28, 39, 27, 2, 14, 12, 22, 2, 8, 39]
    Edit distance: 12/20
  Sample 1:
    TRUE: [27, 16, 7, 39, 26, 11, 7, 2, 28, 30, 39, 28, 10, 34, 27, 2, 20, 39, 28, 5, 22, 8, 39, 20, 16, 31, 2, 14, 27, 1, 13, 28, 39]
    PRED: [27, 1, 7, 39, 26, 0, 27, 7, 2, 22, 30, 39, 28, 10, 34, 2, 20, 39, 2, 22, 8, 39, 20, 10, 14, 3, 27, 2, 13, 39]
    Edit distance: 13/33
  Sample 2:
    TRUE: [28, 24, 39, 27, 33, 20, 37, 39, 35, 17, 39, 21, 12, 8, 39, 16, 22, 39, 2, 22, 2, 6, 1, 29, 30, 39, 19, 2, 20, 33, 38, 2, 22, 39]
    PRED: [9, 24, 39, 27, 25, 20, 39, 35, 17, 39, 21, 12, 8, 39, 16, 22, 39, 2, 22, 2, 21, 34, 2, 28, 39, 19, 2, 20, 33, 38, 2, 22, 39]
    Edit distance: 7/34
  Sample 3:
    TRUE: [20, 3, 27, 17, 37, 39, 19, 0, 28, 30, 33, 21, 39, 22, 17, 8, 2, 8, 39, 6, 20, 1, 19, 39, 14, 20, 2, 34, 37, 39, 30, 33, 39, 6, 17, 39, 19, 2, 21, 26, 20, 17, 30, 20, 17, 39, 10, 20, 2, 14, 2, 22, 30, 39]
    PRED: [14, 27, 24, 27, 37, 39, 19, 0, 28, 30, 33, 21, 39, 22, 17, 8, 39, 6, 20, 2, 19, 39, 20, 2, 34, 39, 30, 33, 39, 6, 17, 39, 19, 2, 21, 26, 20, 17, 30, 11, 39, 10, 20, 2, 22, 30, 39]
    Edit distance: 13/54
  Sample 4:
    TRUE: [9, 2, 39, 30, 33, 31, 39, 13, 10, 27, 17, 39, 13, 11, 14, 0, 30, 39, 30, 33, 39, 19, 2, 21, 39, 35, 10, 22, 39, 27, 0, 18, 11, 37, 39, 30, 33, 31, 39, 13, 10, 20, 39, 4, 30, 39]
    PRED: [9, 2, 39, 30, 27, 33, 31, 39, 34, 1, 27, 17, 11, 39, 27, 17, 14, 8, 30, 39, 30, 33, 39, 19, 2, 21, 39, 27, 10, 22, 8, 39, 35, 10, 8, 11, 39, 31, 33, 31, 39, 13, 17, 20, 39, 4, 30, 39]
    Edit distance: 15/46

============================================================
Batch 32500 | Val PER: 0.2094
============================================================
  Sample 0:
    TRUE: [31, 17, 0, 19, 27, 2, 28, 17, 39, 27, 17, 19, 2, 22, 28, 16, 8, 11, 8, 39]
    PRED: [27, 0, 0, 19, 2, 28, 39, 27, 17, 14, 5, 22, 30, 2, 8, 39]
    Edit distance: 10/20
  Sample 1:
    TRUE: [27, 16, 7, 39, 26, 11, 7, 2, 28, 30, 39, 28, 10, 34, 27, 2, 20, 39, 28, 5, 22, 8, 39, 20, 16, 31, 2, 14, 27, 1, 13, 28, 39]
    PRED: [27, 1, 19, 39, 26, 0, 7, 2, 37, 39, 28, 10, 34, 2, 20, 39, 15, 12, 22, 8, 39, 20, 10, 27, 27, 27, 5, 13, 39]
    Edit distance: 14/33
  Sample 2:
    TRUE: [28, 24, 39, 27, 33, 20, 37, 39, 35, 17, 39, 21, 12, 8, 39, 16, 22, 39, 2, 22, 2, 6, 1, 29, 30, 39, 19, 2, 20, 33, 38, 2, 22, 39]
    PRED: [15, 24, 39, 27, 11, 20, 37, 39, 35, 17, 39, 21, 12, 8, 39, 16, 22, 39, 16, 22, 2, 21, 2, 28, 39, 19, 2, 20, 33, 38, 2, 22, 39]
    Edit distance: 7/34
  Sample 3:
    TRUE: [20, 3, 27, 17, 37, 39, 19, 0, 28, 30, 33, 21, 39, 22, 17, 8, 2, 8, 39, 6, 20, 1, 19, 39, 14, 20, 2, 34, 37, 39, 30, 33, 39, 6, 17, 39, 19, 2, 21, 26, 20, 17, 30, 20, 17, 39, 10, 20, 2, 14, 2, 22, 30, 39]
    PRED: [30, 27, 25, 39, 19, 1, 28, 33, 21, 39, 22, 12, 8, 39, 6, 21, 12, 19, 39, 20, 16, 34, 37, 39, 30, 33, 39, 6, 17, 39, 19, 2, 21, 26, 20, 17, 30, 20, 17, 39, 10, 20, 18, 2, 22, 8, 39]
    Edit distance: 16/54
  Sample 4:
    TRUE: [9, 2, 39, 30, 33, 31, 39, 13, 10, 27, 17, 39, 13, 11, 14, 0, 30, 39, 30, 33, 39, 19, 2, 21, 39, 35, 10, 22, 39, 27, 0, 18, 11, 37, 39, 30, 33, 31, 39, 13, 10, 20, 39, 4, 30, 39]
    PRED: [9, 2, 39, 30, 27, 33, 31, 39, 34, 1, 27, 17, 39, 13, 27, 17, 8, 2, 30, 2, 21, 39, 30, 33, 39, 19, 2, 21, 39, 27, 10, 22, 8, 39, 35, 0, 27, 18, 11, 37, 39, 20, 33, 31, 39, 13, 1, 20, 39, 4, 30, 39]
    Edit distance: 15/46

============================================================
Batch 33000 | Val PER: 0.2033
============================================================
  Sample 0:
    TRUE: [31, 17, 0, 19, 27, 2, 28, 17, 39, 27, 17, 19, 2, 22, 28, 16, 8, 11, 8, 39]
    PRED: [15, 2, 19, 2, 28, 39, 27, 17, 14, 2, 2, 8, 39]
    Edit distance: 11/20
  Sample 1:
    TRUE: [27, 16, 7, 39, 26, 11, 7, 2, 28, 30, 39, 28, 10, 34, 27, 2, 20, 39, 28, 5, 22, 8, 39, 20, 16, 31, 2, 14, 27, 1, 13, 28, 39]
    PRED: [27, 1, 7, 39, 26, 11, 27, 7, 2, 39, 10, 34, 2, 20, 39, 4, 22, 37, 39, 8, 10, 16, 13, 39]
    Edit distance: 17/33
  Sample 2:
    TRUE: [28, 24, 39, 27, 33, 20, 37, 39, 35, 17, 39, 21, 12, 8, 39, 16, 22, 39, 2, 22, 2, 6, 1, 29, 30, 39, 19, 2, 20, 33, 38, 2, 22, 39]
    PRED: [15, 24, 39, 27, 25, 20, 37, 39, 35, 17, 39, 21, 12, 8, 39, 16, 22, 39, 22, 2, 34, 10, 28, 30, 39, 19, 2, 20, 24, 38, 2, 22, 39]
    Edit distance: 7/34
  Sample 3:
    TRUE: [20, 3, 27, 17, 37, 39, 19, 0, 28, 30, 33, 21, 39, 22, 17, 8, 2, 8, 39, 6, 20, 1, 19, 39, 14, 20, 2, 34, 37, 39, 30, 33, 39, 6, 17, 39, 19, 2, 21, 26, 20, 17, 30, 20, 17, 39, 10, 20, 2, 14, 2, 22, 30, 39]
    PRED: [30, 35, 32, 37, 17, 39, 19, 4, 28, 33, 21, 39, 22, 12, 8, 39, 6, 2, 19, 39, 14, 16, 34, 39, 30, 33, 39, 6, 17, 39, 19, 2, 21, 26, 20, 2, 20, 11, 39, 10, 20, 2, 22, 8, 39]
    Edit distance: 21/54
  Sample 4:
    TRUE: [9, 2, 39, 30, 33, 31, 39, 13, 10, 27, 17, 39, 13, 11, 14, 0, 30, 39, 30, 33, 39, 19, 2, 21, 39, 35, 10, 22, 39, 27, 0, 18, 11, 37, 39, 30, 33, 31, 39, 13, 10, 20, 39, 4, 30, 39]
    PRED: [9, 2, 39, 36, 33, 31, 39, 34, 10, 27, 17, 11, 39, 13, 2, 14, 0, 30, 39, 30, 33, 39, 19, 2, 21, 39, 27, 2, 22, 8, 39, 3, 11, 39, 36, 33, 31, 39, 13, 4, 39, 4, 30, 39]
    Edit distance: 14/46

============================================================
Batch 33500 | Val PER: 0.2131
============================================================
  Sample 0:
    TRUE: [31, 17, 0, 19, 27, 2, 28, 17, 39, 27, 17, 19, 2, 22, 28, 16, 8, 11, 8, 39]
    PRED: [15, 27, 24, 19, 11, 37, 39, 27, 17, 27, 1, 22, 16, 8, 2, 8, 39]
    Edit distance: 11/20
  Sample 1:
    TRUE: [27, 16, 7, 39, 26, 11, 7, 2, 28, 30, 39, 28, 10, 34, 27, 2, 20, 39, 28, 5, 22, 8, 39, 20, 16, 31, 2, 14, 27, 1, 13, 28, 39]
    PRED: [27, 1, 19, 39, 26, 0, 7, 2, 37, 39, 28, 10, 34, 2, 20, 39, 15, 1, 22, 8, 39, 20, 16, 19, 14, 1, 34, 39]
    Edit distance: 13/33
  Sample 2:
    TRUE: [28, 24, 39, 27, 33, 20, 37, 39, 35, 17, 39, 21, 12, 8, 39, 16, 22, 39, 2, 22, 2, 6, 1, 29, 30, 39, 19, 2, 20, 33, 38, 2, 22, 39]
    PRED: [15, 24, 39, 27, 24, 20, 37, 39, 35, 17, 39, 21, 12, 8, 39, 16, 22, 39, 2, 22, 11, 21, 1, 29, 8, 39, 19, 2, 20, 24, 38, 2, 22, 39]
    Edit distance: 6/34
  Sample 3:
    TRUE: [20, 3, 27, 17, 37, 39, 19, 0, 28, 30, 33, 21, 39, 22, 17, 8, 2, 8, 39, 6, 20, 1, 19, 39, 14, 20, 2, 34, 37, 39, 30, 33, 39, 6, 17, 39, 19, 2, 21, 26, 20, 17, 30, 20, 17, 39, 10, 20, 2, 14, 2, 22, 30, 39]
    PRED: [30, 35, 5, 11, 39, 19, 4, 28, 33, 21, 39, 22, 12, 8, 39, 6, 1, 19, 39, 27, 2, 34, 37, 39, 30, 33, 39, 6, 17, 39, 19, 2, 21, 26, 36, 17, 30, 11, 39, 2, 20, 2, 8, 39]
    Edit distance: 21/54
  Sample 4:
    TRUE: [9, 2, 39, 30, 33, 31, 39, 13, 10, 27, 17, 39, 13, 11, 14, 0, 30, 39, 30, 33, 39, 19, 2, 21, 39, 35, 10, 22, 39, 27, 0, 18, 11, 37, 39, 30, 33, 31, 39, 13, 10, 20, 39, 4, 30, 39]
    PRED: [9, 2, 39, 27, 33, 31, 39, 13, 1, 27, 17, 11, 39, 13, 27, 11, 3, 30, 39, 30, 33, 39, 19, 2, 21, 39, 27, 1, 22, 8, 39, 35, 3, 7, 11, 37, 39, 31, 33, 31, 39, 13, 4, 20, 39, 4, 30, 39]
    Edit distance: 14/46

============================================================
Batch 34000 | Val PER: 0.2057
============================================================
  Sample 0:
    TRUE: [31, 17, 0, 19, 27, 2, 28, 17, 39, 27, 17, 19, 2, 22, 28, 16, 8, 11, 8, 39]
    PRED: [29, 0, 19, 2, 28, 39, 27, 17, 14, 0, 22, 16, 30, 2, 8, 39]
    Edit distance: 9/20
  Sample 1:
    TRUE: [27, 16, 7, 39, 26, 11, 7, 2, 28, 30, 39, 28, 10, 34, 27, 2, 20, 39, 28, 5, 22, 8, 39, 20, 16, 31, 2, 14, 27, 1, 13, 28, 39]
    PRED: [27, 12, 19, 39, 26, 0, 29, 2, 37, 39, 28, 10, 34, 2, 20, 39, 4, 22, 8, 39, 20, 10, 14, 11, 20, 11, 14, 27, 1, 13, 39]
    Edit distance: 15/33
  Sample 2:
    TRUE: [28, 24, 39, 27, 33, 20, 37, 39, 35, 17, 39, 21, 12, 8, 39, 16, 22, 39, 2, 22, 2, 6, 1, 29, 30, 39, 19, 2, 20, 33, 38, 2, 22, 39]
    PRED: [9, 2, 39, 27, 24, 20, 37, 39, 35, 17, 39, 21, 12, 8, 39, 16, 22, 39, 2, 22, 11, 21, 34, 2, 1, 28, 39, 19, 2, 20, 24, 38, 2, 22, 39]
    Edit distance: 10/34
  Sample 3:
    TRUE: [20, 3, 27, 17, 37, 39, 19, 0, 28, 30, 33, 21, 39, 22, 17, 8, 2, 8, 39, 6, 20, 1, 19, 39, 14, 20, 2, 34, 37, 39, 30, 33, 39, 6, 17, 39, 19, 2, 21, 26, 20, 17, 30, 20, 17, 39, 10, 20, 2, 14, 2, 22, 30, 39]
    PRED: [14, 27, 32, 27, 39, 19, 1, 28, 30, 2, 21, 39, 22, 17, 8, 39, 6, 1, 19, 39, 20, 2, 34, 37, 39, 30, 33, 39, 6, 17, 39, 19, 2, 21, 17, 20, 2, 20, 11, 39, 2, 20, 2, 22, 30, 39]
    Edit distance: 17/54
  Sample 4:
    TRUE: [9, 2, 39, 30, 33, 31, 39, 13, 10, 27, 17, 39, 13, 11, 14, 0, 30, 39, 30, 33, 39, 19, 2, 21, 39, 35, 10, 22, 39, 27, 0, 18, 11, 37, 39, 30, 33, 31, 39, 13, 10, 20, 39, 4, 30, 39]
    PRED: [9, 2, 39, 30, 27, 33, 31, 39, 34, 1, 27, 17, 11, 39, 26, 27, 11, 14, 0, 30, 39, 30, 33, 39, 19, 2, 21, 39, 27, 2, 22, 8, 39, 35, 0, 27, 11, 37, 39, 31, 11, 31, 39, 13, 4, 27, 20, 39, 4, 30, 39]
    Edit distance: 15/46

============================================================
Batch 34500 | Val PER: 0.2092
============================================================
  Sample 0:
    TRUE: [31, 17, 0, 19, 27, 2, 28, 17, 39, 27, 17, 19, 2, 22, 28, 16, 8, 11, 8, 39]
    PRED: [27, 24, 19, 2, 28, 39, 27, 2, 14, 35, 0, 22, 30, 2, 8, 39]
    Edit distance: 13/20
  Sample 1:
    TRUE: [27, 16, 7, 39, 26, 11, 7, 2, 28, 30, 39, 28, 10, 34, 27, 2, 20, 39, 28, 5, 22, 8, 39, 20, 16, 31, 2, 14, 27, 1, 13, 28, 39]
    PRED: [27, 17, 7, 39, 26, 11, 7, 2, 17, 39, 28, 10, 34, 27, 2, 20, 39, 15, 5, 22, 8, 37, 39, 20, 10, 20, 24, 27, 2, 13, 39]
    Edit distance: 11/33
  Sample 2:
    TRUE: [28, 24, 39, 27, 33, 20, 37, 39, 35, 17, 39, 21, 12, 8, 39, 16, 22, 39, 2, 22, 2, 6, 1, 29, 30, 39, 19, 2, 20, 33, 38, 2, 22, 39]
    PRED: [9, 2, 39, 27, 17, 20, 37, 39, 35, 17, 39, 21, 12, 22, 39, 16, 22, 39, 2, 22, 2, 11, 21, 27, 2, 28, 39, 19, 2, 20, 33, 38, 2, 22, 39]
    Edit distance: 9/34
  Sample 3:
    TRUE: [20, 3, 27, 17, 37, 39, 19, 0, 28, 30, 33, 21, 39, 22, 17, 8, 2, 8, 39, 6, 20, 1, 19, 39, 14, 20, 2, 34, 37, 39, 30, 33, 39, 6, 17, 39, 19, 2, 21, 26, 20, 17, 30, 20, 17, 39, 10, 20, 2, 14, 2, 22, 30, 39]
    PRED: [30, 35, 25, 37, 39, 19, 35, 12, 28, 33, 21, 39, 22, 17, 8, 39, 6, 20, 32, 19, 39, 20, 2, 34, 37, 39, 30, 33, 39, 6, 17, 39, 19, 2, 21, 26, 17, 20, 17, 39, 10, 20, 2, 22, 30, 39]
    Edit distance: 15/54
  Sample 4:
    TRUE: [9, 2, 39, 30, 33, 31, 39, 13, 10, 27, 17, 39, 13, 11, 14, 0, 30, 39, 30, 33, 39, 19, 2, 21, 39, 35, 10, 22, 39, 27, 0, 18, 11, 37, 39, 30, 33, 31, 39, 13, 10, 20, 39, 4, 30, 39]
    PRED: [9, 2, 39, 30, 27, 33, 31, 39, 13, 20, 12, 17, 11, 39, 26, 27, 17, 30, 3, 19, 39, 30, 33, 39, 19, 2, 21, 39, 27, 10, 22, 8, 39, 27, 0, 7, 11, 39, 30, 33, 31, 39, 13, 17, 20, 39, 4, 30, 39]
    Edit distance: 15/46

============================================================
Batch 35000 | Val PER: 0.2048
============================================================
  Sample 0:
    TRUE: [31, 17, 0, 19, 27, 2, 28, 17, 39, 27, 17, 19, 2, 22, 28, 16, 8, 11, 8, 39]
    PRED: [29, 27, 0, 27, 19, 2, 28, 30, 39, 27, 10, 14, 27, 3, 27, 22, 8, 30, 2, 8, 39]
    Edit distance: 13/20
  Sample 1:
    TRUE: [27, 16, 7, 39, 26, 11, 7, 2, 28, 30, 39, 28, 10, 34, 27, 2, 20, 39, 28, 5, 22, 8, 39, 20, 16, 31, 2, 14, 27, 1, 13, 28, 39]
    PRED: [27, 1, 7, 39, 26, 0, 29, 2, 30, 39, 28, 10, 34, 2, 20, 39, 15, 2, 22, 8, 39, 20, 2, 31, 20, 2, 18, 2, 13, 39]
    Edit distance: 13/33
  Sample 2:
    TRUE: [28, 24, 39, 27, 33, 20, 37, 39, 35, 17, 39, 21, 12, 8, 39, 16, 22, 39, 2, 22, 2, 6, 1, 29, 30, 39, 19, 2, 20, 33, 38, 2, 22, 39]
    PRED: [9, 2, 39, 27, 25, 20, 37, 39, 35, 17, 39, 21, 12, 8, 39, 16, 22, 39, 2, 22, 3, 11, 2, 18, 39, 19, 2, 20, 33, 38, 2, 22, 39]
    Edit distance: 8/34
  Sample 3:
    TRUE: [20, 3, 27, 17, 37, 39, 19, 0, 28, 30, 33, 21, 39, 22, 17, 8, 2, 8, 39, 6, 20, 1, 19, 39, 14, 20, 2, 34, 37, 39, 30, 33, 39, 6, 17, 39, 19, 2, 21, 26, 20, 17, 30, 20, 17, 39, 10, 20, 2, 14, 2, 22, 30, 39]
    PRED: [35, 3, 37, 39, 19, 12, 28, 21, 39, 22, 17, 8, 39, 6, 20, 12, 19, 39, 20, 2, 34, 37, 39, 30, 33, 39, 6, 17, 39, 19, 2, 21, 26, 20, 17, 30, 20, 39, 10, 20, 2, 22, 8, 39]
    Edit distance: 14/54
  Sample 4:
    TRUE: [9, 2, 39, 30, 33, 31, 39, 13, 10, 27, 17, 39, 13, 11, 14, 0, 30, 39, 30, 33, 39, 19, 2, 21, 39, 35, 10, 22, 39, 27, 0, 18, 11, 37, 39, 30, 33, 31, 39, 13, 10, 20, 39, 4, 30, 39]
    PRED: [9, 2, 39, 30, 27, 33, 31, 39, 34, 1, 27, 17, 39, 26, 27, 2, 8, 0, 30, 39, 30, 33, 39, 19, 2, 21, 39, 27, 10, 22, 8, 39, 27, 5, 27, 18, 7, 11, 39, 31, 11, 31, 39, 13, 4, 20, 39, 4, 30, 39]
    Edit distance: 16/46

============================================================
Batch 35500 | Val PER: 0.2060
============================================================
  Sample 0:
    TRUE: [31, 17, 0, 19, 27, 2, 28, 17, 39, 27, 17, 19, 2, 22, 28, 16, 8, 11, 8, 39]
    PRED: [30, 0, 27, 19, 2, 28, 39, 27, 2, 14, 35, 0, 8, 2, 8, 39]
    Edit distance: 11/20
  Sample 1:
    TRUE: [27, 16, 7, 39, 26, 11, 7, 2, 28, 30, 39, 28, 10, 34, 27, 2, 20, 39, 28, 5, 22, 8, 39, 20, 16, 31, 2, 14, 27, 1, 13, 28, 39]
    PRED: [1, 7, 39, 26, 0, 29, 2, 30, 39, 30, 10, 34, 2, 20, 39, 15, 2, 22, 8, 39, 18, 2, 20, 14, 0, 13, 39]
    Edit distance: 16/33
  Sample 2:
    TRUE: [28, 24, 39, 27, 33, 20, 37, 39, 35, 17, 39, 21, 12, 8, 39, 16, 22, 39, 2, 22, 2, 6, 1, 29, 30, 39, 19, 2, 20, 33, 38, 2, 22, 39]
    PRED: [9, 2, 39, 27, 33, 20, 37, 39, 35, 17, 39, 21, 12, 8, 39, 16, 22, 39, 2, 22, 2, 11, 34, 2, 38, 39, 19, 2, 20, 33, 38, 2, 22, 39]
    Edit distance: 6/34
  Sample 3:
    TRUE: [20, 3, 27, 17, 37, 39, 19, 0, 28, 30, 33, 21, 39, 22, 17, 8, 2, 8, 39, 6, 20, 1, 19, 39, 14, 20, 2, 34, 37, 39, 30, 33, 39, 6, 17, 39, 19, 2, 21, 26, 20, 17, 30, 20, 17, 39, 10, 20, 2, 14, 2, 22, 30, 39]
    PRED: [14, 24, 11, 39, 19, 0, 28, 30, 21, 39, 22, 17, 8, 39, 6, 27, 2, 19, 39, 20, 2, 34, 39, 30, 33, 39, 6, 17, 39, 19, 2, 21, 26, 20, 2, 20, 11, 39, 2, 20, 2, 22, 39]
    Edit distance: 19/54
  Sample 4:
    TRUE: [9, 2, 39, 30, 33, 31, 39, 13, 10, 27, 17, 39, 13, 11, 14, 0, 30, 39, 30, 33, 39, 19, 2, 21, 39, 35, 10, 22, 39, 27, 0, 18, 11, 37, 39, 30, 33, 31, 39, 13, 10, 20, 39, 4, 30, 39]
    PRED: [9, 2, 39, 30, 33, 31, 39, 34, 1, 27, 11, 39, 13, 27, 11, 14, 3, 30, 39, 30, 33, 39, 19, 2, 21, 39, 27, 2, 22, 8, 39, 35, 3, 27, 8, 11, 39, 31, 33, 37, 31, 39, 13, 4, 20, 39, 4, 30, 39]
    Edit distance: 16/46

============================================================
Batch 36000 | Val PER: 0.2043
============================================================
  Sample 0:
    TRUE: [31, 17, 0, 19, 27, 2, 28, 17, 39, 27, 17, 19, 2, 22, 28, 16, 8, 11, 8, 39]
    PRED: [19, 27, 1, 0, 19, 2, 28, 39, 27, 2, 27, 14, 0, 27, 0, 2, 2, 8, 39]
    Edit distance: 13/20
  Sample 1:
    TRUE: [27, 16, 7, 39, 26, 11, 7, 2, 28, 30, 39, 28, 10, 34, 27, 2, 20, 39, 28, 5, 22, 8, 39, 20, 16, 31, 2, 14, 27, 1, 13, 28, 39]
    PRED: [35, 1, 7, 39, 26, 0, 27, 7, 2, 37, 39, 10, 34, 2, 20, 39, 15, 2, 22, 8, 39, 20, 10, 19, 27, 11, 27, 5, 13, 39]
    Edit distance: 16/33
  Sample 2:
    TRUE: [28, 24, 39, 27, 33, 20, 37, 39, 35, 17, 39, 21, 12, 8, 39, 16, 22, 39, 2, 22, 2, 6, 1, 29, 30, 39, 19, 2, 20, 33, 38, 2, 22, 39]
    PRED: [9, 24, 39, 27, 33, 20, 37, 39, 35, 17, 39, 21, 12, 8, 39, 16, 22, 39, 2, 22, 2, 34, 35, 11, 28, 39, 19, 2, 20, 33, 38, 2, 22, 39]
    Edit distance: 5/34
  Sample 3:
    TRUE: [20, 3, 27, 17, 37, 39, 19, 0, 28, 30, 33, 21, 39, 22, 17, 8, 2, 8, 39, 6, 20, 1, 19, 39, 14, 20, 2, 34, 37, 39, 30, 33, 39, 6, 17, 39, 19, 2, 21, 26, 20, 17, 30, 20, 17, 39, 10, 20, 2, 14, 2, 22, 30, 39]
    PRED: [19, 27, 3, 37, 39, 19, 0, 28, 2, 21, 39, 22, 17, 8, 39, 21, 2, 19, 39, 20, 16, 34, 37, 39, 30, 33, 39, 6, 17, 39, 2, 21, 2, 2, 11, 20, 17, 39, 10, 20, 2, 22, 39]
    Edit distance: 20/54
  Sample 4:
    TRUE: [9, 2, 39, 30, 33, 31, 39, 13, 10, 27, 17, 39, 13, 11, 14, 0, 30, 39, 30, 33, 39, 19, 2, 21, 39, 35, 10, 22, 39, 27, 0, 18, 11, 37, 39, 30, 33, 31, 39, 13, 10, 20, 39, 4, 30, 39]
    PRED: [9, 2, 39, 19, 36, 33, 31, 39, 34, 1, 27, 17, 39, 13, 27, 2, 30, 3, 30, 22, 39, 30, 33, 39, 19, 2, 21, 39, 27, 10, 22, 39, 35, 3, 27, 8, 11, 39, 31, 33, 31, 39, 13, 4, 20, 39, 4, 30, 39]
    Edit distance: 17/46

============================================================
Batch 36500 | Val PER: 0.2034
============================================================
  Sample 0:
    TRUE: [31, 17, 0, 19, 27, 2, 28, 17, 39, 27, 17, 19, 2, 22, 28, 16, 8, 11, 8, 39]
    PRED: [19, 27, 0, 27, 19, 2, 28, 30, 39, 27, 17, 14, 35, 3, 0, 16, 16, 8, 39]
    Edit distance: 11/20
  Sample 1:
    TRUE: [27, 16, 7, 39, 26, 11, 7, 2, 28, 30, 39, 28, 10, 34, 27, 2, 20, 39, 28, 5, 22, 8, 39, 20, 16, 31, 2, 14, 27, 1, 13, 28, 39]
    PRED: [27, 16, 7, 39, 26, 0, 29, 2, 30, 39, 28, 10, 34, 2, 20, 39, 15, 2, 22, 8, 39, 27, 10, 31, 9, 2, 27, 27, 5, 13, 39]
    Edit distance: 12/33
  Sample 2:
    TRUE: [28, 24, 39, 27, 33, 20, 37, 39, 35, 17, 39, 21, 12, 8, 39, 16, 22, 39, 2, 22, 2, 6, 1, 29, 30, 39, 19, 2, 20, 33, 38, 2, 22, 39]
    PRED: [9, 2, 39, 27, 33, 20, 37, 39, 35, 17, 39, 21, 12, 8, 39, 16, 22, 39, 2, 22, 11, 21, 1, 18, 39, 19, 2, 20, 24, 38, 2, 22, 39]
    Edit distance: 7/34
  Sample 3:
    TRUE: [20, 3, 27, 17, 37, 39, 19, 0, 28, 30, 33, 21, 39, 22, 17, 8, 2, 8, 39, 6, 20, 1, 19, 39, 14, 20, 2, 34, 37, 39, 30, 33, 39, 6, 17, 39, 19, 2, 21, 26, 20, 17, 30, 20, 17, 39, 10, 20, 2, 14, 2, 22, 30, 39]
    PRED: [35, 3, 37, 39, 29, 0, 36, 21, 39, 22, 17, 8, 39, 6, 27, 2, 19, 39, 20, 16, 34, 39, 30, 33, 39, 6, 17, 39, 19, 2, 21, 26, 17, 30, 20, 11, 39, 10, 20, 2, 22, 30, 39]
    Edit distance: 18/54
  Sample 4:
    TRUE: [9, 2, 39, 30, 33, 31, 39, 13, 10, 27, 17, 39, 13, 11, 14, 0, 30, 39, 30, 33, 39, 19, 2, 21, 39, 35, 10, 22, 39, 27, 0, 18, 11, 37, 39, 30, 33, 31, 39, 13, 10, 20, 39, 4, 30, 39]
    PRED: [9, 2, 39, 30, 27, 33, 31, 39, 34, 10, 27, 17, 39, 13, 27, 17, 14, 3, 39, 30, 33, 39, 19, 2, 21, 39, 27, 2, 22, 8, 39, 35, 3, 27, 8, 11, 39, 31, 33, 31, 39, 13, 4, 20, 39, 4, 30, 39]
    Edit distance: 16/46

============================================================
Batch 37000 | Val PER: 0.1983
============================================================
  Sample 0:
    TRUE: [31, 17, 0, 19, 27, 2, 28, 17, 39, 27, 17, 19, 2, 22, 28, 16, 8, 11, 8, 39]
    PRED: [19, 30, 19, 2, 28, 39, 27, 17, 14, 0, 30, 2, 8, 39]
    Edit distance: 12/20
  Sample 1:
    TRUE: [27, 16, 7, 39, 26, 11, 7, 2, 28, 30, 39, 28, 10, 34, 27, 2, 20, 39, 28, 5, 22, 8, 39, 20, 16, 31, 2, 14, 27, 1, 13, 28, 39]
    PRED: [27, 1, 7, 39, 26, 27, 0, 29, 7, 2, 30, 37, 39, 30, 10, 34, 2, 20, 39, 15, 12, 22, 8, 39, 20, 17, 13, 31, 27, 11, 14, 27, 0, 13, 39]
    Edit distance: 16/33
  Sample 2:
    TRUE: [28, 24, 39, 27, 33, 20, 37, 39, 35, 17, 39, 21, 12, 8, 39, 16, 22, 39, 2, 22, 2, 6, 1, 29, 30, 39, 19, 2, 20, 33, 38, 2, 22, 39]
    PRED: [28, 24, 39, 27, 33, 20, 37, 39, 35, 17, 39, 21, 12, 8, 39, 16, 22, 39, 16, 22, 11, 34, 2, 18, 39, 28, 19, 2, 20, 33, 38, 2, 22, 39]
    Edit distance: 7/34
  Sample 3:
    TRUE: [20, 3, 27, 17, 37, 39, 19, 0, 28, 30, 33, 21, 39, 22, 17, 8, 2, 8, 39, 6, 20, 1, 19, 39, 14, 20, 2, 34, 37, 39, 30, 33, 39, 6, 17, 39, 19, 2, 21, 26, 20, 17, 30, 20, 17, 39, 10, 20, 2, 14, 2, 22, 30, 39]
    PRED: [19, 35, 25, 17, 39, 19, 0, 28, 30, 2, 21, 39, 21, 12, 8, 39, 6, 27, 12, 19, 39, 20, 16, 34, 37, 39, 30, 33, 39, 6, 17, 39, 19, 2, 21, 26, 20, 17, 30, 20, 17, 39, 10, 20, 2, 22, 30, 39]
    Edit distance: 15/54
  Sample 4:
    TRUE: [9, 2, 39, 30, 33, 31, 39, 13, 10, 27, 17, 39, 13, 11, 14, 0, 30, 39, 30, 33, 39, 19, 2, 21, 39, 35, 10, 22, 39, 27, 0, 18, 11, 37, 39, 30, 33, 31, 39, 13, 10, 20, 39, 4, 30, 39]
    PRED: [9, 2, 39, 27, 33, 31, 39, 34, 1, 27, 17, 39, 26, 27, 17, 30, 3, 19, 30, 39, 30, 33, 39, 19, 2, 21, 39, 27, 2, 22, 8, 39, 35, 0, 8, 11, 39, 31, 33, 31, 39, 13, 1, 20, 39, 24, 30, 39]
    Edit distance: 18/46

============================================================
Batch 37500 | Val PER: 0.2014
============================================================
  Sample 0:
    TRUE: [31, 17, 0, 19, 27, 2, 28, 17, 39, 27, 17, 19, 2, 22, 28, 16, 8, 11, 8, 39]
    PRED: [27, 0, 27, 19, 11, 19, 37, 39, 27, 17, 14, 35, 0, 22, 8, 8, 2, 8, 39]
    Edit distance: 13/20
  Sample 1:
    TRUE: [27, 16, 7, 39, 26, 11, 7, 2, 28, 30, 39, 28, 10, 34, 27, 2, 20, 39, 28, 5, 22, 8, 39, 20, 16, 31, 2, 14, 27, 1, 13, 28, 39]
    PRED: [27, 16, 7, 39, 26, 0, 27, 7, 2, 37, 39, 10, 34, 2, 20, 39, 15, 1, 22, 8, 39, 20, 10, 11, 11, 14, 27, 1, 13, 39]
    Edit distance: 12/33
  Sample 2:
    TRUE: [28, 24, 39, 27, 33, 20, 37, 39, 35, 17, 39, 21, 12, 8, 39, 16, 22, 39, 2, 22, 2, 6, 1, 29, 30, 39, 19, 2, 20, 33, 38, 2, 22, 39]
    PRED: [9, 2, 39, 27, 24, 20, 37, 39, 35, 17, 39, 21, 12, 8, 39, 16, 22, 39, 2, 22, 2, 11, 34, 1, 37, 39, 19, 2, 20, 33, 38, 2, 22, 39]
    Edit distance: 7/34
  Sample 3:
    TRUE: [20, 3, 27, 17, 37, 39, 19, 0, 28, 30, 33, 21, 39, 22, 17, 8, 2, 8, 39, 6, 20, 1, 19, 39, 14, 20, 2, 34, 37, 39, 30, 33, 39, 6, 17, 39, 19, 2, 21, 26, 20, 17, 30, 20, 17, 39, 10, 20, 2, 14, 2, 22, 30, 39]
    PRED: [30, 35, 3, 27, 37, 39, 19, 0, 21, 39, 22, 17, 8, 39, 6, 20, 2, 19, 39, 20, 2, 34, 37, 39, 15, 33, 39, 6, 17, 39, 19, 2, 21, 26, 20, 17, 30, 20, 17, 39, 10, 20, 2, 22, 8, 39]
    Edit distance: 14/54
  Sample 4:
    TRUE: [9, 2, 39, 30, 33, 31, 39, 13, 10, 27, 17, 39, 13, 11, 14, 0, 30, 39, 30, 33, 39, 19, 2, 21, 39, 35, 10, 22, 39, 27, 0, 18, 11, 37, 39, 30, 33, 31, 39, 13, 10, 20, 39, 4, 30, 39]
    PRED: [9, 2, 39, 30, 27, 33, 31, 39, 34, 1, 27, 17, 39, 13, 27, 17, 14, 3, 30, 39, 30, 33, 39, 19, 2, 21, 39, 27, 10, 22, 8, 39, 35, 27, 0, 8, 11, 37, 39, 31, 11, 37, 31, 39, 13, 4, 39, 4, 30, 39]
    Edit distance: 15/46

============================================================
Batch 38000 | Val PER: 0.1992
============================================================
  Sample 0:
    TRUE: [31, 17, 0, 19, 27, 2, 28, 17, 39, 27, 17, 19, 2, 22, 28, 16, 8, 11, 8, 39]
    PRED: [19, 0, 0, 19, 2, 28, 39, 27, 2, 14, 35, 3, 0, 8, 8, 39]
    Edit distance: 11/20
  Sample 1:
    TRUE: [27, 16, 7, 39, 26, 11, 7, 2, 28, 30, 39, 28, 10, 34, 27, 2, 20, 39, 28, 5, 22, 8, 39, 20, 16, 31, 2, 14, 27, 1, 13, 28, 39]
    PRED: [27, 1, 7, 39, 26, 0, 27, 7, 2, 30, 39, 30, 28, 10, 34, 2, 20, 39, 15, 1, 22, 8, 39, 20, 16, 31, 20, 2, 27, 1, 13, 39]
    Edit distance: 11/33
  Sample 2:
    TRUE: [28, 24, 39, 27, 33, 20, 37, 39, 35, 17, 39, 21, 12, 8, 39, 16, 22, 39, 2, 22, 2, 6, 1, 29, 30, 39, 19, 2, 20, 33, 38, 2, 22, 39]
    PRED: [9, 2, 39, 27, 33, 20, 37, 39, 35, 11, 39, 21, 12, 8, 39, 16, 22, 39, 2, 22, 2, 11, 34, 10, 29, 39, 19, 2, 20, 33, 38, 2, 22, 39]
    Edit distance: 7/34
  Sample 3:
    TRUE: [20, 3, 27, 17, 37, 39, 19, 0, 28, 30, 33, 21, 39, 22, 17, 8, 2, 8, 39, 6, 20, 1, 19, 39, 14, 20, 2, 34, 37, 39, 30, 33, 39, 6, 17, 39, 19, 2, 21, 26, 20, 17, 30, 20, 17, 39, 10, 20, 2, 14, 2, 22, 30, 39]
    PRED: [30, 35, 3, 17, 39, 29, 24, 21, 39, 20, 17, 8, 39, 6, 27, 2, 19, 39, 18, 2, 6, 39, 30, 33, 39, 6, 17, 39, 28, 2, 21, 26, 20, 2, 30, 20, 17, 39, 10, 20, 2, 22, 30, 39]
    Edit distance: 22/54
  Sample 4:
    TRUE: [9, 2, 39, 30, 33, 31, 39, 13, 10, 27, 17, 39, 13, 11, 14, 0, 30, 39, 30, 33, 39, 19, 2, 21, 39, 35, 10, 22, 39, 27, 0, 18, 11, 37, 39, 30, 33, 31, 39, 13, 10, 20, 39, 4, 30, 39]
    PRED: [9, 2, 39, 30, 36, 33, 31, 39, 34, 1, 27, 17, 39, 13, 27, 11, 14, 3, 30, 39, 30, 33, 39, 19, 2, 21, 39, 27, 10, 22, 8, 39, 35, 3, 11, 39, 31, 11, 31, 39, 13, 4, 27, 39, 4, 30, 39]
    Edit distance: 15/46

============================================================
Batch 38500 | Val PER: 0.2018
============================================================
  Sample 0:
    TRUE: [31, 17, 0, 19, 27, 2, 28, 17, 39, 27, 17, 19, 2, 22, 28, 16, 8, 11, 8, 39]
    PRED: [19, 27, 19, 2, 28, 39, 27, 17, 14, 3, 22, 30, 2, 8, 39]
    Edit distance: 11/20
  Sample 1:
    TRUE: [27, 16, 7, 39, 26, 11, 7, 2, 28, 30, 39, 28, 10, 34, 27, 2, 20, 39, 28, 5, 22, 8, 39, 20, 16, 31, 2, 14, 27, 1, 13, 28, 39]
    PRED: [27, 1, 7, 39, 26, 27, 0, 7, 2, 30, 39, 30, 28, 10, 34, 2, 20, 39, 15, 1, 22, 8, 39, 8, 10, 9, 2, 1, 13, 39]
    Edit distance: 14/33
  Sample 2:
    TRUE: [28, 24, 39, 27, 33, 20, 37, 39, 35, 17, 39, 21, 12, 8, 39, 16, 22, 39, 2, 22, 2, 6, 1, 29, 30, 39, 19, 2, 20, 33, 38, 2, 22, 39]
    PRED: [9, 2, 39, 27, 33, 20, 37, 39, 35, 17, 39, 21, 12, 8, 39, 16, 22, 39, 2, 22, 2, 34, 2, 28, 18, 19, 39, 19, 2, 20, 33, 38, 2, 22, 39]
    Edit distance: 7/34
  Sample 3:
    TRUE: [20, 3, 27, 17, 37, 39, 19, 0, 28, 30, 33, 21, 39, 22, 17, 8, 2, 8, 39, 6, 20, 1, 19, 39, 14, 20, 2, 34, 37, 39, 30, 33, 39, 6, 17, 39, 19, 2, 21, 26, 20, 17, 30, 20, 17, 39, 10, 20, 2, 14, 2, 22, 30, 39]
    PRED: [30, 27, 17, 37, 17, 39, 28, 10, 28, 30, 2, 21, 39, 22, 17, 8, 39, 6, 20, 2, 19, 39, 20, 16, 6, 39, 30, 33, 39, 6, 17, 39, 19, 2, 21, 26, 20, 17, 30, 20, 17, 39, 10, 20, 2, 22, 30, 39]
    Edit distance: 15/54
  Sample 4:
    TRUE: [9, 2, 39, 30, 33, 31, 39, 13, 10, 27, 17, 39, 13, 11, 14, 0, 30, 39, 30, 33, 39, 19, 2, 21, 39, 35, 10, 22, 39, 27, 0, 18, 11, 37, 39, 30, 33, 31, 39, 13, 10, 20, 39, 4, 30, 39]
    PRED: [9, 2, 39, 30, 36, 33, 31, 39, 34, 1, 27, 20, 17, 39, 13, 27, 13, 17, 0, 30, 39, 30, 33, 39, 19, 2, 21, 39, 27, 10, 22, 8, 39, 35, 5, 8, 11, 39, 31, 33, 31, 39, 13, 4, 20, 39, 4, 30, 39]
    Edit distance: 15/46

============================================================
Batch 39000 | Val PER: 0.2009
============================================================
  Sample 0:
    TRUE: [31, 17, 0, 19, 27, 2, 28, 17, 39, 27, 17, 19, 2, 22, 28, 16, 8, 11, 8, 39]
    PRED: [19, 0, 0, 19, 2, 28, 39, 27, 10, 14, 0, 22, 30, 2, 8, 39]
    Edit distance: 11/20
  Sample 1:
    TRUE: [27, 16, 7, 39, 26, 11, 7, 2, 28, 30, 39, 28, 10, 34, 27, 2, 20, 39, 28, 5, 22, 8, 39, 20, 16, 31, 2, 14, 27, 1, 13, 28, 39]
    PRED: [27, 1, 7, 39, 26, 27, 0, 27, 29, 2, 37, 39, 30, 28, 10, 34, 27, 2, 20, 39, 15, 1, 8, 37, 39, 19, 20, 10, 14, 31, 9, 2, 2, 13, 39]
    Edit distance: 20/33
  Sample 2:
    TRUE: [28, 24, 39, 27, 33, 20, 37, 39, 35, 17, 39, 21, 12, 8, 39, 16, 22, 39, 2, 22, 2, 6, 1, 29, 30, 39, 19, 2, 20, 33, 38, 2, 22, 39]
    PRED: [9, 2, 39, 27, 33, 20, 37, 39, 35, 11, 39, 21, 12, 8, 39, 16, 22, 39, 2, 22, 2, 34, 5, 28, 39, 19, 2, 20, 33, 38, 2, 22, 39]
    Edit distance: 7/34
  Sample 3:
    TRUE: [20, 3, 27, 17, 37, 39, 19, 0, 28, 30, 33, 21, 39, 22, 17, 8, 2, 8, 39, 6, 20, 1, 19, 39, 14, 20, 2, 34, 37, 39, 30, 33, 39, 6, 17, 39, 19, 2, 21, 26, 20, 17, 30, 20, 17, 39, 10, 20, 2, 14, 2, 22, 30, 39]
    PRED: [30, 27, 3, 37, 39, 19, 0, 28, 30, 33, 2, 21, 39, 22, 17, 8, 2, 8, 39, 6, 20, 12, 19, 39, 20, 16, 34, 37, 39, 30, 33, 39, 6, 17, 39, 19, 2, 21, 26, 20, 17, 30, 20, 17, 39, 10, 20, 2, 22, 30, 39]
    Edit distance: 9/54
  Sample 4:
    TRUE: [9, 2, 39, 30, 33, 31, 39, 13, 10, 27, 17, 39, 13, 11, 14, 0, 30, 39, 30, 33, 39, 19, 2, 21, 39, 35, 10, 22, 39, 27, 0, 18, 11, 37, 39, 30, 33, 31, 39, 13, 10, 20, 39, 4, 30, 39]
    PRED: [9, 2, 39, 30, 27, 33, 31, 39, 34, 1, 27, 17, 39, 26, 27, 11, 8, 14, 3, 30, 39, 30, 33, 39, 19, 2, 21, 39, 27, 2, 22, 39, 27, 35, 0, 8, 11, 39, 31, 33, 31, 39, 13, 5, 20, 39, 4, 30, 39]
    Edit distance: 14/46

============================================================
Batch 39500 | Val PER: 0.1983
============================================================
  Sample 0:
    TRUE: [31, 17, 0, 19, 27, 2, 28, 17, 39, 27, 17, 19, 2, 22, 28, 16, 8, 11, 8, 39]
    PRED: [1, 19, 2, 28, 39, 27, 10, 14, 24, 0, 22, 16, 30, 2, 8, 39]
    Edit distance: 12/20
  Sample 1:
    TRUE: [27, 16, 7, 39, 26, 11, 7, 2, 28, 30, 39, 28, 10, 34, 27, 2, 20, 39, 28, 5, 22, 8, 39, 20, 16, 31, 2, 14, 27, 1, 13, 28, 39]
    PRED: [27, 1, 7, 39, 26, 27, 0, 7, 2, 39, 10, 34, 11, 20, 39, 1, 22, 8, 39, 20, 10, 11, 20, 10, 5, 13, 39]
    Edit distance: 17/33
  Sample 2:
    TRUE: [28, 24, 39, 27, 33, 20, 37, 39, 35, 17, 39, 21, 12, 8, 39, 16, 22, 39, 2, 22, 2, 6, 1, 29, 30, 39, 19, 2, 20, 33, 38, 2, 22, 39]
    PRED: [9, 2, 39, 27, 33, 20, 37, 39, 35, 17, 39, 21, 12, 8, 39, 16, 22, 39, 2, 22, 2, 11, 34, 10, 28, 39, 19, 2, 20, 33, 38, 2, 22, 39]
    Edit distance: 6/34
  Sample 3:
    TRUE: [20, 3, 27, 17, 37, 39, 19, 0, 28, 30, 33, 21, 39, 22, 17, 8, 2, 8, 39, 6, 20, 1, 19, 39, 14, 20, 2, 34, 37, 39, 30, 33, 39, 6, 17, 39, 19, 2, 21, 26, 20, 17, 30, 20, 17, 39, 10, 20, 2, 14, 2, 22, 30, 39]
    PRED: [30, 35, 25, 37, 39, 30, 5, 28, 30, 2, 21, 39, 22, 17, 8, 39, 6, 20, 1, 19, 39, 20, 16, 34, 39, 30, 33, 39, 6, 17, 39, 19, 2, 21, 26, 20, 17, 30, 20, 11, 17, 39, 10, 20, 2, 22, 39]
    Edit distance: 16/54
  Sample 4:
    TRUE: [9, 2, 39, 30, 33, 31, 39, 13, 10, 27, 17, 39, 13, 11, 14, 0, 30, 39, 30, 33, 39, 19, 2, 21, 39, 35, 10, 22, 39, 27, 0, 18, 11, 37, 39, 30, 33, 31, 39, 13, 10, 20, 39, 4, 30, 39]
    PRED: [9, 2, 39, 27, 33, 31, 39, 34, 1, 27, 17, 39, 13, 27, 11, 14, 3, 30, 39, 30, 33, 39, 19, 2, 21, 39, 27, 2, 22, 8, 39, 35, 5, 30, 11, 39, 30, 33, 31, 39, 13, 25, 20, 39, 4, 30, 39]
    Edit distance: 13/46

============================================================
Batch 40000 | Val PER: 0.2038
============================================================
  Sample 0:
    TRUE: [31, 17, 0, 19, 27, 2, 28, 17, 39, 27, 17, 19, 2, 22, 28, 16, 8, 11, 8, 39]
    PRED: [19, 1, 19, 11, 2, 28, 39, 27, 2, 14, 1, 22, 8, 8, 39]
    Edit distance: 11/20
  Sample 1:
    TRUE: [27, 16, 7, 39, 26, 11, 7, 2, 28, 30, 39, 28, 10, 34, 27, 2, 20, 39, 28, 5, 22, 8, 39, 20, 16, 31, 2, 14, 27, 1, 13, 28, 39]
    PRED: [27, 1, 7, 39, 26, 27, 0, 29, 2, 19, 37, 39, 28, 10, 34, 2, 11, 39, 19, 1, 22, 8, 39, 20, 10, 27, 14, 31, 20, 2, 14, 11, 1, 13, 39]
    Edit distance: 16/33
  Sample 2:
    TRUE: [28, 24, 39, 27, 33, 20, 37, 39, 35, 17, 39, 21, 12, 8, 39, 16, 22, 39, 2, 22, 2, 6, 1, 29, 30, 39, 19, 2, 20, 33, 38, 2, 22, 39]
    PRED: [9, 2, 39, 27, 33, 20, 37, 39, 35, 17, 39, 21, 12, 8, 39, 16, 22, 39, 1, 22, 11, 34, 2, 28, 18, 39, 19, 2, 20, 33, 38, 2, 22, 39]
    Edit distance: 8/34
  Sample 3:
    TRUE: [20, 3, 27, 17, 37, 39, 19, 0, 28, 30, 33, 21, 39, 22, 17, 8, 2, 8, 39, 6, 20, 1, 19, 39, 14, 20, 2, 34, 37, 39, 30, 33, 39, 6, 17, 39, 19, 2, 21, 26, 20, 17, 30, 20, 17, 39, 10, 20, 2, 14, 2, 22, 30, 39]
    PRED: [30, 27, 17, 37, 39, 19, 1, 29, 30, 33, 21, 39, 22, 17, 8, 39, 6, 20, 1, 19, 39, 20, 16, 34, 37, 39, 30, 33, 39, 6, 17, 39, 19, 2, 21, 36, 17, 30, 20, 11, 39, 10, 20, 2, 22, 39]
    Edit distance: 14/54
  Sample 4:
    TRUE: [9, 2, 39, 30, 33, 31, 39, 13, 10, 27, 17, 39, 13, 11, 14, 0, 30, 39, 30, 33, 39, 19, 2, 21, 39, 35, 10, 22, 39, 27, 0, 18, 11, 37, 39, 30, 33, 31, 39, 13, 10, 20, 39, 4, 30, 39]
    PRED: [9, 2, 39, 14, 27, 33, 31, 39, 34, 1, 27, 17, 39, 26, 27, 17, 3, 19, 30, 39, 30, 33, 39, 19, 2, 21, 39, 13, 27, 2, 22, 39, 27, 0, 18, 11, 39, 31, 27, 33, 37, 31, 39, 13, 4, 20, 39, 4, 30, 39]
    Edit distance: 17/46

============================================================
Batch 40500 | Val PER: 0.2023
============================================================
  Sample 0:
    TRUE: [31, 17, 0, 19, 27, 2, 28, 17, 39, 27, 17, 19, 2, 22, 28, 16, 8, 11, 8, 39]
    PRED: [10, 19, 7, 2, 28, 39, 27, 2, 14, 1, 22, 30, 8, 39]
    Edit distance: 12/20
  Sample 1:
    TRUE: [27, 16, 7, 39, 26, 11, 7, 2, 28, 30, 39, 28, 10, 34, 27, 2, 20, 39, 28, 5, 22, 8, 39, 20, 16, 31, 2, 14, 27, 1, 13, 28, 39]
    PRED: [27, 1, 7, 39, 26, 27, 0, 7, 2, 30, 39, 28, 10, 34, 2, 20, 39, 15, 1, 22, 8, 39, 27, 10, 14, 31, 20, 11, 27, 1, 13, 39]
    Edit distance: 13/33
  Sample 2:
    TRUE: [28, 24, 39, 27, 33, 20, 37, 39, 35, 17, 39, 21, 12, 8, 39, 16, 22, 39, 2, 22, 2, 6, 1, 29, 30, 39, 19, 2, 20, 33, 38, 2, 22, 39]
    PRED: [9, 2, 39, 27, 33, 20, 37, 39, 35, 17, 39, 21, 12, 8, 39, 16, 22, 39, 1, 22, 2, 11, 34, 10, 28, 30, 39, 19, 2, 20, 33, 38, 2, 22, 39]
    Edit distance: 7/34
  Sample 3:
    TRUE: [20, 3, 27, 17, 37, 39, 19, 0, 28, 30, 33, 21, 39, 22, 17, 8, 2, 8, 39, 6, 20, 1, 19, 39, 14, 20, 2, 34, 37, 39, 30, 33, 39, 6, 17, 39, 19, 2, 21, 26, 20, 17, 30, 20, 17, 39, 10, 20, 2, 14, 2, 22, 30, 39]
    PRED: [14, 27, 25, 27, 37, 39, 19, 0, 28, 30, 15, 33, 21, 39, 22, 17, 8, 2, 8, 39, 6, 20, 2, 19, 39, 20, 16, 34, 37, 39, 30, 33, 20, 39, 6, 17, 39, 30, 2, 21, 11, 30, 20, 17, 39, 10, 20, 18, 2, 22, 30, 39]
    Edit distance: 15/54
  Sample 4:
    TRUE: [9, 2, 39, 30, 33, 31, 39, 13, 10, 27, 17, 39, 13, 11, 14, 0, 30, 39, 30, 33, 39, 19, 2, 21, 39, 35, 10, 22, 39, 27, 0, 18, 11, 37, 39, 30, 33, 31, 39, 13, 10, 20, 39, 4, 30, 39]
    PRED: [9, 2, 39, 27, 33, 31, 39, 34, 1, 27, 17, 39, 13, 27, 11, 8, 3, 30, 39, 30, 33, 39, 19, 2, 21, 39, 27, 2, 22, 8, 39, 35, 0, 7, 11, 37, 39, 31, 33, 31, 39, 13, 5, 20, 39, 4, 30, 39]
    Edit distance: 13/46

============================================================
Batch 41000 | Val PER: 0.2013
============================================================
  Sample 0:
    TRUE: [31, 17, 0, 19, 27, 2, 28, 17, 39, 27, 17, 19, 2, 22, 28, 16, 8, 11, 8, 39]
    PRED: [29, 27, 1, 27, 19, 2, 28, 39, 27, 2, 14, 22, 16, 30, 8, 39]
    Edit distance: 12/20
  Sample 1:
    TRUE: [27, 16, 7, 39, 26, 11, 7, 2, 28, 30, 39, 28, 10, 34, 27, 2, 20, 39, 28, 5, 22, 8, 39, 20, 16, 31, 2, 14, 27, 1, 13, 28, 39]
    PRED: [27, 1, 7, 39, 26, 0, 27, 7, 2, 19, 39, 30, 27, 10, 34, 2, 11, 39, 15, 1, 22, 8, 39, 20, 10, 31, 11, 27, 0, 13, 39]
    Edit distance: 16/33
  Sample 2:
    TRUE: [28, 24, 39, 27, 33, 20, 37, 39, 35, 17, 39, 21, 12, 8, 39, 16, 22, 39, 2, 22, 2, 6, 1, 29, 30, 39, 19, 2, 20, 33, 38, 2, 22, 39]
    PRED: [9, 2, 39, 27, 33, 20, 37, 39, 35, 16, 39, 21, 12, 8, 39, 16, 22, 39, 2, 22, 2, 34, 11, 2, 28, 39, 19, 2, 20, 33, 38, 2, 22, 39]
    Edit distance: 7/34
  Sample 3:
    TRUE: [20, 3, 27, 17, 37, 39, 19, 0, 28, 30, 33, 21, 39, 22, 17, 8, 2, 8, 39, 6, 20, 1, 19, 39, 14, 20, 2, 34, 37, 39, 30, 33, 39, 6, 17, 39, 19, 2, 21, 26, 20, 17, 30, 20, 17, 39, 10, 20, 2, 14, 2, 22, 30, 39]
    PRED: [19, 35, 17, 37, 39, 19, 0, 30, 33, 21, 39, 22, 17, 8, 39, 6, 20, 16, 19, 39, 19, 20, 16, 34, 37, 39, 30, 33, 20, 39, 6, 17, 39, 19, 2, 21, 26, 20, 17, 30, 20, 17, 39, 10, 20, 2, 22, 39]
    Edit distance: 13/54
  Sample 4:
    TRUE: [9, 2, 39, 30, 33, 31, 39, 13, 10, 27, 17, 39, 13, 11, 14, 0, 30, 39, 30, 33, 39, 19, 2, 21, 39, 35, 10, 22, 39, 27, 0, 18, 11, 37, 39, 30, 33, 31, 39, 13, 10, 20, 39, 4, 30, 39]
    PRED: [9, 2, 39, 19, 27, 33, 31, 39, 34, 1, 27, 17, 39, 13, 27, 11, 8, 3, 30, 39, 30, 33, 39, 19, 2, 21, 39, 27, 10, 22, 8, 39, 35, 11, 11, 39, 31, 33, 37, 31, 39, 13, 4, 27, 20, 39, 4, 30, 39]
    Edit distance: 17/46

============================================================
Batch 41500 | Val PER: 0.1973
============================================================
  Sample 0:
    TRUE: [31, 17, 0, 19, 27, 2, 28, 17, 39, 27, 17, 19, 2, 22, 28, 16, 8, 11, 8, 39]
    PRED: [29, 1, 19, 11, 2, 28, 39, 27, 2, 14, 35, 5, 22, 16, 2, 8, 39]
    Edit distance: 12/20
  Sample 1:
    TRUE: [27, 16, 7, 39, 26, 11, 7, 2, 28, 30, 39, 28, 10, 34, 27, 2, 20, 39, 28, 5, 22, 8, 39, 20, 16, 31, 2, 14, 27, 1, 13, 28, 39]
    PRED: [27, 1, 7, 39, 26, 0, 27, 29, 7, 2, 37, 39, 28, 10, 34, 2, 20, 39, 15, 4, 22, 8, 39, 22, 10, 31, 11, 2, 2, 13, 30, 39]
    Edit distance: 16/33
  Sample 2:
    TRUE: [28, 24, 39, 27, 33, 20, 37, 39, 35, 17, 39, 21, 12, 8, 39, 16, 22, 39, 2, 22, 2, 6, 1, 29, 30, 39, 19, 2, 20, 33, 38, 2, 22, 39]
    PRED: [9, 2, 39, 27, 33, 20, 37, 39, 35, 17, 39, 21, 12, 8, 39, 16, 22, 39, 16, 22, 2, 21, 2, 28, 39, 19, 2, 20, 33, 38, 2, 22, 39]
    Edit distance: 7/34
  Sample 3:
    TRUE: [20, 3, 27, 17, 37, 39, 19, 0, 28, 30, 33, 21, 39, 22, 17, 8, 2, 8, 39, 6, 20, 1, 19, 39, 14, 20, 2, 34, 37, 39, 30, 33, 39, 6, 17, 39, 19, 2, 21, 26, 20, 17, 30, 20, 17, 39, 10, 20, 2, 14, 2, 22, 30, 39]
    PRED: [30, 27, 3, 37, 17, 39, 19, 1, 29, 28, 21, 39, 22, 17, 8, 39, 6, 20, 2, 19, 39, 20, 16, 34, 37, 39, 30, 33, 39, 6, 17, 39, 19, 2, 21, 26, 17, 30, 20, 17, 39, 10, 20, 2, 22, 39]
    Edit distance: 17/54
  Sample 4:
    TRUE: [9, 2, 39, 30, 33, 31, 39, 13, 10, 27, 17, 39, 13, 11, 14, 0, 30, 39, 30, 33, 39, 19, 2, 21, 39, 35, 10, 22, 39, 27, 0, 18, 11, 37, 39, 30, 33, 31, 39, 13, 10, 20, 39, 4, 30, 39]
    PRED: [9, 2, 39, 27, 33, 31, 39, 13, 34, 1, 27, 17, 39, 13, 27, 2, 8, 3, 30, 39, 30, 33, 39, 19, 2, 21, 39, 27, 10, 22, 8, 39, 27, 11, 8, 11, 37, 39, 30, 33, 31, 39, 13, 12, 20, 39, 4, 30, 39]
    Edit distance: 12/46

============================================================
Batch 42000 | Val PER: 0.1992
============================================================
  Sample 0:
    TRUE: [31, 17, 0, 19, 27, 2, 28, 17, 39, 27, 17, 19, 2, 22, 28, 16, 8, 11, 8, 39]
    PRED: [0, 19, 2, 28, 39, 27, 10, 14, 2, 22, 30, 16, 8, 39]
    Edit distance: 9/20
  Sample 1:
    TRUE: [27, 16, 7, 39, 26, 11, 7, 2, 28, 30, 39, 28, 10, 34, 27, 2, 20, 39, 28, 5, 22, 8, 39, 20, 16, 31, 2, 14, 27, 1, 13, 28, 39]
    PRED: [27, 12, 19, 39, 28, 26, 3, 27, 7, 2, 22, 30, 39, 10, 34, 2, 11, 39, 15, 1, 22, 37, 39, 27, 2, 19, 31, 2, 2, 13, 39]
    Edit distance: 19/33
  Sample 2:
    TRUE: [28, 24, 39, 27, 33, 20, 37, 39, 35, 17, 39, 21, 12, 8, 39, 16, 22, 39, 2, 22, 2, 6, 1, 29, 30, 39, 19, 2, 20, 33, 38, 2, 22, 39]
    PRED: [9, 2, 39, 27, 33, 20, 37, 39, 35, 17, 39, 21, 12, 8, 39, 16, 22, 39, 16, 22, 2, 21, 1, 28, 30, 39, 19, 2, 20, 33, 38, 2, 22, 39]
    Edit distance: 5/34
  Sample 3:
    TRUE: [20, 3, 27, 17, 37, 39, 19, 0, 28, 30, 33, 21, 39, 22, 17, 8, 2, 8, 39, 6, 20, 1, 19, 39, 14, 20, 2, 34, 37, 39, 30, 33, 39, 6, 17, 39, 19, 2, 21, 26, 20, 17, 30, 20, 17, 39, 10, 20, 2, 14, 2, 22, 30, 39]
    PRED: [27, 25, 17, 37, 39, 19, 28, 0, 28, 33, 21, 39, 21, 12, 8, 39, 20, 12, 19, 39, 20, 2, 34, 37, 39, 30, 33, 8, 39, 6, 17, 39, 2, 21, 26, 20, 17, 30, 20, 17, 39, 10, 20, 2, 22, 8, 39]
    Edit distance: 17/54
  Sample 4:
    TRUE: [9, 2, 39, 30, 33, 31, 39, 13, 10, 27, 17, 39, 13, 11, 14, 0, 30, 39, 30, 33, 39, 19, 2, 21, 39, 35, 10, 22, 39, 27, 0, 18, 11, 37, 39, 30, 33, 31, 39, 13, 10, 20, 39, 4, 30, 39]
    PRED: [9, 2, 39, 27, 33, 31, 39, 34, 1, 27, 17, 39, 26, 27, 2, 8, 30, 39, 30, 33, 39, 19, 2, 21, 39, 27, 2, 22, 8, 39, 35, 10, 8, 11, 37, 39, 30, 33, 31, 39, 13, 25, 20, 39, 4, 30, 39]
    Edit distance: 14/46

============================================================
Batch 42500 | Val PER: 0.2074
============================================================
  Sample 0:
    TRUE: [31, 17, 0, 19, 27, 2, 28, 17, 39, 27, 17, 19, 2, 22, 28, 16, 8, 11, 8, 39]
    PRED: [24, 19, 2, 28, 39, 17, 24, 0, 37, 16, 8, 39]
    Edit distance: 12/20
  Sample 1:
    TRUE: [27, 16, 7, 39, 26, 11, 7, 2, 28, 30, 39, 28, 10, 34, 27, 2, 20, 39, 28, 5, 22, 8, 39, 20, 16, 31, 2, 14, 27, 1, 13, 28, 39]
    PRED: [35, 1, 7, 39, 26, 0, 7, 2, 39, 30, 10, 34, 2, 20, 39, 2, 22, 8, 39, 20, 10, 11, 0, 13, 39]
    Edit distance: 16/33
  Sample 2:
    TRUE: [28, 24, 39, 27, 33, 20, 37, 39, 35, 17, 39, 21, 12, 8, 39, 16, 22, 39, 2, 22, 2, 6, 1, 29, 30, 39, 19, 2, 20, 33, 38, 2, 22, 39]
    PRED: [9, 2, 39, 27, 33, 20, 37, 39, 35, 11, 39, 21, 12, 8, 39, 16, 22, 39, 1, 22, 2, 35, 2, 5, 28, 39, 19, 2, 20, 24, 38, 2, 22, 39]
    Edit distance: 9/34
  Sample 3:
    TRUE: [20, 3, 27, 17, 37, 39, 19, 0, 28, 30, 33, 21, 39, 22, 17, 8, 2, 8, 39, 6, 20, 1, 19, 39, 14, 20, 2, 34, 37, 39, 30, 33, 39, 6, 17, 39, 19, 2, 21, 26, 20, 17, 30, 20, 17, 39, 10, 20, 2, 14, 2, 22, 30, 39]
    PRED: [30, 35, 10, 9, 39, 28, 0, 21, 39, 22, 17, 8, 39, 6, 27, 2, 19, 39, 20, 2, 34, 39, 35, 32, 8, 39, 6, 17, 39, 19, 2, 21, 26, 11, 2, 20, 11, 39, 10, 20, 2, 22, 39]
    Edit distance: 25/54
  Sample 4:
    TRUE: [9, 2, 39, 30, 33, 31, 39, 13, 10, 27, 17, 39, 13, 11, 14, 0, 30, 39, 30, 33, 39, 19, 2, 21, 39, 35, 10, 22, 39, 27, 0, 18, 11, 37, 39, 30, 33, 31, 39, 13, 10, 20, 39, 4, 30, 39]
    PRED: [9, 2, 39, 24, 31, 39, 34, 1, 20, 24, 11, 39, 13, 11, 3, 30, 39, 30, 33, 39, 19, 2, 21, 39, 27, 2, 22, 8, 39, 35, 0, 7, 11, 39, 31, 11, 31, 39, 13, 3, 27, 20, 39, 4, 30, 39]
    Edit distance: 19/46

============================================================
Batch 43000 | Val PER: 0.2030
============================================================
  Sample 0:
    TRUE: [31, 17, 0, 19, 27, 2, 28, 17, 39, 27, 17, 19, 2, 22, 28, 16, 8, 11, 8, 39]
    PRED: [29, 27, 2, 19, 2, 28, 39, 27, 2, 14, 27, 0, 8, 16, 8, 39]
    Edit distance: 11/20
  Sample 1:
    TRUE: [27, 16, 7, 39, 26, 11, 7, 2, 28, 30, 39, 28, 10, 34, 27, 2, 20, 39, 28, 5, 22, 8, 39, 20, 16, 31, 2, 14, 27, 1, 13, 28, 39]
    PRED: [27, 1, 7, 39, 26, 0, 7, 2, 37, 39, 30, 27, 10, 34, 2, 20, 39, 14, 2, 22, 37, 39, 8, 27, 10, 31, 11, 11, 1, 13, 39]
    Edit distance: 17/33
  Sample 2:
    TRUE: [28, 24, 39, 27, 33, 20, 37, 39, 35, 17, 39, 21, 12, 8, 39, 16, 22, 39, 2, 22, 2, 6, 1, 29, 30, 39, 19, 2, 20, 33, 38, 2, 22, 39]
    PRED: [9, 2, 39, 27, 33, 20, 37, 39, 35, 17, 39, 21, 12, 8, 39, 16, 22, 39, 16, 22, 2, 21, 34, 35, 2, 28, 39, 19, 2, 20, 33, 38, 2, 22, 39]
    Edit distance: 8/34
  Sample 3:
    TRUE: [20, 3, 27, 17, 37, 39, 19, 0, 28, 30, 33, 21, 39, 22, 17, 8, 2, 8, 39, 6, 20, 1, 19, 39, 14, 20, 2, 34, 37, 39, 30, 33, 39, 6, 17, 39, 19, 2, 21, 26, 20, 17, 30, 20, 17, 39, 10, 20, 2, 14, 2, 22, 30, 39]
    PRED: [30, 35, 5, 17, 39, 19, 3, 28, 29, 28, 33, 21, 39, 22, 17, 8, 39, 6, 27, 2, 19, 39, 20, 2, 6, 37, 39, 30, 33, 39, 6, 17, 39, 19, 2, 21, 26, 36, 17, 20, 11, 39, 10, 20, 2, 22, 8, 39]
    Edit distance: 19/54
  Sample 4:
    TRUE: [9, 2, 39, 30, 33, 31, 39, 13, 10, 27, 17, 39, 13, 11, 14, 0, 30, 39, 30, 33, 39, 19, 2, 21, 39, 35, 10, 22, 39, 27, 0, 18, 11, 37, 39, 30, 33, 31, 39, 13, 10, 20, 39, 4, 30, 39]
    PRED: [9, 2, 39, 30, 27, 33, 31, 39, 13, 1, 27, 24, 39, 13, 27, 17, 0, 3, 30, 39, 30, 33, 39, 19, 2, 21, 39, 13, 27, 2, 22, 8, 39, 35, 0, 7, 11, 39, 31, 11, 31, 39, 13, 0, 27, 39, 4, 30, 39]
    Edit distance: 17/46

============================================================
Batch 43500 | Val PER: 0.1974
============================================================
  Sample 0:
    TRUE: [31, 17, 0, 19, 27, 2, 28, 17, 39, 27, 17, 19, 2, 22, 28, 16, 8, 11, 8, 39]
    PRED: [19, 2, 19, 30, 2, 28, 39, 27, 17, 14, 0, 8, 30, 2, 8, 39]
    Edit distance: 12/20
  Sample 1:
    TRUE: [27, 16, 7, 39, 26, 11, 7, 2, 28, 30, 39, 28, 10, 34, 27, 2, 20, 39, 28, 5, 22, 8, 39, 20, 16, 31, 2, 14, 27, 1, 13, 28, 39]
    PRED: [27, 1, 7, 39, 26, 0, 7, 2, 37, 39, 10, 34, 2, 20, 39, 15, 1, 22, 37, 39, 27, 10, 31, 9, 2, 27, 24, 13, 39]
    Edit distance: 15/33
  Sample 2:
    TRUE: [28, 24, 39, 27, 33, 20, 37, 39, 35, 17, 39, 21, 12, 8, 39, 16, 22, 39, 2, 22, 2, 6, 1, 29, 30, 39, 19, 2, 20, 33, 38, 2, 22, 39]
    PRED: [9, 2, 39, 27, 33, 20, 37, 39, 35, 17, 39, 21, 12, 8, 39, 16, 22, 39, 16, 22, 2, 34, 5, 1, 2, 28, 30, 39, 19, 2, 20, 33, 38, 2, 22, 39]
    Edit distance: 7/34
  Sample 3:
    TRUE: [20, 3, 27, 17, 37, 39, 19, 0, 28, 30, 33, 21, 39, 22, 17, 8, 2, 8, 39, 6, 20, 1, 19, 39, 14, 20, 2, 34, 37, 39, 30, 33, 39, 6, 17, 39, 19, 2, 21, 26, 20, 17, 30, 20, 17, 39, 10, 20, 2, 14, 2, 22, 30, 39]
    PRED: [31, 25, 17, 39, 19, 0, 30, 33, 21, 39, 22, 17, 8, 2, 8, 39, 6, 20, 2, 19, 39, 20, 16, 37, 39, 30, 33, 39, 6, 17, 39, 28, 2, 21, 17, 30, 20, 17, 39, 10, 20, 2, 22, 30, 39]
    Edit distance: 14/54
  Sample 4:
    TRUE: [9, 2, 39, 30, 33, 31, 39, 13, 10, 27, 17, 39, 13, 11, 14, 0, 30, 39, 30, 33, 39, 19, 2, 21, 39, 35, 10, 22, 39, 27, 0, 18, 11, 37, 39, 30, 33, 31, 39, 13, 10, 20, 39, 4, 30, 39]
    PRED: [9, 2, 39, 30, 33, 31, 39, 34, 1, 27, 17, 39, 26, 27, 17, 3, 30, 39, 30, 33, 39, 19, 2, 21, 39, 27, 2, 22, 39, 35, 0, 11, 39, 31, 33, 31, 39, 13, 1, 27, 20, 39, 4, 30, 39]
    Edit distance: 14/46

============================================================
Batch 44000 | Val PER: 0.1990
============================================================
  Sample 0:
    TRUE: [31, 17, 0, 19, 27, 2, 28, 17, 39, 27, 17, 19, 2, 22, 28, 16, 8, 11, 8, 39]
    PRED: [19, 27, 24, 19, 30, 2, 28, 39, 27, 17, 14, 0, 22, 16, 30, 16, 8, 39]
    Edit distance: 10/20
  Sample 1:
    TRUE: [27, 16, 7, 39, 26, 11, 7, 2, 28, 30, 39, 28, 10, 34, 27, 2, 20, 39, 28, 5, 22, 8, 39, 20, 16, 31, 2, 14, 27, 1, 13, 28, 39]
    PRED: [27, 1, 7, 39, 26, 0, 29, 7, 2, 37, 39, 10, 34, 2, 20, 39, 15, 5, 22, 8, 39, 20, 16, 31, 2, 2, 13, 39]
    Edit distance: 12/33
  Sample 2:
    TRUE: [28, 24, 39, 27, 33, 20, 37, 39, 35, 17, 39, 21, 12, 8, 39, 16, 22, 39, 2, 22, 2, 6, 1, 29, 30, 39, 19, 2, 20, 33, 38, 2, 22, 39]
    PRED: [9, 2, 39, 27, 33, 20, 37, 39, 35, 11, 39, 21, 12, 8, 39, 16, 22, 39, 16, 22, 2, 21, 1, 28, 30, 39, 19, 35, 2, 20, 33, 38, 2, 22, 39]
    Edit distance: 7/34
  Sample 3:
    TRUE: [20, 3, 27, 17, 37, 39, 19, 0, 28, 30, 33, 21, 39, 22, 17, 8, 2, 8, 39, 6, 20, 1, 19, 39, 14, 20, 2, 34, 37, 39, 30, 33, 39, 6, 17, 39, 19, 2, 21, 26, 20, 17, 30, 20, 17, 39, 10, 20, 2, 14, 2, 22, 30, 39]
    PRED: [35, 17, 37, 39, 19, 0, 28, 15, 33, 21, 39, 22, 17, 8, 2, 8, 39, 6, 20, 2, 19, 39, 20, 16, 34, 37, 39, 30, 32, 39, 6, 17, 39, 19, 2, 21, 26, 17, 30, 20, 11, 39, 10, 20, 2, 22, 39]
    Edit distance: 13/54
  Sample 4:
    TRUE: [9, 2, 39, 30, 33, 31, 39, 13, 10, 27, 17, 39, 13, 11, 14, 0, 30, 39, 30, 33, 39, 19, 2, 21, 39, 35, 10, 22, 39, 27, 0, 18, 11, 37, 39, 30, 33, 31, 39, 13, 10, 20, 39, 4, 30, 39]
    PRED: [9, 2, 39, 27, 33, 31, 39, 34, 1, 27, 20, 30, 11, 39, 26, 27, 2, 3, 30, 2, 22, 39, 30, 33, 39, 19, 2, 21, 39, 27, 10, 22, 39, 35, 0, 30, 11, 37, 39, 22, 11, 31, 39, 13, 3, 27, 20, 39, 4, 30, 39]
    Edit distance: 19/46

============================================================
Batch 44500 | Val PER: 0.1947
============================================================
  Sample 0:
    TRUE: [31, 17, 0, 19, 27, 2, 28, 17, 39, 27, 17, 19, 2, 22, 28, 16, 8, 11, 8, 39]
    PRED: [27, 0, 19, 11, 28, 39, 27, 2, 19, 0, 22, 2, 8, 39]
    Edit distance: 11/20
  Sample 1:
    TRUE: [27, 16, 7, 39, 26, 11, 7, 2, 28, 30, 39, 28, 10, 34, 27, 2, 20, 39, 28, 5, 22, 8, 39, 20, 16, 31, 2, 14, 27, 1, 13, 28, 39]
    PRED: [27, 1, 7, 39, 26, 27, 0, 29, 2, 37, 39, 10, 34, 2, 20, 39, 19, 1, 22, 8, 39, 31, 2, 31, 11, 2, 5, 13, 39]
    Edit distance: 17/33
  Sample 2:
    TRUE: [28, 24, 39, 27, 33, 20, 37, 39, 35, 17, 39, 21, 12, 8, 39, 16, 22, 39, 2, 22, 2, 6, 1, 29, 30, 39, 19, 2, 20, 33, 38, 2, 22, 39]
    PRED: [9, 2, 39, 27, 33, 20, 37, 39, 35, 17, 39, 21, 12, 8, 39, 16, 22, 39, 2, 22, 2, 34, 1, 5, 37, 28, 30, 39, 19, 2, 20, 33, 38, 2, 22, 39]
    Edit distance: 6/34
  Sample 3:
    TRUE: [20, 3, 27, 17, 37, 39, 19, 0, 28, 30, 33, 21, 39, 22, 17, 8, 2, 8, 39, 6, 20, 1, 19, 39, 14, 20, 2, 34, 37, 39, 30, 33, 39, 6, 17, 39, 19, 2, 21, 26, 20, 17, 30, 20, 17, 39, 10, 20, 2, 14, 2, 22, 30, 39]
    PRED: [35, 17, 37, 39, 19, 1, 28, 30, 33, 21, 39, 22, 17, 8, 2, 8, 39, 6, 20, 12, 19, 39, 20, 3, 37, 39, 30, 33, 39, 6, 17, 39, 2, 21, 26, 17, 30, 20, 11, 39, 2, 20, 2, 22, 39]
    Edit distance: 15/54
  Sample 4:
    TRUE: [9, 2, 39, 30, 33, 31, 39, 13, 10, 27, 17, 39, 13, 11, 14, 0, 30, 39, 30, 33, 39, 19, 2, 21, 39, 35, 10, 22, 39, 27, 0, 18, 11, 37, 39, 30, 33, 31, 39, 13, 10, 20, 39, 4, 30, 39]
    PRED: [9, 2, 39, 30, 27, 33, 31, 39, 34, 10, 27, 17, 39, 13, 27, 11, 0, 30, 22, 39, 30, 33, 39, 19, 2, 21, 39, 27, 10, 22, 8, 39, 35, 0, 8, 11, 37, 39, 31, 33, 31, 39, 13, 3, 20, 39, 4, 30, 39]
    Edit distance: 11/46

============================================================
Batch 45000 | Val PER: 0.1923
============================================================
  Sample 0:
    TRUE: [31, 17, 0, 19, 27, 2, 28, 17, 39, 27, 17, 19, 2, 22, 28, 16, 8, 11, 8, 39]
    PRED: [29, 27, 0, 27, 19, 2, 28, 39, 27, 17, 14, 1, 22, 30, 2, 8, 39]
    Edit distance: 11/20
  Sample 1:
    TRUE: [27, 16, 7, 39, 26, 11, 7, 2, 28, 30, 39, 28, 10, 34, 27, 2, 20, 39, 28, 5, 22, 8, 39, 20, 16, 31, 2, 14, 27, 1, 13, 28, 39]
    PRED: [27, 1, 19, 39, 26, 0, 27, 29, 2, 22, 39, 10, 34, 2, 20, 39, 15, 1, 22, 8, 39, 20, 16, 31, 35, 2, 2, 34, 39]
    Edit distance: 17/33
  Sample 2:
    TRUE: [28, 24, 39, 27, 33, 20, 37, 39, 35, 17, 39, 21, 12, 8, 39, 16, 22, 39, 2, 22, 2, 6, 1, 29, 30, 39, 19, 2, 20, 33, 38, 2, 22, 39]
    PRED: [22, 24, 39, 27, 33, 20, 37, 39, 35, 17, 39, 21, 12, 8, 39, 16, 22, 39, 2, 22, 16, 34, 1, 37, 16, 18, 39, 19, 2, 20, 33, 38, 2, 22, 39]
    Edit distance: 6/34
  Sample 3:
    TRUE: [20, 3, 27, 17, 37, 39, 19, 0, 28, 30, 33, 21, 39, 22, 17, 8, 2, 8, 39, 6, 20, 1, 19, 39, 14, 20, 2, 34, 37, 39, 30, 33, 39, 6, 17, 39, 19, 2, 21, 26, 20, 17, 30, 20, 17, 39, 10, 20, 2, 14, 2, 22, 30, 39]
    PRED: [35, 25, 37, 39, 27, 0, 33, 21, 39, 22, 17, 8, 2, 8, 39, 6, 27, 2, 19, 39, 20, 16, 34, 37, 39, 30, 32, 8, 39, 6, 17, 39, 19, 2, 21, 26, 17, 30, 20, 17, 39, 10, 20, 2, 22, 30, 39]
    Edit distance: 16/54
  Sample 4:
    TRUE: [9, 2, 39, 30, 33, 31, 39, 13, 10, 27, 17, 39, 13, 11, 14, 0, 30, 39, 30, 33, 39, 19, 2, 21, 39, 35, 10, 22, 39, 27, 0, 18, 11, 37, 39, 30, 33, 31, 39, 13, 10, 20, 39, 4, 30, 39]
    PRED: [9, 2, 39, 27, 33, 31, 39, 34, 10, 27, 17, 39, 26, 27, 17, 3, 30, 39, 30, 33, 39, 19, 2, 21, 39, 27, 10, 22, 8, 39, 27, 0, 7, 11, 37, 39, 28, 33, 31, 39, 13, 3, 20, 39, 4, 30, 39]
    Edit distance: 11/46

============================================================
Batch 45500 | Val PER: 0.1988
============================================================
  Sample 0:
    TRUE: [31, 17, 0, 19, 27, 2, 28, 17, 39, 27, 17, 19, 2, 22, 28, 16, 8, 11, 8, 39]
    PRED: [19, 27, 2, 27, 0, 19, 27, 2, 28, 39, 27, 17, 14, 27, 1, 22, 30, 2, 8, 39]
    Edit distance: 12/20
  Sample 1:
    TRUE: [27, 16, 7, 39, 26, 11, 7, 2, 28, 30, 39, 28, 10, 34, 27, 2, 20, 39, 28, 5, 22, 8, 39, 20, 16, 31, 2, 14, 27, 1, 13, 28, 39]
    PRED: [27, 1, 7, 39, 26, 27, 0, 29, 2, 22, 37, 39, 30, 10, 34, 2, 20, 39, 15, 2, 22, 8, 39, 27, 16, 19, 11, 2, 13, 39]
    Edit distance: 17/33
  Sample 2:
    TRUE: [28, 24, 39, 27, 33, 20, 37, 39, 35, 17, 39, 21, 12, 8, 39, 16, 22, 39, 2, 22, 2, 6, 1, 29, 30, 39, 19, 2, 20, 33, 38, 2, 22, 39]
    PRED: [9, 2, 39, 27, 33, 20, 37, 39, 35, 11, 39, 21, 12, 8, 39, 16, 22, 39, 2, 22, 2, 34, 27, 1, 28, 30, 39, 19, 2, 20, 33, 38, 2, 22, 39]
    Edit distance: 6/34
  Sample 3:
    TRUE: [20, 3, 27, 17, 37, 39, 19, 0, 28, 30, 33, 21, 39, 22, 17, 8, 2, 8, 39, 6, 20, 1, 19, 39, 14, 20, 2, 34, 37, 39, 30, 33, 39, 6, 17, 39, 19, 2, 21, 26, 20, 17, 30, 20, 17, 39, 10, 20, 2, 14, 2, 22, 30, 39]
    PRED: [35, 10, 39, 28, 19, 1, 28, 33, 21, 39, 22, 17, 8, 39, 6, 27, 2, 19, 39, 20, 16, 34, 39, 30, 33, 8, 39, 6, 17, 39, 10, 21, 26, 20, 17, 30, 20, 39, 10, 20, 2, 22, 30, 39]
    Edit distance: 21/54
  Sample 4:
    TRUE: [9, 2, 39, 30, 33, 31, 39, 13, 10, 27, 17, 39, 13, 11, 14, 0, 30, 39, 30, 33, 39, 19, 2, 21, 39, 35, 10, 22, 39, 27, 0, 18, 11, 37, 39, 30, 33, 31, 39, 13, 10, 20, 39, 4, 30, 39]
    PRED: [9, 2, 39, 30, 27, 33, 31, 39, 34, 10, 27, 17, 39, 27, 17, 35, 3, 30, 39, 30, 33, 39, 19, 2, 21, 39, 27, 2, 22, 8, 39, 35, 11, 11, 37, 39, 31, 33, 31, 39, 13, 4, 20, 39, 4, 30, 39]
    Edit distance: 14/46

============================================================
Batch 46000 | Val PER: 0.1967
============================================================
  Sample 0:
    TRUE: [31, 17, 0, 19, 27, 2, 28, 17, 39, 27, 17, 19, 2, 22, 28, 16, 8, 11, 8, 39]
    PRED: [19, 0, 27, 19, 2, 28, 30, 39, 27, 3, 14, 3, 0, 22, 2, 8, 39]
    Edit distance: 13/20
  Sample 1:
    TRUE: [27, 16, 7, 39, 26, 11, 7, 2, 28, 30, 39, 28, 10, 34, 27, 2, 20, 39, 28, 5, 22, 8, 39, 20, 16, 31, 2, 14, 27, 1, 13, 28, 39]
    PRED: [27, 1, 7, 39, 26, 0, 27, 18, 7, 2, 22, 37, 39, 10, 34, 2, 20, 39, 1, 22, 8, 39, 20, 2, 31, 3, 2, 34, 39]
    Edit distance: 17/33
  Sample 2:
    TRUE: [28, 24, 39, 27, 33, 20, 37, 39, 35, 17, 39, 21, 12, 8, 39, 16, 22, 39, 2, 22, 2, 6, 1, 29, 30, 39, 19, 2, 20, 33, 38, 2, 22, 39]
    PRED: [9, 2, 39, 27, 33, 20, 37, 39, 35, 17, 39, 21, 12, 8, 39, 16, 22, 39, 16, 22, 8, 11, 34, 1, 18, 39, 19, 2, 20, 33, 38, 2, 22, 39]
    Edit distance: 8/34
  Sample 3:
    TRUE: [20, 3, 27, 17, 37, 39, 19, 0, 28, 30, 33, 21, 39, 22, 17, 8, 2, 8, 39, 6, 20, 1, 19, 39, 14, 20, 2, 34, 37, 39, 30, 33, 39, 6, 17, 39, 19, 2, 21, 26, 20, 17, 30, 20, 17, 39, 10, 20, 2, 14, 2, 22, 30, 39]
    PRED: [35, 10, 27, 39, 19, 0, 21, 39, 22, 17, 8, 39, 21, 12, 19, 39, 20, 2, 34, 39, 30, 33, 39, 6, 17, 39, 2, 21, 26, 20, 17, 30, 20, 17, 39, 10, 20, 2, 22, 30, 39]
    Edit distance: 17/54
  Sample 4:
    TRUE: [9, 2, 39, 30, 33, 31, 39, 13, 10, 27, 17, 39, 13, 11, 14, 0, 30, 39, 30, 33, 39, 19, 2, 21, 39, 35, 10, 22, 39, 27, 0, 18, 11, 37, 39, 30, 33, 31, 39, 13, 10, 20, 39, 4, 30, 39]
    PRED: [9, 2, 39, 33, 31, 39, 34, 1, 27, 36, 17, 39, 26, 27, 17, 3, 30, 39, 30, 33, 39, 19, 2, 21, 39, 27, 2, 22, 39, 35, 5, 8, 11, 39, 33, 31, 39, 13, 17, 20, 39, 4, 30, 39]
    Edit distance: 16/46

============================================================
Batch 46500 | Val PER: 0.1962
============================================================
  Sample 0:
    TRUE: [31, 17, 0, 19, 27, 2, 28, 17, 39, 27, 17, 19, 2, 22, 28, 16, 8, 11, 8, 39]
    PRED: [1, 27, 19, 11, 28, 30, 39, 17, 14, 22, 0, 22, 2, 8, 39]
    Edit distance: 13/20
  Sample 1:
    TRUE: [27, 16, 7, 39, 26, 11, 7, 2, 28, 30, 39, 28, 10, 34, 27, 2, 20, 39, 28, 5, 22, 8, 39, 20, 16, 31, 2, 14, 27, 1, 13, 28, 39]
    PRED: [27, 1, 7, 39, 26, 0, 29, 16, 30, 37, 39, 30, 27, 10, 34, 2, 20, 39, 15, 1, 22, 8, 39, 20, 2, 2, 13, 39]
    Edit distance: 17/33
  Sample 2:
    TRUE: [28, 24, 39, 27, 33, 20, 37, 39, 35, 17, 39, 21, 12, 8, 39, 16, 22, 39, 2, 22, 2, 6, 1, 29, 30, 39, 19, 2, 20, 33, 38, 2, 22, 39]
    PRED: [9, 2, 39, 27, 33, 20, 37, 39, 35, 17, 39, 21, 12, 8, 39, 16, 22, 39, 2, 22, 11, 27, 2, 18, 39, 19, 2, 20, 33, 38, 2, 22, 39]
    Edit distance: 7/34
  Sample 3:
    TRUE: [20, 3, 27, 17, 37, 39, 19, 0, 28, 30, 33, 21, 39, 22, 17, 8, 2, 8, 39, 6, 20, 1, 19, 39, 14, 20, 2, 34, 37, 39, 30, 33, 39, 6, 17, 39, 19, 2, 21, 26, 20, 17, 30, 20, 17, 39, 10, 20, 2, 14, 2, 22, 30, 39]
    PRED: [35, 5, 11, 37, 39, 19, 1, 21, 39, 22, 17, 8, 39, 6, 27, 1, 19, 39, 20, 16, 6, 37, 39, 30, 32, 8, 39, 6, 17, 39, 19, 2, 21, 26, 17, 30, 20, 11, 39, 10, 20, 2, 22, 39]
    Edit distance: 21/54
  Sample 4:
    TRUE: [9, 2, 39, 30, 33, 31, 39, 13, 10, 27, 17, 39, 13, 11, 14, 0, 30, 39, 30, 33, 39, 19, 2, 21, 39, 35, 10, 22, 39, 27, 0, 18, 11, 37, 39, 30, 33, 31, 39, 13, 10, 20, 39, 4, 30, 39]
    PRED: [9, 2, 39, 27, 33, 31, 39, 13, 1, 20, 11, 39, 26, 27, 17, 3, 19, 39, 30, 33, 39, 19, 2, 21, 39, 27, 2, 22, 39, 0, 27, 8, 11, 37, 39, 20, 33, 31, 39, 13, 20, 3, 27, 20, 39, 4, 30, 39]
    Edit distance: 18/46

============================================================
Batch 47000 | Val PER: 0.2041
============================================================
  Sample 0:
    TRUE: [31, 17, 0, 19, 27, 2, 28, 17, 39, 27, 17, 19, 2, 22, 28, 16, 8, 11, 8, 39]
    PRED: [19, 27, 24, 0, 19, 27, 16, 2, 28, 30, 28, 39, 27, 2, 14, 27, 0, 30, 2, 8, 39]
    Edit distance: 13/20
  Sample 1:
    TRUE: [27, 16, 7, 39, 26, 11, 7, 2, 28, 30, 39, 28, 10, 34, 27, 2, 20, 39, 28, 5, 22, 8, 39, 20, 16, 31, 2, 14, 27, 1, 13, 28, 39]
    PRED: [27, 1, 19, 39, 26, 0, 27, 29, 2, 19, 37, 39, 30, 27, 10, 34, 2, 20, 39, 19, 1, 22, 8, 39, 20, 10, 31, 27, 2, 10, 16, 13, 39]
    Edit distance: 18/33
  Sample 2:
    TRUE: [28, 24, 39, 27, 33, 20, 37, 39, 35, 17, 39, 21, 12, 8, 39, 16, 22, 39, 2, 22, 2, 6, 1, 29, 30, 39, 19, 2, 20, 33, 38, 2, 22, 39]
    PRED: [9, 2, 39, 27, 33, 20, 37, 39, 35, 11, 39, 21, 12, 8, 39, 16, 22, 39, 16, 22, 2, 34, 2, 28, 39, 19, 2, 20, 33, 38, 2, 22, 39]
    Edit distance: 8/34
  Sample 3:
    TRUE: [20, 3, 27, 17, 37, 39, 19, 0, 28, 30, 33, 21, 39, 22, 17, 8, 2, 8, 39, 6, 20, 1, 19, 39, 14, 20, 2, 34, 37, 39, 30, 33, 39, 6, 17, 39, 19, 2, 21, 26, 20, 17, 30, 20, 17, 39, 10, 20, 2, 14, 2, 22, 30, 39]
    PRED: [35, 17, 11, 39, 19, 1, 28, 15, 33, 21, 39, 22, 17, 8, 39, 6, 27, 12, 19, 39, 20, 16, 34, 39, 30, 33, 20, 39, 6, 17, 39, 19, 2, 21, 26, 36, 17, 30, 20, 11, 39, 10, 20, 2, 22, 30, 39]
    Edit distance: 18/54
  Sample 4:
    TRUE: [9, 2, 39, 30, 33, 31, 39, 13, 10, 27, 17, 39, 13, 11, 14, 0, 30, 39, 30, 33, 39, 19, 2, 21, 39, 35, 10, 22, 39, 27, 0, 18, 11, 37, 39, 30, 33, 31, 39, 13, 10, 20, 39, 4, 30, 39]
    PRED: [9, 2, 39, 27, 33, 31, 39, 34, 1, 27, 20, 36, 17, 39, 26, 27, 17, 3, 30, 39, 30, 33, 39, 19, 2, 21, 39, 27, 2, 22, 39, 35, 11, 20, 11, 39, 30, 33, 31, 39, 13, 5, 20, 39, 4, 30, 39]
    Edit distance: 16/46

============================================================
Batch 47500 | Val PER: 0.2023
============================================================
  Sample 0:
    TRUE: [31, 17, 0, 19, 27, 2, 28, 17, 39, 27, 17, 19, 2, 22, 28, 16, 8, 11, 8, 39]
    PRED: [24, 27, 19, 27, 2, 28, 39, 27, 2, 14, 0, 22, 30, 2, 8, 39]
    Edit distance: 11/20
  Sample 1:
    TRUE: [27, 16, 7, 39, 26, 11, 7, 2, 28, 30, 39, 28, 10, 34, 27, 2, 20, 39, 28, 5, 22, 8, 39, 20, 16, 31, 2, 14, 27, 1, 13, 28, 39]
    PRED: [27, 1, 19, 39, 26, 27, 0, 29, 2, 30, 39, 30, 10, 34, 2, 20, 39, 15, 5, 22, 8, 39, 20, 10, 2, 16, 13, 39]
    Edit distance: 15/33
  Sample 2:
    TRUE: [28, 24, 39, 27, 33, 20, 37, 39, 35, 17, 39, 21, 12, 8, 39, 16, 22, 39, 2, 22, 2, 6, 1, 29, 30, 39, 19, 2, 20, 33, 38, 2, 22, 39]
    PRED: [9, 2, 39, 27, 33, 20, 37, 39, 35, 12, 39, 21, 12, 8, 39, 16, 22, 39, 16, 22, 8, 2, 34, 2, 37, 8, 39, 2, 20, 33, 38, 2, 22, 39]
    Edit distance: 10/34
  Sample 3:
    TRUE: [20, 3, 27, 17, 37, 39, 19, 0, 28, 30, 33, 21, 39, 22, 17, 8, 2, 8, 39, 6, 20, 1, 19, 39, 14, 20, 2, 34, 37, 39, 30, 33, 39, 6, 17, 39, 19, 2, 21, 26, 20, 17, 30, 20, 17, 39, 10, 20, 2, 14, 2, 22, 30, 39]
    PRED: [35, 5, 9, 39, 19, 0, 29, 24, 21, 39, 22, 17, 8, 39, 6, 5, 19, 39, 20, 0, 6, 37, 39, 29, 32, 8, 39, 6, 17, 39, 19, 2, 21, 26, 20, 17, 30, 20, 17, 39, 10, 20, 2, 22, 39]
    Edit distance: 21/54
  Sample 4:
    TRUE: [9, 2, 39, 30, 33, 31, 39, 13, 10, 27, 17, 39, 13, 11, 14, 0, 30, 39, 30, 33, 39, 19, 2, 21, 39, 35, 10, 22, 39, 27, 0, 18, 11, 37, 39, 30, 33, 31, 39, 13, 10, 20, 39, 4, 30, 39]
    PRED: [9, 2, 39, 27, 33, 31, 39, 13, 1, 20, 24, 12, 39, 27, 17, 8, 14, 0, 30, 39, 30, 33, 39, 19, 2, 21, 39, 27, 10, 22, 39, 35, 5, 8, 11, 39, 31, 11, 31, 39, 13, 3, 20, 39, 4, 30, 39]
    Edit distance: 16/46

============================================================
Batch 48000 | Val PER: 0.1941
============================================================
  Sample 0:
    TRUE: [31, 17, 0, 19, 27, 2, 28, 17, 39, 27, 17, 19, 2, 22, 28, 16, 8, 11, 8, 39]
    PRED: [19, 29, 24, 19, 2, 28, 39, 27, 2, 14, 3, 0, 2, 22, 2, 30, 2, 8, 39]
    Edit distance: 13/20
  Sample 1:
    TRUE: [27, 16, 7, 39, 26, 11, 7, 2, 28, 30, 39, 28, 10, 34, 27, 2, 20, 39, 28, 5, 22, 8, 39, 20, 16, 31, 2, 14, 27, 1, 13, 28, 39]
    PRED: [27, 1, 19, 39, 26, 27, 0, 29, 2, 37, 39, 28, 10, 34, 2, 20, 39, 19, 1, 22, 8, 39, 20, 10, 19, 31, 20, 3, 16, 13, 39]
    Edit distance: 17/33
  Sample 2:
    TRUE: [28, 24, 39, 27, 33, 20, 37, 39, 35, 17, 39, 21, 12, 8, 39, 16, 22, 39, 2, 22, 2, 6, 1, 29, 30, 39, 19, 2, 20, 33, 38, 2, 22, 39]
    PRED: [9, 2, 39, 27, 24, 20, 37, 39, 35, 11, 39, 21, 12, 8, 39, 16, 22, 39, 2, 22, 2, 34, 1, 28, 29, 39, 19, 2, 20, 33, 38, 2, 22, 39]
    Edit distance: 7/34
  Sample 3:
    TRUE: [20, 3, 27, 17, 37, 39, 19, 0, 28, 30, 33, 21, 39, 22, 17, 8, 2, 8, 39, 6, 20, 1, 19, 39, 14, 20, 2, 34, 37, 39, 30, 33, 39, 6, 17, 39, 19, 2, 21, 26, 20, 17, 30, 20, 17, 39, 10, 20, 2, 14, 2, 22, 30, 39]
    PRED: [35, 25, 27, 39, 19, 3, 28, 29, 21, 39, 22, 17, 8, 39, 6, 20, 0, 19, 39, 20, 2, 34, 39, 30, 33, 39, 6, 17, 39, 19, 10, 21, 26, 20, 17, 20, 11, 39, 10, 20, 2, 22, 39]
    Edit distance: 18/54
  Sample 4:
    TRUE: [9, 2, 39, 30, 33, 31, 39, 13, 10, 27, 17, 39, 13, 11, 14, 0, 30, 39, 30, 33, 39, 19, 2, 21, 39, 35, 10, 22, 39, 27, 0, 18, 11, 37, 39, 30, 33, 31, 39, 13, 10, 20, 39, 4, 30, 39]
    PRED: [9, 2, 39, 20, 33, 31, 39, 13, 1, 20, 36, 24, 11, 39, 26, 27, 17, 14, 3, 30, 39, 30, 33, 39, 19, 2, 21, 39, 27, 4, 22, 39, 11, 0, 11, 39, 33, 31, 39, 13, 3, 20, 39, 4, 30, 39]
    Edit distance: 17/46

============================================================
Batch 48500 | Val PER: 0.1999
============================================================
  Sample 0:
    TRUE: [31, 17, 0, 19, 27, 2, 28, 17, 39, 27, 17, 19, 2, 22, 28, 16, 8, 11, 8, 39]
    PRED: [15, 27, 24, 0, 19, 2, 28, 39, 27, 10, 14, 17, 3, 22, 30, 8, 39]
    Edit distance: 13/20
  Sample 1:
    TRUE: [27, 16, 7, 39, 26, 11, 7, 2, 28, 30, 39, 28, 10, 34, 27, 2, 20, 39, 28, 5, 22, 8, 39, 20, 16, 31, 2, 14, 27, 1, 13, 28, 39]
    PRED: [27, 1, 19, 28, 39, 26, 27, 0, 29, 2, 30, 37, 39, 30, 10, 34, 2, 20, 39, 15, 1, 22, 8, 39, 20, 10, 19, 11, 16, 13, 39]
    Edit distance: 19/33
  Sample 2:
    TRUE: [28, 24, 39, 27, 33, 20, 37, 39, 35, 17, 39, 21, 12, 8, 39, 16, 22, 39, 2, 22, 2, 6, 1, 29, 30, 39, 19, 2, 20, 33, 38, 2, 22, 39]
    PRED: [9, 2, 39, 27, 24, 20, 37, 39, 35, 17, 39, 21, 12, 8, 39, 16, 22, 39, 2, 22, 8, 2, 34, 1, 28, 30, 39, 19, 2, 20, 33, 38, 2, 22, 39]
    Edit distance: 6/34
  Sample 3:
    TRUE: [20, 3, 27, 17, 37, 39, 19, 0, 28, 30, 33, 21, 39, 22, 17, 8, 2, 8, 39, 6, 20, 1, 19, 39, 14, 20, 2, 34, 37, 39, 30, 33, 39, 6, 17, 39, 19, 2, 21, 26, 20, 17, 30, 20, 17, 39, 10, 20, 2, 14, 2, 22, 30, 39]
    PRED: [35, 10, 27, 39, 19, 3, 28, 15, 33, 21, 39, 22, 17, 8, 39, 6, 20, 1, 19, 39, 20, 3, 34, 37, 39, 30, 33, 39, 6, 17, 39, 19, 2, 21, 26, 36, 17, 30, 20, 11, 39, 10, 20, 2, 22, 30, 39]
    Edit distance: 14/54
  Sample 4:
    TRUE: [9, 2, 39, 30, 33, 31, 39, 13, 10, 27, 17, 39, 13, 11, 14, 0, 30, 39, 30, 33, 39, 19, 2, 21, 39, 35, 10, 22, 39, 27, 0, 18, 11, 37, 39, 30, 33, 31, 39, 13, 10, 20, 39, 4, 30, 39]
    PRED: [9, 2, 39, 36, 33, 31, 39, 34, 1, 27, 17, 39, 13, 27, 11, 30, 3, 19, 39, 30, 33, 39, 19, 2, 21, 39, 27, 10, 22, 8, 39, 35, 0, 8, 11, 37, 39, 31, 33, 31, 39, 13, 3, 20, 39, 4, 30, 39]
    Edit distance: 13/46

============================================================
Batch 49000 | Val PER: 0.1993
============================================================
  Sample 0:
    TRUE: [31, 17, 0, 19, 27, 2, 28, 17, 39, 27, 17, 19, 2, 22, 28, 16, 8, 11, 8, 39]
    PRED: [19, 29, 10, 27, 19, 2, 28, 39, 27, 17, 19, 12, 22, 2, 8, 39]
    Edit distance: 11/20
  Sample 1:
    TRUE: [27, 16, 7, 39, 26, 11, 7, 2, 28, 30, 39, 28, 10, 34, 27, 2, 20, 39, 28, 5, 22, 8, 39, 20, 16, 31, 2, 14, 27, 1, 13, 28, 39]
    PRED: [27, 1, 19, 39, 26, 0, 29, 2, 37, 39, 30, 10, 34, 2, 20, 39, 19, 1, 22, 8, 37, 39, 20, 10, 31, 20, 2, 13, 39]
    Edit distance: 17/33
  Sample 2:
    TRUE: [28, 24, 39, 27, 33, 20, 37, 39, 35, 17, 39, 21, 12, 8, 39, 16, 22, 39, 2, 22, 2, 6, 1, 29, 30, 39, 19, 2, 20, 33, 38, 2, 22, 39]
    PRED: [9, 2, 39, 27, 33, 20, 37, 39, 35, 17, 39, 21, 12, 8, 39, 16, 22, 39, 2, 22, 2, 21, 34, 2, 28, 39, 19, 2, 20, 33, 38, 2, 22, 39]
    Edit distance: 6/34
  Sample 3:
    TRUE: [20, 3, 27, 17, 37, 39, 19, 0, 28, 30, 33, 21, 39, 22, 17, 8, 2, 8, 39, 6, 20, 1, 19, 39, 14, 20, 2, 34, 37, 39, 30, 33, 39, 6, 17, 39, 19, 2, 21, 26, 20, 17, 30, 20, 17, 39, 10, 20, 2, 14, 2, 22, 30, 39]
    PRED: [19, 35, 10, 17, 39, 19, 0, 29, 33, 21, 39, 22, 17, 8, 2, 8, 39, 6, 20, 2, 19, 39, 19, 20, 3, 34, 37, 39, 30, 32, 39, 6, 17, 39, 19, 0, 21, 26, 17, 30, 20, 11, 39, 10, 20, 2, 22, 30, 39]
    Edit distance: 15/54
  Sample 4:
    TRUE: [9, 2, 39, 30, 33, 31, 39, 13, 10, 27, 17, 39, 13, 11, 14, 0, 30, 39, 30, 33, 39, 19, 2, 21, 39, 35, 10, 22, 39, 27, 0, 18, 11, 37, 39, 30, 33, 31, 39, 13, 10, 20, 39, 4, 30, 39]
    PRED: [9, 2, 39, 30, 33, 31, 39, 13, 1, 20, 17, 39, 26, 27, 17, 3, 19, 30, 39, 30, 33, 39, 19, 2, 21, 39, 27, 10, 22, 8, 39, 35, 5, 8, 11, 37, 39, 31, 11, 31, 39, 13, 17, 20, 39, 4, 30, 39]
    Edit distance: 15/46

============================================================
Batch 49500 | Val PER: 0.1937
============================================================
  Sample 0:
    TRUE: [31, 17, 0, 19, 27, 2, 28, 17, 39, 27, 17, 19, 2, 22, 28, 16, 8, 11, 8, 39]
    PRED: [27, 27, 19, 2, 28, 30, 39, 27, 10, 14, 0, 27, 22, 2, 8, 39]
    Edit distance: 13/20
  Sample 1:
    TRUE: [27, 16, 7, 39, 26, 11, 7, 2, 28, 30, 39, 28, 10, 34, 27, 2, 20, 39, 28, 5, 22, 8, 39, 20, 16, 31, 2, 14, 27, 1, 13, 28, 39]
    PRED: [27, 1, 19, 39, 26, 0, 29, 2, 37, 39, 30, 27, 10, 34, 2, 20, 39, 15, 4, 22, 8, 39, 20, 10, 28, 31, 20, 2, 16, 13, 39]
    Edit distance: 18/33
  Sample 2:
    TRUE: [28, 24, 39, 27, 33, 20, 37, 39, 35, 17, 39, 21, 12, 8, 39, 16, 22, 39, 2, 22, 2, 6, 1, 29, 30, 39, 19, 2, 20, 33, 38, 2, 22, 39]
    PRED: [9, 2, 39, 27, 33, 20, 37, 39, 35, 17, 39, 21, 12, 8, 39, 16, 22, 39, 16, 22, 2, 34, 2, 28, 39, 19, 2, 20, 33, 38, 2, 22, 39]
    Edit distance: 7/34
  Sample 3:
    TRUE: [20, 3, 27, 17, 37, 39, 19, 0, 28, 30, 33, 21, 39, 22, 17, 8, 2, 8, 39, 6, 20, 1, 19, 39, 14, 20, 2, 34, 37, 39, 30, 33, 39, 6, 17, 39, 19, 2, 21, 26, 20, 17, 30, 20, 17, 39, 10, 20, 2, 14, 2, 22, 30, 39]
    PRED: [30, 35, 25, 27, 17, 39, 19, 0, 28, 30, 27, 33, 21, 39, 22, 17, 8, 2, 8, 39, 6, 20, 16, 19, 39, 20, 2, 34, 8, 37, 39, 30, 33, 8, 39, 6, 17, 39, 19, 2, 21, 26, 20, 17, 30, 20, 17, 39, 10, 20, 2, 22, 39]
    Edit distance: 12/54
  Sample 4:
    TRUE: [9, 2, 39, 30, 33, 31, 39, 13, 10, 27, 17, 39, 13, 11, 14, 0, 30, 39, 30, 33, 39, 19, 2, 21, 39, 35, 10, 22, 39, 27, 0, 18, 11, 37, 39, 30, 33, 31, 39, 13, 10, 20, 39, 4, 30, 39]
    PRED: [9, 2, 39, 27, 33, 31, 39, 34, 1, 20, 36, 17, 39, 26, 27, 17, 3, 19, 30, 39, 30, 33, 39, 19, 2, 21, 39, 27, 10, 22, 8, 39, 35, 5, 8, 11, 37, 39, 31, 33, 31, 39, 13, 1, 20, 39, 4, 30, 39]
    Edit distance: 17/46

============================================================
Batch 50000 | Val PER: 0.1892
============================================================
  Sample 0:
    TRUE: [31, 17, 0, 19, 27, 2, 28, 17, 39, 27, 17, 19, 2, 22, 28, 16, 8, 11, 8, 39]
    PRED: [27, 24, 24, 2, 28, 39, 27, 10, 14, 2, 22, 8, 8, 39]
    Edit distance: 11/20
  Sample 1:
    TRUE: [27, 16, 7, 39, 26, 11, 7, 2, 28, 30, 39, 28, 10, 34, 27, 2, 20, 39, 28, 5, 22, 8, 39, 20, 16, 31, 2, 14, 27, 1, 13, 28, 39]
    PRED: [27, 1, 7, 39, 26, 25, 7, 2, 39, 10, 34, 2, 20, 39, 15, 1, 22, 37, 39, 22, 10, 31, 2, 5, 13, 39]
    Edit distance: 15/33
  Sample 2:
    TRUE: [28, 24, 39, 27, 33, 20, 37, 39, 35, 17, 39, 21, 12, 8, 39, 16, 22, 39, 2, 22, 2, 6, 1, 29, 30, 39, 19, 2, 20, 33, 38, 2, 22, 39]
    PRED: [9, 2, 39, 27, 33, 20, 37, 39, 35, 17, 39, 21, 12, 8, 39, 16, 22, 39, 2, 22, 2, 21, 34, 1, 28, 39, 19, 2, 20, 33, 38, 2, 22, 39]
    Edit distance: 6/34
  Sample 3:
    TRUE: [20, 3, 27, 17, 37, 39, 19, 0, 28, 30, 33, 21, 39, 22, 17, 8, 2, 8, 39, 6, 20, 1, 19, 39, 14, 20, 2, 34, 37, 39, 30, 33, 39, 6, 17, 39, 19, 2, 21, 26, 20, 17, 30, 20, 17, 39, 10, 20, 2, 14, 2, 22, 30, 39]
    PRED: [35, 5, 17, 37, 39, 19, 3, 28, 30, 33, 21, 39, 22, 17, 8, 39, 6, 27, 2, 19, 39, 20, 16, 34, 37, 39, 29, 32, 39, 6, 17, 39, 19, 2, 21, 26, 36, 17, 30, 20, 17, 39, 2, 20, 2, 22, 39]
    Edit distance: 17/54
  Sample 4:
    TRUE: [9, 2, 39, 30, 33, 31, 39, 13, 10, 27, 17, 39, 13, 11, 14, 0, 30, 39, 30, 33, 39, 19, 2, 21, 39, 35, 10, 22, 39, 27, 0, 18, 11, 37, 39, 30, 33, 31, 39, 13, 10, 20, 39, 4, 30, 39]
    PRED: [9, 2, 39, 27, 24, 31, 39, 34, 12, 20, 17, 39, 26, 27, 17, 3, 30, 39, 30, 33, 39, 19, 2, 21, 39, 27, 10, 22, 8, 39, 35, 8, 11, 37, 39, 31, 33, 31, 39, 13, 1, 27, 20, 39, 4, 30, 39]
    Edit distance: 17/46

============================================================
Batch 50500 | Val PER: 0.1926
============================================================
  Sample 0:
    TRUE: [31, 17, 0, 19, 27, 2, 28, 17, 39, 27, 17, 19, 2, 22, 28, 16, 8, 11, 8, 39]
    PRED: [24, 0, 19, 30, 2, 28, 39, 2, 14, 0, 22, 30, 2, 8, 39]
    Edit distance: 12/20
  Sample 1:
    TRUE: [27, 16, 7, 39, 26, 11, 7, 2, 28, 30, 39, 28, 10, 34, 27, 2, 20, 39, 28, 5, 22, 8, 39, 20, 16, 31, 2, 14, 27, 1, 13, 28, 39]
    PRED: [27, 1, 7, 39, 26, 27, 0, 7, 2, 30, 39, 28, 10, 34, 2, 20, 39, 15, 1, 22, 8, 39, 20, 10, 31, 2, 2, 13, 39]
    Edit distance: 12/33
  Sample 2:
    TRUE: [28, 24, 39, 27, 33, 20, 37, 39, 35, 17, 39, 21, 12, 8, 39, 16, 22, 39, 2, 22, 2, 6, 1, 29, 30, 39, 19, 2, 20, 33, 38, 2, 22, 39]
    PRED: [9, 2, 39, 27, 24, 20, 37, 39, 35, 17, 39, 21, 12, 8, 39, 16, 22, 39, 2, 22, 2, 34, 27, 1, 28, 39, 19, 2, 20, 33, 38, 2, 22, 39]
    Edit distance: 7/34
  Sample 3:
    TRUE: [20, 3, 27, 17, 37, 39, 19, 0, 28, 30, 33, 21, 39, 22, 17, 8, 2, 8, 39, 6, 20, 1, 19, 39, 14, 20, 2, 34, 37, 39, 30, 33, 39, 6, 17, 39, 19, 2, 21, 26, 20, 17, 30, 20, 17, 39, 10, 20, 2, 14, 2, 22, 30, 39]
    PRED: [14, 35, 24, 37, 39, 19, 3, 30, 33, 21, 39, 22, 17, 8, 39, 6, 20, 2, 19, 39, 20, 2, 34, 39, 30, 33, 39, 6, 17, 39, 19, 2, 21, 26, 20, 17, 30, 20, 17, 39, 2, 20, 2, 22, 30, 39]
    Edit distance: 14/54
  Sample 4:
    TRUE: [9, 2, 39, 30, 33, 31, 39, 13, 10, 27, 17, 39, 13, 11, 14, 0, 30, 39, 30, 33, 39, 19, 2, 21, 39, 35, 10, 22, 39, 27, 0, 18, 11, 37, 39, 30, 33, 31, 39, 13, 10, 20, 39, 4, 30, 39]
    PRED: [9, 2, 39, 30, 33, 31, 39, 34, 1, 27, 17, 39, 13, 27, 11, 14, 0, 30, 39, 30, 33, 39, 19, 2, 21, 39, 27, 10, 22, 8, 39, 11, 8, 11, 37, 39, 11, 31, 39, 13, 3, 27, 20, 39, 4, 30, 39]
    Edit distance: 12/46

============================================================
Batch 51000 | Val PER: 0.1884
============================================================
  Sample 0:
    TRUE: [31, 17, 0, 19, 27, 2, 28, 17, 39, 27, 17, 19, 2, 22, 28, 16, 8, 11, 8, 39]
    PRED: [19, 27, 10, 19, 2, 28, 39, 27, 10, 14, 2, 22, 30, 2, 8, 39]
    Edit distance: 11/20
  Sample 1:
    TRUE: [27, 16, 7, 39, 26, 11, 7, 2, 28, 30, 39, 28, 10, 34, 27, 2, 20, 39, 28, 5, 22, 8, 39, 20, 16, 31, 2, 14, 27, 1, 13, 28, 39]
    PRED: [27, 1, 7, 39, 26, 27, 0, 7, 29, 2, 30, 39, 10, 34, 2, 20, 39, 15, 1, 22, 37, 39, 20, 10, 28, 31, 2, 5, 13, 39]
    Edit distance: 16/33
  Sample 2:
    TRUE: [28, 24, 39, 27, 33, 20, 37, 39, 35, 17, 39, 21, 12, 8, 39, 16, 22, 39, 2, 22, 2, 6, 1, 29, 30, 39, 19, 2, 20, 33, 38, 2, 22, 39]
    PRED: [9, 2, 39, 27, 33, 20, 37, 39, 35, 17, 39, 21, 12, 8, 39, 16, 22, 39, 2, 22, 2, 34, 1, 28, 39, 19, 2, 20, 33, 38, 2, 22, 39]
    Edit distance: 5/34
  Sample 3:
    TRUE: [20, 3, 27, 17, 37, 39, 19, 0, 28, 30, 33, 21, 39, 22, 17, 8, 2, 8, 39, 6, 20, 1, 19, 39, 14, 20, 2, 34, 37, 39, 30, 33, 39, 6, 17, 39, 19, 2, 21, 26, 20, 17, 30, 20, 17, 39, 10, 20, 2, 14, 2, 22, 30, 39]
    PRED: [19, 27, 5, 37, 39, 19, 0, 29, 24, 33, 21, 39, 22, 17, 8, 39, 6, 27, 12, 19, 39, 20, 16, 34, 37, 39, 29, 33, 39, 6, 17, 39, 19, 2, 21, 26, 20, 17, 30, 20, 17, 39, 10, 20, 2, 22, 39]
    Edit distance: 15/54
  Sample 4:
    TRUE: [9, 2, 39, 30, 33, 31, 39, 13, 10, 27, 17, 39, 13, 11, 14, 0, 30, 39, 30, 33, 39, 19, 2, 21, 39, 35, 10, 22, 39, 27, 0, 18, 11, 37, 39, 30, 33, 31, 39, 13, 10, 20, 39, 4, 30, 39]
    PRED: [9, 2, 39, 19, 27, 33, 31, 39, 13, 1, 27, 17, 39, 13, 27, 17, 14, 0, 30, 39, 30, 33, 39, 19, 2, 21, 39, 27, 10, 22, 8, 39, 5, 8, 11, 37, 39, 33, 31, 39, 13, 12, 27, 20, 39, 4, 30, 39]
    Edit distance: 13/46

============================================================
Batch 51500 | Val PER: 0.1913
============================================================
  Sample 0:
    TRUE: [31, 17, 0, 19, 27, 2, 28, 17, 39, 27, 17, 19, 2, 22, 28, 16, 8, 11, 8, 39]
    PRED: [15, 24, 0, 19, 2, 28, 37, 39, 27, 2, 14, 27, 12, 2, 22, 2, 8, 39]
    Edit distance: 12/20
  Sample 1:
    TRUE: [27, 16, 7, 39, 26, 11, 7, 2, 28, 30, 39, 28, 10, 34, 27, 2, 20, 39, 28, 5, 22, 8, 39, 20, 16, 31, 2, 14, 27, 1, 13, 28, 39]
    PRED: [35, 1, 7, 39, 26, 0, 27, 7, 2, 22, 37, 39, 28, 10, 34, 27, 2, 20, 39, 7, 1, 22, 8, 39, 20, 10, 28, 35, 2, 5, 13, 39]
    Edit distance: 15/33
  Sample 2:
    TRUE: [28, 24, 39, 27, 33, 20, 37, 39, 35, 17, 39, 21, 12, 8, 39, 16, 22, 39, 2, 22, 2, 6, 1, 29, 30, 39, 19, 2, 20, 33, 38, 2, 22, 39]
    PRED: [9, 2, 39, 27, 25, 20, 37, 39, 35, 17, 39, 21, 12, 8, 39, 16, 22, 39, 2, 22, 2, 34, 21, 2, 28, 39, 19, 2, 20, 33, 38, 2, 22, 39]
    Edit distance: 7/34
  Sample 3:
    TRUE: [20, 3, 27, 17, 37, 39, 19, 0, 28, 30, 33, 21, 39, 22, 17, 8, 2, 8, 39, 6, 20, 1, 19, 39, 14, 20, 2, 34, 37, 39, 30, 33, 39, 6, 17, 39, 19, 2, 21, 26, 20, 17, 30, 20, 17, 39, 10, 20, 2, 14, 2, 22, 30, 39]
    PRED: [35, 25, 25, 37, 39, 19, 24, 29, 15, 33, 21, 39, 22, 17, 8, 39, 6, 20, 12, 19, 39, 20, 2, 34, 37, 39, 29, 32, 8, 39, 6, 17, 39, 19, 2, 21, 26, 20, 17, 30, 20, 11, 17, 39, 10, 20, 2, 22, 30, 39]
    Edit distance: 17/54
  Sample 4:
    TRUE: [9, 2, 39, 30, 33, 31, 39, 13, 10, 27, 17, 39, 13, 11, 14, 0, 30, 39, 30, 33, 39, 19, 2, 21, 39, 35, 10, 22, 39, 27, 0, 18, 11, 37, 39, 30, 33, 31, 39, 13, 10, 20, 39, 4, 30, 39]
    PRED: [9, 2, 39, 28, 33, 31, 39, 34, 1, 27, 17, 39, 26, 27, 17, 14, 0, 30, 39, 30, 33, 39, 19, 2, 21, 39, 27, 2, 22, 8, 39, 5, 27, 8, 11, 37, 39, 31, 11, 31, 39, 13, 12, 20, 39, 4, 30, 39]
    Edit distance: 15/46

============================================================
Batch 52000 | Val PER: 0.1965
============================================================
  Sample 0:
    TRUE: [31, 17, 0, 19, 27, 2, 28, 17, 39, 27, 17, 19, 2, 22, 28, 16, 8, 11, 8, 39]
    PRED: [19, 27, 24, 0, 19, 2, 28, 30, 39, 27, 10, 14, 3, 27, 22, 30, 8, 39]
    Edit distance: 13/20
  Sample 1:
    TRUE: [27, 16, 7, 39, 26, 11, 7, 2, 28, 30, 39, 28, 10, 34, 27, 2, 20, 39, 28, 5, 22, 8, 39, 20, 16, 31, 2, 14, 27, 1, 13, 28, 39]
    PRED: [35, 1, 19, 39, 26, 0, 27, 29, 10, 19, 37, 39, 28, 10, 34, 2, 20, 39, 19, 1, 22, 37, 39, 20, 16, 31, 2, 5, 34, 39]
    Edit distance: 18/33
  Sample 2:
    TRUE: [28, 24, 39, 27, 33, 20, 37, 39, 35, 17, 39, 21, 12, 8, 39, 16, 22, 39, 2, 22, 2, 6, 1, 29, 30, 39, 19, 2, 20, 33, 38, 2, 22, 39]
    PRED: [9, 24, 39, 27, 25, 20, 37, 39, 35, 17, 39, 21, 12, 8, 39, 16, 22, 39, 2, 22, 2, 34, 1, 28, 39, 19, 2, 20, 33, 38, 2, 22, 39]
    Edit distance: 5/34
  Sample 3:
    TRUE: [20, 3, 27, 17, 37, 39, 19, 0, 28, 30, 33, 21, 39, 22, 17, 8, 2, 8, 39, 6, 20, 1, 19, 39, 14, 20, 2, 34, 37, 39, 30, 33, 39, 6, 17, 39, 19, 2, 21, 26, 20, 17, 30, 20, 17, 39, 10, 20, 2, 14, 2, 22, 30, 39]
    PRED: [35, 5, 9, 11, 17, 39, 19, 0, 29, 30, 36, 33, 21, 39, 22, 17, 8, 39, 6, 21, 0, 19, 39, 8, 20, 2, 34, 8, 39, 30, 32, 8, 39, 6, 17, 39, 19, 2, 21, 26, 6, 17, 30, 20, 11, 39, 10, 20, 2, 22, 8, 39]
    Edit distance: 20/54
  Sample 4:
    TRUE: [9, 2, 39, 30, 33, 31, 39, 13, 10, 27, 17, 39, 13, 11, 14, 0, 30, 39, 30, 33, 39, 19, 2, 21, 39, 35, 10, 22, 39, 27, 0, 18, 11, 37, 39, 30, 33, 31, 39, 13, 10, 20, 39, 4, 30, 39]
    PRED: [9, 2, 39, 27, 33, 31, 39, 34, 1, 27, 17, 39, 26, 27, 17, 14, 3, 30, 39, 30, 33, 39, 19, 2, 21, 39, 27, 10, 22, 39, 35, 0, 20, 8, 11, 39, 31, 33, 31, 39, 13, 3, 27, 20, 39, 4, 30, 39]
    Edit distance: 15/46

============================================================
Batch 52500 | Val PER: 0.1895
============================================================
  Sample 0:
    TRUE: [31, 17, 0, 19, 27, 2, 28, 17, 39, 27, 17, 19, 2, 22, 28, 16, 8, 11, 8, 39]
    PRED: [19, 27, 24, 27, 0, 19, 30, 2, 28, 39, 27, 17, 14, 27, 10, 22, 30, 2, 8, 39]
    Edit distance: 13/20
  Sample 1:
    TRUE: [27, 16, 7, 39, 26, 11, 7, 2, 28, 30, 39, 28, 10, 34, 27, 2, 20, 39, 28, 5, 22, 8, 39, 20, 16, 31, 2, 14, 27, 1, 13, 28, 39]
    PRED: [27, 1, 7, 39, 26, 0, 27, 7, 2, 19, 30, 39, 30, 28, 10, 34, 2, 20, 39, 19, 1, 22, 8, 39, 20, 16, 31, 2, 27, 5, 13, 39]
    Edit distance: 11/33
  Sample 2:
    TRUE: [28, 24, 39, 27, 33, 20, 37, 39, 35, 17, 39, 21, 12, 8, 39, 16, 22, 39, 2, 22, 2, 6, 1, 29, 30, 39, 19, 2, 20, 33, 38, 2, 22, 39]
    PRED: [9, 2, 39, 27, 25, 20, 37, 39, 35, 17, 39, 21, 12, 8, 39, 16, 22, 39, 2, 22, 2, 34, 1, 10, 28, 39, 19, 2, 20, 33, 38, 2, 22, 39]
    Edit distance: 6/34
  Sample 3:
    TRUE: [20, 3, 27, 17, 37, 39, 19, 0, 28, 30, 33, 21, 39, 22, 17, 8, 2, 8, 39, 6, 20, 1, 19, 39, 14, 20, 2, 34, 37, 39, 30, 33, 39, 6, 17, 39, 19, 2, 21, 26, 20, 17, 30, 20, 17, 39, 10, 20, 2, 14, 2, 22, 30, 39]
    PRED: [14, 35, 32, 16, 17, 39, 19, 0, 28, 29, 15, 33, 21, 39, 22, 17, 8, 39, 21, 12, 19, 39, 20, 16, 34, 37, 39, 30, 33, 39, 6, 17, 39, 19, 2, 21, 6, 20, 17, 30, 20, 11, 39, 10, 20, 2, 22, 8, 39]
    Edit distance: 19/54
  Sample 4:
    TRUE: [9, 2, 39, 30, 33, 31, 39, 13, 10, 27, 17, 39, 13, 11, 14, 0, 30, 39, 30, 33, 39, 19, 2, 21, 39, 35, 10, 22, 39, 27, 0, 18, 11, 37, 39, 30, 33, 31, 39, 13, 10, 20, 39, 4, 30, 39]
    PRED: [9, 2, 39, 30, 33, 31, 39, 34, 1, 27, 17, 39, 13, 27, 11, 14, 0, 30, 39, 30, 33, 39, 19, 2, 21, 39, 27, 2, 22, 8, 39, 35, 24, 20, 11, 39, 31, 33, 37, 31, 39, 13, 1, 20, 39, 4, 30, 39]
    Edit distance: 13/46

============================================================
Batch 53000 | Val PER: 0.1911
============================================================
  Sample 0:
    TRUE: [31, 17, 0, 19, 27, 2, 28, 17, 39, 27, 17, 19, 2, 22, 28, 16, 8, 11, 8, 39]
    PRED: [19, 27, 10, 19, 2, 28, 30, 28, 39, 27, 17, 14, 22, 30, 8, 39]
    Edit distance: 12/20
  Sample 1:
    TRUE: [27, 16, 7, 39, 26, 11, 7, 2, 28, 30, 39, 28, 10, 34, 27, 2, 20, 39, 28, 5, 22, 8, 39, 20, 16, 31, 2, 14, 27, 1, 13, 28, 39]
    PRED: [35, 16, 7, 39, 26, 11, 7, 2, 28, 37, 39, 28, 10, 34, 2, 20, 39, 15, 1, 22, 8, 39, 20, 10, 28, 31, 35, 2, 5, 13, 39]
    Edit distance: 12/33
  Sample 2:
    TRUE: [28, 24, 39, 27, 33, 20, 37, 39, 35, 17, 39, 21, 12, 8, 39, 16, 22, 39, 2, 22, 2, 6, 1, 29, 30, 39, 19, 2, 20, 33, 38, 2, 22, 39]
    PRED: [9, 2, 39, 27, 33, 20, 37, 39, 35, 11, 39, 21, 12, 8, 39, 16, 22, 39, 2, 22, 8, 2, 34, 10, 1, 28, 29, 39, 19, 2, 20, 33, 38, 2, 22, 39]
    Edit distance: 8/34
  Sample 3:
    TRUE: [20, 3, 27, 17, 37, 39, 19, 0, 28, 30, 33, 21, 39, 22, 17, 8, 2, 8, 39, 6, 20, 1, 19, 39, 14, 20, 2, 34, 37, 39, 30, 33, 39, 6, 17, 39, 19, 2, 21, 26, 20, 17, 30, 20, 17, 39, 10, 20, 2, 14, 2, 22, 30, 39]
    PRED: [35, 5, 16, 37, 39, 19, 0, 29, 15, 33, 21, 39, 22, 17, 8, 39, 6, 12, 19, 39, 20, 2, 34, 37, 39, 30, 32, 8, 39, 6, 17, 39, 19, 2, 21, 26, 20, 17, 30, 20, 11, 39, 10, 20, 2, 22, 30, 39]
    Edit distance: 16/54
  Sample 4:
    TRUE: [9, 2, 39, 30, 33, 31, 39, 13, 10, 27, 17, 39, 13, 11, 14, 0, 30, 39, 30, 33, 39, 19, 2, 21, 39, 35, 10, 22, 39, 27, 0, 18, 11, 37, 39, 30, 33, 31, 39, 13, 10, 20, 39, 4, 30, 39]
    PRED: [9, 2, 39, 27, 33, 31, 39, 34, 1, 27, 17, 39, 26, 27, 17, 14, 3, 30, 39, 30, 33, 39, 19, 2, 21, 39, 27, 10, 22, 39, 35, 5, 20, 11, 37, 39, 33, 31, 39, 13, 4, 27, 20, 39, 4, 30, 39]
    Edit distance: 14/46

============================================================
Batch 53500 | Val PER: 0.1899
============================================================
  Sample 0:
    TRUE: [31, 17, 0, 19, 27, 2, 28, 17, 39, 27, 17, 19, 2, 22, 28, 16, 8, 11, 8, 39]
    PRED: [19, 27, 1, 30, 27, 19, 30, 2, 28, 39, 27, 17, 14, 0, 22, 30, 2, 8, 39]
    Edit distance: 13/20
  Sample 1:
    TRUE: [27, 16, 7, 39, 26, 11, 7, 2, 28, 30, 39, 28, 10, 34, 27, 2, 20, 39, 28, 5, 22, 8, 39, 20, 16, 31, 2, 14, 27, 1, 13, 28, 39]
    PRED: [35, 16, 7, 39, 26, 0, 7, 2, 37, 39, 30, 27, 10, 34, 2, 20, 39, 5, 22, 8, 39, 20, 10, 31, 35, 2, 0, 13, 39]
    Edit distance: 14/33
  Sample 2:
    TRUE: [28, 24, 39, 27, 33, 20, 37, 39, 35, 17, 39, 21, 12, 8, 39, 16, 22, 39, 2, 22, 2, 6, 1, 29, 30, 39, 19, 2, 20, 33, 38, 2, 22, 39]
    PRED: [9, 2, 39, 27, 33, 20, 37, 39, 35, 17, 39, 21, 12, 8, 39, 16, 22, 39, 2, 22, 2, 21, 2, 28, 39, 19, 2, 20, 33, 38, 2, 22, 39]
    Edit distance: 6/34
  Sample 3:
    TRUE: [20, 3, 27, 17, 37, 39, 19, 0, 28, 30, 33, 21, 39, 22, 17, 8, 2, 8, 39, 6, 20, 1, 19, 39, 14, 20, 2, 34, 37, 39, 30, 33, 39, 6, 17, 39, 19, 2, 21, 26, 20, 17, 30, 20, 17, 39, 10, 20, 2, 14, 2, 22, 30, 39]
    PRED: [14, 35, 17, 17, 39, 19, 2, 29, 21, 39, 22, 17, 8, 39, 6, 27, 12, 19, 39, 20, 2, 6, 39, 30, 32, 8, 39, 6, 17, 39, 19, 2, 21, 26, 36, 17, 20, 11, 39, 10, 20, 2, 22, 39]
    Edit distance: 23/54
  Sample 4:
    TRUE: [9, 2, 39, 30, 33, 31, 39, 13, 10, 27, 17, 39, 13, 11, 14, 0, 30, 39, 30, 33, 39, 19, 2, 21, 39, 35, 10, 22, 39, 27, 0, 18, 11, 37, 39, 30, 33, 31, 39, 13, 10, 20, 39, 4, 30, 39]
    PRED: [9, 2, 39, 30, 33, 31, 39, 34, 1, 27, 17, 39, 26, 27, 17, 14, 0, 30, 39, 30, 33, 39, 19, 2, 21, 39, 27, 2, 22, 8, 39, 35, 5, 8, 11, 37, 39, 31, 11, 31, 39, 13, 5, 20, 39, 4, 30, 39]
    Edit distance: 14/46

============================================================
Batch 54000 | Val PER: 0.1888
============================================================
  Sample 0:
    TRUE: [31, 17, 0, 19, 27, 2, 28, 17, 39, 27, 17, 19, 2, 22, 28, 16, 8, 11, 8, 39]
    PRED: [27, 1, 30, 0, 19, 30, 2, 28, 39, 27, 17, 14, 0, 22, 30, 2, 8, 39]
    Edit distance: 11/20
  Sample 1:
    TRUE: [27, 16, 7, 39, 26, 11, 7, 2, 28, 30, 39, 28, 10, 34, 27, 2, 20, 39, 28, 5, 22, 8, 39, 20, 16, 31, 2, 14, 27, 1, 13, 28, 39]
    PRED: [27, 1, 7, 39, 26, 27, 0, 7, 2, 28, 39, 28, 10, 34, 2, 20, 39, 28, 1, 22, 37, 39, 20, 10, 28, 2, 5, 13, 39]
    Edit distance: 13/33
  Sample 2:
    TRUE: [28, 24, 39, 27, 33, 20, 37, 39, 35, 17, 39, 21, 12, 8, 39, 16, 22, 39, 2, 22, 2, 6, 1, 29, 30, 39, 19, 2, 20, 33, 38, 2, 22, 39]
    PRED: [9, 2, 39, 27, 33, 20, 37, 39, 35, 17, 39, 21, 12, 8, 39, 16, 22, 39, 16, 22, 2, 34, 11, 10, 28, 39, 19, 2, 20, 33, 38, 2, 22, 39]
    Edit distance: 7/34
  Sample 3:
    TRUE: [20, 3, 27, 17, 37, 39, 19, 0, 28, 30, 33, 21, 39, 22, 17, 8, 2, 8, 39, 6, 20, 1, 19, 39, 14, 20, 2, 34, 37, 39, 30, 33, 39, 6, 17, 39, 19, 2, 21, 26, 20, 17, 30, 20, 17, 39, 10, 20, 2, 14, 2, 22, 30, 39]
    PRED: [35, 25, 17, 39, 19, 0, 28, 33, 21, 39, 22, 17, 8, 39, 6, 12, 19, 39, 20, 2, 6, 39, 30, 33, 39, 6, 17, 39, 19, 2, 21, 26, 20, 17, 30, 20, 17, 39, 10, 20, 2, 22, 39]
    Edit distance: 15/54
  Sample 4:
    TRUE: [9, 2, 39, 30, 33, 31, 39, 13, 10, 27, 17, 39, 13, 11, 14, 0, 30, 39, 30, 33, 39, 19, 2, 21, 39, 35, 10, 22, 39, 27, 0, 18, 11, 37, 39, 30, 33, 31, 39, 13, 10, 20, 39, 4, 30, 39]
    PRED: [9, 2, 39, 30, 33, 31, 39, 34, 10, 27, 17, 39, 26, 27, 17, 3, 30, 39, 30, 33, 39, 19, 2, 21, 39, 27, 2, 22, 39, 35, 3, 8, 11, 37, 39, 33, 37, 31, 39, 13, 5, 39, 4, 30, 39]
    Edit distance: 14/46

============================================================
Batch 54500 | Val PER: 0.1905
============================================================
  Sample 0:
    TRUE: [31, 17, 0, 19, 27, 2, 28, 17, 39, 27, 17, 19, 2, 22, 28, 16, 8, 11, 8, 39]
    PRED: [19, 27, 1, 27, 0, 19, 2, 28, 39, 27, 17, 14, 0, 22, 30, 2, 8, 39]
    Edit distance: 12/20
  Sample 1:
    TRUE: [27, 16, 7, 39, 26, 11, 7, 2, 28, 30, 39, 28, 10, 34, 27, 2, 20, 39, 28, 5, 22, 8, 39, 20, 16, 31, 2, 14, 27, 1, 13, 28, 39]
    PRED: [35, 1, 19, 39, 26, 0, 7, 2, 37, 39, 10, 34, 11, 39, 15, 1, 22, 8, 39, 20, 10, 2, 2, 13, 39]
    Edit distance: 18/33
  Sample 2:
    TRUE: [28, 24, 39, 27, 33, 20, 37, 39, 35, 17, 39, 21, 12, 8, 39, 16, 22, 39, 2, 22, 2, 6, 1, 29, 30, 39, 19, 2, 20, 33, 38, 2, 22, 39]
    PRED: [9, 2, 39, 27, 33, 20, 37, 39, 35, 17, 39, 21, 12, 8, 39, 16, 22, 39, 2, 22, 2, 34, 2, 1, 28, 29, 39, 2, 20, 33, 38, 2, 22, 39]
    Edit distance: 7/34
  Sample 3:
    TRUE: [20, 3, 27, 17, 37, 39, 19, 0, 28, 30, 33, 21, 39, 22, 17, 8, 2, 8, 39, 6, 20, 1, 19, 39, 14, 20, 2, 34, 37, 39, 30, 33, 39, 6, 17, 39, 19, 2, 21, 26, 20, 17, 30, 20, 17, 39, 10, 20, 2, 14, 2, 22, 30, 39]
    PRED: [35, 25, 17, 39, 19, 0, 28, 26, 33, 21, 39, 22, 17, 8, 2, 8, 39, 6, 12, 19, 39, 20, 2, 6, 37, 39, 30, 33, 39, 6, 17, 39, 19, 2, 21, 26, 20, 17, 30, 20, 11, 39, 10, 20, 2, 22, 30, 39]
    Edit distance: 12/54
  Sample 4:
    TRUE: [9, 2, 39, 30, 33, 31, 39, 13, 10, 27, 17, 39, 13, 11, 14, 0, 30, 39, 30, 33, 39, 19, 2, 21, 39, 35, 10, 22, 39, 27, 0, 18, 11, 37, 39, 30, 33, 31, 39, 13, 10, 20, 39, 4, 30, 39]
    PRED: [9, 2, 39, 33, 31, 39, 34, 1, 27, 17, 39, 26, 27, 2, 14, 0, 30, 39, 30, 33, 39, 19, 2, 21, 39, 27, 10, 22, 39, 35, 10, 27, 8, 11, 37, 39, 28, 11, 31, 39, 13, 5, 39, 4, 30, 39]
    Edit distance: 15/46

============================================================
Batch 55000 | Val PER: 0.1943
============================================================
  Sample 0:
    TRUE: [31, 17, 0, 19, 27, 2, 28, 17, 39, 27, 17, 19, 2, 22, 28, 16, 8, 11, 8, 39]
    PRED: [29, 27, 1, 0, 19, 2, 28, 39, 27, 17, 14, 27, 0, 22, 30, 2, 8, 39]
    Edit distance: 12/20
  Sample 1:
    TRUE: [27, 16, 7, 39, 26, 11, 7, 2, 28, 30, 39, 28, 10, 34, 27, 2, 20, 39, 28, 5, 22, 8, 39, 20, 16, 31, 2, 14, 27, 1, 13, 28, 39]
    PRED: [27, 1, 7, 19, 39, 26, 0, 29, 2, 22, 30, 39, 28, 10, 34, 2, 20, 39, 19, 1, 22, 8, 39, 20, 10, 28, 2, 5, 13, 39]
    Edit distance: 14/33
  Sample 2:
    TRUE: [28, 24, 39, 27, 33, 20, 37, 39, 35, 17, 39, 21, 12, 8, 39, 16, 22, 39, 2, 22, 2, 6, 1, 29, 30, 39, 19, 2, 20, 33, 38, 2, 22, 39]
    PRED: [9, 2, 39, 27, 33, 20, 37, 39, 35, 17, 39, 21, 12, 8, 39, 16, 22, 39, 2, 22, 2, 34, 1, 28, 18, 39, 19, 2, 20, 33, 38, 2, 22, 39]
    Edit distance: 5/34
  Sample 3:
    TRUE: [20, 3, 27, 17, 37, 39, 19, 0, 28, 30, 33, 21, 39, 22, 17, 8, 2, 8, 39, 6, 20, 1, 19, 39, 14, 20, 2, 34, 37, 39, 30, 33, 39, 6, 17, 39, 19, 2, 21, 26, 20, 17, 30, 20, 17, 39, 10, 20, 2, 14, 2, 22, 30, 39]
    PRED: [14, 27, 5, 17, 39, 19, 0, 28, 15, 24, 33, 21, 39, 22, 17, 8, 2, 8, 39, 21, 12, 19, 39, 20, 16, 34, 37, 39, 30, 33, 8, 39, 6, 17, 39, 19, 2, 21, 26, 17, 2, 20, 11, 39, 10, 20, 2, 22, 39]
    Edit distance: 18/54
  Sample 4:
    TRUE: [9, 2, 39, 30, 33, 31, 39, 13, 10, 27, 17, 39, 13, 11, 14, 0, 30, 39, 30, 33, 39, 19, 2, 21, 39, 35, 10, 22, 39, 27, 0, 18, 11, 37, 39, 30, 33, 31, 39, 13, 10, 20, 39, 4, 30, 39]
    PRED: [9, 2, 39, 36, 33, 31, 39, 34, 1, 27, 20, 36, 17, 39, 26, 27, 17, 14, 0, 30, 39, 30, 33, 39, 19, 2, 21, 39, 27, 2, 22, 39, 35, 10, 20, 8, 11, 37, 39, 30, 33, 31, 39, 13, 1, 20, 39, 4, 30, 39]
    Edit distance: 15/46

============================================================
Batch 55500 | Val PER: 0.1899
============================================================
  Sample 0:
    TRUE: [31, 17, 0, 19, 27, 2, 28, 17, 39, 27, 17, 19, 2, 22, 28, 16, 8, 11, 8, 39]
    PRED: [5, 0, 19, 2, 28, 39, 27, 2, 14, 0, 27, 22, 30, 8, 39]
    Edit distance: 11/20
  Sample 1:
    TRUE: [27, 16, 7, 39, 26, 11, 7, 2, 28, 30, 39, 28, 10, 34, 27, 2, 20, 39, 28, 5, 22, 8, 39, 20, 16, 31, 2, 14, 27, 1, 13, 28, 39]
    PRED: [35, 1, 7, 39, 26, 0, 27, 28, 7, 2, 30, 37, 39, 30, 10, 34, 2, 20, 39, 19, 1, 22, 8, 39, 20, 10, 28, 27, 2, 16, 13, 39]
    Edit distance: 18/33
  Sample 2:
    TRUE: [28, 24, 39, 27, 33, 20, 37, 39, 35, 17, 39, 21, 12, 8, 39, 16, 22, 39, 2, 22, 2, 6, 1, 29, 30, 39, 19, 2, 20, 33, 38, 2, 22, 39]
    PRED: [9, 2, 39, 35, 11, 20, 37, 39, 35, 17, 39, 21, 12, 8, 39, 16, 22, 39, 16, 22, 8, 2, 34, 2, 1, 28, 39, 2, 20, 33, 38, 2, 22, 39]
    Edit distance: 11/34
  Sample 3:
    TRUE: [20, 3, 27, 17, 37, 39, 19, 0, 28, 30, 33, 21, 39, 22, 17, 8, 2, 8, 39, 6, 20, 1, 19, 39, 14, 20, 2, 34, 37, 39, 30, 33, 39, 6, 17, 39, 19, 2, 21, 26, 20, 17, 30, 20, 17, 39, 10, 20, 2, 14, 2, 22, 30, 39]
    PRED: [35, 25, 35, 17, 37, 39, 19, 0, 28, 15, 33, 21, 39, 22, 17, 8, 39, 6, 32, 19, 39, 20, 16, 6, 37, 39, 30, 33, 39, 6, 17, 39, 19, 2, 21, 26, 36, 17, 30, 20, 11, 39, 10, 20, 2, 22, 8, 39]
    Edit distance: 16/54
  Sample 4:
    TRUE: [9, 2, 39, 30, 33, 31, 39, 13, 10, 27, 17, 39, 13, 11, 14, 0, 30, 39, 30, 33, 39, 19, 2, 21, 39, 35, 10, 22, 39, 27, 0, 18, 11, 37, 39, 30, 33, 31, 39, 13, 10, 20, 39, 4, 30, 39]
    PRED: [9, 2, 39, 30, 33, 31, 39, 34, 1, 27, 17, 39, 26, 27, 17, 14, 3, 30, 39, 30, 33, 39, 19, 2, 21, 39, 27, 10, 22, 8, 39, 35, 5, 20, 11, 37, 39, 30, 11, 31, 39, 13, 5, 20, 39, 4, 30, 39]
    Edit distance: 13/46

============================================================
Batch 56000 | Val PER: 0.1864
============================================================
  Sample 0:
    TRUE: [31, 17, 0, 19, 27, 2, 28, 17, 39, 27, 17, 19, 2, 22, 28, 16, 8, 11, 8, 39]
    PRED: [15, 10, 19, 30, 2, 28, 30, 28, 39, 27, 2, 14, 35, 0, 22, 8, 39]
    Edit distance: 13/20
  Sample 1:
    TRUE: [27, 16, 7, 39, 26, 11, 7, 2, 28, 30, 39, 28, 10, 34, 27, 2, 20, 39, 28, 5, 22, 8, 39, 20, 16, 31, 2, 14, 27, 1, 13, 28, 39]
    PRED: [35, 1, 7, 39, 26, 25, 7, 2, 37, 39, 30, 10, 34, 2, 20, 39, 1, 22, 8, 39, 20, 10, 28, 10, 2, 13, 39]
    Edit distance: 16/33
  Sample 2:
    TRUE: [28, 24, 39, 27, 33, 20, 37, 39, 35, 17, 39, 21, 12, 8, 39, 16, 22, 39, 2, 22, 2, 6, 1, 29, 30, 39, 19, 2, 20, 33, 38, 2, 22, 39]
    PRED: [9, 2, 39, 27, 33, 20, 37, 39, 35, 17, 39, 21, 12, 8, 39, 16, 22, 39, 16, 22, 2, 21, 2, 1, 28, 39, 19, 2, 20, 33, 38, 2, 22, 39]
    Edit distance: 7/34
  Sample 3:
    TRUE: [20, 3, 27, 17, 37, 39, 19, 0, 28, 30, 33, 21, 39, 22, 17, 8, 2, 8, 39, 6, 20, 1, 19, 39, 14, 20, 2, 34, 37, 39, 30, 33, 39, 6, 17, 39, 19, 2, 21, 26, 20, 17, 30, 20, 17, 39, 10, 20, 2, 14, 2, 22, 30, 39]
    PRED: [35, 25, 37, 39, 19, 0, 28, 15, 24, 21, 39, 22, 17, 8, 39, 6, 27, 1, 19, 39, 20, 16, 34, 37, 39, 30, 33, 39, 6, 17, 39, 19, 2, 21, 26, 36, 17, 30, 20, 17, 39, 10, 20, 2, 22, 30, 39]
    Edit distance: 14/54
  Sample 4:
    TRUE: [9, 2, 39, 30, 33, 31, 39, 13, 10, 27, 17, 39, 13, 11, 14, 0, 30, 39, 30, 33, 39, 19, 2, 21, 39, 35, 10, 22, 39, 27, 0, 18, 11, 37, 39, 30, 33, 31, 39, 13, 10, 20, 39, 4, 30, 39]
    PRED: [9, 2, 39, 27, 33, 31, 39, 34, 10, 27, 17, 39, 26, 27, 17, 14, 0, 30, 39, 30, 33, 39, 19, 2, 21, 39, 27, 2, 22, 8, 39, 35, 24, 8, 11, 37, 39, 30, 33, 31, 39, 13, 5, 20, 39, 4, 30, 39]
    Edit distance: 12/46

============================================================
Batch 56500 | Val PER: 0.1892
============================================================
  Sample 0:
    TRUE: [31, 17, 0, 19, 27, 2, 28, 17, 39, 27, 17, 19, 2, 22, 28, 16, 8, 11, 8, 39]
    PRED: [0, 19, 2, 28, 39, 27, 2, 14, 3, 0, 27, 2, 22, 30, 2, 8, 39]
    Edit distance: 13/20
  Sample 1:
    TRUE: [27, 16, 7, 39, 26, 11, 7, 2, 28, 30, 39, 28, 10, 34, 27, 2, 20, 39, 28, 5, 22, 8, 39, 20, 16, 31, 2, 14, 27, 1, 13, 28, 39]
    PRED: [27, 1, 19, 39, 26, 0, 28, 29, 2, 22, 37, 39, 28, 10, 34, 2, 20, 39, 1, 22, 8, 39, 20, 10, 28, 31, 2, 1, 13, 39]
    Edit distance: 15/33
  Sample 2:
    TRUE: [28, 24, 39, 27, 33, 20, 37, 39, 35, 17, 39, 21, 12, 8, 39, 16, 22, 39, 2, 22, 2, 6, 1, 29, 30, 39, 19, 2, 20, 33, 38, 2, 22, 39]
    PRED: [9, 2, 39, 27, 33, 20, 37, 39, 35, 17, 39, 21, 12, 8, 39, 16, 22, 39, 2, 22, 2, 34, 10, 28, 39, 2, 20, 33, 38, 2, 22, 39]
    Edit distance: 7/34
  Sample 3:
    TRUE: [20, 3, 27, 17, 37, 39, 19, 0, 28, 30, 33, 21, 39, 22, 17, 8, 2, 8, 39, 6, 20, 1, 19, 39, 14, 20, 2, 34, 37, 39, 30, 33, 39, 6, 17, 39, 19, 2, 21, 26, 20, 17, 30, 20, 17, 39, 10, 20, 2, 14, 2, 22, 30, 39]
    PRED: [27, 25, 17, 39, 19, 0, 28, 15, 33, 21, 39, 22, 17, 8, 39, 6, 27, 2, 19, 39, 20, 16, 34, 37, 39, 30, 32, 8, 39, 6, 17, 39, 19, 2, 21, 26, 36, 17, 2, 20, 11, 39, 10, 20, 2, 22, 39]
    Edit distance: 19/54
  Sample 4:
    TRUE: [9, 2, 39, 30, 33, 31, 39, 13, 10, 27, 17, 39, 13, 11, 14, 0, 30, 39, 30, 33, 39, 19, 2, 21, 39, 35, 10, 22, 39, 27, 0, 18, 11, 37, 39, 30, 33, 31, 39, 13, 10, 20, 39, 4, 30, 39]
    PRED: [9, 2, 39, 30, 27, 33, 31, 39, 34, 1, 27, 20, 17, 39, 26, 27, 17, 14, 0, 30, 39, 30, 33, 39, 19, 2, 21, 39, 27, 2, 22, 8, 39, 35, 3, 18, 11, 39, 31, 33, 31, 39, 13, 3, 27, 20, 39, 4, 30, 39]
    Edit distance: 16/46

============================================================
Batch 57000 | Val PER: 0.1889
============================================================
  Sample 0:
    TRUE: [31, 17, 0, 19, 27, 2, 28, 17, 39, 27, 17, 19, 2, 22, 28, 16, 8, 11, 8, 39]
    PRED: [0, 0, 19, 11, 37, 39, 27, 2, 14, 0, 22, 12, 30, 2, 8, 39]
    Edit distance: 13/20
  Sample 1:
    TRUE: [27, 16, 7, 39, 26, 11, 7, 2, 28, 30, 39, 28, 10, 34, 27, 2, 20, 39, 28, 5, 22, 8, 39, 20, 16, 31, 2, 14, 27, 1, 13, 28, 39]
    PRED: [27, 1, 7, 39, 21, 2, 28, 7, 2, 37, 39, 10, 34, 11, 39, 1, 22, 8, 39, 20, 10, 28, 31, 27, 2, 13, 39]
    Edit distance: 18/33
  Sample 2:
    TRUE: [28, 24, 39, 27, 33, 20, 37, 39, 35, 17, 39, 21, 12, 8, 39, 16, 22, 39, 2, 22, 2, 6, 1, 29, 30, 39, 19, 2, 20, 33, 38, 2, 22, 39]
    PRED: [2, 39, 27, 33, 20, 37, 39, 35, 17, 39, 21, 12, 8, 39, 16, 22, 39, 2, 22, 2, 34, 2, 28, 39, 19, 2, 20, 33, 38, 2, 22, 39]
    Edit distance: 6/34
  Sample 3:
    TRUE: [20, 3, 27, 17, 37, 39, 19, 0, 28, 30, 33, 21, 39, 22, 17, 8, 2, 8, 39, 6, 20, 1, 19, 39, 14, 20, 2, 34, 37, 39, 30, 33, 39, 6, 17, 39, 19, 2, 21, 26, 20, 17, 30, 20, 17, 39, 10, 20, 2, 14, 2, 22, 30, 39]
    PRED: [25, 17, 39, 19, 0, 28, 15, 33, 21, 39, 22, 17, 8, 39, 6, 2, 19, 39, 20, 2, 6, 37, 39, 29, 32, 8, 39, 6, 17, 39, 19, 0, 21, 26, 36, 17, 30, 20, 11, 39, 10, 20, 2, 22, 39]
    Edit distance: 20/54
  Sample 4:
    TRUE: [9, 2, 39, 30, 33, 31, 39, 13, 10, 27, 17, 39, 13, 11, 14, 0, 30, 39, 30, 33, 39, 19, 2, 21, 39, 35, 10, 22, 39, 27, 0, 18, 11, 37, 39, 30, 33, 31, 39, 13, 10, 20, 39, 4, 30, 39]
    PRED: [9, 2, 39, 27, 33, 31, 39, 34, 1, 27, 17, 39, 26, 27, 17, 3, 30, 39, 30, 33, 39, 19, 2, 21, 39, 27, 2, 22, 8, 39, 35, 2, 8, 11, 39, 22, 33, 31, 39, 13, 5, 20, 39, 4, 30, 39]
    Edit distance: 16/46

============================================================
Batch 57500 | Val PER: 0.1921
============================================================
  Sample 0:
    TRUE: [31, 17, 0, 19, 27, 2, 28, 17, 39, 27, 17, 19, 2, 22, 28, 16, 8, 11, 8, 39]
    PRED: [27, 0, 27, 19, 2, 28, 37, 39, 27, 2, 14, 27, 0, 27, 2, 22, 30, 2, 8, 39]
    Edit distance: 14/20
  Sample 1:
    TRUE: [27, 16, 7, 39, 26, 11, 7, 2, 28, 30, 39, 28, 10, 34, 27, 2, 20, 39, 28, 5, 22, 8, 39, 20, 16, 31, 2, 14, 27, 1, 13, 28, 39]
    PRED: [27, 1, 7, 39, 26, 0, 29, 2, 22, 37, 39, 28, 10, 34, 2, 20, 39, 15, 1, 22, 8, 39, 20, 10, 19, 35, 2, 2, 13, 39]
    Edit distance: 15/33
  Sample 2:
    TRUE: [28, 24, 39, 27, 33, 20, 37, 39, 35, 17, 39, 21, 12, 8, 39, 16, 22, 39, 2, 22, 2, 6, 1, 29, 30, 39, 19, 2, 20, 33, 38, 2, 22, 39]
    PRED: [9, 2, 39, 27, 33, 20, 37, 39, 35, 17, 39, 21, 12, 8, 39, 16, 22, 39, 2, 22, 2, 34, 2, 28, 39, 19, 2, 20, 33, 38, 2, 22, 39]
    Edit distance: 6/34
  Sample 3:
    TRUE: [20, 3, 27, 17, 37, 39, 19, 0, 28, 30, 33, 21, 39, 22, 17, 8, 2, 8, 39, 6, 20, 1, 19, 39, 14, 20, 2, 34, 37, 39, 30, 33, 39, 6, 17, 39, 19, 2, 21, 26, 20, 17, 30, 20, 17, 39, 10, 20, 2, 14, 2, 22, 30, 39]
    PRED: [27, 25, 17, 39, 19, 0, 27, 33, 21, 39, 22, 17, 8, 2, 8, 39, 6, 27, 2, 19, 39, 20, 2, 34, 37, 39, 30, 32, 8, 39, 6, 17, 39, 19, 2, 21, 26, 36, 17, 30, 20, 11, 39, 10, 20, 2, 22, 30, 39]
    Edit distance: 15/54
  Sample 4:
    TRUE: [9, 2, 39, 30, 33, 31, 39, 13, 10, 27, 17, 39, 13, 11, 14, 0, 30, 39, 30, 33, 39, 19, 2, 21, 39, 35, 10, 22, 39, 27, 0, 18, 11, 37, 39, 30, 33, 31, 39, 13, 10, 20, 39, 4, 30, 39]
    PRED: [9, 2, 39, 27, 33, 31, 39, 34, 1, 27, 20, 36, 17, 39, 26, 27, 17, 14, 0, 30, 22, 39, 30, 33, 39, 19, 2, 21, 39, 27, 2, 22, 8, 39, 35, 0, 20, 7, 11, 37, 39, 37, 33, 31, 39, 13, 3, 20, 39, 4, 30, 39]
    Edit distance: 17/46

============================================================
Batch 58000 | Val PER: 0.1871
============================================================
  Sample 0:
    TRUE: [31, 17, 0, 19, 27, 2, 28, 17, 39, 27, 17, 19, 2, 22, 28, 16, 8, 11, 8, 39]
    PRED: [27, 0, 19, 2, 28, 30, 39, 27, 17, 14, 27, 0, 27, 30, 2, 8, 39]
    Edit distance: 11/20
  Sample 1:
    TRUE: [27, 16, 7, 39, 26, 11, 7, 2, 28, 30, 39, 28, 10, 34, 27, 2, 20, 39, 28, 5, 22, 8, 39, 20, 16, 31, 2, 14, 27, 1, 13, 28, 39]
    PRED: [1, 7, 39, 26, 2, 7, 2, 37, 39, 28, 10, 34, 2, 39, 7, 1, 22, 8, 39, 20, 10, 35, 2, 13, 39]
    Edit distance: 15/33
  Sample 2:
    TRUE: [28, 24, 39, 27, 33, 20, 37, 39, 35, 17, 39, 21, 12, 8, 39, 16, 22, 39, 2, 22, 2, 6, 1, 29, 30, 39, 19, 2, 20, 33, 38, 2, 22, 39]
    PRED: [9, 2, 39, 27, 33, 20, 37, 39, 35, 17, 39, 21, 12, 8, 39, 16, 22, 39, 2, 22, 2, 34, 2, 28, 39, 19, 2, 20, 33, 38, 2, 22, 39]
    Edit distance: 6/34
  Sample 3:
    TRUE: [20, 3, 27, 17, 37, 39, 19, 0, 28, 30, 33, 21, 39, 22, 17, 8, 2, 8, 39, 6, 20, 1, 19, 39, 14, 20, 2, 34, 37, 39, 30, 33, 39, 6, 17, 39, 19, 2, 21, 26, 20, 17, 30, 20, 17, 39, 10, 20, 2, 14, 2, 22, 30, 39]
    PRED: [35, 5, 12, 17, 37, 39, 19, 0, 33, 21, 39, 22, 17, 8, 39, 6, 12, 19, 39, 20, 16, 34, 37, 39, 30, 32, 8, 39, 6, 17, 39, 19, 2, 21, 26, 17, 30, 20, 17, 39, 10, 20, 2, 22, 39]
    Edit distance: 17/54
  Sample 4:
    TRUE: [9, 2, 39, 30, 33, 31, 39, 13, 10, 27, 17, 39, 13, 11, 14, 0, 30, 39, 30, 33, 39, 19, 2, 21, 39, 35, 10, 22, 39, 27, 0, 18, 11, 37, 39, 30, 33, 31, 39, 13, 10, 20, 39, 4, 30, 39]
    PRED: [9, 2, 39, 27, 33, 31, 39, 34, 1, 27, 17, 39, 26, 27, 17, 14, 3, 30, 39, 30, 33, 39, 19, 2, 21, 39, 27, 10, 22, 8, 39, 35, 0, 20, 18, 11, 37, 39, 37, 33, 31, 39, 13, 3, 20, 39, 4, 30, 39]
    Edit distance: 13/46

============================================================
Batch 58500 | Val PER: 0.1852
============================================================
  Sample 0:
    TRUE: [31, 17, 0, 19, 27, 2, 28, 17, 39, 27, 17, 19, 2, 22, 28, 16, 8, 11, 8, 39]
    PRED: [19, 5, 27, 0, 19, 2, 28, 37, 39, 27, 2, 14, 0, 27, 22, 30, 8, 39]
    Edit distance: 12/20
  Sample 1:
    TRUE: [27, 16, 7, 39, 26, 11, 7, 2, 28, 30, 39, 28, 10, 34, 27, 2, 20, 39, 28, 5, 22, 8, 39, 20, 16, 31, 2, 14, 27, 1, 13, 28, 39]
    PRED: [27, 1, 19, 39, 26, 0, 7, 2, 37, 39, 28, 10, 34, 2, 20, 39, 15, 1, 22, 8, 39, 20, 16, 19, 27, 2, 16, 13, 39]
    Edit distance: 14/33
  Sample 2:
    TRUE: [28, 24, 39, 27, 33, 20, 37, 39, 35, 17, 39, 21, 12, 8, 39, 16, 22, 39, 2, 22, 2, 6, 1, 29, 30, 39, 19, 2, 20, 33, 38, 2, 22, 39]
    PRED: [9, 2, 39, 27, 33, 20, 37, 39, 35, 17, 39, 21, 12, 8, 39, 16, 22, 39, 2, 22, 2, 34, 2, 28, 39, 19, 2, 20, 33, 38, 2, 22, 39]
    Edit distance: 6/34
  Sample 3:
    TRUE: [20, 3, 27, 17, 37, 39, 19, 0, 28, 30, 33, 21, 39, 22, 17, 8, 2, 8, 39, 6, 20, 1, 19, 39, 14, 20, 2, 34, 37, 39, 30, 33, 39, 6, 17, 39, 19, 2, 21, 26, 20, 17, 30, 20, 17, 39, 10, 20, 2, 14, 2, 22, 30, 39]
    PRED: [27, 5, 17, 39, 19, 0, 28, 30, 27, 33, 21, 39, 22, 17, 8, 39, 6, 20, 12, 19, 39, 20, 0, 6, 37, 39, 30, 32, 8, 39, 6, 17, 39, 19, 2, 21, 26, 20, 17, 30, 20, 17, 39, 10, 20, 2, 22, 39]
    Edit distance: 16/54
  Sample 4:
    TRUE: [9, 2, 39, 30, 33, 31, 39, 13, 10, 27, 17, 39, 13, 11, 14, 0, 30, 39, 30, 33, 39, 19, 2, 21, 39, 35, 10, 22, 39, 27, 0, 18, 11, 37, 39, 30, 33, 31, 39, 13, 10, 20, 39, 4, 30, 39]
    PRED: [9, 2, 39, 27, 33, 31, 39, 34, 1, 27, 17, 39, 26, 27, 17, 14, 3, 30, 22, 39, 30, 33, 39, 19, 2, 21, 39, 27, 10, 22, 8, 39, 35, 11, 20, 18, 11, 37, 39, 31, 33, 31, 39, 13, 3, 27, 20, 39, 4, 30, 39]
    Edit distance: 16/46

============================================================
Batch 59000 | Val PER: 0.1900
============================================================
  Sample 0:
    TRUE: [31, 17, 0, 19, 27, 2, 28, 17, 39, 27, 17, 19, 2, 22, 28, 16, 8, 11, 8, 39]
    PRED: [10, 19, 2, 28, 39, 27, 17, 14, 27, 0, 22, 30, 8, 39]
    Edit distance: 12/20
  Sample 1:
    TRUE: [27, 16, 7, 39, 26, 11, 7, 2, 28, 30, 39, 28, 10, 34, 27, 2, 20, 39, 28, 5, 22, 8, 39, 20, 16, 31, 2, 14, 27, 1, 13, 28, 39]
    PRED: [35, 1, 19, 39, 26, 0, 7, 2, 30, 39, 28, 10, 34, 2, 20, 39, 28, 1, 22, 37, 39, 20, 16, 28, 2, 16, 13, 39]
    Edit distance: 13/33
  Sample 2:
    TRUE: [28, 24, 39, 27, 33, 20, 37, 39, 35, 17, 39, 21, 12, 8, 39, 16, 22, 39, 2, 22, 2, 6, 1, 29, 30, 39, 19, 2, 20, 33, 38, 2, 22, 39]
    PRED: [9, 2, 39, 27, 33, 20, 37, 39, 35, 17, 39, 21, 12, 8, 39, 16, 22, 39, 2, 22, 2, 34, 1, 28, 39, 19, 2, 20, 33, 38, 2, 22, 39]
    Edit distance: 5/34
  Sample 3:
    TRUE: [20, 3, 27, 17, 37, 39, 19, 0, 28, 30, 33, 21, 39, 22, 17, 8, 2, 8, 39, 6, 20, 1, 19, 39, 14, 20, 2, 34, 37, 39, 30, 33, 39, 6, 17, 39, 19, 2, 21, 26, 20, 17, 30, 20, 17, 39, 10, 20, 2, 14, 2, 22, 30, 39]
    PRED: [35, 17, 17, 39, 19, 0, 28, 27, 33, 21, 39, 22, 17, 8, 39, 6, 20, 1, 19, 39, 20, 2, 34, 37, 39, 30, 33, 39, 6, 17, 39, 19, 2, 21, 26, 36, 17, 30, 20, 17, 39, 10, 20, 2, 22, 39]
    Edit distance: 12/54
  Sample 4:
    TRUE: [9, 2, 39, 30, 33, 31, 39, 13, 10, 27, 17, 39, 13, 11, 14, 0, 30, 39, 30, 33, 39, 19, 2, 21, 39, 35, 10, 22, 39, 27, 0, 18, 11, 37, 39, 30, 33, 31, 39, 13, 10, 20, 39, 4, 30, 39]
    PRED: [9, 2, 39, 27, 33, 31, 39, 34, 1, 20, 36, 17, 39, 26, 27, 11, 0, 30, 39, 30, 33, 39, 19, 2, 21, 39, 27, 2, 22, 8, 39, 35, 0, 20, 7, 11, 39, 28, 33, 31, 39, 13, 1, 20, 39, 4, 30, 39]
    Edit distance: 17/46

============================================================
Batch 59500 | Val PER: 0.1854
============================================================
  Sample 0:
    TRUE: [31, 17, 0, 19, 27, 2, 28, 17, 39, 27, 17, 19, 2, 22, 28, 16, 8, 11, 8, 39]
    PRED: [15, 0, 0, 19, 2, 28, 37, 39, 27, 2, 14, 27, 0, 12, 30, 8, 39]
    Edit distance: 11/20
  Sample 1:
    TRUE: [27, 16, 7, 39, 26, 11, 7, 2, 28, 30, 39, 28, 10, 34, 27, 2, 20, 39, 28, 5, 22, 8, 39, 20, 16, 31, 2, 14, 27, 1, 13, 28, 39]
    PRED: [27, 1, 19, 39, 26, 0, 29, 10, 2, 30, 39, 10, 34, 2, 20, 39, 15, 1, 22, 8, 39, 20, 10, 28, 10, 13, 39]
    Edit distance: 17/33
  Sample 2:
    TRUE: [28, 24, 39, 27, 33, 20, 37, 39, 35, 17, 39, 21, 12, 8, 39, 16, 22, 39, 2, 22, 2, 6, 1, 29, 30, 39, 19, 2, 20, 33, 38, 2, 22, 39]
    PRED: [9, 2, 39, 27, 33, 20, 37, 39, 35, 17, 39, 21, 12, 8, 39, 16, 22, 39, 16, 22, 2, 11, 34, 1, 28, 39, 19, 2, 20, 33, 38, 2, 22, 39]
    Edit distance: 7/34
  Sample 3:
    TRUE: [20, 3, 27, 17, 37, 39, 19, 0, 28, 30, 33, 21, 39, 22, 17, 8, 2, 8, 39, 6, 20, 1, 19, 39, 14, 20, 2, 34, 37, 39, 30, 33, 39, 6, 17, 39, 19, 2, 21, 26, 20, 17, 30, 20, 17, 39, 10, 20, 2, 14, 2, 22, 30, 39]
    PRED: [27, 17, 17, 39, 19, 0, 28, 27, 33, 21, 39, 22, 17, 8, 39, 6, 27, 12, 19, 39, 20, 16, 6, 37, 39, 29, 32, 8, 39, 6, 17, 39, 19, 2, 21, 26, 36, 17, 30, 20, 17, 39, 10, 20, 2, 22, 39]
    Edit distance: 18/54
  Sample 4:
    TRUE: [9, 2, 39, 30, 33, 31, 39, 13, 10, 27, 17, 39, 13, 11, 14, 0, 30, 39, 30, 33, 39, 19, 2, 21, 39, 35, 10, 22, 39, 27, 0, 18, 11, 37, 39, 30, 33, 31, 39, 13, 10, 20, 39, 4, 30, 39]
    PRED: [9, 2, 39, 27, 33, 31, 39, 34, 1, 27, 36, 17, 39, 26, 27, 11, 14, 3, 30, 39, 30, 33, 39, 19, 2, 21, 39, 27, 2, 22, 8, 39, 35, 11, 20, 7, 11, 37, 39, 31, 33, 31, 39, 13, 4, 20, 39, 4, 30, 39]
    Edit distance: 16/46

============================================================
Batch 60000 | Val PER: 0.1866
============================================================
  Sample 0:
    TRUE: [31, 17, 0, 19, 27, 2, 28, 17, 39, 27, 17, 19, 2, 22, 28, 16, 8, 11, 8, 39]
    PRED: [0, 0, 19, 2, 28, 30, 39, 27, 2, 14, 0, 27, 22, 8, 30, 8, 39]
    Edit distance: 11/20
  Sample 1:
    TRUE: [27, 16, 7, 39, 26, 11, 7, 2, 28, 30, 39, 28, 10, 34, 27, 2, 20, 39, 28, 5, 22, 8, 39, 20, 16, 31, 2, 14, 27, 1, 13, 28, 39]
    PRED: [27, 1, 19, 39, 26, 0, 7, 2, 37, 39, 10, 34, 2, 20, 39, 15, 1, 22, 8, 39, 20, 10, 28, 31, 27, 16, 34, 13, 39]
    Edit distance: 16/33
  Sample 2:
    TRUE: [28, 24, 39, 27, 33, 20, 37, 39, 35, 17, 39, 21, 12, 8, 39, 16, 22, 39, 2, 22, 2, 6, 1, 29, 30, 39, 19, 2, 20, 33, 38, 2, 22, 39]
    PRED: [2, 39, 27, 17, 20, 37, 39, 35, 17, 39, 21, 12, 8, 39, 16, 22, 39, 16, 22, 2, 34, 2, 28, 39, 19, 2, 20, 33, 38, 2, 22, 39]
    Edit distance: 8/34
  Sample 3:
    TRUE: [20, 3, 27, 17, 37, 39, 19, 0, 28, 30, 33, 21, 39, 22, 17, 8, 2, 8, 39, 6, 20, 1, 19, 39, 14, 20, 2, 34, 37, 39, 30, 33, 39, 6, 17, 39, 19, 2, 21, 26, 20, 17, 30, 20, 17, 39, 10, 20, 2, 14, 2, 22, 30, 39]
    PRED: [30, 27, 25, 17, 39, 19, 0, 28, 33, 21, 39, 22, 17, 8, 39, 6, 27, 12, 19, 39, 20, 2, 6, 37, 39, 30, 32, 8, 39, 6, 17, 39, 19, 2, 21, 26, 36, 17, 30, 20, 17, 39, 16, 20, 2, 22, 39]
    Edit distance: 18/54
  Sample 4:
    TRUE: [9, 2, 39, 30, 33, 31, 39, 13, 10, 27, 17, 39, 13, 11, 14, 0, 30, 39, 30, 33, 39, 19, 2, 21, 39, 35, 10, 22, 39, 27, 0, 18, 11, 37, 39, 30, 33, 31, 39, 13, 10, 20, 39, 4, 30, 39]
    PRED: [9, 2, 39, 27, 33, 31, 39, 34, 1, 27, 20, 17, 39, 27, 17, 0, 30, 39, 30, 33, 39, 19, 2, 21, 39, 27, 2, 22, 8, 39, 35, 11, 8, 17, 11, 37, 39, 31, 33, 31, 39, 13, 4, 20, 39, 4, 30, 39]
    Edit distance: 16/46

============================================================
Batch 60500 | Val PER: 0.1901
============================================================
  Sample 0:
    TRUE: [31, 17, 0, 19, 27, 2, 28, 17, 39, 27, 17, 19, 2, 22, 28, 16, 8, 11, 8, 39]
    PRED: [27, 0, 0, 19, 2, 28, 39, 27, 2, 14, 0, 22, 30, 2, 8, 39]
    Edit distance: 11/20
  Sample 1:
    TRUE: [27, 16, 7, 39, 26, 11, 7, 2, 28, 30, 39, 28, 10, 34, 27, 2, 20, 39, 28, 5, 22, 8, 39, 20, 16, 31, 2, 14, 27, 1, 13, 28, 39]
    PRED: [27, 35, 1, 7, 39, 26, 27, 2, 7, 2, 37, 39, 28, 10, 34, 2, 20, 39, 19, 1, 22, 8, 39, 20, 10, 28, 31, 20, 10, 13, 39]
    Edit distance: 16/33
  Sample 2:
    TRUE: [28, 24, 39, 27, 33, 20, 37, 39, 35, 17, 39, 21, 12, 8, 39, 16, 22, 39, 2, 22, 2, 6, 1, 29, 30, 39, 19, 2, 20, 33, 38, 2, 22, 39]
    PRED: [9, 2, 39, 27, 33, 20, 37, 39, 35, 17, 39, 21, 12, 8, 39, 16, 22, 39, 16, 22, 2, 34, 2, 28, 39, 19, 2, 20, 33, 38, 2, 22, 39]
    Edit distance: 7/34
  Sample 3:
    TRUE: [20, 3, 27, 17, 37, 39, 19, 0, 28, 30, 33, 21, 39, 22, 17, 8, 2, 8, 39, 6, 20, 1, 19, 39, 14, 20, 2, 34, 37, 39, 30, 33, 39, 6, 17, 39, 19, 2, 21, 26, 20, 17, 30, 20, 17, 39, 10, 20, 2, 14, 2, 22, 30, 39]
    PRED: [35, 25, 17, 39, 19, 0, 28, 33, 21, 39, 22, 17, 8, 39, 6, 20, 12, 19, 39, 20, 2, 6, 37, 39, 29, 32, 8, 39, 6, 17, 39, 19, 2, 21, 26, 36, 17, 30, 20, 17, 39, 10, 20, 2, 22, 30, 39]
    Edit distance: 16/54
  Sample 4:
    TRUE: [9, 2, 39, 30, 33, 31, 39, 13, 10, 27, 17, 39, 13, 11, 14, 0, 30, 39, 30, 33, 39, 19, 2, 21, 39, 35, 10, 22, 39, 27, 0, 18, 11, 37, 39, 30, 33, 31, 39, 13, 10, 20, 39, 4, 30, 39]
    PRED: [9, 2, 39, 33, 31, 39, 34, 1, 27, 36, 17, 39, 26, 27, 17, 3, 30, 39, 30, 33, 39, 19, 2, 21, 39, 27, 10, 22, 8, 39, 35, 2, 20, 11, 37, 39, 11, 31, 39, 13, 1, 20, 39, 4, 30, 39]
    Edit distance: 16/46

============================================================
Batch 61000 | Val PER: 0.1876
============================================================
  Sample 0:
    TRUE: [31, 17, 0, 19, 27, 2, 28, 17, 39, 27, 17, 19, 2, 22, 28, 16, 8, 11, 8, 39]
    PRED: [27, 0, 19, 2, 28, 39, 27, 2, 14, 27, 1, 22, 30, 2, 8, 39]
    Edit distance: 12/20
  Sample 1:
    TRUE: [27, 16, 7, 39, 26, 11, 7, 2, 28, 30, 39, 28, 10, 34, 27, 2, 20, 39, 28, 5, 22, 8, 39, 20, 16, 31, 2, 14, 27, 1, 13, 28, 39]
    PRED: [35, 1, 7, 39, 26, 27, 0, 7, 2, 30, 39, 28, 10, 34, 2, 20, 39, 19, 1, 22, 8, 39, 20, 10, 28, 35, 2, 2, 13, 39]
    Edit distance: 15/33
  Sample 2:
    TRUE: [28, 24, 39, 27, 33, 20, 37, 39, 35, 17, 39, 21, 12, 8, 39, 16, 22, 39, 2, 22, 2, 6, 1, 29, 30, 39, 19, 2, 20, 33, 38, 2, 22, 39]
    PRED: [9, 2, 39, 27, 24, 20, 37, 39, 35, 17, 39, 21, 12, 8, 39, 16, 22, 39, 2, 22, 2, 34, 2, 28, 39, 19, 2, 20, 33, 38, 2, 22, 39]
    Edit distance: 7/34
  Sample 3:
    TRUE: [20, 3, 27, 17, 37, 39, 19, 0, 28, 30, 33, 21, 39, 22, 17, 8, 2, 8, 39, 6, 20, 1, 19, 39, 14, 20, 2, 34, 37, 39, 30, 33, 39, 6, 17, 39, 19, 2, 21, 26, 20, 17, 30, 20, 17, 39, 10, 20, 2, 14, 2, 22, 30, 39]
    PRED: [35, 25, 17, 39, 19, 0, 28, 27, 33, 21, 39, 22, 17, 8, 39, 6, 20, 12, 19, 39, 20, 16, 6, 39, 30, 32, 8, 39, 6, 17, 39, 19, 2, 21, 26, 36, 17, 20, 17, 39, 10, 20, 2, 22, 39]
    Edit distance: 19/54
  Sample 4:
    TRUE: [9, 2, 39, 30, 33, 31, 39, 13, 10, 27, 17, 39, 13, 11, 14, 0, 30, 39, 30, 33, 39, 19, 2, 21, 39, 35, 10, 22, 39, 27, 0, 18, 11, 37, 39, 30, 33, 31, 39, 13, 10, 20, 39, 4, 30, 39]
    PRED: [9, 2, 39, 27, 33, 31, 39, 34, 1, 27, 36, 17, 39, 26, 27, 17, 3, 30, 39, 30, 33, 39, 19, 2, 21, 39, 27, 2, 22, 8, 39, 35, 11, 27, 11, 37, 39, 28, 33, 31, 39, 13, 4, 20, 39, 4, 30, 39]
    Edit distance: 16/46

============================================================
Batch 61500 | Val PER: 0.1877
============================================================
  Sample 0:
    TRUE: [31, 17, 0, 19, 27, 2, 28, 17, 39, 27, 17, 19, 2, 22, 28, 16, 8, 11, 8, 39]
    PRED: [17, 0, 19, 2, 28, 37, 39, 27, 2, 14, 0, 8, 30, 2, 8, 39]
    Edit distance: 10/20
  Sample 1:
    TRUE: [27, 16, 7, 39, 26, 11, 7, 2, 28, 30, 39, 28, 10, 34, 27, 2, 20, 39, 28, 5, 22, 8, 39, 20, 16, 31, 2, 14, 27, 1, 13, 28, 39]
    PRED: [27, 1, 19, 39, 26, 0, 7, 2, 37, 39, 28, 10, 34, 2, 20, 39, 15, 1, 8, 39, 20, 10, 28, 31, 35, 2, 16, 13, 39]
    Edit distance: 16/33
  Sample 2:
    TRUE: [28, 24, 39, 27, 33, 20, 37, 39, 35, 17, 39, 21, 12, 8, 39, 16, 22, 39, 2, 22, 2, 6, 1, 29, 30, 39, 19, 2, 20, 33, 38, 2, 22, 39]
    PRED: [2, 39, 27, 24, 20, 37, 39, 35, 17, 39, 21, 12, 8, 39, 16, 22, 39, 2, 22, 8, 2, 34, 2, 28, 39, 19, 2, 20, 33, 38, 2, 22, 39]
    Edit distance: 8/34
  Sample 3:
    TRUE: [20, 3, 27, 17, 37, 39, 19, 0, 28, 30, 33, 21, 39, 22, 17, 8, 2, 8, 39, 6, 20, 1, 19, 39, 14, 20, 2, 34, 37, 39, 30, 33, 39, 6, 17, 39, 19, 2, 21, 26, 20, 17, 30, 20, 17, 39, 10, 20, 2, 14, 2, 22, 30, 39]
    PRED: [27, 25, 17, 39, 19, 1, 28, 33, 21, 39, 22, 17, 8, 39, 6, 20, 1, 19, 39, 20, 16, 6, 37, 39, 29, 32, 8, 39, 6, 17, 39, 19, 2, 21, 26, 36, 17, 30, 20, 17, 39, 10, 20, 2, 22, 39]
    Edit distance: 18/54
  Sample 4:
    TRUE: [9, 2, 39, 30, 33, 31, 39, 13, 10, 27, 17, 39, 13, 11, 14, 0, 30, 39, 30, 33, 39, 19, 2, 21, 39, 35, 10, 22, 39, 27, 0, 18, 11, 37, 39, 30, 33, 31, 39, 13, 10, 20, 39, 4, 30, 39]
    PRED: [9, 2, 39, 33, 31, 39, 34, 1, 27, 36, 17, 39, 26, 27, 17, 14, 3, 30, 39, 30, 33, 39, 19, 2, 21, 39, 27, 2, 22, 8, 39, 35, 11, 7, 11, 37, 39, 11, 31, 39, 13, 1, 20, 39, 4, 30, 39]
    Edit distance: 17/46

============================================================
Batch 62000 | Val PER: 0.1889
============================================================
  Sample 0:
    TRUE: [31, 17, 0, 19, 27, 2, 28, 17, 39, 27, 17, 19, 2, 22, 28, 16, 8, 11, 8, 39]
    PRED: [0, 0, 19, 2, 28, 39, 27, 2, 14, 27, 0, 30, 2, 8, 39]
    Edit distance: 11/20
  Sample 1:
    TRUE: [27, 16, 7, 39, 26, 11, 7, 2, 28, 30, 39, 28, 10, 34, 27, 2, 20, 39, 28, 5, 22, 8, 39, 20, 16, 31, 2, 14, 27, 1, 13, 28, 39]
    PRED: [27, 1, 19, 39, 28, 26, 27, 0, 7, 2, 19, 30, 39, 28, 10, 34, 27, 2, 20, 39, 19, 1, 22, 8, 39, 20, 10, 19, 35, 2, 16, 13, 39]
    Edit distance: 15/33
  Sample 2:
    TRUE: [28, 24, 39, 27, 33, 20, 37, 39, 35, 17, 39, 21, 12, 8, 39, 16, 22, 39, 2, 22, 2, 6, 1, 29, 30, 39, 19, 2, 20, 33, 38, 2, 22, 39]
    PRED: [9, 2, 39, 27, 33, 20, 37, 39, 35, 17, 39, 21, 12, 8, 39, 16, 22, 39, 2, 22, 2, 34, 2, 28, 39, 19, 2, 20, 33, 38, 2, 22, 39]
    Edit distance: 6/34
  Sample 3:
    TRUE: [20, 3, 27, 17, 37, 39, 19, 0, 28, 30, 33, 21, 39, 22, 17, 8, 2, 8, 39, 6, 20, 1, 19, 39, 14, 20, 2, 34, 37, 39, 30, 33, 39, 6, 17, 39, 19, 2, 21, 26, 20, 17, 30, 20, 17, 39, 10, 20, 2, 14, 2, 22, 30, 39]
    PRED: [35, 25, 37, 39, 19, 1, 28, 30, 33, 21, 39, 22, 17, 8, 39, 6, 20, 2, 19, 39, 20, 16, 6, 37, 39, 30, 32, 8, 39, 6, 17, 39, 19, 2, 21, 26, 36, 2, 30, 20, 11, 39, 10, 20, 2, 22, 30, 39]
    Edit distance: 18/54
  Sample 4:
    TRUE: [9, 2, 39, 30, 33, 31, 39, 13, 10, 27, 17, 39, 13, 11, 14, 0, 30, 39, 30, 33, 39, 19, 2, 21, 39, 35, 10, 22, 39, 27, 0, 18, 11, 37, 39, 30, 33, 31, 39, 13, 10, 20, 39, 4, 30, 39]
    PRED: [9, 2, 39, 33, 31, 39, 34, 1, 27, 36, 17, 39, 13, 27, 17, 0, 30, 39, 30, 33, 39, 19, 2, 21, 39, 27, 2, 22, 8, 39, 35, 17, 20, 11, 37, 39, 31, 11, 31, 39, 13, 3, 20, 39, 4, 30, 39]
    Edit distance: 15/46

============================================================
Batch 62500 | Val PER: 0.1865
============================================================
  Sample 0:
    TRUE: [31, 17, 0, 19, 27, 2, 28, 17, 39, 27, 17, 19, 2, 22, 28, 16, 8, 11, 8, 39]
    PRED: [27, 10, 27, 19, 11, 28, 37, 39, 27, 17, 14, 3, 27, 22, 30, 2, 8, 39]
    Edit distance: 13/20
  Sample 1:
    TRUE: [27, 16, 7, 39, 26, 11, 7, 2, 28, 30, 39, 28, 10, 34, 27, 2, 20, 39, 28, 5, 22, 8, 39, 20, 16, 31, 2, 14, 27, 1, 13, 28, 39]
    PRED: [27, 1, 19, 39, 26, 0, 7, 2, 37, 39, 27, 10, 34, 2, 20, 39, 15, 4, 22, 8, 39, 20, 16, 27, 2, 16, 13, 39]
    Edit distance: 14/33
  Sample 2:
    TRUE: [28, 24, 39, 27, 33, 20, 37, 39, 35, 17, 39, 21, 12, 8, 39, 16, 22, 39, 2, 22, 2, 6, 1, 29, 30, 39, 19, 2, 20, 33, 38, 2, 22, 39]
    PRED: [9, 2, 39, 27, 33, 20, 37, 39, 35, 17, 39, 21, 12, 8, 39, 16, 22, 39, 2, 22, 2, 34, 21, 10, 28, 39, 19, 2, 20, 33, 38, 2, 22, 39]
    Edit distance: 6/34
  Sample 3:
    TRUE: [20, 3, 27, 17, 37, 39, 19, 0, 28, 30, 33, 21, 39, 22, 17, 8, 2, 8, 39, 6, 20, 1, 19, 39, 14, 20, 2, 34, 37, 39, 30, 33, 39, 6, 17, 39, 19, 2, 21, 26, 20, 17, 30, 20, 17, 39, 10, 20, 2, 14, 2, 22, 30, 39]
    PRED: [30, 27, 25, 37, 39, 19, 0, 27, 33, 21, 39, 22, 17, 8, 39, 6, 20, 1, 19, 39, 20, 16, 6, 37, 39, 30, 33, 39, 6, 17, 39, 19, 2, 21, 26, 36, 17, 20, 11, 39, 10, 20, 2, 22, 30, 39]
    Edit distance: 15/54
  Sample 4:
    TRUE: [9, 2, 39, 30, 33, 31, 39, 13, 10, 27, 17, 39, 13, 11, 14, 0, 30, 39, 30, 33, 39, 19, 2, 21, 39, 35, 10, 22, 39, 27, 0, 18, 11, 37, 39, 30, 33, 31, 39, 13, 10, 20, 39, 4, 30, 39]
    PRED: [9, 2, 39, 27, 33, 31, 39, 34, 1, 27, 36, 17, 39, 26, 27, 17, 3, 30, 39, 30, 33, 39, 19, 2, 21, 39, 27, 2, 22, 39, 35, 11, 20, 11, 37, 39, 31, 33, 31, 39, 13, 3, 20, 39, 4, 30, 39]
    Edit distance: 15/46

============================================================
Batch 63000 | Val PER: 0.1873
============================================================
  Sample 0:
    TRUE: [31, 17, 0, 19, 27, 2, 28, 17, 39, 27, 17, 19, 2, 22, 28, 16, 8, 11, 8, 39]
    PRED: [27, 0, 27, 19, 28, 2, 28, 39, 27, 2, 14, 27, 0, 22, 8, 30, 2, 8, 39]
    Edit distance: 13/20
  Sample 1:
    TRUE: [27, 16, 7, 39, 26, 11, 7, 2, 28, 30, 39, 28, 10, 34, 27, 2, 20, 39, 28, 5, 22, 8, 39, 20, 16, 31, 2, 14, 27, 1, 13, 28, 39]
    PRED: [27, 1, 19, 39, 26, 27, 0, 7, 2, 30, 39, 28, 10, 34, 2, 20, 39, 15, 4, 22, 8, 39, 20, 16, 19, 14, 11, 2, 16, 13, 39]
    Edit distance: 14/33
  Sample 2:
    TRUE: [28, 24, 39, 27, 33, 20, 37, 39, 35, 17, 39, 21, 12, 8, 39, 16, 22, 39, 2, 22, 2, 6, 1, 29, 30, 39, 19, 2, 20, 33, 38, 2, 22, 39]
    PRED: [9, 2, 39, 27, 33, 20, 37, 39, 35, 17, 39, 21, 12, 8, 39, 16, 22, 39, 2, 22, 2, 34, 10, 28, 39, 19, 2, 20, 33, 38, 2, 22, 39]
    Edit distance: 6/34
  Sample 3:
    TRUE: [20, 3, 27, 17, 37, 39, 19, 0, 28, 30, 33, 21, 39, 22, 17, 8, 2, 8, 39, 6, 20, 1, 19, 39, 14, 20, 2, 34, 37, 39, 30, 33, 39, 6, 17, 39, 19, 2, 21, 26, 20, 17, 30, 20, 17, 39, 10, 20, 2, 14, 2, 22, 30, 39]
    PRED: [27, 17, 17, 39, 19, 0, 28, 30, 28, 33, 21, 39, 22, 17, 8, 39, 6, 20, 1, 19, 39, 20, 16, 6, 37, 39, 30, 32, 8, 39, 6, 17, 39, 19, 0, 21, 26, 36, 17, 2, 20, 39, 10, 20, 2, 22, 39]
    Edit distance: 18/54
  Sample 4:
    TRUE: [9, 2, 39, 30, 33, 31, 39, 13, 10, 27, 17, 39, 13, 11, 14, 0, 30, 39, 30, 33, 39, 19, 2, 21, 39, 35, 10, 22, 39, 27, 0, 18, 11, 37, 39, 30, 33, 31, 39, 13, 10, 20, 39, 4, 30, 39]
    PRED: [9, 2, 39, 28, 33, 31, 39, 34, 1, 27, 17, 39, 26, 13, 27, 11, 14, 0, 30, 39, 30, 33, 39, 19, 2, 21, 39, 27, 2, 22, 8, 39, 35, 20, 11, 37, 39, 31, 11, 31, 39, 13, 3, 20, 39, 4, 30, 39]
    Edit distance: 14/46

============================================================
Batch 63500 | Val PER: 0.1877
============================================================
  Sample 0:
    TRUE: [31, 17, 0, 19, 27, 2, 28, 17, 39, 27, 17, 19, 2, 22, 28, 16, 8, 11, 8, 39]
    PRED: [19, 27, 0, 0, 19, 2, 37, 39, 27, 2, 14, 27, 0, 22, 30, 2, 8, 39]
    Edit distance: 14/20
  Sample 1:
    TRUE: [27, 16, 7, 39, 26, 11, 7, 2, 28, 30, 39, 28, 10, 34, 27, 2, 20, 39, 28, 5, 22, 8, 39, 20, 16, 31, 2, 14, 27, 1, 13, 28, 39]
    PRED: [27, 1, 7, 39, 26, 27, 2, 7, 2, 30, 37, 39, 10, 34, 2, 20, 39, 19, 1, 22, 8, 39, 20, 10, 2, 2, 16, 13, 39]
    Edit distance: 15/33
  Sample 2:
    TRUE: [28, 24, 39, 27, 33, 20, 37, 39, 35, 17, 39, 21, 12, 8, 39, 16, 22, 39, 2, 22, 2, 6, 1, 29, 30, 39, 19, 2, 20, 33, 38, 2, 22, 39]
    PRED: [9, 2, 39, 27, 33, 20, 37, 39, 35, 17, 39, 21, 12, 8, 39, 16, 22, 39, 2, 22, 2, 34, 10, 28, 39, 19, 2, 20, 33, 38, 2, 22, 39]
    Edit distance: 6/34
  Sample 3:
    TRUE: [20, 3, 27, 17, 37, 39, 19, 0, 28, 30, 33, 21, 39, 22, 17, 8, 2, 8, 39, 6, 20, 1, 19, 39, 14, 20, 2, 34, 37, 39, 30, 33, 39, 6, 17, 39, 19, 2, 21, 26, 20, 17, 30, 20, 17, 39, 10, 20, 2, 14, 2, 22, 30, 39]
    PRED: [27, 17, 17, 39, 19, 0, 28, 30, 27, 33, 21, 39, 22, 17, 8, 39, 6, 20, 1, 19, 39, 20, 16, 34, 37, 39, 30, 33, 39, 6, 17, 39, 19, 0, 21, 26, 36, 17, 2, 20, 17, 39, 10, 20, 2, 22, 39]
    Edit distance: 14/54
  Sample 4:
    TRUE: [9, 2, 39, 30, 33, 31, 39, 13, 10, 27, 17, 39, 13, 11, 14, 0, 30, 39, 30, 33, 39, 19, 2, 21, 39, 35, 10, 22, 39, 27, 0, 18, 11, 37, 39, 30, 33, 31, 39, 13, 10, 20, 39, 4, 30, 39]
    PRED: [9, 2, 39, 27, 33, 31, 39, 34, 1, 27, 36, 17, 39, 13, 27, 17, 0, 30, 39, 30, 33, 39, 19, 2, 21, 39, 27, 2, 22, 8, 39, 11, 20, 11, 37, 39, 33, 31, 39, 13, 4, 20, 39, 4, 30, 39]
    Edit distance: 14/46

============================================================
Batch 64000 | Val PER: 0.1841
============================================================
  Sample 0:
    TRUE: [31, 17, 0, 19, 27, 2, 28, 17, 39, 27, 17, 19, 2, 22, 28, 16, 8, 11, 8, 39]
    PRED: [19, 27, 1, 27, 19, 2, 28, 30, 39, 27, 10, 14, 27, 0, 27, 22, 30, 2, 8, 39]
    Edit distance: 14/20
  Sample 1:
    TRUE: [27, 16, 7, 39, 26, 11, 7, 2, 28, 30, 39, 28, 10, 34, 27, 2, 20, 39, 28, 5, 22, 8, 39, 20, 16, 31, 2, 14, 27, 1, 13, 28, 39]
    PRED: [35, 1, 7, 39, 26, 2, 28, 7, 2, 37, 39, 27, 10, 34, 2, 20, 39, 19, 1, 22, 8, 39, 20, 10, 19, 2, 16, 13, 39]
    Edit distance: 16/33
  Sample 2:
    TRUE: [28, 24, 39, 27, 33, 20, 37, 39, 35, 17, 39, 21, 12, 8, 39, 16, 22, 39, 2, 22, 2, 6, 1, 29, 30, 39, 19, 2, 20, 33, 38, 2, 22, 39]
    PRED: [9, 2, 39, 27, 33, 20, 37, 39, 35, 17, 39, 21, 12, 8, 39, 16, 22, 39, 2, 22, 2, 34, 1, 28, 39, 19, 2, 20, 33, 38, 2, 22, 39]
    Edit distance: 5/34
  Sample 3:
    TRUE: [20, 3, 27, 17, 37, 39, 19, 0, 28, 30, 33, 21, 39, 22, 17, 8, 2, 8, 39, 6, 20, 1, 19, 39, 14, 20, 2, 34, 37, 39, 30, 33, 39, 6, 17, 39, 19, 2, 21, 26, 20, 17, 30, 20, 17, 39, 10, 20, 2, 14, 2, 22, 30, 39]
    PRED: [19, 35, 25, 17, 39, 19, 1, 28, 30, 27, 33, 21, 39, 22, 17, 8, 39, 6, 20, 12, 19, 39, 20, 16, 34, 37, 39, 30, 33, 39, 6, 17, 39, 19, 2, 21, 26, 36, 17, 20, 17, 39, 10, 20, 2, 22, 39]
    Edit distance: 16/54
  Sample 4:
    TRUE: [9, 2, 39, 30, 33, 31, 39, 13, 10, 27, 17, 39, 13, 11, 14, 0, 30, 39, 30, 33, 39, 19, 2, 21, 39, 35, 10, 22, 39, 27, 0, 18, 11, 37, 39, 30, 33, 31, 39, 13, 10, 20, 39, 4, 30, 39]
    PRED: [9, 2, 39, 27, 33, 31, 39, 34, 1, 27, 17, 39, 13, 27, 17, 3, 30, 39, 30, 33, 39, 19, 2, 21, 39, 27, 10, 22, 8, 39, 35, 11, 20, 11, 37, 39, 31, 11, 31, 39, 13, 3, 20, 39, 4, 30, 39]
    Edit distance: 14/46

============================================================
Batch 64500 | Val PER: 0.1864
============================================================
  Sample 0:
    TRUE: [31, 17, 0, 19, 27, 2, 28, 17, 39, 27, 17, 19, 2, 22, 28, 16, 8, 11, 8, 39]
    PRED: [27, 1, 0, 19, 11, 28, 30, 39, 27, 2, 27, 1, 22, 30, 2, 8, 39]
    Edit distance: 12/20
  Sample 1:
    TRUE: [27, 16, 7, 39, 26, 11, 7, 2, 28, 30, 39, 28, 10, 34, 27, 2, 20, 39, 28, 5, 22, 8, 39, 20, 16, 31, 2, 14, 27, 1, 13, 28, 39]
    PRED: [27, 1, 7, 39, 26, 2, 7, 2, 30, 39, 28, 10, 34, 2, 20, 39, 15, 1, 22, 37, 39, 20, 10, 19, 27, 2, 16, 34, 39]
    Edit distance: 14/33
  Sample 2:
    TRUE: [28, 24, 39, 27, 33, 20, 37, 39, 35, 17, 39, 21, 12, 8, 39, 16, 22, 39, 2, 22, 2, 6, 1, 29, 30, 39, 19, 2, 20, 33, 38, 2, 22, 39]
    PRED: [9, 2, 39, 27, 33, 20, 37, 39, 35, 17, 39, 21, 12, 8, 39, 16, 22, 39, 2, 22, 2, 34, 10, 37, 29, 39, 19, 2, 20, 33, 38, 2, 22, 39]
    Edit distance: 6/34
  Sample 3:
    TRUE: [20, 3, 27, 17, 37, 39, 19, 0, 28, 30, 33, 21, 39, 22, 17, 8, 2, 8, 39, 6, 20, 1, 19, 39, 14, 20, 2, 34, 37, 39, 30, 33, 39, 6, 17, 39, 19, 2, 21, 26, 20, 17, 30, 20, 17, 39, 10, 20, 2, 14, 2, 22, 30, 39]
    PRED: [14, 27, 25, 25, 17, 39, 19, 0, 28, 30, 27, 33, 21, 39, 22, 17, 8, 39, 6, 20, 12, 19, 39, 20, 16, 34, 37, 39, 30, 33, 39, 6, 17, 39, 19, 2, 21, 26, 36, 17, 20, 30, 20, 11, 39, 10, 20, 2, 22, 39]
    Edit distance: 17/54
  Sample 4:
    TRUE: [9, 2, 39, 30, 33, 31, 39, 13, 10, 27, 17, 39, 13, 11, 14, 0, 30, 39, 30, 33, 39, 19, 2, 21, 39, 35, 10, 22, 39, 27, 0, 18, 11, 37, 39, 30, 33, 31, 39, 13, 10, 20, 39, 4, 30, 39]
    PRED: [9, 2, 39, 30, 27, 33, 31, 39, 34, 1, 27, 17, 39, 13, 27, 17, 14, 0, 30, 39, 30, 33, 39, 19, 2, 21, 39, 27, 2, 22, 8, 39, 27, 3, 8, 11, 37, 39, 31, 33, 31, 39, 13, 4, 20, 39, 4, 30, 39]
    Edit distance: 12/46

============================================================
Batch 65000 | Val PER: 0.1817
============================================================
  Sample 0:
    TRUE: [31, 17, 0, 19, 27, 2, 28, 17, 39, 27, 17, 19, 2, 22, 28, 16, 8, 11, 8, 39]
    PRED: [27, 0, 27, 19, 2, 28, 30, 39, 27, 10, 14, 27, 22, 30, 2, 8, 39]
    Edit distance: 12/20
  Sample 1:
    TRUE: [27, 16, 7, 39, 26, 11, 7, 2, 28, 30, 39, 28, 10, 34, 27, 2, 20, 39, 28, 5, 22, 8, 39, 20, 16, 31, 2, 14, 27, 1, 13, 28, 39]
    PRED: [35, 1, 7, 39, 26, 2, 7, 2, 18, 30, 39, 28, 10, 34, 2, 20, 39, 22, 1, 22, 8, 39, 20, 10, 19, 2, 16, 13, 39]
    Edit distance: 13/33
  Sample 2:
    TRUE: [28, 24, 39, 27, 33, 20, 37, 39, 35, 17, 39, 21, 12, 8, 39, 16, 22, 39, 2, 22, 2, 6, 1, 29, 30, 39, 19, 2, 20, 33, 38, 2, 22, 39]
    PRED: [9, 2, 39, 27, 33, 20, 37, 39, 35, 17, 39, 21, 12, 8, 39, 16, 22, 39, 2, 22, 2, 34, 1, 29, 28, 39, 19, 2, 20, 33, 38, 2, 22, 39]
    Edit distance: 4/34
  Sample 3:
    TRUE: [20, 3, 27, 17, 37, 39, 19, 0, 28, 30, 33, 21, 39, 22, 17, 8, 2, 8, 39, 6, 20, 1, 19, 39, 14, 20, 2, 34, 37, 39, 30, 33, 39, 6, 17, 39, 19, 2, 21, 26, 20, 17, 30, 20, 17, 39, 10, 20, 2, 14, 2, 22, 30, 39]
    PRED: [35, 25, 12, 17, 39, 19, 0, 28, 30, 36, 33, 21, 39, 22, 17, 8, 39, 6, 20, 2, 19, 39, 20, 3, 34, 37, 39, 30, 33, 39, 6, 17, 39, 19, 2, 21, 26, 36, 17, 20, 11, 39, 10, 20, 2, 22, 39]
    Edit distance: 16/54
  Sample 4:
    TRUE: [9, 2, 39, 30, 33, 31, 39, 13, 10, 27, 17, 39, 13, 11, 14, 0, 30, 39, 30, 33, 39, 19, 2, 21, 39, 35, 10, 22, 39, 27, 0, 18, 11, 37, 39, 30, 33, 31, 39, 13, 10, 20, 39, 4, 30, 39]
    PRED: [9, 2, 39, 27, 33, 31, 39, 34, 1, 27, 36, 17, 39, 13, 27, 17, 14, 3, 30, 39, 30, 33, 39, 19, 2, 21, 39, 27, 2, 22, 8, 39, 35, 11, 20, 11, 37, 39, 31, 33, 31, 39, 13, 3, 20, 39, 4, 30, 39]
    Edit distance: 15/46

============================================================
Batch 65500 | Val PER: 0.1850
============================================================
  Sample 0:
    TRUE: [31, 17, 0, 19, 27, 2, 28, 17, 39, 27, 17, 19, 2, 22, 28, 16, 8, 11, 8, 39]
    PRED: [0, 0, 19, 2, 37, 39, 27, 2, 14, 0, 22, 30, 2, 8, 39]
    Edit distance: 12/20
  Sample 1:
    TRUE: [27, 16, 7, 39, 26, 11, 7, 2, 28, 30, 39, 28, 10, 34, 27, 2, 20, 39, 28, 5, 22, 8, 39, 20, 16, 31, 2, 14, 27, 1, 13, 28, 39]
    PRED: [35, 1, 19, 39, 26, 2, 7, 2, 30, 37, 39, 28, 10, 34, 2, 20, 39, 14, 2, 22, 8, 39, 20, 10, 2, 16, 13, 39]
    Edit distance: 15/33
  Sample 2:
    TRUE: [28, 24, 39, 27, 33, 20, 37, 39, 35, 17, 39, 21, 12, 8, 39, 16, 22, 39, 2, 22, 2, 6, 1, 29, 30, 39, 19, 2, 20, 33, 38, 2, 22, 39]
    PRED: [9, 2, 39, 27, 33, 20, 37, 39, 35, 17, 39, 21, 12, 8, 39, 16, 22, 39, 2, 22, 2, 34, 2, 10, 29, 30, 39, 19, 2, 20, 33, 38, 2, 22, 39]
    Edit distance: 5/34
  Sample 3:
    TRUE: [20, 3, 27, 17, 37, 39, 19, 0, 28, 30, 33, 21, 39, 22, 17, 8, 2, 8, 39, 6, 20, 1, 19, 39, 14, 20, 2, 34, 37, 39, 30, 33, 39, 6, 17, 39, 19, 2, 21, 26, 20, 17, 30, 20, 17, 39, 10, 20, 2, 14, 2, 22, 30, 39]
    PRED: [20, 25, 20, 12, 37, 39, 19, 2, 28, 30, 36, 33, 21, 39, 22, 17, 8, 39, 6, 20, 12, 19, 39, 20, 16, 34, 37, 39, 30, 33, 39, 6, 17, 39, 19, 2, 21, 26, 36, 17, 20, 11, 39, 10, 20, 2, 22, 8, 39]
    Edit distance: 16/54
  Sample 4:
    TRUE: [9, 2, 39, 30, 33, 31, 39, 13, 10, 27, 17, 39, 13, 11, 14, 0, 30, 39, 30, 33, 39, 19, 2, 21, 39, 35, 10, 22, 39, 27, 0, 18, 11, 37, 39, 30, 33, 31, 39, 13, 10, 20, 39, 4, 30, 39]
    PRED: [9, 2, 39, 27, 33, 31, 39, 34, 1, 27, 36, 17, 39, 13, 27, 17, 14, 3, 30, 39, 30, 33, 39, 19, 2, 21, 39, 27, 2, 22, 8, 39, 35, 11, 20, 8, 11, 37, 39, 31, 33, 31, 39, 13, 20, 3, 20, 39, 4, 30, 39]
    Edit distance: 17/46

============================================================
Batch 66000 | Val PER: 0.1886
============================================================
  Sample 0:
    TRUE: [31, 17, 0, 19, 27, 2, 28, 17, 39, 27, 17, 19, 2, 22, 28, 16, 8, 11, 8, 39]
    PRED: [27, 0, 19, 2, 28, 39, 27, 2, 14, 0, 27, 22, 30, 2, 8, 39]
    Edit distance: 12/20
  Sample 1:
    TRUE: [27, 16, 7, 39, 26, 11, 7, 2, 28, 30, 39, 28, 10, 34, 27, 2, 20, 39, 28, 5, 22, 8, 39, 20, 16, 31, 2, 14, 27, 1, 13, 28, 39]
    PRED: [35, 1, 7, 39, 26, 0, 7, 2, 30, 39, 28, 10, 34, 2, 20, 39, 28, 4, 22, 8, 39, 20, 10, 27, 2, 16, 13, 39]
    Edit distance: 12/33
  Sample 2:
    TRUE: [28, 24, 39, 27, 33, 20, 37, 39, 35, 17, 39, 21, 12, 8, 39, 16, 22, 39, 2, 22, 2, 6, 1, 29, 30, 39, 19, 2, 20, 33, 38, 2, 22, 39]
    PRED: [9, 2, 39, 27, 33, 20, 37, 39, 35, 17, 39, 21, 12, 8, 39, 16, 22, 39, 2, 22, 8, 2, 34, 2, 1, 28, 30, 39, 19, 2, 20, 33, 38, 2, 22, 39]
    Edit distance: 6/34
  Sample 3:
    TRUE: [20, 3, 27, 17, 37, 39, 19, 0, 28, 30, 33, 21, 39, 22, 17, 8, 2, 8, 39, 6, 20, 1, 19, 39, 14, 20, 2, 34, 37, 39, 30, 33, 39, 6, 17, 39, 19, 2, 21, 26, 20, 17, 30, 20, 17, 39, 10, 20, 2, 14, 2, 22, 30, 39]
    PRED: [27, 25, 11, 37, 39, 19, 0, 28, 27, 33, 21, 39, 22, 17, 8, 39, 6, 20, 2, 19, 39, 20, 16, 6, 37, 39, 29, 32, 39, 6, 17, 39, 19, 2, 21, 26, 36, 17, 20, 11, 39, 10, 20, 2, 22, 8, 39]
    Edit distance: 19/54
  Sample 4:
    TRUE: [9, 2, 39, 30, 33, 31, 39, 13, 10, 27, 17, 39, 13, 11, 14, 0, 30, 39, 30, 33, 39, 19, 2, 21, 39, 35, 10, 22, 39, 27, 0, 18, 11, 37, 39, 30, 33, 31, 39, 13, 10, 20, 39, 4, 30, 39]
    PRED: [9, 2, 39, 30, 27, 33, 31, 39, 34, 1, 27, 20, 36, 17, 39, 26, 27, 17, 14, 0, 30, 22, 39, 30, 33, 39, 19, 2, 21, 39, 27, 2, 22, 8, 39, 35, 3, 27, 20, 11, 37, 39, 31, 33, 31, 39, 13, 3, 20, 39, 4, 30, 39]
    Edit distance: 18/46

============================================================
Batch 66500 | Val PER: 0.1858
============================================================
  Sample 0:
    TRUE: [31, 17, 0, 19, 27, 2, 28, 17, 39, 27, 17, 19, 2, 22, 28, 16, 8, 11, 8, 39]
    PRED: [27, 1, 27, 0, 19, 2, 28, 30, 39, 27, 16, 14, 27, 0, 1, 22, 30, 2, 8, 39]
    Edit distance: 13/20
  Sample 1:
    TRUE: [27, 16, 7, 39, 26, 11, 7, 2, 28, 30, 39, 28, 10, 34, 27, 2, 20, 39, 28, 5, 22, 8, 39, 20, 16, 31, 2, 14, 27, 1, 13, 28, 39]
    PRED: [27, 1, 7, 39, 26, 2, 7, 2, 30, 37, 39, 28, 10, 34, 2, 20, 39, 19, 1, 22, 37, 39, 20, 10, 31, 2, 16, 13, 39]
    Edit distance: 13/33
  Sample 2:
    TRUE: [28, 24, 39, 27, 33, 20, 37, 39, 35, 17, 39, 21, 12, 8, 39, 16, 22, 39, 2, 22, 2, 6, 1, 29, 30, 39, 19, 2, 20, 33, 38, 2, 22, 39]
    PRED: [9, 2, 39, 27, 33, 20, 37, 39, 35, 17, 39, 21, 12, 8, 39, 16, 22, 39, 2, 22, 2, 34, 1, 29, 30, 39, 19, 2, 20, 33, 38, 2, 22, 39]
    Edit distance: 3/34
  Sample 3:
    TRUE: [20, 3, 27, 17, 37, 39, 19, 0, 28, 30, 33, 21, 39, 22, 17, 8, 2, 8, 39, 6, 20, 1, 19, 39, 14, 20, 2, 34, 37, 39, 30, 33, 39, 6, 17, 39, 19, 2, 21, 26, 20, 17, 30, 20, 17, 39, 10, 20, 2, 14, 2, 22, 30, 39]
    PRED: [35, 25, 12, 17, 39, 19, 2, 28, 27, 33, 21, 39, 22, 17, 8, 39, 6, 27, 1, 19, 39, 20, 16, 34, 37, 39, 29, 32, 39, 6, 17, 39, 19, 2, 21, 26, 36, 17, 2, 20, 11, 39, 10, 20, 2, 22, 8, 39]
    Edit distance: 19/54
  Sample 4:
    TRUE: [9, 2, 39, 30, 33, 31, 39, 13, 10, 27, 17, 39, 13, 11, 14, 0, 30, 39, 30, 33, 39, 19, 2, 21, 39, 35, 10, 22, 39, 27, 0, 18, 11, 37, 39, 30, 33, 31, 39, 13, 10, 20, 39, 4, 30, 39]
    PRED: [9, 2, 39, 27, 33, 31, 39, 34, 1, 27, 36, 17, 39, 26, 27, 17, 0, 30, 39, 30, 33, 39, 19, 2, 21, 39, 27, 2, 22, 8, 39, 35, 17, 20, 11, 37, 39, 31, 33, 31, 39, 13, 3, 20, 39, 4, 30, 39]
    Edit distance: 15/46

============================================================
Batch 67000 | Val PER: 0.1851
============================================================
  Sample 0:
    TRUE: [31, 17, 0, 19, 27, 2, 28, 17, 39, 27, 17, 19, 2, 22, 28, 16, 8, 11, 8, 39]
    PRED: [27, 0, 0, 19, 2, 28, 39, 27, 2, 14, 0, 27, 1, 22, 16, 30, 2, 8, 39]
    Edit distance: 12/20
  Sample 1:
    TRUE: [27, 16, 7, 39, 26, 11, 7, 2, 28, 30, 39, 28, 10, 34, 27, 2, 20, 39, 28, 5, 22, 8, 39, 20, 16, 31, 2, 14, 27, 1, 13, 28, 39]
    PRED: [27, 1, 19, 39, 26, 0, 27, 7, 2, 19, 37, 39, 28, 10, 34, 2, 20, 39, 19, 1, 22, 37, 39, 20, 10, 11, 35, 11, 16, 13, 39]
    Edit distance: 17/33
  Sample 2:
    TRUE: [28, 24, 39, 27, 33, 20, 37, 39, 35, 17, 39, 21, 12, 8, 39, 16, 22, 39, 2, 22, 2, 6, 1, 29, 30, 39, 19, 2, 20, 33, 38, 2, 22, 39]
    PRED: [9, 2, 39, 27, 33, 20, 37, 39, 35, 17, 39, 21, 12, 8, 39, 16, 22, 39, 2, 22, 8, 2, 11, 34, 1, 13, 29, 30, 39, 19, 2, 20, 33, 38, 2, 22, 39]
    Edit distance: 6/34
  Sample 3:
    TRUE: [20, 3, 27, 17, 37, 39, 19, 0, 28, 30, 33, 21, 39, 22, 17, 8, 2, 8, 39, 6, 20, 1, 19, 39, 14, 20, 2, 34, 37, 39, 30, 33, 39, 6, 17, 39, 19, 2, 21, 26, 20, 17, 30, 20, 17, 39, 10, 20, 2, 14, 2, 22, 30, 39]
    PRED: [27, 25, 11, 17, 39, 19, 1, 28, 27, 33, 21, 39, 22, 17, 8, 39, 6, 20, 1, 19, 39, 20, 16, 34, 37, 39, 29, 32, 8, 39, 6, 17, 39, 19, 2, 21, 26, 36, 17, 20, 11, 39, 10, 20, 2, 22, 8, 39]
    Edit distance: 19/54
  Sample 4:
    TRUE: [9, 2, 39, 30, 33, 31, 39, 13, 10, 27, 17, 39, 13, 11, 14, 0, 30, 39, 30, 33, 39, 19, 2, 21, 39, 35, 10, 22, 39, 27, 0, 18, 11, 37, 39, 30, 33, 31, 39, 13, 10, 20, 39, 4, 30, 39]
    PRED: [9, 2, 39, 14, 27, 33, 31, 39, 34, 1, 27, 20, 36, 17, 11, 39, 26, 27, 17, 14, 3, 30, 39, 30, 33, 39, 19, 2, 21, 39, 27, 10, 22, 8, 39, 35, 11, 20, 11, 37, 39, 31, 33, 31, 39, 13, 3, 20, 39, 4, 30, 39]
    Edit distance: 18/46

============================================================
Batch 67500 | Val PER: 0.1844
============================================================
  Sample 0:
    TRUE: [31, 17, 0, 19, 27, 2, 28, 17, 39, 27, 17, 19, 2, 22, 28, 16, 8, 11, 8, 39]
    PRED: [19, 1, 0, 19, 2, 28, 39, 27, 17, 14, 0, 1, 22, 30, 2, 8, 39]
    Edit distance: 11/20
  Sample 1:
    TRUE: [27, 16, 7, 39, 26, 11, 7, 2, 28, 30, 39, 28, 10, 34, 27, 2, 20, 39, 28, 5, 22, 8, 39, 20, 16, 31, 2, 14, 27, 1, 13, 28, 39]
    PRED: [27, 1, 19, 39, 26, 0, 7, 2, 30, 37, 39, 28, 10, 34, 2, 20, 39, 19, 1, 22, 8, 39, 20, 10, 14, 14, 2, 16, 13, 39]
    Edit distance: 14/33
  Sample 2:
    TRUE: [28, 24, 39, 27, 33, 20, 37, 39, 35, 17, 39, 21, 12, 8, 39, 16, 22, 39, 2, 22, 2, 6, 1, 29, 30, 39, 19, 2, 20, 33, 38, 2, 22, 39]
    PRED: [9, 2, 39, 27, 33, 20, 37, 39, 35, 17, 39, 21, 12, 8, 39, 16, 22, 39, 2, 22, 2, 11, 34, 1, 28, 30, 39, 19, 2, 20, 33, 38, 2, 22, 39]
    Edit distance: 5/34
  Sample 3:
    TRUE: [20, 3, 27, 17, 37, 39, 19, 0, 28, 30, 33, 21, 39, 22, 17, 8, 2, 8, 39, 6, 20, 1, 19, 39, 14, 20, 2, 34, 37, 39, 30, 33, 39, 6, 17, 39, 19, 2, 21, 26, 20, 17, 30, 20, 17, 39, 10, 20, 2, 14, 2, 22, 30, 39]
    PRED: [35, 17, 9, 11, 17, 39, 19, 1, 28, 27, 33, 21, 39, 22, 17, 8, 39, 20, 12, 19, 39, 20, 16, 34, 37, 39, 30, 32, 8, 39, 6, 17, 39, 19, 0, 21, 26, 36, 17, 30, 20, 11, 39, 10, 20, 2, 22, 8, 39]
    Edit distance: 21/54
  Sample 4:
    TRUE: [9, 2, 39, 30, 33, 31, 39, 13, 10, 27, 17, 39, 13, 11, 14, 0, 30, 39, 30, 33, 39, 19, 2, 21, 39, 35, 10, 22, 39, 27, 0, 18, 11, 37, 39, 30, 33, 31, 39, 13, 10, 20, 39, 4, 30, 39]
    PRED: [9, 2, 39, 27, 33, 31, 39, 34, 1, 27, 36, 17, 39, 26, 27, 17, 14, 0, 30, 39, 30, 33, 39, 19, 2, 21, 39, 27, 10, 22, 8, 39, 27, 10, 20, 8, 11, 37, 39, 31, 33, 31, 39, 13, 1, 20, 39, 4, 30, 39]
    Edit distance: 14/46

============================================================
Batch 68000 | Val PER: 0.1835
============================================================
  Sample 0:
    TRUE: [31, 17, 0, 19, 27, 2, 28, 17, 39, 27, 17, 19, 2, 22, 28, 16, 8, 11, 8, 39]
    PRED: [0, 0, 19, 2, 28, 30, 39, 27, 2, 14, 0, 27, 22, 30, 8, 39]
    Edit distance: 11/20
  Sample 1:
    TRUE: [27, 16, 7, 39, 26, 11, 7, 2, 28, 30, 39, 28, 10, 34, 27, 2, 20, 39, 28, 5, 22, 8, 39, 20, 16, 31, 2, 14, 27, 1, 13, 28, 39]
    PRED: [27, 1, 7, 39, 26, 0, 7, 2, 18, 37, 39, 28, 10, 34, 2, 20, 39, 28, 1, 22, 8, 39, 20, 10, 14, 2, 16, 13, 39]
    Edit distance: 12/33
  Sample 2:
    TRUE: [28, 24, 39, 27, 33, 20, 37, 39, 35, 17, 39, 21, 12, 8, 39, 16, 22, 39, 2, 22, 2, 6, 1, 29, 30, 39, 19, 2, 20, 33, 38, 2, 22, 39]
    PRED: [9, 2, 39, 27, 33, 20, 37, 39, 35, 17, 39, 21, 12, 8, 39, 16, 22, 39, 2, 22, 2, 34, 2, 13, 28, 39, 19, 2, 20, 33, 38, 2, 22, 39]
    Edit distance: 6/34
  Sample 3:
    TRUE: [20, 3, 27, 17, 37, 39, 19, 0, 28, 30, 33, 21, 39, 22, 17, 8, 2, 8, 39, 6, 20, 1, 19, 39, 14, 20, 2, 34, 37, 39, 30, 33, 39, 6, 17, 39, 19, 2, 21, 26, 20, 17, 30, 20, 17, 39, 10, 20, 2, 14, 2, 22, 30, 39]
    PRED: [27, 25, 11, 37, 39, 19, 0, 28, 30, 33, 21, 39, 22, 17, 8, 39, 6, 20, 12, 19, 39, 20, 16, 34, 37, 39, 29, 33, 39, 6, 17, 39, 19, 0, 21, 26, 36, 2, 20, 11, 39, 10, 20, 2, 22, 39]
    Edit distance: 18/54
  Sample 4:
    TRUE: [9, 2, 39, 30, 33, 31, 39, 13, 10, 27, 17, 39, 13, 11, 14, 0, 30, 39, 30, 33, 39, 19, 2, 21, 39, 35, 10, 22, 39, 27, 0, 18, 11, 37, 39, 30, 33, 31, 39, 13, 10, 20, 39, 4, 30, 39]
    PRED: [9, 2, 39, 27, 33, 31, 39, 34, 1, 20, 36, 17, 39, 13, 27, 17, 14, 0, 30, 39, 30, 33, 39, 19, 2, 21, 39, 27, 2, 22, 8, 39, 35, 11, 20, 11, 37, 39, 31, 33, 31, 39, 13, 3, 20, 39, 4, 30, 39]
    Edit distance: 15/46

============================================================
Batch 68500 | Val PER: 0.1848
============================================================
  Sample 0:
    TRUE: [31, 17, 0, 19, 27, 2, 28, 17, 39, 27, 17, 19, 2, 22, 28, 16, 8, 11, 8, 39]
    PRED: [19, 0, 0, 19, 2, 28, 39, 27, 2, 14, 27, 0, 27, 22, 30, 2, 8, 39]
    Edit distance: 12/20
  Sample 1:
    TRUE: [27, 16, 7, 39, 26, 11, 7, 2, 28, 30, 39, 28, 10, 34, 27, 2, 20, 39, 28, 5, 22, 8, 39, 20, 16, 31, 2, 14, 27, 1, 13, 28, 39]
    PRED: [35, 1, 7, 39, 26, 0, 7, 2, 19, 37, 39, 28, 10, 34, 2, 20, 39, 19, 1, 22, 8, 39, 20, 10, 28, 2, 16, 13, 39]
    Edit distance: 14/33
  Sample 2:
    TRUE: [28, 24, 39, 27, 33, 20, 37, 39, 35, 17, 39, 21, 12, 8, 39, 16, 22, 39, 2, 22, 2, 6, 1, 29, 30, 39, 19, 2, 20, 33, 38, 2, 22, 39]
    PRED: [9, 2, 39, 27, 33, 20, 37, 39, 35, 17, 39, 21, 12, 8, 39, 16, 22, 39, 2, 22, 8, 2, 34, 2, 29, 39, 19, 2, 20, 33, 38, 2, 22, 39]
    Edit distance: 6/34
  Sample 3:
    TRUE: [20, 3, 27, 17, 37, 39, 19, 0, 28, 30, 33, 21, 39, 22, 17, 8, 2, 8, 39, 6, 20, 1, 19, 39, 14, 20, 2, 34, 37, 39, 30, 33, 39, 6, 17, 39, 19, 2, 21, 26, 20, 17, 30, 20, 17, 39, 10, 20, 2, 14, 2, 22, 30, 39]
    PRED: [35, 25, 11, 37, 39, 19, 0, 28, 30, 33, 21, 39, 22, 17, 8, 39, 6, 20, 2, 19, 39, 20, 16, 34, 39, 30, 33, 39, 6, 17, 39, 19, 2, 21, 26, 36, 17, 30, 20, 11, 39, 10, 20, 2, 22, 39]
    Edit distance: 15/54
  Sample 4:
    TRUE: [9, 2, 39, 30, 33, 31, 39, 13, 10, 27, 17, 39, 13, 11, 14, 0, 30, 39, 30, 33, 39, 19, 2, 21, 39, 35, 10, 22, 39, 27, 0, 18, 11, 37, 39, 30, 33, 31, 39, 13, 10, 20, 39, 4, 30, 39]
    PRED: [9, 2, 39, 19, 27, 33, 31, 39, 34, 1, 20, 36, 17, 24, 39, 27, 17, 14, 0, 30, 39, 30, 33, 39, 19, 2, 21, 39, 27, 10, 22, 8, 39, 35, 11, 20, 11, 37, 39, 31, 33, 31, 39, 13, 3, 20, 39, 4, 30, 39]
    Edit distance: 16/46

============================================================
Batch 69000 | Val PER: 0.1828
============================================================
  Sample 0:
    TRUE: [31, 17, 0, 19, 27, 2, 28, 17, 39, 27, 17, 19, 2, 22, 28, 16, 8, 11, 8, 39]
    PRED: [19, 0, 19, 2, 28, 30, 39, 27, 2, 14, 0, 27, 22, 30, 2, 8, 39]
    Edit distance: 12/20
  Sample 1:
    TRUE: [27, 16, 7, 39, 26, 11, 7, 2, 28, 30, 39, 28, 10, 34, 27, 2, 20, 39, 28, 5, 22, 8, 39, 20, 16, 31, 2, 14, 27, 1, 13, 28, 39]
    PRED: [35, 1, 7, 39, 26, 0, 7, 2, 18, 37, 39, 28, 10, 34, 2, 20, 39, 19, 1, 22, 8, 39, 20, 10, 2, 16, 13, 39]
    Edit distance: 14/33
  Sample 2:
    TRUE: [28, 24, 39, 27, 33, 20, 37, 39, 35, 17, 39, 21, 12, 8, 39, 16, 22, 39, 2, 22, 2, 6, 1, 29, 30, 39, 19, 2, 20, 33, 38, 2, 22, 39]
    PRED: [9, 2, 39, 27, 33, 20, 37, 39, 35, 17, 39, 21, 12, 8, 39, 16, 22, 39, 2, 22, 8, 11, 34, 2, 1, 28, 39, 19, 2, 20, 33, 38, 2, 22, 39]
    Edit distance: 8/34
  Sample 3:
    TRUE: [20, 3, 27, 17, 37, 39, 19, 0, 28, 30, 33, 21, 39, 22, 17, 8, 2, 8, 39, 6, 20, 1, 19, 39, 14, 20, 2, 34, 37, 39, 30, 33, 39, 6, 17, 39, 19, 2, 21, 26, 20, 17, 30, 20, 17, 39, 10, 20, 2, 14, 2, 22, 30, 39]
    PRED: [30, 35, 25, 9, 11, 37, 39, 19, 0, 28, 30, 33, 21, 39, 22, 17, 8, 39, 6, 20, 1, 19, 39, 20, 16, 34, 37, 39, 30, 33, 39, 6, 17, 39, 19, 0, 21, 26, 36, 17, 20, 11, 39, 10, 20, 2, 22, 39]
    Edit distance: 16/54
  Sample 4:
    TRUE: [9, 2, 39, 30, 33, 31, 39, 13, 10, 27, 17, 39, 13, 11, 14, 0, 30, 39, 30, 33, 39, 19, 2, 21, 39, 35, 10, 22, 39, 27, 0, 18, 11, 37, 39, 30, 33, 31, 39, 13, 10, 20, 39, 4, 30, 39]
    PRED: [9, 2, 39, 27, 33, 31, 39, 34, 1, 27, 20, 36, 17, 39, 27, 17, 14, 3, 30, 39, 30, 33, 39, 19, 2, 21, 39, 27, 10, 22, 8, 39, 35, 11, 20, 8, 11, 37, 39, 31, 33, 31, 39, 13, 3, 20, 39, 4, 30, 39]
    Edit distance: 16/46

============================================================
Batch 69500 | Val PER: 0.1827
============================================================
  Sample 0:
    TRUE: [31, 17, 0, 19, 27, 2, 28, 17, 39, 27, 17, 19, 2, 22, 28, 16, 8, 11, 8, 39]
    PRED: [0, 19, 2, 28, 39, 27, 2, 14, 27, 22, 30, 2, 8, 39]
    Edit distance: 11/20
  Sample 1:
    TRUE: [27, 16, 7, 39, 26, 11, 7, 2, 28, 30, 39, 28, 10, 34, 27, 2, 20, 39, 28, 5, 22, 8, 39, 20, 16, 31, 2, 14, 27, 1, 13, 28, 39]
    PRED: [35, 1, 7, 39, 26, 0, 27, 7, 2, 37, 39, 28, 10, 34, 2, 20, 39, 19, 4, 22, 8, 39, 20, 10, 35, 11, 30, 16, 34, 39]
    Edit distance: 17/33
  Sample 2:
    TRUE: [28, 24, 39, 27, 33, 20, 37, 39, 35, 17, 39, 21, 12, 8, 39, 16, 22, 39, 2, 22, 2, 6, 1, 29, 30, 39, 19, 2, 20, 33, 38, 2, 22, 39]
    PRED: [9, 2, 39, 27, 33, 20, 37, 39, 35, 17, 39, 21, 12, 8, 39, 16, 22, 39, 2, 22, 8, 2, 34, 2, 37, 30, 39, 19, 2, 20, 33, 38, 2, 22, 39]
    Edit distance: 6/34
  Sample 3:
    TRUE: [20, 3, 27, 17, 37, 39, 19, 0, 28, 30, 33, 21, 39, 22, 17, 8, 2, 8, 39, 6, 20, 1, 19, 39, 14, 20, 2, 34, 37, 39, 30, 33, 39, 6, 17, 39, 19, 2, 21, 26, 20, 17, 30, 20, 17, 39, 10, 20, 2, 14, 2, 22, 30, 39]
    PRED: [30, 35, 10, 9, 11, 37, 39, 19, 0, 28, 30, 33, 21, 39, 22, 17, 8, 39, 6, 20, 12, 19, 39, 20, 16, 34, 37, 39, 29, 32, 39, 6, 17, 39, 19, 2, 21, 26, 36, 17, 30, 20, 11, 39, 10, 20, 2, 22, 39]
    Edit distance: 17/54
  Sample 4:
    TRUE: [9, 2, 39, 30, 33, 31, 39, 13, 10, 27, 17, 39, 13, 11, 14, 0, 30, 39, 30, 33, 39, 19, 2, 21, 39, 35, 10, 22, 39, 27, 0, 18, 11, 37, 39, 30, 33, 31, 39, 13, 10, 20, 39, 4, 30, 39]
    PRED: [9, 2, 39, 27, 33, 31, 39, 34, 1, 27, 36, 17, 39, 26, 27, 17, 14, 3, 30, 39, 30, 33, 39, 19, 2, 21, 39, 27, 10, 22, 8, 39, 35, 11, 8, 11, 37, 39, 31, 33, 31, 39, 13, 3, 20, 39, 4, 30, 39]
    Edit distance: 15/46

============================================================
Batch 70000 | Val PER: 0.1852
============================================================
  Sample 0:
    TRUE: [31, 17, 0, 19, 27, 2, 28, 17, 39, 27, 17, 19, 2, 22, 28, 16, 8, 11, 8, 39]
    PRED: [0, 19, 2, 28, 39, 27, 2, 14, 0, 27, 22, 8, 30, 2, 8, 39]
    Edit distance: 12/20
  Sample 1:
    TRUE: [27, 16, 7, 39, 26, 11, 7, 2, 28, 30, 39, 28, 10, 34, 27, 2, 20, 39, 28, 5, 22, 8, 39, 20, 16, 31, 2, 14, 27, 1, 13, 28, 39]
    PRED: [27, 1, 7, 39, 26, 0, 27, 7, 2, 37, 39, 28, 10, 34, 2, 20, 39, 19, 2, 22, 37, 8, 39, 20, 10, 19, 2, 16, 34, 39]
    Edit distance: 16/33
  Sample 2:
    TRUE: [28, 24, 39, 27, 33, 20, 37, 39, 35, 17, 39, 21, 12, 8, 39, 16, 22, 39, 2, 22, 2, 6, 1, 29, 30, 39, 19, 2, 20, 33, 38, 2, 22, 39]
    PRED: [9, 2, 39, 27, 17, 20, 37, 39, 35, 17, 39, 21, 12, 8, 39, 16, 22, 39, 2, 22, 11, 34, 2, 28, 39, 19, 2, 20, 33, 38, 2, 22, 39]
    Edit distance: 8/34
  Sample 3:
    TRUE: [20, 3, 27, 17, 37, 39, 19, 0, 28, 30, 33, 21, 39, 22, 17, 8, 2, 8, 39, 6, 20, 1, 19, 39, 14, 20, 2, 34, 37, 39, 30, 33, 39, 6, 17, 39, 19, 2, 21, 26, 20, 17, 30, 20, 17, 39, 10, 20, 2, 14, 2, 22, 30, 39]
    PRED: [30, 35, 25, 9, 11, 37, 39, 19, 0, 28, 30, 33, 21, 39, 22, 17, 8, 39, 6, 27, 12, 19, 39, 20, 2, 34, 37, 39, 30, 33, 39, 6, 17, 39, 19, 0, 21, 26, 36, 2, 30, 20, 11, 39, 10, 20, 2, 22, 39]
    Edit distance: 17/54
  Sample 4:
    TRUE: [9, 2, 39, 30, 33, 31, 39, 13, 10, 27, 17, 39, 13, 11, 14, 0, 30, 39, 30, 33, 39, 19, 2, 21, 39, 35, 10, 22, 39, 27, 0, 18, 11, 37, 39, 30, 33, 31, 39, 13, 10, 20, 39, 4, 30, 39]
    PRED: [9, 2, 39, 27, 33, 31, 39, 34, 10, 27, 17, 39, 26, 27, 17, 14, 0, 30, 39, 30, 33, 39, 19, 2, 21, 39, 27, 2, 22, 8, 39, 27, 10, 8, 11, 37, 39, 31, 11, 31, 39, 13, 3, 20, 39, 4, 30, 39]
    Edit distance: 13/46

============================================================
Batch 70500 | Val PER: 0.1810
============================================================
  Sample 0:
    TRUE: [31, 17, 0, 19, 27, 2, 28, 17, 39, 27, 17, 19, 2, 22, 28, 16, 8, 11, 8, 39]
    PRED: [0, 27, 19, 2, 28, 39, 27, 2, 14, 0, 27, 22, 30, 8, 39]
    Edit distance: 12/20
  Sample 1:
    TRUE: [27, 16, 7, 39, 26, 11, 7, 2, 28, 30, 39, 28, 10, 34, 27, 2, 20, 39, 28, 5, 22, 8, 39, 20, 16, 31, 2, 14, 27, 1, 13, 28, 39]
    PRED: [35, 1, 7, 39, 26, 0, 27, 7, 2, 30, 37, 39, 28, 10, 34, 2, 20, 39, 19, 2, 22, 8, 39, 20, 10, 19, 2, 16, 13, 39]
    Edit distance: 15/33
  Sample 2:
    TRUE: [28, 24, 39, 27, 33, 20, 37, 39, 35, 17, 39, 21, 12, 8, 39, 16, 22, 39, 2, 22, 2, 6, 1, 29, 30, 39, 19, 2, 20, 33, 38, 2, 22, 39]
    PRED: [9, 2, 39, 27, 33, 20, 37, 39, 35, 17, 39, 21, 12, 8, 39, 16, 22, 39, 2, 22, 2, 34, 2, 1, 28, 39, 19, 2, 20, 33, 38, 2, 22, 39]
    Edit distance: 6/34
  Sample 3:
    TRUE: [20, 3, 27, 17, 37, 39, 19, 0, 28, 30, 33, 21, 39, 22, 17, 8, 2, 8, 39, 6, 20, 1, 19, 39, 14, 20, 2, 34, 37, 39, 30, 33, 39, 6, 17, 39, 19, 2, 21, 26, 20, 17, 30, 20, 17, 39, 10, 20, 2, 14, 2, 22, 30, 39]
    PRED: [35, 3, 12, 11, 37, 39, 19, 0, 28, 30, 33, 21, 39, 22, 17, 8, 39, 6, 20, 12, 19, 39, 20, 16, 34, 37, 39, 30, 33, 39, 6, 17, 39, 19, 2, 21, 26, 36, 17, 20, 11, 39, 10, 20, 2, 22, 39]
    Edit distance: 14/54
  Sample 4:
    TRUE: [9, 2, 39, 30, 33, 31, 39, 13, 10, 27, 17, 39, 13, 11, 14, 0, 30, 39, 30, 33, 39, 19, 2, 21, 39, 35, 10, 22, 39, 27, 0, 18, 11, 37, 39, 30, 33, 31, 39, 13, 10, 20, 39, 4, 30, 39]
    PRED: [9, 2, 39, 27, 33, 31, 39, 34, 1, 27, 36, 17, 39, 26, 27, 17, 3, 30, 39, 30, 33, 39, 19, 2, 21, 39, 27, 2, 22, 8, 39, 35, 10, 27, 20, 11, 37, 39, 31, 11, 31, 39, 13, 20, 3, 20, 39, 4, 30, 39]
    Edit distance: 19/46

============================================================
Batch 71000 | Val PER: 0.1837
============================================================
  Sample 0:
    TRUE: [31, 17, 0, 19, 27, 2, 28, 17, 39, 27, 17, 19, 2, 22, 28, 16, 8, 11, 8, 39]
    PRED: [19, 27, 0, 19, 2, 28, 39, 27, 2, 14, 0, 27, 22, 30, 2, 8, 39]
    Edit distance: 12/20
  Sample 1:
    TRUE: [27, 16, 7, 39, 26, 11, 7, 2, 28, 30, 39, 28, 10, 34, 27, 2, 20, 39, 28, 5, 22, 8, 39, 20, 16, 31, 2, 14, 27, 1, 13, 28, 39]
    PRED: [35, 1, 7, 39, 26, 0, 27, 7, 2, 37, 39, 28, 10, 34, 2, 20, 39, 19, 1, 22, 8, 39, 20, 10, 19, 35, 2, 30, 2, 13, 39]
    Edit distance: 16/33
  Sample 2:
    TRUE: [28, 24, 39, 27, 33, 20, 37, 39, 35, 17, 39, 21, 12, 8, 39, 16, 22, 39, 2, 22, 2, 6, 1, 29, 30, 39, 19, 2, 20, 33, 38, 2, 22, 39]
    PRED: [9, 2, 39, 27, 33, 20, 37, 39, 35, 17, 39, 21, 12, 8, 39, 16, 22, 39, 2, 22, 2, 34, 2, 28, 39, 19, 2, 20, 33, 38, 2, 22, 39]
    Edit distance: 6/34
  Sample 3:
    TRUE: [20, 3, 27, 17, 37, 39, 19, 0, 28, 30, 33, 21, 39, 22, 17, 8, 2, 8, 39, 6, 20, 1, 19, 39, 14, 20, 2, 34, 37, 39, 30, 33, 39, 6, 17, 39, 19, 2, 21, 26, 20, 17, 30, 20, 17, 39, 10, 20, 2, 14, 2, 22, 30, 39]
    PRED: [14, 35, 10, 11, 17, 37, 39, 19, 0, 28, 30, 33, 21, 39, 22, 17, 8, 39, 6, 20, 2, 19, 39, 20, 2, 34, 37, 39, 30, 33, 39, 6, 17, 39, 19, 2, 21, 26, 36, 17, 20, 11, 39, 10, 20, 2, 22, 8, 39]
    Edit distance: 14/54
  Sample 4:
    TRUE: [9, 2, 39, 30, 33, 31, 39, 13, 10, 27, 17, 39, 13, 11, 14, 0, 30, 39, 30, 33, 39, 19, 2, 21, 39, 35, 10, 22, 39, 27, 0, 18, 11, 37, 39, 30, 33, 31, 39, 13, 10, 20, 39, 4, 30, 39]
    PRED: [9, 2, 39, 27, 33, 31, 39, 34, 1, 27, 36, 17, 24, 39, 26, 27, 17, 14, 3, 30, 39, 30, 33, 39, 19, 2, 21, 39, 27, 10, 22, 8, 39, 35, 10, 8, 11, 37, 39, 31, 33, 31, 39, 13, 3, 20, 39, 4, 30, 39]
    Edit distance: 16/46

============================================================
Batch 71500 | Val PER: 0.1799
============================================================
  Sample 0:
    TRUE: [31, 17, 0, 19, 27, 2, 28, 17, 39, 27, 17, 19, 2, 22, 28, 16, 8, 11, 8, 39]
    PRED: [19, 0, 19, 11, 2, 28, 39, 27, 2, 14, 0, 27, 22, 12, 30, 8, 39]
    Edit distance: 12/20
  Sample 1:
    TRUE: [27, 16, 7, 39, 26, 11, 7, 2, 28, 30, 39, 28, 10, 34, 27, 2, 20, 39, 28, 5, 22, 8, 39, 20, 16, 31, 2, 14, 27, 1, 13, 28, 39]
    PRED: [35, 1, 7, 39, 26, 0, 27, 7, 2, 37, 39, 28, 10, 34, 2, 20, 39, 19, 1, 22, 8, 39, 20, 10, 19, 2, 13, 39]
    Edit distance: 15/33
  Sample 2:
    TRUE: [28, 24, 39, 27, 33, 20, 37, 39, 35, 17, 39, 21, 12, 8, 39, 16, 22, 39, 2, 22, 2, 6, 1, 29, 30, 39, 19, 2, 20, 33, 38, 2, 22, 39]
    PRED: [9, 2, 39, 27, 33, 20, 37, 39, 35, 17, 39, 21, 12, 8, 39, 16, 22, 39, 2, 22, 8, 2, 34, 10, 28, 39, 19, 2, 20, 33, 38, 2, 22, 39]
    Edit distance: 7/34
  Sample 3:
    TRUE: [20, 3, 27, 17, 37, 39, 19, 0, 28, 30, 33, 21, 39, 22, 17, 8, 2, 8, 39, 6, 20, 1, 19, 39, 14, 20, 2, 34, 37, 39, 30, 33, 39, 6, 17, 39, 19, 2, 21, 26, 20, 17, 30, 20, 17, 39, 10, 20, 2, 14, 2, 22, 30, 39]
    PRED: [30, 35, 10, 11, 37, 39, 19, 0, 28, 33, 21, 39, 22, 17, 8, 39, 6, 20, 12, 19, 39, 20, 16, 34, 39, 30, 33, 39, 6, 17, 39, 19, 0, 21, 26, 36, 17, 20, 17, 11, 39, 10, 20, 2, 22, 8, 39]
    Edit distance: 18/54
  Sample 4:
    TRUE: [9, 2, 39, 30, 33, 31, 39, 13, 10, 27, 17, 39, 13, 11, 14, 0, 30, 39, 30, 33, 39, 19, 2, 21, 39, 35, 10, 22, 39, 27, 0, 18, 11, 37, 39, 30, 33, 31, 39, 13, 10, 20, 39, 4, 30, 39]
    PRED: [9, 2, 39, 27, 33, 31, 39, 34, 1, 27, 36, 17, 39, 26, 27, 17, 14, 0, 30, 39, 30, 33, 39, 19, 2, 21, 39, 27, 10, 22, 8, 39, 27, 10, 20, 11, 37, 39, 31, 11, 31, 39, 13, 1, 20, 39, 4, 30, 39]
    Edit distance: 14/46

============================================================
Batch 72000 | Val PER: 0.1824
============================================================
  Sample 0:
    TRUE: [31, 17, 0, 19, 27, 2, 28, 17, 39, 27, 17, 19, 2, 22, 28, 16, 8, 11, 8, 39]
    PRED: [27, 0, 19, 2, 28, 30, 39, 27, 2, 14, 35, 0, 27, 8, 30, 2, 8, 39]
    Edit distance: 12/20
  Sample 1:
    TRUE: [27, 16, 7, 39, 26, 11, 7, 2, 28, 30, 39, 28, 10, 34, 27, 2, 20, 39, 28, 5, 22, 8, 39, 20, 16, 31, 2, 14, 27, 1, 13, 28, 39]
    PRED: [35, 1, 7, 39, 26, 2, 7, 2, 37, 39, 27, 10, 34, 2, 20, 39, 19, 4, 22, 8, 39, 20, 10, 35, 2, 1, 16, 13, 39]
    Edit distance: 15/33
  Sample 2:
    TRUE: [28, 24, 39, 27, 33, 20, 37, 39, 35, 17, 39, 21, 12, 8, 39, 16, 22, 39, 2, 22, 2, 6, 1, 29, 30, 39, 19, 2, 20, 33, 38, 2, 22, 39]
    PRED: [9, 2, 39, 27, 33, 20, 37, 39, 35, 17, 39, 21, 12, 8, 39, 16, 22, 39, 2, 22, 8, 2, 34, 2, 28, 39, 19, 2, 20, 33, 38, 2, 22, 39]
    Edit distance: 7/34
  Sample 3:
    TRUE: [20, 3, 27, 17, 37, 39, 19, 0, 28, 30, 33, 21, 39, 22, 17, 8, 2, 8, 39, 6, 20, 1, 19, 39, 14, 20, 2, 34, 37, 39, 30, 33, 39, 6, 17, 39, 19, 2, 21, 26, 20, 17, 30, 20, 17, 39, 10, 20, 2, 14, 2, 22, 30, 39]
    PRED: [35, 5, 12, 37, 39, 19, 0, 28, 30, 33, 21, 39, 22, 17, 8, 39, 6, 27, 2, 19, 39, 20, 2, 34, 37, 39, 29, 32, 8, 39, 6, 17, 39, 19, 2, 21, 26, 36, 17, 30, 20, 17, 39, 10, 20, 2, 22, 8, 39]
    Edit distance: 16/54
  Sample 4:
    TRUE: [9, 2, 39, 30, 33, 31, 39, 13, 10, 27, 17, 39, 13, 11, 14, 0, 30, 39, 30, 33, 39, 19, 2, 21, 39, 35, 10, 22, 39, 27, 0, 18, 11, 37, 39, 30, 33, 31, 39, 13, 10, 20, 39, 4, 30, 39]
    PRED: [9, 2, 39, 27, 33, 31, 39, 34, 1, 27, 36, 17, 39, 26, 27, 17, 14, 3, 30, 39, 30, 33, 39, 19, 2, 21, 39, 27, 10, 22, 8, 39, 35, 10, 20, 11, 37, 39, 31, 33, 31, 39, 13, 1, 27, 20, 39, 4, 30, 39]
    Edit distance: 16/46

============================================================
Batch 72500 | Val PER: 0.1820
============================================================
  Sample 0:
    TRUE: [31, 17, 0, 19, 27, 2, 28, 17, 39, 27, 17, 19, 2, 22, 28, 16, 8, 11, 8, 39]
    PRED: [27, 0, 27, 19, 16, 28, 39, 27, 2, 14, 0, 27, 22, 8, 30, 8, 39]
    Edit distance: 13/20
  Sample 1:
    TRUE: [27, 16, 7, 39, 26, 11, 7, 2, 28, 30, 39, 28, 10, 34, 27, 2, 20, 39, 28, 5, 22, 8, 39, 20, 16, 31, 2, 14, 27, 1, 13, 28, 39]
    PRED: [27, 1, 7, 39, 26, 2, 7, 2, 30, 39, 28, 10, 34, 2, 20, 39, 19, 1, 22, 8, 39, 20, 10, 2, 16, 13, 39]
    Edit distance: 12/33
  Sample 2:
    TRUE: [28, 24, 39, 27, 33, 20, 37, 39, 35, 17, 39, 21, 12, 8, 39, 16, 22, 39, 2, 22, 2, 6, 1, 29, 30, 39, 19, 2, 20, 33, 38, 2, 22, 39]
    PRED: [9, 2, 39, 27, 33, 20, 37, 39, 35, 17, 39, 21, 12, 8, 39, 16, 22, 39, 2, 22, 8, 2, 34, 2, 28, 39, 19, 2, 20, 33, 38, 2, 22, 39]
    Edit distance: 7/34
  Sample 3:
    TRUE: [20, 3, 27, 17, 37, 39, 19, 0, 28, 30, 33, 21, 39, 22, 17, 8, 2, 8, 39, 6, 20, 1, 19, 39, 14, 20, 2, 34, 37, 39, 30, 33, 39, 6, 17, 39, 19, 2, 21, 26, 20, 17, 30, 20, 17, 39, 10, 20, 2, 14, 2, 22, 30, 39]
    PRED: [35, 25, 11, 39, 19, 0, 28, 33, 21, 39, 22, 17, 8, 39, 6, 27, 1, 19, 39, 20, 2, 34, 39, 29, 32, 39, 6, 17, 39, 19, 2, 21, 26, 36, 17, 20, 11, 39, 10, 20, 2, 22, 39]
    Edit distance: 19/54
  Sample 4:
    TRUE: [9, 2, 39, 30, 33, 31, 39, 13, 10, 27, 17, 39, 13, 11, 14, 0, 30, 39, 30, 33, 39, 19, 2, 21, 39, 35, 10, 22, 39, 27, 0, 18, 11, 37, 39, 30, 33, 31, 39, 13, 10, 20, 39, 4, 30, 39]
    PRED: [9, 2, 39, 27, 33, 31, 39, 34, 1, 27, 36, 17, 39, 26, 27, 17, 14, 0, 30, 39, 30, 33, 39, 19, 2, 21, 39, 27, 2, 22, 8, 39, 35, 24, 20, 11, 37, 39, 31, 11, 31, 39, 13, 3, 20, 39, 4, 30, 39]
    Edit distance: 16/46

============================================================
Batch 73000 | Val PER: 0.1818
============================================================
  Sample 0:
    TRUE: [31, 17, 0, 19, 27, 2, 28, 17, 39, 27, 17, 19, 2, 22, 28, 16, 8, 11, 8, 39]
    PRED: [27, 0, 19, 16, 28, 39, 27, 2, 14, 0, 27, 22, 30, 8, 39]
    Edit distance: 12/20
  Sample 1:
    TRUE: [27, 16, 7, 39, 26, 11, 7, 2, 28, 30, 39, 28, 10, 34, 27, 2, 20, 39, 28, 5, 22, 8, 39, 20, 16, 31, 2, 14, 27, 1, 13, 28, 39]
    PRED: [35, 1, 19, 39, 26, 2, 7, 2, 37, 39, 28, 10, 34, 2, 20, 39, 19, 1, 22, 8, 39, 20, 10, 19, 16, 34, 39]
    Edit distance: 17/33
  Sample 2:
    TRUE: [28, 24, 39, 27, 33, 20, 37, 39, 35, 17, 39, 21, 12, 8, 39, 16, 22, 39, 2, 22, 2, 6, 1, 29, 30, 39, 19, 2, 20, 33, 38, 2, 22, 39]
    PRED: [9, 2, 39, 27, 33, 20, 37, 39, 35, 17, 39, 21, 12, 8, 39, 16, 22, 39, 16, 22, 8, 2, 34, 10, 28, 39, 19, 2, 20, 33, 38, 2, 22, 39]
    Edit distance: 8/34
  Sample 3:
    TRUE: [20, 3, 27, 17, 37, 39, 19, 0, 28, 30, 33, 21, 39, 22, 17, 8, 2, 8, 39, 6, 20, 1, 19, 39, 14, 20, 2, 34, 37, 39, 30, 33, 39, 6, 17, 39, 19, 2, 21, 26, 20, 17, 30, 20, 17, 39, 10, 20, 2, 14, 2, 22, 30, 39]
    PRED: [14, 27, 25, 16, 11, 39, 19, 0, 28, 30, 33, 21, 39, 22, 17, 8, 39, 6, 27, 12, 19, 39, 20, 16, 34, 37, 39, 29, 33, 39, 6, 17, 39, 19, 2, 21, 26, 36, 17, 20, 17, 39, 10, 20, 2, 22, 39]
    Edit distance: 17/54
  Sample 4:
    TRUE: [9, 2, 39, 30, 33, 31, 39, 13, 10, 27, 17, 39, 13, 11, 14, 0, 30, 39, 30, 33, 39, 19, 2, 21, 39, 35, 10, 22, 39, 27, 0, 18, 11, 37, 39, 30, 33, 31, 39, 13, 10, 20, 39, 4, 30, 39]
    PRED: [9, 2, 39, 27, 33, 31, 39, 34, 1, 27, 36, 17, 39, 27, 17, 35, 3, 30, 39, 30, 33, 39, 19, 2, 21, 39, 27, 10, 22, 8, 39, 35, 24, 20, 11, 37, 39, 31, 33, 31, 39, 13, 3, 20, 39, 4, 30, 39]
    Edit distance: 15/46

============================================================
Batch 73500 | Val PER: 0.1822
============================================================
  Sample 0:
    TRUE: [31, 17, 0, 19, 27, 2, 28, 17, 39, 27, 17, 19, 2, 22, 28, 16, 8, 11, 8, 39]
    PRED: [27, 0, 19, 2, 28, 39, 27, 2, 14, 0, 27, 22, 30, 8, 39]
    Edit distance: 11/20
  Sample 1:
    TRUE: [27, 16, 7, 39, 26, 11, 7, 2, 28, 30, 39, 28, 10, 34, 27, 2, 20, 39, 28, 5, 22, 8, 39, 20, 16, 31, 2, 14, 27, 1, 13, 28, 39]
    PRED: [35, 1, 7, 39, 26, 2, 7, 2, 30, 37, 39, 28, 10, 34, 2, 20, 39, 7, 1, 22, 8, 39, 20, 10, 2, 16, 13, 39]
    Edit distance: 14/33
  Sample 2:
    TRUE: [28, 24, 39, 27, 33, 20, 37, 39, 35, 17, 39, 21, 12, 8, 39, 16, 22, 39, 2, 22, 2, 6, 1, 29, 30, 39, 19, 2, 20, 33, 38, 2, 22, 39]
    PRED: [9, 2, 39, 27, 33, 20, 37, 39, 35, 17, 39, 21, 12, 8, 39, 16, 22, 39, 2, 22, 8, 22, 11, 34, 2, 1, 28, 39, 19, 2, 20, 33, 38, 2, 22, 39]
    Edit distance: 9/34
  Sample 3:
    TRUE: [20, 3, 27, 17, 37, 39, 19, 0, 28, 30, 33, 21, 39, 22, 17, 8, 2, 8, 39, 6, 20, 1, 19, 39, 14, 20, 2, 34, 37, 39, 30, 33, 39, 6, 17, 39, 19, 2, 21, 26, 20, 17, 30, 20, 17, 39, 10, 20, 2, 14, 2, 22, 30, 39]
    PRED: [30, 35, 25, 12, 11, 17, 39, 19, 0, 28, 30, 33, 21, 39, 22, 17, 8, 39, 6, 20, 1, 19, 39, 20, 16, 34, 37, 39, 29, 32, 8, 39, 6, 17, 39, 19, 2, 21, 26, 36, 17, 30, 20, 17, 39, 10, 20, 2, 22, 39]
    Edit distance: 17/54
  Sample 4:
    TRUE: [9, 2, 39, 30, 33, 31, 39, 13, 10, 27, 17, 39, 13, 11, 14, 0, 30, 39, 30, 33, 39, 19, 2, 21, 39, 35, 10, 22, 39, 27, 0, 18, 11, 37, 39, 30, 33, 31, 39, 13, 10, 20, 39, 4, 30, 39]
    PRED: [9, 2, 39, 27, 33, 31, 39, 34, 1, 27, 36, 17, 39, 27, 17, 14, 3, 30, 39, 30, 33, 39, 19, 2, 21, 39, 27, 2, 22, 8, 39, 35, 24, 20, 11, 37, 39, 27, 33, 31, 39, 13, 3, 27, 20, 39, 4, 30, 39]
    Edit distance: 16/46

============================================================
Batch 74000 | Val PER: 0.1801
============================================================
  Sample 0:
    TRUE: [31, 17, 0, 19, 27, 2, 28, 17, 39, 27, 17, 19, 2, 22, 28, 16, 8, 11, 8, 39]
    PRED: [27, 0, 19, 2, 28, 39, 27, 2, 14, 0, 27, 22, 30, 8, 39]
    Edit distance: 11/20
  Sample 1:
    TRUE: [27, 16, 7, 39, 26, 11, 7, 2, 28, 30, 39, 28, 10, 34, 27, 2, 20, 39, 28, 5, 22, 8, 39, 20, 16, 31, 2, 14, 27, 1, 13, 28, 39]
    PRED: [27, 1, 7, 19, 39, 26, 2, 7, 2, 30, 37, 39, 28, 10, 34, 2, 20, 39, 7, 1, 22, 8, 39, 20, 10, 2, 16, 13, 39]
    Edit distance: 14/33
  Sample 2:
    TRUE: [28, 24, 39, 27, 33, 20, 37, 39, 35, 17, 39, 21, 12, 8, 39, 16, 22, 39, 2, 22, 2, 6, 1, 29, 30, 39, 19, 2, 20, 33, 38, 2, 22, 39]
    PRED: [9, 2, 39, 27, 33, 20, 37, 39, 35, 17, 39, 21, 12, 8, 39, 16, 22, 39, 2, 22, 11, 34, 2, 28, 39, 19, 2, 20, 33, 38, 2, 22, 39]
    Edit distance: 7/34
  Sample 3:
    TRUE: [20, 3, 27, 17, 37, 39, 19, 0, 28, 30, 33, 21, 39, 22, 17, 8, 2, 8, 39, 6, 20, 1, 19, 39, 14, 20, 2, 34, 37, 39, 30, 33, 39, 6, 17, 39, 19, 2, 21, 26, 20, 17, 30, 20, 17, 39, 10, 20, 2, 14, 2, 22, 30, 39]
    PRED: [30, 35, 17, 11, 39, 19, 0, 28, 30, 27, 33, 21, 39, 22, 17, 8, 39, 6, 20, 1, 19, 39, 20, 16, 34, 37, 39, 29, 32, 8, 39, 6, 17, 39, 19, 2, 21, 26, 36, 17, 20, 17, 39, 10, 20, 2, 22, 39]
    Edit distance: 17/54
  Sample 4:
    TRUE: [9, 2, 39, 30, 33, 31, 39, 13, 10, 27, 17, 39, 13, 11, 14, 0, 30, 39, 30, 33, 39, 19, 2, 21, 39, 35, 10, 22, 39, 27, 0, 18, 11, 37, 39, 30, 33, 31, 39, 13, 10, 20, 39, 4, 30, 39]
    PRED: [9, 2, 39, 27, 33, 31, 39, 34, 1, 20, 36, 17, 39, 27, 17, 3, 30, 39, 30, 33, 39, 19, 2, 21, 39, 27, 10, 22, 8, 39, 35, 24, 20, 11, 37, 39, 31, 33, 31, 39, 13, 3, 20, 39, 4, 30, 39]
    Edit distance: 16/46

============================================================
Batch 74500 | Val PER: 0.1791
============================================================
  Sample 0:
    TRUE: [31, 17, 0, 19, 27, 2, 28, 17, 39, 27, 17, 19, 2, 22, 28, 16, 8, 11, 8, 39]
    PRED: [27, 0, 19, 2, 28, 39, 27, 2, 14, 27, 22, 30, 8, 39]
    Edit distance: 11/20
  Sample 1:
    TRUE: [27, 16, 7, 39, 26, 11, 7, 2, 28, 30, 39, 28, 10, 34, 27, 2, 20, 39, 28, 5, 22, 8, 39, 20, 16, 31, 2, 14, 27, 1, 13, 28, 39]
    PRED: [35, 1, 7, 19, 39, 26, 2, 7, 2, 30, 37, 39, 28, 10, 34, 2, 20, 39, 19, 2, 22, 8, 39, 8, 10, 19, 35, 16, 34, 39]
    Edit distance: 18/33
  Sample 2:
    TRUE: [28, 24, 39, 27, 33, 20, 37, 39, 35, 17, 39, 21, 12, 8, 39, 16, 22, 39, 2, 22, 2, 6, 1, 29, 30, 39, 19, 2, 20, 33, 38, 2, 22, 39]
    PRED: [9, 24, 39, 27, 33, 20, 37, 39, 35, 17, 39, 21, 12, 8, 39, 16, 22, 39, 2, 22, 2, 34, 10, 13, 28, 39, 19, 2, 20, 33, 38, 2, 22, 39]
    Edit distance: 5/34
  Sample 3:
    TRUE: [20, 3, 27, 17, 37, 39, 19, 0, 28, 30, 33, 21, 39, 22, 17, 8, 2, 8, 39, 6, 20, 1, 19, 39, 14, 20, 2, 34, 37, 39, 30, 33, 39, 6, 17, 39, 19, 2, 21, 26, 20, 17, 30, 20, 17, 39, 10, 20, 2, 14, 2, 22, 30, 39]
    PRED: [30, 35, 25, 12, 11, 39, 19, 0, 28, 30, 33, 21, 39, 22, 17, 8, 39, 6, 20, 1, 19, 39, 20, 2, 34, 37, 39, 29, 32, 8, 39, 6, 17, 39, 19, 2, 21, 26, 36, 17, 20, 11, 39, 10, 20, 2, 22, 39]
    Edit distance: 17/54
  Sample 4:
    TRUE: [9, 2, 39, 30, 33, 31, 39, 13, 10, 27, 17, 39, 13, 11, 14, 0, 30, 39, 30, 33, 39, 19, 2, 21, 39, 35, 10, 22, 39, 27, 0, 18, 11, 37, 39, 30, 33, 31, 39, 13, 10, 20, 39, 4, 30, 39]
    PRED: [9, 2, 39, 27, 33, 31, 39, 34, 1, 20, 36, 17, 39, 27, 17, 0, 30, 39, 30, 33, 39, 19, 2, 21, 39, 27, 2, 22, 8, 39, 35, 24, 20, 11, 37, 39, 31, 33, 31, 39, 13, 3, 39, 4, 30, 39]
    Edit distance: 17/46

============================================================
Batch 75000 | Val PER: 0.1815
============================================================
  Sample 0:
    TRUE: [31, 17, 0, 19, 27, 2, 28, 17, 39, 27, 17, 19, 2, 22, 28, 16, 8, 11, 8, 39]
    PRED: [0, 19, 2, 28, 39, 27, 2, 14, 27, 0, 22, 30, 8, 39]
    Edit distance: 11/20
  Sample 1:
    TRUE: [27, 16, 7, 39, 26, 11, 7, 2, 28, 30, 39, 28, 10, 34, 27, 2, 20, 39, 28, 5, 22, 8, 39, 20, 16, 31, 2, 14, 27, 1, 13, 28, 39]
    PRED: [35, 1, 7, 39, 26, 2, 7, 2, 30, 39, 28, 10, 34, 2, 20, 39, 19, 1, 22, 8, 39, 8, 16, 35, 2, 16, 13, 39]
    Edit distance: 13/33
  Sample 2:
    TRUE: [28, 24, 39, 27, 33, 20, 37, 39, 35, 17, 39, 21, 12, 8, 39, 16, 22, 39, 2, 22, 2, 6, 1, 29, 30, 39, 19, 2, 20, 33, 38, 2, 22, 39]
    PRED: [9, 24, 39, 27, 33, 20, 37, 39, 35, 17, 39, 21, 12, 8, 39, 16, 22, 39, 2, 22, 2, 11, 34, 2, 13, 28, 39, 19, 2, 20, 33, 38, 2, 22, 39]
    Edit distance: 6/34
  Sample 3:
    TRUE: [20, 3, 27, 17, 37, 39, 19, 0, 28, 30, 33, 21, 39, 22, 17, 8, 2, 8, 39, 6, 20, 1, 19, 39, 14, 20, 2, 34, 37, 39, 30, 33, 39, 6, 17, 39, 19, 2, 21, 26, 20, 17, 30, 20, 17, 39, 10, 20, 2, 14, 2, 22, 30, 39]
    PRED: [30, 35, 17, 12, 11, 39, 19, 0, 28, 30, 33, 21, 39, 22, 17, 8, 39, 6, 20, 12, 19, 39, 20, 16, 34, 39, 29, 32, 8, 39, 6, 17, 39, 19, 2, 21, 26, 36, 17, 30, 20, 11, 39, 10, 20, 2, 22, 39]
    Edit distance: 19/54
  Sample 4:
    TRUE: [9, 2, 39, 30, 33, 31, 39, 13, 10, 27, 17, 39, 13, 11, 14, 0, 30, 39, 30, 33, 39, 19, 2, 21, 39, 35, 10, 22, 39, 27, 0, 18, 11, 37, 39, 30, 33, 31, 39, 13, 10, 20, 39, 4, 30, 39]
    PRED: [9, 2, 39, 30, 27, 33, 31, 39, 34, 1, 27, 36, 17, 39, 27, 17, 14, 0, 30, 39, 30, 33, 39, 19, 2, 21, 39, 27, 2, 22, 8, 39, 35, 11, 20, 11, 37, 39, 27, 33, 31, 39, 13, 1, 20, 39, 4, 30, 39]
    Edit distance: 14/46

============================================================
Batch 75500 | Val PER: 0.1796
============================================================
  Sample 0:
    TRUE: [31, 17, 0, 19, 27, 2, 28, 17, 39, 27, 17, 19, 2, 22, 28, 16, 8, 11, 8, 39]
    PRED: [0, 19, 2, 28, 39, 27, 2, 14, 27, 0, 30, 2, 8, 39]
    Edit distance: 11/20
  Sample 1:
    TRUE: [27, 16, 7, 39, 26, 11, 7, 2, 28, 30, 39, 28, 10, 34, 27, 2, 20, 39, 28, 5, 22, 8, 39, 20, 16, 31, 2, 14, 27, 1, 13, 28, 39]
    PRED: [35, 1, 19, 39, 26, 2, 7, 2, 30, 37, 39, 28, 10, 34, 2, 20, 39, 19, 1, 22, 8, 39, 20, 10, 19, 2, 16, 13, 39]
    Edit distance: 15/33
  Sample 2:
    TRUE: [28, 24, 39, 27, 33, 20, 37, 39, 35, 17, 39, 21, 12, 8, 39, 16, 22, 39, 2, 22, 2, 6, 1, 29, 30, 39, 19, 2, 20, 33, 38, 2, 22, 39]
    PRED: [9, 2, 39, 27, 33, 20, 37, 39, 35, 17, 39, 21, 12, 8, 39, 16, 22, 39, 2, 22, 2, 11, 34, 10, 28, 39, 19, 2, 20, 33, 38, 2, 22, 39]
    Edit distance: 6/34
  Sample 3:
    TRUE: [20, 3, 27, 17, 37, 39, 19, 0, 28, 30, 33, 21, 39, 22, 17, 8, 2, 8, 39, 6, 20, 1, 19, 39, 14, 20, 2, 34, 37, 39, 30, 33, 39, 6, 17, 39, 19, 2, 21, 26, 20, 17, 30, 20, 17, 39, 10, 20, 2, 14, 2, 22, 30, 39]
    PRED: [35, 25, 12, 16, 17, 39, 19, 0, 28, 30, 33, 21, 39, 22, 17, 8, 39, 6, 20, 12, 19, 39, 20, 0, 34, 37, 39, 29, 32, 8, 39, 6, 17, 39, 19, 2, 21, 26, 36, 17, 20, 11, 39, 10, 20, 2, 22, 39]
    Edit distance: 19/54
  Sample 4:
    TRUE: [9, 2, 39, 30, 33, 31, 39, 13, 10, 27, 17, 39, 13, 11, 14, 0, 30, 39, 30, 33, 39, 19, 2, 21, 39, 35, 10, 22, 39, 27, 0, 18, 11, 37, 39, 30, 33, 31, 39, 13, 10, 20, 39, 4, 30, 39]
    PRED: [9, 2, 39, 27, 33, 31, 39, 34, 1, 20, 36, 17, 12, 39, 27, 17, 3, 30, 39, 30, 33, 39, 19, 2, 21, 39, 27, 2, 22, 8, 39, 27, 0, 20, 11, 37, 39, 31, 33, 31, 39, 13, 1, 27, 20, 39, 4, 30, 39]
    Edit distance: 17/46

============================================================
Batch 76000 | Val PER: 0.1789
============================================================
  Sample 0:
    TRUE: [31, 17, 0, 19, 27, 2, 28, 17, 39, 27, 17, 19, 2, 22, 28, 16, 8, 11, 8, 39]
    PRED: [27, 0, 19, 2, 28, 30, 39, 27, 2, 14, 27, 0, 27, 22, 8, 30, 2, 8, 39]
    Edit distance: 12/20
  Sample 1:
    TRUE: [27, 16, 7, 39, 26, 11, 7, 2, 28, 30, 39, 28, 10, 34, 27, 2, 20, 39, 28, 5, 22, 8, 39, 20, 16, 31, 2, 14, 27, 1, 13, 28, 39]
    PRED: [27, 1, 7, 39, 26, 27, 2, 7, 2, 37, 39, 30, 27, 10, 34, 2, 20, 39, 19, 1, 22, 8, 39, 20, 10, 19, 2, 16, 13, 39]
    Edit distance: 16/33
  Sample 2:
    TRUE: [28, 24, 39, 27, 33, 20, 37, 39, 35, 17, 39, 21, 12, 8, 39, 16, 22, 39, 2, 22, 2, 6, 1, 29, 30, 39, 19, 2, 20, 33, 38, 2, 22, 39]
    PRED: [9, 24, 39, 27, 33, 20, 37, 39, 35, 17, 39, 21, 12, 8, 39, 16, 22, 39, 2, 22, 8, 2, 34, 2, 28, 39, 19, 2, 20, 33, 38, 2, 22, 39]
    Edit distance: 6/34
  Sample 3:
    TRUE: [20, 3, 27, 17, 37, 39, 19, 0, 28, 30, 33, 21, 39, 22, 17, 8, 2, 8, 39, 6, 20, 1, 19, 39, 14, 20, 2, 34, 37, 39, 30, 33, 39, 6, 17, 39, 19, 2, 21, 26, 20, 17, 30, 20, 17, 39, 10, 20, 2, 14, 2, 22, 30, 39]
    PRED: [30, 35, 25, 12, 17, 39, 19, 0, 28, 30, 33, 21, 39, 22, 17, 8, 39, 6, 20, 2, 19, 39, 20, 16, 34, 39, 29, 32, 8, 39, 6, 17, 39, 19, 0, 21, 26, 20, 17, 30, 20, 17, 39, 10, 20, 2, 22, 39]
    Edit distance: 18/54
  Sample 4:
    TRUE: [9, 2, 39, 30, 33, 31, 39, 13, 10, 27, 17, 39, 13, 11, 14, 0, 30, 39, 30, 33, 39, 19, 2, 21, 39, 35, 10, 22, 39, 27, 0, 18, 11, 37, 39, 30, 33, 31, 39, 13, 10, 20, 39, 4, 30, 39]
    PRED: [9, 2, 39, 27, 33, 31, 39, 34, 1, 27, 20, 36, 17, 39, 27, 17, 3, 30, 39, 30, 33, 39, 19, 2, 21, 39, 27, 10, 22, 8, 39, 27, 11, 20, 11, 37, 39, 27, 33, 31, 39, 13, 3, 20, 39, 4, 30, 39]
    Edit distance: 15/46

============================================================
Batch 76500 | Val PER: 0.1797
============================================================
  Sample 0:
    TRUE: [31, 17, 0, 19, 27, 2, 28, 17, 39, 27, 17, 19, 2, 22, 28, 16, 8, 11, 8, 39]
    PRED: [19, 27, 0, 27, 19, 2, 28, 30, 39, 27, 2, 14, 27, 0, 27, 22, 30, 2, 8, 39]
    Edit distance: 13/20
  Sample 1:
    TRUE: [27, 16, 7, 39, 26, 11, 7, 2, 28, 30, 39, 28, 10, 34, 27, 2, 20, 39, 28, 5, 22, 8, 39, 20, 16, 31, 2, 14, 27, 1, 13, 28, 39]
    PRED: [27, 1, 19, 39, 26, 0, 7, 2, 19, 37, 39, 28, 10, 34, 2, 20, 39, 19, 1, 22, 8, 39, 20, 16, 19, 2, 2, 13, 39]
    Edit distance: 13/33
  Sample 2:
    TRUE: [28, 24, 39, 27, 33, 20, 37, 39, 35, 17, 39, 21, 12, 8, 39, 16, 22, 39, 2, 22, 2, 6, 1, 29, 30, 39, 19, 2, 20, 33, 38, 2, 22, 39]
    PRED: [9, 24, 39, 27, 33, 20, 37, 39, 35, 17, 39, 21, 12, 8, 39, 16, 22, 39, 2, 22, 2, 34, 2, 13, 28, 39, 19, 2, 20, 33, 38, 2, 22, 39]
    Edit distance: 5/34
  Sample 3:
    TRUE: [20, 3, 27, 17, 37, 39, 19, 0, 28, 30, 33, 21, 39, 22, 17, 8, 2, 8, 39, 6, 20, 1, 19, 39, 14, 20, 2, 34, 37, 39, 30, 33, 39, 6, 17, 39, 19, 2, 21, 26, 20, 17, 30, 20, 17, 39, 10, 20, 2, 14, 2, 22, 30, 39]
    PRED: [35, 25, 16, 17, 39, 19, 0, 28, 30, 33, 21, 39, 22, 17, 8, 39, 6, 20, 12, 19, 39, 20, 16, 34, 37, 39, 29, 32, 8, 39, 6, 17, 39, 19, 2, 21, 26, 20, 17, 30, 20, 17, 39, 10, 20, 2, 22, 8, 39]
    Edit distance: 15/54
  Sample 4:
    TRUE: [9, 2, 39, 30, 33, 31, 39, 13, 10, 27, 17, 39, 13, 11, 14, 0, 30, 39, 30, 33, 39, 19, 2, 21, 39, 35, 10, 22, 39, 27, 0, 18, 11, 37, 39, 30, 33, 31, 39, 13, 10, 20, 39, 4, 30, 39]
    PRED: [9, 2, 39, 27, 33, 31, 39, 34, 1, 20, 36, 39, 27, 11, 0, 30, 39, 30, 33, 39, 19, 2, 21, 39, 27, 2, 22, 8, 39, 35, 11, 20, 11, 37, 39, 27, 33, 31, 39, 13, 3, 20, 39, 4, 30, 39]
    Edit distance: 15/46

============================================================
Batch 77000 | Val PER: 0.1797
============================================================
  Sample 0:
    TRUE: [31, 17, 0, 19, 27, 2, 28, 17, 39, 27, 17, 19, 2, 22, 28, 16, 8, 11, 8, 39]
    PRED: [27, 0, 19, 2, 28, 30, 39, 27, 2, 14, 0, 8, 30, 2, 8, 39]
    Edit distance: 11/20
  Sample 1:
    TRUE: [27, 16, 7, 39, 26, 11, 7, 2, 28, 30, 39, 28, 10, 34, 27, 2, 20, 39, 28, 5, 22, 8, 39, 20, 16, 31, 2, 14, 27, 1, 13, 28, 39]
    PRED: [27, 1, 19, 39, 26, 0, 28, 7, 2, 18, 37, 39, 28, 10, 34, 2, 20, 39, 19, 1, 22, 8, 39, 20, 10, 19, 2, 16, 13, 39]
    Edit distance: 15/33
  Sample 2:
    TRUE: [28, 24, 39, 27, 33, 20, 37, 39, 35, 17, 39, 21, 12, 8, 39, 16, 22, 39, 2, 22, 2, 6, 1, 29, 30, 39, 19, 2, 20, 33, 38, 2, 22, 39]
    PRED: [22, 24, 39, 27, 17, 20, 37, 39, 35, 17, 39, 21, 12, 8, 39, 16, 22, 39, 2, 22, 8, 2, 34, 10, 13, 28, 39, 19, 2, 20, 33, 38, 2, 22, 39]
    Edit distance: 7/34
  Sample 3:
    TRUE: [20, 3, 27, 17, 37, 39, 19, 0, 28, 30, 33, 21, 39, 22, 17, 8, 2, 8, 39, 6, 20, 1, 19, 39, 14, 20, 2, 34, 37, 39, 30, 33, 39, 6, 17, 39, 19, 2, 21, 26, 20, 17, 30, 20, 17, 39, 10, 20, 2, 14, 2, 22, 30, 39]
    PRED: [35, 17, 11, 17, 39, 19, 0, 28, 30, 33, 21, 39, 22, 17, 8, 39, 6, 20, 12, 19, 39, 20, 16, 34, 37, 39, 29, 32, 8, 39, 6, 17, 39, 19, 0, 21, 26, 36, 17, 30, 20, 17, 39, 10, 20, 2, 22, 8, 39]
    Edit distance: 17/54
  Sample 4:
    TRUE: [9, 2, 39, 30, 33, 31, 39, 13, 10, 27, 17, 39, 13, 11, 14, 0, 30, 39, 30, 33, 39, 19, 2, 21, 39, 35, 10, 22, 39, 27, 0, 18, 11, 37, 39, 30, 33, 31, 39, 13, 10, 20, 39, 4, 30, 39]
    PRED: [9, 2, 39, 27, 33, 31, 39, 34, 1, 20, 36, 17, 39, 27, 17, 14, 0, 30, 39, 30, 33, 39, 19, 2, 21, 39, 27, 10, 22, 8, 39, 35, 10, 8, 11, 37, 39, 31, 33, 31, 39, 13, 3, 20, 39, 4, 30, 39]
    Edit distance: 14/46

============================================================
Batch 77500 | Val PER: 0.1800
============================================================
  Sample 0:
    TRUE: [31, 17, 0, 19, 27, 2, 28, 17, 39, 27, 17, 19, 2, 22, 28, 16, 8, 11, 8, 39]
    PRED: [19, 0, 27, 19, 2, 28, 39, 27, 2, 14, 27, 0, 27, 22, 30, 2, 8, 39]
    Edit distance: 13/20
  Sample 1:
    TRUE: [27, 16, 7, 39, 26, 11, 7, 2, 28, 30, 39, 28, 10, 34, 27, 2, 20, 39, 28, 5, 22, 8, 39, 20, 16, 31, 2, 14, 27, 1, 13, 28, 39]
    PRED: [27, 1, 7, 39, 26, 0, 27, 28, 7, 2, 18, 37, 39, 28, 10, 34, 2, 20, 39, 19, 1, 22, 8, 39, 20, 10, 3, 2, 13, 39]
    Edit distance: 15/33
  Sample 2:
    TRUE: [28, 24, 39, 27, 33, 20, 37, 39, 35, 17, 39, 21, 12, 8, 39, 16, 22, 39, 2, 22, 2, 6, 1, 29, 30, 39, 19, 2, 20, 33, 38, 2, 22, 39]
    PRED: [9, 24, 39, 27, 33, 20, 37, 39, 35, 17, 39, 21, 12, 8, 39, 16, 22, 39, 2, 22, 8, 22, 2, 34, 2, 28, 39, 19, 2, 20, 33, 38, 2, 22, 39]
    Edit distance: 7/34
  Sample 3:
    TRUE: [20, 3, 27, 17, 37, 39, 19, 0, 28, 30, 33, 21, 39, 22, 17, 8, 2, 8, 39, 6, 20, 1, 19, 39, 14, 20, 2, 34, 37, 39, 30, 33, 39, 6, 17, 39, 19, 2, 21, 26, 20, 17, 30, 20, 17, 39, 10, 20, 2, 14, 2, 22, 30, 39]
    PRED: [30, 35, 3, 9, 11, 17, 39, 19, 0, 28, 30, 33, 21, 39, 22, 17, 8, 39, 6, 20, 2, 19, 39, 20, 16, 6, 37, 39, 29, 32, 8, 39, 6, 17, 39, 19, 2, 21, 26, 36, 2, 20, 11, 39, 10, 20, 2, 22, 8, 39]
    Edit distance: 21/54
  Sample 4:
    TRUE: [9, 2, 39, 30, 33, 31, 39, 13, 10, 27, 17, 39, 13, 11, 14, 0, 30, 39, 30, 33, 39, 19, 2, 21, 39, 35, 10, 22, 39, 27, 0, 18, 11, 37, 39, 30, 33, 31, 39, 13, 10, 20, 39, 4, 30, 39]
    PRED: [9, 2, 39, 27, 33, 31, 39, 34, 1, 27, 20, 36, 17, 12, 39, 27, 17, 0, 30, 39, 30, 33, 39, 19, 2, 21, 39, 27, 10, 22, 8, 39, 35, 11, 8, 11, 37, 39, 31, 33, 31, 39, 13, 3, 20, 39, 4, 30, 39]
    Edit distance: 16/46

============================================================
Batch 78000 | Val PER: 0.1789
============================================================
  Sample 0:
    TRUE: [31, 17, 0, 19, 27, 2, 28, 17, 39, 27, 17, 19, 2, 22, 28, 16, 8, 11, 8, 39]
    PRED: [19, 27, 0, 27, 19, 2, 28, 30, 39, 27, 2, 14, 0, 27, 22, 30, 2, 8, 39]
    Edit distance: 13/20
  Sample 1:
    TRUE: [27, 16, 7, 39, 26, 11, 7, 2, 28, 30, 39, 28, 10, 34, 27, 2, 20, 39, 28, 5, 22, 8, 39, 20, 16, 31, 2, 14, 27, 1, 13, 28, 39]
    PRED: [27, 1, 7, 39, 26, 0, 28, 7, 2, 37, 39, 28, 10, 34, 2, 20, 39, 19, 1, 22, 8, 39, 20, 10, 16, 34, 39]
    Edit distance: 16/33
  Sample 2:
    TRUE: [28, 24, 39, 27, 33, 20, 37, 39, 35, 17, 39, 21, 12, 8, 39, 16, 22, 39, 2, 22, 2, 6, 1, 29, 30, 39, 19, 2, 20, 33, 38, 2, 22, 39]
    PRED: [9, 2, 39, 27, 17, 20, 37, 39, 35, 17, 39, 21, 12, 8, 39, 16, 22, 39, 2, 22, 8, 2, 11, 34, 2, 10, 28, 39, 19, 2, 20, 33, 38, 2, 22, 39]
    Edit distance: 9/34
  Sample 3:
    TRUE: [20, 3, 27, 17, 37, 39, 19, 0, 28, 30, 33, 21, 39, 22, 17, 8, 2, 8, 39, 6, 20, 1, 19, 39, 14, 20, 2, 34, 37, 39, 30, 33, 39, 6, 17, 39, 19, 2, 21, 26, 20, 17, 30, 20, 17, 39, 10, 20, 2, 14, 2, 22, 30, 39]
    PRED: [30, 35, 25, 11, 39, 19, 0, 28, 30, 33, 21, 39, 22, 17, 8, 39, 6, 20, 2, 19, 39, 20, 16, 34, 37, 39, 29, 32, 8, 39, 6, 17, 39, 19, 2, 21, 26, 36, 17, 20, 11, 39, 10, 20, 2, 22, 8, 39]
    Edit distance: 19/54
  Sample 4:
    TRUE: [9, 2, 39, 30, 33, 31, 39, 13, 10, 27, 17, 39, 13, 11, 14, 0, 30, 39, 30, 33, 39, 19, 2, 21, 39, 35, 10, 22, 39, 27, 0, 18, 11, 37, 39, 30, 33, 31, 39, 13, 10, 20, 39, 4, 30, 39]
    PRED: [9, 2, 39, 27, 33, 31, 39, 34, 1, 20, 36, 17, 39, 27, 17, 14, 0, 30, 39, 30, 33, 39, 19, 2, 21, 39, 27, 10, 22, 8, 39, 35, 11, 20, 11, 37, 39, 31, 33, 31, 39, 13, 3, 20, 39, 4, 30, 39]
    Edit distance: 14/46

============================================================
Batch 78500 | Val PER: 0.1810
============================================================
  Sample 0:
    TRUE: [31, 17, 0, 19, 27, 2, 28, 17, 39, 27, 17, 19, 2, 22, 28, 16, 8, 11, 8, 39]
    PRED: [27, 1, 0, 27, 19, 2, 28, 39, 27, 2, 14, 0, 27, 8, 30, 2, 8, 39]
    Edit distance: 12/20
  Sample 1:
    TRUE: [27, 16, 7, 39, 26, 11, 7, 2, 28, 30, 39, 28, 10, 34, 27, 2, 20, 39, 28, 5, 22, 8, 39, 20, 16, 31, 2, 14, 27, 1, 13, 28, 39]
    PRED: [35, 1, 7, 39, 26, 0, 27, 28, 7, 2, 37, 39, 28, 10, 34, 2, 20, 39, 19, 1, 22, 8, 39, 20, 10, 2, 2, 34, 39]
    Edit distance: 17/33
  Sample 2:
    TRUE: [28, 24, 39, 27, 33, 20, 37, 39, 35, 17, 39, 21, 12, 8, 39, 16, 22, 39, 2, 22, 2, 6, 1, 29, 30, 39, 19, 2, 20, 33, 38, 2, 22, 39]
    PRED: [9, 2, 39, 27, 17, 20, 37, 39, 35, 17, 39, 21, 12, 8, 39, 16, 22, 39, 2, 22, 8, 2, 11, 34, 21, 2, 28, 39, 19, 2, 20, 33, 38, 2, 22, 39]
    Edit distance: 9/34
  Sample 3:
    TRUE: [20, 3, 27, 17, 37, 39, 19, 0, 28, 30, 33, 21, 39, 22, 17, 8, 2, 8, 39, 6, 20, 1, 19, 39, 14, 20, 2, 34, 37, 39, 30, 33, 39, 6, 17, 39, 19, 2, 21, 26, 20, 17, 30, 20, 17, 39, 10, 20, 2, 14, 2, 22, 30, 39]
    PRED: [35, 17, 11, 17, 39, 19, 0, 28, 30, 33, 21, 39, 22, 17, 8, 39, 6, 20, 2, 19, 39, 20, 16, 34, 37, 39, 29, 32, 8, 39, 6, 17, 39, 19, 2, 21, 26, 36, 17, 20, 17, 39, 10, 20, 2, 22, 8, 39]
    Edit distance: 17/54
  Sample 4:
    TRUE: [9, 2, 39, 30, 33, 31, 39, 13, 10, 27, 17, 39, 13, 11, 14, 0, 30, 39, 30, 33, 39, 19, 2, 21, 39, 35, 10, 22, 39, 27, 0, 18, 11, 37, 39, 30, 33, 31, 39, 13, 10, 20, 39, 4, 30, 39]
    PRED: [9, 2, 39, 27, 33, 31, 39, 34, 1, 20, 36, 17, 12, 39, 27, 17, 0, 30, 39, 30, 33, 39, 19, 2, 21, 39, 27, 2, 22, 8, 39, 27, 11, 8, 11, 37, 39, 31, 33, 31, 39, 13, 1, 20, 39, 4, 30, 39]
    Edit distance: 16/46

============================================================
Batch 79000 | Val PER: 0.1777
============================================================
  Sample 0:
    TRUE: [31, 17, 0, 19, 27, 2, 28, 17, 39, 27, 17, 19, 2, 22, 28, 16, 8, 11, 8, 39]
    PRED: [27, 0, 27, 19, 2, 28, 39, 27, 2, 14, 0, 27, 22, 30, 2, 8, 39]
    Edit distance: 13/20
  Sample 1:
    TRUE: [27, 16, 7, 39, 26, 11, 7, 2, 28, 30, 39, 28, 10, 34, 27, 2, 20, 39, 28, 5, 22, 8, 39, 20, 16, 31, 2, 14, 27, 1, 13, 28, 39]
    PRED: [27, 1, 7, 39, 26, 0, 28, 7, 2, 37, 39, 28, 10, 34, 2, 20, 39, 19, 4, 22, 8, 39, 20, 10, 19, 2, 5, 34, 39]
    Edit distance: 15/33
  Sample 2:
    TRUE: [28, 24, 39, 27, 33, 20, 37, 39, 35, 17, 39, 21, 12, 8, 39, 16, 22, 39, 2, 22, 2, 6, 1, 29, 30, 39, 19, 2, 20, 33, 38, 2, 22, 39]
    PRED: [9, 2, 39, 27, 17, 20, 37, 39, 35, 17, 39, 21, 12, 8, 39, 16, 22, 39, 2, 22, 8, 2, 11, 34, 2, 28, 39, 19, 2, 20, 33, 38, 2, 22, 39]
    Edit distance: 8/34
  Sample 3:
    TRUE: [20, 3, 27, 17, 37, 39, 19, 0, 28, 30, 33, 21, 39, 22, 17, 8, 2, 8, 39, 6, 20, 1, 19, 39, 14, 20, 2, 34, 37, 39, 30, 33, 39, 6, 17, 39, 19, 2, 21, 26, 20, 17, 30, 20, 17, 39, 10, 20, 2, 14, 2, 22, 30, 39]
    PRED: [30, 35, 25, 17, 39, 19, 0, 28, 30, 33, 21, 39, 22, 17, 8, 39, 6, 20, 12, 19, 39, 20, 16, 34, 37, 39, 29, 32, 8, 39, 6, 17, 39, 19, 2, 21, 26, 36, 17, 2, 20, 11, 39, 10, 20, 2, 22, 8, 39]
    Edit distance: 18/54
  Sample 4:
    TRUE: [9, 2, 39, 30, 33, 31, 39, 13, 10, 27, 17, 39, 13, 11, 14, 0, 30, 39, 30, 33, 39, 19, 2, 21, 39, 35, 10, 22, 39, 27, 0, 18, 11, 37, 39, 30, 33, 31, 39, 13, 10, 20, 39, 4, 30, 39]
    PRED: [9, 2, 39, 27, 33, 31, 39, 34, 1, 27, 36, 17, 12, 39, 13, 27, 17, 0, 30, 39, 30, 33, 39, 19, 2, 21, 39, 27, 2, 22, 8, 39, 11, 8, 11, 37, 39, 31, 33, 31, 39, 13, 3, 27, 20, 39, 4, 30, 39]
    Edit distance: 16/46

============================================================
Batch 79500 | Val PER: 0.1790
============================================================
  Sample 0:
    TRUE: [31, 17, 0, 19, 27, 2, 28, 17, 39, 27, 17, 19, 2, 22, 28, 16, 8, 11, 8, 39]
    PRED: [19, 27, 0, 27, 19, 2, 28, 39, 27, 2, 14, 27, 0, 27, 22, 30, 2, 8, 39]
    Edit distance: 13/20
  Sample 1:
    TRUE: [27, 16, 7, 39, 26, 11, 7, 2, 28, 30, 39, 28, 10, 34, 27, 2, 20, 39, 28, 5, 22, 8, 39, 20, 16, 31, 2, 14, 27, 1, 13, 28, 39]
    PRED: [27, 1, 7, 39, 26, 0, 27, 7, 2, 37, 39, 28, 10, 34, 2, 20, 39, 19, 1, 22, 8, 39, 20, 10, 2, 30, 16, 13, 39]
    Edit distance: 14/33
  Sample 2:
    TRUE: [28, 24, 39, 27, 33, 20, 37, 39, 35, 17, 39, 21, 12, 8, 39, 16, 22, 39, 2, 22, 2, 6, 1, 29, 30, 39, 19, 2, 20, 33, 38, 2, 22, 39]
    PRED: [9, 2, 39, 27, 17, 20, 37, 39, 35, 17, 39, 21, 12, 8, 39, 16, 22, 39, 2, 22, 2, 34, 2, 28, 39, 19, 2, 20, 33, 38, 2, 22, 39]
    Edit distance: 7/34
  Sample 3:
    TRUE: [20, 3, 27, 17, 37, 39, 19, 0, 28, 30, 33, 21, 39, 22, 17, 8, 2, 8, 39, 6, 20, 1, 19, 39, 14, 20, 2, 34, 37, 39, 30, 33, 39, 6, 17, 39, 19, 2, 21, 26, 20, 17, 30, 20, 17, 39, 10, 20, 2, 14, 2, 22, 30, 39]
    PRED: [30, 35, 25, 17, 37, 39, 19, 0, 28, 30, 33, 21, 39, 22, 17, 8, 39, 6, 20, 12, 19, 39, 20, 16, 34, 37, 39, 29, 32, 39, 6, 17, 39, 19, 2, 21, 26, 36, 2, 20, 17, 39, 10, 20, 2, 22, 8, 39]
    Edit distance: 16/54
  Sample 4:
    TRUE: [9, 2, 39, 30, 33, 31, 39, 13, 10, 27, 17, 39, 13, 11, 14, 0, 30, 39, 30, 33, 39, 19, 2, 21, 39, 35, 10, 22, 39, 27, 0, 18, 11, 37, 39, 30, 33, 31, 39, 13, 10, 20, 39, 4, 30, 39]
    PRED: [9, 2, 39, 27, 33, 31, 39, 34, 1, 27, 36, 17, 39, 26, 27, 17, 0, 30, 39, 30, 33, 39, 19, 2, 21, 39, 27, 10, 22, 8, 39, 27, 35, 11, 8, 11, 37, 39, 31, 33, 31, 39, 13, 3, 20, 39, 4, 30, 39]
    Edit distance: 14/46

============================================================
Batch 80000 | Val PER: 0.1806
============================================================
  Sample 0:
    TRUE: [31, 17, 0, 19, 27, 2, 28, 17, 39, 27, 17, 19, 2, 22, 28, 16, 8, 11, 8, 39]
    PRED: [27, 0, 19, 2, 28, 39, 27, 2, 14, 0, 22, 30, 16, 8, 39]
    Edit distance: 10/20
  Sample 1:
    TRUE: [27, 16, 7, 39, 26, 11, 7, 2, 28, 30, 39, 28, 10, 34, 27, 2, 20, 39, 28, 5, 22, 8, 39, 20, 16, 31, 2, 14, 27, 1, 13, 28, 39]
    PRED: [27, 1, 19, 39, 26, 0, 7, 2, 37, 39, 28, 10, 34, 2, 20, 39, 19, 1, 22, 8, 39, 20, 10, 2, 16, 13, 39]
    Edit distance: 14/33
  Sample 2:
    TRUE: [28, 24, 39, 27, 33, 20, 37, 39, 35, 17, 39, 21, 12, 8, 39, 16, 22, 39, 2, 22, 2, 6, 1, 29, 30, 39, 19, 2, 20, 33, 38, 2, 22, 39]
    PRED: [9, 2, 39, 27, 17, 20, 37, 39, 35, 17, 39, 21, 12, 8, 39, 16, 22, 39, 2, 22, 2, 11, 34, 21, 2, 28, 39, 19, 2, 20, 33, 38, 2, 22, 39]
    Edit distance: 8/34
  Sample 3:
    TRUE: [20, 3, 27, 17, 37, 39, 19, 0, 28, 30, 33, 21, 39, 22, 17, 8, 2, 8, 39, 6, 20, 1, 19, 39, 14, 20, 2, 34, 37, 39, 30, 33, 39, 6, 17, 39, 19, 2, 21, 26, 20, 17, 30, 20, 17, 39, 10, 20, 2, 14, 2, 22, 30, 39]
    PRED: [30, 35, 25, 17, 39, 19, 0, 28, 30, 33, 21, 39, 22, 17, 8, 39, 6, 27, 1, 19, 39, 20, 16, 34, 37, 39, 29, 32, 39, 6, 17, 39, 19, 2, 21, 26, 36, 17, 20, 11, 39, 10, 20, 2, 22, 39]
    Edit distance: 17/54
  Sample 4:
    TRUE: [9, 2, 39, 30, 33, 31, 39, 13, 10, 27, 17, 39, 13, 11, 14, 0, 30, 39, 30, 33, 39, 19, 2, 21, 39, 35, 10, 22, 39, 27, 0, 18, 11, 37, 39, 30, 33, 31, 39, 13, 10, 20, 39, 4, 30, 39]
    PRED: [9, 2, 39, 27, 33, 31, 39, 34, 1, 27, 36, 17, 12, 39, 13, 27, 17, 0, 30, 39, 30, 33, 39, 19, 2, 21, 39, 27, 10, 22, 8, 39, 27, 11, 8, 11, 37, 39, 31, 33, 31, 39, 13, 1, 20, 39, 4, 30, 39]
    Edit distance: 13/46

============================================================
Batch 80500 | Val PER: 0.1802
============================================================
  Sample 0:
    TRUE: [31, 17, 0, 19, 27, 2, 28, 17, 39, 27, 17, 19, 2, 22, 28, 16, 8, 11, 8, 39]
    PRED: [19, 27, 0, 19, 2, 28, 39, 27, 2, 14, 27, 0, 22, 12, 30, 2, 8, 39]
    Edit distance: 12/20
  Sample 1:
    TRUE: [27, 16, 7, 39, 26, 11, 7, 2, 28, 30, 39, 28, 10, 34, 27, 2, 20, 39, 28, 5, 22, 8, 39, 20, 16, 31, 2, 14, 27, 1, 13, 28, 39]
    PRED: [27, 1, 7, 39, 26, 0, 7, 2, 37, 39, 28, 10, 34, 2, 20, 39, 19, 1, 22, 8, 39, 20, 10, 2, 5, 13, 39]
    Edit distance: 13/33
  Sample 2:
    TRUE: [28, 24, 39, 27, 33, 20, 37, 39, 35, 17, 39, 21, 12, 8, 39, 16, 22, 39, 2, 22, 2, 6, 1, 29, 30, 39, 19, 2, 20, 33, 38, 2, 22, 39]
    PRED: [9, 2, 39, 27, 17, 20, 37, 39, 35, 17, 39, 21, 12, 8, 39, 16, 22, 39, 2, 22, 2, 34, 2, 28, 39, 19, 2, 20, 33, 38, 2, 22, 39]
    Edit distance: 7/34
  Sample 3:
    TRUE: [20, 3, 27, 17, 37, 39, 19, 0, 28, 30, 33, 21, 39, 22, 17, 8, 2, 8, 39, 6, 20, 1, 19, 39, 14, 20, 2, 34, 37, 39, 30, 33, 39, 6, 17, 39, 19, 2, 21, 26, 20, 17, 30, 20, 17, 39, 10, 20, 2, 14, 2, 22, 30, 39]
    PRED: [30, 35, 25, 11, 37, 39, 19, 0, 28, 30, 33, 21, 39, 22, 17, 8, 39, 6, 20, 1, 19, 39, 20, 16, 34, 37, 39, 29, 32, 8, 39, 6, 17, 39, 19, 0, 21, 26, 36, 17, 20, 17, 39, 10, 20, 2, 22, 8, 39]
    Edit distance: 17/54
  Sample 4:
    TRUE: [9, 2, 39, 30, 33, 31, 39, 13, 10, 27, 17, 39, 13, 11, 14, 0, 30, 39, 30, 33, 39, 19, 2, 21, 39, 35, 10, 22, 39, 27, 0, 18, 11, 37, 39, 30, 33, 31, 39, 13, 10, 20, 39, 4, 30, 39]
    PRED: [9, 2, 39, 27, 33, 31, 39, 34, 1, 27, 36, 17, 12, 39, 13, 27, 17, 14, 0, 30, 39, 30, 33, 39, 19, 2, 21, 39, 27, 10, 22, 8, 39, 27, 11, 8, 11, 37, 39, 31, 11, 31, 39, 13, 1, 20, 39, 4, 30, 39]
    Edit distance: 14/46

============================================================
Batch 81000 | Val PER: 0.1796
============================================================
  Sample 0:
    TRUE: [31, 17, 0, 19, 27, 2, 28, 17, 39, 27, 17, 19, 2, 22, 28, 16, 8, 11, 8, 39]
    PRED: [27, 1, 0, 19, 2, 28, 39, 27, 2, 14, 0, 27, 22, 12, 30, 2, 8, 39]
    Edit distance: 12/20
  Sample 1:
    TRUE: [27, 16, 7, 39, 26, 11, 7, 2, 28, 30, 39, 28, 10, 34, 27, 2, 20, 39, 28, 5, 22, 8, 39, 20, 16, 31, 2, 14, 27, 1, 13, 28, 39]
    PRED: [27, 1, 7, 39, 26, 0, 7, 2, 37, 39, 28, 10, 34, 2, 20, 39, 19, 4, 22, 8, 39, 20, 10, 2, 5, 13, 39]
    Edit distance: 13/33
  Sample 2:
    TRUE: [28, 24, 39, 27, 33, 20, 37, 39, 35, 17, 39, 21, 12, 8, 39, 16, 22, 39, 2, 22, 2, 6, 1, 29, 30, 39, 19, 2, 20, 33, 38, 2, 22, 39]
    PRED: [9, 2, 39, 27, 17, 20, 37, 39, 35, 17, 39, 21, 12, 8, 39, 16, 22, 39, 2, 22, 2, 11, 34, 2, 28, 39, 19, 2, 20, 33, 38, 2, 22, 39]
    Edit distance: 7/34
  Sample 3:
    TRUE: [20, 3, 27, 17, 37, 39, 19, 0, 28, 30, 33, 21, 39, 22, 17, 8, 2, 8, 39, 6, 20, 1, 19, 39, 14, 20, 2, 34, 37, 39, 30, 33, 39, 6, 17, 39, 19, 2, 21, 26, 20, 17, 30, 20, 17, 39, 10, 20, 2, 14, 2, 22, 30, 39]
    PRED: [30, 27, 25, 17, 37, 39, 19, 0, 28, 30, 33, 21, 39, 22, 17, 8, 39, 6, 27, 1, 19, 39, 20, 16, 34, 37, 39, 29, 32, 8, 39, 6, 17, 39, 19, 2, 21, 26, 36, 17, 20, 17, 39, 10, 20, 2, 22, 8, 39]
    Edit distance: 16/54
  Sample 4:
    TRUE: [9, 2, 39, 30, 33, 31, 39, 13, 10, 27, 17, 39, 13, 11, 14, 0, 30, 39, 30, 33, 39, 19, 2, 21, 39, 35, 10, 22, 39, 27, 0, 18, 11, 37, 39, 30, 33, 31, 39, 13, 10, 20, 39, 4, 30, 39]
    PRED: [9, 2, 39, 27, 33, 31, 39, 34, 1, 27, 36, 17, 39, 27, 17, 0, 30, 39, 30, 33, 39, 19, 2, 21, 39, 27, 10, 22, 8, 39, 27, 11, 8, 11, 37, 39, 31, 33, 31, 39, 13, 1, 27, 20, 39, 4, 30, 39]
    Edit distance: 14/46

============================================================
Batch 81500 | Val PER: 0.1789
============================================================
  Sample 0:
    TRUE: [31, 17, 0, 19, 27, 2, 28, 17, 39, 27, 17, 19, 2, 22, 28, 16, 8, 11, 8, 39]
    PRED: [27, 0, 19, 11, 28, 39, 27, 2, 14, 0, 27, 22, 12, 30, 2, 8, 39]
    Edit distance: 13/20
  Sample 1:
    TRUE: [27, 16, 7, 39, 26, 11, 7, 2, 28, 30, 39, 28, 10, 34, 27, 2, 20, 39, 28, 5, 22, 8, 39, 20, 16, 31, 2, 14, 27, 1, 13, 28, 39]
    PRED: [27, 1, 7, 39, 26, 0, 27, 7, 2, 37, 39, 28, 10, 34, 2, 20, 39, 19, 1, 22, 8, 39, 20, 10, 3, 5, 13, 39]
    Edit distance: 15/33
  Sample 2:
    TRUE: [28, 24, 39, 27, 33, 20, 37, 39, 35, 17, 39, 21, 12, 8, 39, 16, 22, 39, 2, 22, 2, 6, 1, 29, 30, 39, 19, 2, 20, 33, 38, 2, 22, 39]
    PRED: [9, 2, 39, 27, 17, 20, 37, 39, 35, 17, 39, 21, 12, 8, 39, 16, 22, 39, 2, 22, 2, 11, 34, 21, 2, 28, 39, 19, 2, 20, 33, 38, 2, 22, 39]
    Edit distance: 8/34
  Sample 3:
    TRUE: [20, 3, 27, 17, 37, 39, 19, 0, 28, 30, 33, 21, 39, 22, 17, 8, 2, 8, 39, 6, 20, 1, 19, 39, 14, 20, 2, 34, 37, 39, 30, 33, 39, 6, 17, 39, 19, 2, 21, 26, 20, 17, 30, 20, 17, 39, 10, 20, 2, 14, 2, 22, 30, 39]
    PRED: [30, 35, 25, 17, 37, 39, 19, 0, 28, 29, 30, 33, 21, 39, 22, 17, 8, 39, 6, 21, 1, 19, 39, 20, 16, 34, 37, 39, 29, 32, 8, 39, 6, 17, 39, 19, 2, 21, 26, 36, 17, 30, 20, 17, 39, 10, 20, 2, 22, 39]
    Edit distance: 16/54
  Sample 4:
    TRUE: [9, 2, 39, 30, 33, 31, 39, 13, 10, 27, 17, 39, 13, 11, 14, 0, 30, 39, 30, 33, 39, 19, 2, 21, 39, 35, 10, 22, 39, 27, 0, 18, 11, 37, 39, 30, 33, 31, 39, 13, 10, 20, 39, 4, 30, 39]
    PRED: [9, 2, 39, 27, 33, 31, 39, 34, 1, 27, 36, 17, 39, 13, 27, 17, 14, 0, 30, 39, 30, 33, 39, 19, 2, 21, 39, 27, 10, 22, 8, 39, 27, 11, 27, 8, 11, 37, 39, 22, 33, 31, 39, 13, 1, 27, 20, 39, 4, 30, 39]
    Edit distance: 14/46

============================================================
Batch 82000 | Val PER: 0.1796
============================================================
  Sample 0:
    TRUE: [31, 17, 0, 19, 27, 2, 28, 17, 39, 27, 17, 19, 2, 22, 28, 16, 8, 11, 8, 39]
    PRED: [27, 1, 0, 19, 11, 2, 28, 30, 39, 27, 2, 14, 27, 0, 27, 12, 30, 2, 8, 39]
    Edit distance: 12/20
  Sample 1:
    TRUE: [27, 16, 7, 39, 26, 11, 7, 2, 28, 30, 39, 28, 10, 34, 27, 2, 20, 39, 28, 5, 22, 8, 39, 20, 16, 31, 2, 14, 27, 1, 13, 28, 39]
    PRED: [27, 1, 7, 39, 26, 0, 7, 2, 37, 39, 28, 10, 34, 2, 20, 39, 19, 4, 22, 8, 39, 20, 10, 35, 2, 5, 13, 39]
    Edit distance: 13/33
  Sample 2:
    TRUE: [28, 24, 39, 27, 33, 20, 37, 39, 35, 17, 39, 21, 12, 8, 39, 16, 22, 39, 2, 22, 2, 6, 1, 29, 30, 39, 19, 2, 20, 33, 38, 2, 22, 39]
    PRED: [9, 2, 39, 27, 17, 20, 37, 39, 35, 17, 39, 21, 12, 8, 39, 16, 22, 39, 2, 22, 2, 11, 34, 2, 28, 39, 19, 2, 20, 33, 38, 2, 22, 39]
    Edit distance: 7/34
  Sample 3:
    TRUE: [20, 3, 27, 17, 37, 39, 19, 0, 28, 30, 33, 21, 39, 22, 17, 8, 2, 8, 39, 6, 20, 1, 19, 39, 14, 20, 2, 34, 37, 39, 30, 33, 39, 6, 17, 39, 19, 2, 21, 26, 20, 17, 30, 20, 17, 39, 10, 20, 2, 14, 2, 22, 30, 39]
    PRED: [30, 35, 25, 17, 37, 39, 19, 0, 28, 30, 33, 21, 39, 22, 17, 8, 39, 6, 20, 1, 19, 39, 20, 16, 34, 37, 39, 29, 32, 8, 39, 6, 17, 39, 19, 2, 21, 26, 36, 17, 20, 17, 39, 10, 20, 2, 22, 39]
    Edit distance: 15/54
  Sample 4:
    TRUE: [9, 2, 39, 30, 33, 31, 39, 13, 10, 27, 17, 39, 13, 11, 14, 0, 30, 39, 30, 33, 39, 19, 2, 21, 39, 35, 10, 22, 39, 27, 0, 18, 11, 37, 39, 30, 33, 31, 39, 13, 10, 20, 39, 4, 30, 39]
    PRED: [9, 2, 39, 27, 33, 31, 39, 34, 1, 27, 17, 39, 13, 27, 17, 14, 0, 30, 39, 30, 33, 39, 19, 2, 21, 39, 27, 10, 22, 8, 39, 27, 11, 11, 37, 39, 22, 33, 31, 39, 13, 1, 20, 39, 4, 30, 39]
    Edit distance: 11/46

============================================================
Batch 82500 | Val PER: 0.1792
============================================================
  Sample 0:
    TRUE: [31, 17, 0, 19, 27, 2, 28, 17, 39, 27, 17, 19, 2, 22, 28, 16, 8, 11, 8, 39]
    PRED: [27, 0, 19, 2, 28, 39, 27, 2, 14, 0, 27, 12, 30, 2, 8, 39]
    Edit distance: 12/20
  Sample 1:
    TRUE: [27, 16, 7, 39, 26, 11, 7, 2, 28, 30, 39, 28, 10, 34, 27, 2, 20, 39, 28, 5, 22, 8, 39, 20, 16, 31, 2, 14, 27, 1, 13, 28, 39]
    PRED: [27, 1, 7, 39, 26, 0, 7, 2, 30, 37, 39, 28, 10, 34, 2, 20, 39, 19, 1, 22, 8, 39, 20, 10, 2, 5, 13, 39]
    Edit distance: 13/33
  Sample 2:
    TRUE: [28, 24, 39, 27, 33, 20, 37, 39, 35, 17, 39, 21, 12, 8, 39, 16, 22, 39, 2, 22, 2, 6, 1, 29, 30, 39, 19, 2, 20, 33, 38, 2, 22, 39]
    PRED: [9, 2, 39, 27, 17, 20, 37, 39, 35, 17, 39, 21, 12, 8, 39, 16, 22, 39, 2, 22, 2, 11, 34, 2, 28, 39, 19, 2, 20, 33, 38, 2, 22, 39]
    Edit distance: 7/34
  Sample 3:
    TRUE: [20, 3, 27, 17, 37, 39, 19, 0, 28, 30, 33, 21, 39, 22, 17, 8, 2, 8, 39, 6, 20, 1, 19, 39, 14, 20, 2, 34, 37, 39, 30, 33, 39, 6, 17, 39, 19, 2, 21, 26, 20, 17, 30, 20, 17, 39, 10, 20, 2, 14, 2, 22, 30, 39]
    PRED: [30, 35, 25, 17, 39, 19, 0, 28, 30, 27, 33, 21, 39, 22, 17, 8, 39, 6, 20, 1, 19, 39, 20, 16, 34, 37, 39, 29, 32, 8, 39, 6, 17, 39, 19, 2, 21, 26, 36, 17, 30, 20, 17, 11, 39, 10, 20, 2, 22, 39]
    Edit distance: 17/54
  Sample 4:
    TRUE: [9, 2, 39, 30, 33, 31, 39, 13, 10, 27, 17, 39, 13, 11, 14, 0, 30, 39, 30, 33, 39, 19, 2, 21, 39, 35, 10, 22, 39, 27, 0, 18, 11, 37, 39, 30, 33, 31, 39, 13, 10, 20, 39, 4, 30, 39]
    PRED: [9, 2, 39, 27, 33, 31, 39, 34, 1, 27, 36, 17, 39, 13, 27, 17, 14, 0, 30, 39, 30, 33, 39, 19, 2, 21, 39, 27, 10, 22, 8, 39, 11, 8, 11, 37, 39, 31, 33, 31, 39, 13, 1, 20, 39, 4, 30, 39]
    Edit distance: 13/46

============================================================
Batch 83000 | Val PER: 0.1774
============================================================
  Sample 0:
    TRUE: [31, 17, 0, 19, 27, 2, 28, 17, 39, 27, 17, 19, 2, 22, 28, 16, 8, 11, 8, 39]
    PRED: [27, 0, 19, 2, 28, 39, 27, 2, 14, 27, 0, 27, 30, 2, 8, 39]
    Edit distance: 12/20
  Sample 1:
    TRUE: [27, 16, 7, 39, 26, 11, 7, 2, 28, 30, 39, 28, 10, 34, 27, 2, 20, 39, 28, 5, 22, 8, 39, 20, 16, 31, 2, 14, 27, 1, 13, 28, 39]
    PRED: [27, 1, 7, 39, 26, 2, 7, 2, 37, 39, 28, 10, 34, 2, 20, 39, 19, 1, 22, 8, 39, 20, 10, 2, 5, 13, 39]
    Edit distance: 13/33
  Sample 2:
    TRUE: [28, 24, 39, 27, 33, 20, 37, 39, 35, 17, 39, 21, 12, 8, 39, 16, 22, 39, 2, 22, 2, 6, 1, 29, 30, 39, 19, 2, 20, 33, 38, 2, 22, 39]
    PRED: [9, 2, 39, 27, 33, 20, 37, 39, 35, 17, 39, 21, 12, 8, 39, 16, 22, 39, 2, 22, 2, 11, 34, 2, 28, 39, 19, 2, 20, 33, 38, 2, 22, 39]
    Edit distance: 6/34
  Sample 3:
    TRUE: [20, 3, 27, 17, 37, 39, 19, 0, 28, 30, 33, 21, 39, 22, 17, 8, 2, 8, 39, 6, 20, 1, 19, 39, 14, 20, 2, 34, 37, 39, 30, 33, 39, 6, 17, 39, 19, 2, 21, 26, 20, 17, 30, 20, 17, 39, 10, 20, 2, 14, 2, 22, 30, 39]
    PRED: [30, 35, 25, 17, 39, 19, 0, 28, 30, 27, 33, 21, 39, 22, 17, 8, 39, 6, 20, 1, 19, 39, 20, 16, 34, 37, 39, 29, 32, 8, 39, 6, 17, 39, 19, 2, 21, 26, 36, 17, 20, 17, 39, 10, 20, 2, 22, 39]
    Edit distance: 17/54
  Sample 4:
    TRUE: [9, 2, 39, 30, 33, 31, 39, 13, 10, 27, 17, 39, 13, 11, 14, 0, 30, 39, 30, 33, 39, 19, 2, 21, 39, 35, 10, 22, 39, 27, 0, 18, 11, 37, 39, 30, 33, 31, 39, 13, 10, 20, 39, 4, 30, 39]
    PRED: [9, 2, 39, 27, 33, 31, 39, 34, 1, 27, 36, 17, 39, 13, 27, 11, 14, 0, 30, 39, 30, 33, 39, 19, 2, 21, 39, 27, 10, 22, 8, 39, 27, 0, 8, 11, 37, 39, 31, 33, 31, 39, 13, 1, 20, 39, 4, 30, 39]
    Edit distance: 10/46

============================================================
Batch 83500 | Val PER: 0.1790
============================================================
  Sample 0:
    TRUE: [31, 17, 0, 19, 27, 2, 28, 17, 39, 27, 17, 19, 2, 22, 28, 16, 8, 11, 8, 39]
    PRED: [27, 0, 19, 2, 28, 39, 27, 2, 14, 27, 0, 12, 30, 2, 8, 39]
    Edit distance: 12/20
  Sample 1:
    TRUE: [27, 16, 7, 39, 26, 11, 7, 2, 28, 30, 39, 28, 10, 34, 27, 2, 20, 39, 28, 5, 22, 8, 39, 20, 16, 31, 2, 14, 27, 1, 13, 28, 39]
    PRED: [27, 1, 19, 39, 26, 0, 7, 2, 37, 39, 28, 10, 34, 2, 20, 39, 19, 1, 22, 8, 39, 20, 10, 35, 3, 2, 2, 13, 39]
    Edit distance: 15/33
  Sample 2:
    TRUE: [28, 24, 39, 27, 33, 20, 37, 39, 35, 17, 39, 21, 12, 8, 39, 16, 22, 39, 2, 22, 2, 6, 1, 29, 30, 39, 19, 2, 20, 33, 38, 2, 22, 39]
    PRED: [9, 2, 39, 27, 17, 20, 37, 39, 35, 17, 39, 21, 12, 8, 39, 16, 22, 39, 2, 22, 8, 2, 11, 34, 2, 28, 39, 19, 2, 20, 33, 38, 2, 22, 39]
    Edit distance: 8/34
  Sample 3:
    TRUE: [20, 3, 27, 17, 37, 39, 19, 0, 28, 30, 33, 21, 39, 22, 17, 8, 2, 8, 39, 6, 20, 1, 19, 39, 14, 20, 2, 34, 37, 39, 30, 33, 39, 6, 17, 39, 19, 2, 21, 26, 20, 17, 30, 20, 17, 39, 10, 20, 2, 14, 2, 22, 30, 39]
    PRED: [35, 17, 25, 17, 39, 19, 0, 28, 30, 27, 33, 21, 39, 22, 17, 8, 39, 6, 20, 1, 19, 39, 20, 16, 34, 37, 39, 29, 32, 8, 39, 6, 17, 39, 19, 2, 21, 26, 36, 17, 30, 20, 17, 39, 10, 20, 2, 22, 39]
    Edit distance: 16/54
  Sample 4:
    TRUE: [9, 2, 39, 30, 33, 31, 39, 13, 10, 27, 17, 39, 13, 11, 14, 0, 30, 39, 30, 33, 39, 19, 2, 21, 39, 35, 10, 22, 39, 27, 0, 18, 11, 37, 39, 30, 33, 31, 39, 13, 10, 20, 39, 4, 30, 39]
    PRED: [9, 2, 39, 27, 33, 31, 39, 34, 1, 27, 36, 17, 39, 13, 27, 17, 14, 0, 30, 39, 30, 33, 39, 19, 2, 21, 39, 27, 10, 22, 8, 39, 27, 10, 8, 11, 37, 39, 31, 33, 31, 39, 13, 1, 20, 39, 4, 30, 39]
    Edit distance: 12/46

============================================================
Batch 84000 | Val PER: 0.1775
============================================================
  Sample 0:
    TRUE: [31, 17, 0, 19, 27, 2, 28, 17, 39, 27, 17, 19, 2, 22, 28, 16, 8, 11, 8, 39]
    PRED: [19, 27, 0, 19, 2, 28, 39, 27, 2, 14, 27, 0, 27, 8, 12, 30, 2, 8, 39]
    Edit distance: 13/20
  Sample 1:
    TRUE: [27, 16, 7, 39, 26, 11, 7, 2, 28, 30, 39, 28, 10, 34, 27, 2, 20, 39, 28, 5, 22, 8, 39, 20, 16, 31, 2, 14, 27, 1, 13, 28, 39]
    PRED: [27, 1, 7, 39, 26, 0, 27, 7, 2, 30, 37, 39, 28, 10, 34, 2, 20, 39, 19, 1, 22, 8, 39, 20, 10, 35, 2, 2, 13, 39]
    Edit distance: 14/33
  Sample 2:
    TRUE: [28, 24, 39, 27, 33, 20, 37, 39, 35, 17, 39, 21, 12, 8, 39, 16, 22, 39, 2, 22, 2, 6, 1, 29, 30, 39, 19, 2, 20, 33, 38, 2, 22, 39]
    PRED: [9, 2, 39, 27, 17, 20, 37, 39, 35, 17, 39, 21, 12, 8, 39, 16, 22, 39, 2, 22, 2, 34, 2, 28, 39, 19, 2, 20, 33, 38, 2, 22, 39]
    Edit distance: 7/34
  Sample 3:
    TRUE: [20, 3, 27, 17, 37, 39, 19, 0, 28, 30, 33, 21, 39, 22, 17, 8, 2, 8, 39, 6, 20, 1, 19, 39, 14, 20, 2, 34, 37, 39, 30, 33, 39, 6, 17, 39, 19, 2, 21, 26, 20, 17, 30, 20, 17, 39, 10, 20, 2, 14, 2, 22, 30, 39]
    PRED: [30, 35, 17, 17, 37, 39, 19, 0, 28, 30, 27, 33, 21, 39, 22, 17, 8, 39, 6, 20, 12, 19, 39, 20, 16, 34, 37, 39, 29, 33, 8, 39, 6, 17, 39, 19, 0, 21, 26, 36, 2, 30, 20, 17, 39, 10, 20, 2, 22, 39]
    Edit distance: 17/54
  Sample 4:
    TRUE: [9, 2, 39, 30, 33, 31, 39, 13, 10, 27, 17, 39, 13, 11, 14, 0, 30, 39, 30, 33, 39, 19, 2, 21, 39, 35, 10, 22, 39, 27, 0, 18, 11, 37, 39, 30, 33, 31, 39, 13, 10, 20, 39, 4, 30, 39]
    PRED: [9, 2, 39, 27, 33, 31, 39, 34, 1, 27, 17, 39, 27, 17, 14, 0, 30, 39, 30, 33, 39, 19, 2, 21, 39, 27, 10, 22, 8, 39, 27, 0, 27, 8, 11, 37, 39, 31, 33, 31, 39, 13, 3, 20, 39, 4, 30, 39]
    Edit distance: 11/46

============================================================
Batch 84500 | Val PER: 0.1775
============================================================
  Sample 0:
    TRUE: [31, 17, 0, 19, 27, 2, 28, 17, 39, 27, 17, 19, 2, 22, 28, 16, 8, 11, 8, 39]
    PRED: [27, 0, 19, 2, 28, 39, 27, 2, 14, 27, 0, 27, 22, 30, 2, 8, 39]
    Edit distance: 12/20
  Sample 1:
    TRUE: [27, 16, 7, 39, 26, 11, 7, 2, 28, 30, 39, 28, 10, 34, 27, 2, 20, 39, 28, 5, 22, 8, 39, 20, 16, 31, 2, 14, 27, 1, 13, 28, 39]
    PRED: [35, 1, 7, 39, 26, 0, 7, 2, 30, 37, 39, 28, 10, 34, 2, 20, 39, 19, 1, 22, 8, 39, 20, 10, 35, 2, 2, 13, 39]
    Edit distance: 14/33
  Sample 2:
    TRUE: [28, 24, 39, 27, 33, 20, 37, 39, 35, 17, 39, 21, 12, 8, 39, 16, 22, 39, 2, 22, 2, 6, 1, 29, 30, 39, 19, 2, 20, 33, 38, 2, 22, 39]
    PRED: [9, 2, 39, 27, 17, 20, 37, 39, 35, 17, 39, 21, 12, 8, 39, 16, 22, 39, 2, 22, 2, 34, 2, 28, 39, 19, 2, 20, 33, 38, 2, 22, 39]
    Edit distance: 7/34
  Sample 3:
    TRUE: [20, 3, 27, 17, 37, 39, 19, 0, 28, 30, 33, 21, 39, 22, 17, 8, 2, 8, 39, 6, 20, 1, 19, 39, 14, 20, 2, 34, 37, 39, 30, 33, 39, 6, 17, 39, 19, 2, 21, 26, 20, 17, 30, 20, 17, 39, 10, 20, 2, 14, 2, 22, 30, 39]
    PRED: [30, 35, 17, 25, 11, 37, 39, 19, 0, 28, 30, 27, 33, 21, 39, 22, 17, 8, 39, 6, 20, 12, 19, 39, 20, 16, 34, 37, 39, 29, 32, 8, 39, 6, 17, 39, 19, 2, 21, 26, 36, 17, 30, 20, 17, 39, 10, 20, 2, 22, 39]
    Edit distance: 18/54
  Sample 4:
    TRUE: [9, 2, 39, 30, 33, 31, 39, 13, 10, 27, 17, 39, 13, 11, 14, 0, 30, 39, 30, 33, 39, 19, 2, 21, 39, 35, 10, 22, 39, 27, 0, 18, 11, 37, 39, 30, 33, 31, 39, 13, 10, 20, 39, 4, 30, 39]
    PRED: [9, 2, 39, 27, 33, 31, 39, 34, 1, 27, 36, 17, 39, 26, 27, 17, 14, 0, 30, 39, 30, 33, 39, 19, 2, 21, 39, 27, 10, 22, 8, 39, 27, 11, 8, 11, 37, 39, 31, 33, 31, 39, 13, 3, 20, 39, 4, 30, 39]
    Edit distance: 13/46

============================================================
Batch 85000 | Val PER: 0.1777
============================================================
  Sample 0:
    TRUE: [31, 17, 0, 19, 27, 2, 28, 17, 39, 27, 17, 19, 2, 22, 28, 16, 8, 11, 8, 39]
    PRED: [19, 27, 0, 19, 2, 28, 30, 28, 39, 27, 2, 14, 27, 0, 27, 12, 30, 2, 8, 39]
    Edit distance: 13/20
  Sample 1:
    TRUE: [27, 16, 7, 39, 26, 11, 7, 2, 28, 30, 39, 28, 10, 34, 27, 2, 20, 39, 28, 5, 22, 8, 39, 20, 16, 31, 2, 14, 27, 1, 13, 28, 39]
    PRED: [27, 1, 19, 39, 26, 0, 7, 2, 22, 37, 39, 28, 10, 34, 2, 20, 39, 19, 4, 22, 8, 39, 20, 10, 2, 13, 39]
    Edit distance: 14/33
  Sample 2:
    TRUE: [28, 24, 39, 27, 33, 20, 37, 39, 35, 17, 39, 21, 12, 8, 39, 16, 22, 39, 2, 22, 2, 6, 1, 29, 30, 39, 19, 2, 20, 33, 38, 2, 22, 39]
    PRED: [9, 2, 39, 27, 33, 20, 37, 39, 35, 17, 39, 21, 12, 8, 39, 16, 22, 39, 2, 22, 2, 34, 2, 28, 39, 19, 2, 20, 33, 38, 2, 22, 39]
    Edit distance: 6/34
  Sample 3:
    TRUE: [20, 3, 27, 17, 37, 39, 19, 0, 28, 30, 33, 21, 39, 22, 17, 8, 2, 8, 39, 6, 20, 1, 19, 39, 14, 20, 2, 34, 37, 39, 30, 33, 39, 6, 17, 39, 19, 2, 21, 26, 20, 17, 30, 20, 17, 39, 10, 20, 2, 14, 2, 22, 30, 39]
    PRED: [30, 35, 25, 16, 11, 37, 39, 19, 0, 28, 30, 33, 21, 39, 22, 17, 8, 39, 6, 20, 12, 19, 39, 20, 16, 34, 37, 39, 29, 33, 8, 39, 6, 17, 39, 19, 2, 21, 26, 36, 20, 17, 30, 20, 17, 39, 10, 20, 2, 22, 8, 39]
    Edit distance: 16/54
  Sample 4:
    TRUE: [9, 2, 39, 30, 33, 31, 39, 13, 10, 27, 17, 39, 13, 11, 14, 0, 30, 39, 30, 33, 39, 19, 2, 21, 39, 35, 10, 22, 39, 27, 0, 18, 11, 37, 39, 30, 33, 31, 39, 13, 10, 20, 39, 4, 30, 39]
    PRED: [9, 2, 39, 27, 33, 31, 39, 34, 1, 27, 36, 17, 39, 13, 27, 17, 14, 0, 30, 39, 30, 33, 39, 19, 2, 21, 39, 27, 10, 22, 8, 39, 27, 10, 8, 11, 37, 39, 31, 33, 31, 39, 13, 3, 20, 39, 4, 30, 39]
    Edit distance: 12/46

============================================================
Batch 85500 | Val PER: 0.1776
============================================================
  Sample 0:
    TRUE: [31, 17, 0, 19, 27, 2, 28, 17, 39, 27, 17, 19, 2, 22, 28, 16, 8, 11, 8, 39]
    PRED: [19, 27, 0, 19, 2, 28, 39, 27, 2, 14, 27, 0, 27, 22, 30, 2, 8, 39]
    Edit distance: 12/20
  Sample 1:
    TRUE: [27, 16, 7, 39, 26, 11, 7, 2, 28, 30, 39, 28, 10, 34, 27, 2, 20, 39, 28, 5, 22, 8, 39, 20, 16, 31, 2, 14, 27, 1, 13, 28, 39]
    PRED: [27, 1, 19, 39, 26, 0, 27, 7, 2, 30, 37, 39, 28, 10, 34, 2, 20, 39, 19, 4, 22, 8, 39, 20, 10, 27, 2, 2, 13, 39]
    Edit distance: 15/33
  Sample 2:
    TRUE: [28, 24, 39, 27, 33, 20, 37, 39, 35, 17, 39, 21, 12, 8, 39, 16, 22, 39, 2, 22, 2, 6, 1, 29, 30, 39, 19, 2, 20, 33, 38, 2, 22, 39]
    PRED: [9, 2, 39, 27, 33, 20, 37, 39, 35, 17, 39, 21, 12, 8, 39, 16, 22, 39, 2, 22, 2, 34, 2, 28, 39, 19, 2, 20, 33, 38, 2, 22, 39]
    Edit distance: 6/34
  Sample 3:
    TRUE: [20, 3, 27, 17, 37, 39, 19, 0, 28, 30, 33, 21, 39, 22, 17, 8, 2, 8, 39, 6, 20, 1, 19, 39, 14, 20, 2, 34, 37, 39, 30, 33, 39, 6, 17, 39, 19, 2, 21, 26, 20, 17, 30, 20, 17, 39, 10, 20, 2, 14, 2, 22, 30, 39]
    PRED: [30, 35, 25, 17, 37, 39, 19, 0, 28, 30, 33, 21, 39, 22, 17, 8, 39, 6, 20, 12, 19, 39, 20, 16, 34, 37, 39, 29, 32, 8, 39, 6, 17, 39, 19, 2, 21, 26, 36, 17, 30, 20, 17, 39, 10, 20, 2, 22, 39]
    Edit distance: 15/54
  Sample 4:
    TRUE: [9, 2, 39, 30, 33, 31, 39, 13, 10, 27, 17, 39, 13, 11, 14, 0, 30, 39, 30, 33, 39, 19, 2, 21, 39, 35, 10, 22, 39, 27, 0, 18, 11, 37, 39, 30, 33, 31, 39, 13, 10, 20, 39, 4, 30, 39]
    PRED: [9, 2, 39, 27, 33, 31, 39, 34, 1, 27, 36, 17, 39, 13, 27, 17, 14, 0, 30, 39, 30, 33, 39, 19, 2, 21, 39, 27, 10, 22, 8, 39, 11, 27, 8, 11, 37, 39, 31, 11, 31, 39, 13, 3, 39, 4, 30, 39]
    Edit distance: 15/46

============================================================
Batch 86000 | Val PER: 0.1789
============================================================
  Sample 0:
    TRUE: [31, 17, 0, 19, 27, 2, 28, 17, 39, 27, 17, 19, 2, 22, 28, 16, 8, 11, 8, 39]
    PRED: [27, 0, 19, 2, 28, 39, 27, 2, 14, 27, 0, 27, 22, 12, 30, 2, 8, 39]
    Edit distance: 13/20
  Sample 1:
    TRUE: [27, 16, 7, 39, 26, 11, 7, 2, 28, 30, 39, 28, 10, 34, 27, 2, 20, 39, 28, 5, 22, 8, 39, 20, 16, 31, 2, 14, 27, 1, 13, 28, 39]
    PRED: [27, 1, 19, 39, 26, 0, 27, 7, 2, 22, 30, 37, 39, 28, 10, 34, 2, 20, 39, 19, 4, 22, 8, 39, 20, 10, 16, 34, 39]
    Edit distance: 17/33
  Sample 2:
    TRUE: [28, 24, 39, 27, 33, 20, 37, 39, 35, 17, 39, 21, 12, 8, 39, 16, 22, 39, 2, 22, 2, 6, 1, 29, 30, 39, 19, 2, 20, 33, 38, 2, 22, 39]
    PRED: [9, 2, 39, 27, 17, 20, 37, 39, 35, 17, 39, 21, 12, 8, 39, 16, 22, 39, 2, 22, 2, 34, 2, 28, 39, 19, 2, 20, 33, 38, 2, 22, 39]
    Edit distance: 7/34
  Sample 3:
    TRUE: [20, 3, 27, 17, 37, 39, 19, 0, 28, 30, 33, 21, 39, 22, 17, 8, 2, 8, 39, 6, 20, 1, 19, 39, 14, 20, 2, 34, 37, 39, 30, 33, 39, 6, 17, 39, 19, 2, 21, 26, 20, 17, 30, 20, 17, 39, 10, 20, 2, 14, 2, 22, 30, 39]
    PRED: [35, 25, 16, 37, 39, 19, 0, 28, 30, 27, 33, 21, 39, 22, 17, 8, 39, 6, 20, 12, 19, 39, 20, 16, 34, 37, 39, 29, 32, 8, 39, 6, 17, 39, 19, 2, 21, 26, 36, 17, 30, 20, 17, 39, 10, 20, 2, 22, 39]
    Edit distance: 17/54
  Sample 4:
    TRUE: [9, 2, 39, 30, 33, 31, 39, 13, 10, 27, 17, 39, 13, 11, 14, 0, 30, 39, 30, 33, 39, 19, 2, 21, 39, 35, 10, 22, 39, 27, 0, 18, 11, 37, 39, 30, 33, 31, 39, 13, 10, 20, 39, 4, 30, 39]
    PRED: [9, 2, 39, 27, 33, 31, 39, 34, 1, 27, 17, 39, 13, 27, 17, 14, 0, 30, 39, 30, 33, 39, 19, 2, 21, 39, 27, 10, 22, 8, 39, 27, 10, 8, 11, 37, 39, 31, 11, 31, 39, 13, 3, 20, 39, 4, 30, 39]
    Edit distance: 12/46

============================================================
Batch 86500 | Val PER: 0.1783
============================================================
  Sample 0:
    TRUE: [31, 17, 0, 19, 27, 2, 28, 17, 39, 27, 17, 19, 2, 22, 28, 16, 8, 11, 8, 39]
    PRED: [19, 27, 1, 0, 19, 2, 28, 39, 27, 16, 14, 27, 0, 27, 22, 12, 30, 2, 8, 39]
    Edit distance: 14/20
  Sample 1:
    TRUE: [27, 16, 7, 39, 26, 11, 7, 2, 28, 30, 39, 28, 10, 34, 27, 2, 20, 39, 28, 5, 22, 8, 39, 20, 16, 31, 2, 14, 27, 1, 13, 28, 39]
    PRED: [27, 1, 19, 39, 26, 0, 27, 7, 2, 30, 39, 28, 10, 34, 2, 20, 39, 19, 4, 22, 8, 39, 20, 10, 2, 5, 34, 39]
    Edit distance: 15/33
  Sample 2:
    TRUE: [28, 24, 39, 27, 33, 20, 37, 39, 35, 17, 39, 21, 12, 8, 39, 16, 22, 39, 2, 22, 2, 6, 1, 29, 30, 39, 19, 2, 20, 33, 38, 2, 22, 39]
    PRED: [9, 2, 39, 27, 17, 20, 37, 39, 35, 17, 39, 21, 12, 8, 39, 16, 22, 39, 2, 22, 2, 34, 21, 2, 28, 39, 19, 2, 20, 33, 38, 2, 22, 39]
    Edit distance: 7/34
  Sample 3:
    TRUE: [20, 3, 27, 17, 37, 39, 19, 0, 28, 30, 33, 21, 39, 22, 17, 8, 2, 8, 39, 6, 20, 1, 19, 39, 14, 20, 2, 34, 37, 39, 30, 33, 39, 6, 17, 39, 19, 2, 21, 26, 20, 17, 30, 20, 17, 39, 10, 20, 2, 14, 2, 22, 30, 39]
    PRED: [35, 25, 17, 39, 19, 0, 28, 30, 33, 21, 39, 22, 17, 8, 39, 6, 20, 12, 19, 39, 20, 16, 34, 37, 39, 29, 32, 8, 39, 6, 17, 39, 19, 2, 21, 26, 36, 2, 17, 30, 20, 17, 11, 39, 10, 20, 2, 22, 39]
    Edit distance: 18/54
  Sample 4:
    TRUE: [9, 2, 39, 30, 33, 31, 39, 13, 10, 27, 17, 39, 13, 11, 14, 0, 30, 39, 30, 33, 39, 19, 2, 21, 39, 35, 10, 22, 39, 27, 0, 18, 11, 37, 39, 30, 33, 31, 39, 13, 10, 20, 39, 4, 30, 39]
    PRED: [9, 2, 39, 27, 33, 31, 39, 34, 1, 27, 36, 17, 39, 13, 27, 17, 0, 30, 39, 30, 33, 39, 19, 2, 21, 39, 27, 10, 22, 8, 39, 27, 10, 8, 11, 37, 39, 31, 33, 31, 39, 13, 3, 20, 39, 4, 30, 39]
    Edit distance: 12/46

============================================================
Batch 87000 | Val PER: 0.1759
============================================================
  Sample 0:
    TRUE: [31, 17, 0, 19, 27, 2, 28, 17, 39, 27, 17, 19, 2, 22, 28, 16, 8, 11, 8, 39]
    PRED: [19, 27, 1, 0, 19, 2, 28, 39, 27, 2, 14, 27, 0, 27, 22, 30, 2, 8, 39]
    Edit distance: 13/20
  Sample 1:
    TRUE: [27, 16, 7, 39, 26, 11, 7, 2, 28, 30, 39, 28, 10, 34, 27, 2, 20, 39, 28, 5, 22, 8, 39, 20, 16, 31, 2, 14, 27, 1, 13, 28, 39]
    PRED: [27, 1, 19, 39, 26, 0, 7, 2, 30, 37, 39, 28, 10, 34, 2, 20, 39, 19, 4, 22, 8, 39, 20, 10, 2, 2, 34, 39]
    Edit distance: 15/33
  Sample 2:
    TRUE: [28, 24, 39, 27, 33, 20, 37, 39, 35, 17, 39, 21, 12, 8, 39, 16, 22, 39, 2, 22, 2, 6, 1, 29, 30, 39, 19, 2, 20, 33, 38, 2, 22, 39]
    PRED: [9, 2, 39, 27, 33, 20, 37, 39, 35, 17, 39, 21, 12, 8, 39, 16, 22, 39, 2, 22, 2, 34, 21, 2, 28, 39, 19, 2, 20, 33, 38, 2, 22, 39]
    Edit distance: 6/34
  Sample 3:
    TRUE: [20, 3, 27, 17, 37, 39, 19, 0, 28, 30, 33, 21, 39, 22, 17, 8, 2, 8, 39, 6, 20, 1, 19, 39, 14, 20, 2, 34, 37, 39, 30, 33, 39, 6, 17, 39, 19, 2, 21, 26, 20, 17, 30, 20, 17, 39, 10, 20, 2, 14, 2, 22, 30, 39]
    PRED: [30, 35, 25, 17, 37, 39, 19, 0, 28, 30, 33, 21, 39, 22, 17, 8, 39, 6, 20, 12, 19, 39, 20, 16, 34, 37, 39, 29, 32, 8, 39, 6, 17, 39, 19, 2, 21, 26, 36, 17, 30, 20, 17, 39, 10, 20, 2, 22, 39]
    Edit distance: 15/54
  Sample 4:
    TRUE: [9, 2, 39, 30, 33, 31, 39, 13, 10, 27, 17, 39, 13, 11, 14, 0, 30, 39, 30, 33, 39, 19, 2, 21, 39, 35, 10, 22, 39, 27, 0, 18, 11, 37, 39, 30, 33, 31, 39, 13, 10, 20, 39, 4, 30, 39]
    PRED: [9, 2, 39, 27, 33, 31, 39, 34, 1, 27, 36, 17, 12, 39, 13, 27, 17, 14, 0, 30, 39, 30, 33, 39, 19, 2, 21, 39, 27, 10, 22, 8, 39, 27, 10, 27, 8, 11, 37, 39, 31, 33, 31, 39, 13, 1, 20, 39, 4, 30, 39]
    Edit distance: 14/46

============================================================
Batch 87500 | Val PER: 0.1770
============================================================
  Sample 0:
    TRUE: [31, 17, 0, 19, 27, 2, 28, 17, 39, 27, 17, 19, 2, 22, 28, 16, 8, 11, 8, 39]
    PRED: [27, 0, 19, 2, 28, 30, 39, 27, 2, 14, 27, 3, 22, 30, 2, 8, 39]
    Edit distance: 12/20
  Sample 1:
    TRUE: [27, 16, 7, 39, 26, 11, 7, 2, 28, 30, 39, 28, 10, 34, 27, 2, 20, 39, 28, 5, 22, 8, 39, 20, 16, 31, 2, 14, 27, 1, 13, 28, 39]
    PRED: [27, 1, 19, 39, 26, 0, 7, 2, 30, 39, 28, 10, 34, 2, 20, 39, 19, 4, 22, 8, 39, 20, 10, 2, 2, 13, 39]
    Edit distance: 13/33
  Sample 2:
    TRUE: [28, 24, 39, 27, 33, 20, 37, 39, 35, 17, 39, 21, 12, 8, 39, 16, 22, 39, 2, 22, 2, 6, 1, 29, 30, 39, 19, 2, 20, 33, 38, 2, 22, 39]
    PRED: [9, 2, 39, 27, 17, 20, 37, 39, 35, 17, 39, 21, 12, 8, 39, 16, 22, 39, 16, 22, 2, 34, 2, 28, 39, 19, 2, 20, 33, 38, 2, 22, 39]
    Edit distance: 8/34
  Sample 3:
    TRUE: [20, 3, 27, 17, 37, 39, 19, 0, 28, 30, 33, 21, 39, 22, 17, 8, 2, 8, 39, 6, 20, 1, 19, 39, 14, 20, 2, 34, 37, 39, 30, 33, 39, 6, 17, 39, 19, 2, 21, 26, 20, 17, 30, 20, 17, 39, 10, 20, 2, 14, 2, 22, 30, 39]
    PRED: [35, 25, 17, 37, 39, 19, 0, 28, 30, 27, 33, 21, 39, 22, 17, 8, 39, 6, 20, 12, 19, 39, 20, 16, 34, 37, 39, 29, 32, 8, 39, 6, 17, 39, 19, 2, 21, 26, 36, 17, 30, 20, 17, 39, 10, 20, 2, 22, 39]
    Edit distance: 16/54
  Sample 4:
    TRUE: [9, 2, 39, 30, 33, 31, 39, 13, 10, 27, 17, 39, 13, 11, 14, 0, 30, 39, 30, 33, 39, 19, 2, 21, 39, 35, 10, 22, 39, 27, 0, 18, 11, 37, 39, 30, 33, 31, 39, 13, 10, 20, 39, 4, 30, 39]
    PRED: [9, 2, 39, 27, 33, 31, 39, 34, 1, 27, 36, 17, 39, 13, 27, 17, 3, 30, 39, 30, 33, 39, 19, 2, 21, 39, 27, 10, 22, 8, 39, 27, 24, 8, 11, 37, 39, 31, 11, 31, 39, 13, 3, 20, 39, 4, 30, 39]
    Edit distance: 14/46

============================================================
Batch 88000 | Val PER: 0.1783
============================================================
  Sample 0:
    TRUE: [31, 17, 0, 19, 27, 2, 28, 17, 39, 27, 17, 19, 2, 22, 28, 16, 8, 11, 8, 39]
    PRED: [19, 27, 0, 0, 19, 2, 28, 39, 27, 2, 14, 27, 3, 27, 30, 2, 8, 39]
    Edit distance: 13/20
  Sample 1:
    TRUE: [27, 16, 7, 39, 26, 11, 7, 2, 28, 30, 39, 28, 10, 34, 27, 2, 20, 39, 28, 5, 22, 8, 39, 20, 16, 31, 2, 14, 27, 1, 13, 28, 39]
    PRED: [27, 1, 7, 39, 26, 0, 7, 2, 30, 37, 39, 28, 10, 34, 2, 20, 39, 19, 1, 22, 8, 39, 20, 10, 3, 2, 2, 13, 39]
    Edit distance: 13/33
  Sample 2:
    TRUE: [28, 24, 39, 27, 33, 20, 37, 39, 35, 17, 39, 21, 12, 8, 39, 16, 22, 39, 2, 22, 2, 6, 1, 29, 30, 39, 19, 2, 20, 33, 38, 2, 22, 39]
    PRED: [9, 2, 39, 27, 17, 20, 37, 39, 35, 17, 39, 21, 12, 8, 39, 16, 22, 39, 2, 22, 2, 34, 2, 13, 28, 39, 19, 2, 20, 33, 38, 2, 22, 39]
    Edit distance: 7/34
  Sample 3:
    TRUE: [20, 3, 27, 17, 37, 39, 19, 0, 28, 30, 33, 21, 39, 22, 17, 8, 2, 8, 39, 6, 20, 1, 19, 39, 14, 20, 2, 34, 37, 39, 30, 33, 39, 6, 17, 39, 19, 2, 21, 26, 20, 17, 30, 20, 17, 39, 10, 20, 2, 14, 2, 22, 30, 39]
    PRED: [30, 35, 25, 17, 39, 19, 0, 28, 30, 33, 21, 39, 22, 17, 8, 39, 6, 20, 12, 19, 39, 20, 16, 34, 37, 39, 29, 32, 8, 39, 6, 17, 39, 19, 2, 21, 26, 36, 17, 30, 20, 17, 11, 39, 10, 20, 2, 22, 39]
    Edit distance: 17/54
  Sample 4:
    TRUE: [9, 2, 39, 30, 33, 31, 39, 13, 10, 27, 17, 39, 13, 11, 14, 0, 30, 39, 30, 33, 39, 19, 2, 21, 39, 35, 10, 22, 39, 27, 0, 18, 11, 37, 39, 30, 33, 31, 39, 13, 10, 20, 39, 4, 30, 39]
    PRED: [9, 2, 39, 27, 33, 31, 39, 34, 1, 27, 36, 17, 12, 39, 13, 27, 17, 0, 30, 39, 30, 33, 39, 19, 2, 21, 39, 27, 10, 22, 8, 39, 27, 10, 8, 11, 39, 31, 11, 31, 39, 13, 1, 20, 39, 4, 30, 39]
    Edit distance: 15/46

============================================================
Batch 88500 | Val PER: 0.1770
============================================================
  Sample 0:
    TRUE: [31, 17, 0, 19, 27, 2, 28, 17, 39, 27, 17, 19, 2, 22, 28, 16, 8, 11, 8, 39]
    PRED: [19, 27, 0, 19, 2, 28, 39, 27, 2, 14, 27, 22, 30, 2, 8, 39]
    Edit distance: 11/20
  Sample 1:
    TRUE: [27, 16, 7, 39, 26, 11, 7, 2, 28, 30, 39, 28, 10, 34, 27, 2, 20, 39, 28, 5, 22, 8, 39, 20, 16, 31, 2, 14, 27, 1, 13, 28, 39]
    PRED: [27, 1, 7, 39, 26, 11, 7, 2, 30, 37, 39, 28, 10, 34, 2, 20, 39, 19, 1, 22, 8, 39, 20, 10, 2, 16, 34, 39]
    Edit distance: 13/33
  Sample 2:
    TRUE: [28, 24, 39, 27, 33, 20, 37, 39, 35, 17, 39, 21, 12, 8, 39, 16, 22, 39, 2, 22, 2, 6, 1, 29, 30, 39, 19, 2, 20, 33, 38, 2, 22, 39]
    PRED: [9, 2, 39, 27, 33, 20, 37, 39, 35, 17, 39, 21, 12, 8, 39, 16, 22, 39, 2, 22, 2, 34, 2, 28, 39, 19, 2, 20, 33, 38, 2, 22, 39]
    Edit distance: 6/34
  Sample 3:
    TRUE: [20, 3, 27, 17, 37, 39, 19, 0, 28, 30, 33, 21, 39, 22, 17, 8, 2, 8, 39, 6, 20, 1, 19, 39, 14, 20, 2, 34, 37, 39, 30, 33, 39, 6, 17, 39, 19, 2, 21, 26, 20, 17, 30, 20, 17, 39, 10, 20, 2, 14, 2, 22, 30, 39]
    PRED: [30, 35, 25, 11, 37, 39, 19, 0, 28, 30, 27, 33, 21, 39, 22, 17, 8, 39, 6, 20, 12, 19, 39, 20, 16, 34, 37, 39, 29, 32, 8, 39, 6, 17, 39, 19, 2, 21, 26, 36, 17, 30, 20, 11, 39, 10, 20, 2, 22, 8, 39]
    Edit distance: 18/54
  Sample 4:
    TRUE: [9, 2, 39, 30, 33, 31, 39, 13, 10, 27, 17, 39, 13, 11, 14, 0, 30, 39, 30, 33, 39, 19, 2, 21, 39, 35, 10, 22, 39, 27, 0, 18, 11, 37, 39, 30, 33, 31, 39, 13, 10, 20, 39, 4, 30, 39]
    PRED: [9, 2, 39, 27, 33, 31, 39, 34, 1, 27, 36, 17, 12, 39, 27, 17, 14, 0, 30, 39, 30, 33, 39, 19, 2, 21, 39, 27, 10, 22, 8, 39, 35, 10, 27, 8, 11, 37, 39, 31, 11, 31, 39, 13, 1, 27, 20, 39, 4, 30, 39]
    Edit distance: 17/46

============================================================
Batch 89000 | Val PER: 0.1770
============================================================
  Sample 0:
    TRUE: [31, 17, 0, 19, 27, 2, 28, 17, 39, 27, 17, 19, 2, 22, 28, 16, 8, 11, 8, 39]
    PRED: [19, 27, 0, 19, 2, 28, 30, 28, 39, 27, 2, 14, 27, 0, 27, 22, 30, 2, 8, 39]
    Edit distance: 13/20
  Sample 1:
    TRUE: [27, 16, 7, 39, 26, 11, 7, 2, 28, 30, 39, 28, 10, 34, 27, 2, 20, 39, 28, 5, 22, 8, 39, 20, 16, 31, 2, 14, 27, 1, 13, 28, 39]
    PRED: [27, 1, 19, 39, 26, 0, 7, 2, 30, 37, 39, 28, 10, 34, 2, 20, 39, 19, 1, 22, 8, 39, 20, 10, 2, 16, 34, 39]
    Edit distance: 15/33
  Sample 2:
    TRUE: [28, 24, 39, 27, 33, 20, 37, 39, 35, 17, 39, 21, 12, 8, 39, 16, 22, 39, 2, 22, 2, 6, 1, 29, 30, 39, 19, 2, 20, 33, 38, 2, 22, 39]
    PRED: [9, 2, 39, 27, 17, 20, 37, 39, 35, 17, 39, 21, 12, 8, 39, 16, 22, 39, 16, 22, 2, 34, 2, 28, 39, 19, 2, 20, 33, 38, 2, 22, 39]
    Edit distance: 8/34
  Sample 3:
    TRUE: [20, 3, 27, 17, 37, 39, 19, 0, 28, 30, 33, 21, 39, 22, 17, 8, 2, 8, 39, 6, 20, 1, 19, 39, 14, 20, 2, 34, 37, 39, 30, 33, 39, 6, 17, 39, 19, 2, 21, 26, 20, 17, 30, 20, 17, 39, 10, 20, 2, 14, 2, 22, 30, 39]
    PRED: [35, 25, 17, 39, 19, 0, 28, 30, 27, 33, 21, 39, 22, 17, 8, 39, 6, 20, 12, 19, 39, 20, 16, 34, 37, 39, 29, 32, 8, 39, 6, 17, 39, 19, 2, 21, 26, 36, 17, 30, 20, 11, 39, 10, 20, 2, 22, 8, 39]
    Edit distance: 18/54
  Sample 4:
    TRUE: [9, 2, 39, 30, 33, 31, 39, 13, 10, 27, 17, 39, 13, 11, 14, 0, 30, 39, 30, 33, 39, 19, 2, 21, 39, 35, 10, 22, 39, 27, 0, 18, 11, 37, 39, 30, 33, 31, 39, 13, 10, 20, 39, 4, 30, 39]
    PRED: [9, 2, 39, 27, 33, 31, 39, 34, 1, 27, 36, 17, 39, 27, 17, 14, 0, 30, 39, 30, 33, 39, 19, 2, 21, 39, 27, 10, 22, 8, 39, 27, 24, 27, 8, 11, 37, 39, 31, 11, 31, 39, 13, 1, 27, 20, 39, 4, 30, 39]
    Edit distance: 15/46

============================================================
Batch 89500 | Val PER: 0.1767
============================================================
  Sample 0:
    TRUE: [31, 17, 0, 19, 27, 2, 28, 17, 39, 27, 17, 19, 2, 22, 28, 16, 8, 11, 8, 39]
    PRED: [19, 27, 0, 27, 19, 2, 28, 30, 28, 39, 27, 2, 14, 27, 0, 30, 2, 8, 39]
    Edit distance: 13/20
  Sample 1:
    TRUE: [27, 16, 7, 39, 26, 11, 7, 2, 28, 30, 39, 28, 10, 34, 27, 2, 20, 39, 28, 5, 22, 8, 39, 20, 16, 31, 2, 14, 27, 1, 13, 28, 39]
    PRED: [27, 1, 7, 39, 26, 11, 7, 2, 30, 39, 28, 10, 34, 2, 20, 39, 19, 1, 22, 8, 39, 20, 10, 19, 2, 2, 13, 39]
    Edit distance: 11/33
  Sample 2:
    TRUE: [28, 24, 39, 27, 33, 20, 37, 39, 35, 17, 39, 21, 12, 8, 39, 16, 22, 39, 2, 22, 2, 6, 1, 29, 30, 39, 19, 2, 20, 33, 38, 2, 22, 39]
    PRED: [9, 2, 39, 27, 33, 20, 37, 39, 35, 17, 39, 21, 12, 8, 39, 16, 22, 39, 2, 22, 8, 22, 2, 34, 2, 28, 39, 19, 2, 20, 33, 38, 2, 22, 39]
    Edit distance: 8/34
  Sample 3:
    TRUE: [20, 3, 27, 17, 37, 39, 19, 0, 28, 30, 33, 21, 39, 22, 17, 8, 2, 8, 39, 6, 20, 1, 19, 39, 14, 20, 2, 34, 37, 39, 30, 33, 39, 6, 17, 39, 19, 2, 21, 26, 20, 17, 30, 20, 17, 39, 10, 20, 2, 14, 2, 22, 30, 39]
    PRED: [30, 35, 25, 17, 39, 19, 0, 28, 30, 27, 33, 21, 39, 22, 17, 8, 39, 6, 20, 12, 19, 39, 20, 16, 34, 37, 39, 29, 32, 8, 39, 6, 17, 39, 19, 2, 21, 26, 36, 17, 30, 20, 11, 39, 10, 20, 2, 22, 39]
    Edit distance: 18/54
  Sample 4:
    TRUE: [9, 2, 39, 30, 33, 31, 39, 13, 10, 27, 17, 39, 13, 11, 14, 0, 30, 39, 30, 33, 39, 19, 2, 21, 39, 35, 10, 22, 39, 27, 0, 18, 11, 37, 39, 30, 33, 31, 39, 13, 10, 20, 39, 4, 30, 39]
    PRED: [9, 2, 39, 27, 33, 31, 39, 34, 1, 27, 36, 17, 39, 27, 17, 30, 39, 30, 33, 39, 19, 2, 21, 39, 27, 10, 22, 8, 39, 27, 10, 8, 11, 37, 39, 31, 11, 31, 39, 13, 1, 20, 39, 4, 30, 39]
    Edit distance: 15/46

============================================================
Batch 90000 | Val PER: 0.1768
============================================================
  Sample 0:
    TRUE: [31, 17, 0, 19, 27, 2, 28, 17, 39, 27, 17, 19, 2, 22, 28, 16, 8, 11, 8, 39]
    PRED: [19, 27, 0, 27, 19, 2, 28, 30, 28, 39, 27, 2, 14, 27, 0, 27, 22, 30, 2, 8, 39]
    Edit distance: 14/20
  Sample 1:
    TRUE: [27, 16, 7, 39, 26, 11, 7, 2, 28, 30, 39, 28, 10, 34, 27, 2, 20, 39, 28, 5, 22, 8, 39, 20, 16, 31, 2, 14, 27, 1, 13, 28, 39]
    PRED: [27, 1, 19, 39, 26, 0, 7, 2, 30, 39, 28, 10, 34, 2, 20, 39, 19, 1, 4, 22, 8, 39, 20, 10, 19, 2, 16, 13, 39]
    Edit distance: 14/33
  Sample 2:
    TRUE: [28, 24, 39, 27, 33, 20, 37, 39, 35, 17, 39, 21, 12, 8, 39, 16, 22, 39, 2, 22, 2, 6, 1, 29, 30, 39, 19, 2, 20, 33, 38, 2, 22, 39]
    PRED: [9, 2, 39, 27, 33, 20, 37, 39, 35, 17, 39, 21, 12, 8, 39, 16, 22, 39, 16, 22, 8, 22, 2, 34, 2, 28, 39, 19, 2, 20, 33, 38, 2, 22, 39]
    Edit distance: 9/34
  Sample 3:
    TRUE: [20, 3, 27, 17, 37, 39, 19, 0, 28, 30, 33, 21, 39, 22, 17, 8, 2, 8, 39, 6, 20, 1, 19, 39, 14, 20, 2, 34, 37, 39, 30, 33, 39, 6, 17, 39, 19, 2, 21, 26, 20, 17, 30, 20, 17, 39, 10, 20, 2, 14, 2, 22, 30, 39]
    PRED: [30, 35, 25, 17, 39, 19, 0, 28, 30, 33, 21, 39, 22, 17, 8, 39, 6, 20, 12, 19, 39, 20, 16, 34, 37, 39, 29, 32, 8, 39, 6, 17, 39, 19, 2, 21, 26, 36, 17, 20, 11, 39, 10, 20, 2, 22, 39]
    Edit distance: 18/54
  Sample 4:
    TRUE: [9, 2, 39, 30, 33, 31, 39, 13, 10, 27, 17, 39, 13, 11, 14, 0, 30, 39, 30, 33, 39, 19, 2, 21, 39, 35, 10, 22, 39, 27, 0, 18, 11, 37, 39, 30, 33, 31, 39, 13, 10, 20, 39, 4, 30, 39]
    PRED: [9, 2, 39, 27, 33, 31, 39, 34, 1, 27, 36, 17, 39, 13, 27, 17, 0, 30, 39, 30, 33, 39, 19, 2, 21, 39, 27, 10, 22, 8, 39, 27, 10, 27, 8, 11, 37, 39, 31, 11, 31, 39, 13, 3, 20, 39, 4, 30, 39]
    Edit distance: 14/46

============================================================
Batch 90500 | Val PER: 0.1774
============================================================
  Sample 0:
    TRUE: [31, 17, 0, 19, 27, 2, 28, 17, 39, 27, 17, 19, 2, 22, 28, 16, 8, 11, 8, 39]
    PRED: [19, 27, 0, 19, 2, 28, 30, 39, 27, 2, 14, 27, 0, 27, 22, 30, 2, 8, 39]
    Edit distance: 12/20
  Sample 1:
    TRUE: [27, 16, 7, 39, 26, 11, 7, 2, 28, 30, 39, 28, 10, 34, 27, 2, 20, 39, 28, 5, 22, 8, 39, 20, 16, 31, 2, 14, 27, 1, 13, 28, 39]
    PRED: [27, 1, 19, 39, 26, 0, 7, 2, 30, 37, 39, 28, 10, 34, 2, 20, 39, 19, 1, 22, 8, 39, 20, 10, 2, 16, 34, 39]
    Edit distance: 15/33
  Sample 2:
    TRUE: [28, 24, 39, 27, 33, 20, 37, 39, 35, 17, 39, 21, 12, 8, 39, 16, 22, 39, 2, 22, 2, 6, 1, 29, 30, 39, 19, 2, 20, 33, 38, 2, 22, 39]
    PRED: [9, 2, 39, 27, 33, 20, 37, 39, 35, 17, 39, 21, 12, 8, 39, 16, 22, 39, 16, 22, 2, 34, 21, 2, 28, 39, 19, 2, 20, 33, 38, 2, 22, 39]
    Edit distance: 7/34
  Sample 3:
    TRUE: [20, 3, 27, 17, 37, 39, 19, 0, 28, 30, 33, 21, 39, 22, 17, 8, 2, 8, 39, 6, 20, 1, 19, 39, 14, 20, 2, 34, 37, 39, 30, 33, 39, 6, 17, 39, 19, 2, 21, 26, 20, 17, 30, 20, 17, 39, 10, 20, 2, 14, 2, 22, 30, 39]
    PRED: [30, 35, 25, 17, 39, 19, 0, 28, 30, 33, 21, 39, 22, 17, 8, 39, 6, 20, 12, 19, 39, 20, 16, 34, 37, 39, 29, 32, 8, 39, 6, 17, 39, 19, 2, 21, 26, 36, 17, 30, 20, 11, 39, 10, 20, 2, 22, 8, 39]
    Edit distance: 17/54
  Sample 4:
    TRUE: [9, 2, 39, 30, 33, 31, 39, 13, 10, 27, 17, 39, 13, 11, 14, 0, 30, 39, 30, 33, 39, 19, 2, 21, 39, 35, 10, 22, 39, 27, 0, 18, 11, 37, 39, 30, 33, 31, 39, 13, 10, 20, 39, 4, 30, 39]
    PRED: [9, 2, 39, 27, 33, 31, 39, 34, 1, 27, 36, 17, 39, 27, 17, 0, 30, 39, 30, 33, 39, 19, 2, 21, 39, 27, 2, 22, 8, 39, 27, 11, 27, 8, 11, 37, 39, 31, 11, 31, 39, 13, 3, 20, 39, 4, 30, 39]
    Edit distance: 16/46

============================================================
Batch 91000 | Val PER: 0.1761
============================================================
  Sample 0:
    TRUE: [31, 17, 0, 19, 27, 2, 28, 17, 39, 27, 17, 19, 2, 22, 28, 16, 8, 11, 8, 39]
    PRED: [19, 27, 0, 19, 2, 28, 30, 28, 39, 27, 2, 14, 27, 0, 27, 22, 30, 2, 8, 39]
    Edit distance: 13/20
  Sample 1:
    TRUE: [27, 16, 7, 39, 26, 11, 7, 2, 28, 30, 39, 28, 10, 34, 27, 2, 20, 39, 28, 5, 22, 8, 39, 20, 16, 31, 2, 14, 27, 1, 13, 28, 39]
    PRED: [27, 1, 19, 39, 26, 0, 7, 2, 30, 37, 39, 28, 10, 34, 2, 20, 39, 19, 1, 22, 8, 39, 20, 10, 2, 2, 13, 39]
    Edit distance: 14/33
  Sample 2:
    TRUE: [28, 24, 39, 27, 33, 20, 37, 39, 35, 17, 39, 21, 12, 8, 39, 16, 22, 39, 2, 22, 2, 6, 1, 29, 30, 39, 19, 2, 20, 33, 38, 2, 22, 39]
    PRED: [9, 2, 39, 27, 33, 20, 37, 39, 35, 17, 39, 21, 12, 8, 39, 16, 22, 39, 2, 22, 2, 34, 21, 2, 28, 39, 19, 2, 20, 33, 38, 2, 22, 39]
    Edit distance: 6/34
  Sample 3:
    TRUE: [20, 3, 27, 17, 37, 39, 19, 0, 28, 30, 33, 21, 39, 22, 17, 8, 2, 8, 39, 6, 20, 1, 19, 39, 14, 20, 2, 34, 37, 39, 30, 33, 39, 6, 17, 39, 19, 2, 21, 26, 20, 17, 30, 20, 17, 39, 10, 20, 2, 14, 2, 22, 30, 39]
    PRED: [30, 35, 25, 17, 39, 19, 0, 28, 30, 33, 21, 39, 22, 17, 8, 39, 6, 20, 12, 19, 39, 20, 16, 34, 37, 39, 29, 33, 8, 39, 6, 17, 39, 19, 2, 21, 26, 36, 2, 17, 30, 20, 17, 39, 10, 20, 2, 22, 8, 39]
    Edit distance: 16/54
  Sample 4:
    TRUE: [9, 2, 39, 30, 33, 31, 39, 13, 10, 27, 17, 39, 13, 11, 14, 0, 30, 39, 30, 33, 39, 19, 2, 21, 39, 35, 10, 22, 39, 27, 0, 18, 11, 37, 39, 30, 33, 31, 39, 13, 10, 20, 39, 4, 30, 39]
    PRED: [9, 2, 39, 27, 33, 31, 39, 34, 1, 27, 36, 17, 39, 27, 17, 14, 0, 30, 39, 30, 33, 39, 19, 2, 21, 39, 27, 10, 22, 8, 39, 27, 10, 8, 11, 37, 39, 31, 11, 31, 39, 13, 1, 20, 39, 4, 30, 39]
    Edit distance: 13/46

============================================================
Batch 91500 | Val PER: 0.1775
============================================================
  Sample 0:
    TRUE: [31, 17, 0, 19, 27, 2, 28, 17, 39, 27, 17, 19, 2, 22, 28, 16, 8, 11, 8, 39]
    PRED: [19, 27, 0, 27, 19, 2, 28, 39, 27, 2, 14, 27, 0, 27, 30, 2, 8, 39]
    Edit distance: 13/20
  Sample 1:
    TRUE: [27, 16, 7, 39, 26, 11, 7, 2, 28, 30, 39, 28, 10, 34, 27, 2, 20, 39, 28, 5, 22, 8, 39, 20, 16, 31, 2, 14, 27, 1, 13, 28, 39]
    PRED: [27, 1, 19, 39, 26, 11, 7, 2, 30, 37, 39, 28, 10, 34, 2, 20, 39, 19, 1, 22, 8, 39, 20, 10, 2, 2, 13, 39]
    Edit distance: 13/33
  Sample 2:
    TRUE: [28, 24, 39, 27, 33, 20, 37, 39, 35, 17, 39, 21, 12, 8, 39, 16, 22, 39, 2, 22, 2, 6, 1, 29, 30, 39, 19, 2, 20, 33, 38, 2, 22, 39]
    PRED: [9, 2, 39, 27, 17, 20, 37, 39, 35, 17, 39, 21, 12, 8, 39, 16, 22, 39, 2, 22, 2, 34, 2, 28, 39, 19, 2, 20, 33, 38, 2, 22, 39]
    Edit distance: 7/34
  Sample 3:
    TRUE: [20, 3, 27, 17, 37, 39, 19, 0, 28, 30, 33, 21, 39, 22, 17, 8, 2, 8, 39, 6, 20, 1, 19, 39, 14, 20, 2, 34, 37, 39, 30, 33, 39, 6, 17, 39, 19, 2, 21, 26, 20, 17, 30, 20, 17, 39, 10, 20, 2, 14, 2, 22, 30, 39]
    PRED: [30, 35, 25, 17, 39, 19, 0, 28, 30, 33, 21, 39, 22, 17, 8, 39, 6, 20, 12, 19, 39, 20, 16, 34, 37, 39, 29, 32, 8, 39, 6, 17, 39, 19, 2, 21, 26, 36, 17, 30, 20, 17, 39, 10, 20, 2, 22, 8, 39]
    Edit distance: 16/54
  Sample 4:
    TRUE: [9, 2, 39, 30, 33, 31, 39, 13, 10, 27, 17, 39, 13, 11, 14, 0, 30, 39, 30, 33, 39, 19, 2, 21, 39, 35, 10, 22, 39, 27, 0, 18, 11, 37, 39, 30, 33, 31, 39, 13, 10, 20, 39, 4, 30, 39]
    PRED: [9, 2, 39, 27, 33, 31, 39, 34, 1, 27, 36, 17, 39, 26, 27, 17, 14, 0, 30, 39, 30, 33, 39, 19, 2, 21, 39, 27, 2, 22, 8, 39, 27, 24, 27, 8, 11, 37, 39, 31, 11, 31, 39, 13, 3, 39, 4, 30, 39]
    Edit distance: 17/46

============================================================
Batch 92000 | Val PER: 0.1762
============================================================
  Sample 0:
    TRUE: [31, 17, 0, 19, 27, 2, 28, 17, 39, 27, 17, 19, 2, 22, 28, 16, 8, 11, 8, 39]
    PRED: [19, 27, 0, 27, 19, 2, 28, 30, 39, 27, 2, 14, 27, 0, 27, 30, 2, 8, 39]
    Edit distance: 13/20
  Sample 1:
    TRUE: [27, 16, 7, 39, 26, 11, 7, 2, 28, 30, 39, 28, 10, 34, 27, 2, 20, 39, 28, 5, 22, 8, 39, 20, 16, 31, 2, 14, 27, 1, 13, 28, 39]
    PRED: [27, 1, 19, 39, 26, 11, 7, 2, 30, 37, 39, 28, 10, 34, 2, 20, 39, 19, 1, 22, 8, 39, 20, 10, 2, 2, 13, 39]
    Edit distance: 13/33
  Sample 2:
    TRUE: [28, 24, 39, 27, 33, 20, 37, 39, 35, 17, 39, 21, 12, 8, 39, 16, 22, 39, 2, 22, 2, 6, 1, 29, 30, 39, 19, 2, 20, 33, 38, 2, 22, 39]
    PRED: [9, 2, 39, 27, 33, 20, 37, 39, 35, 17, 39, 21, 12, 8, 39, 16, 22, 39, 2, 22, 2, 34, 2, 28, 39, 19, 2, 20, 33, 38, 2, 22, 39]
    Edit distance: 6/34
  Sample 3:
    TRUE: [20, 3, 27, 17, 37, 39, 19, 0, 28, 30, 33, 21, 39, 22, 17, 8, 2, 8, 39, 6, 20, 1, 19, 39, 14, 20, 2, 34, 37, 39, 30, 33, 39, 6, 17, 39, 19, 2, 21, 26, 20, 17, 30, 20, 17, 39, 10, 20, 2, 14, 2, 22, 30, 39]
    PRED: [35, 25, 37, 39, 19, 0, 28, 30, 33, 21, 39, 22, 17, 8, 39, 6, 20, 12, 19, 39, 20, 16, 34, 37, 39, 29, 32, 8, 39, 6, 17, 39, 19, 2, 21, 26, 36, 17, 30, 20, 11, 39, 10, 20, 2, 22, 8, 39]
    Edit distance: 17/54
  Sample 4:
    TRUE: [9, 2, 39, 30, 33, 31, 39, 13, 10, 27, 17, 39, 13, 11, 14, 0, 30, 39, 30, 33, 39, 19, 2, 21, 39, 35, 10, 22, 39, 27, 0, 18, 11, 37, 39, 30, 33, 31, 39, 13, 10, 20, 39, 4, 30, 39]
    PRED: [9, 2, 39, 27, 33, 31, 39, 34, 1, 27, 36, 17, 39, 27, 17, 14, 0, 30, 39, 30, 33, 39, 19, 2, 21, 39, 27, 2, 22, 8, 39, 27, 11, 8, 11, 37, 39, 31, 11, 31, 39, 13, 3, 20, 39, 4, 30, 39]
    Edit distance: 14/46

============================================================
Batch 92500 | Val PER: 0.1785
============================================================
  Sample 0:
    TRUE: [31, 17, 0, 19, 27, 2, 28, 17, 39, 27, 17, 19, 2, 22, 28, 16, 8, 11, 8, 39]
    PRED: [19, 27, 0, 27, 19, 2, 28, 39, 27, 2, 14, 27, 0, 27, 30, 2, 8, 39]
    Edit distance: 13/20
  Sample 1:
    TRUE: [27, 16, 7, 39, 26, 11, 7, 2, 28, 30, 39, 28, 10, 34, 27, 2, 20, 39, 28, 5, 22, 8, 39, 20, 16, 31, 2, 14, 27, 1, 13, 28, 39]
    PRED: [27, 1, 19, 39, 26, 11, 7, 2, 30, 37, 39, 28, 10, 34, 2, 20, 39, 19, 1, 22, 8, 39, 20, 10, 19, 2, 2, 13, 39]
    Edit distance: 13/33
  Sample 2:
    TRUE: [28, 24, 39, 27, 33, 20, 37, 39, 35, 17, 39, 21, 12, 8, 39, 16, 22, 39, 2, 22, 2, 6, 1, 29, 30, 39, 19, 2, 20, 33, 38, 2, 22, 39]
    PRED: [9, 2, 39, 27, 33, 20, 37, 39, 35, 17, 39, 21, 12, 8, 39, 16, 22, 39, 2, 22, 2, 34, 2, 28, 39, 19, 2, 20, 33, 38, 2, 22, 39]
    Edit distance: 6/34
  Sample 3:
    TRUE: [20, 3, 27, 17, 37, 39, 19, 0, 28, 30, 33, 21, 39, 22, 17, 8, 2, 8, 39, 6, 20, 1, 19, 39, 14, 20, 2, 34, 37, 39, 30, 33, 39, 6, 17, 39, 19, 2, 21, 26, 20, 17, 30, 20, 17, 39, 10, 20, 2, 14, 2, 22, 30, 39]
    PRED: [30, 35, 25, 17, 39, 19, 0, 28, 30, 33, 21, 39, 22, 17, 8, 39, 6, 20, 12, 19, 39, 20, 16, 34, 37, 39, 29, 32, 8, 39, 6, 17, 39, 19, 2, 21, 26, 36, 17, 30, 20, 17, 39, 10, 20, 2, 22, 8, 39]
    Edit distance: 16/54
  Sample 4:
    TRUE: [9, 2, 39, 30, 33, 31, 39, 13, 10, 27, 17, 39, 13, 11, 14, 0, 30, 39, 30, 33, 39, 19, 2, 21, 39, 35, 10, 22, 39, 27, 0, 18, 11, 37, 39, 30, 33, 31, 39, 13, 10, 20, 39, 4, 30, 39]
    PRED: [9, 2, 39, 27, 33, 31, 39, 34, 1, 27, 36, 17, 39, 13, 27, 17, 0, 3, 30, 39, 30, 33, 39, 19, 2, 21, 39, 27, 2, 22, 8, 39, 27, 11, 8, 11, 37, 39, 31, 11, 31, 39, 13, 3, 20, 39, 4, 30, 39]
    Edit distance: 15/46

============================================================
Batch 93000 | Val PER: 0.1768
============================================================
  Sample 0:
    TRUE: [31, 17, 0, 19, 27, 2, 28, 17, 39, 27, 17, 19, 2, 22, 28, 16, 8, 11, 8, 39]
    PRED: [19, 27, 0, 27, 19, 2, 28, 39, 27, 2, 14, 27, 0, 27, 30, 2, 8, 39]
    Edit distance: 13/20
  Sample 1:
    TRUE: [27, 16, 7, 39, 26, 11, 7, 2, 28, 30, 39, 28, 10, 34, 27, 2, 20, 39, 28, 5, 22, 8, 39, 20, 16, 31, 2, 14, 27, 1, 13, 28, 39]
    PRED: [35, 1, 19, 39, 26, 0, 7, 2, 30, 37, 39, 28, 10, 34, 2, 20, 39, 19, 1, 22, 8, 39, 20, 10, 2, 16, 13, 39]
    Edit distance: 15/33
  Sample 2:
    TRUE: [28, 24, 39, 27, 33, 20, 37, 39, 35, 17, 39, 21, 12, 8, 39, 16, 22, 39, 2, 22, 2, 6, 1, 29, 30, 39, 19, 2, 20, 33, 38, 2, 22, 39]
    PRED: [9, 2, 39, 27, 33, 20, 37, 39, 35, 17, 39, 21, 12, 8, 39, 16, 22, 39, 2, 22, 2, 34, 2, 28, 39, 19, 2, 20, 33, 38, 2, 22, 39]
    Edit distance: 6/34
  Sample 3:
    TRUE: [20, 3, 27, 17, 37, 39, 19, 0, 28, 30, 33, 21, 39, 22, 17, 8, 2, 8, 39, 6, 20, 1, 19, 39, 14, 20, 2, 34, 37, 39, 30, 33, 39, 6, 17, 39, 19, 2, 21, 26, 20, 17, 30, 20, 17, 39, 10, 20, 2, 14, 2, 22, 30, 39]
    PRED: [30, 35, 25, 17, 39, 19, 0, 28, 30, 33, 21, 39, 22, 17, 8, 39, 6, 20, 12, 19, 39, 20, 16, 34, 37, 39, 29, 32, 8, 39, 6, 17, 39, 19, 2, 21, 26, 36, 17, 30, 20, 11, 39, 10, 20, 2, 22, 39]
    Edit distance: 17/54
  Sample 4:
    TRUE: [9, 2, 39, 30, 33, 31, 39, 13, 10, 27, 17, 39, 13, 11, 14, 0, 30, 39, 30, 33, 39, 19, 2, 21, 39, 35, 10, 22, 39, 27, 0, 18, 11, 37, 39, 30, 33, 31, 39, 13, 10, 20, 39, 4, 30, 39]
    PRED: [9, 2, 39, 30, 27, 33, 31, 39, 34, 1, 27, 36, 17, 39, 13, 27, 17, 14, 0, 30, 39, 30, 33, 39, 19, 2, 21, 39, 27, 2, 22, 8, 39, 35, 10, 27, 8, 11, 37, 39, 31, 11, 31, 39, 13, 3, 20, 39, 4, 30, 39]
    Edit distance: 16/46

============================================================
Batch 93500 | Val PER: 0.1784
============================================================
  Sample 0:
    TRUE: [31, 17, 0, 19, 27, 2, 28, 17, 39, 27, 17, 19, 2, 22, 28, 16, 8, 11, 8, 39]
    PRED: [27, 0, 19, 2, 28, 39, 27, 2, 14, 27, 0, 27, 30, 2, 8, 39]
    Edit distance: 12/20
  Sample 1:
    TRUE: [27, 16, 7, 39, 26, 11, 7, 2, 28, 30, 39, 28, 10, 34, 27, 2, 20, 39, 28, 5, 22, 8, 39, 20, 16, 31, 2, 14, 27, 1, 13, 28, 39]
    PRED: [35, 1, 19, 39, 26, 0, 7, 2, 30, 37, 39, 28, 10, 34, 2, 20, 39, 19, 1, 22, 8, 39, 20, 10, 19, 2, 16, 34, 39]
    Edit distance: 16/33
  Sample 2:
    TRUE: [28, 24, 39, 27, 33, 20, 37, 39, 35, 17, 39, 21, 12, 8, 39, 16, 22, 39, 2, 22, 2, 6, 1, 29, 30, 39, 19, 2, 20, 33, 38, 2, 22, 39]
    PRED: [9, 2, 39, 27, 33, 20, 37, 39, 35, 17, 39, 21, 12, 8, 39, 16, 22, 39, 2, 22, 2, 34, 2, 28, 39, 19, 2, 20, 33, 38, 2, 22, 39]
    Edit distance: 6/34
  Sample 3:
    TRUE: [20, 3, 27, 17, 37, 39, 19, 0, 28, 30, 33, 21, 39, 22, 17, 8, 2, 8, 39, 6, 20, 1, 19, 39, 14, 20, 2, 34, 37, 39, 30, 33, 39, 6, 17, 39, 19, 2, 21, 26, 20, 17, 30, 20, 17, 39, 10, 20, 2, 14, 2, 22, 30, 39]
    PRED: [30, 35, 25, 11, 39, 19, 0, 28, 30, 33, 21, 39, 22, 17, 8, 39, 6, 20, 12, 19, 39, 20, 16, 34, 37, 39, 30, 32, 8, 39, 6, 17, 39, 19, 2, 21, 26, 36, 17, 30, 20, 11, 39, 10, 20, 2, 22, 39]
    Edit distance: 17/54
  Sample 4:
    TRUE: [9, 2, 39, 30, 33, 31, 39, 13, 10, 27, 17, 39, 13, 11, 14, 0, 30, 39, 30, 33, 39, 19, 2, 21, 39, 35, 10, 22, 39, 27, 0, 18, 11, 37, 39, 30, 33, 31, 39, 13, 10, 20, 39, 4, 30, 39]
    PRED: [9, 2, 39, 27, 33, 31, 39, 34, 1, 27, 17, 39, 13, 27, 17, 0, 30, 39, 30, 33, 39, 19, 2, 21, 39, 27, 10, 22, 8, 39, 11, 27, 8, 11, 37, 39, 31, 11, 31, 39, 13, 3, 20, 39, 4, 30, 39]
    Edit distance: 13/46

============================================================
Batch 94000 | Val PER: 0.1777
============================================================
  Sample 0:
    TRUE: [31, 17, 0, 19, 27, 2, 28, 17, 39, 27, 17, 19, 2, 22, 28, 16, 8, 11, 8, 39]
    PRED: [19, 27, 0, 19, 2, 28, 39, 27, 2, 14, 27, 0, 27, 30, 2, 8, 39]
    Edit distance: 12/20
  Sample 1:
    TRUE: [27, 16, 7, 39, 26, 11, 7, 2, 28, 30, 39, 28, 10, 34, 27, 2, 20, 39, 28, 5, 22, 8, 39, 20, 16, 31, 2, 14, 27, 1, 13, 28, 39]
    PRED: [35, 1, 19, 39, 26, 11, 7, 2, 30, 37, 39, 28, 10, 34, 2, 20, 39, 19, 1, 22, 8, 39, 20, 10, 19, 2, 16, 34, 39]
    Edit distance: 15/33
  Sample 2:
    TRUE: [28, 24, 39, 27, 33, 20, 37, 39, 35, 17, 39, 21, 12, 8, 39, 16, 22, 39, 2, 22, 2, 6, 1, 29, 30, 39, 19, 2, 20, 33, 38, 2, 22, 39]
    PRED: [9, 2, 39, 27, 33, 20, 37, 39, 35, 17, 39, 21, 12, 8, 39, 16, 22, 39, 2, 22, 2, 34, 2, 28, 39, 19, 2, 20, 33, 38, 2, 22, 39]
    Edit distance: 6/34
  Sample 3:
    TRUE: [20, 3, 27, 17, 37, 39, 19, 0, 28, 30, 33, 21, 39, 22, 17, 8, 2, 8, 39, 6, 20, 1, 19, 39, 14, 20, 2, 34, 37, 39, 30, 33, 39, 6, 17, 39, 19, 2, 21, 26, 20, 17, 30, 20, 17, 39, 10, 20, 2, 14, 2, 22, 30, 39]
    PRED: [35, 25, 17, 39, 19, 0, 28, 30, 33, 21, 39, 22, 17, 8, 39, 6, 20, 12, 19, 39, 20, 16, 34, 37, 39, 29, 32, 8, 39, 6, 17, 39, 19, 2, 21, 26, 36, 17, 30, 20, 17, 39, 10, 20, 2, 22, 8, 39]
    Edit distance: 16/54
  Sample 4:
    TRUE: [9, 2, 39, 30, 33, 31, 39, 13, 10, 27, 17, 39, 13, 11, 14, 0, 30, 39, 30, 33, 39, 19, 2, 21, 39, 35, 10, 22, 39, 27, 0, 18, 11, 37, 39, 30, 33, 31, 39, 13, 10, 20, 39, 4, 30, 39]
    PRED: [9, 2, 39, 27, 33, 31, 39, 34, 1, 27, 17, 39, 13, 27, 17, 3, 30, 39, 30, 33, 39, 19, 2, 21, 39, 27, 2, 22, 8, 39, 27, 11, 27, 8, 11, 37, 39, 31, 11, 31, 39, 13, 3, 20, 39, 4, 30, 39]
    Edit distance: 15/46

============================================================
Batch 94500 | Val PER: 0.1789
============================================================
  Sample 0:
    TRUE: [31, 17, 0, 19, 27, 2, 28, 17, 39, 27, 17, 19, 2, 22, 28, 16, 8, 11, 8, 39]
    PRED: [19, 27, 0, 19, 2, 28, 39, 27, 2, 14, 27, 0, 27, 22, 30, 2, 8, 39]
    Edit distance: 12/20
  Sample 1:
    TRUE: [27, 16, 7, 39, 26, 11, 7, 2, 28, 30, 39, 28, 10, 34, 27, 2, 20, 39, 28, 5, 22, 8, 39, 20, 16, 31, 2, 14, 27, 1, 13, 28, 39]
    PRED: [35, 1, 19, 39, 26, 11, 7, 2, 30, 37, 39, 28, 10, 34, 2, 20, 39, 19, 1, 22, 8, 39, 20, 10, 19, 2, 16, 34, 39]
    Edit distance: 15/33
  Sample 2:
    TRUE: [28, 24, 39, 27, 33, 20, 37, 39, 35, 17, 39, 21, 12, 8, 39, 16, 22, 39, 2, 22, 2, 6, 1, 29, 30, 39, 19, 2, 20, 33, 38, 2, 22, 39]
    PRED: [9, 2, 39, 27, 33, 20, 37, 39, 35, 17, 39, 21, 12, 8, 39, 16, 22, 39, 2, 22, 2, 34, 2, 28, 39, 19, 2, 20, 33, 38, 2, 22, 39]
    Edit distance: 6/34
  Sample 3:
    TRUE: [20, 3, 27, 17, 37, 39, 19, 0, 28, 30, 33, 21, 39, 22, 17, 8, 2, 8, 39, 6, 20, 1, 19, 39, 14, 20, 2, 34, 37, 39, 30, 33, 39, 6, 17, 39, 19, 2, 21, 26, 20, 17, 30, 20, 17, 39, 10, 20, 2, 14, 2, 22, 30, 39]
    PRED: [35, 25, 11, 39, 19, 0, 28, 30, 33, 21, 39, 22, 17, 8, 39, 6, 20, 12, 19, 39, 20, 16, 34, 37, 39, 29, 32, 8, 39, 6, 17, 39, 19, 2, 21, 26, 36, 17, 30, 20, 11, 39, 10, 20, 2, 22, 30, 39]
    Edit distance: 17/54
  Sample 4:
    TRUE: [9, 2, 39, 30, 33, 31, 39, 13, 10, 27, 17, 39, 13, 11, 14, 0, 30, 39, 30, 33, 39, 19, 2, 21, 39, 35, 10, 22, 39, 27, 0, 18, 11, 37, 39, 30, 33, 31, 39, 13, 10, 20, 39, 4, 30, 39]
    PRED: [9, 2, 39, 30, 27, 33, 31, 39, 34, 1, 27, 36, 17, 39, 13, 27, 17, 14, 0, 30, 39, 30, 33, 39, 19, 2, 21, 39, 27, 2, 22, 8, 39, 35, 10, 27, 8, 11, 37, 39, 31, 33, 31, 39, 13, 3, 20, 39, 4, 30, 39]
    Edit distance: 15/46

============================================================
Batch 95000 | Val PER: 0.1767
============================================================
  Sample 0:
    TRUE: [31, 17, 0, 19, 27, 2, 28, 17, 39, 27, 17, 19, 2, 22, 28, 16, 8, 11, 8, 39]
    PRED: [19, 27, 0, 19, 2, 28, 39, 27, 2, 14, 27, 0, 27, 12, 30, 2, 8, 39]
    Edit distance: 12/20
  Sample 1:
    TRUE: [27, 16, 7, 39, 26, 11, 7, 2, 28, 30, 39, 28, 10, 34, 27, 2, 20, 39, 28, 5, 22, 8, 39, 20, 16, 31, 2, 14, 27, 1, 13, 28, 39]
    PRED: [35, 1, 19, 39, 26, 11, 7, 2, 30, 37, 39, 28, 10, 34, 2, 20, 39, 19, 1, 22, 8, 39, 20, 10, 19, 2, 16, 13, 39]
    Edit distance: 14/33
  Sample 2:
    TRUE: [28, 24, 39, 27, 33, 20, 37, 39, 35, 17, 39, 21, 12, 8, 39, 16, 22, 39, 2, 22, 2, 6, 1, 29, 30, 39, 19, 2, 20, 33, 38, 2, 22, 39]
    PRED: [9, 2, 39, 27, 17, 20, 37, 39, 35, 17, 39, 21, 12, 8, 39, 16, 22, 39, 2, 22, 2, 34, 2, 28, 39, 19, 2, 20, 33, 38, 2, 22, 39]
    Edit distance: 7/34
  Sample 3:
    TRUE: [20, 3, 27, 17, 37, 39, 19, 0, 28, 30, 33, 21, 39, 22, 17, 8, 2, 8, 39, 6, 20, 1, 19, 39, 14, 20, 2, 34, 37, 39, 30, 33, 39, 6, 17, 39, 19, 2, 21, 26, 20, 17, 30, 20, 17, 39, 10, 20, 2, 14, 2, 22, 30, 39]
    PRED: [35, 25, 17, 39, 19, 0, 28, 30, 33, 21, 39, 22, 17, 8, 39, 6, 20, 12, 19, 39, 20, 16, 34, 37, 39, 30, 32, 8, 39, 6, 17, 39, 19, 2, 21, 26, 36, 17, 30, 20, 11, 39, 10, 20, 2, 22, 39]
    Edit distance: 16/54
  Sample 4:
    TRUE: [9, 2, 39, 30, 33, 31, 39, 13, 10, 27, 17, 39, 13, 11, 14, 0, 30, 39, 30, 33, 39, 19, 2, 21, 39, 35, 10, 22, 39, 27, 0, 18, 11, 37, 39, 30, 33, 31, 39, 13, 10, 20, 39, 4, 30, 39]
    PRED: [9, 2, 39, 30, 27, 33, 31, 39, 34, 1, 27, 17, 39, 13, 27, 17, 0, 30, 39, 30, 33, 39, 19, 2, 21, 39, 27, 10, 22, 8, 39, 35, 11, 27, 8, 11, 37, 39, 31, 11, 31, 39, 13, 3, 20, 39, 4, 30, 39]
    Edit distance: 14/46

============================================================
Batch 95500 | Val PER: 0.1758
============================================================
  Sample 0:
    TRUE: [31, 17, 0, 19, 27, 2, 28, 17, 39, 27, 17, 19, 2, 22, 28, 16, 8, 11, 8, 39]
    PRED: [19, 27, 0, 19, 2, 28, 39, 27, 2, 14, 27, 0, 12, 30, 2, 8, 39]
    Edit distance: 12/20
  Sample 1:
    TRUE: [27, 16, 7, 39, 26, 11, 7, 2, 28, 30, 39, 28, 10, 34, 27, 2, 20, 39, 28, 5, 22, 8, 39, 20, 16, 31, 2, 14, 27, 1, 13, 28, 39]
    PRED: [35, 1, 7, 39, 26, 11, 7, 2, 30, 37, 39, 28, 10, 34, 2, 20, 39, 19, 1, 22, 8, 39, 20, 10, 19, 2, 2, 13, 39]
    Edit distance: 13/33
  Sample 2:
    TRUE: [28, 24, 39, 27, 33, 20, 37, 39, 35, 17, 39, 21, 12, 8, 39, 16, 22, 39, 2, 22, 2, 6, 1, 29, 30, 39, 19, 2, 20, 33, 38, 2, 22, 39]
    PRED: [9, 2, 39, 27, 17, 20, 37, 39, 35, 17, 39, 21, 12, 8, 39, 16, 22, 39, 2, 22, 8, 2, 34, 2, 28, 39, 19, 2, 20, 33, 38, 2, 22, 39]
    Edit distance: 8/34
  Sample 3:
    TRUE: [20, 3, 27, 17, 37, 39, 19, 0, 28, 30, 33, 21, 39, 22, 17, 8, 2, 8, 39, 6, 20, 1, 19, 39, 14, 20, 2, 34, 37, 39, 30, 33, 39, 6, 17, 39, 19, 2, 21, 26, 20, 17, 30, 20, 17, 39, 10, 20, 2, 14, 2, 22, 30, 39]
    PRED: [30, 35, 25, 17, 39, 19, 0, 28, 30, 33, 21, 39, 22, 17, 8, 39, 6, 20, 12, 19, 39, 20, 16, 34, 37, 39, 29, 32, 8, 39, 6, 17, 39, 19, 2, 21, 26, 36, 17, 30, 20, 17, 39, 10, 20, 2, 22, 39]
    Edit distance: 16/54
  Sample 4:
    TRUE: [9, 2, 39, 30, 33, 31, 39, 13, 10, 27, 17, 39, 13, 11, 14, 0, 30, 39, 30, 33, 39, 19, 2, 21, 39, 35, 10, 22, 39, 27, 0, 18, 11, 37, 39, 30, 33, 31, 39, 13, 10, 20, 39, 4, 30, 39]
    PRED: [9, 2, 39, 27, 33, 31, 39, 34, 1, 20, 36, 17, 39, 13, 27, 17, 14, 0, 30, 39, 30, 33, 39, 19, 2, 21, 39, 27, 10, 22, 8, 39, 35, 10, 27, 8, 11, 37, 39, 31, 11, 31, 39, 13, 3, 20, 39, 4, 30, 39]
    Edit distance: 16/46

============================================================
Batch 96000 | Val PER: 0.1790
============================================================
  Sample 0:
    TRUE: [31, 17, 0, 19, 27, 2, 28, 17, 39, 27, 17, 19, 2, 22, 28, 16, 8, 11, 8, 39]
    PRED: [19, 0, 19, 2, 28, 39, 27, 2, 14, 27, 0, 27, 12, 30, 2, 8, 39]
    Edit distance: 12/20
  Sample 1:
    TRUE: [27, 16, 7, 39, 26, 11, 7, 2, 28, 30, 39, 28, 10, 34, 27, 2, 20, 39, 28, 5, 22, 8, 39, 20, 16, 31, 2, 14, 27, 1, 13, 28, 39]
    PRED: [35, 1, 19, 39, 26, 11, 7, 2, 30, 37, 39, 28, 10, 34, 2, 20, 39, 19, 1, 22, 8, 39, 20, 10, 19, 2, 2, 13, 39]
    Edit distance: 14/33
  Sample 2:
    TRUE: [28, 24, 39, 27, 33, 20, 37, 39, 35, 17, 39, 21, 12, 8, 39, 16, 22, 39, 2, 22, 2, 6, 1, 29, 30, 39, 19, 2, 20, 33, 38, 2, 22, 39]
    PRED: [9, 2, 39, 27, 33, 20, 37, 39, 35, 17, 39, 21, 12, 8, 39, 16, 22, 39, 2, 22, 8, 2, 34, 2, 28, 39, 19, 2, 20, 33, 38, 2, 22, 39]
    Edit distance: 7/34
  Sample 3:
    TRUE: [20, 3, 27, 17, 37, 39, 19, 0, 28, 30, 33, 21, 39, 22, 17, 8, 2, 8, 39, 6, 20, 1, 19, 39, 14, 20, 2, 34, 37, 39, 30, 33, 39, 6, 17, 39, 19, 2, 21, 26, 20, 17, 30, 20, 17, 39, 10, 20, 2, 14, 2, 22, 30, 39]
    PRED: [30, 35, 25, 17, 39, 19, 0, 28, 30, 33, 21, 39, 22, 17, 8, 39, 6, 20, 12, 19, 39, 20, 16, 34, 37, 39, 29, 32, 8, 39, 6, 17, 39, 19, 2, 21, 26, 36, 17, 30, 20, 11, 39, 10, 20, 2, 22, 39]
    Edit distance: 17/54
  Sample 4:
    TRUE: [9, 2, 39, 30, 33, 31, 39, 13, 10, 27, 17, 39, 13, 11, 14, 0, 30, 39, 30, 33, 39, 19, 2, 21, 39, 35, 10, 22, 39, 27, 0, 18, 11, 37, 39, 30, 33, 31, 39, 13, 10, 20, 39, 4, 30, 39]
    PRED: [9, 2, 39, 27, 33, 31, 39, 34, 1, 27, 36, 17, 39, 13, 27, 17, 14, 0, 30, 39, 30, 33, 39, 19, 2, 21, 39, 27, 10, 22, 8, 39, 11, 8, 11, 37, 39, 31, 11, 31, 39, 13, 3, 20, 39, 4, 30, 39]
    Edit distance: 14/46

============================================================
Batch 96500 | Val PER: 0.1770
============================================================
  Sample 0:
    TRUE: [31, 17, 0, 19, 27, 2, 28, 17, 39, 27, 17, 19, 2, 22, 28, 16, 8, 11, 8, 39]
    PRED: [19, 0, 19, 2, 28, 39, 27, 2, 14, 27, 0, 27, 22, 12, 30, 2, 8, 39]
    Edit distance: 13/20
  Sample 1:
    TRUE: [27, 16, 7, 39, 26, 11, 7, 2, 28, 30, 39, 28, 10, 34, 27, 2, 20, 39, 28, 5, 22, 8, 39, 20, 16, 31, 2, 14, 27, 1, 13, 28, 39]
    PRED: [35, 1, 19, 39, 26, 0, 7, 2, 30, 37, 39, 28, 10, 34, 2, 20, 39, 19, 1, 22, 8, 39, 20, 10, 19, 2, 2, 13, 39]
    Edit distance: 15/33
  Sample 2:
    TRUE: [28, 24, 39, 27, 33, 20, 37, 39, 35, 17, 39, 21, 12, 8, 39, 16, 22, 39, 2, 22, 2, 6, 1, 29, 30, 39, 19, 2, 20, 33, 38, 2, 22, 39]
    PRED: [9, 2, 39, 27, 17, 20, 37, 39, 35, 17, 39, 21, 12, 8, 39, 16, 22, 39, 2, 22, 2, 34, 2, 28, 39, 19, 2, 20, 33, 38, 2, 22, 39]
    Edit distance: 7/34
  Sample 3:
    TRUE: [20, 3, 27, 17, 37, 39, 19, 0, 28, 30, 33, 21, 39, 22, 17, 8, 2, 8, 39, 6, 20, 1, 19, 39, 14, 20, 2, 34, 37, 39, 30, 33, 39, 6, 17, 39, 19, 2, 21, 26, 20, 17, 30, 20, 17, 39, 10, 20, 2, 14, 2, 22, 30, 39]
    PRED: [35, 25, 17, 39, 19, 0, 28, 30, 33, 21, 39, 22, 17, 8, 39, 6, 20, 12, 19, 39, 20, 16, 34, 37, 39, 30, 32, 8, 39, 6, 17, 39, 19, 2, 21, 26, 36, 17, 30, 20, 11, 39, 10, 20, 2, 22, 39]
    Edit distance: 16/54
  Sample 4:
    TRUE: [9, 2, 39, 30, 33, 31, 39, 13, 10, 27, 17, 39, 13, 11, 14, 0, 30, 39, 30, 33, 39, 19, 2, 21, 39, 35, 10, 22, 39, 27, 0, 18, 11, 37, 39, 30, 33, 31, 39, 13, 10, 20, 39, 4, 30, 39]
    PRED: [9, 2, 39, 27, 33, 31, 39, 34, 1, 20, 36, 17, 39, 13, 27, 17, 14, 0, 30, 39, 30, 33, 39, 19, 2, 21, 39, 27, 10, 22, 8, 39, 35, 10, 8, 11, 37, 39, 31, 11, 31, 39, 13, 3, 20, 39, 4, 30, 39]
    Edit distance: 15/46

============================================================
Batch 97000 | Val PER: 0.1757
============================================================
  Sample 0:
    TRUE: [31, 17, 0, 19, 27, 2, 28, 17, 39, 27, 17, 19, 2, 22, 28, 16, 8, 11, 8, 39]
    PRED: [19, 27, 0, 19, 2, 28, 39, 27, 2, 14, 27, 0, 27, 22, 12, 30, 2, 8, 39]
    Edit distance: 13/20
  Sample 1:
    TRUE: [27, 16, 7, 39, 26, 11, 7, 2, 28, 30, 39, 28, 10, 34, 27, 2, 20, 39, 28, 5, 22, 8, 39, 20, 16, 31, 2, 14, 27, 1, 13, 28, 39]
    PRED: [35, 1, 19, 39, 26, 11, 7, 2, 30, 37, 39, 28, 10, 34, 2, 20, 39, 19, 1, 22, 8, 39, 20, 10, 19, 2, 16, 34, 13, 39]
    Edit distance: 14/33
  Sample 2:
    TRUE: [28, 24, 39, 27, 33, 20, 37, 39, 35, 17, 39, 21, 12, 8, 39, 16, 22, 39, 2, 22, 2, 6, 1, 29, 30, 39, 19, 2, 20, 33, 38, 2, 22, 39]
    PRED: [9, 2, 39, 27, 17, 20, 37, 39, 35, 17, 39, 21, 12, 8, 39, 16, 22, 39, 2, 22, 2, 34, 2, 28, 39, 19, 2, 20, 33, 38, 2, 22, 39]
    Edit distance: 7/34
  Sample 3:
    TRUE: [20, 3, 27, 17, 37, 39, 19, 0, 28, 30, 33, 21, 39, 22, 17, 8, 2, 8, 39, 6, 20, 1, 19, 39, 14, 20, 2, 34, 37, 39, 30, 33, 39, 6, 17, 39, 19, 2, 21, 26, 20, 17, 30, 20, 17, 39, 10, 20, 2, 14, 2, 22, 30, 39]
    PRED: [30, 35, 25, 17, 39, 19, 0, 28, 30, 33, 21, 39, 22, 17, 8, 39, 6, 20, 12, 19, 39, 20, 16, 34, 37, 39, 29, 32, 8, 39, 6, 17, 39, 19, 2, 21, 26, 36, 17, 20, 11, 39, 10, 20, 2, 22, 39]
    Edit distance: 18/54
  Sample 4:
    TRUE: [9, 2, 39, 30, 33, 31, 39, 13, 10, 27, 17, 39, 13, 11, 14, 0, 30, 39, 30, 33, 39, 19, 2, 21, 39, 35, 10, 22, 39, 27, 0, 18, 11, 37, 39, 30, 33, 31, 39, 13, 10, 20, 39, 4, 30, 39]
    PRED: [9, 2, 39, 27, 33, 31, 39, 34, 1, 27, 36, 17, 39, 13, 27, 17, 14, 0, 30, 39, 30, 33, 39, 19, 2, 21, 39, 27, 10, 22, 8, 39, 35, 11, 8, 11, 37, 39, 31, 11, 31, 39, 13, 3, 20, 39, 4, 30, 39]
    Edit distance: 14/46

============================================================
Batch 97500 | Val PER: 0.1772
============================================================
  Sample 0:
    TRUE: [31, 17, 0, 19, 27, 2, 28, 17, 39, 27, 17, 19, 2, 22, 28, 16, 8, 11, 8, 39]
    PRED: [19, 27, 0, 27, 19, 2, 28, 39, 27, 2, 14, 27, 0, 27, 22, 12, 30, 2, 8, 39]
    Edit distance: 14/20
  Sample 1:
    TRUE: [27, 16, 7, 39, 26, 11, 7, 2, 28, 30, 39, 28, 10, 34, 27, 2, 20, 39, 28, 5, 22, 8, 39, 20, 16, 31, 2, 14, 27, 1, 13, 28, 39]
    PRED: [35, 1, 19, 39, 26, 11, 7, 2, 30, 37, 39, 28, 10, 34, 2, 20, 39, 19, 1, 22, 8, 39, 20, 10, 19, 27, 2, 16, 34, 39]
    Edit distance: 15/33
  Sample 2:
    TRUE: [28, 24, 39, 27, 33, 20, 37, 39, 35, 17, 39, 21, 12, 8, 39, 16, 22, 39, 2, 22, 2, 6, 1, 29, 30, 39, 19, 2, 20, 33, 38, 2, 22, 39]
    PRED: [9, 2, 39, 27, 33, 20, 37, 39, 35, 17, 39, 21, 12, 8, 39, 16, 22, 39, 2, 22, 2, 34, 2, 28, 39, 19, 2, 20, 33, 38, 2, 22, 39]
    Edit distance: 6/34
  Sample 3:
    TRUE: [20, 3, 27, 17, 37, 39, 19, 0, 28, 30, 33, 21, 39, 22, 17, 8, 2, 8, 39, 6, 20, 1, 19, 39, 14, 20, 2, 34, 37, 39, 30, 33, 39, 6, 17, 39, 19, 2, 21, 26, 20, 17, 30, 20, 17, 39, 10, 20, 2, 14, 2, 22, 30, 39]
    PRED: [35, 25, 17, 39, 19, 0, 28, 30, 33, 21, 39, 22, 17, 8, 39, 6, 20, 12, 19, 39, 20, 16, 34, 37, 39, 29, 32, 8, 39, 6, 17, 39, 19, 2, 21, 26, 36, 2, 20, 11, 39, 10, 20, 2, 22, 39]
    Edit distance: 19/54
  Sample 4:
    TRUE: [9, 2, 39, 30, 33, 31, 39, 13, 10, 27, 17, 39, 13, 11, 14, 0, 30, 39, 30, 33, 39, 19, 2, 21, 39, 35, 10, 22, 39, 27, 0, 18, 11, 37, 39, 30, 33, 31, 39, 13, 10, 20, 39, 4, 30, 39]
    PRED: [9, 2, 39, 27, 33, 31, 39, 34, 1, 27, 36, 17, 39, 13, 27, 17, 14, 0, 30, 39, 30, 33, 39, 19, 2, 21, 39, 27, 2, 22, 8, 39, 35, 11, 8, 11, 37, 39, 31, 11, 31, 39, 13, 3, 27, 20, 39, 4, 30, 39]
    Edit distance: 16/46

============================================================
Batch 98000 | Val PER: 0.1752
============================================================
  Sample 0:
    TRUE: [31, 17, 0, 19, 27, 2, 28, 17, 39, 27, 17, 19, 2, 22, 28, 16, 8, 11, 8, 39]
    PRED: [19, 27, 0, 27, 19, 2, 28, 39, 27, 2, 14, 27, 0, 27, 30, 2, 8, 39]
    Edit distance: 13/20
  Sample 1:
    TRUE: [27, 16, 7, 39, 26, 11, 7, 2, 28, 30, 39, 28, 10, 34, 27, 2, 20, 39, 28, 5, 22, 8, 39, 20, 16, 31, 2, 14, 27, 1, 13, 28, 39]
    PRED: [35, 1, 19, 39, 26, 11, 7, 2, 30, 37, 39, 28, 10, 34, 2, 20, 39, 19, 4, 22, 8, 39, 20, 10, 19, 2, 16, 34, 39]
    Edit distance: 15/33
  Sample 2:
    TRUE: [28, 24, 39, 27, 33, 20, 37, 39, 35, 17, 39, 21, 12, 8, 39, 16, 22, 39, 2, 22, 2, 6, 1, 29, 30, 39, 19, 2, 20, 33, 38, 2, 22, 39]
    PRED: [9, 2, 39, 27, 33, 20, 37, 39, 35, 17, 39, 21, 12, 8, 39, 16, 22, 39, 2, 22, 2, 34, 2, 28, 39, 19, 2, 20, 33, 38, 2, 22, 39]
    Edit distance: 6/34
  Sample 3:
    TRUE: [20, 3, 27, 17, 37, 39, 19, 0, 28, 30, 33, 21, 39, 22, 17, 8, 2, 8, 39, 6, 20, 1, 19, 39, 14, 20, 2, 34, 37, 39, 30, 33, 39, 6, 17, 39, 19, 2, 21, 26, 20, 17, 30, 20, 17, 39, 10, 20, 2, 14, 2, 22, 30, 39]
    PRED: [35, 25, 17, 39, 19, 0, 28, 30, 33, 21, 39, 22, 17, 8, 39, 6, 20, 12, 19, 39, 20, 16, 34, 37, 39, 29, 32, 8, 39, 6, 17, 39, 19, 2, 21, 26, 36, 17, 20, 11, 39, 10, 20, 2, 22, 39]
    Edit distance: 18/54
  Sample 4:
    TRUE: [9, 2, 39, 30, 33, 31, 39, 13, 10, 27, 17, 39, 13, 11, 14, 0, 30, 39, 30, 33, 39, 19, 2, 21, 39, 35, 10, 22, 39, 27, 0, 18, 11, 37, 39, 30, 33, 31, 39, 13, 10, 20, 39, 4, 30, 39]
    PRED: [9, 2, 39, 27, 33, 31, 39, 34, 1, 27, 36, 17, 39, 13, 27, 17, 14, 0, 30, 39, 30, 33, 39, 19, 2, 21, 39, 27, 2, 22, 8, 39, 35, 11, 8, 11, 37, 39, 31, 11, 31, 39, 13, 3, 27, 20, 39, 4, 30, 39]
    Edit distance: 16/46

============================================================
Batch 98500 | Val PER: 0.1758
============================================================
  Sample 0:
    TRUE: [31, 17, 0, 19, 27, 2, 28, 17, 39, 27, 17, 19, 2, 22, 28, 16, 8, 11, 8, 39]
    PRED: [19, 27, 0, 19, 2, 28, 39, 27, 2, 14, 27, 0, 27, 12, 30, 2, 8, 39]
    Edit distance: 12/20
  Sample 1:
    TRUE: [27, 16, 7, 39, 26, 11, 7, 2, 28, 30, 39, 28, 10, 34, 27, 2, 20, 39, 28, 5, 22, 8, 39, 20, 16, 31, 2, 14, 27, 1, 13, 28, 39]
    PRED: [35, 1, 19, 39, 26, 11, 7, 2, 30, 37, 39, 28, 10, 34, 2, 20, 39, 19, 4, 22, 8, 39, 20, 10, 19, 35, 2, 16, 13, 39]
    Edit distance: 15/33
  Sample 2:
    TRUE: [28, 24, 39, 27, 33, 20, 37, 39, 35, 17, 39, 21, 12, 8, 39, 16, 22, 39, 2, 22, 2, 6, 1, 29, 30, 39, 19, 2, 20, 33, 38, 2, 22, 39]
    PRED: [9, 2, 39, 27, 33, 20, 37, 39, 35, 17, 39, 21, 12, 8, 39, 16, 22, 39, 2, 22, 2, 34, 2, 28, 39, 19, 2, 20, 33, 38, 2, 22, 39]
    Edit distance: 6/34
  Sample 3:
    TRUE: [20, 3, 27, 17, 37, 39, 19, 0, 28, 30, 33, 21, 39, 22, 17, 8, 2, 8, 39, 6, 20, 1, 19, 39, 14, 20, 2, 34, 37, 39, 30, 33, 39, 6, 17, 39, 19, 2, 21, 26, 20, 17, 30, 20, 17, 39, 10, 20, 2, 14, 2, 22, 30, 39]
    PRED: [35, 25, 17, 39, 19, 0, 28, 30, 33, 21, 39, 22, 17, 8, 39, 6, 20, 12, 19, 39, 20, 16, 34, 37, 39, 29, 32, 8, 39, 6, 17, 39, 19, 2, 21, 26, 36, 17, 30, 20, 11, 39, 10, 20, 2, 22, 39]
    Edit distance: 17/54
  Sample 4:
    TRUE: [9, 2, 39, 30, 33, 31, 39, 13, 10, 27, 17, 39, 13, 11, 14, 0, 30, 39, 30, 33, 39, 19, 2, 21, 39, 35, 10, 22, 39, 27, 0, 18, 11, 37, 39, 30, 33, 31, 39, 13, 10, 20, 39, 4, 30, 39]
    PRED: [9, 2, 39, 27, 33, 31, 39, 34, 1, 27, 36, 17, 39, 13, 27, 17, 14, 0, 30, 39, 30, 33, 39, 19, 2, 21, 39, 27, 2, 22, 8, 39, 35, 0, 8, 11, 37, 39, 31, 11, 31, 39, 13, 3, 20, 39, 4, 30, 39]
    Edit distance: 14/46

============================================================
Batch 99000 | Val PER: 0.1768
============================================================
  Sample 0:
    TRUE: [31, 17, 0, 19, 27, 2, 28, 17, 39, 27, 17, 19, 2, 22, 28, 16, 8, 11, 8, 39]
    PRED: [19, 27, 0, 19, 2, 28, 39, 27, 2, 14, 27, 0, 27, 30, 2, 8, 39]
    Edit distance: 12/20
  Sample 1:
    TRUE: [27, 16, 7, 39, 26, 11, 7, 2, 28, 30, 39, 28, 10, 34, 27, 2, 20, 39, 28, 5, 22, 8, 39, 20, 16, 31, 2, 14, 27, 1, 13, 28, 39]
    PRED: [35, 1, 19, 39, 26, 0, 7, 2, 30, 37, 39, 28, 10, 34, 2, 20, 39, 19, 4, 22, 8, 39, 20, 10, 19, 2, 2, 13, 39]
    Edit distance: 15/33
  Sample 2:
    TRUE: [28, 24, 39, 27, 33, 20, 37, 39, 35, 17, 39, 21, 12, 8, 39, 16, 22, 39, 2, 22, 2, 6, 1, 29, 30, 39, 19, 2, 20, 33, 38, 2, 22, 39]
    PRED: [9, 2, 39, 27, 33, 20, 37, 39, 35, 17, 39, 21, 12, 8, 39, 16, 22, 39, 2, 22, 8, 2, 34, 2, 28, 39, 19, 2, 20, 33, 38, 2, 22, 39]
    Edit distance: 7/34
  Sample 3:
    TRUE: [20, 3, 27, 17, 37, 39, 19, 0, 28, 30, 33, 21, 39, 22, 17, 8, 2, 8, 39, 6, 20, 1, 19, 39, 14, 20, 2, 34, 37, 39, 30, 33, 39, 6, 17, 39, 19, 2, 21, 26, 20, 17, 30, 20, 17, 39, 10, 20, 2, 14, 2, 22, 30, 39]
    PRED: [30, 35, 25, 17, 39, 19, 0, 28, 30, 33, 21, 39, 22, 17, 8, 39, 6, 20, 12, 19, 39, 20, 16, 34, 37, 39, 29, 32, 8, 39, 6, 17, 39, 19, 2, 21, 26, 36, 17, 30, 20, 11, 39, 10, 20, 2, 22, 39]
    Edit distance: 17/54
  Sample 4:
    TRUE: [9, 2, 39, 30, 33, 31, 39, 13, 10, 27, 17, 39, 13, 11, 14, 0, 30, 39, 30, 33, 39, 19, 2, 21, 39, 35, 10, 22, 39, 27, 0, 18, 11, 37, 39, 30, 33, 31, 39, 13, 10, 20, 39, 4, 30, 39]
    PRED: [9, 2, 39, 27, 33, 31, 39, 34, 1, 27, 20, 36, 17, 39, 13, 27, 17, 14, 0, 30, 39, 30, 33, 39, 19, 2, 21, 39, 27, 2, 22, 8, 39, 35, 0, 8, 11, 37, 39, 31, 11, 31, 39, 13, 3, 20, 39, 4, 30, 39]
    Edit distance: 15/46

============================================================
Batch 99500 | Val PER: 0.1763
============================================================
  Sample 0:
    TRUE: [31, 17, 0, 19, 27, 2, 28, 17, 39, 27, 17, 19, 2, 22, 28, 16, 8, 11, 8, 39]
    PRED: [19, 27, 10, 0, 19, 2, 28, 39, 27, 2, 14, 27, 0, 27, 30, 2, 8, 39]
    Edit distance: 13/20
  Sample 1:
    TRUE: [27, 16, 7, 39, 26, 11, 7, 2, 28, 30, 39, 28, 10, 34, 27, 2, 20, 39, 28, 5, 22, 8, 39, 20, 16, 31, 2, 14, 27, 1, 13, 28, 39]
    PRED: [35, 1, 19, 39, 26, 11, 7, 2, 30, 37, 39, 28, 10, 34, 2, 20, 39, 19, 4, 22, 8, 39, 20, 10, 19, 2, 30, 16, 13, 39]
    Edit distance: 14/33
  Sample 2:
    TRUE: [28, 24, 39, 27, 33, 20, 37, 39, 35, 17, 39, 21, 12, 8, 39, 16, 22, 39, 2, 22, 2, 6, 1, 29, 30, 39, 19, 2, 20, 33, 38, 2, 22, 39]
    PRED: [9, 2, 39, 27, 33, 20, 37, 39, 35, 17, 39, 21, 12, 8, 39, 16, 22, 39, 2, 22, 2, 34, 2, 28, 39, 19, 2, 20, 33, 38, 2, 22, 39]
    Edit distance: 6/34
  Sample 3:
    TRUE: [20, 3, 27, 17, 37, 39, 19, 0, 28, 30, 33, 21, 39, 22, 17, 8, 2, 8, 39, 6, 20, 1, 19, 39, 14, 20, 2, 34, 37, 39, 30, 33, 39, 6, 17, 39, 19, 2, 21, 26, 20, 17, 30, 20, 17, 39, 10, 20, 2, 14, 2, 22, 30, 39]
    PRED: [35, 25, 17, 39, 19, 1, 28, 30, 33, 21, 39, 22, 17, 8, 39, 6, 20, 12, 19, 39, 20, 16, 34, 37, 39, 29, 32, 8, 39, 6, 17, 39, 19, 2, 21, 26, 36, 17, 30, 20, 11, 39, 10, 20, 2, 22, 39]
    Edit distance: 18/54
  Sample 4:
    TRUE: [9, 2, 39, 30, 33, 31, 39, 13, 10, 27, 17, 39, 13, 11, 14, 0, 30, 39, 30, 33, 39, 19, 2, 21, 39, 35, 10, 22, 39, 27, 0, 18, 11, 37, 39, 30, 33, 31, 39, 13, 10, 20, 39, 4, 30, 39]
    PRED: [9, 2, 39, 27, 33, 31, 39, 34, 1, 27, 36, 17, 39, 13, 27, 17, 14, 0, 30, 39, 30, 33, 39, 19, 2, 21, 39, 27, 2, 22, 8, 39, 35, 10, 8, 11, 37, 39, 31, 11, 31, 39, 13, 3, 20, 39, 4, 30, 39]
    Edit distance: 15/46

============================================================
Batch 100000 | Val PER: 0.1754
============================================================
  Sample 0:
    TRUE: [31, 17, 0, 19, 27, 2, 28, 17, 39, 27, 17, 19, 2, 22, 28, 16, 8, 11, 8, 39]
    PRED: [27, 0, 19, 2, 28, 39, 27, 2, 14, 27, 0, 27, 30, 2, 8, 39]
    Edit distance: 12/20
  Sample 1:
    TRUE: [27, 16, 7, 39, 26, 11, 7, 2, 28, 30, 39, 28, 10, 34, 27, 2, 20, 39, 28, 5, 22, 8, 39, 20, 16, 31, 2, 14, 27, 1, 13, 28, 39]
    PRED: [35, 1, 19, 39, 26, 11, 7, 2, 37, 39, 28, 10, 34, 2, 20, 39, 19, 4, 22, 8, 39, 20, 10, 19, 2, 16, 13, 39]
    Edit distance: 14/33
  Sample 2:
    TRUE: [28, 24, 39, 27, 33, 20, 37, 39, 35, 17, 39, 21, 12, 8, 39, 16, 22, 39, 2, 22, 2, 6, 1, 29, 30, 39, 19, 2, 20, 33, 38, 2, 22, 39]
    PRED: [9, 2, 39, 27, 33, 20, 37, 39, 35, 17, 39, 21, 12, 8, 39, 16, 22, 39, 2, 22, 2, 34, 2, 28, 39, 19, 2, 20, 33, 38, 2, 22, 39]
    Edit distance: 6/34
  Sample 3:
    TRUE: [20, 3, 27, 17, 37, 39, 19, 0, 28, 30, 33, 21, 39, 22, 17, 8, 2, 8, 39, 6, 20, 1, 19, 39, 14, 20, 2, 34, 37, 39, 30, 33, 39, 6, 17, 39, 19, 2, 21, 26, 20, 17, 30, 20, 17, 39, 10, 20, 2, 14, 2, 22, 30, 39]
    PRED: [35, 25, 17, 39, 19, 0, 28, 30, 33, 21, 39, 22, 17, 8, 39, 6, 20, 12, 19, 39, 20, 16, 34, 37, 39, 29, 32, 8, 39, 6, 17, 39, 19, 2, 21, 26, 36, 17, 30, 20, 11, 39, 10, 20, 2, 22, 39]
    Edit distance: 17/54
  Sample 4:
    TRUE: [9, 2, 39, 30, 33, 31, 39, 13, 10, 27, 17, 39, 13, 11, 14, 0, 30, 39, 30, 33, 39, 19, 2, 21, 39, 35, 10, 22, 39, 27, 0, 18, 11, 37, 39, 30, 33, 31, 39, 13, 10, 20, 39, 4, 30, 39]
    PRED: [9, 2, 39, 27, 33, 31, 39, 34, 1, 27, 20, 36, 17, 39, 13, 27, 17, 14, 0, 30, 39, 30, 33, 39, 19, 2, 21, 39, 27, 10, 22, 8, 39, 27, 10, 8, 11, 37, 39, 31, 11, 31, 39, 13, 3, 20, 39, 4, 30, 39]
    Edit distance: 14/46

============================================================
Batch 100500 | Val PER: 0.1766
============================================================
  Sample 0:
    TRUE: [31, 17, 0, 19, 27, 2, 28, 17, 39, 27, 17, 19, 2, 22, 28, 16, 8, 11, 8, 39]
    PRED: [27, 0, 19, 2, 28, 39, 27, 2, 14, 27, 0, 27, 30, 2, 8, 39]
    Edit distance: 12/20
  Sample 1:
    TRUE: [27, 16, 7, 39, 26, 11, 7, 2, 28, 30, 39, 28, 10, 34, 27, 2, 20, 39, 28, 5, 22, 8, 39, 20, 16, 31, 2, 14, 27, 1, 13, 28, 39]
    PRED: [27, 1, 19, 39, 26, 11, 7, 2, 22, 37, 39, 28, 10, 34, 2, 20, 39, 19, 1, 22, 8, 39, 20, 2, 19, 2, 16, 13, 39]
    Edit distance: 13/33
  Sample 2:
    TRUE: [28, 24, 39, 27, 33, 20, 37, 39, 35, 17, 39, 21, 12, 8, 39, 16, 22, 39, 2, 22, 2, 6, 1, 29, 30, 39, 19, 2, 20, 33, 38, 2, 22, 39]
    PRED: [9, 2, 39, 27, 33, 20, 37, 39, 35, 17, 39, 21, 12, 8, 39, 16, 22, 39, 2, 22, 8, 2, 34, 2, 28, 39, 19, 2, 20, 33, 38, 2, 22, 39]
    Edit distance: 7/34
  Sample 3:
    TRUE: [20, 3, 27, 17, 37, 39, 19, 0, 28, 30, 33, 21, 39, 22, 17, 8, 2, 8, 39, 6, 20, 1, 19, 39, 14, 20, 2, 34, 37, 39, 30, 33, 39, 6, 17, 39, 19, 2, 21, 26, 20, 17, 30, 20, 17, 39, 10, 20, 2, 14, 2, 22, 30, 39]
    PRED: [35, 25, 11, 39, 19, 0, 28, 30, 33, 21, 39, 22, 17, 8, 39, 6, 20, 12, 19, 39, 20, 16, 34, 37, 39, 29, 32, 8, 39, 6, 17, 39, 19, 2, 21, 26, 36, 17, 20, 11, 39, 10, 20, 2, 22, 39]
    Edit distance: 19/54
  Sample 4:
    TRUE: [9, 2, 39, 30, 33, 31, 39, 13, 10, 27, 17, 39, 13, 11, 14, 0, 30, 39, 30, 33, 39, 19, 2, 21, 39, 35, 10, 22, 39, 27, 0, 18, 11, 37, 39, 30, 33, 31, 39, 13, 10, 20, 39, 4, 30, 39]
    PRED: [9, 2, 39, 27, 33, 31, 39, 34, 1, 27, 36, 17, 39, 27, 17, 14, 0, 30, 39, 30, 33, 39, 19, 2, 21, 39, 27, 2, 22, 8, 39, 35, 10, 8, 11, 37, 39, 31, 11, 31, 39, 13, 3, 20, 39, 4, 30, 39]
    Edit distance: 15/46

============================================================
Batch 101000 | Val PER: 0.1765
============================================================
  Sample 0:
    TRUE: [31, 17, 0, 19, 27, 2, 28, 17, 39, 27, 17, 19, 2, 22, 28, 16, 8, 11, 8, 39]
    PRED: [27, 0, 19, 2, 28, 39, 27, 2, 14, 27, 0, 27, 30, 2, 8, 39]
    Edit distance: 12/20
  Sample 1:
    TRUE: [27, 16, 7, 39, 26, 11, 7, 2, 28, 30, 39, 28, 10, 34, 27, 2, 20, 39, 28, 5, 22, 8, 39, 20, 16, 31, 2, 14, 27, 1, 13, 28, 39]
    PRED: [27, 1, 19, 39, 26, 11, 7, 2, 22, 37, 39, 28, 10, 34, 2, 20, 39, 19, 1, 22, 8, 39, 20, 10, 19, 16, 13, 39]
    Edit distance: 14/33
  Sample 2:
    TRUE: [28, 24, 39, 27, 33, 20, 37, 39, 35, 17, 39, 21, 12, 8, 39, 16, 22, 39, 2, 22, 2, 6, 1, 29, 30, 39, 19, 2, 20, 33, 38, 2, 22, 39]
    PRED: [9, 2, 39, 27, 33, 20, 37, 39, 35, 17, 39, 21, 12, 8, 39, 16, 22, 39, 2, 22, 2, 34, 2, 28, 39, 19, 2, 20, 33, 38, 2, 22, 39]
    Edit distance: 6/34
  Sample 3:
    TRUE: [20, 3, 27, 17, 37, 39, 19, 0, 28, 30, 33, 21, 39, 22, 17, 8, 2, 8, 39, 6, 20, 1, 19, 39, 14, 20, 2, 34, 37, 39, 30, 33, 39, 6, 17, 39, 19, 2, 21, 26, 20, 17, 30, 20, 17, 39, 10, 20, 2, 14, 2, 22, 30, 39]
    PRED: [35, 25, 17, 39, 19, 0, 28, 30, 33, 21, 39, 22, 17, 8, 39, 6, 20, 12, 19, 39, 20, 16, 34, 37, 39, 29, 32, 8, 39, 6, 17, 39, 19, 2, 21, 26, 36, 17, 30, 20, 11, 39, 10, 20, 2, 22, 39]
    Edit distance: 17/54
  Sample 4:
    TRUE: [9, 2, 39, 30, 33, 31, 39, 13, 10, 27, 17, 39, 13, 11, 14, 0, 30, 39, 30, 33, 39, 19, 2, 21, 39, 35, 10, 22, 39, 27, 0, 18, 11, 37, 39, 30, 33, 31, 39, 13, 10, 20, 39, 4, 30, 39]
    PRED: [9, 2, 39, 27, 33, 31, 39, 34, 1, 27, 36, 17, 39, 27, 17, 14, 0, 30, 39, 30, 33, 39, 19, 2, 21, 39, 27, 2, 22, 39, 35, 10, 8, 11, 37, 39, 31, 33, 31, 39, 13, 3, 20, 39, 4, 30, 39]
    Edit distance: 13/46

============================================================
Batch 101500 | Val PER: 0.1762
============================================================
  Sample 0:
    TRUE: [31, 17, 0, 19, 27, 2, 28, 17, 39, 27, 17, 19, 2, 22, 28, 16, 8, 11, 8, 39]
    PRED: [19, 27, 0, 19, 2, 28, 39, 27, 2, 14, 27, 0, 27, 30, 2, 8, 39]
    Edit distance: 12/20
  Sample 1:
    TRUE: [27, 16, 7, 39, 26, 11, 7, 2, 28, 30, 39, 28, 10, 34, 27, 2, 20, 39, 28, 5, 22, 8, 39, 20, 16, 31, 2, 14, 27, 1, 13, 28, 39]
    PRED: [27, 1, 19, 39, 26, 11, 7, 2, 22, 37, 39, 28, 10, 34, 2, 20, 39, 19, 1, 22, 8, 39, 20, 10, 19, 30, 16, 34, 39]
    Edit distance: 15/33
  Sample 2:
    TRUE: [28, 24, 39, 27, 33, 20, 37, 39, 35, 17, 39, 21, 12, 8, 39, 16, 22, 39, 2, 22, 2, 6, 1, 29, 30, 39, 19, 2, 20, 33, 38, 2, 22, 39]
    PRED: [9, 2, 39, 27, 33, 20, 37, 39, 35, 17, 39, 21, 12, 8, 39, 16, 22, 39, 2, 22, 2, 34, 2, 28, 39, 19, 2, 20, 33, 38, 2, 22, 39]
    Edit distance: 6/34
  Sample 3:
    TRUE: [20, 3, 27, 17, 37, 39, 19, 0, 28, 30, 33, 21, 39, 22, 17, 8, 2, 8, 39, 6, 20, 1, 19, 39, 14, 20, 2, 34, 37, 39, 30, 33, 39, 6, 17, 39, 19, 2, 21, 26, 20, 17, 30, 20, 17, 39, 10, 20, 2, 14, 2, 22, 30, 39]
    PRED: [35, 25, 17, 39, 19, 1, 28, 30, 33, 21, 39, 22, 17, 8, 39, 6, 20, 12, 19, 39, 20, 16, 34, 37, 39, 30, 32, 8, 39, 6, 17, 39, 19, 2, 21, 26, 36, 17, 30, 20, 11, 39, 10, 20, 2, 22, 39]
    Edit distance: 17/54
  Sample 4:
    TRUE: [9, 2, 39, 30, 33, 31, 39, 13, 10, 27, 17, 39, 13, 11, 14, 0, 30, 39, 30, 33, 39, 19, 2, 21, 39, 35, 10, 22, 39, 27, 0, 18, 11, 37, 39, 30, 33, 31, 39, 13, 10, 20, 39, 4, 30, 39]
    PRED: [9, 2, 39, 27, 33, 31, 39, 34, 1, 27, 36, 17, 39, 27, 17, 14, 0, 30, 39, 30, 33, 39, 19, 2, 21, 39, 27, 10, 22, 8, 39, 35, 11, 8, 11, 37, 39, 31, 11, 31, 39, 13, 3, 20, 39, 4, 30, 39]
    Edit distance: 14/46

============================================================
Batch 102000 | Val PER: 0.1773
============================================================
  Sample 0:
    TRUE: [31, 17, 0, 19, 27, 2, 28, 17, 39, 27, 17, 19, 2, 22, 28, 16, 8, 11, 8, 39]
    PRED: [27, 0, 27, 19, 2, 28, 39, 27, 2, 14, 0, 30, 2, 8, 39]
    Edit distance: 12/20
  Sample 1:
    TRUE: [27, 16, 7, 39, 26, 11, 7, 2, 28, 30, 39, 28, 10, 34, 27, 2, 20, 39, 28, 5, 22, 8, 39, 20, 16, 31, 2, 14, 27, 1, 13, 28, 39]
    PRED: [35, 1, 19, 39, 26, 0, 7, 2, 37, 39, 28, 10, 34, 2, 20, 39, 19, 1, 22, 8, 39, 20, 10, 19, 16, 34, 39]
    Edit distance: 17/33
  Sample 2:
    TRUE: [28, 24, 39, 27, 33, 20, 37, 39, 35, 17, 39, 21, 12, 8, 39, 16, 22, 39, 2, 22, 2, 6, 1, 29, 30, 39, 19, 2, 20, 33, 38, 2, 22, 39]
    PRED: [9, 2, 39, 27, 33, 20, 37, 39, 35, 17, 39, 21, 12, 8, 39, 16, 22, 39, 2, 22, 2, 34, 2, 28, 39, 19, 2, 20, 33, 38, 2, 22, 39]
    Edit distance: 6/34
  Sample 3:
    TRUE: [20, 3, 27, 17, 37, 39, 19, 0, 28, 30, 33, 21, 39, 22, 17, 8, 2, 8, 39, 6, 20, 1, 19, 39, 14, 20, 2, 34, 37, 39, 30, 33, 39, 6, 17, 39, 19, 2, 21, 26, 20, 17, 30, 20, 17, 39, 10, 20, 2, 14, 2, 22, 30, 39]
    PRED: [35, 25, 11, 39, 19, 1, 28, 30, 33, 21, 39, 22, 17, 8, 39, 6, 20, 12, 19, 39, 20, 16, 34, 37, 39, 29, 32, 8, 39, 6, 17, 39, 19, 2, 21, 26, 36, 17, 30, 20, 11, 39, 10, 20, 2, 22, 39]
    Edit distance: 19/54
  Sample 4:
    TRUE: [9, 2, 39, 30, 33, 31, 39, 13, 10, 27, 17, 39, 13, 11, 14, 0, 30, 39, 30, 33, 39, 19, 2, 21, 39, 35, 10, 22, 39, 27, 0, 18, 11, 37, 39, 30, 33, 31, 39, 13, 10, 20, 39, 4, 30, 39]
    PRED: [9, 2, 39, 27, 33, 31, 39, 34, 1, 27, 36, 17, 39, 27, 17, 14, 0, 30, 39, 30, 33, 39, 19, 2, 21, 39, 27, 10, 22, 8, 39, 27, 11, 8, 11, 37, 39, 31, 33, 31, 39, 13, 3, 20, 39, 4, 30, 39]
    Edit distance: 12/46

============================================================
Batch 102500 | Val PER: 0.1775
============================================================
  Sample 0:
    TRUE: [31, 17, 0, 19, 27, 2, 28, 17, 39, 27, 17, 19, 2, 22, 28, 16, 8, 11, 8, 39]
    PRED: [29, 27, 0, 19, 11, 2, 28, 39, 27, 2, 14, 0, 30, 2, 8, 39]
    Edit distance: 11/20
  Sample 1:
    TRUE: [27, 16, 7, 39, 26, 11, 7, 2, 28, 30, 39, 28, 10, 34, 27, 2, 20, 39, 28, 5, 22, 8, 39, 20, 16, 31, 2, 14, 27, 1, 13, 28, 39]
    PRED: [27, 1, 19, 39, 26, 11, 7, 2, 22, 37, 39, 28, 10, 34, 2, 20, 39, 19, 1, 22, 8, 39, 20, 10, 19, 35, 2, 16, 13, 39]
    Edit distance: 14/33
  Sample 2:
    TRUE: [28, 24, 39, 27, 33, 20, 37, 39, 35, 17, 39, 21, 12, 8, 39, 16, 22, 39, 2, 22, 2, 6, 1, 29, 30, 39, 19, 2, 20, 33, 38, 2, 22, 39]
    PRED: [9, 2, 39, 27, 33, 20, 37, 39, 35, 17, 39, 21, 12, 8, 39, 16, 22, 39, 2, 22, 2, 34, 2, 28, 39, 19, 2, 20, 33, 38, 2, 22, 39]
    Edit distance: 6/34
  Sample 3:
    TRUE: [20, 3, 27, 17, 37, 39, 19, 0, 28, 30, 33, 21, 39, 22, 17, 8, 2, 8, 39, 6, 20, 1, 19, 39, 14, 20, 2, 34, 37, 39, 30, 33, 39, 6, 17, 39, 19, 2, 21, 26, 20, 17, 30, 20, 17, 39, 10, 20, 2, 14, 2, 22, 30, 39]
    PRED: [35, 25, 11, 39, 19, 0, 28, 30, 15, 33, 21, 39, 22, 17, 8, 39, 6, 20, 12, 19, 39, 20, 16, 34, 37, 39, 29, 32, 8, 39, 6, 17, 39, 19, 2, 21, 26, 36, 17, 30, 20, 11, 39, 10, 20, 2, 22, 39]
    Edit distance: 19/54
  Sample 4:
    TRUE: [9, 2, 39, 30, 33, 31, 39, 13, 10, 27, 17, 39, 13, 11, 14, 0, 30, 39, 30, 33, 39, 19, 2, 21, 39, 35, 10, 22, 39, 27, 0, 18, 11, 37, 39, 30, 33, 31, 39, 13, 10, 20, 39, 4, 30, 39]
    PRED: [9, 2, 39, 27, 33, 31, 39, 34, 1, 27, 36, 17, 39, 27, 17, 14, 0, 30, 39, 30, 33, 39, 19, 2, 21, 39, 27, 2, 22, 8, 39, 27, 11, 8, 11, 37, 39, 31, 11, 31, 39, 13, 3, 20, 39, 4, 30, 39]
    Edit distance: 14/46

============================================================
Batch 103000 | Val PER: 0.1789
============================================================
  Sample 0:
    TRUE: [31, 17, 0, 19, 27, 2, 28, 17, 39, 27, 17, 19, 2, 22, 28, 16, 8, 11, 8, 39]
    PRED: [27, 0, 19, 2, 28, 39, 27, 2, 14, 0, 27, 30, 2, 8, 39]
    Edit distance: 11/20
  Sample 1:
    TRUE: [27, 16, 7, 39, 26, 11, 7, 2, 28, 30, 39, 28, 10, 34, 27, 2, 20, 39, 28, 5, 22, 8, 39, 20, 16, 31, 2, 14, 27, 1, 13, 28, 39]
    PRED: [27, 1, 19, 39, 26, 0, 7, 2, 22, 37, 39, 28, 10, 34, 2, 20, 39, 19, 1, 22, 8, 39, 20, 10, 19, 3, 16, 13, 39]
    Edit distance: 15/33
  Sample 2:
    TRUE: [28, 24, 39, 27, 33, 20, 37, 39, 35, 17, 39, 21, 12, 8, 39, 16, 22, 39, 2, 22, 2, 6, 1, 29, 30, 39, 19, 2, 20, 33, 38, 2, 22, 39]
    PRED: [9, 2, 39, 27, 33, 20, 37, 39, 35, 17, 39, 21, 12, 8, 39, 16, 22, 39, 2, 22, 2, 34, 2, 28, 39, 19, 2, 20, 33, 38, 2, 22, 39]
    Edit distance: 6/34
  Sample 3:
    TRUE: [20, 3, 27, 17, 37, 39, 19, 0, 28, 30, 33, 21, 39, 22, 17, 8, 2, 8, 39, 6, 20, 1, 19, 39, 14, 20, 2, 34, 37, 39, 30, 33, 39, 6, 17, 39, 19, 2, 21, 26, 20, 17, 30, 20, 17, 39, 10, 20, 2, 14, 2, 22, 30, 39]
    PRED: [35, 25, 11, 39, 19, 0, 28, 30, 33, 21, 39, 22, 17, 8, 39, 6, 20, 12, 19, 39, 20, 16, 34, 37, 39, 29, 32, 8, 39, 6, 17, 39, 19, 2, 21, 26, 36, 17, 30, 20, 11, 39, 10, 20, 2, 22, 39]
    Edit distance: 18/54
  Sample 4:
    TRUE: [9, 2, 39, 30, 33, 31, 39, 13, 10, 27, 17, 39, 13, 11, 14, 0, 30, 39, 30, 33, 39, 19, 2, 21, 39, 35, 10, 22, 39, 27, 0, 18, 11, 37, 39, 30, 33, 31, 39, 13, 10, 20, 39, 4, 30, 39]
    PRED: [9, 2, 39, 27, 33, 31, 39, 34, 1, 27, 36, 17, 39, 27, 17, 14, 0, 30, 39, 30, 33, 39, 19, 2, 21, 39, 27, 2, 22, 8, 39, 27, 11, 8, 11, 37, 39, 31, 11, 31, 39, 13, 3, 27, 20, 39, 4, 30, 39]
    Edit distance: 15/46

============================================================
Batch 103500 | Val PER: 0.1775
============================================================
  Sample 0:
    TRUE: [31, 17, 0, 19, 27, 2, 28, 17, 39, 27, 17, 19, 2, 22, 28, 16, 8, 11, 8, 39]
    PRED: [27, 0, 27, 19, 2, 28, 39, 27, 2, 14, 27, 0, 27, 30, 2, 8, 39]
    Edit distance: 13/20
  Sample 1:
    TRUE: [27, 16, 7, 39, 26, 11, 7, 2, 28, 30, 39, 28, 10, 34, 27, 2, 20, 39, 28, 5, 22, 8, 39, 20, 16, 31, 2, 14, 27, 1, 13, 28, 39]
    PRED: [27, 1, 19, 39, 26, 0, 7, 2, 30, 37, 39, 28, 10, 34, 2, 20, 39, 19, 1, 22, 8, 39, 20, 10, 19, 3, 2, 13, 39]
    Edit distance: 15/33
  Sample 2:
    TRUE: [28, 24, 39, 27, 33, 20, 37, 39, 35, 17, 39, 21, 12, 8, 39, 16, 22, 39, 2, 22, 2, 6, 1, 29, 30, 39, 19, 2, 20, 33, 38, 2, 22, 39]
    PRED: [9, 2, 39, 27, 25, 20, 37, 39, 35, 17, 39, 21, 12, 8, 39, 16, 22, 39, 2, 22, 2, 34, 21, 2, 28, 39, 19, 2, 20, 33, 38, 2, 22, 39]
    Edit distance: 7/34
  Sample 3:
    TRUE: [20, 3, 27, 17, 37, 39, 19, 0, 28, 30, 33, 21, 39, 22, 17, 8, 2, 8, 39, 6, 20, 1, 19, 39, 14, 20, 2, 34, 37, 39, 30, 33, 39, 6, 17, 39, 19, 2, 21, 26, 20, 17, 30, 20, 17, 39, 10, 20, 2, 14, 2, 22, 30, 39]
    PRED: [35, 25, 11, 17, 39, 19, 0, 28, 30, 33, 21, 39, 22, 17, 8, 39, 6, 20, 12, 19, 39, 20, 16, 34, 37, 39, 30, 32, 8, 39, 6, 17, 39, 19, 2, 21, 26, 36, 17, 30, 20, 11, 39, 10, 20, 2, 22, 39]
    Edit distance: 16/54
  Sample 4:
    TRUE: [9, 2, 39, 30, 33, 31, 39, 13, 10, 27, 17, 39, 13, 11, 14, 0, 30, 39, 30, 33, 39, 19, 2, 21, 39, 35, 10, 22, 39, 27, 0, 18, 11, 37, 39, 30, 33, 31, 39, 13, 10, 20, 39, 4, 30, 39]
    PRED: [9, 2, 39, 27, 33, 31, 39, 34, 1, 27, 36, 17, 39, 27, 17, 14, 0, 30, 39, 30, 33, 39, 19, 2, 21, 39, 27, 2, 22, 8, 39, 35, 11, 8, 11, 37, 39, 31, 11, 31, 39, 13, 3, 27, 20, 39, 4, 30, 39]
    Edit distance: 16/46

============================================================
Batch 104000 | Val PER: 0.1761
============================================================
  Sample 0:
    TRUE: [31, 17, 0, 19, 27, 2, 28, 17, 39, 27, 17, 19, 2, 22, 28, 16, 8, 11, 8, 39]
    PRED: [27, 0, 19, 2, 28, 39, 27, 2, 14, 0, 27, 22, 12, 30, 2, 8, 39]
    Edit distance: 12/20
  Sample 1:
    TRUE: [27, 16, 7, 39, 26, 11, 7, 2, 28, 30, 39, 28, 10, 34, 27, 2, 20, 39, 28, 5, 22, 8, 39, 20, 16, 31, 2, 14, 27, 1, 13, 28, 39]
    PRED: [27, 1, 19, 39, 26, 0, 7, 2, 22, 37, 39, 28, 10, 34, 2, 20, 39, 19, 1, 22, 8, 39, 20, 10, 19, 2, 16, 13, 39]
    Edit distance: 14/33
  Sample 2:
    TRUE: [28, 24, 39, 27, 33, 20, 37, 39, 35, 17, 39, 21, 12, 8, 39, 16, 22, 39, 2, 22, 2, 6, 1, 29, 30, 39, 19, 2, 20, 33, 38, 2, 22, 39]
    PRED: [9, 2, 39, 27, 25, 20, 37, 39, 35, 17, 39, 21, 12, 8, 39, 16, 22, 39, 2, 22, 2, 34, 2, 28, 39, 19, 2, 20, 33, 38, 2, 22, 39]
    Edit distance: 7/34
  Sample 3:
    TRUE: [20, 3, 27, 17, 37, 39, 19, 0, 28, 30, 33, 21, 39, 22, 17, 8, 2, 8, 39, 6, 20, 1, 19, 39, 14, 20, 2, 34, 37, 39, 30, 33, 39, 6, 17, 39, 19, 2, 21, 26, 20, 17, 30, 20, 17, 39, 10, 20, 2, 14, 2, 22, 30, 39]
    PRED: [35, 25, 17, 37, 39, 19, 0, 28, 30, 33, 21, 39, 22, 17, 8, 39, 6, 20, 12, 19, 39, 20, 16, 34, 37, 39, 30, 33, 8, 39, 6, 17, 39, 19, 2, 21, 26, 36, 17, 2, 30, 20, 17, 39, 10, 20, 2, 22, 8, 39]
    Edit distance: 14/54
  Sample 4:
    TRUE: [9, 2, 39, 30, 33, 31, 39, 13, 10, 27, 17, 39, 13, 11, 14, 0, 30, 39, 30, 33, 39, 19, 2, 21, 39, 35, 10, 22, 39, 27, 0, 18, 11, 37, 39, 30, 33, 31, 39, 13, 10, 20, 39, 4, 30, 39]
    PRED: [9, 2, 39, 27, 33, 31, 39, 34, 1, 27, 17, 39, 27, 17, 0, 30, 39, 30, 33, 39, 19, 2, 21, 39, 27, 10, 22, 8, 39, 27, 11, 8, 11, 37, 39, 31, 33, 31, 39, 13, 3, 27, 20, 39, 4, 30, 39]
    Edit distance: 13/46

============================================================
Batch 104500 | Val PER: 0.1768
============================================================
  Sample 0:
    TRUE: [31, 17, 0, 19, 27, 2, 28, 17, 39, 27, 17, 19, 2, 22, 28, 16, 8, 11, 8, 39]
    PRED: [19, 27, 1, 0, 19, 2, 28, 39, 27, 2, 14, 27, 0, 27, 12, 30, 2, 8, 39]
    Edit distance: 13/20
  Sample 1:
    TRUE: [27, 16, 7, 39, 26, 11, 7, 2, 28, 30, 39, 28, 10, 34, 27, 2, 20, 39, 28, 5, 22, 8, 39, 20, 16, 31, 2, 14, 27, 1, 13, 28, 39]
    PRED: [27, 1, 19, 39, 26, 2, 7, 2, 30, 37, 39, 28, 10, 34, 2, 20, 39, 19, 1, 22, 8, 39, 20, 10, 19, 3, 16, 13, 39]
    Edit distance: 15/33
  Sample 2:
    TRUE: [28, 24, 39, 27, 33, 20, 37, 39, 35, 17, 39, 21, 12, 8, 39, 16, 22, 39, 2, 22, 2, 6, 1, 29, 30, 39, 19, 2, 20, 33, 38, 2, 22, 39]
    PRED: [9, 2, 39, 27, 33, 20, 37, 39, 35, 17, 39, 21, 12, 8, 39, 16, 22, 39, 2, 22, 2, 34, 2, 28, 39, 19, 2, 20, 33, 38, 2, 22, 39]
    Edit distance: 6/34
  Sample 3:
    TRUE: [20, 3, 27, 17, 37, 39, 19, 0, 28, 30, 33, 21, 39, 22, 17, 8, 2, 8, 39, 6, 20, 1, 19, 39, 14, 20, 2, 34, 37, 39, 30, 33, 39, 6, 17, 39, 19, 2, 21, 26, 20, 17, 30, 20, 17, 39, 10, 20, 2, 14, 2, 22, 30, 39]
    PRED: [35, 25, 11, 39, 19, 0, 28, 30, 33, 21, 39, 22, 17, 8, 39, 6, 20, 12, 19, 39, 20, 16, 34, 37, 39, 30, 32, 8, 39, 6, 17, 39, 19, 2, 21, 26, 36, 17, 30, 20, 17, 11, 39, 10, 20, 2, 22, 39]
    Edit distance: 17/54
  Sample 4:
    TRUE: [9, 2, 39, 30, 33, 31, 39, 13, 10, 27, 17, 39, 13, 11, 14, 0, 30, 39, 30, 33, 39, 19, 2, 21, 39, 35, 10, 22, 39, 27, 0, 18, 11, 37, 39, 30, 33, 31, 39, 13, 10, 20, 39, 4, 30, 39]
    PRED: [9, 2, 39, 30, 27, 33, 31, 39, 34, 1, 27, 36, 17, 39, 27, 17, 0, 30, 39, 30, 33, 39, 19, 2, 21, 39, 27, 10, 22, 8, 39, 27, 11, 8, 11, 37, 39, 31, 11, 31, 39, 13, 3, 27, 20, 39, 4, 30, 39]
    Edit distance: 15/46

============================================================
Batch 105000 | Val PER: 0.1770
============================================================
  Sample 0:
    TRUE: [31, 17, 0, 19, 27, 2, 28, 17, 39, 27, 17, 19, 2, 22, 28, 16, 8, 11, 8, 39]
    PRED: [19, 27, 0, 19, 2, 28, 39, 27, 2, 14, 27, 0, 27, 30, 2, 8, 39]
    Edit distance: 12/20
  Sample 1:
    TRUE: [27, 16, 7, 39, 26, 11, 7, 2, 28, 30, 39, 28, 10, 34, 27, 2, 20, 39, 28, 5, 22, 8, 39, 20, 16, 31, 2, 14, 27, 1, 13, 28, 39]
    PRED: [27, 1, 7, 39, 26, 2, 7, 2, 30, 37, 39, 28, 10, 34, 2, 20, 39, 19, 1, 22, 8, 39, 20, 10, 19, 3, 2, 16, 13, 39]
    Edit distance: 14/33
  Sample 2:
    TRUE: [28, 24, 39, 27, 33, 20, 37, 39, 35, 17, 39, 21, 12, 8, 39, 16, 22, 39, 2, 22, 2, 6, 1, 29, 30, 39, 19, 2, 20, 33, 38, 2, 22, 39]
    PRED: [9, 2, 39, 27, 33, 20, 37, 39, 35, 17, 39, 21, 12, 8, 39, 16, 22, 39, 2, 22, 2, 34, 2, 28, 39, 19, 2, 20, 33, 38, 2, 22, 39]
    Edit distance: 6/34
  Sample 3:
    TRUE: [20, 3, 27, 17, 37, 39, 19, 0, 28, 30, 33, 21, 39, 22, 17, 8, 2, 8, 39, 6, 20, 1, 19, 39, 14, 20, 2, 34, 37, 39, 30, 33, 39, 6, 17, 39, 19, 2, 21, 26, 20, 17, 30, 20, 17, 39, 10, 20, 2, 14, 2, 22, 30, 39]
    PRED: [30, 35, 25, 11, 17, 39, 19, 0, 28, 30, 33, 21, 39, 22, 17, 8, 39, 6, 20, 12, 19, 39, 20, 16, 34, 37, 39, 30, 33, 8, 39, 6, 17, 39, 19, 2, 21, 26, 36, 17, 30, 20, 17, 39, 10, 20, 2, 22, 39]
    Edit distance: 15/54
  Sample 4:
    TRUE: [9, 2, 39, 30, 33, 31, 39, 13, 10, 27, 17, 39, 13, 11, 14, 0, 30, 39, 30, 33, 39, 19, 2, 21, 39, 35, 10, 22, 39, 27, 0, 18, 11, 37, 39, 30, 33, 31, 39, 13, 10, 20, 39, 4, 30, 39]
    PRED: [9, 2, 39, 30, 27, 33, 31, 39, 34, 1, 27, 36, 17, 39, 13, 27, 17, 0, 30, 39, 30, 33, 39, 19, 2, 21, 39, 27, 10, 22, 8, 39, 35, 10, 27, 8, 11, 39, 31, 11, 31, 39, 13, 3, 27, 20, 39, 4, 30, 39]
    Edit distance: 17/46

============================================================
Batch 105500 | Val PER: 0.1760
============================================================
  Sample 0:
    TRUE: [31, 17, 0, 19, 27, 2, 28, 17, 39, 27, 17, 19, 2, 22, 28, 16, 8, 11, 8, 39]
    PRED: [19, 27, 0, 19, 2, 28, 39, 27, 2, 14, 0, 27, 30, 2, 8, 39]
    Edit distance: 11/20
  Sample 1:
    TRUE: [27, 16, 7, 39, 26, 11, 7, 2, 28, 30, 39, 28, 10, 34, 27, 2, 20, 39, 28, 5, 22, 8, 39, 20, 16, 31, 2, 14, 27, 1, 13, 28, 39]
    PRED: [27, 1, 7, 19, 39, 26, 2, 7, 2, 30, 37, 39, 28, 10, 34, 2, 20, 39, 19, 1, 22, 8, 39, 20, 2, 19, 3, 2, 16, 13, 39]
    Edit distance: 15/33
  Sample 2:
    TRUE: [28, 24, 39, 27, 33, 20, 37, 39, 35, 17, 39, 21, 12, 8, 39, 16, 22, 39, 2, 22, 2, 6, 1, 29, 30, 39, 19, 2, 20, 33, 38, 2, 22, 39]
    PRED: [9, 2, 39, 27, 25, 20, 37, 39, 35, 17, 39, 21, 12, 8, 39, 16, 22, 39, 2, 22, 2, 34, 2, 28, 39, 19, 2, 20, 33, 38, 2, 22, 39]
    Edit distance: 7/34
  Sample 3:
    TRUE: [20, 3, 27, 17, 37, 39, 19, 0, 28, 30, 33, 21, 39, 22, 17, 8, 2, 8, 39, 6, 20, 1, 19, 39, 14, 20, 2, 34, 37, 39, 30, 33, 39, 6, 17, 39, 19, 2, 21, 26, 20, 17, 30, 20, 17, 39, 10, 20, 2, 14, 2, 22, 30, 39]
    PRED: [35, 25, 11, 17, 39, 19, 0, 28, 30, 33, 21, 39, 22, 17, 8, 39, 6, 20, 12, 19, 39, 20, 16, 34, 37, 39, 30, 33, 39, 6, 17, 39, 19, 2, 21, 26, 36, 17, 30, 20, 17, 39, 10, 20, 2, 22, 39]
    Edit distance: 13/54
  Sample 4:
    TRUE: [9, 2, 39, 30, 33, 31, 39, 13, 10, 27, 17, 39, 13, 11, 14, 0, 30, 39, 30, 33, 39, 19, 2, 21, 39, 35, 10, 22, 39, 27, 0, 18, 11, 37, 39, 30, 33, 31, 39, 13, 10, 20, 39, 4, 30, 39]
    PRED: [9, 2, 39, 30, 27, 33, 31, 39, 34, 1, 27, 36, 17, 39, 27, 17, 0, 30, 39, 30, 33, 39, 19, 2, 21, 39, 27, 10, 22, 8, 39, 35, 11, 8, 11, 37, 39, 31, 11, 31, 39, 13, 3, 20, 39, 4, 30, 39]
    Edit distance: 15/46

============================================================
Batch 106000 | Val PER: 0.1770
============================================================
  Sample 0:
    TRUE: [31, 17, 0, 19, 27, 2, 28, 17, 39, 27, 17, 19, 2, 22, 28, 16, 8, 11, 8, 39]
    PRED: [19, 27, 0, 19, 2, 28, 39, 27, 2, 14, 0, 27, 30, 2, 8, 39]
    Edit distance: 11/20
  Sample 1:
    TRUE: [27, 16, 7, 39, 26, 11, 7, 2, 28, 30, 39, 28, 10, 34, 27, 2, 20, 39, 28, 5, 22, 8, 39, 20, 16, 31, 2, 14, 27, 1, 13, 28, 39]
    PRED: [27, 1, 19, 39, 26, 2, 7, 2, 37, 39, 28, 10, 34, 2, 20, 39, 19, 4, 22, 8, 39, 20, 2, 19, 2, 16, 13, 39]
    Edit distance: 14/33
  Sample 2:
    TRUE: [28, 24, 39, 27, 33, 20, 37, 39, 35, 17, 39, 21, 12, 8, 39, 16, 22, 39, 2, 22, 2, 6, 1, 29, 30, 39, 19, 2, 20, 33, 38, 2, 22, 39]
    PRED: [9, 24, 39, 27, 33, 20, 37, 39, 35, 17, 39, 21, 12, 8, 39, 16, 22, 39, 2, 22, 2, 34, 2, 28, 39, 19, 2, 20, 33, 38, 2, 22, 39]
    Edit distance: 5/34
  Sample 3:
    TRUE: [20, 3, 27, 17, 37, 39, 19, 0, 28, 30, 33, 21, 39, 22, 17, 8, 2, 8, 39, 6, 20, 1, 19, 39, 14, 20, 2, 34, 37, 39, 30, 33, 39, 6, 17, 39, 19, 2, 21, 26, 20, 17, 30, 20, 17, 39, 10, 20, 2, 14, 2, 22, 30, 39]
    PRED: [30, 35, 25, 17, 37, 39, 19, 0, 28, 30, 33, 21, 39, 22, 17, 8, 39, 6, 20, 12, 19, 39, 20, 16, 34, 37, 39, 30, 33, 39, 6, 17, 39, 19, 2, 21, 26, 36, 17, 30, 20, 17, 39, 10, 20, 2, 22, 8, 39]
    Edit distance: 12/54
  Sample 4:
    TRUE: [9, 2, 39, 30, 33, 31, 39, 13, 10, 27, 17, 39, 13, 11, 14, 0, 30, 39, 30, 33, 39, 19, 2, 21, 39, 35, 10, 22, 39, 27, 0, 18, 11, 37, 39, 30, 33, 31, 39, 13, 10, 20, 39, 4, 30, 39]
    PRED: [9, 2, 39, 30, 27, 33, 31, 39, 34, 1, 27, 36, 17, 39, 27, 17, 0, 30, 39, 30, 33, 39, 19, 2, 21, 39, 27, 2, 22, 8, 39, 35, 24, 8, 11, 37, 39, 31, 11, 31, 39, 13, 3, 27, 20, 39, 4, 30, 39]
    Edit distance: 17/46

============================================================
Batch 106500 | Val PER: 0.1771
============================================================
  Sample 0:
    TRUE: [31, 17, 0, 19, 27, 2, 28, 17, 39, 27, 17, 19, 2, 22, 28, 16, 8, 11, 8, 39]
    PRED: [19, 27, 0, 19, 2, 28, 39, 27, 2, 14, 27, 0, 27, 30, 2, 8, 39]
    Edit distance: 12/20
  Sample 1:
    TRUE: [27, 16, 7, 39, 26, 11, 7, 2, 28, 30, 39, 28, 10, 34, 27, 2, 20, 39, 28, 5, 22, 8, 39, 20, 16, 31, 2, 14, 27, 1, 13, 28, 39]
    PRED: [27, 1, 19, 39, 26, 0, 7, 2, 30, 37, 39, 28, 10, 34, 2, 20, 39, 19, 4, 22, 8, 39, 20, 10, 2, 16, 13, 39]
    Edit distance: 14/33
  Sample 2:
    TRUE: [28, 24, 39, 27, 33, 20, 37, 39, 35, 17, 39, 21, 12, 8, 39, 16, 22, 39, 2, 22, 2, 6, 1, 29, 30, 39, 19, 2, 20, 33, 38, 2, 22, 39]
    PRED: [9, 2, 39, 27, 33, 20, 37, 39, 35, 17, 39, 21, 12, 8, 39, 16, 22, 39, 2, 22, 2, 34, 2, 28, 39, 19, 2, 20, 33, 38, 2, 22, 39]
    Edit distance: 6/34
  Sample 3:
    TRUE: [20, 3, 27, 17, 37, 39, 19, 0, 28, 30, 33, 21, 39, 22, 17, 8, 2, 8, 39, 6, 20, 1, 19, 39, 14, 20, 2, 34, 37, 39, 30, 33, 39, 6, 17, 39, 19, 2, 21, 26, 20, 17, 30, 20, 17, 39, 10, 20, 2, 14, 2, 22, 30, 39]
    PRED: [30, 35, 25, 17, 39, 19, 0, 28, 30, 33, 21, 39, 22, 17, 8, 39, 6, 20, 12, 19, 39, 20, 16, 34, 37, 39, 29, 32, 8, 39, 6, 17, 39, 19, 2, 21, 26, 36, 17, 30, 20, 17, 39, 10, 20, 2, 22, 39]
    Edit distance: 16/54
  Sample 4:
    TRUE: [9, 2, 39, 30, 33, 31, 39, 13, 10, 27, 17, 39, 13, 11, 14, 0, 30, 39, 30, 33, 39, 19, 2, 21, 39, 35, 10, 22, 39, 27, 0, 18, 11, 37, 39, 30, 33, 31, 39, 13, 10, 20, 39, 4, 30, 39]
    PRED: [9, 2, 39, 30, 27, 33, 31, 39, 34, 1, 27, 36, 17, 39, 27, 17, 0, 30, 39, 30, 33, 39, 19, 2, 21, 39, 27, 10, 22, 8, 39, 27, 11, 8, 11, 37, 39, 31, 11, 31, 39, 13, 3, 27, 20, 39, 4, 30, 39]
    Edit distance: 15/46

============================================================
Batch 107000 | Val PER: 0.1762
============================================================
  Sample 0:
    TRUE: [31, 17, 0, 19, 27, 2, 28, 17, 39, 27, 17, 19, 2, 22, 28, 16, 8, 11, 8, 39]
    PRED: [19, 27, 0, 27, 19, 2, 28, 39, 27, 2, 14, 27, 0, 27, 30, 2, 8, 39]
    Edit distance: 13/20
  Sample 1:
    TRUE: [27, 16, 7, 39, 26, 11, 7, 2, 28, 30, 39, 28, 10, 34, 27, 2, 20, 39, 28, 5, 22, 8, 39, 20, 16, 31, 2, 14, 27, 1, 13, 28, 39]
    PRED: [27, 1, 19, 39, 26, 11, 7, 2, 30, 37, 39, 28, 10, 34, 2, 20, 39, 19, 1, 22, 8, 39, 20, 10, 2, 16, 13, 39]
    Edit distance: 13/33
  Sample 2:
    TRUE: [28, 24, 39, 27, 33, 20, 37, 39, 35, 17, 39, 21, 12, 8, 39, 16, 22, 39, 2, 22, 2, 6, 1, 29, 30, 39, 19, 2, 20, 33, 38, 2, 22, 39]
    PRED: [9, 2, 39, 27, 33, 20, 37, 39, 35, 17, 39, 21, 12, 8, 39, 16, 22, 39, 2, 22, 2, 34, 2, 28, 39, 19, 2, 20, 33, 38, 2, 22, 39]
    Edit distance: 6/34
  Sample 3:
    TRUE: [20, 3, 27, 17, 37, 39, 19, 0, 28, 30, 33, 21, 39, 22, 17, 8, 2, 8, 39, 6, 20, 1, 19, 39, 14, 20, 2, 34, 37, 39, 30, 33, 39, 6, 17, 39, 19, 2, 21, 26, 20, 17, 30, 20, 17, 39, 10, 20, 2, 14, 2, 22, 30, 39]
    PRED: [30, 35, 25, 11, 39, 19, 0, 28, 30, 27, 33, 21, 39, 22, 17, 8, 39, 6, 20, 12, 19, 39, 20, 16, 34, 37, 39, 29, 32, 8, 39, 6, 17, 39, 19, 2, 21, 26, 36, 17, 30, 20, 11, 39, 10, 20, 2, 22, 39]
    Edit distance: 19/54
  Sample 4:
    TRUE: [9, 2, 39, 30, 33, 31, 39, 13, 10, 27, 17, 39, 13, 11, 14, 0, 30, 39, 30, 33, 39, 19, 2, 21, 39, 35, 10, 22, 39, 27, 0, 18, 11, 37, 39, 30, 33, 31, 39, 13, 10, 20, 39, 4, 30, 39]
    PRED: [9, 2, 39, 30, 27, 33, 31, 39, 34, 1, 27, 36, 17, 39, 27, 17, 0, 30, 39, 30, 33, 39, 19, 2, 21, 39, 27, 10, 22, 8, 39, 27, 11, 8, 11, 37, 39, 31, 11, 31, 39, 13, 3, 27, 20, 39, 4, 30, 39]
    Edit distance: 15/46

============================================================
Batch 107500 | Val PER: 0.1768
============================================================
  Sample 0:
    TRUE: [31, 17, 0, 19, 27, 2, 28, 17, 39, 27, 17, 19, 2, 22, 28, 16, 8, 11, 8, 39]
    PRED: [19, 27, 0, 19, 2, 28, 39, 27, 2, 14, 0, 27, 12, 30, 2, 8, 39]
    Edit distance: 12/20
  Sample 1:
    TRUE: [27, 16, 7, 39, 26, 11, 7, 2, 28, 30, 39, 28, 10, 34, 27, 2, 20, 39, 28, 5, 22, 8, 39, 20, 16, 31, 2, 14, 27, 1, 13, 28, 39]
    PRED: [35, 1, 19, 39, 26, 0, 7, 2, 30, 37, 39, 28, 10, 34, 2, 20, 39, 19, 1, 22, 8, 39, 20, 2, 11, 16, 34, 39]
    Edit distance: 16/33
  Sample 2:
    TRUE: [28, 24, 39, 27, 33, 20, 37, 39, 35, 17, 39, 21, 12, 8, 39, 16, 22, 39, 2, 22, 2, 6, 1, 29, 30, 39, 19, 2, 20, 33, 38, 2, 22, 39]
    PRED: [9, 2, 39, 27, 33, 20, 37, 39, 35, 17, 39, 21, 12, 8, 39, 16, 22, 39, 2, 22, 2, 34, 2, 28, 39, 19, 2, 20, 33, 38, 2, 22, 39]
    Edit distance: 6/34
  Sample 3:
    TRUE: [20, 3, 27, 17, 37, 39, 19, 0, 28, 30, 33, 21, 39, 22, 17, 8, 2, 8, 39, 6, 20, 1, 19, 39, 14, 20, 2, 34, 37, 39, 30, 33, 39, 6, 17, 39, 19, 2, 21, 26, 20, 17, 30, 20, 17, 39, 10, 20, 2, 14, 2, 22, 30, 39]
    PRED: [35, 25, 17, 39, 19, 1, 28, 30, 33, 21, 39, 22, 17, 8, 39, 6, 20, 12, 19, 39, 20, 16, 34, 37, 39, 29, 32, 8, 39, 6, 17, 39, 19, 2, 21, 26, 36, 17, 30, 20, 11, 39, 10, 20, 2, 22, 39]
    Edit distance: 18/54
  Sample 4:
    TRUE: [9, 2, 39, 30, 33, 31, 39, 13, 10, 27, 17, 39, 13, 11, 14, 0, 30, 39, 30, 33, 39, 19, 2, 21, 39, 35, 10, 22, 39, 27, 0, 18, 11, 37, 39, 30, 33, 31, 39, 13, 10, 20, 39, 4, 30, 39]
    PRED: [9, 2, 39, 30, 27, 33, 31, 39, 34, 1, 27, 36, 17, 39, 27, 17, 0, 30, 39, 30, 33, 39, 19, 2, 21, 39, 27, 10, 22, 8, 39, 27, 11, 8, 11, 37, 39, 31, 11, 31, 39, 13, 3, 20, 39, 4, 30, 39]
    Edit distance: 14/46

============================================================
Batch 108000 | Val PER: 0.1783
============================================================
  Sample 0:
    TRUE: [31, 17, 0, 19, 27, 2, 28, 17, 39, 27, 17, 19, 2, 22, 28, 16, 8, 11, 8, 39]
    PRED: [19, 27, 0, 19, 2, 28, 39, 27, 2, 14, 27, 0, 27, 30, 2, 8, 39]
    Edit distance: 12/20
  Sample 1:
    TRUE: [27, 16, 7, 39, 26, 11, 7, 2, 28, 30, 39, 28, 10, 34, 27, 2, 20, 39, 28, 5, 22, 8, 39, 20, 16, 31, 2, 14, 27, 1, 13, 28, 39]
    PRED: [27, 1, 19, 39, 26, 0, 7, 2, 30, 37, 39, 28, 10, 34, 2, 20, 39, 19, 1, 22, 8, 39, 20, 10, 19, 2, 16, 34, 39]
    Edit distance: 15/33
  Sample 2:
    TRUE: [28, 24, 39, 27, 33, 20, 37, 39, 35, 17, 39, 21, 12, 8, 39, 16, 22, 39, 2, 22, 2, 6, 1, 29, 30, 39, 19, 2, 20, 33, 38, 2, 22, 39]
    PRED: [9, 2, 39, 27, 33, 20, 37, 39, 35, 17, 39, 21, 12, 8, 39, 16, 22, 39, 2, 22, 2, 34, 2, 28, 39, 19, 2, 20, 33, 38, 2, 22, 39]
    Edit distance: 6/34
  Sample 3:
    TRUE: [20, 3, 27, 17, 37, 39, 19, 0, 28, 30, 33, 21, 39, 22, 17, 8, 2, 8, 39, 6, 20, 1, 19, 39, 14, 20, 2, 34, 37, 39, 30, 33, 39, 6, 17, 39, 19, 2, 21, 26, 20, 17, 30, 20, 17, 39, 10, 20, 2, 14, 2, 22, 30, 39]
    PRED: [35, 25, 17, 39, 19, 0, 28, 30, 15, 33, 21, 39, 22, 17, 8, 39, 6, 20, 12, 19, 39, 20, 16, 34, 37, 39, 29, 32, 8, 39, 6, 17, 39, 19, 2, 21, 26, 36, 17, 30, 20, 17, 39, 10, 20, 2, 22, 39]
    Edit distance: 17/54
  Sample 4:
    TRUE: [9, 2, 39, 30, 33, 31, 39, 13, 10, 27, 17, 39, 13, 11, 14, 0, 30, 39, 30, 33, 39, 19, 2, 21, 39, 35, 10, 22, 39, 27, 0, 18, 11, 37, 39, 30, 33, 31, 39, 13, 10, 20, 39, 4, 30, 39]
    PRED: [9, 2, 39, 30, 27, 33, 31, 39, 34, 1, 27, 36, 17, 39, 27, 17, 0, 30, 39, 30, 33, 39, 19, 2, 21, 39, 27, 10, 22, 8, 39, 27, 24, 27, 8, 11, 37, 39, 31, 33, 31, 39, 13, 3, 20, 39, 4, 30, 39]
    Edit distance: 14/46

============================================================
Batch 108500 | Val PER: 0.1777
============================================================
  Sample 0:
    TRUE: [31, 17, 0, 19, 27, 2, 28, 17, 39, 27, 17, 19, 2, 22, 28, 16, 8, 11, 8, 39]
    PRED: [19, 27, 0, 27, 19, 2, 28, 39, 27, 2, 14, 27, 0, 30, 2, 8, 39]
    Edit distance: 12/20
  Sample 1:
    TRUE: [27, 16, 7, 39, 26, 11, 7, 2, 28, 30, 39, 28, 10, 34, 27, 2, 20, 39, 28, 5, 22, 8, 39, 20, 16, 31, 2, 14, 27, 1, 13, 28, 39]
    PRED: [35, 1, 19, 39, 26, 0, 7, 2, 30, 37, 39, 28, 10, 34, 2, 20, 39, 19, 1, 22, 8, 39, 20, 10, 19, 2, 16, 34, 39]
    Edit distance: 16/33
  Sample 2:
    TRUE: [28, 24, 39, 27, 33, 20, 37, 39, 35, 17, 39, 21, 12, 8, 39, 16, 22, 39, 2, 22, 2, 6, 1, 29, 30, 39, 19, 2, 20, 33, 38, 2, 22, 39]
    PRED: [9, 2, 39, 27, 33, 20, 37, 39, 35, 17, 39, 21, 12, 8, 39, 16, 22, 39, 2, 22, 2, 34, 2, 28, 39, 19, 2, 20, 33, 38, 2, 22, 39]
    Edit distance: 6/34
  Sample 3:
    TRUE: [20, 3, 27, 17, 37, 39, 19, 0, 28, 30, 33, 21, 39, 22, 17, 8, 2, 8, 39, 6, 20, 1, 19, 39, 14, 20, 2, 34, 37, 39, 30, 33, 39, 6, 17, 39, 19, 2, 21, 26, 20, 17, 30, 20, 17, 39, 10, 20, 2, 14, 2, 22, 30, 39]
    PRED: [35, 25, 11, 17, 39, 19, 0, 28, 30, 33, 21, 39, 22, 17, 8, 39, 6, 20, 12, 19, 39, 20, 16, 34, 37, 39, 29, 32, 8, 39, 6, 17, 39, 19, 2, 21, 26, 36, 17, 20, 17, 39, 10, 20, 2, 22, 39]
    Edit distance: 17/54
  Sample 4:
    TRUE: [9, 2, 39, 30, 33, 31, 39, 13, 10, 27, 17, 39, 13, 11, 14, 0, 30, 39, 30, 33, 39, 19, 2, 21, 39, 35, 10, 22, 39, 27, 0, 18, 11, 37, 39, 30, 33, 31, 39, 13, 10, 20, 39, 4, 30, 39]
    PRED: [9, 2, 39, 30, 27, 33, 31, 39, 34, 1, 27, 36, 17, 39, 27, 17, 0, 30, 39, 30, 33, 39, 19, 2, 21, 39, 27, 10, 22, 8, 39, 27, 24, 27, 8, 11, 39, 31, 33, 31, 39, 13, 3, 20, 39, 4, 30, 39]
    Edit distance: 15/46

============================================================
Batch 109000 | Val PER: 0.1780
============================================================
  Sample 0:
    TRUE: [31, 17, 0, 19, 27, 2, 28, 17, 39, 27, 17, 19, 2, 22, 28, 16, 8, 11, 8, 39]
    PRED: [19, 27, 0, 19, 2, 28, 39, 27, 2, 14, 27, 0, 27, 30, 2, 8, 39]
    Edit distance: 12/20
  Sample 1:
    TRUE: [27, 16, 7, 39, 26, 11, 7, 2, 28, 30, 39, 28, 10, 34, 27, 2, 20, 39, 28, 5, 22, 8, 39, 20, 16, 31, 2, 14, 27, 1, 13, 28, 39]
    PRED: [35, 1, 19, 39, 26, 11, 7, 2, 30, 37, 39, 28, 10, 34, 2, 20, 39, 19, 1, 22, 8, 39, 20, 10, 19, 16, 34, 39]
    Edit distance: 16/33
  Sample 2:
    TRUE: [28, 24, 39, 27, 33, 20, 37, 39, 35, 17, 39, 21, 12, 8, 39, 16, 22, 39, 2, 22, 2, 6, 1, 29, 30, 39, 19, 2, 20, 33, 38, 2, 22, 39]
    PRED: [9, 2, 39, 27, 33, 20, 37, 39, 35, 17, 39, 21, 12, 8, 39, 16, 22, 39, 2, 22, 2, 34, 2, 28, 39, 19, 2, 20, 33, 38, 2, 22, 39]
    Edit distance: 6/34
  Sample 3:
    TRUE: [20, 3, 27, 17, 37, 39, 19, 0, 28, 30, 33, 21, 39, 22, 17, 8, 2, 8, 39, 6, 20, 1, 19, 39, 14, 20, 2, 34, 37, 39, 30, 33, 39, 6, 17, 39, 19, 2, 21, 26, 20, 17, 30, 20, 17, 39, 10, 20, 2, 14, 2, 22, 30, 39]
    PRED: [30, 35, 25, 11, 39, 19, 1, 28, 30, 33, 21, 39, 22, 17, 8, 39, 6, 20, 12, 19, 39, 20, 16, 34, 37, 39, 29, 32, 8, 39, 6, 17, 39, 19, 2, 21, 26, 36, 17, 20, 11, 39, 10, 20, 2, 22, 39]
    Edit distance: 20/54
  Sample 4:
    TRUE: [9, 2, 39, 30, 33, 31, 39, 13, 10, 27, 17, 39, 13, 11, 14, 0, 30, 39, 30, 33, 39, 19, 2, 21, 39, 35, 10, 22, 39, 27, 0, 18, 11, 37, 39, 30, 33, 31, 39, 13, 10, 20, 39, 4, 30, 39]
    PRED: [9, 2, 39, 30, 27, 33, 31, 39, 34, 1, 27, 36, 17, 39, 27, 17, 14, 0, 30, 39, 30, 33, 39, 19, 2, 21, 39, 27, 10, 22, 8, 39, 27, 24, 27, 8, 11, 39, 31, 11, 31, 39, 13, 3, 27, 20, 39, 4, 30, 39]
    Edit distance: 16/46

============================================================
Batch 109500 | Val PER: 0.1769
============================================================
  Sample 0:
    TRUE: [31, 17, 0, 19, 27, 2, 28, 17, 39, 27, 17, 19, 2, 22, 28, 16, 8, 11, 8, 39]
    PRED: [19, 27, 0, 19, 2, 28, 39, 27, 2, 14, 27, 0, 27, 30, 2, 8, 39]
    Edit distance: 12/20
  Sample 1:
    TRUE: [27, 16, 7, 39, 26, 11, 7, 2, 28, 30, 39, 28, 10, 34, 27, 2, 20, 39, 28, 5, 22, 8, 39, 20, 16, 31, 2, 14, 27, 1, 13, 28, 39]
    PRED: [35, 1, 19, 39, 26, 11, 7, 2, 22, 37, 39, 28, 10, 34, 2, 20, 39, 19, 1, 22, 8, 39, 20, 10, 2, 16, 34, 39]
    Edit distance: 15/33
  Sample 2:
    TRUE: [28, 24, 39, 27, 33, 20, 37, 39, 35, 17, 39, 21, 12, 8, 39, 16, 22, 39, 2, 22, 2, 6, 1, 29, 30, 39, 19, 2, 20, 33, 38, 2, 22, 39]
    PRED: [9, 2, 39, 27, 33, 20, 37, 39, 35, 17, 39, 21, 12, 8, 39, 16, 22, 39, 2, 22, 2, 34, 2, 28, 39, 19, 2, 20, 33, 38, 2, 22, 39]
    Edit distance: 6/34
  Sample 3:
    TRUE: [20, 3, 27, 17, 37, 39, 19, 0, 28, 30, 33, 21, 39, 22, 17, 8, 2, 8, 39, 6, 20, 1, 19, 39, 14, 20, 2, 34, 37, 39, 30, 33, 39, 6, 17, 39, 19, 2, 21, 26, 20, 17, 30, 20, 17, 39, 10, 20, 2, 14, 2, 22, 30, 39]
    PRED: [30, 35, 25, 17, 39, 19, 1, 28, 30, 33, 21, 39, 22, 17, 8, 39, 6, 20, 12, 19, 39, 20, 16, 34, 37, 39, 29, 32, 8, 39, 6, 17, 39, 19, 2, 21, 26, 36, 17, 30, 20, 17, 39, 10, 20, 2, 22, 39]
    Edit distance: 17/54
  Sample 4:
    TRUE: [9, 2, 39, 30, 33, 31, 39, 13, 10, 27, 17, 39, 13, 11, 14, 0, 30, 39, 30, 33, 39, 19, 2, 21, 39, 35, 10, 22, 39, 27, 0, 18, 11, 37, 39, 30, 33, 31, 39, 13, 10, 20, 39, 4, 30, 39]
    PRED: [9, 2, 39, 27, 33, 31, 39, 34, 1, 27, 17, 39, 27, 17, 0, 30, 39, 30, 33, 39, 19, 2, 21, 39, 27, 10, 22, 8, 39, 27, 10, 8, 11, 37, 39, 31, 11, 31, 39, 13, 3, 20, 39, 4, 30, 39]
    Edit distance: 13/46

============================================================
Batch 110000 | Val PER: 0.1771
============================================================
  Sample 0:
    TRUE: [31, 17, 0, 19, 27, 2, 28, 17, 39, 27, 17, 19, 2, 22, 28, 16, 8, 11, 8, 39]
    PRED: [19, 27, 1, 27, 19, 2, 28, 39, 27, 2, 14, 27, 0, 27, 22, 30, 2, 8, 39]
    Edit distance: 14/20
  Sample 1:
    TRUE: [27, 16, 7, 39, 26, 11, 7, 2, 28, 30, 39, 28, 10, 34, 27, 2, 20, 39, 28, 5, 22, 8, 39, 20, 16, 31, 2, 14, 27, 1, 13, 28, 39]
    PRED: [35, 1, 19, 39, 26, 11, 7, 2, 22, 37, 39, 28, 10, 34, 2, 20, 39, 19, 1, 22, 8, 39, 20, 10, 19, 2, 16, 34, 39]
    Edit distance: 15/33
  Sample 2:
    TRUE: [28, 24, 39, 27, 33, 20, 37, 39, 35, 17, 39, 21, 12, 8, 39, 16, 22, 39, 2, 22, 2, 6, 1, 29, 30, 39, 19, 2, 20, 33, 38, 2, 22, 39]
    PRED: [9, 2, 39, 27, 33, 20, 37, 39, 35, 17, 39, 21, 12, 8, 39, 16, 22, 39, 2, 22, 2, 34, 2, 28, 39, 19, 2, 20, 33, 38, 2, 22, 39]
    Edit distance: 6/34
  Sample 3:
    TRUE: [20, 3, 27, 17, 37, 39, 19, 0, 28, 30, 33, 21, 39, 22, 17, 8, 2, 8, 39, 6, 20, 1, 19, 39, 14, 20, 2, 34, 37, 39, 30, 33, 39, 6, 17, 39, 19, 2, 21, 26, 20, 17, 30, 20, 17, 39, 10, 20, 2, 14, 2, 22, 30, 39]
    PRED: [35, 25, 11, 39, 19, 1, 28, 30, 33, 21, 39, 22, 17, 8, 39, 6, 20, 12, 19, 39, 20, 16, 34, 37, 39, 29, 32, 8, 39, 6, 17, 39, 19, 2, 21, 26, 36, 17, 30, 20, 11, 39, 10, 20, 2, 22, 39]
    Edit distance: 19/54
  Sample 4:
    TRUE: [9, 2, 39, 30, 33, 31, 39, 13, 10, 27, 17, 39, 13, 11, 14, 0, 30, 39, 30, 33, 39, 19, 2, 21, 39, 35, 10, 22, 39, 27, 0, 18, 11, 37, 39, 30, 33, 31, 39, 13, 10, 20, 39, 4, 30, 39]
    PRED: [9, 2, 39, 27, 33, 31, 39, 34, 1, 27, 36, 17, 39, 27, 17, 0, 30, 39, 30, 33, 39, 19, 2, 21, 39, 27, 10, 22, 8, 39, 27, 10, 8, 11, 39, 31, 11, 31, 39, 13, 3, 20, 39, 4, 30, 39]
    Edit distance: 15/46

============================================================
Batch 110500 | Val PER: 0.1772
============================================================
  Sample 0:
    TRUE: [31, 17, 0, 19, 27, 2, 28, 17, 39, 27, 17, 19, 2, 22, 28, 16, 8, 11, 8, 39]
    PRED: [19, 27, 1, 0, 19, 2, 28, 39, 27, 2, 14, 0, 30, 2, 8, 39]
    Edit distance: 12/20
  Sample 1:
    TRUE: [27, 16, 7, 39, 26, 11, 7, 2, 28, 30, 39, 28, 10, 34, 27, 2, 20, 39, 28, 5, 22, 8, 39, 20, 16, 31, 2, 14, 27, 1, 13, 28, 39]
    PRED: [27, 1, 19, 39, 26, 0, 7, 2, 30, 37, 39, 28, 10, 34, 2, 20, 39, 19, 1, 22, 8, 39, 20, 10, 19, 2, 16, 34, 39]
    Edit distance: 15/33
  Sample 2:
    TRUE: [28, 24, 39, 27, 33, 20, 37, 39, 35, 17, 39, 21, 12, 8, 39, 16, 22, 39, 2, 22, 2, 6, 1, 29, 30, 39, 19, 2, 20, 33, 38, 2, 22, 39]
    PRED: [9, 2, 39, 27, 33, 20, 37, 39, 35, 17, 39, 21, 12, 8, 39, 16, 22, 39, 2, 22, 2, 34, 2, 28, 39, 19, 2, 20, 33, 38, 2, 22, 39]
    Edit distance: 6/34
  Sample 3:
    TRUE: [20, 3, 27, 17, 37, 39, 19, 0, 28, 30, 33, 21, 39, 22, 17, 8, 2, 8, 39, 6, 20, 1, 19, 39, 14, 20, 2, 34, 37, 39, 30, 33, 39, 6, 17, 39, 19, 2, 21, 26, 20, 17, 30, 20, 17, 39, 10, 20, 2, 14, 2, 22, 30, 39]
    PRED: [30, 35, 25, 11, 39, 19, 0, 28, 30, 33, 21, 39, 22, 17, 8, 39, 6, 20, 12, 19, 39, 20, 16, 34, 37, 39, 29, 32, 8, 39, 6, 17, 39, 19, 2, 21, 26, 36, 17, 30, 20, 11, 39, 10, 20, 2, 22, 8, 39]
    Edit distance: 18/54
  Sample 4:
    TRUE: [9, 2, 39, 30, 33, 31, 39, 13, 10, 27, 17, 39, 13, 11, 14, 0, 30, 39, 30, 33, 39, 19, 2, 21, 39, 35, 10, 22, 39, 27, 0, 18, 11, 37, 39, 30, 33, 31, 39, 13, 10, 20, 39, 4, 30, 39]
    PRED: [9, 2, 39, 30, 27, 33, 31, 39, 34, 1, 27, 36, 17, 39, 27, 17, 14, 0, 30, 39, 30, 33, 39, 19, 2, 21, 39, 27, 10, 22, 8, 39, 27, 0, 8, 11, 37, 39, 31, 11, 31, 39, 13, 3, 20, 39, 4, 30, 39]
    Edit distance: 12/46

============================================================
Batch 111000 | Val PER: 0.1770
============================================================
  Sample 0:
    TRUE: [31, 17, 0, 19, 27, 2, 28, 17, 39, 27, 17, 19, 2, 22, 28, 16, 8, 11, 8, 39]
    PRED: [19, 27, 1, 19, 2, 28, 39, 27, 2, 14, 27, 0, 27, 30, 2, 8, 39]
    Edit distance: 13/20
  Sample 1:
    TRUE: [27, 16, 7, 39, 26, 11, 7, 2, 28, 30, 39, 28, 10, 34, 27, 2, 20, 39, 28, 5, 22, 8, 39, 20, 16, 31, 2, 14, 27, 1, 13, 28, 39]
    PRED: [27, 1, 19, 39, 26, 0, 7, 2, 37, 39, 28, 10, 34, 2, 20, 39, 19, 1, 22, 8, 39, 20, 10, 19, 2, 16, 34, 39]
    Edit distance: 15/33
  Sample 2:
    TRUE: [28, 24, 39, 27, 33, 20, 37, 39, 35, 17, 39, 21, 12, 8, 39, 16, 22, 39, 2, 22, 2, 6, 1, 29, 30, 39, 19, 2, 20, 33, 38, 2, 22, 39]
    PRED: [9, 2, 39, 27, 33, 20, 37, 39, 35, 17, 39, 21, 12, 8, 39, 16, 22, 39, 2, 22, 2, 34, 2, 28, 39, 19, 2, 20, 33, 38, 2, 22, 39]
    Edit distance: 6/34
  Sample 3:
    TRUE: [20, 3, 27, 17, 37, 39, 19, 0, 28, 30, 33, 21, 39, 22, 17, 8, 2, 8, 39, 6, 20, 1, 19, 39, 14, 20, 2, 34, 37, 39, 30, 33, 39, 6, 17, 39, 19, 2, 21, 26, 20, 17, 30, 20, 17, 39, 10, 20, 2, 14, 2, 22, 30, 39]
    PRED: [30, 35, 25, 11, 39, 19, 0, 28, 30, 33, 21, 39, 22, 17, 8, 39, 6, 20, 12, 19, 39, 20, 16, 34, 37, 39, 29, 32, 8, 39, 6, 17, 39, 19, 2, 21, 26, 36, 17, 30, 20, 11, 39, 10, 20, 2, 22, 39]
    Edit distance: 18/54
  Sample 4:
    TRUE: [9, 2, 39, 30, 33, 31, 39, 13, 10, 27, 17, 39, 13, 11, 14, 0, 30, 39, 30, 33, 39, 19, 2, 21, 39, 35, 10, 22, 39, 27, 0, 18, 11, 37, 39, 30, 33, 31, 39, 13, 10, 20, 39, 4, 30, 39]
    PRED: [9, 2, 39, 27, 33, 31, 39, 34, 1, 27, 36, 17, 39, 13, 27, 17, 14, 0, 30, 39, 30, 33, 39, 19, 2, 21, 39, 27, 10, 22, 8, 39, 27, 24, 8, 11, 37, 39, 31, 11, 31, 39, 13, 3, 20, 39, 4, 30, 39]
    Edit distance: 13/46

============================================================
Batch 111500 | Val PER: 0.1778
============================================================
  Sample 0:
    TRUE: [31, 17, 0, 19, 27, 2, 28, 17, 39, 27, 17, 19, 2, 22, 28, 16, 8, 11, 8, 39]
    PRED: [19, 27, 1, 0, 19, 2, 28, 39, 27, 2, 14, 27, 0, 27, 12, 30, 2, 8, 39]
    Edit distance: 13/20
  Sample 1:
    TRUE: [27, 16, 7, 39, 26, 11, 7, 2, 28, 30, 39, 28, 10, 34, 27, 2, 20, 39, 28, 5, 22, 8, 39, 20, 16, 31, 2, 14, 27, 1, 13, 28, 39]
    PRED: [27, 1, 19, 39, 26, 0, 7, 2, 37, 39, 28, 10, 34, 2, 20, 39, 19, 1, 22, 8, 39, 20, 10, 19, 2, 16, 13, 39]
    Edit distance: 14/33
  Sample 2:
    TRUE: [28, 24, 39, 27, 33, 20, 37, 39, 35, 17, 39, 21, 12, 8, 39, 16, 22, 39, 2, 22, 2, 6, 1, 29, 30, 39, 19, 2, 20, 33, 38, 2, 22, 39]
    PRED: [9, 2, 39, 27, 33, 20, 37, 39, 35, 17, 39, 21, 12, 8, 39, 16, 22, 39, 2, 22, 2, 34, 2, 28, 39, 19, 2, 20, 33, 38, 2, 22, 39]
    Edit distance: 6/34
  Sample 3:
    TRUE: [20, 3, 27, 17, 37, 39, 19, 0, 28, 30, 33, 21, 39, 22, 17, 8, 2, 8, 39, 6, 20, 1, 19, 39, 14, 20, 2, 34, 37, 39, 30, 33, 39, 6, 17, 39, 19, 2, 21, 26, 20, 17, 30, 20, 17, 39, 10, 20, 2, 14, 2, 22, 30, 39]
    PRED: [30, 35, 25, 11, 39, 19, 2, 28, 30, 33, 21, 39, 22, 17, 8, 39, 6, 20, 12, 19, 39, 20, 16, 34, 37, 39, 29, 32, 8, 39, 6, 17, 39, 19, 2, 21, 26, 36, 17, 30, 20, 11, 39, 10, 20, 2, 22, 39]
    Edit distance: 19/54
  Sample 4:
    TRUE: [9, 2, 39, 30, 33, 31, 39, 13, 10, 27, 17, 39, 13, 11, 14, 0, 30, 39, 30, 33, 39, 19, 2, 21, 39, 35, 10, 22, 39, 27, 0, 18, 11, 37, 39, 30, 33, 31, 39, 13, 10, 20, 39, 4, 30, 39]
    PRED: [9, 2, 39, 30, 27, 33, 31, 39, 34, 1, 27, 36, 17, 39, 27, 17, 14, 0, 30, 39, 30, 33, 39, 19, 2, 21, 39, 27, 10, 22, 8, 39, 27, 0, 8, 11, 37, 39, 31, 11, 31, 39, 13, 3, 20, 39, 4, 30, 39]
    Edit distance: 12/46

============================================================
Batch 112000 | Val PER: 0.1768
============================================================
  Sample 0:
    TRUE: [31, 17, 0, 19, 27, 2, 28, 17, 39, 27, 17, 19, 2, 22, 28, 16, 8, 11, 8, 39]
    PRED: [19, 27, 1, 0, 19, 2, 28, 39, 27, 2, 14, 27, 0, 27, 22, 30, 2, 8, 39]
    Edit distance: 13/20
  Sample 1:
    TRUE: [27, 16, 7, 39, 26, 11, 7, 2, 28, 30, 39, 28, 10, 34, 27, 2, 20, 39, 28, 5, 22, 8, 39, 20, 16, 31, 2, 14, 27, 1, 13, 28, 39]
    PRED: [27, 1, 19, 39, 26, 0, 7, 2, 30, 37, 39, 28, 10, 34, 2, 20, 39, 19, 4, 22, 8, 39, 20, 10, 19, 2, 16, 13, 39]
    Edit distance: 14/33
  Sample 2:
    TRUE: [28, 24, 39, 27, 33, 20, 37, 39, 35, 17, 39, 21, 12, 8, 39, 16, 22, 39, 2, 22, 2, 6, 1, 29, 30, 39, 19, 2, 20, 33, 38, 2, 22, 39]
    PRED: [9, 2, 39, 27, 33, 20, 37, 39, 35, 17, 39, 21, 12, 8, 39, 16, 22, 39, 2, 22, 2, 34, 2, 28, 39, 19, 2, 20, 33, 38, 2, 22, 39]
    Edit distance: 6/34
  Sample 3:
    TRUE: [20, 3, 27, 17, 37, 39, 19, 0, 28, 30, 33, 21, 39, 22, 17, 8, 2, 8, 39, 6, 20, 1, 19, 39, 14, 20, 2, 34, 37, 39, 30, 33, 39, 6, 17, 39, 19, 2, 21, 26, 20, 17, 30, 20, 17, 39, 10, 20, 2, 14, 2, 22, 30, 39]
    PRED: [30, 35, 25, 11, 37, 39, 19, 1, 28, 30, 33, 21, 39, 22, 17, 8, 39, 6, 20, 12, 19, 39, 20, 16, 34, 37, 39, 29, 32, 8, 39, 6, 17, 39, 19, 2, 21, 26, 36, 17, 30, 20, 11, 39, 10, 20, 2, 22, 39]
    Edit distance: 18/54
  Sample 4:
    TRUE: [9, 2, 39, 30, 33, 31, 39, 13, 10, 27, 17, 39, 13, 11, 14, 0, 30, 39, 30, 33, 39, 19, 2, 21, 39, 35, 10, 22, 39, 27, 0, 18, 11, 37, 39, 30, 33, 31, 39, 13, 10, 20, 39, 4, 30, 39]
    PRED: [9, 2, 39, 30, 27, 33, 31, 39, 34, 1, 27, 36, 17, 39, 13, 27, 17, 0, 30, 39, 30, 33, 39, 19, 2, 21, 39, 27, 10, 22, 8, 39, 35, 10, 8, 11, 37, 39, 31, 11, 31, 39, 13, 3, 20, 39, 4, 30, 39]
    Edit distance: 14/46

============================================================
Batch 112500 | Val PER: 0.1786
============================================================
  Sample 0:
    TRUE: [31, 17, 0, 19, 27, 2, 28, 17, 39, 27, 17, 19, 2, 22, 28, 16, 8, 11, 8, 39]
    PRED: [19, 27, 0, 19, 2, 28, 30, 39, 27, 2, 14, 27, 0, 27, 22, 30, 2, 8, 39]
    Edit distance: 12/20
  Sample 1:
    TRUE: [27, 16, 7, 39, 26, 11, 7, 2, 28, 30, 39, 28, 10, 34, 27, 2, 20, 39, 28, 5, 22, 8, 39, 20, 16, 31, 2, 14, 27, 1, 13, 28, 39]
    PRED: [27, 1, 19, 39, 26, 2, 7, 2, 30, 37, 39, 28, 10, 34, 2, 20, 39, 19, 4, 22, 8, 39, 20, 10, 19, 2, 16, 13, 39]
    Edit distance: 14/33
  Sample 2:
    TRUE: [28, 24, 39, 27, 33, 20, 37, 39, 35, 17, 39, 21, 12, 8, 39, 16, 22, 39, 2, 22, 2, 6, 1, 29, 30, 39, 19, 2, 20, 33, 38, 2, 22, 39]
    PRED: [9, 2, 39, 27, 33, 20, 37, 39, 35, 17, 39, 21, 12, 8, 39, 16, 22, 39, 2, 22, 2, 34, 2, 28, 39, 19, 2, 20, 33, 38, 2, 22, 39]
    Edit distance: 6/34
  Sample 3:
    TRUE: [20, 3, 27, 17, 37, 39, 19, 0, 28, 30, 33, 21, 39, 22, 17, 8, 2, 8, 39, 6, 20, 1, 19, 39, 14, 20, 2, 34, 37, 39, 30, 33, 39, 6, 17, 39, 19, 2, 21, 26, 20, 17, 30, 20, 17, 39, 10, 20, 2, 14, 2, 22, 30, 39]
    PRED: [30, 35, 25, 11, 17, 39, 19, 1, 28, 30, 33, 21, 39, 22, 17, 8, 39, 6, 20, 12, 19, 39, 20, 16, 34, 37, 39, 29, 32, 8, 39, 6, 17, 39, 19, 2, 21, 26, 36, 17, 30, 20, 11, 39, 10, 20, 2, 22, 39]
    Edit distance: 19/54
  Sample 4:
    TRUE: [9, 2, 39, 30, 33, 31, 39, 13, 10, 27, 17, 39, 13, 11, 14, 0, 30, 39, 30, 33, 39, 19, 2, 21, 39, 35, 10, 22, 39, 27, 0, 18, 11, 37, 39, 30, 33, 31, 39, 13, 10, 20, 39, 4, 30, 39]
    PRED: [9, 2, 39, 30, 27, 33, 31, 39, 34, 1, 27, 36, 17, 39, 27, 17, 14, 0, 30, 39, 30, 33, 39, 19, 2, 21, 39, 27, 10, 22, 8, 39, 27, 10, 8, 11, 37, 39, 31, 11, 31, 39, 13, 3, 20, 39, 4, 30, 39]
    Edit distance: 13/46

============================================================
Batch 113000 | Val PER: 0.1760
============================================================
  Sample 0:
    TRUE: [31, 17, 0, 19, 27, 2, 28, 17, 39, 27, 17, 19, 2, 22, 28, 16, 8, 11, 8, 39]
    PRED: [19, 27, 1, 19, 2, 28, 39, 27, 2, 14, 0, 30, 8, 39]
    Edit distance: 12/20
  Sample 1:
    TRUE: [27, 16, 7, 39, 26, 11, 7, 2, 28, 30, 39, 28, 10, 34, 27, 2, 20, 39, 28, 5, 22, 8, 39, 20, 16, 31, 2, 14, 27, 1, 13, 28, 39]
    PRED: [27, 1, 19, 39, 26, 0, 7, 2, 37, 39, 28, 10, 34, 2, 20, 39, 19, 4, 22, 8, 39, 20, 10, 19, 2, 16, 13, 39]
    Edit distance: 14/33
  Sample 2:
    TRUE: [28, 24, 39, 27, 33, 20, 37, 39, 35, 17, 39, 21, 12, 8, 39, 16, 22, 39, 2, 22, 2, 6, 1, 29, 30, 39, 19, 2, 20, 33, 38, 2, 22, 39]
    PRED: [9, 2, 39, 27, 33, 20, 37, 39, 35, 17, 39, 21, 12, 8, 39, 16, 22, 39, 2, 22, 2, 34, 2, 28, 39, 19, 2, 20, 33, 38, 2, 22, 39]
    Edit distance: 6/34
  Sample 3:
    TRUE: [20, 3, 27, 17, 37, 39, 19, 0, 28, 30, 33, 21, 39, 22, 17, 8, 2, 8, 39, 6, 20, 1, 19, 39, 14, 20, 2, 34, 37, 39, 30, 33, 39, 6, 17, 39, 19, 2, 21, 26, 20, 17, 30, 20, 17, 39, 10, 20, 2, 14, 2, 22, 30, 39]
    PRED: [30, 35, 25, 11, 17, 39, 19, 1, 28, 30, 33, 21, 39, 22, 17, 8, 39, 6, 20, 12, 19, 39, 20, 16, 34, 39, 29, 32, 8, 39, 6, 17, 39, 19, 2, 21, 26, 36, 17, 30, 20, 17, 39, 10, 20, 2, 22, 39]
    Edit distance: 19/54
  Sample 4:
    TRUE: [9, 2, 39, 30, 33, 31, 39, 13, 10, 27, 17, 39, 13, 11, 14, 0, 30, 39, 30, 33, 39, 19, 2, 21, 39, 35, 10, 22, 39, 27, 0, 18, 11, 37, 39, 30, 33, 31, 39, 13, 10, 20, 39, 4, 30, 39]
    PRED: [9, 2, 39, 27, 33, 31, 39, 34, 1, 27, 36, 17, 39, 13, 27, 17, 14, 0, 30, 39, 30, 33, 39, 19, 2, 21, 39, 27, 2, 22, 8, 39, 27, 24, 8, 11, 37, 39, 31, 11, 31, 39, 13, 3, 27, 20, 39, 4, 30, 39]
    Edit distance: 15/46

============================================================
Batch 113500 | Val PER: 0.1749
============================================================
  Sample 0:
    TRUE: [31, 17, 0, 19, 27, 2, 28, 17, 39, 27, 17, 19, 2, 22, 28, 16, 8, 11, 8, 39]
    PRED: [19, 27, 1, 0, 19, 2, 28, 39, 27, 2, 14, 0, 22, 30, 8, 39]
    Edit distance: 12/20
  Sample 1:
    TRUE: [27, 16, 7, 39, 26, 11, 7, 2, 28, 30, 39, 28, 10, 34, 27, 2, 20, 39, 28, 5, 22, 8, 39, 20, 16, 31, 2, 14, 27, 1, 13, 28, 39]
    PRED: [27, 1, 19, 39, 26, 0, 7, 2, 30, 37, 39, 28, 10, 34, 2, 20, 39, 19, 1, 22, 8, 39, 20, 10, 19, 2, 16, 34, 39]
    Edit distance: 15/33
  Sample 2:
    TRUE: [28, 24, 39, 27, 33, 20, 37, 39, 35, 17, 39, 21, 12, 8, 39, 16, 22, 39, 2, 22, 2, 6, 1, 29, 30, 39, 19, 2, 20, 33, 38, 2, 22, 39]
    PRED: [9, 2, 39, 27, 33, 20, 37, 39, 35, 17, 39, 21, 12, 8, 39, 16, 22, 39, 2, 22, 2, 34, 2, 28, 39, 19, 2, 20, 33, 38, 2, 22, 39]
    Edit distance: 6/34
  Sample 3:
    TRUE: [20, 3, 27, 17, 37, 39, 19, 0, 28, 30, 33, 21, 39, 22, 17, 8, 2, 8, 39, 6, 20, 1, 19, 39, 14, 20, 2, 34, 37, 39, 30, 33, 39, 6, 17, 39, 19, 2, 21, 26, 20, 17, 30, 20, 17, 39, 10, 20, 2, 14, 2, 22, 30, 39]
    PRED: [30, 35, 5, 11, 39, 19, 0, 28, 30, 33, 21, 39, 22, 17, 8, 39, 6, 20, 12, 19, 39, 20, 16, 34, 39, 29, 32, 8, 39, 6, 17, 39, 19, 2, 21, 26, 36, 17, 30, 20, 11, 39, 10, 20, 2, 22, 39]
    Edit distance: 19/54
  Sample 4:
    TRUE: [9, 2, 39, 30, 33, 31, 39, 13, 10, 27, 17, 39, 13, 11, 14, 0, 30, 39, 30, 33, 39, 19, 2, 21, 39, 35, 10, 22, 39, 27, 0, 18, 11, 37, 39, 30, 33, 31, 39, 13, 10, 20, 39, 4, 30, 39]
    PRED: [9, 2, 39, 27, 33, 31, 39, 34, 1, 27, 36, 17, 39, 27, 17, 14, 0, 30, 39, 30, 33, 39, 19, 2, 21, 39, 27, 2, 22, 8, 39, 27, 24, 8, 11, 37, 39, 31, 11, 31, 39, 13, 3, 20, 39, 4, 30, 39]
    Edit distance: 14/46

============================================================
Batch 114000 | Val PER: 0.1776
============================================================
  Sample 0:
    TRUE: [31, 17, 0, 19, 27, 2, 28, 17, 39, 27, 17, 19, 2, 22, 28, 16, 8, 11, 8, 39]
    PRED: [19, 27, 0, 19, 2, 28, 39, 27, 2, 14, 27, 0, 22, 30, 8, 39]
    Edit distance: 11/20
  Sample 1:
    TRUE: [27, 16, 7, 39, 26, 11, 7, 2, 28, 30, 39, 28, 10, 34, 27, 2, 20, 39, 28, 5, 22, 8, 39, 20, 16, 31, 2, 14, 27, 1, 13, 28, 39]
    PRED: [27, 1, 19, 39, 26, 0, 7, 2, 22, 37, 39, 28, 10, 34, 2, 20, 39, 19, 1, 22, 8, 39, 20, 10, 2, 16, 34, 39]
    Edit distance: 15/33
  Sample 2:
    TRUE: [28, 24, 39, 27, 33, 20, 37, 39, 35, 17, 39, 21, 12, 8, 39, 16, 22, 39, 2, 22, 2, 6, 1, 29, 30, 39, 19, 2, 20, 33, 38, 2, 22, 39]
    PRED: [9, 2, 39, 27, 33, 20, 37, 39, 35, 17, 39, 21, 12, 8, 39, 16, 22, 39, 2, 22, 8, 2, 34, 2, 28, 39, 19, 2, 20, 33, 38, 2, 22, 39]
    Edit distance: 7/34
  Sample 3:
    TRUE: [20, 3, 27, 17, 37, 39, 19, 0, 28, 30, 33, 21, 39, 22, 17, 8, 2, 8, 39, 6, 20, 1, 19, 39, 14, 20, 2, 34, 37, 39, 30, 33, 39, 6, 17, 39, 19, 2, 21, 26, 20, 17, 30, 20, 17, 39, 10, 20, 2, 14, 2, 22, 30, 39]
    PRED: [30, 35, 25, 11, 39, 19, 0, 28, 30, 33, 21, 39, 22, 17, 8, 39, 6, 20, 12, 19, 39, 20, 16, 34, 39, 29, 32, 8, 39, 6, 17, 39, 19, 2, 21, 26, 36, 17, 30, 20, 11, 39, 10, 20, 2, 22, 39]
    Edit distance: 19/54
  Sample 4:
    TRUE: [9, 2, 39, 30, 33, 31, 39, 13, 10, 27, 17, 39, 13, 11, 14, 0, 30, 39, 30, 33, 39, 19, 2, 21, 39, 35, 10, 22, 39, 27, 0, 18, 11, 37, 39, 30, 33, 31, 39, 13, 10, 20, 39, 4, 30, 39]
    PRED: [9, 2, 39, 30, 27, 33, 31, 39, 34, 1, 27, 36, 17, 39, 13, 27, 17, 14, 0, 30, 39, 30, 33, 39, 19, 2, 21, 39, 27, 2, 22, 8, 39, 27, 10, 8, 11, 37, 39, 31, 11, 31, 39, 13, 3, 20, 39, 4, 30, 39]
    Edit distance: 14/46

============================================================
Batch 114500 | Val PER: 0.1757
============================================================
  Sample 0:
    TRUE: [31, 17, 0, 19, 27, 2, 28, 17, 39, 27, 17, 19, 2, 22, 28, 16, 8, 11, 8, 39]
    PRED: [19, 27, 0, 19, 2, 28, 30, 39, 27, 2, 14, 0, 22, 12, 30, 2, 8, 39]
    Edit distance: 11/20
  Sample 1:
    TRUE: [27, 16, 7, 39, 26, 11, 7, 2, 28, 30, 39, 28, 10, 34, 27, 2, 20, 39, 28, 5, 22, 8, 39, 20, 16, 31, 2, 14, 27, 1, 13, 28, 39]
    PRED: [27, 1, 19, 39, 26, 2, 7, 2, 22, 37, 39, 28, 10, 34, 2, 20, 39, 19, 1, 22, 8, 39, 20, 10, 2, 16, 34, 39]
    Edit distance: 15/33
  Sample 2:
    TRUE: [28, 24, 39, 27, 33, 20, 37, 39, 35, 17, 39, 21, 12, 8, 39, 16, 22, 39, 2, 22, 2, 6, 1, 29, 30, 39, 19, 2, 20, 33, 38, 2, 22, 39]
    PRED: [9, 2, 39, 27, 33, 20, 37, 39, 35, 17, 39, 21, 12, 8, 39, 16, 22, 39, 2, 22, 2, 34, 2, 28, 39, 19, 2, 20, 33, 38, 2, 22, 39]
    Edit distance: 6/34
  Sample 3:
    TRUE: [20, 3, 27, 17, 37, 39, 19, 0, 28, 30, 33, 21, 39, 22, 17, 8, 2, 8, 39, 6, 20, 1, 19, 39, 14, 20, 2, 34, 37, 39, 30, 33, 39, 6, 17, 39, 19, 2, 21, 26, 20, 17, 30, 20, 17, 39, 10, 20, 2, 14, 2, 22, 30, 39]
    PRED: [30, 35, 25, 11, 39, 19, 0, 28, 30, 33, 21, 39, 22, 17, 8, 39, 6, 20, 12, 19, 39, 20, 16, 34, 37, 39, 30, 32, 8, 39, 6, 17, 39, 19, 2, 21, 26, 36, 17, 30, 20, 17, 39, 10, 20, 2, 22, 39]
    Edit distance: 16/54
  Sample 4:
    TRUE: [9, 2, 39, 30, 33, 31, 39, 13, 10, 27, 17, 39, 13, 11, 14, 0, 30, 39, 30, 33, 39, 19, 2, 21, 39, 35, 10, 22, 39, 27, 0, 18, 11, 37, 39, 30, 33, 31, 39, 13, 10, 20, 39, 4, 30, 39]
    PRED: [9, 2, 39, 30, 27, 33, 31, 39, 34, 1, 27, 17, 39, 13, 27, 17, 0, 30, 39, 30, 33, 39, 19, 2, 21, 39, 27, 2, 22, 8, 39, 27, 10, 8, 11, 37, 39, 31, 11, 31, 39, 13, 3, 20, 39, 4, 30, 39]
    Edit distance: 13/46

============================================================
Batch 115000 | Val PER: 0.1758
============================================================
  Sample 0:
    TRUE: [31, 17, 0, 19, 27, 2, 28, 17, 39, 27, 17, 19, 2, 22, 28, 16, 8, 11, 8, 39]
    PRED: [27, 0, 0, 19, 11, 2, 28, 39, 27, 2, 14, 0, 22, 30, 8, 39]
    Edit distance: 11/20
  Sample 1:
    TRUE: [27, 16, 7, 39, 26, 11, 7, 2, 28, 30, 39, 28, 10, 34, 27, 2, 20, 39, 28, 5, 22, 8, 39, 20, 16, 31, 2, 14, 27, 1, 13, 28, 39]
    PRED: [27, 1, 7, 39, 26, 11, 7, 2, 22, 37, 39, 28, 10, 34, 2, 20, 39, 19, 1, 22, 8, 39, 20, 10, 19, 2, 16, 34, 39]
    Edit distance: 13/33
  Sample 2:
    TRUE: [28, 24, 39, 27, 33, 20, 37, 39, 35, 17, 39, 21, 12, 8, 39, 16, 22, 39, 2, 22, 2, 6, 1, 29, 30, 39, 19, 2, 20, 33, 38, 2, 22, 39]
    PRED: [9, 2, 39, 27, 33, 20, 37, 39, 35, 17, 39, 21, 12, 8, 39, 16, 22, 39, 2, 22, 2, 34, 2, 28, 39, 19, 2, 20, 33, 38, 2, 22, 39]
    Edit distance: 6/34
  Sample 3:
    TRUE: [20, 3, 27, 17, 37, 39, 19, 0, 28, 30, 33, 21, 39, 22, 17, 8, 2, 8, 39, 6, 20, 1, 19, 39, 14, 20, 2, 34, 37, 39, 30, 33, 39, 6, 17, 39, 19, 2, 21, 26, 20, 17, 30, 20, 17, 39, 10, 20, 2, 14, 2, 22, 30, 39]
    PRED: [30, 35, 25, 11, 39, 19, 2, 28, 30, 33, 21, 39, 22, 17, 8, 39, 6, 20, 12, 19, 39, 20, 16, 34, 37, 39, 30, 33, 8, 39, 6, 17, 39, 19, 2, 21, 26, 36, 17, 30, 20, 17, 39, 10, 20, 2, 22, 39]
    Edit distance: 16/54
  Sample 4:
    TRUE: [9, 2, 39, 30, 33, 31, 39, 13, 10, 27, 17, 39, 13, 11, 14, 0, 30, 39, 30, 33, 39, 19, 2, 21, 39, 35, 10, 22, 39, 27, 0, 18, 11, 37, 39, 30, 33, 31, 39, 13, 10, 20, 39, 4, 30, 39]
    PRED: [9, 2, 39, 30, 27, 33, 31, 39, 34, 1, 27, 36, 17, 39, 13, 27, 17, 14, 0, 30, 39, 30, 33, 39, 19, 2, 21, 39, 27, 2, 22, 8, 39, 27, 24, 8, 11, 37, 39, 31, 11, 31, 39, 13, 3, 20, 39, 4, 30, 39]
    Edit distance: 14/46

============================================================
Batch 115500 | Val PER: 0.1745
============================================================
  Sample 0:
    TRUE: [31, 17, 0, 19, 27, 2, 28, 17, 39, 27, 17, 19, 2, 22, 28, 16, 8, 11, 8, 39]
    PRED: [19, 27, 0, 0, 19, 2, 28, 30, 39, 27, 2, 14, 0, 22, 30, 8, 39]
    Edit distance: 12/20
  Sample 1:
    TRUE: [27, 16, 7, 39, 26, 11, 7, 2, 28, 30, 39, 28, 10, 34, 27, 2, 20, 39, 28, 5, 22, 8, 39, 20, 16, 31, 2, 14, 27, 1, 13, 28, 39]
    PRED: [27, 1, 19, 39, 26, 0, 7, 2, 30, 37, 39, 28, 10, 34, 2, 20, 39, 19, 4, 22, 8, 39, 20, 10, 19, 2, 16, 34, 39]
    Edit distance: 15/33
  Sample 2:
    TRUE: [28, 24, 39, 27, 33, 20, 37, 39, 35, 17, 39, 21, 12, 8, 39, 16, 22, 39, 2, 22, 2, 6, 1, 29, 30, 39, 19, 2, 20, 33, 38, 2, 22, 39]
    PRED: [9, 2, 39, 27, 33, 20, 37, 39, 35, 17, 39, 21, 12, 8, 39, 16, 22, 39, 2, 22, 2, 34, 2, 28, 39, 19, 2, 20, 33, 38, 2, 22, 39]
    Edit distance: 6/34
  Sample 3:
    TRUE: [20, 3, 27, 17, 37, 39, 19, 0, 28, 30, 33, 21, 39, 22, 17, 8, 2, 8, 39, 6, 20, 1, 19, 39, 14, 20, 2, 34, 37, 39, 30, 33, 39, 6, 17, 39, 19, 2, 21, 26, 20, 17, 30, 20, 17, 39, 10, 20, 2, 14, 2, 22, 30, 39]
    PRED: [30, 35, 25, 11, 39, 19, 0, 28, 30, 33, 21, 39, 22, 17, 8, 39, 6, 20, 12, 19, 39, 20, 16, 34, 37, 39, 30, 32, 8, 39, 6, 17, 39, 19, 2, 21, 26, 36, 17, 30, 20, 11, 39, 10, 20, 2, 22, 39]
    Edit distance: 17/54
  Sample 4:
    TRUE: [9, 2, 39, 30, 33, 31, 39, 13, 10, 27, 17, 39, 13, 11, 14, 0, 30, 39, 30, 33, 39, 19, 2, 21, 39, 35, 10, 22, 39, 27, 0, 18, 11, 37, 39, 30, 33, 31, 39, 13, 10, 20, 39, 4, 30, 39]
    PRED: [9, 2, 39, 27, 33, 31, 39, 34, 1, 27, 17, 39, 13, 27, 17, 14, 0, 30, 39, 30, 33, 39, 19, 2, 21, 39, 27, 2, 22, 8, 39, 27, 10, 8, 11, 37, 39, 31, 11, 31, 39, 13, 3, 20, 39, 4, 30, 39]
    Edit distance: 13/46

============================================================
Batch 116000 | Val PER: 0.1777
============================================================
  Sample 0:
    TRUE: [31, 17, 0, 19, 27, 2, 28, 17, 39, 27, 17, 19, 2, 22, 28, 16, 8, 11, 8, 39]
    PRED: [27, 1, 19, 16, 28, 39, 27, 2, 14, 0, 22, 30, 2, 8, 39]
    Edit distance: 13/20
  Sample 1:
    TRUE: [27, 16, 7, 39, 26, 11, 7, 2, 28, 30, 39, 28, 10, 34, 27, 2, 20, 39, 28, 5, 22, 8, 39, 20, 16, 31, 2, 14, 27, 1, 13, 28, 39]
    PRED: [27, 1, 19, 39, 26, 0, 7, 2, 37, 39, 28, 10, 34, 2, 20, 39, 19, 1, 22, 8, 39, 20, 10, 19, 35, 2, 2, 34, 39]
    Edit distance: 16/33
  Sample 2:
    TRUE: [28, 24, 39, 27, 33, 20, 37, 39, 35, 17, 39, 21, 12, 8, 39, 16, 22, 39, 2, 22, 2, 6, 1, 29, 30, 39, 19, 2, 20, 33, 38, 2, 22, 39]
    PRED: [9, 2, 39, 27, 33, 20, 37, 39, 35, 17, 39, 21, 12, 8, 39, 16, 22, 39, 2, 22, 2, 34, 2, 28, 39, 19, 2, 20, 33, 38, 2, 22, 39]
    Edit distance: 6/34
  Sample 3:
    TRUE: [20, 3, 27, 17, 37, 39, 19, 0, 28, 30, 33, 21, 39, 22, 17, 8, 2, 8, 39, 6, 20, 1, 19, 39, 14, 20, 2, 34, 37, 39, 30, 33, 39, 6, 17, 39, 19, 2, 21, 26, 20, 17, 30, 20, 17, 39, 10, 20, 2, 14, 2, 22, 30, 39]
    PRED: [30, 35, 5, 9, 11, 39, 19, 1, 28, 30, 33, 21, 39, 22, 17, 8, 39, 6, 20, 12, 19, 39, 20, 16, 34, 37, 39, 30, 33, 39, 6, 17, 39, 19, 2, 21, 26, 36, 17, 30, 20, 11, 39, 10, 20, 2, 22, 39]
    Edit distance: 16/54
  Sample 4:
    TRUE: [9, 2, 39, 30, 33, 31, 39, 13, 10, 27, 17, 39, 13, 11, 14, 0, 30, 39, 30, 33, 39, 19, 2, 21, 39, 35, 10, 22, 39, 27, 0, 18, 11, 37, 39, 30, 33, 31, 39, 13, 10, 20, 39, 4, 30, 39]
    PRED: [9, 2, 39, 27, 33, 31, 39, 34, 1, 27, 36, 17, 39, 27, 17, 14, 0, 30, 39, 30, 33, 39, 19, 2, 21, 39, 27, 2, 22, 8, 39, 27, 24, 8, 11, 37, 39, 31, 33, 31, 39, 13, 3, 20, 39, 4, 30, 39]
    Edit distance: 13/46

============================================================
Batch 116500 | Val PER: 0.1765
============================================================
  Sample 0:
    TRUE: [31, 17, 0, 19, 27, 2, 28, 17, 39, 27, 17, 19, 2, 22, 28, 16, 8, 11, 8, 39]
    PRED: [19, 27, 0, 0, 19, 2, 28, 39, 27, 2, 14, 27, 0, 27, 22, 30, 2, 8, 39]
    Edit distance: 13/20
  Sample 1:
    TRUE: [27, 16, 7, 39, 26, 11, 7, 2, 28, 30, 39, 28, 10, 34, 27, 2, 20, 39, 28, 5, 22, 8, 39, 20, 16, 31, 2, 14, 27, 1, 13, 28, 39]
    PRED: [27, 1, 19, 39, 26, 0, 7, 2, 37, 39, 28, 10, 34, 2, 20, 39, 19, 1, 4, 22, 8, 39, 20, 10, 19, 2, 2, 34, 39]
    Edit distance: 16/33
  Sample 2:
    TRUE: [28, 24, 39, 27, 33, 20, 37, 39, 35, 17, 39, 21, 12, 8, 39, 16, 22, 39, 2, 22, 2, 6, 1, 29, 30, 39, 19, 2, 20, 33, 38, 2, 22, 39]
    PRED: [9, 2, 39, 27, 33, 20, 37, 39, 35, 17, 39, 21, 12, 8, 39, 16, 22, 39, 2, 22, 2, 34, 2, 29, 28, 39, 19, 2, 20, 33, 38, 2, 22, 39]
    Edit distance: 5/34
  Sample 3:
    TRUE: [20, 3, 27, 17, 37, 39, 19, 0, 28, 30, 33, 21, 39, 22, 17, 8, 2, 8, 39, 6, 20, 1, 19, 39, 14, 20, 2, 34, 37, 39, 30, 33, 39, 6, 17, 39, 19, 2, 21, 26, 20, 17, 30, 20, 17, 39, 10, 20, 2, 14, 2, 22, 30, 39]
    PRED: [30, 35, 25, 11, 17, 39, 19, 1, 28, 30, 33, 21, 39, 22, 17, 8, 39, 6, 20, 12, 19, 39, 20, 16, 34, 37, 39, 30, 33, 8, 39, 6, 17, 39, 19, 2, 21, 26, 36, 17, 30, 20, 11, 39, 10, 20, 2, 22, 39]
    Edit distance: 17/54
  Sample 4:
    TRUE: [9, 2, 39, 30, 33, 31, 39, 13, 10, 27, 17, 39, 13, 11, 14, 0, 30, 39, 30, 33, 39, 19, 2, 21, 39, 35, 10, 22, 39, 27, 0, 18, 11, 37, 39, 30, 33, 31, 39, 13, 10, 20, 39, 4, 30, 39]
    PRED: [9, 2, 39, 27, 33, 31, 39, 34, 1, 27, 36, 17, 39, 13, 27, 17, 14, 0, 30, 39, 30, 33, 39, 19, 2, 21, 39, 27, 2, 22, 8, 39, 35, 10, 8, 11, 37, 39, 31, 11, 31, 39, 13, 3, 20, 39, 4, 30, 39]
    Edit distance: 15/46

============================================================
Batch 117000 | Val PER: 0.1763
============================================================
  Sample 0:
    TRUE: [31, 17, 0, 19, 27, 2, 28, 17, 39, 27, 17, 19, 2, 22, 28, 16, 8, 11, 8, 39]
    PRED: [27, 0, 0, 19, 2, 28, 39, 27, 2, 14, 27, 0, 22, 30, 2, 8, 39]
    Edit distance: 12/20
  Sample 1:
    TRUE: [27, 16, 7, 39, 26, 11, 7, 2, 28, 30, 39, 28, 10, 34, 27, 2, 20, 39, 28, 5, 22, 8, 39, 20, 16, 31, 2, 14, 27, 1, 13, 28, 39]
    PRED: [27, 1, 7, 39, 26, 0, 7, 2, 37, 39, 28, 10, 34, 2, 20, 39, 19, 1, 22, 8, 39, 20, 10, 2, 16, 34, 39]
    Edit distance: 14/33
  Sample 2:
    TRUE: [28, 24, 39, 27, 33, 20, 37, 39, 35, 17, 39, 21, 12, 8, 39, 16, 22, 39, 2, 22, 2, 6, 1, 29, 30, 39, 19, 2, 20, 33, 38, 2, 22, 39]
    PRED: [9, 2, 39, 27, 33, 20, 37, 39, 35, 17, 39, 21, 12, 8, 39, 16, 22, 39, 2, 22, 2, 34, 2, 28, 39, 19, 2, 20, 33, 38, 2, 22, 39]
    Edit distance: 6/34
  Sample 3:
    TRUE: [20, 3, 27, 17, 37, 39, 19, 0, 28, 30, 33, 21, 39, 22, 17, 8, 2, 8, 39, 6, 20, 1, 19, 39, 14, 20, 2, 34, 37, 39, 30, 33, 39, 6, 17, 39, 19, 2, 21, 26, 20, 17, 30, 20, 17, 39, 10, 20, 2, 14, 2, 22, 30, 39]
    PRED: [30, 35, 25, 11, 39, 19, 1, 28, 30, 33, 21, 39, 22, 17, 8, 39, 6, 20, 1, 19, 39, 20, 16, 34, 39, 29, 32, 8, 39, 6, 17, 39, 19, 2, 21, 26, 36, 17, 30, 20, 17, 39, 10, 20, 2, 22, 39]
    Edit distance: 18/54
  Sample 4:
    TRUE: [9, 2, 39, 30, 33, 31, 39, 13, 10, 27, 17, 39, 13, 11, 14, 0, 30, 39, 30, 33, 39, 19, 2, 21, 39, 35, 10, 22, 39, 27, 0, 18, 11, 37, 39, 30, 33, 31, 39, 13, 10, 20, 39, 4, 30, 39]
    PRED: [9, 2, 39, 27, 33, 31, 39, 34, 1, 27, 17, 39, 27, 17, 0, 30, 39, 30, 33, 39, 19, 2, 21, 39, 27, 2, 22, 8, 39, 27, 10, 8, 11, 37, 39, 31, 33, 31, 39, 13, 3, 20, 39, 4, 30, 39]
    Edit distance: 13/46

============================================================
Batch 117500 | Val PER: 0.1757
============================================================
  Sample 0:
    TRUE: [31, 17, 0, 19, 27, 2, 28, 17, 39, 27, 17, 19, 2, 22, 28, 16, 8, 11, 8, 39]
    PRED: [19, 27, 0, 19, 2, 28, 39, 27, 2, 14, 0, 22, 30, 2, 8, 39]
    Edit distance: 11/20
  Sample 1:
    TRUE: [27, 16, 7, 39, 26, 11, 7, 2, 28, 30, 39, 28, 10, 34, 27, 2, 20, 39, 28, 5, 22, 8, 39, 20, 16, 31, 2, 14, 27, 1, 13, 28, 39]
    PRED: [27, 1, 19, 39, 26, 0, 7, 2, 30, 37, 39, 28, 10, 34, 2, 20, 39, 19, 1, 22, 8, 39, 20, 10, 19, 2, 16, 34, 39]
    Edit distance: 15/33
  Sample 2:
    TRUE: [28, 24, 39, 27, 33, 20, 37, 39, 35, 17, 39, 21, 12, 8, 39, 16, 22, 39, 2, 22, 2, 6, 1, 29, 30, 39, 19, 2, 20, 33, 38, 2, 22, 39]
    PRED: [9, 2, 39, 27, 33, 20, 37, 39, 35, 17, 39, 21, 12, 8, 39, 16, 22, 39, 2, 22, 2, 34, 2, 28, 39, 19, 2, 20, 33, 38, 2, 22, 39]
    Edit distance: 6/34
  Sample 3:
    TRUE: [20, 3, 27, 17, 37, 39, 19, 0, 28, 30, 33, 21, 39, 22, 17, 8, 2, 8, 39, 6, 20, 1, 19, 39, 14, 20, 2, 34, 37, 39, 30, 33, 39, 6, 17, 39, 19, 2, 21, 26, 20, 17, 30, 20, 17, 39, 10, 20, 2, 14, 2, 22, 30, 39]
    PRED: [30, 35, 5, 11, 17, 39, 19, 0, 28, 30, 33, 21, 39, 22, 17, 8, 39, 6, 20, 12, 19, 39, 20, 16, 34, 39, 29, 32, 8, 39, 6, 17, 39, 19, 2, 21, 26, 17, 30, 20, 17, 39, 10, 20, 2, 22, 39]
    Edit distance: 18/54
  Sample 4:
    TRUE: [9, 2, 39, 30, 33, 31, 39, 13, 10, 27, 17, 39, 13, 11, 14, 0, 30, 39, 30, 33, 39, 19, 2, 21, 39, 35, 10, 22, 39, 27, 0, 18, 11, 37, 39, 30, 33, 31, 39, 13, 10, 20, 39, 4, 30, 39]
    PRED: [9, 2, 39, 30, 27, 33, 31, 39, 34, 1, 27, 36, 17, 39, 27, 17, 14, 0, 30, 39, 30, 33, 39, 19, 2, 21, 39, 27, 2, 22, 8, 39, 35, 24, 8, 11, 37, 39, 31, 11, 31, 39, 13, 3, 20, 39, 4, 30, 39]
    Edit distance: 15/46

============================================================
Batch 118000 | Val PER: 0.1751
============================================================
  Sample 0:
    TRUE: [31, 17, 0, 19, 27, 2, 28, 17, 39, 27, 17, 19, 2, 22, 28, 16, 8, 11, 8, 39]
    PRED: [19, 27, 0, 19, 2, 28, 39, 27, 2, 14, 0, 30, 2, 8, 39]
    Edit distance: 11/20
  Sample 1:
    TRUE: [27, 16, 7, 39, 26, 11, 7, 2, 28, 30, 39, 28, 10, 34, 27, 2, 20, 39, 28, 5, 22, 8, 39, 20, 16, 31, 2, 14, 27, 1, 13, 28, 39]
    PRED: [27, 1, 19, 39, 26, 0, 7, 2, 37, 39, 28, 10, 34, 2, 20, 39, 19, 1, 22, 8, 39, 20, 10, 19, 2, 16, 34, 39]
    Edit distance: 15/33
  Sample 2:
    TRUE: [28, 24, 39, 27, 33, 20, 37, 39, 35, 17, 39, 21, 12, 8, 39, 16, 22, 39, 2, 22, 2, 6, 1, 29, 30, 39, 19, 2, 20, 33, 38, 2, 22, 39]
    PRED: [9, 2, 39, 27, 33, 20, 37, 39, 35, 17, 39, 21, 12, 8, 39, 16, 22, 39, 2, 22, 2, 34, 2, 28, 39, 19, 2, 20, 33, 38, 2, 22, 39]
    Edit distance: 6/34
  Sample 3:
    TRUE: [20, 3, 27, 17, 37, 39, 19, 0, 28, 30, 33, 21, 39, 22, 17, 8, 2, 8, 39, 6, 20, 1, 19, 39, 14, 20, 2, 34, 37, 39, 30, 33, 39, 6, 17, 39, 19, 2, 21, 26, 20, 17, 30, 20, 17, 39, 10, 20, 2, 14, 2, 22, 30, 39]
    PRED: [30, 35, 5, 11, 17, 39, 19, 0, 28, 30, 33, 21, 39, 22, 17, 8, 39, 6, 20, 12, 19, 39, 20, 16, 34, 39, 30, 32, 8, 39, 6, 17, 39, 19, 2, 21, 26, 36, 17, 30, 20, 11, 39, 10, 20, 2, 22, 39]
    Edit distance: 18/54
  Sample 4:
    TRUE: [9, 2, 39, 30, 33, 31, 39, 13, 10, 27, 17, 39, 13, 11, 14, 0, 30, 39, 30, 33, 39, 19, 2, 21, 39, 35, 10, 22, 39, 27, 0, 18, 11, 37, 39, 30, 33, 31, 39, 13, 10, 20, 39, 4, 30, 39]
    PRED: [9, 2, 39, 27, 33, 31, 39, 34, 1, 27, 17, 39, 27, 17, 14, 0, 30, 39, 30, 33, 39, 19, 2, 21, 39, 27, 2, 22, 8, 39, 35, 24, 8, 11, 39, 31, 33, 31, 39, 13, 3, 20, 39, 4, 30, 39]
    Edit distance: 14/46

============================================================
Batch 118500 | Val PER: 0.1767
============================================================
  Sample 0:
    TRUE: [31, 17, 0, 19, 27, 2, 28, 17, 39, 27, 17, 19, 2, 22, 28, 16, 8, 11, 8, 39]
    PRED: [19, 27, 0, 19, 2, 28, 39, 27, 2, 14, 0, 30, 8, 39]
    Edit distance: 11/20
  Sample 1:
    TRUE: [27, 16, 7, 39, 26, 11, 7, 2, 28, 30, 39, 28, 10, 34, 27, 2, 20, 39, 28, 5, 22, 8, 39, 20, 16, 31, 2, 14, 27, 1, 13, 28, 39]
    PRED: [27, 1, 19, 39, 26, 0, 7, 2, 30, 37, 39, 28, 10, 34, 2, 20, 39, 19, 4, 22, 8, 39, 20, 10, 19, 2, 16, 34, 39]
    Edit distance: 15/33
  Sample 2:
    TRUE: [28, 24, 39, 27, 33, 20, 37, 39, 35, 17, 39, 21, 12, 8, 39, 16, 22, 39, 2, 22, 2, 6, 1, 29, 30, 39, 19, 2, 20, 33, 38, 2, 22, 39]
    PRED: [9, 2, 39, 27, 33, 20, 37, 39, 35, 17, 39, 21, 12, 8, 39, 16, 22, 39, 2, 22, 2, 34, 2, 28, 39, 19, 2, 20, 33, 38, 2, 22, 39]
    Edit distance: 6/34
  Sample 3:
    TRUE: [20, 3, 27, 17, 37, 39, 19, 0, 28, 30, 33, 21, 39, 22, 17, 8, 2, 8, 39, 6, 20, 1, 19, 39, 14, 20, 2, 34, 37, 39, 30, 33, 39, 6, 17, 39, 19, 2, 21, 26, 20, 17, 30, 20, 17, 39, 10, 20, 2, 14, 2, 22, 30, 39]
    PRED: [30, 35, 5, 11, 17, 39, 19, 0, 28, 30, 33, 21, 39, 22, 17, 8, 39, 6, 20, 1, 19, 39, 20, 16, 34, 39, 30, 32, 8, 39, 6, 17, 39, 19, 2, 21, 26, 36, 17, 30, 20, 11, 39, 10, 20, 2, 22, 39]
    Edit distance: 17/54
  Sample 4:
    TRUE: [9, 2, 39, 30, 33, 31, 39, 13, 10, 27, 17, 39, 13, 11, 14, 0, 30, 39, 30, 33, 39, 19, 2, 21, 39, 35, 10, 22, 39, 27, 0, 18, 11, 37, 39, 30, 33, 31, 39, 13, 10, 20, 39, 4, 30, 39]
    PRED: [9, 2, 39, 27, 33, 31, 39, 34, 1, 27, 17, 39, 27, 17, 14, 0, 30, 39, 30, 33, 39, 19, 2, 21, 39, 27, 2, 22, 8, 39, 35, 10, 8, 11, 39, 31, 33, 31, 39, 13, 3, 20, 39, 4, 30, 39]
    Edit distance: 14/46

============================================================
Batch 119000 | Val PER: 0.1758
============================================================
  Sample 0:
    TRUE: [31, 17, 0, 19, 27, 2, 28, 17, 39, 27, 17, 19, 2, 22, 28, 16, 8, 11, 8, 39]
    PRED: [19, 27, 0, 19, 2, 28, 39, 27, 2, 14, 27, 0, 27, 30, 8, 39]
    Edit distance: 11/20
  Sample 1:
    TRUE: [27, 16, 7, 39, 26, 11, 7, 2, 28, 30, 39, 28, 10, 34, 27, 2, 20, 39, 28, 5, 22, 8, 39, 20, 16, 31, 2, 14, 27, 1, 13, 28, 39]
    PRED: [27, 1, 19, 39, 26, 11, 7, 2, 30, 37, 39, 28, 10, 34, 2, 20, 39, 19, 1, 22, 8, 39, 20, 10, 19, 16, 34, 39]
    Edit distance: 15/33
  Sample 2:
    TRUE: [28, 24, 39, 27, 33, 20, 37, 39, 35, 17, 39, 21, 12, 8, 39, 16, 22, 39, 2, 22, 2, 6, 1, 29, 30, 39, 19, 2, 20, 33, 38, 2, 22, 39]
    PRED: [9, 2, 39, 27, 25, 20, 37, 39, 35, 17, 39, 21, 12, 8, 39, 16, 22, 39, 2, 22, 2, 34, 2, 28, 39, 19, 2, 20, 33, 38, 2, 22, 39]
    Edit distance: 7/34
  Sample 3:
    TRUE: [20, 3, 27, 17, 37, 39, 19, 0, 28, 30, 33, 21, 39, 22, 17, 8, 2, 8, 39, 6, 20, 1, 19, 39, 14, 20, 2, 34, 37, 39, 30, 33, 39, 6, 17, 39, 19, 2, 21, 26, 20, 17, 30, 20, 17, 39, 10, 20, 2, 14, 2, 22, 30, 39]
    PRED: [30, 35, 5, 11, 17, 39, 19, 0, 28, 30, 33, 21, 39, 22, 17, 8, 39, 6, 20, 12, 19, 39, 20, 16, 34, 39, 30, 33, 8, 39, 6, 17, 39, 19, 2, 21, 26, 36, 17, 30, 20, 11, 39, 10, 20, 2, 22, 39]
    Edit distance: 17/54
  Sample 4:
    TRUE: [9, 2, 39, 30, 33, 31, 39, 13, 10, 27, 17, 39, 13, 11, 14, 0, 30, 39, 30, 33, 39, 19, 2, 21, 39, 35, 10, 22, 39, 27, 0, 18, 11, 37, 39, 30, 33, 31, 39, 13, 10, 20, 39, 4, 30, 39]
    PRED: [9, 2, 39, 30, 27, 33, 31, 39, 34, 1, 27, 36, 17, 39, 27, 17, 14, 0, 30, 39, 30, 33, 39, 19, 2, 21, 39, 27, 10, 22, 8, 39, 35, 10, 27, 8, 11, 37, 39, 31, 33, 31, 39, 13, 3, 20, 39, 4, 30, 39]
    Edit distance: 14/46
