
============================================================
Batch 0 | Val PER: 1.6749
============================================================
  Sample 0:
    TRUE: [31, 17, 0, 19, 27, 2, 28, 17, 39, 27, 17, 19, 2, 22, 28, 16, 8, 11, 8, 39]
    PRED: [4, 39, 19, 2, 19, 21, 25, 5, 25, 2, 3, 38, 6, 7, 1, 6, 9, 12, 19, 1, 17, 33, 17, 24, 19, 17, 35, 20, 31, 14, 38, 32, 38, 32, 7, 27, 7, 16, 29, 22, 24, 7, 16, 24, 10, 16]
    Edit distance: 41/20
  Sample 1:
    TRUE: [27, 16, 7, 39, 26, 11, 7, 2, 28, 30, 39, 28, 10, 34, 27, 2, 20, 39, 28, 5, 22, 8, 39, 20, 16, 31, 2, 14, 27, 1, 13, 28, 39]
    PRED: [29, 34, 17, 33, 38, 8, 12, 3, 37, 2, 14, 22, 36, 33, 23, 22, 33, 20, 6, 10, 35, 5, 0, 16, 1, 38, 6, 32, 33, 32, 29, 33, 10, 16, 25, 24, 1, 6, 21, 23, 9, 0, 5, 21, 14, 33, 31, 27, 25, 32, 2, 39, 25, 31, 19, 34, 37, 27, 2, 10, 17, 12, 9, 36, 27, 19, 26, 2, 19, 23, 16, 3, 7, 23, 7, 16, 3, 4, 7, 13]
    Edit distance: 74/33
  Sample 2:
    TRUE: [28, 24, 39, 27, 33, 20, 37, 39, 35, 17, 39, 21, 12, 8, 39, 16, 22, 39, 2, 22, 2, 6, 1, 29, 30, 39, 19, 2, 20, 33, 38, 2, 22, 39]
    PRED: [4, 34, 11, 12, 11, 31, 39, 37, 39, 35, 33, 9, 14, 37, 21, 9, 12, 18, 37, 35, 39, 28, 8, 2, 23, 35, 0, 38, 26, 21, 23, 26, 17, 20, 38, 5, 28, 2, 33, 38, 12, 30, 25, 14, 10, 19, 21, 39, 11, 1, 9, 37, 30, 0, 18, 2, 32, 21, 28, 17, 18, 25, 8, 2, 27, 28, 2, 34, 1, 34, 22, 39, 16, 12, 29, 16, 35, 17, 13, 25, 24, 5, 27, 38, 16, 23, 25]
    Edit distance: 74/34
  Sample 3:
    TRUE: [20, 3, 27, 17, 37, 39, 19, 0, 28, 30, 33, 21, 39, 22, 17, 8, 2, 8, 39, 6, 20, 1, 19, 39, 14, 20, 2, 34, 37, 39, 30, 33, 39, 6, 17, 39, 19, 2, 21, 26, 20, 17, 30, 20, 17, 39, 10, 20, 2, 14, 2, 22, 30, 39]
    PRED: [31, 22, 7, 34, 39, 0, 29, 22, 14, 25, 28, 19, 37, 35, 37, 32, 35, 37, 26, 38, 0, 17, 37, 26, 17, 37, 17, 21, 16, 14, 17, 29, 39, 8, 28, 11, 37, 8, 26, 14, 0, 27, 25, 38, 19, 6, 11, 15, 4, 34, 32, 19, 10, 3, 32, 34, 0, 34, 12, 10, 7, 39, 18, 39, 12, 2, 16, 28, 30, 28, 16, 34, 35, 9, 18, 27, 30, 29, 29, 0, 7, 17, 29, 34, 25, 19, 1, 0, 37, 33, 37, 39, 1, 7, 27, 38, 27, 2, 38, 3, 25, 38, 7, 3]
    Edit distance: 89/54
  Sample 4:
    TRUE: [9, 2, 39, 30, 33, 31, 39, 13, 10, 27, 17, 39, 13, 11, 14, 0, 30, 39, 30, 33, 39, 19, 2, 21, 39, 35, 10, 22, 39, 27, 0, 18, 11, 37, 39, 30, 33, 31, 39, 13, 10, 20, 39, 4, 30, 39]
    PRED: [28, 26, 24, 25, 9, 31, 2, 12, 10, 12, 20, 35, 36, 6, 2, 24, 39, 34, 2, 37, 34, 20, 16, 22, 31, 2, 6, 30, 39, 24, 17, 36, 17, 19, 2, 19, 2, 38, 34, 19, 15, 0, 12, 13, 0, 21, 23, 0, 31, 33, 19, 0, 32, 19, 39, 32, 0, 37, 26, 8, 12, 31, 7, 1, 13, 12, 20, 21, 37, 19, 27, 8, 33, 8, 2, 23, 28, 14, 12, 17, 16, 18, 3, 34, 25, 16, 9, 28, 39, 12, 9, 29, 15, 27, 3, 15, 18, 27, 24, 3, 27, 19, 39, 19, 12, 39, 7, 16, 38, 10, 7, 16, 32, 16, 7, 10, 29, 7, 16, 12, 16]
    Edit distance: 105/46

============================================================
Batch 0 | Val PER: 1.7049
============================================================
  Sample 0:
    TRUE: [31, 17, 0, 19, 27, 2, 28, 17, 39, 27, 17, 19, 2, 22, 28, 16, 8, 11, 8, 39]
    PRED: [39, 15, 32, 26, 29, 9, 29, 32, 3, 32, 1, 23, 28, 14, 3, 23, 3, 2, 9, 36, 11, 27, 26, 10, 12, 31, 0, 17, 28, 18, 1, 16, 38, 22, 35, 17, 28, 7, 36, 22]
    Edit distance: 36/20
  Sample 1:
    TRUE: [27, 16, 7, 39, 26, 11, 7, 2, 28, 30, 39, 28, 10, 34, 27, 2, 20, 39, 28, 5, 22, 8, 39, 20, 16, 31, 2, 14, 27, 1, 13, 28, 39]
    PRED: [29, 17, 23, 17, 21, 25, 13, 20, 34, 23, 34, 31, 4, 24, 20, 14, 22, 20, 1, 32, 20, 34, 6, 34, 23, 7, 37, 3, 9, 12, 1, 9, 14, 12, 15, 23, 37, 12, 15, 38, 32, 1, 15, 26, 14, 7, 34, 26, 11, 25, 24, 27, 11, 25, 27, 14, 22, 14, 23, 15, 29, 15, 37, 29, 2, 7, 1, 26, 22, 22, 22]
    Edit distance: 67/33
  Sample 2:
    TRUE: [28, 24, 39, 27, 33, 20, 37, 39, 35, 17, 39, 21, 12, 8, 39, 16, 22, 39, 2, 22, 2, 6, 1, 29, 30, 39, 19, 2, 20, 33, 38, 2, 22, 39]
    PRED: [1, 39, 27, 13, 20, 23, 7, 8, 9, 30, 13, 27, 34, 23, 38, 32, 29, 8, 1, 16, 18, 8, 15, 32, 27, 1, 30, 20, 1, 4, 15, 19, 8, 25, 8, 4, 28, 27, 10, 15, 19, 29, 15, 8, 1, 15, 29, 19, 34, 26, 19, 13, 9, 15, 27, 29, 31, 23, 24, 21, 15, 25, 12, 11, 32, 12, 26, 6, 26, 27, 11, 27, 8, 25, 23, 12, 31, 25, 1, 14, 26, 6, 3, 7, 6, 5, 22]
    Edit distance: 80/34
  Sample 3:
    TRUE: [20, 3, 27, 17, 37, 39, 19, 0, 28, 30, 33, 21, 39, 22, 17, 8, 2, 8, 39, 6, 20, 1, 19, 39, 14, 20, 2, 34, 37, 39, 30, 33, 39, 6, 17, 39, 19, 2, 21, 26, 20, 17, 30, 20, 17, 39, 10, 20, 2, 14, 2, 22, 30, 39]
    PRED: [1, 12, 14, 18, 23, 38, 37, 25, 35, 9, 26, 14, 9, 23, 3, 20, 12, 16, 29, 19, 3, 34, 20, 3, 34, 1, 39, 34, 28, 34, 9, 18, 27, 34, 13, 15, 21, 38, 4, 38, 32, 19, 8, 21, 31, 19, 23, 31, 29, 0, 1, 34, 1, 9, 25, 31, 9, 27, 21, 39, 5, 7, 2, 31, 9, 34, 19, 3, 3, 19, 29, 13, 14, 30, 23, 5, 14, 25, 16, 5, 7, 12, 32, 11, 32, 34, 27, 15, 6, 31, 7, 25, 10, 14, 12, 11, 8, 24, 8, 11, 12, 5, 7, 17, 22, 16, 17, 16, 36]
    Edit distance: 97/54
  Sample 4:
    TRUE: [9, 2, 39, 30, 33, 31, 39, 13, 10, 27, 17, 39, 13, 11, 14, 0, 30, 39, 30, 33, 39, 19, 2, 21, 39, 35, 10, 22, 39, 27, 0, 18, 11, 37, 39, 30, 33, 31, 39, 13, 10, 20, 39, 4, 30, 39]
    PRED: [39, 26, 22, 27, 13, 38, 18, 1, 13, 15, 20, 21, 23, 37, 9, 37, 29, 28, 22, 32, 22, 15, 9, 1, 19, 7, 25, 9, 25, 37, 14, 20, 39, 11, 26, 19, 11, 29, 13, 26, 20, 1, 34, 14, 23, 31, 3, 25, 18, 25, 1, 18, 14, 23, 31, 6, 29, 12, 19, 1, 34, 13, 8, 34, 11, 20, 12, 8, 29, 32, 7, 26, 34, 27, 4, 18, 4, 11, 35, 26, 1, 33, 5, 6, 27, 12, 13, 23, 31, 37, 30, 28, 12, 24, 3, 27, 24, 2, 23, 4, 38, 11, 1, 11, 4, 19, 23, 31, 2, 38, 18, 28, 38, 7, 25, 22, 17, 22, 28, 22, 26, 22, 12, 38, 17, 36]
    Edit distance: 115/46

============================================================
Batch 500 | Val PER: 0.5996
============================================================
  Sample 0:
    TRUE: [31, 17, 0, 19, 27, 2, 28, 17, 39, 27, 17, 19, 2, 22, 28, 16, 8, 11, 8, 39]
    PRED: [39, 39]
    Edit distance: 18/20
  Sample 1:
    TRUE: [27, 16, 7, 39, 26, 11, 7, 2, 28, 30, 39, 28, 10, 34, 27, 2, 20, 39, 28, 5, 22, 8, 39, 20, 16, 31, 2, 14, 27, 1, 13, 28, 39]
    PRED: [34, 39, 1, 39]
    Edit distance: 29/33
  Sample 2:
    TRUE: [28, 24, 39, 27, 33, 20, 37, 39, 35, 17, 39, 21, 12, 8, 39, 16, 22, 39, 2, 22, 2, 6, 1, 29, 30, 39, 19, 2, 20, 33, 38, 2, 22, 39]
    PRED: [39, 39, 21, 39, 39, 39]
    Edit distance: 28/34
  Sample 3:
    TRUE: [20, 3, 27, 17, 37, 39, 19, 0, 28, 30, 33, 21, 39, 22, 17, 8, 2, 8, 39, 6, 20, 1, 19, 39, 14, 20, 2, 34, 37, 39, 30, 33, 39, 6, 17, 39, 19, 2, 21, 26, 20, 17, 30, 20, 17, 39, 10, 20, 2, 14, 2, 22, 30, 39]
    PRED: [39, 39, 1, 39, 19, 39, 39, 39, 39, 21, 39]
    Edit distance: 44/54
  Sample 4:
    TRUE: [9, 2, 39, 30, 33, 31, 39, 13, 10, 27, 17, 39, 13, 11, 14, 0, 30, 39, 30, 33, 39, 19, 2, 21, 39, 35, 10, 22, 39, 27, 0, 18, 11, 37, 39, 30, 33, 31, 39, 13, 10, 20, 39, 4, 30, 39]
    PRED: [39, 2, 39, 39, 35, 39, 39, 21, 39, 39, 35, 39, 39, 39, 39]
    Edit distance: 34/46

============================================================
Batch 1000 | Val PER: 0.5189
============================================================
  Sample 0:
    TRUE: [31, 17, 0, 19, 27, 2, 28, 17, 39, 27, 17, 19, 2, 22, 28, 16, 8, 11, 8, 39]
    PRED: [28, 39, 39]
    Edit distance: 17/20
  Sample 1:
    TRUE: [27, 16, 7, 39, 26, 11, 7, 2, 28, 30, 39, 28, 10, 34, 27, 2, 20, 39, 28, 5, 22, 8, 39, 20, 16, 31, 2, 14, 27, 1, 13, 28, 39]
    PRED: [19, 39, 27, 23, 39, 34, 39, 1, 8, 39, 16, 39, 39]
    Edit distance: 25/33
  Sample 2:
    TRUE: [28, 24, 39, 27, 33, 20, 37, 39, 35, 17, 39, 21, 12, 8, 39, 16, 22, 39, 2, 22, 2, 6, 1, 29, 30, 39, 19, 2, 20, 33, 38, 2, 22, 39]
    PRED: [39, 39, 20, 37, 39, 39, 21, 8, 39, 22, 39, 22, 2, 37, 39, 22, 39]
    Edit distance: 19/34
  Sample 3:
    TRUE: [20, 3, 27, 17, 37, 39, 19, 0, 28, 30, 33, 21, 39, 22, 17, 8, 2, 8, 39, 6, 20, 1, 19, 39, 14, 20, 2, 34, 37, 39, 30, 33, 39, 6, 17, 39, 19, 2, 21, 26, 20, 17, 30, 20, 17, 39, 10, 20, 2, 14, 2, 22, 30, 39]
    PRED: [39, 27, 39, 1, 2, 6, 39, 39, 6, 19, 39, 20, 37, 39, 33, 39, 6, 20, 39, 21, 9, 2, 39, 22, 8, 39]
    Edit distance: 36/54
  Sample 4:
    TRUE: [9, 2, 39, 30, 33, 31, 39, 13, 10, 27, 17, 39, 13, 11, 14, 0, 30, 39, 30, 33, 39, 19, 2, 21, 39, 35, 10, 22, 39, 27, 0, 18, 11, 37, 39, 30, 33, 31, 39, 13, 10, 20, 39, 4, 30, 39]
    PRED: [9, 2, 39, 15, 2, 39, 39, 30, 39, 33, 39, 21, 39, 22, 39, 35, 39, 33, 2, 39, 39, 39]
    Edit distance: 28/46

============================================================
Batch 1500 | Val PER: 0.4977
============================================================
  Sample 0:
    TRUE: [31, 17, 0, 19, 27, 2, 28, 17, 39, 27, 17, 19, 2, 22, 28, 16, 8, 11, 8, 39]
    PRED: [9, 2, 39, 39]
    Edit distance: 17/20
  Sample 1:
    TRUE: [27, 16, 7, 39, 26, 11, 7, 2, 28, 30, 39, 28, 10, 34, 27, 2, 20, 39, 28, 5, 22, 8, 39, 20, 16, 31, 2, 14, 27, 1, 13, 28, 39]
    PRED: [12, 28, 39, 26, 27, 37, 39, 34, 39, 1, 22, 39, 16, 9, 9, 39, 39]
    Edit distance: 24/33
  Sample 2:
    TRUE: [28, 24, 39, 27, 33, 20, 37, 39, 35, 17, 39, 21, 12, 8, 39, 16, 22, 39, 2, 22, 2, 6, 1, 29, 30, 39, 19, 2, 20, 33, 38, 2, 22, 39]
    PRED: [39, 33, 39, 20, 37, 39, 21, 17, 39, 21, 22, 39, 22, 39, 22, 37, 39, 2, 22, 39]
    Edit distance: 19/34
  Sample 3:
    TRUE: [20, 3, 27, 17, 37, 39, 19, 0, 28, 30, 33, 21, 39, 22, 17, 8, 2, 8, 39, 6, 20, 1, 19, 39, 14, 20, 2, 34, 37, 39, 30, 33, 39, 6, 17, 39, 19, 2, 21, 26, 20, 17, 30, 20, 17, 39, 10, 20, 2, 14, 2, 22, 30, 39]
    PRED: [27, 39, 15, 1, 2, 21, 39, 22, 16, 22, 8, 39, 6, 19, 39, 39, 33, 39, 6, 17, 39, 26, 2, 39, 22, 39]
    Edit distance: 34/54
  Sample 4:
    TRUE: [9, 2, 39, 30, 33, 31, 39, 13, 10, 27, 17, 39, 13, 11, 14, 0, 30, 39, 30, 33, 39, 19, 2, 21, 39, 35, 10, 22, 39, 27, 0, 18, 11, 37, 39, 30, 33, 31, 39, 13, 10, 20, 39, 4, 30, 39]
    PRED: [9, 2, 39, 33, 39, 9, 37, 39, 13, 2, 22, 30, 39, 30, 33, 39, 21, 39, 22, 39, 35, 39, 39, 33, 39, 39, 4, 30, 39]
    Edit distance: 23/46

============================================================
Batch 2000 | Val PER: 0.4635
============================================================
  Sample 0:
    TRUE: [31, 17, 0, 19, 27, 2, 28, 17, 39, 27, 17, 19, 2, 22, 28, 16, 8, 11, 8, 39]
    PRED: [39, 39]
    Edit distance: 18/20
  Sample 1:
    TRUE: [27, 16, 7, 39, 26, 11, 7, 2, 28, 30, 39, 28, 10, 34, 27, 2, 20, 39, 28, 5, 22, 8, 39, 20, 16, 31, 2, 14, 27, 1, 13, 28, 39]
    PRED: [12, 19, 39, 26, 27, 7, 37, 39, 34, 39, 1, 22, 8, 39, 39, 28, 39]
    Edit distance: 22/33
  Sample 2:
    TRUE: [28, 24, 39, 27, 33, 20, 37, 39, 35, 17, 39, 21, 12, 8, 39, 16, 22, 39, 2, 22, 2, 6, 1, 29, 30, 39, 19, 2, 20, 33, 38, 2, 22, 39]
    PRED: [39, 20, 37, 39, 17, 39, 21, 22, 8, 39, 22, 39, 22, 1, 30, 28, 37, 39, 2, 22, 39]
    Edit distance: 17/34
  Sample 3:
    TRUE: [20, 3, 27, 17, 37, 39, 19, 0, 28, 30, 33, 21, 39, 22, 17, 8, 2, 8, 39, 6, 20, 1, 19, 39, 14, 20, 2, 34, 37, 39, 30, 33, 39, 6, 17, 39, 19, 2, 21, 26, 20, 17, 30, 20, 17, 39, 10, 20, 2, 14, 2, 22, 30, 39]
    PRED: [27, 39, 15, 1, 2, 21, 39, 16, 8, 39, 6, 19, 39, 20, 37, 39, 33, 39, 6, 17, 39, 2, 21, 26, 2, 39, 22, 39]
    Edit distance: 31/54
  Sample 4:
    TRUE: [9, 2, 39, 30, 33, 31, 39, 13, 10, 27, 17, 39, 13, 11, 14, 0, 30, 39, 30, 33, 39, 19, 2, 21, 39, 35, 10, 22, 39, 27, 0, 18, 11, 37, 39, 30, 33, 31, 39, 13, 10, 20, 39, 4, 30, 39]
    PRED: [9, 2, 39, 30, 33, 39, 10, 39, 13, 22, 19, 39, 30, 33, 39, 19, 21, 39, 22, 39, 35, 39, 33, 31, 39, 39, 4, 30, 39]
    Edit distance: 20/46

============================================================
Batch 2500 | Val PER: 0.4326
============================================================
  Sample 0:
    TRUE: [31, 17, 0, 19, 27, 2, 28, 17, 39, 27, 17, 19, 2, 22, 28, 16, 8, 11, 8, 39]
    PRED: [9, 39, 27, 8, 39]
    Edit distance: 16/20
  Sample 1:
    TRUE: [27, 16, 7, 39, 26, 11, 7, 2, 28, 30, 39, 28, 10, 34, 27, 2, 20, 39, 28, 5, 22, 8, 39, 20, 16, 31, 2, 14, 27, 1, 13, 28, 39]
    PRED: [12, 19, 28, 39, 26, 27, 25, 7, 2, 37, 39, 1, 34, 39, 28, 5, 22, 8, 39, 16, 16, 39, 9, 39, 14, 39]
    Edit distance: 20/33
  Sample 2:
    TRUE: [28, 24, 39, 27, 33, 20, 37, 39, 35, 17, 39, 21, 12, 8, 39, 16, 22, 39, 2, 22, 2, 6, 1, 29, 30, 39, 19, 2, 20, 33, 38, 2, 22, 39]
    PRED: [33, 39, 20, 37, 39, 6, 17, 39, 21, 22, 8, 39, 16, 22, 39, 22, 1, 28, 37, 39, 24, 2, 22, 39]
    Edit distance: 16/34
  Sample 3:
    TRUE: [20, 3, 27, 17, 37, 39, 19, 0, 28, 30, 33, 21, 39, 22, 17, 8, 2, 8, 39, 6, 20, 1, 19, 39, 14, 20, 2, 34, 37, 39, 30, 33, 39, 6, 17, 39, 19, 2, 21, 26, 20, 17, 30, 20, 17, 39, 10, 20, 2, 14, 2, 22, 30, 39]
    PRED: [27, 39, 28, 1, 21, 2, 21, 39, 8, 16, 8, 39, 6, 0, 19, 39, 2, 34, 37, 39, 33, 39, 6, 17, 39, 2, 21, 26, 2, 39, 20, 2, 22, 39]
    Edit distance: 27/54
  Sample 4:
    TRUE: [9, 2, 39, 30, 33, 31, 39, 13, 10, 27, 17, 39, 13, 11, 14, 0, 30, 39, 30, 33, 39, 19, 2, 21, 39, 35, 10, 22, 39, 27, 0, 18, 11, 37, 39, 30, 33, 31, 39, 13, 10, 20, 39, 4, 30, 39]
    PRED: [9, 2, 39, 30, 33, 31, 39, 9, 10, 17, 37, 39, 13, 27, 19, 2, 22, 19, 39, 30, 33, 39, 21, 39, 13, 27, 0, 22, 39, 35, 39, 33, 31, 39, 13, 39, 4, 30, 39]
    Edit distance: 20/46

============================================================
Batch 3000 | Val PER: 0.4249
============================================================
  Sample 0:
    TRUE: [31, 17, 0, 19, 27, 2, 28, 17, 39, 27, 17, 19, 2, 22, 28, 16, 8, 11, 8, 39]
    PRED: [9, 39, 27, 8, 39]
    Edit distance: 16/20
  Sample 1:
    TRUE: [27, 16, 7, 39, 26, 11, 7, 2, 28, 30, 39, 28, 10, 34, 27, 2, 20, 39, 28, 5, 22, 8, 39, 20, 16, 31, 2, 14, 27, 1, 13, 28, 39]
    PRED: [19, 28, 39, 26, 27, 2, 37, 39, 1, 34, 39, 1, 22, 8, 39, 16, 16, 9, 39, 13, 39]
    Edit distance: 21/33
  Sample 2:
    TRUE: [28, 24, 39, 27, 33, 20, 37, 39, 35, 17, 39, 21, 12, 8, 39, 16, 22, 39, 2, 22, 2, 6, 1, 29, 30, 39, 19, 2, 20, 33, 38, 2, 22, 39]
    PRED: [33, 39, 20, 37, 39, 27, 17, 39, 21, 22, 8, 39, 16, 22, 39, 22, 28, 39, 24, 2, 22, 39]
    Edit distance: 17/34
  Sample 3:
    TRUE: [20, 3, 27, 17, 37, 39, 19, 0, 28, 30, 33, 21, 39, 22, 17, 8, 2, 8, 39, 6, 20, 1, 19, 39, 14, 20, 2, 34, 37, 39, 30, 33, 39, 6, 17, 39, 19, 2, 21, 26, 20, 17, 30, 20, 17, 39, 10, 20, 2, 14, 2, 22, 30, 39]
    PRED: [27, 11, 27, 39, 15, 1, 21, 39, 8, 10, 8, 39, 6, 19, 39, 14, 2, 34, 37, 39, 30, 33, 39, 6, 17, 39, 2, 21, 26, 33, 39, 10, 22, 39]
    Edit distance: 26/54
  Sample 4:
    TRUE: [9, 2, 39, 30, 33, 31, 39, 13, 10, 27, 17, 39, 13, 11, 14, 0, 30, 39, 30, 33, 39, 19, 2, 21, 39, 35, 10, 22, 39, 27, 0, 18, 11, 37, 39, 30, 33, 31, 39, 13, 10, 20, 39, 4, 30, 39]
    PRED: [9, 2, 39, 30, 33, 31, 39, 13, 10, 17, 37, 39, 27, 2, 22, 19, 39, 30, 33, 39, 2, 21, 39, 0, 22, 39, 35, 0, 33, 39, 13, 39, 4, 30, 39]
    Edit distance: 19/46

============================================================
Batch 3500 | Val PER: 0.4187
============================================================
  Sample 0:
    TRUE: [31, 17, 0, 19, 27, 2, 28, 17, 39, 27, 17, 19, 2, 22, 28, 16, 8, 11, 8, 39]
    PRED: [39, 27, 39, 39]
    Edit distance: 17/20
  Sample 1:
    TRUE: [27, 16, 7, 39, 26, 11, 7, 2, 28, 30, 39, 28, 10, 34, 27, 2, 20, 39, 28, 5, 22, 8, 39, 20, 16, 31, 2, 14, 27, 1, 13, 28, 39]
    PRED: [27, 19, 28, 39, 26, 27, 25, 2, 37, 39, 1, 34, 2, 34, 39, 1, 22, 8, 39, 16, 31, 39, 39, 14, 39]
    Edit distance: 19/33
  Sample 2:
    TRUE: [28, 24, 39, 27, 33, 20, 37, 39, 35, 17, 39, 21, 12, 8, 39, 16, 22, 39, 2, 22, 2, 6, 1, 29, 30, 39, 19, 2, 20, 33, 38, 2, 22, 39]
    PRED: [33, 39, 20, 37, 39, 27, 5, 39, 21, 25, 22, 8, 39, 16, 22, 39, 22, 28, 37, 39, 24, 2, 22, 39]
    Edit distance: 19/34
  Sample 3:
    TRUE: [20, 3, 27, 17, 37, 39, 19, 0, 28, 30, 33, 21, 39, 22, 17, 8, 2, 8, 39, 6, 20, 1, 19, 39, 14, 20, 2, 34, 37, 39, 30, 33, 39, 6, 17, 39, 19, 2, 21, 26, 20, 17, 30, 20, 17, 39, 10, 20, 2, 14, 2, 22, 30, 39]
    PRED: [27, 3, 27, 39, 15, 1, 21, 39, 8, 10, 22, 8, 39, 6, 19, 39, 20, 2, 28, 39, 30, 33, 39, 6, 21, 17, 39, 2, 21, 26, 2, 39, 1, 22, 39]
    Edit distance: 30/54
  Sample 4:
    TRUE: [9, 2, 39, 30, 33, 31, 39, 13, 10, 27, 17, 39, 13, 11, 14, 0, 30, 39, 30, 33, 39, 19, 2, 21, 39, 35, 10, 22, 39, 27, 0, 18, 11, 37, 39, 30, 33, 31, 39, 13, 10, 20, 39, 4, 30, 39]
    PRED: [9, 2, 39, 30, 33, 28, 39, 10, 39, 27, 19, 39, 30, 33, 39, 2, 21, 39, 0, 22, 39, 35, 39, 33, 39, 39, 4, 30, 39]
    Edit distance: 22/46

============================================================
Batch 4000 | Val PER: 0.4099
============================================================
  Sample 0:
    TRUE: [31, 17, 0, 19, 27, 2, 28, 17, 39, 27, 17, 19, 2, 22, 28, 16, 8, 11, 8, 39]
    PRED: [35, 12, 19, 28, 39, 27, 5, 19, 8, 8, 39]
    Edit distance: 12/20
  Sample 1:
    TRUE: [27, 16, 7, 39, 26, 11, 7, 2, 28, 30, 39, 28, 10, 34, 27, 2, 20, 39, 28, 5, 22, 8, 39, 20, 16, 31, 2, 14, 27, 1, 13, 28, 39]
    PRED: [27, 10, 19, 39, 26, 27, 11, 2, 37, 39, 2, 10, 34, 2, 39, 19, 1, 5, 22, 39, 16, 3, 39, 14, 10, 39]
    Edit distance: 19/33
  Sample 2:
    TRUE: [28, 24, 39, 27, 33, 20, 37, 39, 35, 17, 39, 21, 12, 8, 39, 16, 22, 39, 2, 22, 2, 6, 1, 29, 30, 39, 19, 2, 20, 33, 38, 2, 22, 39]
    PRED: [33, 39, 35, 16, 17, 20, 37, 39, 21, 17, 39, 21, 25, 8, 39, 16, 22, 39, 2, 22, 27, 4, 28, 39, 19, 24, 20, 2, 22, 39]
    Edit distance: 15/34
  Sample 3:
    TRUE: [20, 3, 27, 17, 37, 39, 19, 0, 28, 30, 33, 21, 39, 22, 17, 8, 2, 8, 39, 6, 20, 1, 19, 39, 14, 20, 2, 34, 37, 39, 30, 33, 39, 6, 17, 39, 19, 2, 21, 26, 20, 17, 30, 20, 17, 39, 10, 20, 2, 14, 2, 22, 30, 39]
    PRED: [27, 3, 27, 39, 19, 1, 21, 39, 8, 10, 8, 39, 6, 0, 19, 39, 20, 2, 28, 39, 30, 33, 39, 6, 21, 17, 39, 2, 21, 26, 20, 39, 20, 4, 20, 22, 30, 39]
    Edit distance: 25/54
  Sample 4:
    TRUE: [9, 2, 39, 30, 33, 31, 39, 13, 10, 27, 17, 39, 13, 11, 14, 0, 30, 39, 30, 33, 39, 19, 2, 21, 39, 35, 10, 22, 39, 27, 0, 18, 11, 37, 39, 30, 33, 31, 39, 13, 10, 20, 39, 4, 30, 39]
    PRED: [9, 2, 39, 30, 33, 28, 39, 10, 39, 27, 19, 19, 39, 30, 33, 39, 30, 19, 2, 21, 39, 35, 10, 2, 22, 39, 35, 27, 11, 30, 33, 13, 39, 13, 5, 20, 39, 4, 30, 39]
    Edit distance: 18/46

============================================================
Batch 4500 | Val PER: 0.4085
============================================================
  Sample 0:
    TRUE: [31, 17, 0, 19, 27, 2, 28, 17, 39, 27, 17, 19, 2, 22, 28, 16, 8, 11, 8, 39]
    PRED: [35, 19, 28, 39, 27, 8, 39]
    Edit distance: 14/20
  Sample 1:
    TRUE: [27, 16, 7, 39, 26, 11, 7, 2, 28, 30, 39, 28, 10, 34, 27, 2, 20, 39, 28, 5, 22, 8, 39, 20, 16, 31, 2, 14, 27, 1, 13, 28, 39]
    PRED: [35, 12, 19, 28, 39, 26, 27, 25, 7, 2, 37, 39, 1, 34, 20, 39, 22, 8, 39, 9, 31, 9, 39, 10, 13, 39]
    Edit distance: 21/33
  Sample 2:
    TRUE: [28, 24, 39, 27, 33, 20, 37, 39, 35, 17, 39, 21, 12, 8, 39, 16, 22, 39, 2, 22, 2, 6, 1, 29, 30, 39, 19, 2, 20, 33, 38, 2, 22, 39]
    PRED: [4, 33, 39, 17, 20, 37, 39, 27, 17, 39, 21, 25, 8, 39, 16, 22, 39, 2, 22, 27, 28, 39, 19, 20, 2, 22, 39]
    Edit distance: 14/34
  Sample 3:
    TRUE: [20, 3, 27, 17, 37, 39, 19, 0, 28, 30, 33, 21, 39, 22, 17, 8, 2, 8, 39, 6, 20, 1, 19, 39, 14, 20, 2, 34, 37, 39, 30, 33, 39, 6, 17, 39, 19, 2, 21, 26, 20, 17, 30, 20, 17, 39, 10, 20, 2, 14, 2, 22, 30, 39]
    PRED: [27, 11, 39, 28, 1, 21, 39, 8, 10, 8, 39, 6, 27, 19, 39, 20, 2, 37, 39, 30, 33, 39, 6, 17, 39, 2, 21, 26, 20, 39, 20, 20, 22, 39]
    Edit distance: 25/54
  Sample 4:
    TRUE: [9, 2, 39, 30, 33, 31, 39, 13, 10, 27, 17, 39, 13, 11, 14, 0, 30, 39, 30, 33, 39, 19, 2, 21, 39, 35, 10, 22, 39, 27, 0, 18, 11, 37, 39, 30, 33, 31, 39, 13, 10, 20, 39, 4, 30, 39]
    PRED: [9, 2, 39, 30, 33, 31, 39, 17, 39, 13, 27, 19, 19, 39, 30, 33, 39, 28, 2, 21, 39, 35, 10, 22, 8, 39, 35, 27, 11, 39, 9, 33, 31, 39, 20, 39, 4, 30, 39]
    Edit distance: 16/46

============================================================
Batch 5000 | Val PER: 0.4047
============================================================
  Sample 0:
    TRUE: [31, 17, 0, 19, 27, 2, 28, 17, 39, 27, 17, 19, 2, 22, 28, 16, 8, 11, 8, 39]
    PRED: [12, 2, 17, 39, 27, 8, 8, 39]
    Edit distance: 13/20
  Sample 1:
    TRUE: [27, 16, 7, 39, 26, 11, 7, 2, 28, 30, 39, 28, 10, 34, 27, 2, 20, 39, 28, 5, 22, 8, 39, 20, 16, 31, 2, 14, 27, 1, 13, 28, 39]
    PRED: [27, 12, 19, 28, 39, 26, 11, 2, 37, 39, 1, 34, 20, 39, 1, 22, 39, 31, 16, 31, 9, 2, 39, 10, 13, 39]
    Edit distance: 19/33
  Sample 2:
    TRUE: [28, 24, 39, 27, 33, 20, 37, 39, 35, 17, 39, 21, 12, 8, 39, 16, 22, 39, 2, 22, 2, 6, 1, 29, 30, 39, 19, 2, 20, 33, 38, 2, 22, 39]
    PRED: [4, 33, 39, 17, 20, 37, 39, 27, 5, 39, 21, 25, 8, 39, 16, 22, 39, 2, 22, 1, 28, 37, 39, 19, 2, 22, 39]
    Edit distance: 15/34
  Sample 3:
    TRUE: [20, 3, 27, 17, 37, 39, 19, 0, 28, 30, 33, 21, 39, 22, 17, 8, 2, 8, 39, 6, 20, 1, 19, 39, 14, 20, 2, 34, 37, 39, 30, 33, 39, 6, 17, 39, 19, 2, 21, 26, 20, 17, 30, 20, 17, 39, 10, 20, 2, 14, 2, 22, 30, 39]
    PRED: [27, 11, 27, 39, 28, 15, 1, 21, 39, 8, 10, 8, 39, 21, 5, 19, 39, 20, 2, 34, 37, 39, 30, 33, 39, 21, 17, 39, 2, 21, 26, 20, 39, 1, 20, 2, 2, 22, 8, 39]
    Edit distance: 24/54
  Sample 4:
    TRUE: [9, 2, 39, 30, 33, 31, 39, 13, 10, 27, 17, 39, 13, 11, 14, 0, 30, 39, 30, 33, 39, 19, 2, 21, 39, 35, 10, 22, 39, 27, 0, 18, 11, 37, 39, 30, 33, 31, 39, 13, 10, 20, 39, 4, 30, 39]
    PRED: [9, 2, 39, 30, 36, 33, 28, 39, 39, 13, 27, 3, 30, 10, 19, 39, 30, 33, 39, 30, 2, 21, 39, 35, 1, 22, 39, 35, 27, 11, 33, 31, 39, 20, 39, 4, 30, 39]
    Edit distance: 21/46

============================================================
Batch 5500 | Val PER: 0.4007
============================================================
  Sample 0:
    TRUE: [31, 17, 0, 19, 27, 2, 28, 17, 39, 27, 17, 19, 2, 22, 28, 16, 8, 11, 8, 39]
    PRED: [9, 10, 28, 28, 39, 27, 8, 39]
    Edit distance: 15/20
  Sample 1:
    TRUE: [27, 16, 7, 39, 26, 11, 7, 2, 28, 30, 39, 28, 10, 34, 27, 2, 20, 39, 28, 5, 22, 8, 39, 20, 16, 31, 2, 14, 27, 1, 13, 28, 39]
    PRED: [27, 12, 19, 28, 39, 26, 27, 25, 7, 2, 37, 39, 10, 34, 2, 20, 39, 28, 1, 22, 8, 39, 9, 31, 2, 39, 10, 13, 39]
    Edit distance: 16/33
  Sample 2:
    TRUE: [28, 24, 39, 27, 33, 20, 37, 39, 35, 17, 39, 21, 12, 8, 39, 16, 22, 39, 2, 22, 2, 6, 1, 29, 30, 39, 19, 2, 20, 33, 38, 2, 22, 39]
    PRED: [9, 33, 39, 17, 20, 37, 39, 21, 5, 39, 21, 2, 8, 39, 16, 22, 39, 2, 22, 28, 39, 19, 2, 22, 39]
    Edit distance: 16/34
  Sample 3:
    TRUE: [20, 3, 27, 17, 37, 39, 19, 0, 28, 30, 33, 21, 39, 22, 17, 8, 2, 8, 39, 6, 20, 1, 19, 39, 14, 20, 2, 34, 37, 39, 30, 33, 39, 6, 17, 39, 19, 2, 21, 26, 20, 17, 30, 20, 17, 39, 10, 20, 2, 14, 2, 22, 30, 39]
    PRED: [27, 3, 39, 28, 1, 21, 39, 8, 10, 8, 39, 6, 1, 19, 39, 20, 2, 34, 28, 39, 30, 33, 39, 6, 17, 39, 2, 26, 2, 39, 1, 20, 20, 2, 22, 30, 39]
    Edit distance: 24/54
  Sample 4:
    TRUE: [9, 2, 39, 30, 33, 31, 39, 13, 10, 27, 17, 39, 13, 11, 14, 0, 30, 39, 30, 33, 39, 19, 2, 21, 39, 35, 10, 22, 39, 27, 0, 18, 11, 37, 39, 30, 33, 31, 39, 13, 10, 20, 39, 4, 30, 39]
    PRED: [9, 2, 39, 30, 33, 31, 28, 39, 39, 27, 19, 39, 30, 33, 39, 28, 30, 2, 21, 39, 35, 10, 22, 39, 35, 11, 39, 9, 33, 31, 13, 39, 20, 39, 4, 30, 39]
    Edit distance: 19/46

============================================================
Batch 6000 | Val PER: 0.4001
============================================================
  Sample 0:
    TRUE: [31, 17, 0, 19, 27, 2, 28, 17, 39, 27, 17, 19, 2, 22, 28, 16, 8, 11, 8, 39]
    PRED: [9, 35, 10, 28, 11, 39, 27, 16, 8, 39]
    Edit distance: 14/20
  Sample 1:
    TRUE: [27, 16, 7, 39, 26, 11, 7, 2, 28, 30, 39, 28, 10, 34, 27, 2, 20, 39, 28, 5, 22, 8, 39, 20, 16, 31, 2, 14, 27, 1, 13, 28, 39]
    PRED: [27, 12, 19, 28, 39, 26, 27, 11, 7, 2, 37, 39, 10, 34, 11, 39, 28, 5, 22, 39, 9, 16, 2, 39, 10, 13, 39]
    Edit distance: 17/33
  Sample 2:
    TRUE: [28, 24, 39, 27, 33, 20, 37, 39, 35, 17, 39, 21, 12, 8, 39, 16, 22, 39, 2, 22, 2, 6, 1, 29, 30, 39, 19, 2, 20, 33, 38, 2, 22, 39]
    PRED: [9, 2, 39, 16, 20, 37, 39, 17, 39, 21, 25, 22, 8, 39, 16, 22, 39, 2, 22, 27, 28, 39, 19, 20, 39, 2, 22, 39]
    Edit distance: 15/34
  Sample 3:
    TRUE: [20, 3, 27, 17, 37, 39, 19, 0, 28, 30, 33, 21, 39, 22, 17, 8, 2, 8, 39, 6, 20, 1, 19, 39, 14, 20, 2, 34, 37, 39, 30, 33, 39, 6, 17, 39, 19, 2, 21, 26, 20, 17, 30, 20, 17, 39, 10, 20, 2, 14, 2, 22, 30, 39]
    PRED: [27, 24, 39, 28, 1, 21, 39, 22, 10, 8, 39, 6, 20, 0, 19, 39, 20, 2, 34, 37, 39, 30, 33, 39, 6, 17, 39, 2, 21, 26, 39, 10, 20, 22, 30, 39]
    Edit distance: 22/54
  Sample 4:
    TRUE: [9, 2, 39, 30, 33, 31, 39, 13, 10, 27, 17, 39, 13, 11, 14, 0, 30, 39, 30, 33, 39, 19, 2, 21, 39, 35, 10, 22, 39, 27, 0, 18, 11, 37, 39, 30, 33, 31, 39, 13, 10, 20, 39, 4, 30, 39]
    PRED: [9, 2, 39, 30, 33, 28, 39, 10, 39, 13, 27, 3, 19, 39, 30, 33, 39, 28, 30, 21, 39, 35, 10, 22, 39, 27, 11, 37, 39, 9, 33, 31, 39, 13, 5, 20, 39, 4, 30, 39]
    Edit distance: 14/46

============================================================
Batch 6500 | Val PER: 0.3926
============================================================
  Sample 0:
    TRUE: [31, 17, 0, 19, 27, 2, 28, 17, 39, 27, 17, 19, 2, 22, 28, 16, 8, 11, 8, 39]
    PRED: [9, 35, 10, 28, 39, 27, 16, 8, 8, 39]
    Edit distance: 13/20
  Sample 1:
    TRUE: [27, 16, 7, 39, 26, 11, 7, 2, 28, 30, 39, 28, 10, 34, 27, 2, 20, 39, 28, 5, 22, 8, 39, 20, 16, 31, 2, 14, 27, 1, 13, 28, 39]
    PRED: [27, 12, 28, 39, 26, 11, 2, 18, 39, 10, 34, 2, 20, 39, 28, 22, 39, 9, 16, 9, 2, 39, 10, 13, 39]
    Edit distance: 15/33
  Sample 2:
    TRUE: [28, 24, 39, 27, 33, 20, 37, 39, 35, 17, 39, 21, 12, 8, 39, 16, 22, 39, 2, 22, 2, 6, 1, 29, 30, 39, 19, 2, 20, 33, 38, 2, 22, 39]
    PRED: [9, 33, 27, 39, 27, 16, 20, 37, 39, 27, 17, 27, 39, 21, 25, 8, 39, 16, 22, 39, 2, 22, 27, 28, 39, 2, 22, 39]
    Edit distance: 17/34
  Sample 3:
    TRUE: [20, 3, 27, 17, 37, 39, 19, 0, 28, 30, 33, 21, 39, 22, 17, 8, 2, 8, 39, 6, 20, 1, 19, 39, 14, 20, 2, 34, 37, 39, 30, 33, 39, 6, 17, 39, 19, 2, 21, 26, 20, 17, 30, 20, 17, 39, 10, 20, 2, 14, 2, 22, 30, 39]
    PRED: [27, 24, 39, 28, 1, 21, 39, 8, 10, 8, 39, 6, 27, 0, 19, 39, 20, 0, 34, 37, 39, 30, 33, 39, 6, 17, 39, 2, 26, 20, 39, 16, 20, 2, 22, 30, 39]
    Edit distance: 24/54
  Sample 4:
    TRUE: [9, 2, 39, 30, 33, 31, 39, 13, 10, 27, 17, 39, 13, 11, 14, 0, 30, 39, 30, 33, 39, 19, 2, 21, 39, 35, 10, 22, 39, 27, 0, 18, 11, 37, 39, 30, 33, 31, 39, 13, 10, 20, 39, 4, 30, 39]
    PRED: [9, 2, 39, 30, 33, 31, 28, 39, 10, 39, 13, 27, 0, 0, 19, 39, 30, 33, 39, 28, 30, 21, 39, 35, 10, 22, 39, 27, 11, 39, 9, 33, 31, 39, 13, 10, 20, 39, 4, 30, 39]
    Edit distance: 13/46

============================================================
Batch 7000 | Val PER: 0.3956
============================================================
  Sample 0:
    TRUE: [31, 17, 0, 19, 27, 2, 28, 17, 39, 27, 17, 19, 2, 22, 28, 16, 8, 11, 8, 39]
    PRED: [9, 35, 17, 28, 28, 39, 14, 27, 16, 8, 8, 39]
    Edit distance: 14/20
  Sample 1:
    TRUE: [27, 16, 7, 39, 26, 11, 7, 2, 28, 30, 39, 28, 10, 34, 27, 2, 20, 39, 28, 5, 22, 8, 39, 20, 16, 31, 2, 14, 27, 1, 13, 28, 39]
    PRED: [27, 10, 19, 28, 39, 26, 11, 2, 37, 39, 1, 34, 39, 5, 22, 39, 9, 16, 9, 39, 10, 13, 39]
    Edit distance: 20/33
  Sample 2:
    TRUE: [28, 24, 39, 27, 33, 20, 37, 39, 35, 17, 39, 21, 12, 8, 39, 16, 22, 39, 2, 22, 2, 6, 1, 29, 30, 39, 19, 2, 20, 33, 38, 2, 22, 39]
    PRED: [9, 33, 39, 17, 20, 37, 39, 6, 17, 39, 21, 25, 8, 39, 16, 22, 39, 2, 22, 21, 27, 1, 28, 39, 19, 20, 20, 2, 22, 39]
    Edit distance: 13/34
  Sample 3:
    TRUE: [20, 3, 27, 17, 37, 39, 19, 0, 28, 30, 33, 21, 39, 22, 17, 8, 2, 8, 39, 6, 20, 1, 19, 39, 14, 20, 2, 34, 37, 39, 30, 33, 39, 6, 17, 39, 19, 2, 21, 26, 20, 17, 30, 20, 17, 39, 10, 20, 2, 14, 2, 22, 30, 39]
    PRED: [27, 3, 39, 15, 1, 21, 39, 22, 10, 8, 39, 6, 20, 5, 19, 39, 20, 2, 37, 39, 30, 33, 39, 6, 17, 39, 2, 21, 26, 20, 39, 16, 20, 2, 22, 39]
    Edit distance: 24/54
  Sample 4:
    TRUE: [9, 2, 39, 30, 33, 31, 39, 13, 10, 27, 17, 39, 13, 11, 14, 0, 30, 39, 30, 33, 39, 19, 2, 21, 39, 35, 10, 22, 39, 27, 0, 18, 11, 37, 39, 30, 33, 31, 39, 13, 10, 20, 39, 4, 30, 39]
    PRED: [9, 2, 39, 30, 33, 31, 28, 39, 10, 39, 27, 19, 39, 30, 33, 39, 30, 2, 21, 39, 35, 2, 22, 39, 35, 11, 11, 39, 9, 33, 31, 39, 13, 10, 20, 39, 4, 30, 39]
    Edit distance: 16/46

============================================================
Batch 7500 | Val PER: 0.3964
============================================================
  Sample 0:
    TRUE: [31, 17, 0, 19, 27, 2, 28, 17, 39, 27, 17, 19, 2, 22, 28, 16, 8, 11, 8, 39]
    PRED: [9, 2, 28, 17, 39, 8, 27, 16, 8, 8, 39]
    Edit distance: 12/20
  Sample 1:
    TRUE: [27, 16, 7, 39, 26, 11, 7, 2, 28, 30, 39, 28, 10, 34, 27, 2, 20, 39, 28, 5, 22, 8, 39, 20, 16, 31, 2, 14, 27, 1, 13, 28, 39]
    PRED: [27, 12, 28, 39, 26, 27, 0, 7, 2, 18, 39, 2, 34, 11, 39, 28, 1, 5, 22, 39, 9, 16, 31, 39, 2, 39, 18, 10, 13, 39]
    Edit distance: 19/33
  Sample 2:
    TRUE: [28, 24, 39, 27, 33, 20, 37, 39, 35, 17, 39, 21, 12, 8, 39, 16, 22, 39, 2, 22, 2, 6, 1, 29, 30, 39, 19, 2, 20, 33, 38, 2, 22, 39]
    PRED: [9, 2, 39, 17, 20, 37, 39, 6, 17, 39, 21, 25, 8, 39, 16, 22, 39, 2, 22, 27, 4, 28, 39, 19, 2, 22, 39]
    Edit distance: 15/34
  Sample 3:
    TRUE: [20, 3, 27, 17, 37, 39, 19, 0, 28, 30, 33, 21, 39, 22, 17, 8, 2, 8, 39, 6, 20, 1, 19, 39, 14, 20, 2, 34, 37, 39, 30, 33, 39, 6, 17, 39, 19, 2, 21, 26, 20, 17, 30, 20, 17, 39, 10, 20, 2, 14, 2, 22, 30, 39]
    PRED: [27, 24, 39, 28, 1, 21, 39, 22, 10, 8, 39, 6, 21, 0, 19, 39, 20, 2, 34, 34, 37, 39, 30, 33, 39, 6, 17, 39, 2, 21, 26, 20, 39, 1, 20, 2, 22, 39]
    Edit distance: 24/54
  Sample 4:
    TRUE: [9, 2, 39, 30, 33, 31, 39, 13, 10, 27, 17, 39, 13, 11, 14, 0, 30, 39, 30, 33, 39, 19, 2, 21, 39, 35, 10, 22, 39, 27, 0, 18, 11, 37, 39, 30, 33, 31, 39, 13, 10, 20, 39, 4, 30, 39]
    PRED: [9, 2, 39, 8, 33, 31, 28, 39, 17, 39, 13, 19, 39, 30, 33, 39, 19, 2, 21, 39, 35, 2, 22, 39, 27, 11, 39, 37, 9, 33, 31, 39, 13, 5, 20, 39, 4, 30, 39]
    Edit distance: 16/46

============================================================
Batch 8000 | Val PER: 0.3965
============================================================
  Sample 0:
    TRUE: [31, 17, 0, 19, 27, 2, 28, 17, 39, 27, 17, 19, 2, 22, 28, 16, 8, 11, 8, 39]
    PRED: [9, 35, 2, 0, 19, 28, 39, 27, 17, 8, 8, 39]
    Edit distance: 12/20
  Sample 1:
    TRUE: [27, 16, 7, 39, 26, 11, 7, 2, 28, 30, 39, 28, 10, 34, 27, 2, 20, 39, 28, 5, 22, 8, 39, 20, 16, 31, 2, 14, 27, 1, 13, 28, 39]
    PRED: [27, 12, 28, 39, 26, 11, 7, 2, 37, 39, 2, 34, 20, 39, 5, 22, 39, 31, 9, 2, 39, 10, 13, 39]
    Edit distance: 17/33
  Sample 2:
    TRUE: [28, 24, 39, 27, 33, 20, 37, 39, 35, 17, 39, 21, 12, 8, 39, 16, 22, 39, 2, 22, 2, 6, 1, 29, 30, 39, 19, 2, 20, 33, 38, 2, 22, 39]
    PRED: [9, 33, 39, 33, 20, 37, 39, 21, 17, 39, 21, 25, 8, 39, 16, 22, 39, 2, 22, 27, 4, 28, 39, 19, 20, 20, 2, 22, 39]
    Edit distance: 13/34
  Sample 3:
    TRUE: [20, 3, 27, 17, 37, 39, 19, 0, 28, 30, 33, 21, 39, 22, 17, 8, 2, 8, 39, 6, 20, 1, 19, 39, 14, 20, 2, 34, 37, 39, 30, 33, 39, 6, 17, 39, 19, 2, 21, 26, 20, 17, 30, 20, 17, 39, 10, 20, 2, 14, 2, 22, 30, 39]
    PRED: [27, 24, 39, 28, 1, 21, 39, 22, 10, 8, 39, 6, 20, 0, 19, 39, 20, 2, 34, 37, 39, 30, 33, 39, 6, 17, 39, 2, 21, 26, 20, 39, 10, 20, 2, 22, 30, 39]
    Edit distance: 20/54
  Sample 4:
    TRUE: [9, 2, 39, 30, 33, 31, 39, 13, 10, 27, 17, 39, 13, 11, 14, 0, 30, 39, 30, 33, 39, 19, 2, 21, 39, 35, 10, 22, 39, 27, 0, 18, 11, 37, 39, 30, 33, 31, 39, 13, 10, 20, 39, 4, 30, 39]
    PRED: [9, 2, 39, 36, 33, 31, 28, 39, 13, 34, 10, 39, 13, 27, 0, 0, 39, 36, 33, 39, 28, 30, 2, 21, 39, 35, 2, 22, 39, 27, 11, 11, 9, 31, 33, 31, 13, 39, 13, 39, 4, 30, 39]
    Edit distance: 20/46

============================================================
Batch 8500 | Val PER: 0.3923
============================================================
  Sample 0:
    TRUE: [31, 17, 0, 19, 27, 2, 28, 17, 39, 27, 17, 19, 2, 22, 28, 16, 8, 11, 8, 39]
    PRED: [9, 2, 19, 17, 39, 14, 27, 17, 8, 8, 39]
    Edit distance: 13/20
  Sample 1:
    TRUE: [27, 16, 7, 39, 26, 11, 7, 2, 28, 30, 39, 28, 10, 34, 27, 2, 20, 39, 28, 5, 22, 8, 39, 20, 16, 31, 2, 14, 27, 1, 13, 28, 39]
    PRED: [35, 10, 19, 28, 39, 26, 11, 0, 7, 2, 18, 39, 10, 34, 20, 39, 28, 5, 2, 22, 8, 39, 20, 31, 39, 9, 2, 39, 10, 13, 39]
    Edit distance: 18/33
  Sample 2:
    TRUE: [28, 24, 39, 27, 33, 20, 37, 39, 35, 17, 39, 21, 12, 8, 39, 16, 22, 39, 2, 22, 2, 6, 1, 29, 30, 39, 19, 2, 20, 33, 38, 2, 22, 39]
    PRED: [9, 2, 39, 33, 20, 37, 39, 6, 17, 39, 21, 25, 8, 39, 16, 22, 39, 2, 22, 27, 4, 28, 39, 19, 20, 20, 2, 22, 39]
    Edit distance: 13/34
  Sample 3:
    TRUE: [20, 3, 27, 17, 37, 39, 19, 0, 28, 30, 33, 21, 39, 22, 17, 8, 2, 8, 39, 6, 20, 1, 19, 39, 14, 20, 2, 34, 37, 39, 30, 33, 39, 6, 17, 39, 19, 2, 21, 26, 20, 17, 30, 20, 17, 39, 10, 20, 2, 14, 2, 22, 30, 39]
    PRED: [19, 27, 24, 39, 28, 1, 21, 2, 21, 39, 22, 10, 8, 39, 6, 0, 19, 39, 20, 2, 34, 34, 37, 39, 30, 33, 39, 6, 17, 39, 2, 21, 26, 20, 39, 1, 20, 2, 2, 22, 8, 39]
    Edit distance: 24/54
  Sample 4:
    TRUE: [9, 2, 39, 30, 33, 31, 39, 13, 10, 27, 17, 39, 13, 11, 14, 0, 30, 39, 30, 33, 39, 19, 2, 21, 39, 35, 10, 22, 39, 27, 0, 18, 11, 37, 39, 30, 33, 31, 39, 13, 10, 20, 39, 4, 30, 39]
    PRED: [9, 2, 39, 36, 33, 28, 39, 13, 10, 17, 39, 13, 3, 10, 39, 30, 33, 39, 28, 19, 2, 21, 39, 35, 10, 22, 39, 27, 11, 9, 33, 39, 13, 20, 39, 4, 30, 39]
    Edit distance: 15/46

============================================================
Batch 9000 | Val PER: 0.3880
============================================================
  Sample 0:
    TRUE: [31, 17, 0, 19, 27, 2, 28, 17, 39, 27, 17, 19, 2, 22, 28, 16, 8, 11, 8, 39]
    PRED: [35, 2, 17, 39, 27, 2, 14, 8, 8, 39]
    Edit distance: 12/20
  Sample 1:
    TRUE: [27, 16, 7, 39, 26, 11, 7, 2, 28, 30, 39, 28, 10, 34, 27, 2, 20, 39, 28, 5, 22, 8, 39, 20, 16, 31, 2, 14, 27, 1, 13, 28, 39]
    PRED: [35, 12, 19, 28, 39, 26, 27, 11, 7, 2, 37, 39, 10, 34, 20, 39, 5, 22, 8, 39, 20, 31, 9, 2, 39, 10, 13, 39]
    Edit distance: 17/33
  Sample 2:
    TRUE: [28, 24, 39, 27, 33, 20, 37, 39, 35, 17, 39, 21, 12, 8, 39, 16, 22, 39, 2, 22, 2, 6, 1, 29, 30, 39, 19, 2, 20, 33, 38, 2, 22, 39]
    PRED: [9, 4, 39, 33, 20, 37, 39, 6, 17, 39, 21, 25, 8, 39, 16, 22, 39, 2, 22, 27, 4, 28, 39, 20, 2, 22, 39]
    Edit distance: 14/34
  Sample 3:
    TRUE: [20, 3, 27, 17, 37, 39, 19, 0, 28, 30, 33, 21, 39, 22, 17, 8, 2, 8, 39, 6, 20, 1, 19, 39, 14, 20, 2, 34, 37, 39, 30, 33, 39, 6, 17, 39, 19, 2, 21, 26, 20, 17, 30, 20, 17, 39, 10, 20, 2, 14, 2, 22, 30, 39]
    PRED: [27, 24, 39, 28, 1, 21, 39, 21, 22, 10, 8, 39, 6, 21, 2, 19, 39, 20, 2, 37, 39, 30, 33, 39, 6, 17, 39, 2, 26, 20, 39, 10, 20, 20, 22, 39]
    Edit distance: 26/54
  Sample 4:
    TRUE: [9, 2, 39, 30, 33, 31, 39, 13, 10, 27, 17, 39, 13, 11, 14, 0, 30, 39, 30, 33, 39, 19, 2, 21, 39, 35, 10, 22, 39, 27, 0, 18, 11, 37, 39, 30, 33, 31, 39, 13, 10, 20, 39, 4, 30, 39]
    PRED: [9, 2, 39, 36, 33, 28, 39, 34, 39, 13, 35, 3, 39, 30, 33, 39, 28, 30, 2, 21, 39, 35, 2, 22, 39, 27, 11, 11, 39, 31, 33, 31, 39, 13, 5, 20, 39, 4, 30, 39]
    Edit distance: 18/46

============================================================
Batch 9500 | Val PER: 0.3924
============================================================
  Sample 0:
    TRUE: [31, 17, 0, 19, 27, 2, 28, 17, 39, 27, 17, 19, 2, 22, 28, 16, 8, 11, 8, 39]
    PRED: [9, 12, 19, 28, 39, 14, 27, 16, 8, 8, 39]
    Edit distance: 13/20
  Sample 1:
    TRUE: [27, 16, 7, 39, 26, 11, 7, 2, 28, 30, 39, 28, 10, 34, 27, 2, 20, 39, 28, 5, 22, 8, 39, 20, 16, 31, 2, 14, 27, 1, 13, 28, 39]
    PRED: [35, 10, 19, 28, 39, 26, 11, 7, 2, 18, 39, 10, 34, 20, 39, 28, 1, 22, 8, 39, 20, 16, 31, 9, 2, 39, 18, 10, 13, 39]
    Edit distance: 15/33
  Sample 2:
    TRUE: [28, 24, 39, 27, 33, 20, 37, 39, 35, 17, 39, 21, 12, 8, 39, 16, 22, 39, 2, 22, 2, 6, 1, 29, 30, 39, 19, 2, 20, 33, 38, 2, 22, 39]
    PRED: [9, 33, 39, 17, 20, 37, 39, 21, 5, 39, 21, 25, 8, 39, 16, 22, 39, 22, 27, 1, 28, 39, 19, 20, 20, 2, 22, 39]
    Edit distance: 15/34
  Sample 3:
    TRUE: [20, 3, 27, 17, 37, 39, 19, 0, 28, 30, 33, 21, 39, 22, 17, 8, 2, 8, 39, 6, 20, 1, 19, 39, 14, 20, 2, 34, 37, 39, 30, 33, 39, 6, 17, 39, 19, 2, 21, 26, 20, 17, 30, 20, 17, 39, 10, 20, 2, 14, 2, 22, 30, 39]
    PRED: [19, 24, 39, 28, 1, 21, 39, 22, 10, 8, 39, 21, 12, 19, 39, 14, 20, 0, 37, 39, 30, 33, 39, 6, 17, 39, 2, 21, 26, 20, 30, 39, 10, 20, 2, 22, 30, 39]
    Edit distance: 23/54
  Sample 4:
    TRUE: [9, 2, 39, 30, 33, 31, 39, 13, 10, 27, 17, 39, 13, 11, 14, 0, 30, 39, 30, 33, 39, 19, 2, 21, 39, 35, 10, 22, 39, 27, 0, 18, 11, 37, 39, 30, 33, 31, 39, 13, 10, 20, 39, 4, 30, 39]
    PRED: [9, 2, 39, 30, 36, 33, 31, 28, 39, 34, 10, 39, 13, 27, 3, 19, 39, 30, 33, 39, 19, 28, 19, 2, 21, 39, 13, 35, 10, 22, 39, 27, 11, 11, 37, 39, 9, 31, 33, 31, 39, 13, 10, 20, 39, 4, 30, 39]
    Edit distance: 16/46

============================================================
Batch 10000 | Val PER: 0.3838
============================================================
  Sample 0:
    TRUE: [31, 17, 0, 19, 27, 2, 28, 17, 39, 27, 17, 19, 2, 22, 28, 16, 8, 11, 8, 39]
    PRED: [9, 35, 12, 19, 28, 17, 39, 14, 27, 16, 8, 8, 39]
    Edit distance: 12/20
  Sample 1:
    TRUE: [27, 16, 7, 39, 26, 11, 7, 2, 28, 30, 39, 28, 10, 34, 27, 2, 20, 39, 28, 5, 22, 8, 39, 20, 16, 31, 2, 14, 27, 1, 13, 28, 39]
    PRED: [35, 12, 19, 28, 39, 26, 27, 0, 7, 2, 8, 39, 10, 34, 20, 39, 5, 22, 8, 39, 20, 16, 31, 9, 2, 39, 18, 10, 13, 39]
    Edit distance: 17/33
  Sample 2:
    TRUE: [28, 24, 39, 27, 33, 20, 37, 39, 35, 17, 39, 21, 12, 8, 39, 16, 22, 39, 2, 22, 2, 6, 1, 29, 30, 39, 19, 2, 20, 33, 38, 2, 22, 39]
    PRED: [9, 33, 39, 35, 33, 20, 37, 39, 21, 17, 39, 21, 25, 8, 39, 16, 22, 39, 22, 27, 28, 39, 19, 20, 20, 33, 2, 22, 39]
    Edit distance: 13/34
  Sample 3:
    TRUE: [20, 3, 27, 17, 37, 39, 19, 0, 28, 30, 33, 21, 39, 22, 17, 8, 2, 8, 39, 6, 20, 1, 19, 39, 14, 20, 2, 34, 37, 39, 30, 33, 39, 6, 17, 39, 19, 2, 21, 26, 20, 17, 30, 20, 17, 39, 10, 20, 2, 14, 2, 22, 30, 39]
    PRED: [19, 27, 24, 39, 28, 1, 28, 21, 2, 21, 39, 22, 10, 8, 39, 6, 20, 0, 19, 39, 20, 2, 37, 39, 30, 33, 39, 6, 17, 39, 2, 21, 26, 20, 17, 39, 10, 20, 2, 22, 39]
    Edit distance: 21/54
  Sample 4:
    TRUE: [9, 2, 39, 30, 33, 31, 39, 13, 10, 27, 17, 39, 13, 11, 14, 0, 30, 39, 30, 33, 39, 19, 2, 21, 39, 35, 10, 22, 39, 27, 0, 18, 11, 37, 39, 30, 33, 31, 39, 13, 10, 20, 39, 4, 30, 39]
    PRED: [9, 2, 39, 36, 33, 28, 39, 34, 16, 39, 13, 3, 0, 0, 0, 39, 30, 33, 39, 28, 2, 21, 39, 13, 35, 10, 22, 8, 39, 27, 11, 37, 39, 9, 33, 31, 13, 39, 13, 20, 39, 4, 30, 39]
    Edit distance: 17/46

============================================================
Batch 10500 | Val PER: 0.3851
============================================================
  Sample 0:
    TRUE: [31, 17, 0, 19, 27, 2, 28, 17, 39, 27, 17, 19, 2, 22, 28, 16, 8, 11, 8, 39]
    PRED: [9, 2, 0, 2, 28, 17, 39, 8, 27, 2, 8, 8, 39]
    Edit distance: 11/20
  Sample 1:
    TRUE: [27, 16, 7, 39, 26, 11, 7, 2, 28, 30, 39, 28, 10, 34, 27, 2, 20, 39, 28, 5, 22, 8, 39, 20, 16, 31, 2, 14, 27, 1, 13, 28, 39]
    PRED: [30, 35, 10, 19, 30, 39, 26, 11, 0, 7, 2, 8, 39, 10, 34, 20, 39, 1, 22, 8, 39, 31, 20, 31, 16, 31, 39, 9, 2, 39, 18, 10, 13, 39]
    Edit distance: 21/33
  Sample 2:
    TRUE: [28, 24, 39, 27, 33, 20, 37, 39, 35, 17, 39, 21, 12, 8, 39, 16, 22, 39, 2, 22, 2, 6, 1, 29, 30, 39, 19, 2, 20, 33, 38, 2, 22, 39]
    PRED: [9, 33, 39, 35, 10, 33, 20, 37, 39, 6, 17, 39, 21, 25, 8, 39, 16, 22, 39, 2, 22, 2, 1, 28, 39, 20, 20, 33, 2, 22, 39]
    Edit distance: 12/34
  Sample 3:
    TRUE: [20, 3, 27, 17, 37, 39, 19, 0, 28, 30, 33, 21, 39, 22, 17, 8, 2, 8, 39, 6, 20, 1, 19, 39, 14, 20, 2, 34, 37, 39, 30, 33, 39, 6, 17, 39, 19, 2, 21, 26, 20, 17, 30, 20, 17, 39, 10, 20, 2, 14, 2, 22, 30, 39]
    PRED: [27, 24, 39, 28, 1, 28, 21, 2, 21, 39, 22, 10, 8, 39, 6, 20, 0, 19, 39, 20, 2, 37, 39, 30, 33, 39, 6, 17, 39, 2, 26, 20, 30, 39, 16, 20, 2, 22, 30, 39]
    Edit distance: 22/54
  Sample 4:
    TRUE: [9, 2, 39, 30, 33, 31, 39, 13, 10, 27, 17, 39, 13, 11, 14, 0, 30, 39, 30, 33, 39, 19, 2, 21, 39, 35, 10, 22, 39, 27, 0, 18, 11, 37, 39, 30, 33, 31, 39, 13, 10, 20, 39, 4, 30, 39]
    PRED: [9, 2, 39, 30, 8, 33, 31, 28, 39, 13, 16, 37, 39, 34, 3, 39, 30, 33, 39, 28, 30, 2, 21, 39, 13, 35, 10, 22, 39, 27, 11, 11, 39, 9, 31, 33, 31, 13, 39, 13, 10, 20, 39, 4, 30, 39]
    Edit distance: 19/46

============================================================
Batch 11000 | Val PER: 0.3805
============================================================
  Sample 0:
    TRUE: [31, 17, 0, 19, 27, 2, 28, 17, 39, 27, 17, 19, 2, 22, 28, 16, 8, 11, 8, 39]
    PRED: [35, 2, 0, 17, 39, 20, 27, 17, 17, 30, 8, 39]
    Edit distance: 14/20
  Sample 1:
    TRUE: [27, 16, 7, 39, 26, 11, 7, 2, 28, 30, 39, 28, 10, 34, 27, 2, 20, 39, 28, 5, 22, 8, 39, 20, 16, 31, 2, 14, 27, 1, 13, 28, 39]
    PRED: [27, 10, 19, 28, 39, 26, 27, 0, 7, 2, 37, 39, 10, 34, 20, 39, 5, 22, 39, 20, 31, 16, 31, 9, 2, 18, 10, 13, 39]
    Edit distance: 18/33
  Sample 2:
    TRUE: [28, 24, 39, 27, 33, 20, 37, 39, 35, 17, 39, 21, 12, 8, 39, 16, 22, 39, 2, 22, 2, 6, 1, 29, 30, 39, 19, 2, 20, 33, 38, 2, 22, 39]
    PRED: [9, 33, 39, 33, 20, 37, 39, 21, 5, 39, 21, 25, 8, 39, 16, 22, 39, 2, 22, 27, 4, 28, 39, 19, 20, 20, 33, 2, 22, 39]
    Edit distance: 13/34
  Sample 3:
    TRUE: [20, 3, 27, 17, 37, 39, 19, 0, 28, 30, 33, 21, 39, 22, 17, 8, 2, 8, 39, 6, 20, 1, 19, 39, 14, 20, 2, 34, 37, 39, 30, 33, 39, 6, 17, 39, 19, 2, 21, 26, 20, 17, 30, 20, 17, 39, 10, 20, 2, 14, 2, 22, 30, 39]
    PRED: [27, 24, 39, 28, 1, 2, 21, 39, 22, 10, 8, 39, 6, 20, 0, 19, 39, 20, 2, 37, 39, 30, 33, 39, 6, 17, 33, 39, 2, 26, 20, 17, 39, 4, 20, 2, 22, 39]
    Edit distance: 24/54
  Sample 4:
    TRUE: [9, 2, 39, 30, 33, 31, 39, 13, 10, 27, 17, 39, 13, 11, 14, 0, 30, 39, 30, 33, 39, 19, 2, 21, 39, 35, 10, 22, 39, 27, 0, 18, 11, 37, 39, 30, 33, 31, 39, 13, 10, 20, 39, 4, 30, 39]
    PRED: [9, 2, 39, 8, 27, 33, 31, 28, 39, 16, 39, 27, 3, 39, 30, 33, 39, 28, 19, 2, 21, 39, 35, 22, 39, 27, 11, 11, 39, 9, 33, 31, 11, 39, 13, 10, 20, 39, 4, 30, 39]
    Edit distance: 19/46

============================================================
Batch 11500 | Val PER: 0.3846
============================================================
  Sample 0:
    TRUE: [31, 17, 0, 19, 27, 2, 28, 17, 39, 27, 17, 19, 2, 22, 28, 16, 8, 11, 8, 39]
    PRED: [9, 2, 0, 30, 17, 39, 14, 27, 16, 8, 30, 8, 39]
    Edit distance: 13/20
  Sample 1:
    TRUE: [27, 16, 7, 39, 26, 11, 7, 2, 28, 30, 39, 28, 10, 34, 27, 2, 20, 39, 28, 5, 22, 8, 39, 20, 16, 31, 2, 14, 27, 1, 13, 28, 39]
    PRED: [35, 12, 19, 28, 39, 26, 27, 11, 7, 2, 37, 39, 10, 34, 20, 39, 28, 37, 5, 22, 8, 39, 20, 31, 16, 31, 39, 9, 39, 14, 18, 10, 28, 39]
    Edit distance: 18/33
  Sample 2:
    TRUE: [28, 24, 39, 27, 33, 20, 37, 39, 35, 17, 39, 21, 12, 8, 39, 16, 22, 39, 2, 22, 2, 6, 1, 29, 30, 39, 19, 2, 20, 33, 38, 2, 22, 39]
    PRED: [9, 33, 39, 35, 33, 20, 37, 39, 21, 5, 39, 21, 12, 8, 39, 16, 22, 39, 22, 27, 5, 28, 39, 19, 20, 20, 33, 2, 22, 39]
    Edit distance: 13/34
  Sample 3:
    TRUE: [20, 3, 27, 17, 37, 39, 19, 0, 28, 30, 33, 21, 39, 22, 17, 8, 2, 8, 39, 6, 20, 1, 19, 39, 14, 20, 2, 34, 37, 39, 30, 33, 39, 6, 17, 39, 19, 2, 21, 26, 20, 17, 30, 20, 17, 39, 10, 20, 2, 14, 2, 22, 30, 39]
    PRED: [27, 24, 39, 28, 1, 28, 21, 2, 21, 39, 21, 22, 12, 8, 39, 21, 1, 19, 39, 14, 20, 2, 37, 39, 30, 33, 39, 21, 17, 33, 39, 2, 21, 26, 20, 17, 39, 4, 20, 2, 22, 8, 39]
    Edit distance: 25/54
  Sample 4:
    TRUE: [9, 2, 39, 30, 33, 31, 39, 13, 10, 27, 17, 39, 13, 11, 14, 0, 30, 39, 30, 33, 39, 19, 2, 21, 39, 35, 10, 22, 39, 27, 0, 18, 11, 37, 39, 30, 33, 31, 39, 13, 10, 20, 39, 4, 30, 39]
    PRED: [9, 2, 39, 36, 33, 31, 28, 39, 8, 16, 17, 39, 27, 3, 39, 30, 33, 39, 28, 30, 2, 21, 39, 35, 10, 1, 22, 39, 27, 11, 11, 39, 31, 33, 31, 11, 39, 13, 12, 20, 39, 4, 30, 39]
    Edit distance: 19/46

============================================================
Batch 12000 | Val PER: 0.3768
============================================================
  Sample 0:
    TRUE: [31, 17, 0, 19, 27, 2, 28, 17, 39, 27, 17, 19, 2, 22, 28, 16, 8, 11, 8, 39]
    PRED: [9, 2, 39, 19, 17, 39, 20, 27, 17, 17, 30, 8, 39]
    Edit distance: 14/20
  Sample 1:
    TRUE: [27, 16, 7, 39, 26, 11, 7, 2, 28, 30, 39, 28, 10, 34, 27, 2, 20, 39, 28, 5, 22, 8, 39, 20, 16, 31, 2, 14, 27, 1, 13, 28, 39]
    PRED: [30, 27, 12, 19, 28, 39, 26, 11, 7, 2, 37, 39, 10, 34, 20, 39, 28, 37, 22, 39, 20, 31, 16, 31, 39, 9, 2, 39, 18, 10, 13, 39]
    Edit distance: 18/33
  Sample 2:
    TRUE: [28, 24, 39, 27, 33, 20, 37, 39, 35, 17, 39, 21, 12, 8, 39, 16, 22, 39, 2, 22, 2, 6, 1, 29, 30, 39, 19, 2, 20, 33, 38, 2, 22, 39]
    PRED: [9, 33, 39, 35, 17, 33, 20, 37, 39, 21, 17, 39, 21, 12, 8, 39, 16, 22, 39, 22, 27, 28, 39, 20, 39, 20, 33, 2, 22, 39]
    Edit distance: 14/34
  Sample 3:
    TRUE: [20, 3, 27, 17, 37, 39, 19, 0, 28, 30, 33, 21, 39, 22, 17, 8, 2, 8, 39, 6, 20, 1, 19, 39, 14, 20, 2, 34, 37, 39, 30, 33, 39, 6, 17, 39, 19, 2, 21, 26, 20, 17, 30, 20, 17, 39, 10, 20, 2, 14, 2, 22, 30, 39]
    PRED: [27, 24, 39, 28, 1, 28, 21, 39, 21, 22, 12, 8, 39, 21, 5, 19, 39, 20, 2, 34, 37, 39, 30, 33, 39, 21, 17, 33, 39, 2, 21, 26, 20, 17, 39, 17, 20, 2, 22, 8, 39]
    Edit distance: 26/54
  Sample 4:
    TRUE: [9, 2, 39, 30, 33, 31, 39, 13, 10, 27, 17, 39, 13, 11, 14, 0, 30, 39, 30, 33, 39, 19, 2, 21, 39, 35, 10, 22, 39, 27, 0, 18, 11, 37, 39, 30, 33, 31, 39, 13, 10, 20, 39, 4, 30, 39]
    PRED: [9, 2, 39, 27, 33, 31, 28, 39, 34, 16, 39, 27, 3, 0, 19, 30, 39, 30, 33, 39, 28, 30, 2, 21, 39, 35, 10, 22, 39, 27, 11, 11, 39, 31, 33, 31, 11, 39, 13, 27, 5, 20, 39, 4, 30, 39]
    Edit distance: 19/46

============================================================
Batch 12500 | Val PER: 0.3727
============================================================
  Sample 0:
    TRUE: [31, 17, 0, 19, 27, 2, 28, 17, 39, 27, 17, 19, 2, 22, 28, 16, 8, 11, 8, 39]
    PRED: [20, 2, 17, 39, 8, 27, 16, 12, 8, 8, 39]
    Edit distance: 14/20
  Sample 1:
    TRUE: [27, 16, 7, 39, 26, 11, 7, 2, 28, 30, 39, 28, 10, 34, 27, 2, 20, 39, 28, 5, 22, 8, 39, 20, 16, 31, 2, 14, 27, 1, 13, 28, 39]
    PRED: [27, 10, 19, 30, 39, 26, 11, 0, 7, 20, 37, 39, 10, 34, 20, 39, 5, 22, 8, 39, 20, 31, 16, 31, 39, 9, 2, 39, 18, 10, 34, 13, 39]
    Edit distance: 19/33
  Sample 2:
    TRUE: [28, 24, 39, 27, 33, 20, 37, 39, 35, 17, 39, 21, 12, 8, 39, 16, 22, 39, 2, 22, 2, 6, 1, 29, 30, 39, 19, 2, 20, 33, 38, 2, 22, 39]
    PRED: [9, 33, 39, 35, 16, 33, 20, 37, 39, 21, 17, 39, 21, 12, 8, 39, 16, 22, 39, 2, 22, 27, 1, 28, 39, 33, 20, 33, 2, 22, 39]
    Edit distance: 12/34
  Sample 3:
    TRUE: [20, 3, 27, 17, 37, 39, 19, 0, 28, 30, 33, 21, 39, 22, 17, 8, 2, 8, 39, 6, 20, 1, 19, 39, 14, 20, 2, 34, 37, 39, 30, 33, 39, 6, 17, 39, 19, 2, 21, 26, 20, 17, 30, 20, 17, 39, 10, 20, 2, 14, 2, 22, 30, 39]
    PRED: [20, 27, 24, 39, 28, 1, 21, 39, 21, 22, 10, 8, 39, 21, 20, 5, 19, 39, 20, 16, 34, 37, 39, 30, 33, 39, 21, 6, 17, 33, 39, 2, 21, 26, 20, 17, 39, 16, 20, 2, 22, 39]
    Edit distance: 25/54
  Sample 4:
    TRUE: [9, 2, 39, 30, 33, 31, 39, 13, 10, 27, 17, 39, 13, 11, 14, 0, 30, 39, 30, 33, 39, 19, 2, 21, 39, 35, 10, 22, 39, 27, 0, 18, 11, 37, 39, 30, 33, 31, 39, 13, 10, 20, 39, 4, 30, 39]
    PRED: [9, 2, 39, 27, 33, 9, 31, 39, 13, 16, 39, 13, 3, 39, 30, 33, 39, 28, 30, 2, 21, 39, 35, 10, 22, 39, 27, 11, 11, 9, 33, 31, 39, 13, 5, 20, 39, 4, 30, 39]
    Edit distance: 17/46

============================================================
Batch 13000 | Val PER: 0.3747
============================================================
  Sample 0:
    TRUE: [31, 17, 0, 19, 27, 2, 28, 17, 39, 27, 17, 19, 2, 22, 28, 16, 8, 11, 8, 39]
    PRED: [2, 17, 19, 17, 39, 27, 2, 30, 8, 39]
    Edit distance: 12/20
  Sample 1:
    TRUE: [27, 16, 7, 39, 26, 11, 7, 2, 28, 30, 39, 28, 10, 34, 27, 2, 20, 39, 28, 5, 22, 8, 39, 20, 16, 31, 2, 14, 27, 1, 13, 28, 39]
    PRED: [27, 12, 19, 28, 39, 26, 27, 0, 7, 2, 8, 39, 10, 34, 20, 39, 28, 5, 22, 39, 20, 16, 39, 9, 2, 39, 18, 10, 28, 39]
    Edit distance: 17/33
  Sample 2:
    TRUE: [28, 24, 39, 27, 33, 20, 37, 39, 35, 17, 39, 21, 12, 8, 39, 16, 22, 39, 2, 22, 2, 6, 1, 29, 30, 39, 19, 2, 20, 33, 38, 2, 22, 39]
    PRED: [9, 33, 39, 27, 33, 20, 37, 39, 21, 17, 39, 21, 5, 8, 39, 16, 22, 39, 22, 27, 1, 28, 39, 19, 20, 20, 33, 2, 22, 39]
    Edit distance: 11/34
  Sample 3:
    TRUE: [20, 3, 27, 17, 37, 39, 19, 0, 28, 30, 33, 21, 39, 22, 17, 8, 2, 8, 39, 6, 20, 1, 19, 39, 14, 20, 2, 34, 37, 39, 30, 33, 39, 6, 17, 39, 19, 2, 21, 26, 20, 17, 30, 20, 17, 39, 10, 20, 2, 14, 2, 22, 30, 39]
    PRED: [27, 24, 39, 28, 1, 21, 39, 22, 10, 8, 39, 21, 20, 5, 19, 39, 20, 2, 37, 39, 30, 33, 39, 6, 17, 33, 39, 19, 2, 21, 26, 20, 39, 1, 20, 2, 22, 39]
    Edit distance: 24/54
  Sample 4:
    TRUE: [9, 2, 39, 30, 33, 31, 39, 13, 10, 27, 17, 39, 13, 11, 14, 0, 30, 39, 30, 33, 39, 19, 2, 21, 39, 35, 10, 22, 39, 27, 0, 18, 11, 37, 39, 30, 33, 31, 39, 13, 10, 20, 39, 4, 30, 39]
    PRED: [9, 2, 39, 27, 33, 31, 39, 34, 10, 39, 27, 3, 39, 30, 33, 39, 30, 2, 21, 39, 35, 10, 22, 39, 27, 11, 11, 39, 9, 33, 31, 39, 5, 39, 4, 30, 39]
    Edit distance: 17/46

============================================================
Batch 13500 | Val PER: 0.3711
============================================================
  Sample 0:
    TRUE: [31, 17, 0, 19, 27, 2, 28, 17, 39, 27, 17, 19, 2, 22, 28, 16, 8, 11, 8, 39]
    PRED: [2, 0, 2, 28, 39, 27, 2, 8, 39]
    Edit distance: 12/20
  Sample 1:
    TRUE: [27, 16, 7, 39, 26, 11, 7, 2, 28, 30, 39, 28, 10, 34, 27, 2, 20, 39, 28, 5, 22, 8, 39, 20, 16, 31, 2, 14, 27, 1, 13, 28, 39]
    PRED: [27, 12, 28, 30, 39, 26, 11, 0, 7, 2, 37, 39, 1, 34, 20, 39, 28, 5, 22, 8, 39, 20, 16, 31, 9, 2, 39, 18, 10, 34, 28, 39]
    Edit distance: 15/33
  Sample 2:
    TRUE: [28, 24, 39, 27, 33, 20, 37, 39, 35, 17, 39, 21, 12, 8, 39, 16, 22, 39, 2, 22, 2, 6, 1, 29, 30, 39, 19, 2, 20, 33, 38, 2, 22, 39]
    PRED: [9, 33, 27, 39, 27, 33, 20, 37, 39, 6, 17, 39, 21, 12, 8, 39, 16, 22, 39, 22, 27, 1, 28, 39, 19, 20, 20, 33, 2, 22, 39]
    Edit distance: 11/34
  Sample 3:
    TRUE: [20, 3, 27, 17, 37, 39, 19, 0, 28, 30, 33, 21, 39, 22, 17, 8, 2, 8, 39, 6, 20, 1, 19, 39, 14, 20, 2, 34, 37, 39, 30, 33, 39, 6, 17, 39, 19, 2, 21, 26, 20, 17, 30, 20, 17, 39, 10, 20, 2, 14, 2, 22, 30, 39]
    PRED: [27, 24, 39, 28, 1, 28, 21, 2, 21, 39, 22, 12, 8, 39, 21, 20, 1, 19, 39, 20, 2, 34, 37, 39, 30, 33, 39, 6, 17, 33, 39, 2, 21, 26, 20, 39, 1, 20, 2, 22, 8, 39]
    Edit distance: 23/54
  Sample 4:
    TRUE: [9, 2, 39, 30, 33, 31, 39, 13, 10, 27, 17, 39, 13, 11, 14, 0, 30, 39, 30, 33, 39, 19, 2, 21, 39, 35, 10, 22, 39, 27, 0, 18, 11, 37, 39, 30, 33, 31, 39, 13, 10, 20, 39, 4, 30, 39]
    PRED: [9, 2, 39, 30, 27, 33, 31, 39, 13, 10, 27, 39, 27, 3, 0, 0, 39, 30, 33, 39, 30, 2, 21, 39, 35, 10, 22, 39, 27, 11, 0, 11, 39, 31, 33, 31, 39, 13, 5, 39, 4, 30, 39]
    Edit distance: 13/46

============================================================
Batch 14000 | Val PER: 0.3713
============================================================
  Sample 0:
    TRUE: [31, 17, 0, 19, 27, 2, 28, 17, 39, 27, 17, 19, 2, 22, 28, 16, 8, 11, 8, 39]
    PRED: [2, 0, 19, 28, 39, 8, 27, 2, 8, 8, 39]
    Edit distance: 12/20
  Sample 1:
    TRUE: [27, 16, 7, 39, 26, 11, 7, 2, 28, 30, 39, 28, 10, 34, 27, 2, 20, 39, 28, 5, 22, 8, 39, 20, 16, 31, 2, 14, 27, 1, 13, 28, 39]
    PRED: [30, 35, 12, 19, 28, 39, 26, 11, 0, 7, 29, 2, 37, 39, 10, 34, 20, 39, 28, 5, 2, 22, 8, 39, 20, 31, 16, 9, 2, 18, 10, 28, 39]
    Edit distance: 19/33
  Sample 2:
    TRUE: [28, 24, 39, 27, 33, 20, 37, 39, 35, 17, 39, 21, 12, 8, 39, 16, 22, 39, 2, 22, 2, 6, 1, 29, 30, 39, 19, 2, 20, 33, 38, 2, 22, 39]
    PRED: [9, 33, 39, 33, 25, 20, 37, 39, 6, 17, 39, 21, 25, 8, 39, 16, 22, 39, 22, 27, 1, 28, 39, 19, 20, 33, 38, 2, 22, 39]
    Edit distance: 12/34
  Sample 3:
    TRUE: [20, 3, 27, 17, 37, 39, 19, 0, 28, 30, 33, 21, 39, 22, 17, 8, 2, 8, 39, 6, 20, 1, 19, 39, 14, 20, 2, 34, 37, 39, 30, 33, 39, 6, 17, 39, 19, 2, 21, 26, 20, 17, 30, 20, 17, 39, 10, 20, 2, 14, 2, 22, 30, 39]
    PRED: [27, 24, 39, 28, 1, 28, 6, 39, 22, 10, 8, 39, 21, 20, 1, 19, 39, 14, 2, 37, 39, 30, 33, 39, 6, 17, 33, 39, 2, 26, 20, 30, 39, 1, 20, 2, 22, 39]
    Edit distance: 25/54
  Sample 4:
    TRUE: [9, 2, 39, 30, 33, 31, 39, 13, 10, 27, 17, 39, 13, 11, 14, 0, 30, 39, 30, 33, 39, 19, 2, 21, 39, 35, 10, 22, 39, 27, 0, 18, 11, 37, 39, 30, 33, 31, 39, 13, 10, 20, 39, 4, 30, 39]
    PRED: [9, 2, 39, 27, 33, 31, 39, 13, 10, 17, 39, 13, 3, 0, 19, 0, 39, 30, 33, 39, 28, 30, 0, 2, 21, 39, 35, 10, 22, 39, 35, 11, 11, 39, 31, 33, 31, 39, 13, 5, 20, 39, 4, 30, 39]
    Edit distance: 15/46

============================================================
Batch 14500 | Val PER: 0.3651
============================================================
  Sample 0:
    TRUE: [31, 17, 0, 19, 27, 2, 28, 17, 39, 27, 17, 19, 2, 22, 28, 16, 8, 11, 8, 39]
    PRED: [9, 35, 28, 39, 27, 8, 2, 8, 39]
    Edit distance: 14/20
  Sample 1:
    TRUE: [27, 16, 7, 39, 26, 11, 7, 2, 28, 30, 39, 28, 10, 34, 27, 2, 20, 39, 28, 5, 22, 8, 39, 20, 16, 31, 2, 14, 27, 1, 13, 28, 39]
    PRED: [27, 12, 19, 28, 39, 26, 27, 0, 7, 29, 2, 37, 39, 10, 34, 20, 39, 28, 5, 22, 8, 39, 20, 31, 16, 31, 9, 10, 13, 39]
    Edit distance: 17/33
  Sample 2:
    TRUE: [28, 24, 39, 27, 33, 20, 37, 39, 35, 17, 39, 21, 12, 8, 39, 16, 22, 39, 2, 22, 2, 6, 1, 29, 30, 39, 19, 2, 20, 33, 38, 2, 22, 39]
    PRED: [9, 33, 39, 27, 17, 33, 20, 37, 39, 21, 17, 39, 21, 12, 8, 39, 16, 22, 39, 2, 22, 27, 1, 28, 39, 19, 20, 33, 2, 22, 39]
    Edit distance: 10/34
  Sample 3:
    TRUE: [20, 3, 27, 17, 37, 39, 19, 0, 28, 30, 33, 21, 39, 22, 17, 8, 2, 8, 39, 6, 20, 1, 19, 39, 14, 20, 2, 34, 37, 39, 30, 33, 39, 6, 17, 39, 19, 2, 21, 26, 20, 17, 30, 20, 17, 39, 10, 20, 2, 14, 2, 22, 30, 39]
    PRED: [27, 24, 39, 28, 1, 21, 39, 22, 10, 8, 39, 21, 20, 1, 19, 39, 20, 2, 34, 37, 39, 30, 33, 39, 21, 6, 17, 39, 2, 21, 26, 20, 17, 39, 1, 20, 2, 22, 8, 39]
    Edit distance: 22/54
  Sample 4:
    TRUE: [9, 2, 39, 30, 33, 31, 39, 13, 10, 27, 17, 39, 13, 11, 14, 0, 30, 39, 30, 33, 39, 19, 2, 21, 39, 35, 10, 22, 39, 27, 0, 18, 11, 37, 39, 30, 33, 31, 39, 13, 10, 20, 39, 4, 30, 39]
    PRED: [9, 2, 39, 27, 33, 31, 39, 34, 17, 39, 13, 3, 0, 39, 30, 33, 39, 28, 2, 21, 39, 35, 10, 22, 39, 27, 11, 11, 39, 9, 33, 31, 39, 5, 20, 39, 4, 30, 39]
    Edit distance: 14/46

============================================================
Batch 15000 | Val PER: 0.3678
============================================================
  Sample 0:
    TRUE: [31, 17, 0, 19, 27, 2, 28, 17, 39, 27, 17, 19, 2, 22, 28, 16, 8, 11, 8, 39]
    PRED: [2, 2, 28, 17, 39, 27, 2, 8, 30, 8, 39]
    Edit distance: 11/20
  Sample 1:
    TRUE: [27, 16, 7, 39, 26, 11, 7, 2, 28, 30, 39, 28, 10, 34, 27, 2, 20, 39, 28, 5, 22, 8, 39, 20, 16, 31, 2, 14, 27, 1, 13, 28, 39]
    PRED: [35, 10, 28, 39, 26, 27, 0, 7, 2, 8, 39, 10, 34, 20, 39, 5, 22, 8, 39, 20, 16, 31, 9, 2, 39, 10, 34, 13, 39]
    Edit distance: 16/33
  Sample 2:
    TRUE: [28, 24, 39, 27, 33, 20, 37, 39, 35, 17, 39, 21, 12, 8, 39, 16, 22, 39, 2, 22, 2, 6, 1, 29, 30, 39, 19, 2, 20, 33, 38, 2, 22, 39]
    PRED: [9, 33, 39, 27, 25, 20, 37, 39, 21, 5, 39, 21, 5, 8, 39, 16, 22, 39, 16, 22, 27, 1, 28, 39, 19, 20, 33, 2, 22, 39]
    Edit distance: 13/34
  Sample 3:
    TRUE: [20, 3, 27, 17, 37, 39, 19, 0, 28, 30, 33, 21, 39, 22, 17, 8, 2, 8, 39, 6, 20, 1, 19, 39, 14, 20, 2, 34, 37, 39, 30, 33, 39, 6, 17, 39, 19, 2, 21, 26, 20, 17, 30, 20, 17, 39, 10, 20, 2, 14, 2, 22, 30, 39]
    PRED: [27, 24, 17, 39, 1, 21, 34, 39, 22, 10, 8, 39, 21, 0, 19, 39, 20, 2, 34, 37, 39, 30, 33, 39, 21, 6, 17, 39, 2, 21, 26, 20, 30, 39, 1, 20, 2, 22, 39]
    Edit distance: 26/54
  Sample 4:
    TRUE: [9, 2, 39, 30, 33, 31, 39, 13, 10, 27, 17, 39, 13, 11, 14, 0, 30, 39, 30, 33, 39, 19, 2, 21, 39, 35, 10, 22, 39, 27, 0, 18, 11, 37, 39, 30, 33, 31, 39, 13, 10, 20, 39, 4, 30, 39]
    PRED: [9, 2, 39, 27, 33, 31, 39, 34, 10, 17, 39, 27, 35, 0, 8, 39, 30, 33, 39, 28, 30, 2, 21, 39, 35, 10, 22, 39, 35, 11, 11, 39, 9, 33, 31, 39, 26, 5, 20, 39, 4, 30, 39]
    Edit distance: 16/46

============================================================
Batch 15500 | Val PER: 0.3717
============================================================
  Sample 0:
    TRUE: [31, 17, 0, 19, 27, 2, 28, 17, 39, 27, 17, 19, 2, 22, 28, 16, 8, 11, 8, 39]
    PRED: [9, 2, 28, 17, 39, 8, 27, 8, 8, 2, 8, 39]
    Edit distance: 13/20
  Sample 1:
    TRUE: [27, 16, 7, 39, 26, 11, 7, 2, 28, 30, 39, 28, 10, 34, 27, 2, 20, 39, 28, 5, 22, 8, 39, 20, 16, 31, 2, 14, 27, 1, 13, 28, 39]
    PRED: [27, 10, 28, 39, 26, 11, 7, 2, 37, 39, 10, 34, 20, 39, 28, 5, 22, 8, 39, 20, 16, 9, 2, 18, 10, 34, 28, 39]
    Edit distance: 12/33
  Sample 2:
    TRUE: [28, 24, 39, 27, 33, 20, 37, 39, 35, 17, 39, 21, 12, 8, 39, 16, 22, 39, 2, 22, 2, 6, 1, 29, 30, 39, 19, 2, 20, 33, 38, 2, 22, 39]
    PRED: [9, 33, 27, 39, 27, 25, 20, 37, 39, 21, 17, 39, 21, 25, 8, 39, 16, 22, 39, 22, 27, 1, 29, 28, 39, 19, 20, 33, 2, 22, 39]
    Edit distance: 12/34
  Sample 3:
    TRUE: [20, 3, 27, 17, 37, 39, 19, 0, 28, 30, 33, 21, 39, 22, 17, 8, 2, 8, 39, 6, 20, 1, 19, 39, 14, 20, 2, 34, 37, 39, 30, 33, 39, 6, 17, 39, 19, 2, 21, 26, 20, 17, 30, 20, 17, 39, 10, 20, 2, 14, 2, 22, 30, 39]
    PRED: [27, 24, 17, 39, 28, 1, 28, 21, 39, 22, 10, 8, 39, 21, 20, 0, 19, 39, 20, 2, 34, 37, 39, 30, 33, 39, 21, 6, 17, 33, 39, 2, 21, 26, 20, 39, 17, 20, 2, 22, 39]
    Edit distance: 25/54
  Sample 4:
    TRUE: [9, 2, 39, 30, 33, 31, 39, 13, 10, 27, 17, 39, 13, 11, 14, 0, 30, 39, 30, 33, 39, 19, 2, 21, 39, 35, 10, 22, 39, 27, 0, 18, 11, 37, 39, 30, 33, 31, 39, 13, 10, 20, 39, 4, 30, 39]
    PRED: [9, 2, 39, 30, 27, 33, 31, 39, 13, 16, 27, 17, 39, 27, 3, 0, 19, 39, 30, 33, 39, 28, 30, 2, 21, 39, 13, 35, 10, 22, 39, 35, 11, 11, 17, 9, 33, 31, 39, 13, 5, 39, 4, 30, 39]
    Edit distance: 17/46

============================================================
Batch 16000 | Val PER: 0.3655
============================================================
  Sample 0:
    TRUE: [31, 17, 0, 19, 27, 2, 28, 17, 39, 27, 17, 19, 2, 22, 28, 16, 8, 11, 8, 39]
    PRED: [9, 2, 19, 28, 17, 39, 8, 27, 2, 30, 2, 8, 39]
    Edit distance: 13/20
  Sample 1:
    TRUE: [27, 16, 7, 39, 26, 11, 7, 2, 28, 30, 39, 28, 10, 34, 27, 2, 20, 39, 28, 5, 22, 8, 39, 20, 16, 31, 2, 14, 27, 1, 13, 28, 39]
    PRED: [27, 10, 19, 28, 39, 26, 27, 1, 7, 2, 37, 39, 10, 34, 20, 39, 28, 5, 22, 8, 39, 20, 16, 31, 9, 2, 18, 10, 34, 37, 39]
    Edit distance: 16/33
  Sample 2:
    TRUE: [28, 24, 39, 27, 33, 20, 37, 39, 35, 17, 39, 21, 12, 8, 39, 16, 22, 39, 2, 22, 2, 6, 1, 29, 30, 39, 19, 2, 20, 33, 38, 2, 22, 39]
    PRED: [9, 33, 39, 27, 25, 20, 37, 39, 21, 17, 39, 21, 25, 8, 39, 16, 22, 39, 1, 22, 27, 1, 29, 28, 39, 19, 20, 2, 22, 39]
    Edit distance: 12/34
  Sample 3:
    TRUE: [20, 3, 27, 17, 37, 39, 19, 0, 28, 30, 33, 21, 39, 22, 17, 8, 2, 8, 39, 6, 20, 1, 19, 39, 14, 20, 2, 34, 37, 39, 30, 33, 39, 6, 17, 39, 19, 2, 21, 26, 20, 17, 30, 20, 17, 39, 10, 20, 2, 14, 2, 22, 30, 39]
    PRED: [20, 27, 24, 39, 28, 1, 21, 39, 22, 10, 8, 39, 21, 20, 1, 19, 39, 20, 2, 34, 37, 39, 30, 33, 39, 6, 17, 33, 39, 19, 2, 21, 26, 20, 30, 39, 1, 20, 2, 22, 39]
    Edit distance: 20/54
  Sample 4:
    TRUE: [9, 2, 39, 30, 33, 31, 39, 13, 10, 27, 17, 39, 13, 11, 14, 0, 30, 39, 30, 33, 39, 19, 2, 21, 39, 35, 10, 22, 39, 27, 0, 18, 11, 37, 39, 30, 33, 31, 39, 13, 10, 20, 39, 4, 30, 39]
    PRED: [9, 2, 39, 27, 33, 31, 39, 13, 10, 17, 39, 34, 35, 3, 19, 0, 39, 30, 33, 39, 28, 30, 2, 21, 39, 35, 10, 22, 39, 35, 11, 11, 39, 9, 33, 31, 39, 13, 12, 20, 39, 4, 30, 39]
    Edit distance: 15/46

============================================================
Batch 15000 | Val PER: 0.3694
============================================================
  Sample 0:
    TRUE: [31, 17, 0, 19, 27, 2, 28, 17, 39, 27, 17, 19, 2, 22, 28, 16, 8, 11, 8, 39]
    PRED: [35, 2, 17, 19, 28, 17, 39, 8, 27, 8, 30, 8, 39]
    Edit distance: 13/20
  Sample 1:
    TRUE: [27, 16, 7, 39, 26, 11, 7, 2, 28, 30, 39, 28, 10, 34, 27, 2, 20, 39, 28, 5, 22, 8, 39, 20, 16, 31, 2, 14, 27, 1, 13, 28, 39]
    PRED: [30, 27, 10, 19, 28, 39, 26, 27, 0, 7, 29, 2, 37, 39, 4, 34, 20, 39, 5, 22, 8, 39, 31, 16, 31, 9, 2, 14, 18, 10, 13, 39]
    Edit distance: 19/33
  Sample 2:
    TRUE: [28, 24, 39, 27, 33, 20, 37, 39, 35, 17, 39, 21, 12, 8, 39, 16, 22, 39, 2, 22, 2, 6, 1, 29, 30, 39, 19, 2, 20, 33, 38, 2, 22, 39]
    PRED: [9, 33, 39, 27, 17, 25, 20, 37, 39, 21, 5, 39, 21, 25, 8, 39, 16, 22, 39, 22, 27, 1, 28, 39, 19, 20, 2, 22, 39]
    Edit distance: 15/34
  Sample 3:
    TRUE: [20, 3, 27, 17, 37, 39, 19, 0, 28, 30, 33, 21, 39, 22, 17, 8, 2, 8, 39, 6, 20, 1, 19, 39, 14, 20, 2, 34, 37, 39, 30, 33, 39, 6, 17, 39, 19, 2, 21, 26, 20, 17, 30, 20, 17, 39, 10, 20, 2, 14, 2, 22, 30, 39]
    PRED: [27, 24, 39, 28, 1, 28, 21, 34, 39, 21, 22, 10, 8, 39, 21, 20, 1, 19, 39, 14, 20, 2, 34, 37, 39, 30, 33, 39, 21, 6, 17, 39, 2, 21, 26, 20, 39, 20, 2, 22, 8, 39]
    Edit distance: 24/54
  Sample 4:
    TRUE: [9, 2, 39, 30, 33, 31, 39, 13, 10, 27, 17, 39, 13, 11, 14, 0, 30, 39, 30, 33, 39, 19, 2, 21, 39, 35, 10, 22, 39, 27, 0, 18, 11, 37, 39, 30, 33, 31, 39, 13, 10, 20, 39, 4, 30, 39]
    PRED: [9, 2, 39, 30, 27, 33, 31, 39, 13, 34, 10, 17, 39, 27, 3, 0, 39, 30, 33, 39, 30, 2, 21, 39, 13, 35, 10, 22, 39, 27, 11, 11, 39, 31, 33, 31, 39, 13, 10, 5, 20, 39, 4, 30, 39]
    Edit distance: 14/46

============================================================
Batch 15500 | Val PER: 0.3669
============================================================
  Sample 0:
    TRUE: [31, 17, 0, 19, 27, 2, 28, 17, 39, 27, 17, 19, 2, 22, 28, 16, 8, 11, 8, 39]
    PRED: [35, 2, 0, 19, 39, 27, 16, 30, 2, 8, 39]
    Edit distance: 13/20
  Sample 1:
    TRUE: [27, 16, 7, 39, 26, 11, 7, 2, 28, 30, 39, 28, 10, 34, 27, 2, 20, 39, 28, 5, 22, 8, 39, 20, 16, 31, 2, 14, 27, 1, 13, 28, 39]
    PRED: [30, 27, 10, 19, 28, 39, 26, 11, 0, 7, 29, 2, 8, 39, 10, 34, 20, 39, 5, 22, 8, 39, 20, 16, 31, 9, 2, 18, 10, 13, 39]
    Edit distance: 17/33
  Sample 2:
    TRUE: [28, 24, 39, 27, 33, 20, 37, 39, 35, 17, 39, 21, 12, 8, 39, 16, 22, 39, 2, 22, 2, 6, 1, 29, 30, 39, 19, 2, 20, 33, 38, 2, 22, 39]
    PRED: [9, 33, 39, 27, 25, 20, 37, 39, 21, 17, 39, 21, 25, 8, 39, 16, 22, 39, 2, 22, 27, 1, 28, 39, 20, 33, 2, 22, 39]
    Edit distance: 12/34
  Sample 3:
    TRUE: [20, 3, 27, 17, 37, 39, 19, 0, 28, 30, 33, 21, 39, 22, 17, 8, 2, 8, 39, 6, 20, 1, 19, 39, 14, 20, 2, 34, 37, 39, 30, 33, 39, 6, 17, 39, 19, 2, 21, 26, 20, 17, 30, 20, 17, 39, 10, 20, 2, 14, 2, 22, 30, 39]
    PRED: [19, 27, 24, 39, 28, 1, 28, 21, 39, 22, 12, 8, 39, 21, 20, 0, 19, 39, 20, 2, 34, 37, 39, 30, 33, 39, 21, 6, 33, 39, 2, 21, 26, 20, 2, 39, 20, 1, 20, 2, 22, 8, 39]
    Edit distance: 25/54
  Sample 4:
    TRUE: [9, 2, 39, 30, 33, 31, 39, 13, 10, 27, 17, 39, 13, 11, 14, 0, 30, 39, 30, 33, 39, 19, 2, 21, 39, 35, 10, 22, 39, 27, 0, 18, 11, 37, 39, 30, 33, 31, 39, 13, 10, 20, 39, 4, 30, 39]
    PRED: [9, 2, 39, 27, 33, 31, 39, 34, 10, 39, 27, 3, 0, 0, 39, 30, 33, 39, 30, 2, 21, 39, 35, 10, 22, 39, 27, 11, 11, 9, 33, 31, 39, 13, 10, 20, 39, 4, 30, 39]
    Edit distance: 14/46

============================================================
Batch 16000 | Val PER: 0.3650
============================================================
  Sample 0:
    TRUE: [31, 17, 0, 19, 27, 2, 28, 17, 39, 27, 17, 19, 2, 22, 28, 16, 8, 11, 8, 39]
    PRED: [35, 2, 0, 19, 17, 39, 27, 30, 8, 39]
    Edit distance: 13/20
  Sample 1:
    TRUE: [27, 16, 7, 39, 26, 11, 7, 2, 28, 30, 39, 28, 10, 34, 27, 2, 20, 39, 28, 5, 22, 8, 39, 20, 16, 31, 2, 14, 27, 1, 13, 28, 39]
    PRED: [30, 35, 12, 19, 28, 39, 26, 11, 0, 7, 2, 37, 39, 1, 34, 20, 39, 5, 22, 8, 39, 20, 16, 31, 9, 2, 18, 10, 28, 39]
    Edit distance: 18/33
  Sample 2:
    TRUE: [28, 24, 39, 27, 33, 20, 37, 39, 35, 17, 39, 21, 12, 8, 39, 16, 22, 39, 2, 22, 2, 6, 1, 29, 30, 39, 19, 2, 20, 33, 38, 2, 22, 39]
    PRED: [9, 24, 39, 25, 20, 37, 39, 6, 17, 39, 21, 25, 8, 39, 16, 22, 39, 22, 27, 1, 28, 39, 20, 2, 22, 39]
    Edit distance: 14/34
  Sample 3:
    TRUE: [20, 3, 27, 17, 37, 39, 19, 0, 28, 30, 33, 21, 39, 22, 17, 8, 2, 8, 39, 6, 20, 1, 19, 39, 14, 20, 2, 34, 37, 39, 30, 33, 39, 6, 17, 39, 19, 2, 21, 26, 20, 17, 30, 20, 17, 39, 10, 20, 2, 14, 2, 22, 30, 39]
    PRED: [27, 24, 17, 39, 28, 1, 28, 21, 6, 39, 22, 10, 8, 39, 6, 20, 0, 19, 39, 20, 2, 37, 39, 30, 33, 39, 21, 6, 17, 33, 39, 2, 21, 26, 20, 30, 39, 1, 20, 2, 22, 39]
    Edit distance: 25/54
  Sample 4:
    TRUE: [9, 2, 39, 30, 33, 31, 39, 13, 10, 27, 17, 39, 13, 11, 14, 0, 30, 39, 30, 33, 39, 19, 2, 21, 39, 35, 10, 22, 39, 27, 0, 18, 11, 37, 39, 30, 33, 31, 39, 13, 10, 20, 39, 4, 30, 39]
    PRED: [9, 2, 39, 27, 33, 31, 39, 34, 16, 17, 39, 13, 3, 0, 0, 39, 30, 33, 39, 30, 2, 21, 39, 13, 35, 2, 22, 39, 35, 11, 11, 39, 31, 33, 31, 39, 13, 5, 20, 39, 4, 30, 39]
    Edit distance: 16/46

============================================================
Batch 16500 | Val PER: 0.3644
============================================================
  Sample 0:
    TRUE: [31, 17, 0, 19, 27, 2, 28, 17, 39, 27, 17, 19, 2, 22, 28, 16, 8, 11, 8, 39]
    PRED: [9, 35, 17, 19, 30, 28, 39, 27, 17, 30, 8, 2, 8, 39]
    Edit distance: 12/20
  Sample 1:
    TRUE: [27, 16, 7, 39, 26, 11, 7, 2, 28, 30, 39, 28, 10, 34, 27, 2, 20, 39, 28, 5, 22, 8, 39, 20, 16, 31, 2, 14, 27, 1, 13, 28, 39]
    PRED: [35, 27, 12, 19, 30, 39, 26, 27, 1, 7, 2, 8, 39, 10, 34, 20, 39, 28, 5, 2, 8, 39, 20, 16, 31, 9, 2, 27, 10, 28, 39]
    Edit distance: 16/33
  Sample 2:
    TRUE: [28, 24, 39, 27, 33, 20, 37, 39, 35, 17, 39, 21, 12, 8, 39, 16, 22, 39, 2, 22, 2, 6, 1, 29, 30, 39, 19, 2, 20, 33, 38, 2, 22, 39]
    PRED: [9, 24, 39, 27, 33, 20, 37, 39, 6, 17, 39, 21, 25, 8, 39, 16, 22, 39, 2, 22, 27, 1, 28, 39, 20, 33, 2, 22, 39]
    Edit distance: 10/34
  Sample 3:
    TRUE: [20, 3, 27, 17, 37, 39, 19, 0, 28, 30, 33, 21, 39, 22, 17, 8, 2, 8, 39, 6, 20, 1, 19, 39, 14, 20, 2, 34, 37, 39, 30, 33, 39, 6, 17, 39, 19, 2, 21, 26, 20, 17, 30, 20, 17, 39, 10, 20, 2, 14, 2, 22, 30, 39]
    PRED: [27, 24, 17, 39, 28, 5, 28, 21, 39, 22, 12, 8, 39, 21, 20, 1, 19, 39, 20, 2, 34, 37, 39, 30, 33, 39, 6, 17, 39, 2, 21, 26, 20, 30, 39, 1, 20, 2, 22, 39]
    Edit distance: 21/54
  Sample 4:
    TRUE: [9, 2, 39, 30, 33, 31, 39, 13, 10, 27, 17, 39, 13, 11, 14, 0, 30, 39, 30, 33, 39, 19, 2, 21, 39, 35, 10, 22, 39, 27, 0, 18, 11, 37, 39, 30, 33, 31, 39, 13, 10, 20, 39, 4, 30, 39]
    PRED: [9, 2, 39, 27, 33, 31, 39, 34, 16, 17, 39, 34, 3, 0, 19, 0, 39, 30, 33, 39, 28, 30, 2, 21, 39, 13, 35, 10, 22, 39, 27, 11, 11, 39, 9, 33, 31, 39, 5, 20, 39, 4, 30, 39]
    Edit distance: 18/46

============================================================
Batch 17000 | Val PER: 0.3635
============================================================
  Sample 0:
    TRUE: [31, 17, 0, 19, 27, 2, 28, 17, 39, 27, 17, 19, 2, 22, 28, 16, 8, 11, 8, 39]
    PRED: [9, 2, 0, 19, 28, 39, 8, 27, 16, 2, 8, 39]
    Edit distance: 13/20
  Sample 1:
    TRUE: [27, 16, 7, 39, 26, 11, 7, 2, 28, 30, 39, 28, 10, 34, 27, 2, 20, 39, 28, 5, 22, 8, 39, 20, 16, 31, 2, 14, 27, 1, 13, 28, 39]
    PRED: [27, 12, 19, 28, 39, 26, 27, 0, 7, 2, 8, 39, 10, 34, 2, 20, 39, 5, 22, 8, 39, 20, 16, 31, 9, 2, 39, 10, 13, 39]
    Edit distance: 15/33
  Sample 2:
    TRUE: [28, 24, 39, 27, 33, 20, 37, 39, 35, 17, 39, 21, 12, 8, 39, 16, 22, 39, 2, 22, 2, 6, 1, 29, 30, 39, 19, 2, 20, 33, 38, 2, 22, 39]
    PRED: [9, 24, 39, 27, 25, 20, 37, 39, 21, 17, 39, 21, 25, 8, 39, 16, 22, 39, 2, 22, 27, 1, 28, 39, 20, 2, 22, 39]
    Edit distance: 12/34
  Sample 3:
    TRUE: [20, 3, 27, 17, 37, 39, 19, 0, 28, 30, 33, 21, 39, 22, 17, 8, 2, 8, 39, 6, 20, 1, 19, 39, 14, 20, 2, 34, 37, 39, 30, 33, 39, 6, 17, 39, 19, 2, 21, 26, 20, 17, 30, 20, 17, 39, 10, 20, 2, 14, 2, 22, 30, 39]
    PRED: [27, 24, 17, 39, 28, 1, 28, 21, 39, 22, 12, 8, 39, 21, 1, 19, 39, 20, 2, 37, 39, 30, 33, 39, 21, 17, 33, 39, 2, 21, 26, 20, 39, 1, 20, 2, 22, 8, 39]
    Edit distance: 26/54
  Sample 4:
    TRUE: [9, 2, 39, 30, 33, 31, 39, 13, 10, 27, 17, 39, 13, 11, 14, 0, 30, 39, 30, 33, 39, 19, 2, 21, 39, 35, 10, 22, 39, 27, 0, 18, 11, 37, 39, 30, 33, 31, 39, 13, 10, 20, 39, 4, 30, 39]
    PRED: [9, 2, 39, 30, 27, 33, 31, 28, 39, 8, 16, 17, 39, 13, 3, 0, 0, 19, 0, 39, 30, 33, 39, 28, 30, 2, 21, 39, 35, 2, 22, 39, 35, 0, 11, 39, 9, 33, 31, 39, 13, 5, 39, 4, 30, 39]
    Edit distance: 18/46

============================================================
Batch 17500 | Val PER: 0.3573
============================================================
  Sample 0:
    TRUE: [31, 17, 0, 19, 27, 2, 28, 17, 39, 27, 17, 19, 2, 22, 28, 16, 8, 11, 8, 39]
    PRED: [9, 17, 19, 28, 39, 27, 16, 8, 39]
    Edit distance: 12/20
  Sample 1:
    TRUE: [27, 16, 7, 39, 26, 11, 7, 2, 28, 30, 39, 28, 10, 34, 27, 2, 20, 39, 28, 5, 22, 8, 39, 20, 16, 31, 2, 14, 27, 1, 13, 28, 39]
    PRED: [27, 12, 19, 28, 39, 26, 27, 0, 7, 29, 2, 8, 39, 10, 34, 20, 39, 5, 22, 8, 39, 20, 16, 31, 9, 2, 39, 14, 10, 34, 13, 39]
    Edit distance: 17/33
  Sample 2:
    TRUE: [28, 24, 39, 27, 33, 20, 37, 39, 35, 17, 39, 21, 12, 8, 39, 16, 22, 39, 2, 22, 2, 6, 1, 29, 30, 39, 19, 2, 20, 33, 38, 2, 22, 39]
    PRED: [9, 24, 39, 27, 25, 20, 37, 39, 21, 17, 39, 21, 25, 8, 39, 16, 22, 39, 22, 27, 1, 10, 28, 39, 20, 33, 2, 22, 39]
    Edit distance: 12/34
  Sample 3:
    TRUE: [20, 3, 27, 17, 37, 39, 19, 0, 28, 30, 33, 21, 39, 22, 17, 8, 2, 8, 39, 6, 20, 1, 19, 39, 14, 20, 2, 34, 37, 39, 30, 33, 39, 6, 17, 39, 19, 2, 21, 26, 20, 17, 30, 20, 17, 39, 10, 20, 2, 14, 2, 22, 30, 39]
    PRED: [27, 24, 17, 39, 28, 1, 19, 28, 21, 39, 22, 12, 8, 39, 21, 1, 19, 39, 20, 16, 34, 37, 39, 30, 33, 39, 6, 17, 33, 39, 2, 21, 26, 20, 30, 39, 1, 20, 2, 22, 39]
    Edit distance: 25/54
  Sample 4:
    TRUE: [9, 2, 39, 30, 33, 31, 39, 13, 10, 27, 17, 39, 13, 11, 14, 0, 30, 39, 30, 33, 39, 19, 2, 21, 39, 35, 10, 22, 39, 27, 0, 18, 11, 37, 39, 30, 33, 31, 39, 13, 10, 20, 39, 4, 30, 39]
    PRED: [9, 2, 39, 27, 33, 31, 28, 39, 34, 10, 17, 39, 27, 3, 0, 19, 39, 30, 33, 39, 28, 30, 2, 21, 39, 35, 10, 22, 39, 27, 11, 11, 39, 9, 33, 31, 39, 13, 12, 39, 4, 30, 39]
    Edit distance: 16/46

============================================================
Batch 18000 | Val PER: 0.3551
============================================================
  Sample 0:
    TRUE: [31, 17, 0, 19, 27, 2, 28, 17, 39, 27, 17, 19, 2, 22, 28, 16, 8, 11, 8, 39]
    PRED: [9, 2, 19, 28, 39, 27, 16, 14, 30, 2, 8, 39]
    Edit distance: 14/20
  Sample 1:
    TRUE: [27, 16, 7, 39, 26, 11, 7, 2, 28, 30, 39, 28, 10, 34, 27, 2, 20, 39, 28, 5, 22, 8, 39, 20, 16, 31, 2, 14, 27, 1, 13, 28, 39]
    PRED: [27, 10, 19, 28, 39, 26, 27, 0, 7, 2, 8, 39, 10, 34, 20, 39, 28, 5, 22, 8, 39, 20, 16, 2, 18, 10, 13, 28, 39]
    Edit distance: 14/33
  Sample 2:
    TRUE: [28, 24, 39, 27, 33, 20, 37, 39, 35, 17, 39, 21, 12, 8, 39, 16, 22, 39, 2, 22, 2, 6, 1, 29, 30, 39, 19, 2, 20, 33, 38, 2, 22, 39]
    PRED: [9, 33, 39, 33, 20, 37, 39, 21, 17, 39, 21, 12, 8, 39, 16, 22, 39, 22, 27, 1, 10, 28, 39, 20, 33, 2, 22, 39]
    Edit distance: 12/34
  Sample 3:
    TRUE: [20, 3, 27, 17, 37, 39, 19, 0, 28, 30, 33, 21, 39, 22, 17, 8, 2, 8, 39, 6, 20, 1, 19, 39, 14, 20, 2, 34, 37, 39, 30, 33, 39, 6, 17, 39, 19, 2, 21, 26, 20, 17, 30, 20, 17, 39, 10, 20, 2, 14, 2, 22, 30, 39]
    PRED: [27, 24, 17, 39, 1, 28, 21, 39, 22, 10, 8, 39, 21, 20, 1, 19, 39, 20, 2, 34, 37, 39, 30, 33, 39, 21, 6, 17, 33, 39, 19, 2, 26, 20, 39, 1, 20, 2, 22, 8, 39]
    Edit distance: 24/54
  Sample 4:
    TRUE: [9, 2, 39, 30, 33, 31, 39, 13, 10, 27, 17, 39, 13, 11, 14, 0, 30, 39, 30, 33, 39, 19, 2, 21, 39, 35, 10, 22, 39, 27, 0, 18, 11, 37, 39, 30, 33, 31, 39, 13, 10, 20, 39, 4, 30, 39]
    PRED: [9, 2, 39, 27, 33, 31, 39, 34, 10, 17, 39, 34, 35, 0, 0, 39, 30, 33, 39, 28, 30, 2, 21, 39, 13, 35, 10, 22, 39, 35, 11, 11, 39, 9, 31, 33, 31, 39, 13, 12, 20, 39, 4, 30, 39]
    Edit distance: 17/46

============================================================
Batch 18500 | Val PER: 0.3567
============================================================
  Sample 0:
    TRUE: [31, 17, 0, 19, 27, 2, 28, 17, 39, 27, 17, 19, 2, 22, 28, 16, 8, 11, 8, 39]
    PRED: [9, 2, 19, 28, 39, 27, 2, 8, 30, 8, 39]
    Edit distance: 12/20
  Sample 1:
    TRUE: [27, 16, 7, 39, 26, 11, 7, 2, 28, 30, 39, 28, 10, 34, 27, 2, 20, 39, 28, 5, 22, 8, 39, 20, 16, 31, 2, 14, 27, 1, 13, 28, 39]
    PRED: [35, 10, 19, 30, 39, 26, 27, 0, 7, 29, 2, 8, 39, 10, 34, 20, 39, 28, 5, 22, 8, 39, 20, 16, 31, 9, 2, 14, 18, 10, 13, 39]
    Edit distance: 16/33
  Sample 2:
    TRUE: [28, 24, 39, 27, 33, 20, 37, 39, 35, 17, 39, 21, 12, 8, 39, 16, 22, 39, 2, 22, 2, 6, 1, 29, 30, 39, 19, 2, 20, 33, 38, 2, 22, 39]
    PRED: [9, 33, 39, 35, 33, 20, 37, 39, 21, 17, 39, 21, 25, 8, 39, 16, 22, 39, 16, 22, 27, 1, 28, 39, 19, 20, 33, 2, 22, 39]
    Edit distance: 12/34
  Sample 3:
    TRUE: [20, 3, 27, 17, 37, 39, 19, 0, 28, 30, 33, 21, 39, 22, 17, 8, 2, 8, 39, 6, 20, 1, 19, 39, 14, 20, 2, 34, 37, 39, 30, 33, 39, 6, 17, 39, 19, 2, 21, 26, 20, 17, 30, 20, 17, 39, 10, 20, 2, 14, 2, 22, 30, 39]
    PRED: [19, 27, 24, 17, 39, 1, 19, 28, 21, 39, 22, 10, 8, 39, 21, 27, 1, 19, 39, 20, 2, 34, 37, 39, 30, 33, 39, 6, 17, 33, 39, 19, 2, 21, 26, 20, 39, 1, 20, 22, 8, 39]
    Edit distance: 24/54
  Sample 4:
    TRUE: [9, 2, 39, 30, 33, 31, 39, 13, 10, 27, 17, 39, 13, 11, 14, 0, 30, 39, 30, 33, 39, 19, 2, 21, 39, 35, 10, 22, 39, 27, 0, 18, 11, 37, 39, 30, 33, 31, 39, 13, 10, 20, 39, 4, 30, 39]
    PRED: [9, 2, 39, 27, 33, 31, 39, 13, 6, 10, 17, 39, 13, 35, 0, 19, 0, 30, 39, 30, 33, 39, 28, 30, 2, 21, 39, 35, 10, 22, 39, 27, 11, 11, 39, 9, 33, 31, 39, 13, 12, 39, 4, 30, 39]
    Edit distance: 14/46

============================================================
Batch 19000 | Val PER: 0.3588
============================================================
  Sample 0:
    TRUE: [31, 17, 0, 19, 27, 2, 28, 17, 39, 27, 17, 19, 2, 22, 28, 16, 8, 11, 8, 39]
    PRED: [9, 35, 2, 19, 28, 39, 27, 16, 8, 30, 8, 39]
    Edit distance: 12/20
  Sample 1:
    TRUE: [27, 16, 7, 39, 26, 11, 7, 2, 28, 30, 39, 28, 10, 34, 27, 2, 20, 39, 28, 5, 22, 8, 39, 20, 16, 31, 2, 14, 27, 1, 13, 28, 39]
    PRED: [30, 27, 10, 19, 28, 39, 26, 27, 0, 7, 2, 8, 39, 10, 34, 2, 20, 39, 28, 5, 22, 8, 39, 20, 16, 31, 9, 2, 39, 18, 10, 13, 28, 39]
    Edit distance: 14/33
  Sample 2:
    TRUE: [28, 24, 39, 27, 33, 20, 37, 39, 35, 17, 39, 21, 12, 8, 39, 16, 22, 39, 2, 22, 2, 6, 1, 29, 30, 39, 19, 2, 20, 33, 38, 2, 22, 39]
    PRED: [9, 2, 39, 27, 35, 33, 20, 37, 39, 21, 17, 39, 21, 25, 8, 39, 16, 22, 39, 22, 27, 1, 28, 39, 20, 33, 2, 22, 39]
    Edit distance: 13/34
  Sample 3:
    TRUE: [20, 3, 27, 17, 37, 39, 19, 0, 28, 30, 33, 21, 39, 22, 17, 8, 2, 8, 39, 6, 20, 1, 19, 39, 14, 20, 2, 34, 37, 39, 30, 33, 39, 6, 17, 39, 19, 2, 21, 26, 20, 17, 30, 20, 17, 39, 10, 20, 2, 14, 2, 22, 30, 39]
    PRED: [27, 24, 17, 39, 28, 1, 28, 21, 39, 22, 10, 8, 39, 21, 20, 1, 19, 39, 20, 2, 34, 8, 39, 30, 33, 39, 6, 17, 33, 39, 2, 21, 26, 20, 39, 1, 20, 2, 22, 39]
    Edit distance: 24/54
  Sample 4:
    TRUE: [9, 2, 39, 30, 33, 31, 39, 13, 10, 27, 17, 39, 13, 11, 14, 0, 30, 39, 30, 33, 39, 19, 2, 21, 39, 35, 10, 22, 39, 27, 0, 18, 11, 37, 39, 30, 33, 31, 39, 13, 10, 20, 39, 4, 30, 39]
    PRED: [9, 2, 39, 27, 33, 31, 39, 8, 10, 27, 17, 39, 34, 35, 0, 0, 19, 0, 39, 30, 33, 39, 28, 2, 21, 39, 35, 10, 1, 22, 39, 35, 11, 11, 39, 9, 33, 31, 39, 13, 12, 20, 20, 39, 4, 30, 39]
    Edit distance: 16/46

============================================================
Batch 19500 | Val PER: 0.3589
============================================================
  Sample 0:
    TRUE: [31, 17, 0, 19, 27, 2, 28, 17, 39, 27, 17, 19, 2, 22, 28, 16, 8, 11, 8, 39]
    PRED: [9, 35, 2, 19, 2, 28, 17, 39, 8, 27, 2, 8, 30, 8, 39]
    Edit distance: 11/20
  Sample 1:
    TRUE: [27, 16, 7, 39, 26, 11, 7, 2, 28, 30, 39, 28, 10, 34, 27, 2, 20, 39, 28, 5, 22, 8, 39, 20, 16, 31, 2, 14, 27, 1, 13, 28, 39]
    PRED: [27, 12, 19, 30, 39, 26, 11, 0, 7, 29, 2, 8, 39, 10, 34, 20, 39, 28, 5, 22, 8, 37, 39, 16, 31, 9, 2, 14, 10, 13, 39]
    Edit distance: 16/33
  Sample 2:
    TRUE: [28, 24, 39, 27, 33, 20, 37, 39, 35, 17, 39, 21, 12, 8, 39, 16, 22, 39, 2, 22, 2, 6, 1, 29, 30, 39, 19, 2, 20, 33, 38, 2, 22, 39]
    PRED: [9, 33, 39, 27, 33, 20, 37, 39, 21, 17, 39, 21, 25, 8, 39, 16, 22, 39, 2, 22, 27, 1, 29, 28, 39, 19, 20, 33, 38, 2, 22, 39]
    Edit distance: 8/34
  Sample 3:
    TRUE: [20, 3, 27, 17, 37, 39, 19, 0, 28, 30, 33, 21, 39, 22, 17, 8, 2, 8, 39, 6, 20, 1, 19, 39, 14, 20, 2, 34, 37, 39, 30, 33, 39, 6, 17, 39, 19, 2, 21, 26, 20, 17, 30, 20, 17, 39, 10, 20, 2, 14, 2, 22, 30, 39]
    PRED: [19, 27, 24, 17, 39, 19, 1, 19, 28, 21, 39, 22, 8, 39, 6, 27, 0, 19, 39, 14, 2, 34, 37, 39, 30, 33, 39, 21, 6, 17, 33, 39, 19, 2, 21, 26, 20, 30, 39, 1, 20, 2, 20, 2, 22, 8, 39]
    Edit distance: 22/54
  Sample 4:
    TRUE: [9, 2, 39, 30, 33, 31, 39, 13, 10, 27, 17, 39, 13, 11, 14, 0, 30, 39, 30, 33, 39, 19, 2, 21, 39, 35, 10, 22, 39, 27, 0, 18, 11, 37, 39, 30, 33, 31, 39, 13, 10, 20, 39, 4, 30, 39]
    PRED: [9, 2, 39, 27, 33, 31, 39, 6, 10, 27, 17, 39, 34, 3, 0, 19, 0, 39, 30, 33, 39, 28, 30, 2, 21, 39, 35, 10, 2, 22, 39, 35, 11, 11, 37, 39, 9, 33, 31, 39, 13, 5, 12, 39, 4, 30, 39]
    Edit distance: 16/46

============================================================
Batch 20000 | Val PER: 0.3560
============================================================
  Sample 0:
    TRUE: [31, 17, 0, 19, 27, 2, 28, 17, 39, 27, 17, 19, 2, 22, 28, 16, 8, 11, 8, 39]
    PRED: [35, 2, 19, 28, 39, 27, 2, 30, 8, 39]
    Edit distance: 13/20
  Sample 1:
    TRUE: [27, 16, 7, 39, 26, 11, 7, 2, 28, 30, 39, 28, 10, 34, 27, 2, 20, 39, 28, 5, 22, 8, 39, 20, 16, 31, 2, 14, 27, 1, 13, 28, 39]
    PRED: [35, 12, 19, 28, 39, 26, 11, 0, 7, 29, 2, 8, 39, 10, 34, 20, 39, 5, 22, 8, 37, 39, 20, 16, 31, 2, 14, 10, 13, 39]
    Edit distance: 16/33
  Sample 2:
    TRUE: [28, 24, 39, 27, 33, 20, 37, 39, 35, 17, 39, 21, 12, 8, 39, 16, 22, 39, 2, 22, 2, 6, 1, 29, 30, 39, 19, 2, 20, 33, 38, 2, 22, 39]
    PRED: [9, 33, 39, 27, 35, 33, 20, 37, 39, 35, 17, 39, 21, 25, 8, 39, 16, 22, 39, 22, 27, 1, 28, 39, 20, 33, 2, 22, 39]
    Edit distance: 12/34
  Sample 3:
    TRUE: [20, 3, 27, 17, 37, 39, 19, 0, 28, 30, 33, 21, 39, 22, 17, 8, 2, 8, 39, 6, 20, 1, 19, 39, 14, 20, 2, 34, 37, 39, 30, 33, 39, 6, 17, 39, 19, 2, 21, 26, 20, 17, 30, 20, 17, 39, 10, 20, 2, 14, 2, 22, 30, 39]
    PRED: [27, 24, 17, 39, 1, 21, 39, 22, 10, 8, 39, 6, 21, 1, 19, 39, 20, 2, 34, 37, 39, 30, 33, 39, 6, 17, 33, 39, 19, 2, 21, 26, 20, 30, 39, 1, 20, 2, 22, 8, 39]
    Edit distance: 22/54
  Sample 4:
    TRUE: [9, 2, 39, 30, 33, 31, 39, 13, 10, 27, 17, 39, 13, 11, 14, 0, 30, 39, 30, 33, 39, 19, 2, 21, 39, 35, 10, 22, 39, 27, 0, 18, 11, 37, 39, 30, 33, 31, 39, 13, 10, 20, 39, 4, 30, 39]
    PRED: [9, 2, 39, 27, 33, 31, 39, 17, 39, 34, 35, 0, 19, 0, 39, 30, 33, 39, 28, 2, 21, 39, 35, 10, 1, 22, 39, 35, 11, 11, 17, 39, 9, 33, 31, 39, 13, 20, 39, 4, 30, 39]
    Edit distance: 17/46

============================================================
Batch 20500 | Val PER: 0.3523
============================================================
  Sample 0:
    TRUE: [31, 17, 0, 19, 27, 2, 28, 17, 39, 27, 17, 19, 2, 22, 28, 16, 8, 11, 8, 39]
    PRED: [35, 17, 19, 39, 27, 16, 30, 8, 39]
    Edit distance: 13/20
  Sample 1:
    TRUE: [27, 16, 7, 39, 26, 11, 7, 2, 28, 30, 39, 28, 10, 34, 27, 2, 20, 39, 28, 5, 22, 8, 39, 20, 16, 31, 2, 14, 27, 1, 13, 28, 39]
    PRED: [27, 10, 19, 30, 39, 26, 11, 0, 7, 2, 8, 39, 1, 34, 20, 39, 28, 5, 22, 8, 39, 20, 16, 31, 9, 2, 39, 10, 13, 39]
    Edit distance: 15/33
  Sample 2:
    TRUE: [28, 24, 39, 27, 33, 20, 37, 39, 35, 17, 39, 21, 12, 8, 39, 16, 22, 39, 2, 22, 2, 6, 1, 29, 30, 39, 19, 2, 20, 33, 38, 2, 22, 39]
    PRED: [9, 33, 39, 27, 17, 20, 37, 39, 21, 17, 39, 21, 25, 8, 39, 16, 22, 39, 22, 27, 1, 28, 39, 19, 20, 33, 2, 22, 39]
    Edit distance: 12/34
  Sample 3:
    TRUE: [20, 3, 27, 17, 37, 39, 19, 0, 28, 30, 33, 21, 39, 22, 17, 8, 2, 8, 39, 6, 20, 1, 19, 39, 14, 20, 2, 34, 37, 39, 30, 33, 39, 6, 17, 39, 19, 2, 21, 26, 20, 17, 30, 20, 17, 39, 10, 20, 2, 14, 2, 22, 30, 39]
    PRED: [19, 27, 24, 17, 39, 19, 1, 21, 34, 21, 39, 22, 10, 8, 39, 21, 1, 19, 39, 20, 2, 37, 39, 30, 33, 39, 6, 17, 33, 39, 19, 2, 26, 20, 39, 1, 20, 22, 8, 39]
    Edit distance: 26/54
  Sample 4:
    TRUE: [9, 2, 39, 30, 33, 31, 39, 13, 10, 27, 17, 39, 13, 11, 14, 0, 30, 39, 30, 33, 39, 19, 2, 21, 39, 35, 10, 22, 39, 27, 0, 18, 11, 37, 39, 30, 33, 31, 39, 13, 10, 20, 39, 4, 30, 39]
    PRED: [9, 2, 39, 27, 33, 31, 39, 34, 17, 39, 34, 35, 0, 19, 19, 39, 30, 33, 39, 28, 30, 2, 21, 39, 35, 10, 22, 39, 35, 11, 11, 39, 9, 33, 31, 39, 13, 5, 39, 4, 30, 39]
    Edit distance: 18/46

============================================================
Batch 21000 | Val PER: 0.3506
============================================================
  Sample 0:
    TRUE: [31, 17, 0, 19, 27, 2, 28, 17, 39, 27, 17, 19, 2, 22, 28, 16, 8, 11, 8, 39]
    PRED: [35, 2, 19, 39, 27, 16, 30, 8, 39]
    Edit distance: 14/20
  Sample 1:
    TRUE: [27, 16, 7, 39, 26, 11, 7, 2, 28, 30, 39, 28, 10, 34, 27, 2, 20, 39, 28, 5, 22, 8, 39, 20, 16, 31, 2, 14, 27, 1, 13, 28, 39]
    PRED: [27, 10, 19, 28, 39, 26, 27, 0, 7, 29, 2, 8, 39, 10, 34, 20, 39, 28, 5, 22, 8, 39, 20, 16, 31, 9, 2, 10, 13, 39]
    Edit distance: 16/33
  Sample 2:
    TRUE: [28, 24, 39, 27, 33, 20, 37, 39, 35, 17, 39, 21, 12, 8, 39, 16, 22, 39, 2, 22, 2, 6, 1, 29, 30, 39, 19, 2, 20, 33, 38, 2, 22, 39]
    PRED: [9, 33, 39, 27, 17, 33, 20, 37, 39, 35, 17, 39, 21, 25, 8, 39, 16, 22, 39, 2, 22, 27, 1, 28, 39, 20, 33, 2, 22, 39]
    Edit distance: 11/34
  Sample 3:
    TRUE: [20, 3, 27, 17, 37, 39, 19, 0, 28, 30, 33, 21, 39, 22, 17, 8, 2, 8, 39, 6, 20, 1, 19, 39, 14, 20, 2, 34, 37, 39, 30, 33, 39, 6, 17, 39, 19, 2, 21, 26, 20, 17, 30, 20, 17, 39, 10, 20, 2, 14, 2, 22, 30, 39]
    PRED: [27, 3, 17, 39, 19, 1, 28, 21, 2, 21, 39, 22, 10, 8, 39, 6, 27, 0, 19, 39, 20, 2, 37, 39, 30, 33, 39, 6, 17, 33, 39, 19, 2, 26, 20, 30, 39, 1, 20, 22, 8, 39]
    Edit distance: 23/54
  Sample 4:
    TRUE: [9, 2, 39, 30, 33, 31, 39, 13, 10, 27, 17, 39, 13, 11, 14, 0, 30, 39, 30, 33, 39, 19, 2, 21, 39, 35, 10, 22, 39, 27, 0, 18, 11, 37, 39, 30, 33, 31, 39, 13, 10, 20, 39, 4, 30, 39]
    PRED: [9, 2, 39, 27, 33, 31, 39, 8, 10, 39, 13, 0, 39, 30, 33, 39, 28, 2, 21, 39, 35, 10, 22, 39, 27, 35, 11, 39, 9, 31, 33, 31, 39, 13, 5, 39, 4, 30, 39]
    Edit distance: 15/46

============================================================
Batch 21500 | Val PER: 0.3488
============================================================
  Sample 0:
    TRUE: [31, 17, 0, 19, 27, 2, 28, 17, 39, 27, 17, 19, 2, 22, 28, 16, 8, 11, 8, 39]
    PRED: [35, 17, 19, 28, 39, 27, 16, 30, 2, 8, 39]
    Edit distance: 12/20
  Sample 1:
    TRUE: [27, 16, 7, 39, 26, 11, 7, 2, 28, 30, 39, 28, 10, 34, 27, 2, 20, 39, 28, 5, 22, 8, 39, 20, 16, 31, 2, 14, 27, 1, 13, 28, 39]
    PRED: [27, 10, 19, 28, 39, 26, 27, 0, 7, 2, 8, 39, 10, 34, 20, 39, 28, 5, 22, 8, 39, 20, 16, 31, 9, 39, 10, 13, 39]
    Edit distance: 15/33
  Sample 2:
    TRUE: [28, 24, 39, 27, 33, 20, 37, 39, 35, 17, 39, 21, 12, 8, 39, 16, 22, 39, 2, 22, 2, 6, 1, 29, 30, 39, 19, 2, 20, 33, 38, 2, 22, 39]
    PRED: [9, 33, 39, 27, 33, 20, 24, 37, 39, 21, 17, 39, 21, 25, 8, 39, 16, 22, 39, 22, 27, 1, 28, 39, 20, 33, 2, 22, 39]
    Edit distance: 13/34
  Sample 3:
    TRUE: [20, 3, 27, 17, 37, 39, 19, 0, 28, 30, 33, 21, 39, 22, 17, 8, 2, 8, 39, 6, 20, 1, 19, 39, 14, 20, 2, 34, 37, 39, 30, 33, 39, 6, 17, 39, 19, 2, 21, 26, 20, 17, 30, 20, 17, 39, 10, 20, 2, 14, 2, 22, 30, 39]
    PRED: [27, 24, 17, 39, 28, 1, 28, 21, 34, 39, 22, 10, 8, 39, 21, 27, 0, 19, 39, 14, 2, 0, 34, 37, 39, 30, 33, 39, 6, 17, 33, 39, 2, 21, 26, 20, 30, 39, 1, 20, 22, 39]
    Edit distance: 27/54
  Sample 4:
    TRUE: [9, 2, 39, 30, 33, 31, 39, 13, 10, 27, 17, 39, 13, 11, 14, 0, 30, 39, 30, 33, 39, 19, 2, 21, 39, 35, 10, 22, 39, 27, 0, 18, 11, 37, 39, 30, 33, 31, 39, 13, 10, 20, 39, 4, 30, 39]
    PRED: [9, 2, 39, 7, 27, 33, 31, 39, 8, 16, 17, 39, 13, 0, 0, 39, 30, 33, 39, 28, 2, 21, 39, 35, 10, 22, 39, 27, 11, 0, 30, 11, 39, 9, 33, 31, 39, 13, 5, 39, 4, 30, 39]
    Edit distance: 15/46

============================================================
Batch 22000 | Val PER: 0.3462
============================================================
  Sample 0:
    TRUE: [31, 17, 0, 19, 27, 2, 28, 17, 39, 27, 17, 19, 2, 22, 28, 16, 8, 11, 8, 39]
    PRED: [35, 2, 0, 19, 39, 27, 16, 30, 8, 39]
    Edit distance: 13/20
  Sample 1:
    TRUE: [27, 16, 7, 39, 26, 11, 7, 2, 28, 30, 39, 28, 10, 34, 27, 2, 20, 39, 28, 5, 22, 8, 39, 20, 16, 31, 2, 14, 27, 1, 13, 28, 39]
    PRED: [30, 35, 10, 19, 28, 39, 26, 11, 0, 7, 29, 2, 8, 39, 10, 34, 20, 39, 8, 5, 22, 8, 39, 20, 16, 31, 2, 14, 10, 13, 39]
    Edit distance: 16/33
  Sample 2:
    TRUE: [28, 24, 39, 27, 33, 20, 37, 39, 35, 17, 39, 21, 12, 8, 39, 16, 22, 39, 2, 22, 2, 6, 1, 29, 30, 39, 19, 2, 20, 33, 38, 2, 22, 39]
    PRED: [9, 33, 39, 27, 35, 33, 20, 24, 37, 39, 35, 17, 39, 21, 25, 8, 39, 16, 22, 39, 2, 22, 27, 1, 29, 28, 39, 20, 33, 38, 2, 22, 39]
    Edit distance: 10/34
  Sample 3:
    TRUE: [20, 3, 27, 17, 37, 39, 19, 0, 28, 30, 33, 21, 39, 22, 17, 8, 2, 8, 39, 6, 20, 1, 19, 39, 14, 20, 2, 34, 37, 39, 30, 33, 39, 6, 17, 39, 19, 2, 21, 26, 20, 17, 30, 20, 17, 39, 10, 20, 2, 14, 2, 22, 30, 39]
    PRED: [27, 24, 17, 39, 28, 1, 21, 39, 22, 10, 8, 39, 6, 27, 0, 19, 39, 14, 2, 34, 37, 39, 30, 33, 39, 6, 17, 33, 39, 19, 2, 21, 26, 20, 30, 39, 1, 20, 2, 22, 39]
    Edit distance: 22/54
  Sample 4:
    TRUE: [9, 2, 39, 30, 33, 31, 39, 13, 10, 27, 17, 39, 13, 11, 14, 0, 30, 39, 30, 33, 39, 19, 2, 21, 39, 35, 10, 22, 39, 27, 0, 18, 11, 37, 39, 30, 33, 31, 39, 13, 10, 20, 39, 4, 30, 39]
    PRED: [9, 2, 39, 27, 33, 31, 39, 34, 10, 39, 34, 35, 0, 0, 39, 30, 33, 39, 28, 2, 21, 39, 35, 10, 22, 39, 35, 11, 8, 11, 39, 31, 33, 31, 39, 13, 5, 39, 4, 30, 39]
    Edit distance: 16/46

============================================================
Batch 22500 | Val PER: 0.3450
============================================================
  Sample 0:
    TRUE: [31, 17, 0, 19, 27, 2, 28, 17, 39, 27, 17, 19, 2, 22, 28, 16, 8, 11, 8, 39]
    PRED: [9, 35, 2, 39, 0, 19, 28, 39, 27, 2, 30, 8, 39]
    Edit distance: 14/20
  Sample 1:
    TRUE: [27, 16, 7, 39, 26, 11, 7, 2, 28, 30, 39, 28, 10, 34, 27, 2, 20, 39, 28, 5, 22, 8, 39, 20, 16, 31, 2, 14, 27, 1, 13, 28, 39]
    PRED: [35, 10, 19, 28, 39, 26, 11, 0, 7, 2, 8, 39, 10, 34, 20, 39, 5, 22, 8, 37, 39, 20, 16, 31, 9, 10, 13, 39]
    Edit distance: 17/33
  Sample 2:
    TRUE: [28, 24, 39, 27, 33, 20, 37, 39, 35, 17, 39, 21, 12, 8, 39, 16, 22, 39, 2, 22, 2, 6, 1, 29, 30, 39, 19, 2, 20, 33, 38, 2, 22, 39]
    PRED: [9, 24, 39, 27, 33, 20, 24, 37, 39, 35, 17, 39, 21, 25, 8, 39, 16, 22, 39, 2, 22, 27, 1, 28, 39, 19, 20, 33, 2, 22, 39]
    Edit distance: 9/34
  Sample 3:
    TRUE: [20, 3, 27, 17, 37, 39, 19, 0, 28, 30, 33, 21, 39, 22, 17, 8, 2, 8, 39, 6, 20, 1, 19, 39, 14, 20, 2, 34, 37, 39, 30, 33, 39, 6, 17, 39, 19, 2, 21, 26, 20, 17, 30, 20, 17, 39, 10, 20, 2, 14, 2, 22, 30, 39]
    PRED: [27, 24, 17, 39, 1, 21, 39, 22, 10, 8, 39, 21, 20, 0, 19, 39, 20, 2, 34, 37, 39, 30, 33, 39, 6, 17, 33, 39, 19, 2, 21, 26, 20, 30, 39, 1, 20, 2, 22, 39]
    Edit distance: 23/54
  Sample 4:
    TRUE: [9, 2, 39, 30, 33, 31, 39, 13, 10, 27, 17, 39, 13, 11, 14, 0, 30, 39, 30, 33, 39, 19, 2, 21, 39, 35, 10, 22, 39, 27, 0, 18, 11, 37, 39, 30, 33, 31, 39, 13, 10, 20, 39, 4, 30, 39]
    PRED: [9, 2, 39, 27, 33, 31, 28, 39, 34, 4, 17, 39, 34, 3, 0, 0, 39, 30, 33, 39, 28, 2, 21, 39, 35, 22, 39, 27, 11, 11, 37, 39, 9, 33, 31, 39, 13, 5, 39, 4, 30, 39]
    Edit distance: 16/46

============================================================
Batch 23000 | Val PER: 0.3514
============================================================
  Sample 0:
    TRUE: [31, 17, 0, 19, 27, 2, 28, 17, 39, 27, 17, 19, 2, 22, 28, 16, 8, 11, 8, 39]
    PRED: [9, 35, 2, 19, 28, 39, 8, 27, 16, 30, 8, 39]
    Edit distance: 14/20
  Sample 1:
    TRUE: [27, 16, 7, 39, 26, 11, 7, 2, 28, 30, 39, 28, 10, 34, 27, 2, 20, 39, 28, 5, 22, 8, 39, 20, 16, 31, 2, 14, 27, 1, 13, 28, 39]
    PRED: [35, 10, 28, 39, 26, 11, 0, 7, 29, 2, 8, 39, 10, 34, 20, 39, 5, 22, 8, 39, 20, 16, 9, 10, 28, 39]
    Edit distance: 17/33
  Sample 2:
    TRUE: [28, 24, 39, 27, 33, 20, 37, 39, 35, 17, 39, 21, 12, 8, 39, 16, 22, 39, 2, 22, 2, 6, 1, 29, 30, 39, 19, 2, 20, 33, 38, 2, 22, 39]
    PRED: [9, 24, 39, 27, 17, 25, 20, 24, 37, 39, 35, 17, 39, 21, 25, 8, 39, 16, 22, 39, 16, 22, 2, 27, 1, 29, 28, 39, 2, 20, 33, 2, 22, 39]
    Edit distance: 10/34
  Sample 3:
    TRUE: [20, 3, 27, 17, 37, 39, 19, 0, 28, 30, 33, 21, 39, 22, 17, 8, 2, 8, 39, 6, 20, 1, 19, 39, 14, 20, 2, 34, 37, 39, 30, 33, 39, 6, 17, 39, 19, 2, 21, 26, 20, 17, 30, 20, 17, 39, 10, 20, 2, 14, 2, 22, 30, 39]
    PRED: [27, 11, 37, 17, 39, 1, 28, 21, 34, 39, 22, 10, 8, 39, 6, 27, 1, 19, 39, 20, 2, 34, 37, 39, 30, 33, 39, 6, 17, 33, 39, 19, 2, 26, 20, 30, 39, 1, 20, 2, 22, 39]
    Edit distance: 23/54
  Sample 4:
    TRUE: [9, 2, 39, 30, 33, 31, 39, 13, 10, 27, 17, 39, 13, 11, 14, 0, 30, 39, 30, 33, 39, 19, 2, 21, 39, 35, 10, 22, 39, 27, 0, 18, 11, 37, 39, 30, 33, 31, 39, 13, 10, 20, 39, 4, 30, 39]
    PRED: [9, 2, 39, 27, 33, 31, 28, 39, 34, 17, 39, 34, 3, 39, 30, 33, 39, 28, 2, 21, 39, 35, 10, 22, 39, 27, 11, 11, 37, 39, 9, 33, 31, 39, 13, 5, 39, 4, 30, 39]
    Edit distance: 16/46

============================================================
Batch 23500 | Val PER: 0.3460
============================================================
  Sample 0:
    TRUE: [31, 17, 0, 19, 27, 2, 28, 17, 39, 27, 17, 19, 2, 22, 28, 16, 8, 11, 8, 39]
    PRED: [35, 17, 39, 19, 28, 39, 27, 16, 30, 8, 39]
    Edit distance: 12/20
  Sample 1:
    TRUE: [27, 16, 7, 39, 26, 11, 7, 2, 28, 30, 39, 28, 10, 34, 27, 2, 20, 39, 28, 5, 22, 8, 39, 20, 16, 31, 2, 14, 27, 1, 13, 28, 39]
    PRED: [35, 12, 28, 39, 26, 11, 0, 29, 2, 8, 39, 10, 34, 20, 39, 8, 5, 22, 8, 39, 20, 16, 28, 31, 9, 18, 14, 10, 34, 28, 39]
    Edit distance: 17/33
  Sample 2:
    TRUE: [28, 24, 39, 27, 33, 20, 37, 39, 35, 17, 39, 21, 12, 8, 39, 16, 22, 39, 2, 22, 2, 6, 1, 29, 30, 39, 19, 2, 20, 33, 38, 2, 22, 39]
    PRED: [9, 24, 39, 27, 25, 20, 24, 37, 39, 35, 17, 39, 21, 25, 8, 39, 16, 22, 39, 16, 22, 27, 1, 28, 39, 20, 33, 2, 22, 39]
    Edit distance: 12/34
  Sample 3:
    TRUE: [20, 3, 27, 17, 37, 39, 19, 0, 28, 30, 33, 21, 39, 22, 17, 8, 2, 8, 39, 6, 20, 1, 19, 39, 14, 20, 2, 34, 37, 39, 30, 33, 39, 6, 17, 39, 19, 2, 21, 26, 20, 17, 30, 20, 17, 39, 10, 20, 2, 14, 2, 22, 30, 39]
    PRED: [27, 24, 39, 28, 1, 21, 39, 22, 12, 8, 39, 21, 1, 19, 39, 20, 2, 34, 37, 39, 30, 33, 39, 6, 17, 33, 39, 19, 2, 21, 26, 20, 30, 39, 1, 20, 2, 22, 30, 39]
    Edit distance: 21/54
  Sample 4:
    TRUE: [9, 2, 39, 30, 33, 31, 39, 13, 10, 27, 17, 39, 13, 11, 14, 0, 30, 39, 30, 33, 39, 19, 2, 21, 39, 35, 10, 22, 39, 27, 0, 18, 11, 37, 39, 30, 33, 31, 39, 13, 10, 20, 39, 4, 30, 39]
    PRED: [9, 2, 39, 27, 33, 31, 28, 39, 34, 4, 17, 39, 34, 3, 0, 30, 39, 30, 33, 39, 28, 2, 21, 39, 35, 10, 22, 39, 27, 11, 30, 11, 39, 9, 33, 31, 39, 13, 5, 39, 4, 30, 39]
    Edit distance: 15/46

============================================================
Batch 24000 | Val PER: 0.3462
============================================================
  Sample 0:
    TRUE: [31, 17, 0, 19, 27, 2, 28, 17, 39, 27, 17, 19, 2, 22, 28, 16, 8, 11, 8, 39]
    PRED: [35, 17, 2, 19, 28, 39, 27, 2, 30, 2, 8, 39]
    Edit distance: 12/20
  Sample 1:
    TRUE: [27, 16, 7, 39, 26, 11, 7, 2, 28, 30, 39, 28, 10, 34, 27, 2, 20, 39, 28, 5, 22, 8, 39, 20, 16, 31, 2, 14, 27, 1, 13, 28, 39]
    PRED: [35, 12, 19, 28, 39, 26, 11, 0, 29, 2, 8, 39, 10, 34, 2, 20, 39, 28, 5, 22, 8, 37, 39, 20, 16, 31, 9, 2, 39, 10, 13, 28, 39]
    Edit distance: 15/33
  Sample 2:
    TRUE: [28, 24, 39, 27, 33, 20, 37, 39, 35, 17, 39, 21, 12, 8, 39, 16, 22, 39, 2, 22, 2, 6, 1, 29, 30, 39, 19, 2, 20, 33, 38, 2, 22, 39]
    PRED: [9, 24, 39, 27, 17, 25, 20, 37, 39, 35, 17, 39, 21, 25, 8, 39, 16, 22, 39, 2, 22, 27, 1, 28, 39, 20, 33, 2, 22, 39]
    Edit distance: 11/34
  Sample 3:
    TRUE: [20, 3, 27, 17, 37, 39, 19, 0, 28, 30, 33, 21, 39, 22, 17, 8, 2, 8, 39, 6, 20, 1, 19, 39, 14, 20, 2, 34, 37, 39, 30, 33, 39, 6, 17, 39, 19, 2, 21, 26, 20, 17, 30, 20, 17, 39, 10, 20, 2, 14, 2, 22, 30, 39]
    PRED: [19, 27, 24, 39, 19, 28, 1, 21, 39, 22, 10, 8, 39, 6, 20, 1, 19, 39, 20, 2, 34, 37, 39, 30, 33, 39, 6, 17, 33, 39, 19, 2, 21, 26, 20, 30, 39, 1, 20, 2, 22, 39]
    Edit distance: 19/54
  Sample 4:
    TRUE: [9, 2, 39, 30, 33, 31, 39, 13, 10, 27, 17, 39, 13, 11, 14, 0, 30, 39, 30, 33, 39, 19, 2, 21, 39, 35, 10, 22, 39, 27, 0, 18, 11, 37, 39, 30, 33, 31, 39, 13, 10, 20, 39, 4, 30, 39]
    PRED: [9, 2, 39, 30, 27, 33, 31, 28, 39, 6, 10, 16, 17, 39, 6, 34, 3, 0, 0, 0, 39, 30, 33, 39, 28, 2, 21, 39, 35, 10, 22, 39, 27, 11, 0, 30, 11, 39, 9, 33, 31, 39, 13, 5, 20, 39, 4, 30, 39]
    Edit distance: 15/46

============================================================
Batch 24500 | Val PER: 0.3437
============================================================
  Sample 0:
    TRUE: [31, 17, 0, 19, 27, 2, 28, 17, 39, 27, 17, 19, 2, 22, 28, 16, 8, 11, 8, 39]
    PRED: [9, 2, 19, 28, 39, 27, 16, 30, 8, 39]
    Edit distance: 13/20
  Sample 1:
    TRUE: [27, 16, 7, 39, 26, 11, 7, 2, 28, 30, 39, 28, 10, 34, 27, 2, 20, 39, 28, 5, 22, 8, 39, 20, 16, 31, 2, 14, 27, 1, 13, 28, 39]
    PRED: [27, 10, 19, 28, 39, 26, 11, 1, 7, 29, 2, 8, 39, 10, 34, 20, 39, 28, 5, 22, 8, 37, 39, 20, 16, 31, 2, 10, 13, 28, 39]
    Edit distance: 14/33
  Sample 2:
    TRUE: [28, 24, 39, 27, 33, 20, 37, 39, 35, 17, 39, 21, 12, 8, 39, 16, 22, 39, 2, 22, 2, 6, 1, 29, 30, 39, 19, 2, 20, 33, 38, 2, 22, 39]
    PRED: [9, 33, 39, 27, 35, 25, 20, 37, 39, 35, 17, 39, 21, 2, 8, 39, 16, 22, 39, 2, 22, 2, 27, 1, 28, 39, 20, 33, 2, 22, 39]
    Edit distance: 11/34
  Sample 3:
    TRUE: [20, 3, 27, 17, 37, 39, 19, 0, 28, 30, 33, 21, 39, 22, 17, 8, 2, 8, 39, 6, 20, 1, 19, 39, 14, 20, 2, 34, 37, 39, 30, 33, 39, 6, 17, 39, 19, 2, 21, 26, 20, 17, 30, 20, 17, 39, 10, 20, 2, 14, 2, 22, 30, 39]
    PRED: [27, 24, 37, 17, 39, 1, 28, 21, 39, 22, 10, 8, 39, 21, 1, 19, 39, 20, 2, 34, 37, 39, 30, 33, 39, 21, 6, 17, 33, 39, 19, 2, 21, 26, 20, 30, 39, 1, 20, 20, 2, 22, 39]
    Edit distance: 23/54
  Sample 4:
    TRUE: [9, 2, 39, 30, 33, 31, 39, 13, 10, 27, 17, 39, 13, 11, 14, 0, 30, 39, 30, 33, 39, 19, 2, 21, 39, 35, 10, 22, 39, 27, 0, 18, 11, 37, 39, 30, 33, 31, 39, 13, 10, 20, 39, 4, 30, 39]
    PRED: [9, 2, 39, 27, 33, 31, 39, 34, 10, 17, 39, 34, 0, 19, 0, 19, 30, 39, 30, 33, 39, 28, 2, 21, 39, 35, 10, 22, 39, 27, 11, 30, 11, 37, 39, 9, 31, 33, 31, 39, 13, 5, 39, 4, 30, 39]
    Edit distance: 14/46

============================================================
Batch 25000 | Val PER: 0.3452
============================================================
  Sample 0:
    TRUE: [31, 17, 0, 19, 27, 2, 28, 17, 39, 27, 17, 19, 2, 22, 28, 16, 8, 11, 8, 39]
    PRED: [9, 17, 19, 28, 39, 27, 16, 14, 30, 2, 8, 39]
    Edit distance: 13/20
  Sample 1:
    TRUE: [27, 16, 7, 39, 26, 11, 7, 2, 28, 30, 39, 28, 10, 34, 27, 2, 20, 39, 28, 5, 22, 8, 39, 20, 16, 31, 2, 14, 27, 1, 13, 28, 39]
    PRED: [27, 10, 19, 28, 39, 26, 11, 1, 7, 29, 2, 8, 39, 10, 34, 2, 20, 39, 5, 22, 8, 39, 20, 16, 31, 9, 2, 39, 10, 13, 39]
    Edit distance: 15/33
  Sample 2:
    TRUE: [28, 24, 39, 27, 33, 20, 37, 39, 35, 17, 39, 21, 12, 8, 39, 16, 22, 39, 2, 22, 2, 6, 1, 29, 30, 39, 19, 2, 20, 33, 38, 2, 22, 39]
    PRED: [9, 24, 39, 27, 25, 20, 37, 39, 21, 17, 39, 21, 12, 8, 39, 16, 22, 39, 22, 27, 1, 29, 28, 30, 39, 20, 38, 2, 22, 39]
    Edit distance: 10/34
  Sample 3:
    TRUE: [20, 3, 27, 17, 37, 39, 19, 0, 28, 30, 33, 21, 39, 22, 17, 8, 2, 8, 39, 6, 20, 1, 19, 39, 14, 20, 2, 34, 37, 39, 30, 33, 39, 6, 17, 39, 19, 2, 21, 26, 20, 17, 30, 20, 17, 39, 10, 20, 2, 14, 2, 22, 30, 39]
    PRED: [27, 24, 17, 39, 1, 21, 34, 21, 39, 22, 10, 8, 39, 21, 0, 19, 39, 20, 2, 34, 37, 39, 30, 33, 39, 6, 17, 39, 2, 21, 26, 20, 39, 1, 20, 2, 20, 2, 30, 39]
    Edit distance: 24/54
  Sample 4:
    TRUE: [9, 2, 39, 30, 33, 31, 39, 13, 10, 27, 17, 39, 13, 11, 14, 0, 30, 39, 30, 33, 39, 19, 2, 21, 39, 35, 10, 22, 39, 27, 0, 18, 11, 37, 39, 30, 33, 31, 39, 13, 10, 20, 39, 4, 30, 39]
    PRED: [9, 2, 39, 36, 33, 31, 30, 39, 34, 16, 39, 34, 0, 0, 30, 39, 30, 33, 39, 28, 2, 21, 39, 35, 2, 22, 39, 27, 11, 30, 11, 39, 9, 33, 31, 39, 13, 12, 20, 39, 4, 30, 39]
    Edit distance: 16/46

============================================================
Batch 25500 | Val PER: 0.3429
============================================================
  Sample 0:
    TRUE: [31, 17, 0, 19, 27, 2, 28, 17, 39, 27, 17, 19, 2, 22, 28, 16, 8, 11, 8, 39]
    PRED: [9, 17, 0, 19, 28, 39, 27, 16, 30, 2, 8, 39]
    Edit distance: 11/20
  Sample 1:
    TRUE: [27, 16, 7, 39, 26, 11, 7, 2, 28, 30, 39, 28, 10, 34, 27, 2, 20, 39, 28, 5, 22, 8, 39, 20, 16, 31, 2, 14, 27, 1, 13, 28, 39]
    PRED: [27, 10, 19, 28, 39, 26, 11, 0, 7, 2, 8, 39, 10, 34, 20, 39, 28, 5, 22, 8, 39, 20, 16, 31, 9, 2, 39, 27, 10, 13, 39]
    Edit distance: 13/33
  Sample 2:
    TRUE: [28, 24, 39, 27, 33, 20, 37, 39, 35, 17, 39, 21, 12, 8, 39, 16, 22, 39, 2, 22, 2, 6, 1, 29, 30, 39, 19, 2, 20, 33, 38, 2, 22, 39]
    PRED: [9, 24, 39, 27, 17, 33, 20, 37, 39, 35, 17, 39, 21, 5, 8, 39, 16, 22, 39, 10, 22, 27, 1, 28, 39, 20, 38, 2, 22, 39]
    Edit distance: 11/34
  Sample 3:
    TRUE: [20, 3, 27, 17, 37, 39, 19, 0, 28, 30, 33, 21, 39, 22, 17, 8, 2, 8, 39, 6, 20, 1, 19, 39, 14, 20, 2, 34, 37, 39, 30, 33, 39, 6, 17, 39, 19, 2, 21, 26, 20, 17, 30, 20, 17, 39, 10, 20, 2, 14, 2, 22, 30, 39]
    PRED: [27, 24, 37, 17, 39, 1, 28, 21, 39, 22, 10, 8, 39, 21, 0, 19, 39, 20, 2, 34, 37, 39, 30, 33, 39, 6, 17, 33, 39, 19, 2, 26, 20, 30, 39, 1, 20, 22, 30, 39]
    Edit distance: 24/54
  Sample 4:
    TRUE: [9, 2, 39, 30, 33, 31, 39, 13, 10, 27, 17, 39, 13, 11, 14, 0, 30, 39, 30, 33, 39, 19, 2, 21, 39, 35, 10, 22, 39, 27, 0, 18, 11, 37, 39, 30, 33, 31, 39, 13, 10, 20, 39, 4, 30, 39]
    PRED: [9, 2, 39, 27, 33, 31, 28, 39, 34, 17, 39, 13, 3, 0, 19, 30, 39, 30, 33, 39, 28, 2, 21, 39, 35, 10, 22, 39, 27, 11, 0, 30, 11, 39, 31, 33, 31, 39, 13, 5, 39, 4, 30, 39]
    Edit distance: 15/46

============================================================
Batch 26000 | Val PER: 0.3433
============================================================
  Sample 0:
    TRUE: [31, 17, 0, 19, 27, 2, 28, 17, 39, 27, 17, 19, 2, 22, 28, 16, 8, 11, 8, 39]
    PRED: [9, 17, 0, 19, 28, 39, 27, 16, 30, 2, 8, 39]
    Edit distance: 11/20
  Sample 1:
    TRUE: [27, 16, 7, 39, 26, 11, 7, 2, 28, 30, 39, 28, 10, 34, 27, 2, 20, 39, 28, 5, 22, 8, 39, 20, 16, 31, 2, 14, 27, 1, 13, 28, 39]
    PRED: [35, 10, 28, 39, 26, 11, 0, 7, 2, 8, 39, 10, 34, 20, 39, 0, 22, 8, 39, 20, 16, 31, 9, 2, 10, 13, 39]
    Edit distance: 16/33
  Sample 2:
    TRUE: [28, 24, 39, 27, 33, 20, 37, 39, 35, 17, 39, 21, 12, 8, 39, 16, 22, 39, 2, 22, 2, 6, 1, 29, 30, 39, 19, 2, 20, 33, 38, 2, 22, 39]
    PRED: [9, 24, 39, 27, 17, 33, 20, 24, 37, 39, 35, 17, 39, 21, 25, 8, 39, 16, 22, 39, 10, 22, 34, 27, 1, 28, 39, 20, 2, 22, 39]
    Edit distance: 13/34
  Sample 3:
    TRUE: [20, 3, 27, 17, 37, 39, 19, 0, 28, 30, 33, 21, 39, 22, 17, 8, 2, 8, 39, 6, 20, 1, 19, 39, 14, 20, 2, 34, 37, 39, 30, 33, 39, 6, 17, 39, 19, 2, 21, 26, 20, 17, 30, 20, 17, 39, 10, 20, 2, 14, 2, 22, 30, 39]
    PRED: [19, 27, 24, 37, 39, 1, 28, 21, 39, 22, 10, 8, 39, 6, 20, 0, 19, 39, 20, 2, 34, 37, 39, 30, 33, 39, 6, 17, 33, 39, 2, 26, 20, 2, 39, 1, 20, 2, 22, 39]
    Edit distance: 23/54
  Sample 4:
    TRUE: [9, 2, 39, 30, 33, 31, 39, 13, 10, 27, 17, 39, 13, 11, 14, 0, 30, 39, 30, 33, 39, 19, 2, 21, 39, 35, 10, 22, 39, 27, 0, 18, 11, 37, 39, 30, 33, 31, 39, 13, 10, 20, 39, 4, 30, 39]
    PRED: [9, 2, 39, 27, 33, 31, 28, 39, 34, 10, 17, 39, 13, 0, 0, 39, 30, 33, 39, 28, 2, 21, 39, 35, 10, 22, 39, 35, 0, 30, 11, 39, 31, 33, 31, 39, 13, 10, 39, 4, 30, 39]
    Edit distance: 13/46

============================================================
Batch 26500 | Val PER: 0.3454
============================================================
  Sample 0:
    TRUE: [31, 17, 0, 19, 27, 2, 28, 17, 39, 27, 17, 19, 2, 22, 28, 16, 8, 11, 8, 39]
    PRED: [9, 17, 19, 28, 39, 27, 16, 30, 8, 39]
    Edit distance: 12/20
  Sample 1:
    TRUE: [27, 16, 7, 39, 26, 11, 7, 2, 28, 30, 39, 28, 10, 34, 27, 2, 20, 39, 28, 5, 22, 8, 39, 20, 16, 31, 2, 14, 27, 1, 13, 28, 39]
    PRED: [35, 12, 19, 28, 39, 26, 11, 0, 7, 29, 2, 8, 39, 10, 34, 20, 39, 5, 22, 8, 39, 20, 16, 31, 9, 2, 10, 13, 28, 39]
    Edit distance: 16/33
  Sample 2:
    TRUE: [28, 24, 39, 27, 33, 20, 37, 39, 35, 17, 39, 21, 12, 8, 39, 16, 22, 39, 2, 22, 2, 6, 1, 29, 30, 39, 19, 2, 20, 33, 38, 2, 22, 39]
    PRED: [9, 24, 39, 27, 17, 33, 20, 37, 39, 21, 17, 39, 21, 25, 8, 39, 16, 22, 39, 10, 22, 34, 27, 1, 28, 39, 19, 33, 20, 33, 2, 22, 39]
    Edit distance: 11/34
  Sample 3:
    TRUE: [20, 3, 27, 17, 37, 39, 19, 0, 28, 30, 33, 21, 39, 22, 17, 8, 2, 8, 39, 6, 20, 1, 19, 39, 14, 20, 2, 34, 37, 39, 30, 33, 39, 6, 17, 39, 19, 2, 21, 26, 20, 17, 30, 20, 17, 39, 10, 20, 2, 14, 2, 22, 30, 39]
    PRED: [19, 27, 24, 17, 39, 1, 28, 21, 39, 22, 12, 8, 39, 21, 1, 19, 39, 20, 2, 34, 37, 39, 30, 33, 39, 21, 6, 17, 33, 39, 2, 21, 26, 20, 2, 39, 1, 20, 2, 22, 30, 39]
    Edit distance: 24/54
  Sample 4:
    TRUE: [9, 2, 39, 30, 33, 31, 39, 13, 10, 27, 17, 39, 13, 11, 14, 0, 30, 39, 30, 33, 39, 19, 2, 21, 39, 35, 10, 22, 39, 27, 0, 18, 11, 37, 39, 30, 33, 31, 39, 13, 10, 20, 39, 4, 30, 39]
    PRED: [9, 2, 39, 30, 27, 33, 31, 28, 39, 34, 10, 17, 39, 13, 3, 19, 0, 39, 30, 33, 39, 28, 2, 21, 39, 35, 10, 22, 39, 27, 11, 30, 11, 39, 9, 33, 31, 39, 13, 10, 20, 20, 39, 4, 30, 39]
    Edit distance: 13/46

============================================================
Batch 27000 | Val PER: 0.3385
============================================================
  Sample 0:
    TRUE: [31, 17, 0, 19, 27, 2, 28, 17, 39, 27, 17, 19, 2, 22, 28, 16, 8, 11, 8, 39]
    PRED: [9, 17, 19, 28, 39, 27, 16, 30, 30, 8, 39]
    Edit distance: 12/20
  Sample 1:
    TRUE: [27, 16, 7, 39, 26, 11, 7, 2, 28, 30, 39, 28, 10, 34, 27, 2, 20, 39, 28, 5, 22, 8, 39, 20, 16, 31, 2, 14, 27, 1, 13, 28, 39]
    PRED: [30, 27, 10, 28, 19, 28, 39, 26, 11, 0, 7, 29, 2, 8, 39, 10, 34, 20, 39, 28, 5, 22, 8, 39, 20, 16, 28, 9, 2, 18, 14, 10, 13, 39]
    Edit distance: 18/33
  Sample 2:
    TRUE: [28, 24, 39, 27, 33, 20, 37, 39, 35, 17, 39, 21, 12, 8, 39, 16, 22, 39, 2, 22, 2, 6, 1, 29, 30, 39, 19, 2, 20, 33, 38, 2, 22, 39]
    PRED: [9, 24, 39, 27, 33, 20, 37, 39, 21, 17, 39, 21, 25, 8, 39, 16, 22, 39, 22, 27, 1, 28, 39, 20, 33, 2, 22, 39]
    Edit distance: 11/34
  Sample 3:
    TRUE: [20, 3, 27, 17, 37, 39, 19, 0, 28, 30, 33, 21, 39, 22, 17, 8, 2, 8, 39, 6, 20, 1, 19, 39, 14, 20, 2, 34, 37, 39, 30, 33, 39, 6, 17, 39, 19, 2, 21, 26, 20, 17, 30, 20, 17, 39, 10, 20, 2, 14, 2, 22, 30, 39]
    PRED: [27, 24, 17, 39, 28, 1, 28, 21, 39, 22, 10, 8, 39, 21, 0, 19, 39, 20, 2, 34, 37, 39, 30, 33, 39, 21, 6, 17, 33, 39, 2, 21, 26, 20, 30, 39, 1, 20, 2, 22, 39]
    Edit distance: 25/54
  Sample 4:
    TRUE: [9, 2, 39, 30, 33, 31, 39, 13, 10, 27, 17, 39, 13, 11, 14, 0, 30, 39, 30, 33, 39, 19, 2, 21, 39, 35, 10, 22, 39, 27, 0, 18, 11, 37, 39, 30, 33, 31, 39, 13, 10, 20, 39, 4, 30, 39]
    PRED: [9, 2, 39, 27, 33, 31, 30, 39, 34, 10, 17, 39, 13, 0, 30, 0, 39, 30, 33, 39, 28, 2, 21, 39, 35, 10, 22, 39, 27, 11, 30, 11, 39, 9, 31, 33, 31, 39, 13, 10, 39, 4, 30, 39]
    Edit distance: 14/46

============================================================
Batch 27500 | Val PER: 0.3377
============================================================
  Sample 0:
    TRUE: [31, 17, 0, 19, 27, 2, 28, 17, 39, 27, 17, 19, 2, 22, 28, 16, 8, 11, 8, 39]
    PRED: [9, 17, 0, 19, 28, 39, 8, 27, 16, 14, 30, 30, 8, 39]
    Edit distance: 13/20
  Sample 1:
    TRUE: [27, 16, 7, 39, 26, 11, 7, 2, 28, 30, 39, 28, 10, 34, 27, 2, 20, 39, 28, 5, 22, 8, 39, 20, 16, 31, 2, 14, 27, 1, 13, 28, 39]
    PRED: [27, 10, 19, 28, 39, 26, 11, 1, 7, 2, 8, 39, 10, 34, 20, 39, 28, 5, 22, 8, 39, 20, 16, 31, 9, 2, 14, 1, 13, 39]
    Edit distance: 12/33
  Sample 2:
    TRUE: [28, 24, 39, 27, 33, 20, 37, 39, 35, 17, 39, 21, 12, 8, 39, 16, 22, 39, 2, 22, 2, 6, 1, 29, 30, 39, 19, 2, 20, 33, 38, 2, 22, 39]
    PRED: [9, 24, 39, 27, 17, 33, 20, 37, 39, 21, 17, 39, 21, 25, 8, 39, 16, 22, 39, 0, 22, 27, 1, 28, 39, 19, 20, 33, 2, 22, 39]
    Edit distance: 11/34
  Sample 3:
    TRUE: [20, 3, 27, 17, 37, 39, 19, 0, 28, 30, 33, 21, 39, 22, 17, 8, 2, 8, 39, 6, 20, 1, 19, 39, 14, 20, 2, 34, 37, 39, 30, 33, 39, 6, 17, 39, 19, 2, 21, 26, 20, 17, 30, 20, 17, 39, 10, 20, 2, 14, 2, 22, 30, 39]
    PRED: [27, 11, 17, 39, 19, 1, 21, 39, 22, 10, 8, 39, 21, 0, 19, 39, 20, 2, 34, 8, 39, 30, 33, 39, 21, 6, 17, 33, 39, 2, 21, 26, 20, 30, 39, 1, 20, 2, 22, 39]
    Edit distance: 26/54
  Sample 4:
    TRUE: [9, 2, 39, 30, 33, 31, 39, 13, 10, 27, 17, 39, 13, 11, 14, 0, 30, 39, 30, 33, 39, 19, 2, 21, 39, 35, 10, 22, 39, 27, 0, 18, 11, 37, 39, 30, 33, 31, 39, 13, 10, 20, 39, 4, 30, 39]
    PRED: [9, 2, 39, 30, 27, 33, 31, 39, 34, 10, 17, 39, 13, 0, 19, 0, 30, 39, 30, 33, 39, 28, 2, 21, 39, 35, 10, 22, 39, 35, 11, 30, 11, 39, 31, 33, 31, 39, 13, 5, 39, 4, 30, 39]
    Edit distance: 13/46

============================================================
Batch 28000 | Val PER: 0.3395
============================================================
  Sample 0:
    TRUE: [31, 17, 0, 19, 27, 2, 28, 17, 39, 27, 17, 19, 2, 22, 28, 16, 8, 11, 8, 39]
    PRED: [9, 0, 19, 28, 39, 27, 16, 30, 30, 8, 39]
    Edit distance: 12/20
  Sample 1:
    TRUE: [27, 16, 7, 39, 26, 11, 7, 2, 28, 30, 39, 28, 10, 34, 27, 2, 20, 39, 28, 5, 22, 8, 39, 20, 16, 31, 2, 14, 27, 1, 13, 28, 39]
    PRED: [27, 10, 19, 30, 39, 26, 11, 0, 7, 29, 2, 8, 39, 10, 34, 20, 39, 5, 22, 8, 39, 20, 16, 31, 9, 2, 14, 10, 13, 39]
    Edit distance: 15/33
  Sample 2:
    TRUE: [28, 24, 39, 27, 33, 20, 37, 39, 35, 17, 39, 21, 12, 8, 39, 16, 22, 39, 2, 22, 2, 6, 1, 29, 30, 39, 19, 2, 20, 33, 38, 2, 22, 39]
    PRED: [9, 24, 39, 27, 17, 20, 24, 37, 39, 35, 17, 39, 21, 25, 8, 39, 16, 22, 39, 16, 22, 27, 1, 28, 39, 19, 33, 20, 33, 2, 22, 39]
    Edit distance: 11/34
  Sample 3:
    TRUE: [20, 3, 27, 17, 37, 39, 19, 0, 28, 30, 33, 21, 39, 22, 17, 8, 2, 8, 39, 6, 20, 1, 19, 39, 14, 20, 2, 34, 37, 39, 30, 33, 39, 6, 17, 39, 19, 2, 21, 26, 20, 17, 30, 20, 17, 39, 10, 20, 2, 14, 2, 22, 30, 39]
    PRED: [19, 27, 24, 17, 39, 1, 28, 21, 39, 22, 10, 8, 39, 21, 0, 19, 39, 20, 2, 34, 37, 39, 30, 33, 39, 21, 6, 17, 39, 19, 2, 21, 26, 20, 39, 1, 20, 2, 22, 39]
    Edit distance: 24/54
  Sample 4:
    TRUE: [9, 2, 39, 30, 33, 31, 39, 13, 10, 27, 17, 39, 13, 11, 14, 0, 30, 39, 30, 33, 39, 19, 2, 21, 39, 35, 10, 22, 39, 27, 0, 18, 11, 37, 39, 30, 33, 31, 39, 13, 10, 20, 39, 4, 30, 39]
    PRED: [9, 2, 39, 30, 27, 33, 31, 39, 34, 10, 39, 13, 0, 19, 0, 30, 39, 30, 33, 39, 28, 2, 21, 39, 35, 2, 22, 39, 27, 11, 8, 11, 37, 39, 31, 33, 31, 39, 13, 5, 39, 4, 30, 39]
    Edit distance: 13/46

============================================================
Batch 28500 | Val PER: 0.3362
============================================================
  Sample 0:
    TRUE: [31, 17, 0, 19, 27, 2, 28, 17, 39, 27, 17, 19, 2, 22, 28, 16, 8, 11, 8, 39]
    PRED: [9, 17, 0, 19, 28, 39, 8, 27, 16, 14, 30, 8, 39]
    Edit distance: 12/20
  Sample 1:
    TRUE: [27, 16, 7, 39, 26, 11, 7, 2, 28, 30, 39, 28, 10, 34, 27, 2, 20, 39, 28, 5, 22, 8, 39, 20, 16, 31, 2, 14, 27, 1, 13, 28, 39]
    PRED: [27, 10, 19, 30, 39, 26, 11, 1, 7, 2, 8, 39, 10, 34, 20, 39, 5, 22, 8, 39, 20, 16, 31, 9, 2, 14, 10, 13, 39]
    Edit distance: 14/33
  Sample 2:
    TRUE: [28, 24, 39, 27, 33, 20, 37, 39, 35, 17, 39, 21, 12, 8, 39, 16, 22, 39, 2, 22, 2, 6, 1, 29, 30, 39, 19, 2, 20, 33, 38, 2, 22, 39]
    PRED: [9, 24, 39, 27, 33, 25, 20, 24, 37, 39, 35, 17, 39, 21, 25, 8, 39, 16, 22, 39, 22, 28, 27, 1, 28, 39, 19, 24, 20, 33, 2, 22, 39]
    Edit distance: 11/34
  Sample 3:
    TRUE: [20, 3, 27, 17, 37, 39, 19, 0, 28, 30, 33, 21, 39, 22, 17, 8, 2, 8, 39, 6, 20, 1, 19, 39, 14, 20, 2, 34, 37, 39, 30, 33, 39, 6, 17, 39, 19, 2, 21, 26, 20, 17, 30, 20, 17, 39, 10, 20, 2, 14, 2, 22, 30, 39]
    PRED: [19, 27, 24, 39, 19, 28, 1, 28, 21, 39, 22, 10, 8, 39, 21, 27, 0, 19, 39, 20, 2, 34, 37, 39, 30, 33, 39, 21, 6, 17, 33, 39, 2, 26, 20, 30, 39, 1, 20, 2, 22, 39]
    Edit distance: 25/54
  Sample 4:
    TRUE: [9, 2, 39, 30, 33, 31, 39, 13, 10, 27, 17, 39, 13, 11, 14, 0, 30, 39, 30, 33, 39, 19, 2, 21, 39, 35, 10, 22, 39, 27, 0, 18, 11, 37, 39, 30, 33, 31, 39, 13, 10, 20, 39, 4, 30, 39]
    PRED: [9, 2, 39, 30, 27, 33, 31, 30, 39, 34, 10, 17, 39, 13, 0, 19, 0, 30, 39, 30, 33, 39, 28, 2, 21, 39, 35, 10, 22, 39, 35, 0, 11, 39, 31, 33, 31, 39, 13, 5, 39, 4, 30, 39]
    Edit distance: 13/46

============================================================
Batch 29000 | Val PER: 0.3350
============================================================
  Sample 0:
    TRUE: [31, 17, 0, 19, 27, 2, 28, 17, 39, 27, 17, 19, 2, 22, 28, 16, 8, 11, 8, 39]
    PRED: [9, 19, 28, 39, 8, 27, 16, 30, 30, 8, 39]
    Edit distance: 14/20
  Sample 1:
    TRUE: [27, 16, 7, 39, 26, 11, 7, 2, 28, 30, 39, 28, 10, 34, 27, 2, 20, 39, 28, 5, 22, 8, 39, 20, 16, 31, 2, 14, 27, 1, 13, 28, 39]
    PRED: [27, 10, 19, 30, 39, 26, 11, 0, 7, 29, 2, 8, 39, 10, 34, 20, 39, 0, 22, 8, 39, 20, 16, 31, 2, 14, 10, 13, 39]
    Edit distance: 15/33
  Sample 2:
    TRUE: [28, 24, 39, 27, 33, 20, 37, 39, 35, 17, 39, 21, 12, 8, 39, 16, 22, 39, 2, 22, 2, 6, 1, 29, 30, 39, 19, 2, 20, 33, 38, 2, 22, 39]
    PRED: [9, 24, 39, 27, 25, 20, 37, 39, 35, 17, 39, 21, 25, 8, 39, 16, 22, 39, 16, 22, 27, 1, 28, 39, 19, 24, 20, 33, 38, 2, 22, 39]
    Edit distance: 9/34
  Sample 3:
    TRUE: [20, 3, 27, 17, 37, 39, 19, 0, 28, 30, 33, 21, 39, 22, 17, 8, 2, 8, 39, 6, 20, 1, 19, 39, 14, 20, 2, 34, 37, 39, 30, 33, 39, 6, 17, 39, 19, 2, 21, 26, 20, 17, 30, 20, 17, 39, 10, 20, 2, 14, 2, 22, 30, 39]
    PRED: [19, 27, 24, 39, 1, 28, 21, 39, 22, 10, 8, 39, 21, 27, 0, 19, 39, 20, 2, 37, 39, 30, 33, 39, 21, 6, 17, 39, 19, 2, 21, 26, 20, 30, 39, 1, 20, 2, 22, 39]
    Edit distance: 24/54
  Sample 4:
    TRUE: [9, 2, 39, 30, 33, 31, 39, 13, 10, 27, 17, 39, 13, 11, 14, 0, 30, 39, 30, 33, 39, 19, 2, 21, 39, 35, 10, 22, 39, 27, 0, 18, 11, 37, 39, 30, 33, 31, 39, 13, 10, 20, 39, 4, 30, 39]
    PRED: [9, 2, 39, 30, 27, 33, 31, 39, 34, 16, 39, 34, 0, 19, 0, 39, 30, 33, 39, 28, 19, 2, 21, 39, 35, 10, 22, 39, 35, 0, 11, 37, 39, 31, 33, 31, 39, 10, 39, 4, 30, 39]
    Edit distance: 15/46

============================================================
Batch 29500 | Val PER: 0.3347
============================================================
  Sample 0:
    TRUE: [31, 17, 0, 19, 27, 2, 28, 17, 39, 27, 17, 19, 2, 22, 28, 16, 8, 11, 8, 39]
    PRED: [9, 17, 0, 19, 28, 39, 27, 16, 30, 8, 39]
    Edit distance: 11/20
  Sample 1:
    TRUE: [27, 16, 7, 39, 26, 11, 7, 2, 28, 30, 39, 28, 10, 34, 27, 2, 20, 39, 28, 5, 22, 8, 39, 20, 16, 31, 2, 14, 27, 1, 13, 28, 39]
    PRED: [27, 10, 19, 30, 39, 26, 11, 0, 7, 29, 2, 8, 39, 10, 34, 20, 39, 5, 8, 39, 20, 16, 31, 9, 1, 13, 39]
    Edit distance: 16/33
  Sample 2:
    TRUE: [28, 24, 39, 27, 33, 20, 37, 39, 35, 17, 39, 21, 12, 8, 39, 16, 22, 39, 2, 22, 2, 6, 1, 29, 30, 39, 19, 2, 20, 33, 38, 2, 22, 39]
    PRED: [9, 24, 39, 33, 20, 24, 39, 35, 17, 39, 21, 25, 8, 39, 16, 22, 39, 16, 22, 27, 1, 28, 39, 24, 20, 33, 2, 22, 39]
    Edit distance: 12/34
  Sample 3:
    TRUE: [20, 3, 27, 17, 37, 39, 19, 0, 28, 30, 33, 21, 39, 22, 17, 8, 2, 8, 39, 6, 20, 1, 19, 39, 14, 20, 2, 34, 37, 39, 30, 33, 39, 6, 17, 39, 19, 2, 21, 26, 20, 17, 30, 20, 17, 39, 10, 20, 2, 14, 2, 22, 30, 39]
    PRED: [27, 24, 39, 1, 28, 21, 39, 22, 10, 8, 39, 21, 0, 19, 39, 20, 2, 34, 8, 39, 30, 33, 39, 21, 6, 17, 33, 39, 19, 2, 21, 26, 20, 30, 39, 1, 20, 22, 39]
    Edit distance: 26/54
  Sample 4:
    TRUE: [9, 2, 39, 30, 33, 31, 39, 13, 10, 27, 17, 39, 13, 11, 14, 0, 30, 39, 30, 33, 39, 19, 2, 21, 39, 35, 10, 22, 39, 27, 0, 18, 11, 37, 39, 30, 33, 31, 39, 13, 10, 20, 39, 4, 30, 39]
    PRED: [9, 2, 39, 27, 33, 31, 30, 39, 34, 16, 39, 13, 0, 0, 39, 30, 33, 39, 28, 2, 21, 39, 35, 10, 22, 39, 35, 11, 11, 39, 9, 31, 33, 31, 39, 13, 10, 39, 4, 30, 39]
    Edit distance: 17/46

============================================================
Batch 30000 | Val PER: 0.3364
============================================================
  Sample 0:
    TRUE: [31, 17, 0, 19, 27, 2, 28, 17, 39, 27, 17, 19, 2, 22, 28, 16, 8, 11, 8, 39]
    PRED: [9, 17, 0, 19, 28, 39, 27, 16, 30, 8, 39]
    Edit distance: 11/20
  Sample 1:
    TRUE: [27, 16, 7, 39, 26, 11, 7, 2, 28, 30, 39, 28, 10, 34, 27, 2, 20, 39, 28, 5, 22, 8, 39, 20, 16, 31, 2, 14, 27, 1, 13, 28, 39]
    PRED: [27, 10, 19, 30, 39, 26, 11, 0, 29, 2, 8, 39, 10, 34, 2, 20, 39, 28, 5, 8, 39, 20, 16, 31, 2, 14, 10, 13, 39]
    Edit distance: 13/33
  Sample 2:
    TRUE: [28, 24, 39, 27, 33, 20, 37, 39, 35, 17, 39, 21, 12, 8, 39, 16, 22, 39, 2, 22, 2, 6, 1, 29, 30, 39, 19, 2, 20, 33, 38, 2, 22, 39]
    PRED: [9, 24, 39, 27, 33, 20, 24, 37, 39, 35, 17, 39, 21, 25, 8, 39, 16, 22, 39, 22, 27, 1, 28, 30, 39, 19, 24, 20, 33, 33, 38, 2, 22, 39]
    Edit distance: 9/34
  Sample 3:
    TRUE: [20, 3, 27, 17, 37, 39, 19, 0, 28, 30, 33, 21, 39, 22, 17, 8, 2, 8, 39, 6, 20, 1, 19, 39, 14, 20, 2, 34, 37, 39, 30, 33, 39, 6, 17, 39, 19, 2, 21, 26, 20, 17, 30, 20, 17, 39, 10, 20, 2, 14, 2, 22, 30, 39]
    PRED: [19, 27, 24, 37, 17, 39, 28, 1, 19, 28, 21, 39, 22, 10, 8, 39, 21, 27, 0, 19, 39, 20, 2, 30, 39, 30, 33, 39, 21, 6, 17, 33, 39, 19, 2, 21, 26, 20, 30, 39, 1, 20, 22, 39]
    Edit distance: 28/54
  Sample 4:
    TRUE: [9, 2, 39, 30, 33, 31, 39, 13, 10, 27, 17, 39, 13, 11, 14, 0, 30, 39, 30, 33, 39, 19, 2, 21, 39, 35, 10, 22, 39, 27, 0, 18, 11, 37, 39, 30, 33, 31, 39, 13, 10, 20, 39, 4, 30, 39]
    PRED: [9, 2, 39, 30, 27, 33, 31, 30, 39, 34, 16, 39, 13, 0, 19, 0, 30, 39, 30, 33, 39, 28, 2, 21, 39, 35, 10, 22, 39, 35, 11, 8, 11, 39, 31, 33, 31, 39, 13, 10, 39, 4, 30, 39]
    Edit distance: 15/46

============================================================
Batch 30500 | Val PER: 0.3328
============================================================
  Sample 0:
    TRUE: [31, 17, 0, 19, 27, 2, 28, 17, 39, 27, 17, 19, 2, 22, 28, 16, 8, 11, 8, 39]
    PRED: [9, 17, 19, 28, 39, 8, 27, 16, 30, 8, 39]
    Edit distance: 13/20
  Sample 1:
    TRUE: [27, 16, 7, 39, 26, 11, 7, 2, 28, 30, 39, 28, 10, 34, 27, 2, 20, 39, 28, 5, 22, 8, 39, 20, 16, 31, 2, 14, 27, 1, 13, 28, 39]
    PRED: [27, 10, 19, 28, 39, 26, 11, 1, 7, 29, 2, 8, 39, 10, 34, 20, 39, 28, 5, 22, 8, 39, 20, 16, 31, 9, 2, 39, 14, 1, 13, 30, 39]
    Edit distance: 14/33
  Sample 2:
    TRUE: [28, 24, 39, 27, 33, 20, 37, 39, 35, 17, 39, 21, 12, 8, 39, 16, 22, 39, 2, 22, 2, 6, 1, 29, 30, 39, 19, 2, 20, 33, 38, 2, 22, 39]
    PRED: [9, 24, 39, 27, 17, 20, 24, 37, 39, 21, 17, 39, 21, 25, 8, 39, 16, 22, 39, 10, 22, 27, 1, 28, 39, 19, 20, 33, 38, 2, 22, 39]
    Edit distance: 11/34
  Sample 3:
    TRUE: [20, 3, 27, 17, 37, 39, 19, 0, 28, 30, 33, 21, 39, 22, 17, 8, 2, 8, 39, 6, 20, 1, 19, 39, 14, 20, 2, 34, 37, 39, 30, 33, 39, 6, 17, 39, 19, 2, 21, 26, 20, 17, 30, 20, 17, 39, 10, 20, 2, 14, 2, 22, 30, 39]
    PRED: [19, 27, 24, 37, 17, 39, 1, 28, 21, 39, 22, 10, 8, 39, 21, 27, 0, 19, 39, 20, 2, 34, 37, 39, 30, 33, 39, 21, 6, 17, 39, 19, 2, 21, 26, 20, 30, 39, 1, 20, 22, 39]
    Edit distance: 24/54
  Sample 4:
    TRUE: [9, 2, 39, 30, 33, 31, 39, 13, 10, 27, 17, 39, 13, 11, 14, 0, 30, 39, 30, 33, 39, 19, 2, 21, 39, 35, 10, 22, 39, 27, 0, 18, 11, 37, 39, 30, 33, 31, 39, 13, 10, 20, 39, 4, 30, 39]
    PRED: [9, 2, 39, 30, 27, 33, 31, 30, 39, 34, 10, 27, 17, 39, 13, 0, 19, 0, 39, 30, 33, 39, 28, 2, 21, 39, 35, 10, 22, 39, 27, 11, 8, 11, 37, 39, 9, 33, 31, 39, 13, 10, 39, 4, 30, 39]
    Edit distance: 11/46

============================================================
Batch 31000 | Val PER: 0.3346
============================================================
  Sample 0:
    TRUE: [31, 17, 0, 19, 27, 2, 28, 17, 39, 27, 17, 19, 2, 22, 28, 16, 8, 11, 8, 39]
    PRED: [9, 17, 0, 19, 28, 39, 8, 27, 16, 30, 8, 39]
    Edit distance: 12/20
  Sample 1:
    TRUE: [27, 16, 7, 39, 26, 11, 7, 2, 28, 30, 39, 28, 10, 34, 27, 2, 20, 39, 28, 5, 22, 8, 39, 20, 16, 31, 2, 14, 27, 1, 13, 28, 39]
    PRED: [27, 10, 19, 30, 39, 26, 11, 0, 29, 2, 8, 39, 10, 34, 20, 39, 5, 22, 8, 39, 20, 16, 31, 9, 2, 39, 14, 10, 13, 39]
    Edit distance: 16/33
  Sample 2:
    TRUE: [28, 24, 39, 27, 33, 20, 37, 39, 35, 17, 39, 21, 12, 8, 39, 16, 22, 39, 2, 22, 2, 6, 1, 29, 30, 39, 19, 2, 20, 33, 38, 2, 22, 39]
    PRED: [9, 24, 39, 27, 17, 20, 24, 37, 39, 35, 17, 39, 21, 25, 8, 39, 16, 22, 39, 16, 22, 27, 1, 29, 30, 39, 19, 20, 38, 2, 22, 39]
    Edit distance: 9/34
  Sample 3:
    TRUE: [20, 3, 27, 17, 37, 39, 19, 0, 28, 30, 33, 21, 39, 22, 17, 8, 2, 8, 39, 6, 20, 1, 19, 39, 14, 20, 2, 34, 37, 39, 30, 33, 39, 6, 17, 39, 19, 2, 21, 26, 20, 17, 30, 20, 17, 39, 10, 20, 2, 14, 2, 22, 30, 39]
    PRED: [19, 27, 24, 37, 17, 39, 1, 28, 21, 39, 22, 10, 8, 39, 21, 27, 0, 19, 39, 20, 2, 37, 39, 30, 33, 39, 21, 6, 17, 39, 19, 2, 21, 26, 20, 30, 39, 1, 20, 2, 20, 2, 22, 39]
    Edit distance: 23/54
  Sample 4:
    TRUE: [9, 2, 39, 30, 33, 31, 39, 13, 10, 27, 17, 39, 13, 11, 14, 0, 30, 39, 30, 33, 39, 19, 2, 21, 39, 35, 10, 22, 39, 27, 0, 18, 11, 37, 39, 30, 33, 31, 39, 13, 10, 20, 39, 4, 30, 39]
    PRED: [9, 2, 39, 30, 27, 33, 31, 30, 39, 34, 10, 17, 39, 13, 3, 0, 19, 0, 30, 39, 30, 33, 39, 28, 2, 21, 39, 35, 2, 22, 39, 35, 11, 0, 8, 11, 37, 39, 9, 33, 31, 39, 5, 39, 4, 30, 39]
    Edit distance: 16/46

============================================================
Batch 31000 | Val PER: 0.3293
============================================================
  Sample 0:
    TRUE: [31, 17, 0, 19, 27, 2, 28, 17, 39, 27, 17, 19, 2, 22, 28, 16, 8, 11, 8, 39]
    PRED: [9, 17, 0, 19, 28, 39, 8, 16, 30, 30, 8, 39]
    Edit distance: 12/20
  Sample 1:
    TRUE: [27, 16, 7, 39, 26, 11, 7, 2, 28, 30, 39, 28, 10, 34, 27, 2, 20, 39, 28, 5, 22, 8, 39, 20, 16, 31, 2, 14, 27, 1, 13, 28, 39]
    PRED: [27, 10, 19, 30, 39, 26, 11, 0, 7, 2, 8, 39, 10, 34, 20, 39, 5, 22, 8, 39, 16, 28, 9, 2, 14, 1, 13, 39]
    Edit distance: 15/33
  Sample 2:
    TRUE: [28, 24, 39, 27, 33, 20, 37, 39, 35, 17, 39, 21, 12, 8, 39, 16, 22, 39, 2, 22, 2, 6, 1, 29, 30, 39, 19, 2, 20, 33, 38, 2, 22, 39]
    PRED: [9, 24, 39, 33, 20, 24, 37, 39, 17, 39, 21, 2, 8, 39, 16, 22, 39, 1, 22, 27, 1, 28, 39, 19, 24, 20, 38, 38, 2, 22, 39]
    Edit distance: 12/34
  Sample 3:
    TRUE: [20, 3, 27, 17, 37, 39, 19, 0, 28, 30, 33, 21, 39, 22, 17, 8, 2, 8, 39, 6, 20, 1, 19, 39, 14, 20, 2, 34, 37, 39, 30, 33, 39, 6, 17, 39, 19, 2, 21, 26, 20, 17, 30, 20, 17, 39, 10, 20, 2, 14, 2, 22, 30, 39]
    PRED: [19, 27, 24, 37, 17, 39, 1, 28, 21, 39, 22, 16, 8, 39, 21, 0, 19, 7, 39, 14, 2, 37, 39, 30, 33, 39, 21, 17, 39, 19, 2, 21, 26, 20, 30, 39, 1, 20, 2, 22, 39]
    Edit distance: 25/54
  Sample 4:
    TRUE: [9, 2, 39, 30, 33, 31, 39, 13, 10, 27, 17, 39, 13, 11, 14, 0, 30, 39, 30, 33, 39, 19, 2, 21, 39, 35, 10, 22, 39, 27, 0, 18, 11, 37, 39, 30, 33, 31, 39, 13, 10, 20, 39, 4, 30, 39]
    PRED: [9, 2, 39, 30, 27, 33, 31, 30, 39, 34, 17, 39, 13, 0, 0, 30, 39, 30, 33, 39, 28, 2, 21, 39, 35, 2, 22, 39, 35, 5, 8, 11, 39, 9, 33, 31, 39, 13, 5, 39, 4, 30, 39]
    Edit distance: 16/46

============================================================
Batch 31500 | Val PER: 0.3294
============================================================
  Sample 0:
    TRUE: [31, 17, 0, 19, 27, 2, 28, 17, 39, 27, 17, 19, 2, 22, 28, 16, 8, 11, 8, 39]
    PRED: [9, 17, 0, 19, 28, 39, 8, 16, 14, 30, 30, 8, 39]
    Edit distance: 13/20
  Sample 1:
    TRUE: [27, 16, 7, 39, 26, 11, 7, 2, 28, 30, 39, 28, 10, 34, 27, 2, 20, 39, 28, 5, 22, 8, 39, 20, 16, 31, 2, 14, 27, 1, 13, 28, 39]
    PRED: [27, 10, 19, 30, 39, 26, 11, 1, 29, 2, 8, 39, 10, 34, 20, 39, 0, 22, 8, 39, 20, 16, 31, 9, 2, 10, 13, 39]
    Edit distance: 17/33
  Sample 2:
    TRUE: [28, 24, 39, 27, 33, 20, 37, 39, 35, 17, 39, 21, 12, 8, 39, 16, 22, 39, 2, 22, 2, 6, 1, 29, 30, 39, 19, 2, 20, 33, 38, 2, 22, 39]
    PRED: [9, 24, 39, 33, 20, 24, 37, 39, 35, 5, 39, 21, 25, 8, 39, 16, 22, 39, 1, 22, 28, 27, 1, 28, 39, 19, 20, 33, 20, 33, 2, 22, 39]
    Edit distance: 13/34
  Sample 3:
    TRUE: [20, 3, 27, 17, 37, 39, 19, 0, 28, 30, 33, 21, 39, 22, 17, 8, 2, 8, 39, 6, 20, 1, 19, 39, 14, 20, 2, 34, 37, 39, 30, 33, 39, 6, 17, 39, 19, 2, 21, 26, 20, 17, 30, 20, 17, 39, 10, 20, 2, 14, 2, 22, 30, 39]
    PRED: [19, 27, 24, 39, 1, 19, 28, 21, 39, 22, 10, 8, 39, 21, 12, 19, 39, 20, 2, 34, 37, 39, 30, 33, 39, 21, 6, 17, 39, 19, 2, 21, 26, 20, 30, 39, 1, 20, 2, 22, 39]
    Edit distance: 23/54
  Sample 4:
    TRUE: [9, 2, 39, 30, 33, 31, 39, 13, 10, 27, 17, 39, 13, 11, 14, 0, 30, 39, 30, 33, 39, 19, 2, 21, 39, 35, 10, 22, 39, 27, 0, 18, 11, 37, 39, 30, 33, 31, 39, 13, 10, 20, 39, 4, 30, 39]
    PRED: [9, 2, 39, 30, 27, 33, 31, 30, 39, 6, 10, 39, 13, 0, 19, 0, 30, 8, 39, 30, 33, 39, 28, 2, 21, 39, 35, 10, 22, 39, 35, 11, 0, 11, 39, 9, 33, 31, 39, 13, 10, 39, 4, 30, 39]
    Edit distance: 15/46

============================================================
Batch 32000 | Val PER: 0.3301
============================================================
  Sample 0:
    TRUE: [31, 17, 0, 19, 27, 2, 28, 17, 39, 27, 17, 19, 2, 22, 28, 16, 8, 11, 8, 39]
    PRED: [9, 17, 19, 28, 39, 8, 27, 2, 14, 30, 30, 8, 39]
    Edit distance: 13/20
  Sample 1:
    TRUE: [27, 16, 7, 39, 26, 11, 7, 2, 28, 30, 39, 28, 10, 34, 27, 2, 20, 39, 28, 5, 22, 8, 39, 20, 16, 31, 2, 14, 27, 1, 13, 28, 39]
    PRED: [27, 10, 19, 28, 39, 26, 11, 0, 29, 2, 8, 39, 10, 34, 20, 39, 5, 22, 8, 39, 20, 16, 31, 9, 2, 10, 13, 28, 39]
    Edit distance: 15/33
  Sample 2:
    TRUE: [28, 24, 39, 27, 33, 20, 37, 39, 35, 17, 39, 21, 12, 8, 39, 16, 22, 39, 2, 22, 2, 6, 1, 29, 30, 39, 19, 2, 20, 33, 38, 2, 22, 39]
    PRED: [9, 24, 39, 33, 20, 37, 39, 35, 17, 39, 21, 25, 8, 39, 16, 22, 39, 16, 22, 27, 1, 28, 39, 19, 24, 20, 33, 38, 2, 22, 39]
    Edit distance: 9/34
  Sample 3:
    TRUE: [20, 3, 27, 17, 37, 39, 19, 0, 28, 30, 33, 21, 39, 22, 17, 8, 2, 8, 39, 6, 20, 1, 19, 39, 14, 20, 2, 34, 37, 39, 30, 33, 39, 6, 17, 39, 19, 2, 21, 26, 20, 17, 30, 20, 17, 39, 10, 20, 2, 14, 2, 22, 30, 39]
    PRED: [19, 27, 3, 37, 17, 39, 1, 19, 28, 21, 39, 22, 10, 8, 39, 21, 27, 1, 19, 39, 20, 2, 34, 37, 39, 30, 33, 39, 6, 17, 33, 39, 19, 2, 21, 26, 20, 30, 39, 1, 20, 2, 22, 39]
    Edit distance: 22/54
  Sample 4:
    TRUE: [9, 2, 39, 30, 33, 31, 39, 13, 10, 27, 17, 39, 13, 11, 14, 0, 30, 39, 30, 33, 39, 19, 2, 21, 39, 35, 10, 22, 39, 27, 0, 18, 11, 37, 39, 30, 33, 31, 39, 13, 10, 20, 39, 4, 30, 39]
    PRED: [9, 2, 39, 27, 33, 31, 30, 39, 34, 10, 16, 17, 39, 34, 35, 0, 19, 0, 30, 39, 30, 33, 39, 28, 2, 21, 39, 35, 2, 22, 39, 35, 0, 30, 11, 9, 33, 31, 39, 13, 5, 39, 4, 30, 39]
    Edit distance: 17/46

============================================================
Batch 32500 | Val PER: 0.3275
============================================================
  Sample 0:
    TRUE: [31, 17, 0, 19, 27, 2, 28, 17, 39, 27, 17, 19, 2, 22, 28, 16, 8, 11, 8, 39]
    PRED: [9, 17, 39, 19, 28, 39, 8, 27, 2, 14, 30, 30, 8, 39]
    Edit distance: 13/20
  Sample 1:
    TRUE: [27, 16, 7, 39, 26, 11, 7, 2, 28, 30, 39, 28, 10, 34, 27, 2, 20, 39, 28, 5, 22, 8, 39, 20, 16, 31, 2, 14, 27, 1, 13, 28, 39]
    PRED: [27, 10, 19, 28, 39, 26, 11, 0, 7, 2, 8, 39, 10, 34, 2, 20, 39, 0, 22, 8, 39, 20, 16, 31, 9, 2, 10, 13, 28, 39]
    Edit distance: 14/33
  Sample 2:
    TRUE: [28, 24, 39, 27, 33, 20, 37, 39, 35, 17, 39, 21, 12, 8, 39, 16, 22, 39, 2, 22, 2, 6, 1, 29, 30, 39, 19, 2, 20, 33, 38, 2, 22, 39]
    PRED: [9, 24, 39, 33, 20, 24, 37, 39, 35, 17, 39, 21, 25, 8, 39, 16, 22, 39, 22, 27, 1, 28, 39, 19, 20, 2, 22, 39]
    Edit distance: 12/34
  Sample 3:
    TRUE: [20, 3, 27, 17, 37, 39, 19, 0, 28, 30, 33, 21, 39, 22, 17, 8, 2, 8, 39, 6, 20, 1, 19, 39, 14, 20, 2, 34, 37, 39, 30, 33, 39, 6, 17, 39, 19, 2, 21, 26, 20, 17, 30, 20, 17, 39, 10, 20, 2, 14, 2, 22, 30, 39]
    PRED: [19, 27, 24, 37, 39, 15, 1, 28, 21, 39, 22, 10, 8, 39, 6, 27, 1, 19, 39, 20, 2, 34, 37, 39, 30, 33, 39, 6, 17, 33, 39, 19, 2, 26, 20, 30, 39, 1, 20, 2, 22, 39]
    Edit distance: 21/54
  Sample 4:
    TRUE: [9, 2, 39, 30, 33, 31, 39, 13, 10, 27, 17, 39, 13, 11, 14, 0, 30, 39, 30, 33, 39, 19, 2, 21, 39, 35, 10, 22, 39, 27, 0, 18, 11, 37, 39, 30, 33, 31, 39, 13, 10, 20, 39, 4, 30, 39]
    PRED: [9, 2, 39, 27, 33, 31, 39, 34, 10, 16, 17, 39, 13, 0, 19, 0, 39, 30, 33, 39, 28, 2, 21, 39, 35, 10, 22, 39, 27, 11, 0, 30, 11, 39, 9, 31, 33, 31, 39, 13, 10, 39, 4, 30, 39]
    Edit distance: 13/46

============================================================
Batch 33000 | Val PER: 0.3307
============================================================
  Sample 0:
    TRUE: [31, 17, 0, 19, 27, 2, 28, 17, 39, 27, 17, 19, 2, 22, 28, 16, 8, 11, 8, 39]
    PRED: [9, 17, 19, 28, 39, 8, 27, 16, 30, 8, 39]
    Edit distance: 13/20
  Sample 1:
    TRUE: [27, 16, 7, 39, 26, 11, 7, 2, 28, 30, 39, 28, 10, 34, 27, 2, 20, 39, 28, 5, 22, 8, 39, 20, 16, 31, 2, 14, 27, 1, 13, 28, 39]
    PRED: [30, 27, 10, 19, 28, 39, 26, 11, 0, 29, 2, 8, 39, 10, 34, 2, 20, 39, 0, 22, 8, 39, 20, 16, 31, 9, 2, 10, 13, 39]
    Edit distance: 17/33
  Sample 2:
    TRUE: [28, 24, 39, 27, 33, 20, 37, 39, 35, 17, 39, 21, 12, 8, 39, 16, 22, 39, 2, 22, 2, 6, 1, 29, 30, 39, 19, 2, 20, 33, 38, 2, 22, 39]
    PRED: [9, 24, 39, 33, 20, 24, 37, 39, 35, 17, 39, 21, 25, 8, 39, 16, 22, 39, 16, 22, 27, 1, 28, 39, 19, 33, 20, 33, 38, 2, 22, 39]
    Edit distance: 10/34
  Sample 3:
    TRUE: [20, 3, 27, 17, 37, 39, 19, 0, 28, 30, 33, 21, 39, 22, 17, 8, 2, 8, 39, 6, 20, 1, 19, 39, 14, 20, 2, 34, 37, 39, 30, 33, 39, 6, 17, 39, 19, 2, 21, 26, 20, 17, 30, 20, 17, 39, 10, 20, 2, 14, 2, 22, 30, 39]
    PRED: [19, 27, 24, 17, 39, 1, 21, 39, 22, 10, 8, 39, 21, 27, 0, 19, 39, 20, 2, 34, 37, 39, 30, 33, 39, 6, 17, 33, 39, 19, 2, 26, 20, 30, 39, 1, 20, 22, 39]
    Edit distance: 26/54
  Sample 4:
    TRUE: [9, 2, 39, 30, 33, 31, 39, 13, 10, 27, 17, 39, 13, 11, 14, 0, 30, 39, 30, 33, 39, 19, 2, 21, 39, 35, 10, 22, 39, 27, 0, 18, 11, 37, 39, 30, 33, 31, 39, 13, 10, 20, 39, 4, 30, 39]
    PRED: [9, 2, 39, 30, 27, 33, 31, 39, 34, 16, 39, 13, 0, 0, 39, 30, 33, 39, 28, 2, 21, 39, 35, 10, 22, 39, 27, 11, 0, 11, 37, 39, 9, 31, 33, 31, 39, 13, 10, 39, 4, 30, 39]
    Edit distance: 14/46

============================================================
Batch 33500 | Val PER: 0.3305
============================================================
  Sample 0:
    TRUE: [31, 17, 0, 19, 27, 2, 28, 17, 39, 27, 17, 19, 2, 22, 28, 16, 8, 11, 8, 39]
    PRED: [9, 17, 19, 28, 39, 8, 16, 2, 30, 8, 39]
    Edit distance: 13/20
  Sample 1:
    TRUE: [27, 16, 7, 39, 26, 11, 7, 2, 28, 30, 39, 28, 10, 34, 27, 2, 20, 39, 28, 5, 22, 8, 39, 20, 16, 31, 2, 14, 27, 1, 13, 28, 39]
    PRED: [27, 10, 19, 28, 39, 26, 11, 1, 29, 8, 39, 10, 34, 20, 39, 5, 22, 8, 39, 20, 16, 31, 9, 2, 18, 10, 13, 28, 39]
    Edit distance: 15/33
  Sample 2:
    TRUE: [28, 24, 39, 27, 33, 20, 37, 39, 35, 17, 39, 21, 12, 8, 39, 16, 22, 39, 2, 22, 2, 6, 1, 29, 30, 39, 19, 2, 20, 33, 38, 2, 22, 39]
    PRED: [9, 24, 39, 33, 20, 24, 37, 39, 35, 17, 39, 21, 25, 8, 39, 16, 22, 39, 1, 22, 27, 1, 28, 39, 20, 33, 2, 22, 39]
    Edit distance: 12/34
  Sample 3:
    TRUE: [20, 3, 27, 17, 37, 39, 19, 0, 28, 30, 33, 21, 39, 22, 17, 8, 2, 8, 39, 6, 20, 1, 19, 39, 14, 20, 2, 34, 37, 39, 30, 33, 39, 6, 17, 39, 19, 2, 21, 26, 20, 17, 30, 20, 17, 39, 10, 20, 2, 14, 2, 22, 30, 39]
    PRED: [27, 24, 39, 1, 21, 39, 22, 10, 8, 39, 21, 1, 19, 39, 20, 2, 37, 39, 30, 33, 39, 6, 17, 39, 19, 2, 21, 26, 20, 30, 39, 1, 20, 22, 39]
    Edit distance: 24/54
  Sample 4:
    TRUE: [9, 2, 39, 30, 33, 31, 39, 13, 10, 27, 17, 39, 13, 11, 14, 0, 30, 39, 30, 33, 39, 19, 2, 21, 39, 35, 10, 22, 39, 27, 0, 18, 11, 37, 39, 30, 33, 31, 39, 13, 10, 20, 39, 4, 30, 39]
    PRED: [9, 2, 39, 30, 27, 33, 31, 39, 13, 10, 16, 39, 13, 0, 19, 0, 39, 30, 33, 39, 28, 2, 21, 39, 35, 2, 22, 39, 35, 11, 39, 31, 33, 31, 39, 13, 12, 39, 4, 30, 39]
    Edit distance: 15/46

============================================================
Batch 34000 | Val PER: 0.3276
============================================================
  Sample 0:
    TRUE: [31, 17, 0, 19, 27, 2, 28, 17, 39, 27, 17, 19, 2, 22, 28, 16, 8, 11, 8, 39]
    PRED: [9, 17, 19, 28, 39, 8, 27, 2, 30, 8, 39]
    Edit distance: 13/20
  Sample 1:
    TRUE: [27, 16, 7, 39, 26, 11, 7, 2, 28, 30, 39, 28, 10, 34, 27, 2, 20, 39, 28, 5, 22, 8, 39, 20, 16, 31, 2, 14, 27, 1, 13, 28, 39]
    PRED: [27, 10, 19, 28, 39, 26, 11, 0, 7, 2, 8, 39, 24, 34, 20, 39, 5, 22, 8, 39, 20, 16, 31, 9, 2, 10, 13, 39]
    Edit distance: 16/33
  Sample 2:
    TRUE: [28, 24, 39, 27, 33, 20, 37, 39, 35, 17, 39, 21, 12, 8, 39, 16, 22, 39, 2, 22, 2, 6, 1, 29, 30, 39, 19, 2, 20, 33, 38, 2, 22, 39]
    PRED: [9, 24, 39, 33, 20, 24, 37, 39, 35, 5, 39, 21, 2, 8, 39, 16, 22, 39, 2, 22, 27, 1, 28, 39, 19, 20, 33, 38, 2, 22, 39]
    Edit distance: 10/34
  Sample 3:
    TRUE: [20, 3, 27, 17, 37, 39, 19, 0, 28, 30, 33, 21, 39, 22, 17, 8, 2, 8, 39, 6, 20, 1, 19, 39, 14, 20, 2, 34, 37, 39, 30, 33, 39, 6, 17, 39, 19, 2, 21, 26, 20, 17, 30, 20, 17, 39, 10, 20, 2, 14, 2, 22, 30, 39]
    PRED: [19, 27, 24, 39, 19, 1, 19, 21, 39, 22, 10, 8, 39, 21, 27, 1, 19, 39, 20, 2, 8, 39, 30, 33, 39, 6, 17, 39, 19, 2, 21, 26, 20, 30, 39, 1, 20, 2, 22, 39]
    Edit distance: 23/54
  Sample 4:
    TRUE: [9, 2, 39, 30, 33, 31, 39, 13, 10, 27, 17, 39, 13, 11, 14, 0, 30, 39, 30, 33, 39, 19, 2, 21, 39, 35, 10, 22, 39, 27, 0, 18, 11, 37, 39, 30, 33, 31, 39, 13, 10, 20, 39, 4, 30, 39]
    PRED: [9, 2, 39, 27, 33, 31, 39, 34, 39, 13, 3, 19, 0, 39, 30, 33, 39, 28, 2, 21, 39, 35, 10, 22, 39, 27, 35, 30, 11, 39, 9, 33, 31, 39, 13, 10, 39, 4, 30, 39]
    Edit distance: 14/46

============================================================
Batch 34500 | Val PER: 0.3241
============================================================
  Sample 0:
    TRUE: [31, 17, 0, 19, 27, 2, 28, 17, 39, 27, 17, 19, 2, 22, 28, 16, 8, 11, 8, 39]
    PRED: [9, 17, 39, 19, 28, 39, 8, 16, 30, 8, 39]
    Edit distance: 13/20
  Sample 1:
    TRUE: [27, 16, 7, 39, 26, 11, 7, 2, 28, 30, 39, 28, 10, 34, 27, 2, 20, 39, 28, 5, 22, 8, 39, 20, 16, 31, 2, 14, 27, 1, 13, 28, 39]
    PRED: [27, 10, 19, 28, 39, 26, 11, 1, 7, 2, 8, 39, 10, 34, 20, 39, 5, 22, 8, 39, 9, 16, 31, 9, 2, 14, 10, 13, 39]
    Edit distance: 15/33
  Sample 2:
    TRUE: [28, 24, 39, 27, 33, 20, 37, 39, 35, 17, 39, 21, 12, 8, 39, 16, 22, 39, 2, 22, 2, 6, 1, 29, 30, 39, 19, 2, 20, 33, 38, 2, 22, 39]
    PRED: [9, 24, 39, 25, 20, 24, 37, 39, 35, 17, 39, 21, 25, 8, 39, 16, 22, 39, 2, 22, 27, 1, 28, 30, 39, 19, 24, 20, 33, 38, 2, 22, 39]
    Edit distance: 9/34
  Sample 3:
    TRUE: [20, 3, 27, 17, 37, 39, 19, 0, 28, 30, 33, 21, 39, 22, 17, 8, 2, 8, 39, 6, 20, 1, 19, 39, 14, 20, 2, 34, 37, 39, 30, 33, 39, 6, 17, 39, 19, 2, 21, 26, 20, 17, 30, 20, 17, 39, 10, 20, 2, 14, 2, 22, 30, 39]
    PRED: [19, 27, 24, 17, 39, 19, 1, 19, 21, 39, 22, 10, 8, 39, 6, 21, 12, 19, 39, 14, 2, 8, 39, 30, 33, 39, 6, 17, 33, 39, 19, 2, 21, 26, 20, 30, 39, 1, 20, 22, 39]
    Edit distance: 25/54
  Sample 4:
    TRUE: [9, 2, 39, 30, 33, 31, 39, 13, 10, 27, 17, 39, 13, 11, 14, 0, 30, 39, 30, 33, 39, 19, 2, 21, 39, 35, 10, 22, 39, 27, 0, 18, 11, 37, 39, 30, 33, 31, 39, 13, 10, 20, 39, 4, 30, 39]
    PRED: [9, 2, 39, 27, 33, 31, 39, 34, 39, 13, 0, 19, 0, 30, 39, 30, 33, 39, 28, 2, 21, 39, 35, 2, 22, 39, 35, 11, 11, 39, 9, 33, 31, 39, 13, 5, 39, 4, 30, 39]
    Edit distance: 16/46

============================================================
Batch 35000 | Val PER: 0.3284
============================================================
  Sample 0:
    TRUE: [31, 17, 0, 19, 27, 2, 28, 17, 39, 27, 17, 19, 2, 22, 28, 16, 8, 11, 8, 39]
    PRED: [9, 39, 19, 28, 39, 8, 16, 30, 8, 39]
    Edit distance: 14/20
  Sample 1:
    TRUE: [27, 16, 7, 39, 26, 11, 7, 2, 28, 30, 39, 28, 10, 34, 27, 2, 20, 39, 28, 5, 22, 8, 39, 20, 16, 31, 2, 14, 27, 1, 13, 28, 39]
    PRED: [27, 10, 19, 28, 39, 26, 11, 1, 29, 2, 8, 39, 10, 34, 2, 20, 39, 5, 22, 8, 39, 16, 31, 9, 2, 10, 13, 28, 39]
    Edit distance: 15/33
  Sample 2:
    TRUE: [28, 24, 39, 27, 33, 20, 37, 39, 35, 17, 39, 21, 12, 8, 39, 16, 22, 39, 2, 22, 2, 6, 1, 29, 30, 39, 19, 2, 20, 33, 38, 2, 22, 39]
    PRED: [9, 24, 39, 25, 20, 24, 37, 39, 35, 17, 39, 21, 25, 8, 39, 16, 22, 39, 16, 22, 27, 1, 28, 30, 39, 19, 20, 38, 2, 22, 39]
    Edit distance: 11/34
  Sample 3:
    TRUE: [20, 3, 27, 17, 37, 39, 19, 0, 28, 30, 33, 21, 39, 22, 17, 8, 2, 8, 39, 6, 20, 1, 19, 39, 14, 20, 2, 34, 37, 39, 30, 33, 39, 6, 17, 39, 19, 2, 21, 26, 20, 17, 30, 20, 17, 39, 10, 20, 2, 14, 2, 22, 30, 39]
    PRED: [19, 27, 24, 37, 39, 19, 1, 21, 39, 22, 10, 8, 39, 21, 27, 1, 19, 39, 20, 2, 37, 39, 30, 33, 39, 21, 17, 33, 39, 19, 2, 26, 20, 30, 39, 1, 20, 2, 20, 2, 22, 39]
    Edit distance: 23/54
  Sample 4:
    TRUE: [9, 2, 39, 30, 33, 31, 39, 13, 10, 27, 17, 39, 13, 11, 14, 0, 30, 39, 30, 33, 39, 19, 2, 21, 39, 35, 10, 22, 39, 27, 0, 18, 11, 37, 39, 30, 33, 31, 39, 13, 10, 20, 39, 4, 30, 39]
    PRED: [9, 2, 39, 27, 33, 31, 39, 39, 13, 3, 0, 30, 39, 30, 33, 39, 28, 2, 21, 39, 35, 10, 22, 39, 27, 11, 11, 39, 31, 33, 31, 39, 13, 5, 20, 39, 4, 30, 39]
    Edit distance: 13/46

============================================================
Batch 35500 | Val PER: 0.3292
============================================================
  Sample 0:
    TRUE: [31, 17, 0, 19, 27, 2, 28, 17, 39, 27, 17, 19, 2, 22, 28, 16, 8, 11, 8, 39]
    PRED: [9, 17, 0, 19, 28, 39, 8, 16, 14, 30, 8, 39]
    Edit distance: 12/20
  Sample 1:
    TRUE: [27, 16, 7, 39, 26, 11, 7, 2, 28, 30, 39, 28, 10, 34, 27, 2, 20, 39, 28, 5, 22, 8, 39, 20, 16, 31, 2, 14, 27, 1, 13, 28, 39]
    PRED: [27, 10, 19, 28, 39, 26, 11, 0, 7, 2, 8, 39, 10, 34, 20, 39, 5, 22, 8, 39, 20, 16, 31, 9, 2, 10, 13, 28, 39]
    Edit distance: 14/33
  Sample 2:
    TRUE: [28, 24, 39, 27, 33, 20, 37, 39, 35, 17, 39, 21, 12, 8, 39, 16, 22, 39, 2, 22, 2, 6, 1, 29, 30, 39, 19, 2, 20, 33, 38, 2, 22, 39]
    PRED: [9, 24, 39, 25, 20, 24, 37, 39, 21, 17, 39, 21, 25, 8, 39, 16, 22, 39, 16, 22, 2, 27, 1, 28, 39, 20, 33, 2, 22, 39]
    Edit distance: 13/34
  Sample 3:
    TRUE: [20, 3, 27, 17, 37, 39, 19, 0, 28, 30, 33, 21, 39, 22, 17, 8, 2, 8, 39, 6, 20, 1, 19, 39, 14, 20, 2, 34, 37, 39, 30, 33, 39, 6, 17, 39, 19, 2, 21, 26, 20, 17, 30, 20, 17, 39, 10, 20, 2, 14, 2, 22, 30, 39]
    PRED: [27, 24, 17, 39, 19, 1, 19, 21, 39, 22, 10, 8, 39, 6, 27, 0, 19, 39, 20, 2, 34, 8, 39, 30, 33, 39, 6, 17, 33, 39, 19, 2, 26, 20, 30, 39, 1, 20, 2, 20, 2, 22, 39]
    Edit distance: 23/54
  Sample 4:
    TRUE: [9, 2, 39, 30, 33, 31, 39, 13, 10, 27, 17, 39, 13, 11, 14, 0, 30, 39, 30, 33, 39, 19, 2, 21, 39, 35, 10, 22, 39, 27, 0, 18, 11, 37, 39, 30, 33, 31, 39, 13, 10, 20, 39, 4, 30, 39]
    PRED: [9, 2, 39, 30, 27, 33, 31, 30, 39, 34, 10, 27, 17, 39, 13, 0, 19, 0, 39, 30, 33, 39, 28, 2, 21, 39, 35, 2, 22, 39, 27, 11, 8, 11, 39, 9, 31, 33, 31, 39, 13, 5, 39, 4, 30, 39]
    Edit distance: 15/46

============================================================
Batch 36000 | Val PER: 0.3283
============================================================
  Sample 0:
    TRUE: [31, 17, 0, 19, 27, 2, 28, 17, 39, 27, 17, 19, 2, 22, 28, 16, 8, 11, 8, 39]
    PRED: [9, 0, 19, 28, 39, 8, 16, 30, 8, 39]
    Edit distance: 13/20
  Sample 1:
    TRUE: [27, 16, 7, 39, 26, 11, 7, 2, 28, 30, 39, 28, 10, 34, 27, 2, 20, 39, 28, 5, 22, 8, 39, 20, 16, 31, 2, 14, 27, 1, 13, 28, 39]
    PRED: [27, 10, 19, 28, 39, 26, 11, 0, 7, 2, 8, 39, 24, 34, 2, 20, 39, 5, 22, 8, 39, 16, 31, 9, 2, 10, 13, 28, 39]
    Edit distance: 15/33
  Sample 2:
    TRUE: [28, 24, 39, 27, 33, 20, 37, 39, 35, 17, 39, 21, 12, 8, 39, 16, 22, 39, 2, 22, 2, 6, 1, 29, 30, 39, 19, 2, 20, 33, 38, 2, 22, 39]
    PRED: [9, 24, 39, 25, 20, 24, 37, 39, 35, 17, 39, 21, 25, 8, 39, 16, 22, 39, 2, 22, 27, 1, 28, 30, 39, 24, 20, 2, 22, 39]
    Edit distance: 12/34
  Sample 3:
    TRUE: [20, 3, 27, 17, 37, 39, 19, 0, 28, 30, 33, 21, 39, 22, 17, 8, 2, 8, 39, 6, 20, 1, 19, 39, 14, 20, 2, 34, 37, 39, 30, 33, 39, 6, 17, 39, 19, 2, 21, 26, 20, 17, 30, 20, 17, 39, 10, 20, 2, 14, 2, 22, 30, 39]
    PRED: [19, 27, 24, 37, 39, 19, 1, 19, 21, 39, 22, 10, 8, 39, 21, 27, 1, 19, 39, 20, 2, 34, 37, 39, 30, 33, 39, 6, 17, 33, 39, 19, 2, 21, 26, 20, 30, 39, 1, 20, 2, 22, 39]
    Edit distance: 21/54
  Sample 4:
    TRUE: [9, 2, 39, 30, 33, 31, 39, 13, 10, 27, 17, 39, 13, 11, 14, 0, 30, 39, 30, 33, 39, 19, 2, 21, 39, 35, 10, 22, 39, 27, 0, 18, 11, 37, 39, 30, 33, 31, 39, 13, 10, 20, 39, 4, 30, 39]
    PRED: [9, 2, 39, 30, 27, 33, 31, 30, 39, 34, 10, 39, 13, 0, 19, 0, 39, 30, 33, 39, 28, 2, 21, 39, 35, 10, 22, 39, 27, 11, 11, 31, 33, 31, 39, 13, 1, 39, 4, 30, 39]
    Edit distance: 16/46

============================================================
Batch 36500 | Val PER: 0.3265
============================================================
  Sample 0:
    TRUE: [31, 17, 0, 19, 27, 2, 28, 17, 39, 27, 17, 19, 2, 22, 28, 16, 8, 11, 8, 39]
    PRED: [9, 0, 28, 39, 8, 16, 30, 30, 2, 8, 39]
    Edit distance: 15/20
  Sample 1:
    TRUE: [27, 16, 7, 39, 26, 11, 7, 2, 28, 30, 39, 28, 10, 34, 27, 2, 20, 39, 28, 5, 22, 8, 39, 20, 16, 31, 2, 14, 27, 1, 13, 28, 39]
    PRED: [30, 27, 10, 19, 30, 28, 39, 26, 11, 7, 29, 2, 8, 39, 10, 34, 2, 20, 39, 8, 5, 22, 8, 39, 20, 16, 31, 9, 2, 14, 10, 13, 28, 39]
    Edit distance: 14/33
  Sample 2:
    TRUE: [28, 24, 39, 27, 33, 20, 37, 39, 35, 17, 39, 21, 12, 8, 39, 16, 22, 39, 2, 22, 2, 6, 1, 29, 30, 39, 19, 2, 20, 33, 38, 2, 22, 39]
    PRED: [9, 24, 39, 25, 20, 24, 37, 39, 35, 17, 39, 21, 25, 8, 39, 16, 22, 39, 2, 22, 27, 1, 28, 39, 19, 24, 20, 33, 38, 2, 22, 39]
    Edit distance: 10/34
  Sample 3:
    TRUE: [20, 3, 27, 17, 37, 39, 19, 0, 28, 30, 33, 21, 39, 22, 17, 8, 2, 8, 39, 6, 20, 1, 19, 39, 14, 20, 2, 34, 37, 39, 30, 33, 39, 6, 17, 39, 19, 2, 21, 26, 20, 17, 30, 20, 17, 39, 10, 20, 2, 14, 2, 22, 30, 39]
    PRED: [19, 27, 24, 37, 17, 39, 19, 1, 21, 39, 22, 10, 8, 39, 21, 27, 5, 19, 39, 14, 2, 34, 37, 39, 30, 33, 39, 6, 17, 39, 19, 2, 21, 26, 20, 30, 39, 1, 20, 2, 22, 39]
    Edit distance: 22/54
  Sample 4:
    TRUE: [9, 2, 39, 30, 33, 31, 39, 13, 10, 27, 17, 39, 13, 11, 14, 0, 30, 39, 30, 33, 39, 19, 2, 21, 39, 35, 10, 22, 39, 27, 0, 18, 11, 37, 39, 30, 33, 31, 39, 13, 10, 20, 39, 4, 30, 39]
    PRED: [9, 2, 39, 30, 27, 33, 31, 39, 34, 10, 27, 39, 13, 0, 0, 39, 30, 33, 39, 28, 2, 21, 39, 35, 2, 22, 39, 27, 35, 8, 11, 39, 9, 31, 33, 31, 39, 13, 5, 20, 20, 39, 4, 30, 39]
    Edit distance: 15/46

============================================================
Batch 37000 | Val PER: 0.3241
============================================================
  Sample 0:
    TRUE: [31, 17, 0, 19, 27, 2, 28, 17, 39, 27, 17, 19, 2, 22, 28, 16, 8, 11, 8, 39]
    PRED: [9, 17, 0, 19, 28, 39, 8, 16, 30, 8, 39]
    Edit distance: 12/20
  Sample 1:
    TRUE: [27, 16, 7, 39, 26, 11, 7, 2, 28, 30, 39, 28, 10, 34, 27, 2, 20, 39, 28, 5, 22, 8, 39, 20, 16, 31, 2, 14, 27, 1, 13, 28, 39]
    PRED: [7, 27, 10, 19, 28, 39, 26, 11, 0, 7, 2, 8, 39, 10, 1, 34, 2, 20, 39, 0, 22, 8, 39, 20, 16, 31, 9, 2, 14, 10, 13, 28, 39]
    Edit distance: 15/33
  Sample 2:
    TRUE: [28, 24, 39, 27, 33, 20, 37, 39, 35, 17, 39, 21, 12, 8, 39, 16, 22, 39, 2, 22, 2, 6, 1, 29, 30, 39, 19, 2, 20, 33, 38, 2, 22, 39]
    PRED: [9, 24, 39, 25, 20, 24, 37, 39, 35, 17, 39, 21, 25, 8, 39, 16, 22, 39, 2, 22, 27, 1, 28, 39, 20, 33, 38, 2, 22, 39]
    Edit distance: 11/34
  Sample 3:
    TRUE: [20, 3, 27, 17, 37, 39, 19, 0, 28, 30, 33, 21, 39, 22, 17, 8, 2, 8, 39, 6, 20, 1, 19, 39, 14, 20, 2, 34, 37, 39, 30, 33, 39, 6, 17, 39, 19, 2, 21, 26, 20, 17, 30, 20, 17, 39, 10, 20, 2, 14, 2, 22, 30, 39]
    PRED: [19, 27, 24, 37, 17, 39, 19, 1, 19, 28, 21, 39, 22, 16, 8, 39, 21, 1, 19, 39, 20, 2, 34, 37, 39, 30, 33, 39, 21, 6, 17, 39, 19, 2, 21, 26, 20, 30, 39, 1, 20, 2, 22, 39]
    Edit distance: 22/54
  Sample 4:
    TRUE: [9, 2, 39, 30, 33, 31, 39, 13, 10, 27, 17, 39, 13, 11, 14, 0, 30, 39, 30, 33, 39, 19, 2, 21, 39, 35, 10, 22, 39, 27, 0, 18, 11, 37, 39, 30, 33, 31, 39, 13, 10, 20, 39, 4, 30, 39]
    PRED: [9, 2, 39, 27, 33, 31, 39, 34, 10, 16, 39, 13, 0, 19, 0, 39, 30, 33, 39, 28, 2, 21, 39, 35, 2, 22, 39, 35, 11, 30, 11, 39, 31, 33, 31, 39, 13, 5, 20, 39, 4, 30, 39]
    Edit distance: 15/46

============================================================
Batch 37500 | Val PER: 0.3246
============================================================
  Sample 0:
    TRUE: [31, 17, 0, 19, 27, 2, 28, 17, 39, 27, 17, 19, 2, 22, 28, 16, 8, 11, 8, 39]
    PRED: [9, 17, 0, 19, 28, 39, 8, 16, 30, 8, 39]
    Edit distance: 12/20
  Sample 1:
    TRUE: [27, 16, 7, 39, 26, 11, 7, 2, 28, 30, 39, 28, 10, 34, 27, 2, 20, 39, 28, 5, 22, 8, 39, 20, 16, 31, 2, 14, 27, 1, 13, 28, 39]
    PRED: [30, 27, 10, 19, 28, 39, 26, 11, 0, 7, 2, 8, 39, 10, 34, 2, 20, 39, 28, 0, 22, 8, 39, 20, 16, 31, 9, 2, 14, 10, 13, 39]
    Edit distance: 14/33
  Sample 2:
    TRUE: [28, 24, 39, 27, 33, 20, 37, 39, 35, 17, 39, 21, 12, 8, 39, 16, 22, 39, 2, 22, 2, 6, 1, 29, 30, 39, 19, 2, 20, 33, 38, 2, 22, 39]
    PRED: [9, 24, 39, 25, 20, 24, 37, 39, 35, 17, 39, 21, 2, 8, 39, 16, 22, 39, 10, 22, 27, 1, 28, 30, 39, 19, 20, 2, 22, 39]
    Edit distance: 12/34
  Sample 3:
    TRUE: [20, 3, 27, 17, 37, 39, 19, 0, 28, 30, 33, 21, 39, 22, 17, 8, 2, 8, 39, 6, 20, 1, 19, 39, 14, 20, 2, 34, 37, 39, 30, 33, 39, 6, 17, 39, 19, 2, 21, 26, 20, 17, 30, 20, 17, 39, 10, 20, 2, 14, 2, 22, 30, 39]
    PRED: [19, 27, 3, 17, 39, 19, 1, 19, 21, 39, 22, 10, 8, 39, 21, 27, 0, 19, 39, 20, 2, 34, 8, 39, 30, 33, 39, 21, 6, 17, 33, 39, 19, 2, 26, 20, 30, 39, 1, 20, 2, 22, 39]
    Edit distance: 26/54
  Sample 4:
    TRUE: [9, 2, 39, 30, 33, 31, 39, 13, 10, 27, 17, 39, 13, 11, 14, 0, 30, 39, 30, 33, 39, 19, 2, 21, 39, 35, 10, 22, 39, 27, 0, 18, 11, 37, 39, 30, 33, 31, 39, 13, 10, 20, 39, 4, 30, 39]
    PRED: [9, 2, 39, 30, 27, 33, 31, 30, 39, 34, 16, 17, 39, 13, 0, 19, 0, 39, 30, 33, 39, 28, 2, 21, 39, 35, 2, 22, 39, 35, 11, 11, 9, 33, 31, 13, 39, 13, 5, 39, 4, 30, 39]
    Edit distance: 19/46

============================================================
Batch 38000 | Val PER: 0.3224
============================================================
  Sample 0:
    TRUE: [31, 17, 0, 19, 27, 2, 28, 17, 39, 27, 17, 19, 2, 22, 28, 16, 8, 11, 8, 39]
    PRED: [35, 17, 0, 19, 28, 39, 27, 16, 14, 30, 8, 39]
    Edit distance: 11/20
  Sample 1:
    TRUE: [27, 16, 7, 39, 26, 11, 7, 2, 28, 30, 39, 28, 10, 34, 27, 2, 20, 39, 28, 5, 22, 8, 39, 20, 16, 31, 2, 14, 27, 1, 13, 28, 39]
    PRED: [27, 10, 19, 30, 39, 26, 11, 0, 7, 2, 8, 39, 10, 34, 2, 20, 39, 0, 22, 8, 39, 20, 16, 31, 9, 2, 14, 10, 13, 28, 39]
    Edit distance: 13/33
  Sample 2:
    TRUE: [28, 24, 39, 27, 33, 20, 37, 39, 35, 17, 39, 21, 12, 8, 39, 16, 22, 39, 2, 22, 2, 6, 1, 29, 30, 39, 19, 2, 20, 33, 38, 2, 22, 39]
    PRED: [9, 24, 39, 17, 20, 24, 37, 39, 35, 17, 39, 21, 2, 8, 39, 16, 22, 39, 2, 22, 27, 1, 28, 39, 19, 20, 2, 22, 39]
    Edit distance: 12/34
  Sample 3:
    TRUE: [20, 3, 27, 17, 37, 39, 19, 0, 28, 30, 33, 21, 39, 22, 17, 8, 2, 8, 39, 6, 20, 1, 19, 39, 14, 20, 2, 34, 37, 39, 30, 33, 39, 6, 17, 39, 19, 2, 21, 26, 20, 17, 30, 20, 17, 39, 10, 20, 2, 14, 2, 22, 30, 39]
    PRED: [19, 27, 24, 17, 39, 19, 1, 19, 21, 39, 22, 10, 8, 39, 21, 27, 0, 19, 39, 14, 2, 34, 37, 39, 30, 33, 39, 21, 17, 39, 19, 2, 21, 26, 20, 30, 39, 1, 20, 2, 20, 2, 22, 39]
    Edit distance: 22/54
  Sample 4:
    TRUE: [9, 2, 39, 30, 33, 31, 39, 13, 10, 27, 17, 39, 13, 11, 14, 0, 30, 39, 30, 33, 39, 19, 2, 21, 39, 35, 10, 22, 39, 27, 0, 18, 11, 37, 39, 30, 33, 31, 39, 13, 10, 20, 39, 4, 30, 39]
    PRED: [9, 2, 39, 27, 33, 31, 30, 39, 34, 39, 13, 0, 19, 0, 39, 30, 33, 39, 28, 2, 21, 39, 35, 2, 22, 39, 27, 11, 11, 39, 31, 33, 31, 39, 13, 5, 39, 4, 30, 39]
    Edit distance: 17/46

============================================================
Batch 38500 | Val PER: 0.3255
============================================================
  Sample 0:
    TRUE: [31, 17, 0, 19, 27, 2, 28, 17, 39, 27, 17, 19, 2, 22, 28, 16, 8, 11, 8, 39]
    PRED: [35, 17, 0, 19, 28, 28, 39, 8, 16, 14, 30, 8, 39]
    Edit distance: 12/20
  Sample 1:
    TRUE: [27, 16, 7, 39, 26, 11, 7, 2, 28, 30, 39, 28, 10, 34, 27, 2, 20, 39, 28, 5, 22, 8, 39, 20, 16, 31, 2, 14, 27, 1, 13, 28, 39]
    PRED: [27, 10, 19, 28, 39, 26, 11, 0, 7, 29, 2, 8, 39, 10, 34, 20, 39, 0, 22, 8, 39, 20, 16, 31, 9, 2, 14, 18, 10, 13, 39]
    Edit distance: 16/33
  Sample 2:
    TRUE: [28, 24, 39, 27, 33, 20, 37, 39, 35, 17, 39, 21, 12, 8, 39, 16, 22, 39, 2, 22, 2, 6, 1, 29, 30, 39, 19, 2, 20, 33, 38, 2, 22, 39]
    PRED: [9, 24, 39, 17, 20, 24, 37, 39, 35, 17, 39, 21, 2, 8, 39, 16, 22, 39, 10, 22, 27, 1, 28, 39, 19, 20, 2, 22, 39]
    Edit distance: 13/34
  Sample 3:
    TRUE: [20, 3, 27, 17, 37, 39, 19, 0, 28, 30, 33, 21, 39, 22, 17, 8, 2, 8, 39, 6, 20, 1, 19, 39, 14, 20, 2, 34, 37, 39, 30, 33, 39, 6, 17, 39, 19, 2, 21, 26, 20, 17, 30, 20, 17, 39, 10, 20, 2, 14, 2, 22, 30, 39]
    PRED: [19, 27, 24, 17, 39, 19, 1, 21, 39, 22, 10, 8, 39, 21, 27, 1, 19, 39, 20, 2, 8, 39, 30, 33, 39, 6, 17, 39, 19, 2, 21, 26, 20, 30, 39, 1, 20, 2, 22, 39]
    Edit distance: 23/54
  Sample 4:
    TRUE: [9, 2, 39, 30, 33, 31, 39, 13, 10, 27, 17, 39, 13, 11, 14, 0, 30, 39, 30, 33, 39, 19, 2, 21, 39, 35, 10, 22, 39, 27, 0, 18, 11, 37, 39, 30, 33, 31, 39, 13, 10, 20, 39, 4, 30, 39]
    PRED: [9, 2, 39, 30, 27, 33, 31, 39, 34, 16, 17, 39, 13, 0, 19, 0, 39, 30, 33, 39, 28, 2, 21, 39, 35, 2, 22, 39, 27, 35, 30, 11, 31, 33, 31, 39, 13, 5, 20, 39, 4, 30, 39]
    Edit distance: 15/46

============================================================
Batch 39000 | Val PER: 0.3191
============================================================
  Sample 0:
    TRUE: [31, 17, 0, 19, 27, 2, 28, 17, 39, 27, 17, 19, 2, 22, 28, 16, 8, 11, 8, 39]
    PRED: [9, 17, 0, 19, 28, 39, 16, 30, 8, 39]
    Edit distance: 12/20
  Sample 1:
    TRUE: [27, 16, 7, 39, 26, 11, 7, 2, 28, 30, 39, 28, 10, 34, 27, 2, 20, 39, 28, 5, 22, 8, 39, 20, 16, 31, 2, 14, 27, 1, 13, 28, 39]
    PRED: [27, 10, 19, 28, 39, 26, 11, 0, 7, 2, 8, 39, 10, 34, 2, 20, 39, 5, 22, 8, 39, 20, 16, 31, 9, 2, 18, 10, 13, 28, 39]
    Edit distance: 13/33
  Sample 2:
    TRUE: [28, 24, 39, 27, 33, 20, 37, 39, 35, 17, 39, 21, 12, 8, 39, 16, 22, 39, 2, 22, 2, 6, 1, 29, 30, 39, 19, 2, 20, 33, 38, 2, 22, 39]
    PRED: [9, 24, 39, 17, 20, 24, 37, 39, 35, 17, 39, 21, 5, 8, 39, 16, 22, 39, 10, 22, 27, 1, 28, 39, 20, 2, 22, 39]
    Edit distance: 14/34
  Sample 3:
    TRUE: [20, 3, 27, 17, 37, 39, 19, 0, 28, 30, 33, 21, 39, 22, 17, 8, 2, 8, 39, 6, 20, 1, 19, 39, 14, 20, 2, 34, 37, 39, 30, 33, 39, 6, 17, 39, 19, 2, 21, 26, 20, 17, 30, 20, 17, 39, 10, 20, 2, 14, 2, 22, 30, 39]
    PRED: [27, 11, 17, 39, 19, 1, 19, 21, 39, 22, 12, 8, 39, 21, 27, 0, 19, 39, 20, 2, 37, 39, 30, 33, 39, 6, 17, 39, 19, 2, 21, 26, 20, 30, 39, 1, 20, 20, 2, 22, 39]
    Edit distance: 23/54
  Sample 4:
    TRUE: [9, 2, 39, 30, 33, 31, 39, 13, 10, 27, 17, 39, 13, 11, 14, 0, 30, 39, 30, 33, 39, 19, 2, 21, 39, 35, 10, 22, 39, 27, 0, 18, 11, 37, 39, 30, 33, 31, 39, 13, 10, 20, 39, 4, 30, 39]
    PRED: [9, 2, 39, 27, 33, 31, 39, 13, 10, 16, 39, 13, 0, 0, 39, 30, 33, 39, 28, 2, 21, 39, 35, 2, 22, 39, 35, 11, 11, 9, 33, 31, 39, 13, 10, 39, 4, 30, 39]
    Edit distance: 15/46

============================================================
Batch 39500 | Val PER: 0.3250
============================================================
  Sample 0:
    TRUE: [31, 17, 0, 19, 27, 2, 28, 17, 39, 27, 17, 19, 2, 22, 28, 16, 8, 11, 8, 39]
    PRED: [9, 17, 0, 19, 28, 39, 8, 16, 2, 30, 30, 2, 8, 39]
    Edit distance: 12/20
  Sample 1:
    TRUE: [27, 16, 7, 39, 26, 11, 7, 2, 28, 30, 39, 28, 10, 34, 27, 2, 20, 39, 28, 5, 22, 8, 39, 20, 16, 31, 2, 14, 27, 1, 13, 28, 39]
    PRED: [27, 35, 10, 19, 28, 39, 26, 11, 7, 2, 8, 39, 10, 34, 2, 20, 39, 28, 0, 22, 8, 39, 20, 16, 31, 9, 2, 14, 10, 13, 30, 39]
    Edit distance: 13/33
  Sample 2:
    TRUE: [28, 24, 39, 27, 33, 20, 37, 39, 35, 17, 39, 21, 12, 8, 39, 16, 22, 39, 2, 22, 2, 6, 1, 29, 30, 39, 19, 2, 20, 33, 38, 2, 22, 39]
    PRED: [9, 24, 39, 17, 20, 24, 37, 39, 35, 17, 39, 21, 25, 8, 39, 16, 22, 39, 2, 22, 27, 1, 28, 39, 24, 20, 33, 38, 2, 22, 39]
    Edit distance: 11/34
  Sample 3:
    TRUE: [20, 3, 27, 17, 37, 39, 19, 0, 28, 30, 33, 21, 39, 22, 17, 8, 2, 8, 39, 6, 20, 1, 19, 39, 14, 20, 2, 34, 37, 39, 30, 33, 39, 6, 17, 39, 19, 2, 21, 26, 20, 17, 30, 20, 17, 39, 10, 20, 2, 14, 2, 22, 30, 39]
    PRED: [27, 24, 37, 39, 19, 1, 19, 28, 21, 39, 22, 12, 8, 39, 6, 27, 0, 19, 39, 20, 2, 34, 37, 39, 30, 33, 39, 21, 6, 17, 39, 19, 2, 21, 26, 20, 30, 39, 1, 20, 2, 22, 39]
    Edit distance: 21/54
  Sample 4:
    TRUE: [9, 2, 39, 30, 33, 31, 39, 13, 10, 27, 17, 39, 13, 11, 14, 0, 30, 39, 30, 33, 39, 19, 2, 21, 39, 35, 10, 22, 39, 27, 0, 18, 11, 37, 39, 30, 33, 31, 39, 13, 10, 20, 39, 4, 30, 39]
    PRED: [9, 2, 39, 27, 33, 31, 39, 34, 10, 39, 13, 0, 0, 39, 30, 33, 39, 28, 2, 21, 39, 35, 2, 22, 39, 35, 11, 39, 9, 31, 33, 31, 39, 34, 39, 4, 30, 39]
    Edit distance: 18/46

============================================================
Batch 40000 | Val PER: 0.3257
============================================================
  Sample 0:
    TRUE: [31, 17, 0, 19, 27, 2, 28, 17, 39, 27, 17, 19, 2, 22, 28, 16, 8, 11, 8, 39]
    PRED: [35, 17, 0, 19, 28, 39, 27, 16, 14, 2, 30, 30, 8, 39]
    Edit distance: 11/20
  Sample 1:
    TRUE: [27, 16, 7, 39, 26, 11, 7, 2, 28, 30, 39, 28, 10, 34, 27, 2, 20, 39, 28, 5, 22, 8, 39, 20, 16, 31, 2, 14, 27, 1, 13, 28, 39]
    PRED: [27, 10, 19, 28, 39, 26, 11, 0, 7, 2, 8, 39, 10, 34, 2, 20, 39, 5, 22, 8, 39, 20, 16, 31, 9, 2, 14, 18, 10, 13, 28, 39]
    Edit distance: 12/33
  Sample 2:
    TRUE: [28, 24, 39, 27, 33, 20, 37, 39, 35, 17, 39, 21, 12, 8, 39, 16, 22, 39, 2, 22, 2, 6, 1, 29, 30, 39, 19, 2, 20, 33, 38, 2, 22, 39]
    PRED: [9, 24, 39, 25, 20, 24, 37, 39, 35, 17, 39, 21, 25, 8, 39, 16, 22, 39, 2, 22, 27, 1, 28, 39, 19, 20, 33, 33, 38, 38, 2, 22, 39]
    Edit distance: 12/34
  Sample 3:
    TRUE: [20, 3, 27, 17, 37, 39, 19, 0, 28, 30, 33, 21, 39, 22, 17, 8, 2, 8, 39, 6, 20, 1, 19, 39, 14, 20, 2, 34, 37, 39, 30, 33, 39, 6, 17, 39, 19, 2, 21, 26, 20, 17, 30, 20, 17, 39, 10, 20, 2, 14, 2, 22, 30, 39]
    PRED: [19, 27, 24, 37, 39, 19, 1, 19, 28, 21, 39, 22, 12, 8, 39, 21, 0, 19, 39, 14, 2, 34, 8, 39, 30, 33, 39, 21, 6, 17, 39, 19, 2, 21, 26, 20, 30, 39, 1, 20, 2, 22, 39]
    Edit distance: 23/54
  Sample 4:
    TRUE: [9, 2, 39, 30, 33, 31, 39, 13, 10, 27, 17, 39, 13, 11, 14, 0, 30, 39, 30, 33, 39, 19, 2, 21, 39, 35, 10, 22, 39, 27, 0, 18, 11, 37, 39, 30, 33, 31, 39, 13, 10, 20, 39, 4, 30, 39]
    PRED: [9, 2, 39, 30, 27, 33, 31, 30, 39, 34, 10, 39, 13, 0, 19, 0, 39, 30, 33, 39, 28, 2, 21, 39, 35, 2, 22, 39, 35, 11, 11, 39, 31, 33, 31, 39, 13, 12, 39, 4, 30, 39]
    Edit distance: 17/46

============================================================
Batch 40500 | Val PER: 0.3277
============================================================
  Sample 0:
    TRUE: [31, 17, 0, 19, 27, 2, 28, 17, 39, 27, 17, 19, 2, 22, 28, 16, 8, 11, 8, 39]
    PRED: [35, 17, 39, 0, 19, 28, 39, 27, 16, 30, 8, 39]
    Edit distance: 12/20
  Sample 1:
    TRUE: [27, 16, 7, 39, 26, 11, 7, 2, 28, 30, 39, 28, 10, 34, 27, 2, 20, 39, 28, 5, 22, 8, 39, 20, 16, 31, 2, 14, 27, 1, 13, 28, 39]
    PRED: [27, 35, 10, 19, 28, 39, 26, 11, 0, 7, 2, 8, 39, 10, 34, 20, 39, 8, 5, 22, 8, 39, 20, 16, 31, 9, 2, 14, 10, 13, 28, 39]
    Edit distance: 14/33
  Sample 2:
    TRUE: [28, 24, 39, 27, 33, 20, 37, 39, 35, 17, 39, 21, 12, 8, 39, 16, 22, 39, 2, 22, 2, 6, 1, 29, 30, 39, 19, 2, 20, 33, 38, 2, 22, 39]
    PRED: [9, 24, 39, 17, 20, 24, 37, 39, 17, 39, 21, 5, 8, 39, 16, 22, 39, 2, 22, 27, 1, 28, 30, 39, 24, 20, 33, 38, 2, 22, 39]
    Edit distance: 11/34
  Sample 3:
    TRUE: [20, 3, 27, 17, 37, 39, 19, 0, 28, 30, 33, 21, 39, 22, 17, 8, 2, 8, 39, 6, 20, 1, 19, 39, 14, 20, 2, 34, 37, 39, 30, 33, 39, 6, 17, 39, 19, 2, 21, 26, 20, 17, 30, 20, 17, 39, 10, 20, 2, 14, 2, 22, 30, 39]
    PRED: [27, 24, 37, 17, 39, 19, 15, 1, 19, 28, 21, 39, 22, 12, 8, 39, 21, 27, 0, 19, 39, 20, 2, 34, 37, 39, 30, 33, 39, 21, 6, 17, 39, 19, 2, 21, 26, 20, 30, 39, 1, 20, 2, 20, 2, 22, 39]
    Edit distance: 22/54
  Sample 4:
    TRUE: [9, 2, 39, 30, 33, 31, 39, 13, 10, 27, 17, 39, 13, 11, 14, 0, 30, 39, 30, 33, 39, 19, 2, 21, 39, 35, 10, 22, 39, 27, 0, 18, 11, 37, 39, 30, 33, 31, 39, 13, 10, 20, 39, 4, 30, 39]
    PRED: [9, 2, 39, 13, 27, 33, 31, 30, 39, 34, 10, 27, 39, 13, 0, 19, 0, 30, 39, 30, 33, 39, 28, 2, 21, 39, 35, 10, 22, 39, 35, 5, 8, 11, 37, 39, 31, 33, 31, 39, 13, 5, 39, 4, 30, 39]
    Edit distance: 14/46

============================================================
Batch 41000 | Val PER: 0.3212
============================================================
  Sample 0:
    TRUE: [31, 17, 0, 19, 27, 2, 28, 17, 39, 27, 17, 19, 2, 22, 28, 16, 8, 11, 8, 39]
    PRED: [9, 17, 19, 39, 27, 16, 14, 30, 8, 39]
    Edit distance: 13/20
  Sample 1:
    TRUE: [27, 16, 7, 39, 26, 11, 7, 2, 28, 30, 39, 28, 10, 34, 27, 2, 20, 39, 28, 5, 22, 8, 39, 20, 16, 31, 2, 14, 27, 1, 13, 28, 39]
    PRED: [27, 10, 19, 28, 39, 26, 11, 1, 7, 2, 8, 39, 10, 34, 2, 20, 39, 0, 22, 8, 39, 20, 16, 31, 9, 2, 10, 13, 28, 39]
    Edit distance: 14/33
  Sample 2:
    TRUE: [28, 24, 39, 27, 33, 20, 37, 39, 35, 17, 39, 21, 12, 8, 39, 16, 22, 39, 2, 22, 2, 6, 1, 29, 30, 39, 19, 2, 20, 33, 38, 2, 22, 39]
    PRED: [9, 24, 39, 17, 20, 24, 37, 39, 6, 17, 39, 21, 25, 8, 39, 16, 22, 39, 2, 22, 27, 1, 28, 29, 39, 19, 20, 33, 38, 2, 22, 39]
    Edit distance: 11/34
  Sample 3:
    TRUE: [20, 3, 27, 17, 37, 39, 19, 0, 28, 30, 33, 21, 39, 22, 17, 8, 2, 8, 39, 6, 20, 1, 19, 39, 14, 20, 2, 34, 37, 39, 30, 33, 39, 6, 17, 39, 19, 2, 21, 26, 20, 17, 30, 20, 17, 39, 10, 20, 2, 14, 2, 22, 30, 39]
    PRED: [19, 27, 24, 17, 39, 1, 19, 28, 21, 39, 22, 10, 8, 39, 21, 27, 1, 19, 39, 20, 2, 34, 37, 39, 30, 33, 39, 6, 17, 39, 19, 2, 21, 26, 20, 30, 39, 1, 20, 20, 2, 22, 39]
    Edit distance: 21/54
  Sample 4:
    TRUE: [9, 2, 39, 30, 33, 31, 39, 13, 10, 27, 17, 39, 13, 11, 14, 0, 30, 39, 30, 33, 39, 19, 2, 21, 39, 35, 10, 22, 39, 27, 0, 18, 11, 37, 39, 30, 33, 31, 39, 13, 10, 20, 39, 4, 30, 39]
    PRED: [9, 2, 39, 27, 33, 31, 39, 34, 10, 27, 39, 13, 3, 19, 0, 39, 30, 33, 39, 28, 2, 21, 39, 35, 2, 22, 39, 27, 2, 11, 9, 31, 33, 31, 39, 13, 39, 4, 30, 39]
    Edit distance: 15/46

============================================================
Batch 41500 | Val PER: 0.3232
============================================================
  Sample 0:
    TRUE: [31, 17, 0, 19, 27, 2, 28, 17, 39, 27, 17, 19, 2, 22, 28, 16, 8, 11, 8, 39]
    PRED: [9, 17, 0, 19, 28, 39, 27, 16, 14, 30, 8, 39]
    Edit distance: 11/20
  Sample 1:
    TRUE: [27, 16, 7, 39, 26, 11, 7, 2, 28, 30, 39, 28, 10, 34, 27, 2, 20, 39, 28, 5, 22, 8, 39, 20, 16, 31, 2, 14, 27, 1, 13, 28, 39]
    PRED: [27, 10, 19, 28, 39, 26, 11, 1, 7, 2, 8, 39, 10, 34, 2, 20, 39, 1, 22, 8, 37, 39, 20, 16, 31, 9, 2, 18, 14, 10, 28, 39]
    Edit distance: 16/33
  Sample 2:
    TRUE: [28, 24, 39, 27, 33, 20, 37, 39, 35, 17, 39, 21, 12, 8, 39, 16, 22, 39, 2, 22, 2, 6, 1, 29, 30, 39, 19, 2, 20, 33, 38, 2, 22, 39]
    PRED: [9, 24, 39, 33, 20, 24, 37, 39, 36, 17, 39, 21, 10, 8, 39, 16, 22, 39, 10, 22, 27, 1, 28, 39, 19, 20, 33, 38, 2, 22, 39]
    Edit distance: 11/34
  Sample 3:
    TRUE: [20, 3, 27, 17, 37, 39, 19, 0, 28, 30, 33, 21, 39, 22, 17, 8, 2, 8, 39, 6, 20, 1, 19, 39, 14, 20, 2, 34, 37, 39, 30, 33, 39, 6, 17, 39, 19, 2, 21, 26, 20, 17, 30, 20, 17, 39, 10, 20, 2, 14, 2, 22, 30, 39]
    PRED: [27, 24, 17, 39, 19, 1, 19, 28, 21, 39, 22, 10, 8, 39, 21, 27, 1, 19, 39, 20, 2, 34, 37, 39, 30, 33, 39, 21, 17, 39, 19, 2, 21, 26, 20, 30, 39, 1, 20, 22, 39]
    Edit distance: 23/54
  Sample 4:
    TRUE: [9, 2, 39, 30, 33, 31, 39, 13, 10, 27, 17, 39, 13, 11, 14, 0, 30, 39, 30, 33, 39, 19, 2, 21, 39, 35, 10, 22, 39, 27, 0, 18, 11, 37, 39, 30, 33, 31, 39, 13, 10, 20, 39, 4, 30, 39]
    PRED: [9, 2, 39, 13, 27, 33, 31, 39, 13, 10, 16, 39, 13, 3, 19, 0, 39, 30, 33, 39, 28, 2, 21, 39, 35, 10, 22, 39, 27, 5, 11, 39, 9, 31, 33, 31, 39, 13, 1, 20, 20, 39, 4, 30, 39]
    Edit distance: 15/46

============================================================
Batch 42000 | Val PER: 0.3248
============================================================
  Sample 0:
    TRUE: [31, 17, 0, 19, 27, 2, 28, 17, 39, 27, 17, 19, 2, 22, 28, 16, 8, 11, 8, 39]
    PRED: [9, 16, 17, 0, 19, 28, 39, 8, 16, 30, 2, 8, 39]
    Edit distance: 13/20
  Sample 1:
    TRUE: [27, 16, 7, 39, 26, 11, 7, 2, 28, 30, 39, 28, 10, 34, 27, 2, 20, 39, 28, 5, 22, 8, 39, 20, 16, 31, 2, 14, 27, 1, 13, 28, 39]
    PRED: [27, 10, 19, 28, 39, 26, 11, 7, 2, 8, 39, 10, 34, 2, 20, 39, 0, 22, 8, 39, 20, 16, 31, 9, 2, 18, 10, 28, 39]
    Edit distance: 14/33
  Sample 2:
    TRUE: [28, 24, 39, 27, 33, 20, 37, 39, 35, 17, 39, 21, 12, 8, 39, 16, 22, 39, 2, 22, 2, 6, 1, 29, 30, 39, 19, 2, 20, 33, 38, 2, 22, 39]
    PRED: [9, 24, 39, 27, 25, 20, 24, 37, 39, 35, 17, 39, 21, 25, 8, 39, 16, 22, 39, 2, 22, 27, 1, 28, 30, 39, 19, 20, 33, 33, 38, 2, 22, 39]
    Edit distance: 9/34
  Sample 3:
    TRUE: [20, 3, 27, 17, 37, 39, 19, 0, 28, 30, 33, 21, 39, 22, 17, 8, 2, 8, 39, 6, 20, 1, 19, 39, 14, 20, 2, 34, 37, 39, 30, 33, 39, 6, 17, 39, 19, 2, 21, 26, 20, 17, 30, 20, 17, 39, 10, 20, 2, 14, 2, 22, 30, 39]
    PRED: [19, 27, 24, 37, 17, 39, 1, 19, 21, 39, 22, 10, 8, 39, 21, 27, 0, 19, 39, 20, 2, 8, 39, 30, 33, 39, 21, 6, 17, 39, 19, 2, 21, 26, 20, 30, 39, 1, 20, 20, 2, 22, 39]
    Edit distance: 26/54
  Sample 4:
    TRUE: [9, 2, 39, 30, 33, 31, 39, 13, 10, 27, 17, 39, 13, 11, 14, 0, 30, 39, 30, 33, 39, 19, 2, 21, 39, 35, 10, 22, 39, 27, 0, 18, 11, 37, 39, 30, 33, 31, 39, 13, 10, 20, 39, 4, 30, 39]
    PRED: [9, 2, 39, 27, 33, 31, 39, 34, 10, 16, 39, 13, 0, 19, 0, 39, 30, 33, 39, 28, 19, 2, 21, 39, 35, 2, 22, 39, 27, 5, 0, 8, 11, 39, 9, 31, 33, 31, 39, 13, 1, 39, 4, 30, 39]
    Edit distance: 16/46

============================================================
Batch 42500 | Val PER: 0.3223
============================================================
  Sample 0:
    TRUE: [31, 17, 0, 19, 27, 2, 28, 17, 39, 27, 17, 19, 2, 22, 28, 16, 8, 11, 8, 39]
    PRED: [9, 17, 39, 0, 19, 28, 39, 8, 16, 14, 28, 30, 8, 39]
    Edit distance: 13/20
  Sample 1:
    TRUE: [27, 16, 7, 39, 26, 11, 7, 2, 28, 30, 39, 28, 10, 34, 27, 2, 20, 39, 28, 5, 22, 8, 39, 20, 16, 31, 2, 14, 27, 1, 13, 28, 39]
    PRED: [27, 10, 19, 28, 39, 26, 11, 7, 2, 8, 39, 10, 34, 2, 20, 39, 28, 5, 22, 8, 39, 16, 31, 2, 14, 10, 13, 28, 39]
    Edit distance: 10/33
  Sample 2:
    TRUE: [28, 24, 39, 27, 33, 20, 37, 39, 35, 17, 39, 21, 12, 8, 39, 16, 22, 39, 2, 22, 2, 6, 1, 29, 30, 39, 19, 2, 20, 33, 38, 2, 22, 39]
    PRED: [9, 24, 39, 17, 20, 24, 37, 39, 35, 17, 39, 21, 25, 8, 39, 16, 22, 39, 10, 22, 27, 1, 28, 30, 39, 19, 20, 2, 22, 39]
    Edit distance: 12/34
  Sample 3:
    TRUE: [20, 3, 27, 17, 37, 39, 19, 0, 28, 30, 33, 21, 39, 22, 17, 8, 2, 8, 39, 6, 20, 1, 19, 39, 14, 20, 2, 34, 37, 39, 30, 33, 39, 6, 17, 39, 19, 2, 21, 26, 20, 17, 30, 20, 17, 39, 10, 20, 2, 14, 2, 22, 30, 39]
    PRED: [19, 27, 24, 17, 39, 28, 1, 19, 21, 39, 22, 10, 8, 39, 21, 0, 19, 39, 20, 2, 34, 8, 39, 30, 33, 39, 21, 6, 17, 39, 19, 2, 21, 26, 20, 30, 39, 1, 20, 22, 39]
    Edit distance: 25/54
  Sample 4:
    TRUE: [9, 2, 39, 30, 33, 31, 39, 13, 10, 27, 17, 39, 13, 11, 14, 0, 30, 39, 30, 33, 39, 19, 2, 21, 39, 35, 10, 22, 39, 27, 0, 18, 11, 37, 39, 30, 33, 31, 39, 13, 10, 20, 39, 4, 30, 39]
    PRED: [9, 2, 39, 30, 27, 33, 31, 39, 16, 39, 13, 0, 19, 0, 39, 30, 33, 39, 28, 2, 21, 39, 35, 2, 22, 39, 27, 5, 0, 11, 39, 9, 31, 33, 31, 39, 5, 20, 39, 4, 30, 39]
    Edit distance: 17/46

============================================================
Batch 43000 | Val PER: 0.3251
============================================================
  Sample 0:
    TRUE: [31, 17, 0, 19, 27, 2, 28, 17, 39, 27, 17, 19, 2, 22, 28, 16, 8, 11, 8, 39]
    PRED: [9, 17, 0, 19, 28, 39, 27, 16, 14, 30, 8, 39]
    Edit distance: 11/20
  Sample 1:
    TRUE: [27, 16, 7, 39, 26, 11, 7, 2, 28, 30, 39, 28, 10, 34, 27, 2, 20, 39, 28, 5, 22, 8, 39, 20, 16, 31, 2, 14, 27, 1, 13, 28, 39]
    PRED: [27, 10, 19, 28, 39, 26, 11, 7, 2, 8, 39, 10, 34, 20, 39, 0, 22, 8, 39, 9, 20, 16, 31, 9, 2, 39, 18, 10, 13, 28, 39]
    Edit distance: 15/33
  Sample 2:
    TRUE: [28, 24, 39, 27, 33, 20, 37, 39, 35, 17, 39, 21, 12, 8, 39, 16, 22, 39, 2, 22, 2, 6, 1, 29, 30, 39, 19, 2, 20, 33, 38, 2, 22, 39]
    PRED: [9, 24, 39, 17, 20, 24, 37, 39, 36, 17, 39, 21, 12, 8, 39, 16, 22, 39, 1, 22, 27, 1, 28, 39, 19, 20, 33, 38, 2, 22, 39]
    Edit distance: 11/34
  Sample 3:
    TRUE: [20, 3, 27, 17, 37, 39, 19, 0, 28, 30, 33, 21, 39, 22, 17, 8, 2, 8, 39, 6, 20, 1, 19, 39, 14, 20, 2, 34, 37, 39, 30, 33, 39, 6, 17, 39, 19, 2, 21, 26, 20, 17, 30, 20, 17, 39, 10, 20, 2, 14, 2, 22, 30, 39]
    PRED: [27, 24, 17, 39, 1, 19, 21, 39, 22, 10, 8, 39, 21, 0, 19, 39, 20, 2, 13, 34, 8, 39, 30, 33, 39, 21, 17, 39, 19, 2, 21, 26, 20, 30, 39, 1, 20, 2, 22, 39]
    Edit distance: 26/54
  Sample 4:
    TRUE: [9, 2, 39, 30, 33, 31, 39, 13, 10, 27, 17, 39, 13, 11, 14, 0, 30, 39, 30, 33, 39, 19, 2, 21, 39, 35, 10, 22, 39, 27, 0, 18, 11, 37, 39, 30, 33, 31, 39, 13, 10, 20, 39, 4, 30, 39]
    PRED: [9, 2, 39, 27, 33, 31, 39, 34, 10, 16, 27, 39, 13, 0, 19, 0, 39, 30, 33, 39, 28, 19, 2, 21, 39, 35, 2, 22, 39, 27, 35, 0, 11, 39, 9, 31, 33, 31, 39, 13, 10, 20, 20, 39, 4, 30, 39]
    Edit distance: 15/46

============================================================
Batch 43500 | Val PER: 0.3246
============================================================
  Sample 0:
    TRUE: [31, 17, 0, 19, 27, 2, 28, 17, 39, 27, 17, 19, 2, 22, 28, 16, 8, 11, 8, 39]
    PRED: [17, 0, 19, 28, 39, 8, 16, 2, 14, 0, 30, 8, 39]
    Edit distance: 12/20
  Sample 1:
    TRUE: [27, 16, 7, 39, 26, 11, 7, 2, 28, 30, 39, 28, 10, 34, 27, 2, 20, 39, 28, 5, 22, 8, 39, 20, 16, 31, 2, 14, 27, 1, 13, 28, 39]
    PRED: [27, 10, 19, 28, 39, 26, 11, 1, 7, 2, 8, 39, 10, 34, 2, 20, 39, 28, 0, 22, 8, 37, 39, 20, 16, 31, 2, 14, 10, 13, 28, 39]
    Edit distance: 12/33
  Sample 2:
    TRUE: [28, 24, 39, 27, 33, 20, 37, 39, 35, 17, 39, 21, 12, 8, 39, 16, 22, 39, 2, 22, 2, 6, 1, 29, 30, 39, 19, 2, 20, 33, 38, 2, 22, 39]
    PRED: [9, 24, 39, 17, 20, 24, 37, 39, 35, 17, 39, 21, 10, 8, 39, 16, 22, 39, 10, 22, 2, 27, 1, 28, 30, 39, 19, 24, 20, 33, 33, 38, 38, 2, 22, 39]
    Edit distance: 11/34
  Sample 3:
    TRUE: [20, 3, 27, 17, 37, 39, 19, 0, 28, 30, 33, 21, 39, 22, 17, 8, 2, 8, 39, 6, 20, 1, 19, 39, 14, 20, 2, 34, 37, 39, 30, 33, 39, 6, 17, 39, 19, 2, 21, 26, 20, 17, 30, 20, 17, 39, 10, 20, 2, 14, 2, 22, 30, 39]
    PRED: [19, 27, 24, 17, 39, 19, 1, 19, 21, 39, 22, 10, 8, 39, 21, 27, 0, 19, 39, 20, 2, 13, 8, 39, 30, 33, 39, 6, 17, 39, 19, 2, 26, 20, 30, 39, 1, 20, 2, 20, 10, 22, 39]
    Edit distance: 25/54
  Sample 4:
    TRUE: [9, 2, 39, 30, 33, 31, 39, 13, 10, 27, 17, 39, 13, 11, 14, 0, 30, 39, 30, 33, 39, 19, 2, 21, 39, 35, 10, 22, 39, 27, 0, 18, 11, 37, 39, 30, 33, 31, 39, 13, 10, 20, 39, 4, 30, 39]
    PRED: [9, 2, 39, 27, 33, 31, 30, 39, 34, 10, 16, 39, 13, 0, 19, 0, 30, 39, 30, 33, 39, 28, 19, 2, 21, 39, 35, 2, 22, 39, 27, 35, 0, 8, 11, 39, 31, 33, 31, 39, 13, 1, 20, 39, 4, 30, 39]
    Edit distance: 14/46

============================================================
Batch 44000 | Val PER: 0.3222
============================================================
  Sample 0:
    TRUE: [31, 17, 0, 19, 27, 2, 28, 17, 39, 27, 17, 19, 2, 22, 28, 16, 8, 11, 8, 39]
    PRED: [9, 17, 0, 19, 28, 39, 8, 16, 2, 14, 30, 8, 39]
    Edit distance: 12/20
  Sample 1:
    TRUE: [27, 16, 7, 39, 26, 11, 7, 2, 28, 30, 39, 28, 10, 34, 27, 2, 20, 39, 28, 5, 22, 8, 39, 20, 16, 31, 2, 14, 27, 1, 13, 28, 39]
    PRED: [27, 10, 19, 28, 39, 26, 11, 0, 7, 2, 8, 39, 10, 34, 20, 39, 0, 22, 8, 39, 20, 16, 31, 2, 14, 27, 10, 13, 28, 39]
    Edit distance: 12/33
  Sample 2:
    TRUE: [28, 24, 39, 27, 33, 20, 37, 39, 35, 17, 39, 21, 12, 8, 39, 16, 22, 39, 2, 22, 2, 6, 1, 29, 30, 39, 19, 2, 20, 33, 38, 2, 22, 39]
    PRED: [9, 24, 39, 25, 20, 24, 37, 39, 36, 5, 39, 21, 5, 8, 39, 16, 22, 39, 2, 22, 27, 1, 28, 39, 19, 24, 20, 33, 38, 2, 22, 39]
    Edit distance: 12/34
  Sample 3:
    TRUE: [20, 3, 27, 17, 37, 39, 19, 0, 28, 30, 33, 21, 39, 22, 17, 8, 2, 8, 39, 6, 20, 1, 19, 39, 14, 20, 2, 34, 37, 39, 30, 33, 39, 6, 17, 39, 19, 2, 21, 26, 20, 17, 30, 20, 17, 39, 10, 20, 2, 14, 2, 22, 30, 39]
    PRED: [27, 24, 17, 39, 1, 19, 28, 21, 39, 22, 10, 8, 39, 21, 27, 0, 19, 39, 14, 2, 8, 39, 30, 33, 39, 21, 17, 39, 19, 2, 26, 20, 30, 39, 1, 20, 2, 20, 22, 39]
    Edit distance: 26/54
  Sample 4:
    TRUE: [9, 2, 39, 30, 33, 31, 39, 13, 10, 27, 17, 39, 13, 11, 14, 0, 30, 39, 30, 33, 39, 19, 2, 21, 39, 35, 10, 22, 39, 27, 0, 18, 11, 37, 39, 30, 33, 31, 39, 13, 10, 20, 39, 4, 30, 39]
    PRED: [9, 2, 39, 27, 33, 31, 39, 27, 39, 13, 0, 30, 39, 30, 33, 39, 28, 2, 21, 39, 35, 2, 22, 39, 27, 5, 0, 8, 11, 39, 9, 31, 33, 31, 39, 13, 12, 20, 39, 4, 30, 39]
    Edit distance: 14/46

============================================================
Batch 44500 | Val PER: 0.3223
============================================================
  Sample 0:
    TRUE: [31, 17, 0, 19, 27, 2, 28, 17, 39, 27, 17, 19, 2, 22, 28, 16, 8, 11, 8, 39]
    PRED: [9, 17, 19, 28, 28, 39, 8, 16, 2, 14, 30, 8, 39]
    Edit distance: 13/20
  Sample 1:
    TRUE: [27, 16, 7, 39, 26, 11, 7, 2, 28, 30, 39, 28, 10, 34, 27, 2, 20, 39, 28, 5, 22, 8, 39, 20, 16, 31, 2, 14, 27, 1, 13, 28, 39]
    PRED: [27, 10, 7, 30, 28, 39, 26, 11, 7, 2, 8, 39, 10, 34, 20, 39, 5, 22, 8, 39, 20, 16, 31, 9, 2, 14, 18, 10, 13, 28, 39]
    Edit distance: 12/33
  Sample 2:
    TRUE: [28, 24, 39, 27, 33, 20, 37, 39, 35, 17, 39, 21, 12, 8, 39, 16, 22, 39, 2, 22, 2, 6, 1, 29, 30, 39, 19, 2, 20, 33, 38, 2, 22, 39]
    PRED: [9, 24, 39, 25, 20, 37, 39, 35, 17, 39, 21, 10, 8, 39, 16, 22, 39, 2, 22, 27, 1, 28, 39, 19, 24, 20, 2, 22, 39]
    Edit distance: 11/34
  Sample 3:
    TRUE: [20, 3, 27, 17, 37, 39, 19, 0, 28, 30, 33, 21, 39, 22, 17, 8, 2, 8, 39, 6, 20, 1, 19, 39, 14, 20, 2, 34, 37, 39, 30, 33, 39, 6, 17, 39, 19, 2, 21, 26, 20, 17, 30, 20, 17, 39, 10, 20, 2, 14, 2, 22, 30, 39]
    PRED: [27, 24, 37, 17, 39, 1, 21, 39, 22, 10, 8, 39, 21, 27, 1, 19, 39, 14, 2, 34, 37, 39, 30, 33, 39, 21, 17, 39, 19, 2, 21, 26, 20, 30, 39, 1, 20, 20, 2, 22, 30, 39]
    Edit distance: 22/54
  Sample 4:
    TRUE: [9, 2, 39, 30, 33, 31, 39, 13, 10, 27, 17, 39, 13, 11, 14, 0, 30, 39, 30, 33, 39, 19, 2, 21, 39, 35, 10, 22, 39, 27, 0, 18, 11, 37, 39, 30, 33, 31, 39, 13, 10, 20, 39, 4, 30, 39]
    PRED: [9, 2, 39, 27, 33, 31, 39, 34, 27, 39, 13, 0, 0, 39, 30, 33, 39, 28, 2, 21, 39, 35, 10, 22, 39, 27, 5, 0, 11, 39, 31, 33, 31, 39, 13, 12, 20, 20, 39, 4, 30, 39]
    Edit distance: 14/46

============================================================
Batch 45000 | Val PER: 0.3203
============================================================
  Sample 0:
    TRUE: [31, 17, 0, 19, 27, 2, 28, 17, 39, 27, 17, 19, 2, 22, 28, 16, 8, 11, 8, 39]
    PRED: [9, 17, 19, 28, 39, 8, 16, 2, 14, 30, 8, 39]
    Edit distance: 13/20
  Sample 1:
    TRUE: [27, 16, 7, 39, 26, 11, 7, 2, 28, 30, 39, 28, 10, 34, 27, 2, 20, 39, 28, 5, 22, 8, 39, 20, 16, 31, 2, 14, 27, 1, 13, 28, 39]
    PRED: [27, 10, 19, 28, 39, 26, 11, 1, 7, 2, 8, 39, 10, 34, 2, 20, 39, 28, 0, 22, 8, 39, 16, 31, 9, 2, 14, 10, 13, 28, 39]
    Edit distance: 13/33
  Sample 2:
    TRUE: [28, 24, 39, 27, 33, 20, 37, 39, 35, 17, 39, 21, 12, 8, 39, 16, 22, 39, 2, 22, 2, 6, 1, 29, 30, 39, 19, 2, 20, 33, 38, 2, 22, 39]
    PRED: [9, 24, 39, 25, 20, 24, 37, 39, 35, 17, 39, 21, 25, 8, 39, 16, 22, 39, 2, 22, 27, 1, 28, 30, 39, 19, 20, 33, 38, 38, 2, 22, 39]
    Edit distance: 10/34
  Sample 3:
    TRUE: [20, 3, 27, 17, 37, 39, 19, 0, 28, 30, 33, 21, 39, 22, 17, 8, 2, 8, 39, 6, 20, 1, 19, 39, 14, 20, 2, 34, 37, 39, 30, 33, 39, 6, 17, 39, 19, 2, 21, 26, 20, 17, 30, 20, 17, 39, 10, 20, 2, 14, 2, 22, 30, 39]
    PRED: [19, 27, 24, 37, 17, 39, 19, 1, 19, 21, 39, 22, 10, 8, 39, 21, 27, 1, 19, 39, 14, 2, 34, 37, 39, 30, 33, 39, 21, 6, 17, 39, 19, 2, 21, 26, 20, 30, 39, 1, 20, 2, 20, 22, 39]
    Edit distance: 22/54
  Sample 4:
    TRUE: [9, 2, 39, 30, 33, 31, 39, 13, 10, 27, 17, 39, 13, 11, 14, 0, 30, 39, 30, 33, 39, 19, 2, 21, 39, 35, 10, 22, 39, 27, 0, 18, 11, 37, 39, 30, 33, 31, 39, 13, 10, 20, 39, 4, 30, 39]
    PRED: [9, 2, 39, 27, 33, 31, 39, 34, 16, 39, 13, 0, 0, 30, 39, 30, 33, 39, 28, 2, 21, 39, 35, 10, 22, 39, 27, 5, 11, 39, 9, 31, 33, 31, 39, 13, 1, 20, 39, 4, 30, 39]
    Edit distance: 14/46

============================================================
Batch 45500 | Val PER: 0.3212
============================================================
  Sample 0:
    TRUE: [31, 17, 0, 19, 27, 2, 28, 17, 39, 27, 17, 19, 2, 22, 28, 16, 8, 11, 8, 39]
    PRED: [9, 17, 0, 19, 28, 28, 39, 8, 16, 30, 8, 39]
    Edit distance: 12/20
  Sample 1:
    TRUE: [27, 16, 7, 39, 26, 11, 7, 2, 28, 30, 39, 28, 10, 34, 27, 2, 20, 39, 28, 5, 22, 8, 39, 20, 16, 31, 2, 14, 27, 1, 13, 28, 39]
    PRED: [27, 10, 19, 28, 39, 26, 11, 1, 7, 2, 8, 39, 10, 34, 20, 39, 28, 0, 22, 8, 39, 16, 31, 9, 2, 18, 10, 13, 28, 39]
    Edit distance: 15/33
  Sample 2:
    TRUE: [28, 24, 39, 27, 33, 20, 37, 39, 35, 17, 39, 21, 12, 8, 39, 16, 22, 39, 2, 22, 2, 6, 1, 29, 30, 39, 19, 2, 20, 33, 38, 2, 22, 39]
    PRED: [9, 24, 39, 25, 20, 24, 37, 39, 36, 17, 39, 21, 2, 8, 39, 16, 22, 39, 10, 22, 2, 27, 1, 28, 39, 19, 24, 20, 33, 38, 2, 22, 39]
    Edit distance: 11/34
  Sample 3:
    TRUE: [20, 3, 27, 17, 37, 39, 19, 0, 28, 30, 33, 21, 39, 22, 17, 8, 2, 8, 39, 6, 20, 1, 19, 39, 14, 20, 2, 34, 37, 39, 30, 33, 39, 6, 17, 39, 19, 2, 21, 26, 20, 17, 30, 20, 17, 39, 10, 20, 2, 14, 2, 22, 30, 39]
    PRED: [27, 24, 37, 17, 39, 19, 1, 19, 21, 39, 22, 10, 8, 39, 21, 27, 1, 19, 39, 14, 2, 34, 8, 39, 30, 33, 39, 21, 17, 39, 19, 2, 21, 26, 20, 30, 39, 1, 20, 20, 22, 39]
    Edit distance: 24/54
  Sample 4:
    TRUE: [9, 2, 39, 30, 33, 31, 39, 13, 10, 27, 17, 39, 13, 11, 14, 0, 30, 39, 30, 33, 39, 19, 2, 21, 39, 35, 10, 22, 39, 27, 0, 18, 11, 37, 39, 30, 33, 31, 39, 13, 10, 20, 39, 4, 30, 39]
    PRED: [9, 2, 39, 30, 27, 33, 31, 39, 34, 10, 16, 17, 39, 13, 0, 0, 39, 30, 33, 39, 28, 2, 21, 39, 35, 10, 22, 39, 27, 5, 0, 11, 39, 9, 31, 33, 31, 39, 13, 12, 20, 20, 39, 4, 30, 39]
    Edit distance: 14/46

============================================================
Batch 46000 | Val PER: 0.3225
============================================================
  Sample 0:
    TRUE: [31, 17, 0, 19, 27, 2, 28, 17, 39, 27, 17, 19, 2, 22, 28, 16, 8, 11, 8, 39]
    PRED: [9, 17, 0, 19, 28, 39, 8, 16, 14, 30, 8, 39]
    Edit distance: 12/20
  Sample 1:
    TRUE: [27, 16, 7, 39, 26, 11, 7, 2, 28, 30, 39, 28, 10, 34, 27, 2, 20, 39, 28, 5, 22, 8, 39, 20, 16, 31, 2, 14, 27, 1, 13, 28, 39]
    PRED: [27, 10, 19, 28, 39, 26, 11, 1, 7, 2, 8, 39, 10, 34, 2, 20, 39, 5, 22, 8, 39, 20, 16, 31, 9, 2, 18, 10, 28, 39]
    Edit distance: 14/33
  Sample 2:
    TRUE: [28, 24, 39, 27, 33, 20, 37, 39, 35, 17, 39, 21, 12, 8, 39, 16, 22, 39, 2, 22, 2, 6, 1, 29, 30, 39, 19, 2, 20, 33, 38, 2, 22, 39]
    PRED: [9, 24, 39, 25, 20, 37, 39, 6, 5, 39, 21, 12, 8, 39, 16, 22, 39, 10, 22, 34, 27, 1, 28, 39, 19, 24, 20, 33, 38, 2, 22, 39]
    Edit distance: 11/34
  Sample 3:
    TRUE: [20, 3, 27, 17, 37, 39, 19, 0, 28, 30, 33, 21, 39, 22, 17, 8, 2, 8, 39, 6, 20, 1, 19, 39, 14, 20, 2, 34, 37, 39, 30, 33, 39, 6, 17, 39, 19, 2, 21, 26, 20, 17, 30, 20, 17, 39, 10, 20, 2, 14, 2, 22, 30, 39]
    PRED: [19, 27, 24, 37, 39, 1, 19, 21, 39, 22, 10, 8, 39, 21, 1, 19, 39, 14, 2, 34, 37, 39, 30, 33, 39, 6, 17, 39, 19, 2, 21, 26, 39, 1, 20, 20, 22, 39]
    Edit distance: 24/54
  Sample 4:
    TRUE: [9, 2, 39, 30, 33, 31, 39, 13, 10, 27, 17, 39, 13, 11, 14, 0, 30, 39, 30, 33, 39, 19, 2, 21, 39, 35, 10, 22, 39, 27, 0, 18, 11, 37, 39, 30, 33, 31, 39, 13, 10, 20, 39, 4, 30, 39]
    PRED: [9, 2, 39, 27, 33, 31, 39, 34, 16, 39, 13, 0, 0, 39, 30, 33, 39, 28, 2, 21, 39, 35, 10, 22, 39, 27, 5, 11, 39, 31, 33, 31, 39, 13, 12, 39, 4, 30, 39]
    Edit distance: 15/46

============================================================
Batch 46500 | Val PER: 0.3274
============================================================
  Sample 0:
    TRUE: [31, 17, 0, 19, 27, 2, 28, 17, 39, 27, 17, 19, 2, 22, 28, 16, 8, 11, 8, 39]
    PRED: [9, 17, 0, 19, 28, 28, 39, 8, 16, 14, 30, 30, 8, 39]
    Edit distance: 13/20
  Sample 1:
    TRUE: [27, 16, 7, 39, 26, 11, 7, 2, 28, 30, 39, 28, 10, 34, 27, 2, 20, 39, 28, 5, 22, 8, 39, 20, 16, 31, 2, 14, 27, 1, 13, 28, 39]
    PRED: [27, 10, 7, 30, 28, 39, 26, 11, 1, 7, 2, 8, 39, 10, 34, 2, 20, 39, 5, 22, 8, 39, 16, 31, 2, 14, 1, 13, 28, 39]
    Edit distance: 11/33
  Sample 2:
    TRUE: [28, 24, 39, 27, 33, 20, 37, 39, 35, 17, 39, 21, 12, 8, 39, 16, 22, 39, 2, 22, 2, 6, 1, 29, 30, 39, 19, 2, 20, 33, 38, 2, 22, 39]
    PRED: [9, 24, 39, 25, 20, 37, 39, 36, 17, 39, 21, 2, 8, 39, 16, 22, 39, 2, 22, 27, 1, 28, 30, 39, 19, 24, 20, 38, 38, 2, 22, 39]
    Edit distance: 10/34
  Sample 3:
    TRUE: [20, 3, 27, 17, 37, 39, 19, 0, 28, 30, 33, 21, 39, 22, 17, 8, 2, 8, 39, 6, 20, 1, 19, 39, 14, 20, 2, 34, 37, 39, 30, 33, 39, 6, 17, 39, 19, 2, 21, 26, 20, 17, 30, 20, 17, 39, 10, 20, 2, 14, 2, 22, 30, 39]
    PRED: [27, 24, 37, 17, 39, 28, 1, 21, 39, 22, 10, 8, 39, 21, 1, 19, 39, 14, 2, 34, 37, 39, 30, 33, 39, 6, 17, 39, 19, 2, 21, 26, 20, 30, 39, 1, 20, 2, 20, 2, 22, 39]
    Edit distance: 20/54
  Sample 4:
    TRUE: [9, 2, 39, 30, 33, 31, 39, 13, 10, 27, 17, 39, 13, 11, 14, 0, 30, 39, 30, 33, 39, 19, 2, 21, 39, 35, 10, 22, 39, 27, 0, 18, 11, 37, 39, 30, 33, 31, 39, 13, 10, 20, 39, 4, 30, 39]
    PRED: [9, 2, 39, 27, 33, 31, 30, 39, 34, 10, 27, 17, 39, 13, 0, 19, 0, 30, 39, 30, 33, 39, 28, 2, 21, 39, 35, 10, 22, 39, 35, 8, 11, 39, 31, 33, 31, 39, 13, 1, 20, 39, 4, 30, 39]
    Edit distance: 12/46

============================================================
Batch 47000 | Val PER: 0.3210
============================================================
  Sample 0:
    TRUE: [31, 17, 0, 19, 27, 2, 28, 17, 39, 27, 17, 19, 2, 22, 28, 16, 8, 11, 8, 39]
    PRED: [9, 17, 0, 19, 28, 28, 39, 8, 16, 30, 8, 39]
    Edit distance: 12/20
  Sample 1:
    TRUE: [27, 16, 7, 39, 26, 11, 7, 2, 28, 30, 39, 28, 10, 34, 27, 2, 20, 39, 28, 5, 22, 8, 39, 20, 16, 31, 2, 14, 27, 1, 13, 28, 39]
    PRED: [27, 10, 19, 28, 39, 26, 11, 1, 7, 2, 8, 39, 10, 34, 20, 39, 5, 22, 8, 39, 9, 16, 31, 2, 18, 10, 13, 28, 39]
    Edit distance: 14/33
  Sample 2:
    TRUE: [28, 24, 39, 27, 33, 20, 37, 39, 35, 17, 39, 21, 12, 8, 39, 16, 22, 39, 2, 22, 2, 6, 1, 29, 30, 39, 19, 2, 20, 33, 38, 2, 22, 39]
    PRED: [9, 24, 39, 17, 20, 37, 39, 6, 17, 39, 21, 2, 8, 39, 16, 22, 39, 2, 22, 27, 1, 28, 39, 20, 38, 2, 22, 39]
    Edit distance: 12/34
  Sample 3:
    TRUE: [20, 3, 27, 17, 37, 39, 19, 0, 28, 30, 33, 21, 39, 22, 17, 8, 2, 8, 39, 6, 20, 1, 19, 39, 14, 20, 2, 34, 37, 39, 30, 33, 39, 6, 17, 39, 19, 2, 21, 26, 20, 17, 30, 20, 17, 39, 10, 20, 2, 14, 2, 22, 30, 39]
    PRED: [27, 24, 37, 39, 28, 1, 21, 39, 22, 10, 8, 39, 21, 1, 19, 39, 14, 2, 34, 37, 39, 30, 33, 39, 21, 6, 17, 39, 19, 2, 21, 26, 20, 39, 1, 20, 2, 22, 39]
    Edit distance: 22/54
  Sample 4:
    TRUE: [9, 2, 39, 30, 33, 31, 39, 13, 10, 27, 17, 39, 13, 11, 14, 0, 30, 39, 30, 33, 39, 19, 2, 21, 39, 35, 10, 22, 39, 27, 0, 18, 11, 37, 39, 30, 33, 31, 39, 13, 10, 20, 39, 4, 30, 39]
    PRED: [9, 2, 39, 27, 33, 31, 39, 34, 10, 16, 39, 13, 0, 19, 0, 39, 30, 33, 39, 28, 2, 21, 39, 35, 10, 22, 39, 27, 35, 8, 11, 39, 9, 33, 31, 39, 13, 1, 20, 39, 4, 30, 39]
    Edit distance: 13/46

============================================================
Batch 39500 | Val PER: 0.3234
============================================================
  Sample 0:
    TRUE: [31, 17, 0, 19, 27, 2, 28, 17, 39, 27, 17, 19, 2, 22, 28, 16, 8, 11, 8, 39]
    PRED: [9, 17, 0, 19, 28, 39, 8, 16, 14, 30, 8, 39]
    Edit distance: 12/20
  Sample 1:
    TRUE: [27, 16, 7, 39, 26, 11, 7, 2, 28, 30, 39, 28, 10, 34, 27, 2, 20, 39, 28, 5, 22, 8, 39, 20, 16, 31, 2, 14, 27, 1, 13, 28, 39]
    PRED: [27, 10, 19, 28, 39, 26, 11, 1, 7, 2, 8, 39, 10, 34, 20, 39, 28, 0, 22, 8, 39, 20, 16, 31, 9, 2, 14, 10, 13, 28, 39]
    Edit distance: 13/33
  Sample 2:
    TRUE: [28, 24, 39, 27, 33, 20, 37, 39, 35, 17, 39, 21, 12, 8, 39, 16, 22, 39, 2, 22, 2, 6, 1, 29, 30, 39, 19, 2, 20, 33, 38, 2, 22, 39]
    PRED: [9, 24, 39, 27, 25, 20, 24, 37, 39, 6, 17, 39, 21, 12, 8, 39, 16, 22, 39, 1, 22, 2, 27, 1, 28, 39, 19, 20, 2, 22, 39]
    Edit distance: 11/34
  Sample 3:
    TRUE: [20, 3, 27, 17, 37, 39, 19, 0, 28, 30, 33, 21, 39, 22, 17, 8, 2, 8, 39, 6, 20, 1, 19, 39, 14, 20, 2, 34, 37, 39, 30, 33, 39, 6, 17, 39, 19, 2, 21, 26, 20, 17, 30, 20, 17, 39, 10, 20, 2, 14, 2, 22, 30, 39]
    PRED: [27, 24, 37, 17, 39, 19, 1, 19, 21, 39, 22, 10, 8, 39, 6, 27, 1, 19, 39, 20, 2, 34, 8, 39, 30, 33, 39, 6, 17, 39, 19, 2, 21, 26, 20, 30, 39, 1, 20, 2, 20, 22, 39]
    Edit distance: 21/54
  Sample 4:
    TRUE: [9, 2, 39, 30, 33, 31, 39, 13, 10, 27, 17, 39, 13, 11, 14, 0, 30, 39, 30, 33, 39, 19, 2, 21, 39, 35, 10, 22, 39, 27, 0, 18, 11, 37, 39, 30, 33, 31, 39, 13, 10, 20, 39, 4, 30, 39]
    PRED: [9, 2, 39, 27, 33, 31, 39, 34, 10, 17, 39, 34, 0, 0, 30, 39, 30, 33, 39, 28, 2, 21, 39, 35, 2, 22, 39, 27, 5, 11, 39, 31, 33, 31, 39, 13, 12, 20, 39, 4, 30, 39]
    Edit distance: 13/46

============================================================
Batch 40000 | Val PER: 0.3205
============================================================
  Sample 0:
    TRUE: [31, 17, 0, 19, 27, 2, 28, 17, 39, 27, 17, 19, 2, 22, 28, 16, 8, 11, 8, 39]
    PRED: [9, 17, 39, 0, 19, 28, 28, 39, 8, 16, 2, 30, 8, 39]
    Edit distance: 13/20
  Sample 1:
    TRUE: [27, 16, 7, 39, 26, 11, 7, 2, 28, 30, 39, 28, 10, 34, 27, 2, 20, 39, 28, 5, 22, 8, 39, 20, 16, 31, 2, 14, 27, 1, 13, 28, 39]
    PRED: [30, 27, 10, 19, 28, 39, 26, 11, 0, 7, 2, 8, 39, 10, 34, 2, 20, 39, 0, 22, 8, 39, 20, 16, 31, 9, 2, 18, 10, 13, 28, 39]
    Edit distance: 15/33
  Sample 2:
    TRUE: [28, 24, 39, 27, 33, 20, 37, 39, 35, 17, 39, 21, 12, 8, 39, 16, 22, 39, 2, 22, 2, 6, 1, 29, 30, 39, 19, 2, 20, 33, 38, 2, 22, 39]
    PRED: [9, 24, 39, 25, 20, 24, 37, 39, 6, 17, 39, 21, 12, 8, 39, 16, 22, 39, 16, 22, 2, 27, 1, 28, 39, 19, 24, 20, 38, 2, 22, 39]
    Edit distance: 11/34
  Sample 3:
    TRUE: [20, 3, 27, 17, 37, 39, 19, 0, 28, 30, 33, 21, 39, 22, 17, 8, 2, 8, 39, 6, 20, 1, 19, 39, 14, 20, 2, 34, 37, 39, 30, 33, 39, 6, 17, 39, 19, 2, 21, 26, 20, 17, 30, 20, 17, 39, 10, 20, 2, 14, 2, 22, 30, 39]
    PRED: [19, 27, 24, 37, 17, 39, 28, 1, 19, 28, 21, 39, 22, 10, 8, 39, 6, 27, 1, 19, 39, 20, 2, 34, 8, 39, 30, 33, 39, 6, 17, 39, 19, 2, 21, 26, 20, 30, 39, 1, 20, 2, 20, 2, 22, 39]
    Edit distance: 21/54
  Sample 4:
    TRUE: [9, 2, 39, 30, 33, 31, 39, 13, 10, 27, 17, 39, 13, 11, 14, 0, 30, 39, 30, 33, 39, 19, 2, 21, 39, 35, 10, 22, 39, 27, 0, 18, 11, 37, 39, 30, 33, 31, 39, 13, 10, 20, 39, 4, 30, 39]
    PRED: [9, 2, 39, 27, 33, 31, 39, 34, 10, 17, 39, 13, 3, 19, 0, 39, 30, 33, 39, 28, 2, 21, 39, 35, 2, 22, 39, 35, 11, 11, 37, 39, 31, 33, 31, 39, 13, 12, 39, 4, 30, 39]
    Edit distance: 14/46

============================================================
Batch 40500 | Val PER: 0.3227
============================================================
  Sample 0:
    TRUE: [31, 17, 0, 19, 27, 2, 28, 17, 39, 27, 17, 19, 2, 22, 28, 16, 8, 11, 8, 39]
    PRED: [9, 17, 39, 0, 19, 28, 39, 8, 16, 30, 8, 39]
    Edit distance: 13/20
  Sample 1:
    TRUE: [27, 16, 7, 39, 26, 11, 7, 2, 28, 30, 39, 28, 10, 34, 27, 2, 20, 39, 28, 5, 22, 8, 39, 20, 16, 31, 2, 14, 27, 1, 13, 28, 39]
    PRED: [27, 10, 19, 28, 39, 26, 11, 7, 2, 8, 39, 10, 34, 2, 20, 39, 0, 22, 8, 39, 20, 16, 31, 9, 2, 39, 14, 10, 13, 28, 39]
    Edit distance: 13/33
  Sample 2:
    TRUE: [28, 24, 39, 27, 33, 20, 37, 39, 35, 17, 39, 21, 12, 8, 39, 16, 22, 39, 2, 22, 2, 6, 1, 29, 30, 39, 19, 2, 20, 33, 38, 2, 22, 39]
    PRED: [9, 24, 39, 17, 20, 24, 37, 39, 35, 17, 39, 21, 25, 8, 39, 16, 22, 39, 10, 22, 27, 1, 28, 39, 19, 24, 20, 2, 22, 39]
    Edit distance: 13/34
  Sample 3:
    TRUE: [20, 3, 27, 17, 37, 39, 19, 0, 28, 30, 33, 21, 39, 22, 17, 8, 2, 8, 39, 6, 20, 1, 19, 39, 14, 20, 2, 34, 37, 39, 30, 33, 39, 6, 17, 39, 19, 2, 21, 26, 20, 17, 30, 20, 17, 39, 10, 20, 2, 14, 2, 22, 30, 39]
    PRED: [19, 27, 24, 17, 39, 19, 1, 19, 28, 21, 39, 22, 12, 8, 39, 6, 27, 1, 19, 39, 20, 2, 34, 37, 39, 30, 33, 39, 6, 17, 39, 19, 2, 21, 26, 20, 30, 39, 1, 20, 2, 20, 2, 22, 39]
    Edit distance: 19/54
  Sample 4:
    TRUE: [9, 2, 39, 30, 33, 31, 39, 13, 10, 27, 17, 39, 13, 11, 14, 0, 30, 39, 30, 33, 39, 19, 2, 21, 39, 35, 10, 22, 39, 27, 0, 18, 11, 37, 39, 30, 33, 31, 39, 13, 10, 20, 39, 4, 30, 39]
    PRED: [9, 2, 39, 27, 33, 31, 39, 34, 10, 27, 17, 39, 13, 3, 0, 30, 39, 30, 33, 39, 28, 2, 21, 39, 35, 2, 22, 39, 35, 11, 39, 9, 33, 31, 39, 13, 12, 39, 4, 30, 39]
    Edit distance: 13/46

============================================================
Batch 41000 | Val PER: 0.3238
============================================================
  Sample 0:
    TRUE: [31, 17, 0, 19, 27, 2, 28, 17, 39, 27, 17, 19, 2, 22, 28, 16, 8, 11, 8, 39]
    PRED: [9, 17, 39, 19, 28, 39, 8, 16, 14, 30, 8, 39]
    Edit distance: 13/20
  Sample 1:
    TRUE: [27, 16, 7, 39, 26, 11, 7, 2, 28, 30, 39, 28, 10, 34, 27, 2, 20, 39, 28, 5, 22, 8, 39, 20, 16, 31, 2, 14, 27, 1, 13, 28, 39]
    PRED: [27, 10, 19, 28, 39, 26, 11, 0, 7, 2, 8, 39, 10, 34, 2, 20, 39, 28, 0, 22, 8, 39, 20, 16, 31, 9, 2, 14, 10, 13, 28, 39]
    Edit distance: 12/33
  Sample 2:
    TRUE: [28, 24, 39, 27, 33, 20, 37, 39, 35, 17, 39, 21, 12, 8, 39, 16, 22, 39, 2, 22, 2, 6, 1, 29, 30, 39, 19, 2, 20, 33, 38, 2, 22, 39]
    PRED: [9, 24, 39, 27, 25, 20, 24, 37, 39, 6, 17, 39, 21, 25, 8, 39, 16, 22, 39, 2, 22, 27, 1, 28, 39, 19, 33, 20, 33, 2, 22, 39]
    Edit distance: 11/34
  Sample 3:
    TRUE: [20, 3, 27, 17, 37, 39, 19, 0, 28, 30, 33, 21, 39, 22, 17, 8, 2, 8, 39, 6, 20, 1, 19, 39, 14, 20, 2, 34, 37, 39, 30, 33, 39, 6, 17, 39, 19, 2, 21, 26, 20, 17, 30, 20, 17, 39, 10, 20, 2, 14, 2, 22, 30, 39]
    PRED: [19, 27, 24, 17, 39, 19, 15, 1, 19, 21, 39, 22, 10, 8, 39, 6, 27, 0, 19, 39, 20, 2, 34, 8, 39, 30, 33, 39, 21, 6, 17, 39, 19, 2, 26, 20, 39, 1, 20, 20, 22, 39]
    Edit distance: 26/54
  Sample 4:
    TRUE: [9, 2, 39, 30, 33, 31, 39, 13, 10, 27, 17, 39, 13, 11, 14, 0, 30, 39, 30, 33, 39, 19, 2, 21, 39, 35, 10, 22, 39, 27, 0, 18, 11, 37, 39, 30, 33, 31, 39, 13, 10, 20, 39, 4, 30, 39]
    PRED: [9, 2, 39, 27, 33, 31, 39, 34, 10, 27, 39, 13, 0, 19, 0, 39, 30, 33, 39, 28, 2, 21, 39, 35, 2, 22, 39, 27, 35, 11, 39, 9, 33, 31, 39, 13, 12, 39, 4, 30, 39]
    Edit distance: 14/46

============================================================
Batch 41500 | Val PER: 0.3267
============================================================
  Sample 0:
    TRUE: [31, 17, 0, 19, 27, 2, 28, 17, 39, 27, 17, 19, 2, 22, 28, 16, 8, 11, 8, 39]
    PRED: [9, 17, 39, 0, 19, 28, 39, 8, 16, 2, 30, 8, 39]
    Edit distance: 13/20
  Sample 1:
    TRUE: [27, 16, 7, 39, 26, 11, 7, 2, 28, 30, 39, 28, 10, 34, 27, 2, 20, 39, 28, 5, 22, 8, 39, 20, 16, 31, 2, 14, 27, 1, 13, 28, 39]
    PRED: [27, 10, 19, 28, 39, 26, 11, 0, 7, 2, 8, 39, 10, 34, 2, 20, 39, 5, 22, 8, 39, 20, 16, 31, 2, 10, 13, 28, 39]
    Edit distance: 12/33
  Sample 2:
    TRUE: [28, 24, 39, 27, 33, 20, 37, 39, 35, 17, 39, 21, 12, 8, 39, 16, 22, 39, 2, 22, 2, 6, 1, 29, 30, 39, 19, 2, 20, 33, 38, 2, 22, 39]
    PRED: [9, 24, 39, 17, 20, 24, 37, 39, 6, 17, 39, 21, 25, 8, 39, 16, 22, 39, 16, 22, 13, 27, 1, 28, 30, 39, 19, 33, 20, 33, 2, 22, 39]
    Edit distance: 12/34
  Sample 3:
    TRUE: [20, 3, 27, 17, 37, 39, 19, 0, 28, 30, 33, 21, 39, 22, 17, 8, 2, 8, 39, 6, 20, 1, 19, 39, 14, 20, 2, 34, 37, 39, 30, 33, 39, 6, 17, 39, 19, 2, 21, 26, 20, 17, 30, 20, 17, 39, 10, 20, 2, 14, 2, 22, 30, 39]
    PRED: [19, 27, 24, 17, 39, 1, 19, 28, 21, 39, 22, 12, 8, 39, 6, 0, 19, 39, 20, 2, 37, 39, 30, 33, 39, 6, 17, 39, 19, 2, 26, 20, 30, 39, 1, 20, 2, 20, 2, 22, 30, 39]
    Edit distance: 21/54
  Sample 4:
    TRUE: [9, 2, 39, 30, 33, 31, 39, 13, 10, 27, 17, 39, 13, 11, 14, 0, 30, 39, 30, 33, 39, 19, 2, 21, 39, 35, 10, 22, 39, 27, 0, 18, 11, 37, 39, 30, 33, 31, 39, 13, 10, 20, 39, 4, 30, 39]
    PRED: [9, 2, 39, 13, 27, 33, 31, 39, 13, 10, 16, 17, 39, 13, 0, 0, 39, 30, 33, 39, 28, 2, 21, 39, 35, 2, 22, 39, 35, 0, 11, 9, 33, 31, 39, 13, 12, 39, 4, 30, 39]
    Edit distance: 15/46

============================================================
Batch 42000 | Val PER: 0.3188
============================================================
  Sample 0:
    TRUE: [31, 17, 0, 19, 27, 2, 28, 17, 39, 27, 17, 19, 2, 22, 28, 16, 8, 11, 8, 39]
    PRED: [9, 17, 39, 19, 28, 39, 8, 16, 14, 30, 8, 39]
    Edit distance: 13/20
  Sample 1:
    TRUE: [27, 16, 7, 39, 26, 11, 7, 2, 28, 30, 39, 28, 10, 34, 27, 2, 20, 39, 28, 5, 22, 8, 39, 20, 16, 31, 2, 14, 27, 1, 13, 28, 39]
    PRED: [27, 10, 19, 28, 39, 26, 11, 0, 7, 2, 8, 39, 10, 34, 20, 39, 28, 5, 22, 8, 39, 20, 16, 31, 2, 14, 10, 13, 28, 39]
    Edit distance: 11/33
  Sample 2:
    TRUE: [28, 24, 39, 27, 33, 20, 37, 39, 35, 17, 39, 21, 12, 8, 39, 16, 22, 39, 2, 22, 2, 6, 1, 29, 30, 39, 19, 2, 20, 33, 38, 2, 22, 39]
    PRED: [9, 24, 39, 25, 20, 24, 37, 39, 35, 17, 39, 21, 5, 8, 39, 16, 22, 39, 2, 22, 27, 1, 29, 39, 19, 33, 20, 33, 2, 22, 39]
    Edit distance: 10/34
  Sample 3:
    TRUE: [20, 3, 27, 17, 37, 39, 19, 0, 28, 30, 33, 21, 39, 22, 17, 8, 2, 8, 39, 6, 20, 1, 19, 39, 14, 20, 2, 34, 37, 39, 30, 33, 39, 6, 17, 39, 19, 2, 21, 26, 20, 17, 30, 20, 17, 39, 10, 20, 2, 14, 2, 22, 30, 39]
    PRED: [19, 27, 24, 17, 39, 19, 1, 19, 28, 21, 39, 22, 10, 8, 39, 21, 1, 19, 39, 14, 2, 34, 8, 39, 30, 33, 39, 21, 17, 39, 19, 2, 21, 26, 20, 30, 39, 1, 20, 2, 22, 30, 39]
    Edit distance: 22/54
  Sample 4:
    TRUE: [9, 2, 39, 30, 33, 31, 39, 13, 10, 27, 17, 39, 13, 11, 14, 0, 30, 39, 30, 33, 39, 19, 2, 21, 39, 35, 10, 22, 39, 27, 0, 18, 11, 37, 39, 30, 33, 31, 39, 13, 10, 20, 39, 4, 30, 39]
    PRED: [9, 2, 39, 27, 33, 31, 39, 34, 10, 16, 39, 13, 0, 0, 30, 39, 30, 33, 39, 28, 19, 2, 21, 39, 35, 10, 22, 39, 35, 11, 9, 33, 31, 39, 13, 12, 39, 4, 30, 39]
    Edit distance: 15/46

============================================================
Batch 42500 | Val PER: 0.3236
============================================================
  Sample 0:
    TRUE: [31, 17, 0, 19, 27, 2, 28, 17, 39, 27, 17, 19, 2, 22, 28, 16, 8, 11, 8, 39]
    PRED: [35, 17, 0, 19, 28, 39, 8, 16, 14, 10, 30, 2, 8, 39]
    Edit distance: 13/20
  Sample 1:
    TRUE: [27, 16, 7, 39, 26, 11, 7, 2, 28, 30, 39, 28, 10, 34, 27, 2, 20, 39, 28, 5, 22, 8, 39, 20, 16, 31, 2, 14, 27, 1, 13, 28, 39]
    PRED: [27, 10, 19, 28, 39, 26, 11, 0, 7, 2, 8, 39, 10, 34, 2, 20, 39, 28, 5, 22, 8, 39, 20, 16, 31, 2, 39, 14, 1, 13, 28, 39]
    Edit distance: 10/33
  Sample 2:
    TRUE: [28, 24, 39, 27, 33, 20, 37, 39, 35, 17, 39, 21, 12, 8, 39, 16, 22, 39, 2, 22, 2, 6, 1, 29, 30, 39, 19, 2, 20, 33, 38, 2, 22, 39]
    PRED: [9, 24, 39, 27, 25, 20, 24, 37, 39, 6, 17, 39, 21, 25, 8, 39, 16, 22, 39, 2, 22, 2, 27, 1, 28, 39, 19, 33, 20, 33, 38, 38, 2, 22, 39]
    Edit distance: 10/34
  Sample 3:
    TRUE: [20, 3, 27, 17, 37, 39, 19, 0, 28, 30, 33, 21, 39, 22, 17, 8, 2, 8, 39, 6, 20, 1, 19, 39, 14, 20, 2, 34, 37, 39, 30, 33, 39, 6, 17, 39, 19, 2, 21, 26, 20, 17, 30, 20, 17, 39, 10, 20, 2, 14, 2, 22, 30, 39]
    PRED: [19, 35, 24, 17, 39, 19, 1, 19, 21, 39, 22, 10, 8, 39, 6, 27, 1, 19, 39, 20, 2, 34, 37, 39, 30, 33, 39, 21, 6, 17, 39, 19, 2, 21, 26, 20, 30, 39, 1, 20, 22, 30, 39]
    Edit distance: 21/54
  Sample 4:
    TRUE: [9, 2, 39, 30, 33, 31, 39, 13, 10, 27, 17, 39, 13, 11, 14, 0, 30, 39, 30, 33, 39, 19, 2, 21, 39, 35, 10, 22, 39, 27, 0, 18, 11, 37, 39, 30, 33, 31, 39, 13, 10, 20, 39, 4, 30, 39]
    PRED: [9, 2, 39, 27, 33, 31, 30, 39, 34, 10, 16, 17, 39, 13, 0, 19, 0, 39, 30, 33, 39, 28, 19, 2, 21, 39, 35, 10, 22, 39, 35, 0, 8, 11, 9, 33, 31, 39, 13, 5, 39, 4, 30, 39]
    Edit distance: 15/46

============================================================
Batch 43000 | Val PER: 0.3191
============================================================
  Sample 0:
    TRUE: [31, 17, 0, 19, 27, 2, 28, 17, 39, 27, 17, 19, 2, 22, 28, 16, 8, 11, 8, 39]
    PRED: [35, 17, 19, 28, 39, 8, 16, 10, 30, 8, 39]
    Edit distance: 13/20
  Sample 1:
    TRUE: [27, 16, 7, 39, 26, 11, 7, 2, 28, 30, 39, 28, 10, 34, 27, 2, 20, 39, 28, 5, 22, 8, 39, 20, 16, 31, 2, 14, 27, 1, 13, 28, 39]
    PRED: [27, 10, 19, 28, 39, 26, 11, 7, 2, 8, 39, 10, 34, 20, 39, 28, 5, 22, 8, 39, 20, 16, 31, 2, 14, 10, 13, 28, 39]
    Edit distance: 10/33
  Sample 2:
    TRUE: [28, 24, 39, 27, 33, 20, 37, 39, 35, 17, 39, 21, 12, 8, 39, 16, 22, 39, 2, 22, 2, 6, 1, 29, 30, 39, 19, 2, 20, 33, 38, 2, 22, 39]
    PRED: [15, 9, 24, 39, 17, 20, 24, 37, 39, 35, 17, 39, 21, 25, 8, 39, 16, 22, 39, 2, 22, 27, 1, 28, 39, 19, 33, 20, 2, 22, 39]
    Edit distance: 13/34
  Sample 3:
    TRUE: [20, 3, 27, 17, 37, 39, 19, 0, 28, 30, 33, 21, 39, 22, 17, 8, 2, 8, 39, 6, 20, 1, 19, 39, 14, 20, 2, 34, 37, 39, 30, 33, 39, 6, 17, 39, 19, 2, 21, 26, 20, 17, 30, 20, 17, 39, 10, 20, 2, 14, 2, 22, 30, 39]
    PRED: [19, 27, 24, 37, 17, 39, 15, 1, 19, 21, 39, 22, 10, 8, 39, 21, 1, 19, 39, 14, 2, 34, 8, 39, 30, 33, 39, 21, 17, 39, 19, 2, 21, 26, 20, 30, 39, 1, 20, 22, 39]
    Edit distance: 25/54
  Sample 4:
    TRUE: [9, 2, 39, 30, 33, 31, 39, 13, 10, 27, 17, 39, 13, 11, 14, 0, 30, 39, 30, 33, 39, 19, 2, 21, 39, 35, 10, 22, 39, 27, 0, 18, 11, 37, 39, 30, 33, 31, 39, 13, 10, 20, 39, 4, 30, 39]
    PRED: [9, 2, 39, 13, 27, 33, 31, 39, 34, 10, 39, 13, 0, 0, 19, 39, 30, 33, 39, 28, 2, 21, 39, 35, 10, 22, 39, 27, 5, 11, 9, 33, 31, 39, 13, 5, 39, 4, 30, 39]
    Edit distance: 16/46

============================================================
Batch 43500 | Val PER: 0.3208
============================================================
  Sample 0:
    TRUE: [31, 17, 0, 19, 27, 2, 28, 17, 39, 27, 17, 19, 2, 22, 28, 16, 8, 11, 8, 39]
    PRED: [9, 17, 19, 28, 39, 8, 16, 14, 2, 10, 30, 8, 39]
    Edit distance: 13/20
  Sample 1:
    TRUE: [27, 16, 7, 39, 26, 11, 7, 2, 28, 30, 39, 28, 10, 34, 27, 2, 20, 39, 28, 5, 22, 8, 39, 20, 16, 31, 2, 14, 27, 1, 13, 28, 39]
    PRED: [27, 10, 19, 28, 39, 26, 11, 0, 7, 2, 8, 39, 10, 34, 2, 20, 39, 28, 2, 22, 8, 39, 20, 16, 31, 2, 14, 10, 13, 28, 39]
    Edit distance: 11/33
  Sample 2:
    TRUE: [28, 24, 39, 27, 33, 20, 37, 39, 35, 17, 39, 21, 12, 8, 39, 16, 22, 39, 2, 22, 2, 6, 1, 29, 30, 39, 19, 2, 20, 33, 38, 2, 22, 39]
    PRED: [9, 24, 39, 17, 20, 37, 39, 35, 17, 39, 21, 25, 8, 39, 16, 22, 39, 10, 22, 27, 1, 28, 39, 19, 20, 33, 38, 2, 22, 39]
    Edit distance: 10/34
  Sample 3:
    TRUE: [20, 3, 27, 17, 37, 39, 19, 0, 28, 30, 33, 21, 39, 22, 17, 8, 2, 8, 39, 6, 20, 1, 19, 39, 14, 20, 2, 34, 37, 39, 30, 33, 39, 6, 17, 39, 19, 2, 21, 26, 20, 17, 30, 20, 17, 39, 10, 20, 2, 14, 2, 22, 30, 39]
    PRED: [19, 27, 24, 17, 39, 19, 1, 19, 28, 21, 39, 22, 10, 8, 39, 21, 1, 19, 39, 14, 2, 34, 37, 39, 30, 33, 39, 21, 17, 33, 39, 19, 2, 21, 26, 20, 30, 39, 1, 20, 2, 22, 39]
    Edit distance: 23/54
  Sample 4:
    TRUE: [9, 2, 39, 30, 33, 31, 39, 13, 10, 27, 17, 39, 13, 11, 14, 0, 30, 39, 30, 33, 39, 19, 2, 21, 39, 35, 10, 22, 39, 27, 0, 18, 11, 37, 39, 30, 33, 31, 39, 13, 10, 20, 39, 4, 30, 39]
    PRED: [9, 2, 39, 30, 27, 33, 31, 39, 34, 16, 17, 39, 13, 0, 19, 0, 30, 39, 30, 33, 39, 28, 2, 21, 39, 35, 2, 22, 39, 27, 11, 0, 11, 31, 33, 31, 39, 13, 1, 39, 4, 30, 39]
    Edit distance: 15/46

============================================================
Batch 44000 | Val PER: 0.3203
============================================================
  Sample 0:
    TRUE: [31, 17, 0, 19, 27, 2, 28, 17, 39, 27, 17, 19, 2, 22, 28, 16, 8, 11, 8, 39]
    PRED: [9, 17, 0, 19, 28, 39, 8, 16, 2, 14, 10, 30, 8, 39]
    Edit distance: 12/20
  Sample 1:
    TRUE: [27, 16, 7, 39, 26, 11, 7, 2, 28, 30, 39, 28, 10, 34, 27, 2, 20, 39, 28, 5, 22, 8, 39, 20, 16, 31, 2, 14, 27, 1, 13, 28, 39]
    PRED: [27, 10, 19, 28, 39, 26, 11, 0, 7, 2, 8, 39, 10, 34, 2, 20, 39, 5, 22, 8, 39, 20, 16, 31, 2, 14, 10, 13, 28, 39]
    Edit distance: 11/33
  Sample 2:
    TRUE: [28, 24, 39, 27, 33, 20, 37, 39, 35, 17, 39, 21, 12, 8, 39, 16, 22, 39, 2, 22, 2, 6, 1, 29, 30, 39, 19, 2, 20, 33, 38, 2, 22, 39]
    PRED: [9, 24, 39, 25, 20, 24, 37, 39, 35, 17, 39, 21, 12, 8, 39, 16, 22, 39, 1, 22, 27, 1, 28, 39, 19, 24, 20, 38, 2, 22, 39]
    Edit distance: 11/34
  Sample 3:
    TRUE: [20, 3, 27, 17, 37, 39, 19, 0, 28, 30, 33, 21, 39, 22, 17, 8, 2, 8, 39, 6, 20, 1, 19, 39, 14, 20, 2, 34, 37, 39, 30, 33, 39, 6, 17, 39, 19, 2, 21, 26, 20, 17, 30, 20, 17, 39, 10, 20, 2, 14, 2, 22, 30, 39]
    PRED: [19, 27, 24, 17, 39, 1, 19, 21, 39, 22, 10, 8, 39, 21, 1, 19, 39, 14, 2, 34, 8, 39, 30, 33, 39, 21, 6, 17, 33, 39, 19, 2, 21, 26, 20, 30, 39, 1, 20, 2, 20, 22, 39]
    Edit distance: 25/54
  Sample 4:
    TRUE: [9, 2, 39, 30, 33, 31, 39, 13, 10, 27, 17, 39, 13, 11, 14, 0, 30, 39, 30, 33, 39, 19, 2, 21, 39, 35, 10, 22, 39, 27, 0, 18, 11, 37, 39, 30, 33, 31, 39, 13, 10, 20, 39, 4, 30, 39]
    PRED: [9, 2, 39, 30, 27, 33, 31, 39, 34, 16, 39, 13, 3, 0, 39, 30, 33, 39, 28, 2, 21, 39, 35, 2, 22, 39, 27, 5, 0, 8, 11, 9, 31, 33, 31, 39, 13, 5, 39, 4, 30, 39]
    Edit distance: 17/46

============================================================
Batch 44500 | Val PER: 0.3188
============================================================
  Sample 0:
    TRUE: [31, 17, 0, 19, 27, 2, 28, 17, 39, 27, 17, 19, 2, 22, 28, 16, 8, 11, 8, 39]
    PRED: [9, 17, 39, 0, 19, 28, 39, 8, 16, 2, 14, 22, 30, 2, 8, 39]
    Edit distance: 13/20
  Sample 1:
    TRUE: [27, 16, 7, 39, 26, 11, 7, 2, 28, 30, 39, 28, 10, 34, 27, 2, 20, 39, 28, 5, 22, 8, 39, 20, 16, 31, 2, 14, 27, 1, 13, 28, 39]
    PRED: [30, 27, 10, 19, 28, 39, 26, 11, 7, 2, 8, 39, 10, 34, 2, 20, 39, 0, 22, 8, 39, 20, 16, 31, 2, 14, 10, 13, 28, 39]
    Edit distance: 12/33
  Sample 2:
    TRUE: [28, 24, 39, 27, 33, 20, 37, 39, 35, 17, 39, 21, 12, 8, 39, 16, 22, 39, 2, 22, 2, 6, 1, 29, 30, 39, 19, 2, 20, 33, 38, 2, 22, 39]
    PRED: [9, 24, 39, 25, 20, 24, 37, 39, 6, 17, 39, 21, 25, 8, 39, 16, 22, 39, 2, 22, 27, 1, 29, 28, 30, 39, 19, 24, 20, 33, 38, 2, 22, 39]
    Edit distance: 10/34
  Sample 3:
    TRUE: [20, 3, 27, 17, 37, 39, 19, 0, 28, 30, 33, 21, 39, 22, 17, 8, 2, 8, 39, 6, 20, 1, 19, 39, 14, 20, 2, 34, 37, 39, 30, 33, 39, 6, 17, 39, 19, 2, 21, 26, 20, 17, 30, 20, 17, 39, 10, 20, 2, 14, 2, 22, 30, 39]
    PRED: [19, 27, 24, 17, 39, 1, 19, 21, 39, 22, 10, 8, 39, 21, 1, 19, 39, 14, 2, 34, 37, 39, 30, 33, 39, 21, 6, 17, 39, 19, 2, 21, 26, 20, 30, 39, 1, 20, 22, 39]
    Edit distance: 24/54
  Sample 4:
    TRUE: [9, 2, 39, 30, 33, 31, 39, 13, 10, 27, 17, 39, 13, 11, 14, 0, 30, 39, 30, 33, 39, 19, 2, 21, 39, 35, 10, 22, 39, 27, 0, 18, 11, 37, 39, 30, 33, 31, 39, 13, 10, 20, 39, 4, 30, 39]
    PRED: [9, 2, 39, 30, 27, 33, 31, 39, 34, 16, 39, 13, 0, 0, 30, 39, 30, 33, 39, 28, 19, 2, 21, 39, 35, 2, 22, 39, 35, 0, 11, 9, 31, 33, 31, 39, 13, 5, 20, 39, 4, 30, 39]
    Edit distance: 15/46

============================================================
Batch 45000 | Val PER: 0.3191
============================================================
  Sample 0:
    TRUE: [31, 17, 0, 19, 27, 2, 28, 17, 39, 27, 17, 19, 2, 22, 28, 16, 8, 11, 8, 39]
    PRED: [9, 17, 39, 0, 19, 28, 39, 8, 16, 2, 14, 30, 8, 39]
    Edit distance: 13/20
  Sample 1:
    TRUE: [27, 16, 7, 39, 26, 11, 7, 2, 28, 30, 39, 28, 10, 34, 27, 2, 20, 39, 28, 5, 22, 8, 39, 20, 16, 31, 2, 14, 27, 1, 13, 28, 39]
    PRED: [30, 27, 10, 7, 28, 39, 26, 11, 7, 2, 8, 39, 10, 34, 2, 20, 39, 5, 22, 8, 39, 20, 16, 31, 2, 14, 10, 13, 28, 39]
    Edit distance: 10/33
  Sample 2:
    TRUE: [28, 24, 39, 27, 33, 20, 37, 39, 35, 17, 39, 21, 12, 8, 39, 16, 22, 39, 2, 22, 2, 6, 1, 29, 30, 39, 19, 2, 20, 33, 38, 2, 22, 39]
    PRED: [9, 24, 39, 25, 20, 24, 37, 39, 35, 17, 39, 21, 25, 8, 39, 16, 22, 39, 2, 22, 27, 1, 28, 30, 39, 19, 24, 20, 38, 2, 22, 39]
    Edit distance: 10/34
  Sample 3:
    TRUE: [20, 3, 27, 17, 37, 39, 19, 0, 28, 30, 33, 21, 39, 22, 17, 8, 2, 8, 39, 6, 20, 1, 19, 39, 14, 20, 2, 34, 37, 39, 30, 33, 39, 6, 17, 39, 19, 2, 21, 26, 20, 17, 30, 20, 17, 39, 10, 20, 2, 14, 2, 22, 30, 39]
    PRED: [19, 27, 24, 17, 39, 1, 19, 28, 21, 39, 22, 10, 8, 39, 6, 21, 1, 19, 39, 20, 2, 34, 8, 39, 30, 33, 39, 21, 17, 39, 19, 2, 21, 26, 20, 30, 39, 1, 20, 2, 20, 10, 2, 22, 39]
    Edit distance: 22/54
  Sample 4:
    TRUE: [9, 2, 39, 30, 33, 31, 39, 13, 10, 27, 17, 39, 13, 11, 14, 0, 30, 39, 30, 33, 39, 19, 2, 21, 39, 35, 10, 22, 39, 27, 0, 18, 11, 37, 39, 30, 33, 31, 39, 13, 10, 20, 39, 4, 30, 39]
    PRED: [9, 2, 39, 27, 33, 31, 39, 34, 16, 17, 39, 13, 3, 0, 19, 0, 39, 30, 33, 39, 28, 2, 21, 39, 35, 2, 22, 39, 35, 0, 11, 9, 33, 31, 39, 13, 5, 39, 4, 30, 39]
    Edit distance: 17/46

============================================================
Batch 45500 | Val PER: 0.3159
============================================================
  Sample 0:
    TRUE: [31, 17, 0, 19, 27, 2, 28, 17, 39, 27, 17, 19, 2, 22, 28, 16, 8, 11, 8, 39]
    PRED: [9, 17, 39, 0, 19, 28, 39, 8, 16, 2, 14, 10, 30, 8, 39]
    Edit distance: 13/20
  Sample 1:
    TRUE: [27, 16, 7, 39, 26, 11, 7, 2, 28, 30, 39, 28, 10, 34, 27, 2, 20, 39, 28, 5, 22, 8, 39, 20, 16, 31, 2, 14, 27, 1, 13, 28, 39]
    PRED: [30, 27, 10, 7, 28, 39, 26, 11, 7, 2, 8, 39, 10, 34, 20, 39, 28, 5, 22, 8, 39, 16, 31, 2, 39, 18, 1, 13, 28, 39]
    Edit distance: 11/33
  Sample 2:
    TRUE: [28, 24, 39, 27, 33, 20, 37, 39, 35, 17, 39, 21, 12, 8, 39, 16, 22, 39, 2, 22, 2, 6, 1, 29, 30, 39, 19, 2, 20, 33, 38, 2, 22, 39]
    PRED: [9, 24, 39, 25, 20, 24, 37, 39, 35, 17, 39, 21, 25, 8, 39, 16, 22, 39, 2, 22, 27, 1, 28, 39, 19, 24, 20, 38, 2, 22, 39]
    Edit distance: 11/34
  Sample 3:
    TRUE: [20, 3, 27, 17, 37, 39, 19, 0, 28, 30, 33, 21, 39, 22, 17, 8, 2, 8, 39, 6, 20, 1, 19, 39, 14, 20, 2, 34, 37, 39, 30, 33, 39, 6, 17, 39, 19, 2, 21, 26, 20, 17, 30, 20, 17, 39, 10, 20, 2, 14, 2, 22, 30, 39]
    PRED: [19, 27, 24, 37, 17, 39, 1, 19, 28, 21, 39, 22, 10, 8, 39, 6, 27, 1, 19, 39, 20, 2, 34, 8, 39, 30, 33, 39, 21, 6, 17, 39, 19, 2, 26, 20, 30, 39, 1, 20, 2, 22, 39]
    Edit distance: 23/54
  Sample 4:
    TRUE: [9, 2, 39, 30, 33, 31, 39, 13, 10, 27, 17, 39, 13, 11, 14, 0, 30, 39, 30, 33, 39, 19, 2, 21, 39, 35, 10, 22, 39, 27, 0, 18, 11, 37, 39, 30, 33, 31, 39, 13, 10, 20, 39, 4, 30, 39]
    PRED: [9, 2, 39, 30, 27, 33, 31, 39, 34, 16, 17, 39, 13, 3, 0, 19, 0, 30, 39, 30, 33, 39, 28, 2, 21, 39, 35, 2, 22, 39, 35, 11, 11, 9, 33, 31, 39, 13, 1, 20, 39, 4, 30, 39]
    Edit distance: 16/46

============================================================
Batch 46000 | Val PER: 0.3176
============================================================
  Sample 0:
    TRUE: [31, 17, 0, 19, 27, 2, 28, 17, 39, 27, 17, 19, 2, 22, 28, 16, 8, 11, 8, 39]
    PRED: [9, 17, 39, 0, 19, 28, 39, 8, 16, 14, 30, 8, 39]
    Edit distance: 13/20
  Sample 1:
    TRUE: [27, 16, 7, 39, 26, 11, 7, 2, 28, 30, 39, 28, 10, 34, 27, 2, 20, 39, 28, 5, 22, 8, 39, 20, 16, 31, 2, 14, 27, 1, 13, 28, 39]
    PRED: [27, 10, 19, 30, 28, 39, 26, 11, 7, 2, 8, 39, 10, 34, 2, 20, 39, 28, 5, 22, 8, 39, 20, 16, 31, 9, 2, 14, 1, 13, 28, 39]
    Edit distance: 10/33
  Sample 2:
    TRUE: [28, 24, 39, 27, 33, 20, 37, 39, 35, 17, 39, 21, 12, 8, 39, 16, 22, 39, 2, 22, 2, 6, 1, 29, 30, 39, 19, 2, 20, 33, 38, 2, 22, 39]
    PRED: [9, 24, 39, 17, 20, 24, 37, 39, 35, 17, 39, 21, 25, 8, 39, 16, 22, 39, 16, 22, 27, 1, 28, 39, 19, 20, 2, 22, 39]
    Edit distance: 13/34
  Sample 3:
    TRUE: [20, 3, 27, 17, 37, 39, 19, 0, 28, 30, 33, 21, 39, 22, 17, 8, 2, 8, 39, 6, 20, 1, 19, 39, 14, 20, 2, 34, 37, 39, 30, 33, 39, 6, 17, 39, 19, 2, 21, 26, 20, 17, 30, 20, 17, 39, 10, 20, 2, 14, 2, 22, 30, 39]
    PRED: [19, 27, 24, 37, 17, 39, 1, 21, 39, 22, 10, 8, 39, 6, 27, 1, 19, 39, 20, 2, 34, 8, 39, 30, 33, 39, 21, 17, 33, 39, 19, 2, 21, 26, 20, 30, 39, 1, 20, 2, 22, 39]
    Edit distance: 24/54
  Sample 4:
    TRUE: [9, 2, 39, 30, 33, 31, 39, 13, 10, 27, 17, 39, 13, 11, 14, 0, 30, 39, 30, 33, 39, 19, 2, 21, 39, 35, 10, 22, 39, 27, 0, 18, 11, 37, 39, 30, 33, 31, 39, 13, 10, 20, 39, 4, 30, 39]
    PRED: [9, 2, 39, 30, 27, 33, 31, 39, 13, 16, 17, 39, 13, 3, 0, 19, 0, 30, 39, 30, 33, 39, 28, 2, 21, 39, 35, 10, 22, 39, 35, 0, 11, 39, 9, 33, 31, 39, 13, 5, 20, 39, 4, 30, 39]
    Edit distance: 12/46

============================================================
Batch 46500 | Val PER: 0.3185
============================================================
  Sample 0:
    TRUE: [31, 17, 0, 19, 27, 2, 28, 17, 39, 27, 17, 19, 2, 22, 28, 16, 8, 11, 8, 39]
    PRED: [9, 17, 19, 28, 39, 8, 16, 2, 14, 2, 22, 30, 8, 39]
    Edit distance: 13/20
  Sample 1:
    TRUE: [27, 16, 7, 39, 26, 11, 7, 2, 28, 30, 39, 28, 10, 34, 27, 2, 20, 39, 28, 5, 22, 8, 39, 20, 16, 31, 2, 14, 27, 1, 13, 28, 39]
    PRED: [27, 10, 19, 28, 39, 26, 11, 7, 2, 8, 39, 10, 34, 2, 20, 39, 28, 5, 22, 8, 39, 16, 31, 10, 13, 28, 39]
    Edit distance: 12/33
  Sample 2:
    TRUE: [28, 24, 39, 27, 33, 20, 37, 39, 35, 17, 39, 21, 12, 8, 39, 16, 22, 39, 2, 22, 2, 6, 1, 29, 30, 39, 19, 2, 20, 33, 38, 2, 22, 39]
    PRED: [9, 24, 39, 17, 20, 24, 37, 39, 35, 17, 39, 21, 25, 8, 39, 16, 22, 39, 22, 27, 1, 28, 39, 19, 33, 20, 33, 38, 2, 22, 39]
    Edit distance: 11/34
  Sample 3:
    TRUE: [20, 3, 27, 17, 37, 39, 19, 0, 28, 30, 33, 21, 39, 22, 17, 8, 2, 8, 39, 6, 20, 1, 19, 39, 14, 20, 2, 34, 37, 39, 30, 33, 39, 6, 17, 39, 19, 2, 21, 26, 20, 17, 30, 20, 17, 39, 10, 20, 2, 14, 2, 22, 30, 39]
    PRED: [19, 27, 24, 37, 17, 39, 1, 19, 21, 39, 22, 10, 8, 39, 6, 21, 1, 19, 39, 20, 2, 34, 8, 39, 30, 33, 39, 21, 17, 33, 39, 19, 2, 21, 26, 20, 30, 39, 1, 20, 2, 22, 39]
    Edit distance: 24/54
  Sample 4:
    TRUE: [9, 2, 39, 30, 33, 31, 39, 13, 10, 27, 17, 39, 13, 11, 14, 0, 30, 39, 30, 33, 39, 19, 2, 21, 39, 35, 10, 22, 39, 27, 0, 18, 11, 37, 39, 30, 33, 31, 39, 13, 10, 20, 39, 4, 30, 39]
    PRED: [9, 2, 39, 27, 33, 31, 39, 34, 16, 17, 39, 13, 3, 0, 19, 0, 19, 39, 30, 33, 39, 28, 2, 21, 39, 35, 10, 22, 39, 35, 5, 0, 11, 39, 9, 31, 33, 31, 39, 13, 1, 20, 39, 4, 30, 39]
    Edit distance: 16/46

============================================================
Batch 47000 | Val PER: 0.3170
============================================================
  Sample 0:
    TRUE: [31, 17, 0, 19, 27, 2, 28, 17, 39, 27, 17, 19, 2, 22, 28, 16, 8, 11, 8, 39]
    PRED: [9, 17, 0, 19, 28, 39, 8, 16, 2, 14, 2, 22, 2, 30, 8, 39]
    Edit distance: 12/20
  Sample 1:
    TRUE: [27, 16, 7, 39, 26, 11, 7, 2, 28, 30, 39, 28, 10, 34, 27, 2, 20, 39, 28, 5, 22, 8, 39, 20, 16, 31, 2, 14, 27, 1, 13, 28, 39]
    PRED: [27, 10, 19, 28, 39, 26, 11, 1, 7, 2, 8, 39, 10, 34, 2, 20, 39, 5, 22, 8, 39, 16, 31, 1, 13, 28, 39]
    Edit distance: 13/33
  Sample 2:
    TRUE: [28, 24, 39, 27, 33, 20, 37, 39, 35, 17, 39, 21, 12, 8, 39, 16, 22, 39, 2, 22, 2, 6, 1, 29, 30, 39, 19, 2, 20, 33, 38, 2, 22, 39]
    PRED: [9, 24, 39, 25, 20, 24, 37, 39, 35, 17, 39, 21, 25, 8, 39, 16, 22, 39, 2, 22, 27, 1, 28, 39, 19, 20, 33, 38, 38, 2, 22, 39]
    Edit distance: 11/34
  Sample 3:
    TRUE: [20, 3, 27, 17, 37, 39, 19, 0, 28, 30, 33, 21, 39, 22, 17, 8, 2, 8, 39, 6, 20, 1, 19, 39, 14, 20, 2, 34, 37, 39, 30, 33, 39, 6, 17, 39, 19, 2, 21, 26, 20, 17, 30, 20, 17, 39, 10, 20, 2, 14, 2, 22, 30, 39]
    PRED: [19, 27, 24, 17, 39, 1, 19, 21, 39, 22, 12, 8, 39, 6, 27, 1, 19, 39, 20, 2, 34, 37, 39, 30, 33, 39, 21, 17, 39, 19, 2, 21, 26, 20, 30, 39, 1, 20, 2, 20, 22, 39]
    Edit distance: 22/54
  Sample 4:
    TRUE: [9, 2, 39, 30, 33, 31, 39, 13, 10, 27, 17, 39, 13, 11, 14, 0, 30, 39, 30, 33, 39, 19, 2, 21, 39, 35, 10, 22, 39, 27, 0, 18, 11, 37, 39, 30, 33, 31, 39, 13, 10, 20, 39, 4, 30, 39]
    PRED: [9, 2, 39, 30, 27, 33, 31, 39, 34, 10, 39, 13, 3, 0, 0, 39, 30, 33, 39, 28, 2, 21, 39, 35, 2, 22, 39, 35, 11, 11, 39, 9, 33, 31, 39, 13, 1, 20, 39, 4, 30, 39]
    Edit distance: 15/46

============================================================
Batch 47500 | Val PER: 0.3173
============================================================
  Sample 0:
    TRUE: [31, 17, 0, 19, 27, 2, 28, 17, 39, 27, 17, 19, 2, 22, 28, 16, 8, 11, 8, 39]
    PRED: [9, 17, 0, 19, 28, 39, 8, 16, 2, 14, 30, 30, 39]
    Edit distance: 13/20
  Sample 1:
    TRUE: [27, 16, 7, 39, 26, 11, 7, 2, 28, 30, 39, 28, 10, 34, 27, 2, 20, 39, 28, 5, 22, 8, 39, 20, 16, 31, 2, 14, 27, 1, 13, 28, 39]
    PRED: [27, 10, 7, 30, 28, 39, 26, 11, 1, 7, 2, 8, 39, 10, 34, 2, 20, 39, 28, 5, 22, 8, 39, 20, 16, 31, 18, 10, 28, 39]
    Edit distance: 13/33
  Sample 2:
    TRUE: [28, 24, 39, 27, 33, 20, 37, 39, 35, 17, 39, 21, 12, 8, 39, 16, 22, 39, 2, 22, 2, 6, 1, 29, 30, 39, 19, 2, 20, 33, 38, 2, 22, 39]
    PRED: [9, 24, 39, 25, 20, 24, 37, 39, 36, 17, 39, 21, 25, 8, 39, 16, 22, 39, 2, 22, 27, 1, 28, 39, 19, 20, 33, 2, 22, 39]
    Edit distance: 12/34
  Sample 3:
    TRUE: [20, 3, 27, 17, 37, 39, 19, 0, 28, 30, 33, 21, 39, 22, 17, 8, 2, 8, 39, 6, 20, 1, 19, 39, 14, 20, 2, 34, 37, 39, 30, 33, 39, 6, 17, 39, 19, 2, 21, 26, 20, 17, 30, 20, 17, 39, 10, 20, 2, 14, 2, 22, 30, 39]
    PRED: [19, 27, 24, 37, 17, 39, 1, 21, 39, 22, 10, 8, 39, 21, 1, 19, 39, 20, 2, 34, 37, 39, 30, 33, 39, 21, 6, 17, 39, 19, 2, 21, 26, 20, 30, 39, 1, 20, 2, 20, 2, 22, 39]
    Edit distance: 22/54
  Sample 4:
    TRUE: [9, 2, 39, 30, 33, 31, 39, 13, 10, 27, 17, 39, 13, 11, 14, 0, 30, 39, 30, 33, 39, 19, 2, 21, 39, 35, 10, 22, 39, 27, 0, 18, 11, 37, 39, 30, 33, 31, 39, 13, 10, 20, 39, 4, 30, 39]
    PRED: [9, 2, 39, 27, 33, 31, 39, 34, 17, 39, 13, 3, 0, 0, 30, 39, 30, 33, 39, 28, 2, 21, 39, 35, 10, 22, 39, 27, 5, 11, 39, 9, 31, 33, 31, 39, 13, 1, 20, 39, 4, 30, 39]
    Edit distance: 13/46

============================================================
Batch 48000 | Val PER: 0.3199
============================================================
  Sample 0:
    TRUE: [31, 17, 0, 19, 27, 2, 28, 17, 39, 27, 17, 19, 2, 22, 28, 16, 8, 11, 8, 39]
    PRED: [9, 17, 0, 19, 28, 39, 8, 16, 2, 22, 2, 30, 39]
    Edit distance: 12/20
  Sample 1:
    TRUE: [27, 16, 7, 39, 26, 11, 7, 2, 28, 30, 39, 28, 10, 34, 27, 2, 20, 39, 28, 5, 22, 8, 39, 20, 16, 31, 2, 14, 27, 1, 13, 28, 39]
    PRED: [27, 10, 7, 30, 28, 39, 26, 11, 1, 7, 2, 8, 39, 10, 34, 11, 20, 39, 28, 5, 22, 8, 39, 16, 31, 18, 10, 39]
    Edit distance: 16/33
  Sample 2:
    TRUE: [28, 24, 39, 27, 33, 20, 37, 39, 35, 17, 39, 21, 12, 8, 39, 16, 22, 39, 2, 22, 2, 6, 1, 29, 30, 39, 19, 2, 20, 33, 38, 2, 22, 39]
    PRED: [9, 24, 39, 17, 20, 24, 37, 39, 35, 17, 39, 21, 25, 8, 39, 16, 22, 39, 16, 22, 27, 1, 28, 30, 39, 19, 24, 20, 33, 38, 2, 22, 39]
    Edit distance: 10/34
  Sample 3:
    TRUE: [20, 3, 27, 17, 37, 39, 19, 0, 28, 30, 33, 21, 39, 22, 17, 8, 2, 8, 39, 6, 20, 1, 19, 39, 14, 20, 2, 34, 37, 39, 30, 33, 39, 6, 17, 39, 19, 2, 21, 26, 20, 17, 30, 20, 17, 39, 10, 20, 2, 14, 2, 22, 30, 39]
    PRED: [19, 27, 24, 17, 39, 1, 21, 39, 22, 12, 8, 39, 6, 21, 1, 19, 39, 20, 2, 34, 37, 39, 30, 33, 39, 21, 17, 33, 39, 19, 2, 21, 26, 20, 30, 39, 1, 20, 22, 39]
    Edit distance: 24/54
  Sample 4:
    TRUE: [9, 2, 39, 30, 33, 31, 39, 13, 10, 27, 17, 39, 13, 11, 14, 0, 30, 39, 30, 33, 39, 19, 2, 21, 39, 35, 10, 22, 39, 27, 0, 18, 11, 37, 39, 30, 33, 31, 39, 13, 10, 20, 39, 4, 30, 39]
    PRED: [9, 2, 39, 30, 27, 33, 31, 39, 34, 16, 17, 39, 13, 0, 19, 0, 30, 39, 30, 33, 39, 28, 2, 21, 39, 35, 10, 22, 39, 35, 11, 0, 11, 39, 9, 33, 31, 39, 13, 5, 39, 4, 30, 39]
    Edit distance: 14/46

============================================================
Batch 48500 | Val PER: 0.3193
============================================================
  Sample 0:
    TRUE: [31, 17, 0, 19, 27, 2, 28, 17, 39, 27, 17, 19, 2, 22, 28, 16, 8, 11, 8, 39]
    PRED: [9, 17, 39, 0, 19, 28, 39, 8, 16, 2, 14, 2, 22, 2, 30, 8, 39]
    Edit distance: 13/20
  Sample 1:
    TRUE: [27, 16, 7, 39, 26, 11, 7, 2, 28, 30, 39, 28, 10, 34, 27, 2, 20, 39, 28, 5, 22, 8, 39, 20, 16, 31, 2, 14, 27, 1, 13, 28, 39]
    PRED: [27, 10, 19, 30, 39, 26, 11, 0, 7, 2, 8, 39, 10, 34, 2, 20, 39, 5, 22, 8, 39, 16, 31, 2, 14, 10, 13, 28, 39]
    Edit distance: 12/33
  Sample 2:
    TRUE: [28, 24, 39, 27, 33, 20, 37, 39, 35, 17, 39, 21, 12, 8, 39, 16, 22, 39, 2, 22, 2, 6, 1, 29, 30, 39, 19, 2, 20, 33, 38, 2, 22, 39]
    PRED: [9, 24, 39, 33, 25, 20, 24, 37, 39, 6, 17, 39, 21, 25, 8, 39, 16, 22, 39, 2, 22, 2, 27, 1, 28, 30, 39, 19, 33, 20, 33, 38, 2, 22, 39]
    Edit distance: 9/34
  Sample 3:
    TRUE: [20, 3, 27, 17, 37, 39, 19, 0, 28, 30, 33, 21, 39, 22, 17, 8, 2, 8, 39, 6, 20, 1, 19, 39, 14, 20, 2, 34, 37, 39, 30, 33, 39, 6, 17, 39, 19, 2, 21, 26, 20, 17, 30, 20, 17, 39, 10, 20, 2, 14, 2, 22, 30, 39]
    PRED: [19, 27, 24, 37, 17, 39, 1, 19, 21, 39, 22, 10, 8, 39, 6, 21, 1, 19, 39, 20, 2, 8, 39, 30, 33, 39, 21, 6, 17, 39, 19, 2, 21, 26, 20, 30, 39, 1, 20, 2, 20, 2, 22, 39]
    Edit distance: 23/54
  Sample 4:
    TRUE: [9, 2, 39, 30, 33, 31, 39, 13, 10, 27, 17, 39, 13, 11, 14, 0, 30, 39, 30, 33, 39, 19, 2, 21, 39, 35, 10, 22, 39, 27, 0, 18, 11, 37, 39, 30, 33, 31, 39, 13, 10, 20, 39, 4, 30, 39]
    PRED: [9, 2, 39, 30, 27, 33, 31, 39, 34, 16, 17, 39, 13, 3, 19, 0, 39, 30, 33, 39, 28, 2, 21, 39, 35, 2, 22, 39, 35, 5, 0, 8, 11, 9, 33, 31, 39, 13, 20, 39, 4, 30, 39]
    Edit distance: 16/46

============================================================
Batch 49000 | Val PER: 0.3188
============================================================
  Sample 0:
    TRUE: [31, 17, 0, 19, 27, 2, 28, 17, 39, 27, 17, 19, 2, 22, 28, 16, 8, 11, 8, 39]
    PRED: [9, 17, 0, 19, 28, 39, 8, 16, 2, 14, 2, 22, 30, 39]
    Edit distance: 13/20
  Sample 1:
    TRUE: [27, 16, 7, 39, 26, 11, 7, 2, 28, 30, 39, 28, 10, 34, 27, 2, 20, 39, 28, 5, 22, 8, 39, 20, 16, 31, 2, 14, 27, 1, 13, 28, 39]
    PRED: [27, 10, 19, 28, 39, 26, 11, 1, 7, 2, 8, 39, 10, 34, 2, 20, 39, 28, 5, 22, 8, 39, 16, 31, 2, 14, 1, 13, 28, 39]
    Edit distance: 10/33
  Sample 2:
    TRUE: [28, 24, 39, 27, 33, 20, 37, 39, 35, 17, 39, 21, 12, 8, 39, 16, 22, 39, 2, 22, 2, 6, 1, 29, 30, 39, 19, 2, 20, 33, 38, 2, 22, 39]
    PRED: [9, 24, 39, 25, 20, 24, 37, 39, 34, 17, 39, 21, 25, 8, 39, 16, 22, 39, 16, 22, 2, 34, 27, 1, 28, 30, 39, 19, 33, 20, 33, 38, 2, 22, 39]
    Edit distance: 11/34
  Sample 3:
    TRUE: [20, 3, 27, 17, 37, 39, 19, 0, 28, 30, 33, 21, 39, 22, 17, 8, 2, 8, 39, 6, 20, 1, 19, 39, 14, 20, 2, 34, 37, 39, 30, 33, 39, 6, 17, 39, 19, 2, 21, 26, 20, 17, 30, 20, 17, 39, 10, 20, 2, 14, 2, 22, 30, 39]
    PRED: [27, 24, 37, 17, 39, 1, 19, 28, 21, 39, 22, 10, 8, 39, 21, 1, 19, 39, 20, 2, 34, 37, 39, 30, 33, 39, 21, 17, 39, 19, 2, 21, 26, 20, 30, 39, 1, 2, 20, 2, 22, 39]
    Edit distance: 22/54
  Sample 4:
    TRUE: [9, 2, 39, 30, 33, 31, 39, 13, 10, 27, 17, 39, 13, 11, 14, 0, 30, 39, 30, 33, 39, 19, 2, 21, 39, 35, 10, 22, 39, 27, 0, 18, 11, 37, 39, 30, 33, 31, 39, 13, 10, 20, 39, 4, 30, 39]
    PRED: [9, 2, 39, 30, 27, 33, 31, 39, 34, 17, 39, 13, 3, 19, 0, 19, 39, 30, 33, 39, 28, 2, 21, 39, 35, 2, 22, 39, 35, 5, 11, 39, 9, 31, 33, 31, 39, 13, 1, 39, 4, 30, 39]
    Edit distance: 17/46

============================================================
Batch 49500 | Val PER: 0.3230
============================================================
  Sample 0:
    TRUE: [31, 17, 0, 19, 27, 2, 28, 17, 39, 27, 17, 19, 2, 22, 28, 16, 8, 11, 8, 39]
    PRED: [9, 2, 0, 19, 28, 39, 8, 16, 2, 14, 30, 39]
    Edit distance: 14/20
  Sample 1:
    TRUE: [27, 16, 7, 39, 26, 11, 7, 2, 28, 30, 39, 28, 10, 34, 27, 2, 20, 39, 28, 5, 22, 8, 39, 20, 16, 31, 2, 14, 27, 1, 13, 28, 39]
    PRED: [27, 10, 19, 28, 39, 26, 11, 1, 29, 2, 8, 39, 10, 34, 2, 20, 39, 5, 22, 8, 39, 16, 31, 2, 14, 10, 28, 39]
    Edit distance: 14/33
  Sample 2:
    TRUE: [28, 24, 39, 27, 33, 20, 37, 39, 35, 17, 39, 21, 12, 8, 39, 16, 22, 39, 2, 22, 2, 6, 1, 29, 30, 39, 19, 2, 20, 33, 38, 2, 22, 39]
    PRED: [9, 24, 39, 25, 20, 24, 37, 39, 35, 17, 39, 21, 25, 8, 39, 16, 22, 39, 2, 22, 27, 1, 29, 28, 39, 33, 20, 33, 38, 2, 22, 39]
    Edit distance: 10/34
  Sample 3:
    TRUE: [20, 3, 27, 17, 37, 39, 19, 0, 28, 30, 33, 21, 39, 22, 17, 8, 2, 8, 39, 6, 20, 1, 19, 39, 14, 20, 2, 34, 37, 39, 30, 33, 39, 6, 17, 39, 19, 2, 21, 26, 20, 17, 30, 20, 17, 39, 10, 20, 2, 14, 2, 22, 30, 39]
    PRED: [27, 24, 37, 17, 39, 1, 21, 39, 22, 10, 8, 39, 6, 1, 19, 39, 20, 2, 34, 37, 39, 30, 33, 39, 21, 6, 17, 39, 19, 2, 21, 26, 20, 39, 1, 2, 20, 2, 22, 39]
    Edit distance: 23/54
  Sample 4:
    TRUE: [9, 2, 39, 30, 33, 31, 39, 13, 10, 27, 17, 39, 13, 11, 14, 0, 30, 39, 30, 33, 39, 19, 2, 21, 39, 35, 10, 22, 39, 27, 0, 18, 11, 37, 39, 30, 33, 31, 39, 13, 10, 20, 39, 4, 30, 39]
    PRED: [9, 2, 39, 30, 27, 33, 31, 39, 34, 10, 16, 39, 13, 3, 0, 19, 0, 39, 30, 33, 39, 28, 2, 21, 39, 35, 2, 22, 39, 27, 11, 11, 39, 31, 33, 31, 39, 13, 1, 39, 4, 30, 39]
    Edit distance: 16/46

============================================================
Batch 50000 | Val PER: 0.3236
============================================================
  Sample 0:
    TRUE: [31, 17, 0, 19, 27, 2, 28, 17, 39, 27, 17, 19, 2, 22, 28, 16, 8, 11, 8, 39]
    PRED: [9, 17, 0, 19, 28, 39, 8, 16, 2, 14, 30, 8, 39]
    Edit distance: 12/20
  Sample 1:
    TRUE: [27, 16, 7, 39, 26, 11, 7, 2, 28, 30, 39, 28, 10, 34, 27, 2, 20, 39, 28, 5, 22, 8, 39, 20, 16, 31, 2, 14, 27, 1, 13, 28, 39]
    PRED: [27, 10, 19, 28, 39, 26, 27, 1, 7, 2, 8, 39, 10, 34, 2, 20, 39, 5, 22, 8, 39, 16, 31, 9, 2, 18, 10, 13, 28, 39]
    Edit distance: 15/33
  Sample 2:
    TRUE: [28, 24, 39, 27, 33, 20, 37, 39, 35, 17, 39, 21, 12, 8, 39, 16, 22, 39, 2, 22, 2, 6, 1, 29, 30, 39, 19, 2, 20, 33, 38, 2, 22, 39]
    PRED: [9, 24, 39, 33, 20, 24, 37, 39, 6, 17, 39, 21, 25, 8, 39, 16, 22, 39, 2, 22, 34, 27, 1, 28, 39, 19, 33, 20, 33, 38, 2, 22, 39]
    Edit distance: 10/34
  Sample 3:
    TRUE: [20, 3, 27, 17, 37, 39, 19, 0, 28, 30, 33, 21, 39, 22, 17, 8, 2, 8, 39, 6, 20, 1, 19, 39, 14, 20, 2, 34, 37, 39, 30, 33, 39, 6, 17, 39, 19, 2, 21, 26, 20, 17, 30, 20, 17, 39, 10, 20, 2, 14, 2, 22, 30, 39]
    PRED: [19, 27, 24, 39, 1, 19, 21, 39, 22, 10, 8, 39, 6, 21, 1, 19, 39, 20, 2, 34, 37, 39, 30, 33, 39, 21, 6, 17, 39, 19, 2, 21, 26, 20, 30, 39, 1, 20, 2, 20, 2, 22, 39]
    Edit distance: 21/54
  Sample 4:
    TRUE: [9, 2, 39, 30, 33, 31, 39, 13, 10, 27, 17, 39, 13, 11, 14, 0, 30, 39, 30, 33, 39, 19, 2, 21, 39, 35, 10, 22, 39, 27, 0, 18, 11, 37, 39, 30, 33, 31, 39, 13, 10, 20, 39, 4, 30, 39]
    PRED: [9, 2, 39, 30, 27, 33, 31, 39, 34, 16, 17, 39, 13, 3, 0, 0, 0, 30, 39, 30, 33, 39, 28, 2, 21, 39, 35, 2, 22, 39, 27, 11, 0, 11, 39, 9, 31, 33, 31, 39, 13, 1, 39, 4, 30, 39]
    Edit distance: 16/46

============================================================
Batch 50500 | Val PER: 0.3223
============================================================
  Sample 0:
    TRUE: [31, 17, 0, 19, 27, 2, 28, 17, 39, 27, 17, 19, 2, 22, 28, 16, 8, 11, 8, 39]
    PRED: [9, 17, 0, 19, 28, 39, 8, 16, 14, 30, 8, 39]
    Edit distance: 12/20
  Sample 1:
    TRUE: [27, 16, 7, 39, 26, 11, 7, 2, 28, 30, 39, 28, 10, 34, 27, 2, 20, 39, 28, 5, 22, 8, 39, 20, 16, 31, 2, 14, 27, 1, 13, 28, 39]
    PRED: [30, 27, 10, 19, 28, 39, 26, 27, 1, 7, 2, 8, 39, 10, 34, 11, 20, 39, 5, 22, 8, 39, 16, 31, 9, 2, 18, 1, 13, 28, 39]
    Edit distance: 16/33
  Sample 2:
    TRUE: [28, 24, 39, 27, 33, 20, 37, 39, 35, 17, 39, 21, 12, 8, 39, 16, 22, 39, 2, 22, 2, 6, 1, 29, 30, 39, 19, 2, 20, 33, 38, 2, 22, 39]
    PRED: [9, 24, 39, 25, 20, 24, 37, 39, 35, 17, 39, 21, 25, 8, 39, 16, 22, 39, 22, 27, 1, 28, 39, 19, 20, 38, 2, 22, 39]
    Edit distance: 12/34
  Sample 3:
    TRUE: [20, 3, 27, 17, 37, 39, 19, 0, 28, 30, 33, 21, 39, 22, 17, 8, 2, 8, 39, 6, 20, 1, 19, 39, 14, 20, 2, 34, 37, 39, 30, 33, 39, 6, 17, 39, 19, 2, 21, 26, 20, 17, 30, 20, 17, 39, 10, 20, 2, 14, 2, 22, 30, 39]
    PRED: [19, 27, 24, 37, 17, 39, 1, 19, 21, 39, 22, 10, 8, 39, 21, 1, 19, 39, 20, 2, 34, 8, 39, 30, 33, 39, 21, 17, 39, 19, 2, 21, 26, 20, 39, 1, 20, 2, 22, 39]
    Edit distance: 25/54
  Sample 4:
    TRUE: [9, 2, 39, 30, 33, 31, 39, 13, 10, 27, 17, 39, 13, 11, 14, 0, 30, 39, 30, 33, 39, 19, 2, 21, 39, 35, 10, 22, 39, 27, 0, 18, 11, 37, 39, 30, 33, 31, 39, 13, 10, 20, 39, 4, 30, 39]
    PRED: [9, 2, 39, 30, 27, 33, 31, 39, 34, 16, 17, 39, 13, 3, 0, 0, 39, 30, 33, 39, 28, 2, 21, 39, 35, 2, 22, 39, 35, 0, 8, 11, 39, 9, 33, 31, 39, 13, 1, 20, 4, 30, 39]
    Edit distance: 15/46

============================================================
Batch 51000 | Val PER: 0.3203
============================================================
  Sample 0:
    TRUE: [31, 17, 0, 19, 27, 2, 28, 17, 39, 27, 17, 19, 2, 22, 28, 16, 8, 11, 8, 39]
    PRED: [17, 0, 19, 28, 39, 8, 16, 2, 14, 30, 39]
    Edit distance: 13/20
  Sample 1:
    TRUE: [27, 16, 7, 39, 26, 11, 7, 2, 28, 30, 39, 28, 10, 34, 27, 2, 20, 39, 28, 5, 22, 8, 39, 20, 16, 31, 2, 14, 27, 1, 13, 28, 39]
    PRED: [27, 10, 19, 28, 39, 26, 11, 1, 7, 2, 8, 39, 10, 34, 20, 39, 5, 22, 8, 37, 39, 16, 31, 2, 18, 10, 13, 28, 39]
    Edit distance: 15/33
  Sample 2:
    TRUE: [28, 24, 39, 27, 33, 20, 37, 39, 35, 17, 39, 21, 12, 8, 39, 16, 22, 39, 2, 22, 2, 6, 1, 29, 30, 39, 19, 2, 20, 33, 38, 2, 22, 39]
    PRED: [9, 24, 39, 25, 20, 24, 37, 39, 35, 17, 39, 21, 25, 8, 39, 16, 22, 39, 2, 22, 13, 27, 1, 28, 30, 39, 19, 24, 20, 2, 22, 39]
    Edit distance: 11/34
  Sample 3:
    TRUE: [20, 3, 27, 17, 37, 39, 19, 0, 28, 30, 33, 21, 39, 22, 17, 8, 2, 8, 39, 6, 20, 1, 19, 39, 14, 20, 2, 34, 37, 39, 30, 33, 39, 6, 17, 39, 19, 2, 21, 26, 20, 17, 30, 20, 17, 39, 10, 20, 2, 14, 2, 22, 30, 39]
    PRED: [19, 27, 24, 17, 39, 1, 19, 21, 39, 22, 10, 8, 39, 6, 21, 1, 19, 39, 20, 2, 34, 37, 39, 33, 39, 21, 17, 39, 19, 2, 21, 26, 20, 39, 1, 20, 2, 20, 22, 39]
    Edit distance: 24/54
  Sample 4:
    TRUE: [9, 2, 39, 30, 33, 31, 39, 13, 10, 27, 17, 39, 13, 11, 14, 0, 30, 39, 30, 33, 39, 19, 2, 21, 39, 35, 10, 22, 39, 27, 0, 18, 11, 37, 39, 30, 33, 31, 39, 13, 10, 20, 39, 4, 30, 39]
    PRED: [9, 2, 39, 30, 27, 33, 31, 39, 13, 10, 17, 39, 13, 3, 0, 0, 19, 39, 30, 33, 39, 28, 2, 21, 39, 35, 2, 22, 39, 35, 11, 11, 39, 9, 33, 31, 39, 13, 39, 4, 30, 39]
    Edit distance: 14/46

============================================================
Batch 51500 | Val PER: 0.3187
============================================================
  Sample 0:
    TRUE: [31, 17, 0, 19, 27, 2, 28, 17, 39, 27, 17, 19, 2, 22, 28, 16, 8, 11, 8, 39]
    PRED: [17, 0, 19, 28, 39, 27, 16, 14, 30, 8, 39]
    Edit distance: 11/20
  Sample 1:
    TRUE: [27, 16, 7, 39, 26, 11, 7, 2, 28, 30, 39, 28, 10, 34, 27, 2, 20, 39, 28, 5, 22, 8, 39, 20, 16, 31, 2, 14, 27, 1, 13, 28, 39]
    PRED: [27, 10, 19, 28, 39, 26, 11, 0, 7, 2, 8, 39, 10, 34, 20, 39, 28, 5, 22, 8, 39, 16, 31, 9, 2, 14, 10, 28, 39]
    Edit distance: 14/33
  Sample 2:
    TRUE: [28, 24, 39, 27, 33, 20, 37, 39, 35, 17, 39, 21, 12, 8, 39, 16, 22, 39, 2, 22, 2, 6, 1, 29, 30, 39, 19, 2, 20, 33, 38, 2, 22, 39]
    PRED: [9, 24, 39, 25, 20, 37, 39, 21, 17, 39, 21, 25, 8, 39, 16, 22, 39, 22, 27, 1, 28, 39, 19, 20, 38, 2, 22, 39]
    Edit distance: 12/34
  Sample 3:
    TRUE: [20, 3, 27, 17, 37, 39, 19, 0, 28, 30, 33, 21, 39, 22, 17, 8, 2, 8, 39, 6, 20, 1, 19, 39, 14, 20, 2, 34, 37, 39, 30, 33, 39, 6, 17, 39, 19, 2, 21, 26, 20, 17, 30, 20, 17, 39, 10, 20, 2, 14, 2, 22, 30, 39]
    PRED: [27, 24, 17, 39, 1, 19, 21, 39, 22, 10, 8, 39, 21, 1, 19, 39, 20, 2, 34, 8, 39, 30, 33, 39, 21, 17, 39, 19, 2, 21, 26, 20, 39, 1, 20, 2, 20, 2, 22, 39]
    Edit distance: 24/54
  Sample 4:
    TRUE: [9, 2, 39, 30, 33, 31, 39, 13, 10, 27, 17, 39, 13, 11, 14, 0, 30, 39, 30, 33, 39, 19, 2, 21, 39, 35, 10, 22, 39, 27, 0, 18, 11, 37, 39, 30, 33, 31, 39, 13, 10, 20, 39, 4, 30, 39]
    PRED: [9, 2, 39, 27, 33, 31, 39, 13, 17, 39, 13, 3, 0, 19, 0, 39, 30, 33, 39, 28, 2, 21, 39, 35, 10, 22, 39, 27, 11, 39, 9, 33, 31, 39, 13, 1, 39, 4, 30, 39]
    Edit distance: 14/46

============================================================
Batch 52000 | Val PER: 0.3202
============================================================
  Sample 0:
    TRUE: [31, 17, 0, 19, 27, 2, 28, 17, 39, 27, 17, 19, 2, 22, 28, 16, 8, 11, 8, 39]
    PRED: [9, 17, 0, 19, 28, 39, 8, 16, 2, 30, 8, 39]
    Edit distance: 12/20
  Sample 1:
    TRUE: [27, 16, 7, 39, 26, 11, 7, 2, 28, 30, 39, 28, 10, 34, 27, 2, 20, 39, 28, 5, 22, 8, 39, 20, 16, 31, 2, 14, 27, 1, 13, 28, 39]
    PRED: [30, 27, 10, 19, 28, 39, 26, 11, 0, 7, 2, 8, 39, 10, 34, 2, 20, 39, 28, 5, 22, 8, 39, 16, 31, 9, 2, 10, 13, 28, 39]
    Edit distance: 14/33
  Sample 2:
    TRUE: [28, 24, 39, 27, 33, 20, 37, 39, 35, 17, 39, 21, 12, 8, 39, 16, 22, 39, 2, 22, 2, 6, 1, 29, 30, 39, 19, 2, 20, 33, 38, 2, 22, 39]
    PRED: [9, 24, 39, 25, 20, 24, 37, 39, 6, 17, 39, 21, 25, 8, 39, 16, 22, 39, 10, 22, 27, 1, 28, 39, 19, 20, 38, 38, 2, 22, 39]
    Edit distance: 13/34
  Sample 3:
    TRUE: [20, 3, 27, 17, 37, 39, 19, 0, 28, 30, 33, 21, 39, 22, 17, 8, 2, 8, 39, 6, 20, 1, 19, 39, 14, 20, 2, 34, 37, 39, 30, 33, 39, 6, 17, 39, 19, 2, 21, 26, 20, 17, 30, 20, 17, 39, 10, 20, 2, 14, 2, 22, 30, 39]
    PRED: [19, 27, 24, 37, 17, 39, 1, 19, 21, 39, 22, 10, 8, 39, 6, 21, 1, 19, 39, 20, 2, 34, 8, 39, 30, 33, 39, 21, 17, 39, 19, 2, 21, 26, 20, 39, 1, 20, 2, 20, 22, 39]
    Edit distance: 24/54
  Sample 4:
    TRUE: [9, 2, 39, 30, 33, 31, 39, 13, 10, 27, 17, 39, 13, 11, 14, 0, 30, 39, 30, 33, 39, 19, 2, 21, 39, 35, 10, 22, 39, 27, 0, 18, 11, 37, 39, 30, 33, 31, 39, 13, 10, 20, 39, 4, 30, 39]
    PRED: [9, 2, 39, 30, 27, 33, 31, 39, 34, 17, 39, 13, 3, 0, 19, 0, 19, 39, 30, 33, 39, 28, 2, 21, 39, 35, 2, 22, 39, 35, 0, 11, 39, 9, 31, 33, 31, 39, 13, 1, 39, 4, 30, 39]
    Edit distance: 17/46

============================================================
Batch 52500 | Val PER: 0.3215
============================================================
  Sample 0:
    TRUE: [31, 17, 0, 19, 27, 2, 28, 17, 39, 27, 17, 19, 2, 22, 28, 16, 8, 11, 8, 39]
    PRED: [9, 17, 0, 19, 28, 39, 8, 16, 14, 30, 2, 30, 30, 8, 39]
    Edit distance: 13/20
  Sample 1:
    TRUE: [27, 16, 7, 39, 26, 11, 7, 2, 28, 30, 39, 28, 10, 34, 27, 2, 20, 39, 28, 5, 22, 8, 39, 20, 16, 31, 2, 14, 27, 1, 13, 28, 39]
    PRED: [30, 27, 10, 19, 28, 39, 26, 11, 1, 7, 2, 8, 39, 10, 34, 20, 39, 28, 5, 22, 8, 39, 16, 31, 9, 2, 14, 10, 13, 39]
    Edit distance: 15/33
  Sample 2:
    TRUE: [28, 24, 39, 27, 33, 20, 37, 39, 35, 17, 39, 21, 12, 8, 39, 16, 22, 39, 2, 22, 2, 6, 1, 29, 30, 39, 19, 2, 20, 33, 38, 2, 22, 39]
    PRED: [9, 24, 39, 25, 20, 37, 39, 6, 17, 39, 21, 25, 8, 39, 16, 22, 39, 22, 27, 1, 28, 39, 19, 33, 20, 33, 38, 38, 2, 22, 39]
    Edit distance: 12/34
  Sample 3:
    TRUE: [20, 3, 27, 17, 37, 39, 19, 0, 28, 30, 33, 21, 39, 22, 17, 8, 2, 8, 39, 6, 20, 1, 19, 39, 14, 20, 2, 34, 37, 39, 30, 33, 39, 6, 17, 39, 19, 2, 21, 26, 20, 17, 30, 20, 17, 39, 10, 20, 2, 14, 2, 22, 30, 39]
    PRED: [19, 27, 24, 37, 17, 39, 1, 19, 21, 39, 22, 10, 8, 39, 6, 27, 1, 19, 39, 14, 2, 34, 37, 39, 30, 33, 39, 21, 6, 17, 39, 19, 2, 21, 26, 20, 30, 39, 1, 20, 2, 20, 2, 22, 39]
    Edit distance: 21/54
  Sample 4:
    TRUE: [9, 2, 39, 30, 33, 31, 39, 13, 10, 27, 17, 39, 13, 11, 14, 0, 30, 39, 30, 33, 39, 19, 2, 21, 39, 35, 10, 22, 39, 27, 0, 18, 11, 37, 39, 30, 33, 31, 39, 13, 10, 20, 39, 4, 30, 39]
    PRED: [9, 2, 39, 30, 27, 33, 31, 39, 13, 16, 17, 39, 13, 3, 0, 19, 0, 30, 39, 30, 33, 39, 28, 2, 21, 39, 35, 2, 22, 39, 35, 0, 11, 39, 9, 33, 31, 39, 13, 10, 39, 4, 30, 39]
    Edit distance: 13/46

============================================================
Batch 53000 | Val PER: 0.3242
============================================================
  Sample 0:
    TRUE: [31, 17, 0, 19, 27, 2, 28, 17, 39, 27, 17, 19, 2, 22, 28, 16, 8, 11, 8, 39]
    PRED: [17, 0, 19, 28, 39, 8, 16, 14, 2, 8, 30, 8, 39]
    Edit distance: 11/20
  Sample 1:
    TRUE: [27, 16, 7, 39, 26, 11, 7, 2, 28, 30, 39, 28, 10, 34, 27, 2, 20, 39, 28, 5, 22, 8, 39, 20, 16, 31, 2, 14, 27, 1, 13, 28, 39]
    PRED: [30, 27, 10, 19, 28, 39, 26, 11, 1, 29, 2, 8, 39, 10, 34, 2, 20, 39, 5, 22, 8, 22, 39, 31, 16, 31, 2, 14, 10, 13, 39]
    Edit distance: 16/33
  Sample 2:
    TRUE: [28, 24, 39, 27, 33, 20, 37, 39, 35, 17, 39, 21, 12, 8, 39, 16, 22, 39, 2, 22, 2, 6, 1, 29, 30, 39, 19, 2, 20, 33, 38, 2, 22, 39]
    PRED: [9, 24, 39, 35, 17, 20, 37, 39, 35, 17, 39, 21, 25, 8, 39, 16, 22, 39, 22, 27, 1, 28, 39, 19, 24, 33, 20, 33, 38, 2, 22, 39]
    Edit distance: 11/34
  Sample 3:
    TRUE: [20, 3, 27, 17, 37, 39, 19, 0, 28, 30, 33, 21, 39, 22, 17, 8, 2, 8, 39, 6, 20, 1, 19, 39, 14, 20, 2, 34, 37, 39, 30, 33, 39, 6, 17, 39, 19, 2, 21, 26, 20, 17, 30, 20, 17, 39, 10, 20, 2, 14, 2, 22, 30, 39]
    PRED: [19, 27, 24, 37, 17, 39, 15, 1, 21, 39, 22, 10, 8, 39, 6, 21, 1, 19, 39, 14, 2, 34, 37, 39, 30, 33, 39, 21, 17, 39, 19, 2, 21, 26, 20, 17, 39, 1, 20, 2, 20, 22, 39]
    Edit distance: 22/54
  Sample 4:
    TRUE: [9, 2, 39, 30, 33, 31, 39, 13, 10, 27, 17, 39, 13, 11, 14, 0, 30, 39, 30, 33, 39, 19, 2, 21, 39, 35, 10, 22, 39, 27, 0, 18, 11, 37, 39, 30, 33, 31, 39, 13, 10, 20, 39, 4, 30, 39]
    PRED: [9, 2, 39, 30, 27, 33, 31, 39, 34, 10, 17, 39, 13, 3, 0, 19, 0, 19, 39, 30, 33, 39, 28, 2, 21, 39, 35, 10, 22, 39, 35, 11, 11, 39, 31, 33, 31, 39, 13, 1, 20, 39, 4, 30, 39]
    Edit distance: 14/46

============================================================
Batch 53500 | Val PER: 0.3187
============================================================
  Sample 0:
    TRUE: [31, 17, 0, 19, 27, 2, 28, 17, 39, 27, 17, 19, 2, 22, 28, 16, 8, 11, 8, 39]
    PRED: [9, 17, 0, 19, 28, 39, 8, 16, 2, 14, 30, 39]
    Edit distance: 13/20
  Sample 1:
    TRUE: [27, 16, 7, 39, 26, 11, 7, 2, 28, 30, 39, 28, 10, 34, 27, 2, 20, 39, 28, 5, 22, 8, 39, 20, 16, 31, 2, 14, 27, 1, 13, 28, 39]
    PRED: [30, 27, 10, 19, 28, 39, 26, 11, 0, 7, 2, 8, 39, 10, 34, 20, 39, 5, 22, 39, 20, 16, 31, 2, 14, 10, 28, 39]
    Edit distance: 15/33
  Sample 2:
    TRUE: [28, 24, 39, 27, 33, 20, 37, 39, 35, 17, 39, 21, 12, 8, 39, 16, 22, 39, 2, 22, 2, 6, 1, 29, 30, 39, 19, 2, 20, 33, 38, 2, 22, 39]
    PRED: [9, 24, 39, 33, 20, 24, 37, 39, 36, 17, 39, 21, 25, 8, 39, 16, 22, 39, 2, 22, 27, 1, 28, 39, 19, 24, 20, 33, 38, 2, 22, 39]
    Edit distance: 10/34
  Sample 3:
    TRUE: [20, 3, 27, 17, 37, 39, 19, 0, 28, 30, 33, 21, 39, 22, 17, 8, 2, 8, 39, 6, 20, 1, 19, 39, 14, 20, 2, 34, 37, 39, 30, 33, 39, 6, 17, 39, 19, 2, 21, 26, 20, 17, 30, 20, 17, 39, 10, 20, 2, 14, 2, 22, 30, 39]
    PRED: [19, 27, 24, 37, 17, 39, 1, 19, 21, 39, 22, 10, 8, 39, 6, 27, 0, 19, 39, 20, 2, 30, 39, 30, 33, 39, 21, 17, 33, 39, 19, 2, 21, 26, 20, 39, 1, 20, 2, 20, 22, 30, 39]
    Edit distance: 26/54
  Sample 4:
    TRUE: [9, 2, 39, 30, 33, 31, 39, 13, 10, 27, 17, 39, 13, 11, 14, 0, 30, 39, 30, 33, 39, 19, 2, 21, 39, 35, 10, 22, 39, 27, 0, 18, 11, 37, 39, 30, 33, 31, 39, 13, 10, 20, 39, 4, 30, 39]
    PRED: [9, 2, 39, 30, 27, 33, 31, 39, 34, 4, 17, 39, 13, 3, 0, 0, 0, 39, 30, 33, 39, 28, 2, 21, 39, 35, 2, 22, 39, 35, 11, 0, 11, 39, 9, 33, 31, 39, 13, 4, 39, 4, 30, 39]
    Edit distance: 16/46

============================================================
Batch 54000 | Val PER: 0.3242
============================================================
  Sample 0:
    TRUE: [31, 17, 0, 19, 27, 2, 28, 17, 39, 27, 17, 19, 2, 22, 28, 16, 8, 11, 8, 39]
    PRED: [9, 17, 0, 19, 28, 39, 8, 16, 2, 14, 2, 22, 30, 8, 39]
    Edit distance: 12/20
  Sample 1:
    TRUE: [27, 16, 7, 39, 26, 11, 7, 2, 28, 30, 39, 28, 10, 34, 27, 2, 20, 39, 28, 5, 22, 8, 39, 20, 16, 31, 2, 14, 27, 1, 13, 28, 39]
    PRED: [30, 27, 10, 19, 28, 39, 26, 11, 1, 7, 2, 8, 39, 10, 34, 20, 39, 5, 22, 8, 39, 9, 20, 16, 31, 2, 14, 1, 13, 39]
    Edit distance: 14/33
  Sample 2:
    TRUE: [28, 24, 39, 27, 33, 20, 37, 39, 35, 17, 39, 21, 12, 8, 39, 16, 22, 39, 2, 22, 2, 6, 1, 29, 30, 39, 19, 2, 20, 33, 38, 2, 22, 39]
    PRED: [9, 24, 39, 25, 20, 24, 37, 39, 36, 5, 17, 39, 21, 25, 8, 39, 16, 22, 39, 2, 22, 2, 27, 1, 28, 39, 19, 24, 20, 33, 38, 38, 2, 22, 39]
    Edit distance: 12/34
  Sample 3:
    TRUE: [20, 3, 27, 17, 37, 39, 19, 0, 28, 30, 33, 21, 39, 22, 17, 8, 2, 8, 39, 6, 20, 1, 19, 39, 14, 20, 2, 34, 37, 39, 30, 33, 39, 6, 17, 39, 19, 2, 21, 26, 20, 17, 30, 20, 17, 39, 10, 20, 2, 14, 2, 22, 30, 39]
    PRED: [19, 27, 24, 37, 17, 39, 15, 1, 19, 21, 39, 22, 10, 8, 39, 6, 1, 19, 39, 14, 2, 34, 8, 39, 30, 33, 39, 21, 6, 17, 39, 19, 2, 21, 26, 20, 39, 1, 20, 2, 20, 2, 22, 39]
    Edit distance: 23/54
  Sample 4:
    TRUE: [9, 2, 39, 30, 33, 31, 39, 13, 10, 27, 17, 39, 13, 11, 14, 0, 30, 39, 30, 33, 39, 19, 2, 21, 39, 35, 10, 22, 39, 27, 0, 18, 11, 37, 39, 30, 33, 31, 39, 13, 10, 20, 39, 4, 30, 39]
    PRED: [9, 2, 39, 27, 33, 31, 39, 13, 16, 17, 39, 13, 3, 0, 19, 0, 30, 39, 30, 33, 39, 28, 2, 21, 39, 35, 2, 22, 39, 35, 5, 0, 11, 39, 9, 33, 31, 39, 13, 4, 39, 4, 30, 39]
    Edit distance: 15/46

============================================================
Batch 54500 | Val PER: 0.3228
============================================================
  Sample 0:
    TRUE: [31, 17, 0, 19, 27, 2, 28, 17, 39, 27, 17, 19, 2, 22, 28, 16, 8, 11, 8, 39]
    PRED: [17, 19, 28, 39, 8, 16, 14, 30, 8, 39]
    Edit distance: 13/20
  Sample 1:
    TRUE: [27, 16, 7, 39, 26, 11, 7, 2, 28, 30, 39, 28, 10, 34, 27, 2, 20, 39, 28, 5, 22, 8, 39, 20, 16, 31, 2, 14, 27, 1, 13, 28, 39]
    PRED: [27, 10, 19, 28, 39, 26, 11, 1, 7, 2, 8, 39, 10, 34, 20, 39, 5, 22, 8, 39, 16, 31, 2, 14, 1, 13, 28, 39]
    Edit distance: 12/33
  Sample 2:
    TRUE: [28, 24, 39, 27, 33, 20, 37, 39, 35, 17, 39, 21, 12, 8, 39, 16, 22, 39, 2, 22, 2, 6, 1, 29, 30, 39, 19, 2, 20, 33, 38, 2, 22, 39]
    PRED: [9, 24, 39, 17, 20, 24, 37, 39, 35, 5, 39, 21, 25, 8, 39, 16, 22, 39, 2, 22, 27, 1, 28, 39, 19, 24, 33, 20, 33, 2, 22, 39]
    Edit distance: 13/34
  Sample 3:
    TRUE: [20, 3, 27, 17, 37, 39, 19, 0, 28, 30, 33, 21, 39, 22, 17, 8, 2, 8, 39, 6, 20, 1, 19, 39, 14, 20, 2, 34, 37, 39, 30, 33, 39, 6, 17, 39, 19, 2, 21, 26, 20, 17, 30, 20, 17, 39, 10, 20, 2, 14, 2, 22, 30, 39]
    PRED: [27, 24, 17, 39, 1, 19, 21, 39, 22, 10, 8, 39, 21, 1, 19, 39, 14, 2, 34, 37, 39, 30, 33, 39, 21, 17, 39, 19, 2, 21, 26, 20, 39, 1, 20, 2, 20, 22, 39]
    Edit distance: 24/54
  Sample 4:
    TRUE: [9, 2, 39, 30, 33, 31, 39, 13, 10, 27, 17, 39, 13, 11, 14, 0, 30, 39, 30, 33, 39, 19, 2, 21, 39, 35, 10, 22, 39, 27, 0, 18, 11, 37, 39, 30, 33, 31, 39, 13, 10, 20, 39, 4, 30, 39]
    PRED: [9, 2, 39, 27, 33, 31, 39, 13, 16, 39, 13, 3, 0, 19, 0, 39, 30, 33, 39, 28, 2, 21, 39, 35, 2, 22, 39, 35, 5, 11, 9, 33, 31, 39, 13, 12, 39, 4, 30, 39]
    Edit distance: 18/46

============================================================
Batch 55000 | Val PER: 0.3261
============================================================
  Sample 0:
    TRUE: [31, 17, 0, 19, 27, 2, 28, 17, 39, 27, 17, 19, 2, 22, 28, 16, 8, 11, 8, 39]
    PRED: [9, 17, 0, 19, 28, 39, 27, 16, 14, 8, 30, 8, 39]
    Edit distance: 11/20
  Sample 1:
    TRUE: [27, 16, 7, 39, 26, 11, 7, 2, 28, 30, 39, 28, 10, 34, 27, 2, 20, 39, 28, 5, 22, 8, 39, 20, 16, 31, 2, 14, 27, 1, 13, 28, 39]
    PRED: [30, 27, 10, 19, 28, 39, 26, 11, 0, 7, 2, 8, 39, 10, 34, 20, 39, 0, 22, 8, 39, 20, 16, 31, 2, 14, 10, 13, 39]
    Edit distance: 15/33
  Sample 2:
    TRUE: [28, 24, 39, 27, 33, 20, 37, 39, 35, 17, 39, 21, 12, 8, 39, 16, 22, 39, 2, 22, 2, 6, 1, 29, 30, 39, 19, 2, 20, 33, 38, 2, 22, 39]
    PRED: [9, 24, 39, 17, 20, 37, 39, 6, 17, 39, 21, 25, 8, 39, 16, 22, 39, 2, 22, 27, 1, 28, 39, 19, 24, 20, 33, 38, 2, 22, 39]
    Edit distance: 10/34
  Sample 3:
    TRUE: [20, 3, 27, 17, 37, 39, 19, 0, 28, 30, 33, 21, 39, 22, 17, 8, 2, 8, 39, 6, 20, 1, 19, 39, 14, 20, 2, 34, 37, 39, 30, 33, 39, 6, 17, 39, 19, 2, 21, 26, 20, 17, 30, 20, 17, 39, 10, 20, 2, 14, 2, 22, 30, 39]
    PRED: [27, 24, 17, 39, 1, 19, 21, 39, 22, 10, 8, 39, 6, 1, 19, 39, 14, 2, 34, 8, 39, 30, 33, 39, 21, 6, 17, 39, 19, 2, 21, 26, 20, 39, 1, 20, 2, 20, 2, 22, 39]
    Edit distance: 23/54
  Sample 4:
    TRUE: [9, 2, 39, 30, 33, 31, 39, 13, 10, 27, 17, 39, 13, 11, 14, 0, 30, 39, 30, 33, 39, 19, 2, 21, 39, 35, 10, 22, 39, 27, 0, 18, 11, 37, 39, 30, 33, 31, 39, 13, 10, 20, 39, 4, 30, 39]
    PRED: [9, 2, 39, 27, 33, 31, 39, 34, 16, 17, 39, 13, 3, 0, 19, 0, 8, 39, 30, 33, 39, 28, 30, 2, 21, 39, 35, 10, 22, 39, 35, 0, 11, 31, 33, 31, 39, 13, 1, 39, 4, 30, 39]
    Edit distance: 17/46

============================================================
Batch 55500 | Val PER: 0.3254
============================================================
  Sample 0:
    TRUE: [31, 17, 0, 19, 27, 2, 28, 17, 39, 27, 17, 19, 2, 22, 28, 16, 8, 11, 8, 39]
    PRED: [9, 17, 0, 19, 28, 39, 8, 16, 14, 30, 8, 39]
    Edit distance: 12/20
  Sample 1:
    TRUE: [27, 16, 7, 39, 26, 11, 7, 2, 28, 30, 39, 28, 10, 34, 27, 2, 20, 39, 28, 5, 22, 8, 39, 20, 16, 31, 2, 14, 27, 1, 13, 28, 39]
    PRED: [30, 27, 10, 19, 28, 39, 26, 11, 1, 7, 2, 8, 39, 10, 34, 20, 39, 28, 5, 22, 39, 20, 16, 31, 9, 2, 14, 10, 39]
    Edit distance: 16/33
  Sample 2:
    TRUE: [28, 24, 39, 27, 33, 20, 37, 39, 35, 17, 39, 21, 12, 8, 39, 16, 22, 39, 2, 22, 2, 6, 1, 29, 30, 39, 19, 2, 20, 33, 38, 2, 22, 39]
    PRED: [9, 24, 39, 17, 20, 37, 39, 36, 17, 39, 21, 10, 8, 39, 16, 22, 39, 22, 27, 1, 28, 39, 19, 24, 20, 33, 38, 38, 2, 22, 39]
    Edit distance: 12/34
  Sample 3:
    TRUE: [20, 3, 27, 17, 37, 39, 19, 0, 28, 30, 33, 21, 39, 22, 17, 8, 2, 8, 39, 6, 20, 1, 19, 39, 14, 20, 2, 34, 37, 39, 30, 33, 39, 6, 17, 39, 19, 2, 21, 26, 20, 17, 30, 20, 17, 39, 10, 20, 2, 14, 2, 22, 30, 39]
    PRED: [19, 27, 24, 37, 39, 1, 19, 21, 39, 22, 10, 8, 39, 6, 27, 1, 19, 39, 14, 2, 34, 37, 39, 30, 33, 39, 21, 6, 17, 39, 19, 2, 21, 26, 20, 39, 1, 20, 2, 20, 22, 39]
    Edit distance: 22/54
  Sample 4:
    TRUE: [9, 2, 39, 30, 33, 31, 39, 13, 10, 27, 17, 39, 13, 11, 14, 0, 30, 39, 30, 33, 39, 19, 2, 21, 39, 35, 10, 22, 39, 27, 0, 18, 11, 37, 39, 30, 33, 31, 39, 13, 10, 20, 39, 4, 30, 39]
    PRED: [9, 2, 39, 27, 33, 31, 39, 34, 39, 13, 3, 0, 0, 39, 30, 33, 39, 28, 2, 21, 39, 35, 2, 22, 39, 35, 0, 11, 9, 33, 31, 39, 13, 10, 20, 39, 4, 30, 39]
    Edit distance: 15/46

============================================================
Batch 46000 | Val PER: 0.3188
============================================================
  Sample 0:
    TRUE: [31, 17, 0, 19, 27, 2, 28, 17, 39, 27, 17, 19, 2, 22, 28, 16, 8, 11, 8, 39]
    PRED: [9, 17, 39, 0, 19, 28, 39, 8, 16, 2, 14, 30, 2, 8, 39]
    Edit distance: 13/20
  Sample 1:
    TRUE: [27, 16, 7, 39, 26, 11, 7, 2, 28, 30, 39, 28, 10, 34, 27, 2, 20, 39, 28, 5, 22, 8, 39, 20, 16, 31, 2, 14, 27, 1, 13, 28, 39]
    PRED: [30, 27, 10, 7, 28, 39, 26, 11, 7, 2, 8, 39, 10, 34, 2, 20, 39, 28, 5, 22, 8, 39, 20, 16, 31, 2, 14, 1, 13, 28, 39]
    Edit distance: 8/33
  Sample 2:
    TRUE: [28, 24, 39, 27, 33, 20, 37, 39, 35, 17, 39, 21, 12, 8, 39, 16, 22, 39, 2, 22, 2, 6, 1, 29, 30, 39, 19, 2, 20, 33, 38, 2, 22, 39]
    PRED: [9, 24, 39, 17, 20, 24, 37, 39, 35, 17, 39, 21, 25, 8, 39, 16, 22, 39, 1, 22, 27, 1, 28, 39, 19, 20, 38, 2, 22, 39]
    Edit distance: 12/34
  Sample 3:
    TRUE: [20, 3, 27, 17, 37, 39, 19, 0, 28, 30, 33, 21, 39, 22, 17, 8, 2, 8, 39, 6, 20, 1, 19, 39, 14, 20, 2, 34, 37, 39, 30, 33, 39, 6, 17, 39, 19, 2, 21, 26, 20, 17, 30, 20, 17, 39, 10, 20, 2, 14, 2, 22, 30, 39]
    PRED: [19, 27, 24, 37, 39, 1, 19, 21, 39, 22, 12, 8, 39, 6, 27, 1, 19, 39, 14, 2, 34, 8, 39, 30, 33, 39, 21, 6, 17, 39, 19, 2, 21, 26, 20, 30, 39, 1, 20, 2, 22, 39]
    Edit distance: 22/54
  Sample 4:
    TRUE: [9, 2, 39, 30, 33, 31, 39, 13, 10, 27, 17, 39, 13, 11, 14, 0, 30, 39, 30, 33, 39, 19, 2, 21, 39, 35, 10, 22, 39, 27, 0, 18, 11, 37, 39, 30, 33, 31, 39, 13, 10, 20, 39, 4, 30, 39]
    PRED: [9, 2, 39, 30, 27, 33, 31, 39, 34, 17, 39, 13, 3, 0, 19, 0, 8, 39, 30, 33, 39, 28, 2, 21, 39, 35, 2, 22, 39, 27, 5, 0, 11, 39, 9, 33, 31, 39, 13, 1, 20, 39, 4, 30, 39]
    Edit distance: 15/46

============================================================
Batch 46500 | Val PER: 0.3157
============================================================
  Sample 0:
    TRUE: [31, 17, 0, 19, 27, 2, 28, 17, 39, 27, 17, 19, 2, 22, 28, 16, 8, 11, 8, 39]
    PRED: [9, 17, 39, 0, 19, 28, 39, 8, 16, 2, 14, 30, 8, 39]
    Edit distance: 13/20
  Sample 1:
    TRUE: [27, 16, 7, 39, 26, 11, 7, 2, 28, 30, 39, 28, 10, 34, 27, 2, 20, 39, 28, 5, 22, 8, 39, 20, 16, 31, 2, 14, 27, 1, 13, 28, 39]
    PRED: [27, 10, 19, 28, 39, 26, 11, 7, 2, 8, 39, 10, 34, 11, 20, 39, 28, 5, 22, 8, 39, 20, 16, 31, 2, 18, 10, 13, 28, 39]
    Edit distance: 11/33
  Sample 2:
    TRUE: [28, 24, 39, 27, 33, 20, 37, 39, 35, 17, 39, 21, 12, 8, 39, 16, 22, 39, 2, 22, 2, 6, 1, 29, 30, 39, 19, 2, 20, 33, 38, 2, 22, 39]
    PRED: [9, 24, 39, 35, 25, 20, 37, 39, 35, 17, 39, 21, 25, 8, 39, 16, 22, 39, 2, 22, 27, 1, 28, 39, 19, 20, 33, 38, 2, 22, 39]
    Edit distance: 9/34
  Sample 3:
    TRUE: [20, 3, 27, 17, 37, 39, 19, 0, 28, 30, 33, 21, 39, 22, 17, 8, 2, 8, 39, 6, 20, 1, 19, 39, 14, 20, 2, 34, 37, 39, 30, 33, 39, 6, 17, 39, 19, 2, 21, 26, 20, 17, 30, 20, 17, 39, 10, 20, 2, 14, 2, 22, 30, 39]
    PRED: [19, 27, 24, 17, 39, 15, 1, 19, 28, 21, 39, 22, 10, 8, 39, 6, 27, 1, 19, 39, 20, 2, 34, 8, 39, 30, 33, 39, 6, 17, 39, 19, 2, 21, 26, 20, 30, 39, 1, 20, 2, 20, 2, 22, 39]
    Edit distance: 21/54
  Sample 4:
    TRUE: [9, 2, 39, 30, 33, 31, 39, 13, 10, 27, 17, 39, 13, 11, 14, 0, 30, 39, 30, 33, 39, 19, 2, 21, 39, 35, 10, 22, 39, 27, 0, 18, 11, 37, 39, 30, 33, 31, 39, 13, 10, 20, 39, 4, 30, 39]
    PRED: [9, 2, 39, 30, 27, 33, 31, 39, 34, 17, 39, 13, 3, 0, 19, 0, 39, 30, 33, 39, 28, 2, 21, 39, 35, 2, 22, 39, 35, 0, 11, 9, 31, 33, 31, 39, 13, 10, 20, 39, 4, 30, 39]
    Edit distance: 15/46

============================================================
Batch 47000 | Val PER: 0.3202
============================================================
  Sample 0:
    TRUE: [31, 17, 0, 19, 27, 2, 28, 17, 39, 27, 17, 19, 2, 22, 28, 16, 8, 11, 8, 39]
    PRED: [9, 17, 39, 0, 19, 28, 39, 8, 16, 2, 14, 30, 8, 39]
    Edit distance: 13/20
  Sample 1:
    TRUE: [27, 16, 7, 39, 26, 11, 7, 2, 28, 30, 39, 28, 10, 34, 27, 2, 20, 39, 28, 5, 22, 8, 39, 20, 16, 31, 2, 14, 27, 1, 13, 28, 39]
    PRED: [27, 10, 19, 28, 39, 26, 11, 0, 7, 2, 8, 39, 10, 34, 2, 20, 39, 28, 0, 22, 8, 39, 20, 16, 31, 2, 18, 10, 13, 39]
    Edit distance: 13/33
  Sample 2:
    TRUE: [28, 24, 39, 27, 33, 20, 37, 39, 35, 17, 39, 21, 12, 8, 39, 16, 22, 39, 2, 22, 2, 6, 1, 29, 30, 39, 19, 2, 20, 33, 38, 2, 22, 39]
    PRED: [9, 24, 39, 35, 25, 20, 24, 37, 39, 35, 17, 39, 21, 25, 22, 8, 39, 16, 22, 39, 2, 22, 27, 1, 28, 30, 39, 19, 33, 20, 38, 2, 22, 39]
    Edit distance: 11/34
  Sample 3:
    TRUE: [20, 3, 27, 17, 37, 39, 19, 0, 28, 30, 33, 21, 39, 22, 17, 8, 2, 8, 39, 6, 20, 1, 19, 39, 14, 20, 2, 34, 37, 39, 30, 33, 39, 6, 17, 39, 19, 2, 21, 26, 20, 17, 30, 20, 17, 39, 10, 20, 2, 14, 2, 22, 30, 39]
    PRED: [19, 27, 3, 37, 17, 39, 15, 1, 19, 21, 39, 22, 10, 8, 39, 21, 1, 19, 39, 20, 2, 34, 37, 39, 30, 33, 39, 21, 17, 39, 19, 2, 26, 20, 30, 39, 1, 20, 2, 20, 22, 39]
    Edit distance: 24/54
  Sample 4:
    TRUE: [9, 2, 39, 30, 33, 31, 39, 13, 10, 27, 17, 39, 13, 11, 14, 0, 30, 39, 30, 33, 39, 19, 2, 21, 39, 35, 10, 22, 39, 27, 0, 18, 11, 37, 39, 30, 33, 31, 39, 13, 10, 20, 39, 4, 30, 39]
    PRED: [9, 2, 39, 30, 27, 33, 31, 39, 16, 39, 13, 3, 19, 0, 30, 39, 30, 33, 39, 28, 2, 21, 39, 35, 2, 22, 39, 35, 11, 0, 11, 31, 33, 31, 39, 13, 10, 39, 4, 30, 39]
    Edit distance: 16/46

============================================================
Batch 47500 | Val PER: 0.3168
============================================================
  Sample 0:
    TRUE: [31, 17, 0, 19, 27, 2, 28, 17, 39, 27, 17, 19, 2, 22, 28, 16, 8, 11, 8, 39]
    PRED: [17, 39, 0, 19, 28, 39, 8, 16, 14, 30, 8, 39]
    Edit distance: 13/20
  Sample 1:
    TRUE: [27, 16, 7, 39, 26, 11, 7, 2, 28, 30, 39, 28, 10, 34, 27, 2, 20, 39, 28, 5, 22, 8, 39, 20, 16, 31, 2, 14, 27, 1, 13, 28, 39]
    PRED: [30, 27, 10, 19, 28, 39, 26, 11, 0, 7, 2, 8, 39, 10, 34, 2, 20, 39, 5, 22, 8, 39, 20, 16, 31, 9, 2, 14, 1, 13, 28, 39]
    Edit distance: 12/33
  Sample 2:
    TRUE: [28, 24, 39, 27, 33, 20, 37, 39, 35, 17, 39, 21, 12, 8, 39, 16, 22, 39, 2, 22, 2, 6, 1, 29, 30, 39, 19, 2, 20, 33, 38, 2, 22, 39]
    PRED: [9, 24, 39, 25, 20, 24, 37, 39, 35, 17, 39, 21, 25, 8, 39, 16, 22, 39, 2, 22, 2, 27, 1, 28, 39, 19, 33, 20, 33, 33, 38, 2, 22, 39]
    Edit distance: 10/34
  Sample 3:
    TRUE: [20, 3, 27, 17, 37, 39, 19, 0, 28, 30, 33, 21, 39, 22, 17, 8, 2, 8, 39, 6, 20, 1, 19, 39, 14, 20, 2, 34, 37, 39, 30, 33, 39, 6, 17, 39, 19, 2, 21, 26, 20, 17, 30, 20, 17, 39, 10, 20, 2, 14, 2, 22, 30, 39]
    PRED: [19, 27, 3, 37, 39, 1, 19, 21, 39, 22, 10, 8, 39, 21, 1, 19, 39, 14, 2, 34, 8, 39, 30, 33, 39, 21, 6, 17, 39, 19, 2, 21, 26, 20, 30, 39, 1, 2, 20, 22, 39]
    Edit distance: 24/54
  Sample 4:
    TRUE: [9, 2, 39, 30, 33, 31, 39, 13, 10, 27, 17, 39, 13, 11, 14, 0, 30, 39, 30, 33, 39, 19, 2, 21, 39, 35, 10, 22, 39, 27, 0, 18, 11, 37, 39, 30, 33, 31, 39, 13, 10, 20, 39, 4, 30, 39]
    PRED: [9, 2, 39, 27, 33, 31, 39, 34, 16, 17, 39, 13, 3, 19, 0, 30, 39, 30, 33, 39, 28, 2, 21, 39, 35, 2, 22, 39, 35, 0, 11, 39, 9, 33, 31, 39, 13, 1, 39, 4, 30, 39]
    Edit distance: 14/46

============================================================
Batch 48000 | Val PER: 0.3211
============================================================
  Sample 0:
    TRUE: [31, 17, 0, 19, 27, 2, 28, 17, 39, 27, 17, 19, 2, 22, 28, 16, 8, 11, 8, 39]
    PRED: [17, 0, 19, 28, 39, 8, 16, 2, 14, 30, 8, 39]
    Edit distance: 12/20
  Sample 1:
    TRUE: [27, 16, 7, 39, 26, 11, 7, 2, 28, 30, 39, 28, 10, 34, 27, 2, 20, 39, 28, 5, 22, 8, 39, 20, 16, 31, 2, 14, 27, 1, 13, 28, 39]
    PRED: [27, 10, 19, 28, 39, 26, 11, 7, 2, 8, 39, 10, 34, 20, 39, 5, 22, 8, 39, 20, 16, 31, 2, 14, 10, 13, 39]
    Edit distance: 12/33
  Sample 2:
    TRUE: [28, 24, 39, 27, 33, 20, 37, 39, 35, 17, 39, 21, 12, 8, 39, 16, 22, 39, 2, 22, 2, 6, 1, 29, 30, 39, 19, 2, 20, 33, 38, 2, 22, 39]
    PRED: [9, 24, 39, 25, 20, 24, 37, 39, 6, 17, 39, 21, 25, 8, 39, 16, 22, 39, 1, 22, 27, 1, 28, 39, 19, 20, 2, 22, 39]
    Edit distance: 14/34
  Sample 3:
    TRUE: [20, 3, 27, 17, 37, 39, 19, 0, 28, 30, 33, 21, 39, 22, 17, 8, 2, 8, 39, 6, 20, 1, 19, 39, 14, 20, 2, 34, 37, 39, 30, 33, 39, 6, 17, 39, 19, 2, 21, 26, 20, 17, 30, 20, 17, 39, 10, 20, 2, 14, 2, 22, 30, 39]
    PRED: [19, 27, 3, 17, 39, 1, 19, 28, 21, 39, 22, 10, 8, 39, 21, 1, 19, 39, 14, 2, 34, 8, 39, 30, 33, 39, 21, 6, 17, 39, 19, 2, 21, 26, 20, 39, 1, 20, 22, 39]
    Edit distance: 25/54
  Sample 4:
    TRUE: [9, 2, 39, 30, 33, 31, 39, 13, 10, 27, 17, 39, 13, 11, 14, 0, 30, 39, 30, 33, 39, 19, 2, 21, 39, 35, 10, 22, 39, 27, 0, 18, 11, 37, 39, 30, 33, 31, 39, 13, 10, 20, 39, 4, 30, 39]
    PRED: [9, 2, 39, 27, 33, 31, 39, 34, 16, 17, 39, 13, 3, 0, 19, 0, 39, 30, 33, 39, 28, 2, 21, 39, 35, 2, 22, 39, 35, 5, 11, 39, 9, 31, 33, 31, 39, 13, 10, 39, 4, 30, 39]
    Edit distance: 17/46

============================================================
Batch 48500 | Val PER: 0.3200
============================================================
  Sample 0:
    TRUE: [31, 17, 0, 19, 27, 2, 28, 17, 39, 27, 17, 19, 2, 22, 28, 16, 8, 11, 8, 39]
    PRED: [9, 17, 0, 19, 28, 39, 8, 16, 14, 30, 8, 39]
    Edit distance: 12/20
  Sample 1:
    TRUE: [27, 16, 7, 39, 26, 11, 7, 2, 28, 30, 39, 28, 10, 34, 27, 2, 20, 39, 28, 5, 22, 8, 39, 20, 16, 31, 2, 14, 27, 1, 13, 28, 39]
    PRED: [30, 27, 10, 19, 28, 39, 26, 11, 0, 7, 2, 8, 39, 10, 34, 20, 39, 28, 5, 22, 8, 39, 20, 16, 31, 2, 14, 10, 13, 28, 39]
    Edit distance: 12/33
  Sample 2:
    TRUE: [28, 24, 39, 27, 33, 20, 37, 39, 35, 17, 39, 21, 12, 8, 39, 16, 22, 39, 2, 22, 2, 6, 1, 29, 30, 39, 19, 2, 20, 33, 38, 2, 22, 39]
    PRED: [9, 24, 39, 25, 20, 24, 37, 39, 35, 17, 39, 21, 25, 8, 39, 16, 22, 39, 2, 22, 27, 1, 28, 39, 19, 20, 38, 2, 22, 39]
    Edit distance: 11/34
  Sample 3:
    TRUE: [20, 3, 27, 17, 37, 39, 19, 0, 28, 30, 33, 21, 39, 22, 17, 8, 2, 8, 39, 6, 20, 1, 19, 39, 14, 20, 2, 34, 37, 39, 30, 33, 39, 6, 17, 39, 19, 2, 21, 26, 20, 17, 30, 20, 17, 39, 10, 20, 2, 14, 2, 22, 30, 39]
    PRED: [19, 27, 24, 37, 17, 39, 19, 1, 19, 28, 21, 39, 22, 10, 8, 39, 21, 1, 19, 39, 20, 2, 34, 8, 39, 30, 33, 39, 21, 17, 39, 19, 2, 21, 26, 20, 39, 1, 20, 22, 39]
    Edit distance: 25/54
  Sample 4:
    TRUE: [9, 2, 39, 30, 33, 31, 39, 13, 10, 27, 17, 39, 13, 11, 14, 0, 30, 39, 30, 33, 39, 19, 2, 21, 39, 35, 10, 22, 39, 27, 0, 18, 11, 37, 39, 30, 33, 31, 39, 13, 10, 20, 39, 4, 30, 39]
    PRED: [9, 2, 39, 30, 27, 33, 31, 39, 34, 16, 17, 39, 13, 3, 0, 19, 0, 39, 30, 33, 39, 28, 2, 21, 39, 35, 2, 22, 39, 35, 0, 11, 39, 9, 33, 31, 39, 13, 1, 39, 4, 30, 39]
    Edit distance: 16/46

============================================================
Batch 49000 | Val PER: 0.3191
============================================================
  Sample 0:
    TRUE: [31, 17, 0, 19, 27, 2, 28, 17, 39, 27, 17, 19, 2, 22, 28, 16, 8, 11, 8, 39]
    PRED: [9, 17, 39, 19, 28, 39, 8, 16, 14, 30, 8, 39]
    Edit distance: 13/20
  Sample 1:
    TRUE: [27, 16, 7, 39, 26, 11, 7, 2, 28, 30, 39, 28, 10, 34, 27, 2, 20, 39, 28, 5, 22, 8, 39, 20, 16, 31, 2, 14, 27, 1, 13, 28, 39]
    PRED: [30, 27, 10, 19, 28, 39, 26, 27, 0, 7, 2, 8, 39, 10, 34, 2, 20, 39, 28, 5, 22, 8, 39, 20, 16, 31, 9, 2, 14, 18, 10, 13, 28, 39]
    Edit distance: 13/33
  Sample 2:
    TRUE: [28, 24, 39, 27, 33, 20, 37, 39, 35, 17, 39, 21, 12, 8, 39, 16, 22, 39, 2, 22, 2, 6, 1, 29, 30, 39, 19, 2, 20, 33, 38, 2, 22, 39]
    PRED: [9, 24, 39, 25, 20, 24, 37, 39, 35, 17, 39, 21, 25, 22, 8, 39, 16, 22, 39, 2, 22, 27, 1, 28, 30, 39, 19, 20, 33, 38, 2, 22, 39]
    Edit distance: 10/34
  Sample 3:
    TRUE: [20, 3, 27, 17, 37, 39, 19, 0, 28, 30, 33, 21, 39, 22, 17, 8, 2, 8, 39, 6, 20, 1, 19, 39, 14, 20, 2, 34, 37, 39, 30, 33, 39, 6, 17, 39, 19, 2, 21, 26, 20, 17, 30, 20, 17, 39, 10, 20, 2, 14, 2, 22, 30, 39]
    PRED: [19, 27, 24, 37, 17, 39, 1, 19, 28, 21, 39, 22, 10, 8, 39, 6, 27, 1, 19, 39, 20, 2, 34, 37, 39, 30, 33, 39, 6, 17, 39, 19, 2, 21, 26, 30, 39, 1, 20, 2, 22, 39]
    Edit distance: 21/54
  Sample 4:
    TRUE: [9, 2, 39, 30, 33, 31, 39, 13, 10, 27, 17, 39, 13, 11, 14, 0, 30, 39, 30, 33, 39, 19, 2, 21, 39, 35, 10, 22, 39, 27, 0, 18, 11, 37, 39, 30, 33, 31, 39, 13, 10, 20, 39, 4, 30, 39]
    PRED: [9, 2, 39, 30, 27, 33, 31, 39, 34, 17, 39, 13, 3, 19, 0, 19, 39, 30, 33, 39, 28, 2, 21, 39, 35, 2, 22, 39, 35, 5, 11, 39, 9, 33, 31, 39, 13, 39, 4, 30, 39]
    Edit distance: 16/46

============================================================
Batch 49500 | Val PER: 0.3194
============================================================
  Sample 0:
    TRUE: [31, 17, 0, 19, 27, 2, 28, 17, 39, 27, 17, 19, 2, 22, 28, 16, 8, 11, 8, 39]
    PRED: [17, 39, 0, 19, 28, 39, 8, 16, 2, 14, 30, 8, 39]
    Edit distance: 13/20
  Sample 1:
    TRUE: [27, 16, 7, 39, 26, 11, 7, 2, 28, 30, 39, 28, 10, 34, 27, 2, 20, 39, 28, 5, 22, 8, 39, 20, 16, 31, 2, 14, 27, 1, 13, 28, 39]
    PRED: [30, 27, 10, 19, 28, 39, 26, 11, 0, 7, 2, 8, 39, 10, 34, 20, 39, 28, 5, 22, 8, 37, 39, 20, 16, 31, 9, 2, 14, 10, 13, 28, 39]
    Edit distance: 14/33
  Sample 2:
    TRUE: [28, 24, 39, 27, 33, 20, 37, 39, 35, 17, 39, 21, 12, 8, 39, 16, 22, 39, 2, 22, 2, 6, 1, 29, 30, 39, 19, 2, 20, 33, 38, 2, 22, 39]
    PRED: [9, 24, 39, 25, 20, 24, 37, 39, 21, 17, 39, 21, 25, 8, 39, 16, 22, 39, 2, 22, 27, 1, 28, 39, 19, 20, 38, 38, 2, 22, 39]
    Edit distance: 12/34
  Sample 3:
    TRUE: [20, 3, 27, 17, 37, 39, 19, 0, 28, 30, 33, 21, 39, 22, 17, 8, 2, 8, 39, 6, 20, 1, 19, 39, 14, 20, 2, 34, 37, 39, 30, 33, 39, 6, 17, 39, 19, 2, 21, 26, 20, 17, 30, 20, 17, 39, 10, 20, 2, 14, 2, 22, 30, 39]
    PRED: [19, 27, 24, 37, 39, 1, 19, 28, 21, 39, 22, 10, 8, 39, 21, 27, 1, 19, 39, 20, 2, 34, 8, 39, 30, 33, 39, 21, 17, 20, 39, 19, 2, 21, 26, 20, 30, 39, 1, 20, 2, 22, 39]
    Edit distance: 23/54
  Sample 4:
    TRUE: [9, 2, 39, 30, 33, 31, 39, 13, 10, 27, 17, 39, 13, 11, 14, 0, 30, 39, 30, 33, 39, 19, 2, 21, 39, 35, 10, 22, 39, 27, 0, 18, 11, 37, 39, 30, 33, 31, 39, 13, 10, 20, 39, 4, 30, 39]
    PRED: [9, 2, 39, 30, 27, 33, 31, 39, 34, 17, 39, 13, 0, 19, 0, 39, 30, 33, 39, 28, 2, 21, 39, 35, 2, 22, 39, 27, 11, 39, 9, 33, 31, 39, 13, 10, 20, 39, 4, 30, 39]
    Edit distance: 13/46

============================================================
Batch 50000 | Val PER: 0.3210
============================================================
  Sample 0:
    TRUE: [31, 17, 0, 19, 27, 2, 28, 17, 39, 27, 17, 19, 2, 22, 28, 16, 8, 11, 8, 39]
    PRED: [17, 39, 0, 19, 28, 39, 8, 16, 2, 14, 2, 22, 2, 30, 2, 8, 39]
    Edit distance: 13/20
  Sample 1:
    TRUE: [27, 16, 7, 39, 26, 11, 7, 2, 28, 30, 39, 28, 10, 34, 27, 2, 20, 39, 28, 5, 22, 8, 39, 20, 16, 31, 2, 14, 27, 1, 13, 28, 39]
    PRED: [30, 27, 10, 19, 28, 39, 26, 11, 1, 7, 8, 39, 10, 34, 2, 20, 39, 28, 5, 22, 8, 39, 20, 16, 31, 9, 2, 14, 27, 10, 13, 28, 39]
    Edit distance: 12/33
  Sample 2:
    TRUE: [28, 24, 39, 27, 33, 20, 37, 39, 35, 17, 39, 21, 12, 8, 39, 16, 22, 39, 2, 22, 2, 6, 1, 29, 30, 39, 19, 2, 20, 33, 38, 2, 22, 39]
    PRED: [9, 24, 39, 25, 20, 24, 37, 39, 36, 17, 39, 21, 25, 8, 39, 16, 22, 39, 2, 22, 27, 1, 28, 30, 39, 19, 20, 38, 38, 2, 22, 39]
    Edit distance: 11/34
  Sample 3:
    TRUE: [20, 3, 27, 17, 37, 39, 19, 0, 28, 30, 33, 21, 39, 22, 17, 8, 2, 8, 39, 6, 20, 1, 19, 39, 14, 20, 2, 34, 37, 39, 30, 33, 39, 6, 17, 39, 19, 2, 21, 26, 20, 17, 30, 20, 17, 39, 10, 20, 2, 14, 2, 22, 30, 39]
    PRED: [19, 27, 24, 37, 17, 39, 1, 19, 28, 21, 39, 22, 10, 8, 39, 21, 1, 19, 39, 14, 2, 34, 8, 39, 30, 33, 39, 6, 17, 39, 19, 2, 21, 26, 20, 39, 1, 20, 2, 22, 39]
    Edit distance: 23/54
  Sample 4:
    TRUE: [9, 2, 39, 30, 33, 31, 39, 13, 10, 27, 17, 39, 13, 11, 14, 0, 30, 39, 30, 33, 39, 19, 2, 21, 39, 35, 10, 22, 39, 27, 0, 18, 11, 37, 39, 30, 33, 31, 39, 13, 10, 20, 39, 4, 30, 39]
    PRED: [9, 2, 39, 30, 27, 33, 31, 39, 34, 4, 17, 39, 13, 3, 0, 8, 39, 30, 33, 39, 28, 2, 21, 39, 35, 2, 22, 39, 27, 5, 0, 8, 11, 39, 9, 33, 31, 39, 13, 4, 20, 39, 4, 30, 39]
    Edit distance: 14/46

============================================================
Batch 50500 | Val PER: 0.3194
============================================================
  Sample 0:
    TRUE: [31, 17, 0, 19, 27, 2, 28, 17, 39, 27, 17, 19, 2, 22, 28, 16, 8, 11, 8, 39]
    PRED: [17, 39, 19, 28, 39, 8, 16, 2, 14, 30, 8, 39]
    Edit distance: 13/20
  Sample 1:
    TRUE: [27, 16, 7, 39, 26, 11, 7, 2, 28, 30, 39, 28, 10, 34, 27, 2, 20, 39, 28, 5, 22, 8, 39, 20, 16, 31, 2, 14, 27, 1, 13, 28, 39]
    PRED: [30, 27, 10, 19, 30, 39, 26, 11, 7, 2, 8, 39, 10, 34, 11, 20, 39, 5, 22, 8, 39, 20, 16, 31, 2, 18, 10, 13, 39]
    Edit distance: 14/33
  Sample 2:
    TRUE: [28, 24, 39, 27, 33, 20, 37, 39, 35, 17, 39, 21, 12, 8, 39, 16, 22, 39, 2, 22, 2, 6, 1, 29, 30, 39, 19, 2, 20, 33, 38, 2, 22, 39]
    PRED: [9, 24, 39, 25, 20, 37, 39, 17, 39, 21, 25, 8, 39, 16, 22, 39, 2, 22, 27, 1, 28, 39, 19, 20, 33, 38, 38, 2, 22, 39]
    Edit distance: 11/34
  Sample 3:
    TRUE: [20, 3, 27, 17, 37, 39, 19, 0, 28, 30, 33, 21, 39, 22, 17, 8, 2, 8, 39, 6, 20, 1, 19, 39, 14, 20, 2, 34, 37, 39, 30, 33, 39, 6, 17, 39, 19, 2, 21, 26, 20, 17, 30, 20, 17, 39, 10, 20, 2, 14, 2, 22, 30, 39]
    PRED: [19, 27, 24, 37, 39, 1, 19, 21, 39, 22, 10, 8, 39, 21, 27, 1, 19, 39, 20, 2, 34, 8, 39, 30, 33, 39, 21, 6, 17, 39, 19, 2, 21, 26, 20, 39, 1, 20, 22, 39]
    Edit distance: 25/54
  Sample 4:
    TRUE: [9, 2, 39, 30, 33, 31, 39, 13, 10, 27, 17, 39, 13, 11, 14, 0, 30, 39, 30, 33, 39, 19, 2, 21, 39, 35, 10, 22, 39, 27, 0, 18, 11, 37, 39, 30, 33, 31, 39, 13, 10, 20, 39, 4, 30, 39]
    PRED: [9, 2, 39, 27, 33, 31, 39, 34, 17, 39, 13, 3, 0, 0, 39, 30, 33, 39, 28, 2, 21, 39, 35, 2, 22, 39, 27, 5, 11, 39, 31, 33, 31, 39, 13, 5, 20, 39, 4, 30, 39]
    Edit distance: 14/46

============================================================
Batch 51000 | Val PER: 0.3198
============================================================
  Sample 0:
    TRUE: [31, 17, 0, 19, 27, 2, 28, 17, 39, 27, 17, 19, 2, 22, 28, 16, 8, 11, 8, 39]
    PRED: [17, 0, 19, 28, 39, 8, 16, 2, 14, 22, 30, 2, 8, 39]
    Edit distance: 12/20
  Sample 1:
    TRUE: [27, 16, 7, 39, 26, 11, 7, 2, 28, 30, 39, 28, 10, 34, 27, 2, 20, 39, 28, 5, 22, 8, 39, 20, 16, 31, 2, 14, 27, 1, 13, 28, 39]
    PRED: [30, 27, 10, 19, 28, 39, 26, 27, 1, 7, 2, 8, 39, 10, 34, 20, 39, 28, 5, 22, 39, 16, 31, 9, 2, 14, 1, 13, 28, 39]
    Edit distance: 15/33
  Sample 2:
    TRUE: [28, 24, 39, 27, 33, 20, 37, 39, 35, 17, 39, 21, 12, 8, 39, 16, 22, 39, 2, 22, 2, 6, 1, 29, 30, 39, 19, 2, 20, 33, 38, 2, 22, 39]
    PRED: [9, 24, 39, 25, 20, 37, 39, 35, 17, 39, 21, 25, 8, 39, 16, 22, 39, 2, 22, 27, 1, 28, 39, 19, 24, 20, 33, 38, 38, 2, 22, 39]
    Edit distance: 10/34
  Sample 3:
    TRUE: [20, 3, 27, 17, 37, 39, 19, 0, 28, 30, 33, 21, 39, 22, 17, 8, 2, 8, 39, 6, 20, 1, 19, 39, 14, 20, 2, 34, 37, 39, 30, 33, 39, 6, 17, 39, 19, 2, 21, 26, 20, 17, 30, 20, 17, 39, 10, 20, 2, 14, 2, 22, 30, 39]
    PRED: [19, 27, 24, 37, 17, 39, 19, 15, 1, 19, 28, 21, 39, 22, 10, 8, 39, 6, 27, 1, 19, 39, 20, 2, 34, 8, 39, 30, 33, 39, 6, 17, 39, 19, 2, 21, 26, 20, 30, 39, 1, 20, 2, 22, 39]
    Edit distance: 21/54
  Sample 4:
    TRUE: [9, 2, 39, 30, 33, 31, 39, 13, 10, 27, 17, 39, 13, 11, 14, 0, 30, 39, 30, 33, 39, 19, 2, 21, 39, 35, 10, 22, 39, 27, 0, 18, 11, 37, 39, 30, 33, 31, 39, 13, 10, 20, 39, 4, 30, 39]
    PRED: [9, 2, 39, 30, 27, 33, 31, 39, 34, 10, 17, 39, 13, 3, 19, 0, 39, 30, 33, 39, 28, 2, 21, 39, 35, 2, 22, 39, 35, 5, 11, 39, 9, 33, 31, 39, 13, 1, 20, 39, 4, 30, 39]
    Edit distance: 14/46

============================================================
Batch 51500 | Val PER: 0.3219
============================================================
  Sample 0:
    TRUE: [31, 17, 0, 19, 27, 2, 28, 17, 39, 27, 17, 19, 2, 22, 28, 16, 8, 11, 8, 39]
    PRED: [9, 17, 0, 19, 28, 39, 8, 16, 14, 22, 12, 30, 8, 39]
    Edit distance: 12/20
  Sample 1:
    TRUE: [27, 16, 7, 39, 26, 11, 7, 2, 28, 30, 39, 28, 10, 34, 27, 2, 20, 39, 28, 5, 22, 8, 39, 20, 16, 31, 2, 14, 27, 1, 13, 28, 39]
    PRED: [27, 10, 19, 28, 39, 26, 11, 1, 7, 2, 8, 39, 10, 34, 2, 20, 39, 28, 5, 22, 8, 39, 20, 16, 31, 9, 2, 14, 18, 10, 13, 39]
    Edit distance: 12/33
  Sample 2:
    TRUE: [28, 24, 39, 27, 33, 20, 37, 39, 35, 17, 39, 21, 12, 8, 39, 16, 22, 39, 2, 22, 2, 6, 1, 29, 30, 39, 19, 2, 20, 33, 38, 2, 22, 39]
    PRED: [9, 24, 39, 33, 20, 24, 37, 39, 35, 17, 39, 21, 25, 8, 39, 16, 22, 39, 2, 22, 27, 1, 28, 39, 19, 24, 20, 33, 38, 38, 2, 22, 39]
    Edit distance: 10/34
  Sample 3:
    TRUE: [20, 3, 27, 17, 37, 39, 19, 0, 28, 30, 33, 21, 39, 22, 17, 8, 2, 8, 39, 6, 20, 1, 19, 39, 14, 20, 2, 34, 37, 39, 30, 33, 39, 6, 17, 39, 19, 2, 21, 26, 20, 17, 30, 20, 17, 39, 10, 20, 2, 14, 2, 22, 30, 39]
    PRED: [19, 27, 24, 37, 17, 39, 19, 1, 19, 21, 39, 22, 10, 8, 39, 21, 1, 19, 39, 14, 2, 34, 8, 39, 30, 33, 39, 21, 17, 39, 19, 2, 21, 26, 20, 30, 39, 1, 20, 10, 2, 22, 39]
    Edit distance: 23/54
  Sample 4:
    TRUE: [9, 2, 39, 30, 33, 31, 39, 13, 10, 27, 17, 39, 13, 11, 14, 0, 30, 39, 30, 33, 39, 19, 2, 21, 39, 35, 10, 22, 39, 27, 0, 18, 11, 37, 39, 30, 33, 31, 39, 13, 10, 20, 39, 4, 30, 39]
    PRED: [9, 2, 39, 27, 33, 31, 39, 34, 10, 17, 39, 13, 0, 0, 39, 30, 33, 39, 28, 2, 21, 39, 35, 10, 22, 39, 35, 0, 11, 39, 31, 33, 31, 39, 13, 12, 39, 4, 30, 39]
    Edit distance: 13/46

============================================================
Batch 52000 | Val PER: 0.3201
============================================================
  Sample 0:
    TRUE: [31, 17, 0, 19, 27, 2, 28, 17, 39, 27, 17, 19, 2, 22, 28, 16, 8, 11, 8, 39]
    PRED: [9, 17, 0, 19, 28, 39, 8, 16, 14, 30, 8, 39]
    Edit distance: 12/20
  Sample 1:
    TRUE: [27, 16, 7, 39, 26, 11, 7, 2, 28, 30, 39, 28, 10, 34, 27, 2, 20, 39, 28, 5, 22, 8, 39, 20, 16, 31, 2, 14, 27, 1, 13, 28, 39]
    PRED: [30, 27, 10, 19, 28, 39, 26, 11, 7, 2, 8, 39, 10, 34, 11, 20, 39, 28, 5, 22, 8, 39, 20, 16, 31, 2, 27, 1, 13, 28, 39]
    Edit distance: 10/33
  Sample 2:
    TRUE: [28, 24, 39, 27, 33, 20, 37, 39, 35, 17, 39, 21, 12, 8, 39, 16, 22, 39, 2, 22, 2, 6, 1, 29, 30, 39, 19, 2, 20, 33, 38, 2, 22, 39]
    PRED: [9, 24, 39, 25, 20, 24, 37, 39, 36, 17, 39, 21, 25, 8, 39, 16, 22, 39, 2, 22, 27, 1, 28, 39, 19, 24, 20, 33, 38, 38, 2, 22, 39]
    Edit distance: 12/34
  Sample 3:
    TRUE: [20, 3, 27, 17, 37, 39, 19, 0, 28, 30, 33, 21, 39, 22, 17, 8, 2, 8, 39, 6, 20, 1, 19, 39, 14, 20, 2, 34, 37, 39, 30, 33, 39, 6, 17, 39, 19, 2, 21, 26, 20, 17, 30, 20, 17, 39, 10, 20, 2, 14, 2, 22, 30, 39]
    PRED: [19, 27, 24, 37, 17, 39, 1, 19, 21, 39, 22, 10, 8, 39, 21, 27, 1, 19, 39, 20, 2, 34, 37, 39, 30, 33, 39, 21, 6, 17, 39, 19, 2, 21, 26, 20, 39, 1, 20, 2, 20, 2, 22, 39]
    Edit distance: 23/54
  Sample 4:
    TRUE: [9, 2, 39, 30, 33, 31, 39, 13, 10, 27, 17, 39, 13, 11, 14, 0, 30, 39, 30, 33, 39, 19, 2, 21, 39, 35, 10, 22, 39, 27, 0, 18, 11, 37, 39, 30, 33, 31, 39, 13, 10, 20, 39, 4, 30, 39]
    PRED: [9, 2, 39, 30, 27, 33, 31, 39, 34, 10, 27, 39, 13, 3, 19, 0, 39, 30, 33, 39, 28, 2, 21, 39, 35, 2, 22, 39, 27, 11, 11, 31, 33, 31, 39, 13, 5, 39, 4, 30, 39]
    Edit distance: 15/46

============================================================
Batch 52500 | Val PER: 0.3209
============================================================
  Sample 0:
    TRUE: [31, 17, 0, 19, 27, 2, 28, 17, 39, 27, 17, 19, 2, 22, 28, 16, 8, 11, 8, 39]
    PRED: [17, 0, 19, 28, 39, 8, 16, 14, 30, 8, 39]
    Edit distance: 12/20
  Sample 1:
    TRUE: [27, 16, 7, 39, 26, 11, 7, 2, 28, 30, 39, 28, 10, 34, 27, 2, 20, 39, 28, 5, 22, 8, 39, 20, 16, 31, 2, 14, 27, 1, 13, 28, 39]
    PRED: [30, 27, 10, 19, 28, 39, 26, 11, 1, 7, 2, 8, 39, 10, 34, 2, 20, 39, 5, 22, 39, 20, 16, 31, 2, 14, 10, 34, 39]
    Edit distance: 15/33
  Sample 2:
    TRUE: [28, 24, 39, 27, 33, 20, 37, 39, 35, 17, 39, 21, 12, 8, 39, 16, 22, 39, 2, 22, 2, 6, 1, 29, 30, 39, 19, 2, 20, 33, 38, 2, 22, 39]
    PRED: [9, 24, 39, 25, 20, 24, 37, 39, 17, 39, 21, 25, 8, 39, 16, 22, 39, 2, 22, 27, 1, 28, 39, 19, 24, 20, 33, 38, 38, 2, 22, 39]
    Edit distance: 12/34
  Sample 3:
    TRUE: [20, 3, 27, 17, 37, 39, 19, 0, 28, 30, 33, 21, 39, 22, 17, 8, 2, 8, 39, 6, 20, 1, 19, 39, 14, 20, 2, 34, 37, 39, 30, 33, 39, 6, 17, 39, 19, 2, 21, 26, 20, 17, 30, 20, 17, 39, 10, 20, 2, 14, 2, 22, 30, 39]
    PRED: [19, 27, 24, 37, 17, 39, 19, 1, 19, 21, 39, 22, 10, 8, 39, 6, 1, 19, 39, 20, 2, 34, 37, 39, 30, 33, 39, 21, 6, 17, 39, 19, 2, 21, 26, 20, 39, 1, 20, 2, 22, 39]
    Edit distance: 22/54
  Sample 4:
    TRUE: [9, 2, 39, 30, 33, 31, 39, 13, 10, 27, 17, 39, 13, 11, 14, 0, 30, 39, 30, 33, 39, 19, 2, 21, 39, 35, 10, 22, 39, 27, 0, 18, 11, 37, 39, 30, 33, 31, 39, 13, 10, 20, 39, 4, 30, 39]
    PRED: [9, 2, 39, 27, 33, 31, 39, 34, 10, 39, 13, 3, 0, 0, 0, 39, 30, 33, 39, 28, 2, 21, 39, 35, 2, 22, 39, 35, 0, 11, 9, 33, 31, 39, 13, 4, 39, 4, 30, 39]
    Edit distance: 16/46

============================================================
Batch 53000 | Val PER: 0.3223
============================================================
  Sample 0:
    TRUE: [31, 17, 0, 19, 27, 2, 28, 17, 39, 27, 17, 19, 2, 22, 28, 16, 8, 11, 8, 39]
    PRED: [9, 17, 0, 19, 28, 39, 8, 16, 2, 14, 30, 8, 39]
    Edit distance: 12/20
  Sample 1:
    TRUE: [27, 16, 7, 39, 26, 11, 7, 2, 28, 30, 39, 28, 10, 34, 27, 2, 20, 39, 28, 5, 22, 8, 39, 20, 16, 31, 2, 14, 27, 1, 13, 28, 39]
    PRED: [27, 10, 19, 28, 39, 26, 27, 1, 7, 2, 8, 39, 10, 34, 2, 20, 39, 28, 5, 22, 8, 39, 20, 16, 31, 2, 14, 10, 13, 39]
    Edit distance: 12/33
  Sample 2:
    TRUE: [28, 24, 39, 27, 33, 20, 37, 39, 35, 17, 39, 21, 12, 8, 39, 16, 22, 39, 2, 22, 2, 6, 1, 29, 30, 39, 19, 2, 20, 33, 38, 2, 22, 39]
    PRED: [9, 24, 39, 25, 20, 24, 37, 39, 35, 17, 39, 21, 25, 8, 39, 16, 22, 39, 1, 22, 27, 1, 28, 39, 19, 33, 20, 33, 38, 38, 2, 22, 39]
    Edit distance: 12/34
  Sample 3:
    TRUE: [20, 3, 27, 17, 37, 39, 19, 0, 28, 30, 33, 21, 39, 22, 17, 8, 2, 8, 39, 6, 20, 1, 19, 39, 14, 20, 2, 34, 37, 39, 30, 33, 39, 6, 17, 39, 19, 2, 21, 26, 20, 17, 30, 20, 17, 39, 10, 20, 2, 14, 2, 22, 30, 39]
    PRED: [19, 27, 24, 37, 17, 39, 1, 19, 28, 21, 39, 22, 10, 8, 39, 6, 27, 1, 19, 39, 20, 2, 34, 8, 39, 30, 33, 39, 21, 6, 17, 39, 19, 2, 21, 26, 20, 30, 39, 1, 20, 2, 20, 2, 22, 39]
    Edit distance: 21/54
  Sample 4:
    TRUE: [9, 2, 39, 30, 33, 31, 39, 13, 10, 27, 17, 39, 13, 11, 14, 0, 30, 39, 30, 33, 39, 19, 2, 21, 39, 35, 10, 22, 39, 27, 0, 18, 11, 37, 39, 30, 33, 31, 39, 13, 10, 20, 39, 4, 30, 39]
    PRED: [9, 2, 39, 27, 33, 31, 39, 34, 6, 10, 39, 13, 3, 0, 0, 0, 39, 30, 33, 39, 28, 2, 21, 39, 35, 10, 22, 39, 27, 0, 11, 9, 33, 31, 39, 13, 1, 39, 4, 30, 39]
    Edit distance: 15/46

============================================================
Batch 53500 | Val PER: 0.3190
============================================================
  Sample 0:
    TRUE: [31, 17, 0, 19, 27, 2, 28, 17, 39, 27, 17, 19, 2, 22, 28, 16, 8, 11, 8, 39]
    PRED: [9, 17, 19, 28, 39, 8, 16, 2, 14, 30, 8, 39]
    Edit distance: 13/20
  Sample 1:
    TRUE: [27, 16, 7, 39, 26, 11, 7, 2, 28, 30, 39, 28, 10, 34, 27, 2, 20, 39, 28, 5, 22, 8, 39, 20, 16, 31, 2, 14, 27, 1, 13, 28, 39]
    PRED: [30, 27, 10, 19, 28, 39, 26, 27, 1, 7, 2, 8, 39, 10, 34, 2, 20, 39, 28, 5, 22, 8, 39, 20, 16, 31, 9, 2, 14, 18, 10, 34, 37, 39]
    Edit distance: 15/33
  Sample 2:
    TRUE: [28, 24, 39, 27, 33, 20, 37, 39, 35, 17, 39, 21, 12, 8, 39, 16, 22, 39, 2, 22, 2, 6, 1, 29, 30, 39, 19, 2, 20, 33, 38, 2, 22, 39]
    PRED: [9, 24, 39, 25, 20, 37, 39, 35, 17, 39, 21, 25, 8, 39, 16, 22, 39, 2, 22, 27, 1, 29, 28, 39, 19, 20, 33, 38, 2, 22, 39]
    Edit distance: 8/34
  Sample 3:
    TRUE: [20, 3, 27, 17, 37, 39, 19, 0, 28, 30, 33, 21, 39, 22, 17, 8, 2, 8, 39, 6, 20, 1, 19, 39, 14, 20, 2, 34, 37, 39, 30, 33, 39, 6, 17, 39, 19, 2, 21, 26, 20, 17, 30, 20, 17, 39, 10, 20, 2, 14, 2, 22, 30, 39]
    PRED: [19, 27, 24, 37, 17, 39, 19, 1, 19, 21, 39, 22, 10, 8, 39, 6, 27, 1, 19, 39, 20, 2, 34, 8, 39, 30, 33, 39, 6, 17, 39, 19, 2, 21, 26, 20, 30, 39, 1, 20, 2, 20, 2, 22, 39]
    Edit distance: 20/54
  Sample 4:
    TRUE: [9, 2, 39, 30, 33, 31, 39, 13, 10, 27, 17, 39, 13, 11, 14, 0, 30, 39, 30, 33, 39, 19, 2, 21, 39, 35, 10, 22, 39, 27, 0, 18, 11, 37, 39, 30, 33, 31, 39, 13, 10, 20, 39, 4, 30, 39]
    PRED: [9, 2, 39, 30, 27, 33, 31, 39, 34, 16, 39, 13, 3, 0, 19, 0, 19, 39, 30, 33, 39, 28, 19, 2, 21, 39, 35, 2, 22, 39, 27, 35, 11, 31, 33, 31, 39, 13, 1, 20, 39, 4, 30, 39]
    Edit distance: 17/46

============================================================
Batch 54000 | Val PER: 0.3251
============================================================
  Sample 0:
    TRUE: [31, 17, 0, 19, 27, 2, 28, 17, 39, 27, 17, 19, 2, 22, 28, 16, 8, 11, 8, 39]
    PRED: [9, 17, 19, 28, 39, 8, 27, 2, 14, 30, 8, 39]
    Edit distance: 13/20
  Sample 1:
    TRUE: [27, 16, 7, 39, 26, 11, 7, 2, 28, 30, 39, 28, 10, 34, 27, 2, 20, 39, 28, 5, 22, 8, 39, 20, 16, 31, 2, 14, 27, 1, 13, 28, 39]
    PRED: [27, 10, 19, 28, 39, 26, 11, 1, 7, 2, 8, 39, 10, 34, 11, 20, 39, 5, 22, 39, 20, 16, 31, 2, 14, 18, 1, 13, 28, 39]
    Edit distance: 12/33
  Sample 2:
    TRUE: [28, 24, 39, 27, 33, 20, 37, 39, 35, 17, 39, 21, 12, 8, 39, 16, 22, 39, 2, 22, 2, 6, 1, 29, 30, 39, 19, 2, 20, 33, 38, 2, 22, 39]
    PRED: [9, 24, 39, 17, 20, 24, 37, 39, 35, 17, 39, 21, 25, 8, 39, 16, 22, 39, 2, 22, 27, 1, 28, 39, 19, 24, 20, 33, 38, 2, 22, 39]
    Edit distance: 10/34
  Sample 3:
    TRUE: [20, 3, 27, 17, 37, 39, 19, 0, 28, 30, 33, 21, 39, 22, 17, 8, 2, 8, 39, 6, 20, 1, 19, 39, 14, 20, 2, 34, 37, 39, 30, 33, 39, 6, 17, 39, 19, 2, 21, 26, 20, 17, 30, 20, 17, 39, 10, 20, 2, 14, 2, 22, 30, 39]
    PRED: [19, 27, 24, 37, 17, 39, 1, 19, 21, 39, 22, 10, 8, 39, 21, 27, 1, 19, 39, 20, 2, 34, 8, 39, 30, 33, 39, 21, 6, 17, 39, 2, 21, 26, 20, 30, 39, 1, 20, 2, 20, 22, 39]
    Edit distance: 25/54
  Sample 4:
    TRUE: [9, 2, 39, 30, 33, 31, 39, 13, 10, 27, 17, 39, 13, 11, 14, 0, 30, 39, 30, 33, 39, 19, 2, 21, 39, 35, 10, 22, 39, 27, 0, 18, 11, 37, 39, 30, 33, 31, 39, 13, 10, 20, 39, 4, 30, 39]
    PRED: [9, 2, 39, 27, 33, 31, 39, 34, 27, 39, 13, 3, 0, 19, 0, 19, 39, 30, 33, 39, 28, 2, 21, 39, 35, 2, 22, 39, 27, 35, 0, 11, 39, 31, 33, 31, 39, 13, 1, 20, 39, 4, 30, 39]
    Edit distance: 15/46

============================================================
Batch 54500 | Val PER: 0.3229
============================================================
  Sample 0:
    TRUE: [31, 17, 0, 19, 27, 2, 28, 17, 39, 27, 17, 19, 2, 22, 28, 16, 8, 11, 8, 39]
    PRED: [9, 12, 0, 19, 28, 39, 8, 27, 2, 14, 30, 8, 39]
    Edit distance: 13/20
  Sample 1:
    TRUE: [27, 16, 7, 39, 26, 11, 7, 2, 28, 30, 39, 28, 10, 34, 27, 2, 20, 39, 28, 5, 22, 8, 39, 20, 16, 31, 2, 14, 27, 1, 13, 28, 39]
    PRED: [27, 10, 19, 28, 39, 26, 11, 1, 7, 2, 8, 39, 10, 34, 20, 39, 28, 5, 22, 8, 39, 20, 16, 31, 9, 2, 14, 18, 1, 39]
    Edit distance: 13/33
  Sample 2:
    TRUE: [28, 24, 39, 27, 33, 20, 37, 39, 35, 17, 39, 21, 12, 8, 39, 16, 22, 39, 2, 22, 2, 6, 1, 29, 30, 39, 19, 2, 20, 33, 38, 2, 22, 39]
    PRED: [9, 24, 39, 33, 20, 37, 39, 36, 17, 39, 21, 10, 8, 39, 16, 22, 39, 2, 22, 27, 1, 28, 39, 19, 24, 20, 33, 38, 2, 22, 39]
    Edit distance: 9/34
  Sample 3:
    TRUE: [20, 3, 27, 17, 37, 39, 19, 0, 28, 30, 33, 21, 39, 22, 17, 8, 2, 8, 39, 6, 20, 1, 19, 39, 14, 20, 2, 34, 37, 39, 30, 33, 39, 6, 17, 39, 19, 2, 21, 26, 20, 17, 30, 20, 17, 39, 10, 20, 2, 14, 2, 22, 30, 39]
    PRED: [19, 27, 24, 37, 17, 39, 1, 19, 21, 39, 22, 10, 8, 39, 21, 1, 19, 39, 20, 2, 8, 39, 30, 33, 39, 21, 17, 39, 19, 2, 26, 20, 30, 39, 1, 20, 2, 20, 22, 39]
    Edit distance: 26/54
  Sample 4:
    TRUE: [9, 2, 39, 30, 33, 31, 39, 13, 10, 27, 17, 39, 13, 11, 14, 0, 30, 39, 30, 33, 39, 19, 2, 21, 39, 35, 10, 22, 39, 27, 0, 18, 11, 37, 39, 30, 33, 31, 39, 13, 10, 20, 39, 4, 30, 39]
    PRED: [9, 2, 39, 27, 33, 31, 39, 34, 4, 39, 13, 0, 19, 0, 19, 39, 30, 33, 39, 28, 2, 21, 39, 35, 2, 22, 39, 27, 35, 0, 11, 39, 9, 31, 33, 31, 39, 13, 4, 20, 39, 4, 30, 39]
    Edit distance: 16/46

============================================================
Batch 55000 | Val PER: 0.3240
============================================================
  Sample 0:
    TRUE: [31, 17, 0, 19, 27, 2, 28, 17, 39, 27, 17, 19, 2, 22, 28, 16, 8, 11, 8, 39]
    PRED: [9, 12, 39, 19, 28, 39, 27, 2, 14, 30, 2, 8, 39]
    Edit distance: 13/20
  Sample 1:
    TRUE: [27, 16, 7, 39, 26, 11, 7, 2, 28, 30, 39, 28, 10, 34, 27, 2, 20, 39, 28, 5, 22, 8, 39, 20, 16, 31, 2, 14, 27, 1, 13, 28, 39]
    PRED: [27, 10, 19, 28, 39, 26, 11, 1, 7, 2, 8, 39, 10, 34, 2, 20, 39, 5, 22, 8, 39, 20, 16, 31, 2, 14, 1, 28, 39]
    Edit distance: 11/33
  Sample 2:
    TRUE: [28, 24, 39, 27, 33, 20, 37, 39, 35, 17, 39, 21, 12, 8, 39, 16, 22, 39, 2, 22, 2, 6, 1, 29, 30, 39, 19, 2, 20, 33, 38, 2, 22, 39]
    PRED: [9, 24, 39, 25, 20, 37, 39, 35, 17, 39, 21, 25, 8, 39, 16, 22, 39, 2, 22, 27, 1, 28, 39, 24, 20, 33, 38, 2, 22, 39]
    Edit distance: 10/34
  Sample 3:
    TRUE: [20, 3, 27, 17, 37, 39, 19, 0, 28, 30, 33, 21, 39, 22, 17, 8, 2, 8, 39, 6, 20, 1, 19, 39, 14, 20, 2, 34, 37, 39, 30, 33, 39, 6, 17, 39, 19, 2, 21, 26, 20, 17, 30, 20, 17, 39, 10, 20, 2, 14, 2, 22, 30, 39]
    PRED: [19, 27, 24, 37, 17, 39, 1, 19, 21, 39, 22, 10, 8, 39, 21, 1, 19, 39, 20, 2, 8, 39, 30, 33, 39, 21, 17, 39, 19, 2, 21, 26, 20, 30, 39, 1, 20, 2, 20, 2, 22, 39]
    Edit distance: 24/54
  Sample 4:
    TRUE: [9, 2, 39, 30, 33, 31, 39, 13, 10, 27, 17, 39, 13, 11, 14, 0, 30, 39, 30, 33, 39, 19, 2, 21, 39, 35, 10, 22, 39, 27, 0, 18, 11, 37, 39, 30, 33, 31, 39, 13, 10, 20, 39, 4, 30, 39]
    PRED: [9, 2, 39, 27, 33, 31, 39, 34, 6, 4, 39, 13, 3, 0, 19, 0, 19, 39, 30, 33, 39, 28, 2, 21, 39, 35, 10, 22, 39, 27, 35, 11, 39, 31, 33, 31, 39, 13, 4, 39, 4, 30, 39]
    Edit distance: 16/46

============================================================
Batch 55500 | Val PER: 0.3235
============================================================
  Sample 0:
    TRUE: [31, 17, 0, 19, 27, 2, 28, 17, 39, 27, 17, 19, 2, 22, 28, 16, 8, 11, 8, 39]
    PRED: [9, 17, 0, 19, 28, 39, 8, 27, 2, 14, 30, 8, 39]
    Edit distance: 12/20
  Sample 1:
    TRUE: [27, 16, 7, 39, 26, 11, 7, 2, 28, 30, 39, 28, 10, 34, 27, 2, 20, 39, 28, 5, 22, 8, 39, 20, 16, 31, 2, 14, 27, 1, 13, 28, 39]
    PRED: [27, 10, 19, 30, 39, 26, 11, 0, 7, 2, 8, 39, 10, 34, 11, 20, 39, 28, 5, 22, 8, 39, 20, 16, 31, 2, 14, 18, 1, 13, 28, 39]
    Edit distance: 10/33
  Sample 2:
    TRUE: [28, 24, 39, 27, 33, 20, 37, 39, 35, 17, 39, 21, 12, 8, 39, 16, 22, 39, 2, 22, 2, 6, 1, 29, 30, 39, 19, 2, 20, 33, 38, 2, 22, 39]
    PRED: [9, 24, 39, 17, 20, 37, 39, 35, 17, 39, 21, 10, 8, 39, 16, 22, 39, 2, 22, 27, 1, 28, 39, 24, 20, 38, 38, 2, 22, 39]
    Edit distance: 11/34
  Sample 3:
    TRUE: [20, 3, 27, 17, 37, 39, 19, 0, 28, 30, 33, 21, 39, 22, 17, 8, 2, 8, 39, 6, 20, 1, 19, 39, 14, 20, 2, 34, 37, 39, 30, 33, 39, 6, 17, 39, 19, 2, 21, 26, 20, 17, 30, 20, 17, 39, 10, 20, 2, 14, 2, 22, 30, 39]
    PRED: [27, 24, 37, 17, 39, 1, 19, 21, 39, 22, 10, 8, 39, 21, 1, 19, 39, 20, 2, 34, 8, 39, 30, 33, 39, 21, 17, 39, 19, 2, 21, 26, 20, 39, 1, 20, 20, 22, 39]
    Edit distance: 26/54
  Sample 4:
    TRUE: [9, 2, 39, 30, 33, 31, 39, 13, 10, 27, 17, 39, 13, 11, 14, 0, 30, 39, 30, 33, 39, 19, 2, 21, 39, 35, 10, 22, 39, 27, 0, 18, 11, 37, 39, 30, 33, 31, 39, 13, 10, 20, 39, 4, 30, 39]
    PRED: [9, 2, 39, 27, 33, 31, 39, 34, 4, 39, 13, 3, 0, 0, 19, 39, 30, 33, 39, 28, 2, 21, 39, 35, 2, 22, 39, 35, 11, 39, 9, 31, 33, 31, 39, 13, 4, 39, 4, 30, 39]
    Edit distance: 18/46

============================================================
Batch 56000 | Val PER: 0.3269
============================================================
  Sample 0:
    TRUE: [31, 17, 0, 19, 27, 2, 28, 17, 39, 27, 17, 19, 2, 22, 28, 16, 8, 11, 8, 39]
    PRED: [9, 17, 19, 28, 39, 8, 27, 2, 14, 30, 8, 39]
    Edit distance: 13/20
  Sample 1:
    TRUE: [27, 16, 7, 39, 26, 11, 7, 2, 28, 30, 39, 28, 10, 34, 27, 2, 20, 39, 28, 5, 22, 8, 39, 20, 16, 31, 2, 14, 27, 1, 13, 28, 39]
    PRED: [27, 10, 19, 30, 39, 26, 11, 0, 7, 2, 8, 39, 10, 34, 2, 20, 39, 5, 22, 8, 39, 20, 16, 31, 2, 18, 1, 28, 39]
    Edit distance: 12/33
  Sample 2:
    TRUE: [28, 24, 39, 27, 33, 20, 37, 39, 35, 17, 39, 21, 12, 8, 39, 16, 22, 39, 2, 22, 2, 6, 1, 29, 30, 39, 19, 2, 20, 33, 38, 2, 22, 39]
    PRED: [9, 24, 39, 25, 20, 37, 39, 21, 17, 39, 21, 25, 8, 39, 16, 22, 39, 10, 22, 27, 1, 28, 39, 24, 20, 33, 38, 2, 22, 39]
    Edit distance: 12/34
  Sample 3:
    TRUE: [20, 3, 27, 17, 37, 39, 19, 0, 28, 30, 33, 21, 39, 22, 17, 8, 2, 8, 39, 6, 20, 1, 19, 39, 14, 20, 2, 34, 37, 39, 30, 33, 39, 6, 17, 39, 19, 2, 21, 26, 20, 17, 30, 20, 17, 39, 10, 20, 2, 14, 2, 22, 30, 39]
    PRED: [19, 27, 24, 37, 17, 39, 1, 19, 21, 39, 22, 10, 8, 39, 21, 1, 19, 39, 20, 2, 0, 8, 39, 30, 33, 39, 21, 6, 17, 39, 19, 2, 21, 26, 20, 30, 39, 1, 20, 2, 20, 2, 22, 39]
    Edit distance: 24/54
  Sample 4:
    TRUE: [9, 2, 39, 30, 33, 31, 39, 13, 10, 27, 17, 39, 13, 11, 14, 0, 30, 39, 30, 33, 39, 19, 2, 21, 39, 35, 10, 22, 39, 27, 0, 18, 11, 37, 39, 30, 33, 31, 39, 13, 10, 20, 39, 4, 30, 39]
    PRED: [9, 2, 39, 27, 33, 31, 39, 34, 16, 17, 39, 13, 0, 0, 19, 39, 30, 33, 39, 28, 2, 21, 39, 35, 2, 22, 39, 35, 0, 11, 39, 9, 31, 33, 31, 39, 13, 1, 39, 4, 30, 39]
    Edit distance: 16/46

============================================================
Batch 56500 | Val PER: 0.3254
============================================================
  Sample 0:
    TRUE: [31, 17, 0, 19, 27, 2, 28, 17, 39, 27, 17, 19, 2, 22, 28, 16, 8, 11, 8, 39]
    PRED: [9, 17, 19, 28, 39, 8, 27, 2, 14, 30, 8, 39]
    Edit distance: 13/20
  Sample 1:
    TRUE: [27, 16, 7, 39, 26, 11, 7, 2, 28, 30, 39, 28, 10, 34, 27, 2, 20, 39, 28, 5, 22, 8, 39, 20, 16, 31, 2, 14, 27, 1, 13, 28, 39]
    PRED: [27, 10, 19, 28, 39, 26, 11, 0, 7, 2, 8, 39, 10, 34, 11, 20, 39, 5, 22, 8, 39, 20, 16, 31, 2, 14, 18, 1, 13, 28, 39]
    Edit distance: 11/33
  Sample 2:
    TRUE: [28, 24, 39, 27, 33, 20, 37, 39, 35, 17, 39, 21, 12, 8, 39, 16, 22, 39, 2, 22, 2, 6, 1, 29, 30, 39, 19, 2, 20, 33, 38, 2, 22, 39]
    PRED: [9, 24, 39, 25, 20, 37, 39, 21, 17, 39, 21, 25, 8, 39, 16, 22, 39, 2, 22, 27, 1, 28, 39, 24, 20, 33, 38, 2, 22, 39]
    Edit distance: 11/34
  Sample 3:
    TRUE: [20, 3, 27, 17, 37, 39, 19, 0, 28, 30, 33, 21, 39, 22, 17, 8, 2, 8, 39, 6, 20, 1, 19, 39, 14, 20, 2, 34, 37, 39, 30, 33, 39, 6, 17, 39, 19, 2, 21, 26, 20, 17, 30, 20, 17, 39, 10, 20, 2, 14, 2, 22, 30, 39]
    PRED: [19, 27, 24, 37, 17, 39, 19, 1, 19, 21, 39, 22, 10, 8, 39, 21, 1, 19, 39, 20, 2, 34, 8, 39, 30, 33, 39, 21, 17, 39, 19, 2, 21, 26, 20, 30, 39, 1, 20, 20, 22, 39]
    Edit distance: 24/54
  Sample 4:
    TRUE: [9, 2, 39, 30, 33, 31, 39, 13, 10, 27, 17, 39, 13, 11, 14, 0, 30, 39, 30, 33, 39, 19, 2, 21, 39, 35, 10, 22, 39, 27, 0, 18, 11, 37, 39, 30, 33, 31, 39, 13, 10, 20, 39, 4, 30, 39]
    PRED: [9, 2, 39, 30, 27, 33, 31, 39, 34, 27, 17, 39, 13, 0, 19, 0, 19, 39, 30, 33, 39, 28, 2, 21, 39, 35, 2, 22, 39, 27, 11, 39, 31, 33, 31, 39, 13, 1, 20, 39, 4, 30, 39]
    Edit distance: 13/46

============================================================
Batch 57000 | Val PER: 0.3297
============================================================
  Sample 0:
    TRUE: [31, 17, 0, 19, 27, 2, 28, 17, 39, 27, 17, 19, 2, 22, 28, 16, 8, 11, 8, 39]
    PRED: [17, 19, 28, 39, 8, 27, 2, 14, 30, 8, 39]
    Edit distance: 13/20
  Sample 1:
    TRUE: [27, 16, 7, 39, 26, 11, 7, 2, 28, 30, 39, 28, 10, 34, 27, 2, 20, 39, 28, 5, 22, 8, 39, 20, 16, 31, 2, 14, 27, 1, 13, 28, 39]
    PRED: [35, 10, 19, 28, 30, 39, 26, 27, 1, 7, 2, 8, 39, 10, 34, 11, 20, 39, 5, 22, 8, 39, 20, 16, 31, 2, 18, 1, 28, 39]
    Edit distance: 16/33
  Sample 2:
    TRUE: [28, 24, 39, 27, 33, 20, 37, 39, 35, 17, 39, 21, 12, 8, 39, 16, 22, 39, 2, 22, 2, 6, 1, 29, 30, 39, 19, 2, 20, 33, 38, 2, 22, 39]
    PRED: [9, 24, 39, 17, 20, 37, 39, 35, 17, 39, 21, 10, 8, 39, 16, 22, 39, 2, 22, 27, 1, 28, 39, 24, 20, 33, 38, 2, 22, 39]
    Edit distance: 10/34
  Sample 3:
    TRUE: [20, 3, 27, 17, 37, 39, 19, 0, 28, 30, 33, 21, 39, 22, 17, 8, 2, 8, 39, 6, 20, 1, 19, 39, 14, 20, 2, 34, 37, 39, 30, 33, 39, 6, 17, 39, 19, 2, 21, 26, 20, 17, 30, 20, 17, 39, 10, 20, 2, 14, 2, 22, 30, 39]
    PRED: [27, 24, 37, 17, 39, 1, 19, 21, 39, 22, 10, 8, 39, 21, 1, 19, 39, 20, 2, 34, 8, 39, 30, 33, 39, 21, 17, 39, 19, 2, 21, 26, 20, 30, 39, 1, 20, 2, 20, 22, 39]
    Edit distance: 24/54
  Sample 4:
    TRUE: [9, 2, 39, 30, 33, 31, 39, 13, 10, 27, 17, 39, 13, 11, 14, 0, 30, 39, 30, 33, 39, 19, 2, 21, 39, 35, 10, 22, 39, 27, 0, 18, 11, 37, 39, 30, 33, 31, 39, 13, 10, 20, 39, 4, 30, 39]
    PRED: [9, 2, 39, 30, 27, 33, 31, 39, 34, 10, 17, 39, 13, 3, 0, 19, 0, 19, 30, 39, 30, 33, 39, 28, 2, 21, 39, 35, 10, 22, 39, 35, 0, 11, 39, 9, 31, 33, 31, 39, 13, 1, 39, 4, 30, 39]
    Edit distance: 15/46

============================================================
Batch 57500 | Val PER: 0.3315
============================================================
  Sample 0:
    TRUE: [31, 17, 0, 19, 27, 2, 28, 17, 39, 27, 17, 19, 2, 22, 28, 16, 8, 11, 8, 39]
    PRED: [9, 17, 19, 28, 28, 39, 8, 27, 2, 14, 12, 30, 8, 39]
    Edit distance: 13/20
  Sample 1:
    TRUE: [27, 16, 7, 39, 26, 11, 7, 2, 28, 30, 39, 28, 10, 34, 27, 2, 20, 39, 28, 5, 22, 8, 39, 20, 16, 31, 2, 14, 27, 1, 13, 28, 39]
    PRED: [27, 10, 19, 28, 39, 26, 11, 0, 7, 2, 18, 39, 10, 34, 11, 20, 39, 5, 22, 8, 39, 20, 16, 31, 2, 18, 1, 13, 28, 39]
    Edit distance: 12/33
  Sample 2:
    TRUE: [28, 24, 39, 27, 33, 20, 37, 39, 35, 17, 39, 21, 12, 8, 39, 16, 22, 39, 2, 22, 2, 6, 1, 29, 30, 39, 19, 2, 20, 33, 38, 2, 22, 39]
    PRED: [9, 24, 39, 25, 20, 37, 39, 21, 17, 39, 21, 25, 8, 39, 16, 22, 39, 2, 22, 27, 1, 28, 39, 24, 20, 33, 38, 2, 22, 39]
    Edit distance: 11/34
  Sample 3:
    TRUE: [20, 3, 27, 17, 37, 39, 19, 0, 28, 30, 33, 21, 39, 22, 17, 8, 2, 8, 39, 6, 20, 1, 19, 39, 14, 20, 2, 34, 37, 39, 30, 33, 39, 6, 17, 39, 19, 2, 21, 26, 20, 17, 30, 20, 17, 39, 10, 20, 2, 14, 2, 22, 30, 39]
    PRED: [19, 27, 24, 37, 17, 39, 19, 1, 19, 21, 39, 22, 12, 8, 39, 21, 1, 19, 39, 20, 2, 34, 8, 39, 30, 33, 39, 21, 17, 39, 19, 2, 21, 26, 20, 39, 1, 20, 2, 20, 22, 39]
    Edit distance: 24/54
  Sample 4:
    TRUE: [9, 2, 39, 30, 33, 31, 39, 13, 10, 27, 17, 39, 13, 11, 14, 0, 30, 39, 30, 33, 39, 19, 2, 21, 39, 35, 10, 22, 39, 27, 0, 18, 11, 37, 39, 30, 33, 31, 39, 13, 10, 20, 39, 4, 30, 39]
    PRED: [9, 2, 39, 30, 27, 33, 31, 39, 34, 17, 39, 13, 0, 19, 0, 19, 39, 30, 33, 39, 28, 19, 2, 21, 39, 35, 2, 22, 39, 35, 11, 39, 31, 33, 31, 39, 13, 4, 39, 4, 30, 39]
    Edit distance: 16/46

============================================================
Batch 58000 | Val PER: 0.3286
============================================================
  Sample 0:
    TRUE: [31, 17, 0, 19, 27, 2, 28, 17, 39, 27, 17, 19, 2, 22, 28, 16, 8, 11, 8, 39]
    PRED: [9, 19, 28, 39, 8, 27, 2, 14, 30, 8, 39]
    Edit distance: 14/20
  Sample 1:
    TRUE: [27, 16, 7, 39, 26, 11, 7, 2, 28, 30, 39, 28, 10, 34, 27, 2, 20, 39, 28, 5, 22, 8, 39, 20, 16, 31, 2, 14, 27, 1, 13, 28, 39]
    PRED: [27, 10, 19, 28, 39, 26, 11, 0, 7, 2, 18, 39, 10, 34, 20, 39, 5, 22, 8, 39, 20, 16, 31, 2, 39, 18, 1, 39]
    Edit distance: 14/33
  Sample 2:
    TRUE: [28, 24, 39, 27, 33, 20, 37, 39, 35, 17, 39, 21, 12, 8, 39, 16, 22, 39, 2, 22, 2, 6, 1, 29, 30, 39, 19, 2, 20, 33, 38, 2, 22, 39]
    PRED: [9, 24, 39, 25, 20, 37, 39, 21, 17, 39, 21, 25, 8, 39, 16, 22, 39, 2, 22, 27, 1, 28, 39, 24, 20, 33, 38, 2, 22, 39]
    Edit distance: 11/34
  Sample 3:
    TRUE: [20, 3, 27, 17, 37, 39, 19, 0, 28, 30, 33, 21, 39, 22, 17, 8, 2, 8, 39, 6, 20, 1, 19, 39, 14, 20, 2, 34, 37, 39, 30, 33, 39, 6, 17, 39, 19, 2, 21, 26, 20, 17, 30, 20, 17, 39, 10, 20, 2, 14, 2, 22, 30, 39]
    PRED: [19, 27, 24, 37, 17, 39, 28, 1, 19, 21, 39, 22, 10, 8, 39, 21, 27, 1, 19, 39, 20, 2, 34, 8, 39, 30, 33, 39, 21, 17, 39, 19, 2, 21, 26, 20, 39, 1, 20, 20, 22, 39]
    Edit distance: 25/54
  Sample 4:
    TRUE: [9, 2, 39, 30, 33, 31, 39, 13, 10, 27, 17, 39, 13, 11, 14, 0, 30, 39, 30, 33, 39, 19, 2, 21, 39, 35, 10, 22, 39, 27, 0, 18, 11, 37, 39, 30, 33, 31, 39, 13, 10, 20, 39, 4, 30, 39]
    PRED: [9, 2, 39, 30, 27, 33, 31, 39, 34, 17, 39, 13, 0, 19, 0, 19, 39, 30, 33, 39, 28, 2, 21, 39, 35, 2, 22, 39, 35, 11, 39, 9, 33, 31, 39, 13, 4, 39, 4, 30, 39]
    Edit distance: 16/46

============================================================
Batch 58500 | Val PER: 0.3300
============================================================
  Sample 0:
    TRUE: [31, 17, 0, 19, 27, 2, 28, 17, 39, 27, 17, 19, 2, 22, 28, 16, 8, 11, 8, 39]
    PRED: [17, 19, 28, 39, 8, 27, 2, 14, 30, 8, 39]
    Edit distance: 13/20
  Sample 1:
    TRUE: [27, 16, 7, 39, 26, 11, 7, 2, 28, 30, 39, 28, 10, 34, 27, 2, 20, 39, 28, 5, 22, 8, 39, 20, 16, 31, 2, 14, 27, 1, 13, 28, 39]
    PRED: [27, 10, 19, 28, 39, 26, 27, 0, 7, 2, 8, 39, 10, 34, 20, 39, 5, 22, 8, 39, 20, 16, 31, 2, 39, 18, 10, 39]
    Edit distance: 16/33
  Sample 2:
    TRUE: [28, 24, 39, 27, 33, 20, 37, 39, 35, 17, 39, 21, 12, 8, 39, 16, 22, 39, 2, 22, 2, 6, 1, 29, 30, 39, 19, 2, 20, 33, 38, 2, 22, 39]
    PRED: [9, 24, 39, 17, 20, 37, 39, 21, 17, 39, 21, 25, 8, 39, 16, 22, 39, 2, 22, 27, 1, 28, 39, 19, 24, 20, 33, 38, 2, 22, 39]
    Edit distance: 10/34
  Sample 3:
    TRUE: [20, 3, 27, 17, 37, 39, 19, 0, 28, 30, 33, 21, 39, 22, 17, 8, 2, 8, 39, 6, 20, 1, 19, 39, 14, 20, 2, 34, 37, 39, 30, 33, 39, 6, 17, 39, 19, 2, 21, 26, 20, 17, 30, 20, 17, 39, 10, 20, 2, 14, 2, 22, 30, 39]
    PRED: [19, 27, 24, 37, 17, 39, 1, 19, 21, 39, 22, 10, 8, 39, 21, 27, 1, 19, 39, 20, 2, 34, 8, 39, 30, 33, 39, 21, 17, 39, 19, 2, 21, 26, 20, 39, 1, 20, 20, 2, 22, 39]
    Edit distance: 25/54
  Sample 4:
    TRUE: [9, 2, 39, 30, 33, 31, 39, 13, 10, 27, 17, 39, 13, 11, 14, 0, 30, 39, 30, 33, 39, 19, 2, 21, 39, 35, 10, 22, 39, 27, 0, 18, 11, 37, 39, 30, 33, 31, 39, 13, 10, 20, 39, 4, 30, 39]
    PRED: [9, 2, 39, 27, 33, 31, 39, 34, 17, 39, 13, 35, 0, 19, 0, 19, 39, 30, 33, 39, 28, 2, 21, 39, 35, 10, 22, 39, 35, 11, 39, 31, 33, 31, 39, 13, 4, 39, 4, 30, 39]
    Edit distance: 16/46

============================================================
Batch 59000 | Val PER: 0.3264
============================================================
  Sample 0:
    TRUE: [31, 17, 0, 19, 27, 2, 28, 17, 39, 27, 17, 19, 2, 22, 28, 16, 8, 11, 8, 39]
    PRED: [17, 19, 28, 39, 27, 2, 14, 30, 8, 39]
    Edit distance: 12/20
  Sample 1:
    TRUE: [27, 16, 7, 39, 26, 11, 7, 2, 28, 30, 39, 28, 10, 34, 27, 2, 20, 39, 28, 5, 22, 8, 39, 20, 16, 31, 2, 14, 27, 1, 13, 28, 39]
    PRED: [27, 10, 19, 28, 39, 26, 27, 0, 7, 2, 18, 39, 10, 34, 20, 39, 5, 22, 8, 39, 20, 16, 31, 2, 18, 10, 39]
    Edit distance: 16/33
  Sample 2:
    TRUE: [28, 24, 39, 27, 33, 20, 37, 39, 35, 17, 39, 21, 12, 8, 39, 16, 22, 39, 2, 22, 2, 6, 1, 29, 30, 39, 19, 2, 20, 33, 38, 2, 22, 39]
    PRED: [9, 24, 39, 25, 20, 37, 39, 21, 17, 39, 21, 25, 8, 39, 16, 22, 39, 2, 22, 27, 1, 28, 39, 19, 24, 20, 33, 38, 2, 22, 39]
    Edit distance: 10/34
  Sample 3:
    TRUE: [20, 3, 27, 17, 37, 39, 19, 0, 28, 30, 33, 21, 39, 22, 17, 8, 2, 8, 39, 6, 20, 1, 19, 39, 14, 20, 2, 34, 37, 39, 30, 33, 39, 6, 17, 39, 19, 2, 21, 26, 20, 17, 30, 20, 17, 39, 10, 20, 2, 14, 2, 22, 30, 39]
    PRED: [19, 27, 24, 37, 17, 39, 28, 1, 19, 21, 39, 22, 10, 8, 39, 21, 1, 19, 39, 20, 2, 34, 8, 39, 30, 33, 39, 21, 17, 39, 19, 2, 21, 26, 20, 39, 1, 20, 2, 20, 2, 22, 39]
    Edit distance: 23/54
  Sample 4:
    TRUE: [9, 2, 39, 30, 33, 31, 39, 13, 10, 27, 17, 39, 13, 11, 14, 0, 30, 39, 30, 33, 39, 19, 2, 21, 39, 35, 10, 22, 39, 27, 0, 18, 11, 37, 39, 30, 33, 31, 39, 13, 10, 20, 39, 4, 30, 39]
    PRED: [9, 2, 39, 27, 33, 31, 39, 34, 39, 13, 35, 0, 0, 19, 39, 30, 33, 39, 28, 2, 21, 39, 35, 2, 22, 39, 35, 11, 39, 31, 33, 31, 39, 13, 4, 39, 4, 30, 39]
    Edit distance: 17/46

============================================================
Batch 59500 | Val PER: 0.3290
============================================================
  Sample 0:
    TRUE: [31, 17, 0, 19, 27, 2, 28, 17, 39, 27, 17, 19, 2, 22, 28, 16, 8, 11, 8, 39]
    PRED: [17, 19, 28, 39, 27, 2, 14, 30, 8, 39]
    Edit distance: 12/20
  Sample 1:
    TRUE: [27, 16, 7, 39, 26, 11, 7, 2, 28, 30, 39, 28, 10, 34, 27, 2, 20, 39, 28, 5, 22, 8, 39, 20, 16, 31, 2, 14, 27, 1, 13, 28, 39]
    PRED: [27, 10, 19, 30, 39, 26, 27, 0, 7, 29, 2, 8, 39, 10, 34, 20, 39, 5, 22, 8, 39, 20, 16, 31, 2, 39, 18, 10, 39]
    Edit distance: 17/33
  Sample 2:
    TRUE: [28, 24, 39, 27, 33, 20, 37, 39, 35, 17, 39, 21, 12, 8, 39, 16, 22, 39, 2, 22, 2, 6, 1, 29, 30, 39, 19, 2, 20, 33, 38, 2, 22, 39]
    PRED: [9, 24, 39, 17, 20, 37, 39, 21, 17, 39, 21, 10, 8, 39, 16, 22, 39, 2, 22, 27, 1, 28, 39, 19, 24, 20, 33, 38, 2, 22, 39]
    Edit distance: 10/34
  Sample 3:
    TRUE: [20, 3, 27, 17, 37, 39, 19, 0, 28, 30, 33, 21, 39, 22, 17, 8, 2, 8, 39, 6, 20, 1, 19, 39, 14, 20, 2, 34, 37, 39, 30, 33, 39, 6, 17, 39, 19, 2, 21, 26, 20, 17, 30, 20, 17, 39, 10, 20, 2, 14, 2, 22, 30, 39]
    PRED: [19, 27, 24, 37, 17, 39, 1, 19, 21, 39, 22, 10, 8, 39, 6, 27, 1, 19, 39, 20, 2, 34, 8, 39, 30, 33, 39, 21, 17, 39, 19, 2, 21, 26, 20, 39, 1, 20, 2, 20, 2, 22, 39]
    Edit distance: 23/54
  Sample 4:
    TRUE: [9, 2, 39, 30, 33, 31, 39, 13, 10, 27, 17, 39, 13, 11, 14, 0, 30, 39, 30, 33, 39, 19, 2, 21, 39, 35, 10, 22, 39, 27, 0, 18, 11, 37, 39, 30, 33, 31, 39, 13, 10, 20, 39, 4, 30, 39]
    PRED: [9, 2, 39, 30, 27, 33, 31, 39, 34, 39, 13, 0, 19, 0, 19, 39, 30, 33, 39, 28, 2, 21, 39, 35, 10, 22, 39, 35, 11, 39, 9, 33, 31, 39, 4, 39, 4, 30, 39]
    Edit distance: 17/46

============================================================
Batch 60000 | Val PER: 0.3306
============================================================
  Sample 0:
    TRUE: [31, 17, 0, 19, 27, 2, 28, 17, 39, 27, 17, 19, 2, 22, 28, 16, 8, 11, 8, 39]
    PRED: [17, 19, 28, 39, 8, 27, 2, 14, 30, 8, 39]
    Edit distance: 13/20
  Sample 1:
    TRUE: [27, 16, 7, 39, 26, 11, 7, 2, 28, 30, 39, 28, 10, 34, 27, 2, 20, 39, 28, 5, 22, 8, 39, 20, 16, 31, 2, 14, 27, 1, 13, 28, 39]
    PRED: [27, 10, 19, 30, 39, 26, 27, 0, 7, 2, 18, 39, 10, 34, 20, 39, 5, 22, 8, 39, 20, 16, 31, 2, 18, 10, 39]
    Edit distance: 16/33
  Sample 2:
    TRUE: [28, 24, 39, 27, 33, 20, 37, 39, 35, 17, 39, 21, 12, 8, 39, 16, 22, 39, 2, 22, 2, 6, 1, 29, 30, 39, 19, 2, 20, 33, 38, 2, 22, 39]
    PRED: [9, 24, 39, 17, 20, 37, 39, 21, 17, 39, 21, 10, 8, 39, 16, 22, 39, 2, 22, 27, 1, 28, 39, 24, 20, 33, 38, 2, 22, 39]
    Edit distance: 11/34
  Sample 3:
    TRUE: [20, 3, 27, 17, 37, 39, 19, 0, 28, 30, 33, 21, 39, 22, 17, 8, 2, 8, 39, 6, 20, 1, 19, 39, 14, 20, 2, 34, 37, 39, 30, 33, 39, 6, 17, 39, 19, 2, 21, 26, 20, 17, 30, 20, 17, 39, 10, 20, 2, 14, 2, 22, 30, 39]
    PRED: [19, 27, 24, 37, 17, 39, 1, 19, 21, 39, 22, 10, 8, 39, 21, 1, 19, 39, 20, 2, 34, 8, 39, 30, 33, 39, 21, 17, 39, 19, 2, 21, 26, 20, 39, 1, 20, 2, 20, 2, 22, 39]
    Edit distance: 24/54
  Sample 4:
    TRUE: [9, 2, 39, 30, 33, 31, 39, 13, 10, 27, 17, 39, 13, 11, 14, 0, 30, 39, 30, 33, 39, 19, 2, 21, 39, 35, 10, 22, 39, 27, 0, 18, 11, 37, 39, 30, 33, 31, 39, 13, 10, 20, 39, 4, 30, 39]
    PRED: [9, 2, 39, 30, 27, 33, 31, 39, 34, 17, 39, 13, 35, 0, 0, 19, 39, 30, 33, 39, 28, 2, 21, 39, 35, 10, 22, 39, 35, 11, 39, 9, 33, 31, 39, 13, 4, 39, 4, 30, 39]
    Edit distance: 15/46

============================================================
Batch 60500 | Val PER: 0.3338
============================================================
  Sample 0:
    TRUE: [31, 17, 0, 19, 27, 2, 28, 17, 39, 27, 17, 19, 2, 22, 28, 16, 8, 11, 8, 39]
    PRED: [17, 19, 28, 39, 8, 27, 2, 14, 30, 8, 39]
    Edit distance: 13/20
  Sample 1:
    TRUE: [27, 16, 7, 39, 26, 11, 7, 2, 28, 30, 39, 28, 10, 34, 27, 2, 20, 39, 28, 5, 22, 8, 39, 20, 16, 31, 2, 14, 27, 1, 13, 28, 39]
    PRED: [27, 10, 19, 30, 39, 26, 27, 0, 7, 29, 2, 18, 39, 10, 34, 20, 39, 5, 22, 8, 39, 20, 16, 31, 2, 39, 18, 1, 39]
    Edit distance: 16/33
  Sample 2:
    TRUE: [28, 24, 39, 27, 33, 20, 37, 39, 35, 17, 39, 21, 12, 8, 39, 16, 22, 39, 2, 22, 2, 6, 1, 29, 30, 39, 19, 2, 20, 33, 38, 2, 22, 39]
    PRED: [9, 24, 39, 17, 20, 37, 39, 21, 17, 39, 21, 25, 8, 39, 16, 22, 39, 2, 22, 27, 1, 28, 39, 24, 20, 33, 38, 2, 22, 39]
    Edit distance: 11/34
  Sample 3:
    TRUE: [20, 3, 27, 17, 37, 39, 19, 0, 28, 30, 33, 21, 39, 22, 17, 8, 2, 8, 39, 6, 20, 1, 19, 39, 14, 20, 2, 34, 37, 39, 30, 33, 39, 6, 17, 39, 19, 2, 21, 26, 20, 17, 30, 20, 17, 39, 10, 20, 2, 14, 2, 22, 30, 39]
    PRED: [19, 27, 3, 37, 17, 39, 28, 1, 19, 21, 39, 22, 10, 8, 39, 21, 1, 19, 39, 20, 2, 34, 8, 39, 30, 33, 39, 21, 17, 39, 19, 2, 21, 26, 20, 39, 1, 20, 20, 2, 22, 39]
    Edit distance: 24/54
  Sample 4:
    TRUE: [9, 2, 39, 30, 33, 31, 39, 13, 10, 27, 17, 39, 13, 11, 14, 0, 30, 39, 30, 33, 39, 19, 2, 21, 39, 35, 10, 22, 39, 27, 0, 18, 11, 37, 39, 30, 33, 31, 39, 13, 10, 20, 39, 4, 30, 39]
    PRED: [9, 2, 39, 30, 27, 33, 31, 39, 34, 17, 39, 13, 35, 0, 19, 0, 19, 39, 30, 33, 39, 28, 2, 21, 39, 35, 10, 22, 39, 35, 11, 39, 31, 33, 31, 39, 13, 1, 20, 39, 4, 30, 39]
    Edit distance: 15/46

============================================================
Batch 61000 | Val PER: 0.3286
============================================================
  Sample 0:
    TRUE: [31, 17, 0, 19, 27, 2, 28, 17, 39, 27, 17, 19, 2, 22, 28, 16, 8, 11, 8, 39]
    PRED: [17, 19, 28, 39, 8, 27, 2, 14, 30, 8, 39]
    Edit distance: 13/20
  Sample 1:
    TRUE: [27, 16, 7, 39, 26, 11, 7, 2, 28, 30, 39, 28, 10, 34, 27, 2, 20, 39, 28, 5, 22, 8, 39, 20, 16, 31, 2, 14, 27, 1, 13, 28, 39]
    PRED: [27, 10, 19, 30, 39, 26, 27, 0, 7, 2, 18, 39, 10, 34, 20, 39, 5, 22, 8, 39, 20, 16, 31, 2, 18, 10, 39]
    Edit distance: 16/33
  Sample 2:
    TRUE: [28, 24, 39, 27, 33, 20, 37, 39, 35, 17, 39, 21, 12, 8, 39, 16, 22, 39, 2, 22, 2, 6, 1, 29, 30, 39, 19, 2, 20, 33, 38, 2, 22, 39]
    PRED: [9, 24, 39, 25, 20, 37, 39, 21, 17, 39, 21, 25, 8, 39, 16, 22, 39, 2, 22, 27, 1, 28, 39, 24, 20, 33, 38, 2, 22, 39]
    Edit distance: 11/34
  Sample 3:
    TRUE: [20, 3, 27, 17, 37, 39, 19, 0, 28, 30, 33, 21, 39, 22, 17, 8, 2, 8, 39, 6, 20, 1, 19, 39, 14, 20, 2, 34, 37, 39, 30, 33, 39, 6, 17, 39, 19, 2, 21, 26, 20, 17, 30, 20, 17, 39, 10, 20, 2, 14, 2, 22, 30, 39]
    PRED: [19, 27, 3, 37, 17, 39, 28, 1, 19, 21, 39, 22, 10, 8, 39, 6, 27, 1, 19, 39, 20, 2, 34, 8, 39, 30, 33, 39, 21, 17, 39, 19, 2, 21, 26, 20, 39, 1, 20, 2, 20, 2, 22, 39]
    Edit distance: 22/54
  Sample 4:
    TRUE: [9, 2, 39, 30, 33, 31, 39, 13, 10, 27, 17, 39, 13, 11, 14, 0, 30, 39, 30, 33, 39, 19, 2, 21, 39, 35, 10, 22, 39, 27, 0, 18, 11, 37, 39, 30, 33, 31, 39, 13, 10, 20, 39, 4, 30, 39]
    PRED: [9, 2, 39, 30, 27, 33, 31, 39, 34, 17, 39, 13, 0, 0, 39, 30, 33, 39, 28, 2, 21, 39, 35, 10, 22, 39, 35, 11, 39, 31, 33, 31, 39, 13, 1, 39, 4, 30, 39]
    Edit distance: 15/46

============================================================
Batch 61500 | Val PER: 0.3293
============================================================
  Sample 0:
    TRUE: [31, 17, 0, 19, 27, 2, 28, 17, 39, 27, 17, 19, 2, 22, 28, 16, 8, 11, 8, 39]
    PRED: [17, 19, 28, 39, 8, 27, 2, 14, 30, 8, 39]
    Edit distance: 13/20
  Sample 1:
    TRUE: [27, 16, 7, 39, 26, 11, 7, 2, 28, 30, 39, 28, 10, 34, 27, 2, 20, 39, 28, 5, 22, 8, 39, 20, 16, 31, 2, 14, 27, 1, 13, 28, 39]
    PRED: [27, 10, 19, 28, 39, 26, 11, 0, 7, 29, 2, 18, 39, 10, 34, 20, 39, 5, 22, 8, 39, 20, 16, 31, 2, 39, 18, 1, 39]
    Edit distance: 15/33
  Sample 2:
    TRUE: [28, 24, 39, 27, 33, 20, 37, 39, 35, 17, 39, 21, 12, 8, 39, 16, 22, 39, 2, 22, 2, 6, 1, 29, 30, 39, 19, 2, 20, 33, 38, 2, 22, 39]
    PRED: [9, 24, 39, 17, 20, 37, 39, 21, 17, 39, 21, 25, 8, 39, 16, 22, 39, 2, 22, 27, 1, 28, 39, 24, 20, 33, 38, 2, 22, 39]
    Edit distance: 11/34
  Sample 3:
    TRUE: [20, 3, 27, 17, 37, 39, 19, 0, 28, 30, 33, 21, 39, 22, 17, 8, 2, 8, 39, 6, 20, 1, 19, 39, 14, 20, 2, 34, 37, 39, 30, 33, 39, 6, 17, 39, 19, 2, 21, 26, 20, 17, 30, 20, 17, 39, 10, 20, 2, 14, 2, 22, 30, 39]
    PRED: [19, 27, 24, 37, 17, 39, 28, 1, 19, 21, 39, 22, 10, 8, 39, 21, 27, 1, 19, 39, 20, 2, 34, 8, 39, 30, 33, 39, 21, 17, 39, 19, 2, 21, 26, 20, 39, 1, 20, 20, 2, 22, 39]
    Edit distance: 24/54
  Sample 4:
    TRUE: [9, 2, 39, 30, 33, 31, 39, 13, 10, 27, 17, 39, 13, 11, 14, 0, 30, 39, 30, 33, 39, 19, 2, 21, 39, 35, 10, 22, 39, 27, 0, 18, 11, 37, 39, 30, 33, 31, 39, 13, 10, 20, 39, 4, 30, 39]
    PRED: [9, 2, 39, 30, 27, 33, 31, 39, 34, 17, 39, 13, 35, 0, 0, 39, 30, 33, 39, 28, 2, 21, 39, 35, 2, 22, 39, 35, 11, 39, 31, 33, 31, 39, 13, 4, 39, 4, 30, 39]
    Edit distance: 16/46
