
============================================================
Batch 0 | Val PER: 1.6702
============================================================
  Sample 0:
    TRUE: [31, 17, 0, 19, 27, 2, 28, 17, 39, 27, 17, 19, 2, 22, 28, 16, 8, 11, 8, 39]
    PRED: [22, 37, 36, 37, 7, 5, 38, 22, 23, 27, 22, 25, 0, 5, 19, 8, 26, 23, 10, 8, 18, 27, 5, 26, 37, 5, 21, 32, 7, 22, 15, 20, 20, 31, 10, 23, 2, 33, 2, 0, 2, 17, 0, 2]
    Edit distance: 40/20
  Sample 1:
    TRUE: [27, 16, 7, 39, 26, 11, 7, 2, 28, 30, 39, 28, 10, 34, 27, 2, 20, 39, 28, 5, 22, 8, 39, 20, 16, 31, 2, 14, 27, 1, 13, 28, 39]
    PRED: [32, 30, 14, 1, 14, 8, 35, 38, 0, 32, 26, 22, 26, 36, 16, 32, 31, 32, 13, 19, 13, 4, 28, 26, 3, 2, 26, 30, 17, 7, 16, 36, 26, 6, 18, 26, 37, 14, 3, 26, 27, 8, 7, 8, 4, 27, 28, 8, 7, 10, 8, 32, 16, 32, 17, 16, 32, 4, 28, 4, 5, 10, 0, 33, 0, 33, 0, 35]
    Edit distance: 61/33
  Sample 2:
    TRUE: [28, 24, 39, 27, 33, 20, 37, 39, 35, 17, 39, 21, 12, 8, 39, 16, 22, 39, 2, 22, 2, 6, 1, 29, 30, 39, 19, 2, 20, 33, 38, 2, 22, 39]
    PRED: [21, 12, 5, 22, 35, 8, 12, 18, 14, 39, 26, 23, 27, 22, 27, 36, 8, 4, 32, 21, 22, 3, 25, 3, 21, 32, 21, 22, 39, 23, 26, 21, 39, 8, 17, 36, 8, 23, 3, 26, 39, 21, 13, 5, 8, 13, 39, 36, 30, 1, 32, 26, 1, 8, 19, 16, 27, 4, 13, 26, 15, 5, 0, 8, 26, 4, 8, 27, 33, 22, 4, 22, 9, 16, 8, 32, 17, 16, 3, 6, 17, 19, 36, 31, 7, 0]
    Edit distance: 76/34
  Sample 3:
    TRUE: [20, 3, 27, 17, 37, 39, 19, 0, 28, 30, 33, 21, 39, 22, 17, 8, 2, 8, 39, 6, 20, 1, 19, 39, 14, 20, 2, 34, 37, 39, 30, 33, 39, 6, 17, 39, 19, 2, 21, 26, 20, 17, 30, 20, 17, 39, 10, 20, 2, 14, 2, 22, 30, 39]
    PRED: [39, 5, 12, 8, 7, 14, 7, 1, 32, 17, 20, 26, 5, 32, 25, 36, 19, 23, 32, 36, 32, 13, 19, 26, 27, 35, 36, 3, 12, 8, 24, 1, 14, 32, 29, 27, 18, 14, 8, 10, 32, 1, 19, 7, 19, 32, 19, 39, 12, 14, 1, 14, 25, 8, 14, 13, 18, 1, 18, 32, 22, 18, 1, 14, 16, 19, 24, 34, 23, 1, 32, 8, 37, 24, 9, 35, 32, 27, 28, 32, 25, 17, 27, 6, 8, 6, 37, 31, 17, 27, 9, 21, 25, 14, 7, 23, 6, 15, 28, 15, 28, 0, 9, 0, 11]
    Edit distance: 94/54
  Sample 4:
    TRUE: [9, 2, 39, 30, 33, 31, 39, 13, 10, 27, 17, 39, 13, 11, 14, 0, 30, 39, 30, 33, 39, 19, 2, 21, 39, 35, 10, 22, 39, 27, 0, 18, 11, 37, 39, 30, 33, 31, 39, 13, 10, 20, 39, 4, 30, 39]
    PRED: [7, 8, 26, 8, 37, 8, 39, 12, 30, 22, 13, 14, 4, 32, 3, 19, 33, 32, 14, 8, 31, 14, 18, 37, 0, 7, 25, 2, 22, 19, 14, 23, 33, 12, 15, 28, 32, 26, 12, 19, 0, 32, 12, 8, 39, 5, 26, 14, 12, 21, 7, 3, 20, 32, 7, 17, 19, 32, 37, 17, 4, 17, 22, 0, 32, 20, 1, 9, 25, 33, 30, 17, 16, 17, 33, 0, 8, 14, 20, 27, 9, 12, 25, 26, 3, 12, 18, 36, 12, 35, 22, 25, 12, 8, 33, 8, 12, 8, 25, 5, 25, 17, 15, 16, 39, 18, 33, 32, 12, 0, 12, 7, 20, 18, 20, 0, 20, 23, 0, 25, 0, 11, 25, 11, 9, 25, 28]
    Edit distance: 113/46

============================================================
Batch 500 | Val PER: 0.4819
============================================================
  Sample 0:
    TRUE: [31, 17, 0, 19, 27, 2, 28, 17, 39, 27, 17, 19, 2, 22, 28, 16, 8, 11, 8, 39]
    PRED: [2, 39, 19, 2, 22, 39, 27, 39, 22, 22, 8, 39]
    Edit distance: 13/20
  Sample 1:
    TRUE: [27, 16, 7, 39, 26, 11, 7, 2, 28, 30, 39, 28, 10, 34, 27, 2, 20, 39, 28, 5, 22, 8, 39, 20, 16, 31, 2, 14, 27, 1, 13, 28, 39]
    PRED: [12, 19, 39, 26, 27, 30, 22, 39, 34, 39, 22, 39, 16, 1, 33, 39, 11, 39]
    Edit distance: 24/33
  Sample 2:
    TRUE: [28, 24, 39, 27, 33, 20, 37, 39, 35, 17, 39, 21, 12, 8, 39, 16, 22, 39, 2, 22, 2, 6, 1, 29, 30, 39, 19, 2, 20, 33, 38, 2, 22, 39]
    PRED: [39, 20, 39, 2, 39, 21, 22, 39, 22, 39, 22, 2, 30, 28, 39, 33, 22, 39]
    Edit distance: 20/34
  Sample 3:
    TRUE: [20, 3, 27, 17, 37, 39, 19, 0, 28, 30, 33, 21, 39, 22, 17, 8, 2, 8, 39, 6, 20, 1, 19, 39, 14, 20, 2, 34, 37, 39, 30, 33, 39, 6, 17, 39, 19, 2, 21, 26, 20, 17, 30, 20, 17, 39, 10, 20, 2, 14, 2, 22, 30, 39]
    PRED: [35, 27, 39, 15, 1, 2, 6, 39, 16, 22, 8, 39, 6, 19, 39, 34, 37, 39, 33, 39, 6, 17, 39, 26, 20, 29, 2, 20, 39, 20, 22, 39]
    Edit distance: 31/54
  Sample 4:
    TRUE: [9, 2, 39, 30, 33, 31, 39, 13, 10, 27, 17, 39, 13, 11, 14, 0, 30, 39, 30, 33, 39, 19, 2, 21, 39, 35, 10, 22, 39, 27, 0, 18, 11, 37, 39, 30, 33, 31, 39, 13, 10, 20, 39, 4, 30, 39]
    PRED: [9, 2, 39, 33, 2, 8, 39, 13, 10, 17, 11, 39, 27, 14, 2, 30, 39, 33, 39, 21, 39, 22, 39, 35, 39, 33, 39, 30, 39, 4, 22, 30, 39]
    Edit distance: 24/46

============================================================
Batch 1000 | Val PER: 0.4117
============================================================
  Sample 0:
    TRUE: [31, 17, 0, 19, 27, 2, 28, 17, 39, 27, 17, 19, 2, 22, 28, 16, 8, 11, 8, 39]
    PRED: [9, 1, 19, 28, 39, 16, 8, 39]
    Edit distance: 14/20
  Sample 1:
    TRUE: [27, 16, 7, 39, 26, 11, 7, 2, 28, 30, 39, 28, 10, 34, 27, 2, 20, 39, 28, 5, 22, 8, 39, 20, 16, 31, 2, 14, 27, 1, 13, 28, 39]
    PRED: [17, 23, 19, 39, 26, 11, 2, 22, 39, 1, 34, 11, 39, 1, 22, 39, 16, 28, 39, 9, 39, 14, 1, 28, 39]
    Edit distance: 21/33
  Sample 2:
    TRUE: [28, 24, 39, 27, 33, 20, 37, 39, 35, 17, 39, 21, 12, 8, 39, 16, 22, 39, 2, 22, 2, 6, 1, 29, 30, 39, 19, 2, 20, 33, 38, 2, 22, 39]
    PRED: [2, 39, 16, 20, 37, 39, 17, 39, 21, 22, 39, 16, 22, 39, 22, 34, 1, 28, 39, 19, 0, 20, 2, 22, 39]
    Edit distance: 15/34
  Sample 3:
    TRUE: [20, 3, 27, 17, 37, 39, 19, 0, 28, 30, 33, 21, 39, 22, 17, 8, 2, 8, 39, 6, 20, 1, 19, 39, 14, 20, 2, 34, 37, 39, 30, 33, 39, 6, 17, 39, 19, 2, 21, 26, 20, 17, 30, 20, 17, 39, 10, 20, 2, 14, 2, 22, 30, 39]
    PRED: [27, 11, 39, 1, 21, 39, 22, 16, 22, 8, 39, 6, 16, 19, 39, 20, 2, 34, 39, 30, 33, 39, 6, 17, 39, 21, 30, 2, 39, 2, 22, 30, 39]
    Edit distance: 27/54
  Sample 4:
    TRUE: [9, 2, 39, 30, 33, 31, 39, 13, 10, 27, 17, 39, 13, 11, 14, 0, 30, 39, 30, 33, 39, 19, 2, 21, 39, 35, 10, 22, 39, 27, 0, 18, 11, 37, 39, 30, 33, 31, 39, 13, 10, 20, 39, 4, 30, 39]
    PRED: [9, 2, 39, 28, 33, 31, 39, 9, 10, 11, 39, 35, 11, 22, 39, 30, 33, 39, 2, 21, 39, 35, 2, 22, 39, 35, 27, 11, 37, 39, 33, 31, 39, 13, 5, 39, 4, 30, 39]
    Edit distance: 16/46

============================================================
Batch 1500 | Val PER: 0.3470
============================================================
  Sample 0:
    TRUE: [31, 17, 0, 19, 27, 2, 28, 17, 39, 27, 17, 19, 2, 22, 28, 16, 8, 11, 8, 39]
    PRED: [9, 10, 39, 28, 39, 27, 16, 30, 8, 39]
    Edit distance: 14/20
  Sample 1:
    TRUE: [27, 16, 7, 39, 26, 11, 7, 2, 28, 30, 39, 28, 10, 34, 27, 2, 20, 39, 28, 5, 22, 8, 39, 20, 16, 31, 2, 14, 27, 1, 13, 28, 39]
    PRED: [27, 12, 19, 39, 26, 3, 29, 2, 37, 39, 30, 10, 34, 2, 11, 39, 28, 5, 8, 39, 20, 16, 20, 39, 9, 2, 39, 14, 10, 13, 39]
    Edit distance: 17/33
  Sample 2:
    TRUE: [28, 24, 39, 27, 33, 20, 37, 39, 35, 17, 39, 21, 12, 8, 39, 16, 22, 39, 2, 22, 2, 6, 1, 29, 30, 39, 19, 2, 20, 33, 38, 2, 22, 39]
    PRED: [15, 33, 39, 27, 33, 20, 37, 39, 35, 17, 39, 21, 17, 22, 8, 39, 16, 22, 39, 16, 22, 11, 34, 1, 28, 39, 19, 33, 20, 20, 33, 2, 22, 39]
    Edit distance: 12/34
  Sample 3:
    TRUE: [20, 3, 27, 17, 37, 39, 19, 0, 28, 30, 33, 21, 39, 22, 17, 8, 2, 8, 39, 6, 20, 1, 19, 39, 14, 20, 2, 34, 37, 39, 30, 33, 39, 6, 17, 39, 19, 2, 21, 26, 20, 17, 30, 20, 17, 39, 10, 20, 2, 14, 2, 22, 30, 39]
    PRED: [14, 33, 27, 17, 39, 19, 1, 21, 39, 8, 17, 8, 17, 39, 6, 2, 19, 39, 20, 2, 34, 37, 39, 30, 33, 39, 6, 17, 39, 2, 26, 30, 11, 39, 10, 20, 2, 2, 22, 30, 39]
    Edit distance: 20/54
  Sample 4:
    TRUE: [9, 2, 39, 30, 33, 31, 39, 13, 10, 27, 17, 39, 13, 11, 14, 0, 30, 39, 30, 33, 39, 19, 2, 21, 39, 35, 10, 22, 39, 27, 0, 18, 11, 37, 39, 30, 33, 31, 39, 13, 10, 20, 39, 4, 30, 39]
    PRED: [9, 2, 39, 30, 33, 31, 39, 34, 10, 17, 39, 13, 27, 16, 8, 39, 30, 33, 39, 19, 2, 21, 39, 35, 2, 22, 39, 35, 11, 2, 11, 39, 31, 33, 31, 39, 13, 5, 11, 39, 4, 30, 39]
    Edit distance: 14/46

============================================================
Batch 2000 | Val PER: 0.3218
============================================================
  Sample 0:
    TRUE: [31, 17, 0, 19, 27, 2, 28, 17, 39, 27, 17, 19, 2, 22, 28, 16, 8, 11, 8, 39]
    PRED: [9, 1, 19, 2, 28, 39, 2, 16, 14, 8, 39]
    Edit distance: 12/20
  Sample 1:
    TRUE: [27, 16, 7, 39, 26, 11, 7, 2, 28, 30, 39, 28, 10, 34, 27, 2, 20, 39, 28, 5, 22, 8, 39, 20, 16, 31, 2, 14, 27, 1, 13, 28, 39]
    PRED: [27, 1, 19, 39, 26, 11, 29, 2, 17, 39, 10, 34, 2, 20, 39, 1, 22, 37, 39, 16, 9, 2, 1, 13, 30, 39]
    Edit distance: 15/33
  Sample 2:
    TRUE: [28, 24, 39, 27, 33, 20, 37, 39, 35, 17, 39, 21, 12, 8, 39, 16, 22, 39, 2, 22, 2, 6, 1, 29, 30, 39, 19, 2, 20, 33, 38, 2, 22, 39]
    PRED: [9, 24, 39, 27, 33, 20, 37, 39, 35, 17, 39, 6, 16, 30, 39, 16, 22, 39, 2, 22, 2, 11, 26, 27, 1, 28, 30, 39, 24, 20, 33, 2, 22, 39]
    Edit distance: 11/34
  Sample 3:
    TRUE: [20, 3, 27, 17, 37, 39, 19, 0, 28, 30, 33, 21, 39, 22, 17, 8, 2, 8, 39, 6, 20, 1, 19, 39, 14, 20, 2, 34, 37, 39, 30, 33, 39, 6, 17, 39, 19, 2, 21, 26, 20, 17, 30, 20, 17, 39, 10, 20, 2, 14, 2, 22, 30, 39]
    PRED: [34, 27, 3, 39, 19, 1, 6, 39, 22, 27, 16, 2, 39, 6, 0, 19, 39, 20, 3, 13, 39, 30, 2, 33, 39, 6, 17, 39, 2, 26, 2, 20, 17, 39, 1, 20, 2, 22, 39]
    Edit distance: 28/54
  Sample 4:
    TRUE: [9, 2, 39, 30, 33, 31, 39, 13, 10, 27, 17, 39, 13, 11, 14, 0, 30, 39, 30, 33, 39, 19, 2, 21, 39, 35, 10, 22, 39, 27, 0, 18, 11, 37, 39, 30, 33, 31, 39, 13, 10, 20, 39, 4, 30, 39]
    PRED: [9, 2, 39, 30, 36, 33, 31, 39, 13, 10, 27, 11, 17, 39, 13, 27, 0, 19, 30, 2, 39, 30, 33, 39, 19, 0, 21, 39, 13, 10, 22, 39, 27, 11, 11, 39, 31, 27, 33, 31, 39, 13, 5, 39, 4, 30, 39]
    Edit distance: 15/46

============================================================
Batch 2500 | Val PER: 0.3079
============================================================
  Sample 0:
    TRUE: [31, 17, 0, 19, 27, 2, 28, 17, 39, 27, 17, 19, 2, 22, 28, 16, 8, 11, 8, 39]
    PRED: [9, 1, 19, 28, 39, 27, 17, 8, 39]
    Edit distance: 13/20
  Sample 1:
    TRUE: [27, 16, 7, 39, 26, 11, 7, 2, 28, 30, 39, 28, 10, 34, 27, 2, 20, 39, 28, 5, 22, 8, 39, 20, 16, 31, 2, 14, 27, 1, 13, 28, 39]
    PRED: [1, 19, 30, 39, 26, 0, 29, 37, 39, 1, 34, 2, 20, 39, 1, 22, 8, 39, 20, 16, 9, 2, 39, 10, 13, 39]
    Edit distance: 18/33
  Sample 2:
    TRUE: [28, 24, 39, 27, 33, 20, 37, 39, 35, 17, 39, 21, 12, 8, 39, 16, 22, 39, 2, 22, 2, 6, 1, 29, 30, 39, 19, 2, 20, 33, 38, 2, 22, 39]
    PRED: [2, 39, 27, 10, 20, 28, 39, 35, 17, 39, 6, 12, 22, 39, 16, 22, 39, 2, 22, 2, 34, 28, 39, 19, 2, 20, 33, 2, 22, 39]
    Edit distance: 11/34
  Sample 3:
    TRUE: [20, 3, 27, 17, 37, 39, 19, 0, 28, 30, 33, 21, 39, 22, 17, 8, 2, 8, 39, 6, 20, 1, 19, 39, 14, 20, 2, 34, 37, 39, 30, 33, 39, 6, 17, 39, 19, 2, 21, 26, 20, 17, 30, 20, 17, 39, 10, 20, 2, 14, 2, 22, 30, 39]
    PRED: [27, 11, 27, 39, 19, 1, 21, 39, 22, 16, 2, 8, 39, 6, 0, 19, 39, 2, 13, 39, 30, 33, 39, 6, 17, 39, 2, 21, 26, 20, 11, 39, 1, 20, 22, 8, 39]
    Edit distance: 26/54
  Sample 4:
    TRUE: [9, 2, 39, 30, 33, 31, 39, 13, 10, 27, 17, 39, 13, 11, 14, 0, 30, 39, 30, 33, 39, 19, 2, 21, 39, 35, 10, 22, 39, 27, 0, 18, 11, 37, 39, 30, 33, 31, 39, 13, 10, 20, 39, 4, 30, 39]
    PRED: [9, 2, 39, 30, 33, 31, 39, 34, 10, 11, 39, 27, 0, 30, 39, 30, 33, 39, 19, 2, 21, 39, 27, 10, 22, 39, 27, 11, 39, 9, 33, 31, 39, 13, 10, 20, 39, 4, 30, 39]
    Edit distance: 11/46

============================================================
Batch 3000 | Val PER: 0.2921
============================================================
  Sample 0:
    TRUE: [31, 17, 0, 19, 27, 2, 28, 17, 39, 27, 17, 19, 2, 22, 28, 16, 8, 11, 8, 39]
    PRED: [2, 0, 19, 2, 28, 39, 2, 14, 2, 2, 8, 2, 8, 39]
    Edit distance: 11/20
  Sample 1:
    TRUE: [27, 16, 7, 39, 26, 11, 7, 2, 28, 30, 39, 28, 10, 34, 27, 2, 20, 39, 28, 5, 22, 8, 39, 20, 16, 31, 2, 14, 27, 1, 13, 28, 39]
    PRED: [27, 10, 30, 39, 26, 27, 0, 27, 29, 2, 18, 37, 39, 10, 34, 2, 20, 39, 5, 22, 8, 39, 20, 16, 31, 39, 9, 2, 39, 10, 13, 39]
    Edit distance: 17/33
  Sample 2:
    TRUE: [28, 24, 39, 27, 33, 20, 37, 39, 35, 17, 39, 21, 12, 8, 39, 16, 22, 39, 2, 22, 2, 6, 1, 29, 30, 39, 19, 2, 20, 33, 38, 2, 22, 39]
    PRED: [15, 24, 39, 27, 25, 20, 24, 37, 39, 21, 17, 27, 17, 39, 21, 12, 22, 8, 39, 16, 22, 39, 2, 22, 2, 13, 34, 1, 28, 39, 19, 24, 20, 33, 29, 2, 22, 39]
    Edit distance: 13/34
  Sample 3:
    TRUE: [20, 3, 27, 17, 37, 39, 19, 0, 28, 30, 33, 21, 39, 22, 17, 8, 2, 8, 39, 6, 20, 1, 19, 39, 14, 20, 2, 34, 37, 39, 30, 33, 39, 6, 17, 39, 19, 2, 21, 26, 20, 17, 30, 20, 17, 39, 10, 20, 2, 14, 2, 22, 30, 39]
    PRED: [27, 3, 35, 11, 24, 39, 19, 0, 0, 2, 6, 21, 39, 22, 12, 8, 2, 8, 39, 6, 0, 7, 39, 20, 2, 34, 37, 39, 30, 33, 39, 6, 17, 39, 2, 21, 26, 20, 17, 11, 39, 1, 20, 2, 22, 8, 39]
    Edit distance: 20/54
  Sample 4:
    TRUE: [9, 2, 39, 30, 33, 31, 39, 13, 10, 27, 17, 39, 13, 11, 14, 0, 30, 39, 30, 33, 39, 19, 2, 21, 39, 35, 10, 22, 39, 27, 0, 18, 11, 37, 39, 30, 33, 31, 39, 13, 10, 20, 39, 4, 30, 39]
    PRED: [9, 2, 39, 36, 33, 31, 39, 13, 34, 10, 27, 17, 39, 26, 27, 17, 2, 26, 39, 30, 33, 39, 19, 2, 21, 39, 35, 10, 22, 8, 39, 0, 11, 37, 39, 31, 33, 31, 39, 13, 10, 20, 11, 39, 4, 30, 39]
    Edit distance: 12/46

============================================================
Batch 3500 | Val PER: 0.2892
============================================================
  Sample 0:
    TRUE: [31, 17, 0, 19, 27, 2, 28, 17, 39, 27, 17, 19, 2, 22, 28, 16, 8, 11, 8, 39]
    PRED: [9, 1, 3, 19, 2, 28, 39, 35, 16, 14, 2, 22, 8, 8, 39]
    Edit distance: 11/20
  Sample 1:
    TRUE: [27, 16, 7, 39, 26, 11, 7, 2, 28, 30, 39, 28, 10, 34, 27, 2, 20, 39, 28, 5, 22, 8, 39, 20, 16, 31, 2, 14, 27, 1, 13, 28, 39]
    PRED: [27, 12, 30, 39, 26, 0, 29, 2, 22, 39, 10, 34, 2, 20, 39, 15, 5, 8, 39, 20, 16, 9, 2, 39, 1, 13, 39]
    Edit distance: 14/33
  Sample 2:
    TRUE: [28, 24, 39, 27, 33, 20, 37, 39, 35, 17, 39, 21, 12, 8, 39, 16, 22, 39, 2, 22, 2, 6, 1, 29, 30, 39, 19, 2, 20, 33, 38, 2, 22, 39]
    PRED: [9, 24, 39, 27, 16, 20, 37, 39, 35, 10, 17, 39, 6, 12, 22, 8, 39, 16, 22, 39, 2, 22, 11, 34, 1, 28, 39, 19, 24, 20, 24, 33, 38, 2, 22, 39]
    Edit distance: 11/34
  Sample 3:
    TRUE: [20, 3, 27, 17, 37, 39, 19, 0, 28, 30, 33, 21, 39, 22, 17, 8, 2, 8, 39, 6, 20, 1, 19, 39, 14, 20, 2, 34, 37, 39, 30, 33, 39, 6, 17, 39, 19, 2, 21, 26, 20, 17, 30, 20, 17, 39, 10, 20, 2, 14, 2, 22, 30, 39]
    PRED: [19, 35, 10, 35, 17, 39, 19, 4, 27, 0, 6, 21, 39, 22, 16, 8, 39, 6, 0, 19, 39, 20, 2, 34, 39, 30, 33, 39, 6, 17, 39, 2, 21, 26, 18, 20, 17, 39, 1, 20, 2, 22, 8, 39]
    Edit distance: 24/54
  Sample 4:
    TRUE: [9, 2, 39, 30, 33, 31, 39, 13, 10, 27, 17, 39, 13, 11, 14, 0, 30, 39, 30, 33, 39, 19, 2, 21, 39, 35, 10, 22, 39, 27, 0, 18, 11, 37, 39, 30, 33, 31, 39, 13, 10, 20, 39, 4, 30, 39]
    PRED: [9, 2, 39, 30, 27, 33, 31, 39, 34, 10, 27, 17, 11, 39, 34, 27, 16, 30, 2, 8, 39, 30, 33, 39, 19, 2, 21, 39, 35, 27, 10, 22, 39, 35, 0, 18, 11, 39, 31, 33, 31, 39, 13, 10, 20, 39, 4, 30, 39]
    Edit distance: 13/46

============================================================
Batch 4000 | Val PER: 0.2758
============================================================
  Sample 0:
    TRUE: [31, 17, 0, 19, 27, 2, 28, 17, 39, 27, 17, 19, 2, 22, 28, 16, 8, 11, 8, 39]
    PRED: [19, 20, 1, 19, 2, 28, 39, 27, 16, 14, 2, 30, 8, 39]
    Edit distance: 12/20
  Sample 1:
    TRUE: [27, 16, 7, 39, 26, 11, 7, 2, 28, 30, 39, 28, 10, 34, 27, 2, 20, 39, 28, 5, 22, 8, 39, 20, 16, 31, 2, 14, 27, 1, 13, 28, 39]
    PRED: [27, 10, 19, 28, 26, 3, 29, 2, 28, 39, 10, 34, 2, 20, 39, 28, 5, 22, 8, 39, 20, 16, 20, 2, 10, 13, 39]
    Edit distance: 13/33
  Sample 2:
    TRUE: [28, 24, 39, 27, 33, 20, 37, 39, 35, 17, 39, 21, 12, 8, 39, 16, 22, 39, 2, 22, 2, 6, 1, 29, 30, 39, 19, 2, 20, 33, 38, 2, 22, 39]
    PRED: [15, 4, 39, 27, 16, 20, 37, 39, 35, 17, 39, 21, 10, 22, 8, 39, 16, 22, 39, 16, 22, 2, 13, 1, 28, 39, 19, 24, 20, 38, 2, 22, 39]
    Edit distance: 11/34
  Sample 3:
    TRUE: [20, 3, 27, 17, 37, 39, 19, 0, 28, 30, 33, 21, 39, 22, 17, 8, 2, 8, 39, 6, 20, 1, 19, 39, 14, 20, 2, 34, 37, 39, 30, 33, 39, 6, 17, 39, 19, 2, 21, 26, 20, 17, 30, 20, 17, 39, 10, 20, 2, 14, 2, 22, 30, 39]
    PRED: [19, 27, 10, 27, 17, 28, 39, 19, 1, 21, 39, 22, 16, 8, 39, 6, 1, 19, 39, 20, 2, 34, 8, 39, 30, 33, 39, 6, 17, 39, 19, 2, 21, 26, 10, 20, 17, 39, 10, 20, 22, 30, 39]
    Edit distance: 20/54
  Sample 4:
    TRUE: [9, 2, 39, 30, 33, 31, 39, 13, 10, 27, 17, 39, 13, 11, 14, 0, 30, 39, 30, 33, 39, 19, 2, 21, 39, 35, 10, 22, 39, 27, 0, 18, 11, 37, 39, 30, 33, 31, 39, 13, 10, 20, 39, 4, 30, 39]
    PRED: [9, 2, 39, 27, 33, 31, 39, 13, 10, 27, 17, 39, 26, 27, 17, 8, 39, 30, 33, 39, 19, 2, 21, 39, 27, 10, 22, 8, 39, 27, 5, 18, 11, 39, 31, 33, 31, 39, 13, 10, 20, 39, 4, 30, 39]
    Edit distance: 11/46

============================================================
Batch 4500 | Val PER: 0.2810
============================================================
  Sample 0:
    TRUE: [31, 17, 0, 19, 27, 2, 28, 17, 39, 27, 17, 19, 2, 22, 28, 16, 8, 11, 8, 39]
    PRED: [20, 1, 19, 2, 28, 39, 2, 22, 30, 2, 8, 39]
    Edit distance: 12/20
  Sample 1:
    TRUE: [27, 16, 7, 39, 26, 11, 7, 2, 28, 30, 39, 28, 10, 34, 27, 2, 20, 39, 28, 5, 22, 8, 39, 20, 16, 31, 2, 14, 27, 1, 13, 28, 39]
    PRED: [27, 12, 19, 39, 26, 0, 27, 29, 2, 18, 39, 10, 34, 2, 20, 39, 5, 22, 39, 20, 16, 9, 2, 1, 13, 39]
    Edit distance: 15/33
  Sample 2:
    TRUE: [28, 24, 39, 27, 33, 20, 37, 39, 35, 17, 39, 21, 12, 8, 39, 16, 22, 39, 2, 22, 2, 6, 1, 29, 30, 39, 19, 2, 20, 33, 38, 2, 22, 39]
    PRED: [9, 24, 39, 27, 25, 20, 37, 39, 35, 17, 39, 21, 12, 22, 8, 39, 16, 22, 39, 2, 22, 2, 1, 28, 39, 19, 2, 20, 33, 38, 2, 22, 39]
    Edit distance: 6/34
  Sample 3:
    TRUE: [20, 3, 27, 17, 37, 39, 19, 0, 28, 30, 33, 21, 39, 22, 17, 8, 2, 8, 39, 6, 20, 1, 19, 39, 14, 20, 2, 34, 37, 39, 30, 33, 39, 6, 17, 39, 19, 2, 21, 26, 20, 17, 30, 20, 17, 39, 10, 20, 2, 14, 2, 22, 30, 39]
    PRED: [19, 27, 11, 27, 17, 39, 19, 1, 0, 21, 39, 22, 17, 2, 8, 39, 6, 0, 19, 39, 20, 2, 34, 39, 30, 33, 39, 21, 17, 39, 2, 21, 26, 36, 20, 17, 39, 10, 20, 2, 22, 30, 39]
    Edit distance: 20/54
  Sample 4:
    TRUE: [9, 2, 39, 30, 33, 31, 39, 13, 10, 27, 17, 39, 13, 11, 14, 0, 30, 39, 30, 33, 39, 19, 2, 21, 39, 35, 10, 22, 39, 27, 0, 18, 11, 37, 39, 30, 33, 31, 39, 13, 10, 20, 39, 4, 30, 39]
    PRED: [9, 2, 39, 36, 33, 31, 39, 34, 10, 27, 17, 2, 39, 27, 17, 2, 22, 39, 30, 33, 39, 30, 2, 21, 39, 27, 10, 22, 39, 27, 0, 11, 37, 39, 31, 33, 31, 39, 13, 1, 20, 39, 4, 30, 39]
    Edit distance: 13/46

============================================================
Batch 5000 | Val PER: 0.2793
============================================================
  Sample 0:
    TRUE: [31, 17, 0, 19, 27, 2, 28, 17, 39, 27, 17, 19, 2, 22, 28, 16, 8, 11, 8, 39]
    PRED: [9, 1, 19, 28, 39, 16, 22, 30, 2, 8, 39]
    Edit distance: 14/20
  Sample 1:
    TRUE: [27, 16, 7, 39, 26, 11, 7, 2, 28, 30, 39, 28, 10, 34, 27, 2, 20, 39, 28, 5, 22, 8, 39, 20, 16, 31, 2, 14, 27, 1, 13, 28, 39]
    PRED: [27, 12, 28, 39, 26, 27, 11, 29, 2, 22, 37, 39, 10, 34, 2, 20, 39, 28, 5, 22, 8, 39, 20, 16, 9, 2, 39, 1, 13, 28, 39]
    Edit distance: 11/33
  Sample 2:
    TRUE: [28, 24, 39, 27, 33, 20, 37, 39, 35, 17, 39, 21, 12, 8, 39, 16, 22, 39, 2, 22, 2, 6, 1, 29, 30, 39, 19, 2, 20, 33, 38, 2, 22, 39]
    PRED: [9, 24, 39, 27, 25, 20, 28, 39, 35, 17, 39, 21, 12, 22, 8, 39, 16, 22, 39, 2, 22, 2, 1, 28, 30, 39, 19, 24, 20, 33, 29, 2, 22, 39]
    Edit distance: 8/34
  Sample 3:
    TRUE: [20, 3, 27, 17, 37, 39, 19, 0, 28, 30, 33, 21, 39, 22, 17, 8, 2, 8, 39, 6, 20, 1, 19, 39, 14, 20, 2, 34, 37, 39, 30, 33, 39, 6, 17, 39, 19, 2, 21, 26, 20, 17, 30, 20, 17, 39, 10, 20, 2, 14, 2, 22, 30, 39]
    PRED: [19, 27, 3, 27, 17, 39, 19, 4, 0, 21, 39, 22, 12, 8, 2, 8, 39, 6, 27, 1, 19, 39, 20, 27, 5, 13, 34, 8, 39, 30, 33, 39, 6, 17, 39, 19, 2, 21, 26, 10, 20, 11, 39, 1, 20, 2, 22, 8, 39]
    Edit distance: 22/54
  Sample 4:
    TRUE: [9, 2, 39, 30, 33, 31, 39, 13, 10, 27, 17, 39, 13, 11, 14, 0, 30, 39, 30, 33, 39, 19, 2, 21, 39, 35, 10, 22, 39, 27, 0, 18, 11, 37, 39, 30, 33, 31, 39, 13, 10, 20, 39, 4, 30, 39]
    PRED: [9, 2, 39, 30, 27, 33, 31, 39, 13, 10, 27, 17, 39, 26, 27, 17, 0, 30, 23, 39, 30, 33, 39, 30, 2, 21, 39, 27, 10, 22, 39, 27, 5, 30, 11, 37, 39, 9, 33, 31, 39, 13, 5, 39, 4, 30, 39]
    Edit distance: 12/46

============================================================
Batch 5500 | Val PER: 0.2750
============================================================
  Sample 0:
    TRUE: [31, 17, 0, 19, 27, 2, 28, 17, 39, 27, 17, 19, 2, 22, 28, 16, 8, 11, 8, 39]
    PRED: [1, 19, 2, 28, 39, 27, 16, 14, 12, 30, 8, 39]
    Edit distance: 13/20
  Sample 1:
    TRUE: [27, 16, 7, 39, 26, 11, 7, 2, 28, 30, 39, 28, 10, 34, 27, 2, 20, 39, 28, 5, 22, 8, 39, 20, 16, 31, 2, 14, 27, 1, 13, 28, 39]
    PRED: [27, 1, 28, 39, 26, 27, 0, 29, 2, 22, 37, 39, 10, 34, 2, 20, 39, 15, 1, 22, 37, 39, 20, 16, 2, 39, 14, 1, 13, 28, 39]
    Edit distance: 15/33
  Sample 2:
    TRUE: [28, 24, 39, 27, 33, 20, 37, 39, 35, 17, 39, 21, 12, 8, 39, 16, 22, 39, 2, 22, 2, 6, 1, 29, 30, 39, 19, 2, 20, 33, 38, 2, 22, 39]
    PRED: [15, 4, 39, 27, 17, 20, 37, 39, 35, 17, 39, 21, 12, 22, 8, 39, 16, 22, 39, 2, 22, 2, 1, 28, 39, 28, 19, 20, 33, 33, 38, 2, 22, 39]
    Edit distance: 10/34
  Sample 3:
    TRUE: [20, 3, 27, 17, 37, 39, 19, 0, 28, 30, 33, 21, 39, 22, 17, 8, 2, 8, 39, 6, 20, 1, 19, 39, 14, 20, 2, 34, 37, 39, 30, 33, 39, 6, 17, 39, 19, 2, 21, 26, 20, 17, 30, 20, 17, 39, 10, 20, 2, 14, 2, 22, 30, 39]
    PRED: [19, 27, 27, 17, 39, 19, 4, 0, 2, 21, 39, 22, 12, 8, 2, 8, 39, 6, 1, 19, 39, 20, 5, 34, 37, 39, 30, 33, 39, 6, 17, 39, 19, 2, 21, 26, 10, 20, 17, 39, 1, 20, 22, 8, 39]
    Edit distance: 19/54
  Sample 4:
    TRUE: [9, 2, 39, 30, 33, 31, 39, 13, 10, 27, 17, 39, 13, 11, 14, 0, 30, 39, 30, 33, 39, 19, 2, 21, 39, 35, 10, 22, 39, 27, 0, 18, 11, 37, 39, 30, 33, 31, 39, 13, 10, 20, 39, 4, 30, 39]
    PRED: [9, 2, 39, 30, 27, 33, 31, 39, 34, 10, 27, 17, 39, 26, 27, 17, 30, 39, 30, 33, 39, 19, 2, 21, 39, 27, 10, 22, 8, 39, 27, 10, 11, 37, 39, 31, 33, 31, 39, 13, 16, 20, 39, 4, 30, 39]
    Edit distance: 12/46

============================================================
Batch 6000 | Val PER: 0.2698
============================================================
  Sample 0:
    TRUE: [31, 17, 0, 19, 27, 2, 28, 17, 39, 27, 17, 19, 2, 22, 28, 16, 8, 11, 8, 39]
    PRED: [9, 1, 19, 28, 39, 27, 16, 14, 0, 12, 8, 39]
    Edit distance: 14/20
  Sample 1:
    TRUE: [27, 16, 7, 39, 26, 11, 7, 2, 28, 30, 39, 28, 10, 34, 27, 2, 20, 39, 28, 5, 22, 8, 39, 20, 16, 31, 2, 14, 27, 1, 13, 28, 39]
    PRED: [7, 27, 12, 19, 39, 26, 11, 29, 2, 22, 37, 39, 10, 34, 2, 20, 39, 1, 22, 37, 39, 20, 16, 27, 14, 1, 13, 39]
    Edit distance: 15/33
  Sample 2:
    TRUE: [28, 24, 39, 27, 33, 20, 37, 39, 35, 17, 39, 21, 12, 8, 39, 16, 22, 39, 2, 22, 2, 6, 1, 29, 30, 39, 19, 2, 20, 33, 38, 2, 22, 39]
    PRED: [15, 24, 39, 27, 25, 20, 37, 39, 35, 17, 27, 39, 21, 12, 22, 8, 39, 16, 22, 39, 2, 22, 2, 11, 1, 28, 30, 39, 28, 19, 24, 20, 33, 38, 2, 22, 39]
    Edit distance: 8/34
  Sample 3:
    TRUE: [20, 3, 27, 17, 37, 39, 19, 0, 28, 30, 33, 21, 39, 22, 17, 8, 2, 8, 39, 6, 20, 1, 19, 39, 14, 20, 2, 34, 37, 39, 30, 33, 39, 6, 17, 39, 19, 2, 21, 26, 20, 17, 30, 20, 17, 39, 10, 20, 2, 14, 2, 22, 30, 39]
    PRED: [19, 20, 11, 27, 17, 39, 19, 1, 2, 21, 39, 22, 16, 8, 2, 8, 39, 6, 2, 19, 39, 20, 2, 34, 8, 39, 30, 33, 39, 6, 17, 39, 2, 21, 20, 10, 20, 17, 39, 1, 20, 38, 2, 22, 8, 39]
    Edit distance: 20/54
  Sample 4:
    TRUE: [9, 2, 39, 30, 33, 31, 39, 13, 10, 27, 17, 39, 13, 11, 14, 0, 30, 39, 30, 33, 39, 19, 2, 21, 39, 35, 10, 22, 39, 27, 0, 18, 11, 37, 39, 30, 33, 31, 39, 13, 10, 20, 39, 4, 30, 39]
    PRED: [9, 2, 39, 30, 27, 33, 31, 39, 34, 10, 27, 17, 39, 27, 17, 0, 8, 39, 30, 33, 39, 19, 2, 21, 39, 27, 10, 22, 39, 27, 10, 11, 37, 39, 31, 27, 33, 31, 39, 13, 1, 20, 39, 4, 30, 39]
    Edit distance: 12/46

============================================================
Batch 6500 | Val PER: 0.2640
============================================================
  Sample 0:
    TRUE: [31, 17, 0, 19, 27, 2, 28, 17, 39, 27, 17, 19, 2, 22, 28, 16, 8, 11, 8, 39]
    PRED: [19, 20, 1, 19, 2, 28, 39, 27, 2, 22, 12, 8, 39]
    Edit distance: 11/20
  Sample 1:
    TRUE: [27, 16, 7, 39, 26, 11, 7, 2, 28, 30, 39, 28, 10, 34, 27, 2, 20, 39, 28, 5, 22, 8, 39, 20, 16, 31, 2, 14, 27, 1, 13, 28, 39]
    PRED: [30, 1, 19, 39, 26, 27, 0, 7, 2, 22, 37, 39, 10, 34, 2, 20, 39, 28, 5, 22, 8, 39, 20, 16, 9, 24, 1, 13, 28, 39]
    Edit distance: 13/33
  Sample 2:
    TRUE: [28, 24, 39, 27, 33, 20, 37, 39, 35, 17, 39, 21, 12, 8, 39, 16, 22, 39, 2, 22, 2, 6, 1, 29, 30, 39, 19, 2, 20, 33, 38, 2, 22, 39]
    PRED: [9, 24, 39, 27, 17, 20, 37, 39, 35, 17, 39, 21, 12, 22, 8, 39, 16, 22, 39, 2, 22, 2, 13, 1, 28, 39, 28, 24, 20, 33, 38, 2, 22, 39]
    Edit distance: 8/34
  Sample 3:
    TRUE: [20, 3, 27, 17, 37, 39, 19, 0, 28, 30, 33, 21, 39, 22, 17, 8, 2, 8, 39, 6, 20, 1, 19, 39, 14, 20, 2, 34, 37, 39, 30, 33, 39, 6, 17, 39, 19, 2, 21, 26, 20, 17, 30, 20, 17, 39, 10, 20, 2, 14, 2, 22, 30, 39]
    PRED: [14, 27, 10, 27, 17, 39, 19, 4, 2, 21, 39, 22, 12, 8, 2, 8, 39, 6, 27, 1, 19, 39, 20, 2, 34, 39, 30, 33, 39, 6, 17, 39, 2, 21, 26, 20, 17, 39, 10, 20, 22, 8, 39]
    Edit distance: 20/54
  Sample 4:
    TRUE: [9, 2, 39, 30, 33, 31, 39, 13, 10, 27, 17, 39, 13, 11, 14, 0, 30, 39, 30, 33, 39, 19, 2, 21, 39, 35, 10, 22, 39, 27, 0, 18, 11, 37, 39, 30, 33, 31, 39, 13, 10, 20, 39, 4, 30, 39]
    PRED: [9, 2, 39, 30, 27, 33, 31, 39, 34, 10, 27, 17, 39, 26, 27, 0, 0, 30, 39, 30, 33, 39, 30, 2, 21, 39, 27, 10, 22, 39, 27, 10, 11, 39, 31, 33, 31, 39, 13, 5, 20, 39, 4, 30, 39]
    Edit distance: 12/46

============================================================
Batch 7000 | Val PER: 0.2681
============================================================
  Sample 0:
    TRUE: [31, 17, 0, 19, 27, 2, 28, 17, 39, 27, 17, 19, 2, 22, 28, 16, 8, 11, 8, 39]
    PRED: [9, 12, 19, 2, 28, 39, 16, 22, 2, 30, 2, 8, 39]
    Edit distance: 13/20
  Sample 1:
    TRUE: [27, 16, 7, 39, 26, 11, 7, 2, 28, 30, 39, 28, 10, 34, 27, 2, 20, 39, 28, 5, 22, 8, 39, 20, 16, 31, 2, 14, 27, 1, 13, 28, 39]
    PRED: [27, 12, 19, 39, 26, 27, 11, 7, 2, 22, 39, 10, 34, 2, 20, 39, 1, 22, 8, 39, 20, 16, 2, 14, 1, 13, 30, 39]
    Edit distance: 12/33
  Sample 2:
    TRUE: [28, 24, 39, 27, 33, 20, 37, 39, 35, 17, 39, 21, 12, 8, 39, 16, 22, 39, 2, 22, 2, 6, 1, 29, 30, 39, 19, 2, 20, 33, 38, 2, 22, 39]
    PRED: [15, 2, 39, 27, 17, 20, 37, 39, 35, 17, 39, 21, 12, 22, 8, 39, 16, 22, 39, 22, 2, 11, 1, 28, 30, 39, 28, 19, 2, 20, 33, 29, 38, 2, 22, 39]
    Edit distance: 9/34
  Sample 3:
    TRUE: [20, 3, 27, 17, 37, 39, 19, 0, 28, 30, 33, 21, 39, 22, 17, 8, 2, 8, 39, 6, 20, 1, 19, 39, 14, 20, 2, 34, 37, 39, 30, 33, 39, 6, 17, 39, 19, 2, 21, 26, 20, 17, 30, 20, 17, 39, 10, 20, 2, 14, 2, 22, 30, 39]
    PRED: [14, 3, 27, 17, 39, 19, 15, 4, 2, 21, 39, 22, 10, 8, 2, 8, 39, 6, 27, 0, 19, 39, 14, 2, 34, 8, 39, 30, 33, 39, 6, 17, 39, 2, 21, 26, 16, 20, 17, 39, 10, 20, 2, 22, 8, 39]
    Edit distance: 18/54
  Sample 4:
    TRUE: [9, 2, 39, 30, 33, 31, 39, 13, 10, 27, 17, 39, 13, 11, 14, 0, 30, 39, 30, 33, 39, 19, 2, 21, 39, 35, 10, 22, 39, 27, 0, 18, 11, 37, 39, 30, 33, 31, 39, 13, 10, 20, 39, 4, 30, 39]
    PRED: [9, 2, 39, 30, 27, 33, 31, 39, 34, 10, 27, 17, 39, 26, 27, 17, 30, 39, 30, 33, 39, 30, 2, 21, 39, 35, 27, 10, 22, 8, 39, 35, 5, 18, 11, 39, 30, 33, 31, 39, 13, 5, 20, 4, 30, 39]
    Edit distance: 14/46

============================================================
Batch 7500 | Val PER: 0.2575
============================================================
  Sample 0:
    TRUE: [31, 17, 0, 19, 27, 2, 28, 17, 39, 27, 17, 19, 2, 22, 28, 16, 8, 11, 8, 39]
    PRED: [9, 12, 0, 19, 28, 2, 28, 39, 2, 30, 8, 39]
    Edit distance: 12/20
  Sample 1:
    TRUE: [27, 16, 7, 39, 26, 11, 7, 2, 28, 30, 39, 28, 10, 34, 27, 2, 20, 39, 28, 5, 22, 8, 39, 20, 16, 31, 2, 14, 27, 1, 13, 28, 39]
    PRED: [27, 12, 19, 28, 39, 26, 11, 29, 2, 22, 37, 39, 10, 34, 2, 20, 39, 1, 22, 8, 37, 39, 20, 16, 9, 24, 14, 10, 13, 30, 39]
    Edit distance: 16/33
  Sample 2:
    TRUE: [28, 24, 39, 27, 33, 20, 37, 39, 35, 17, 39, 21, 12, 8, 39, 16, 22, 39, 2, 22, 2, 6, 1, 29, 30, 39, 19, 2, 20, 33, 38, 2, 22, 39]
    PRED: [9, 24, 39, 27, 33, 20, 37, 39, 35, 17, 39, 21, 10, 22, 8, 39, 16, 22, 39, 2, 22, 2, 11, 1, 29, 30, 39, 28, 19, 24, 20, 24, 38, 2, 22, 39]
    Edit distance: 7/34
  Sample 3:
    TRUE: [20, 3, 27, 17, 37, 39, 19, 0, 28, 30, 33, 21, 39, 22, 17, 8, 2, 8, 39, 6, 20, 1, 19, 39, 14, 20, 2, 34, 37, 39, 30, 33, 39, 6, 17, 39, 19, 2, 21, 26, 20, 17, 30, 20, 17, 39, 10, 20, 2, 14, 2, 22, 30, 39]
    PRED: [19, 3, 27, 17, 39, 19, 4, 2, 21, 39, 22, 12, 8, 39, 6, 27, 1, 19, 39, 20, 2, 34, 8, 39, 30, 33, 39, 6, 17, 39, 2, 21, 26, 20, 17, 39, 10, 20, 2, 22, 8, 39]
    Edit distance: 19/54
  Sample 4:
    TRUE: [9, 2, 39, 30, 33, 31, 39, 13, 10, 27, 17, 39, 13, 11, 14, 0, 30, 39, 30, 33, 39, 19, 2, 21, 39, 35, 10, 22, 39, 27, 0, 18, 11, 37, 39, 30, 33, 31, 39, 13, 10, 20, 39, 4, 30, 39]
    PRED: [9, 2, 39, 30, 27, 33, 31, 39, 34, 10, 27, 17, 39, 26, 27, 17, 0, 30, 39, 30, 33, 39, 2, 21, 39, 27, 10, 22, 39, 27, 0, 30, 11, 39, 31, 33, 31, 39, 34, 5, 20, 39, 4, 30, 39]
    Edit distance: 12/46

============================================================
Batch 8000 | Val PER: 0.2605
============================================================
  Sample 0:
    TRUE: [31, 17, 0, 19, 27, 2, 28, 17, 39, 27, 17, 19, 2, 22, 28, 16, 8, 11, 8, 39]
    PRED: [9, 12, 3, 19, 2, 28, 39, 16, 8, 2, 30, 2, 8, 39]
    Edit distance: 13/20
  Sample 1:
    TRUE: [27, 16, 7, 39, 26, 11, 7, 2, 28, 30, 39, 28, 10, 34, 27, 2, 20, 39, 28, 5, 22, 8, 39, 20, 16, 31, 2, 14, 27, 1, 13, 28, 39]
    PRED: [12, 19, 39, 26, 27, 11, 29, 2, 22, 37, 39, 10, 34, 2, 20, 39, 15, 1, 22, 8, 37, 39, 20, 16, 9, 2, 39, 14, 2, 13, 30, 39]
    Edit distance: 17/33
  Sample 2:
    TRUE: [28, 24, 39, 27, 33, 20, 37, 39, 35, 17, 39, 21, 12, 8, 39, 16, 22, 39, 2, 22, 2, 6, 1, 29, 30, 39, 19, 2, 20, 33, 38, 2, 22, 39]
    PRED: [15, 2, 39, 27, 25, 20, 37, 39, 35, 17, 39, 21, 12, 8, 39, 16, 22, 39, 1, 22, 11, 27, 1, 28, 30, 39, 28, 19, 24, 20, 33, 38, 2, 22, 39]
    Edit distance: 9/34
  Sample 3:
    TRUE: [20, 3, 27, 17, 37, 39, 19, 0, 28, 30, 33, 21, 39, 22, 17, 8, 2, 8, 39, 6, 20, 1, 19, 39, 14, 20, 2, 34, 37, 39, 30, 33, 39, 6, 17, 39, 19, 2, 21, 26, 20, 17, 30, 20, 17, 39, 10, 20, 2, 14, 2, 22, 30, 39]
    PRED: [27, 11, 27, 17, 39, 19, 4, 27, 0, 2, 21, 39, 22, 12, 8, 39, 6, 27, 1, 19, 39, 20, 2, 34, 8, 39, 30, 33, 39, 6, 17, 39, 19, 2, 21, 26, 20, 17, 39, 10, 20, 2, 8, 39]
    Edit distance: 20/54
  Sample 4:
    TRUE: [9, 2, 39, 30, 33, 31, 39, 13, 10, 27, 17, 39, 13, 11, 14, 0, 30, 39, 30, 33, 39, 19, 2, 21, 39, 35, 10, 22, 39, 27, 0, 18, 11, 37, 39, 30, 33, 31, 39, 13, 10, 20, 39, 4, 30, 39]
    PRED: [9, 2, 39, 30, 27, 33, 31, 39, 34, 10, 27, 17, 39, 26, 27, 17, 0, 30, 39, 30, 33, 39, 30, 2, 21, 39, 27, 10, 22, 8, 39, 27, 0, 18, 11, 39, 31, 11, 31, 39, 13, 1, 20, 39, 4, 30, 39]
    Edit distance: 12/46

============================================================
Batch 8500 | Val PER: 0.2559
============================================================
  Sample 0:
    TRUE: [31, 17, 0, 19, 27, 2, 28, 17, 39, 27, 17, 19, 2, 22, 28, 16, 8, 11, 8, 39]
    PRED: [19, 2, 28, 39, 2, 2, 2, 8, 39]
    Edit distance: 13/20
  Sample 1:
    TRUE: [27, 16, 7, 39, 26, 11, 7, 2, 28, 30, 39, 28, 10, 34, 27, 2, 20, 39, 28, 5, 22, 8, 39, 20, 16, 31, 2, 14, 27, 1, 13, 28, 39]
    PRED: [27, 12, 19, 39, 26, 11, 29, 2, 37, 39, 10, 34, 2, 20, 39, 15, 1, 22, 8, 39, 20, 16, 2, 14, 2, 13, 39]
    Edit distance: 13/33
  Sample 2:
    TRUE: [28, 24, 39, 27, 33, 20, 37, 39, 35, 17, 39, 21, 12, 8, 39, 16, 22, 39, 2, 22, 2, 6, 1, 29, 30, 39, 19, 2, 20, 33, 38, 2, 22, 39]
    PRED: [9, 2, 39, 27, 25, 20, 37, 39, 35, 17, 39, 21, 12, 22, 8, 39, 16, 22, 39, 22, 8, 2, 1, 28, 30, 39, 28, 19, 2, 20, 33, 38, 2, 22, 39]
    Edit distance: 9/34
  Sample 3:
    TRUE: [20, 3, 27, 17, 37, 39, 19, 0, 28, 30, 33, 21, 39, 22, 17, 8, 2, 8, 39, 6, 20, 1, 19, 39, 14, 20, 2, 34, 37, 39, 30, 33, 39, 6, 17, 39, 19, 2, 21, 26, 20, 17, 30, 20, 17, 39, 10, 20, 2, 14, 2, 22, 30, 39]
    PRED: [14, 19, 3, 27, 17, 39, 19, 15, 4, 0, 2, 21, 39, 22, 12, 8, 2, 8, 39, 6, 0, 19, 39, 20, 2, 34, 8, 39, 30, 33, 39, 6, 17, 39, 19, 2, 21, 26, 20, 17, 39, 10, 20, 2, 22, 39]
    Edit distance: 18/54
  Sample 4:
    TRUE: [9, 2, 39, 30, 33, 31, 39, 13, 10, 27, 17, 39, 13, 11, 14, 0, 30, 39, 30, 33, 39, 19, 2, 21, 39, 35, 10, 22, 39, 27, 0, 18, 11, 37, 39, 30, 33, 31, 39, 13, 10, 20, 39, 4, 30, 39]
    PRED: [9, 2, 39, 30, 27, 33, 31, 39, 34, 10, 17, 39, 13, 0, 0, 2, 39, 30, 33, 39, 19, 2, 21, 39, 27, 10, 22, 39, 27, 0, 18, 11, 39, 31, 11, 31, 39, 13, 5, 4, 30, 39]
    Edit distance: 13/46

============================================================
Batch 9000 | Val PER: 0.2562
============================================================
  Sample 0:
    TRUE: [31, 17, 0, 19, 27, 2, 28, 17, 39, 27, 17, 19, 2, 22, 28, 16, 8, 11, 8, 39]
    PRED: [9, 1, 19, 2, 28, 39, 27, 16, 14, 2, 22, 2, 8, 39]
    Edit distance: 11/20
  Sample 1:
    TRUE: [27, 16, 7, 39, 26, 11, 7, 2, 28, 30, 39, 28, 10, 34, 27, 2, 20, 39, 28, 5, 22, 8, 39, 20, 16, 31, 2, 14, 27, 1, 13, 28, 39]
    PRED: [27, 10, 7, 39, 26, 27, 11, 7, 2, 30, 39, 28, 10, 34, 2, 20, 39, 1, 22, 8, 39, 19, 20, 16, 20, 2, 14, 0, 13, 39]
    Edit distance: 11/33
  Sample 2:
    TRUE: [28, 24, 39, 27, 33, 20, 37, 39, 35, 17, 39, 21, 12, 8, 39, 16, 22, 39, 2, 22, 2, 6, 1, 29, 30, 39, 19, 2, 20, 33, 38, 2, 22, 39]
    PRED: [9, 2, 39, 27, 25, 20, 37, 39, 35, 17, 39, 21, 12, 8, 39, 16, 22, 39, 10, 22, 2, 11, 1, 28, 30, 39, 28, 19, 2, 20, 33, 38, 2, 22, 39]
    Edit distance: 7/34
  Sample 3:
    TRUE: [20, 3, 27, 17, 37, 39, 19, 0, 28, 30, 33, 21, 39, 22, 17, 8, 2, 8, 39, 6, 20, 1, 19, 39, 14, 20, 2, 34, 37, 39, 30, 33, 39, 6, 17, 39, 19, 2, 21, 26, 20, 17, 30, 20, 17, 39, 10, 20, 2, 14, 2, 22, 30, 39]
    PRED: [19, 27, 3, 27, 17, 39, 15, 4, 28, 2, 21, 39, 22, 10, 8, 2, 8, 39, 6, 2, 19, 39, 20, 2, 34, 8, 39, 30, 33, 39, 6, 17, 39, 19, 2, 21, 26, 10, 20, 30, 20, 39, 16, 20, 2, 30, 39]
    Edit distance: 19/54
  Sample 4:
    TRUE: [9, 2, 39, 30, 33, 31, 39, 13, 10, 27, 17, 39, 13, 11, 14, 0, 30, 39, 30, 33, 39, 19, 2, 21, 39, 35, 10, 22, 39, 27, 0, 18, 11, 37, 39, 30, 33, 31, 39, 13, 10, 20, 39, 4, 30, 39]
    PRED: [9, 2, 39, 30, 33, 31, 39, 34, 10, 27, 17, 39, 35, 0, 30, 39, 30, 33, 39, 30, 19, 33, 2, 21, 39, 27, 10, 22, 39, 27, 0, 18, 11, 39, 30, 33, 31, 39, 13, 5, 20, 4, 30, 39]
    Edit distance: 10/46

============================================================
Batch 9500 | Val PER: 0.2590
============================================================
  Sample 0:
    TRUE: [31, 17, 0, 19, 27, 2, 28, 17, 39, 27, 17, 19, 2, 22, 28, 16, 8, 11, 8, 39]
    PRED: [20, 1, 19, 2, 28, 30, 39, 27, 16, 14, 2, 22, 12, 2, 8, 39]
    Edit distance: 11/20
  Sample 1:
    TRUE: [27, 16, 7, 39, 26, 11, 7, 2, 28, 30, 39, 28, 10, 34, 27, 2, 20, 39, 28, 5, 22, 8, 39, 20, 16, 31, 2, 14, 27, 1, 13, 28, 39]
    PRED: [27, 10, 7, 39, 26, 27, 24, 7, 2, 22, 37, 39, 10, 34, 2, 20, 39, 1, 22, 8, 39, 20, 16, 20, 2, 14, 0, 13, 28, 39]
    Edit distance: 12/33
  Sample 2:
    TRUE: [28, 24, 39, 27, 33, 20, 37, 39, 35, 17, 39, 21, 12, 8, 39, 16, 22, 39, 2, 22, 2, 6, 1, 29, 30, 39, 19, 2, 20, 33, 38, 2, 22, 39]
    PRED: [9, 24, 39, 27, 33, 20, 37, 39, 35, 17, 39, 21, 12, 22, 8, 39, 16, 22, 39, 1, 22, 2, 11, 34, 1, 29, 30, 39, 28, 19, 2, 20, 33, 38, 2, 22, 39]
    Edit distance: 6/34
  Sample 3:
    TRUE: [20, 3, 27, 17, 37, 39, 19, 0, 28, 30, 33, 21, 39, 22, 17, 8, 2, 8, 39, 6, 20, 1, 19, 39, 14, 20, 2, 34, 37, 39, 30, 33, 39, 6, 17, 39, 19, 2, 21, 26, 20, 17, 30, 20, 17, 39, 10, 20, 2, 14, 2, 22, 30, 39]
    PRED: [19, 27, 3, 27, 17, 39, 19, 4, 0, 21, 2, 21, 39, 22, 12, 8, 2, 8, 39, 6, 1, 19, 39, 20, 2, 34, 8, 39, 30, 33, 39, 6, 17, 39, 2, 2, 21, 26, 20, 39, 10, 20, 2, 22, 39]
    Edit distance: 19/54
  Sample 4:
    TRUE: [9, 2, 39, 30, 33, 31, 39, 13, 10, 27, 17, 39, 13, 11, 14, 0, 30, 39, 30, 33, 39, 19, 2, 21, 39, 35, 10, 22, 39, 27, 0, 18, 11, 37, 39, 30, 33, 31, 39, 13, 10, 20, 39, 4, 30, 39]
    PRED: [9, 2, 39, 30, 27, 33, 31, 39, 34, 10, 27, 17, 39, 26, 27, 0, 0, 39, 30, 33, 39, 19, 2, 21, 39, 27, 10, 22, 8, 39, 27, 0, 18, 11, 37, 39, 31, 33, 31, 39, 13, 10, 39, 4, 30, 39]
    Edit distance: 10/46

============================================================
Batch 10000 | Val PER: 0.2553
============================================================
  Sample 0:
    TRUE: [31, 17, 0, 19, 27, 2, 28, 17, 39, 27, 17, 19, 2, 22, 28, 16, 8, 11, 8, 39]
    PRED: [9, 1, 19, 2, 28, 39, 27, 16, 22, 8, 2, 30, 2, 8, 39]
    Edit distance: 12/20
  Sample 1:
    TRUE: [27, 16, 7, 39, 26, 11, 7, 2, 28, 30, 39, 28, 10, 34, 27, 2, 20, 39, 28, 5, 22, 8, 39, 20, 16, 31, 2, 14, 27, 1, 13, 28, 39]
    PRED: [30, 27, 12, 19, 28, 39, 26, 27, 11, 7, 2, 18, 39, 28, 10, 34, 2, 20, 39, 28, 5, 22, 8, 39, 20, 16, 28, 2, 8, 2, 13, 28, 39]
    Edit distance: 12/33
  Sample 2:
    TRUE: [28, 24, 39, 27, 33, 20, 37, 39, 35, 17, 39, 21, 12, 8, 39, 16, 22, 39, 2, 22, 2, 6, 1, 29, 30, 39, 19, 2, 20, 33, 38, 2, 22, 39]
    PRED: [9, 2, 39, 27, 25, 20, 37, 39, 35, 17, 39, 21, 12, 22, 8, 39, 16, 22, 39, 2, 22, 2, 11, 13, 1, 28, 30, 39, 28, 2, 20, 33, 2, 22, 39]
    Edit distance: 9/34
  Sample 3:
    TRUE: [20, 3, 27, 17, 37, 39, 19, 0, 28, 30, 33, 21, 39, 22, 17, 8, 2, 8, 39, 6, 20, 1, 19, 39, 14, 20, 2, 34, 37, 39, 30, 33, 39, 6, 17, 39, 19, 2, 21, 26, 20, 17, 30, 20, 17, 39, 10, 20, 2, 14, 2, 22, 30, 39]
    PRED: [19, 20, 25, 27, 17, 39, 19, 4, 2, 21, 39, 22, 10, 8, 2, 8, 39, 6, 1, 19, 39, 20, 2, 34, 8, 39, 30, 33, 39, 6, 17, 39, 28, 2, 21, 26, 10, 20, 11, 17, 39, 10, 20, 2, 8, 39]
    Edit distance: 20/54
  Sample 4:
    TRUE: [9, 2, 39, 30, 33, 31, 39, 13, 10, 27, 17, 39, 13, 11, 14, 0, 30, 39, 30, 33, 39, 19, 2, 21, 39, 35, 10, 22, 39, 27, 0, 18, 11, 37, 39, 30, 33, 31, 39, 13, 10, 20, 39, 4, 30, 39]
    PRED: [9, 2, 39, 30, 27, 33, 31, 39, 34, 10, 27, 17, 39, 26, 27, 17, 30, 39, 30, 33, 39, 30, 2, 21, 39, 27, 10, 22, 39, 27, 5, 11, 37, 39, 31, 33, 31, 39, 13, 5, 30, 11, 4, 30, 39]
    Edit distance: 14/46

============================================================
Batch 10500 | Val PER: 0.2505
============================================================
  Sample 0:
    TRUE: [31, 17, 0, 19, 27, 2, 28, 17, 39, 27, 17, 19, 2, 22, 28, 16, 8, 11, 8, 39]
    PRED: [1, 19, 2, 28, 39, 27, 16, 22, 2, 30, 2, 8, 39]
    Edit distance: 12/20
  Sample 1:
    TRUE: [27, 16, 7, 39, 26, 11, 7, 2, 28, 30, 39, 28, 10, 34, 27, 2, 20, 39, 28, 5, 22, 8, 39, 20, 16, 31, 2, 14, 27, 1, 13, 28, 39]
    PRED: [30, 12, 19, 7, 39, 26, 27, 25, 22, 29, 2, 37, 39, 10, 34, 2, 20, 39, 28, 1, 22, 8, 39, 20, 16, 2, 39, 14, 0, 13, 28, 39]
    Edit distance: 16/33
  Sample 2:
    TRUE: [28, 24, 39, 27, 33, 20, 37, 39, 35, 17, 39, 21, 12, 8, 39, 16, 22, 39, 2, 22, 2, 6, 1, 29, 30, 39, 19, 2, 20, 33, 38, 2, 22, 39]
    PRED: [15, 9, 2, 39, 27, 17, 20, 37, 39, 6, 17, 39, 21, 12, 22, 8, 39, 16, 22, 39, 2, 22, 2, 13, 1, 28, 30, 39, 28, 19, 2, 20, 33, 38, 2, 22, 39]
    Edit distance: 9/34
  Sample 3:
    TRUE: [20, 3, 27, 17, 37, 39, 19, 0, 28, 30, 33, 21, 39, 22, 17, 8, 2, 8, 39, 6, 20, 1, 19, 39, 14, 20, 2, 34, 37, 39, 30, 33, 39, 6, 17, 39, 19, 2, 21, 26, 20, 17, 30, 20, 17, 39, 10, 20, 2, 14, 2, 22, 30, 39]
    PRED: [27, 25, 27, 17, 39, 19, 1, 0, 2, 21, 39, 22, 12, 8, 2, 8, 39, 6, 27, 1, 19, 39, 20, 2, 34, 37, 39, 30, 33, 39, 6, 17, 39, 19, 2, 21, 26, 16, 20, 17, 39, 10, 20, 2, 2, 22, 39]
    Edit distance: 15/54
  Sample 4:
    TRUE: [9, 2, 39, 30, 33, 31, 39, 13, 10, 27, 17, 39, 13, 11, 14, 0, 30, 39, 30, 33, 39, 19, 2, 21, 39, 35, 10, 22, 39, 27, 0, 18, 11, 37, 39, 30, 33, 31, 39, 13, 10, 20, 39, 4, 30, 39]
    PRED: [9, 2, 39, 30, 27, 33, 31, 39, 34, 10, 27, 17, 39, 26, 27, 17, 0, 30, 39, 30, 33, 39, 19, 2, 21, 37, 39, 35, 10, 22, 39, 10, 11, 37, 39, 31, 27, 2, 31, 39, 13, 1, 30, 4, 30, 39]
    Edit distance: 15/46

============================================================
Batch 11000 | Val PER: 0.2534
============================================================
  Sample 0:
    TRUE: [31, 17, 0, 19, 27, 2, 28, 17, 39, 27, 17, 19, 2, 22, 28, 16, 8, 11, 8, 39]
    PRED: [9, 1, 27, 19, 28, 2, 28, 39, 27, 17, 30, 2, 8, 39]
    Edit distance: 11/20
  Sample 1:
    TRUE: [27, 16, 7, 39, 26, 11, 7, 2, 28, 30, 39, 28, 10, 34, 27, 2, 20, 39, 28, 5, 22, 8, 39, 20, 16, 31, 2, 14, 27, 1, 13, 28, 39]
    PRED: [30, 27, 12, 19, 28, 39, 26, 27, 3, 27, 7, 29, 7, 2, 22, 37, 39, 10, 34, 2, 20, 39, 15, 1, 8, 39, 19, 16, 20, 24, 39, 0, 13, 39]
    Edit distance: 23/33
  Sample 2:
    TRUE: [28, 24, 39, 27, 33, 20, 37, 39, 35, 17, 39, 21, 12, 8, 39, 16, 22, 39, 2, 22, 2, 6, 1, 29, 30, 39, 19, 2, 20, 33, 38, 2, 22, 39]
    PRED: [15, 4, 39, 27, 17, 20, 37, 39, 35, 17, 39, 21, 12, 22, 8, 39, 16, 22, 39, 1, 22, 11, 27, 1, 28, 30, 39, 19, 33, 20, 36, 33, 38, 2, 22, 39]
    Edit distance: 10/34
  Sample 3:
    TRUE: [20, 3, 27, 17, 37, 39, 19, 0, 28, 30, 33, 21, 39, 22, 17, 8, 2, 8, 39, 6, 20, 1, 19, 39, 14, 20, 2, 34, 37, 39, 30, 33, 39, 6, 17, 39, 19, 2, 21, 26, 20, 17, 30, 20, 17, 39, 10, 20, 2, 14, 2, 22, 30, 39]
    PRED: [27, 3, 27, 17, 39, 19, 15, 1, 28, 0, 21, 39, 22, 12, 8, 16, 8, 39, 6, 27, 1, 19, 39, 20, 5, 34, 8, 39, 13, 30, 33, 39, 6, 17, 39, 19, 2, 21, 26, 16, 20, 39, 20, 2, 22, 39]
    Edit distance: 21/54
  Sample 4:
    TRUE: [9, 2, 39, 30, 33, 31, 39, 13, 10, 27, 17, 39, 13, 11, 14, 0, 30, 39, 30, 33, 39, 19, 2, 21, 39, 35, 10, 22, 39, 27, 0, 18, 11, 37, 39, 30, 33, 31, 39, 13, 10, 20, 39, 4, 30, 39]
    PRED: [9, 2, 39, 30, 27, 33, 31, 39, 34, 10, 27, 17, 11, 39, 26, 27, 17, 0, 19, 30, 39, 30, 33, 39, 19, 2, 21, 39, 27, 10, 22, 39, 27, 0, 7, 11, 37, 39, 27, 33, 31, 39, 13, 1, 20, 39, 4, 30, 39]
    Edit distance: 11/46

============================================================
Batch 11500 | Val PER: 0.2533
============================================================
  Sample 0:
    TRUE: [31, 17, 0, 19, 27, 2, 28, 17, 39, 27, 17, 19, 2, 22, 28, 16, 8, 11, 8, 39]
    PRED: [9, 12, 1, 19, 2, 28, 39, 27, 2, 14, 0, 22, 8, 30, 2, 8, 39]
    Edit distance: 12/20
  Sample 1:
    TRUE: [27, 16, 7, 39, 26, 11, 7, 2, 28, 30, 39, 28, 10, 34, 27, 2, 20, 39, 28, 5, 22, 8, 39, 20, 16, 31, 2, 14, 27, 1, 13, 28, 39]
    PRED: [27, 12, 19, 28, 39, 26, 27, 11, 29, 2, 37, 39, 28, 30, 10, 34, 2, 20, 39, 28, 5, 8, 39, 20, 16, 9, 2, 14, 0, 13, 28, 39]
    Edit distance: 13/33
  Sample 2:
    TRUE: [28, 24, 39, 27, 33, 20, 37, 39, 35, 17, 39, 21, 12, 8, 39, 16, 22, 39, 2, 22, 2, 6, 1, 29, 30, 39, 19, 2, 20, 33, 38, 2, 22, 39]
    PRED: [9, 24, 39, 27, 16, 20, 37, 39, 35, 17, 39, 21, 12, 8, 39, 16, 22, 39, 1, 22, 11, 27, 1, 28, 30, 39, 28, 2, 20, 33, 38, 2, 22, 39]
    Edit distance: 7/34
  Sample 3:
    TRUE: [20, 3, 27, 17, 37, 39, 19, 0, 28, 30, 33, 21, 39, 22, 17, 8, 2, 8, 39, 6, 20, 1, 19, 39, 14, 20, 2, 34, 37, 39, 30, 33, 39, 6, 17, 39, 19, 2, 21, 26, 20, 17, 30, 20, 17, 39, 10, 20, 2, 14, 2, 22, 30, 39]
    PRED: [20, 3, 27, 17, 39, 19, 4, 21, 39, 22, 12, 8, 39, 6, 27, 1, 19, 39, 20, 2, 34, 8, 39, 30, 33, 39, 6, 17, 39, 2, 21, 26, 20, 16, 20, 11, 39, 10, 20, 2, 22, 39]
    Edit distance: 18/54
  Sample 4:
    TRUE: [9, 2, 39, 30, 33, 31, 39, 13, 10, 27, 17, 39, 13, 11, 14, 0, 30, 39, 30, 33, 39, 19, 2, 21, 39, 35, 10, 22, 39, 27, 0, 18, 11, 37, 39, 30, 33, 31, 39, 13, 10, 20, 39, 4, 30, 39]
    PRED: [9, 2, 39, 30, 27, 33, 31, 39, 34, 10, 27, 17, 2, 37, 39, 26, 27, 3, 14, 30, 39, 30, 33, 39, 30, 2, 21, 39, 27, 10, 22, 8, 39, 27, 10, 18, 11, 37, 39, 31, 33, 31, 39, 13, 1, 39, 4, 30, 39]
    Edit distance: 15/46

============================================================
Batch 12000 | Val PER: 0.2486
============================================================
  Sample 0:
    TRUE: [31, 17, 0, 19, 27, 2, 28, 17, 39, 27, 17, 19, 2, 22, 28, 16, 8, 11, 8, 39]
    PRED: [1, 0, 19, 2, 28, 39, 2, 14, 2, 2, 2, 8, 39]
    Edit distance: 12/20
  Sample 1:
    TRUE: [27, 16, 7, 39, 26, 11, 7, 2, 28, 30, 39, 28, 10, 34, 27, 2, 20, 39, 28, 5, 22, 8, 39, 20, 16, 31, 2, 14, 27, 1, 13, 28, 39]
    PRED: [27, 12, 19, 7, 30, 39, 26, 27, 0, 7, 2, 37, 39, 10, 34, 2, 20, 39, 28, 5, 22, 8, 39, 20, 16, 19, 2, 14, 27, 1, 13, 28, 39]
    Edit distance: 10/33
  Sample 2:
    TRUE: [28, 24, 39, 27, 33, 20, 37, 39, 35, 17, 39, 21, 12, 8, 39, 16, 22, 39, 2, 22, 2, 6, 1, 29, 30, 39, 19, 2, 20, 33, 38, 2, 22, 39]
    PRED: [9, 2, 39, 27, 16, 20, 37, 39, 35, 17, 39, 21, 12, 22, 8, 39, 16, 22, 39, 22, 8, 11, 27, 1, 28, 30, 39, 28, 2, 20, 33, 38, 2, 22, 39]
    Edit distance: 10/34
  Sample 3:
    TRUE: [20, 3, 27, 17, 37, 39, 19, 0, 28, 30, 33, 21, 39, 22, 17, 8, 2, 8, 39, 6, 20, 1, 19, 39, 14, 20, 2, 34, 37, 39, 30, 33, 39, 6, 17, 39, 19, 2, 21, 26, 20, 17, 30, 20, 17, 39, 10, 20, 2, 14, 2, 22, 30, 39]
    PRED: [19, 27, 10, 27, 17, 39, 19, 4, 21, 2, 21, 39, 22, 12, 8, 39, 6, 27, 0, 19, 39, 14, 20, 2, 34, 8, 39, 30, 33, 39, 6, 17, 39, 2, 21, 26, 20, 16, 20, 20, 17, 39, 10, 20, 2, 22, 8, 39]
    Edit distance: 20/54
  Sample 4:
    TRUE: [9, 2, 39, 30, 33, 31, 39, 13, 10, 27, 17, 39, 13, 11, 14, 0, 30, 39, 30, 33, 39, 19, 2, 21, 39, 35, 10, 22, 39, 27, 0, 18, 11, 37, 39, 30, 33, 31, 39, 13, 10, 20, 39, 4, 30, 39]
    PRED: [9, 2, 39, 30, 27, 33, 31, 39, 34, 10, 27, 17, 12, 39, 27, 0, 0, 30, 39, 30, 33, 39, 19, 2, 21, 39, 35, 10, 22, 8, 39, 27, 10, 11, 37, 39, 31, 33, 31, 39, 13, 1, 20, 39, 4, 30, 39]
    Edit distance: 11/46

============================================================
Batch 12500 | Val PER: 0.2505
============================================================
  Sample 0:
    TRUE: [31, 17, 0, 19, 27, 2, 28, 17, 39, 27, 17, 19, 2, 22, 28, 16, 8, 11, 8, 39]
    PRED: [9, 1, 3, 19, 2, 28, 39, 27, 16, 2, 2, 8, 39]
    Edit distance: 12/20
  Sample 1:
    TRUE: [27, 16, 7, 39, 26, 11, 7, 2, 28, 30, 39, 28, 10, 34, 27, 2, 20, 39, 28, 5, 22, 8, 39, 20, 16, 31, 2, 14, 27, 1, 13, 28, 39]
    PRED: [7, 12, 19, 39, 26, 0, 7, 2, 18, 37, 39, 28, 10, 34, 2, 20, 39, 28, 1, 22, 8, 39, 20, 16, 2, 13, 28, 39]
    Edit distance: 12/33
  Sample 2:
    TRUE: [28, 24, 39, 27, 33, 20, 37, 39, 35, 17, 39, 21, 12, 8, 39, 16, 22, 39, 2, 22, 2, 6, 1, 29, 30, 39, 19, 2, 20, 33, 38, 2, 22, 39]
    PRED: [9, 24, 39, 27, 16, 20, 37, 39, 35, 17, 39, 21, 12, 22, 8, 39, 16, 22, 39, 16, 22, 20, 2, 11, 34, 1, 29, 28, 30, 39, 19, 2, 20, 33, 38, 2, 22, 39]
    Edit distance: 8/34
  Sample 3:
    TRUE: [20, 3, 27, 17, 37, 39, 19, 0, 28, 30, 33, 21, 39, 22, 17, 8, 2, 8, 39, 6, 20, 1, 19, 39, 14, 20, 2, 34, 37, 39, 30, 33, 39, 6, 17, 39, 19, 2, 21, 26, 20, 17, 30, 20, 17, 39, 10, 20, 2, 14, 2, 22, 30, 39]
    PRED: [19, 10, 27, 17, 39, 19, 4, 2, 21, 39, 22, 12, 8, 39, 6, 2, 19, 39, 14, 20, 2, 34, 39, 30, 33, 39, 6, 17, 39, 19, 2, 21, 26, 20, 16, 20, 20, 17, 39, 10, 20, 2, 22, 39]
    Edit distance: 18/54
  Sample 4:
    TRUE: [9, 2, 39, 30, 33, 31, 39, 13, 10, 27, 17, 39, 13, 11, 14, 0, 30, 39, 30, 33, 39, 19, 2, 21, 39, 35, 10, 22, 39, 27, 0, 18, 11, 37, 39, 30, 33, 31, 39, 13, 10, 20, 39, 4, 30, 39]
    PRED: [9, 2, 39, 27, 33, 31, 39, 34, 10, 27, 17, 39, 26, 27, 3, 3, 30, 39, 30, 33, 39, 19, 2, 21, 39, 35, 27, 10, 22, 39, 35, 10, 11, 37, 39, 31, 33, 31, 39, 13, 1, 39, 4, 30, 39]
    Edit distance: 13/46

============================================================
Batch 13000 | Val PER: 0.2492
============================================================
  Sample 0:
    TRUE: [31, 17, 0, 19, 27, 2, 28, 17, 39, 27, 17, 19, 2, 22, 28, 16, 8, 11, 8, 39]
    PRED: [9, 1, 27, 19, 30, 11, 39, 27, 2, 0, 22, 30, 2, 8, 39]
    Edit distance: 14/20
  Sample 1:
    TRUE: [27, 16, 7, 39, 26, 11, 7, 2, 28, 30, 39, 28, 10, 34, 27, 2, 20, 39, 28, 5, 22, 8, 39, 20, 16, 31, 2, 14, 27, 1, 13, 28, 39]
    PRED: [27, 12, 7, 39, 26, 27, 0, 29, 2, 18, 39, 8, 10, 34, 2, 20, 39, 15, 5, 22, 8, 39, 20, 16, 14, 2, 13, 39]
    Edit distance: 14/33
  Sample 2:
    TRUE: [28, 24, 39, 27, 33, 20, 37, 39, 35, 17, 39, 21, 12, 8, 39, 16, 22, 39, 2, 22, 2, 6, 1, 29, 30, 39, 19, 2, 20, 33, 38, 2, 22, 39]
    PRED: [15, 24, 39, 27, 16, 20, 37, 39, 35, 17, 39, 21, 10, 22, 8, 39, 16, 22, 39, 2, 22, 8, 11, 34, 1, 29, 30, 39, 28, 2, 20, 33, 38, 2, 22, 39]
    Edit distance: 8/34
  Sample 3:
    TRUE: [20, 3, 27, 17, 37, 39, 19, 0, 28, 30, 33, 21, 39, 22, 17, 8, 2, 8, 39, 6, 20, 1, 19, 39, 14, 20, 2, 34, 37, 39, 30, 33, 39, 6, 17, 39, 19, 2, 21, 26, 20, 17, 30, 20, 17, 39, 10, 20, 2, 14, 2, 22, 30, 39]
    PRED: [14, 24, 27, 17, 39, 19, 4, 27, 27, 21, 39, 22, 10, 8, 39, 6, 2, 19, 39, 20, 2, 34, 39, 30, 24, 39, 6, 17, 39, 19, 2, 21, 26, 16, 20, 17, 39, 10, 20, 2, 22, 39]
    Edit distance: 21/54
  Sample 4:
    TRUE: [9, 2, 39, 30, 33, 31, 39, 13, 10, 27, 17, 39, 13, 11, 14, 0, 30, 39, 30, 33, 39, 19, 2, 21, 39, 35, 10, 22, 39, 27, 0, 18, 11, 37, 39, 30, 33, 31, 39, 13, 10, 20, 39, 4, 30, 39]
    PRED: [9, 2, 39, 30, 27, 33, 31, 39, 34, 10, 27, 11, 39, 26, 27, 0, 0, 0, 8, 39, 30, 33, 39, 19, 2, 21, 39, 35, 10, 22, 8, 39, 27, 0, 11, 37, 39, 31, 33, 31, 39, 13, 5, 11, 39, 4, 30, 39]
    Edit distance: 13/46

============================================================
Batch 13500 | Val PER: 0.2513
============================================================
  Sample 0:
    TRUE: [31, 17, 0, 19, 27, 2, 28, 17, 39, 27, 17, 19, 2, 22, 28, 16, 8, 11, 8, 39]
    PRED: [9, 1, 19, 2, 28, 39, 27, 2, 14, 4, 22, 8, 2, 2, 8, 39]
    Edit distance: 12/20
  Sample 1:
    TRUE: [27, 16, 7, 39, 26, 11, 7, 2, 28, 30, 39, 28, 10, 34, 27, 2, 20, 39, 28, 5, 22, 8, 39, 20, 16, 31, 2, 14, 27, 1, 13, 28, 39]
    PRED: [27, 5, 19, 7, 39, 26, 27, 0, 29, 2, 18, 37, 39, 8, 10, 34, 2, 20, 39, 28, 15, 5, 22, 8, 39, 20, 16, 24, 14, 2, 13, 39]
    Edit distance: 15/33
  Sample 2:
    TRUE: [28, 24, 39, 27, 33, 20, 37, 39, 35, 17, 39, 21, 12, 8, 39, 16, 22, 39, 2, 22, 2, 6, 1, 29, 30, 39, 19, 2, 20, 33, 38, 2, 22, 39]
    PRED: [9, 24, 39, 27, 25, 20, 37, 39, 35, 17, 39, 21, 12, 22, 8, 39, 16, 22, 39, 22, 11, 1, 28, 30, 39, 28, 19, 2, 20, 33, 38, 2, 22, 39]
    Edit distance: 8/34
  Sample 3:
    TRUE: [20, 3, 27, 17, 37, 39, 19, 0, 28, 30, 33, 21, 39, 22, 17, 8, 2, 8, 39, 6, 20, 1, 19, 39, 14, 20, 2, 34, 37, 39, 30, 33, 39, 6, 17, 39, 19, 2, 21, 26, 20, 17, 30, 20, 17, 39, 10, 20, 2, 14, 2, 22, 30, 39]
    PRED: [19, 20, 27, 24, 27, 17, 39, 19, 4, 21, 39, 22, 12, 8, 39, 6, 20, 2, 19, 39, 20, 2, 13, 39, 30, 33, 39, 6, 17, 39, 19, 2, 21, 26, 10, 16, 20, 39, 10, 20, 2, 22, 8, 39]
    Edit distance: 22/54
  Sample 4:
    TRUE: [9, 2, 39, 30, 33, 31, 39, 13, 10, 27, 17, 39, 13, 11, 14, 0, 30, 39, 30, 33, 39, 19, 2, 21, 39, 35, 10, 22, 39, 27, 0, 18, 11, 37, 39, 30, 33, 31, 39, 13, 10, 20, 39, 4, 30, 39]
    PRED: [9, 2, 39, 30, 27, 33, 31, 39, 34, 10, 27, 17, 12, 39, 26, 27, 17, 3, 39, 30, 33, 39, 30, 2, 21, 39, 27, 10, 22, 8, 39, 27, 10, 11, 39, 30, 33, 31, 39, 13, 1, 20, 4, 30, 39]
    Edit distance: 16/46

============================================================
Batch 14000 | Val PER: 0.2454
============================================================
  Sample 0:
    TRUE: [31, 17, 0, 19, 27, 2, 28, 17, 39, 27, 17, 19, 2, 22, 28, 16, 8, 11, 8, 39]
    PRED: [0, 0, 19, 2, 28, 39, 2, 22, 8, 30, 2, 8, 39]
    Edit distance: 11/20
  Sample 1:
    TRUE: [27, 16, 7, 39, 26, 11, 7, 2, 28, 30, 39, 28, 10, 34, 27, 2, 20, 39, 28, 5, 22, 8, 39, 20, 16, 31, 2, 14, 27, 1, 13, 28, 39]
    PRED: [30, 12, 19, 28, 39, 26, 27, 29, 2, 22, 37, 39, 28, 10, 34, 2, 20, 39, 15, 1, 22, 8, 39, 20, 16, 24, 14, 10, 13, 28, 39]
    Edit distance: 15/33
  Sample 2:
    TRUE: [28, 24, 39, 27, 33, 20, 37, 39, 35, 17, 39, 21, 12, 8, 39, 16, 22, 39, 2, 22, 2, 6, 1, 29, 30, 39, 19, 2, 20, 33, 38, 2, 22, 39]
    PRED: [28, 24, 39, 27, 16, 20, 37, 39, 35, 17, 39, 21, 12, 22, 8, 39, 16, 22, 39, 10, 22, 2, 11, 10, 28, 39, 28, 19, 2, 20, 33, 38, 2, 22, 39]
    Edit distance: 8/34
  Sample 3:
    TRUE: [20, 3, 27, 17, 37, 39, 19, 0, 28, 30, 33, 21, 39, 22, 17, 8, 2, 8, 39, 6, 20, 1, 19, 39, 14, 20, 2, 34, 37, 39, 30, 33, 39, 6, 17, 39, 19, 2, 21, 26, 20, 17, 30, 20, 17, 39, 10, 20, 2, 14, 2, 22, 30, 39]
    PRED: [20, 24, 27, 17, 39, 19, 4, 2, 21, 39, 22, 12, 8, 17, 8, 39, 6, 27, 1, 19, 39, 20, 2, 13, 8, 39, 30, 33, 39, 21, 17, 39, 19, 2, 21, 26, 16, 20, 39, 10, 20, 2, 22, 39]
    Edit distance: 20/54
  Sample 4:
    TRUE: [9, 2, 39, 30, 33, 31, 39, 13, 10, 27, 17, 39, 13, 11, 14, 0, 30, 39, 30, 33, 39, 19, 2, 21, 39, 35, 10, 22, 39, 27, 0, 18, 11, 37, 39, 30, 33, 31, 39, 13, 10, 20, 39, 4, 30, 39]
    PRED: [9, 2, 39, 30, 27, 33, 31, 39, 13, 10, 27, 17, 12, 39, 26, 27, 17, 0, 39, 30, 33, 39, 19, 2, 21, 39, 35, 27, 10, 22, 39, 5, 11, 37, 39, 31, 33, 31, 39, 13, 1, 20, 39, 4, 30, 39]
    Edit distance: 12/46

============================================================
Batch 14500 | Val PER: 0.2433
============================================================
  Sample 0:
    TRUE: [31, 17, 0, 19, 27, 2, 28, 17, 39, 27, 17, 19, 2, 22, 28, 16, 8, 11, 8, 39]
    PRED: [9, 16, 28, 0, 19, 2, 28, 39, 2, 0, 22, 2, 8, 39]
    Edit distance: 13/20
  Sample 1:
    TRUE: [27, 16, 7, 39, 26, 11, 7, 2, 28, 30, 39, 28, 10, 34, 27, 2, 20, 39, 28, 5, 22, 8, 39, 20, 16, 31, 2, 14, 27, 1, 13, 28, 39]
    PRED: [16, 19, 28, 39, 28, 26, 0, 7, 2, 18, 39, 28, 10, 34, 2, 20, 39, 2, 22, 8, 39, 20, 16, 28, 9, 9, 2, 14, 3, 13, 39]
    Edit distance: 16/33
  Sample 2:
    TRUE: [28, 24, 39, 27, 33, 20, 37, 39, 35, 17, 39, 21, 12, 8, 39, 16, 22, 39, 2, 22, 2, 6, 1, 29, 30, 39, 19, 2, 20, 33, 38, 2, 22, 39]
    PRED: [9, 2, 39, 27, 16, 20, 37, 39, 35, 17, 39, 21, 12, 8, 39, 16, 22, 39, 2, 22, 8, 2, 11, 13, 10, 28, 30, 39, 28, 19, 2, 20, 33, 38, 2, 22, 39]
    Edit distance: 9/34
  Sample 3:
    TRUE: [20, 3, 27, 17, 37, 39, 19, 0, 28, 30, 33, 21, 39, 22, 17, 8, 2, 8, 39, 6, 20, 1, 19, 39, 14, 20, 2, 34, 37, 39, 30, 33, 39, 6, 17, 39, 19, 2, 21, 26, 20, 17, 30, 20, 17, 39, 10, 20, 2, 14, 2, 22, 30, 39]
    PRED: [19, 24, 27, 17, 39, 19, 4, 21, 39, 22, 10, 8, 39, 21, 6, 0, 19, 39, 20, 2, 13, 8, 39, 30, 24, 39, 21, 17, 39, 2, 21, 26, 10, 16, 20, 17, 39, 10, 20, 2, 22, 8, 39]
    Edit distance: 25/54
  Sample 4:
    TRUE: [9, 2, 39, 30, 33, 31, 39, 13, 10, 27, 17, 39, 13, 11, 14, 0, 30, 39, 30, 33, 39, 19, 2, 21, 39, 35, 10, 22, 39, 27, 0, 18, 11, 37, 39, 30, 33, 31, 39, 13, 10, 20, 39, 4, 30, 39]
    PRED: [9, 2, 39, 30, 27, 33, 31, 39, 34, 10, 27, 17, 39, 26, 27, 17, 0, 19, 30, 39, 30, 33, 39, 15, 2, 21, 39, 35, 10, 22, 39, 35, 0, 11, 37, 39, 31, 33, 31, 39, 13, 2, 20, 39, 4, 30, 39]
    Edit distance: 11/46

============================================================
Batch 15000 | Val PER: 0.2481
============================================================
  Sample 0:
    TRUE: [31, 17, 0, 19, 27, 2, 28, 17, 39, 27, 17, 19, 2, 22, 28, 16, 8, 11, 8, 39]
    PRED: [19, 27, 1, 3, 19, 28, 2, 28, 39, 2, 14, 0, 22, 8, 30, 2, 8, 39]
    Edit distance: 14/20
  Sample 1:
    TRUE: [27, 16, 7, 39, 26, 11, 7, 2, 28, 30, 39, 28, 10, 34, 27, 2, 20, 39, 28, 5, 22, 8, 39, 20, 16, 31, 2, 14, 27, 1, 13, 28, 39]
    PRED: [27, 12, 18, 7, 39, 26, 27, 11, 27, 7, 2, 18, 37, 39, 28, 10, 34, 2, 20, 39, 28, 5, 22, 8, 39, 20, 16, 9, 11, 2, 13, 28, 39]
    Edit distance: 12/33
  Sample 2:
    TRUE: [28, 24, 39, 27, 33, 20, 37, 39, 35, 17, 39, 21, 12, 8, 39, 16, 22, 39, 2, 22, 2, 6, 1, 29, 30, 39, 19, 2, 20, 33, 38, 2, 22, 39]
    PRED: [9, 2, 39, 27, 25, 20, 37, 39, 35, 17, 39, 21, 12, 22, 8, 39, 16, 22, 39, 1, 22, 2, 11, 13, 27, 1, 28, 30, 39, 28, 19, 2, 20, 33, 38, 2, 22, 39]
    Edit distance: 10/34
  Sample 3:
    TRUE: [20, 3, 27, 17, 37, 39, 19, 0, 28, 30, 33, 21, 39, 22, 17, 8, 2, 8, 39, 6, 20, 1, 19, 39, 14, 20, 2, 34, 37, 39, 30, 33, 39, 6, 17, 39, 19, 2, 21, 26, 20, 17, 30, 20, 17, 39, 10, 20, 2, 14, 2, 22, 30, 39]
    PRED: [14, 3, 27, 17, 39, 19, 1, 21, 39, 22, 12, 8, 39, 6, 27, 0, 19, 39, 20, 2, 34, 8, 39, 30, 33, 39, 21, 17, 39, 19, 2, 21, 26, 10, 20, 17, 39, 1, 20, 2, 22, 39]
    Edit distance: 21/54
  Sample 4:
    TRUE: [9, 2, 39, 30, 33, 31, 39, 13, 10, 27, 17, 39, 13, 11, 14, 0, 30, 39, 30, 33, 39, 19, 2, 21, 39, 35, 10, 22, 39, 27, 0, 18, 11, 37, 39, 30, 33, 31, 39, 13, 10, 20, 39, 4, 30, 39]
    PRED: [9, 2, 39, 30, 27, 33, 31, 39, 34, 10, 27, 17, 11, 37, 39, 26, 27, 17, 0, 0, 30, 39, 30, 33, 39, 19, 2, 21, 39, 35, 10, 22, 39, 27, 0, 18, 11, 37, 39, 31, 33, 31, 39, 13, 1, 39, 4, 30, 39]
    Edit distance: 11/46

============================================================
Batch 15500 | Val PER: 0.2472
============================================================
  Sample 0:
    TRUE: [31, 17, 0, 19, 27, 2, 28, 17, 39, 27, 17, 19, 2, 22, 28, 16, 8, 11, 8, 39]
    PRED: [9, 1, 0, 19, 2, 28, 39, 2, 0, 22, 8, 2, 8, 39]
    Edit distance: 11/20
  Sample 1:
    TRUE: [27, 16, 7, 39, 26, 11, 7, 2, 28, 30, 39, 28, 10, 34, 27, 2, 20, 39, 28, 5, 22, 8, 39, 20, 16, 31, 2, 14, 27, 1, 13, 28, 39]
    PRED: [27, 17, 7, 39, 26, 27, 11, 7, 2, 22, 39, 8, 10, 34, 2, 20, 39, 15, 0, 22, 8, 39, 19, 20, 16, 3, 14, 0, 13, 39]
    Edit distance: 14/33
  Sample 2:
    TRUE: [28, 24, 39, 27, 33, 20, 37, 39, 35, 17, 39, 21, 12, 8, 39, 16, 22, 39, 2, 22, 2, 6, 1, 29, 30, 39, 19, 2, 20, 33, 38, 2, 22, 39]
    PRED: [9, 2, 39, 27, 25, 20, 37, 39, 35, 17, 39, 21, 10, 22, 8, 39, 16, 22, 39, 0, 22, 2, 11, 34, 1, 28, 30, 39, 28, 19, 2, 20, 33, 38, 2, 22, 39]
    Edit distance: 10/34
  Sample 3:
    TRUE: [20, 3, 27, 17, 37, 39, 19, 0, 28, 30, 33, 21, 39, 22, 17, 8, 2, 8, 39, 6, 20, 1, 19, 39, 14, 20, 2, 34, 37, 39, 30, 33, 39, 6, 17, 39, 19, 2, 21, 26, 20, 17, 30, 20, 17, 39, 10, 20, 2, 14, 2, 22, 30, 39]
    PRED: [14, 3, 27, 17, 39, 19, 4, 28, 21, 39, 22, 10, 8, 39, 6, 27, 0, 19, 39, 20, 2, 34, 39, 30, 33, 39, 6, 17, 39, 19, 2, 21, 26, 10, 20, 17, 39, 10, 20, 2, 22, 8, 39]
    Edit distance: 18/54
  Sample 4:
    TRUE: [9, 2, 39, 30, 33, 31, 39, 13, 10, 27, 17, 39, 13, 11, 14, 0, 30, 39, 30, 33, 39, 19, 2, 21, 39, 35, 10, 22, 39, 27, 0, 18, 11, 37, 39, 30, 33, 31, 39, 13, 10, 20, 39, 4, 30, 39]
    PRED: [9, 2, 39, 30, 27, 33, 31, 39, 34, 10, 27, 17, 39, 26, 27, 0, 0, 30, 39, 30, 33, 39, 19, 0, 21, 39, 35, 27, 10, 22, 8, 39, 27, 10, 11, 37, 39, 31, 33, 31, 39, 34, 1, 4, 30, 39]
    Edit distance: 15/46

============================================================
Batch 16000 | Val PER: 0.2481
============================================================
  Sample 0:
    TRUE: [31, 17, 0, 19, 27, 2, 28, 17, 39, 27, 17, 19, 2, 22, 28, 16, 8, 11, 8, 39]
    PRED: [9, 1, 19, 2, 28, 39, 27, 2, 22, 2, 8, 39]
    Edit distance: 11/20
  Sample 1:
    TRUE: [27, 16, 7, 39, 26, 11, 7, 2, 28, 30, 39, 28, 10, 34, 27, 2, 20, 39, 28, 5, 22, 8, 39, 20, 16, 31, 2, 14, 27, 1, 13, 28, 39]
    PRED: [27, 12, 30, 39, 26, 27, 25, 29, 2, 22, 37, 39, 10, 34, 2, 20, 39, 28, 1, 22, 8, 39, 20, 1, 9, 2, 8, 1, 13, 39]
    Edit distance: 15/33
  Sample 2:
    TRUE: [28, 24, 39, 27, 33, 20, 37, 39, 35, 17, 39, 21, 12, 8, 39, 16, 22, 39, 2, 22, 2, 6, 1, 29, 30, 39, 19, 2, 20, 33, 38, 2, 22, 39]
    PRED: [4, 39, 27, 25, 20, 37, 39, 35, 17, 39, 21, 12, 22, 8, 39, 16, 22, 39, 10, 22, 2, 34, 1, 29, 28, 39, 28, 19, 2, 20, 33, 38, 2, 22, 39]
    Edit distance: 8/34
  Sample 3:
    TRUE: [20, 3, 27, 17, 37, 39, 19, 0, 28, 30, 33, 21, 39, 22, 17, 8, 2, 8, 39, 6, 20, 1, 19, 39, 14, 20, 2, 34, 37, 39, 30, 33, 39, 6, 17, 39, 19, 2, 21, 26, 20, 17, 30, 20, 17, 39, 10, 20, 2, 14, 2, 22, 30, 39]
    PRED: [19, 27, 10, 27, 17, 39, 19, 4, 2, 21, 39, 22, 16, 8, 2, 8, 39, 6, 27, 1, 19, 39, 20, 2, 34, 39, 30, 33, 39, 6, 17, 39, 19, 2, 21, 26, 10, 20, 20, 17, 39, 10, 20, 2, 22, 39]
    Edit distance: 18/54
  Sample 4:
    TRUE: [9, 2, 39, 30, 33, 31, 39, 13, 10, 27, 17, 39, 13, 11, 14, 0, 30, 39, 30, 33, 39, 19, 2, 21, 39, 35, 10, 22, 39, 27, 0, 18, 11, 37, 39, 30, 33, 31, 39, 13, 10, 20, 39, 4, 30, 39]
    PRED: [9, 2, 39, 27, 33, 31, 39, 34, 10, 27, 17, 39, 27, 17, 1, 0, 30, 39, 30, 33, 39, 19, 2, 21, 39, 35, 27, 10, 22, 8, 39, 27, 10, 11, 37, 39, 31, 27, 33, 39, 34, 1, 39, 4, 30, 39]
    Edit distance: 15/46

============================================================
Batch 16500 | Val PER: 0.2445
============================================================
  Sample 0:
    TRUE: [31, 17, 0, 19, 27, 2, 28, 17, 39, 27, 17, 19, 2, 22, 28, 16, 8, 11, 8, 39]
    PRED: [35, 1, 19, 2, 28, 39, 27, 2, 4, 22, 30, 11, 8, 39]
    Edit distance: 11/20
  Sample 1:
    TRUE: [27, 16, 7, 39, 26, 11, 7, 2, 28, 30, 39, 28, 10, 34, 27, 2, 20, 39, 28, 5, 22, 8, 39, 20, 16, 31, 2, 14, 27, 1, 13, 28, 39]
    PRED: [30, 17, 7, 39, 26, 27, 11, 29, 2, 37, 39, 10, 34, 2, 20, 39, 28, 5, 22, 8, 39, 20, 16, 20, 11, 24, 14, 0, 13, 39]
    Edit distance: 14/33
  Sample 2:
    TRUE: [28, 24, 39, 27, 33, 20, 37, 39, 35, 17, 39, 21, 12, 8, 39, 16, 22, 39, 2, 22, 2, 6, 1, 29, 30, 39, 19, 2, 20, 33, 38, 2, 22, 39]
    PRED: [9, 24, 39, 27, 25, 20, 39, 35, 17, 39, 21, 12, 22, 8, 39, 16, 22, 39, 2, 22, 11, 1, 28, 30, 39, 28, 19, 24, 20, 33, 38, 2, 22, 39]
    Edit distance: 9/34
  Sample 3:
    TRUE: [20, 3, 27, 17, 37, 39, 19, 0, 28, 30, 33, 21, 39, 22, 17, 8, 2, 8, 39, 6, 20, 1, 19, 39, 14, 20, 2, 34, 37, 39, 30, 33, 39, 6, 17, 39, 19, 2, 21, 26, 20, 17, 30, 20, 17, 39, 10, 20, 2, 14, 2, 22, 30, 39]
    PRED: [14, 20, 3, 27, 17, 39, 19, 4, 5, 21, 39, 22, 10, 8, 39, 6, 27, 0, 19, 39, 20, 5, 34, 39, 30, 33, 39, 6, 17, 39, 19, 2, 21, 26, 10, 20, 30, 11, 17, 39, 10, 20, 2, 22, 39]
    Edit distance: 20/54
  Sample 4:
    TRUE: [9, 2, 39, 30, 33, 31, 39, 13, 10, 27, 17, 39, 13, 11, 14, 0, 30, 39, 30, 33, 39, 19, 2, 21, 39, 35, 10, 22, 39, 27, 0, 18, 11, 37, 39, 30, 33, 31, 39, 13, 10, 20, 39, 4, 30, 39]
    PRED: [9, 2, 39, 30, 33, 31, 39, 34, 10, 27, 17, 39, 26, 27, 3, 0, 30, 16, 39, 30, 33, 39, 19, 2, 21, 39, 35, 27, 10, 22, 39, 35, 5, 29, 11, 39, 31, 11, 31, 39, 13, 1, 20, 39, 4, 30, 39]
    Edit distance: 13/46

============================================================
Batch 17000 | Val PER: 0.2465
============================================================
  Sample 0:
    TRUE: [31, 17, 0, 19, 27, 2, 28, 17, 39, 27, 17, 19, 2, 22, 28, 16, 8, 11, 8, 39]
    PRED: [9, 19, 2, 39, 27, 2, 2, 22, 2, 8, 39]
    Edit distance: 12/20
  Sample 1:
    TRUE: [27, 16, 7, 39, 26, 11, 7, 2, 28, 30, 39, 28, 10, 34, 27, 2, 20, 39, 28, 5, 22, 8, 39, 20, 16, 31, 2, 14, 27, 1, 13, 28, 39]
    PRED: [30, 17, 7, 39, 26, 27, 11, 29, 2, 37, 39, 8, 10, 34, 2, 11, 20, 39, 28, 2, 22, 8, 39, 20, 16, 20, 9, 2, 14, 1, 13, 39]
    Edit distance: 14/33
  Sample 2:
    TRUE: [28, 24, 39, 27, 33, 20, 37, 39, 35, 17, 39, 21, 12, 8, 39, 16, 22, 39, 2, 22, 2, 6, 1, 29, 30, 39, 19, 2, 20, 33, 38, 2, 22, 39]
    PRED: [9, 2, 39, 27, 33, 20, 37, 39, 35, 17, 39, 21, 12, 8, 39, 16, 22, 39, 2, 22, 11, 34, 1, 29, 30, 39, 28, 19, 2, 20, 33, 38, 2, 22, 39]
    Edit distance: 5/34
  Sample 3:
    TRUE: [20, 3, 27, 17, 37, 39, 19, 0, 28, 30, 33, 21, 39, 22, 17, 8, 2, 8, 39, 6, 20, 1, 19, 39, 14, 20, 2, 34, 37, 39, 30, 33, 39, 6, 17, 39, 19, 2, 21, 26, 20, 17, 30, 20, 17, 39, 10, 20, 2, 14, 2, 22, 30, 39]
    PRED: [19, 24, 27, 17, 39, 19, 4, 28, 21, 39, 22, 12, 8, 39, 6, 1, 19, 39, 20, 2, 34, 39, 30, 33, 39, 6, 17, 39, 19, 2, 21, 26, 10, 20, 30, 20, 17, 39, 16, 20, 14, 2, 22, 8, 39]
    Edit distance: 17/54
  Sample 4:
    TRUE: [9, 2, 39, 30, 33, 31, 39, 13, 10, 27, 17, 39, 13, 11, 14, 0, 30, 39, 30, 33, 39, 19, 2, 21, 39, 35, 10, 22, 39, 27, 0, 18, 11, 37, 39, 30, 33, 31, 39, 13, 10, 20, 39, 4, 30, 39]
    PRED: [9, 2, 39, 30, 27, 33, 31, 39, 34, 10, 27, 17, 39, 26, 27, 17, 30, 39, 30, 33, 39, 19, 2, 21, 39, 35, 27, 10, 22, 39, 35, 24, 38, 11, 39, 31, 33, 31, 39, 34, 1, 4, 30, 39]
    Edit distance: 16/46

============================================================
Batch 17500 | Val PER: 0.2422
============================================================
  Sample 0:
    TRUE: [31, 17, 0, 19, 27, 2, 28, 17, 39, 27, 17, 19, 2, 22, 28, 16, 8, 11, 8, 39]
    PRED: [9, 12, 1, 19, 2, 28, 39, 27, 16, 2, 22, 8, 30, 2, 8, 39]
    Edit distance: 11/20
  Sample 1:
    TRUE: [27, 16, 7, 39, 26, 11, 7, 2, 28, 30, 39, 28, 10, 34, 27, 2, 20, 39, 28, 5, 22, 8, 39, 20, 16, 31, 2, 14, 27, 1, 13, 28, 39]
    PRED: [30, 27, 10, 7, 39, 26, 27, 11, 7, 2, 37, 39, 28, 10, 34, 2, 20, 39, 28, 5, 22, 8, 39, 20, 16, 28, 9, 2, 14, 1, 13, 28, 39]
    Edit distance: 9/33
  Sample 2:
    TRUE: [28, 24, 39, 27, 33, 20, 37, 39, 35, 17, 39, 21, 12, 8, 39, 16, 22, 39, 2, 22, 2, 6, 1, 29, 30, 39, 19, 2, 20, 33, 38, 2, 22, 39]
    PRED: [9, 4, 2, 39, 27, 10, 20, 37, 39, 35, 17, 39, 21, 12, 22, 8, 39, 16, 22, 39, 10, 22, 2, 27, 1, 28, 39, 28, 19, 2, 20, 33, 38, 2, 22, 39]
    Edit distance: 10/34
  Sample 3:
    TRUE: [20, 3, 27, 17, 37, 39, 19, 0, 28, 30, 33, 21, 39, 22, 17, 8, 2, 8, 39, 6, 20, 1, 19, 39, 14, 20, 2, 34, 37, 39, 30, 33, 39, 6, 17, 39, 19, 2, 21, 26, 20, 17, 30, 20, 17, 39, 10, 20, 2, 14, 2, 22, 30, 39]
    PRED: [19, 27, 10, 27, 17, 39, 19, 4, 2, 21, 39, 22, 10, 8, 39, 6, 27, 1, 19, 39, 20, 2, 34, 39, 30, 33, 39, 6, 17, 39, 19, 2, 21, 26, 10, 20, 30, 17, 39, 10, 20, 2, 22, 8, 39]
    Edit distance: 20/54
  Sample 4:
    TRUE: [9, 2, 39, 30, 33, 31, 39, 13, 10, 27, 17, 39, 13, 11, 14, 0, 30, 39, 30, 33, 39, 19, 2, 21, 39, 35, 10, 22, 39, 27, 0, 18, 11, 37, 39, 30, 33, 31, 39, 13, 10, 20, 39, 4, 30, 39]
    PRED: [9, 2, 39, 30, 27, 33, 31, 39, 34, 10, 27, 17, 39, 26, 27, 17, 10, 39, 30, 33, 39, 19, 2, 21, 39, 35, 27, 10, 22, 39, 27, 10, 38, 11, 39, 31, 33, 31, 39, 34, 13, 1, 39, 4, 30, 39]
    Edit distance: 15/46

============================================================
Batch 18000 | Val PER: 0.2437
============================================================
  Sample 0:
    TRUE: [31, 17, 0, 19, 27, 2, 28, 17, 39, 27, 17, 19, 2, 22, 28, 16, 8, 11, 8, 39]
    PRED: [9, 1, 0, 19, 2, 28, 39, 27, 2, 22, 8, 30, 2, 8, 39]
    Edit distance: 10/20
  Sample 1:
    TRUE: [27, 16, 7, 39, 26, 11, 7, 2, 28, 30, 39, 28, 10, 34, 27, 2, 20, 39, 28, 5, 22, 8, 39, 20, 16, 31, 2, 14, 27, 1, 13, 28, 39]
    PRED: [30, 27, 17, 7, 28, 39, 26, 27, 11, 7, 16, 18, 39, 8, 10, 34, 2, 20, 39, 28, 5, 22, 8, 39, 20, 16, 19, 9, 2, 39, 14, 2, 13, 39]
    Edit distance: 15/33
  Sample 2:
    TRUE: [28, 24, 39, 27, 33, 20, 37, 39, 35, 17, 39, 21, 12, 8, 39, 16, 22, 39, 2, 22, 2, 6, 1, 29, 30, 39, 19, 2, 20, 33, 38, 2, 22, 39]
    PRED: [9, 2, 39, 27, 16, 20, 37, 39, 35, 17, 39, 21, 12, 8, 39, 16, 22, 39, 10, 22, 2, 13, 1, 28, 30, 39, 28, 19, 2, 20, 33, 38, 2, 22, 39]
    Edit distance: 7/34
  Sample 3:
    TRUE: [20, 3, 27, 17, 37, 39, 19, 0, 28, 30, 33, 21, 39, 22, 17, 8, 2, 8, 39, 6, 20, 1, 19, 39, 14, 20, 2, 34, 37, 39, 30, 33, 39, 6, 17, 39, 19, 2, 21, 26, 20, 17, 30, 20, 17, 39, 10, 20, 2, 14, 2, 22, 30, 39]
    PRED: [19, 3, 27, 17, 39, 19, 4, 28, 5, 21, 39, 22, 12, 8, 16, 23, 39, 6, 27, 1, 19, 39, 20, 2, 34, 39, 30, 33, 39, 6, 17, 39, 19, 2, 21, 26, 10, 16, 20, 30, 20, 17, 39, 10, 20, 14, 2, 22, 8, 39]
    Edit distance: 16/54
  Sample 4:
    TRUE: [9, 2, 39, 30, 33, 31, 39, 13, 10, 27, 17, 39, 13, 11, 14, 0, 30, 39, 30, 33, 39, 19, 2, 21, 39, 35, 10, 22, 39, 27, 0, 18, 11, 37, 39, 30, 33, 31, 39, 13, 10, 20, 39, 4, 30, 39]
    PRED: [9, 2, 39, 30, 27, 33, 31, 39, 34, 10, 27, 17, 39, 26, 27, 3, 3, 30, 39, 30, 33, 39, 19, 2, 21, 39, 35, 27, 10, 22, 8, 39, 35, 10, 11, 37, 39, 31, 33, 31, 39, 13, 5, 20, 39, 4, 30, 39]
    Edit distance: 13/46

============================================================
Batch 18500 | Val PER: 0.2394
============================================================
  Sample 0:
    TRUE: [31, 17, 0, 19, 27, 2, 28, 17, 39, 27, 17, 19, 2, 22, 28, 16, 8, 11, 8, 39]
    PRED: [9, 1, 19, 2, 28, 39, 27, 2, 14, 22, 8, 30, 2, 8, 39]
    Edit distance: 12/20
  Sample 1:
    TRUE: [27, 16, 7, 39, 26, 11, 7, 2, 28, 30, 39, 28, 10, 34, 27, 2, 20, 39, 28, 5, 22, 8, 39, 20, 16, 31, 2, 14, 27, 1, 13, 28, 39]
    PRED: [35, 17, 29, 39, 26, 27, 11, 28, 2, 37, 39, 8, 10, 34, 2, 20, 39, 28, 5, 22, 8, 39, 20, 16, 2, 39, 14, 1, 13, 39]
    Edit distance: 13/33
  Sample 2:
    TRUE: [28, 24, 39, 27, 33, 20, 37, 39, 35, 17, 39, 21, 12, 8, 39, 16, 22, 39, 2, 22, 2, 6, 1, 29, 30, 39, 19, 2, 20, 33, 38, 2, 22, 39]
    PRED: [9, 24, 39, 27, 17, 20, 37, 39, 35, 17, 39, 21, 12, 22, 8, 39, 16, 22, 39, 10, 22, 2, 11, 13, 1, 28, 30, 39, 19, 20, 33, 38, 2, 22, 39]
    Edit distance: 8/34
  Sample 3:
    TRUE: [20, 3, 27, 17, 37, 39, 19, 0, 28, 30, 33, 21, 39, 22, 17, 8, 2, 8, 39, 6, 20, 1, 19, 39, 14, 20, 2, 34, 37, 39, 30, 33, 39, 6, 17, 39, 19, 2, 21, 26, 20, 17, 30, 20, 17, 39, 10, 20, 2, 14, 2, 22, 30, 39]
    PRED: [19, 3, 27, 17, 39, 19, 4, 28, 5, 21, 39, 22, 25, 8, 39, 6, 0, 19, 39, 20, 2, 34, 8, 39, 30, 33, 39, 6, 17, 39, 19, 2, 21, 26, 20, 10, 20, 17, 39, 16, 20, 2, 22, 39]
    Edit distance: 18/54
  Sample 4:
    TRUE: [9, 2, 39, 30, 33, 31, 39, 13, 10, 27, 17, 39, 13, 11, 14, 0, 30, 39, 30, 33, 39, 19, 2, 21, 39, 35, 10, 22, 39, 27, 0, 18, 11, 37, 39, 30, 33, 31, 39, 13, 10, 20, 39, 4, 30, 39]
    PRED: [9, 2, 39, 30, 27, 33, 31, 39, 34, 10, 27, 17, 39, 26, 27, 17, 30, 39, 30, 33, 39, 19, 2, 21, 39, 35, 27, 10, 22, 8, 39, 35, 11, 11, 37, 39, 31, 30, 33, 31, 39, 13, 1, 4, 30, 39]
    Edit distance: 15/46

============================================================
Batch 19000 | Val PER: 0.2490
============================================================
  Sample 0:
    TRUE: [31, 17, 0, 19, 27, 2, 28, 17, 39, 27, 17, 19, 2, 22, 28, 16, 8, 11, 8, 39]
    PRED: [9, 1, 0, 19, 2, 28, 39, 2, 4, 22, 8, 2, 8, 39]
    Edit distance: 11/20
  Sample 1:
    TRUE: [27, 16, 7, 39, 26, 11, 7, 2, 28, 30, 39, 28, 10, 34, 27, 2, 20, 39, 28, 5, 22, 8, 39, 20, 16, 31, 2, 14, 27, 1, 13, 28, 39]
    PRED: [27, 10, 30, 39, 26, 11, 29, 2, 18, 37, 39, 8, 10, 34, 2, 20, 39, 28, 5, 22, 8, 39, 20, 16, 31, 9, 39, 14, 20, 1, 13, 39]
    Edit distance: 11/33
  Sample 2:
    TRUE: [28, 24, 39, 27, 33, 20, 37, 39, 35, 17, 39, 21, 12, 8, 39, 16, 22, 39, 2, 22, 2, 6, 1, 29, 30, 39, 19, 2, 20, 33, 38, 2, 22, 39]
    PRED: [9, 2, 39, 27, 25, 20, 37, 39, 35, 17, 39, 21, 12, 22, 8, 39, 16, 22, 39, 10, 22, 2, 34, 1, 28, 30, 39, 28, 2, 20, 33, 38, 2, 22, 39]
    Edit distance: 8/34
  Sample 3:
    TRUE: [20, 3, 27, 17, 37, 39, 19, 0, 28, 30, 33, 21, 39, 22, 17, 8, 2, 8, 39, 6, 20, 1, 19, 39, 14, 20, 2, 34, 37, 39, 30, 33, 39, 6, 17, 39, 19, 2, 21, 26, 20, 17, 30, 20, 17, 39, 10, 20, 2, 14, 2, 22, 30, 39]
    PRED: [20, 3, 27, 35, 16, 17, 39, 19, 4, 28, 5, 21, 39, 22, 10, 8, 39, 6, 27, 1, 19, 39, 20, 5, 34, 8, 39, 30, 33, 39, 6, 17, 39, 19, 2, 21, 26, 16, 20, 30, 16, 30, 39, 16, 20, 2, 22, 8, 39]
    Edit distance: 21/54
  Sample 4:
    TRUE: [9, 2, 39, 30, 33, 31, 39, 13, 10, 27, 17, 39, 13, 11, 14, 0, 30, 39, 30, 33, 39, 19, 2, 21, 39, 35, 10, 22, 39, 27, 0, 18, 11, 37, 39, 30, 33, 31, 39, 13, 10, 20, 39, 4, 30, 39]
    PRED: [9, 2, 39, 30, 27, 33, 31, 39, 34, 10, 27, 17, 11, 17, 39, 26, 27, 3, 0, 3, 39, 30, 33, 39, 19, 2, 21, 39, 27, 10, 22, 8, 39, 5, 18, 11, 37, 39, 31, 33, 31, 39, 34, 1, 39, 4, 30, 39]
    Edit distance: 16/46

============================================================
Batch 19500 | Val PER: 0.2421
============================================================
  Sample 0:
    TRUE: [31, 17, 0, 19, 27, 2, 28, 17, 39, 27, 17, 19, 2, 22, 28, 16, 8, 11, 8, 39]
    PRED: [9, 1, 0, 19, 2, 29, 39, 2, 0, 22, 30, 2, 8, 39]
    Edit distance: 13/20
  Sample 1:
    TRUE: [27, 16, 7, 39, 26, 11, 7, 2, 28, 30, 39, 28, 10, 34, 27, 2, 20, 39, 28, 5, 22, 8, 39, 20, 16, 31, 2, 14, 27, 1, 13, 28, 39]
    PRED: [27, 16, 7, 39, 26, 27, 29, 2, 18, 39, 10, 34, 2, 20, 39, 28, 5, 22, 8, 39, 20, 16, 14, 1, 13, 28, 39]
    Edit distance: 9/33
  Sample 2:
    TRUE: [28, 24, 39, 27, 33, 20, 37, 39, 35, 17, 39, 21, 12, 8, 39, 16, 22, 39, 2, 22, 2, 6, 1, 29, 30, 39, 19, 2, 20, 33, 38, 2, 22, 39]
    PRED: [9, 2, 39, 27, 33, 20, 37, 39, 35, 17, 39, 21, 12, 8, 39, 16, 22, 39, 1, 22, 2, 34, 1, 29, 30, 39, 28, 19, 2, 20, 33, 29, 38, 2, 22, 39]
    Edit distance: 6/34
  Sample 3:
    TRUE: [20, 3, 27, 17, 37, 39, 19, 0, 28, 30, 33, 21, 39, 22, 17, 8, 2, 8, 39, 6, 20, 1, 19, 39, 14, 20, 2, 34, 37, 39, 30, 33, 39, 6, 17, 39, 19, 2, 21, 26, 20, 17, 30, 20, 17, 39, 10, 20, 2, 14, 2, 22, 30, 39]
    PRED: [19, 24, 35, 16, 17, 39, 19, 4, 28, 2, 21, 39, 28, 22, 10, 8, 39, 6, 27, 1, 19, 39, 20, 2, 13, 34, 8, 39, 30, 33, 39, 6, 17, 39, 19, 2, 21, 26, 20, 17, 39, 10, 20, 2, 22, 39]
    Edit distance: 22/54
  Sample 4:
    TRUE: [9, 2, 39, 30, 33, 31, 39, 13, 10, 27, 17, 39, 13, 11, 14, 0, 30, 39, 30, 33, 39, 19, 2, 21, 39, 35, 10, 22, 39, 27, 0, 18, 11, 37, 39, 30, 33, 31, 39, 13, 10, 20, 39, 4, 30, 39]
    PRED: [9, 2, 39, 30, 27, 33, 31, 39, 13, 34, 10, 27, 17, 11, 17, 39, 26, 17, 0, 0, 19, 22, 2, 39, 30, 33, 39, 19, 24, 21, 39, 27, 10, 22, 8, 39, 5, 38, 11, 39, 31, 33, 31, 39, 13, 1, 20, 39, 4, 30, 39]
    Edit distance: 19/46

============================================================
Batch 20000 | Val PER: 0.2424
============================================================
  Sample 0:
    TRUE: [31, 17, 0, 19, 27, 2, 28, 17, 39, 27, 17, 19, 2, 22, 28, 16, 8, 11, 8, 39]
    PRED: [19, 1, 19, 2, 28, 39, 27, 2, 14, 4, 2, 8, 39]
    Edit distance: 12/20
  Sample 1:
    TRUE: [27, 16, 7, 39, 26, 11, 7, 2, 28, 30, 39, 28, 10, 34, 27, 2, 20, 39, 28, 5, 22, 8, 39, 20, 16, 31, 2, 14, 27, 1, 13, 28, 39]
    PRED: [27, 12, 7, 39, 26, 27, 2, 29, 2, 18, 37, 39, 28, 10, 34, 2, 11, 39, 28, 5, 22, 8, 39, 20, 16, 1, 28, 20, 2, 14, 27, 1, 13, 28, 39]
    Edit distance: 11/33
  Sample 2:
    TRUE: [28, 24, 39, 27, 33, 20, 37, 39, 35, 17, 39, 21, 12, 8, 39, 16, 22, 39, 2, 22, 2, 6, 1, 29, 30, 39, 19, 2, 20, 33, 38, 2, 22, 39]
    PRED: [9, 2, 39, 27, 17, 20, 37, 39, 6, 17, 39, 21, 12, 8, 39, 16, 22, 39, 2, 22, 2, 13, 1, 28, 30, 39, 28, 19, 2, 20, 33, 38, 2, 22, 39]
    Edit distance: 7/34
  Sample 3:
    TRUE: [20, 3, 27, 17, 37, 39, 19, 0, 28, 30, 33, 21, 39, 22, 17, 8, 2, 8, 39, 6, 20, 1, 19, 39, 14, 20, 2, 34, 37, 39, 30, 33, 39, 6, 17, 39, 19, 2, 21, 26, 20, 17, 30, 20, 17, 39, 10, 20, 2, 14, 2, 22, 30, 39]
    PRED: [19, 27, 10, 27, 35, 17, 39, 19, 4, 28, 2, 21, 39, 22, 10, 2, 8, 39, 6, 27, 1, 19, 39, 20, 2, 34, 13, 8, 39, 13, 33, 39, 6, 17, 39, 19, 2, 21, 26, 20, 16, 20, 17, 39, 10, 20, 2, 22, 8, 39]
    Edit distance: 20/54
  Sample 4:
    TRUE: [9, 2, 39, 30, 33, 31, 39, 13, 10, 27, 17, 39, 13, 11, 14, 0, 30, 39, 30, 33, 39, 19, 2, 21, 39, 35, 10, 22, 39, 27, 0, 18, 11, 37, 39, 30, 33, 31, 39, 13, 10, 20, 39, 4, 30, 39]
    PRED: [9, 2, 39, 30, 33, 31, 39, 34, 10, 27, 17, 39, 26, 27, 0, 0, 0, 22, 39, 30, 33, 39, 15, 2, 21, 39, 27, 10, 22, 8, 39, 27, 10, 38, 11, 37, 39, 31, 27, 33, 31, 39, 13, 1, 39, 4, 30, 39]
    Edit distance: 15/46

============================================================
Batch 20500 | Val PER: 0.2397
============================================================
  Sample 0:
    TRUE: [31, 17, 0, 19, 27, 2, 28, 17, 39, 27, 17, 19, 2, 22, 28, 16, 8, 11, 8, 39]
    PRED: [9, 12, 19, 2, 28, 39, 27, 2, 22, 8, 30, 2, 8, 39]
    Edit distance: 11/20
  Sample 1:
    TRUE: [27, 16, 7, 39, 26, 11, 7, 2, 28, 30, 39, 28, 10, 34, 27, 2, 20, 39, 28, 5, 22, 8, 39, 20, 16, 31, 2, 14, 27, 1, 13, 28, 39]
    PRED: [30, 35, 17, 28, 39, 26, 11, 29, 2, 18, 37, 39, 28, 10, 34, 2, 20, 39, 28, 5, 22, 8, 39, 19, 20, 16, 9, 2, 39, 14, 1, 13, 28, 39]
    Edit distance: 12/33
  Sample 2:
    TRUE: [28, 24, 39, 27, 33, 20, 37, 39, 35, 17, 39, 21, 12, 8, 39, 16, 22, 39, 2, 22, 2, 6, 1, 29, 30, 39, 19, 2, 20, 33, 38, 2, 22, 39]
    PRED: [9, 2, 39, 27, 25, 20, 37, 39, 35, 17, 39, 21, 12, 8, 39, 16, 22, 39, 2, 22, 2, 34, 1, 28, 30, 39, 19, 2, 20, 33, 38, 2, 22, 39]
    Edit distance: 5/34
  Sample 3:
    TRUE: [20, 3, 27, 17, 37, 39, 19, 0, 28, 30, 33, 21, 39, 22, 17, 8, 2, 8, 39, 6, 20, 1, 19, 39, 14, 20, 2, 34, 37, 39, 30, 33, 39, 6, 17, 39, 19, 2, 21, 26, 20, 17, 30, 20, 17, 39, 10, 20, 2, 14, 2, 22, 30, 39]
    PRED: [19, 3, 27, 17, 39, 19, 4, 28, 21, 39, 22, 10, 8, 2, 8, 39, 6, 27, 0, 19, 39, 20, 2, 34, 8, 39, 30, 33, 39, 6, 17, 39, 19, 2, 21, 26, 20, 17, 20, 30, 20, 17, 39, 16, 20, 2, 22, 18, 39]
    Edit distance: 15/54
  Sample 4:
    TRUE: [9, 2, 39, 30, 33, 31, 39, 13, 10, 27, 17, 39, 13, 11, 14, 0, 30, 39, 30, 33, 39, 19, 2, 21, 39, 35, 10, 22, 39, 27, 0, 18, 11, 37, 39, 30, 33, 31, 39, 13, 10, 20, 39, 4, 30, 39]
    PRED: [9, 2, 39, 30, 36, 33, 31, 39, 34, 10, 27, 17, 11, 39, 26, 27, 17, 0, 19, 30, 39, 30, 33, 39, 19, 2, 21, 39, 35, 10, 22, 39, 35, 5, 11, 37, 39, 31, 33, 31, 39, 13, 5, 20, 39, 4, 30, 39]
    Edit distance: 12/46

============================================================
Batch 21000 | Val PER: 0.2452
============================================================
  Sample 0:
    TRUE: [31, 17, 0, 19, 27, 2, 28, 17, 39, 27, 17, 19, 2, 22, 28, 16, 8, 11, 8, 39]
    PRED: [9, 1, 1, 27, 19, 2, 28, 39, 27, 2, 4, 22, 2, 8, 39]
    Edit distance: 13/20
  Sample 1:
    TRUE: [27, 16, 7, 39, 26, 11, 7, 2, 28, 30, 39, 28, 10, 34, 27, 2, 20, 39, 28, 5, 22, 8, 39, 20, 16, 31, 2, 14, 27, 1, 13, 28, 39]
    PRED: [27, 17, 7, 39, 26, 11, 29, 2, 22, 37, 39, 28, 20, 10, 34, 2, 20, 39, 28, 5, 22, 8, 39, 20, 16, 2, 25, 14, 8, 2, 13, 39]
    Edit distance: 11/33
  Sample 2:
    TRUE: [28, 24, 39, 27, 33, 20, 37, 39, 35, 17, 39, 21, 12, 8, 39, 16, 22, 39, 2, 22, 2, 6, 1, 29, 30, 39, 19, 2, 20, 33, 38, 2, 22, 39]
    PRED: [9, 2, 39, 27, 33, 20, 37, 39, 35, 17, 39, 21, 12, 22, 8, 39, 16, 22, 39, 2, 22, 2, 34, 1, 28, 30, 39, 19, 2, 20, 33, 38, 2, 22, 39]
    Edit distance: 5/34
  Sample 3:
    TRUE: [20, 3, 27, 17, 37, 39, 19, 0, 28, 30, 33, 21, 39, 22, 17, 8, 2, 8, 39, 6, 20, 1, 19, 39, 14, 20, 2, 34, 37, 39, 30, 33, 39, 6, 17, 39, 19, 2, 21, 26, 20, 17, 30, 20, 17, 39, 10, 20, 2, 14, 2, 22, 30, 39]
    PRED: [19, 27, 3, 27, 17, 39, 19, 4, 28, 2, 21, 39, 22, 17, 8, 2, 8, 39, 6, 27, 1, 19, 39, 20, 2, 34, 8, 39, 30, 33, 39, 6, 17, 39, 19, 2, 21, 26, 10, 20, 20, 17, 39, 10, 20, 2, 22, 39]
    Edit distance: 15/54
  Sample 4:
    TRUE: [9, 2, 39, 30, 33, 31, 39, 13, 10, 27, 17, 39, 13, 11, 14, 0, 30, 39, 30, 33, 39, 19, 2, 21, 39, 35, 10, 22, 39, 27, 0, 18, 11, 37, 39, 30, 33, 31, 39, 13, 10, 20, 39, 4, 30, 39]
    PRED: [9, 2, 39, 30, 27, 33, 31, 39, 34, 10, 27, 17, 39, 26, 27, 3, 0, 22, 39, 30, 33, 39, 19, 2, 21, 39, 35, 27, 10, 22, 39, 27, 5, 38, 11, 39, 31, 27, 33, 31, 39, 13, 5, 39, 4, 30, 39]
    Edit distance: 14/46

============================================================
Batch 21500 | Val PER: 0.2411
============================================================
  Sample 0:
    TRUE: [31, 17, 0, 19, 27, 2, 28, 17, 39, 27, 17, 19, 2, 22, 28, 16, 8, 11, 8, 39]
    PRED: [9, 16, 0, 19, 2, 28, 39, 27, 2, 14, 4, 22, 30, 2, 8, 39]
    Edit distance: 11/20
  Sample 1:
    TRUE: [27, 16, 7, 39, 26, 11, 7, 2, 28, 30, 39, 28, 10, 34, 27, 2, 20, 39, 28, 5, 22, 8, 39, 20, 16, 31, 2, 14, 27, 1, 13, 28, 39]
    PRED: [30, 27, 7, 39, 26, 27, 0, 27, 7, 2, 18, 37, 39, 20, 10, 34, 2, 20, 39, 28, 5, 22, 8, 39, 20, 16, 9, 2, 14, 24, 13, 39]
    Edit distance: 13/33
  Sample 2:
    TRUE: [28, 24, 39, 27, 33, 20, 37, 39, 35, 17, 39, 21, 12, 8, 39, 16, 22, 39, 2, 22, 2, 6, 1, 29, 30, 39, 19, 2, 20, 33, 38, 2, 22, 39]
    PRED: [9, 2, 39, 27, 33, 20, 28, 39, 35, 17, 39, 21, 12, 22, 8, 39, 16, 22, 39, 2, 22, 2, 11, 13, 2, 28, 30, 39, 28, 19, 2, 20, 33, 38, 2, 22, 39]
    Edit distance: 9/34
  Sample 3:
    TRUE: [20, 3, 27, 17, 37, 39, 19, 0, 28, 30, 33, 21, 39, 22, 17, 8, 2, 8, 39, 6, 20, 1, 19, 39, 14, 20, 2, 34, 37, 39, 30, 33, 39, 6, 17, 39, 19, 2, 21, 26, 20, 17, 30, 20, 17, 39, 10, 20, 2, 14, 2, 22, 30, 39]
    PRED: [19, 11, 35, 17, 39, 19, 4, 28, 15, 2, 21, 39, 22, 10, 12, 8, 39, 6, 0, 19, 39, 20, 2, 5, 34, 13, 34, 39, 30, 24, 39, 6, 17, 39, 19, 2, 21, 26, 10, 20, 39, 10, 20, 2, 22, 8, 39]
    Edit distance: 24/54
  Sample 4:
    TRUE: [9, 2, 39, 30, 33, 31, 39, 13, 10, 27, 17, 39, 13, 11, 14, 0, 30, 39, 30, 33, 39, 19, 2, 21, 39, 35, 10, 22, 39, 27, 0, 18, 11, 37, 39, 30, 33, 31, 39, 13, 10, 20, 39, 4, 30, 39]
    PRED: [9, 2, 39, 30, 33, 31, 39, 34, 10, 27, 11, 39, 26, 27, 2, 0, 19, 30, 39, 30, 33, 39, 19, 2, 21, 39, 27, 10, 22, 8, 39, 27, 10, 11, 37, 39, 31, 11, 31, 39, 13, 5, 20, 4, 30, 39]
    Edit distance: 14/46

============================================================
Batch 22000 | Val PER: 0.2418
============================================================
  Sample 0:
    TRUE: [31, 17, 0, 19, 27, 2, 28, 17, 39, 27, 17, 19, 2, 22, 28, 16, 8, 11, 8, 39]
    PRED: [9, 1, 28, 0, 19, 28, 2, 28, 39, 27, 2, 14, 4, 22, 8, 2, 8, 39]
    Edit distance: 11/20
  Sample 1:
    TRUE: [27, 16, 7, 39, 26, 11, 7, 2, 28, 30, 39, 28, 10, 34, 27, 2, 20, 39, 28, 5, 22, 8, 39, 20, 16, 31, 2, 14, 27, 1, 13, 28, 39]
    PRED: [27, 17, 7, 39, 26, 27, 11, 7, 2, 18, 37, 39, 28, 10, 34, 2, 20, 39, 15, 5, 22, 8, 39, 20, 16, 28, 20, 9, 2, 39, 14, 3, 13, 39]
    Edit distance: 13/33
  Sample 2:
    TRUE: [28, 24, 39, 27, 33, 20, 37, 39, 35, 17, 39, 21, 12, 8, 39, 16, 22, 39, 2, 22, 2, 6, 1, 29, 30, 39, 19, 2, 20, 33, 38, 2, 22, 39]
    PRED: [9, 24, 39, 27, 25, 20, 37, 39, 35, 21, 17, 39, 21, 12, 8, 39, 16, 22, 39, 2, 22, 2, 16, 13, 21, 1, 28, 30, 39, 28, 19, 2, 20, 33, 38, 2, 22, 39]
    Edit distance: 8/34
  Sample 3:
    TRUE: [20, 3, 27, 17, 37, 39, 19, 0, 28, 30, 33, 21, 39, 22, 17, 8, 2, 8, 39, 6, 20, 1, 19, 39, 14, 20, 2, 34, 37, 39, 30, 33, 39, 6, 17, 39, 19, 2, 21, 26, 20, 17, 30, 20, 17, 39, 10, 20, 2, 14, 2, 22, 30, 39]
    PRED: [19, 27, 25, 27, 35, 17, 39, 19, 4, 28, 0, 21, 39, 22, 10, 8, 39, 6, 27, 0, 19, 39, 20, 5, 34, 8, 39, 30, 33, 39, 6, 17, 39, 19, 2, 21, 26, 17, 30, 20, 17, 39, 10, 20, 2, 22, 8, 39]
    Edit distance: 20/54
  Sample 4:
    TRUE: [9, 2, 39, 30, 33, 31, 39, 13, 10, 27, 17, 39, 13, 11, 14, 0, 30, 39, 30, 33, 39, 19, 2, 21, 39, 35, 10, 22, 39, 27, 0, 18, 11, 37, 39, 30, 33, 31, 39, 13, 10, 20, 39, 4, 30, 39]
    PRED: [9, 2, 39, 30, 27, 33, 31, 39, 34, 10, 27, 17, 11, 17, 39, 26, 2, 0, 0, 19, 39, 30, 33, 39, 19, 2, 21, 39, 27, 10, 22, 39, 35, 10, 7, 11, 37, 39, 31, 27, 33, 31, 39, 13, 5, 20, 39, 4, 30, 39]
    Edit distance: 15/46

============================================================
Batch 22500 | Val PER: 0.2420
============================================================
  Sample 0:
    TRUE: [31, 17, 0, 19, 27, 2, 28, 17, 39, 27, 17, 19, 2, 22, 28, 16, 8, 11, 8, 39]
    PRED: [16, 0, 19, 28, 2, 28, 39, 2, 2, 22, 30, 2, 8, 39]
    Edit distance: 11/20
  Sample 1:
    TRUE: [27, 16, 7, 39, 26, 11, 7, 2, 28, 30, 39, 28, 10, 34, 27, 2, 20, 39, 28, 5, 22, 8, 39, 20, 16, 31, 2, 14, 27, 1, 13, 28, 39]
    PRED: [30, 27, 17, 7, 39, 26, 0, 7, 2, 37, 39, 28, 10, 34, 2, 20, 39, 19, 5, 8, 39, 19, 20, 16, 20, 20, 2, 14, 27, 2, 13, 39]
    Edit distance: 13/33
  Sample 2:
    TRUE: [28, 24, 39, 27, 33, 20, 37, 39, 35, 17, 39, 21, 12, 8, 39, 16, 22, 39, 2, 22, 2, 6, 1, 29, 30, 39, 19, 2, 20, 33, 38, 2, 22, 39]
    PRED: [9, 2, 39, 27, 17, 20, 37, 39, 35, 17, 39, 21, 12, 22, 8, 39, 16, 22, 39, 22, 2, 13, 27, 2, 28, 30, 39, 19, 2, 20, 33, 38, 2, 22, 39]
    Edit distance: 9/34
  Sample 3:
    TRUE: [20, 3, 27, 17, 37, 39, 19, 0, 28, 30, 33, 21, 39, 22, 17, 8, 2, 8, 39, 6, 20, 1, 19, 39, 14, 20, 2, 34, 37, 39, 30, 33, 39, 6, 17, 39, 19, 2, 21, 26, 20, 17, 30, 20, 17, 39, 10, 20, 2, 14, 2, 22, 30, 39]
    PRED: [19, 24, 27, 17, 39, 19, 1, 28, 2, 21, 39, 22, 12, 8, 39, 6, 27, 0, 19, 39, 20, 2, 13, 39, 30, 33, 39, 6, 17, 39, 19, 2, 21, 26, 17, 20, 30, 20, 17, 39, 10, 20, 2, 22, 8, 39]
    Edit distance: 19/54
  Sample 4:
    TRUE: [9, 2, 39, 30, 33, 31, 39, 13, 10, 27, 17, 39, 13, 11, 14, 0, 30, 39, 30, 33, 39, 19, 2, 21, 39, 35, 10, 22, 39, 27, 0, 18, 11, 37, 39, 30, 33, 31, 39, 13, 10, 20, 39, 4, 30, 39]
    PRED: [9, 2, 39, 30, 36, 33, 31, 39, 34, 10, 27, 17, 11, 17, 39, 26, 27, 0, 0, 30, 39, 30, 33, 39, 19, 2, 21, 39, 27, 10, 22, 39, 27, 5, 11, 37, 39, 31, 11, 31, 39, 13, 5, 20, 39, 4, 30, 39]
    Edit distance: 13/46

============================================================
Batch 23000 | Val PER: 0.2418
============================================================
  Sample 0:
    TRUE: [31, 17, 0, 19, 27, 2, 28, 17, 39, 27, 17, 19, 2, 22, 28, 16, 8, 11, 8, 39]
    PRED: [19, 1, 0, 19, 2, 39, 27, 2, 14, 0, 22, 30, 2, 8, 39]
    Edit distance: 12/20
  Sample 1:
    TRUE: [27, 16, 7, 39, 26, 11, 7, 2, 28, 30, 39, 28, 10, 34, 27, 2, 20, 39, 28, 5, 22, 8, 39, 20, 16, 31, 2, 14, 27, 1, 13, 28, 39]
    PRED: [30, 27, 12, 7, 39, 26, 11, 27, 29, 2, 22, 37, 39, 28, 10, 34, 2, 20, 39, 28, 5, 22, 8, 39, 19, 20, 16, 25, 14, 0, 13, 39]
    Edit distance: 13/33
  Sample 2:
    TRUE: [28, 24, 39, 27, 33, 20, 37, 39, 35, 17, 39, 21, 12, 8, 39, 16, 22, 39, 2, 22, 2, 6, 1, 29, 30, 39, 19, 2, 20, 33, 38, 2, 22, 39]
    PRED: [9, 4, 39, 27, 25, 20, 37, 39, 35, 17, 39, 21, 12, 22, 8, 39, 16, 22, 39, 2, 22, 2, 13, 1, 28, 30, 39, 19, 2, 20, 33, 38, 2, 22, 39]
    Edit distance: 6/34
  Sample 3:
    TRUE: [20, 3, 27, 17, 37, 39, 19, 0, 28, 30, 33, 21, 39, 22, 17, 8, 2, 8, 39, 6, 20, 1, 19, 39, 14, 20, 2, 34, 37, 39, 30, 33, 39, 6, 17, 39, 19, 2, 21, 26, 20, 17, 30, 20, 17, 39, 10, 20, 2, 14, 2, 22, 30, 39]
    PRED: [19, 27, 3, 27, 17, 39, 19, 4, 28, 2, 21, 39, 22, 10, 8, 2, 8, 39, 6, 27, 0, 19, 39, 20, 2, 34, 8, 39, 13, 33, 39, 6, 17, 39, 19, 2, 21, 26, 10, 20, 30, 20, 39, 10, 20, 2, 22, 8, 39]
    Edit distance: 18/54
  Sample 4:
    TRUE: [9, 2, 39, 30, 33, 31, 39, 13, 10, 27, 17, 39, 13, 11, 14, 0, 30, 39, 30, 33, 39, 19, 2, 21, 39, 35, 10, 22, 39, 27, 0, 18, 11, 37, 39, 30, 33, 31, 39, 13, 10, 20, 39, 4, 30, 39]
    PRED: [9, 2, 39, 30, 27, 33, 31, 39, 34, 10, 27, 17, 39, 26, 27, 0, 0, 19, 30, 2, 30, 39, 30, 33, 39, 19, 2, 21, 39, 27, 10, 22, 39, 27, 10, 18, 11, 37, 39, 31, 27, 33, 31, 39, 13, 5, 39, 4, 30, 39]
    Edit distance: 14/46

============================================================
Batch 23500 | Val PER: 0.2409
============================================================
  Sample 0:
    TRUE: [31, 17, 0, 19, 27, 2, 28, 17, 39, 27, 17, 19, 2, 22, 28, 16, 8, 11, 8, 39]
    PRED: [9, 1, 0, 19, 2, 39, 27, 2, 14, 22, 30, 2, 8, 39]
    Edit distance: 12/20
  Sample 1:
    TRUE: [27, 16, 7, 39, 26, 11, 7, 2, 28, 30, 39, 28, 10, 34, 27, 2, 20, 39, 28, 5, 22, 8, 39, 20, 16, 31, 2, 14, 27, 1, 13, 28, 39]
    PRED: [30, 35, 17, 7, 39, 26, 0, 29, 2, 37, 39, 28, 10, 34, 2, 20, 39, 28, 30, 5, 8, 39, 20, 16, 31, 9, 2, 14, 1, 13, 39]
    Edit distance: 13/33
  Sample 2:
    TRUE: [28, 24, 39, 27, 33, 20, 37, 39, 35, 17, 39, 21, 12, 8, 39, 16, 22, 39, 2, 22, 2, 6, 1, 29, 30, 39, 19, 2, 20, 33, 38, 2, 22, 39]
    PRED: [9, 2, 39, 27, 16, 20, 37, 39, 35, 17, 39, 21, 12, 8, 39, 16, 22, 39, 16, 22, 2, 16, 13, 27, 1, 28, 30, 39, 19, 2, 20, 33, 38, 2, 22, 39]
    Edit distance: 8/34
  Sample 3:
    TRUE: [20, 3, 27, 17, 37, 39, 19, 0, 28, 30, 33, 21, 39, 22, 17, 8, 2, 8, 39, 6, 20, 1, 19, 39, 14, 20, 2, 34, 37, 39, 30, 33, 39, 6, 17, 39, 19, 2, 21, 26, 20, 17, 30, 20, 17, 39, 10, 20, 2, 14, 2, 22, 30, 39]
    PRED: [19, 27, 3, 27, 17, 39, 19, 4, 28, 2, 21, 39, 22, 10, 8, 39, 6, 27, 1, 19, 39, 20, 5, 34, 8, 39, 30, 33, 39, 6, 17, 39, 19, 2, 21, 26, 17, 30, 20, 39, 1, 20, 2, 22, 8, 39]
    Edit distance: 19/54
  Sample 4:
    TRUE: [9, 2, 39, 30, 33, 31, 39, 13, 10, 27, 17, 39, 13, 11, 14, 0, 30, 39, 30, 33, 39, 19, 2, 21, 39, 35, 10, 22, 39, 27, 0, 18, 11, 37, 39, 30, 33, 31, 39, 13, 10, 20, 39, 4, 30, 39]
    PRED: [9, 2, 39, 30, 27, 33, 31, 39, 34, 10, 27, 17, 39, 26, 27, 0, 0, 39, 30, 33, 39, 19, 2, 21, 39, 27, 10, 22, 39, 5, 18, 11, 39, 31, 33, 31, 39, 34, 13, 5, 39, 4, 30, 39]
    Edit distance: 14/46

============================================================
Batch 24000 | Val PER: 0.2342
============================================================
  Sample 0:
    TRUE: [31, 17, 0, 19, 27, 2, 28, 17, 39, 27, 17, 19, 2, 22, 28, 16, 8, 11, 8, 39]
    PRED: [9, 1, 0, 19, 2, 28, 39, 27, 2, 22, 30, 2, 8, 39]
    Edit distance: 10/20
  Sample 1:
    TRUE: [27, 16, 7, 39, 26, 11, 7, 2, 28, 30, 39, 28, 10, 34, 27, 2, 20, 39, 28, 5, 22, 8, 39, 20, 16, 31, 2, 14, 27, 1, 13, 28, 39]
    PRED: [30, 27, 10, 19, 28, 39, 26, 27, 0, 27, 29, 2, 22, 37, 39, 28, 10, 34, 2, 20, 39, 28, 30, 1, 22, 8, 39, 20, 16, 31, 20, 24, 2, 14, 27, 1, 13, 39]
    Edit distance: 16/33
  Sample 2:
    TRUE: [28, 24, 39, 27, 33, 20, 37, 39, 35, 17, 39, 21, 12, 8, 39, 16, 22, 39, 2, 22, 2, 6, 1, 29, 30, 39, 19, 2, 20, 33, 38, 2, 22, 39]
    PRED: [9, 2, 39, 27, 25, 20, 28, 39, 35, 17, 39, 21, 12, 8, 39, 16, 22, 39, 2, 22, 2, 34, 1, 28, 30, 39, 19, 16, 24, 20, 33, 38, 2, 22, 39]
    Edit distance: 8/34
  Sample 3:
    TRUE: [20, 3, 27, 17, 37, 39, 19, 0, 28, 30, 33, 21, 39, 22, 17, 8, 2, 8, 39, 6, 20, 1, 19, 39, 14, 20, 2, 34, 37, 39, 30, 33, 39, 6, 17, 39, 19, 2, 21, 26, 20, 17, 30, 20, 17, 39, 10, 20, 2, 14, 2, 22, 30, 39]
    PRED: [19, 27, 10, 27, 17, 39, 19, 1, 28, 2, 21, 39, 22, 10, 8, 39, 6, 27, 0, 19, 39, 20, 2, 34, 39, 30, 33, 39, 6, 17, 39, 19, 2, 21, 26, 16, 20, 30, 20, 17, 39, 10, 20, 2, 22, 30, 39]
    Edit distance: 18/54
  Sample 4:
    TRUE: [9, 2, 39, 30, 33, 31, 39, 13, 10, 27, 17, 39, 13, 11, 14, 0, 30, 39, 30, 33, 39, 19, 2, 21, 39, 35, 10, 22, 39, 27, 0, 18, 11, 37, 39, 30, 33, 31, 39, 13, 10, 20, 39, 4, 30, 39]
    PRED: [9, 2, 39, 30, 27, 33, 31, 39, 34, 10, 27, 17, 39, 26, 27, 0, 0, 19, 30, 39, 30, 33, 39, 30, 2, 21, 39, 27, 10, 22, 39, 27, 10, 18, 11, 39, 31, 33, 31, 39, 34, 5, 39, 4, 30, 39]
    Edit distance: 14/46

============================================================
Batch 24500 | Val PER: 0.2366
============================================================
  Sample 0:
    TRUE: [31, 17, 0, 19, 27, 2, 28, 17, 39, 27, 17, 19, 2, 22, 28, 16, 8, 11, 8, 39]
    PRED: [9, 1, 0, 19, 28, 39, 2, 2, 8, 39]
    Edit distance: 13/20
  Sample 1:
    TRUE: [27, 16, 7, 39, 26, 11, 7, 2, 28, 30, 39, 28, 10, 34, 27, 2, 20, 39, 28, 5, 22, 8, 39, 20, 16, 31, 2, 14, 27, 1, 13, 28, 39]
    PRED: [30, 27, 17, 7, 39, 26, 11, 29, 2, 22, 37, 39, 10, 34, 2, 20, 39, 28, 1, 22, 8, 39, 20, 16, 9, 2, 39, 14, 27, 24, 13, 39]
    Edit distance: 12/33
  Sample 2:
    TRUE: [28, 24, 39, 27, 33, 20, 37, 39, 35, 17, 39, 21, 12, 8, 39, 16, 22, 39, 2, 22, 2, 6, 1, 29, 30, 39, 19, 2, 20, 33, 38, 2, 22, 39]
    PRED: [9, 2, 39, 27, 25, 20, 37, 39, 35, 17, 39, 21, 12, 22, 8, 39, 16, 22, 39, 2, 22, 2, 13, 34, 1, 29, 30, 39, 19, 2, 20, 33, 38, 2, 22, 39]
    Edit distance: 6/34
  Sample 3:
    TRUE: [20, 3, 27, 17, 37, 39, 19, 0, 28, 30, 33, 21, 39, 22, 17, 8, 2, 8, 39, 6, 20, 1, 19, 39, 14, 20, 2, 34, 37, 39, 30, 33, 39, 6, 17, 39, 19, 2, 21, 26, 20, 17, 30, 20, 17, 39, 10, 20, 2, 14, 2, 22, 30, 39]
    PRED: [9, 3, 27, 17, 39, 19, 1, 21, 39, 22, 17, 8, 39, 6, 27, 1, 19, 39, 20, 2, 34, 8, 39, 30, 33, 39, 6, 17, 39, 19, 2, 21, 26, 17, 20, 17, 39, 10, 20, 2, 22, 39]
    Edit distance: 16/54
  Sample 4:
    TRUE: [9, 2, 39, 30, 33, 31, 39, 13, 10, 27, 17, 39, 13, 11, 14, 0, 30, 39, 30, 33, 39, 19, 2, 21, 39, 35, 10, 22, 39, 27, 0, 18, 11, 37, 39, 30, 33, 31, 39, 13, 10, 20, 39, 4, 30, 39]
    PRED: [9, 2, 39, 30, 27, 33, 31, 39, 13, 10, 27, 17, 39, 26, 27, 0, 19, 30, 39, 30, 33, 39, 2, 21, 39, 27, 10, 22, 39, 27, 11, 11, 37, 39, 31, 27, 33, 31, 39, 13, 1, 39, 4, 30, 39]
    Edit distance: 13/46

============================================================
Batch 25000 | Val PER: 0.2386
============================================================
  Sample 0:
    TRUE: [31, 17, 0, 19, 27, 2, 28, 17, 39, 27, 17, 19, 2, 22, 28, 16, 8, 11, 8, 39]
    PRED: [19, 1, 0, 19, 2, 28, 39, 2, 2, 8, 39]
    Edit distance: 12/20
  Sample 1:
    TRUE: [27, 16, 7, 39, 26, 11, 7, 2, 28, 30, 39, 28, 10, 34, 27, 2, 20, 39, 28, 5, 22, 8, 39, 20, 16, 31, 2, 14, 27, 1, 13, 28, 39]
    PRED: [30, 17, 7, 39, 26, 0, 7, 2, 18, 37, 39, 10, 34, 2, 20, 39, 28, 1, 22, 8, 39, 20, 16, 31, 2, 14, 13, 39]
    Edit distance: 11/33
  Sample 2:
    TRUE: [28, 24, 39, 27, 33, 20, 37, 39, 35, 17, 39, 21, 12, 8, 39, 16, 22, 39, 2, 22, 2, 6, 1, 29, 30, 39, 19, 2, 20, 33, 38, 2, 22, 39]
    PRED: [9, 2, 39, 27, 17, 20, 37, 39, 35, 17, 39, 21, 12, 8, 39, 16, 22, 39, 1, 22, 16, 13, 1, 28, 39, 28, 19, 2, 20, 33, 38, 2, 22, 39]
    Edit distance: 9/34
  Sample 3:
    TRUE: [20, 3, 27, 17, 37, 39, 19, 0, 28, 30, 33, 21, 39, 22, 17, 8, 2, 8, 39, 6, 20, 1, 19, 39, 14, 20, 2, 34, 37, 39, 30, 33, 39, 6, 17, 39, 19, 2, 21, 26, 20, 17, 30, 20, 17, 39, 10, 20, 2, 14, 2, 22, 30, 39]
    PRED: [19, 27, 3, 27, 17, 39, 19, 4, 28, 5, 21, 39, 22, 12, 8, 16, 8, 39, 6, 27, 1, 19, 39, 14, 20, 2, 34, 8, 39, 13, 33, 39, 6, 17, 39, 19, 2, 21, 26, 17, 20, 30, 20, 17, 39, 10, 20, 2, 22, 8, 39]
    Edit distance: 16/54
  Sample 4:
    TRUE: [9, 2, 39, 30, 33, 31, 39, 13, 10, 27, 17, 39, 13, 11, 14, 0, 30, 39, 30, 33, 39, 19, 2, 21, 39, 35, 10, 22, 39, 27, 0, 18, 11, 37, 39, 30, 33, 31, 39, 13, 10, 20, 39, 4, 30, 39]
    PRED: [9, 2, 39, 30, 33, 31, 39, 34, 10, 17, 39, 26, 27, 0, 0, 19, 39, 30, 33, 39, 19, 2, 21, 39, 13, 27, 10, 22, 39, 27, 5, 18, 11, 39, 31, 33, 31, 39, 13, 1, 20, 39, 4, 30, 39]
    Edit distance: 12/46

============================================================
Batch 25500 | Val PER: 0.2376
============================================================
  Sample 0:
    TRUE: [31, 17, 0, 19, 27, 2, 28, 17, 39, 27, 17, 19, 2, 22, 28, 16, 8, 11, 8, 39]
    PRED: [9, 1, 0, 19, 2, 39, 2, 4, 2, 8, 39]
    Edit distance: 13/20
  Sample 1:
    TRUE: [27, 16, 7, 39, 26, 11, 7, 2, 28, 30, 39, 28, 10, 34, 27, 2, 20, 39, 28, 5, 22, 8, 39, 20, 16, 31, 2, 14, 27, 1, 13, 28, 39]
    PRED: [27, 17, 7, 39, 26, 11, 0, 29, 2, 22, 37, 39, 28, 10, 34, 2, 20, 39, 28, 5, 22, 8, 39, 20, 16, 20, 11, 14, 2, 13, 39]
    Edit distance: 11/33
  Sample 2:
    TRUE: [28, 24, 39, 27, 33, 20, 37, 39, 35, 17, 39, 21, 12, 8, 39, 16, 22, 39, 2, 22, 2, 6, 1, 29, 30, 39, 19, 2, 20, 33, 38, 2, 22, 39]
    PRED: [9, 2, 39, 27, 16, 20, 37, 39, 35, 17, 39, 21, 12, 8, 39, 16, 22, 39, 2, 22, 2, 16, 13, 1, 29, 30, 39, 28, 19, 2, 20, 33, 38, 29, 38, 2, 22, 39]
    Edit distance: 8/34
  Sample 3:
    TRUE: [20, 3, 27, 17, 37, 39, 19, 0, 28, 30, 33, 21, 39, 22, 17, 8, 2, 8, 39, 6, 20, 1, 19, 39, 14, 20, 2, 34, 37, 39, 30, 33, 39, 6, 17, 39, 19, 2, 21, 26, 20, 17, 30, 20, 17, 39, 10, 20, 2, 14, 2, 22, 30, 39]
    PRED: [20, 3, 27, 17, 39, 19, 4, 28, 5, 21, 39, 22, 8, 39, 6, 27, 1, 19, 39, 20, 2, 34, 37, 39, 30, 33, 39, 6, 17, 39, 19, 2, 21, 26, 17, 20, 30, 20, 17, 39, 10, 20, 2, 22, 39]
    Edit distance: 14/54
  Sample 4:
    TRUE: [9, 2, 39, 30, 33, 31, 39, 13, 10, 27, 17, 39, 13, 11, 14, 0, 30, 39, 30, 33, 39, 19, 2, 21, 39, 35, 10, 22, 39, 27, 0, 18, 11, 37, 39, 30, 33, 31, 39, 13, 10, 20, 39, 4, 30, 39]
    PRED: [9, 2, 39, 30, 36, 33, 31, 39, 34, 16, 27, 17, 11, 39, 26, 27, 0, 0, 39, 30, 33, 39, 30, 2, 21, 37, 39, 27, 10, 22, 39, 35, 5, 18, 11, 37, 39, 31, 33, 31, 39, 34, 13, 1, 20, 39, 4, 30, 39]
    Edit distance: 16/46

============================================================
Batch 26000 | Val PER: 0.2332
============================================================
  Sample 0:
    TRUE: [31, 17, 0, 19, 27, 2, 28, 17, 39, 27, 17, 19, 2, 22, 28, 16, 8, 11, 8, 39]
    PRED: [9, 1, 0, 19, 2, 28, 39, 2, 14, 22, 2, 8, 39]
    Edit distance: 12/20
  Sample 1:
    TRUE: [27, 16, 7, 39, 26, 11, 7, 2, 28, 30, 39, 28, 10, 34, 27, 2, 20, 39, 28, 5, 22, 8, 39, 20, 16, 31, 2, 14, 27, 1, 13, 28, 39]
    PRED: [27, 17, 7, 39, 26, 11, 27, 7, 2, 22, 37, 39, 28, 10, 34, 2, 20, 39, 28, 1, 22, 8, 39, 20, 17, 31, 9, 14, 1, 13, 39]
    Edit distance: 10/33
  Sample 2:
    TRUE: [28, 24, 39, 27, 33, 20, 37, 39, 35, 17, 39, 21, 12, 8, 39, 16, 22, 39, 2, 22, 2, 6, 1, 29, 30, 39, 19, 2, 20, 33, 38, 2, 22, 39]
    PRED: [9, 24, 39, 27, 16, 20, 37, 39, 35, 17, 39, 21, 12, 8, 39, 16, 22, 39, 1, 22, 2, 34, 1, 28, 30, 39, 28, 2, 20, 33, 38, 2, 22, 39]
    Edit distance: 6/34
  Sample 3:
    TRUE: [20, 3, 27, 17, 37, 39, 19, 0, 28, 30, 33, 21, 39, 22, 17, 8, 2, 8, 39, 6, 20, 1, 19, 39, 14, 20, 2, 34, 37, 39, 30, 33, 39, 6, 17, 39, 19, 2, 21, 26, 20, 17, 30, 20, 17, 39, 10, 20, 2, 14, 2, 22, 30, 39]
    PRED: [31, 3, 27, 17, 39, 19, 4, 28, 5, 2, 21, 39, 22, 12, 8, 39, 6, 27, 1, 19, 39, 20, 5, 34, 8, 39, 30, 33, 39, 6, 17, 39, 19, 2, 21, 26, 20, 10, 20, 30, 17, 39, 16, 20, 2, 22, 8, 39]
    Edit distance: 19/54
  Sample 4:
    TRUE: [9, 2, 39, 30, 33, 31, 39, 13, 10, 27, 17, 39, 13, 11, 14, 0, 30, 39, 30, 33, 39, 19, 2, 21, 39, 35, 10, 22, 39, 27, 0, 18, 11, 37, 39, 30, 33, 31, 39, 13, 10, 20, 39, 4, 30, 39]
    PRED: [9, 2, 39, 30, 27, 33, 31, 39, 34, 10, 17, 39, 26, 17, 0, 39, 30, 33, 39, 19, 2, 21, 39, 35, 27, 10, 22, 39, 35, 11, 7, 11, 39, 31, 33, 31, 39, 13, 1, 39, 4, 30, 39]
    Edit distance: 15/46

============================================================
Batch 26500 | Val PER: 0.2353
============================================================
  Sample 0:
    TRUE: [31, 17, 0, 19, 27, 2, 28, 17, 39, 27, 17, 19, 2, 22, 28, 16, 8, 11, 8, 39]
    PRED: [9, 17, 0, 19, 2, 28, 39, 2, 14, 22, 2, 8, 39]
    Edit distance: 11/20
  Sample 1:
    TRUE: [27, 16, 7, 39, 26, 11, 7, 2, 28, 30, 39, 28, 10, 34, 27, 2, 20, 39, 28, 5, 22, 8, 39, 20, 16, 31, 2, 14, 27, 1, 13, 28, 39]
    PRED: [30, 17, 7, 39, 26, 11, 27, 7, 2, 37, 39, 37, 28, 10, 34, 2, 20, 39, 28, 5, 22, 8, 39, 20, 16, 3, 14, 27, 24, 13, 30, 39]
    Edit distance: 11/33
  Sample 2:
    TRUE: [28, 24, 39, 27, 33, 20, 37, 39, 35, 17, 39, 21, 12, 8, 39, 16, 22, 39, 2, 22, 2, 6, 1, 29, 30, 39, 19, 2, 20, 33, 38, 2, 22, 39]
    PRED: [15, 24, 39, 27, 17, 20, 37, 39, 35, 17, 39, 21, 12, 22, 8, 39, 16, 22, 39, 16, 22, 2, 13, 10, 28, 30, 39, 28, 19, 16, 20, 33, 38, 2, 22, 39]
    Edit distance: 9/34
  Sample 3:
    TRUE: [20, 3, 27, 17, 37, 39, 19, 0, 28, 30, 33, 21, 39, 22, 17, 8, 2, 8, 39, 6, 20, 1, 19, 39, 14, 20, 2, 34, 37, 39, 30, 33, 39, 6, 17, 39, 19, 2, 21, 26, 20, 17, 30, 20, 17, 39, 10, 20, 2, 14, 2, 22, 30, 39]
    PRED: [19, 27, 3, 27, 17, 39, 19, 4, 28, 2, 21, 39, 22, 10, 8, 2, 8, 39, 6, 27, 1, 19, 39, 20, 5, 34, 39, 30, 33, 39, 6, 17, 39, 19, 2, 21, 26, 10, 17, 20, 30, 17, 39, 10, 20, 2, 22, 39]
    Edit distance: 17/54
  Sample 4:
    TRUE: [9, 2, 39, 30, 33, 31, 39, 13, 10, 27, 17, 39, 13, 11, 14, 0, 30, 39, 30, 33, 39, 19, 2, 21, 39, 35, 10, 22, 39, 27, 0, 18, 11, 37, 39, 30, 33, 31, 39, 13, 10, 20, 39, 4, 30, 39]
    PRED: [9, 2, 39, 30, 36, 27, 33, 31, 39, 34, 10, 27, 17, 39, 26, 27, 0, 0, 0, 2, 22, 39, 30, 33, 39, 19, 2, 21, 37, 39, 35, 10, 22, 8, 39, 35, 5, 11, 39, 31, 27, 33, 31, 39, 13, 5, 20, 4, 30, 39]
    Edit distance: 19/46

============================================================
Batch 27000 | Val PER: 0.2397
============================================================
  Sample 0:
    TRUE: [31, 17, 0, 19, 27, 2, 28, 17, 39, 27, 17, 19, 2, 22, 28, 16, 8, 11, 8, 39]
    PRED: [19, 17, 0, 19, 2, 28, 39, 2, 4, 22, 2, 8, 39]
    Edit distance: 11/20
  Sample 1:
    TRUE: [27, 16, 7, 39, 26, 11, 7, 2, 28, 30, 39, 28, 10, 34, 27, 2, 20, 39, 28, 5, 22, 8, 39, 20, 16, 31, 2, 14, 27, 1, 13, 28, 39]
    PRED: [27, 17, 7, 28, 39, 26, 27, 0, 27, 7, 2, 22, 37, 39, 28, 10, 34, 2, 20, 39, 28, 5, 22, 8, 37, 39, 19, 20, 16, 31, 2, 39, 14, 27, 0, 13, 28, 39]
    Edit distance: 12/33
  Sample 2:
    TRUE: [28, 24, 39, 27, 33, 20, 37, 39, 35, 17, 39, 21, 12, 8, 39, 16, 22, 39, 2, 22, 2, 6, 1, 29, 30, 39, 19, 2, 20, 33, 38, 2, 22, 39]
    PRED: [9, 2, 39, 27, 16, 20, 37, 39, 35, 17, 39, 21, 12, 22, 8, 39, 16, 22, 39, 16, 22, 2, 13, 1, 28, 30, 39, 28, 19, 16, 20, 33, 38, 2, 22, 39]
    Edit distance: 9/34
  Sample 3:
    TRUE: [20, 3, 27, 17, 37, 39, 19, 0, 28, 30, 33, 21, 39, 22, 17, 8, 2, 8, 39, 6, 20, 1, 19, 39, 14, 20, 2, 34, 37, 39, 30, 33, 39, 6, 17, 39, 19, 2, 21, 26, 20, 17, 30, 20, 17, 39, 10, 20, 2, 14, 2, 22, 30, 39]
    PRED: [19, 27, 3, 27, 17, 39, 19, 4, 28, 21, 39, 22, 17, 8, 39, 6, 27, 1, 19, 39, 20, 5, 34, 8, 39, 30, 33, 39, 6, 17, 39, 19, 2, 21, 26, 20, 17, 20, 17, 39, 10, 20, 2, 22, 30, 39]
    Edit distance: 15/54
  Sample 4:
    TRUE: [9, 2, 39, 30, 33, 31, 39, 13, 10, 27, 17, 39, 13, 11, 14, 0, 30, 39, 30, 33, 39, 19, 2, 21, 39, 35, 10, 22, 39, 27, 0, 18, 11, 37, 39, 30, 33, 31, 39, 13, 10, 20, 39, 4, 30, 39]
    PRED: [9, 2, 39, 30, 27, 33, 31, 39, 13, 10, 27, 17, 39, 26, 27, 0, 0, 22, 30, 39, 30, 33, 39, 19, 2, 21, 39, 27, 10, 22, 8, 39, 27, 10, 7, 11, 39, 31, 33, 31, 39, 13, 5, 39, 4, 30, 39]
    Edit distance: 13/46

============================================================
Batch 27500 | Val PER: 0.2330
============================================================
  Sample 0:
    TRUE: [31, 17, 0, 19, 27, 2, 28, 17, 39, 27, 17, 19, 2, 22, 28, 16, 8, 11, 8, 39]
    PRED: [9, 1, 0, 19, 2, 28, 39, 27, 2, 22, 2, 8, 39]
    Edit distance: 10/20
  Sample 1:
    TRUE: [27, 16, 7, 39, 26, 11, 7, 2, 28, 30, 39, 28, 10, 34, 27, 2, 20, 39, 28, 5, 22, 8, 39, 20, 16, 31, 2, 14, 27, 1, 13, 28, 39]
    PRED: [30, 27, 17, 7, 28, 39, 26, 0, 27, 7, 2, 22, 37, 39, 10, 34, 2, 20, 39, 28, 12, 22, 8, 39, 20, 16, 31, 2, 14, 27, 2, 13, 39]
    Edit distance: 12/33
  Sample 2:
    TRUE: [28, 24, 39, 27, 33, 20, 37, 39, 35, 17, 39, 21, 12, 8, 39, 16, 22, 39, 2, 22, 2, 6, 1, 29, 30, 39, 19, 2, 20, 33, 38, 2, 22, 39]
    PRED: [9, 2, 39, 27, 16, 20, 37, 39, 35, 17, 39, 21, 12, 22, 8, 39, 16, 22, 39, 16, 22, 2, 34, 1, 28, 30, 39, 28, 19, 2, 20, 33, 38, 2, 22, 39]
    Edit distance: 8/34
  Sample 3:
    TRUE: [20, 3, 27, 17, 37, 39, 19, 0, 28, 30, 33, 21, 39, 22, 17, 8, 2, 8, 39, 6, 20, 1, 19, 39, 14, 20, 2, 34, 37, 39, 30, 33, 39, 6, 17, 39, 19, 2, 21, 26, 20, 17, 30, 20, 17, 39, 10, 20, 2, 14, 2, 22, 30, 39]
    PRED: [19, 20, 27, 3, 27, 17, 39, 19, 4, 2, 21, 39, 22, 12, 8, 39, 6, 27, 1, 19, 39, 20, 2, 34, 39, 30, 33, 39, 6, 17, 39, 19, 2, 21, 26, 11, 20, 39, 10, 20, 2, 22, 8, 39]
    Edit distance: 20/54
  Sample 4:
    TRUE: [9, 2, 39, 30, 33, 31, 39, 13, 10, 27, 17, 39, 13, 11, 14, 0, 30, 39, 30, 33, 39, 19, 2, 21, 39, 35, 10, 22, 39, 27, 0, 18, 11, 37, 39, 30, 33, 31, 39, 13, 10, 20, 39, 4, 30, 39]
    PRED: [9, 2, 39, 30, 27, 33, 31, 39, 34, 10, 27, 17, 39, 26, 27, 0, 0, 0, 2, 22, 39, 30, 33, 39, 19, 2, 21, 39, 35, 10, 22, 8, 39, 35, 10, 11, 39, 31, 27, 33, 31, 39, 34, 5, 39, 4, 30, 39]
    Edit distance: 18/46

============================================================
Batch 28000 | Val PER: 0.2375
============================================================
  Sample 0:
    TRUE: [31, 17, 0, 19, 27, 2, 28, 17, 39, 27, 17, 19, 2, 22, 28, 16, 8, 11, 8, 39]
    PRED: [20, 1, 1, 19, 2, 28, 39, 27, 16, 22, 2, 2, 8, 39]
    Edit distance: 12/20
  Sample 1:
    TRUE: [27, 16, 7, 39, 26, 11, 7, 2, 28, 30, 39, 28, 10, 34, 27, 2, 20, 39, 28, 5, 22, 8, 39, 20, 16, 31, 2, 14, 27, 1, 13, 28, 39]
    PRED: [30, 17, 19, 28, 39, 26, 0, 7, 2, 22, 37, 39, 28, 10, 34, 2, 20, 39, 28, 5, 22, 8, 39, 20, 16, 9, 2, 39, 14, 1, 13, 28, 39]
    Edit distance: 11/33
  Sample 2:
    TRUE: [28, 24, 39, 27, 33, 20, 37, 39, 35, 17, 39, 21, 12, 8, 39, 16, 22, 39, 2, 22, 2, 6, 1, 29, 30, 39, 19, 2, 20, 33, 38, 2, 22, 39]
    PRED: [9, 2, 39, 27, 25, 20, 37, 39, 35, 17, 39, 21, 12, 8, 39, 16, 22, 39, 1, 22, 2, 34, 1, 28, 30, 39, 28, 19, 2, 20, 33, 38, 2, 22, 39]
    Edit distance: 7/34
  Sample 3:
    TRUE: [20, 3, 27, 17, 37, 39, 19, 0, 28, 30, 33, 21, 39, 22, 17, 8, 2, 8, 39, 6, 20, 1, 19, 39, 14, 20, 2, 34, 37, 39, 30, 33, 39, 6, 17, 39, 19, 2, 21, 26, 20, 17, 30, 20, 17, 39, 10, 20, 2, 14, 2, 22, 30, 39]
    PRED: [19, 3, 27, 17, 39, 19, 4, 28, 15, 2, 21, 39, 22, 17, 8, 39, 6, 27, 1, 19, 39, 20, 2, 34, 39, 30, 33, 39, 6, 17, 39, 19, 2, 21, 26, 11, 20, 17, 39, 10, 20, 2, 22, 8, 39]
    Edit distance: 16/54
  Sample 4:
    TRUE: [9, 2, 39, 30, 33, 31, 39, 13, 10, 27, 17, 39, 13, 11, 14, 0, 30, 39, 30, 33, 39, 19, 2, 21, 39, 35, 10, 22, 39, 27, 0, 18, 11, 37, 39, 30, 33, 31, 39, 13, 10, 20, 39, 4, 30, 39]
    PRED: [9, 2, 39, 30, 33, 31, 39, 13, 10, 27, 17, 39, 26, 0, 1, 39, 30, 33, 39, 30, 2, 21, 39, 27, 10, 22, 8, 39, 35, 10, 11, 39, 31, 33, 31, 39, 13, 5, 20, 39, 4, 30, 39]
    Edit distance: 13/46

============================================================
Batch 28500 | Val PER: 0.2326
============================================================
  Sample 0:
    TRUE: [31, 17, 0, 19, 27, 2, 28, 17, 39, 27, 17, 19, 2, 22, 28, 16, 8, 11, 8, 39]
    PRED: [0, 19, 30, 2, 28, 39, 27, 2, 22, 2, 8, 39]
    Edit distance: 10/20
  Sample 1:
    TRUE: [27, 16, 7, 39, 26, 11, 7, 2, 28, 30, 39, 28, 10, 34, 27, 2, 20, 39, 28, 5, 22, 8, 39, 20, 16, 31, 2, 14, 27, 1, 13, 28, 39]
    PRED: [30, 17, 7, 28, 39, 26, 27, 0, 29, 2, 22, 37, 39, 28, 10, 34, 2, 20, 39, 28, 5, 22, 8, 39, 19, 20, 16, 2, 39, 14, 2, 13, 28, 39]
    Edit distance: 14/33
  Sample 2:
    TRUE: [28, 24, 39, 27, 33, 20, 37, 39, 35, 17, 39, 21, 12, 8, 39, 16, 22, 39, 2, 22, 2, 6, 1, 29, 30, 39, 19, 2, 20, 33, 38, 2, 22, 39]
    PRED: [9, 2, 39, 27, 16, 20, 37, 39, 35, 17, 39, 21, 12, 8, 39, 16, 22, 39, 2, 22, 2, 13, 34, 0, 28, 30, 39, 28, 19, 16, 20, 33, 38, 2, 22, 39]
    Edit distance: 9/34
  Sample 3:
    TRUE: [20, 3, 27, 17, 37, 39, 19, 0, 28, 30, 33, 21, 39, 22, 17, 8, 2, 8, 39, 6, 20, 1, 19, 39, 14, 20, 2, 34, 37, 39, 30, 33, 39, 6, 17, 39, 19, 2, 21, 26, 20, 17, 30, 20, 17, 39, 10, 20, 2, 14, 2, 22, 30, 39]
    PRED: [19, 27, 3, 35, 17, 39, 19, 1, 28, 15, 0, 21, 39, 22, 8, 39, 6, 27, 0, 19, 39, 20, 2, 34, 8, 39, 30, 24, 39, 6, 17, 39, 19, 2, 21, 26, 16, 30, 17, 39, 16, 20, 2, 22, 39]
    Edit distance: 22/54
  Sample 4:
    TRUE: [9, 2, 39, 30, 33, 31, 39, 13, 10, 27, 17, 39, 13, 11, 14, 0, 30, 39, 30, 33, 39, 19, 2, 21, 39, 35, 10, 22, 39, 27, 0, 18, 11, 37, 39, 30, 33, 31, 39, 13, 10, 20, 39, 4, 30, 39]
    PRED: [9, 2, 39, 30, 33, 31, 39, 13, 10, 27, 17, 39, 26, 0, 0, 22, 39, 30, 33, 39, 30, 2, 21, 39, 35, 10, 22, 39, 35, 5, 7, 11, 37, 39, 31, 9, 33, 31, 39, 13, 1, 39, 4, 30, 39]
    Edit distance: 12/46

============================================================
Batch 29000 | Val PER: 0.2362
============================================================
  Sample 0:
    TRUE: [31, 17, 0, 19, 27, 2, 28, 17, 39, 27, 17, 19, 2, 22, 28, 16, 8, 11, 8, 39]
    PRED: [19, 17, 28, 0, 19, 2, 28, 39, 2, 27, 4, 22, 2, 8, 39]
    Edit distance: 12/20
  Sample 1:
    TRUE: [27, 16, 7, 39, 26, 11, 7, 2, 28, 30, 39, 28, 10, 34, 27, 2, 20, 39, 28, 5, 22, 8, 39, 20, 16, 31, 2, 14, 27, 1, 13, 28, 39]
    PRED: [26, 27, 17, 7, 28, 39, 26, 11, 29, 2, 22, 37, 39, 28, 10, 34, 2, 20, 39, 15, 5, 22, 8, 39, 20, 16, 31, 14, 2, 13, 28, 39]
    Edit distance: 11/33
  Sample 2:
    TRUE: [28, 24, 39, 27, 33, 20, 37, 39, 35, 17, 39, 21, 12, 8, 39, 16, 22, 39, 2, 22, 2, 6, 1, 29, 30, 39, 19, 2, 20, 33, 38, 2, 22, 39]
    PRED: [9, 2, 39, 27, 33, 20, 37, 39, 35, 17, 39, 21, 12, 8, 39, 16, 22, 39, 16, 22, 2, 13, 1, 2, 28, 39, 28, 19, 2, 20, 33, 29, 38, 2, 22, 39]
    Edit distance: 8/34
  Sample 3:
    TRUE: [20, 3, 27, 17, 37, 39, 19, 0, 28, 30, 33, 21, 39, 22, 17, 8, 2, 8, 39, 6, 20, 1, 19, 39, 14, 20, 2, 34, 37, 39, 30, 33, 39, 6, 17, 39, 19, 2, 21, 26, 20, 17, 30, 20, 17, 39, 10, 20, 2, 14, 2, 22, 30, 39]
    PRED: [19, 27, 3, 27, 17, 39, 19, 4, 28, 15, 5, 21, 39, 22, 17, 8, 39, 6, 27, 0, 19, 39, 20, 2, 34, 8, 39, 30, 33, 39, 6, 17, 39, 19, 2, 21, 26, 10, 16, 39, 10, 20, 2, 22, 8, 39]
    Edit distance: 20/54
  Sample 4:
    TRUE: [9, 2, 39, 30, 33, 31, 39, 13, 10, 27, 17, 39, 13, 11, 14, 0, 30, 39, 30, 33, 39, 19, 2, 21, 39, 35, 10, 22, 39, 27, 0, 18, 11, 37, 39, 30, 33, 31, 39, 13, 10, 20, 39, 4, 30, 39]
    PRED: [9, 2, 39, 30, 33, 31, 39, 34, 10, 27, 17, 39, 26, 27, 0, 0, 39, 30, 33, 39, 19, 30, 2, 21, 39, 35, 10, 22, 8, 39, 27, 10, 11, 37, 39, 31, 33, 31, 39, 13, 1, 20, 39, 4, 30, 39]
    Edit distance: 11/46

============================================================
Batch 29500 | Val PER: 0.2390
============================================================
  Sample 0:
    TRUE: [31, 17, 0, 19, 27, 2, 28, 17, 39, 27, 17, 19, 2, 22, 28, 16, 8, 11, 8, 39]
    PRED: [9, 1, 0, 19, 2, 27, 2, 28, 39, 27, 2, 22, 2, 8, 39]
    Edit distance: 10/20
  Sample 1:
    TRUE: [27, 16, 7, 39, 26, 11, 7, 2, 28, 30, 39, 28, 10, 34, 27, 2, 20, 39, 28, 5, 22, 8, 39, 20, 16, 31, 2, 14, 27, 1, 13, 28, 39]
    PRED: [27, 17, 7, 28, 39, 26, 11, 29, 2, 22, 37, 39, 28, 10, 34, 2, 20, 39, 28, 15, 1, 22, 8, 39, 20, 16, 14, 27, 24, 13, 28, 39]
    Edit distance: 11/33
  Sample 2:
    TRUE: [28, 24, 39, 27, 33, 20, 37, 39, 35, 17, 39, 21, 12, 8, 39, 16, 22, 39, 2, 22, 2, 6, 1, 29, 30, 39, 19, 2, 20, 33, 38, 2, 22, 39]
    PRED: [9, 2, 39, 27, 16, 20, 37, 39, 35, 17, 39, 21, 12, 22, 8, 39, 16, 22, 39, 10, 22, 2, 34, 1, 28, 30, 39, 19, 2, 20, 33, 38, 2, 22, 39]
    Edit distance: 7/34
  Sample 3:
    TRUE: [20, 3, 27, 17, 37, 39, 19, 0, 28, 30, 33, 21, 39, 22, 17, 8, 2, 8, 39, 6, 20, 1, 19, 39, 14, 20, 2, 34, 37, 39, 30, 33, 39, 6, 17, 39, 19, 2, 21, 26, 20, 17, 30, 20, 17, 39, 10, 20, 2, 14, 2, 22, 30, 39]
    PRED: [19, 3, 27, 17, 39, 19, 4, 28, 2, 21, 39, 22, 17, 8, 39, 6, 27, 2, 19, 39, 20, 5, 34, 8, 39, 30, 33, 39, 6, 17, 39, 19, 2, 21, 26, 20, 10, 30, 20, 39, 10, 20, 2, 22, 39]
    Edit distance: 17/54
  Sample 4:
    TRUE: [9, 2, 39, 30, 33, 31, 39, 13, 10, 27, 17, 39, 13, 11, 14, 0, 30, 39, 30, 33, 39, 19, 2, 21, 39, 35, 10, 22, 39, 27, 0, 18, 11, 37, 39, 30, 33, 31, 39, 13, 10, 20, 39, 4, 30, 39]
    PRED: [9, 2, 39, 30, 36, 33, 31, 39, 34, 10, 27, 17, 39, 26, 27, 0, 0, 19, 22, 39, 30, 33, 39, 30, 2, 21, 39, 35, 10, 22, 8, 39, 27, 10, 11, 39, 31, 33, 31, 39, 13, 1, 39, 4, 30, 39]
    Edit distance: 15/46
