
============================================================
Batch 0 | Val PER: 2.0541
============================================================
  Sample 0:
    TRUE: [31, 17, 0, 19, 27, 2, 28, 17, 39, 27, 17, 19, 2, 22, 28, 16, 8, 11, 8, 39]
    PRED: [30, 38, 21, 26, 30, 20, 25, 12, 31, 14, 1, 13, 20, 4, 17, 36, 29, 23, 6, 9, 38, 11, 38, 32, 39, 9, 38, 20, 25, 8, 6, 26, 36, 23, 27, 8, 38, 10, 19, 30, 26, 4, 30, 29, 4, 34, 26, 24, 30, 5, 23]
    Edit distance: 46/20
  Sample 1:
    TRUE: [27, 16, 7, 39, 26, 11, 7, 2, 28, 30, 39, 28, 10, 34, 27, 2, 20, 39, 28, 5, 22, 8, 39, 20, 16, 31, 2, 14, 27, 1, 13, 28, 39]
    PRED: [14, 35, 14, 8, 28, 0, 8, 38, 25, 10, 39, 31, 3, 38, 16, 2, 11, 38, 36, 9, 38, 17, 34, 8, 23, 29, 23, 9, 8, 23, 25, 28, 0, 39, 3, 5, 33, 23, 38, 7, 21, 39, 36, 9, 38, 16, 38, 22, 7, 16, 38, 9, 25, 21, 31, 0, 38, 0, 38, 14, 8, 30, 24, 38, 33, 34, 25, 39, 33, 38, 0, 8, 9, 6, 8, 38, 29, 34, 36, 16, 3, 34, 5, 30, 29]
    Edit distance: 75/33
  Sample 2:
    TRUE: [28, 24, 39, 27, 33, 20, 37, 39, 35, 17, 39, 21, 12, 8, 39, 16, 22, 39, 2, 22, 2, 6, 1, 29, 30, 39, 19, 2, 20, 33, 38, 2, 22, 39]
    PRED: [38, 19, 27, 29, 28, 29, 31, 21, 9, 16, 13, 8, 33, 22, 20, 25, 20, 6, 25, 9, 13, 6, 38, 22, 6, 10, 38, 16, 10, 31, 10, 39, 36, 33, 25, 9, 33, 30, 13, 18, 1, 6, 33, 8, 17, 3, 4, 38, 5, 10, 11, 38, 39, 6, 38, 29, 17, 34, 36, 8, 6, 10, 16, 29, 21, 8, 29, 10, 29, 10, 39, 6, 29, 8, 38, 33, 23, 38, 5, 17, 29, 30, 20, 39, 33, 38, 29, 33, 21, 30, 14, 35, 28, 9, 29, 21, 38, 7, 13, 30, 31]
    Edit distance: 87/34
  Sample 3:
    TRUE: [20, 3, 27, 17, 37, 39, 19, 0, 28, 30, 33, 21, 39, 22, 17, 8, 2, 8, 39, 6, 20, 1, 19, 39, 14, 20, 2, 34, 37, 39, 30, 33, 39, 6, 17, 39, 19, 2, 21, 26, 20, 17, 30, 20, 17, 39, 10, 20, 2, 14, 2, 22, 30, 39]
    PRED: [7, 38, 29, 30, 29, 9, 29, 7, 4, 38, 6, 9, 25, 38, 11, 20, 37, 6, 38, 6, 20, 38, 11, 29, 11, 20, 29, 7, 23, 21, 4, 21, 33, 17, 38, 17, 8, 36, 7, 6, 26, 30, 21, 0, 11, 16, 9, 12, 38, 9, 37, 5, 33, 32, 8, 34, 39, 7, 29, 38, 29, 38, 39, 10, 39, 38, 5, 6, 4, 30, 11, 38, 8, 9, 29, 38, 11, 2, 32, 31, 25, 33, 5, 19, 3, 20, 6, 31, 14, 37, 38, 35, 10, 25, 38, 19, 10, 38, 29, 8, 38, 30, 25, 20, 27, 0, 13, 5, 22, 38, 28, 8, 38, 4, 34, 0, 33, 16, 28, 16, 4, 31, 30, 16, 29, 33, 34]
    Edit distance: 112/54
  Sample 4:
    TRUE: [9, 2, 39, 30, 33, 31, 39, 13, 10, 27, 17, 39, 13, 11, 14, 0, 30, 39, 30, 33, 39, 19, 2, 21, 39, 35, 10, 22, 39, 27, 0, 18, 11, 37, 39, 30, 33, 31, 39, 13, 10, 20, 39, 4, 30, 39]
    PRED: [34, 11, 0, 9, 36, 38, 25, 9, 39, 27, 28, 8, 16, 36, 5, 29, 33, 38, 33, 5, 31, 38, 35, 38, 4, 8, 3, 6, 5, 13, 10, 36, 4, 38, 7, 0, 30, 38, 9, 30, 36, 38, 11, 38, 33, 34, 7, 38, 8, 37, 5, 31, 6, 8, 5, 36, 29, 7, 0, 38, 11, 19, 10, 34, 36, 33, 6, 38, 21, 18, 23, 22, 29, 34, 5, 11, 30, 33, 9, 38, 33, 20, 23, 18, 29, 38, 25, 11, 38, 22, 16, 29, 34, 3, 25, 30, 29, 21, 3, 6, 7, 19, 28, 1, 38, 30, 38, 29, 38, 2, 22, 30, 16, 5, 26, 16, 13, 36, 34, 35, 13, 34, 39, 11, 0, 19, 11, 33, 27, 33, 29, 19, 30, 38, 23, 2, 30, 6, 30, 21, 30, 29, 33, 38, 29, 33]
    Edit distance: 129/46

============================================================
Batch 500 | Val PER: 0.5777
============================================================
  Sample 0:
    TRUE: [31, 17, 0, 19, 27, 2, 28, 17, 39, 27, 17, 19, 2, 22, 28, 16, 8, 11, 8, 39]
    PRED: [9, 19, 14, 19, 22, 23, 39, 16, 39, 22, 39, 39]
    Edit distance: 16/20
  Sample 1:
    TRUE: [27, 16, 7, 39, 26, 11, 7, 2, 28, 30, 39, 28, 10, 34, 27, 2, 20, 39, 28, 5, 22, 8, 39, 20, 16, 31, 2, 14, 27, 1, 13, 28, 39]
    PRED: [5, 39, 26, 27, 20, 16, 37, 39, 34, 34, 39, 1, 22, 39, 16, 39]
    Edit distance: 24/33
  Sample 2:
    TRUE: [28, 24, 39, 27, 33, 20, 37, 39, 35, 17, 39, 21, 12, 8, 39, 16, 22, 39, 2, 22, 2, 6, 1, 29, 30, 39, 19, 2, 20, 33, 38, 2, 22, 39]
    PRED: [39, 39, 39, 35, 35, 17, 39, 39, 21, 22, 39, 22, 39, 10, 21, 6, 27, 17, 37, 39, 36, 17, 39]
    Edit distance: 24/34
  Sample 3:
    TRUE: [20, 3, 27, 17, 37, 39, 19, 0, 28, 30, 33, 21, 39, 22, 17, 8, 2, 8, 39, 6, 20, 1, 19, 39, 14, 20, 2, 34, 37, 39, 30, 33, 39, 6, 17, 39, 19, 2, 21, 26, 20, 17, 30, 20, 17, 39, 10, 20, 2, 14, 2, 22, 30, 39]
    PRED: [35, 27, 17, 39, 19, 1, 26, 21, 21, 39, 22, 39, 6, 26, 19, 39, 19, 16, 20, 20, 39, 39, 17, 39, 26, 21, 9, 2, 37, 39, 10, 20, 20]
    Edit distance: 35/54
  Sample 4:
    TRUE: [9, 2, 39, 30, 33, 31, 39, 13, 10, 27, 17, 39, 13, 11, 14, 0, 30, 39, 30, 33, 39, 19, 2, 21, 39, 35, 10, 22, 39, 27, 0, 18, 11, 37, 39, 30, 33, 31, 39, 13, 10, 20, 39, 4, 30, 39]
    PRED: [9, 39, 27, 2, 27, 33, 37, 39, 39, 35, 27, 11, 19, 30, 30, 39, 3, 33, 39, 5, 21, 39, 22, 39, 35, 27, 17, 37, 39, 39, 33, 39, 5, 39]
    Edit distance: 29/46

============================================================
Batch 1000 | Val PER: 0.4182
============================================================
  Sample 0:
    TRUE: [31, 17, 0, 19, 27, 2, 28, 17, 39, 27, 17, 19, 2, 22, 28, 16, 8, 11, 8, 39]
    PRED: [16, 19, 2, 30, 39, 35, 17, 39, 10, 8, 39]
    Edit distance: 14/20
  Sample 1:
    TRUE: [27, 16, 7, 39, 26, 11, 7, 2, 28, 30, 39, 28, 10, 34, 27, 2, 20, 39, 28, 5, 22, 8, 39, 20, 16, 31, 2, 14, 27, 1, 13, 28, 39]
    PRED: [35, 12, 19, 28, 39, 26, 11, 2, 30, 39, 16, 34, 11, 39, 8, 39, 16, 39, 11, 28, 39]
    Edit distance: 21/33
  Sample 2:
    TRUE: [28, 24, 39, 27, 33, 20, 37, 39, 35, 17, 39, 21, 12, 8, 39, 16, 22, 39, 2, 22, 2, 6, 1, 29, 30, 39, 19, 2, 20, 33, 38, 2, 22, 39]
    PRED: [2, 39, 20, 39, 35, 17, 39, 21, 30, 39, 16, 22, 30, 39, 16, 22, 26, 27, 28, 39, 2, 22, 39]
    Edit distance: 19/34
  Sample 3:
    TRUE: [20, 3, 27, 17, 37, 39, 19, 0, 28, 30, 33, 21, 39, 22, 17, 8, 2, 8, 39, 6, 20, 1, 19, 39, 14, 20, 2, 34, 37, 39, 30, 33, 39, 6, 17, 39, 19, 2, 21, 26, 20, 17, 30, 20, 17, 39, 10, 20, 2, 14, 2, 22, 30, 39]
    PRED: [35, 37, 39, 19, 1, 21, 39, 16, 30, 39, 6, 16, 19, 39, 20, 34, 39, 30, 33, 39, 6, 17, 39, 26, 30, 2, 39, 1, 22, 8, 39]
    Edit distance: 31/54
  Sample 4:
    TRUE: [9, 2, 39, 30, 33, 31, 39, 13, 10, 27, 17, 39, 13, 11, 14, 0, 30, 39, 30, 33, 39, 19, 2, 21, 39, 35, 10, 22, 39, 27, 0, 18, 11, 37, 39, 30, 33, 31, 39, 13, 10, 20, 39, 4, 30, 39]
    PRED: [9, 2, 39, 28, 33, 28, 37, 39, 10, 27, 5, 12, 39, 13, 11, 1, 8, 39, 30, 33, 39, 15, 1, 21, 39, 27, 22, 8, 39, 27, 11, 39, 30, 33, 37, 39, 13, 27, 39, 4, 8, 39]
    Edit distance: 21/46

============================================================
Batch 1500 | Val PER: 0.3499
============================================================
  Sample 0:
    TRUE: [31, 17, 0, 19, 27, 2, 28, 17, 39, 27, 17, 19, 2, 22, 28, 16, 8, 11, 8, 39]
    PRED: [2, 28, 39, 35, 2, 39]
    Edit distance: 15/20
  Sample 1:
    TRUE: [27, 16, 7, 39, 26, 11, 7, 2, 28, 30, 39, 28, 10, 34, 27, 2, 20, 39, 28, 5, 22, 8, 39, 20, 16, 31, 2, 14, 27, 1, 13, 28, 39]
    PRED: [35, 12, 19, 28, 39, 26, 2, 7, 28, 39, 10, 34, 11, 39, 2, 22, 8, 39, 16, 9, 2, 39, 10, 13, 39]
    Edit distance: 19/33
  Sample 2:
    TRUE: [28, 24, 39, 27, 33, 20, 37, 39, 35, 17, 39, 21, 12, 8, 39, 16, 22, 39, 2, 22, 2, 6, 1, 29, 30, 39, 19, 2, 20, 33, 38, 2, 22, 39]
    PRED: [2, 39, 35, 16, 20, 37, 39, 6, 17, 39, 21, 2, 8, 39, 16, 22, 39, 2, 22, 21, 2, 28, 39, 33, 2, 39]
    Edit distance: 16/34
  Sample 3:
    TRUE: [20, 3, 27, 17, 37, 39, 19, 0, 28, 30, 33, 21, 39, 22, 17, 8, 2, 8, 39, 6, 20, 1, 19, 39, 14, 20, 2, 34, 37, 39, 30, 33, 39, 6, 17, 39, 19, 2, 21, 26, 20, 17, 30, 20, 17, 39, 10, 20, 2, 14, 2, 22, 30, 39]
    PRED: [35, 12, 39, 19, 0, 15, 24, 21, 39, 21, 22, 17, 8, 39, 21, 2, 19, 39, 2, 34, 39, 30, 33, 39, 6, 17, 39, 19, 2, 26, 2, 30, 2, 17, 39, 2, 2, 8, 39]
    Edit distance: 26/54
  Sample 4:
    TRUE: [9, 2, 39, 30, 33, 31, 39, 13, 10, 27, 17, 39, 13, 11, 14, 0, 30, 39, 30, 33, 39, 19, 2, 21, 39, 35, 10, 22, 39, 27, 0, 18, 11, 37, 39, 30, 33, 31, 39, 13, 10, 20, 39, 4, 30, 39]
    PRED: [9, 2, 39, 28, 33, 31, 39, 34, 12, 17, 39, 26, 35, 0, 39, 30, 33, 39, 15, 2, 21, 39, 13, 2, 22, 39, 35, 2, 11, 39, 31, 33, 39, 13, 12, 39, 4, 30, 39]
    Edit distance: 19/46

============================================================
Batch 2000 | Val PER: 0.3087
============================================================
  Sample 0:
    TRUE: [31, 17, 0, 19, 27, 2, 28, 17, 39, 27, 17, 19, 2, 22, 28, 16, 8, 11, 8, 39]
    PRED: [27, 2, 14, 28, 39, 27, 2, 14, 2, 28, 11, 39]
    Edit distance: 12/20
  Sample 1:
    TRUE: [27, 16, 7, 39, 26, 11, 7, 2, 28, 30, 39, 28, 10, 34, 27, 2, 20, 39, 28, 5, 22, 8, 39, 20, 16, 31, 2, 14, 27, 1, 13, 28, 39]
    PRED: [36, 12, 28, 39, 26, 25, 29, 2, 22, 39, 15, 10, 34, 11, 39, 5, 37, 39, 28, 16, 9, 2, 14, 5, 13, 39]
    Edit distance: 19/33
  Sample 2:
    TRUE: [28, 24, 39, 27, 33, 20, 37, 39, 35, 17, 39, 21, 12, 8, 39, 16, 22, 39, 2, 22, 2, 6, 1, 29, 30, 39, 19, 2, 20, 33, 38, 2, 22, 39]
    PRED: [9, 2, 39, 35, 16, 20, 37, 39, 35, 17, 39, 21, 12, 22, 39, 16, 22, 39, 2, 22, 11, 21, 1, 28, 39, 19, 2, 36, 33, 2, 22, 39]
    Edit distance: 11/34
  Sample 3:
    TRUE: [20, 3, 27, 17, 37, 39, 19, 0, 28, 30, 33, 21, 39, 22, 17, 8, 2, 8, 39, 6, 20, 1, 19, 39, 14, 20, 2, 34, 37, 39, 30, 33, 39, 6, 17, 39, 19, 2, 21, 26, 20, 17, 30, 20, 17, 39, 10, 20, 2, 14, 2, 22, 30, 39]
    PRED: [35, 10, 37, 39, 19, 0, 28, 2, 21, 39, 22, 17, 37, 39, 6, 32, 19, 39, 14, 5, 34, 39, 30, 33, 39, 6, 17, 39, 19, 2, 21, 26, 16, 30, 11, 39, 1, 20, 22, 39]
    Edit distance: 23/54
  Sample 4:
    TRUE: [9, 2, 39, 30, 33, 31, 39, 13, 10, 27, 17, 39, 13, 11, 14, 0, 30, 39, 30, 33, 39, 19, 2, 21, 39, 35, 10, 22, 39, 27, 0, 18, 11, 37, 39, 30, 33, 31, 39, 13, 10, 20, 39, 4, 30, 39]
    PRED: [9, 2, 39, 36, 33, 31, 39, 34, 10, 17, 39, 26, 27, 32, 14, 10, 30, 39, 30, 33, 39, 19, 2, 21, 39, 27, 2, 22, 39, 27, 2, 11, 39, 9, 33, 31, 39, 13, 12, 39, 4, 30, 39]
    Edit distance: 15/46

============================================================
Batch 2500 | Val PER: 0.2959
============================================================
  Sample 0:
    TRUE: [31, 17, 0, 19, 27, 2, 28, 17, 39, 27, 17, 19, 2, 22, 28, 16, 8, 11, 8, 39]
    PRED: [0, 19, 39, 2, 0, 39]
    Edit distance: 15/20
  Sample 1:
    TRUE: [27, 16, 7, 39, 26, 11, 7, 2, 28, 30, 39, 28, 10, 34, 27, 2, 20, 39, 28, 5, 22, 8, 39, 20, 16, 31, 2, 14, 27, 1, 13, 28, 39]
    PRED: [12, 28, 39, 26, 25, 7, 2, 17, 39, 10, 34, 11, 39, 2, 8, 39, 8, 16, 14, 2, 13, 39]
    Edit distance: 19/33
  Sample 2:
    TRUE: [28, 24, 39, 27, 33, 20, 37, 39, 35, 17, 39, 21, 12, 8, 39, 16, 22, 39, 2, 22, 2, 6, 1, 29, 30, 39, 19, 2, 20, 33, 38, 2, 22, 39]
    PRED: [28, 24, 39, 25, 20, 37, 39, 35, 17, 39, 21, 5, 8, 39, 16, 22, 39, 2, 2, 6, 2, 28, 39, 20, 33, 39]
    Edit distance: 12/34
  Sample 3:
    TRUE: [20, 3, 27, 17, 37, 39, 19, 0, 28, 30, 33, 21, 39, 22, 17, 8, 2, 8, 39, 6, 20, 1, 19, 39, 14, 20, 2, 34, 37, 39, 30, 33, 39, 6, 17, 39, 19, 2, 21, 26, 20, 17, 30, 20, 17, 39, 10, 20, 2, 14, 2, 22, 30, 39]
    PRED: [27, 10, 17, 39, 19, 12, 0, 21, 39, 22, 12, 2, 39, 6, 2, 19, 39, 2, 34, 39, 30, 33, 39, 6, 17, 39, 2, 10, 10, 39, 10, 20, 2, 8, 39]
    Edit distance: 28/54
  Sample 4:
    TRUE: [9, 2, 39, 30, 33, 31, 39, 13, 10, 27, 17, 39, 13, 11, 14, 0, 30, 39, 30, 33, 39, 19, 2, 21, 39, 35, 10, 22, 39, 27, 0, 18, 11, 37, 39, 30, 33, 31, 39, 13, 10, 20, 39, 4, 30, 39]
    PRED: [9, 2, 39, 30, 33, 31, 39, 10, 12, 39, 26, 27, 11, 0, 2, 39, 30, 33, 39, 19, 2, 21, 39, 2, 22, 39, 2, 11, 39, 9, 33, 31, 39, 13, 12, 39, 0, 30, 39]
    Edit distance: 17/46

============================================================
Batch 3000 | Val PER: 0.2875
============================================================
  Sample 0:
    TRUE: [31, 17, 0, 19, 27, 2, 28, 17, 39, 27, 17, 19, 2, 22, 28, 16, 8, 11, 8, 39]
    PRED: [28, 39, 27, 24, 0, 39]
    Edit distance: 16/20
  Sample 1:
    TRUE: [27, 16, 7, 39, 26, 11, 7, 2, 28, 30, 39, 28, 10, 34, 27, 2, 20, 39, 28, 5, 22, 8, 39, 20, 16, 31, 2, 14, 27, 1, 13, 28, 39]
    PRED: [35, 17, 29, 26, 25, 39, 10, 34, 11, 39, 5, 2, 8, 39, 8, 16, 31, 14, 0, 13, 28, 39]
    Edit distance: 19/33
  Sample 2:
    TRUE: [28, 24, 39, 27, 33, 20, 37, 39, 35, 17, 39, 21, 12, 8, 39, 16, 22, 39, 2, 22, 2, 6, 1, 29, 30, 39, 19, 2, 20, 33, 38, 2, 22, 39]
    PRED: [9, 24, 39, 24, 20, 28, 39, 35, 17, 39, 21, 17, 39, 16, 22, 39, 2, 22, 2, 21, 1, 29, 2, 20, 33, 2, 22, 39]
    Edit distance: 11/34
  Sample 3:
    TRUE: [20, 3, 27, 17, 37, 39, 19, 0, 28, 30, 33, 21, 39, 22, 17, 8, 2, 8, 39, 6, 20, 1, 19, 39, 14, 20, 2, 34, 37, 39, 30, 33, 39, 6, 17, 39, 19, 2, 21, 26, 20, 17, 30, 20, 17, 39, 10, 20, 2, 14, 2, 22, 30, 39]
    PRED: [3, 39, 19, 5, 21, 39, 22, 12, 8, 2, 8, 39, 6, 0, 19, 39, 2, 13, 37, 39, 30, 33, 39, 17, 39, 2, 26, 20, 10, 20, 20, 5, 22, 39]
    Edit distance: 26/54
  Sample 4:
    TRUE: [9, 2, 39, 30, 33, 31, 39, 13, 10, 27, 17, 39, 13, 11, 14, 0, 30, 39, 30, 33, 39, 19, 2, 21, 39, 35, 10, 22, 39, 27, 0, 18, 11, 37, 39, 30, 33, 31, 39, 13, 10, 20, 39, 4, 30, 39]
    PRED: [9, 2, 39, 27, 33, 31, 39, 34, 10, 17, 39, 27, 11, 0, 39, 30, 33, 39, 15, 5, 21, 39, 35, 2, 22, 39, 35, 2, 11, 39, 9, 33, 31, 39, 13, 5, 4, 30, 39]
    Edit distance: 17/46

============================================================
Batch 3500 | Val PER: 0.2715
============================================================
  Sample 0:
    TRUE: [31, 17, 0, 19, 27, 2, 28, 17, 39, 27, 17, 19, 2, 22, 28, 16, 8, 11, 8, 39]
    PRED: [1, 19, 39, 27, 16, 14, 39]
    Edit distance: 15/20
  Sample 1:
    TRUE: [27, 16, 7, 39, 26, 11, 7, 2, 28, 30, 39, 28, 10, 34, 27, 2, 20, 39, 28, 5, 22, 8, 39, 20, 16, 31, 2, 14, 27, 1, 13, 28, 39]
    PRED: [16, 19, 28, 26, 25, 7, 39, 10, 34, 11, 20, 39, 5, 22, 8, 39, 20, 16, 27, 16, 13, 39]
    Edit distance: 16/33
  Sample 2:
    TRUE: [28, 24, 39, 27, 33, 20, 37, 39, 35, 17, 39, 21, 12, 8, 39, 16, 22, 39, 2, 22, 2, 6, 1, 29, 30, 39, 19, 2, 20, 33, 38, 2, 22, 39]
    PRED: [9, 24, 39, 27, 17, 20, 37, 39, 35, 17, 39, 21, 10, 8, 39, 16, 22, 39, 2, 22, 21, 1, 29, 19, 20, 33, 38, 2, 22, 39]
    Edit distance: 8/34
  Sample 3:
    TRUE: [20, 3, 27, 17, 37, 39, 19, 0, 28, 30, 33, 21, 39, 22, 17, 8, 2, 8, 39, 6, 20, 1, 19, 39, 14, 20, 2, 34, 37, 39, 30, 33, 39, 6, 17, 39, 19, 2, 21, 26, 20, 17, 30, 20, 17, 39, 10, 20, 2, 14, 2, 22, 30, 39]
    PRED: [27, 3, 37, 39, 19, 6, 39, 22, 16, 8, 2, 8, 39, 6, 1, 19, 39, 8, 2, 34, 37, 39, 30, 33, 39, 6, 17, 39, 19, 2, 21, 26, 30, 16, 20, 20, 2, 22, 8, 39]
    Edit distance: 21/54
  Sample 4:
    TRUE: [9, 2, 39, 30, 33, 31, 39, 13, 10, 27, 17, 39, 13, 11, 14, 0, 30, 39, 30, 33, 39, 19, 2, 21, 39, 35, 10, 22, 39, 27, 0, 18, 11, 37, 39, 30, 33, 31, 39, 13, 10, 20, 39, 4, 30, 39]
    PRED: [9, 2, 39, 27, 33, 31, 39, 34, 10, 17, 39, 6, 27, 14, 39, 30, 33, 39, 15, 16, 21, 39, 27, 2, 22, 39, 35, 10, 38, 11, 39, 9, 11, 31, 39, 13, 5, 4, 8, 39]
    Edit distance: 21/46

============================================================
Batch 4000 | Val PER: 0.2696
============================================================
  Sample 0:
    TRUE: [31, 17, 0, 19, 27, 2, 28, 17, 39, 27, 17, 19, 2, 22, 28, 16, 8, 11, 8, 39]
    PRED: [0, 19, 28, 39, 27, 2, 0, 39]
    Edit distance: 13/20
  Sample 1:
    TRUE: [27, 16, 7, 39, 26, 11, 7, 2, 28, 30, 39, 28, 10, 34, 27, 2, 20, 39, 28, 5, 22, 8, 39, 20, 16, 31, 2, 14, 27, 1, 13, 28, 39]
    PRED: [1, 19, 28, 39, 26, 25, 7, 39, 10, 34, 11, 20, 39, 28, 5, 8, 39, 16, 19, 9, 2, 13, 39]
    Edit distance: 18/33
  Sample 2:
    TRUE: [28, 24, 39, 27, 33, 20, 37, 39, 35, 17, 39, 21, 12, 8, 39, 16, 22, 39, 2, 22, 2, 6, 1, 29, 30, 39, 19, 2, 20, 33, 38, 2, 22, 39]
    PRED: [9, 24, 39, 27, 33, 20, 37, 39, 35, 17, 39, 21, 10, 8, 39, 16, 22, 39, 2, 22, 2, 21, 1, 29, 39, 19, 2, 20, 33, 38, 2, 22, 39]
    Edit distance: 4/34
  Sample 3:
    TRUE: [20, 3, 27, 17, 37, 39, 19, 0, 28, 30, 33, 21, 39, 22, 17, 8, 2, 8, 39, 6, 20, 1, 19, 39, 14, 20, 2, 34, 37, 39, 30, 33, 39, 6, 17, 39, 19, 2, 21, 26, 20, 17, 30, 20, 17, 39, 10, 20, 2, 14, 2, 22, 30, 39]
    PRED: [19, 0, 37, 39, 19, 5, 28, 21, 39, 22, 17, 8, 39, 6, 2, 19, 39, 2, 13, 39, 30, 33, 39, 6, 17, 39, 19, 2, 21, 20, 30, 11, 17, 39, 1, 20, 2, 22, 8, 39]
    Edit distance: 22/54
  Sample 4:
    TRUE: [9, 2, 39, 30, 33, 31, 39, 13, 10, 27, 17, 39, 13, 11, 14, 0, 30, 39, 30, 33, 39, 19, 2, 21, 39, 35, 10, 22, 39, 27, 0, 18, 11, 37, 39, 30, 33, 31, 39, 13, 10, 20, 39, 4, 30, 39]
    PRED: [9, 2, 39, 30, 27, 33, 31, 39, 34, 10, 12, 39, 27, 0, 14, 30, 2, 19, 39, 30, 33, 39, 15, 0, 21, 39, 35, 2, 22, 39, 35, 0, 11, 39, 9, 33, 31, 39, 13, 5, 39, 4, 30, 39]
    Edit distance: 18/46

============================================================
Batch 4500 | Val PER: 0.2596
============================================================
  Sample 0:
    TRUE: [31, 17, 0, 19, 27, 2, 28, 17, 39, 27, 17, 19, 2, 22, 28, 16, 8, 11, 8, 39]
    PRED: [0, 19, 39, 27, 16, 14, 0, 2, 39]
    Edit distance: 14/20
  Sample 1:
    TRUE: [27, 16, 7, 39, 26, 11, 7, 2, 28, 30, 39, 28, 10, 34, 27, 2, 20, 39, 28, 5, 22, 8, 39, 20, 16, 31, 2, 14, 27, 1, 13, 28, 39]
    PRED: [27, 10, 19, 39, 26, 0, 7, 2, 39, 10, 34, 20, 39, 28, 5, 8, 39, 8, 16, 19, 9, 2, 27, 16, 13, 39]
    Edit distance: 15/33
  Sample 2:
    TRUE: [28, 24, 39, 27, 33, 20, 37, 39, 35, 17, 39, 21, 12, 8, 39, 16, 22, 39, 2, 22, 2, 6, 1, 29, 30, 39, 19, 2, 20, 33, 38, 2, 22, 39]
    PRED: [9, 24, 39, 27, 17, 20, 37, 39, 35, 17, 39, 21, 10, 8, 39, 16, 22, 39, 1, 22, 2, 21, 2, 39, 19, 2, 20, 33, 2, 22, 39]
    Edit distance: 9/34
  Sample 3:
    TRUE: [20, 3, 27, 17, 37, 39, 19, 0, 28, 30, 33, 21, 39, 22, 17, 8, 2, 8, 39, 6, 20, 1, 19, 39, 14, 20, 2, 34, 37, 39, 30, 33, 39, 6, 17, 39, 19, 2, 21, 26, 20, 17, 30, 20, 17, 39, 10, 20, 2, 14, 2, 22, 30, 39]
    PRED: [35, 16, 37, 39, 19, 1, 28, 2, 21, 39, 22, 16, 8, 2, 8, 39, 6, 21, 2, 19, 39, 8, 27, 2, 34, 39, 30, 33, 39, 21, 17, 39, 19, 2, 21, 26, 3, 30, 39, 17, 20, 2, 22, 39]
    Edit distance: 22/54
  Sample 4:
    TRUE: [9, 2, 39, 30, 33, 31, 39, 13, 10, 27, 17, 39, 13, 11, 14, 0, 30, 39, 30, 33, 39, 19, 2, 21, 39, 35, 10, 22, 39, 27, 0, 18, 11, 37, 39, 30, 33, 31, 39, 13, 10, 20, 39, 4, 30, 39]
    PRED: [9, 2, 39, 30, 27, 33, 31, 39, 34, 12, 39, 26, 17, 0, 30, 39, 30, 33, 39, 19, 2, 21, 39, 13, 2, 22, 39, 27, 0, 11, 39, 9, 2, 31, 39, 13, 5, 39, 4, 30, 39]
    Edit distance: 16/46

============================================================
Batch 5000 | Val PER: 0.2655
============================================================
  Sample 0:
    TRUE: [31, 17, 0, 19, 27, 2, 28, 17, 39, 27, 17, 19, 2, 22, 28, 16, 8, 11, 8, 39]
    PRED: [19, 0, 19, 2, 28, 39, 27, 16, 19, 0, 22, 39]
    Edit distance: 11/20
  Sample 1:
    TRUE: [27, 16, 7, 39, 26, 11, 7, 2, 28, 30, 39, 28, 10, 34, 27, 2, 20, 39, 28, 5, 22, 8, 39, 20, 16, 31, 2, 14, 27, 1, 13, 28, 39]
    PRED: [27, 1, 19, 39, 26, 25, 7, 39, 10, 34, 11, 39, 14, 5, 22, 39, 20, 16, 19, 9, 2, 14, 16, 28, 39]
    Edit distance: 17/33
  Sample 2:
    TRUE: [28, 24, 39, 27, 33, 20, 37, 39, 35, 17, 39, 21, 12, 8, 39, 16, 22, 39, 2, 22, 2, 6, 1, 29, 30, 39, 19, 2, 20, 33, 38, 2, 22, 39]
    PRED: [9, 24, 39, 27, 17, 20, 38, 39, 35, 17, 39, 21, 10, 22, 8, 39, 16, 22, 39, 5, 22, 8, 2, 21, 0, 29, 39, 19, 2, 19, 20, 33, 38, 2, 22, 39]
    Edit distance: 11/34
  Sample 3:
    TRUE: [20, 3, 27, 17, 37, 39, 19, 0, 28, 30, 33, 21, 39, 22, 17, 8, 2, 8, 39, 6, 20, 1, 19, 39, 14, 20, 2, 34, 37, 39, 30, 33, 39, 6, 17, 39, 19, 2, 21, 26, 20, 17, 30, 20, 17, 39, 10, 20, 2, 14, 2, 22, 30, 39]
    PRED: [19, 27, 3, 17, 39, 19, 1, 19, 0, 21, 39, 22, 10, 8, 39, 6, 21, 2, 19, 39, 14, 20, 16, 34, 8, 39, 30, 33, 39, 6, 17, 39, 19, 2, 21, 26, 20, 17, 39, 17, 20, 2, 22, 39]
    Edit distance: 22/54
  Sample 4:
    TRUE: [9, 2, 39, 30, 33, 31, 39, 13, 10, 27, 17, 39, 13, 11, 14, 0, 30, 39, 30, 33, 39, 19, 2, 21, 39, 35, 10, 22, 39, 27, 0, 18, 11, 37, 39, 30, 33, 31, 39, 13, 10, 20, 39, 4, 30, 39]
    PRED: [9, 2, 39, 30, 27, 33, 31, 39, 34, 10, 17, 39, 26, 17, 0, 19, 2, 19, 39, 30, 33, 39, 19, 5, 21, 39, 27, 2, 22, 39, 35, 0, 19, 7, 11, 37, 39, 31, 27, 33, 31, 39, 13, 1, 39, 4, 22, 30, 39]
    Edit distance: 20/46

============================================================
Batch 5500 | Val PER: 0.2610
============================================================
  Sample 0:
    TRUE: [31, 17, 0, 19, 27, 2, 28, 17, 39, 27, 17, 19, 2, 22, 28, 16, 8, 11, 8, 39]
    PRED: [4, 19, 16, 2, 39]
    Edit distance: 17/20
  Sample 1:
    TRUE: [27, 16, 7, 39, 26, 11, 7, 2, 28, 30, 39, 28, 10, 34, 27, 2, 20, 39, 28, 5, 22, 8, 39, 20, 16, 31, 2, 14, 27, 1, 13, 28, 39]
    PRED: [35, 16, 19, 39, 26, 0, 39, 10, 34, 11, 20, 39, 14, 5, 8, 39, 16, 14, 2, 13, 39]
    Edit distance: 18/33
  Sample 2:
    TRUE: [28, 24, 39, 27, 33, 20, 37, 39, 35, 17, 39, 21, 12, 8, 39, 16, 22, 39, 2, 22, 2, 6, 1, 29, 30, 39, 19, 2, 20, 33, 38, 2, 22, 39]
    PRED: [9, 24, 39, 27, 33, 20, 37, 39, 35, 17, 39, 21, 10, 8, 39, 16, 22, 39, 1, 22, 2, 34, 10, 28, 19, 2, 20, 38, 2, 22, 39]
    Edit distance: 9/34
  Sample 3:
    TRUE: [20, 3, 27, 17, 37, 39, 19, 0, 28, 30, 33, 21, 39, 22, 17, 8, 2, 8, 39, 6, 20, 1, 19, 39, 14, 20, 2, 34, 37, 39, 30, 33, 39, 6, 17, 39, 19, 2, 21, 26, 20, 17, 30, 20, 17, 39, 10, 20, 2, 14, 2, 22, 30, 39]
    PRED: [19, 27, 3, 39, 19, 5, 21, 39, 22, 12, 8, 39, 6, 2, 19, 39, 20, 5, 34, 39, 30, 33, 39, 6, 17, 39, 19, 2, 21, 26, 20, 17, 2, 39, 17, 20, 2, 22, 8, 39]
    Edit distance: 23/54
  Sample 4:
    TRUE: [9, 2, 39, 30, 33, 31, 39, 13, 10, 27, 17, 39, 13, 11, 14, 0, 30, 39, 30, 33, 39, 19, 2, 21, 39, 35, 10, 22, 39, 27, 0, 18, 11, 37, 39, 30, 33, 31, 39, 13, 10, 20, 39, 4, 30, 39]
    PRED: [9, 2, 39, 30, 33, 31, 39, 10, 27, 39, 26, 16, 0, 19, 30, 39, 30, 33, 39, 19, 2, 21, 39, 27, 2, 22, 39, 27, 5, 39, 27, 33, 31, 39, 13, 5, 39, 4, 30, 39]
    Edit distance: 15/46

============================================================
Batch 6000 | Val PER: 0.2518
============================================================
  Sample 0:
    TRUE: [31, 17, 0, 19, 27, 2, 28, 17, 39, 27, 17, 19, 2, 22, 28, 16, 8, 11, 8, 39]
    PRED: [0, 19, 2, 28, 39, 8, 16, 2, 22, 39]
    Edit distance: 12/20
  Sample 1:
    TRUE: [27, 16, 7, 39, 26, 11, 7, 2, 28, 30, 39, 28, 10, 34, 27, 2, 20, 39, 28, 5, 22, 8, 39, 20, 16, 31, 2, 14, 27, 1, 13, 28, 39]
    PRED: [8, 27, 1, 19, 28, 39, 26, 0, 7, 2, 28, 39, 10, 34, 2, 11, 39, 2, 22, 8, 39, 8, 16, 28, 19, 9, 2, 14, 1, 13, 39]
    Edit distance: 17/33
  Sample 2:
    TRUE: [28, 24, 39, 27, 33, 20, 37, 39, 35, 17, 39, 21, 12, 8, 39, 16, 22, 39, 2, 22, 2, 6, 1, 29, 30, 39, 19, 2, 20, 33, 38, 2, 22, 39]
    PRED: [9, 2, 39, 27, 17, 20, 29, 39, 35, 17, 39, 21, 10, 22, 8, 39, 16, 22, 39, 2, 22, 2, 21, 2, 29, 30, 39, 19, 2, 20, 38, 2, 22, 39]
    Edit distance: 9/34
  Sample 3:
    TRUE: [20, 3, 27, 17, 37, 39, 19, 0, 28, 30, 33, 21, 39, 22, 17, 8, 2, 8, 39, 6, 20, 1, 19, 39, 14, 20, 2, 34, 37, 39, 30, 33, 39, 6, 17, 39, 19, 2, 21, 26, 20, 17, 30, 20, 17, 39, 10, 20, 2, 14, 2, 22, 30, 39]
    PRED: [19, 3, 39, 19, 1, 28, 2, 21, 39, 22, 17, 8, 39, 6, 2, 19, 39, 14, 2, 34, 37, 39, 30, 33, 39, 6, 17, 39, 19, 2, 21, 26, 20, 17, 2, 39, 10, 20, 2, 22, 39]
    Edit distance: 18/54
  Sample 4:
    TRUE: [9, 2, 39, 30, 33, 31, 39, 13, 10, 27, 17, 39, 13, 11, 14, 0, 30, 39, 30, 33, 39, 19, 2, 21, 39, 35, 10, 22, 39, 27, 0, 18, 11, 37, 39, 30, 33, 31, 39, 13, 10, 20, 39, 4, 30, 39]
    PRED: [9, 2, 39, 30, 33, 13, 31, 39, 34, 10, 27, 17, 11, 39, 26, 27, 17, 0, 30, 2, 19, 39, 30, 33, 39, 15, 16, 21, 39, 27, 2, 22, 39, 5, 11, 39, 28, 33, 31, 39, 13, 39, 4, 30, 39]
    Edit distance: 19/46

============================================================
Batch 6500 | Val PER: 0.2536
============================================================
  Sample 0:
    TRUE: [31, 17, 0, 19, 27, 2, 28, 17, 39, 27, 17, 19, 2, 22, 28, 16, 8, 11, 8, 39]
    PRED: [27, 1, 0, 19, 2, 28, 39, 27, 16, 14, 0, 22, 2, 2, 39]
    Edit distance: 12/20
  Sample 1:
    TRUE: [27, 16, 7, 39, 26, 11, 7, 2, 28, 30, 39, 28, 10, 34, 27, 2, 20, 39, 28, 5, 22, 8, 39, 20, 16, 31, 2, 14, 27, 1, 13, 28, 39]
    PRED: [35, 16, 29, 39, 26, 0, 18, 2, 28, 37, 39, 10, 34, 2, 11, 20, 39, 37, 2, 22, 8, 39, 20, 16, 28, 9, 2, 14, 16, 13, 39]
    Edit distance: 15/33
  Sample 2:
    TRUE: [28, 24, 39, 27, 33, 20, 37, 39, 35, 17, 39, 21, 12, 8, 39, 16, 22, 39, 2, 22, 2, 6, 1, 29, 30, 39, 19, 2, 20, 33, 38, 2, 22, 39]
    PRED: [9, 2, 39, 27, 33, 20, 37, 39, 35, 17, 39, 21, 12, 8, 39, 16, 22, 39, 2, 22, 2, 34, 2, 29, 39, 19, 2, 20, 33, 38, 2, 22, 39]
    Edit distance: 5/34
  Sample 3:
    TRUE: [20, 3, 27, 17, 37, 39, 19, 0, 28, 30, 33, 21, 39, 22, 17, 8, 2, 8, 39, 6, 20, 1, 19, 39, 14, 20, 2, 34, 37, 39, 30, 33, 39, 6, 17, 39, 19, 2, 21, 26, 20, 17, 30, 20, 17, 39, 10, 20, 2, 14, 2, 22, 30, 39]
    PRED: [19, 27, 10, 39, 19, 1, 2, 21, 39, 22, 17, 8, 39, 6, 2, 19, 39, 20, 2, 34, 37, 39, 30, 33, 39, 6, 17, 39, 19, 2, 21, 26, 10, 30, 17, 2, 17, 39, 10, 20, 2, 22, 8, 39]
    Edit distance: 20/54
  Sample 4:
    TRUE: [9, 2, 39, 30, 33, 31, 39, 13, 10, 27, 17, 39, 13, 11, 14, 0, 30, 39, 30, 33, 39, 19, 2, 21, 39, 35, 10, 22, 39, 27, 0, 18, 11, 37, 39, 30, 33, 31, 39, 13, 10, 20, 39, 4, 30, 39]
    PRED: [9, 2, 39, 28, 30, 33, 31, 39, 10, 27, 17, 39, 26, 27, 17, 30, 19, 30, 39, 30, 33, 39, 19, 0, 21, 39, 27, 10, 22, 39, 35, 16, 11, 37, 39, 27, 33, 37, 39, 13, 1, 39, 4, 30, 39]
    Edit distance: 16/46

============================================================
Batch 7000 | Val PER: 0.2465
============================================================
  Sample 0:
    TRUE: [31, 17, 0, 19, 27, 2, 28, 17, 39, 27, 17, 19, 2, 22, 28, 16, 8, 11, 8, 39]
    PRED: [36, 0, 19, 2, 28, 39, 8, 10, 2, 8, 2, 39]
    Edit distance: 12/20
  Sample 1:
    TRUE: [27, 16, 7, 39, 26, 11, 7, 2, 28, 30, 39, 28, 10, 34, 27, 2, 20, 39, 28, 5, 22, 8, 39, 20, 16, 31, 2, 14, 27, 1, 13, 28, 39]
    PRED: [35, 17, 19, 28, 26, 0, 7, 2, 39, 10, 34, 11, 39, 37, 2, 22, 37, 39, 20, 17, 14, 2, 13, 39]
    Edit distance: 20/33
  Sample 2:
    TRUE: [28, 24, 39, 27, 33, 20, 37, 39, 35, 17, 39, 21, 12, 8, 39, 16, 22, 39, 2, 22, 2, 6, 1, 29, 30, 39, 19, 2, 20, 33, 38, 2, 22, 39]
    PRED: [9, 24, 39, 27, 33, 37, 39, 35, 17, 39, 21, 1, 8, 39, 16, 22, 39, 1, 22, 11, 34, 0, 28, 39, 19, 2, 20, 33, 38, 2, 22, 39]
    Edit distance: 9/34
  Sample 3:
    TRUE: [20, 3, 27, 17, 37, 39, 19, 0, 28, 30, 33, 21, 39, 22, 17, 8, 2, 8, 39, 6, 20, 1, 19, 39, 14, 20, 2, 34, 37, 39, 30, 33, 39, 6, 17, 39, 19, 2, 21, 26, 20, 17, 30, 20, 17, 39, 10, 20, 2, 14, 2, 22, 30, 39]
    PRED: [19, 27, 3, 37, 39, 19, 0, 2, 2, 21, 39, 22, 17, 8, 39, 6, 27, 2, 19, 39, 8, 2, 34, 37, 39, 30, 33, 39, 6, 17, 39, 19, 2, 21, 26, 17, 17, 39, 17, 20, 2, 22, 39]
    Edit distance: 19/54
  Sample 4:
    TRUE: [9, 2, 39, 30, 33, 31, 39, 13, 10, 27, 17, 39, 13, 11, 14, 0, 30, 39, 30, 33, 39, 19, 2, 21, 39, 35, 10, 22, 39, 27, 0, 18, 11, 37, 39, 30, 33, 31, 39, 13, 10, 20, 39, 4, 30, 39]
    PRED: [9, 2, 39, 30, 33, 31, 39, 34, 10, 27, 17, 2, 39, 27, 17, 0, 30, 39, 30, 33, 39, 30, 5, 21, 39, 35, 2, 22, 39, 35, 5, 7, 11, 37, 39, 27, 33, 31, 39, 13, 1, 39, 4, 30, 39]
    Edit distance: 14/46

============================================================
Batch 7500 | Val PER: 0.2517
============================================================
  Sample 0:
    TRUE: [31, 17, 0, 19, 27, 2, 28, 17, 39, 27, 17, 19, 2, 22, 28, 16, 8, 11, 8, 39]
    PRED: [27, 4, 19, 29, 39, 10, 19, 4, 22, 39]
    Edit distance: 15/20
  Sample 1:
    TRUE: [27, 16, 7, 39, 26, 11, 7, 2, 28, 30, 39, 28, 10, 34, 27, 2, 20, 39, 28, 5, 22, 8, 39, 20, 16, 31, 2, 14, 27, 1, 13, 28, 39]
    PRED: [27, 17, 19, 28, 26, 0, 7, 2, 7, 39, 10, 34, 11, 39, 37, 2, 22, 37, 39, 20, 17, 28, 1, 13, 39]
    Edit distance: 19/33
  Sample 2:
    TRUE: [28, 24, 39, 27, 33, 20, 37, 39, 35, 17, 39, 21, 12, 8, 39, 16, 22, 39, 2, 22, 2, 6, 1, 29, 30, 39, 19, 2, 20, 33, 38, 2, 22, 39]
    PRED: [9, 24, 39, 27, 10, 20, 37, 39, 35, 17, 39, 21, 10, 8, 30, 39, 16, 22, 39, 1, 22, 11, 21, 1, 28, 39, 19, 2, 20, 33, 38, 2, 22, 39]
    Edit distance: 9/34
  Sample 3:
    TRUE: [20, 3, 27, 17, 37, 39, 19, 0, 28, 30, 33, 21, 39, 22, 17, 8, 2, 8, 39, 6, 20, 1, 19, 39, 14, 20, 2, 34, 37, 39, 30, 33, 39, 6, 17, 39, 19, 2, 21, 26, 20, 17, 30, 20, 17, 39, 10, 20, 2, 14, 2, 22, 30, 39]
    PRED: [27, 3, 37, 39, 19, 5, 0, 21, 39, 22, 17, 8, 39, 6, 27, 2, 19, 39, 14, 2, 13, 37, 39, 30, 33, 39, 6, 17, 39, 19, 2, 21, 26, 17, 30, 20, 39, 10, 20, 18, 2, 22, 8, 39]
    Edit distance: 18/54
  Sample 4:
    TRUE: [9, 2, 39, 30, 33, 31, 39, 13, 10, 27, 17, 39, 13, 11, 14, 0, 30, 39, 30, 33, 39, 19, 2, 21, 39, 35, 10, 22, 39, 27, 0, 18, 11, 37, 39, 30, 33, 31, 39, 13, 10, 20, 39, 4, 30, 39]
    PRED: [9, 2, 39, 30, 33, 31, 39, 34, 10, 27, 17, 39, 26, 27, 17, 0, 19, 39, 30, 33, 39, 15, 21, 39, 35, 10, 22, 39, 27, 10, 7, 11, 37, 39, 27, 33, 31, 39, 13, 10, 39, 4, 30, 39]
    Edit distance: 11/46

============================================================
Batch 8000 | Val PER: 0.2499
============================================================
  Sample 0:
    TRUE: [31, 17, 0, 19, 27, 2, 28, 17, 39, 27, 17, 19, 2, 22, 28, 16, 8, 11, 8, 39]
    PRED: [19, 1, 0, 19, 2, 28, 39, 27, 17, 14, 4, 22, 11, 39]
    Edit distance: 10/20
  Sample 1:
    TRUE: [27, 16, 7, 39, 26, 11, 7, 2, 28, 30, 39, 28, 10, 34, 27, 2, 20, 39, 28, 5, 22, 8, 39, 20, 16, 31, 2, 14, 27, 1, 13, 28, 39]
    PRED: [27, 5, 19, 28, 26, 0, 7, 2, 39, 10, 34, 2, 20, 39, 37, 5, 22, 37, 39, 8, 16, 19, 14, 24, 14, 27, 4, 38, 39]
    Edit distance: 17/33
  Sample 2:
    TRUE: [28, 24, 39, 27, 33, 20, 37, 39, 35, 17, 39, 21, 12, 8, 39, 16, 22, 39, 2, 22, 2, 6, 1, 29, 30, 39, 19, 2, 20, 33, 38, 2, 22, 39]
    PRED: [9, 24, 39, 27, 33, 20, 37, 39, 35, 17, 39, 21, 12, 8, 39, 16, 22, 39, 2, 22, 8, 2, 34, 6, 0, 20, 28, 39, 19, 2, 20, 33, 38, 2, 22, 39]
    Edit distance: 6/34
  Sample 3:
    TRUE: [20, 3, 27, 17, 37, 39, 19, 0, 28, 30, 33, 21, 39, 22, 17, 8, 2, 8, 39, 6, 20, 1, 19, 39, 14, 20, 2, 34, 37, 39, 30, 33, 39, 6, 17, 39, 19, 2, 21, 26, 20, 17, 30, 20, 17, 39, 10, 20, 2, 14, 2, 22, 30, 39]
    PRED: [19, 27, 5, 11, 39, 19, 5, 0, 21, 39, 22, 12, 8, 39, 6, 27, 0, 19, 39, 14, 27, 2, 34, 37, 39, 30, 33, 39, 6, 17, 39, 19, 2, 21, 26, 20, 39, 1, 20, 2, 22, 8, 39]
    Edit distance: 22/54
  Sample 4:
    TRUE: [9, 2, 39, 30, 33, 31, 39, 13, 10, 27, 17, 39, 13, 11, 14, 0, 30, 39, 30, 33, 39, 19, 2, 21, 39, 35, 10, 22, 39, 27, 0, 18, 11, 37, 39, 30, 33, 31, 39, 13, 10, 20, 39, 4, 30, 39]
    PRED: [9, 2, 39, 30, 27, 33, 31, 39, 10, 27, 17, 39, 27, 17, 0, 19, 30, 2, 39, 30, 33, 39, 15, 0, 21, 39, 27, 2, 22, 39, 27, 0, 18, 11, 37, 39, 27, 33, 31, 39, 13, 5, 39, 4, 30, 39]
    Edit distance: 14/46

============================================================
Batch 8500 | Val PER: 0.2457
============================================================
  Sample 0:
    TRUE: [31, 17, 0, 19, 27, 2, 28, 17, 39, 27, 17, 19, 2, 22, 28, 16, 8, 11, 8, 39]
    PRED: [27, 0, 0, 19, 29, 39, 16, 14, 4, 2, 39]
    Edit distance: 15/20
  Sample 1:
    TRUE: [27, 16, 7, 39, 26, 11, 7, 2, 28, 30, 39, 28, 10, 34, 27, 2, 20, 39, 28, 5, 22, 8, 39, 20, 16, 31, 2, 14, 27, 1, 13, 28, 39]
    PRED: [27, 5, 19, 28, 26, 0, 7, 39, 10, 34, 2, 20, 39, 37, 2, 22, 37, 39, 8, 16, 2, 13, 39]
    Edit distance: 18/33
  Sample 2:
    TRUE: [28, 24, 39, 27, 33, 20, 37, 39, 35, 17, 39, 21, 12, 8, 39, 16, 22, 39, 2, 22, 2, 6, 1, 29, 30, 39, 19, 2, 20, 33, 38, 2, 22, 39]
    PRED: [9, 24, 39, 27, 24, 20, 37, 39, 6, 17, 39, 21, 12, 22, 8, 39, 16, 22, 39, 1, 22, 8, 34, 0, 28, 39, 19, 2, 20, 33, 38, 2, 22, 39]
    Edit distance: 10/34
  Sample 3:
    TRUE: [20, 3, 27, 17, 37, 39, 19, 0, 28, 30, 33, 21, 39, 22, 17, 8, 2, 8, 39, 6, 20, 1, 19, 39, 14, 20, 2, 34, 37, 39, 30, 33, 39, 6, 17, 39, 19, 2, 21, 26, 20, 17, 30, 20, 17, 39, 10, 20, 2, 14, 2, 22, 30, 39]
    PRED: [19, 27, 3, 39, 19, 5, 21, 39, 22, 10, 8, 39, 6, 2, 19, 39, 8, 2, 34, 37, 39, 30, 33, 39, 6, 17, 39, 2, 21, 26, 16, 30, 20, 17, 39, 1, 20, 2, 22, 8, 39]
    Edit distance: 22/54
  Sample 4:
    TRUE: [9, 2, 39, 30, 33, 31, 39, 13, 10, 27, 17, 39, 13, 11, 14, 0, 30, 39, 30, 33, 39, 19, 2, 21, 39, 35, 10, 22, 39, 27, 0, 18, 11, 37, 39, 30, 33, 31, 39, 13, 10, 20, 39, 4, 30, 39]
    PRED: [9, 2, 39, 30, 33, 31, 39, 10, 27, 17, 11, 39, 6, 27, 24, 0, 19, 30, 39, 30, 33, 39, 2, 21, 39, 27, 1, 22, 39, 0, 11, 39, 33, 39, 13, 12, 4, 30, 39]
    Edit distance: 17/46

============================================================
Batch 9000 | Val PER: 0.2465
============================================================
  Sample 0:
    TRUE: [31, 17, 0, 19, 27, 2, 28, 17, 39, 27, 17, 19, 2, 22, 28, 16, 8, 11, 8, 39]
    PRED: [0, 0, 19, 2, 39, 10, 0, 22, 8, 2, 39]
    Edit distance: 13/20
  Sample 1:
    TRUE: [27, 16, 7, 39, 26, 11, 7, 2, 28, 30, 39, 28, 10, 34, 27, 2, 20, 39, 28, 5, 22, 8, 39, 20, 16, 31, 2, 14, 27, 1, 13, 28, 39]
    PRED: [35, 27, 1, 19, 28, 39, 26, 0, 27, 7, 16, 2, 39, 10, 34, 2, 20, 39, 28, 5, 22, 8, 39, 20, 16, 31, 16, 13, 39]
    Edit distance: 16/33
  Sample 2:
    TRUE: [28, 24, 39, 27, 33, 20, 37, 39, 35, 17, 39, 21, 12, 8, 39, 16, 22, 39, 2, 22, 2, 6, 1, 29, 30, 39, 19, 2, 20, 33, 38, 2, 22, 39]
    PRED: [15, 24, 39, 27, 33, 20, 37, 39, 35, 12, 39, 21, 12, 8, 39, 16, 22, 39, 2, 22, 11, 34, 0, 29, 30, 39, 19, 2, 20, 33, 38, 2, 22, 39]
    Edit distance: 5/34
  Sample 3:
    TRUE: [20, 3, 27, 17, 37, 39, 19, 0, 28, 30, 33, 21, 39, 22, 17, 8, 2, 8, 39, 6, 20, 1, 19, 39, 14, 20, 2, 34, 37, 39, 30, 33, 39, 6, 17, 39, 19, 2, 21, 26, 20, 17, 30, 20, 17, 39, 10, 20, 2, 14, 2, 22, 30, 39]
    PRED: [19, 20, 3, 17, 39, 19, 1, 0, 21, 39, 22, 10, 27, 8, 39, 6, 0, 19, 39, 20, 2, 34, 37, 39, 30, 2, 39, 6, 17, 39, 19, 2, 21, 26, 20, 11, 27, 17, 39, 2, 20, 2, 22, 8, 39]
    Edit distance: 21/54
  Sample 4:
    TRUE: [9, 2, 39, 30, 33, 31, 39, 13, 10, 27, 17, 39, 13, 11, 14, 0, 30, 39, 30, 33, 39, 19, 2, 21, 39, 35, 10, 22, 39, 27, 0, 18, 11, 37, 39, 30, 33, 31, 39, 13, 10, 20, 39, 4, 30, 39]
    PRED: [9, 2, 39, 30, 33, 31, 39, 5, 17, 39, 26, 27, 17, 0, 19, 30, 2, 19, 39, 30, 33, 39, 19, 5, 21, 39, 27, 10, 22, 39, 35, 0, 7, 11, 37, 39, 27, 33, 31, 39, 13, 12, 20, 39, 4, 30, 39]
    Edit distance: 15/46

============================================================
Batch 9500 | Val PER: 0.2461
============================================================
  Sample 0:
    TRUE: [31, 17, 0, 19, 27, 2, 28, 17, 39, 27, 17, 19, 2, 22, 28, 16, 8, 11, 8, 39]
    PRED: [4, 19, 2, 39, 1, 19, 4, 16, 39]
    Edit distance: 14/20
  Sample 1:
    TRUE: [27, 16, 7, 39, 26, 11, 7, 2, 28, 30, 39, 28, 10, 34, 27, 2, 20, 39, 28, 5, 22, 8, 39, 20, 16, 31, 2, 14, 27, 1, 13, 28, 39]
    PRED: [27, 1, 19, 39, 26, 0, 27, 7, 2, 39, 10, 34, 11, 20, 39, 28, 5, 8, 39, 8, 16, 31, 4, 5, 13, 39]
    Edit distance: 16/33
  Sample 2:
    TRUE: [28, 24, 39, 27, 33, 20, 37, 39, 35, 17, 39, 21, 12, 8, 39, 16, 22, 39, 2, 22, 2, 6, 1, 29, 30, 39, 19, 2, 20, 33, 38, 2, 22, 39]
    PRED: [9, 24, 39, 27, 17, 20, 37, 39, 35, 17, 39, 21, 10, 22, 8, 39, 16, 22, 39, 16, 22, 11, 34, 0, 28, 30, 39, 19, 2, 20, 24, 33, 38, 2, 22, 39]
    Edit distance: 10/34
  Sample 3:
    TRUE: [20, 3, 27, 17, 37, 39, 19, 0, 28, 30, 33, 21, 39, 22, 17, 8, 2, 8, 39, 6, 20, 1, 19, 39, 14, 20, 2, 34, 37, 39, 30, 33, 39, 6, 17, 39, 19, 2, 21, 26, 20, 17, 30, 20, 17, 39, 10, 20, 2, 14, 2, 22, 30, 39]
    PRED: [19, 3, 39, 19, 0, 0, 21, 39, 22, 17, 8, 39, 6, 2, 19, 39, 20, 2, 34, 37, 39, 30, 33, 39, 6, 17, 39, 19, 2, 21, 26, 11, 27, 30, 20, 17, 39, 1, 20, 2, 22, 8, 39]
    Edit distance: 18/54
  Sample 4:
    TRUE: [9, 2, 39, 30, 33, 31, 39, 13, 10, 27, 17, 39, 13, 11, 14, 0, 30, 39, 30, 33, 39, 19, 2, 21, 39, 35, 10, 22, 39, 27, 0, 18, 11, 37, 39, 30, 33, 31, 39, 13, 10, 20, 39, 4, 30, 39]
    PRED: [9, 2, 39, 30, 33, 31, 39, 34, 10, 17, 11, 39, 27, 17, 19, 0, 14, 39, 30, 33, 39, 19, 0, 21, 39, 27, 10, 22, 39, 35, 0, 29, 24, 37, 39, 31, 33, 31, 39, 13, 1, 20, 39, 4, 30, 39]
    Edit distance: 14/46

============================================================
Batch 10000 | Val PER: 0.2425
============================================================
  Sample 0:
    TRUE: [31, 17, 0, 19, 27, 2, 28, 17, 39, 27, 17, 19, 2, 22, 28, 16, 8, 11, 8, 39]
    PRED: [19, 0, 19, 29, 39, 27, 24, 14, 4, 11, 39]
    Edit distance: 14/20
  Sample 1:
    TRUE: [27, 16, 7, 39, 26, 11, 7, 2, 28, 30, 39, 28, 10, 34, 27, 2, 20, 39, 28, 5, 22, 8, 39, 20, 16, 31, 2, 14, 27, 1, 13, 28, 39]
    PRED: [27, 17, 19, 39, 26, 0, 27, 7, 39, 28, 10, 34, 11, 20, 39, 28, 37, 2, 22, 39, 8, 16, 37, 3, 13, 39]
    Edit distance: 19/33
  Sample 2:
    TRUE: [28, 24, 39, 27, 33, 20, 37, 39, 35, 17, 39, 21, 12, 8, 39, 16, 22, 39, 2, 22, 2, 6, 1, 29, 30, 39, 19, 2, 20, 33, 38, 2, 22, 39]
    PRED: [28, 24, 39, 27, 33, 37, 39, 35, 17, 39, 21, 12, 8, 39, 16, 22, 39, 16, 22, 11, 2, 34, 0, 28, 39, 19, 2, 20, 24, 38, 2, 22, 39]
    Edit distance: 8/34
  Sample 3:
    TRUE: [20, 3, 27, 17, 37, 39, 19, 0, 28, 30, 33, 21, 39, 22, 17, 8, 2, 8, 39, 6, 20, 1, 19, 39, 14, 20, 2, 34, 37, 39, 30, 33, 39, 6, 17, 39, 19, 2, 21, 26, 20, 17, 30, 20, 17, 39, 10, 20, 2, 14, 2, 22, 30, 39]
    PRED: [19, 27, 3, 24, 39, 19, 5, 21, 39, 22, 17, 8, 39, 6, 12, 19, 39, 14, 2, 34, 39, 30, 33, 39, 6, 17, 39, 2, 21, 20, 17, 20, 17, 39, 5, 20, 2, 22, 8, 39]
    Edit distance: 21/54
  Sample 4:
    TRUE: [9, 2, 39, 30, 33, 31, 39, 13, 10, 27, 17, 39, 13, 11, 14, 0, 30, 39, 30, 33, 39, 19, 2, 21, 39, 35, 10, 22, 39, 27, 0, 18, 11, 37, 39, 30, 33, 31, 39, 13, 10, 20, 39, 4, 30, 39]
    PRED: [9, 2, 39, 30, 27, 33, 31, 39, 34, 10, 27, 17, 11, 39, 27, 17, 0, 19, 30, 39, 30, 33, 39, 30, 5, 21, 39, 27, 10, 22, 39, 27, 0, 7, 24, 37, 39, 27, 33, 31, 39, 13, 1, 20, 39, 4, 30, 39]
    Edit distance: 14/46

============================================================
Batch 10500 | Val PER: 0.2471
============================================================
  Sample 0:
    TRUE: [31, 17, 0, 19, 27, 2, 28, 17, 39, 27, 17, 19, 2, 22, 28, 16, 8, 11, 8, 39]
    PRED: [27, 0, 19, 2, 29, 39, 27, 16, 14, 19, 19, 22, 16, 2, 39]
    Edit distance: 12/20
  Sample 1:
    TRUE: [27, 16, 7, 39, 26, 11, 7, 2, 28, 30, 39, 28, 10, 34, 27, 2, 20, 39, 28, 5, 22, 8, 39, 20, 16, 31, 2, 14, 27, 1, 13, 28, 39]
    PRED: [27, 10, 19, 39, 26, 0, 29, 2, 19, 39, 10, 34, 2, 20, 39, 28, 1, 22, 8, 39, 20, 16, 28, 19, 4, 20, 1, 13, 39]
    Edit distance: 14/33
  Sample 2:
    TRUE: [28, 24, 39, 27, 33, 20, 37, 39, 35, 17, 39, 21, 12, 8, 39, 16, 22, 39, 2, 22, 2, 6, 1, 29, 30, 39, 19, 2, 20, 33, 38, 2, 22, 39]
    PRED: [9, 24, 39, 27, 17, 20, 37, 39, 35, 17, 39, 21, 12, 8, 39, 16, 22, 39, 1, 22, 2, 34, 1, 28, 8, 39, 19, 2, 20, 33, 2, 22, 39]
    Edit distance: 7/34
  Sample 3:
    TRUE: [20, 3, 27, 17, 37, 39, 19, 0, 28, 30, 33, 21, 39, 22, 17, 8, 2, 8, 39, 6, 20, 1, 19, 39, 14, 20, 2, 34, 37, 39, 30, 33, 39, 6, 17, 39, 19, 2, 21, 26, 20, 17, 30, 20, 17, 39, 10, 20, 2, 14, 2, 22, 30, 39]
    PRED: [19, 25, 37, 39, 19, 1, 0, 6, 21, 39, 22, 27, 17, 8, 39, 6, 27, 0, 19, 39, 20, 2, 34, 37, 39, 30, 33, 39, 6, 17, 39, 19, 0, 21, 26, 20, 20, 17, 39, 16, 20, 2, 22, 8, 39]
    Edit distance: 21/54
  Sample 4:
    TRUE: [9, 2, 39, 30, 33, 31, 39, 13, 10, 27, 17, 39, 13, 11, 14, 0, 30, 39, 30, 33, 39, 19, 2, 21, 39, 35, 10, 22, 39, 27, 0, 18, 11, 37, 39, 30, 33, 31, 39, 13, 10, 20, 39, 4, 30, 39]
    PRED: [9, 2, 39, 30, 27, 33, 31, 39, 34, 17, 20, 39, 27, 17, 0, 19, 30, 2, 19, 39, 30, 33, 39, 30, 5, 21, 39, 27, 2, 22, 39, 27, 5, 7, 4, 37, 39, 27, 33, 31, 39, 13, 1, 20, 39, 4, 30, 39]
    Edit distance: 20/46

============================================================
Batch 11000 | Val PER: 0.2471
============================================================
  Sample 0:
    TRUE: [31, 17, 0, 19, 27, 2, 28, 17, 39, 27, 17, 19, 2, 22, 28, 16, 8, 11, 8, 39]
    PRED: [3, 19, 0, 29, 39, 2, 19, 4, 39]
    Edit distance: 16/20
  Sample 1:
    TRUE: [27, 16, 7, 39, 26, 11, 7, 2, 28, 30, 39, 28, 10, 34, 27, 2, 20, 39, 28, 5, 22, 8, 39, 20, 16, 31, 2, 14, 27, 1, 13, 28, 39]
    PRED: [27, 17, 19, 39, 26, 0, 18, 2, 39, 10, 34, 11, 20, 39, 2, 22, 39, 20, 16, 4, 5, 13, 39]
    Edit distance: 18/33
  Sample 2:
    TRUE: [28, 24, 39, 27, 33, 20, 37, 39, 35, 17, 39, 21, 12, 8, 39, 16, 22, 39, 2, 22, 2, 6, 1, 29, 30, 39, 19, 2, 20, 33, 38, 2, 22, 39]
    PRED: [9, 24, 39, 27, 33, 20, 37, 39, 35, 17, 39, 21, 5, 8, 39, 16, 22, 39, 2, 22, 8, 11, 34, 10, 28, 39, 19, 2, 20, 33, 38, 2, 22, 39]
    Edit distance: 7/34
  Sample 3:
    TRUE: [20, 3, 27, 17, 37, 39, 19, 0, 28, 30, 33, 21, 39, 22, 17, 8, 2, 8, 39, 6, 20, 1, 19, 39, 14, 20, 2, 34, 37, 39, 30, 33, 39, 6, 17, 39, 19, 2, 21, 26, 20, 17, 30, 20, 17, 39, 10, 20, 2, 14, 2, 22, 30, 39]
    PRED: [20, 10, 39, 19, 5, 21, 39, 22, 17, 8, 39, 6, 16, 19, 39, 20, 2, 34, 39, 30, 33, 39, 6, 17, 39, 2, 21, 26, 11, 27, 30, 17, 39, 16, 20, 2, 22, 8, 39]
    Edit distance: 22/54
  Sample 4:
    TRUE: [9, 2, 39, 30, 33, 31, 39, 13, 10, 27, 17, 39, 13, 11, 14, 0, 30, 39, 30, 33, 39, 19, 2, 21, 39, 35, 10, 22, 39, 27, 0, 18, 11, 37, 39, 30, 33, 31, 39, 13, 10, 20, 39, 4, 30, 39]
    PRED: [9, 2, 39, 30, 27, 33, 31, 39, 13, 10, 27, 17, 39, 27, 24, 0, 19, 30, 39, 30, 33, 39, 30, 5, 21, 39, 11, 0, 22, 8, 39, 27, 18, 11, 37, 39, 27, 33, 31, 39, 13, 10, 20, 39, 4, 30, 39]
    Edit distance: 12/46

============================================================
Batch 11500 | Val PER: 0.2418
============================================================
  Sample 0:
    TRUE: [31, 17, 0, 19, 27, 2, 28, 17, 39, 27, 17, 19, 2, 22, 28, 16, 8, 11, 8, 39]
    PRED: [31, 10, 19, 3, 28, 39, 27, 1, 14, 4, 22, 39]
    Edit distance: 13/20
  Sample 1:
    TRUE: [27, 16, 7, 39, 26, 11, 7, 2, 28, 30, 39, 28, 10, 34, 27, 2, 20, 39, 28, 5, 22, 8, 39, 20, 16, 31, 2, 14, 27, 1, 13, 28, 39]
    PRED: [27, 10, 19, 28, 39, 28, 26, 0, 27, 28, 2, 28, 39, 10, 34, 11, 39, 28, 5, 22, 39, 20, 16, 31, 11, 5, 13, 39]
    Edit distance: 18/33
  Sample 2:
    TRUE: [28, 24, 39, 27, 33, 20, 37, 39, 35, 17, 39, 21, 12, 8, 39, 16, 22, 39, 2, 22, 2, 6, 1, 29, 30, 39, 19, 2, 20, 33, 38, 2, 22, 39]
    PRED: [9, 24, 39, 27, 33, 20, 37, 39, 35, 17, 39, 21, 12, 8, 39, 16, 22, 39, 16, 22, 11, 34, 10, 28, 39, 19, 2, 20, 24, 38, 2, 22, 39]
    Edit distance: 8/34
  Sample 3:
    TRUE: [20, 3, 27, 17, 37, 39, 19, 0, 28, 30, 33, 21, 39, 22, 17, 8, 2, 8, 39, 6, 20, 1, 19, 39, 14, 20, 2, 34, 37, 39, 30, 33, 39, 6, 17, 39, 19, 2, 21, 26, 20, 17, 30, 20, 17, 39, 10, 20, 2, 14, 2, 22, 30, 39]
    PRED: [19, 20, 3, 27, 17, 39, 19, 4, 28, 21, 39, 22, 17, 8, 39, 6, 1, 19, 39, 30, 2, 34, 37, 39, 30, 33, 39, 6, 17, 39, 2, 21, 26, 16, 30, 20, 17, 39, 16, 20, 2, 22, 8, 39]
    Edit distance: 17/54
  Sample 4:
    TRUE: [9, 2, 39, 30, 33, 31, 39, 13, 10, 27, 17, 39, 13, 11, 14, 0, 30, 39, 30, 33, 39, 19, 2, 21, 39, 35, 10, 22, 39, 27, 0, 18, 11, 37, 39, 30, 33, 31, 39, 13, 10, 20, 39, 4, 30, 39]
    PRED: [9, 2, 39, 30, 27, 33, 31, 39, 13, 5, 17, 39, 13, 27, 17, 0, 30, 39, 30, 33, 39, 19, 5, 21, 39, 35, 11, 22, 39, 35, 0, 7, 11, 37, 39, 33, 31, 39, 13, 1, 20, 39, 4, 30, 39]
    Edit distance: 11/46

============================================================
Batch 12000 | Val PER: 0.2450
============================================================
  Sample 0:
    TRUE: [31, 17, 0, 19, 27, 2, 28, 17, 39, 27, 17, 19, 2, 22, 28, 16, 8, 11, 8, 39]
    PRED: [19, 0, 0, 19, 1, 29, 39, 24, 14, 19, 22, 2, 39]
    Edit distance: 14/20
  Sample 1:
    TRUE: [27, 16, 7, 39, 26, 11, 7, 2, 28, 30, 39, 28, 10, 34, 27, 2, 20, 39, 28, 5, 22, 8, 39, 20, 16, 31, 2, 14, 27, 1, 13, 28, 39]
    PRED: [27, 10, 19, 39, 26, 0, 27, 29, 18, 2, 37, 39, 28, 10, 34, 2, 20, 39, 1, 22, 39, 8, 16, 4, 24, 13, 39]
    Edit distance: 19/33
  Sample 2:
    TRUE: [28, 24, 39, 27, 33, 20, 37, 39, 35, 17, 39, 21, 12, 8, 39, 16, 22, 39, 2, 22, 2, 6, 1, 29, 30, 39, 19, 2, 20, 33, 38, 2, 22, 39]
    PRED: [9, 24, 39, 27, 33, 20, 37, 39, 35, 11, 39, 21, 12, 22, 8, 39, 16, 22, 39, 16, 22, 11, 21, 1, 28, 29, 39, 19, 2, 20, 33, 38, 2, 22, 39]
    Edit distance: 8/34
  Sample 3:
    TRUE: [20, 3, 27, 17, 37, 39, 19, 0, 28, 30, 33, 21, 39, 22, 17, 8, 2, 8, 39, 6, 20, 1, 19, 39, 14, 20, 2, 34, 37, 39, 30, 33, 39, 6, 17, 39, 19, 2, 21, 26, 20, 17, 30, 20, 17, 39, 10, 20, 2, 14, 2, 22, 30, 39]
    PRED: [19, 20, 24, 39, 19, 0, 21, 39, 22, 17, 8, 39, 6, 2, 19, 39, 8, 27, 2, 34, 37, 39, 30, 33, 39, 6, 17, 39, 19, 2, 21, 26, 3, 30, 20, 39, 16, 20, 2, 22, 39]
    Edit distance: 21/54
  Sample 4:
    TRUE: [9, 2, 39, 30, 33, 31, 39, 13, 10, 27, 17, 39, 13, 11, 14, 0, 30, 39, 30, 33, 39, 19, 2, 21, 39, 35, 10, 22, 39, 27, 0, 18, 11, 37, 39, 30, 33, 31, 39, 13, 10, 20, 39, 4, 30, 39]
    PRED: [9, 2, 39, 30, 33, 31, 39, 34, 5, 11, 39, 26, 27, 17, 0, 19, 30, 2, 21, 39, 30, 33, 39, 19, 5, 21, 37, 39, 35, 10, 22, 39, 35, 0, 29, 11, 37, 39, 33, 31, 39, 13, 12, 39, 4, 30, 39]
    Edit distance: 17/46

============================================================
Batch 12500 | Val PER: 0.2482
============================================================
  Sample 0:
    TRUE: [31, 17, 0, 19, 27, 2, 28, 17, 39, 27, 17, 19, 2, 22, 28, 16, 8, 11, 8, 39]
    PRED: [19, 0, 0, 19, 19, 28, 39, 10, 19, 22, 2, 39]
    Edit distance: 13/20
  Sample 1:
    TRUE: [27, 16, 7, 39, 26, 11, 7, 2, 28, 30, 39, 28, 10, 34, 27, 2, 20, 39, 28, 5, 22, 8, 39, 20, 16, 31, 2, 14, 27, 1, 13, 28, 39]
    PRED: [27, 17, 19, 28, 39, 26, 0, 27, 19, 2, 39, 10, 34, 2, 20, 39, 1, 22, 8, 39, 20, 16, 17, 24, 13, 39]
    Edit distance: 18/33
  Sample 2:
    TRUE: [28, 24, 39, 27, 33, 20, 37, 39, 35, 17, 39, 21, 12, 8, 39, 16, 22, 39, 2, 22, 2, 6, 1, 29, 30, 39, 19, 2, 20, 33, 38, 2, 22, 39]
    PRED: [9, 2, 39, 27, 17, 20, 37, 39, 35, 17, 39, 21, 12, 30, 39, 16, 22, 39, 16, 22, 11, 34, 0, 28, 39, 19, 2, 20, 33, 38, 2, 22, 39]
    Edit distance: 10/34
  Sample 3:
    TRUE: [20, 3, 27, 17, 37, 39, 19, 0, 28, 30, 33, 21, 39, 22, 17, 8, 2, 8, 39, 6, 20, 1, 19, 39, 14, 20, 2, 34, 37, 39, 30, 33, 39, 6, 17, 39, 19, 2, 21, 26, 20, 17, 30, 20, 17, 39, 10, 20, 2, 14, 2, 22, 30, 39]
    PRED: [20, 17, 39, 19, 1, 21, 39, 22, 17, 8, 39, 6, 27, 0, 19, 39, 20, 0, 37, 39, 30, 33, 39, 6, 17, 39, 2, 21, 26, 20, 30, 17, 39, 10, 20, 2, 22, 30, 39]
    Edit distance: 19/54
  Sample 4:
    TRUE: [9, 2, 39, 30, 33, 31, 39, 13, 10, 27, 17, 39, 13, 11, 14, 0, 30, 39, 30, 33, 39, 19, 2, 21, 39, 35, 10, 22, 39, 27, 0, 18, 11, 37, 39, 30, 33, 31, 39, 13, 10, 20, 39, 4, 30, 39]
    PRED: [9, 2, 39, 30, 24, 31, 39, 13, 17, 17, 39, 27, 17, 0, 30, 39, 30, 33, 39, 19, 5, 21, 39, 27, 10, 22, 39, 35, 5, 11, 37, 39, 30, 33, 31, 39, 13, 1, 39, 4, 30, 39]
    Edit distance: 13/46

============================================================
Batch 13000 | Val PER: 0.2415
============================================================
  Sample 0:
    TRUE: [31, 17, 0, 19, 27, 2, 28, 17, 39, 27, 17, 19, 2, 22, 28, 16, 8, 11, 8, 39]
    PRED: [19, 3, 19, 3, 29, 39, 27, 24, 19, 4, 22, 2, 11, 39]
    Edit distance: 13/20
  Sample 1:
    TRUE: [27, 16, 7, 39, 26, 11, 7, 2, 28, 30, 39, 28, 10, 34, 27, 2, 20, 39, 28, 5, 22, 8, 39, 20, 16, 31, 2, 14, 27, 1, 13, 28, 39]
    PRED: [17, 7, 39, 28, 26, 0, 27, 7, 2, 28, 39, 10, 34, 11, 2, 20, 39, 28, 0, 22, 8, 39, 20, 16, 14, 27, 24, 13, 39]
    Edit distance: 13/33
  Sample 2:
    TRUE: [28, 24, 39, 27, 33, 20, 37, 39, 35, 17, 39, 21, 12, 8, 39, 16, 22, 39, 2, 22, 2, 6, 1, 29, 30, 39, 19, 2, 20, 33, 38, 2, 22, 39]
    PRED: [28, 24, 39, 27, 33, 20, 37, 39, 35, 17, 39, 21, 12, 22, 8, 39, 16, 22, 39, 16, 22, 2, 34, 0, 28, 39, 19, 2, 20, 33, 38, 2, 22, 39]
    Edit distance: 6/34
  Sample 3:
    TRUE: [20, 3, 27, 17, 37, 39, 19, 0, 28, 30, 33, 21, 39, 22, 17, 8, 2, 8, 39, 6, 20, 1, 19, 39, 14, 20, 2, 34, 37, 39, 30, 33, 39, 6, 17, 39, 19, 2, 21, 26, 20, 17, 30, 20, 17, 39, 10, 20, 2, 14, 2, 22, 30, 39]
    PRED: [19, 3, 27, 39, 19, 3, 24, 21, 39, 22, 17, 8, 39, 6, 27, 0, 19, 39, 20, 2, 34, 39, 30, 33, 39, 6, 17, 39, 19, 2, 21, 16, 20, 30, 17, 39, 10, 20, 2, 22, 8, 39]
    Edit distance: 19/54
  Sample 4:
    TRUE: [9, 2, 39, 30, 33, 31, 39, 13, 10, 27, 17, 39, 13, 11, 14, 0, 30, 39, 30, 33, 39, 19, 2, 21, 39, 35, 10, 22, 39, 27, 0, 18, 11, 37, 39, 30, 33, 31, 39, 13, 10, 20, 39, 4, 30, 39]
    PRED: [9, 2, 39, 30, 27, 33, 31, 39, 13, 5, 17, 39, 27, 24, 30, 39, 30, 33, 39, 19, 0, 21, 39, 35, 10, 22, 39, 35, 5, 29, 11, 37, 39, 9, 33, 31, 39, 13, 12, 27, 20, 39, 4, 30, 39]
    Edit distance: 14/46

============================================================
Batch 13500 | Val PER: 0.2416
============================================================
  Sample 0:
    TRUE: [31, 17, 0, 19, 27, 2, 28, 17, 39, 27, 17, 19, 2, 22, 28, 16, 8, 11, 8, 39]
    PRED: [0, 19, 2, 28, 39, 27, 10, 19, 5, 22, 11, 39]
    Edit distance: 10/20
  Sample 1:
    TRUE: [27, 16, 7, 39, 26, 11, 7, 2, 28, 30, 39, 28, 10, 34, 27, 2, 20, 39, 28, 5, 22, 8, 39, 20, 16, 31, 2, 14, 27, 1, 13, 28, 39]
    PRED: [0, 19, 39, 26, 0, 27, 7, 2, 28, 39, 10, 34, 11, 39, 2, 22, 8, 39, 20, 16, 14, 27, 11, 0, 13, 39]
    Edit distance: 17/33
  Sample 2:
    TRUE: [28, 24, 39, 27, 33, 20, 37, 39, 35, 17, 39, 21, 12, 8, 39, 16, 22, 39, 2, 22, 2, 6, 1, 29, 30, 39, 19, 2, 20, 33, 38, 2, 22, 39]
    PRED: [9, 2, 39, 27, 33, 37, 39, 35, 17, 39, 21, 12, 22, 8, 39, 16, 22, 39, 16, 22, 11, 2, 34, 0, 28, 30, 39, 19, 2, 20, 33, 38, 2, 22, 39]
    Edit distance: 9/34
  Sample 3:
    TRUE: [20, 3, 27, 17, 37, 39, 19, 0, 28, 30, 33, 21, 39, 22, 17, 8, 2, 8, 39, 6, 20, 1, 19, 39, 14, 20, 2, 34, 37, 39, 30, 33, 39, 6, 17, 39, 19, 2, 21, 26, 20, 17, 30, 20, 17, 39, 10, 20, 2, 14, 2, 22, 30, 39]
    PRED: [19, 25, 39, 19, 0, 21, 39, 22, 10, 8, 39, 6, 0, 19, 39, 20, 2, 34, 37, 39, 30, 33, 39, 6, 17, 39, 2, 21, 26, 30, 20, 2, 17, 39, 10, 20, 2, 22, 8, 39]
    Edit distance: 21/54
  Sample 4:
    TRUE: [9, 2, 39, 30, 33, 31, 39, 13, 10, 27, 17, 39, 13, 11, 14, 0, 30, 39, 30, 33, 39, 19, 2, 21, 39, 35, 10, 22, 39, 27, 0, 18, 11, 37, 39, 30, 33, 31, 39, 13, 10, 20, 39, 4, 30, 39]
    PRED: [9, 2, 39, 30, 33, 31, 39, 34, 5, 17, 39, 27, 11, 0, 39, 30, 33, 39, 19, 5, 21, 39, 27, 2, 22, 39, 35, 5, 11, 37, 39, 33, 31, 39, 13, 12, 11, 39, 4, 30, 39]
    Edit distance: 15/46

============================================================
Batch 14000 | Val PER: 0.2406
============================================================
  Sample 0:
    TRUE: [31, 17, 0, 19, 27, 2, 28, 17, 39, 27, 17, 19, 2, 22, 28, 16, 8, 11, 8, 39]
    PRED: [27, 1, 19, 2, 28, 39, 2, 19, 22, 2, 11, 39]
    Edit distance: 12/20
  Sample 1:
    TRUE: [27, 16, 7, 39, 26, 11, 7, 2, 28, 30, 39, 28, 10, 34, 27, 2, 20, 39, 28, 5, 22, 8, 39, 20, 16, 31, 2, 14, 27, 1, 13, 28, 39]
    PRED: [27, 1, 19, 39, 28, 26, 27, 0, 27, 7, 2, 28, 39, 10, 34, 11, 39, 28, 2, 22, 8, 39, 20, 16, 19, 12, 2, 2, 13, 39]
    Edit distance: 18/33
  Sample 2:
    TRUE: [28, 24, 39, 27, 33, 20, 37, 39, 35, 17, 39, 21, 12, 8, 39, 16, 22, 39, 2, 22, 2, 6, 1, 29, 30, 39, 19, 2, 20, 33, 38, 2, 22, 39]
    PRED: [9, 2, 39, 27, 24, 37, 39, 35, 17, 39, 21, 10, 30, 39, 16, 22, 39, 16, 22, 16, 34, 2, 28, 30, 39, 19, 2, 20, 33, 38, 2, 22, 39]
    Edit distance: 11/34
  Sample 3:
    TRUE: [20, 3, 27, 17, 37, 39, 19, 0, 28, 30, 33, 21, 39, 22, 17, 8, 2, 8, 39, 6, 20, 1, 19, 39, 14, 20, 2, 34, 37, 39, 30, 33, 39, 6, 17, 39, 19, 2, 21, 26, 20, 17, 30, 20, 17, 39, 10, 20, 2, 14, 2, 22, 30, 39]
    PRED: [19, 27, 25, 39, 19, 0, 24, 21, 39, 22, 17, 8, 39, 6, 27, 2, 19, 39, 20, 2, 34, 37, 39, 30, 33, 39, 6, 17, 39, 2, 21, 26, 20, 17, 39, 12, 20, 2, 22, 39]
    Edit distance: 20/54
  Sample 4:
    TRUE: [9, 2, 39, 30, 33, 31, 39, 13, 10, 27, 17, 39, 13, 11, 14, 0, 30, 39, 30, 33, 39, 19, 2, 21, 39, 35, 10, 22, 39, 27, 0, 18, 11, 37, 39, 30, 33, 31, 39, 13, 10, 20, 39, 4, 30, 39]
    PRED: [9, 2, 39, 30, 33, 31, 39, 34, 2, 12, 39, 26, 27, 2, 0, 19, 39, 30, 33, 39, 19, 0, 21, 39, 27, 11, 22, 8, 39, 27, 0, 19, 11, 39, 30, 33, 31, 39, 13, 12, 39, 4, 30, 39]
    Edit distance: 16/46

============================================================
Batch 14500 | Val PER: 0.2329
============================================================
  Sample 0:
    TRUE: [31, 17, 0, 19, 27, 2, 28, 17, 39, 27, 17, 19, 2, 22, 28, 16, 8, 11, 8, 39]
    PRED: [0, 19, 2, 28, 39, 27, 2, 19, 5, 2, 39]
    Edit distance: 12/20
  Sample 1:
    TRUE: [27, 16, 7, 39, 26, 11, 7, 2, 28, 30, 39, 28, 10, 34, 27, 2, 20, 39, 28, 5, 22, 8, 39, 20, 16, 31, 2, 14, 27, 1, 13, 28, 39]
    PRED: [17, 19, 28, 39, 26, 2, 0, 27, 29, 7, 2, 39, 10, 34, 11, 39, 28, 5, 22, 8, 39, 20, 16, 19, 36, 0, 13, 39]
    Edit distance: 19/33
  Sample 2:
    TRUE: [28, 24, 39, 27, 33, 20, 37, 39, 35, 17, 39, 21, 12, 8, 39, 16, 22, 39, 2, 22, 2, 6, 1, 29, 30, 39, 19, 2, 20, 33, 38, 2, 22, 39]
    PRED: [9, 2, 39, 27, 33, 37, 39, 35, 17, 39, 21, 10, 22, 39, 16, 22, 39, 2, 22, 2, 21, 2, 28, 30, 39, 19, 2, 20, 33, 38, 2, 22, 39]
    Edit distance: 8/34
  Sample 3:
    TRUE: [20, 3, 27, 17, 37, 39, 19, 0, 28, 30, 33, 21, 39, 22, 17, 8, 2, 8, 39, 6, 20, 1, 19, 39, 14, 20, 2, 34, 37, 39, 30, 33, 39, 6, 17, 39, 19, 2, 21, 26, 20, 17, 30, 20, 17, 39, 10, 20, 2, 14, 2, 22, 30, 39]
    PRED: [19, 3, 37, 39, 19, 0, 2, 21, 39, 22, 17, 8, 39, 6, 0, 19, 39, 20, 2, 34, 37, 39, 30, 33, 39, 6, 17, 39, 19, 2, 21, 26, 20, 30, 17, 39, 12, 20, 2, 22, 30, 39]
    Edit distance: 16/54
  Sample 4:
    TRUE: [9, 2, 39, 30, 33, 31, 39, 13, 10, 27, 17, 39, 13, 11, 14, 0, 30, 39, 30, 33, 39, 19, 2, 21, 39, 35, 10, 22, 39, 27, 0, 18, 11, 37, 39, 30, 33, 31, 39, 13, 10, 20, 39, 4, 30, 39]
    PRED: [9, 2, 39, 30, 33, 31, 39, 34, 5, 27, 17, 39, 6, 27, 17, 0, 19, 22, 39, 30, 33, 39, 19, 0, 21, 39, 11, 22, 8, 39, 35, 0, 7, 11, 37, 39, 30, 33, 31, 39, 13, 1, 39, 4, 30, 39]
    Edit distance: 15/46

============================================================
Batch 15000 | Val PER: 0.2356
============================================================
  Sample 0:
    TRUE: [31, 17, 0, 19, 27, 2, 28, 17, 39, 27, 17, 19, 2, 22, 28, 16, 8, 11, 8, 39]
    PRED: [5, 19, 2, 28, 39, 27, 16, 19, 5, 11, 39]
    Edit distance: 12/20
  Sample 1:
    TRUE: [27, 16, 7, 39, 26, 11, 7, 2, 28, 30, 39, 28, 10, 34, 27, 2, 20, 39, 28, 5, 22, 8, 39, 20, 16, 31, 2, 14, 27, 1, 13, 28, 39]
    PRED: [27, 5, 19, 39, 26, 0, 27, 29, 28, 2, 39, 28, 10, 34, 11, 2, 20, 39, 28, 2, 22, 39, 19, 16, 31, 3, 13, 39]
    Edit distance: 15/33
  Sample 2:
    TRUE: [28, 24, 39, 27, 33, 20, 37, 39, 35, 17, 39, 21, 12, 8, 39, 16, 22, 39, 2, 22, 2, 6, 1, 29, 30, 39, 19, 2, 20, 33, 38, 2, 22, 39]
    PRED: [9, 24, 39, 27, 33, 37, 39, 35, 17, 39, 21, 12, 30, 22, 39, 16, 22, 39, 16, 22, 2, 13, 27, 1, 28, 39, 19, 2, 20, 33, 38, 2, 22, 39]
    Edit distance: 9/34
  Sample 3:
    TRUE: [20, 3, 27, 17, 37, 39, 19, 0, 28, 30, 33, 21, 39, 22, 17, 8, 2, 8, 39, 6, 20, 1, 19, 39, 14, 20, 2, 34, 37, 39, 30, 33, 39, 6, 17, 39, 19, 2, 21, 26, 20, 17, 30, 20, 17, 39, 10, 20, 2, 14, 2, 22, 30, 39]
    PRED: [19, 25, 39, 19, 1, 19, 21, 39, 22, 17, 8, 39, 6, 27, 2, 19, 39, 20, 2, 34, 39, 30, 33, 39, 6, 17, 39, 19, 2, 21, 26, 20, 30, 17, 39, 10, 20, 2, 22, 8, 39]
    Edit distance: 20/54
  Sample 4:
    TRUE: [9, 2, 39, 30, 33, 31, 39, 13, 10, 27, 17, 39, 13, 11, 14, 0, 30, 39, 30, 33, 39, 19, 2, 21, 39, 35, 10, 22, 39, 27, 0, 18, 11, 37, 39, 30, 33, 31, 39, 13, 10, 20, 39, 4, 30, 39]
    PRED: [9, 2, 39, 30, 33, 31, 39, 13, 17, 27, 17, 39, 27, 24, 19, 30, 39, 30, 33, 39, 30, 5, 21, 39, 27, 11, 22, 39, 27, 5, 11, 37, 39, 30, 33, 31, 39, 13, 12, 39, 4, 30, 39]
    Edit distance: 13/46

============================================================
Batch 15500 | Val PER: 0.2433
============================================================
  Sample 0:
    TRUE: [31, 17, 0, 19, 27, 2, 28, 17, 39, 27, 17, 19, 2, 22, 28, 16, 8, 11, 8, 39]
    PRED: [27, 5, 0, 19, 2, 28, 39, 27, 2, 19, 22, 5, 39]
    Edit distance: 11/20
  Sample 1:
    TRUE: [27, 16, 7, 39, 26, 11, 7, 2, 28, 30, 39, 28, 10, 34, 27, 2, 20, 39, 28, 5, 22, 8, 39, 20, 16, 31, 2, 14, 27, 1, 13, 28, 39]
    PRED: [35, 17, 19, 39, 28, 26, 0, 27, 29, 2, 28, 39, 10, 34, 11, 39, 19, 5, 8, 39, 19, 16, 28, 2, 5, 13, 39]
    Edit distance: 20/33
  Sample 2:
    TRUE: [28, 24, 39, 27, 33, 20, 37, 39, 35, 17, 39, 21, 12, 8, 39, 16, 22, 39, 2, 22, 2, 6, 1, 29, 30, 39, 19, 2, 20, 33, 38, 2, 22, 39]
    PRED: [9, 2, 39, 27, 33, 37, 39, 35, 17, 39, 21, 12, 22, 8, 39, 16, 22, 39, 2, 22, 11, 34, 1, 28, 39, 19, 2, 20, 25, 38, 2, 22, 39]
    Edit distance: 9/34
  Sample 3:
    TRUE: [20, 3, 27, 17, 37, 39, 19, 0, 28, 30, 33, 21, 39, 22, 17, 8, 2, 8, 39, 6, 20, 1, 19, 39, 14, 20, 2, 34, 37, 39, 30, 33, 39, 6, 17, 39, 19, 2, 21, 26, 20, 17, 30, 20, 17, 39, 10, 20, 2, 14, 2, 22, 30, 39]
    PRED: [19, 3, 27, 39, 19, 0, 19, 0, 21, 39, 22, 17, 8, 39, 6, 27, 0, 19, 39, 8, 27, 0, 34, 37, 39, 30, 33, 39, 6, 17, 39, 19, 2, 21, 26, 20, 27, 17, 39, 10, 20, 2, 22, 8, 39]
    Edit distance: 19/54
  Sample 4:
    TRUE: [9, 2, 39, 30, 33, 31, 39, 13, 10, 27, 17, 39, 13, 11, 14, 0, 30, 39, 30, 33, 39, 19, 2, 21, 39, 35, 10, 22, 39, 27, 0, 18, 11, 37, 39, 30, 33, 31, 39, 13, 10, 20, 39, 4, 30, 39]
    PRED: [9, 2, 39, 30, 33, 31, 39, 5, 27, 17, 39, 27, 24, 0, 2, 30, 39, 30, 33, 39, 19, 0, 21, 39, 27, 11, 4, 22, 39, 35, 5, 11, 39, 30, 33, 9, 39, 13, 1, 39, 4, 30, 39]
    Edit distance: 17/46

============================================================
Batch 16000 | Val PER: 0.2361
============================================================
  Sample 0:
    TRUE: [31, 17, 0, 19, 27, 2, 28, 17, 39, 27, 17, 19, 2, 22, 28, 16, 8, 11, 8, 39]
    PRED: [1, 19, 2, 28, 39, 27, 2, 19, 4, 22, 2, 39]
    Edit distance: 12/20
  Sample 1:
    TRUE: [27, 16, 7, 39, 26, 11, 7, 2, 28, 30, 39, 28, 10, 34, 27, 2, 20, 39, 28, 5, 22, 8, 39, 20, 16, 31, 2, 14, 27, 1, 13, 28, 39]
    PRED: [27, 17, 19, 39, 26, 0, 7, 2, 28, 39, 10, 34, 2, 20, 39, 28, 5, 22, 39, 20, 16, 3, 3, 13, 39]
    Edit distance: 13/33
  Sample 2:
    TRUE: [28, 24, 39, 27, 33, 20, 37, 39, 35, 17, 39, 21, 12, 8, 39, 16, 22, 39, 2, 22, 2, 6, 1, 29, 30, 39, 19, 2, 20, 33, 38, 2, 22, 39]
    PRED: [9, 2, 39, 27, 24, 28, 29, 39, 35, 17, 39, 21, 10, 22, 39, 16, 22, 39, 2, 22, 2, 34, 2, 28, 30, 39, 19, 2, 20, 33, 38, 2, 22, 39]
    Edit distance: 10/34
  Sample 3:
    TRUE: [20, 3, 27, 17, 37, 39, 19, 0, 28, 30, 33, 21, 39, 22, 17, 8, 2, 8, 39, 6, 20, 1, 19, 39, 14, 20, 2, 34, 37, 39, 30, 33, 39, 6, 17, 39, 19, 2, 21, 26, 20, 17, 30, 20, 17, 39, 10, 20, 2, 14, 2, 22, 30, 39]
    PRED: [19, 3, 39, 19, 0, 2, 21, 39, 22, 17, 8, 39, 6, 2, 19, 39, 20, 3, 13, 37, 39, 30, 33, 39, 6, 17, 39, 0, 21, 26, 0, 30, 17, 39, 10, 20, 2, 22, 30, 39]
    Edit distance: 21/54
  Sample 4:
    TRUE: [9, 2, 39, 30, 33, 31, 39, 13, 10, 27, 17, 39, 13, 11, 14, 0, 30, 39, 30, 33, 39, 19, 2, 21, 39, 35, 10, 22, 39, 27, 0, 18, 11, 37, 39, 30, 33, 31, 39, 13, 10, 20, 39, 4, 30, 39]
    PRED: [9, 2, 39, 30, 33, 31, 39, 34, 5, 17, 11, 39, 26, 27, 2, 0, 19, 30, 39, 30, 33, 39, 19, 0, 21, 37, 39, 27, 2, 22, 39, 35, 0, 11, 37, 39, 9, 33, 31, 39, 13, 0, 39, 4, 30, 39]
    Edit distance: 17/46

============================================================
Batch 16500 | Val PER: 0.2413
============================================================
  Sample 0:
    TRUE: [31, 17, 0, 19, 27, 2, 28, 17, 39, 27, 17, 19, 2, 22, 28, 16, 8, 11, 8, 39]
    PRED: [29, 5, 0, 19, 2, 19, 28, 39, 2, 19, 11, 2, 39]
    Edit distance: 13/20
  Sample 1:
    TRUE: [27, 16, 7, 39, 26, 11, 7, 2, 28, 30, 39, 28, 10, 34, 27, 2, 20, 39, 28, 5, 22, 8, 39, 20, 16, 31, 2, 14, 27, 1, 13, 28, 39]
    PRED: [27, 0, 19, 28, 26, 0, 2, 28, 37, 39, 10, 34, 2, 20, 39, 2, 8, 39, 8, 16, 1, 13, 39]
    Edit distance: 17/33
  Sample 2:
    TRUE: [28, 24, 39, 27, 33, 20, 37, 39, 35, 17, 39, 21, 12, 8, 39, 16, 22, 39, 2, 22, 2, 6, 1, 29, 30, 39, 19, 2, 20, 33, 38, 2, 22, 39]
    PRED: [9, 2, 39, 27, 33, 20, 37, 39, 35, 17, 39, 21, 12, 8, 39, 16, 22, 39, 2, 22, 2, 2, 28, 39, 19, 2, 20, 33, 38, 2, 22, 39]
    Edit distance: 6/34
  Sample 3:
    TRUE: [20, 3, 27, 17, 37, 39, 19, 0, 28, 30, 33, 21, 39, 22, 17, 8, 2, 8, 39, 6, 20, 1, 19, 39, 14, 20, 2, 34, 37, 39, 30, 33, 39, 6, 17, 39, 19, 2, 21, 26, 20, 17, 30, 20, 17, 39, 10, 20, 2, 14, 2, 22, 30, 39]
    PRED: [20, 4, 39, 19, 0, 6, 2, 21, 39, 22, 17, 8, 39, 6, 16, 19, 39, 20, 2, 13, 37, 39, 33, 39, 6, 17, 39, 2, 21, 26, 20, 30, 17, 39, 16, 20, 2, 22, 30, 39]
    Edit distance: 20/54
  Sample 4:
    TRUE: [9, 2, 39, 30, 33, 31, 39, 13, 10, 27, 17, 39, 13, 11, 14, 0, 30, 39, 30, 33, 39, 19, 2, 21, 39, 35, 10, 22, 39, 27, 0, 18, 11, 37, 39, 30, 33, 31, 39, 13, 10, 20, 39, 4, 30, 39]
    PRED: [9, 2, 39, 30, 33, 31, 39, 34, 5, 27, 17, 39, 27, 11, 0, 2, 39, 30, 33, 39, 30, 0, 21, 39, 27, 11, 22, 39, 35, 12, 11, 37, 39, 9, 33, 9, 39, 13, 1, 4, 30, 39]
    Edit distance: 17/46

============================================================
Batch 17000 | Val PER: 0.2396
============================================================
  Sample 0:
    TRUE: [31, 17, 0, 19, 27, 2, 28, 17, 39, 27, 17, 19, 2, 22, 28, 16, 8, 11, 8, 39]
    PRED: [19, 5, 0, 19, 2, 29, 39, 10, 19, 0, 22, 11, 8, 39]
    Edit distance: 11/20
  Sample 1:
    TRUE: [27, 16, 7, 39, 26, 11, 7, 2, 28, 30, 39, 28, 10, 34, 27, 2, 20, 39, 28, 5, 22, 8, 39, 20, 16, 31, 2, 14, 27, 1, 13, 28, 39]
    PRED: [27, 10, 19, 28, 39, 26, 0, 27, 18, 2, 28, 39, 10, 34, 2, 20, 39, 28, 5, 22, 8, 39, 20, 16, 19, 3, 11, 0, 13, 39]
    Edit distance: 15/33
  Sample 2:
    TRUE: [28, 24, 39, 27, 33, 20, 37, 39, 35, 17, 39, 21, 12, 8, 39, 16, 22, 39, 2, 22, 2, 6, 1, 29, 30, 39, 19, 2, 20, 33, 38, 2, 22, 39]
    PRED: [9, 2, 39, 27, 33, 20, 37, 39, 35, 17, 39, 21, 10, 22, 8, 39, 16, 22, 39, 16, 22, 11, 21, 1, 28, 30, 39, 19, 2, 20, 33, 38, 2, 22, 39]
    Edit distance: 8/34
  Sample 3:
    TRUE: [20, 3, 27, 17, 37, 39, 19, 0, 28, 30, 33, 21, 39, 22, 17, 8, 2, 8, 39, 6, 20, 1, 19, 39, 14, 20, 2, 34, 37, 39, 30, 33, 39, 6, 17, 39, 19, 2, 21, 26, 20, 17, 30, 20, 17, 39, 10, 20, 2, 14, 2, 22, 30, 39]
    PRED: [19, 3, 27, 37, 39, 19, 1, 6, 2, 21, 39, 22, 17, 8, 39, 6, 27, 2, 19, 39, 18, 2, 34, 37, 39, 30, 33, 39, 6, 17, 39, 2, 21, 26, 20, 0, 27, 30, 17, 39, 10, 20, 2, 22, 8, 39]
    Edit distance: 19/54
  Sample 4:
    TRUE: [9, 2, 39, 30, 33, 31, 39, 13, 10, 27, 17, 39, 13, 11, 14, 0, 30, 39, 30, 33, 39, 19, 2, 21, 39, 35, 10, 22, 39, 27, 0, 18, 11, 37, 39, 30, 33, 31, 39, 13, 10, 20, 39, 4, 30, 39]
    PRED: [9, 2, 39, 30, 33, 31, 39, 34, 10, 27, 17, 39, 26, 27, 17, 0, 19, 2, 22, 39, 30, 33, 39, 19, 0, 21, 39, 27, 2, 22, 39, 35, 12, 7, 11, 37, 39, 9, 33, 37, 39, 13, 1, 27, 39, 4, 30, 39]
    Edit distance: 17/46

============================================================
Batch 17500 | Val PER: 0.2348
============================================================
  Sample 0:
    TRUE: [31, 17, 0, 19, 27, 2, 28, 17, 39, 27, 17, 19, 2, 22, 28, 16, 8, 11, 8, 39]
    PRED: [19, 27, 5, 19, 2, 28, 39, 2, 19, 10, 22, 8, 39]
    Edit distance: 12/20
  Sample 1:
    TRUE: [27, 16, 7, 39, 26, 11, 7, 2, 28, 30, 39, 28, 10, 34, 27, 2, 20, 39, 28, 5, 22, 8, 39, 20, 16, 31, 2, 14, 27, 1, 13, 28, 39]
    PRED: [27, 17, 19, 39, 26, 0, 29, 2, 39, 10, 34, 11, 20, 39, 28, 5, 22, 8, 39, 20, 10, 19, 31, 0, 13, 38, 39]
    Edit distance: 16/33
  Sample 2:
    TRUE: [28, 24, 39, 27, 33, 20, 37, 39, 35, 17, 39, 21, 12, 8, 39, 16, 22, 39, 2, 22, 2, 6, 1, 29, 30, 39, 19, 2, 20, 33, 38, 2, 22, 39]
    PRED: [9, 2, 39, 27, 33, 20, 37, 39, 35, 17, 39, 21, 12, 22, 8, 39, 16, 22, 39, 16, 22, 2, 6, 1, 28, 39, 19, 2, 20, 33, 38, 2, 22, 39]
    Edit distance: 6/34
  Sample 3:
    TRUE: [20, 3, 27, 17, 37, 39, 19, 0, 28, 30, 33, 21, 39, 22, 17, 8, 2, 8, 39, 6, 20, 1, 19, 39, 14, 20, 2, 34, 37, 39, 30, 33, 39, 6, 17, 39, 19, 2, 21, 26, 20, 17, 30, 20, 17, 39, 10, 20, 2, 14, 2, 22, 30, 39]
    PRED: [19, 27, 11, 39, 19, 1, 6, 2, 21, 39, 22, 17, 8, 39, 6, 27, 1, 19, 39, 14, 2, 34, 37, 39, 30, 33, 39, 6, 17, 39, 2, 21, 26, 0, 27, 30, 17, 39, 10, 20, 2, 8, 39]
    Edit distance: 20/54
  Sample 4:
    TRUE: [9, 2, 39, 30, 33, 31, 39, 13, 10, 27, 17, 39, 13, 11, 14, 0, 30, 39, 30, 33, 39, 19, 2, 21, 39, 35, 10, 22, 39, 27, 0, 18, 11, 37, 39, 30, 33, 31, 39, 13, 10, 20, 39, 4, 30, 39]
    PRED: [9, 2, 39, 30, 33, 13, 31, 39, 34, 10, 27, 17, 39, 26, 27, 2, 0, 2, 22, 39, 30, 33, 39, 19, 2, 21, 39, 35, 10, 22, 8, 39, 35, 0, 11, 37, 39, 33, 39, 13, 1, 39, 4, 30, 39]
    Edit distance: 14/46

============================================================
Batch 18000 | Val PER: 0.2370
============================================================
  Sample 0:
    TRUE: [31, 17, 0, 19, 27, 2, 28, 17, 39, 27, 17, 19, 2, 22, 28, 16, 8, 11, 8, 39]
    PRED: [27, 0, 0, 19, 2, 19, 39, 16, 19, 10, 22, 2, 8, 39]
    Edit distance: 12/20
  Sample 1:
    TRUE: [27, 16, 7, 39, 26, 11, 7, 2, 28, 30, 39, 28, 10, 34, 27, 2, 20, 39, 28, 5, 22, 8, 39, 20, 16, 31, 2, 14, 27, 1, 13, 28, 39]
    PRED: [27, 17, 19, 39, 28, 26, 27, 0, 7, 2, 39, 10, 34, 2, 20, 39, 28, 5, 22, 8, 39, 20, 16, 19, 0, 13, 39]
    Edit distance: 15/33
  Sample 2:
    TRUE: [28, 24, 39, 27, 33, 20, 37, 39, 35, 17, 39, 21, 12, 8, 39, 16, 22, 39, 2, 22, 2, 6, 1, 29, 30, 39, 19, 2, 20, 33, 38, 2, 22, 39]
    PRED: [9, 2, 39, 27, 33, 37, 39, 35, 17, 39, 16, 21, 12, 22, 8, 39, 16, 22, 39, 2, 22, 2, 13, 6, 1, 28, 30, 39, 19, 2, 20, 33, 38, 2, 22, 39]
    Edit distance: 7/34
  Sample 3:
    TRUE: [20, 3, 27, 17, 37, 39, 19, 0, 28, 30, 33, 21, 39, 22, 17, 8, 2, 8, 39, 6, 20, 1, 19, 39, 14, 20, 2, 34, 37, 39, 30, 33, 39, 6, 17, 39, 19, 2, 21, 26, 20, 17, 30, 20, 17, 39, 10, 20, 2, 14, 2, 22, 30, 39]
    PRED: [27, 3, 27, 16, 39, 19, 0, 28, 2, 21, 39, 22, 17, 8, 39, 6, 27, 1, 19, 39, 20, 2, 34, 37, 39, 30, 33, 39, 6, 17, 39, 2, 21, 26, 0, 30, 17, 39, 16, 20, 2, 22, 8, 39]
    Edit distance: 17/54
  Sample 4:
    TRUE: [9, 2, 39, 30, 33, 31, 39, 13, 10, 27, 17, 39, 13, 11, 14, 0, 30, 39, 30, 33, 39, 19, 2, 21, 39, 35, 10, 22, 39, 27, 0, 18, 11, 37, 39, 30, 33, 31, 39, 13, 10, 20, 39, 4, 30, 39]
    PRED: [9, 2, 39, 30, 33, 31, 39, 34, 10, 27, 17, 39, 27, 17, 0, 19, 30, 39, 30, 33, 39, 19, 5, 21, 37, 39, 27, 10, 22, 8, 39, 35, 12, 19, 11, 37, 39, 9, 33, 31, 39, 13, 1, 39, 4, 30, 39]
    Edit distance: 15/46

============================================================
Batch 18500 | Val PER: 0.2339
============================================================
  Sample 0:
    TRUE: [31, 17, 0, 19, 27, 2, 28, 17, 39, 27, 17, 19, 2, 22, 28, 16, 8, 11, 8, 39]
    PRED: [19, 17, 5, 19, 2, 28, 39, 2, 19, 4, 22, 16, 8, 39]
    Edit distance: 10/20
  Sample 1:
    TRUE: [27, 16, 7, 39, 26, 11, 7, 2, 28, 30, 39, 28, 10, 34, 27, 2, 20, 39, 28, 5, 22, 8, 39, 20, 16, 31, 2, 14, 27, 1, 13, 28, 39]
    PRED: [17, 19, 39, 28, 26, 0, 27, 29, 2, 39, 10, 34, 11, 39, 28, 5, 22, 8, 39, 8, 16, 0, 13, 39]
    Edit distance: 20/33
  Sample 2:
    TRUE: [28, 24, 39, 27, 33, 20, 37, 39, 35, 17, 39, 21, 12, 8, 39, 16, 22, 39, 2, 22, 2, 6, 1, 29, 30, 39, 19, 2, 20, 33, 38, 2, 22, 39]
    PRED: [9, 2, 39, 27, 33, 28, 37, 39, 35, 17, 39, 21, 12, 22, 39, 16, 22, 39, 2, 22, 3, 34, 1, 28, 39, 19, 2, 20, 33, 38, 2, 22, 39]
    Edit distance: 8/34
  Sample 3:
    TRUE: [20, 3, 27, 17, 37, 39, 19, 0, 28, 30, 33, 21, 39, 22, 17, 8, 2, 8, 39, 6, 20, 1, 19, 39, 14, 20, 2, 34, 37, 39, 30, 33, 39, 6, 17, 39, 19, 2, 21, 26, 20, 17, 30, 20, 17, 39, 10, 20, 2, 14, 2, 22, 30, 39]
    PRED: [3, 27, 39, 19, 1, 21, 39, 22, 17, 8, 39, 6, 27, 1, 19, 39, 20, 2, 34, 37, 39, 30, 33, 39, 6, 17, 39, 2, 21, 26, 0, 30, 17, 39, 16, 20, 2, 22, 8, 39]
    Edit distance: 19/54
  Sample 4:
    TRUE: [9, 2, 39, 30, 33, 31, 39, 13, 10, 27, 17, 39, 13, 11, 14, 0, 30, 39, 30, 33, 39, 19, 2, 21, 39, 35, 10, 22, 39, 27, 0, 18, 11, 37, 39, 30, 33, 31, 39, 13, 10, 20, 39, 4, 30, 39]
    PRED: [9, 2, 39, 30, 33, 13, 31, 39, 5, 27, 39, 27, 17, 0, 22, 39, 30, 33, 39, 19, 0, 21, 39, 27, 1, 22, 8, 39, 35, 0, 11, 37, 39, 33, 31, 39, 13, 39, 4, 30, 39]
    Edit distance: 17/46

============================================================
Batch 19000 | Val PER: 0.2358
============================================================
  Sample 0:
    TRUE: [31, 17, 0, 19, 27, 2, 28, 17, 39, 27, 17, 19, 2, 22, 28, 16, 8, 11, 8, 39]
    PRED: [27, 0, 19, 39, 27, 24, 19, 4, 22, 16, 8, 39]
    Edit distance: 11/20
  Sample 1:
    TRUE: [27, 16, 7, 39, 26, 11, 7, 2, 28, 30, 39, 28, 10, 34, 27, 2, 20, 39, 28, 5, 22, 8, 39, 20, 16, 31, 2, 14, 27, 1, 13, 28, 39]
    PRED: [27, 10, 19, 39, 26, 0, 27, 29, 2, 18, 39, 10, 34, 11, 20, 39, 28, 5, 22, 8, 39, 20, 16, 31, 11, 5, 13, 39]
    Edit distance: 15/33
  Sample 2:
    TRUE: [28, 24, 39, 27, 33, 20, 37, 39, 35, 17, 39, 21, 12, 8, 39, 16, 22, 39, 2, 22, 2, 6, 1, 29, 30, 39, 19, 2, 20, 33, 38, 2, 22, 39]
    PRED: [9, 2, 39, 27, 33, 37, 39, 35, 17, 39, 21, 12, 22, 8, 39, 16, 22, 39, 16, 22, 2, 21, 1, 28, 30, 39, 19, 2, 20, 33, 38, 2, 22, 39]
    Edit distance: 7/34
  Sample 3:
    TRUE: [20, 3, 27, 17, 37, 39, 19, 0, 28, 30, 33, 21, 39, 22, 17, 8, 2, 8, 39, 6, 20, 1, 19, 39, 14, 20, 2, 34, 37, 39, 30, 33, 39, 6, 17, 39, 19, 2, 21, 26, 20, 17, 30, 20, 17, 39, 10, 20, 2, 14, 2, 22, 30, 39]
    PRED: [36, 3, 27, 39, 19, 0, 0, 21, 39, 22, 17, 8, 39, 6, 27, 1, 19, 39, 20, 2, 34, 37, 39, 30, 33, 39, 6, 17, 39, 19, 0, 21, 26, 20, 30, 17, 39, 10, 20, 2, 22, 8, 39]
    Edit distance: 16/54
  Sample 4:
    TRUE: [9, 2, 39, 30, 33, 31, 39, 13, 10, 27, 17, 39, 13, 11, 14, 0, 30, 39, 30, 33, 39, 19, 2, 21, 39, 35, 10, 22, 39, 27, 0, 18, 11, 37, 39, 30, 33, 31, 39, 13, 10, 20, 39, 4, 30, 39]
    PRED: [9, 2, 39, 30, 33, 31, 39, 34, 10, 27, 17, 39, 27, 17, 0, 39, 30, 33, 39, 30, 5, 21, 39, 11, 22, 39, 35, 27, 0, 30, 11, 37, 39, 9, 33, 31, 39, 13, 1, 39, 4, 30, 39]
    Edit distance: 14/46

============================================================
Batch 19500 | Val PER: 0.2348
============================================================
  Sample 0:
    TRUE: [31, 17, 0, 19, 27, 2, 28, 17, 39, 27, 17, 19, 2, 22, 28, 16, 8, 11, 8, 39]
    PRED: [19, 0, 19, 2, 39, 27, 16, 19, 11, 4, 22, 2, 8, 39]
    Edit distance: 12/20
  Sample 1:
    TRUE: [27, 16, 7, 39, 26, 11, 7, 2, 28, 30, 39, 28, 10, 34, 27, 2, 20, 39, 28, 5, 22, 8, 39, 20, 16, 31, 2, 14, 27, 1, 13, 28, 39]
    PRED: [12, 19, 28, 39, 28, 26, 2, 27, 7, 2, 37, 39, 10, 34, 11, 39, 28, 5, 8, 39, 20, 16, 28, 11, 20, 1, 13, 39]
    Edit distance: 18/33
  Sample 2:
    TRUE: [28, 24, 39, 27, 33, 20, 37, 39, 35, 17, 39, 21, 12, 8, 39, 16, 22, 39, 2, 22, 2, 6, 1, 29, 30, 39, 19, 2, 20, 33, 38, 2, 22, 39]
    PRED: [9, 2, 39, 27, 33, 20, 37, 39, 35, 11, 39, 21, 12, 22, 8, 39, 16, 22, 39, 16, 22, 2, 21, 1, 28, 39, 19, 2, 20, 33, 38, 2, 22, 39]
    Edit distance: 8/34
  Sample 3:
    TRUE: [20, 3, 27, 17, 37, 39, 19, 0, 28, 30, 33, 21, 39, 22, 17, 8, 2, 8, 39, 6, 20, 1, 19, 39, 14, 20, 2, 34, 37, 39, 30, 33, 39, 6, 17, 39, 19, 2, 21, 26, 20, 17, 30, 20, 17, 39, 10, 20, 2, 14, 2, 22, 30, 39]
    PRED: [19, 3, 27, 16, 39, 19, 1, 2, 21, 39, 22, 17, 8, 39, 6, 27, 1, 19, 39, 8, 20, 2, 34, 37, 39, 30, 33, 39, 6, 17, 39, 19, 2, 21, 26, 20, 30, 17, 39, 16, 20, 2, 22, 8, 39]
    Edit distance: 17/54
  Sample 4:
    TRUE: [9, 2, 39, 30, 33, 31, 39, 13, 10, 27, 17, 39, 13, 11, 14, 0, 30, 39, 30, 33, 39, 19, 2, 21, 39, 35, 10, 22, 39, 27, 0, 18, 11, 37, 39, 30, 33, 31, 39, 13, 10, 20, 39, 4, 30, 39]
    PRED: [9, 2, 39, 30, 33, 31, 39, 34, 10, 27, 17, 39, 27, 17, 0, 19, 30, 2, 30, 39, 30, 33, 39, 19, 0, 21, 39, 11, 22, 8, 39, 0, 19, 11, 37, 39, 36, 33, 31, 39, 13, 1, 20, 39, 4, 30, 39]
    Edit distance: 15/46

============================================================
Batch 20000 | Val PER: 0.2357
============================================================
  Sample 0:
    TRUE: [31, 17, 0, 19, 27, 2, 28, 17, 39, 27, 17, 19, 2, 22, 28, 16, 8, 11, 8, 39]
    PRED: [17, 0, 19, 29, 39, 27, 2, 19, 0, 22, 30, 2, 16, 8, 39]
    Edit distance: 11/20
  Sample 1:
    TRUE: [27, 16, 7, 39, 26, 11, 7, 2, 28, 30, 39, 28, 10, 34, 27, 2, 20, 39, 28, 5, 22, 8, 39, 20, 16, 31, 2, 14, 27, 1, 13, 28, 39]
    PRED: [17, 7, 39, 28, 26, 3, 27, 7, 39, 10, 34, 2, 20, 39, 28, 5, 22, 8, 39, 20, 16, 11, 20, 1, 13, 28, 39]
    Edit distance: 14/33
  Sample 2:
    TRUE: [28, 24, 39, 27, 33, 20, 37, 39, 35, 17, 39, 21, 12, 8, 39, 16, 22, 39, 2, 22, 2, 6, 1, 29, 30, 39, 19, 2, 20, 33, 38, 2, 22, 39]
    PRED: [9, 2, 39, 27, 33, 20, 37, 39, 35, 17, 39, 21, 12, 22, 8, 39, 16, 22, 39, 16, 22, 2, 21, 1, 29, 30, 39, 19, 2, 20, 33, 38, 2, 22, 39]
    Edit distance: 5/34
  Sample 3:
    TRUE: [20, 3, 27, 17, 37, 39, 19, 0, 28, 30, 33, 21, 39, 22, 17, 8, 2, 8, 39, 6, 20, 1, 19, 39, 14, 20, 2, 34, 37, 39, 30, 33, 39, 6, 17, 39, 19, 2, 21, 26, 20, 17, 30, 20, 17, 39, 10, 20, 2, 14, 2, 22, 30, 39]
    PRED: [25, 39, 19, 0, 37, 6, 21, 39, 22, 17, 8, 39, 6, 27, 0, 19, 39, 20, 16, 34, 37, 39, 30, 33, 39, 6, 17, 39, 19, 2, 21, 26, 0, 30, 17, 39, 10, 20, 2, 22, 39]
    Edit distance: 20/54
  Sample 4:
    TRUE: [9, 2, 39, 30, 33, 31, 39, 13, 10, 27, 17, 39, 13, 11, 14, 0, 30, 39, 30, 33, 39, 19, 2, 21, 39, 35, 10, 22, 39, 27, 0, 18, 11, 37, 39, 30, 33, 31, 39, 13, 10, 20, 39, 4, 30, 39]
    PRED: [9, 2, 39, 30, 33, 31, 39, 34, 17, 20, 17, 39, 27, 17, 8, 0, 19, 2, 39, 30, 33, 39, 19, 0, 21, 39, 27, 11, 22, 8, 39, 0, 30, 11, 37, 39, 9, 33, 31, 39, 13, 1, 20, 39, 4, 30, 39]
    Edit distance: 16/46

============================================================
Batch 20500 | Val PER: 0.2354
============================================================
  Sample 0:
    TRUE: [31, 17, 0, 19, 27, 2, 28, 17, 39, 27, 17, 19, 2, 22, 28, 16, 8, 11, 8, 39]
    PRED: [36, 3, 0, 19, 2, 39, 2, 19, 36, 0, 10, 22, 30, 16, 8, 39]
    Edit distance: 13/20
  Sample 1:
    TRUE: [27, 16, 7, 39, 26, 11, 7, 2, 28, 30, 39, 28, 10, 34, 27, 2, 20, 39, 28, 5, 22, 8, 39, 20, 16, 31, 2, 14, 27, 1, 13, 28, 39]
    PRED: [17, 19, 39, 28, 26, 0, 27, 29, 7, 2, 39, 10, 34, 2, 20, 39, 28, 5, 22, 8, 39, 20, 16, 14, 11, 24, 13, 39]
    Edit distance: 16/33
  Sample 2:
    TRUE: [28, 24, 39, 27, 33, 20, 37, 39, 35, 17, 39, 21, 12, 8, 39, 16, 22, 39, 2, 22, 2, 6, 1, 29, 30, 39, 19, 2, 20, 33, 38, 2, 22, 39]
    PRED: [9, 2, 39, 27, 33, 20, 37, 39, 35, 17, 39, 21, 10, 8, 39, 16, 22, 39, 16, 22, 11, 2, 21, 2, 28, 39, 19, 2, 20, 33, 38, 2, 22, 39]
    Edit distance: 9/34
  Sample 3:
    TRUE: [20, 3, 27, 17, 37, 39, 19, 0, 28, 30, 33, 21, 39, 22, 17, 8, 2, 8, 39, 6, 20, 1, 19, 39, 14, 20, 2, 34, 37, 39, 30, 33, 39, 6, 17, 39, 19, 2, 21, 26, 20, 17, 30, 20, 17, 39, 10, 20, 2, 14, 2, 22, 30, 39]
    PRED: [19, 3, 27, 39, 19, 0, 6, 2, 21, 39, 22, 17, 8, 39, 6, 27, 0, 19, 39, 20, 2, 34, 37, 39, 30, 33, 39, 6, 17, 39, 2, 21, 26, 20, 30, 17, 39, 10, 20, 2, 22, 39]
    Edit distance: 17/54
  Sample 4:
    TRUE: [9, 2, 39, 30, 33, 31, 39, 13, 10, 27, 17, 39, 13, 11, 14, 0, 30, 39, 30, 33, 39, 19, 2, 21, 39, 35, 10, 22, 39, 27, 0, 18, 11, 37, 39, 30, 33, 31, 39, 13, 10, 20, 39, 4, 30, 39]
    PRED: [9, 2, 39, 30, 33, 31, 39, 34, 5, 20, 17, 39, 27, 24, 19, 0, 19, 30, 39, 30, 33, 39, 19, 0, 21, 39, 27, 10, 22, 8, 39, 35, 0, 27, 38, 11, 37, 39, 35, 33, 9, 39, 13, 1, 39, 4, 30, 39]
    Edit distance: 17/46

============================================================
Batch 21000 | Val PER: 0.2350
============================================================
  Sample 0:
    TRUE: [31, 17, 0, 19, 27, 2, 28, 17, 39, 27, 17, 19, 2, 22, 28, 16, 8, 11, 8, 39]
    PRED: [36, 3, 19, 2, 39, 27, 10, 19, 14, 35, 1, 22, 30, 2, 8, 39]
    Edit distance: 13/20
  Sample 1:
    TRUE: [27, 16, 7, 39, 26, 11, 7, 2, 28, 30, 39, 28, 10, 34, 27, 2, 20, 39, 28, 5, 22, 8, 39, 20, 16, 31, 2, 14, 27, 1, 13, 28, 39]
    PRED: [17, 19, 39, 28, 26, 0, 7, 39, 10, 34, 2, 20, 39, 28, 5, 22, 8, 39, 20, 16, 28, 31, 24, 27, 1, 13, 39]
    Edit distance: 14/33
  Sample 2:
    TRUE: [28, 24, 39, 27, 33, 20, 37, 39, 35, 17, 39, 21, 12, 8, 39, 16, 22, 39, 2, 22, 2, 6, 1, 29, 30, 39, 19, 2, 20, 33, 38, 2, 22, 39]
    PRED: [9, 2, 39, 27, 24, 20, 37, 39, 35, 17, 39, 21, 6, 12, 22, 39, 16, 22, 39, 16, 22, 8, 11, 34, 1, 28, 30, 39, 19, 2, 20, 33, 38, 2, 22, 39]
    Edit distance: 10/34
  Sample 3:
    TRUE: [20, 3, 27, 17, 37, 39, 19, 0, 28, 30, 33, 21, 39, 22, 17, 8, 2, 8, 39, 6, 20, 1, 19, 39, 14, 20, 2, 34, 37, 39, 30, 33, 39, 6, 17, 39, 19, 2, 21, 26, 20, 17, 30, 20, 17, 39, 10, 20, 2, 14, 2, 22, 30, 39]
    PRED: [19, 3, 27, 39, 19, 1, 2, 21, 39, 22, 17, 8, 39, 6, 27, 0, 19, 39, 14, 10, 34, 37, 39, 30, 33, 39, 6, 17, 39, 2, 21, 26, 20, 27, 30, 17, 39, 1, 20, 2, 22, 30, 39]
    Edit distance: 19/54
  Sample 4:
    TRUE: [9, 2, 39, 30, 33, 31, 39, 13, 10, 27, 17, 39, 13, 11, 14, 0, 30, 39, 30, 33, 39, 19, 2, 21, 39, 35, 10, 22, 39, 27, 0, 18, 11, 37, 39, 30, 33, 31, 39, 13, 10, 20, 39, 4, 30, 39]
    PRED: [9, 2, 39, 30, 33, 31, 39, 13, 10, 27, 17, 39, 27, 11, 0, 19, 30, 39, 30, 33, 39, 19, 2, 21, 39, 35, 1, 22, 8, 39, 35, 5, 19, 11, 37, 39, 36, 33, 31, 39, 13, 1, 20, 4, 30, 39]
    Edit distance: 11/46

============================================================
Batch 21500 | Val PER: 0.2397
============================================================
  Sample 0:
    TRUE: [31, 17, 0, 19, 27, 2, 28, 17, 39, 27, 17, 19, 2, 22, 28, 16, 8, 11, 8, 39]
    PRED: [19, 0, 19, 2, 28, 30, 39, 27, 2, 19, 22, 30, 2, 8, 39]
    Edit distance: 10/20
  Sample 1:
    TRUE: [27, 16, 7, 39, 26, 11, 7, 2, 28, 30, 39, 28, 10, 34, 27, 2, 20, 39, 28, 5, 22, 8, 39, 20, 16, 31, 2, 14, 27, 1, 13, 28, 39]
    PRED: [27, 10, 19, 39, 28, 26, 0, 29, 16, 2, 39, 10, 34, 2, 20, 39, 19, 5, 22, 39, 20, 10, 27, 2, 24, 13, 39]
    Edit distance: 18/33
  Sample 2:
    TRUE: [28, 24, 39, 27, 33, 20, 37, 39, 35, 17, 39, 21, 12, 8, 39, 16, 22, 39, 2, 22, 2, 6, 1, 29, 30, 39, 19, 2, 20, 33, 38, 2, 22, 39]
    PRED: [9, 24, 39, 27, 33, 20, 37, 39, 35, 17, 39, 21, 12, 22, 39, 16, 22, 39, 2, 22, 2, 21, 2, 28, 29, 30, 39, 19, 2, 20, 33, 38, 2, 22, 39]
    Edit distance: 5/34
  Sample 3:
    TRUE: [20, 3, 27, 17, 37, 39, 19, 0, 28, 30, 33, 21, 39, 22, 17, 8, 2, 8, 39, 6, 20, 1, 19, 39, 14, 20, 2, 34, 37, 39, 30, 33, 39, 6, 17, 39, 19, 2, 21, 26, 20, 17, 30, 20, 17, 39, 10, 20, 2, 14, 2, 22, 30, 39]
    PRED: [19, 3, 27, 37, 39, 19, 0, 2, 21, 39, 22, 17, 8, 39, 6, 27, 2, 19, 39, 14, 2, 34, 37, 39, 30, 33, 39, 6, 17, 39, 19, 2, 21, 26, 20, 27, 30, 17, 39, 10, 20, 2, 22, 8, 39]
    Edit distance: 15/54
  Sample 4:
    TRUE: [9, 2, 39, 30, 33, 31, 39, 13, 10, 27, 17, 39, 13, 11, 14, 0, 30, 39, 30, 33, 39, 19, 2, 21, 39, 35, 10, 22, 39, 27, 0, 18, 11, 37, 39, 30, 33, 31, 39, 13, 10, 20, 39, 4, 30, 39]
    PRED: [9, 2, 39, 30, 33, 31, 39, 13, 17, 20, 17, 37, 39, 27, 17, 0, 19, 22, 39, 30, 33, 39, 19, 2, 21, 39, 27, 10, 22, 39, 24, 19, 11, 37, 39, 28, 33, 31, 39, 13, 10, 39, 4, 30, 39]
    Edit distance: 14/46

============================================================
Batch 22000 | Val PER: 0.2345
============================================================
  Sample 0:
    TRUE: [31, 17, 0, 19, 27, 2, 28, 17, 39, 27, 17, 19, 2, 22, 28, 16, 8, 11, 8, 39]
    PRED: [27, 5, 0, 19, 2, 29, 39, 27, 10, 19, 35, 10, 22, 30, 16, 39]
    Edit distance: 12/20
  Sample 1:
    TRUE: [27, 16, 7, 39, 26, 11, 7, 2, 28, 30, 39, 28, 10, 34, 27, 2, 20, 39, 28, 5, 22, 8, 39, 20, 16, 31, 2, 14, 27, 1, 13, 28, 39]
    PRED: [17, 19, 39, 28, 26, 0, 29, 2, 39, 10, 34, 11, 2, 20, 39, 28, 5, 22, 8, 39, 8, 10, 31, 10, 27, 16, 13, 38, 39]
    Edit distance: 16/33
  Sample 2:
    TRUE: [28, 24, 39, 27, 33, 20, 37, 39, 35, 17, 39, 21, 12, 8, 39, 16, 22, 39, 2, 22, 2, 6, 1, 29, 30, 39, 19, 2, 20, 33, 38, 2, 22, 39]
    PRED: [9, 2, 39, 27, 17, 20, 37, 39, 35, 17, 39, 21, 12, 22, 39, 16, 22, 39, 16, 22, 2, 21, 2, 28, 30, 39, 19, 2, 20, 33, 38, 2, 22, 39]
    Edit distance: 8/34
  Sample 3:
    TRUE: [20, 3, 27, 17, 37, 39, 19, 0, 28, 30, 33, 21, 39, 22, 17, 8, 2, 8, 39, 6, 20, 1, 19, 39, 14, 20, 2, 34, 37, 39, 30, 33, 39, 6, 17, 39, 19, 2, 21, 26, 20, 17, 30, 20, 17, 39, 10, 20, 2, 14, 2, 22, 30, 39]
    PRED: [19, 11, 27, 24, 17, 39, 19, 1, 21, 39, 22, 17, 8, 39, 6, 27, 1, 19, 39, 20, 16, 34, 37, 39, 30, 33, 39, 6, 17, 39, 2, 21, 26, 0, 30, 17, 39, 16, 20, 2, 22, 39]
    Edit distance: 21/54
  Sample 4:
    TRUE: [9, 2, 39, 30, 33, 31, 39, 13, 10, 27, 17, 39, 13, 11, 14, 0, 30, 39, 30, 33, 39, 19, 2, 21, 39, 35, 10, 22, 39, 27, 0, 18, 11, 37, 39, 30, 33, 31, 39, 13, 10, 20, 39, 4, 30, 39]
    PRED: [9, 2, 39, 30, 33, 31, 39, 34, 10, 27, 20, 17, 39, 26, 27, 17, 0, 19, 30, 39, 30, 33, 39, 19, 5, 21, 39, 27, 10, 22, 8, 39, 27, 12, 38, 11, 37, 39, 22, 33, 31, 39, 13, 10, 20, 39, 4, 30, 39]
    Edit distance: 12/46

============================================================
Batch 22500 | Val PER: 0.2351
============================================================
  Sample 0:
    TRUE: [31, 17, 0, 19, 27, 2, 28, 17, 39, 27, 17, 19, 2, 22, 28, 16, 8, 11, 8, 39]
    PRED: [27, 3, 19, 29, 39, 2, 19, 39]
    Edit distance: 16/20
  Sample 1:
    TRUE: [27, 16, 7, 39, 26, 11, 7, 2, 28, 30, 39, 28, 10, 34, 27, 2, 20, 39, 28, 5, 22, 8, 39, 20, 16, 31, 2, 14, 27, 1, 13, 28, 39]
    PRED: [17, 19, 28, 26, 3, 27, 29, 39, 10, 34, 2, 20, 39, 5, 8, 39, 2, 16, 24, 16, 13, 39]
    Edit distance: 20/33
  Sample 2:
    TRUE: [28, 24, 39, 27, 33, 20, 37, 39, 35, 17, 39, 21, 12, 8, 39, 16, 22, 39, 2, 22, 2, 6, 1, 29, 30, 39, 19, 2, 20, 33, 38, 2, 22, 39]
    PRED: [9, 2, 39, 27, 33, 20, 37, 39, 35, 17, 39, 21, 12, 8, 39, 16, 22, 39, 16, 22, 16, 2, 34, 2, 28, 39, 19, 24, 20, 33, 38, 2, 22, 39]
    Edit distance: 9/34
  Sample 3:
    TRUE: [20, 3, 27, 17, 37, 39, 19, 0, 28, 30, 33, 21, 39, 22, 17, 8, 2, 8, 39, 6, 20, 1, 19, 39, 14, 20, 2, 34, 37, 39, 30, 33, 39, 6, 17, 39, 19, 2, 21, 26, 20, 17, 30, 20, 17, 39, 10, 20, 2, 14, 2, 22, 30, 39]
    PRED: [19, 3, 27, 39, 19, 5, 21, 39, 22, 17, 8, 39, 6, 27, 2, 19, 39, 14, 2, 34, 37, 39, 30, 33, 39, 6, 17, 39, 2, 21, 26, 20, 30, 17, 39, 10, 20, 2, 22, 8, 39]
    Edit distance: 18/54
  Sample 4:
    TRUE: [9, 2, 39, 30, 33, 31, 39, 13, 10, 27, 17, 39, 13, 11, 14, 0, 30, 39, 30, 33, 39, 19, 2, 21, 39, 35, 10, 22, 39, 27, 0, 18, 11, 37, 39, 30, 33, 31, 39, 13, 10, 20, 39, 4, 30, 39]
    PRED: [9, 2, 39, 30, 33, 31, 39, 13, 10, 20, 17, 39, 6, 27, 24, 19, 0, 19, 39, 30, 33, 39, 19, 2, 21, 39, 27, 10, 22, 39, 27, 3, 19, 11, 37, 39, 28, 33, 31, 39, 13, 12, 20, 39, 4, 30, 39]
    Edit distance: 11/46

============================================================
Batch 23000 | Val PER: 0.2358
============================================================
  Sample 0:
    TRUE: [31, 17, 0, 19, 27, 2, 28, 17, 39, 27, 17, 19, 2, 22, 28, 16, 8, 11, 8, 39]
    PRED: [19, 27, 5, 0, 19, 2, 29, 30, 39, 27, 2, 19, 35, 11, 10, 30, 16, 11, 39]
    Edit distance: 13/20
  Sample 1:
    TRUE: [27, 16, 7, 39, 26, 11, 7, 2, 28, 30, 39, 28, 10, 34, 27, 2, 20, 39, 28, 5, 22, 8, 39, 20, 16, 31, 2, 14, 27, 1, 13, 28, 39]
    PRED: [27, 17, 19, 39, 26, 0, 29, 2, 30, 39, 10, 34, 2, 11, 39, 14, 5, 22, 8, 39, 8, 20, 2, 14, 11, 16, 13, 39]
    Edit distance: 15/33
  Sample 2:
    TRUE: [28, 24, 39, 27, 33, 20, 37, 39, 35, 17, 39, 21, 12, 8, 39, 16, 22, 39, 2, 22, 2, 6, 1, 29, 30, 39, 19, 2, 20, 33, 38, 2, 22, 39]
    PRED: [9, 2, 39, 27, 33, 20, 37, 39, 35, 17, 39, 21, 12, 22, 8, 39, 16, 22, 39, 16, 22, 11, 2, 34, 6, 0, 28, 30, 39, 19, 2, 20, 33, 38, 2, 22, 39]
    Edit distance: 8/34
  Sample 3:
    TRUE: [20, 3, 27, 17, 37, 39, 19, 0, 28, 30, 33, 21, 39, 22, 17, 8, 2, 8, 39, 6, 20, 1, 19, 39, 14, 20, 2, 34, 37, 39, 30, 33, 39, 6, 17, 39, 19, 2, 21, 26, 20, 17, 30, 20, 17, 39, 10, 20, 2, 14, 2, 22, 30, 39]
    PRED: [19, 32, 27, 39, 19, 1, 28, 2, 21, 39, 22, 10, 8, 39, 6, 27, 1, 19, 39, 14, 2, 34, 37, 39, 30, 33, 39, 6, 17, 39, 2, 21, 26, 20, 30, 20, 17, 39, 10, 20, 2, 22, 8, 39]
    Edit distance: 17/54
  Sample 4:
    TRUE: [9, 2, 39, 30, 33, 31, 39, 13, 10, 27, 17, 39, 13, 11, 14, 0, 30, 39, 30, 33, 39, 19, 2, 21, 39, 35, 10, 22, 39, 27, 0, 18, 11, 37, 39, 30, 33, 31, 39, 13, 10, 20, 39, 4, 30, 39]
    PRED: [9, 2, 39, 30, 33, 31, 39, 34, 10, 20, 17, 39, 6, 17, 0, 2, 22, 39, 30, 33, 39, 19, 2, 21, 39, 27, 10, 22, 39, 35, 5, 29, 11, 37, 39, 30, 33, 31, 39, 13, 16, 20, 39, 20, 4, 30, 39]
    Edit distance: 13/46

============================================================
Batch 23500 | Val PER: 0.2376
============================================================
  Sample 0:
    TRUE: [31, 17, 0, 19, 27, 2, 28, 17, 39, 27, 17, 19, 2, 22, 28, 16, 8, 11, 8, 39]
    PRED: [9, 5, 19, 16, 29, 39, 2, 19, 11, 10, 22, 11, 39]
    Edit distance: 15/20
  Sample 1:
    TRUE: [27, 16, 7, 39, 26, 11, 7, 2, 28, 30, 39, 28, 10, 34, 27, 2, 20, 39, 28, 5, 22, 8, 39, 20, 16, 31, 2, 14, 27, 1, 13, 28, 39]
    PRED: [27, 17, 19, 39, 26, 0, 27, 29, 2, 7, 39, 10, 34, 11, 2, 11, 39, 28, 5, 22, 8, 39, 20, 2, 24, 16, 13, 39]
    Edit distance: 16/33
  Sample 2:
    TRUE: [28, 24, 39, 27, 33, 20, 37, 39, 35, 17, 39, 21, 12, 8, 39, 16, 22, 39, 2, 22, 2, 6, 1, 29, 30, 39, 19, 2, 20, 33, 38, 2, 22, 39]
    PRED: [9, 2, 39, 27, 17, 20, 37, 39, 35, 17, 39, 21, 12, 22, 39, 16, 22, 39, 16, 22, 11, 34, 6, 2, 28, 29, 30, 39, 19, 2, 20, 33, 38, 2, 22, 39]
    Edit distance: 9/34
  Sample 3:
    TRUE: [20, 3, 27, 17, 37, 39, 19, 0, 28, 30, 33, 21, 39, 22, 17, 8, 2, 8, 39, 6, 20, 1, 19, 39, 14, 20, 2, 34, 37, 39, 30, 33, 39, 6, 17, 39, 19, 2, 21, 26, 20, 17, 30, 20, 17, 39, 10, 20, 2, 14, 2, 22, 30, 39]
    PRED: [19, 25, 39, 19, 1, 28, 21, 39, 22, 17, 8, 39, 6, 27, 2, 19, 39, 27, 16, 34, 37, 39, 30, 33, 39, 6, 17, 39, 2, 21, 26, 20, 30, 20, 17, 39, 10, 20, 2, 22, 30, 39]
    Edit distance: 19/54
  Sample 4:
    TRUE: [9, 2, 39, 30, 33, 31, 39, 13, 10, 27, 17, 39, 13, 11, 14, 0, 30, 39, 30, 33, 39, 19, 2, 21, 39, 35, 10, 22, 39, 27, 0, 18, 11, 37, 39, 30, 33, 31, 39, 13, 10, 20, 39, 4, 30, 39]
    PRED: [9, 2, 39, 30, 27, 33, 31, 39, 34, 10, 20, 17, 39, 27, 17, 0, 2, 39, 30, 33, 39, 19, 0, 21, 39, 27, 11, 22, 8, 39, 27, 12, 19, 11, 37, 39, 7, 33, 31, 39, 13, 12, 20, 39, 4, 30, 39]
    Edit distance: 15/46

============================================================
Batch 24000 | Val PER: 0.2337
============================================================
  Sample 0:
    TRUE: [31, 17, 0, 19, 27, 2, 28, 17, 39, 27, 17, 19, 2, 22, 28, 16, 8, 11, 8, 39]
    PRED: [27, 10, 19, 33, 29, 30, 39, 27, 2, 19, 35, 10, 22, 11, 39]
    Edit distance: 14/20
  Sample 1:
    TRUE: [27, 16, 7, 39, 26, 11, 7, 2, 28, 30, 39, 28, 10, 34, 27, 2, 20, 39, 28, 5, 22, 8, 39, 20, 16, 31, 2, 14, 27, 1, 13, 28, 39]
    PRED: [27, 17, 19, 28, 39, 26, 0, 29, 39, 10, 34, 2, 20, 39, 28, 5, 8, 39, 20, 16, 24, 3, 38, 13, 39]
    Edit distance: 17/33
  Sample 2:
    TRUE: [28, 24, 39, 27, 33, 20, 37, 39, 35, 17, 39, 21, 12, 8, 39, 16, 22, 39, 2, 22, 2, 6, 1, 29, 30, 39, 19, 2, 20, 33, 38, 2, 22, 39]
    PRED: [9, 2, 39, 27, 17, 20, 37, 39, 35, 17, 39, 21, 12, 22, 8, 39, 16, 22, 39, 2, 22, 30, 16, 34, 21, 2, 28, 30, 39, 19, 2, 20, 33, 38, 2, 22, 39]
    Edit distance: 10/34
  Sample 3:
    TRUE: [20, 3, 27, 17, 37, 39, 19, 0, 28, 30, 33, 21, 39, 22, 17, 8, 2, 8, 39, 6, 20, 1, 19, 39, 14, 20, 2, 34, 37, 39, 30, 33, 39, 6, 17, 39, 19, 2, 21, 26, 20, 17, 30, 20, 17, 39, 10, 20, 2, 14, 2, 22, 30, 39]
    PRED: [19, 17, 27, 39, 19, 1, 21, 39, 22, 10, 8, 39, 6, 27, 0, 19, 39, 14, 2, 34, 37, 39, 30, 33, 39, 6, 17, 39, 2, 21, 26, 3, 30, 17, 20, 11, 39, 10, 20, 2, 22, 8, 39]
    Edit distance: 22/54
  Sample 4:
    TRUE: [9, 2, 39, 30, 33, 31, 39, 13, 10, 27, 17, 39, 13, 11, 14, 0, 30, 39, 30, 33, 39, 19, 2, 21, 39, 35, 10, 22, 39, 27, 0, 18, 11, 37, 39, 30, 33, 31, 39, 13, 10, 20, 39, 4, 30, 39]
    PRED: [9, 2, 39, 30, 33, 31, 39, 34, 10, 20, 11, 39, 27, 17, 0, 30, 39, 30, 33, 39, 19, 2, 21, 39, 27, 10, 22, 8, 39, 35, 3, 7, 11, 37, 39, 7, 11, 31, 39, 13, 12, 20, 39, 4, 30, 39]
    Edit distance: 14/46

============================================================
Batch 24500 | Val PER: 0.2353
============================================================
  Sample 0:
    TRUE: [31, 17, 0, 19, 27, 2, 28, 17, 39, 27, 17, 19, 2, 22, 28, 16, 8, 11, 8, 39]
    PRED: [29, 27, 0, 0, 16, 29, 39, 27, 2, 19, 35, 5, 22, 11, 8, 39]
    Edit distance: 13/20
  Sample 1:
    TRUE: [27, 16, 7, 39, 26, 11, 7, 2, 28, 30, 39, 28, 10, 34, 27, 2, 20, 39, 28, 5, 22, 8, 39, 20, 16, 31, 2, 14, 27, 1, 13, 28, 39]
    PRED: [27, 17, 26, 19, 39, 26, 0, 29, 2, 39, 10, 34, 2, 20, 39, 19, 5, 22, 8, 39, 16, 24, 16, 13, 39]
    Edit distance: 17/33
  Sample 2:
    TRUE: [28, 24, 39, 27, 33, 20, 37, 39, 35, 17, 39, 21, 12, 8, 39, 16, 22, 39, 2, 22, 2, 6, 1, 29, 30, 39, 19, 2, 20, 33, 38, 2, 22, 39]
    PRED: [9, 2, 39, 27, 33, 20, 37, 39, 35, 17, 39, 21, 12, 8, 39, 16, 22, 39, 2, 22, 2, 34, 2, 28, 30, 39, 19, 2, 20, 33, 38, 2, 22, 39]
    Edit distance: 5/34
  Sample 3:
    TRUE: [20, 3, 27, 17, 37, 39, 19, 0, 28, 30, 33, 21, 39, 22, 17, 8, 2, 8, 39, 6, 20, 1, 19, 39, 14, 20, 2, 34, 37, 39, 30, 33, 39, 6, 17, 39, 19, 2, 21, 26, 20, 17, 30, 20, 17, 39, 10, 20, 2, 14, 2, 22, 30, 39]
    PRED: [19, 3, 39, 19, 28, 21, 39, 22, 10, 8, 39, 6, 27, 0, 19, 39, 14, 16, 34, 37, 39, 30, 33, 39, 6, 17, 39, 2, 21, 26, 20, 30, 17, 39, 10, 20, 2, 22, 8, 39]
    Edit distance: 20/54
  Sample 4:
    TRUE: [9, 2, 39, 30, 33, 31, 39, 13, 10, 27, 17, 39, 13, 11, 14, 0, 30, 39, 30, 33, 39, 19, 2, 21, 39, 35, 10, 22, 39, 27, 0, 18, 11, 37, 39, 30, 33, 31, 39, 13, 10, 20, 39, 4, 30, 39]
    PRED: [9, 2, 39, 30, 27, 33, 13, 31, 39, 34, 10, 20, 11, 39, 26, 27, 24, 0, 19, 2, 39, 30, 33, 39, 19, 5, 21, 39, 35, 10, 22, 8, 39, 35, 5, 11, 37, 39, 30, 33, 31, 39, 13, 12, 20, 39, 4, 30, 39]
    Edit distance: 16/46

============================================================
Batch 25000 | Val PER: 0.2298
============================================================
  Sample 0:
    TRUE: [31, 17, 0, 19, 27, 2, 28, 17, 39, 27, 17, 19, 2, 22, 28, 16, 8, 11, 8, 39]
    PRED: [19, 27, 24, 19, 27, 16, 29, 30, 39, 27, 2, 14, 19, 35, 10, 22, 30, 11, 39]
    Edit distance: 14/20
  Sample 1:
    TRUE: [27, 16, 7, 39, 26, 11, 7, 2, 28, 30, 39, 28, 10, 34, 27, 2, 20, 39, 28, 5, 22, 8, 39, 20, 16, 31, 2, 14, 27, 1, 13, 28, 39]
    PRED: [27, 17, 30, 39, 26, 0, 27, 29, 2, 30, 39, 10, 34, 2, 20, 39, 5, 22, 8, 39, 20, 2, 19, 31, 27, 3, 27, 16, 13, 39]
    Edit distance: 15/33
  Sample 2:
    TRUE: [28, 24, 39, 27, 33, 20, 37, 39, 35, 17, 39, 21, 12, 8, 39, 16, 22, 39, 2, 22, 2, 6, 1, 29, 30, 39, 19, 2, 20, 33, 38, 2, 22, 39]
    PRED: [9, 2, 39, 27, 33, 20, 37, 39, 35, 17, 39, 21, 12, 22, 8, 39, 16, 22, 39, 16, 22, 2, 34, 2, 28, 30, 39, 19, 2, 20, 33, 38, 2, 22, 39]
    Edit distance: 7/34
  Sample 3:
    TRUE: [20, 3, 27, 17, 37, 39, 19, 0, 28, 30, 33, 21, 39, 22, 17, 8, 2, 8, 39, 6, 20, 1, 19, 39, 14, 20, 2, 34, 37, 39, 30, 33, 39, 6, 17, 39, 19, 2, 21, 26, 20, 17, 30, 20, 17, 39, 10, 20, 2, 14, 2, 22, 30, 39]
    PRED: [19, 3, 27, 16, 17, 39, 19, 1, 21, 39, 22, 17, 8, 39, 6, 27, 1, 19, 39, 14, 20, 2, 34, 37, 39, 30, 33, 39, 6, 17, 39, 28, 2, 21, 26, 20, 10, 30, 17, 39, 11, 20, 2, 22, 30, 39]
    Edit distance: 16/54
  Sample 4:
    TRUE: [9, 2, 39, 30, 33, 31, 39, 13, 10, 27, 17, 39, 13, 11, 14, 0, 30, 39, 30, 33, 39, 19, 2, 21, 39, 35, 10, 22, 39, 27, 0, 18, 11, 37, 39, 30, 33, 31, 39, 13, 10, 20, 39, 4, 30, 39]
    PRED: [9, 2, 39, 30, 24, 31, 39, 13, 16, 27, 20, 17, 39, 27, 17, 10, 19, 30, 39, 30, 33, 39, 19, 5, 21, 39, 35, 10, 22, 39, 35, 27, 11, 37, 39, 30, 33, 31, 39, 13, 16, 27, 39, 4, 30, 39]
    Edit distance: 13/46

============================================================
Batch 25500 | Val PER: 0.2359
============================================================
  Sample 0:
    TRUE: [31, 17, 0, 19, 27, 2, 28, 17, 39, 27, 17, 19, 2, 22, 28, 16, 8, 11, 8, 39]
    PRED: [4, 0, 24, 19, 27, 33, 29, 39, 27, 16, 14, 22, 11, 8, 39]
    Edit distance: 12/20
  Sample 1:
    TRUE: [27, 16, 7, 39, 26, 11, 7, 2, 28, 30, 39, 28, 10, 34, 27, 2, 20, 39, 28, 5, 22, 8, 39, 20, 16, 31, 2, 14, 27, 1, 13, 28, 39]
    PRED: [17, 30, 39, 28, 26, 0, 27, 29, 7, 39, 10, 34, 11, 20, 39, 5, 8, 39, 20, 2, 27, 39, 27, 1, 13, 39]
    Edit distance: 19/33
  Sample 2:
    TRUE: [28, 24, 39, 27, 33, 20, 37, 39, 35, 17, 39, 21, 12, 8, 39, 16, 22, 39, 2, 22, 2, 6, 1, 29, 30, 39, 19, 2, 20, 33, 38, 2, 22, 39]
    PRED: [9, 2, 39, 27, 17, 20, 37, 39, 35, 17, 39, 21, 12, 22, 39, 16, 22, 39, 16, 22, 2, 34, 2, 28, 30, 39, 19, 2, 20, 33, 38, 2, 22, 39]
    Edit distance: 8/34
  Sample 3:
    TRUE: [20, 3, 27, 17, 37, 39, 19, 0, 28, 30, 33, 21, 39, 22, 17, 8, 2, 8, 39, 6, 20, 1, 19, 39, 14, 20, 2, 34, 37, 39, 30, 33, 39, 6, 17, 39, 19, 2, 21, 26, 20, 17, 30, 20, 17, 39, 10, 20, 2, 14, 2, 22, 30, 39]
    PRED: [19, 27, 3, 27, 39, 19, 21, 39, 22, 17, 8, 39, 6, 2, 19, 39, 14, 2, 34, 37, 39, 30, 33, 39, 6, 17, 39, 2, 21, 26, 20, 30, 20, 17, 39, 10, 20, 2, 22, 30, 39]
    Edit distance: 17/54
  Sample 4:
    TRUE: [9, 2, 39, 30, 33, 31, 39, 13, 10, 27, 17, 39, 13, 11, 14, 0, 30, 39, 30, 33, 39, 19, 2, 21, 39, 35, 10, 22, 39, 27, 0, 18, 11, 37, 39, 30, 33, 31, 39, 13, 10, 20, 39, 4, 30, 39]
    PRED: [9, 2, 39, 30, 33, 31, 39, 13, 34, 17, 20, 33, 39, 6, 27, 17, 0, 30, 39, 30, 33, 39, 19, 2, 21, 39, 35, 10, 22, 8, 39, 35, 27, 5, 11, 37, 39, 33, 31, 39, 13, 20, 39, 4, 30, 39]
    Edit distance: 13/46

============================================================
Batch 26000 | Val PER: 0.2343
============================================================
  Sample 0:
    TRUE: [31, 17, 0, 19, 27, 2, 28, 17, 39, 27, 17, 19, 2, 22, 28, 16, 8, 11, 8, 39]
    PRED: [27, 5, 19, 36, 1, 29, 39, 27, 2, 19, 35, 30, 11, 8, 39]
    Edit distance: 13/20
  Sample 1:
    TRUE: [27, 16, 7, 39, 26, 11, 7, 2, 28, 30, 39, 28, 10, 34, 27, 2, 20, 39, 28, 5, 22, 8, 39, 20, 16, 31, 2, 14, 27, 1, 13, 28, 39]
    PRED: [27, 17, 19, 39, 26, 0, 27, 7, 28, 39, 28, 10, 34, 2, 20, 39, 28, 5, 22, 8, 39, 20, 2, 11, 1, 13, 39]
    Edit distance: 12/33
  Sample 2:
    TRUE: [28, 24, 39, 27, 33, 20, 37, 39, 35, 17, 39, 21, 12, 8, 39, 16, 22, 39, 2, 22, 2, 6, 1, 29, 30, 39, 19, 2, 20, 33, 38, 2, 22, 39]
    PRED: [9, 2, 39, 27, 33, 20, 37, 39, 35, 17, 39, 21, 12, 22, 8, 39, 16, 22, 39, 16, 22, 16, 2, 21, 1, 28, 30, 39, 19, 2, 20, 33, 38, 2, 22, 39]
    Edit distance: 7/34
  Sample 3:
    TRUE: [20, 3, 27, 17, 37, 39, 19, 0, 28, 30, 33, 21, 39, 22, 17, 8, 2, 8, 39, 6, 20, 1, 19, 39, 14, 20, 2, 34, 37, 39, 30, 33, 39, 6, 17, 39, 19, 2, 21, 26, 20, 17, 30, 20, 17, 39, 10, 20, 2, 14, 2, 22, 30, 39]
    PRED: [20, 11, 39, 19, 5, 21, 39, 22, 17, 8, 39, 6, 1, 19, 39, 27, 2, 34, 39, 30, 33, 39, 6, 17, 39, 2, 21, 26, 0, 27, 30, 20, 2, 20, 39, 10, 20, 2, 22, 39]
    Edit distance: 22/54
  Sample 4:
    TRUE: [9, 2, 39, 30, 33, 31, 39, 13, 10, 27, 17, 39, 13, 11, 14, 0, 30, 39, 30, 33, 39, 19, 2, 21, 39, 35, 10, 22, 39, 27, 0, 18, 11, 37, 39, 30, 33, 31, 39, 13, 10, 20, 39, 4, 30, 39]
    PRED: [9, 2, 39, 30, 33, 31, 39, 13, 0, 27, 20, 11, 39, 26, 27, 24, 0, 19, 30, 39, 30, 33, 39, 19, 2, 21, 39, 27, 1, 22, 39, 35, 3, 11, 37, 39, 27, 33, 31, 39, 13, 1, 20, 39, 4, 30, 39]
    Edit distance: 14/46

============================================================
Batch 26500 | Val PER: 0.2347
============================================================
  Sample 0:
    TRUE: [31, 17, 0, 19, 27, 2, 28, 17, 39, 27, 17, 19, 2, 22, 28, 16, 8, 11, 8, 39]
    PRED: [27, 4, 0, 19, 27, 33, 28, 39, 27, 1, 14, 19, 22, 8, 11, 39]
    Edit distance: 10/20
  Sample 1:
    TRUE: [27, 16, 7, 39, 26, 11, 7, 2, 28, 30, 39, 28, 10, 34, 27, 2, 20, 39, 28, 5, 22, 8, 39, 20, 16, 31, 2, 14, 27, 1, 13, 28, 39]
    PRED: [27, 5, 19, 39, 28, 26, 0, 27, 7, 2, 37, 39, 10, 34, 2, 11, 39, 28, 1, 22, 8, 39, 20, 10, 11, 1, 13, 39]
    Edit distance: 17/33
  Sample 2:
    TRUE: [28, 24, 39, 27, 33, 20, 37, 39, 35, 17, 39, 21, 12, 8, 39, 16, 22, 39, 2, 22, 2, 6, 1, 29, 30, 39, 19, 2, 20, 33, 38, 2, 22, 39]
    PRED: [9, 2, 39, 27, 33, 20, 37, 39, 35, 17, 39, 21, 16, 22, 39, 16, 22, 39, 16, 22, 30, 2, 34, 1, 10, 28, 30, 39, 19, 2, 20, 33, 38, 2, 22, 39]
    Edit distance: 9/34
  Sample 3:
    TRUE: [20, 3, 27, 17, 37, 39, 19, 0, 28, 30, 33, 21, 39, 22, 17, 8, 2, 8, 39, 6, 20, 1, 19, 39, 14, 20, 2, 34, 37, 39, 30, 33, 39, 6, 17, 39, 19, 2, 21, 26, 20, 17, 30, 20, 17, 39, 10, 20, 2, 14, 2, 22, 30, 39]
    PRED: [19, 3, 17, 39, 19, 5, 28, 2, 6, 21, 39, 22, 17, 8, 39, 6, 32, 19, 39, 20, 2, 34, 37, 39, 29, 33, 39, 6, 17, 39, 2, 21, 26, 2, 30, 20, 17, 39, 10, 20, 2, 22, 39]
    Edit distance: 18/54
  Sample 4:
    TRUE: [9, 2, 39, 30, 33, 31, 39, 13, 10, 27, 17, 39, 13, 11, 14, 0, 30, 39, 30, 33, 39, 19, 2, 21, 39, 35, 10, 22, 39, 27, 0, 18, 11, 37, 39, 30, 33, 31, 39, 13, 10, 20, 39, 4, 30, 39]
    PRED: [9, 2, 39, 30, 27, 33, 31, 39, 13, 10, 20, 27, 17, 39, 27, 17, 0, 19, 30, 2, 30, 39, 30, 33, 39, 19, 2, 21, 39, 27, 1, 22, 8, 39, 27, 3, 11, 37, 39, 30, 27, 33, 31, 39, 13, 12, 39, 4, 30, 39]
    Edit distance: 16/46

============================================================
Batch 27000 | Val PER: 0.2411
============================================================
  Sample 0:
    TRUE: [31, 17, 0, 19, 27, 2, 28, 17, 39, 27, 17, 19, 2, 22, 28, 16, 8, 11, 8, 39]
    PRED: [19, 27, 10, 0, 19, 27, 33, 2, 39, 27, 24, 19, 10, 22, 16, 39]
    Edit distance: 12/20
  Sample 1:
    TRUE: [27, 16, 7, 39, 26, 11, 7, 2, 28, 30, 39, 28, 10, 34, 27, 2, 20, 39, 28, 5, 22, 8, 39, 20, 16, 31, 2, 14, 27, 1, 13, 28, 39]
    PRED: [27, 17, 19, 39, 28, 26, 0, 27, 29, 16, 39, 10, 34, 2, 20, 39, 28, 10, 22, 8, 39, 8, 20, 16, 11, 10, 13, 39]
    Edit distance: 18/33
  Sample 2:
    TRUE: [28, 24, 39, 27, 33, 20, 37, 39, 35, 17, 39, 21, 12, 8, 39, 16, 22, 39, 2, 22, 2, 6, 1, 29, 30, 39, 19, 2, 20, 33, 38, 2, 22, 39]
    PRED: [9, 2, 39, 27, 33, 20, 37, 39, 35, 17, 39, 21, 12, 22, 39, 16, 22, 39, 16, 22, 8, 2, 34, 1, 28, 30, 39, 19, 2, 20, 33, 38, 2, 22, 39]
    Edit distance: 7/34
  Sample 3:
    TRUE: [20, 3, 27, 17, 37, 39, 19, 0, 28, 30, 33, 21, 39, 22, 17, 8, 2, 8, 39, 6, 20, 1, 19, 39, 14, 20, 2, 34, 37, 39, 30, 33, 39, 6, 17, 39, 19, 2, 21, 26, 20, 17, 30, 20, 17, 39, 10, 20, 2, 14, 2, 22, 30, 39]
    PRED: [19, 3, 17, 39, 19, 1, 21, 39, 22, 17, 8, 39, 6, 1, 19, 39, 27, 10, 34, 37, 39, 30, 33, 39, 6, 17, 39, 2, 21, 26, 20, 30, 20, 17, 39, 10, 20, 2, 22, 30, 39]
    Edit distance: 17/54
  Sample 4:
    TRUE: [9, 2, 39, 30, 33, 31, 39, 13, 10, 27, 17, 39, 13, 11, 14, 0, 30, 39, 30, 33, 39, 19, 2, 21, 39, 35, 10, 22, 39, 27, 0, 18, 11, 37, 39, 30, 33, 31, 39, 13, 10, 20, 39, 4, 30, 39]
    PRED: [9, 2, 39, 30, 33, 31, 39, 13, 10, 20, 17, 39, 27, 17, 2, 30, 39, 30, 33, 39, 19, 2, 21, 39, 27, 10, 22, 8, 39, 35, 10, 11, 37, 39, 35, 33, 31, 39, 13, 20, 12, 39, 4, 30, 39]
    Edit distance: 13/46

============================================================
Batch 27500 | Val PER: 0.2347
============================================================
  Sample 0:
    TRUE: [31, 17, 0, 19, 27, 2, 28, 17, 39, 27, 17, 19, 2, 22, 28, 16, 8, 11, 8, 39]
    PRED: [19, 24, 0, 19, 33, 29, 28, 39, 27, 24, 19, 35, 10, 11, 39]
    Edit distance: 12/20
  Sample 1:
    TRUE: [27, 16, 7, 39, 26, 11, 7, 2, 28, 30, 39, 28, 10, 34, 27, 2, 20, 39, 28, 5, 22, 8, 39, 20, 16, 31, 2, 14, 27, 1, 13, 28, 39]
    PRED: [27, 17, 19, 39, 26, 0, 27, 29, 2, 28, 39, 10, 34, 11, 39, 10, 22, 8, 39, 8, 2, 11, 16, 13, 39]
    Edit distance: 19/33
  Sample 2:
    TRUE: [28, 24, 39, 27, 33, 20, 37, 39, 35, 17, 39, 21, 12, 8, 39, 16, 22, 39, 2, 22, 2, 6, 1, 29, 30, 39, 19, 2, 20, 33, 38, 2, 22, 39]
    PRED: [9, 2, 39, 27, 24, 20, 29, 39, 35, 17, 39, 21, 12, 18, 22, 39, 16, 22, 39, 2, 22, 2, 1, 28, 30, 39, 19, 2, 20, 33, 38, 2, 22, 39]
    Edit distance: 8/34
  Sample 3:
    TRUE: [20, 3, 27, 17, 37, 39, 19, 0, 28, 30, 33, 21, 39, 22, 17, 8, 2, 8, 39, 6, 20, 1, 19, 39, 14, 20, 2, 34, 37, 39, 30, 33, 39, 6, 17, 39, 19, 2, 21, 26, 20, 17, 30, 20, 17, 39, 10, 20, 2, 14, 2, 22, 30, 39]
    PRED: [19, 3, 17, 39, 19, 1, 37, 6, 21, 39, 22, 17, 8, 39, 6, 27, 2, 19, 39, 14, 20, 2, 34, 37, 39, 30, 33, 39, 6, 17, 39, 28, 2, 21, 26, 2, 30, 20, 17, 39, 10, 20, 2, 22, 39]
    Edit distance: 17/54
  Sample 4:
    TRUE: [9, 2, 39, 30, 33, 31, 39, 13, 10, 27, 17, 39, 13, 11, 14, 0, 30, 39, 30, 33, 39, 19, 2, 21, 39, 35, 10, 22, 39, 27, 0, 18, 11, 37, 39, 30, 33, 31, 39, 13, 10, 20, 39, 4, 30, 39]
    PRED: [9, 2, 39, 30, 33, 31, 39, 10, 20, 17, 39, 27, 24, 0, 19, 2, 39, 30, 33, 39, 19, 2, 21, 39, 27, 10, 22, 8, 39, 27, 0, 19, 8, 11, 37, 39, 30, 33, 31, 39, 13, 12, 39, 4, 30, 39]
    Edit distance: 13/46

============================================================
Batch 28000 | Val PER: 0.2365
============================================================
  Sample 0:
    TRUE: [31, 17, 0, 19, 27, 2, 28, 17, 39, 27, 17, 19, 2, 22, 28, 16, 8, 11, 8, 39]
    PRED: [19, 17, 0, 19, 36, 33, 2, 28, 39, 27, 10, 19, 35, 10, 22, 16, 8, 39]
    Edit distance: 10/20
  Sample 1:
    TRUE: [27, 16, 7, 39, 26, 11, 7, 2, 28, 30, 39, 28, 10, 34, 27, 2, 20, 39, 28, 5, 22, 8, 39, 20, 16, 31, 2, 14, 27, 1, 13, 28, 39]
    PRED: [27, 12, 19, 28, 26, 36, 27, 0, 29, 39, 10, 34, 11, 2, 20, 39, 28, 1, 22, 8, 39, 20, 17, 11, 1, 13, 39]
    Edit distance: 17/33
  Sample 2:
    TRUE: [28, 24, 39, 27, 33, 20, 37, 39, 35, 17, 39, 21, 12, 8, 39, 16, 22, 39, 2, 22, 2, 6, 1, 29, 30, 39, 19, 2, 20, 33, 38, 2, 22, 39]
    PRED: [9, 2, 39, 27, 33, 20, 37, 39, 35, 17, 39, 21, 12, 22, 8, 39, 16, 22, 39, 2, 22, 2, 13, 1, 28, 30, 39, 19, 2, 20, 33, 38, 2, 22, 39]
    Edit distance: 5/34
  Sample 3:
    TRUE: [20, 3, 27, 17, 37, 39, 19, 0, 28, 30, 33, 21, 39, 22, 17, 8, 2, 8, 39, 6, 20, 1, 19, 39, 14, 20, 2, 34, 37, 39, 30, 33, 39, 6, 17, 39, 19, 2, 21, 26, 20, 17, 30, 20, 17, 39, 10, 20, 2, 14, 2, 22, 30, 39]
    PRED: [31, 20, 3, 27, 39, 19, 1, 6, 21, 39, 22, 17, 8, 39, 6, 27, 1, 19, 39, 20, 2, 34, 37, 39, 30, 33, 39, 6, 17, 39, 2, 21, 26, 20, 30, 20, 17, 39, 10, 20, 2, 22, 8, 39]
    Edit distance: 16/54
  Sample 4:
    TRUE: [9, 2, 39, 30, 33, 31, 39, 13, 10, 27, 17, 39, 13, 11, 14, 0, 30, 39, 30, 33, 39, 19, 2, 21, 39, 35, 10, 22, 39, 27, 0, 18, 11, 37, 39, 30, 33, 31, 39, 13, 10, 20, 39, 4, 30, 39]
    PRED: [9, 2, 39, 30, 27, 33, 31, 39, 13, 10, 20, 17, 39, 26, 27, 17, 19, 2, 30, 39, 30, 33, 39, 19, 0, 21, 39, 27, 1, 22, 8, 39, 27, 10, 11, 37, 39, 30, 36, 33, 31, 39, 13, 1, 39, 4, 30, 39]
    Edit distance: 16/46

============================================================
Batch 28500 | Val PER: 0.2317
============================================================
  Sample 0:
    TRUE: [31, 17, 0, 19, 27, 2, 28, 17, 39, 27, 17, 19, 2, 22, 28, 16, 8, 11, 8, 39]
    PRED: [19, 1, 0, 19, 29, 39, 27, 2, 19, 35, 11, 8, 39]
    Edit distance: 12/20
  Sample 1:
    TRUE: [27, 16, 7, 39, 26, 11, 7, 2, 28, 30, 39, 28, 10, 34, 27, 2, 20, 39, 28, 5, 22, 8, 39, 20, 16, 31, 2, 14, 27, 1, 13, 28, 39]
    PRED: [17, 19, 28, 26, 11, 27, 29, 28, 37, 39, 10, 34, 2, 20, 39, 28, 5, 22, 8, 39, 20, 10, 24, 1, 13, 39]
    Edit distance: 15/33
  Sample 2:
    TRUE: [28, 24, 39, 27, 33, 20, 37, 39, 35, 17, 39, 21, 12, 8, 39, 16, 22, 39, 2, 22, 2, 6, 1, 29, 30, 39, 19, 2, 20, 33, 38, 2, 22, 39]
    PRED: [9, 2, 39, 27, 24, 20, 37, 39, 35, 17, 39, 21, 12, 8, 39, 16, 22, 39, 16, 22, 11, 34, 1, 28, 30, 39, 19, 2, 20, 33, 38, 2, 22, 39]
    Edit distance: 7/34
  Sample 3:
    TRUE: [20, 3, 27, 17, 37, 39, 19, 0, 28, 30, 33, 21, 39, 22, 17, 8, 2, 8, 39, 6, 20, 1, 19, 39, 14, 20, 2, 34, 37, 39, 30, 33, 39, 6, 17, 39, 19, 2, 21, 26, 20, 17, 30, 20, 17, 39, 10, 20, 2, 14, 2, 22, 30, 39]
    PRED: [19, 3, 27, 39, 19, 1, 5, 28, 6, 21, 39, 22, 17, 8, 39, 6, 27, 1, 19, 39, 20, 0, 34, 37, 39, 30, 33, 39, 6, 17, 39, 2, 21, 26, 20, 30, 20, 17, 39, 10, 20, 2, 22, 39]
    Edit distance: 17/54
  Sample 4:
    TRUE: [9, 2, 39, 30, 33, 31, 39, 13, 10, 27, 17, 39, 13, 11, 14, 0, 30, 39, 30, 33, 39, 19, 2, 21, 39, 35, 10, 22, 39, 27, 0, 18, 11, 37, 39, 30, 33, 31, 39, 13, 10, 20, 39, 4, 30, 39]
    PRED: [9, 2, 39, 30, 33, 31, 39, 34, 10, 20, 2, 39, 26, 27, 17, 0, 2, 30, 39, 30, 33, 39, 19, 0, 21, 39, 35, 16, 22, 8, 39, 27, 0, 8, 11, 37, 39, 30, 33, 31, 39, 13, 12, 27, 39, 4, 30, 39]
    Edit distance: 13/46

============================================================
Batch 29000 | Val PER: 0.2327
============================================================
  Sample 0:
    TRUE: [31, 17, 0, 19, 27, 2, 28, 17, 39, 27, 17, 19, 2, 22, 28, 16, 8, 11, 8, 39]
    PRED: [19, 27, 4, 19, 2, 19, 39, 27, 2, 19, 35, 10, 8, 11, 8, 39]
    Edit distance: 11/20
  Sample 1:
    TRUE: [27, 16, 7, 39, 26, 11, 7, 2, 28, 30, 39, 28, 10, 34, 27, 2, 20, 39, 28, 5, 22, 8, 39, 20, 16, 31, 2, 14, 27, 1, 13, 28, 39]
    PRED: [17, 19, 28, 39, 28, 26, 0, 29, 19, 39, 28, 10, 34, 11, 2, 20, 39, 28, 5, 8, 39, 20, 16, 36, 11, 24, 16, 13, 39]
    Edit distance: 17/33
  Sample 2:
    TRUE: [28, 24, 39, 27, 33, 20, 37, 39, 35, 17, 39, 21, 12, 8, 39, 16, 22, 39, 2, 22, 2, 6, 1, 29, 30, 39, 19, 2, 20, 33, 38, 2, 22, 39]
    PRED: [9, 2, 39, 27, 17, 20, 37, 39, 35, 17, 39, 21, 12, 22, 8, 39, 16, 22, 39, 16, 22, 2, 13, 34, 1, 28, 30, 39, 19, 2, 20, 33, 38, 2, 22, 39]
    Edit distance: 8/34
  Sample 3:
    TRUE: [20, 3, 27, 17, 37, 39, 19, 0, 28, 30, 33, 21, 39, 22, 17, 8, 2, 8, 39, 6, 20, 1, 19, 39, 14, 20, 2, 34, 37, 39, 30, 33, 39, 6, 17, 39, 19, 2, 21, 26, 20, 17, 30, 20, 17, 39, 10, 20, 2, 14, 2, 22, 30, 39]
    PRED: [19, 20, 3, 18, 39, 19, 1, 28, 2, 21, 39, 22, 17, 8, 39, 6, 1, 19, 39, 20, 10, 20, 34, 37, 39, 30, 33, 39, 6, 17, 39, 28, 2, 21, 26, 20, 30, 20, 17, 39, 10, 20, 2, 22, 8, 39]
    Edit distance: 18/54
  Sample 4:
    TRUE: [9, 2, 39, 30, 33, 31, 39, 13, 10, 27, 17, 39, 13, 11, 14, 0, 30, 39, 30, 33, 39, 19, 2, 21, 39, 35, 10, 22, 39, 27, 0, 18, 11, 37, 39, 30, 33, 31, 39, 13, 10, 20, 39, 4, 30, 39]
    PRED: [9, 2, 39, 30, 33, 31, 39, 17, 20, 17, 39, 26, 27, 24, 0, 19, 30, 39, 30, 33, 39, 19, 2, 21, 39, 35, 10, 22, 8, 39, 27, 5, 29, 11, 37, 39, 30, 27, 33, 31, 39, 13, 1, 20, 39, 4, 30, 39]
    Edit distance: 12/46

============================================================
Batch 29500 | Val PER: 0.2322
============================================================
  Sample 0:
    TRUE: [31, 17, 0, 19, 27, 2, 28, 17, 39, 27, 17, 19, 2, 22, 28, 16, 8, 11, 8, 39]
    PRED: [19, 27, 1, 19, 3, 29, 39, 27, 2, 19, 35, 10, 11, 8, 39]
    Edit distance: 13/20
  Sample 1:
    TRUE: [27, 16, 7, 39, 26, 11, 7, 2, 28, 30, 39, 28, 10, 34, 27, 2, 20, 39, 28, 5, 22, 8, 39, 20, 16, 31, 2, 14, 27, 1, 13, 28, 39]
    PRED: [17, 7, 19, 39, 26, 11, 29, 2, 39, 10, 34, 2, 20, 39, 28, 5, 22, 8, 39, 8, 16, 36, 11, 39, 5, 13, 39]
    Edit distance: 15/33
  Sample 2:
    TRUE: [28, 24, 39, 27, 33, 20, 37, 39, 35, 17, 39, 21, 12, 8, 39, 16, 22, 39, 2, 22, 2, 6, 1, 29, 30, 39, 19, 2, 20, 33, 38, 2, 22, 39]
    PRED: [2, 39, 27, 33, 20, 37, 39, 35, 17, 39, 21, 12, 22, 8, 39, 16, 22, 39, 16, 22, 2, 13, 1, 28, 30, 39, 19, 2, 20, 33, 38, 2, 22, 39]
    Edit distance: 6/34
  Sample 3:
    TRUE: [20, 3, 27, 17, 37, 39, 19, 0, 28, 30, 33, 21, 39, 22, 17, 8, 2, 8, 39, 6, 20, 1, 19, 39, 14, 20, 2, 34, 37, 39, 30, 33, 39, 6, 17, 39, 19, 2, 21, 26, 20, 17, 30, 20, 17, 39, 10, 20, 2, 14, 2, 22, 30, 39]
    PRED: [19, 10, 27, 17, 39, 19, 1, 0, 21, 39, 22, 17, 8, 39, 6, 32, 19, 39, 20, 0, 34, 37, 39, 15, 33, 39, 6, 17, 39, 2, 21, 26, 20, 30, 20, 17, 39, 1, 20, 2, 22, 39]
    Edit distance: 20/54
  Sample 4:
    TRUE: [9, 2, 39, 30, 33, 31, 39, 13, 10, 27, 17, 39, 13, 11, 14, 0, 30, 39, 30, 33, 39, 19, 2, 21, 39, 35, 10, 22, 39, 27, 0, 18, 11, 37, 39, 30, 33, 31, 39, 13, 10, 20, 39, 4, 30, 39]
    PRED: [9, 2, 39, 30, 36, 33, 31, 39, 13, 12, 20, 17, 33, 39, 27, 24, 0, 30, 39, 30, 33, 39, 19, 2, 21, 39, 27, 2, 22, 8, 39, 27, 5, 19, 8, 11, 37, 39, 31, 36, 33, 31, 39, 13, 1, 39, 4, 30, 39]
    Edit distance: 17/46

============================================================
Batch 30000 | Val PER: 0.2354
============================================================
  Sample 0:
    TRUE: [31, 17, 0, 19, 27, 2, 28, 17, 39, 27, 17, 19, 2, 22, 28, 16, 8, 11, 8, 39]
    PRED: [19, 1, 19, 3, 29, 39, 2, 19, 11, 8, 39]
    Edit distance: 14/20
  Sample 1:
    TRUE: [27, 16, 7, 39, 26, 11, 7, 2, 28, 30, 39, 28, 10, 34, 27, 2, 20, 39, 28, 5, 22, 8, 39, 20, 16, 31, 2, 14, 27, 1, 13, 28, 39]
    PRED: [17, 19, 39, 0, 29, 2, 19, 39, 10, 34, 11, 20, 39, 5, 22, 8, 39, 19, 16, 36, 24, 39, 3, 13, 39]
    Edit distance: 19/33
  Sample 2:
    TRUE: [28, 24, 39, 27, 33, 20, 37, 39, 35, 17, 39, 21, 12, 8, 39, 16, 22, 39, 2, 22, 2, 6, 1, 29, 30, 39, 19, 2, 20, 33, 38, 2, 22, 39]
    PRED: [9, 2, 39, 27, 33, 20, 37, 39, 35, 17, 39, 21, 12, 22, 39, 16, 22, 39, 16, 22, 2, 21, 10, 28, 30, 39, 19, 2, 20, 33, 38, 2, 22, 39]
    Edit distance: 7/34
  Sample 3:
    TRUE: [20, 3, 27, 17, 37, 39, 19, 0, 28, 30, 33, 21, 39, 22, 17, 8, 2, 8, 39, 6, 20, 1, 19, 39, 14, 20, 2, 34, 37, 39, 30, 33, 39, 6, 17, 39, 19, 2, 21, 26, 20, 17, 30, 20, 17, 39, 10, 20, 2, 14, 2, 22, 30, 39]
    PRED: [19, 20, 24, 39, 19, 1, 6, 21, 39, 22, 17, 8, 39, 6, 0, 19, 39, 20, 10, 34, 37, 39, 30, 33, 39, 6, 17, 39, 2, 21, 26, 10, 30, 20, 17, 39, 10, 20, 2, 22, 30, 39]
    Edit distance: 20/54
  Sample 4:
    TRUE: [9, 2, 39, 30, 33, 31, 39, 13, 10, 27, 17, 39, 13, 11, 14, 0, 30, 39, 30, 33, 39, 19, 2, 21, 39, 35, 10, 22, 39, 27, 0, 18, 11, 37, 39, 30, 33, 31, 39, 13, 10, 20, 39, 4, 30, 39]
    PRED: [9, 2, 39, 30, 33, 31, 39, 13, 10, 20, 17, 2, 39, 27, 24, 0, 30, 39, 30, 33, 39, 19, 0, 21, 39, 35, 11, 22, 39, 27, 3, 19, 11, 37, 39, 31, 27, 33, 31, 39, 13, 1, 39, 4, 30, 39]
    Edit distance: 13/46

============================================================
Batch 30500 | Val PER: 0.2329
============================================================
  Sample 0:
    TRUE: [31, 17, 0, 19, 27, 2, 28, 17, 39, 27, 17, 19, 2, 22, 28, 16, 8, 11, 8, 39]
    PRED: [27, 5, 19, 36, 2, 37, 39, 27, 2, 19, 5, 22, 30, 11, 8, 39]
    Edit distance: 11/20
  Sample 1:
    TRUE: [27, 16, 7, 39, 26, 11, 7, 2, 28, 30, 39, 28, 10, 34, 27, 2, 20, 39, 28, 5, 22, 8, 39, 20, 16, 31, 2, 14, 27, 1, 13, 28, 39]
    PRED: [27, 17, 19, 39, 26, 0, 27, 7, 2, 37, 39, 10, 34, 11, 39, 5, 8, 39, 16, 11, 5, 13, 39]
    Edit distance: 19/33
  Sample 2:
    TRUE: [28, 24, 39, 27, 33, 20, 37, 39, 35, 17, 39, 21, 12, 8, 39, 16, 22, 39, 2, 22, 2, 6, 1, 29, 30, 39, 19, 2, 20, 33, 38, 2, 22, 39]
    PRED: [28, 24, 39, 27, 33, 20, 37, 39, 35, 17, 39, 21, 12, 22, 8, 39, 16, 22, 39, 16, 22, 2, 21, 10, 28, 30, 39, 19, 2, 20, 33, 38, 2, 22, 39]
    Edit distance: 5/34
  Sample 3:
    TRUE: [20, 3, 27, 17, 37, 39, 19, 0, 28, 30, 33, 21, 39, 22, 17, 8, 2, 8, 39, 6, 20, 1, 19, 39, 14, 20, 2, 34, 37, 39, 30, 33, 39, 6, 17, 39, 19, 2, 21, 26, 20, 17, 30, 20, 17, 39, 10, 20, 2, 14, 2, 22, 30, 39]
    PRED: [19, 3, 27, 39, 19, 1, 19, 6, 21, 39, 22, 17, 8, 39, 6, 27, 1, 19, 39, 14, 10, 34, 37, 39, 30, 33, 39, 6, 17, 39, 2, 21, 26, 0, 30, 17, 11, 39, 16, 20, 2, 22, 30, 39]
    Edit distance: 20/54
  Sample 4:
    TRUE: [9, 2, 39, 30, 33, 31, 39, 13, 10, 27, 17, 39, 13, 11, 14, 0, 30, 39, 30, 33, 39, 19, 2, 21, 39, 35, 10, 22, 39, 27, 0, 18, 11, 37, 39, 30, 33, 31, 39, 13, 10, 20, 39, 4, 30, 39]
    PRED: [9, 2, 39, 30, 33, 31, 39, 13, 10, 27, 17, 39, 26, 27, 17, 0, 19, 30, 39, 30, 33, 39, 19, 0, 21, 39, 35, 10, 22, 39, 27, 5, 8, 11, 37, 39, 31, 33, 31, 39, 13, 10, 27, 39, 4, 30, 39]
    Edit distance: 9/46

============================================================
Batch 31000 | Val PER: 0.2346
============================================================
  Sample 0:
    TRUE: [31, 17, 0, 19, 27, 2, 28, 17, 39, 27, 17, 19, 2, 22, 28, 16, 8, 11, 8, 39]
    PRED: [5, 0, 19, 29, 39, 27, 2, 19, 11, 5, 22, 30, 11, 8, 39]
    Edit distance: 12/20
  Sample 1:
    TRUE: [27, 16, 7, 39, 26, 11, 7, 2, 28, 30, 39, 28, 10, 34, 27, 2, 20, 39, 28, 5, 22, 8, 39, 20, 16, 31, 2, 14, 27, 1, 13, 28, 39]
    PRED: [17, 19, 28, 26, 0, 29, 2, 39, 10, 34, 11, 39, 5, 22, 8, 39, 20, 17, 3, 13, 39]
    Edit distance: 20/33
  Sample 2:
    TRUE: [28, 24, 39, 27, 33, 20, 37, 39, 35, 17, 39, 21, 12, 8, 39, 16, 22, 39, 2, 22, 2, 6, 1, 29, 30, 39, 19, 2, 20, 33, 38, 2, 22, 39]
    PRED: [9, 2, 39, 27, 33, 20, 37, 39, 35, 17, 39, 21, 12, 22, 8, 39, 16, 22, 39, 2, 22, 8, 2, 11, 34, 10, 28, 30, 39, 19, 2, 20, 33, 38, 2, 22, 39]
    Edit distance: 8/34
  Sample 3:
    TRUE: [20, 3, 27, 17, 37, 39, 19, 0, 28, 30, 33, 21, 39, 22, 17, 8, 2, 8, 39, 6, 20, 1, 19, 39, 14, 20, 2, 34, 37, 39, 30, 33, 39, 6, 17, 39, 19, 2, 21, 26, 20, 17, 30, 20, 17, 39, 10, 20, 2, 14, 2, 22, 30, 39]
    PRED: [27, 3, 17, 39, 19, 1, 28, 2, 21, 39, 22, 17, 8, 39, 6, 1, 19, 39, 20, 10, 34, 37, 39, 30, 33, 39, 6, 17, 39, 2, 21, 26, 10, 30, 20, 17, 39, 10, 20, 2, 22, 39]
    Edit distance: 17/54
  Sample 4:
    TRUE: [9, 2, 39, 30, 33, 31, 39, 13, 10, 27, 17, 39, 13, 11, 14, 0, 30, 39, 30, 33, 39, 19, 2, 21, 39, 35, 10, 22, 39, 27, 0, 18, 11, 37, 39, 30, 33, 31, 39, 13, 10, 20, 39, 4, 30, 39]
    PRED: [9, 2, 39, 28, 33, 31, 39, 34, 12, 20, 17, 39, 27, 17, 0, 2, 30, 39, 30, 33, 39, 19, 5, 21, 39, 27, 10, 22, 39, 27, 0, 11, 37, 39, 36, 33, 31, 39, 13, 16, 39, 4, 30, 39]
    Edit distance: 14/46

============================================================
Batch 31500 | Val PER: 0.2321
============================================================
  Sample 0:
    TRUE: [31, 17, 0, 19, 27, 2, 28, 17, 39, 27, 17, 19, 2, 22, 28, 16, 8, 11, 8, 39]
    PRED: [27, 5, 0, 19, 27, 2, 29, 39, 27, 2, 19, 35, 10, 30, 11, 8, 39]
    Edit distance: 10/20
  Sample 1:
    TRUE: [27, 16, 7, 39, 26, 11, 7, 2, 28, 30, 39, 28, 10, 34, 27, 2, 20, 39, 28, 5, 22, 8, 39, 20, 16, 31, 2, 14, 27, 1, 13, 28, 39]
    PRED: [17, 19, 39, 26, 2, 29, 7, 39, 10, 34, 2, 20, 39, 37, 5, 22, 8, 39, 20, 16, 27, 24, 27, 3, 13, 39]
    Edit distance: 15/33
  Sample 2:
    TRUE: [28, 24, 39, 27, 33, 20, 37, 39, 35, 17, 39, 21, 12, 8, 39, 16, 22, 39, 2, 22, 2, 6, 1, 29, 30, 39, 19, 2, 20, 33, 38, 2, 22, 39]
    PRED: [9, 2, 39, 27, 33, 20, 37, 39, 35, 17, 39, 21, 12, 22, 8, 39, 16, 22, 39, 16, 22, 2, 34, 21, 1, 28, 30, 39, 19, 2, 19, 20, 33, 38, 2, 22, 39]
    Edit distance: 8/34
  Sample 3:
    TRUE: [20, 3, 27, 17, 37, 39, 19, 0, 28, 30, 33, 21, 39, 22, 17, 8, 2, 8, 39, 6, 20, 1, 19, 39, 14, 20, 2, 34, 37, 39, 30, 33, 39, 6, 17, 39, 19, 2, 21, 26, 20, 17, 30, 20, 17, 39, 10, 20, 2, 14, 2, 22, 30, 39]
    PRED: [19, 3, 27, 17, 39, 19, 1, 28, 6, 21, 39, 22, 17, 8, 39, 6, 1, 19, 39, 14, 10, 34, 37, 39, 30, 33, 39, 6, 17, 39, 2, 21, 26, 20, 30, 20, 17, 39, 16, 20, 2, 22, 30, 39]
    Edit distance: 15/54
  Sample 4:
    TRUE: [9, 2, 39, 30, 33, 31, 39, 13, 10, 27, 17, 39, 13, 11, 14, 0, 30, 39, 30, 33, 39, 19, 2, 21, 39, 35, 10, 22, 39, 27, 0, 18, 11, 37, 39, 30, 33, 31, 39, 13, 10, 20, 39, 4, 30, 39]
    PRED: [9, 2, 39, 30, 33, 31, 39, 13, 12, 17, 39, 26, 27, 24, 3, 10, 19, 30, 39, 30, 33, 39, 19, 2, 21, 39, 35, 10, 22, 39, 27, 5, 11, 37, 39, 30, 22, 33, 31, 39, 13, 12, 39, 4, 30, 39]
    Edit distance: 13/46

============================================================
Batch 32000 | Val PER: 0.2345
============================================================
  Sample 0:
    TRUE: [31, 17, 0, 19, 27, 2, 28, 17, 39, 27, 17, 19, 2, 22, 28, 16, 8, 11, 8, 39]
    PRED: [0, 0, 19, 27, 2, 37, 39, 27, 2, 19, 11, 30, 11, 8, 39]
    Edit distance: 10/20
  Sample 1:
    TRUE: [27, 16, 7, 39, 26, 11, 7, 2, 28, 30, 39, 28, 10, 34, 27, 2, 20, 39, 28, 5, 22, 8, 39, 20, 16, 31, 2, 14, 27, 1, 13, 28, 39]
    PRED: [17, 19, 28, 26, 3, 27, 29, 30, 39, 10, 34, 11, 39, 5, 22, 8, 39, 19, 16, 36, 24, 1, 13, 39]
    Edit distance: 19/33
  Sample 2:
    TRUE: [28, 24, 39, 27, 33, 20, 37, 39, 35, 17, 39, 21, 12, 8, 39, 16, 22, 39, 2, 22, 2, 6, 1, 29, 30, 39, 19, 2, 20, 33, 38, 2, 22, 39]
    PRED: [9, 2, 39, 27, 33, 20, 37, 39, 35, 17, 39, 21, 12, 22, 8, 39, 16, 22, 39, 16, 22, 8, 11, 21, 1, 28, 30, 39, 19, 2, 19, 20, 33, 38, 2, 22, 39]
    Edit distance: 9/34
  Sample 3:
    TRUE: [20, 3, 27, 17, 37, 39, 19, 0, 28, 30, 33, 21, 39, 22, 17, 8, 2, 8, 39, 6, 20, 1, 19, 39, 14, 20, 2, 34, 37, 39, 30, 33, 39, 6, 17, 39, 19, 2, 21, 26, 20, 17, 30, 20, 17, 39, 10, 20, 2, 14, 2, 22, 30, 39]
    PRED: [19, 3, 27, 17, 39, 19, 1, 28, 21, 39, 22, 10, 8, 39, 6, 27, 2, 19, 39, 27, 10, 13, 37, 39, 30, 33, 39, 6, 17, 39, 19, 2, 21, 26, 30, 20, 17, 39, 16, 20, 17, 2, 22, 39]
    Edit distance: 20/54
  Sample 4:
    TRUE: [9, 2, 39, 30, 33, 31, 39, 13, 10, 27, 17, 39, 13, 11, 14, 0, 30, 39, 30, 33, 39, 19, 2, 21, 39, 35, 10, 22, 39, 27, 0, 18, 11, 37, 39, 30, 33, 31, 39, 13, 10, 20, 39, 4, 30, 39]
    PRED: [9, 2, 39, 30, 33, 31, 39, 13, 12, 20, 12, 39, 26, 27, 24, 0, 10, 19, 2, 30, 39, 30, 33, 39, 19, 0, 21, 39, 27, 10, 22, 8, 39, 35, 27, 0, 19, 11, 37, 39, 36, 33, 31, 39, 13, 12, 39, 4, 30, 39]
    Edit distance: 17/46

============================================================
Batch 32500 | Val PER: 0.2359
============================================================
  Sample 0:
    TRUE: [31, 17, 0, 19, 27, 2, 28, 17, 39, 27, 17, 19, 2, 22, 28, 16, 8, 11, 8, 39]
    PRED: [5, 0, 19, 29, 37, 39, 27, 2, 19, 11, 8, 11, 39]
    Edit distance: 12/20
  Sample 1:
    TRUE: [27, 16, 7, 39, 26, 11, 7, 2, 28, 30, 39, 28, 10, 34, 27, 2, 20, 39, 28, 5, 22, 8, 39, 20, 16, 31, 2, 14, 27, 1, 13, 28, 39]
    PRED: [17, 19, 28, 26, 3, 27, 29, 2, 19, 39, 10, 34, 2, 20, 39, 5, 22, 8, 39, 20, 16, 24, 3, 13, 39]
    Edit distance: 18/33
  Sample 2:
    TRUE: [28, 24, 39, 27, 33, 20, 37, 39, 35, 17, 39, 21, 12, 8, 39, 16, 22, 39, 2, 22, 2, 6, 1, 29, 30, 39, 19, 2, 20, 33, 38, 2, 22, 39]
    PRED: [9, 2, 39, 27, 33, 20, 37, 39, 35, 17, 39, 21, 12, 8, 39, 16, 22, 39, 16, 22, 11, 2, 21, 2, 28, 30, 39, 19, 16, 20, 33, 38, 2, 22, 39]
    Edit distance: 8/34
  Sample 3:
    TRUE: [20, 3, 27, 17, 37, 39, 19, 0, 28, 30, 33, 21, 39, 22, 17, 8, 2, 8, 39, 6, 20, 1, 19, 39, 14, 20, 2, 34, 37, 39, 30, 33, 39, 6, 17, 39, 19, 2, 21, 26, 20, 17, 30, 20, 17, 39, 10, 20, 2, 14, 2, 22, 30, 39]
    PRED: [19, 3, 27, 39, 19, 1, 28, 21, 39, 22, 17, 8, 39, 6, 2, 19, 39, 20, 27, 2, 34, 37, 39, 30, 33, 39, 6, 17, 39, 2, 21, 26, 30, 17, 39, 16, 20, 2, 22, 8, 39]
    Edit distance: 20/54
  Sample 4:
    TRUE: [9, 2, 39, 30, 33, 31, 39, 13, 10, 27, 17, 39, 13, 11, 14, 0, 30, 39, 30, 33, 39, 19, 2, 21, 39, 35, 10, 22, 39, 27, 0, 18, 11, 37, 39, 30, 33, 31, 39, 13, 10, 20, 39, 4, 30, 39]
    PRED: [9, 2, 39, 30, 33, 31, 39, 34, 10, 20, 11, 39, 26, 27, 24, 0, 14, 2, 39, 30, 33, 39, 19, 2, 21, 39, 27, 10, 22, 8, 39, 35, 0, 11, 37, 39, 22, 33, 31, 39, 13, 11, 11, 39, 4, 30, 39]
    Edit distance: 15/46

============================================================
Batch 33000 | Val PER: 0.2320
============================================================
  Sample 0:
    TRUE: [31, 17, 0, 19, 27, 2, 28, 17, 39, 27, 17, 19, 2, 22, 28, 16, 8, 11, 8, 39]
    PRED: [4, 0, 19, 16, 29, 39, 27, 2, 19, 11, 22, 8, 16, 11, 8, 39]
    Edit distance: 10/20
  Sample 1:
    TRUE: [27, 16, 7, 39, 26, 11, 7, 2, 28, 30, 39, 28, 10, 34, 27, 2, 20, 39, 28, 5, 22, 8, 39, 20, 16, 31, 2, 14, 27, 1, 13, 28, 39]
    PRED: [17, 19, 28, 39, 26, 27, 29, 16, 39, 10, 34, 11, 39, 5, 22, 8, 39, 16, 24, 16, 13, 39]
    Edit distance: 20/33
  Sample 2:
    TRUE: [28, 24, 39, 27, 33, 20, 37, 39, 35, 17, 39, 21, 12, 8, 39, 16, 22, 39, 2, 22, 2, 6, 1, 29, 30, 39, 19, 2, 20, 33, 38, 2, 22, 39]
    PRED: [9, 2, 39, 27, 33, 37, 39, 35, 17, 39, 21, 12, 22, 8, 39, 16, 22, 39, 16, 22, 11, 21, 10, 28, 30, 39, 19, 2, 20, 33, 38, 2, 22, 39]
    Edit distance: 9/34
  Sample 3:
    TRUE: [20, 3, 27, 17, 37, 39, 19, 0, 28, 30, 33, 21, 39, 22, 17, 8, 2, 8, 39, 6, 20, 1, 19, 39, 14, 20, 2, 34, 37, 39, 30, 33, 39, 6, 17, 39, 19, 2, 21, 26, 20, 17, 30, 20, 17, 39, 10, 20, 2, 14, 2, 22, 30, 39]
    PRED: [31, 19, 10, 27, 17, 39, 19, 1, 28, 6, 21, 39, 22, 17, 8, 39, 6, 27, 2, 19, 39, 14, 20, 10, 34, 37, 39, 30, 33, 39, 6, 17, 39, 2, 21, 26, 20, 30, 17, 39, 16, 20, 2, 22, 30, 39]
    Edit distance: 18/54
  Sample 4:
    TRUE: [9, 2, 39, 30, 33, 31, 39, 13, 10, 27, 17, 39, 13, 11, 14, 0, 30, 39, 30, 33, 39, 19, 2, 21, 39, 35, 10, 22, 39, 27, 0, 18, 11, 37, 39, 30, 33, 31, 39, 13, 10, 20, 39, 4, 30, 39]
    PRED: [9, 2, 39, 30, 33, 31, 39, 10, 27, 17, 39, 27, 24, 0, 14, 30, 39, 30, 33, 39, 19, 2, 21, 39, 27, 2, 22, 8, 39, 35, 27, 0, 11, 37, 39, 30, 36, 33, 31, 39, 13, 12, 39, 4, 30, 39]
    Edit distance: 13/46

============================================================
Batch 33500 | Val PER: 0.2311
============================================================
  Sample 0:
    TRUE: [31, 17, 0, 19, 27, 2, 28, 17, 39, 27, 17, 19, 2, 22, 28, 16, 8, 11, 8, 39]
    PRED: [19, 5, 0, 19, 39, 27, 16, 19, 5, 22, 8, 11, 39]
    Edit distance: 11/20
  Sample 1:
    TRUE: [27, 16, 7, 39, 26, 11, 7, 2, 28, 30, 39, 28, 10, 34, 27, 2, 20, 39, 28, 5, 22, 8, 39, 20, 16, 31, 2, 14, 27, 1, 13, 28, 39]
    PRED: [17, 19, 39, 28, 26, 0, 27, 7, 2, 39, 10, 34, 2, 20, 39, 5, 22, 8, 39, 20, 2, 20, 24, 1, 13, 39]
    Edit distance: 16/33
  Sample 2:
    TRUE: [28, 24, 39, 27, 33, 20, 37, 39, 35, 17, 39, 21, 12, 8, 39, 16, 22, 39, 2, 22, 2, 6, 1, 29, 30, 39, 19, 2, 20, 33, 38, 2, 22, 39]
    PRED: [9, 2, 39, 27, 33, 20, 37, 39, 35, 17, 39, 21, 12, 22, 8, 39, 16, 22, 39, 16, 22, 2, 34, 21, 1, 28, 30, 39, 19, 2, 20, 33, 38, 2, 22, 39]
    Edit distance: 7/34
  Sample 3:
    TRUE: [20, 3, 27, 17, 37, 39, 19, 0, 28, 30, 33, 21, 39, 22, 17, 8, 2, 8, 39, 6, 20, 1, 19, 39, 14, 20, 2, 34, 37, 39, 30, 33, 39, 6, 17, 39, 19, 2, 21, 26, 20, 17, 30, 20, 17, 39, 10, 20, 2, 14, 2, 22, 30, 39]
    PRED: [19, 3, 27, 2, 39, 19, 1, 19, 6, 21, 39, 22, 17, 8, 39, 6, 27, 2, 19, 39, 20, 2, 34, 37, 39, 30, 33, 39, 6, 17, 39, 2, 21, 26, 20, 30, 17, 39, 16, 20, 2, 22, 39]
    Edit distance: 19/54
  Sample 4:
    TRUE: [9, 2, 39, 30, 33, 31, 39, 13, 10, 27, 17, 39, 13, 11, 14, 0, 30, 39, 30, 33, 39, 19, 2, 21, 39, 35, 10, 22, 39, 27, 0, 18, 11, 37, 39, 30, 33, 31, 39, 13, 10, 20, 39, 4, 30, 39]
    PRED: [9, 2, 39, 30, 33, 31, 39, 34, 12, 20, 17, 39, 27, 17, 8, 0, 19, 30, 39, 30, 33, 39, 19, 0, 21, 39, 27, 10, 22, 8, 39, 27, 5, 19, 11, 37, 39, 30, 27, 33, 31, 39, 13, 12, 20, 39, 4, 30, 39]
    Edit distance: 14/46

============================================================
Batch 34000 | Val PER: 0.2301
============================================================
  Sample 0:
    TRUE: [31, 17, 0, 19, 27, 2, 28, 17, 39, 27, 17, 19, 2, 22, 28, 16, 8, 11, 8, 39]
    PRED: [19, 5, 0, 19, 16, 29, 39, 27, 2, 19, 10, 8, 39]
    Edit distance: 13/20
  Sample 1:
    TRUE: [27, 16, 7, 39, 26, 11, 7, 2, 28, 30, 39, 28, 10, 34, 27, 2, 20, 39, 28, 5, 22, 8, 39, 20, 16, 31, 2, 14, 27, 1, 13, 28, 39]
    PRED: [17, 19, 28, 39, 28, 26, 2, 7, 2, 37, 39, 10, 34, 2, 20, 39, 5, 22, 8, 39, 20, 16, 27, 24, 1, 13, 28, 39]
    Edit distance: 14/33
  Sample 2:
    TRUE: [28, 24, 39, 27, 33, 20, 37, 39, 35, 17, 39, 21, 12, 8, 39, 16, 22, 39, 2, 22, 2, 6, 1, 29, 30, 39, 19, 2, 20, 33, 38, 2, 22, 39]
    PRED: [9, 2, 39, 27, 33, 20, 37, 39, 35, 17, 39, 21, 12, 22, 8, 39, 16, 22, 39, 16, 22, 2, 21, 10, 28, 30, 39, 19, 2, 20, 33, 38, 2, 22, 39]
    Edit distance: 7/34
  Sample 3:
    TRUE: [20, 3, 27, 17, 37, 39, 19, 0, 28, 30, 33, 21, 39, 22, 17, 8, 2, 8, 39, 6, 20, 1, 19, 39, 14, 20, 2, 34, 37, 39, 30, 33, 39, 6, 17, 39, 19, 2, 21, 26, 20, 17, 30, 20, 17, 39, 10, 20, 2, 14, 2, 22, 30, 39]
    PRED: [19, 3, 27, 2, 17, 39, 19, 1, 28, 0, 21, 39, 22, 17, 8, 39, 6, 27, 1, 19, 39, 20, 2, 34, 37, 39, 30, 33, 39, 6, 17, 39, 2, 21, 26, 20, 30, 17, 39, 10, 20, 2, 22, 30, 39]
    Edit distance: 15/54
  Sample 4:
    TRUE: [9, 2, 39, 30, 33, 31, 39, 13, 10, 27, 17, 39, 13, 11, 14, 0, 30, 39, 30, 33, 39, 19, 2, 21, 39, 35, 10, 22, 39, 27, 0, 18, 11, 37, 39, 30, 33, 31, 39, 13, 10, 20, 39, 4, 30, 39]
    PRED: [9, 2, 39, 30, 33, 31, 39, 34, 12, 20, 11, 39, 27, 24, 10, 2, 19, 39, 30, 33, 39, 19, 0, 21, 39, 27, 2, 22, 8, 39, 27, 5, 8, 11, 37, 39, 33, 9, 39, 13, 12, 39, 4, 30, 39]
    Edit distance: 19/46

============================================================
Batch 34500 | Val PER: 0.2305
============================================================
  Sample 0:
    TRUE: [31, 17, 0, 19, 27, 2, 28, 17, 39, 27, 17, 19, 2, 22, 28, 16, 8, 11, 8, 39]
    PRED: [5, 0, 19, 29, 39, 27, 2, 19, 10, 20, 11, 39]
    Edit distance: 13/20
  Sample 1:
    TRUE: [27, 16, 7, 39, 26, 11, 7, 2, 28, 30, 39, 28, 10, 34, 27, 2, 20, 39, 28, 5, 22, 8, 39, 20, 16, 31, 2, 14, 27, 1, 13, 28, 39]
    PRED: [17, 19, 28, 26, 11, 27, 29, 2, 20, 39, 10, 34, 11, 2, 20, 39, 5, 22, 8, 39, 20, 16, 36, 24, 27, 20, 3, 13, 39]
    Edit distance: 17/33
  Sample 2:
    TRUE: [28, 24, 39, 27, 33, 20, 37, 39, 35, 17, 39, 21, 12, 8, 39, 16, 22, 39, 2, 22, 2, 6, 1, 29, 30, 39, 19, 2, 20, 33, 38, 2, 22, 39]
    PRED: [9, 2, 39, 27, 33, 20, 28, 39, 35, 17, 39, 21, 12, 8, 39, 16, 22, 39, 16, 22, 2, 21, 1, 28, 30, 39, 19, 2, 20, 33, 38, 2, 22, 39]
    Edit distance: 6/34
  Sample 3:
    TRUE: [20, 3, 27, 17, 37, 39, 19, 0, 28, 30, 33, 21, 39, 22, 17, 8, 2, 8, 39, 6, 20, 1, 19, 39, 14, 20, 2, 34, 37, 39, 30, 33, 39, 6, 17, 39, 19, 2, 21, 26, 20, 17, 30, 20, 17, 39, 10, 20, 2, 14, 2, 22, 30, 39]
    PRED: [19, 20, 3, 24, 2, 39, 19, 1, 28, 6, 21, 39, 22, 17, 8, 2, 8, 39, 6, 27, 2, 19, 39, 20, 2, 34, 37, 39, 30, 33, 39, 6, 17, 39, 2, 21, 26, 20, 30, 20, 17, 39, 1, 20, 2, 22, 30, 39]
    Edit distance: 15/54
  Sample 4:
    TRUE: [9, 2, 39, 30, 33, 31, 39, 13, 10, 27, 17, 39, 13, 11, 14, 0, 30, 39, 30, 33, 39, 19, 2, 21, 39, 35, 10, 22, 39, 27, 0, 18, 11, 37, 39, 30, 33, 31, 39, 13, 10, 20, 39, 4, 30, 39]
    PRED: [9, 2, 39, 30, 33, 31, 39, 34, 12, 20, 17, 39, 26, 27, 24, 0, 19, 30, 39, 30, 33, 39, 19, 2, 21, 39, 27, 16, 22, 8, 39, 35, 27, 0, 19, 11, 37, 39, 30, 27, 33, 39, 13, 16, 20, 39, 4, 30, 39]
    Edit distance: 15/46

============================================================
Batch 35000 | Val PER: 0.2278
============================================================
  Sample 0:
    TRUE: [31, 17, 0, 19, 27, 2, 28, 17, 39, 27, 17, 19, 2, 22, 28, 16, 8, 11, 8, 39]
    PRED: [19, 5, 0, 19, 28, 39, 27, 24, 11, 39]
    Edit distance: 13/20
  Sample 1:
    TRUE: [27, 16, 7, 39, 26, 11, 7, 2, 28, 30, 39, 28, 10, 34, 27, 2, 20, 39, 28, 5, 22, 8, 39, 20, 16, 31, 2, 14, 27, 1, 13, 28, 39]
    PRED: [17, 19, 39, 28, 26, 11, 29, 2, 39, 10, 34, 11, 20, 39, 5, 22, 8, 39, 8, 16, 24, 1, 13, 39]
    Edit distance: 17/33
  Sample 2:
    TRUE: [28, 24, 39, 27, 33, 20, 37, 39, 35, 17, 39, 21, 12, 8, 39, 16, 22, 39, 2, 22, 2, 6, 1, 29, 30, 39, 19, 2, 20, 33, 38, 2, 22, 39]
    PRED: [9, 2, 39, 27, 33, 20, 37, 39, 35, 17, 39, 21, 12, 8, 39, 16, 22, 39, 16, 22, 2, 21, 1, 28, 30, 39, 15, 2, 20, 33, 38, 2, 22, 39]
    Edit distance: 6/34
  Sample 3:
    TRUE: [20, 3, 27, 17, 37, 39, 19, 0, 28, 30, 33, 21, 39, 22, 17, 8, 2, 8, 39, 6, 20, 1, 19, 39, 14, 20, 2, 34, 37, 39, 30, 33, 39, 6, 17, 39, 19, 2, 21, 26, 20, 17, 30, 20, 17, 39, 10, 20, 2, 14, 2, 22, 30, 39]
    PRED: [19, 3, 27, 17, 39, 19, 1, 28, 2, 21, 39, 22, 17, 8, 2, 8, 39, 6, 2, 19, 39, 20, 2, 34, 37, 39, 30, 33, 39, 6, 17, 39, 2, 21, 26, 20, 30, 20, 17, 39, 10, 20, 2, 22, 30, 39]
    Edit distance: 12/54
  Sample 4:
    TRUE: [9, 2, 39, 30, 33, 31, 39, 13, 10, 27, 17, 39, 13, 11, 14, 0, 30, 39, 30, 33, 39, 19, 2, 21, 39, 35, 10, 22, 39, 27, 0, 18, 11, 37, 39, 30, 33, 31, 39, 13, 10, 20, 39, 4, 30, 39]
    PRED: [9, 2, 39, 30, 33, 31, 39, 13, 12, 20, 17, 39, 26, 27, 24, 0, 19, 2, 30, 39, 30, 33, 39, 19, 2, 21, 39, 16, 22, 8, 39, 35, 0, 11, 37, 39, 30, 27, 33, 31, 39, 13, 16, 20, 39, 4, 30, 39]
    Edit distance: 14/46

============================================================
Batch 35500 | Val PER: 0.2275
============================================================
  Sample 0:
    TRUE: [31, 17, 0, 19, 27, 2, 28, 17, 39, 27, 17, 19, 2, 22, 28, 16, 8, 11, 8, 39]
    PRED: [5, 0, 19, 2, 39, 27, 24, 22, 8, 11, 39]
    Edit distance: 11/20
  Sample 1:
    TRUE: [27, 16, 7, 39, 26, 11, 7, 2, 28, 30, 39, 28, 10, 34, 27, 2, 20, 39, 28, 5, 22, 8, 39, 20, 16, 31, 2, 14, 27, 1, 13, 28, 39]
    PRED: [17, 19, 39, 26, 2, 29, 2, 39, 10, 34, 2, 20, 39, 5, 22, 8, 39, 8, 16, 24, 1, 13, 39]
    Edit distance: 16/33
  Sample 2:
    TRUE: [28, 24, 39, 27, 33, 20, 37, 39, 35, 17, 39, 21, 12, 8, 39, 16, 22, 39, 2, 22, 2, 6, 1, 29, 30, 39, 19, 2, 20, 33, 38, 2, 22, 39]
    PRED: [9, 2, 39, 27, 33, 20, 37, 39, 35, 17, 39, 21, 12, 8, 39, 16, 22, 39, 16, 22, 2, 21, 10, 28, 30, 39, 15, 2, 20, 33, 38, 2, 22, 39]
    Edit distance: 7/34
  Sample 3:
    TRUE: [20, 3, 27, 17, 37, 39, 19, 0, 28, 30, 33, 21, 39, 22, 17, 8, 2, 8, 39, 6, 20, 1, 19, 39, 14, 20, 2, 34, 37, 39, 30, 33, 39, 6, 17, 39, 19, 2, 21, 26, 20, 17, 30, 20, 17, 39, 10, 20, 2, 14, 2, 22, 30, 39]
    PRED: [19, 27, 3, 27, 17, 39, 19, 1, 28, 6, 21, 39, 22, 17, 8, 39, 6, 0, 19, 39, 20, 10, 34, 37, 39, 30, 33, 39, 6, 17, 39, 2, 21, 26, 20, 17, 30, 20, 17, 39, 1, 20, 2, 22, 39]
    Edit distance: 17/54
  Sample 4:
    TRUE: [9, 2, 39, 30, 33, 31, 39, 13, 10, 27, 17, 39, 13, 11, 14, 0, 30, 39, 30, 33, 39, 19, 2, 21, 39, 35, 10, 22, 39, 27, 0, 18, 11, 37, 39, 30, 33, 31, 39, 13, 10, 20, 39, 4, 30, 39]
    PRED: [9, 2, 39, 30, 33, 31, 39, 13, 10, 20, 17, 39, 26, 27, 24, 0, 14, 2, 30, 39, 30, 33, 39, 19, 2, 21, 39, 1, 22, 8, 39, 35, 5, 11, 37, 39, 27, 33, 31, 39, 13, 1, 20, 39, 4, 30, 39]
    Edit distance: 14/46

============================================================
Batch 36000 | Val PER: 0.2322
============================================================
  Sample 0:
    TRUE: [31, 17, 0, 19, 27, 2, 28, 17, 39, 27, 17, 19, 2, 22, 28, 16, 8, 11, 8, 39]
    PRED: [19, 5, 19, 28, 39, 27, 2, 19, 8, 11, 39]
    Edit distance: 12/20
  Sample 1:
    TRUE: [27, 16, 7, 39, 26, 11, 7, 2, 28, 30, 39, 28, 10, 34, 27, 2, 20, 39, 28, 5, 22, 8, 39, 20, 16, 31, 2, 14, 27, 1, 13, 28, 39]
    PRED: [27, 16, 19, 39, 26, 11, 27, 29, 2, 29, 39, 10, 34, 2, 20, 39, 5, 22, 8, 39, 8, 16, 24, 11, 1, 13, 39]
    Edit distance: 14/33
  Sample 2:
    TRUE: [28, 24, 39, 27, 33, 20, 37, 39, 35, 17, 39, 21, 12, 8, 39, 16, 22, 39, 2, 22, 2, 6, 1, 29, 30, 39, 19, 2, 20, 33, 38, 2, 22, 39]
    PRED: [9, 2, 39, 27, 33, 20, 37, 39, 35, 17, 39, 21, 12, 22, 39, 16, 22, 39, 16, 22, 11, 21, 20, 28, 29, 30, 39, 15, 2, 20, 33, 38, 2, 22, 39]
    Edit distance: 9/34
  Sample 3:
    TRUE: [20, 3, 27, 17, 37, 39, 19, 0, 28, 30, 33, 21, 39, 22, 17, 8, 2, 8, 39, 6, 20, 1, 19, 39, 14, 20, 2, 34, 37, 39, 30, 33, 39, 6, 17, 39, 19, 2, 21, 26, 20, 17, 30, 20, 17, 39, 10, 20, 2, 14, 2, 22, 30, 39]
    PRED: [19, 27, 3, 27, 17, 39, 19, 1, 28, 2, 21, 39, 22, 17, 8, 39, 6, 27, 2, 19, 39, 20, 10, 34, 37, 39, 30, 33, 39, 6, 17, 39, 2, 21, 26, 20, 30, 17, 39, 10, 20, 2, 22, 39]
    Edit distance: 18/54
  Sample 4:
    TRUE: [9, 2, 39, 30, 33, 31, 39, 13, 10, 27, 17, 39, 13, 11, 14, 0, 30, 39, 30, 33, 39, 19, 2, 21, 39, 35, 10, 22, 39, 27, 0, 18, 11, 37, 39, 30, 33, 31, 39, 13, 10, 20, 39, 4, 30, 39]
    PRED: [9, 2, 39, 30, 33, 31, 39, 34, 12, 20, 17, 39, 26, 27, 24, 0, 19, 30, 39, 30, 33, 39, 19, 2, 21, 39, 27, 2, 22, 8, 39, 27, 0, 11, 37, 39, 22, 33, 31, 39, 13, 12, 20, 39, 4, 30, 39]
    Edit distance: 13/46

============================================================
Batch 36500 | Val PER: 0.2311
============================================================
  Sample 0:
    TRUE: [31, 17, 0, 19, 27, 2, 28, 17, 39, 27, 17, 19, 2, 22, 28, 16, 8, 11, 8, 39]
    PRED: [19, 5, 19, 27, 33, 39, 27, 24, 20, 11, 39]
    Edit distance: 14/20
  Sample 1:
    TRUE: [27, 16, 7, 39, 26, 11, 7, 2, 28, 30, 39, 28, 10, 34, 27, 2, 20, 39, 28, 5, 22, 8, 39, 20, 16, 31, 2, 14, 27, 1, 13, 28, 39]
    PRED: [17, 19, 39, 26, 3, 27, 7, 2, 37, 39, 10, 34, 11, 20, 39, 4, 22, 8, 39, 8, 16, 11, 24, 1, 13, 39]
    Edit distance: 18/33
  Sample 2:
    TRUE: [28, 24, 39, 27, 33, 20, 37, 39, 35, 17, 39, 21, 12, 8, 39, 16, 22, 39, 2, 22, 2, 6, 1, 29, 30, 39, 19, 2, 20, 33, 38, 2, 22, 39]
    PRED: [9, 2, 39, 27, 33, 20, 37, 39, 35, 17, 39, 21, 12, 8, 39, 16, 22, 39, 16, 22, 11, 21, 1, 10, 28, 29, 30, 39, 19, 16, 20, 33, 38, 2, 22, 39]
    Edit distance: 8/34
  Sample 3:
    TRUE: [20, 3, 27, 17, 37, 39, 19, 0, 28, 30, 33, 21, 39, 22, 17, 8, 2, 8, 39, 6, 20, 1, 19, 39, 14, 20, 2, 34, 37, 39, 30, 33, 39, 6, 17, 39, 19, 2, 21, 26, 20, 17, 30, 20, 17, 39, 10, 20, 2, 14, 2, 22, 30, 39]
    PRED: [19, 27, 3, 17, 39, 19, 1, 28, 6, 21, 39, 22, 17, 8, 39, 6, 20, 1, 19, 39, 20, 10, 34, 37, 39, 30, 33, 39, 6, 17, 39, 2, 21, 26, 20, 30, 17, 39, 10, 20, 2, 22, 30, 39]
    Edit distance: 16/54
  Sample 4:
    TRUE: [9, 2, 39, 30, 33, 31, 39, 13, 10, 27, 17, 39, 13, 11, 14, 0, 30, 39, 30, 33, 39, 19, 2, 21, 39, 35, 10, 22, 39, 27, 0, 18, 11, 37, 39, 30, 33, 31, 39, 13, 10, 20, 39, 4, 30, 39]
    PRED: [9, 2, 39, 30, 33, 31, 39, 34, 17, 20, 17, 39, 26, 27, 17, 0, 2, 30, 39, 30, 33, 39, 19, 0, 21, 39, 27, 2, 22, 8, 39, 35, 5, 33, 20, 37, 39, 22, 33, 31, 39, 13, 4, 20, 39, 4, 30, 39]
    Edit distance: 17/46

============================================================
Batch 37000 | Val PER: 0.2325
============================================================
  Sample 0:
    TRUE: [31, 17, 0, 19, 27, 2, 28, 17, 39, 27, 17, 19, 2, 22, 28, 16, 8, 11, 8, 39]
    PRED: [19, 5, 24, 19, 33, 28, 39, 27, 24, 30, 11, 39]
    Edit distance: 14/20
  Sample 1:
    TRUE: [27, 16, 7, 39, 26, 11, 7, 2, 28, 30, 39, 28, 10, 34, 27, 2, 20, 39, 28, 5, 22, 8, 39, 20, 16, 31, 2, 14, 27, 1, 13, 28, 39]
    PRED: [17, 19, 39, 26, 11, 7, 19, 39, 10, 34, 11, 20, 39, 5, 22, 8, 39, 19, 16, 36, 11, 1, 13, 39]
    Edit distance: 16/33
  Sample 2:
    TRUE: [28, 24, 39, 27, 33, 20, 37, 39, 35, 17, 39, 21, 12, 8, 39, 16, 22, 39, 2, 22, 2, 6, 1, 29, 30, 39, 19, 2, 20, 33, 38, 2, 22, 39]
    PRED: [9, 2, 39, 27, 33, 20, 37, 39, 35, 17, 39, 21, 12, 8, 39, 16, 22, 39, 16, 22, 2, 21, 10, 28, 30, 39, 19, 2, 20, 33, 38, 2, 22, 39]
    Edit distance: 6/34
  Sample 3:
    TRUE: [20, 3, 27, 17, 37, 39, 19, 0, 28, 30, 33, 21, 39, 22, 17, 8, 2, 8, 39, 6, 20, 1, 19, 39, 14, 20, 2, 34, 37, 39, 30, 33, 39, 6, 17, 39, 19, 2, 21, 26, 20, 17, 30, 20, 17, 39, 10, 20, 2, 14, 2, 22, 30, 39]
    PRED: [19, 27, 3, 39, 19, 0, 28, 6, 21, 39, 22, 17, 8, 39, 6, 1, 19, 39, 20, 2, 34, 37, 39, 30, 33, 39, 6, 17, 39, 2, 21, 26, 20, 30, 20, 17, 39, 10, 20, 2, 22, 39]
    Edit distance: 15/54
  Sample 4:
    TRUE: [9, 2, 39, 30, 33, 31, 39, 13, 10, 27, 17, 39, 13, 11, 14, 0, 30, 39, 30, 33, 39, 19, 2, 21, 39, 35, 10, 22, 39, 27, 0, 18, 11, 37, 39, 30, 33, 31, 39, 13, 10, 20, 39, 4, 30, 39]
    PRED: [9, 2, 39, 30, 33, 31, 39, 34, 17, 20, 17, 39, 27, 24, 0, 2, 19, 39, 30, 33, 39, 19, 0, 21, 39, 27, 2, 22, 8, 39, 35, 27, 0, 33, 37, 39, 33, 31, 39, 13, 12, 39, 4, 30, 39]
    Edit distance: 18/46

============================================================
Batch 37500 | Val PER: 0.2292
============================================================
  Sample 0:
    TRUE: [31, 17, 0, 19, 27, 2, 28, 17, 39, 27, 17, 19, 2, 22, 28, 16, 8, 11, 8, 39]
    PRED: [19, 5, 0, 19, 3, 28, 39, 27, 16, 11, 11, 8, 39]
    Edit distance: 11/20
  Sample 1:
    TRUE: [27, 16, 7, 39, 26, 11, 7, 2, 28, 30, 39, 28, 10, 34, 27, 2, 20, 39, 28, 5, 22, 8, 39, 20, 16, 31, 2, 14, 27, 1, 13, 28, 39]
    PRED: [17, 19, 39, 26, 0, 27, 7, 2, 37, 39, 10, 34, 2, 20, 39, 5, 22, 8, 39, 19, 16, 24, 39, 1, 13, 39]
    Edit distance: 16/33
  Sample 2:
    TRUE: [28, 24, 39, 27, 33, 20, 37, 39, 35, 17, 39, 21, 12, 8, 39, 16, 22, 39, 2, 22, 2, 6, 1, 29, 30, 39, 19, 2, 20, 33, 38, 2, 22, 39]
    PRED: [9, 2, 39, 27, 33, 20, 37, 39, 35, 17, 39, 21, 12, 8, 39, 16, 22, 39, 16, 22, 11, 35, 34, 10, 28, 30, 39, 19, 2, 20, 33, 38, 2, 22, 39]
    Edit distance: 8/34
  Sample 3:
    TRUE: [20, 3, 27, 17, 37, 39, 19, 0, 28, 30, 33, 21, 39, 22, 17, 8, 2, 8, 39, 6, 20, 1, 19, 39, 14, 20, 2, 34, 37, 39, 30, 33, 39, 6, 17, 39, 19, 2, 21, 26, 20, 17, 30, 20, 17, 39, 10, 20, 2, 14, 2, 22, 30, 39]
    PRED: [19, 20, 3, 27, 28, 39, 19, 0, 28, 6, 21, 39, 22, 17, 8, 39, 6, 27, 1, 19, 39, 20, 2, 34, 37, 39, 30, 33, 39, 6, 17, 39, 2, 21, 26, 20, 30, 17, 39, 10, 20, 2, 22, 39]
    Edit distance: 15/54
  Sample 4:
    TRUE: [9, 2, 39, 30, 33, 31, 39, 13, 10, 27, 17, 39, 13, 11, 14, 0, 30, 39, 30, 33, 39, 19, 2, 21, 39, 35, 10, 22, 39, 27, 0, 18, 11, 37, 39, 30, 33, 31, 39, 13, 10, 20, 39, 4, 30, 39]
    PRED: [9, 2, 39, 30, 33, 31, 39, 34, 17, 27, 20, 17, 39, 27, 17, 0, 19, 30, 39, 30, 33, 39, 19, 2, 21, 39, 27, 2, 22, 8, 39, 35, 0, 17, 11, 37, 39, 33, 33, 31, 39, 13, 12, 20, 39, 4, 30, 39]
    Edit distance: 14/46

============================================================
Batch 38000 | Val PER: 0.2298
============================================================
  Sample 0:
    TRUE: [31, 17, 0, 19, 27, 2, 28, 17, 39, 27, 17, 19, 2, 22, 28, 16, 8, 11, 8, 39]
    PRED: [9, 5, 19, 29, 28, 39, 27, 16, 24, 5, 30, 11, 8, 39]
    Edit distance: 13/20
  Sample 1:
    TRUE: [27, 16, 7, 39, 26, 11, 7, 2, 28, 30, 39, 28, 10, 34, 27, 2, 20, 39, 28, 5, 22, 8, 39, 20, 16, 31, 2, 14, 27, 1, 13, 28, 39]
    PRED: [17, 19, 39, 21, 3, 27, 29, 2, 37, 39, 10, 34, 2, 20, 39, 28, 5, 22, 8, 39, 16, 33, 11, 1, 13, 39]
    Edit distance: 17/33
  Sample 2:
    TRUE: [28, 24, 39, 27, 33, 20, 37, 39, 35, 17, 39, 21, 12, 8, 39, 16, 22, 39, 2, 22, 2, 6, 1, 29, 30, 39, 19, 2, 20, 33, 38, 2, 22, 39]
    PRED: [9, 2, 39, 27, 24, 20, 39, 35, 17, 11, 39, 21, 12, 8, 39, 16, 22, 39, 5, 22, 30, 11, 21, 2, 28, 30, 39, 19, 2, 20, 33, 38, 2, 22, 39]
    Edit distance: 11/34
  Sample 3:
    TRUE: [20, 3, 27, 17, 37, 39, 19, 0, 28, 30, 33, 21, 39, 22, 17, 8, 2, 8, 39, 6, 20, 1, 19, 39, 14, 20, 2, 34, 37, 39, 30, 33, 39, 6, 17, 39, 19, 2, 21, 26, 20, 17, 30, 20, 17, 39, 10, 20, 2, 14, 2, 22, 30, 39]
    PRED: [19, 20, 3, 39, 19, 0, 21, 39, 22, 17, 8, 39, 6, 2, 19, 39, 20, 2, 34, 37, 39, 30, 33, 39, 6, 17, 39, 19, 2, 21, 26, 20, 30, 17, 39, 10, 20, 2, 22, 39]
    Edit distance: 17/54
  Sample 4:
    TRUE: [9, 2, 39, 30, 33, 31, 39, 13, 10, 27, 17, 39, 13, 11, 14, 0, 30, 39, 30, 33, 39, 19, 2, 21, 39, 35, 10, 22, 39, 27, 0, 18, 11, 37, 39, 30, 33, 31, 39, 13, 10, 20, 39, 4, 30, 39]
    PRED: [9, 2, 39, 30, 33, 31, 39, 34, 16, 20, 33, 39, 26, 27, 24, 2, 30, 39, 30, 33, 39, 19, 2, 21, 39, 13, 27, 2, 22, 8, 39, 35, 27, 5, 24, 11, 37, 39, 22, 33, 31, 39, 13, 12, 39, 4, 30, 39]
    Edit distance: 18/46

============================================================
Batch 38500 | Val PER: 0.2301
============================================================
  Sample 0:
    TRUE: [31, 17, 0, 19, 27, 2, 28, 17, 39, 27, 17, 19, 2, 22, 28, 16, 8, 11, 8, 39]
    PRED: [5, 0, 19, 27, 2, 39, 27, 24, 10, 22, 8, 30, 16, 8, 39]
    Edit distance: 11/20
  Sample 1:
    TRUE: [27, 16, 7, 39, 26, 11, 7, 2, 28, 30, 39, 28, 10, 34, 27, 2, 20, 39, 28, 5, 22, 8, 39, 20, 16, 31, 2, 14, 27, 1, 13, 28, 39]
    PRED: [27, 17, 39, 21, 3, 27, 7, 2, 39, 10, 34, 2, 20, 39, 5, 22, 8, 39, 8, 16, 24, 20, 16, 13, 39]
    Edit distance: 17/33
  Sample 2:
    TRUE: [28, 24, 39, 27, 33, 20, 37, 39, 35, 17, 39, 21, 12, 8, 39, 16, 22, 39, 2, 22, 2, 6, 1, 29, 30, 39, 19, 2, 20, 33, 38, 2, 22, 39]
    PRED: [9, 2, 39, 27, 33, 20, 31, 39, 35, 17, 39, 21, 12, 8, 39, 16, 22, 39, 5, 22, 30, 2, 21, 1, 10, 28, 30, 39, 19, 2, 20, 33, 38, 2, 22, 39]
    Edit distance: 8/34
  Sample 3:
    TRUE: [20, 3, 27, 17, 37, 39, 19, 0, 28, 30, 33, 21, 39, 22, 17, 8, 2, 8, 39, 6, 20, 1, 19, 39, 14, 20, 2, 34, 37, 39, 30, 33, 39, 6, 17, 39, 19, 2, 21, 26, 20, 17, 30, 20, 17, 39, 10, 20, 2, 14, 2, 22, 30, 39]
    PRED: [19, 3, 2, 39, 19, 0, 6, 21, 39, 22, 17, 8, 39, 6, 27, 1, 19, 39, 20, 0, 34, 39, 30, 33, 39, 6, 17, 39, 2, 21, 26, 20, 17, 30, 20, 17, 39, 10, 20, 2, 22, 39]
    Edit distance: 17/54
  Sample 4:
    TRUE: [9, 2, 39, 30, 33, 31, 39, 13, 10, 27, 17, 39, 13, 11, 14, 0, 30, 39, 30, 33, 39, 19, 2, 21, 39, 35, 10, 22, 39, 27, 0, 18, 11, 37, 39, 30, 33, 31, 39, 13, 10, 20, 39, 4, 30, 39]
    PRED: [9, 2, 39, 30, 33, 31, 39, 13, 17, 20, 17, 39, 27, 17, 0, 2, 39, 30, 33, 39, 19, 0, 21, 39, 27, 2, 22, 8, 39, 35, 5, 8, 11, 37, 39, 22, 33, 31, 39, 13, 12, 39, 4, 30, 39]
    Edit distance: 16/46

============================================================
Batch 39000 | Val PER: 0.2311
============================================================
  Sample 0:
    TRUE: [31, 17, 0, 19, 27, 2, 28, 17, 39, 27, 17, 19, 2, 22, 28, 16, 8, 11, 8, 39]
    PRED: [15, 17, 5, 0, 19, 10, 28, 39, 27, 2, 19, 10, 11, 39]
    Edit distance: 12/20
  Sample 1:
    TRUE: [27, 16, 7, 39, 26, 11, 7, 2, 28, 30, 39, 28, 10, 34, 27, 2, 20, 39, 28, 5, 22, 8, 39, 20, 16, 31, 2, 14, 27, 1, 13, 28, 39]
    PRED: [17, 7, 39, 26, 11, 27, 7, 2, 39, 10, 34, 2, 20, 39, 5, 22, 8, 39, 20, 16, 36, 24, 11, 20, 1, 13, 39]
    Edit distance: 13/33
  Sample 2:
    TRUE: [28, 24, 39, 27, 33, 20, 37, 39, 35, 17, 39, 21, 12, 8, 39, 16, 22, 39, 2, 22, 2, 6, 1, 29, 30, 39, 19, 2, 20, 33, 38, 2, 22, 39]
    PRED: [9, 2, 39, 27, 33, 20, 39, 35, 17, 39, 21, 12, 8, 39, 16, 22, 39, 2, 22, 30, 2, 21, 10, 28, 39, 19, 2, 20, 33, 38, 2, 22, 39]
    Edit distance: 8/34
  Sample 3:
    TRUE: [20, 3, 27, 17, 37, 39, 19, 0, 28, 30, 33, 21, 39, 22, 17, 8, 2, 8, 39, 6, 20, 1, 19, 39, 14, 20, 2, 34, 37, 39, 30, 33, 39, 6, 17, 39, 19, 2, 21, 26, 20, 17, 30, 20, 17, 39, 10, 20, 2, 14, 2, 22, 30, 39]
    PRED: [19, 20, 3, 27, 39, 19, 0, 6, 21, 39, 22, 17, 8, 39, 6, 27, 2, 19, 39, 20, 0, 34, 39, 30, 33, 39, 6, 17, 39, 28, 2, 21, 26, 20, 30, 20, 17, 39, 10, 20, 2, 22, 39]
    Edit distance: 18/54
  Sample 4:
    TRUE: [9, 2, 39, 30, 33, 31, 39, 13, 10, 27, 17, 39, 13, 11, 14, 0, 30, 39, 30, 33, 39, 19, 2, 21, 39, 35, 10, 22, 39, 27, 0, 18, 11, 37, 39, 30, 33, 31, 39, 13, 10, 20, 39, 4, 30, 39]
    PRED: [9, 2, 39, 30, 33, 31, 39, 13, 10, 20, 33, 39, 26, 27, 24, 0, 19, 2, 39, 30, 33, 39, 19, 2, 21, 39, 35, 2, 22, 8, 39, 35, 5, 11, 37, 39, 30, 33, 31, 39, 13, 4, 39, 4, 30, 39]
    Edit distance: 14/46

============================================================
Batch 39500 | Val PER: 0.2300
============================================================
  Sample 0:
    TRUE: [31, 17, 0, 19, 27, 2, 28, 17, 39, 27, 17, 19, 2, 22, 28, 16, 8, 11, 8, 39]
    PRED: [5, 0, 19, 28, 39, 27, 2, 14, 36, 5, 10, 22, 30, 11, 8, 39]
    Edit distance: 12/20
  Sample 1:
    TRUE: [27, 16, 7, 39, 26, 11, 7, 2, 28, 30, 39, 28, 10, 34, 27, 2, 20, 39, 28, 5, 22, 8, 39, 20, 16, 31, 2, 14, 27, 1, 13, 28, 39]
    PRED: [35, 17, 7, 39, 26, 11, 27, 7, 2, 39, 10, 34, 11, 2, 20, 39, 20, 5, 22, 8, 39, 20, 16, 36, 11, 20, 1, 13, 39]
    Edit distance: 13/33
  Sample 2:
    TRUE: [28, 24, 39, 27, 33, 20, 37, 39, 35, 17, 39, 21, 12, 8, 39, 16, 22, 39, 2, 22, 2, 6, 1, 29, 30, 39, 19, 2, 20, 33, 38, 2, 22, 39]
    PRED: [9, 2, 39, 27, 33, 20, 39, 35, 17, 39, 21, 12, 8, 39, 16, 22, 39, 16, 22, 2, 21, 10, 28, 30, 39, 19, 2, 20, 33, 38, 2, 22, 39]
    Edit distance: 7/34
  Sample 3:
    TRUE: [20, 3, 27, 17, 37, 39, 19, 0, 28, 30, 33, 21, 39, 22, 17, 8, 2, 8, 39, 6, 20, 1, 19, 39, 14, 20, 2, 34, 37, 39, 30, 33, 39, 6, 17, 39, 19, 2, 21, 26, 20, 17, 30, 20, 17, 39, 10, 20, 2, 14, 2, 22, 30, 39]
    PRED: [19, 20, 3, 27, 39, 19, 0, 21, 39, 22, 17, 8, 39, 6, 27, 1, 19, 39, 20, 0, 34, 39, 30, 33, 39, 6, 17, 39, 2, 21, 26, 20, 17, 30, 20, 17, 39, 10, 20, 2, 22, 39]
    Edit distance: 16/54
  Sample 4:
    TRUE: [9, 2, 39, 30, 33, 31, 39, 13, 10, 27, 17, 39, 13, 11, 14, 0, 30, 39, 30, 33, 39, 19, 2, 21, 39, 35, 10, 22, 39, 27, 0, 18, 11, 37, 39, 30, 33, 31, 39, 13, 10, 20, 39, 4, 30, 39]
    PRED: [9, 2, 39, 30, 33, 31, 39, 13, 10, 20, 17, 39, 26, 27, 24, 0, 14, 30, 39, 30, 33, 39, 19, 2, 21, 39, 35, 10, 22, 8, 39, 35, 5, 11, 37, 39, 33, 31, 39, 13, 4, 20, 39, 4, 30, 39]
    Edit distance: 11/46

============================================================
Batch 40000 | Val PER: 0.2284
============================================================
  Sample 0:
    TRUE: [31, 17, 0, 19, 27, 2, 28, 17, 39, 27, 17, 19, 2, 22, 28, 16, 8, 11, 8, 39]
    PRED: [5, 0, 19, 33, 19, 28, 39, 27, 16, 19, 5, 11, 8, 39]
    Edit distance: 11/20
  Sample 1:
    TRUE: [27, 16, 7, 39, 26, 11, 7, 2, 28, 30, 39, 28, 10, 34, 27, 2, 20, 39, 28, 5, 22, 8, 39, 20, 16, 31, 2, 14, 27, 1, 13, 28, 39]
    PRED: [17, 7, 39, 21, 0, 7, 2, 39, 10, 34, 11, 39, 8, 5, 22, 8, 39, 20, 16, 11, 20, 1, 5, 13, 39]
    Edit distance: 17/33
  Sample 2:
    TRUE: [28, 24, 39, 27, 33, 20, 37, 39, 35, 17, 39, 21, 12, 8, 39, 16, 22, 39, 2, 22, 2, 6, 1, 29, 30, 39, 19, 2, 20, 33, 38, 2, 22, 39]
    PRED: [9, 2, 39, 27, 33, 20, 39, 35, 17, 39, 21, 12, 8, 39, 16, 22, 39, 16, 22, 2, 21, 1, 10, 28, 30, 39, 19, 2, 20, 33, 38, 2, 22, 39]
    Edit distance: 7/34
  Sample 3:
    TRUE: [20, 3, 27, 17, 37, 39, 19, 0, 28, 30, 33, 21, 39, 22, 17, 8, 2, 8, 39, 6, 20, 1, 19, 39, 14, 20, 2, 34, 37, 39, 30, 33, 39, 6, 17, 39, 19, 2, 21, 26, 20, 17, 30, 20, 17, 39, 10, 20, 2, 14, 2, 22, 30, 39]
    PRED: [19, 27, 3, 39, 19, 1, 6, 21, 39, 22, 17, 8, 39, 6, 27, 1, 19, 39, 20, 0, 34, 39, 30, 33, 39, 6, 17, 39, 2, 21, 26, 20, 30, 17, 39, 16, 20, 2, 22, 30, 39]
    Edit distance: 20/54
  Sample 4:
    TRUE: [9, 2, 39, 30, 33, 31, 39, 13, 10, 27, 17, 39, 13, 11, 14, 0, 30, 39, 30, 33, 39, 19, 2, 21, 39, 35, 10, 22, 39, 27, 0, 18, 11, 37, 39, 30, 33, 31, 39, 13, 10, 20, 39, 4, 30, 39]
    PRED: [9, 2, 39, 30, 27, 33, 31, 39, 13, 17, 20, 17, 39, 26, 27, 24, 19, 39, 30, 33, 39, 19, 2, 21, 39, 35, 10, 22, 8, 39, 27, 0, 11, 37, 39, 27, 33, 31, 39, 13, 4, 39, 4, 30, 39]
    Edit distance: 13/46

============================================================
Batch 40500 | Val PER: 0.2283
============================================================
  Sample 0:
    TRUE: [31, 17, 0, 19, 27, 2, 28, 17, 39, 27, 17, 19, 2, 22, 28, 16, 8, 11, 8, 39]
    PRED: [5, 0, 19, 2, 19, 37, 39, 27, 16, 19, 30, 11, 8, 39]
    Edit distance: 11/20
  Sample 1:
    TRUE: [27, 16, 7, 39, 26, 11, 7, 2, 28, 30, 39, 28, 10, 34, 27, 2, 20, 39, 28, 5, 22, 8, 39, 20, 16, 31, 2, 14, 27, 1, 13, 28, 39]
    PRED: [17, 19, 28, 39, 21, 11, 27, 2, 39, 10, 34, 11, 39, 8, 5, 22, 8, 39, 20, 16, 11, 5, 13, 38, 39]
    Edit distance: 18/33
  Sample 2:
    TRUE: [28, 24, 39, 27, 33, 20, 37, 39, 35, 17, 39, 21, 12, 8, 39, 16, 22, 39, 2, 22, 2, 6, 1, 29, 30, 39, 19, 2, 20, 33, 38, 2, 22, 39]
    PRED: [9, 2, 39, 27, 17, 20, 39, 35, 17, 39, 21, 12, 8, 39, 16, 22, 39, 5, 22, 30, 2, 21, 2, 28, 30, 39, 2, 20, 33, 38, 2, 22, 39]
    Edit distance: 10/34
  Sample 3:
    TRUE: [20, 3, 27, 17, 37, 39, 19, 0, 28, 30, 33, 21, 39, 22, 17, 8, 2, 8, 39, 6, 20, 1, 19, 39, 14, 20, 2, 34, 37, 39, 30, 33, 39, 6, 17, 39, 19, 2, 21, 26, 20, 17, 30, 20, 17, 39, 10, 20, 2, 14, 2, 22, 30, 39]
    PRED: [20, 5, 2, 39, 19, 1, 0, 28, 21, 39, 22, 17, 8, 39, 6, 27, 1, 19, 39, 20, 5, 34, 37, 39, 30, 33, 39, 6, 17, 39, 2, 21, 26, 20, 30, 20, 17, 39, 16, 20, 2, 22, 39]
    Edit distance: 18/54
  Sample 4:
    TRUE: [9, 2, 39, 30, 33, 31, 39, 13, 10, 27, 17, 39, 13, 11, 14, 0, 30, 39, 30, 33, 39, 19, 2, 21, 39, 35, 10, 22, 39, 27, 0, 18, 11, 37, 39, 30, 33, 31, 39, 13, 10, 20, 39, 4, 30, 39]
    PRED: [9, 2, 39, 30, 33, 31, 39, 34, 10, 20, 33, 39, 26, 27, 24, 0, 19, 2, 39, 30, 33, 39, 19, 0, 21, 39, 27, 10, 22, 8, 39, 27, 0, 11, 37, 39, 22, 33, 31, 39, 13, 12, 39, 4, 30, 39]
    Edit distance: 15/46

============================================================
Batch 41000 | Val PER: 0.2276
============================================================
  Sample 0:
    TRUE: [31, 17, 0, 19, 27, 2, 28, 17, 39, 27, 17, 19, 2, 22, 28, 16, 8, 11, 8, 39]
    PRED: [17, 5, 0, 1, 19, 2, 28, 37, 39, 27, 2, 19, 11, 8, 39]
    Edit distance: 11/20
  Sample 1:
    TRUE: [27, 16, 7, 39, 26, 11, 7, 2, 28, 30, 39, 28, 10, 34, 27, 2, 20, 39, 28, 5, 22, 8, 39, 20, 16, 31, 2, 14, 27, 1, 13, 28, 39]
    PRED: [35, 17, 7, 39, 26, 11, 27, 7, 2, 37, 39, 10, 34, 11, 39, 28, 5, 22, 8, 39, 8, 16, 28, 11, 5, 13, 38, 39]
    Edit distance: 16/33
  Sample 2:
    TRUE: [28, 24, 39, 27, 33, 20, 37, 39, 35, 17, 39, 21, 12, 8, 39, 16, 22, 39, 2, 22, 2, 6, 1, 29, 30, 39, 19, 2, 20, 33, 38, 2, 22, 39]
    PRED: [9, 2, 39, 27, 33, 20, 37, 39, 35, 17, 39, 21, 12, 8, 39, 16, 22, 39, 16, 22, 2, 21, 2, 10, 28, 30, 39, 19, 2, 20, 33, 38, 2, 22, 39]
    Edit distance: 7/34
  Sample 3:
    TRUE: [20, 3, 27, 17, 37, 39, 19, 0, 28, 30, 33, 21, 39, 22, 17, 8, 2, 8, 39, 6, 20, 1, 19, 39, 14, 20, 2, 34, 37, 39, 30, 33, 39, 6, 17, 39, 19, 2, 21, 26, 20, 17, 30, 20, 17, 39, 10, 20, 2, 14, 2, 22, 30, 39]
    PRED: [19, 20, 5, 2, 28, 39, 19, 5, 28, 21, 39, 22, 17, 8, 39, 6, 1, 19, 39, 14, 20, 0, 34, 37, 39, 30, 33, 39, 6, 17, 39, 2, 21, 26, 20, 17, 30, 20, 17, 39, 17, 20, 2, 22, 39]
    Edit distance: 17/54
  Sample 4:
    TRUE: [9, 2, 39, 30, 33, 31, 39, 13, 10, 27, 17, 39, 13, 11, 14, 0, 30, 39, 30, 33, 39, 19, 2, 21, 39, 35, 10, 22, 39, 27, 0, 18, 11, 37, 39, 30, 33, 31, 39, 13, 10, 20, 39, 4, 30, 39]
    PRED: [9, 2, 39, 30, 33, 31, 39, 34, 10, 20, 17, 39, 26, 27, 24, 0, 19, 30, 39, 30, 33, 39, 19, 0, 21, 39, 35, 10, 22, 8, 39, 27, 5, 11, 37, 39, 30, 33, 31, 39, 13, 12, 20, 39, 4, 30, 39]
    Edit distance: 11/46

============================================================
Batch 41500 | Val PER: 0.2270
============================================================
  Sample 0:
    TRUE: [31, 17, 0, 19, 27, 2, 28, 17, 39, 27, 17, 19, 2, 22, 28, 16, 8, 11, 8, 39]
    PRED: [17, 5, 0, 19, 2, 28, 37, 39, 27, 10, 19, 22, 30, 11, 8, 39]
    Edit distance: 9/20
  Sample 1:
    TRUE: [27, 16, 7, 39, 26, 11, 7, 2, 28, 30, 39, 28, 10, 34, 27, 2, 20, 39, 28, 5, 22, 8, 39, 20, 16, 31, 2, 14, 27, 1, 13, 28, 39]
    PRED: [17, 19, 39, 26, 11, 27, 29, 2, 37, 39, 10, 34, 2, 20, 39, 28, 5, 22, 8, 39, 8, 16, 11, 20, 1, 13, 38, 39]
    Edit distance: 15/33
  Sample 2:
    TRUE: [28, 24, 39, 27, 33, 20, 37, 39, 35, 17, 39, 21, 12, 8, 39, 16, 22, 39, 2, 22, 2, 6, 1, 29, 30, 39, 19, 2, 20, 33, 38, 2, 22, 39]
    PRED: [9, 2, 39, 27, 33, 20, 37, 39, 35, 17, 39, 21, 12, 8, 39, 16, 22, 39, 5, 22, 2, 21, 10, 28, 30, 39, 19, 2, 20, 33, 38, 2, 22, 39]
    Edit distance: 6/34
  Sample 3:
    TRUE: [20, 3, 27, 17, 37, 39, 19, 0, 28, 30, 33, 21, 39, 22, 17, 8, 2, 8, 39, 6, 20, 1, 19, 39, 14, 20, 2, 34, 37, 39, 30, 33, 39, 6, 17, 39, 19, 2, 21, 26, 20, 17, 30, 20, 17, 39, 10, 20, 2, 14, 2, 22, 30, 39]
    PRED: [19, 5, 27, 2, 28, 39, 19, 0, 28, 21, 39, 22, 17, 8, 39, 6, 0, 19, 39, 20, 5, 34, 37, 39, 30, 33, 39, 6, 17, 39, 2, 21, 26, 17, 30, 20, 17, 39, 10, 20, 2, 22, 39]
    Edit distance: 17/54
  Sample 4:
    TRUE: [9, 2, 39, 30, 33, 31, 39, 13, 10, 27, 17, 39, 13, 11, 14, 0, 30, 39, 30, 33, 39, 19, 2, 21, 39, 35, 10, 22, 39, 27, 0, 18, 11, 37, 39, 30, 33, 31, 39, 13, 10, 20, 39, 4, 30, 39]
    PRED: [9, 2, 39, 30, 33, 31, 39, 34, 10, 27, 17, 39, 26, 27, 24, 0, 19, 30, 39, 30, 33, 39, 19, 2, 21, 39, 27, 10, 22, 8, 39, 27, 5, 11, 37, 39, 22, 33, 31, 39, 13, 12, 39, 4, 30, 39]
    Edit distance: 12/46

============================================================
Batch 42000 | Val PER: 0.2306
============================================================
  Sample 0:
    TRUE: [31, 17, 0, 19, 27, 2, 28, 17, 39, 27, 17, 19, 2, 22, 28, 16, 8, 11, 8, 39]
    PRED: [9, 17, 5, 0, 19, 2, 29, 39, 27, 10, 14, 10, 22, 30, 11, 8, 39]
    Edit distance: 11/20
  Sample 1:
    TRUE: [27, 16, 7, 39, 26, 11, 7, 2, 28, 30, 39, 28, 10, 34, 27, 2, 20, 39, 28, 5, 22, 8, 39, 20, 16, 31, 2, 14, 27, 1, 13, 28, 39]
    PRED: [27, 17, 7, 39, 26, 0, 27, 29, 29, 39, 10, 34, 2, 20, 39, 28, 5, 22, 8, 39, 20, 16, 33, 1, 13, 39]
    Edit distance: 13/33
  Sample 2:
    TRUE: [28, 24, 39, 27, 33, 20, 37, 39, 35, 17, 39, 21, 12, 8, 39, 16, 22, 39, 2, 22, 2, 6, 1, 29, 30, 39, 19, 2, 20, 33, 38, 2, 22, 39]
    PRED: [9, 2, 39, 27, 24, 20, 37, 39, 35, 17, 39, 21, 12, 8, 39, 16, 22, 39, 2, 22, 2, 10, 28, 30, 39, 19, 2, 20, 33, 38, 2, 22, 39]
    Edit distance: 6/34
  Sample 3:
    TRUE: [20, 3, 27, 17, 37, 39, 19, 0, 28, 30, 33, 21, 39, 22, 17, 8, 2, 8, 39, 6, 20, 1, 19, 39, 14, 20, 2, 34, 37, 39, 30, 33, 39, 6, 17, 39, 19, 2, 21, 26, 20, 17, 30, 20, 17, 39, 10, 20, 2, 14, 2, 22, 30, 39]
    PRED: [30, 20, 3, 2, 19, 39, 19, 0, 28, 21, 39, 22, 17, 8, 39, 6, 1, 19, 39, 20, 0, 34, 37, 39, 30, 33, 39, 6, 17, 39, 2, 21, 26, 20, 30, 17, 39, 10, 20, 2, 22, 39]
    Edit distance: 17/54
  Sample 4:
    TRUE: [9, 2, 39, 30, 33, 31, 39, 13, 10, 27, 17, 39, 13, 11, 14, 0, 30, 39, 30, 33, 39, 19, 2, 21, 39, 35, 10, 22, 39, 27, 0, 18, 11, 37, 39, 30, 33, 31, 39, 13, 10, 20, 39, 4, 30, 39]
    PRED: [9, 2, 39, 30, 33, 31, 39, 34, 10, 27, 20, 17, 39, 27, 24, 0, 39, 30, 33, 39, 19, 0, 21, 39, 27, 1, 22, 8, 39, 27, 5, 11, 37, 39, 22, 33, 31, 39, 13, 12, 39, 4, 30, 39]
    Edit distance: 15/46

============================================================
Batch 42500 | Val PER: 0.2271
============================================================
  Sample 0:
    TRUE: [31, 17, 0, 19, 27, 2, 28, 17, 39, 27, 17, 19, 2, 22, 28, 16, 8, 11, 8, 39]
    PRED: [9, 5, 19, 10, 16, 19, 39, 27, 2, 19, 14, 4, 22, 30, 11, 8, 39]
    Edit distance: 13/20
  Sample 1:
    TRUE: [27, 16, 7, 39, 26, 11, 7, 2, 28, 30, 39, 28, 10, 34, 27, 2, 20, 39, 28, 5, 22, 8, 39, 20, 16, 31, 2, 14, 27, 1, 13, 28, 39]
    PRED: [17, 7, 39, 26, 3, 27, 7, 2, 37, 39, 10, 34, 2, 20, 39, 28, 5, 22, 8, 39, 20, 16, 11, 27, 1, 13, 39]
    Edit distance: 12/33
  Sample 2:
    TRUE: [28, 24, 39, 27, 33, 20, 37, 39, 35, 17, 39, 21, 12, 8, 39, 16, 22, 39, 2, 22, 2, 6, 1, 29, 30, 39, 19, 2, 20, 33, 38, 2, 22, 39]
    PRED: [9, 2, 39, 27, 33, 20, 37, 39, 35, 17, 39, 21, 12, 8, 39, 16, 22, 39, 5, 22, 2, 21, 10, 28, 30, 39, 19, 2, 20, 33, 38, 2, 22, 39]
    Edit distance: 6/34
  Sample 3:
    TRUE: [20, 3, 27, 17, 37, 39, 19, 0, 28, 30, 33, 21, 39, 22, 17, 8, 2, 8, 39, 6, 20, 1, 19, 39, 14, 20, 2, 34, 37, 39, 30, 33, 39, 6, 17, 39, 19, 2, 21, 26, 20, 17, 30, 20, 17, 39, 10, 20, 2, 14, 2, 22, 30, 39]
    PRED: [20, 10, 27, 2, 17, 39, 19, 1, 0, 19, 21, 39, 22, 17, 8, 2, 8, 39, 6, 1, 19, 39, 20, 5, 34, 39, 29, 33, 39, 6, 17, 39, 2, 21, 26, 20, 30, 17, 39, 16, 20, 2, 22, 30, 39]
    Edit distance: 18/54
  Sample 4:
    TRUE: [9, 2, 39, 30, 33, 31, 39, 13, 10, 27, 17, 39, 13, 11, 14, 0, 30, 39, 30, 33, 39, 19, 2, 21, 39, 35, 10, 22, 39, 27, 0, 18, 11, 37, 39, 30, 33, 31, 39, 13, 10, 20, 39, 4, 30, 39]
    PRED: [9, 2, 39, 30, 33, 31, 39, 34, 12, 27, 20, 17, 39, 27, 24, 8, 19, 30, 39, 30, 33, 39, 19, 2, 21, 39, 35, 10, 22, 8, 39, 35, 27, 0, 11, 37, 39, 22, 33, 31, 39, 13, 1, 20, 39, 4, 30, 39]
    Edit distance: 12/46

============================================================
Batch 43000 | Val PER: 0.2277
============================================================
  Sample 0:
    TRUE: [31, 17, 0, 19, 27, 2, 28, 17, 39, 27, 17, 19, 2, 22, 28, 16, 8, 11, 8, 39]
    PRED: [5, 0, 19, 27, 3, 39, 27, 16, 14, 4, 22, 30, 11, 39]
    Edit distance: 12/20
  Sample 1:
    TRUE: [27, 16, 7, 39, 26, 11, 7, 2, 28, 30, 39, 28, 10, 34, 27, 2, 20, 39, 28, 5, 22, 8, 39, 20, 16, 31, 2, 14, 27, 1, 13, 28, 39]
    PRED: [17, 7, 39, 26, 3, 27, 39, 10, 34, 2, 20, 39, 28, 5, 22, 8, 39, 20, 16, 24, 1, 38, 39]
    Edit distance: 15/33
  Sample 2:
    TRUE: [28, 24, 39, 27, 33, 20, 37, 39, 35, 17, 39, 21, 12, 8, 39, 16, 22, 39, 2, 22, 2, 6, 1, 29, 30, 39, 19, 2, 20, 33, 38, 2, 22, 39]
    PRED: [9, 2, 39, 27, 33, 20, 37, 39, 35, 17, 39, 21, 12, 8, 39, 16, 22, 39, 5, 22, 2, 21, 10, 28, 30, 39, 19, 2, 20, 33, 38, 2, 22, 39]
    Edit distance: 6/34
  Sample 3:
    TRUE: [20, 3, 27, 17, 37, 39, 19, 0, 28, 30, 33, 21, 39, 22, 17, 8, 2, 8, 39, 6, 20, 1, 19, 39, 14, 20, 2, 34, 37, 39, 30, 33, 39, 6, 17, 39, 19, 2, 21, 26, 20, 17, 30, 20, 17, 39, 10, 20, 2, 14, 2, 22, 30, 39]
    PRED: [27, 3, 2, 39, 19, 5, 6, 21, 39, 22, 17, 8, 16, 8, 39, 6, 1, 19, 39, 14, 20, 0, 34, 39, 30, 33, 39, 6, 17, 39, 2, 21, 26, 20, 17, 20, 20, 17, 39, 10, 20, 2, 22, 39]
    Edit distance: 17/54
  Sample 4:
    TRUE: [9, 2, 39, 30, 33, 31, 39, 13, 10, 27, 17, 39, 13, 11, 14, 0, 30, 39, 30, 33, 39, 19, 2, 21, 39, 35, 10, 22, 39, 27, 0, 18, 11, 37, 39, 30, 33, 31, 39, 13, 10, 20, 39, 4, 30, 39]
    PRED: [9, 2, 39, 30, 33, 31, 39, 13, 12, 20, 17, 39, 26, 27, 24, 0, 19, 30, 39, 30, 33, 39, 19, 0, 21, 39, 27, 1, 22, 8, 39, 27, 0, 11, 37, 39, 22, 33, 31, 39, 13, 12, 20, 39, 4, 30, 39]
    Edit distance: 13/46

============================================================
Batch 43500 | Val PER: 0.2273
============================================================
  Sample 0:
    TRUE: [31, 17, 0, 19, 27, 2, 28, 17, 39, 27, 17, 19, 2, 22, 28, 16, 8, 11, 8, 39]
    PRED: [19, 5, 0, 19, 27, 2, 37, 39, 27, 10, 14, 4, 22, 30, 11, 8, 39]
    Edit distance: 10/20
  Sample 1:
    TRUE: [27, 16, 7, 39, 26, 11, 7, 2, 28, 30, 39, 28, 10, 34, 27, 2, 20, 39, 28, 5, 22, 8, 39, 20, 16, 31, 2, 14, 27, 1, 13, 28, 39]
    PRED: [27, 17, 7, 39, 26, 3, 27, 29, 39, 10, 34, 11, 39, 5, 22, 8, 39, 8, 16, 24, 27, 1, 13, 39]
    Edit distance: 16/33
  Sample 2:
    TRUE: [28, 24, 39, 27, 33, 20, 37, 39, 35, 17, 39, 21, 12, 8, 39, 16, 22, 39, 2, 22, 2, 6, 1, 29, 30, 39, 19, 2, 20, 33, 38, 2, 22, 39]
    PRED: [9, 2, 39, 27, 33, 20, 37, 39, 35, 17, 39, 21, 12, 8, 39, 16, 22, 39, 16, 22, 2, 34, 2, 28, 30, 39, 19, 2, 20, 33, 38, 2, 22, 39]
    Edit distance: 6/34
  Sample 3:
    TRUE: [20, 3, 27, 17, 37, 39, 19, 0, 28, 30, 33, 21, 39, 22, 17, 8, 2, 8, 39, 6, 20, 1, 19, 39, 14, 20, 2, 34, 37, 39, 30, 33, 39, 6, 17, 39, 19, 2, 21, 26, 20, 17, 30, 20, 17, 39, 10, 20, 2, 14, 2, 22, 30, 39]
    PRED: [19, 3, 27, 17, 39, 19, 5, 28, 6, 21, 39, 22, 17, 8, 39, 6, 0, 19, 39, 14, 20, 0, 34, 37, 39, 30, 33, 39, 6, 17, 39, 2, 21, 26, 20, 30, 20, 17, 39, 10, 20, 2, 22, 39]
    Edit distance: 15/54
  Sample 4:
    TRUE: [9, 2, 39, 30, 33, 31, 39, 13, 10, 27, 17, 39, 13, 11, 14, 0, 30, 39, 30, 33, 39, 19, 2, 21, 39, 35, 10, 22, 39, 27, 0, 18, 11, 37, 39, 30, 33, 31, 39, 13, 10, 20, 39, 4, 30, 39]
    PRED: [9, 2, 39, 30, 33, 31, 39, 13, 12, 20, 17, 39, 26, 27, 24, 0, 19, 30, 39, 30, 33, 39, 19, 0, 21, 39, 27, 10, 22, 8, 39, 35, 0, 11, 37, 39, 22, 33, 31, 39, 13, 12, 20, 11, 39, 4, 30, 39]
    Edit distance: 14/46

============================================================
Batch 44000 | Val PER: 0.2291
============================================================
  Sample 0:
    TRUE: [31, 17, 0, 19, 27, 2, 28, 17, 39, 27, 17, 19, 2, 22, 28, 16, 8, 11, 8, 39]
    PRED: [5, 0, 19, 27, 2, 19, 39, 27, 10, 14, 10, 22, 30, 16, 11, 8, 39]
    Edit distance: 9/20
  Sample 1:
    TRUE: [27, 16, 7, 39, 26, 11, 7, 2, 28, 30, 39, 28, 10, 34, 27, 2, 20, 39, 28, 5, 22, 8, 39, 20, 16, 31, 2, 14, 27, 1, 13, 28, 39]
    PRED: [17, 7, 39, 26, 3, 27, 7, 2, 39, 10, 34, 11, 39, 5, 22, 8, 39, 16, 27, 11, 27, 1, 13, 39]
    Edit distance: 16/33
  Sample 2:
    TRUE: [28, 24, 39, 27, 33, 20, 37, 39, 35, 17, 39, 21, 12, 8, 39, 16, 22, 39, 2, 22, 2, 6, 1, 29, 30, 39, 19, 2, 20, 33, 38, 2, 22, 39]
    PRED: [9, 2, 39, 27, 33, 20, 37, 39, 35, 17, 39, 21, 12, 8, 39, 16, 22, 39, 2, 22, 2, 34, 10, 28, 30, 39, 19, 2, 20, 33, 38, 2, 22, 39]
    Edit distance: 5/34
  Sample 3:
    TRUE: [20, 3, 27, 17, 37, 39, 19, 0, 28, 30, 33, 21, 39, 22, 17, 8, 2, 8, 39, 6, 20, 1, 19, 39, 14, 20, 2, 34, 37, 39, 30, 33, 39, 6, 17, 39, 19, 2, 21, 26, 20, 17, 30, 20, 17, 39, 10, 20, 2, 14, 2, 22, 30, 39]
    PRED: [19, 3, 27, 17, 39, 19, 1, 6, 2, 21, 39, 22, 17, 8, 39, 6, 0, 19, 39, 14, 0, 34, 37, 39, 30, 33, 39, 6, 17, 39, 2, 21, 26, 20, 30, 20, 17, 39, 10, 20, 2, 22, 30, 39]
    Edit distance: 16/54
  Sample 4:
    TRUE: [9, 2, 39, 30, 33, 31, 39, 13, 10, 27, 17, 39, 13, 11, 14, 0, 30, 39, 30, 33, 39, 19, 2, 21, 39, 35, 10, 22, 39, 27, 0, 18, 11, 37, 39, 30, 33, 31, 39, 13, 10, 20, 39, 4, 30, 39]
    PRED: [9, 2, 39, 36, 33, 31, 39, 34, 12, 20, 17, 39, 26, 27, 24, 0, 19, 30, 39, 30, 33, 39, 19, 0, 21, 39, 27, 1, 10, 22, 8, 39, 27, 5, 11, 37, 39, 22, 33, 31, 39, 13, 12, 20, 11, 39, 4, 30, 39]
    Edit distance: 17/46

============================================================
Batch 44500 | Val PER: 0.2248
============================================================
  Sample 0:
    TRUE: [31, 17, 0, 19, 27, 2, 28, 17, 39, 27, 17, 19, 2, 22, 28, 16, 8, 11, 8, 39]
    PRED: [5, 0, 19, 2, 29, 37, 39, 27, 2, 19, 10, 22, 30, 11, 8, 39]
    Edit distance: 10/20
  Sample 1:
    TRUE: [27, 16, 7, 39, 26, 11, 7, 2, 28, 30, 39, 28, 10, 34, 27, 2, 20, 39, 28, 5, 22, 8, 39, 20, 16, 31, 2, 14, 27, 1, 13, 28, 39]
    PRED: [27, 17, 39, 26, 3, 27, 29, 39, 10, 34, 2, 11, 39, 5, 22, 8, 39, 8, 16, 27, 24, 1, 13, 39]
    Edit distance: 17/33
  Sample 2:
    TRUE: [28, 24, 39, 27, 33, 20, 37, 39, 35, 17, 39, 21, 12, 8, 39, 16, 22, 39, 2, 22, 2, 6, 1, 29, 30, 39, 19, 2, 20, 33, 38, 2, 22, 39]
    PRED: [9, 2, 39, 27, 33, 20, 37, 39, 35, 17, 39, 21, 12, 8, 39, 16, 22, 39, 2, 22, 2, 34, 2, 10, 28, 30, 39, 19, 2, 19, 20, 33, 38, 2, 22, 39]
    Edit distance: 7/34
  Sample 3:
    TRUE: [20, 3, 27, 17, 37, 39, 19, 0, 28, 30, 33, 21, 39, 22, 17, 8, 2, 8, 39, 6, 20, 1, 19, 39, 14, 20, 2, 34, 37, 39, 30, 33, 39, 6, 17, 39, 19, 2, 21, 26, 20, 17, 30, 20, 17, 39, 10, 20, 2, 14, 2, 22, 30, 39]
    PRED: [19, 3, 27, 39, 19, 1, 6, 21, 39, 22, 17, 8, 39, 6, 27, 1, 19, 39, 14, 0, 34, 37, 39, 30, 33, 39, 6, 17, 39, 2, 21, 26, 20, 30, 20, 17, 39, 10, 20, 2, 22, 39]
    Edit distance: 17/54
  Sample 4:
    TRUE: [9, 2, 39, 30, 33, 31, 39, 13, 10, 27, 17, 39, 13, 11, 14, 0, 30, 39, 30, 33, 39, 19, 2, 21, 39, 35, 10, 22, 39, 27, 0, 18, 11, 37, 39, 30, 33, 31, 39, 13, 10, 20, 39, 4, 30, 39]
    PRED: [9, 2, 39, 30, 33, 31, 39, 34, 10, 20, 17, 33, 39, 26, 27, 24, 0, 19, 39, 30, 33, 39, 19, 0, 21, 39, 27, 1, 22, 8, 39, 27, 0, 20, 11, 37, 39, 22, 33, 31, 39, 13, 1, 20, 11, 39, 4, 30, 39]
    Edit distance: 15/46

============================================================
Batch 45000 | Val PER: 0.2289
============================================================
  Sample 0:
    TRUE: [31, 17, 0, 19, 27, 2, 28, 17, 39, 27, 17, 19, 2, 22, 28, 16, 8, 11, 8, 39]
    PRED: [5, 19, 2, 37, 39, 27, 10, 19, 10, 22, 8, 39]
    Edit distance: 12/20
  Sample 1:
    TRUE: [27, 16, 7, 39, 26, 11, 7, 2, 28, 30, 39, 28, 10, 34, 27, 2, 20, 39, 28, 5, 22, 8, 39, 20, 16, 31, 2, 14, 27, 1, 13, 28, 39]
    PRED: [27, 17, 7, 39, 26, 0, 27, 29, 39, 10, 34, 2, 20, 39, 5, 22, 8, 39, 20, 16, 5, 13, 27, 27, 3, 13, 39]
    Edit distance: 14/33
  Sample 2:
    TRUE: [28, 24, 39, 27, 33, 20, 37, 39, 35, 17, 39, 21, 12, 8, 39, 16, 22, 39, 2, 22, 2, 6, 1, 29, 30, 39, 19, 2, 20, 33, 38, 2, 22, 39]
    PRED: [9, 2, 39, 27, 33, 20, 37, 39, 35, 17, 39, 21, 12, 8, 39, 16, 22, 39, 2, 22, 2, 34, 2, 10, 28, 30, 39, 19, 2, 20, 33, 38, 2, 22, 39]
    Edit distance: 6/34
  Sample 3:
    TRUE: [20, 3, 27, 17, 37, 39, 19, 0, 28, 30, 33, 21, 39, 22, 17, 8, 2, 8, 39, 6, 20, 1, 19, 39, 14, 20, 2, 34, 37, 39, 30, 33, 39, 6, 17, 39, 19, 2, 21, 26, 20, 17, 30, 20, 17, 39, 10, 20, 2, 14, 2, 22, 30, 39]
    PRED: [19, 3, 27, 17, 39, 19, 1, 6, 21, 39, 22, 17, 8, 39, 6, 27, 1, 19, 39, 20, 5, 34, 37, 39, 30, 33, 39, 6, 17, 39, 19, 2, 21, 26, 20, 17, 39, 10, 20, 2, 22, 39]
    Edit distance: 17/54
  Sample 4:
    TRUE: [9, 2, 39, 30, 33, 31, 39, 13, 10, 27, 17, 39, 13, 11, 14, 0, 30, 39, 30, 33, 39, 19, 2, 21, 39, 35, 10, 22, 39, 27, 0, 18, 11, 37, 39, 30, 33, 31, 39, 13, 10, 20, 39, 4, 30, 39]
    PRED: [9, 2, 39, 30, 33, 31, 39, 13, 10, 20, 33, 39, 26, 27, 24, 0, 6, 19, 2, 39, 30, 33, 39, 19, 0, 21, 39, 27, 1, 22, 8, 39, 27, 5, 11, 37, 39, 22, 33, 31, 39, 13, 1, 20, 39, 4, 30, 39]
    Edit distance: 16/46

============================================================
Batch 45500 | Val PER: 0.2242
============================================================
  Sample 0:
    TRUE: [31, 17, 0, 19, 27, 2, 28, 17, 39, 27, 17, 19, 2, 22, 28, 16, 8, 11, 8, 39]
    PRED: [5, 19, 27, 10, 28, 39, 27, 10, 19, 10, 30, 11, 8, 39]
    Edit distance: 11/20
  Sample 1:
    TRUE: [27, 16, 7, 39, 26, 11, 7, 2, 28, 30, 39, 28, 10, 34, 27, 2, 20, 39, 28, 5, 22, 8, 39, 20, 16, 31, 2, 14, 27, 1, 13, 28, 39]
    PRED: [17, 7, 39, 26, 3, 27, 29, 39, 10, 34, 2, 20, 39, 5, 22, 8, 39, 8, 16, 27, 27, 3, 1, 13, 39]
    Edit distance: 16/33
  Sample 2:
    TRUE: [28, 24, 39, 27, 33, 20, 37, 39, 35, 17, 39, 21, 12, 8, 39, 16, 22, 39, 2, 22, 2, 6, 1, 29, 30, 39, 19, 2, 20, 33, 38, 2, 22, 39]
    PRED: [9, 2, 39, 27, 24, 20, 37, 39, 35, 17, 39, 21, 12, 8, 39, 16, 22, 39, 2, 22, 2, 34, 2, 28, 30, 39, 19, 2, 20, 33, 38, 2, 22, 39]
    Edit distance: 6/34
  Sample 3:
    TRUE: [20, 3, 27, 17, 37, 39, 19, 0, 28, 30, 33, 21, 39, 22, 17, 8, 2, 8, 39, 6, 20, 1, 19, 39, 14, 20, 2, 34, 37, 39, 30, 33, 39, 6, 17, 39, 19, 2, 21, 26, 20, 17, 30, 20, 17, 39, 10, 20, 2, 14, 2, 22, 30, 39]
    PRED: [19, 3, 27, 39, 19, 1, 28, 6, 21, 39, 22, 17, 8, 39, 6, 0, 19, 39, 14, 0, 34, 37, 39, 30, 33, 39, 6, 17, 39, 2, 21, 26, 20, 20, 17, 39, 10, 20, 2, 22, 39]
    Edit distance: 18/54
  Sample 4:
    TRUE: [9, 2, 39, 30, 33, 31, 39, 13, 10, 27, 17, 39, 13, 11, 14, 0, 30, 39, 30, 33, 39, 19, 2, 21, 39, 35, 10, 22, 39, 27, 0, 18, 11, 37, 39, 30, 33, 31, 39, 13, 10, 20, 39, 4, 30, 39]
    PRED: [9, 2, 39, 30, 33, 31, 39, 34, 10, 27, 17, 39, 27, 24, 0, 30, 39, 30, 33, 39, 19, 2, 21, 39, 27, 1, 22, 8, 39, 27, 5, 11, 37, 39, 22, 33, 31, 39, 13, 1, 20, 39, 4, 30, 39]
    Edit distance: 11/46

============================================================
Batch 46000 | Val PER: 0.2263
============================================================
  Sample 0:
    TRUE: [31, 17, 0, 19, 27, 2, 28, 17, 39, 27, 17, 19, 2, 22, 28, 16, 8, 11, 8, 39]
    PRED: [5, 0, 19, 29, 2, 29, 39, 27, 16, 19, 4, 22, 30, 2, 8, 39]
    Edit distance: 11/20
  Sample 1:
    TRUE: [27, 16, 7, 39, 26, 11, 7, 2, 28, 30, 39, 28, 10, 34, 27, 2, 20, 39, 28, 5, 22, 8, 39, 20, 16, 31, 2, 14, 27, 1, 13, 28, 39]
    PRED: [17, 7, 39, 26, 3, 27, 29, 2, 39, 10, 34, 11, 39, 5, 22, 8, 39, 8, 16, 10, 27, 11, 3, 13, 28, 39]
    Edit distance: 18/33
  Sample 2:
    TRUE: [28, 24, 39, 27, 33, 20, 37, 39, 35, 17, 39, 21, 12, 8, 39, 16, 22, 39, 2, 22, 2, 6, 1, 29, 30, 39, 19, 2, 20, 33, 38, 2, 22, 39]
    PRED: [9, 2, 39, 27, 33, 20, 37, 39, 35, 17, 39, 21, 12, 8, 39, 16, 22, 39, 2, 22, 11, 2, 34, 2, 28, 30, 39, 19, 2, 20, 33, 38, 2, 22, 39]
    Edit distance: 6/34
  Sample 3:
    TRUE: [20, 3, 27, 17, 37, 39, 19, 0, 28, 30, 33, 21, 39, 22, 17, 8, 2, 8, 39, 6, 20, 1, 19, 39, 14, 20, 2, 34, 37, 39, 30, 33, 39, 6, 17, 39, 19, 2, 21, 26, 20, 17, 30, 20, 17, 39, 10, 20, 2, 14, 2, 22, 30, 39]
    PRED: [19, 5, 27, 39, 19, 1, 6, 21, 39, 22, 17, 8, 39, 6, 1, 19, 39, 14, 5, 34, 37, 39, 30, 33, 39, 6, 17, 39, 19, 2, 21, 26, 20, 30, 20, 17, 39, 10, 20, 2, 22, 8, 39]
    Edit distance: 17/54
  Sample 4:
    TRUE: [9, 2, 39, 30, 33, 31, 39, 13, 10, 27, 17, 39, 13, 11, 14, 0, 30, 39, 30, 33, 39, 19, 2, 21, 39, 35, 10, 22, 39, 27, 0, 18, 11, 37, 39, 30, 33, 31, 39, 13, 10, 20, 39, 4, 30, 39]
    PRED: [9, 2, 39, 30, 33, 31, 39, 13, 10, 20, 17, 39, 27, 24, 0, 19, 2, 30, 39, 30, 2, 39, 19, 5, 21, 39, 27, 1, 22, 8, 39, 27, 5, 11, 37, 39, 22, 33, 31, 39, 13, 1, 20, 39, 4, 30, 39]
    Edit distance: 15/46

============================================================
Batch 46500 | Val PER: 0.2255
============================================================
  Sample 0:
    TRUE: [31, 17, 0, 19, 27, 2, 28, 17, 39, 27, 17, 19, 2, 22, 28, 16, 8, 11, 8, 39]
    PRED: [19, 5, 0, 19, 2, 39, 27, 16, 14, 10, 22, 30, 2, 8, 39]
    Edit distance: 12/20
  Sample 1:
    TRUE: [27, 16, 7, 39, 26, 11, 7, 2, 28, 30, 39, 28, 10, 34, 27, 2, 20, 39, 28, 5, 22, 8, 39, 20, 16, 31, 2, 14, 27, 1, 13, 28, 39]
    PRED: [17, 7, 39, 26, 3, 27, 2, 39, 10, 34, 2, 11, 39, 5, 22, 8, 39, 8, 16, 27, 2, 27, 3, 1, 13, 39]
    Edit distance: 15/33
  Sample 2:
    TRUE: [28, 24, 39, 27, 33, 20, 37, 39, 35, 17, 39, 21, 12, 8, 39, 16, 22, 39, 2, 22, 2, 6, 1, 29, 30, 39, 19, 2, 20, 33, 38, 2, 22, 39]
    PRED: [9, 2, 39, 27, 33, 20, 37, 39, 35, 17, 39, 21, 12, 8, 39, 16, 22, 39, 2, 22, 2, 34, 10, 28, 30, 39, 19, 2, 20, 33, 38, 2, 22, 39]
    Edit distance: 5/34
  Sample 3:
    TRUE: [20, 3, 27, 17, 37, 39, 19, 0, 28, 30, 33, 21, 39, 22, 17, 8, 2, 8, 39, 6, 20, 1, 19, 39, 14, 20, 2, 34, 37, 39, 30, 33, 39, 6, 17, 39, 19, 2, 21, 26, 20, 17, 30, 20, 17, 39, 10, 20, 2, 14, 2, 22, 30, 39]
    PRED: [19, 3, 27, 39, 19, 1, 6, 21, 39, 22, 17, 8, 39, 6, 1, 19, 39, 14, 5, 34, 37, 39, 30, 33, 39, 6, 17, 39, 2, 21, 26, 20, 30, 20, 17, 39, 1, 20, 2, 22, 39]
    Edit distance: 18/54
  Sample 4:
    TRUE: [9, 2, 39, 30, 33, 31, 39, 13, 10, 27, 17, 39, 13, 11, 14, 0, 30, 39, 30, 33, 39, 19, 2, 21, 39, 35, 10, 22, 39, 27, 0, 18, 11, 37, 39, 30, 33, 31, 39, 13, 10, 20, 39, 4, 30, 39]
    PRED: [9, 2, 39, 30, 33, 31, 39, 34, 12, 20, 17, 39, 27, 24, 0, 19, 30, 39, 30, 33, 39, 19, 2, 21, 39, 27, 1, 22, 8, 39, 27, 5, 11, 37, 39, 27, 33, 31, 39, 13, 1, 20, 39, 4, 30, 39]
    Edit distance: 14/46

============================================================
Batch 47000 | Val PER: 0.2258
============================================================
  Sample 0:
    TRUE: [31, 17, 0, 19, 27, 2, 28, 17, 39, 27, 17, 19, 2, 22, 28, 16, 8, 11, 8, 39]
    PRED: [5, 0, 19, 2, 29, 39, 27, 16, 14, 19, 10, 22, 30, 2, 8, 39]
    Edit distance: 12/20
  Sample 1:
    TRUE: [27, 16, 7, 39, 26, 11, 7, 2, 28, 30, 39, 28, 10, 34, 27, 2, 20, 39, 28, 5, 22, 8, 39, 20, 16, 31, 2, 14, 27, 1, 13, 28, 39]
    PRED: [17, 7, 39, 26, 0, 27, 29, 39, 10, 34, 2, 20, 39, 14, 5, 22, 8, 39, 19, 16, 27, 3, 13, 28, 39]
    Edit distance: 15/33
  Sample 2:
    TRUE: [28, 24, 39, 27, 33, 20, 37, 39, 35, 17, 39, 21, 12, 8, 39, 16, 22, 39, 2, 22, 2, 6, 1, 29, 30, 39, 19, 2, 20, 33, 38, 2, 22, 39]
    PRED: [9, 2, 39, 27, 24, 20, 37, 39, 35, 17, 39, 21, 12, 8, 39, 16, 22, 39, 2, 22, 11, 2, 21, 2, 10, 28, 30, 39, 19, 2, 20, 33, 38, 2, 22, 39]
    Edit distance: 8/34
  Sample 3:
    TRUE: [20, 3, 27, 17, 37, 39, 19, 0, 28, 30, 33, 21, 39, 22, 17, 8, 2, 8, 39, 6, 20, 1, 19, 39, 14, 20, 2, 34, 37, 39, 30, 33, 39, 6, 17, 39, 19, 2, 21, 26, 20, 17, 30, 20, 17, 39, 10, 20, 2, 14, 2, 22, 30, 39]
    PRED: [19, 5, 3, 27, 39, 19, 1, 6, 21, 39, 22, 17, 8, 39, 6, 1, 19, 39, 27, 5, 34, 37, 39, 30, 33, 39, 6, 17, 39, 2, 21, 26, 20, 17, 39, 10, 20, 2, 22, 39]
    Edit distance: 21/54
  Sample 4:
    TRUE: [9, 2, 39, 30, 33, 31, 39, 13, 10, 27, 17, 39, 13, 11, 14, 0, 30, 39, 30, 33, 39, 19, 2, 21, 39, 35, 10, 22, 39, 27, 0, 18, 11, 37, 39, 30, 33, 31, 39, 13, 10, 20, 39, 4, 30, 39]
    PRED: [9, 2, 39, 30, 33, 31, 39, 34, 10, 27, 20, 17, 39, 27, 17, 0, 19, 30, 39, 30, 33, 39, 19, 0, 21, 39, 27, 1, 22, 8, 39, 27, 5, 11, 37, 39, 22, 33, 31, 39, 13, 1, 20, 39, 4, 30, 39]
    Edit distance: 14/46

============================================================
Batch 47500 | Val PER: 0.2258
============================================================
  Sample 0:
    TRUE: [31, 17, 0, 19, 27, 2, 28, 17, 39, 27, 17, 19, 2, 22, 28, 16, 8, 11, 8, 39]
    PRED: [19, 5, 0, 19, 2, 29, 39, 27, 16, 19, 5, 30, 2, 11, 39]
    Edit distance: 12/20
  Sample 1:
    TRUE: [27, 16, 7, 39, 26, 11, 7, 2, 28, 30, 39, 28, 10, 34, 27, 2, 20, 39, 28, 5, 22, 8, 39, 20, 16, 31, 2, 14, 27, 1, 13, 28, 39]
    PRED: [17, 7, 39, 26, 3, 27, 2, 39, 10, 34, 2, 20, 39, 12, 22, 8, 39, 20, 2, 16, 10, 3, 39, 20, 5, 13, 39]
    Edit distance: 17/33
  Sample 2:
    TRUE: [28, 24, 39, 27, 33, 20, 37, 39, 35, 17, 39, 21, 12, 8, 39, 16, 22, 39, 2, 22, 2, 6, 1, 29, 30, 39, 19, 2, 20, 33, 38, 2, 22, 39]
    PRED: [9, 2, 39, 27, 17, 20, 37, 39, 35, 17, 39, 21, 12, 8, 39, 16, 22, 39, 2, 22, 11, 21, 2, 28, 29, 30, 39, 19, 2, 20, 33, 38, 2, 22, 39]
    Edit distance: 7/34
  Sample 3:
    TRUE: [20, 3, 27, 17, 37, 39, 19, 0, 28, 30, 33, 21, 39, 22, 17, 8, 2, 8, 39, 6, 20, 1, 19, 39, 14, 20, 2, 34, 37, 39, 30, 33, 39, 6, 17, 39, 19, 2, 21, 26, 20, 17, 30, 20, 17, 39, 10, 20, 2, 14, 2, 22, 30, 39]
    PRED: [19, 3, 27, 39, 19, 1, 6, 21, 39, 22, 17, 8, 39, 6, 27, 2, 19, 39, 20, 5, 34, 37, 39, 30, 33, 39, 6, 17, 39, 2, 21, 26, 20, 17, 39, 10, 20, 2, 22, 39]
    Edit distance: 20/54
  Sample 4:
    TRUE: [9, 2, 39, 30, 33, 31, 39, 13, 10, 27, 17, 39, 13, 11, 14, 0, 30, 39, 30, 33, 39, 19, 2, 21, 39, 35, 10, 22, 39, 27, 0, 18, 11, 37, 39, 30, 33, 31, 39, 13, 10, 20, 39, 4, 30, 39]
    PRED: [9, 2, 39, 30, 33, 31, 39, 13, 12, 20, 17, 39, 27, 17, 30, 0, 19, 2, 30, 39, 30, 33, 39, 19, 0, 21, 39, 27, 2, 22, 8, 39, 27, 5, 11, 39, 22, 33, 31, 39, 13, 1, 20, 39, 4, 30, 39]
    Edit distance: 16/46

============================================================
Batch 48000 | Val PER: 0.2269
============================================================
  Sample 0:
    TRUE: [31, 17, 0, 19, 27, 2, 28, 17, 39, 27, 17, 19, 2, 22, 28, 16, 8, 11, 8, 39]
    PRED: [5, 0, 19, 2, 16, 19, 39, 27, 16, 19, 22, 30, 11, 39]
    Edit distance: 11/20
  Sample 1:
    TRUE: [27, 16, 7, 39, 26, 11, 7, 2, 28, 30, 39, 28, 10, 34, 27, 2, 20, 39, 28, 5, 22, 8, 39, 20, 16, 31, 2, 14, 27, 1, 13, 28, 39]
    PRED: [17, 26, 39, 26, 0, 27, 39, 10, 34, 2, 20, 39, 28, 5, 22, 8, 39, 20, 16, 5, 13, 3, 5, 13, 39]
    Edit distance: 16/33
  Sample 2:
    TRUE: [28, 24, 39, 27, 33, 20, 37, 39, 35, 17, 39, 21, 12, 8, 39, 16, 22, 39, 2, 22, 2, 6, 1, 29, 30, 39, 19, 2, 20, 33, 38, 2, 22, 39]
    PRED: [9, 2, 39, 27, 17, 20, 37, 39, 35, 17, 39, 21, 12, 8, 39, 16, 22, 39, 2, 22, 11, 2, 21, 10, 28, 30, 39, 19, 2, 20, 33, 38, 2, 22, 39]
    Edit distance: 7/34
  Sample 3:
    TRUE: [20, 3, 27, 17, 37, 39, 19, 0, 28, 30, 33, 21, 39, 22, 17, 8, 2, 8, 39, 6, 20, 1, 19, 39, 14, 20, 2, 34, 37, 39, 30, 33, 39, 6, 17, 39, 19, 2, 21, 26, 20, 17, 30, 20, 17, 39, 10, 20, 2, 14, 2, 22, 30, 39]
    PRED: [19, 3, 27, 2, 39, 19, 5, 6, 21, 39, 22, 17, 8, 39, 6, 27, 0, 19, 39, 18, 5, 34, 37, 39, 30, 33, 39, 6, 17, 39, 2, 21, 26, 20, 20, 17, 39, 10, 20, 2, 22, 39]
    Edit distance: 20/54
  Sample 4:
    TRUE: [9, 2, 39, 30, 33, 31, 39, 13, 10, 27, 17, 39, 13, 11, 14, 0, 30, 39, 30, 33, 39, 19, 2, 21, 39, 35, 10, 22, 39, 27, 0, 18, 11, 37, 39, 30, 33, 31, 39, 13, 10, 20, 39, 4, 30, 39]
    PRED: [9, 2, 39, 30, 33, 31, 39, 13, 12, 20, 17, 39, 27, 17, 0, 19, 2, 39, 30, 33, 39, 19, 0, 21, 39, 27, 4, 22, 8, 39, 27, 5, 11, 37, 39, 36, 33, 31, 39, 13, 1, 39, 4, 30, 39]
    Edit distance: 16/46

============================================================
Batch 48500 | Val PER: 0.2246
============================================================
  Sample 0:
    TRUE: [31, 17, 0, 19, 27, 2, 28, 17, 39, 27, 17, 19, 2, 22, 28, 16, 8, 11, 8, 39]
    PRED: [5, 0, 19, 2, 29, 39, 27, 2, 19, 5, 22, 30, 11, 39]
    Edit distance: 11/20
  Sample 1:
    TRUE: [27, 16, 7, 39, 26, 11, 7, 2, 28, 30, 39, 28, 10, 34, 27, 2, 20, 39, 28, 5, 22, 8, 39, 20, 16, 31, 2, 14, 27, 1, 13, 28, 39]
    PRED: [17, 39, 36, 0, 27, 29, 39, 10, 34, 2, 20, 39, 5, 22, 8, 39, 20, 16, 13, 27, 27, 10, 13, 39]
    Edit distance: 17/33
  Sample 2:
    TRUE: [28, 24, 39, 27, 33, 20, 37, 39, 35, 17, 39, 21, 12, 8, 39, 16, 22, 39, 2, 22, 2, 6, 1, 29, 30, 39, 19, 2, 20, 33, 38, 2, 22, 39]
    PRED: [9, 2, 39, 27, 17, 20, 39, 35, 17, 39, 21, 12, 8, 39, 16, 22, 39, 16, 22, 11, 2, 21, 2, 10, 28, 30, 39, 19, 2, 20, 33, 38, 2, 22, 39]
    Edit distance: 10/34
  Sample 3:
    TRUE: [20, 3, 27, 17, 37, 39, 19, 0, 28, 30, 33, 21, 39, 22, 17, 8, 2, 8, 39, 6, 20, 1, 19, 39, 14, 20, 2, 34, 37, 39, 30, 33, 39, 6, 17, 39, 19, 2, 21, 26, 20, 17, 30, 20, 17, 39, 10, 20, 2, 14, 2, 22, 30, 39]
    PRED: [19, 35, 3, 25, 27, 2, 39, 19, 0, 6, 21, 39, 22, 17, 8, 39, 6, 27, 2, 19, 39, 20, 10, 34, 37, 39, 30, 33, 39, 6, 17, 39, 2, 21, 26, 20, 17, 39, 10, 20, 2, 22, 39]
    Edit distance: 21/54
  Sample 4:
    TRUE: [9, 2, 39, 30, 33, 31, 39, 13, 10, 27, 17, 39, 13, 11, 14, 0, 30, 39, 30, 33, 39, 19, 2, 21, 39, 35, 10, 22, 39, 27, 0, 18, 11, 37, 39, 30, 33, 31, 39, 13, 10, 20, 39, 4, 30, 39]
    PRED: [9, 2, 39, 30, 33, 31, 39, 13, 10, 20, 17, 39, 27, 17, 19, 30, 39, 30, 33, 39, 19, 2, 21, 39, 27, 2, 22, 8, 39, 27, 5, 11, 37, 39, 22, 33, 31, 39, 13, 1, 39, 4, 30, 39]
    Edit distance: 13/46

============================================================
Batch 49000 | Val PER: 0.2265
============================================================
  Sample 0:
    TRUE: [31, 17, 0, 19, 27, 2, 28, 17, 39, 27, 17, 19, 2, 22, 28, 16, 8, 11, 8, 39]
    PRED: [5, 0, 19, 2, 37, 39, 27, 10, 19, 10, 22, 30, 16, 11, 39]
    Edit distance: 10/20
  Sample 1:
    TRUE: [27, 16, 7, 39, 26, 11, 7, 2, 28, 30, 39, 28, 10, 34, 27, 2, 20, 39, 28, 5, 22, 8, 39, 20, 16, 31, 2, 14, 27, 1, 13, 28, 39]
    PRED: [17, 7, 39, 26, 3, 27, 29, 39, 10, 34, 2, 20, 39, 5, 22, 8, 39, 20, 16, 9, 36, 2, 39, 1, 13, 39]
    Edit distance: 15/33
  Sample 2:
    TRUE: [28, 24, 39, 27, 33, 20, 37, 39, 35, 17, 39, 21, 12, 8, 39, 16, 22, 39, 2, 22, 2, 6, 1, 29, 30, 39, 19, 2, 20, 33, 38, 2, 22, 39]
    PRED: [9, 2, 39, 27, 24, 20, 39, 35, 17, 39, 21, 12, 8, 39, 16, 22, 39, 2, 22, 11, 21, 2, 10, 28, 30, 39, 19, 2, 20, 33, 38, 2, 22, 39]
    Edit distance: 9/34
  Sample 3:
    TRUE: [20, 3, 27, 17, 37, 39, 19, 0, 28, 30, 33, 21, 39, 22, 17, 8, 2, 8, 39, 6, 20, 1, 19, 39, 14, 20, 2, 34, 37, 39, 30, 33, 39, 6, 17, 39, 19, 2, 21, 26, 20, 17, 30, 20, 17, 39, 10, 20, 2, 14, 2, 22, 30, 39]
    PRED: [19, 16, 27, 16, 39, 19, 0, 6, 21, 39, 22, 17, 8, 39, 6, 1, 19, 39, 14, 0, 34, 37, 39, 30, 33, 39, 6, 17, 39, 19, 2, 21, 26, 20, 30, 20, 17, 39, 10, 20, 2, 22, 39]
    Edit distance: 16/54
  Sample 4:
    TRUE: [9, 2, 39, 30, 33, 31, 39, 13, 10, 27, 17, 39, 13, 11, 14, 0, 30, 39, 30, 33, 39, 19, 2, 21, 39, 35, 10, 22, 39, 27, 0, 18, 11, 37, 39, 30, 33, 31, 39, 13, 10, 20, 39, 4, 30, 39]
    PRED: [9, 2, 39, 30, 33, 31, 39, 13, 10, 20, 17, 39, 27, 17, 30, 0, 19, 30, 39, 30, 33, 39, 19, 5, 21, 39, 27, 10, 22, 8, 39, 27, 5, 11, 37, 39, 22, 33, 31, 39, 13, 1, 39, 4, 30, 39]
    Edit distance: 13/46

============================================================
Batch 49500 | Val PER: 0.2277
============================================================
  Sample 0:
    TRUE: [31, 17, 0, 19, 27, 2, 28, 17, 39, 27, 17, 19, 2, 22, 28, 16, 8, 11, 8, 39]
    PRED: [5, 0, 19, 2, 39, 27, 16, 19, 5, 22, 30, 11, 8, 39]
    Edit distance: 10/20
  Sample 1:
    TRUE: [27, 16, 7, 39, 26, 11, 7, 2, 28, 30, 39, 28, 10, 34, 27, 2, 20, 39, 28, 5, 22, 8, 39, 20, 16, 31, 2, 14, 27, 1, 13, 28, 39]
    PRED: [12, 19, 39, 26, 36, 2, 27, 29, 39, 10, 34, 2, 20, 39, 5, 22, 8, 39, 20, 16, 11, 1, 13, 28, 39]
    Edit distance: 14/33
  Sample 2:
    TRUE: [28, 24, 39, 27, 33, 20, 37, 39, 35, 17, 39, 21, 12, 8, 39, 16, 22, 39, 2, 22, 2, 6, 1, 29, 30, 39, 19, 2, 20, 33, 38, 2, 22, 39]
    PRED: [9, 2, 39, 27, 33, 20, 37, 39, 35, 17, 39, 21, 12, 8, 39, 16, 22, 39, 2, 22, 11, 2, 34, 6, 2, 10, 28, 30, 39, 19, 16, 20, 24, 38, 2, 22, 39]
    Edit distance: 9/34
  Sample 3:
    TRUE: [20, 3, 27, 17, 37, 39, 19, 0, 28, 30, 33, 21, 39, 22, 17, 8, 2, 8, 39, 6, 20, 1, 19, 39, 14, 20, 2, 34, 37, 39, 30, 33, 39, 6, 17, 39, 19, 2, 21, 26, 20, 17, 30, 20, 17, 39, 10, 20, 2, 14, 2, 22, 30, 39]
    PRED: [19, 3, 16, 39, 19, 1, 0, 6, 21, 39, 22, 17, 8, 39, 6, 1, 19, 39, 14, 0, 34, 37, 39, 30, 33, 39, 6, 17, 39, 2, 21, 26, 20, 8, 20, 17, 39, 10, 20, 2, 22, 39]
    Edit distance: 19/54
  Sample 4:
    TRUE: [9, 2, 39, 30, 33, 31, 39, 13, 10, 27, 17, 39, 13, 11, 14, 0, 30, 39, 30, 33, 39, 19, 2, 21, 39, 35, 10, 22, 39, 27, 0, 18, 11, 37, 39, 30, 33, 31, 39, 13, 10, 20, 39, 4, 30, 39]
    PRED: [9, 2, 39, 30, 36, 33, 31, 39, 13, 12, 20, 17, 39, 26, 27, 17, 30, 0, 19, 2, 30, 39, 30, 33, 39, 19, 0, 21, 39, 27, 2, 22, 8, 39, 35, 27, 5, 37, 39, 36, 33, 31, 39, 13, 1, 39, 4, 30, 39]
    Edit distance: 20/46

============================================================
Batch 50000 | Val PER: 0.2240
============================================================
  Sample 0:
    TRUE: [31, 17, 0, 19, 27, 2, 28, 17, 39, 27, 17, 19, 2, 22, 28, 16, 8, 11, 8, 39]
    PRED: [19, 17, 0, 19, 2, 16, 29, 37, 39, 27, 16, 30, 11, 8, 39]
    Edit distance: 11/20
  Sample 1:
    TRUE: [27, 16, 7, 39, 26, 11, 7, 2, 28, 30, 39, 28, 10, 34, 27, 2, 20, 39, 28, 5, 22, 8, 39, 20, 16, 31, 2, 14, 27, 1, 13, 28, 39]
    PRED: [17, 19, 28, 39, 36, 11, 27, 39, 10, 34, 11, 39, 5, 22, 8, 37, 39, 20, 16, 9, 11, 1, 13, 39]
    Edit distance: 19/33
  Sample 2:
    TRUE: [28, 24, 39, 27, 33, 20, 37, 39, 35, 17, 39, 21, 12, 8, 39, 16, 22, 39, 2, 22, 2, 6, 1, 29, 30, 39, 19, 2, 20, 33, 38, 2, 22, 39]
    PRED: [9, 2, 39, 27, 33, 20, 37, 39, 35, 17, 39, 21, 12, 8, 39, 16, 22, 39, 2, 22, 11, 34, 21, 10, 28, 30, 39, 19, 16, 20, 33, 38, 2, 22, 39]
    Edit distance: 8/34
  Sample 3:
    TRUE: [20, 3, 27, 17, 37, 39, 19, 0, 28, 30, 33, 21, 39, 22, 17, 8, 2, 8, 39, 6, 20, 1, 19, 39, 14, 20, 2, 34, 37, 39, 30, 33, 39, 6, 17, 39, 19, 2, 21, 26, 20, 17, 30, 20, 17, 39, 10, 20, 2, 14, 2, 22, 30, 39]
    PRED: [19, 3, 27, 9, 39, 19, 1, 6, 21, 39, 22, 17, 8, 39, 6, 0, 19, 39, 14, 0, 34, 37, 39, 30, 33, 39, 6, 17, 39, 2, 21, 26, 20, 17, 30, 20, 17, 39, 10, 20, 2, 22, 8, 39]
    Edit distance: 17/54
  Sample 4:
    TRUE: [9, 2, 39, 30, 33, 31, 39, 13, 10, 27, 17, 39, 13, 11, 14, 0, 30, 39, 30, 33, 39, 19, 2, 21, 39, 35, 10, 22, 39, 27, 0, 18, 11, 37, 39, 30, 33, 31, 39, 13, 10, 20, 39, 4, 30, 39]
    PRED: [9, 2, 39, 30, 36, 33, 31, 39, 13, 16, 20, 17, 33, 39, 27, 0, 0, 19, 2, 30, 39, 30, 33, 39, 19, 0, 21, 39, 27, 2, 22, 8, 39, 27, 0, 11, 37, 39, 36, 33, 31, 39, 13, 1, 39, 4, 30, 39]
    Edit distance: 17/46
