
============================================================
Batch 0 | Val PER: 1.6743
============================================================
  Sample 0:
    TRUE: [31, 17, 0, 19, 27, 2, 28, 17, 39, 27, 17, 19, 2, 22, 28, 16, 8, 11, 8, 39]
    PRED: [26, 17, 32, 31, 28, 9, 38, 25, 4, 13, 30, 13, 19, 25, 16, 26, 19, 32, 23, 12, 21, 12, 21, 2, 21, 2, 1, 16, 24, 2, 33, 19, 0, 11, 27, 33, 11, 25, 12, 24, 12, 26, 37, 12, 27]
    Edit distance: 40/20
  Sample 1:
    TRUE: [27, 16, 7, 39, 26, 11, 7, 2, 28, 30, 39, 28, 10, 34, 27, 2, 20, 39, 28, 5, 22, 8, 39, 20, 16, 31, 2, 14, 27, 1, 13, 28, 39]
    PRED: [19, 20, 9, 0, 1, 15, 7, 38, 24, 18, 9, 32, 16, 32, 19, 4, 20, 16, 18, 19, 2, 35, 9, 2, 31, 2, 0, 2, 17, 14, 34, 26, 30, 25, 33, 21, 29, 19, 22, 6, 28, 14, 2, 19, 17, 25, 2, 9, 16, 24, 19, 30, 16, 7, 16, 21, 33, 38, 16, 1, 13, 35, 15, 25, 14, 21, 12, 27, 12, 21, 5, 30, 5, 19, 5]
    Edit distance: 67/33
  Sample 2:
    TRUE: [28, 24, 39, 27, 33, 20, 37, 39, 35, 17, 39, 21, 12, 8, 39, 16, 22, 39, 2, 22, 2, 6, 1, 29, 30, 39, 19, 2, 20, 33, 38, 2, 22, 39]
    PRED: [26, 19, 24, 38, 9, 25, 5, 10, 9, 30, 36, 33, 30, 18, 35, 5, 35, 36, 32, 6, 26, 32, 29, 17, 12, 2, 33, 24, 35, 0, 36, 26, 2, 16, 2, 9, 29, 23, 38, 18, 2, 17, 26, 29, 26, 15, 32, 12, 16, 0, 21, 35, 26, 14, 15, 18, 7, 38, 10, 21, 16, 9, 10, 2, 5, 33, 8, 31, 18, 9, 16, 3, 11, 27, 12, 5, 11]
    Edit distance: 68/34
  Sample 3:
    TRUE: [20, 3, 27, 17, 37, 39, 19, 0, 28, 30, 33, 21, 39, 22, 17, 8, 2, 8, 39, 6, 20, 1, 19, 39, 14, 20, 2, 34, 37, 39, 30, 33, 39, 6, 17, 39, 19, 2, 21, 26, 20, 17, 30, 20, 17, 39, 10, 20, 2, 14, 2, 22, 30, 39]
    PRED: [24, 31, 32, 36, 6, 26, 6, 23, 38, 24, 23, 27, 38, 13, 38, 9, 17, 29, 33, 21, 13, 21, 33, 20, 35, 11, 22, 36, 2, 9, 25, 29, 16, 36, 39, 0, 19, 0, 4, 15, 20, 2, 35, 29, 2, 15, 14, 17, 25, 8, 33, 10, 21, 14, 9, 14, 9, 30, 13, 33, 11, 5, 20, 11, 30, 2, 1, 19, 15, 10, 9, 30, 10, 20, 29, 4, 5, 4, 35, 37, 35, 33, 37, 27, 21, 33, 30, 6, 37, 30, 36, 0, 35, 0, 11, 24, 25, 12, 27, 12, 11, 27, 22, 7, 22, 12, 29]
    Edit distance: 93/54
  Sample 4:
    TRUE: [9, 2, 39, 30, 33, 31, 39, 13, 10, 27, 17, 39, 13, 11, 14, 0, 30, 39, 30, 33, 39, 19, 2, 21, 39, 35, 10, 22, 39, 27, 0, 18, 11, 37, 39, 30, 33, 31, 39, 13, 10, 20, 39, 4, 30, 39]
    PRED: [9, 20, 39, 0, 9, 34, 4, 14, 35, 23, 4, 12, 14, 35, 27, 6, 21, 23, 6, 34, 35, 14, 32, 0, 14, 16, 19, 4, 2, 2, 24, 6, 2, 32, 21, 9, 0, 29, 18, 35, 29, 26, 23, 17, 38, 2, 14, 6, 2, 17, 23, 3, 8, 21, 9, 7, 34, 25, 17, 25, 32, 4, 23, 34, 6, 23, 14, 17, 4, 24, 2, 12, 11, 5, 10, 36, 9, 39, 24, 5, 24, 34, 37, 25, 5, 19, 14, 26, 37, 38, 9, 23, 12, 37, 12, 5, 11, 5, 27, 12, 5, 37, 27, 11, 7, 11]
    Edit distance: 95/46

============================================================
Batch 500 | Val PER: 0.5970
============================================================
  Sample 0:
    TRUE: [31, 17, 0, 19, 27, 2, 28, 17, 39, 27, 17, 19, 2, 22, 28, 16, 8, 11, 8, 39]
    PRED: [28, 22, 39, 39]
    Edit distance: 17/20
  Sample 1:
    TRUE: [27, 16, 7, 39, 26, 11, 7, 2, 28, 30, 39, 28, 10, 34, 27, 2, 20, 39, 28, 5, 22, 8, 39, 20, 16, 31, 2, 14, 27, 1, 13, 28, 39]
    PRED: [28, 30, 39, 39, 1, 39, 39]
    Edit distance: 27/33
  Sample 2:
    TRUE: [28, 24, 39, 27, 33, 20, 37, 39, 35, 17, 39, 21, 12, 8, 39, 16, 22, 39, 2, 22, 2, 6, 1, 29, 30, 39, 19, 2, 20, 33, 38, 2, 22, 39]
    PRED: [39, 24, 20, 39, 39, 21, 39, 39, 39, 39]
    Edit distance: 25/34
  Sample 3:
    TRUE: [20, 3, 27, 17, 37, 39, 19, 0, 28, 30, 33, 21, 39, 22, 17, 8, 2, 8, 39, 6, 20, 1, 19, 39, 14, 20, 2, 34, 37, 39, 30, 33, 39, 6, 17, 39, 19, 2, 21, 26, 20, 17, 30, 20, 17, 39, 10, 20, 2, 14, 2, 22, 30, 39]
    PRED: [27, 39, 19, 1, 39, 39, 21, 21, 19, 39, 39, 39, 39, 20, 39, 39]
    Edit distance: 41/54
  Sample 4:
    TRUE: [9, 2, 39, 30, 33, 31, 39, 13, 10, 27, 17, 39, 13, 11, 14, 0, 30, 39, 30, 33, 39, 19, 2, 21, 39, 35, 10, 22, 39, 27, 0, 18, 11, 37, 39, 30, 33, 31, 39, 13, 10, 20, 39, 4, 30, 39]
    PRED: [9, 39, 39, 39, 13, 30, 39, 39, 21, 39, 22, 39, 35, 39, 39, 33, 39, 39, 39]
    Edit distance: 29/46

============================================================
Batch 1000 | Val PER: 0.5433
============================================================
  Sample 0:
    TRUE: [31, 17, 0, 19, 27, 2, 28, 17, 39, 27, 17, 19, 2, 22, 28, 16, 8, 11, 8, 39]
    PRED: [39, 8, 39]
    Edit distance: 17/20
  Sample 1:
    TRUE: [27, 16, 7, 39, 26, 11, 7, 2, 28, 30, 39, 28, 10, 34, 27, 2, 20, 39, 28, 5, 22, 8, 39, 20, 16, 31, 2, 14, 27, 1, 13, 28, 39]
    PRED: [30, 39, 1, 34, 39, 1, 8, 39, 16, 39]
    Edit distance: 25/33
  Sample 2:
    TRUE: [28, 24, 39, 27, 33, 20, 37, 39, 35, 17, 39, 21, 12, 8, 39, 16, 22, 39, 2, 22, 2, 6, 1, 29, 30, 39, 19, 2, 20, 33, 38, 2, 22, 39]
    PRED: [39, 39, 20, 37, 39, 39, 21, 22, 8, 39, 22, 39, 22, 1, 37, 39, 22, 39]
    Edit distance: 19/34
  Sample 3:
    TRUE: [20, 3, 27, 17, 37, 39, 19, 0, 28, 30, 33, 21, 39, 22, 17, 8, 2, 8, 39, 6, 20, 1, 19, 39, 14, 20, 2, 34, 37, 39, 30, 33, 39, 6, 17, 39, 19, 2, 21, 26, 20, 17, 30, 20, 17, 39, 10, 20, 2, 14, 2, 22, 30, 39]
    PRED: [39, 27, 39, 1, 21, 39, 22, 39, 39, 37, 39, 33, 39, 6, 39, 2, 39, 22, 8, 39]
    Edit distance: 37/54
  Sample 4:
    TRUE: [9, 2, 39, 30, 33, 31, 39, 13, 10, 27, 17, 39, 13, 11, 14, 0, 30, 39, 30, 33, 39, 19, 2, 21, 39, 35, 10, 22, 39, 27, 0, 18, 11, 37, 39, 30, 33, 31, 39, 13, 10, 20, 39, 4, 30, 39]
    PRED: [9, 39, 33, 2, 31, 39, 9, 37, 39, 13, 30, 39, 33, 39, 21, 39, 22, 39, 35, 39, 39, 39, 4, 22, 39]
    Edit distance: 27/46

============================================================
Batch 1500 | Val PER: 0.5043
============================================================
  Sample 0:
    TRUE: [31, 17, 0, 19, 27, 2, 28, 17, 39, 27, 17, 19, 2, 22, 28, 16, 8, 11, 8, 39]
    PRED: [9, 39, 39]
    Edit distance: 18/20
  Sample 1:
    TRUE: [27, 16, 7, 39, 26, 11, 7, 2, 28, 30, 39, 28, 10, 34, 27, 2, 20, 39, 28, 5, 22, 8, 39, 20, 16, 31, 2, 14, 27, 1, 13, 28, 39]
    PRED: [19, 39, 30, 39, 1, 34, 39, 2, 22, 8, 39, 9, 28, 39]
    Edit distance: 23/33
  Sample 2:
    TRUE: [28, 24, 39, 27, 33, 20, 37, 39, 35, 17, 39, 21, 12, 8, 39, 16, 22, 39, 2, 22, 2, 6, 1, 29, 30, 39, 19, 2, 20, 33, 38, 2, 22, 39]
    PRED: [24, 39, 20, 37, 39, 17, 39, 21, 22, 8, 39, 22, 39, 22, 30, 28, 39, 22, 39]
    Edit distance: 18/34
  Sample 3:
    TRUE: [20, 3, 27, 17, 37, 39, 19, 0, 28, 30, 33, 21, 39, 22, 17, 8, 2, 8, 39, 6, 20, 1, 19, 39, 14, 20, 2, 34, 37, 39, 30, 33, 39, 6, 17, 39, 19, 2, 21, 26, 20, 17, 30, 20, 17, 39, 10, 20, 2, 14, 2, 22, 30, 39]
    PRED: [27, 39, 15, 2, 21, 39, 22, 16, 8, 39, 6, 19, 39, 20, 20, 30, 39, 33, 39, 6, 39, 21, 26, 2, 39, 22, 39]
    Edit distance: 33/54
  Sample 4:
    TRUE: [9, 2, 39, 30, 33, 31, 39, 13, 10, 27, 17, 39, 13, 11, 14, 0, 30, 39, 30, 33, 39, 19, 2, 21, 39, 35, 10, 22, 39, 27, 0, 18, 11, 37, 39, 30, 33, 31, 39, 13, 10, 20, 39, 4, 30, 39]
    PRED: [9, 2, 39, 33, 39, 39, 13, 30, 2, 30, 39, 33, 39, 21, 39, 22, 39, 35, 39, 33, 39, 39, 4, 30, 39]
    Edit distance: 24/46

============================================================
Batch 2000 | Val PER: 0.4803
============================================================
  Sample 0:
    TRUE: [31, 17, 0, 19, 27, 2, 28, 17, 39, 27, 17, 19, 2, 22, 28, 16, 8, 11, 8, 39]
    PRED: [28, 39, 39]
    Edit distance: 17/20
  Sample 1:
    TRUE: [27, 16, 7, 39, 26, 11, 7, 2, 28, 30, 39, 28, 10, 34, 27, 2, 20, 39, 28, 5, 22, 8, 39, 20, 16, 31, 2, 14, 27, 1, 13, 28, 39]
    PRED: [10, 28, 39, 26, 30, 28, 39, 1, 34, 39, 1, 30, 22, 8, 39, 16, 39, 28, 39]
    Edit distance: 21/33
  Sample 2:
    TRUE: [28, 24, 39, 27, 33, 20, 37, 39, 35, 17, 39, 21, 12, 8, 39, 16, 22, 39, 2, 22, 2, 6, 1, 29, 30, 39, 19, 2, 20, 33, 38, 2, 22, 39]
    PRED: [39, 35, 20, 37, 39, 17, 39, 6, 26, 22, 30, 8, 39, 16, 22, 39, 22, 28, 39, 20, 2, 22, 39]
    Edit distance: 19/34
  Sample 3:
    TRUE: [20, 3, 27, 17, 37, 39, 19, 0, 28, 30, 33, 21, 39, 22, 17, 8, 2, 8, 39, 6, 20, 1, 19, 39, 14, 20, 2, 34, 37, 39, 30, 33, 39, 6, 17, 39, 19, 2, 21, 26, 20, 17, 30, 20, 17, 39, 10, 20, 2, 14, 2, 22, 30, 39]
    PRED: [35, 27, 39, 15, 2, 39, 8, 39, 6, 19, 39, 14, 20, 2, 37, 39, 33, 39, 6, 17, 39, 2, 26, 2, 39, 10, 20, 22, 39]
    Edit distance: 29/54
  Sample 4:
    TRUE: [9, 2, 39, 30, 33, 31, 39, 13, 10, 27, 17, 39, 13, 11, 14, 0, 30, 39, 30, 33, 39, 19, 2, 21, 39, 35, 10, 22, 39, 27, 0, 18, 11, 37, 39, 30, 33, 31, 39, 13, 10, 20, 39, 4, 30, 39]
    PRED: [9, 2, 39, 30, 33, 39, 12, 17, 39, 13, 35, 30, 39, 30, 33, 39, 21, 39, 35, 22, 39, 35, 39, 33, 28, 39, 39, 4, 30, 39]
    Edit distance: 20/46

============================================================
Batch 2500 | Val PER: 0.4491
============================================================
  Sample 0:
    TRUE: [31, 17, 0, 19, 27, 2, 28, 17, 39, 27, 17, 19, 2, 22, 28, 16, 8, 11, 8, 39]
    PRED: [9, 1, 19, 30, 39, 8, 8, 39]
    Edit distance: 15/20
  Sample 1:
    TRUE: [27, 16, 7, 39, 26, 11, 7, 2, 28, 30, 39, 28, 10, 34, 27, 2, 20, 39, 28, 5, 22, 8, 39, 20, 16, 31, 2, 14, 27, 1, 13, 28, 39]
    PRED: [10, 19, 39, 26, 27, 30, 39, 1, 34, 39, 5, 22, 8, 39, 16, 39, 28, 39]
    Edit distance: 20/33
  Sample 2:
    TRUE: [28, 24, 39, 27, 33, 20, 37, 39, 35, 17, 39, 21, 12, 8, 39, 16, 22, 39, 2, 22, 2, 6, 1, 29, 30, 39, 19, 2, 20, 33, 38, 2, 22, 39]
    PRED: [2, 33, 39, 20, 37, 39, 27, 5, 39, 21, 30, 8, 39, 16, 22, 39, 22, 28, 39, 20, 2, 22, 39]
    Edit distance: 17/34
  Sample 3:
    TRUE: [20, 3, 27, 17, 37, 39, 19, 0, 28, 30, 33, 21, 39, 22, 17, 8, 2, 8, 39, 6, 20, 1, 19, 39, 14, 20, 2, 34, 37, 39, 30, 33, 39, 6, 17, 39, 19, 2, 21, 26, 20, 17, 30, 20, 17, 39, 10, 20, 2, 14, 2, 22, 30, 39]
    PRED: [27, 39, 15, 1, 21, 39, 8, 17, 8, 39, 6, 19, 39, 14, 20, 2, 28, 39, 33, 39, 6, 17, 39, 30, 2, 26, 30, 2, 39, 1, 20, 22, 8, 39]
    Edit distance: 28/54
  Sample 4:
    TRUE: [9, 2, 39, 30, 33, 31, 39, 13, 10, 27, 17, 39, 13, 11, 14, 0, 30, 39, 30, 33, 39, 19, 2, 21, 39, 35, 10, 22, 39, 27, 0, 18, 11, 37, 39, 30, 33, 31, 39, 13, 10, 20, 39, 4, 30, 39]
    PRED: [9, 2, 39, 30, 33, 28, 39, 17, 39, 13, 30, 19, 39, 30, 33, 39, 5, 21, 39, 10, 22, 39, 35, 39, 9, 33, 39, 39, 4, 30, 39]
    Edit distance: 21/46

============================================================
Batch 3000 | Val PER: 0.4370
============================================================
  Sample 0:
    TRUE: [31, 17, 0, 19, 27, 2, 28, 17, 39, 27, 17, 19, 2, 22, 28, 16, 8, 11, 8, 39]
    PRED: [1, 19, 39, 27, 39]
    Edit distance: 16/20
  Sample 1:
    TRUE: [27, 16, 7, 39, 26, 11, 7, 2, 28, 30, 39, 28, 10, 34, 27, 2, 20, 39, 28, 5, 22, 8, 39, 20, 16, 31, 2, 14, 27, 1, 13, 28, 39]
    PRED: [35, 28, 39, 26, 27, 39, 1, 34, 39, 22, 39, 16, 39, 14, 34, 13, 39]
    Edit distance: 22/33
  Sample 2:
    TRUE: [28, 24, 39, 27, 33, 20, 37, 39, 35, 17, 39, 21, 12, 8, 39, 16, 22, 39, 2, 22, 2, 6, 1, 29, 30, 39, 19, 2, 20, 33, 38, 2, 22, 39]
    PRED: [24, 39, 20, 37, 39, 5, 39, 21, 22, 8, 39, 16, 22, 39, 22, 4, 28, 39, 20, 2, 22, 39]
    Edit distance: 16/34
  Sample 3:
    TRUE: [20, 3, 27, 17, 37, 39, 19, 0, 28, 30, 33, 21, 39, 22, 17, 8, 2, 8, 39, 6, 20, 1, 19, 39, 14, 20, 2, 34, 37, 39, 30, 33, 39, 6, 17, 39, 19, 2, 21, 26, 20, 17, 30, 20, 17, 39, 10, 20, 2, 14, 2, 22, 30, 39]
    PRED: [27, 39, 15, 1, 26, 21, 39, 8, 10, 22, 8, 39, 19, 39, 14, 2, 34, 28, 39, 33, 39, 6, 17, 39, 2, 21, 20, 17, 2, 39, 1, 20, 22, 39]
    Edit distance: 29/54
  Sample 4:
    TRUE: [9, 2, 39, 30, 33, 31, 39, 13, 10, 27, 17, 39, 13, 11, 14, 0, 30, 39, 30, 33, 39, 19, 2, 21, 39, 35, 10, 22, 39, 27, 0, 18, 11, 37, 39, 30, 33, 31, 39, 13, 10, 20, 39, 4, 30, 39]
    PRED: [9, 2, 39, 30, 33, 28, 39, 1, 17, 39, 35, 22, 39, 30, 33, 39, 2, 21, 39, 27, 10, 22, 39, 35, 39, 33, 9, 39, 20, 39, 4, 30, 39]
    Edit distance: 20/46

============================================================
Batch 3500 | Val PER: 0.4198
============================================================
  Sample 0:
    TRUE: [31, 17, 0, 19, 27, 2, 28, 17, 39, 27, 17, 19, 2, 22, 28, 16, 8, 11, 8, 39]
    PRED: [9, 1, 19, 28, 28, 39, 14, 16, 8, 8, 39]
    Edit distance: 13/20
  Sample 1:
    TRUE: [27, 16, 7, 39, 26, 11, 7, 2, 28, 30, 39, 28, 10, 34, 27, 2, 20, 39, 28, 5, 22, 8, 39, 20, 16, 31, 2, 14, 27, 1, 13, 28, 39]
    PRED: [27, 10, 28, 39, 26, 27, 2, 37, 39, 1, 34, 39, 22, 8, 39, 16, 2, 39, 10, 13, 39]
    Edit distance: 19/33
  Sample 2:
    TRUE: [28, 24, 39, 27, 33, 20, 37, 39, 35, 17, 39, 21, 12, 8, 39, 16, 22, 39, 2, 22, 2, 6, 1, 29, 30, 39, 19, 2, 20, 33, 38, 2, 22, 39]
    PRED: [24, 33, 39, 10, 20, 37, 39, 21, 5, 39, 21, 25, 22, 8, 39, 16, 22, 39, 22, 4, 28, 39, 19, 2, 22, 39]
    Edit distance: 18/34
  Sample 3:
    TRUE: [20, 3, 27, 17, 37, 39, 19, 0, 28, 30, 33, 21, 39, 22, 17, 8, 2, 8, 39, 6, 20, 1, 19, 39, 14, 20, 2, 34, 37, 39, 30, 33, 39, 6, 17, 39, 19, 2, 21, 26, 20, 17, 30, 20, 17, 39, 10, 20, 2, 14, 2, 22, 30, 39]
    PRED: [27, 32, 39, 15, 1, 21, 39, 8, 10, 8, 39, 6, 1, 19, 39, 14, 20, 2, 34, 28, 39, 30, 33, 39, 6, 17, 39, 2, 21, 26, 20, 39, 1, 22, 8, 22, 39]
    Edit distance: 25/54
  Sample 4:
    TRUE: [9, 2, 39, 30, 33, 31, 39, 13, 10, 27, 17, 39, 13, 11, 14, 0, 30, 39, 30, 33, 39, 19, 2, 21, 39, 35, 10, 22, 39, 27, 0, 18, 11, 37, 39, 30, 33, 31, 39, 13, 10, 20, 39, 4, 30, 39]
    PRED: [9, 2, 39, 8, 33, 28, 39, 17, 37, 39, 13, 27, 19, 30, 8, 19, 39, 30, 33, 39, 30, 2, 21, 39, 35, 10, 22, 39, 35, 39, 31, 33, 31, 39, 5, 20, 39, 4, 30, 39]
    Edit distance: 20/46

============================================================
Batch 4000 | Val PER: 0.4168
============================================================
  Sample 0:
    TRUE: [31, 17, 0, 19, 27, 2, 28, 17, 39, 27, 17, 19, 2, 22, 28, 16, 8, 11, 8, 39]
    PRED: [35, 1, 19, 2, 28, 39, 14, 27, 30, 8, 39]
    Edit distance: 14/20
  Sample 1:
    TRUE: [27, 16, 7, 39, 26, 11, 7, 2, 28, 30, 39, 28, 10, 34, 27, 2, 20, 39, 28, 5, 22, 8, 39, 20, 16, 31, 2, 14, 27, 1, 13, 28, 39]
    PRED: [35, 10, 19, 28, 39, 26, 27, 2, 37, 39, 1, 34, 39, 1, 5, 22, 8, 39, 9, 16, 39, 2, 39, 10, 13, 39]
    Edit distance: 20/33
  Sample 2:
    TRUE: [28, 24, 39, 27, 33, 20, 37, 39, 35, 17, 39, 21, 12, 8, 39, 16, 22, 39, 2, 22, 2, 6, 1, 29, 30, 39, 19, 2, 20, 33, 38, 2, 22, 39]
    PRED: [2, 39, 10, 20, 37, 39, 5, 39, 21, 25, 22, 8, 39, 16, 22, 39, 22, 5, 1, 28, 37, 39, 20, 2, 22, 39]
    Edit distance: 17/34
  Sample 3:
    TRUE: [20, 3, 27, 17, 37, 39, 19, 0, 28, 30, 33, 21, 39, 22, 17, 8, 2, 8, 39, 6, 20, 1, 19, 39, 14, 20, 2, 34, 37, 39, 30, 33, 39, 6, 17, 39, 19, 2, 21, 26, 20, 17, 30, 20, 17, 39, 10, 20, 2, 14, 2, 22, 30, 39]
    PRED: [35, 27, 32, 39, 15, 1, 2, 21, 39, 8, 10, 22, 8, 39, 6, 20, 16, 19, 39, 20, 2, 34, 28, 39, 30, 33, 39, 6, 17, 39, 2, 21, 2, 39, 1, 20, 22, 39]
    Edit distance: 28/54
  Sample 4:
    TRUE: [9, 2, 39, 30, 33, 31, 39, 13, 10, 27, 17, 39, 13, 11, 14, 0, 30, 39, 30, 33, 39, 19, 2, 21, 39, 35, 10, 22, 39, 27, 0, 18, 11, 37, 39, 30, 33, 31, 39, 13, 10, 20, 39, 4, 30, 39]
    PRED: [9, 2, 39, 30, 33, 31, 28, 39, 1, 17, 39, 13, 3, 30, 22, 19, 39, 30, 33, 39, 30, 2, 21, 39, 35, 1, 22, 39, 35, 11, 33, 31, 39, 5, 20, 39, 4, 30, 39]
    Edit distance: 18/46

============================================================
Batch 4500 | Val PER: 0.4096
============================================================
  Sample 0:
    TRUE: [31, 17, 0, 19, 27, 2, 28, 17, 39, 27, 17, 19, 2, 22, 28, 16, 8, 11, 8, 39]
    PRED: [9, 10, 19, 2, 39, 14, 27, 8, 39]
    Edit distance: 15/20
  Sample 1:
    TRUE: [27, 16, 7, 39, 26, 11, 7, 2, 28, 30, 39, 28, 10, 34, 27, 2, 20, 39, 28, 5, 22, 8, 39, 20, 16, 31, 2, 14, 27, 1, 13, 28, 39]
    PRED: [35, 10, 19, 28, 39, 26, 27, 25, 7, 2, 37, 39, 1, 34, 39, 1, 22, 8, 39, 16, 31, 2, 39, 14, 10, 13, 39]
    Edit distance: 20/33
  Sample 2:
    TRUE: [28, 24, 39, 27, 33, 20, 37, 39, 35, 17, 39, 21, 12, 8, 39, 16, 22, 39, 2, 22, 2, 6, 1, 29, 30, 39, 19, 2, 20, 33, 38, 2, 22, 39]
    PRED: [33, 39, 27, 33, 20, 37, 39, 21, 5, 39, 21, 25, 22, 8, 39, 16, 22, 39, 22, 1, 4, 28, 39, 20, 22, 39]
    Edit distance: 16/34
  Sample 3:
    TRUE: [20, 3, 27, 17, 37, 39, 19, 0, 28, 30, 33, 21, 39, 22, 17, 8, 2, 8, 39, 6, 20, 1, 19, 39, 14, 20, 2, 34, 37, 39, 30, 33, 39, 6, 17, 39, 19, 2, 21, 26, 20, 17, 30, 20, 17, 39, 10, 20, 2, 14, 2, 22, 30, 39]
    PRED: [27, 32, 39, 19, 1, 21, 39, 8, 17, 8, 39, 21, 0, 19, 39, 20, 0, 34, 37, 39, 30, 33, 39, 6, 17, 39, 2, 21, 26, 20, 16, 39, 20, 20, 2, 22, 39]
    Edit distance: 25/54
  Sample 4:
    TRUE: [9, 2, 39, 30, 33, 31, 39, 13, 10, 27, 17, 39, 13, 11, 14, 0, 30, 39, 30, 33, 39, 19, 2, 21, 39, 35, 10, 22, 39, 27, 0, 18, 11, 37, 39, 30, 33, 31, 39, 13, 10, 20, 39, 4, 30, 39]
    PRED: [9, 2, 39, 30, 33, 31, 39, 1, 39, 13, 3, 19, 39, 30, 33, 39, 28, 19, 21, 39, 27, 1, 22, 39, 35, 11, 39, 31, 33, 9, 13, 39, 13, 5, 20, 39, 4, 30, 39]
    Edit distance: 20/46

============================================================
Batch 5000 | Val PER: 0.4099
============================================================
  Sample 0:
    TRUE: [31, 17, 0, 19, 27, 2, 28, 17, 39, 27, 17, 19, 2, 22, 28, 16, 8, 11, 8, 39]
    PRED: [9, 10, 19, 28, 2, 28, 39, 14, 27, 17, 22, 8, 8, 39]
    Edit distance: 11/20
  Sample 1:
    TRUE: [27, 16, 7, 39, 26, 11, 7, 2, 28, 30, 39, 28, 10, 34, 27, 2, 20, 39, 28, 5, 22, 8, 39, 20, 16, 31, 2, 14, 27, 1, 13, 28, 39]
    PRED: [27, 10, 19, 28, 39, 26, 27, 2, 37, 39, 10, 34, 20, 39, 5, 22, 8, 39, 9, 31, 39, 9, 2, 39, 10, 34, 13, 39]
    Edit distance: 19/33
  Sample 2:
    TRUE: [28, 24, 39, 27, 33, 20, 37, 39, 35, 17, 39, 21, 12, 8, 39, 16, 22, 39, 2, 22, 2, 6, 1, 29, 30, 39, 19, 2, 20, 33, 38, 2, 22, 39]
    PRED: [9, 2, 27, 39, 16, 20, 37, 39, 27, 17, 39, 21, 25, 22, 8, 39, 16, 22, 39, 22, 27, 4, 28, 39, 19, 20, 20, 2, 22, 39]
    Edit distance: 17/34
  Sample 3:
    TRUE: [20, 3, 27, 17, 37, 39, 19, 0, 28, 30, 33, 21, 39, 22, 17, 8, 2, 8, 39, 6, 20, 1, 19, 39, 14, 20, 2, 34, 37, 39, 30, 33, 39, 6, 17, 39, 19, 2, 21, 26, 20, 17, 30, 20, 17, 39, 10, 20, 2, 14, 2, 22, 30, 39]
    PRED: [27, 39, 15, 1, 21, 39, 8, 17, 8, 39, 21, 20, 1, 19, 39, 20, 2, 34, 37, 39, 30, 33, 39, 6, 17, 39, 2, 21, 26, 20, 39, 20, 10, 20, 20, 2, 22, 39]
    Edit distance: 22/54
  Sample 4:
    TRUE: [9, 2, 39, 30, 33, 31, 39, 13, 10, 27, 17, 39, 13, 11, 14, 0, 30, 39, 30, 33, 39, 19, 2, 21, 39, 35, 10, 22, 39, 27, 0, 18, 11, 37, 39, 30, 33, 31, 39, 13, 10, 20, 39, 4, 30, 39]
    PRED: [9, 2, 39, 8, 33, 9, 28, 37, 39, 17, 39, 27, 30, 10, 19, 39, 30, 33, 39, 28, 30, 21, 39, 35, 10, 22, 39, 35, 27, 11, 39, 9, 33, 9, 39, 20, 39, 4, 30, 39]
    Edit distance: 21/46

============================================================
Batch 5500 | Val PER: 0.4055
============================================================
  Sample 0:
    TRUE: [31, 17, 0, 19, 27, 2, 28, 17, 39, 27, 17, 19, 2, 22, 28, 16, 8, 11, 8, 39]
    PRED: [9, 19, 2, 28, 39, 27, 8, 39]
    Edit distance: 13/20
  Sample 1:
    TRUE: [27, 16, 7, 39, 26, 11, 7, 2, 28, 30, 39, 28, 10, 34, 27, 2, 20, 39, 28, 5, 22, 8, 39, 20, 16, 31, 2, 14, 27, 1, 13, 28, 39]
    PRED: [27, 10, 19, 28, 39, 26, 27, 2, 37, 39, 1, 34, 20, 39, 5, 22, 8, 39, 16, 31, 39, 2, 39, 1, 13, 39]
    Edit distance: 17/33
  Sample 2:
    TRUE: [28, 24, 39, 27, 33, 20, 37, 39, 35, 17, 39, 21, 12, 8, 39, 16, 22, 39, 2, 22, 2, 6, 1, 29, 30, 39, 19, 2, 20, 33, 38, 2, 22, 39]
    PRED: [9, 33, 39, 16, 20, 37, 39, 35, 17, 39, 21, 25, 22, 8, 39, 16, 22, 39, 22, 1, 28, 39, 2, 22, 39]
    Edit distance: 16/34
  Sample 3:
    TRUE: [20, 3, 27, 17, 37, 39, 19, 0, 28, 30, 33, 21, 39, 22, 17, 8, 2, 8, 39, 6, 20, 1, 19, 39, 14, 20, 2, 34, 37, 39, 30, 33, 39, 6, 17, 39, 19, 2, 21, 26, 20, 17, 30, 20, 17, 39, 10, 20, 2, 14, 2, 22, 30, 39]
    PRED: [27, 32, 39, 15, 1, 21, 39, 8, 16, 8, 39, 6, 1, 19, 39, 20, 2, 37, 39, 30, 33, 39, 21, 17, 39, 2, 21, 26, 20, 2, 39, 1, 20, 2, 22, 8, 39]
    Edit distance: 25/54
  Sample 4:
    TRUE: [9, 2, 39, 30, 33, 31, 39, 13, 10, 27, 17, 39, 13, 11, 14, 0, 30, 39, 30, 33, 39, 19, 2, 21, 39, 35, 10, 22, 39, 27, 0, 18, 11, 37, 39, 30, 33, 31, 39, 13, 10, 20, 39, 4, 30, 39]
    PRED: [9, 2, 39, 8, 33, 31, 28, 39, 10, 39, 13, 27, 19, 39, 30, 33, 39, 28, 19, 2, 21, 39, 35, 2, 22, 39, 35, 11, 33, 31, 39, 5, 39, 4, 30, 39]
    Edit distance: 20/46

============================================================
Batch 6000 | Val PER: 0.4002
============================================================
  Sample 0:
    TRUE: [31, 17, 0, 19, 27, 2, 28, 17, 39, 27, 17, 19, 2, 22, 28, 16, 8, 11, 8, 39]
    PRED: [9, 1, 19, 2, 28, 39, 14, 27, 16, 8, 8, 39]
    Edit distance: 12/20
  Sample 1:
    TRUE: [27, 16, 7, 39, 26, 11, 7, 2, 28, 30, 39, 28, 10, 34, 27, 2, 20, 39, 28, 5, 22, 8, 39, 20, 16, 31, 2, 14, 27, 1, 13, 28, 39]
    PRED: [35, 10, 19, 28, 39, 26, 27, 25, 2, 18, 39, 1, 34, 20, 39, 1, 22, 39, 16, 31, 2, 39, 10, 13, 39]
    Edit distance: 20/33
  Sample 2:
    TRUE: [28, 24, 39, 27, 33, 20, 37, 39, 35, 17, 39, 21, 12, 8, 39, 16, 22, 39, 2, 22, 2, 6, 1, 29, 30, 39, 19, 2, 20, 33, 38, 2, 22, 39]
    PRED: [9, 33, 39, 27, 16, 20, 37, 39, 27, 17, 39, 21, 25, 22, 8, 39, 16, 22, 39, 2, 22, 27, 1, 28, 39, 19, 2, 22, 39]
    Edit distance: 14/34
  Sample 3:
    TRUE: [20, 3, 27, 17, 37, 39, 19, 0, 28, 30, 33, 21, 39, 22, 17, 8, 2, 8, 39, 6, 20, 1, 19, 39, 14, 20, 2, 34, 37, 39, 30, 33, 39, 6, 17, 39, 19, 2, 21, 26, 20, 17, 30, 20, 17, 39, 10, 20, 2, 14, 2, 22, 30, 39]
    PRED: [27, 32, 39, 15, 1, 26, 21, 39, 8, 10, 8, 39, 21, 2, 1, 19, 39, 20, 2, 34, 28, 39, 30, 33, 39, 6, 17, 39, 2, 21, 26, 20, 39, 10, 20, 2, 22, 30, 39]
    Edit distance: 23/54
  Sample 4:
    TRUE: [9, 2, 39, 30, 33, 31, 39, 13, 10, 27, 17, 39, 13, 11, 14, 0, 30, 39, 30, 33, 39, 19, 2, 21, 39, 35, 10, 22, 39, 27, 0, 18, 11, 37, 39, 30, 33, 31, 39, 13, 10, 20, 39, 4, 30, 39]
    PRED: [9, 2, 39, 30, 33, 9, 31, 37, 39, 10, 39, 13, 27, 19, 39, 30, 33, 39, 28, 30, 2, 21, 39, 27, 10, 22, 39, 27, 11, 39, 9, 33, 9, 39, 34, 39, 4, 30, 39]
    Edit distance: 20/46

============================================================
Batch 6500 | Val PER: 0.4059
============================================================
  Sample 0:
    TRUE: [31, 17, 0, 19, 27, 2, 28, 17, 39, 27, 17, 19, 2, 22, 28, 16, 8, 11, 8, 39]
    PRED: [9, 10, 28, 39, 27, 8, 8, 17, 39]
    Edit distance: 15/20
  Sample 1:
    TRUE: [27, 16, 7, 39, 26, 11, 7, 2, 28, 30, 39, 28, 10, 34, 27, 2, 20, 39, 28, 5, 22, 8, 39, 20, 16, 31, 2, 14, 27, 1, 13, 28, 39]
    PRED: [27, 10, 19, 28, 39, 26, 27, 2, 37, 39, 1, 10, 34, 20, 39, 5, 22, 8, 39, 9, 31, 9, 2, 39, 8, 20, 10, 28, 39]
    Edit distance: 18/33
  Sample 2:
    TRUE: [28, 24, 39, 27, 33, 20, 37, 39, 35, 17, 39, 21, 12, 8, 39, 16, 22, 39, 2, 22, 2, 6, 1, 29, 30, 39, 19, 2, 20, 33, 38, 2, 22, 39]
    PRED: [9, 33, 39, 33, 20, 37, 39, 35, 17, 39, 21, 25, 2, 22, 8, 39, 16, 22, 39, 22, 1, 4, 28, 39, 19, 38, 2, 22, 39]
    Edit distance: 14/34
  Sample 3:
    TRUE: [20, 3, 27, 17, 37, 39, 19, 0, 28, 30, 33, 21, 39, 22, 17, 8, 2, 8, 39, 6, 20, 1, 19, 39, 14, 20, 2, 34, 37, 39, 30, 33, 39, 6, 17, 39, 19, 2, 21, 26, 20, 17, 30, 20, 17, 39, 10, 20, 2, 14, 2, 22, 30, 39]
    PRED: [19, 27, 11, 39, 15, 1, 26, 21, 39, 8, 10, 8, 39, 21, 20, 19, 39, 20, 2, 34, 28, 39, 30, 33, 39, 6, 17, 39, 2, 21, 26, 20, 39, 10, 20, 22, 39]
    Edit distance: 25/54
  Sample 4:
    TRUE: [9, 2, 39, 30, 33, 31, 39, 13, 10, 27, 17, 39, 13, 11, 14, 0, 30, 39, 30, 33, 39, 19, 2, 21, 39, 35, 10, 22, 39, 27, 0, 18, 11, 37, 39, 30, 33, 31, 39, 13, 10, 20, 39, 4, 30, 39]
    PRED: [9, 2, 39, 8, 33, 9, 31, 39, 10, 17, 39, 13, 19, 39, 30, 33, 39, 28, 30, 2, 21, 39, 35, 10, 22, 39, 27, 11, 39, 9, 33, 31, 39, 34, 20, 39, 4, 30, 39]
    Edit distance: 16/46

============================================================
Batch 7000 | Val PER: 0.4028
============================================================
  Sample 0:
    TRUE: [31, 17, 0, 19, 27, 2, 28, 17, 39, 27, 17, 19, 2, 22, 28, 16, 8, 11, 8, 39]
    PRED: [9, 2, 19, 28, 39, 14, 27, 8, 2, 8, 39]
    Edit distance: 14/20
  Sample 1:
    TRUE: [27, 16, 7, 39, 26, 11, 7, 2, 28, 30, 39, 28, 10, 34, 27, 2, 20, 39, 28, 5, 22, 8, 39, 20, 16, 31, 2, 14, 27, 1, 13, 28, 39]
    PRED: [35, 10, 28, 39, 26, 27, 0, 7, 2, 37, 39, 1, 10, 34, 20, 39, 28, 5, 22, 8, 39, 9, 31, 9, 2, 39, 18, 10, 13, 39]
    Edit distance: 17/33
  Sample 2:
    TRUE: [28, 24, 39, 27, 33, 20, 37, 39, 35, 17, 39, 21, 12, 8, 39, 16, 22, 39, 2, 22, 2, 6, 1, 29, 30, 39, 19, 2, 20, 33, 38, 2, 22, 39]
    PRED: [9, 33, 27, 39, 33, 20, 37, 39, 35, 17, 27, 39, 21, 2, 22, 8, 39, 16, 22, 39, 22, 27, 28, 39, 19, 20, 2, 22, 39]
    Edit distance: 16/34
  Sample 3:
    TRUE: [20, 3, 27, 17, 37, 39, 19, 0, 28, 30, 33, 21, 39, 22, 17, 8, 2, 8, 39, 6, 20, 1, 19, 39, 14, 20, 2, 34, 37, 39, 30, 33, 39, 6, 17, 39, 19, 2, 21, 26, 20, 17, 30, 20, 17, 39, 10, 20, 2, 14, 2, 22, 30, 39]
    PRED: [19, 35, 32, 27, 39, 28, 1, 28, 21, 39, 22, 10, 8, 39, 21, 0, 19, 39, 20, 2, 34, 37, 39, 30, 33, 39, 6, 17, 39, 2, 21, 26, 20, 17, 39, 10, 20, 2, 22, 39]
    Edit distance: 23/54
  Sample 4:
    TRUE: [9, 2, 39, 30, 33, 31, 39, 13, 10, 27, 17, 39, 13, 11, 14, 0, 30, 39, 30, 33, 39, 19, 2, 21, 39, 35, 10, 22, 39, 27, 0, 18, 11, 37, 39, 30, 33, 31, 39, 13, 10, 20, 39, 4, 30, 39]
    PRED: [9, 2, 39, 30, 8, 33, 31, 39, 28, 13, 10, 17, 39, 13, 16, 30, 19, 39, 30, 33, 39, 30, 28, 30, 2, 21, 39, 35, 2, 22, 39, 35, 11, 17, 39, 9, 33, 31, 13, 31, 39, 13, 5, 20, 39, 4, 30, 39]
    Edit distance: 19/46

============================================================
Batch 7500 | Val PER: 0.3919
============================================================
  Sample 0:
    TRUE: [31, 17, 0, 19, 27, 2, 28, 17, 39, 27, 17, 19, 2, 22, 28, 16, 8, 11, 8, 39]
    PRED: [9, 17, 28, 28, 39, 14, 27, 10, 8, 39]
    Edit distance: 15/20
  Sample 1:
    TRUE: [27, 16, 7, 39, 26, 11, 7, 2, 28, 30, 39, 28, 10, 34, 27, 2, 20, 39, 28, 5, 22, 8, 39, 20, 16, 31, 2, 14, 27, 1, 13, 28, 39]
    PRED: [35, 10, 28, 39, 26, 27, 0, 2, 37, 39, 1, 34, 20, 39, 28, 5, 22, 39, 31, 16, 31, 39, 2, 39, 14, 10, 28, 39]
    Edit distance: 18/33
  Sample 2:
    TRUE: [28, 24, 39, 27, 33, 20, 37, 39, 35, 17, 39, 21, 12, 8, 39, 16, 22, 39, 2, 22, 2, 6, 1, 29, 30, 39, 19, 2, 20, 33, 38, 2, 22, 39]
    PRED: [9, 33, 39, 16, 20, 37, 39, 6, 17, 39, 21, 25, 22, 39, 16, 22, 39, 22, 27, 28, 39, 19, 20, 39, 20, 33, 2, 22, 39]
    Edit distance: 16/34
  Sample 3:
    TRUE: [20, 3, 27, 17, 37, 39, 19, 0, 28, 30, 33, 21, 39, 22, 17, 8, 2, 8, 39, 6, 20, 1, 19, 39, 14, 20, 2, 34, 37, 39, 30, 33, 39, 6, 17, 39, 19, 2, 21, 26, 20, 17, 30, 20, 17, 39, 10, 20, 2, 14, 2, 22, 30, 39]
    PRED: [27, 3, 39, 19, 1, 21, 39, 22, 8, 17, 8, 39, 6, 0, 19, 39, 14, 2, 34, 37, 39, 30, 33, 39, 6, 17, 39, 2, 21, 26, 39, 1, 20, 2, 22, 30, 39]
    Edit distance: 22/54
  Sample 4:
    TRUE: [9, 2, 39, 30, 33, 31, 39, 13, 10, 27, 17, 39, 13, 11, 14, 0, 30, 39, 30, 33, 39, 19, 2, 21, 39, 35, 10, 22, 39, 27, 0, 18, 11, 37, 39, 30, 33, 31, 39, 13, 10, 20, 39, 4, 30, 39]
    PRED: [9, 2, 39, 8, 33, 31, 28, 39, 28, 13, 10, 17, 39, 13, 3, 0, 30, 39, 30, 33, 39, 28, 30, 2, 21, 39, 27, 10, 22, 39, 27, 11, 39, 30, 33, 31, 11, 39, 13, 5, 20, 39, 4, 30, 39]
    Edit distance: 14/46

============================================================
Batch 8000 | Val PER: 0.3947
============================================================
  Sample 0:
    TRUE: [31, 17, 0, 19, 27, 2, 28, 17, 39, 27, 17, 19, 2, 22, 28, 16, 8, 11, 8, 39]
    PRED: [9, 2, 19, 30, 28, 39, 14, 27, 17, 8, 39]
    Edit distance: 14/20
  Sample 1:
    TRUE: [27, 16, 7, 39, 26, 11, 7, 2, 28, 30, 39, 28, 10, 34, 27, 2, 20, 39, 28, 5, 22, 8, 39, 20, 16, 31, 2, 14, 27, 1, 13, 28, 39]
    PRED: [35, 10, 19, 28, 39, 26, 27, 7, 2, 37, 39, 10, 34, 20, 39, 5, 22, 8, 39, 9, 31, 2, 39, 10, 28, 39]
    Edit distance: 17/33
  Sample 2:
    TRUE: [28, 24, 39, 27, 33, 20, 37, 39, 35, 17, 39, 21, 12, 8, 39, 16, 22, 39, 2, 22, 2, 6, 1, 29, 30, 39, 19, 2, 20, 33, 38, 2, 22, 39]
    PRED: [9, 33, 39, 27, 33, 20, 37, 39, 35, 17, 39, 21, 25, 2, 22, 8, 39, 16, 22, 39, 2, 22, 27, 28, 39, 19, 20, 2, 22, 39]
    Edit distance: 13/34
  Sample 3:
    TRUE: [20, 3, 27, 17, 37, 39, 19, 0, 28, 30, 33, 21, 39, 22, 17, 8, 2, 8, 39, 6, 20, 1, 19, 39, 14, 20, 2, 34, 37, 39, 30, 33, 39, 6, 17, 39, 19, 2, 21, 26, 20, 17, 30, 20, 17, 39, 10, 20, 2, 14, 2, 22, 30, 39]
    PRED: [27, 24, 39, 28, 1, 26, 21, 39, 22, 10, 8, 39, 6, 20, 0, 19, 39, 20, 2, 34, 37, 39, 30, 33, 39, 6, 17, 39, 2, 21, 26, 20, 39, 10, 20, 22, 39]
    Edit distance: 22/54
  Sample 4:
    TRUE: [9, 2, 39, 30, 33, 31, 39, 13, 10, 27, 17, 39, 13, 11, 14, 0, 30, 39, 30, 33, 39, 19, 2, 21, 39, 35, 10, 22, 39, 27, 0, 18, 11, 37, 39, 30, 33, 31, 39, 13, 10, 20, 39, 4, 30, 39]
    PRED: [9, 2, 39, 8, 33, 9, 28, 39, 10, 17, 39, 13, 27, 19, 30, 19, 39, 30, 33, 39, 28, 2, 21, 39, 35, 2, 22, 39, 27, 11, 39, 9, 33, 31, 39, 13, 5, 20, 39, 4, 30, 39]
    Edit distance: 16/46

============================================================
Batch 8500 | Val PER: 0.3945
============================================================
  Sample 0:
    TRUE: [31, 17, 0, 19, 27, 2, 28, 17, 39, 27, 17, 19, 2, 22, 28, 16, 8, 11, 8, 39]
    PRED: [9, 12, 39, 0, 19, 28, 39, 14, 27, 17, 8, 8, 39]
    Edit distance: 13/20
  Sample 1:
    TRUE: [27, 16, 7, 39, 26, 11, 7, 2, 28, 30, 39, 28, 10, 34, 27, 2, 20, 39, 28, 5, 22, 8, 39, 20, 16, 31, 2, 14, 27, 1, 13, 28, 39]
    PRED: [27, 10, 19, 28, 39, 26, 27, 0, 19, 2, 37, 39, 1, 10, 34, 39, 5, 22, 8, 39, 9, 31, 39, 9, 2, 39, 14, 10, 34, 13, 39]
    Edit distance: 21/33
  Sample 2:
    TRUE: [28, 24, 39, 27, 33, 20, 37, 39, 35, 17, 39, 21, 12, 8, 39, 16, 22, 39, 2, 22, 2, 6, 1, 29, 30, 39, 19, 2, 20, 33, 38, 2, 22, 39]
    PRED: [9, 33, 27, 39, 16, 33, 20, 37, 39, 21, 17, 39, 21, 25, 22, 8, 39, 16, 22, 39, 22, 27, 1, 28, 39, 39, 20, 2, 22, 39]
    Edit distance: 16/34
  Sample 3:
    TRUE: [20, 3, 27, 17, 37, 39, 19, 0, 28, 30, 33, 21, 39, 22, 17, 8, 2, 8, 39, 6, 20, 1, 19, 39, 14, 20, 2, 34, 37, 39, 30, 33, 39, 6, 17, 39, 19, 2, 21, 26, 20, 17, 30, 20, 17, 39, 10, 20, 2, 14, 2, 22, 30, 39]
    PRED: [19, 27, 32, 39, 28, 19, 1, 26, 21, 39, 22, 8, 10, 8, 39, 6, 20, 0, 19, 39, 14, 2, 34, 37, 39, 30, 33, 39, 6, 17, 39, 2, 21, 26, 39, 10, 20, 2, 22, 8, 39]
    Edit distance: 22/54
  Sample 4:
    TRUE: [9, 2, 39, 30, 33, 31, 39, 13, 10, 27, 17, 39, 13, 11, 14, 0, 30, 39, 30, 33, 39, 19, 2, 21, 39, 35, 10, 22, 39, 27, 0, 18, 11, 37, 39, 30, 33, 31, 39, 13, 10, 20, 39, 4, 30, 39]
    PRED: [9, 2, 39, 28, 8, 33, 31, 39, 13, 10, 17, 37, 39, 26, 13, 3, 0, 30, 39, 30, 33, 39, 28, 2, 21, 39, 35, 10, 22, 39, 27, 11, 39, 9, 33, 31, 13, 39, 13, 5, 20, 39, 4, 30, 39]
    Edit distance: 14/46

============================================================
Batch 9000 | Val PER: 0.3929
============================================================
  Sample 0:
    TRUE: [31, 17, 0, 19, 27, 2, 28, 17, 39, 27, 17, 19, 2, 22, 28, 16, 8, 11, 8, 39]
    PRED: [9, 2, 19, 28, 39, 14, 27, 8, 8, 39]
    Edit distance: 14/20
  Sample 1:
    TRUE: [27, 16, 7, 39, 26, 11, 7, 2, 28, 30, 39, 28, 10, 34, 27, 2, 20, 39, 28, 5, 22, 8, 39, 20, 16, 31, 2, 14, 27, 1, 13, 28, 39]
    PRED: [35, 10, 19, 28, 39, 26, 27, 25, 2, 20, 37, 39, 4, 34, 20, 39, 5, 22, 8, 39, 9, 16, 31, 9, 2, 39, 20, 10, 13, 31, 39]
    Edit distance: 19/33
  Sample 2:
    TRUE: [28, 24, 39, 27, 33, 20, 37, 39, 35, 17, 39, 21, 12, 8, 39, 16, 22, 39, 2, 22, 2, 6, 1, 29, 30, 39, 19, 2, 20, 33, 38, 2, 22, 39]
    PRED: [9, 33, 39, 16, 25, 20, 37, 39, 17, 39, 21, 25, 22, 8, 39, 16, 22, 39, 22, 27, 28, 39, 20, 33, 2, 22, 39]
    Edit distance: 16/34
  Sample 3:
    TRUE: [20, 3, 27, 17, 37, 39, 19, 0, 28, 30, 33, 21, 39, 22, 17, 8, 2, 8, 39, 6, 20, 1, 19, 39, 14, 20, 2, 34, 37, 39, 30, 33, 39, 6, 17, 39, 19, 2, 21, 26, 20, 17, 30, 20, 17, 39, 10, 20, 2, 14, 2, 22, 30, 39]
    PRED: [19, 27, 3, 39, 19, 1, 26, 21, 39, 22, 16, 8, 39, 21, 20, 0, 19, 39, 20, 2, 37, 39, 30, 33, 39, 6, 17, 39, 2, 26, 20, 39, 20, 2, 22, 8, 39]
    Edit distance: 25/54
  Sample 4:
    TRUE: [9, 2, 39, 30, 33, 31, 39, 13, 10, 27, 17, 39, 13, 11, 14, 0, 30, 39, 30, 33, 39, 19, 2, 21, 39, 35, 10, 22, 39, 27, 0, 18, 11, 37, 39, 30, 33, 31, 39, 13, 10, 20, 39, 4, 30, 39]
    PRED: [9, 2, 39, 8, 33, 31, 28, 39, 10, 17, 17, 39, 13, 3, 30, 19, 39, 30, 33, 39, 28, 30, 2, 21, 39, 35, 2, 22, 39, 27, 11, 39, 9, 33, 31, 13, 39, 13, 5, 20, 39, 4, 30, 39]
    Edit distance: 17/46

============================================================
Batch 9500 | Val PER: 0.3879
============================================================
  Sample 0:
    TRUE: [31, 17, 0, 19, 27, 2, 28, 17, 39, 27, 17, 19, 2, 22, 28, 16, 8, 11, 8, 39]
    PRED: [9, 2, 28, 17, 39, 14, 27, 2, 8, 8, 39]
    Edit distance: 12/20
  Sample 1:
    TRUE: [27, 16, 7, 39, 26, 11, 7, 2, 28, 30, 39, 28, 10, 34, 27, 2, 20, 39, 28, 5, 22, 8, 39, 20, 16, 31, 2, 14, 27, 1, 13, 28, 39]
    PRED: [35, 10, 28, 39, 26, 27, 0, 2, 37, 39, 2, 34, 20, 39, 2, 5, 22, 8, 39, 9, 16, 31, 39, 9, 2, 39, 18, 10, 28, 39]
    Edit distance: 19/33
  Sample 2:
    TRUE: [28, 24, 39, 27, 33, 20, 37, 39, 35, 17, 39, 21, 12, 8, 39, 16, 22, 39, 2, 22, 2, 6, 1, 29, 30, 39, 19, 2, 20, 33, 38, 2, 22, 39]
    PRED: [9, 33, 39, 16, 33, 20, 37, 39, 21, 17, 39, 21, 25, 8, 39, 16, 22, 39, 22, 27, 28, 39, 19, 19, 20, 20, 33, 2, 22, 39]
    Edit distance: 14/34
  Sample 3:
    TRUE: [20, 3, 27, 17, 37, 39, 19, 0, 28, 30, 33, 21, 39, 22, 17, 8, 2, 8, 39, 6, 20, 1, 19, 39, 14, 20, 2, 34, 37, 39, 30, 33, 39, 6, 17, 39, 19, 2, 21, 26, 20, 17, 30, 20, 17, 39, 10, 20, 2, 14, 2, 22, 30, 39]
    PRED: [19, 27, 24, 27, 37, 11, 39, 28, 1, 26, 21, 39, 22, 2, 8, 39, 21, 0, 19, 39, 14, 20, 2, 34, 37, 39, 30, 33, 39, 21, 6, 17, 39, 2, 21, 26, 20, 39, 10, 20, 2, 22, 30, 39]
    Edit distance: 22/54
  Sample 4:
    TRUE: [9, 2, 39, 30, 33, 31, 39, 13, 10, 27, 17, 39, 13, 11, 14, 0, 30, 39, 30, 33, 39, 19, 2, 21, 39, 35, 10, 22, 39, 27, 0, 18, 11, 37, 39, 30, 33, 31, 39, 13, 10, 20, 39, 4, 30, 39]
    PRED: [9, 2, 39, 8, 33, 31, 28, 39, 10, 17, 37, 39, 26, 35, 3, 30, 39, 30, 33, 39, 28, 30, 2, 21, 39, 35, 2, 22, 39, 35, 0, 11, 39, 31, 33, 31, 13, 39, 13, 5, 20, 39, 4, 30, 39]
    Edit distance: 18/46

============================================================
Batch 10000 | Val PER: 0.3861
============================================================
  Sample 0:
    TRUE: [31, 17, 0, 19, 27, 2, 28, 17, 39, 27, 17, 19, 2, 22, 28, 16, 8, 11, 8, 39]
    PRED: [9, 2, 28, 39, 14, 27, 2, 8, 8, 39]
    Edit distance: 13/20
  Sample 1:
    TRUE: [27, 16, 7, 39, 26, 11, 7, 2, 28, 30, 39, 28, 10, 34, 27, 2, 20, 39, 28, 5, 22, 8, 39, 20, 16, 31, 2, 14, 27, 1, 13, 28, 39]
    PRED: [35, 10, 28, 30, 39, 26, 27, 0, 2, 37, 39, 2, 34, 20, 39, 5, 22, 8, 39, 9, 16, 9, 39, 18, 5, 28, 31, 39]
    Edit distance: 21/33
  Sample 2:
    TRUE: [28, 24, 39, 27, 33, 20, 37, 39, 35, 17, 39, 21, 12, 8, 39, 16, 22, 39, 2, 22, 2, 6, 1, 29, 30, 39, 19, 2, 20, 33, 38, 2, 22, 39]
    PRED: [9, 33, 39, 35, 33, 20, 37, 39, 27, 17, 39, 21, 25, 8, 39, 16, 22, 39, 22, 27, 28, 39, 20, 2, 22, 39]
    Edit distance: 15/34
  Sample 3:
    TRUE: [20, 3, 27, 17, 37, 39, 19, 0, 28, 30, 33, 21, 39, 22, 17, 8, 2, 8, 39, 6, 20, 1, 19, 39, 14, 20, 2, 34, 37, 39, 30, 33, 39, 6, 17, 39, 19, 2, 21, 26, 20, 17, 30, 20, 17, 39, 10, 20, 2, 14, 2, 22, 30, 39]
    PRED: [27, 24, 39, 1, 21, 39, 22, 10, 8, 39, 21, 20, 0, 19, 39, 20, 2, 34, 37, 39, 30, 33, 39, 6, 17, 39, 2, 21, 26, 20, 39, 10, 20, 20, 2, 22, 8, 39]
    Edit distance: 23/54
  Sample 4:
    TRUE: [9, 2, 39, 30, 33, 31, 39, 13, 10, 27, 17, 39, 13, 11, 14, 0, 30, 39, 30, 33, 39, 19, 2, 21, 39, 35, 10, 22, 39, 27, 0, 18, 11, 37, 39, 30, 33, 31, 39, 13, 10, 20, 39, 4, 30, 39]
    PRED: [9, 2, 39, 8, 33, 28, 39, 13, 16, 39, 13, 3, 0, 30, 39, 30, 33, 39, 30, 2, 21, 39, 35, 2, 22, 39, 27, 11, 37, 39, 9, 33, 31, 13, 39, 13, 5, 39, 4, 30, 39]
    Edit distance: 15/46

============================================================
Batch 10500 | Val PER: 0.3828
============================================================
  Sample 0:
    TRUE: [31, 17, 0, 19, 27, 2, 28, 17, 39, 27, 17, 19, 2, 22, 28, 16, 8, 11, 8, 39]
    PRED: [9, 2, 19, 30, 17, 39, 14, 27, 2, 8, 8, 39]
    Edit distance: 13/20
  Sample 1:
    TRUE: [27, 16, 7, 39, 26, 11, 7, 2, 28, 30, 39, 28, 10, 34, 27, 2, 20, 39, 28, 5, 22, 8, 39, 20, 16, 31, 2, 14, 27, 1, 13, 28, 39]
    PRED: [27, 10, 19, 30, 39, 26, 27, 0, 2, 8, 39, 1, 34, 20, 39, 28, 5, 22, 8, 39, 9, 16, 39, 9, 39, 20, 10, 13, 39]
    Edit distance: 18/33
  Sample 2:
    TRUE: [28, 24, 39, 27, 33, 20, 37, 39, 35, 17, 39, 21, 12, 8, 39, 16, 22, 39, 2, 22, 2, 6, 1, 29, 30, 39, 19, 2, 20, 33, 38, 2, 22, 39]
    PRED: [9, 33, 27, 39, 35, 33, 20, 37, 39, 27, 17, 39, 21, 25, 8, 39, 16, 22, 39, 2, 22, 27, 28, 39, 20, 33, 2, 22, 39]
    Edit distance: 14/34
  Sample 3:
    TRUE: [20, 3, 27, 17, 37, 39, 19, 0, 28, 30, 33, 21, 39, 22, 17, 8, 2, 8, 39, 6, 20, 1, 19, 39, 14, 20, 2, 34, 37, 39, 30, 33, 39, 6, 17, 39, 19, 2, 21, 26, 20, 17, 30, 20, 17, 39, 10, 20, 2, 14, 2, 22, 30, 39]
    PRED: [27, 11, 27, 39, 28, 1, 26, 21, 39, 22, 10, 8, 39, 6, 20, 0, 19, 39, 20, 2, 34, 37, 39, 30, 33, 39, 6, 17, 33, 39, 2, 26, 20, 39, 10, 20, 2, 22, 8, 39]
    Edit distance: 23/54
  Sample 4:
    TRUE: [9, 2, 39, 30, 33, 31, 39, 13, 10, 27, 17, 39, 13, 11, 14, 0, 30, 39, 30, 33, 39, 19, 2, 21, 39, 35, 10, 22, 39, 27, 0, 18, 11, 37, 39, 30, 33, 31, 39, 13, 10, 20, 39, 4, 30, 39]
    PRED: [9, 2, 39, 8, 36, 33, 28, 39, 13, 10, 17, 39, 13, 27, 3, 30, 10, 19, 39, 30, 33, 39, 28, 2, 21, 39, 35, 2, 22, 39, 27, 11, 11, 39, 9, 33, 31, 13, 39, 13, 5, 20, 39, 4, 30, 39]
    Edit distance: 17/46

============================================================
Batch 11000 | Val PER: 0.3823
============================================================
  Sample 0:
    TRUE: [31, 17, 0, 19, 27, 2, 28, 17, 39, 27, 17, 19, 2, 22, 28, 16, 8, 11, 8, 39]
    PRED: [9, 17, 30, 17, 39, 14, 27, 17, 8, 39]
    Edit distance: 14/20
  Sample 1:
    TRUE: [27, 16, 7, 39, 26, 11, 7, 2, 28, 30, 39, 28, 10, 34, 27, 2, 20, 39, 28, 5, 22, 8, 39, 20, 16, 31, 2, 14, 27, 1, 13, 28, 39]
    PRED: [35, 10, 19, 39, 26, 11, 7, 2, 37, 39, 4, 2, 34, 2, 34, 20, 39, 5, 22, 8, 39, 20, 31, 39, 9, 39, 10, 13, 28, 39]
    Edit distance: 15/33
  Sample 2:
    TRUE: [28, 24, 39, 27, 33, 20, 37, 39, 35, 17, 39, 21, 12, 8, 39, 16, 22, 39, 2, 22, 2, 6, 1, 29, 30, 39, 19, 2, 20, 33, 38, 2, 22, 39]
    PRED: [9, 33, 39, 33, 20, 37, 39, 21, 17, 39, 21, 25, 8, 39, 16, 22, 39, 2, 22, 27, 28, 39, 19, 33, 39, 20, 33, 33, 2, 22, 39]
    Edit distance: 13/34
  Sample 3:
    TRUE: [20, 3, 27, 17, 37, 39, 19, 0, 28, 30, 33, 21, 39, 22, 17, 8, 2, 8, 39, 6, 20, 1, 19, 39, 14, 20, 2, 34, 37, 39, 30, 33, 39, 6, 17, 39, 19, 2, 21, 26, 20, 17, 30, 20, 17, 39, 10, 20, 2, 14, 2, 22, 30, 39]
    PRED: [14, 20, 27, 24, 39, 19, 1, 26, 2, 21, 39, 22, 17, 8, 39, 21, 0, 19, 39, 20, 2, 34, 37, 39, 30, 33, 39, 6, 17, 39, 2, 21, 26, 20, 39, 20, 2, 22, 8, 39]
    Edit distance: 23/54
  Sample 4:
    TRUE: [9, 2, 39, 30, 33, 31, 39, 13, 10, 27, 17, 39, 13, 11, 14, 0, 30, 39, 30, 33, 39, 19, 2, 21, 39, 35, 10, 22, 39, 27, 0, 18, 11, 37, 39, 30, 33, 31, 39, 13, 10, 20, 39, 4, 30, 39]
    PRED: [9, 2, 39, 30, 33, 31, 28, 39, 16, 17, 39, 13, 34, 3, 39, 30, 33, 39, 28, 2, 21, 39, 35, 2, 22, 8, 39, 27, 11, 11, 39, 9, 33, 31, 13, 39, 34, 5, 39, 4, 30, 39]
    Edit distance: 19/46

============================================================
Batch 11500 | Val PER: 0.3830
============================================================
  Sample 0:
    TRUE: [31, 17, 0, 19, 27, 2, 28, 17, 39, 27, 17, 19, 2, 22, 28, 16, 8, 11, 8, 39]
    PRED: [9, 12, 28, 11, 39, 14, 27, 2, 8, 39]
    Edit distance: 15/20
  Sample 1:
    TRUE: [27, 16, 7, 39, 26, 11, 7, 2, 28, 30, 39, 28, 10, 34, 27, 2, 20, 39, 28, 5, 22, 8, 39, 20, 16, 31, 2, 14, 27, 1, 13, 28, 39]
    PRED: [35, 10, 19, 39, 26, 27, 0, 2, 37, 39, 1, 34, 20, 39, 28, 5, 22, 8, 39, 9, 16, 9, 39, 5, 28, 39]
    Edit distance: 18/33
  Sample 2:
    TRUE: [28, 24, 39, 27, 33, 20, 37, 39, 35, 17, 39, 21, 12, 8, 39, 16, 22, 39, 2, 22, 2, 6, 1, 29, 30, 39, 19, 2, 20, 33, 38, 2, 22, 39]
    PRED: [9, 33, 39, 36, 33, 20, 37, 39, 27, 17, 39, 21, 25, 8, 39, 16, 22, 39, 2, 22, 2, 27, 28, 39, 2, 20, 33, 2, 22, 39]
    Edit distance: 11/34
  Sample 3:
    TRUE: [20, 3, 27, 17, 37, 39, 19, 0, 28, 30, 33, 21, 39, 22, 17, 8, 2, 8, 39, 6, 20, 1, 19, 39, 14, 20, 2, 34, 37, 39, 30, 33, 39, 6, 17, 39, 19, 2, 21, 26, 20, 17, 30, 20, 17, 39, 10, 20, 2, 14, 2, 22, 30, 39]
    PRED: [27, 24, 39, 15, 1, 21, 39, 22, 10, 8, 39, 21, 0, 19, 39, 20, 2, 34, 37, 39, 30, 33, 39, 6, 17, 33, 39, 2, 21, 26, 20, 39, 1, 20, 20, 2, 22, 8, 39]
    Edit distance: 26/54
  Sample 4:
    TRUE: [9, 2, 39, 30, 33, 31, 39, 13, 10, 27, 17, 39, 13, 11, 14, 0, 30, 39, 30, 33, 39, 19, 2, 21, 39, 35, 10, 22, 39, 27, 0, 18, 11, 37, 39, 30, 33, 31, 39, 13, 10, 20, 39, 4, 30, 39]
    PRED: [9, 2, 39, 8, 33, 31, 28, 39, 13, 10, 39, 13, 3, 39, 30, 33, 39, 28, 30, 2, 21, 39, 35, 2, 22, 39, 27, 11, 11, 39, 9, 33, 31, 13, 39, 13, 5, 20, 39, 4, 30, 39]
    Edit distance: 17/46

============================================================
Batch 12000 | Val PER: 0.3789
============================================================
  Sample 0:
    TRUE: [31, 17, 0, 19, 27, 2, 28, 17, 39, 27, 17, 19, 2, 22, 28, 16, 8, 11, 8, 39]
    PRED: [9, 2, 28, 39, 27, 8, 39]
    Edit distance: 14/20
  Sample 1:
    TRUE: [27, 16, 7, 39, 26, 11, 7, 2, 28, 30, 39, 28, 10, 34, 27, 2, 20, 39, 28, 5, 22, 8, 39, 20, 16, 31, 2, 14, 27, 1, 13, 28, 39]
    PRED: [35, 10, 19, 30, 39, 26, 27, 0, 2, 37, 39, 1, 2, 34, 20, 39, 28, 5, 22, 8, 39, 9, 16, 31, 9, 2, 39, 20, 5, 28, 39]
    Edit distance: 18/33
  Sample 2:
    TRUE: [28, 24, 39, 27, 33, 20, 37, 39, 35, 17, 39, 21, 12, 8, 39, 16, 22, 39, 2, 22, 2, 6, 1, 29, 30, 39, 19, 2, 20, 33, 38, 2, 22, 39]
    PRED: [9, 33, 39, 25, 33, 20, 37, 39, 21, 17, 39, 21, 25, 8, 39, 16, 22, 39, 2, 22, 27, 1, 28, 39, 20, 33, 33, 2, 22, 39]
    Edit distance: 12/34
  Sample 3:
    TRUE: [20, 3, 27, 17, 37, 39, 19, 0, 28, 30, 33, 21, 39, 22, 17, 8, 2, 8, 39, 6, 20, 1, 19, 39, 14, 20, 2, 34, 37, 39, 30, 33, 39, 6, 17, 39, 19, 2, 21, 26, 20, 17, 30, 20, 17, 39, 10, 20, 2, 14, 2, 22, 30, 39]
    PRED: [27, 24, 27, 39, 1, 26, 21, 39, 22, 8, 2, 8, 39, 21, 20, 0, 19, 39, 20, 2, 34, 37, 39, 30, 33, 39, 6, 17, 33, 39, 2, 21, 26, 20, 39, 20, 20, 2, 22, 8, 39]
    Edit distance: 23/54
  Sample 4:
    TRUE: [9, 2, 39, 30, 33, 31, 39, 13, 10, 27, 17, 39, 13, 11, 14, 0, 30, 39, 30, 33, 39, 19, 2, 21, 39, 35, 10, 22, 39, 27, 0, 18, 11, 37, 39, 30, 33, 31, 39, 13, 10, 20, 39, 4, 30, 39]
    PRED: [9, 2, 39, 8, 33, 28, 39, 13, 16, 39, 13, 3, 19, 39, 30, 33, 39, 28, 2, 21, 39, 35, 2, 22, 39, 27, 11, 39, 9, 33, 31, 13, 39, 13, 5, 4, 30, 39]
    Edit distance: 19/46

============================================================
Batch 12500 | Val PER: 0.3746
============================================================
  Sample 0:
    TRUE: [31, 17, 0, 19, 27, 2, 28, 17, 39, 27, 17, 19, 2, 22, 28, 16, 8, 11, 8, 39]
    PRED: [9, 17, 28, 39, 27, 17, 8, 8, 39]
    Edit distance: 12/20
  Sample 1:
    TRUE: [27, 16, 7, 39, 26, 11, 7, 2, 28, 30, 39, 28, 10, 34, 27, 2, 20, 39, 28, 5, 22, 8, 39, 20, 16, 31, 2, 14, 27, 1, 13, 28, 39]
    PRED: [35, 10, 28, 19, 39, 26, 11, 0, 2, 37, 39, 1, 10, 34, 20, 39, 28, 5, 8, 39, 20, 31, 39, 9, 2, 39, 5, 28, 39]
    Edit distance: 17/33
  Sample 2:
    TRUE: [28, 24, 39, 27, 33, 20, 37, 39, 35, 17, 39, 21, 12, 8, 39, 16, 22, 39, 2, 22, 2, 6, 1, 29, 30, 39, 19, 2, 20, 33, 38, 2, 22, 39]
    PRED: [9, 33, 39, 33, 20, 37, 39, 21, 17, 39, 21, 25, 8, 39, 16, 22, 39, 22, 27, 1, 28, 39, 20, 2, 22, 39]
    Edit distance: 14/34
  Sample 3:
    TRUE: [20, 3, 27, 17, 37, 39, 19, 0, 28, 30, 33, 21, 39, 22, 17, 8, 2, 8, 39, 6, 20, 1, 19, 39, 14, 20, 2, 34, 37, 39, 30, 33, 39, 6, 17, 39, 19, 2, 21, 26, 20, 17, 30, 20, 17, 39, 10, 20, 2, 14, 2, 22, 30, 39]
    PRED: [27, 24, 39, 28, 1, 21, 39, 22, 10, 8, 39, 21, 20, 0, 19, 39, 20, 2, 34, 37, 39, 30, 33, 39, 21, 6, 17, 33, 39, 19, 2, 21, 26, 20, 39, 1, 20, 20, 2, 22, 8, 39]
    Edit distance: 24/54
  Sample 4:
    TRUE: [9, 2, 39, 30, 33, 31, 39, 13, 10, 27, 17, 39, 13, 11, 14, 0, 30, 39, 30, 33, 39, 19, 2, 21, 39, 35, 10, 22, 39, 27, 0, 18, 11, 37, 39, 30, 33, 31, 39, 13, 10, 20, 39, 4, 30, 39]
    PRED: [9, 2, 39, 8, 33, 31, 28, 39, 13, 16, 39, 13, 3, 8, 39, 28, 30, 33, 39, 28, 2, 21, 39, 35, 2, 22, 39, 27, 11, 11, 39, 31, 33, 31, 13, 39, 10, 39, 4, 30, 39]
    Edit distance: 19/46

============================================================
Batch 13000 | Val PER: 0.3735
============================================================
  Sample 0:
    TRUE: [31, 17, 0, 19, 27, 2, 28, 17, 39, 27, 17, 19, 2, 22, 28, 16, 8, 11, 8, 39]
    PRED: [9, 2, 39, 27, 17, 8, 39]
    Edit distance: 14/20
  Sample 1:
    TRUE: [27, 16, 7, 39, 26, 11, 7, 2, 28, 30, 39, 28, 10, 34, 27, 2, 20, 39, 28, 5, 22, 8, 39, 20, 16, 31, 2, 14, 27, 1, 13, 28, 39]
    PRED: [27, 10, 28, 30, 39, 26, 11, 0, 2, 37, 39, 1, 34, 20, 39, 28, 5, 22, 8, 39, 20, 16, 31, 2, 39, 5, 28, 39]
    Edit distance: 14/33
  Sample 2:
    TRUE: [28, 24, 39, 27, 33, 20, 37, 39, 35, 17, 39, 21, 12, 8, 39, 16, 22, 39, 2, 22, 2, 6, 1, 29, 30, 39, 19, 2, 20, 33, 38, 2, 22, 39]
    PRED: [9, 33, 39, 27, 33, 20, 37, 39, 21, 17, 39, 21, 25, 8, 39, 16, 22, 39, 2, 22, 1, 5, 28, 39, 24, 20, 33, 33, 2, 22, 39]
    Edit distance: 11/34
  Sample 3:
    TRUE: [20, 3, 27, 17, 37, 39, 19, 0, 28, 30, 33, 21, 39, 22, 17, 8, 2, 8, 39, 6, 20, 1, 19, 39, 14, 20, 2, 34, 37, 39, 30, 33, 39, 6, 17, 39, 19, 2, 21, 26, 20, 17, 30, 20, 17, 39, 10, 20, 2, 14, 2, 22, 30, 39]
    PRED: [27, 24, 39, 1, 28, 21, 39, 22, 16, 8, 39, 21, 0, 19, 39, 20, 2, 34, 37, 39, 30, 33, 39, 6, 17, 33, 39, 2, 21, 26, 39, 1, 20, 2, 22, 8, 39]
    Edit distance: 26/54
  Sample 4:
    TRUE: [9, 2, 39, 30, 33, 31, 39, 13, 10, 27, 17, 39, 13, 11, 14, 0, 30, 39, 30, 33, 39, 19, 2, 21, 39, 35, 10, 22, 39, 27, 0, 18, 11, 37, 39, 30, 33, 31, 39, 13, 10, 20, 39, 4, 30, 39]
    PRED: [9, 2, 39, 30, 33, 28, 39, 16, 17, 39, 34, 3, 39, 28, 30, 33, 39, 28, 2, 21, 39, 35, 2, 22, 39, 27, 11, 11, 39, 31, 33, 31, 13, 39, 13, 34, 5, 4, 30, 39]
    Edit distance: 20/46

============================================================
Batch 13500 | Val PER: 0.3776
============================================================
  Sample 0:
    TRUE: [31, 17, 0, 19, 27, 2, 28, 17, 39, 27, 17, 19, 2, 22, 28, 16, 8, 11, 8, 39]
    PRED: [9, 17, 19, 28, 30, 28, 39, 8, 16, 17, 14, 8, 30, 8, 39]
    Edit distance: 13/20
  Sample 1:
    TRUE: [27, 16, 7, 39, 26, 11, 7, 2, 28, 30, 39, 28, 10, 34, 27, 2, 20, 39, 28, 5, 22, 8, 39, 20, 16, 31, 2, 14, 27, 1, 13, 28, 39]
    PRED: [27, 10, 28, 30, 39, 26, 11, 0, 29, 16, 37, 39, 10, 4, 34, 6, 20, 39, 28, 37, 5, 22, 8, 39, 16, 31, 39, 9, 2, 39, 18, 5, 30, 39]
    Edit distance: 20/33
  Sample 2:
    TRUE: [28, 24, 39, 27, 33, 20, 37, 39, 35, 17, 39, 21, 12, 8, 39, 16, 22, 39, 2, 22, 2, 6, 1, 29, 30, 39, 19, 2, 20, 33, 38, 2, 22, 39]
    PRED: [9, 33, 39, 27, 33, 20, 37, 39, 35, 17, 39, 21, 25, 8, 39, 16, 22, 39, 16, 22, 27, 1, 28, 39, 19, 24, 20, 33, 33, 38, 2, 22, 39]
    Edit distance: 10/34
  Sample 3:
    TRUE: [20, 3, 27, 17, 37, 39, 19, 0, 28, 30, 33, 21, 39, 22, 17, 8, 2, 8, 39, 6, 20, 1, 19, 39, 14, 20, 2, 34, 37, 39, 30, 33, 39, 6, 17, 39, 19, 2, 21, 26, 20, 17, 30, 20, 17, 39, 10, 20, 2, 14, 2, 22, 30, 39]
    PRED: [19, 27, 24, 39, 19, 28, 1, 28, 21, 39, 22, 17, 8, 39, 21, 0, 19, 39, 20, 2, 34, 37, 39, 30, 33, 39, 6, 17, 33, 39, 19, 2, 26, 20, 39, 10, 20, 2, 22, 39]
    Edit distance: 22/54
  Sample 4:
    TRUE: [9, 2, 39, 30, 33, 31, 39, 13, 10, 27, 17, 39, 13, 11, 14, 0, 30, 39, 30, 33, 39, 19, 2, 21, 39, 35, 10, 22, 39, 27, 0, 18, 11, 37, 39, 30, 33, 31, 39, 13, 10, 20, 39, 4, 30, 39]
    PRED: [9, 2, 39, 8, 33, 28, 39, 16, 17, 39, 34, 16, 0, 19, 39, 30, 33, 39, 28, 30, 2, 21, 39, 35, 2, 22, 39, 27, 16, 11, 39, 31, 33, 31, 13, 39, 34, 5, 39, 4, 30, 39]
    Edit distance: 20/46

============================================================
Batch 14000 | Val PER: 0.3771
============================================================
  Sample 0:
    TRUE: [31, 17, 0, 19, 27, 2, 28, 17, 39, 27, 17, 19, 2, 22, 28, 16, 8, 11, 8, 39]
    PRED: [9, 2, 0, 19, 30, 28, 39, 14, 2, 17, 14, 8, 30, 8, 39]
    Edit distance: 12/20
  Sample 1:
    TRUE: [27, 16, 7, 39, 26, 11, 7, 2, 28, 30, 39, 28, 10, 34, 27, 2, 20, 39, 28, 5, 22, 8, 39, 20, 16, 31, 2, 14, 27, 1, 13, 28, 39]
    PRED: [35, 10, 19, 39, 26, 11, 0, 7, 2, 37, 39, 1, 34, 6, 2, 20, 39, 37, 5, 22, 8, 39, 20, 16, 31, 9, 39, 5, 28, 39]
    Edit distance: 15/33
  Sample 2:
    TRUE: [28, 24, 39, 27, 33, 20, 37, 39, 35, 17, 39, 21, 12, 8, 39, 16, 22, 39, 2, 22, 2, 6, 1, 29, 30, 39, 19, 2, 20, 33, 38, 2, 22, 39]
    PRED: [9, 33, 39, 27, 25, 33, 20, 37, 39, 21, 17, 39, 21, 25, 8, 39, 16, 22, 39, 22, 27, 1, 28, 39, 19, 24, 20, 38, 37, 2, 22, 39]
    Edit distance: 13/34
  Sample 3:
    TRUE: [20, 3, 27, 17, 37, 39, 19, 0, 28, 30, 33, 21, 39, 22, 17, 8, 2, 8, 39, 6, 20, 1, 19, 39, 14, 20, 2, 34, 37, 39, 30, 33, 39, 6, 17, 39, 19, 2, 21, 26, 20, 17, 30, 20, 17, 39, 10, 20, 2, 14, 2, 22, 30, 39]
    PRED: [27, 3, 27, 37, 39, 1, 28, 21, 6, 39, 22, 17, 8, 17, 39, 21, 0, 19, 39, 20, 2, 34, 37, 39, 30, 33, 39, 6, 17, 33, 39, 2, 26, 20, 39, 1, 20, 2, 22, 39]
    Edit distance: 24/54
  Sample 4:
    TRUE: [9, 2, 39, 30, 33, 31, 39, 13, 10, 27, 17, 39, 13, 11, 14, 0, 30, 39, 30, 33, 39, 19, 2, 21, 39, 35, 10, 22, 39, 27, 0, 18, 11, 37, 39, 30, 33, 31, 39, 13, 10, 20, 39, 4, 30, 39]
    PRED: [9, 2, 39, 8, 36, 33, 28, 39, 16, 17, 39, 34, 3, 0, 19, 0, 19, 39, 30, 33, 39, 30, 2, 21, 39, 35, 2, 22, 39, 27, 11, 0, 11, 39, 9, 33, 31, 13, 39, 5, 39, 4, 30, 39]
    Edit distance: 20/46

============================================================
Batch 14500 | Val PER: 0.3746
============================================================
  Sample 0:
    TRUE: [31, 17, 0, 19, 27, 2, 28, 17, 39, 27, 17, 19, 2, 22, 28, 16, 8, 11, 8, 39]
    PRED: [9, 2, 28, 39, 27, 8, 30, 2, 17, 39]
    Edit distance: 14/20
  Sample 1:
    TRUE: [27, 16, 7, 39, 26, 11, 7, 2, 28, 30, 39, 28, 10, 34, 27, 2, 20, 39, 28, 5, 22, 8, 39, 20, 16, 31, 2, 14, 27, 1, 13, 28, 39]
    PRED: [35, 10, 28, 30, 39, 26, 27, 0, 7, 2, 37, 39, 1, 34, 2, 20, 39, 37, 5, 22, 8, 39, 20, 16, 9, 39, 18, 5, 28, 39]
    Edit distance: 18/33
  Sample 2:
    TRUE: [28, 24, 39, 27, 33, 20, 37, 39, 35, 17, 39, 21, 12, 8, 39, 16, 22, 39, 2, 22, 2, 6, 1, 29, 30, 39, 19, 2, 20, 33, 38, 2, 22, 39]
    PRED: [9, 33, 39, 35, 33, 20, 37, 39, 21, 17, 39, 21, 25, 8, 39, 16, 22, 39, 22, 2, 27, 1, 28, 39, 24, 20, 33, 2, 22, 39]
    Edit distance: 12/34
  Sample 3:
    TRUE: [20, 3, 27, 17, 37, 39, 19, 0, 28, 30, 33, 21, 39, 22, 17, 8, 2, 8, 39, 6, 20, 1, 19, 39, 14, 20, 2, 34, 37, 39, 30, 33, 39, 6, 17, 39, 19, 2, 21, 26, 20, 17, 30, 20, 17, 39, 10, 20, 2, 14, 2, 22, 30, 39]
    PRED: [30, 27, 24, 37, 39, 1, 28, 21, 6, 39, 22, 16, 8, 39, 21, 20, 0, 19, 39, 20, 2, 34, 37, 39, 30, 33, 39, 6, 17, 33, 39, 2, 26, 20, 39, 1, 20, 2, 22, 39]
    Edit distance: 25/54
  Sample 4:
    TRUE: [9, 2, 39, 30, 33, 31, 39, 13, 10, 27, 17, 39, 13, 11, 14, 0, 30, 39, 30, 33, 39, 19, 2, 21, 39, 35, 10, 22, 39, 27, 0, 18, 11, 37, 39, 30, 33, 31, 39, 13, 10, 20, 39, 4, 30, 39]
    PRED: [9, 2, 39, 8, 36, 33, 28, 39, 8, 16, 39, 34, 3, 0, 19, 39, 30, 33, 39, 28, 2, 21, 39, 35, 2, 22, 39, 27, 11, 11, 39, 9, 33, 31, 13, 39, 5, 20, 39, 4, 30, 39]
    Edit distance: 20/46

============================================================
Batch 15000 | Val PER: 0.3700
============================================================
  Sample 0:
    TRUE: [31, 17, 0, 19, 27, 2, 28, 17, 39, 27, 17, 19, 2, 22, 28, 16, 8, 11, 8, 39]
    PRED: [35, 2, 0, 19, 30, 39, 8, 27, 17, 8, 39]
    Edit distance: 14/20
  Sample 1:
    TRUE: [27, 16, 7, 39, 26, 11, 7, 2, 28, 30, 39, 28, 10, 34, 27, 2, 20, 39, 28, 5, 22, 8, 39, 20, 16, 31, 2, 14, 27, 1, 13, 28, 39]
    PRED: [35, 10, 19, 39, 26, 11, 0, 7, 2, 8, 37, 39, 10, 34, 2, 20, 39, 5, 22, 8, 39, 20, 16, 9, 2, 39, 5, 30, 39]
    Edit distance: 15/33
  Sample 2:
    TRUE: [28, 24, 39, 27, 33, 20, 37, 39, 35, 17, 39, 21, 12, 8, 39, 16, 22, 39, 2, 22, 2, 6, 1, 29, 30, 39, 19, 2, 20, 33, 38, 2, 22, 39]
    PRED: [9, 2, 39, 27, 35, 33, 20, 37, 39, 21, 17, 39, 21, 25, 8, 39, 16, 22, 39, 22, 27, 1, 28, 39, 19, 33, 20, 33, 2, 22, 39]
    Edit distance: 12/34
  Sample 3:
    TRUE: [20, 3, 27, 17, 37, 39, 19, 0, 28, 30, 33, 21, 39, 22, 17, 8, 2, 8, 39, 6, 20, 1, 19, 39, 14, 20, 2, 34, 37, 39, 30, 33, 39, 6, 17, 39, 19, 2, 21, 26, 20, 17, 30, 20, 17, 39, 10, 20, 2, 14, 2, 22, 30, 39]
    PRED: [27, 24, 37, 39, 19, 1, 28, 21, 39, 22, 10, 8, 39, 21, 0, 19, 39, 20, 2, 34, 37, 39, 30, 33, 39, 6, 17, 33, 39, 19, 2, 21, 26, 20, 39, 1, 20, 2, 22, 39]
    Edit distance: 22/54
  Sample 4:
    TRUE: [9, 2, 39, 30, 33, 31, 39, 13, 10, 27, 17, 39, 13, 11, 14, 0, 30, 39, 30, 33, 39, 19, 2, 21, 39, 35, 10, 22, 39, 27, 0, 18, 11, 37, 39, 30, 33, 31, 39, 13, 10, 20, 39, 4, 30, 39]
    PRED: [9, 2, 39, 30, 33, 28, 39, 16, 39, 35, 0, 19, 30, 39, 30, 33, 39, 28, 2, 21, 39, 35, 2, 22, 39, 27, 11, 11, 39, 9, 33, 31, 13, 39, 13, 5, 20, 39, 4, 30, 39]
    Edit distance: 17/46

============================================================
Batch 15500 | Val PER: 0.3755
============================================================
  Sample 0:
    TRUE: [31, 17, 0, 19, 27, 2, 28, 17, 39, 27, 17, 19, 2, 22, 28, 16, 8, 11, 8, 39]
    PRED: [9, 2, 0, 19, 28, 39, 27, 17, 14, 8, 8, 39]
    Edit distance: 11/20
  Sample 1:
    TRUE: [27, 16, 7, 39, 26, 11, 7, 2, 28, 30, 39, 28, 10, 34, 27, 2, 20, 39, 28, 5, 22, 8, 39, 20, 16, 31, 2, 14, 27, 1, 13, 28, 39]
    PRED: [35, 10, 19, 39, 26, 27, 0, 7, 2, 37, 39, 1, 10, 34, 2, 20, 39, 28, 37, 22, 8, 39, 20, 16, 31, 9, 18, 5, 13, 39]
    Edit distance: 15/33
  Sample 2:
    TRUE: [28, 24, 39, 27, 33, 20, 37, 39, 35, 17, 39, 21, 12, 8, 39, 16, 22, 39, 2, 22, 2, 6, 1, 29, 30, 39, 19, 2, 20, 33, 38, 2, 22, 39]
    PRED: [9, 33, 27, 39, 27, 33, 20, 37, 39, 21, 17, 39, 21, 25, 8, 39, 16, 22, 39, 1, 22, 27, 1, 28, 39, 19, 20, 33, 37, 2, 22, 39]
    Edit distance: 12/34
  Sample 3:
    TRUE: [20, 3, 27, 17, 37, 39, 19, 0, 28, 30, 33, 21, 39, 22, 17, 8, 2, 8, 39, 6, 20, 1, 19, 39, 14, 20, 2, 34, 37, 39, 30, 33, 39, 6, 17, 39, 19, 2, 21, 26, 20, 17, 30, 20, 17, 39, 10, 20, 2, 14, 2, 22, 30, 39]
    PRED: [27, 24, 27, 39, 28, 1, 28, 21, 39, 22, 17, 8, 39, 21, 20, 0, 19, 39, 20, 2, 34, 37, 39, 30, 33, 39, 6, 17, 39, 19, 2, 21, 26, 20, 30, 39, 20, 2, 22, 8, 39]
    Edit distance: 20/54
  Sample 4:
    TRUE: [9, 2, 39, 30, 33, 31, 39, 13, 10, 27, 17, 39, 13, 11, 14, 0, 30, 39, 30, 33, 39, 19, 2, 21, 39, 35, 10, 22, 39, 27, 0, 18, 11, 37, 39, 30, 33, 31, 39, 13, 10, 20, 39, 4, 30, 39]
    PRED: [9, 2, 39, 30, 27, 33, 31, 28, 39, 13, 10, 17, 39, 13, 27, 3, 19, 19, 39, 28, 30, 33, 39, 28, 2, 21, 39, 35, 2, 22, 39, 27, 11, 11, 39, 31, 33, 31, 13, 39, 34, 5, 20, 4, 30, 39]
    Edit distance: 18/46

============================================================
Batch 16000 | Val PER: 0.3705
============================================================
  Sample 0:
    TRUE: [31, 17, 0, 19, 27, 2, 28, 17, 39, 27, 17, 19, 2, 22, 28, 16, 8, 11, 8, 39]
    PRED: [9, 35, 2, 39, 0, 19, 19, 28, 39, 27, 17, 14, 8, 30, 2, 8, 39]
    Edit distance: 14/20
  Sample 1:
    TRUE: [27, 16, 7, 39, 26, 11, 7, 2, 28, 30, 39, 28, 10, 34, 27, 2, 20, 39, 28, 5, 22, 8, 39, 20, 16, 31, 2, 14, 27, 1, 13, 28, 39]
    PRED: [27, 10, 19, 30, 39, 26, 0, 7, 2, 37, 39, 10, 34, 2, 20, 39, 28, 5, 22, 8, 39, 20, 16, 31, 9, 2, 18, 5, 13, 28, 39]
    Edit distance: 12/33
  Sample 2:
    TRUE: [28, 24, 39, 27, 33, 20, 37, 39, 35, 17, 39, 21, 12, 8, 39, 16, 22, 39, 2, 22, 2, 6, 1, 29, 30, 39, 19, 2, 20, 33, 38, 2, 22, 39]
    PRED: [9, 33, 39, 27, 33, 20, 37, 39, 21, 17, 39, 21, 25, 8, 39, 16, 22, 39, 22, 27, 1, 28, 39, 19, 20, 33, 2, 22, 39]
    Edit distance: 11/34
  Sample 3:
    TRUE: [20, 3, 27, 17, 37, 39, 19, 0, 28, 30, 33, 21, 39, 22, 17, 8, 2, 8, 39, 6, 20, 1, 19, 39, 14, 20, 2, 34, 37, 39, 30, 33, 39, 6, 17, 39, 19, 2, 21, 26, 20, 17, 30, 20, 17, 39, 10, 20, 2, 14, 2, 22, 30, 39]
    PRED: [27, 24, 27, 37, 17, 39, 19, 1, 28, 21, 39, 22, 10, 8, 39, 21, 20, 0, 19, 39, 20, 2, 34, 37, 39, 30, 33, 39, 6, 17, 39, 19, 2, 26, 20, 39, 20, 2, 22, 39]
    Edit distance: 22/54
  Sample 4:
    TRUE: [9, 2, 39, 30, 33, 31, 39, 13, 10, 27, 17, 39, 13, 11, 14, 0, 30, 39, 30, 33, 39, 19, 2, 21, 39, 35, 10, 22, 39, 27, 0, 18, 11, 37, 39, 30, 33, 31, 39, 13, 10, 20, 39, 4, 30, 39]
    PRED: [9, 2, 39, 8, 36, 33, 28, 39, 13, 16, 17, 39, 34, 3, 0, 19, 30, 39, 30, 33, 39, 28, 30, 2, 21, 39, 35, 2, 22, 39, 27, 11, 11, 39, 9, 33, 31, 13, 39, 34, 5, 20, 39, 4, 30, 39]
    Edit distance: 19/46

============================================================
Batch 16500 | Val PER: 0.3700
============================================================
  Sample 0:
    TRUE: [31, 17, 0, 19, 27, 2, 28, 17, 39, 27, 17, 19, 2, 22, 28, 16, 8, 11, 8, 39]
    PRED: [9, 2, 0, 19, 28, 39, 8, 27, 2, 14, 8, 2, 39]
    Edit distance: 13/20
  Sample 1:
    TRUE: [27, 16, 7, 39, 26, 11, 7, 2, 28, 30, 39, 28, 10, 34, 27, 2, 20, 39, 28, 5, 22, 8, 39, 20, 16, 31, 2, 14, 27, 1, 13, 28, 39]
    PRED: [35, 10, 19, 30, 39, 26, 0, 28, 2, 37, 39, 1, 10, 34, 2, 20, 39, 28, 5, 22, 8, 39, 20, 16, 9, 2, 39, 18, 20, 10, 13, 28, 39]
    Edit distance: 15/33
  Sample 2:
    TRUE: [28, 24, 39, 27, 33, 20, 37, 39, 35, 17, 39, 21, 12, 8, 39, 16, 22, 39, 2, 22, 2, 6, 1, 29, 30, 39, 19, 2, 20, 33, 38, 2, 22, 39]
    PRED: [9, 2, 39, 27, 33, 20, 28, 37, 39, 21, 17, 39, 21, 25, 8, 39, 16, 22, 39, 2, 22, 27, 1, 28, 39, 19, 33, 20, 33, 33, 2, 22, 39]
    Edit distance: 11/34
  Sample 3:
    TRUE: [20, 3, 27, 17, 37, 39, 19, 0, 28, 30, 33, 21, 39, 22, 17, 8, 2, 8, 39, 6, 20, 1, 19, 39, 14, 20, 2, 34, 37, 39, 30, 33, 39, 6, 17, 39, 19, 2, 21, 26, 20, 17, 30, 20, 17, 39, 10, 20, 2, 14, 2, 22, 30, 39]
    PRED: [19, 35, 10, 9, 11, 39, 28, 1, 28, 21, 6, 39, 22, 10, 8, 39, 21, 0, 19, 39, 20, 2, 34, 28, 39, 30, 33, 39, 21, 17, 33, 39, 19, 2, 21, 26, 20, 39, 1, 20, 10, 8, 39]
    Edit distance: 30/54
  Sample 4:
    TRUE: [9, 2, 39, 30, 33, 31, 39, 13, 10, 27, 17, 39, 13, 11, 14, 0, 30, 39, 30, 33, 39, 19, 2, 21, 39, 35, 10, 22, 39, 27, 0, 18, 11, 37, 39, 30, 33, 31, 39, 13, 10, 20, 39, 4, 30, 39]
    PRED: [9, 2, 39, 27, 33, 28, 39, 8, 10, 17, 39, 34, 3, 0, 19, 0, 30, 39, 30, 33, 39, 28, 30, 2, 21, 39, 35, 10, 22, 39, 27, 11, 11, 39, 9, 33, 31, 13, 39, 5, 20, 39, 4, 30, 39]
    Edit distance: 17/46

============================================================
Batch 17000 | Val PER: 0.3642
============================================================
  Sample 0:
    TRUE: [31, 17, 0, 19, 27, 2, 28, 17, 39, 27, 17, 19, 2, 22, 28, 16, 8, 11, 8, 39]
    PRED: [9, 17, 0, 19, 30, 28, 39, 8, 27, 17, 8, 8, 39]
    Edit distance: 11/20
  Sample 1:
    TRUE: [27, 16, 7, 39, 26, 11, 7, 2, 28, 30, 39, 28, 10, 34, 27, 2, 20, 39, 28, 5, 22, 8, 39, 20, 16, 31, 2, 14, 27, 1, 13, 28, 39]
    PRED: [27, 10, 19, 30, 39, 26, 11, 7, 2, 37, 39, 10, 34, 20, 39, 28, 5, 8, 39, 20, 16, 31, 9, 2, 39, 18, 5, 13, 31, 39]
    Edit distance: 14/33
  Sample 2:
    TRUE: [28, 24, 39, 27, 33, 20, 37, 39, 35, 17, 39, 21, 12, 8, 39, 16, 22, 39, 2, 22, 2, 6, 1, 29, 30, 39, 19, 2, 20, 33, 38, 2, 22, 39]
    PRED: [9, 33, 39, 27, 33, 20, 37, 39, 21, 17, 39, 21, 25, 8, 39, 16, 22, 39, 2, 22, 27, 1, 29, 28, 39, 19, 20, 2, 22, 39]
    Edit distance: 10/34
  Sample 3:
    TRUE: [20, 3, 27, 17, 37, 39, 19, 0, 28, 30, 33, 21, 39, 22, 17, 8, 2, 8, 39, 6, 20, 1, 19, 39, 14, 20, 2, 34, 37, 39, 30, 33, 39, 6, 17, 39, 19, 2, 21, 26, 20, 17, 30, 20, 17, 39, 10, 20, 2, 14, 2, 22, 30, 39]
    PRED: [27, 3, 27, 37, 17, 39, 28, 12, 28, 21, 6, 39, 22, 16, 8, 39, 21, 20, 0, 19, 39, 20, 2, 34, 37, 39, 30, 33, 39, 21, 6, 17, 33, 39, 19, 2, 21, 26, 20, 39, 10, 20, 2, 8, 39]
    Edit distance: 24/54
  Sample 4:
    TRUE: [9, 2, 39, 30, 33, 31, 39, 13, 10, 27, 17, 39, 13, 11, 14, 0, 30, 39, 30, 33, 39, 19, 2, 21, 39, 35, 10, 22, 39, 27, 0, 18, 11, 37, 39, 30, 33, 31, 39, 13, 10, 20, 39, 4, 30, 39]
    PRED: [9, 2, 39, 8, 27, 33, 31, 39, 8, 16, 17, 39, 34, 3, 19, 30, 39, 30, 33, 39, 28, 30, 2, 21, 39, 35, 2, 22, 39, 27, 11, 39, 9, 33, 31, 13, 39, 5, 20, 39, 4, 30, 39]
    Edit distance: 19/46

============================================================
Batch 17500 | Val PER: 0.3707
============================================================
  Sample 0:
    TRUE: [31, 17, 0, 19, 27, 2, 28, 17, 39, 27, 17, 19, 2, 22, 28, 16, 8, 11, 8, 39]
    PRED: [9, 2, 0, 19, 28, 39, 8, 27, 2, 14, 30, 8, 30, 2, 8, 39]
    Edit distance: 13/20
  Sample 1:
    TRUE: [27, 16, 7, 39, 26, 11, 7, 2, 28, 30, 39, 28, 10, 34, 27, 2, 20, 39, 28, 5, 22, 8, 39, 20, 16, 31, 2, 14, 27, 1, 13, 28, 39]
    PRED: [27, 10, 19, 30, 39, 26, 11, 0, 7, 2, 37, 39, 10, 24, 34, 20, 39, 28, 5, 22, 8, 39, 20, 31, 16, 39, 9, 2, 39, 14, 18, 5, 13, 30, 39]
    Edit distance: 17/33
  Sample 2:
    TRUE: [28, 24, 39, 27, 33, 20, 37, 39, 35, 17, 39, 21, 12, 8, 39, 16, 22, 39, 2, 22, 2, 6, 1, 29, 30, 39, 19, 2, 20, 33, 38, 2, 22, 39]
    PRED: [9, 24, 39, 27, 35, 33, 20, 37, 39, 21, 17, 39, 21, 25, 8, 39, 16, 22, 39, 1, 22, 30, 27, 1, 28, 39, 19, 33, 20, 33, 2, 22, 39]
    Edit distance: 11/34
  Sample 3:
    TRUE: [20, 3, 27, 17, 37, 39, 19, 0, 28, 30, 33, 21, 39, 22, 17, 8, 2, 8, 39, 6, 20, 1, 19, 39, 14, 20, 2, 34, 37, 39, 30, 33, 39, 6, 17, 39, 19, 2, 21, 26, 20, 17, 30, 20, 17, 39, 10, 20, 2, 14, 2, 22, 30, 39]
    PRED: [28, 19, 27, 24, 27, 37, 17, 39, 19, 28, 1, 28, 21, 6, 39, 22, 12, 8, 39, 21, 0, 19, 39, 20, 2, 34, 37, 39, 30, 33, 39, 6, 17, 33, 39, 19, 2, 21, 26, 20, 17, 39, 1, 20, 2, 22, 8, 39]
    Edit distance: 24/54
  Sample 4:
    TRUE: [9, 2, 39, 30, 33, 31, 39, 13, 10, 27, 17, 39, 13, 11, 14, 0, 30, 39, 30, 33, 39, 19, 2, 21, 39, 35, 10, 22, 39, 27, 0, 18, 11, 37, 39, 30, 33, 31, 39, 13, 10, 20, 39, 4, 30, 39]
    PRED: [9, 2, 39, 30, 27, 33, 31, 39, 8, 16, 17, 39, 13, 3, 0, 19, 30, 19, 39, 30, 33, 39, 28, 2, 21, 39, 35, 12, 22, 39, 27, 11, 27, 0, 27, 11, 37, 39, 31, 33, 31, 13, 39, 13, 34, 5, 20, 39, 4, 30, 39]
    Edit distance: 17/46

============================================================
Batch 18000 | Val PER: 0.3678
============================================================
  Sample 0:
    TRUE: [31, 17, 0, 19, 27, 2, 28, 17, 39, 27, 17, 19, 2, 22, 28, 16, 8, 11, 8, 39]
    PRED: [35, 2, 35, 0, 19, 28, 39, 14, 27, 2, 14, 2, 8, 2, 8, 39]
    Edit distance: 13/20
  Sample 1:
    TRUE: [27, 16, 7, 39, 26, 11, 7, 2, 28, 30, 39, 28, 10, 34, 27, 2, 20, 39, 28, 5, 22, 8, 39, 20, 16, 31, 2, 14, 27, 1, 13, 28, 39]
    PRED: [27, 10, 19, 39, 26, 11, 0, 7, 2, 8, 39, 10, 34, 2, 20, 39, 28, 37, 5, 22, 8, 39, 20, 16, 39, 9, 2, 39, 14, 18, 5, 13, 39]
    Edit distance: 14/33
  Sample 2:
    TRUE: [28, 24, 39, 27, 33, 20, 37, 39, 35, 17, 39, 21, 12, 8, 39, 16, 22, 39, 2, 22, 2, 6, 1, 29, 30, 39, 19, 2, 20, 33, 38, 2, 22, 39]
    PRED: [9, 24, 27, 39, 35, 33, 20, 37, 39, 21, 5, 39, 21, 25, 8, 39, 16, 22, 39, 2, 22, 27, 1, 2, 10, 28, 39, 19, 24, 20, 33, 2, 22, 39]
    Edit distance: 13/34
  Sample 3:
    TRUE: [20, 3, 27, 17, 37, 39, 19, 0, 28, 30, 33, 21, 39, 22, 17, 8, 2, 8, 39, 6, 20, 1, 19, 39, 14, 20, 2, 34, 37, 39, 30, 33, 39, 6, 17, 39, 19, 2, 21, 26, 20, 17, 30, 20, 17, 39, 10, 20, 2, 14, 2, 22, 30, 39]
    PRED: [19, 35, 3, 27, 37, 39, 19, 1, 28, 27, 2, 21, 6, 39, 22, 10, 8, 39, 21, 0, 19, 39, 20, 2, 37, 39, 30, 33, 39, 6, 17, 33, 39, 19, 2, 21, 26, 20, 39, 4, 20, 2, 22, 39]
    Edit distance: 24/54
  Sample 4:
    TRUE: [9, 2, 39, 30, 33, 31, 39, 13, 10, 27, 17, 39, 13, 11, 14, 0, 30, 39, 30, 33, 39, 19, 2, 21, 39, 35, 10, 22, 39, 27, 0, 18, 11, 37, 39, 30, 33, 31, 39, 13, 10, 20, 39, 4, 30, 39]
    PRED: [9, 2, 39, 7, 27, 33, 28, 31, 39, 8, 16, 17, 39, 35, 3, 0, 19, 0, 19, 0, 30, 0, 30, 39, 30, 33, 39, 28, 30, 2, 21, 39, 35, 10, 22, 39, 35, 11, 0, 11, 39, 9, 33, 31, 39, 5, 20, 39, 4, 30, 39]
    Edit distance: 23/46

============================================================
Batch 18500 | Val PER: 0.3606
============================================================
  Sample 0:
    TRUE: [31, 17, 0, 19, 27, 2, 28, 17, 39, 27, 17, 19, 2, 22, 28, 16, 8, 11, 8, 39]
    PRED: [35, 2, 35, 0, 19, 28, 39, 27, 2, 14, 8, 39]
    Edit distance: 13/20
  Sample 1:
    TRUE: [27, 16, 7, 39, 26, 11, 7, 2, 28, 30, 39, 28, 10, 34, 27, 2, 20, 39, 28, 5, 22, 8, 39, 20, 16, 31, 2, 14, 27, 1, 13, 28, 39]
    PRED: [35, 10, 19, 28, 30, 39, 26, 25, 0, 7, 2, 37, 39, 10, 34, 6, 20, 39, 5, 8, 39, 20, 16, 2, 14, 18, 5, 13, 39]
    Edit distance: 18/33
  Sample 2:
    TRUE: [28, 24, 39, 27, 33, 20, 37, 39, 35, 17, 39, 21, 12, 8, 39, 16, 22, 39, 2, 22, 2, 6, 1, 29, 30, 39, 19, 2, 20, 33, 38, 2, 22, 39]
    PRED: [9, 33, 39, 27, 33, 20, 37, 39, 27, 5, 39, 21, 25, 8, 39, 16, 22, 39, 2, 22, 27, 1, 28, 39, 19, 33, 20, 33, 2, 22, 39]
    Edit distance: 11/34
  Sample 3:
    TRUE: [20, 3, 27, 17, 37, 39, 19, 0, 28, 30, 33, 21, 39, 22, 17, 8, 2, 8, 39, 6, 20, 1, 19, 39, 14, 20, 2, 34, 37, 39, 30, 33, 39, 6, 17, 39, 19, 2, 21, 26, 20, 17, 30, 20, 17, 39, 10, 20, 2, 14, 2, 22, 30, 39]
    PRED: [19, 35, 24, 37, 39, 19, 1, 19, 28, 21, 6, 21, 39, 22, 16, 8, 39, 21, 20, 0, 19, 39, 20, 2, 37, 39, 30, 33, 39, 6, 17, 33, 39, 19, 2, 21, 26, 20, 39, 1, 20, 2, 8, 39]
    Edit distance: 25/54
  Sample 4:
    TRUE: [9, 2, 39, 30, 33, 31, 39, 13, 10, 27, 17, 39, 13, 11, 14, 0, 30, 39, 30, 33, 39, 19, 2, 21, 39, 35, 10, 22, 39, 27, 0, 18, 11, 37, 39, 30, 33, 31, 39, 13, 10, 20, 39, 4, 30, 39]
    PRED: [9, 2, 39, 7, 33, 28, 39, 16, 17, 39, 13, 35, 3, 0, 19, 30, 39, 30, 33, 39, 28, 30, 2, 21, 39, 35, 12, 22, 39, 35, 11, 11, 37, 39, 9, 33, 31, 39, 5, 39, 4, 30, 39]
    Edit distance: 18/46

============================================================
Batch 19000 | Val PER: 0.3623
============================================================
  Sample 0:
    TRUE: [31, 17, 0, 19, 27, 2, 28, 17, 39, 27, 17, 19, 2, 22, 28, 16, 8, 11, 8, 39]
    PRED: [9, 2, 0, 19, 28, 39, 14, 27, 17, 8, 30, 2, 8, 39]
    Edit distance: 13/20
  Sample 1:
    TRUE: [27, 16, 7, 39, 26, 11, 7, 2, 28, 30, 39, 28, 10, 34, 27, 2, 20, 39, 28, 5, 22, 8, 39, 20, 16, 31, 2, 14, 27, 1, 13, 28, 39]
    PRED: [35, 10, 30, 28, 30, 39, 26, 27, 0, 7, 2, 37, 39, 10, 34, 2, 20, 39, 28, 5, 8, 39, 20, 16, 9, 2, 14, 18, 5, 13, 39]
    Edit distance: 16/33
  Sample 2:
    TRUE: [28, 24, 39, 27, 33, 20, 37, 39, 35, 17, 39, 21, 12, 8, 39, 16, 22, 39, 2, 22, 2, 6, 1, 29, 30, 39, 19, 2, 20, 33, 38, 2, 22, 39]
    PRED: [9, 24, 39, 27, 33, 20, 37, 39, 21, 17, 39, 21, 25, 8, 39, 16, 22, 39, 2, 22, 27, 1, 28, 39, 19, 20, 2, 22, 39]
    Edit distance: 10/34
  Sample 3:
    TRUE: [20, 3, 27, 17, 37, 39, 19, 0, 28, 30, 33, 21, 39, 22, 17, 8, 2, 8, 39, 6, 20, 1, 19, 39, 14, 20, 2, 34, 37, 39, 30, 33, 39, 6, 17, 39, 19, 2, 21, 26, 20, 17, 30, 20, 17, 39, 10, 20, 2, 14, 2, 22, 30, 39]
    PRED: [35, 27, 24, 27, 37, 39, 28, 1, 28, 21, 2, 21, 39, 22, 10, 8, 39, 21, 20, 0, 19, 39, 20, 2, 37, 39, 30, 33, 39, 6, 17, 39, 19, 2, 21, 26, 20, 30, 39, 1, 20, 2, 22, 39]
    Edit distance: 22/54
  Sample 4:
    TRUE: [9, 2, 39, 30, 33, 31, 39, 13, 10, 27, 17, 39, 13, 11, 14, 0, 30, 39, 30, 33, 39, 19, 2, 21, 39, 35, 10, 22, 39, 27, 0, 18, 11, 37, 39, 30, 33, 31, 39, 13, 10, 20, 39, 4, 30, 39]
    PRED: [9, 2, 39, 7, 27, 33, 28, 39, 8, 16, 39, 13, 35, 3, 0, 19, 30, 39, 30, 33, 39, 28, 2, 21, 39, 35, 2, 22, 39, 35, 11, 11, 39, 9, 33, 31, 13, 39, 13, 20, 39, 4, 30, 39]
    Edit distance: 19/46

============================================================
Batch 19500 | Val PER: 0.3623
============================================================
  Sample 0:
    TRUE: [31, 17, 0, 19, 27, 2, 28, 17, 39, 27, 17, 19, 2, 22, 28, 16, 8, 11, 8, 39]
    PRED: [9, 12, 0, 19, 19, 28, 39, 14, 27, 16, 14, 8, 8, 39]
    Edit distance: 13/20
  Sample 1:
    TRUE: [27, 16, 7, 39, 26, 11, 7, 2, 28, 30, 39, 28, 10, 34, 27, 2, 20, 39, 28, 5, 22, 8, 39, 20, 16, 31, 2, 14, 27, 1, 13, 28, 39]
    PRED: [27, 10, 19, 28, 30, 39, 26, 27, 7, 2, 37, 39, 10, 34, 6, 2, 20, 39, 28, 5, 22, 8, 39, 20, 16, 9, 2, 39, 14, 5, 13, 39]
    Edit distance: 14/33
  Sample 2:
    TRUE: [28, 24, 39, 27, 33, 20, 37, 39, 35, 17, 39, 21, 12, 8, 39, 16, 22, 39, 2, 22, 2, 6, 1, 29, 30, 39, 19, 2, 20, 33, 38, 2, 22, 39]
    PRED: [9, 24, 39, 27, 25, 33, 20, 37, 39, 6, 17, 39, 21, 25, 8, 39, 16, 22, 39, 2, 22, 27, 1, 28, 39, 19, 20, 33, 2, 22, 39]
    Edit distance: 10/34
  Sample 3:
    TRUE: [20, 3, 27, 17, 37, 39, 19, 0, 28, 30, 33, 21, 39, 22, 17, 8, 2, 8, 39, 6, 20, 1, 19, 39, 14, 20, 2, 34, 37, 39, 30, 33, 39, 6, 17, 39, 19, 2, 21, 26, 20, 17, 30, 20, 17, 39, 10, 20, 2, 14, 2, 22, 30, 39]
    PRED: [19, 27, 24, 37, 39, 19, 28, 1, 28, 6, 21, 39, 22, 16, 8, 39, 21, 20, 0, 19, 39, 20, 2, 37, 39, 30, 33, 39, 6, 17, 39, 19, 2, 21, 26, 20, 30, 39, 1, 20, 2, 22, 39]
    Edit distance: 21/54
  Sample 4:
    TRUE: [9, 2, 39, 30, 33, 31, 39, 13, 10, 27, 17, 39, 13, 11, 14, 0, 30, 39, 30, 33, 39, 19, 2, 21, 39, 35, 10, 22, 39, 27, 0, 18, 11, 37, 39, 30, 33, 31, 39, 13, 10, 20, 39, 4, 30, 39]
    PRED: [9, 2, 39, 7, 27, 33, 31, 39, 8, 16, 39, 13, 19, 0, 39, 28, 30, 33, 39, 28, 2, 21, 39, 35, 22, 39, 27, 11, 11, 39, 9, 33, 31, 39, 5, 39, 4, 30, 39]
    Edit distance: 19/46

============================================================
Batch 20000 | Val PER: 0.3660
============================================================
  Sample 0:
    TRUE: [31, 17, 0, 19, 27, 2, 28, 17, 39, 27, 17, 19, 2, 22, 28, 16, 8, 11, 8, 39]
    PRED: [35, 17, 0, 19, 28, 39, 14, 27, 16, 2, 30, 8, 30, 2, 8, 39]
    Edit distance: 12/20
  Sample 1:
    TRUE: [27, 16, 7, 39, 26, 11, 7, 2, 28, 30, 39, 28, 10, 34, 27, 2, 20, 39, 28, 5, 22, 8, 39, 20, 16, 31, 2, 14, 27, 1, 13, 28, 39]
    PRED: [35, 10, 28, 30, 39, 26, 11, 24, 29, 2, 37, 39, 10, 34, 20, 39, 28, 5, 22, 8, 39, 20, 16, 28, 9, 2, 28, 39, 18, 20, 5, 13, 31, 39]
    Edit distance: 19/33
  Sample 2:
    TRUE: [28, 24, 39, 27, 33, 20, 37, 39, 35, 17, 39, 21, 12, 8, 39, 16, 22, 39, 2, 22, 2, 6, 1, 29, 30, 39, 19, 2, 20, 33, 38, 2, 22, 39]
    PRED: [9, 24, 39, 27, 33, 20, 37, 39, 21, 17, 39, 21, 25, 8, 39, 16, 22, 39, 10, 22, 2, 27, 1, 28, 30, 39, 19, 33, 20, 33, 2, 22, 39]
    Edit distance: 8/34
  Sample 3:
    TRUE: [20, 3, 27, 17, 37, 39, 19, 0, 28, 30, 33, 21, 39, 22, 17, 8, 2, 8, 39, 6, 20, 1, 19, 39, 14, 20, 2, 34, 37, 39, 30, 33, 39, 6, 17, 39, 19, 2, 21, 26, 20, 17, 30, 20, 17, 39, 10, 20, 2, 14, 2, 22, 30, 39]
    PRED: [19, 27, 24, 27, 37, 39, 19, 28, 12, 28, 21, 2, 21, 39, 22, 10, 8, 39, 21, 0, 19, 39, 20, 2, 34, 39, 30, 33, 39, 21, 17, 20, 39, 19, 2, 21, 26, 20, 30, 39, 1, 20, 2, 22, 39]
    Edit distance: 25/54
  Sample 4:
    TRUE: [9, 2, 39, 30, 33, 31, 39, 13, 10, 27, 17, 39, 13, 11, 14, 0, 30, 39, 30, 33, 39, 19, 2, 21, 39, 35, 10, 22, 39, 27, 0, 18, 11, 37, 39, 30, 33, 31, 39, 13, 10, 20, 39, 4, 30, 39]
    PRED: [9, 2, 39, 30, 27, 33, 9, 31, 39, 34, 16, 27, 17, 39, 13, 34, 3, 0, 19, 0, 30, 39, 30, 33, 39, 28, 2, 21, 39, 35, 2, 22, 39, 27, 11, 11, 37, 39, 9, 33, 31, 39, 34, 5, 20, 39, 4, 30, 39]
    Edit distance: 15/46

============================================================
Batch 20500 | Val PER: 0.3573
============================================================
  Sample 0:
    TRUE: [31, 17, 0, 19, 27, 2, 28, 17, 39, 27, 17, 19, 2, 22, 28, 16, 8, 11, 8, 39]
    PRED: [9, 17, 0, 19, 39, 14, 27, 17, 8, 8, 39]
    Edit distance: 12/20
  Sample 1:
    TRUE: [27, 16, 7, 39, 26, 11, 7, 2, 28, 30, 39, 28, 10, 34, 27, 2, 20, 39, 28, 5, 22, 8, 39, 20, 16, 31, 2, 14, 27, 1, 13, 28, 39]
    PRED: [27, 10, 28, 30, 39, 26, 11, 7, 2, 8, 37, 39, 10, 34, 20, 39, 28, 5, 22, 8, 37, 39, 20, 16, 9, 18, 20, 5, 13, 28, 31, 39]
    Edit distance: 15/33
  Sample 2:
    TRUE: [28, 24, 39, 27, 33, 20, 37, 39, 35, 17, 39, 21, 12, 8, 39, 16, 22, 39, 2, 22, 2, 6, 1, 29, 30, 39, 19, 2, 20, 33, 38, 2, 22, 39]
    PRED: [9, 24, 39, 27, 35, 33, 20, 37, 39, 27, 17, 39, 21, 25, 8, 39, 16, 22, 39, 22, 27, 1, 28, 39, 19, 33, 20, 33, 33, 2, 22, 39]
    Edit distance: 11/34
  Sample 3:
    TRUE: [20, 3, 27, 17, 37, 39, 19, 0, 28, 30, 33, 21, 39, 22, 17, 8, 2, 8, 39, 6, 20, 1, 19, 39, 14, 20, 2, 34, 37, 39, 30, 33, 39, 6, 17, 39, 19, 2, 21, 26, 20, 17, 30, 20, 17, 39, 10, 20, 2, 14, 2, 22, 30, 39]
    PRED: [27, 24, 37, 39, 28, 1, 28, 34, 6, 39, 22, 10, 8, 39, 21, 20, 0, 19, 39, 20, 2, 37, 39, 30, 33, 39, 6, 17, 39, 19, 2, 26, 20, 39, 10, 20, 8, 39]
    Edit distance: 25/54
  Sample 4:
    TRUE: [9, 2, 39, 30, 33, 31, 39, 13, 10, 27, 17, 39, 13, 11, 14, 0, 30, 39, 30, 33, 39, 19, 2, 21, 39, 35, 10, 22, 39, 27, 0, 18, 11, 37, 39, 30, 33, 31, 39, 13, 10, 20, 39, 4, 30, 39]
    PRED: [9, 2, 39, 7, 27, 33, 31, 28, 39, 10, 39, 13, 3, 19, 0, 39, 30, 33, 39, 28, 2, 21, 39, 35, 10, 22, 39, 27, 11, 11, 39, 9, 33, 31, 39, 5, 20, 39, 4, 30, 39]
    Edit distance: 16/46

============================================================
Batch 21000 | Val PER: 0.3513
============================================================
  Sample 0:
    TRUE: [31, 17, 0, 19, 27, 2, 28, 17, 39, 27, 17, 19, 2, 22, 28, 16, 8, 11, 8, 39]
    PRED: [9, 17, 0, 19, 28, 39, 20, 27, 2, 30, 39]
    Edit distance: 13/20
  Sample 1:
    TRUE: [27, 16, 7, 39, 26, 11, 7, 2, 28, 30, 39, 28, 10, 34, 27, 2, 20, 39, 28, 5, 22, 8, 39, 20, 16, 31, 2, 14, 27, 1, 13, 28, 39]
    PRED: [7, 27, 10, 19, 28, 30, 39, 26, 11, 7, 2, 37, 39, 10, 34, 2, 20, 39, 5, 22, 8, 39, 20, 16, 9, 2, 18, 5, 13, 30, 39]
    Edit distance: 15/33
  Sample 2:
    TRUE: [28, 24, 39, 27, 33, 20, 37, 39, 35, 17, 39, 21, 12, 8, 39, 16, 22, 39, 2, 22, 2, 6, 1, 29, 30, 39, 19, 2, 20, 33, 38, 2, 22, 39]
    PRED: [9, 2, 39, 25, 33, 20, 37, 39, 27, 17, 39, 21, 25, 8, 39, 16, 22, 39, 22, 27, 1, 28, 39, 19, 2, 20, 33, 2, 22, 39]
    Edit distance: 11/34
  Sample 3:
    TRUE: [20, 3, 27, 17, 37, 39, 19, 0, 28, 30, 33, 21, 39, 22, 17, 8, 2, 8, 39, 6, 20, 1, 19, 39, 14, 20, 2, 34, 37, 39, 30, 33, 39, 6, 17, 39, 19, 2, 21, 26, 20, 17, 30, 20, 17, 39, 10, 20, 2, 14, 2, 22, 30, 39]
    PRED: [19, 27, 25, 37, 39, 19, 1, 28, 2, 21, 6, 39, 22, 16, 8, 39, 21, 0, 19, 39, 20, 2, 28, 39, 30, 33, 39, 6, 17, 39, 19, 2, 26, 20, 39, 1, 20, 8, 39]
    Edit distance: 27/54
  Sample 4:
    TRUE: [9, 2, 39, 30, 33, 31, 39, 13, 10, 27, 17, 39, 13, 11, 14, 0, 30, 39, 30, 33, 39, 19, 2, 21, 39, 35, 10, 22, 39, 27, 0, 18, 11, 37, 39, 30, 33, 31, 39, 13, 10, 20, 39, 4, 30, 39]
    PRED: [9, 2, 39, 30, 27, 33, 31, 39, 16, 39, 13, 3, 19, 39, 30, 33, 39, 28, 2, 21, 39, 35, 2, 22, 39, 35, 11, 11, 39, 9, 33, 31, 39, 39, 4, 30, 39]
    Edit distance: 19/46

============================================================
Batch 21500 | Val PER: 0.3537
============================================================
  Sample 0:
    TRUE: [31, 17, 0, 19, 27, 2, 28, 17, 39, 27, 17, 19, 2, 22, 28, 16, 8, 11, 8, 39]
    PRED: [9, 35, 17, 0, 28, 39, 8, 2, 8, 30, 2, 39]
    Edit distance: 14/20
  Sample 1:
    TRUE: [27, 16, 7, 39, 26, 11, 7, 2, 28, 30, 39, 28, 10, 34, 27, 2, 20, 39, 28, 5, 22, 8, 39, 20, 16, 31, 2, 14, 27, 1, 13, 28, 39]
    PRED: [35, 10, 19, 28, 30, 39, 26, 11, 0, 7, 2, 8, 39, 10, 34, 2, 20, 39, 28, 5, 22, 8, 39, 20, 16, 9, 2, 18, 5, 13, 31, 39]
    Edit distance: 15/33
  Sample 2:
    TRUE: [28, 24, 39, 27, 33, 20, 37, 39, 35, 17, 39, 21, 12, 8, 39, 16, 22, 39, 2, 22, 2, 6, 1, 29, 30, 39, 19, 2, 20, 33, 38, 2, 22, 39]
    PRED: [9, 24, 39, 27, 33, 20, 37, 39, 35, 17, 39, 21, 25, 8, 39, 16, 22, 39, 2, 22, 2, 27, 2, 28, 30, 39, 19, 33, 20, 33, 2, 22, 39]
    Edit distance: 7/34
  Sample 3:
    TRUE: [20, 3, 27, 17, 37, 39, 19, 0, 28, 30, 33, 21, 39, 22, 17, 8, 2, 8, 39, 6, 20, 1, 19, 39, 14, 20, 2, 34, 37, 39, 30, 33, 39, 6, 17, 39, 19, 2, 21, 26, 20, 17, 30, 20, 17, 39, 10, 20, 2, 14, 2, 22, 30, 39]
    PRED: [19, 27, 24, 27, 37, 17, 39, 19, 28, 12, 28, 6, 39, 22, 10, 8, 39, 21, 20, 0, 19, 39, 20, 2, 37, 39, 30, 33, 39, 6, 17, 39, 19, 2, 26, 20, 39, 1, 20, 2, 8, 39]
    Edit distance: 26/54
  Sample 4:
    TRUE: [9, 2, 39, 30, 33, 31, 39, 13, 10, 27, 17, 39, 13, 11, 14, 0, 30, 39, 30, 33, 39, 19, 2, 21, 39, 35, 10, 22, 39, 27, 0, 18, 11, 37, 39, 30, 33, 31, 39, 13, 10, 20, 39, 4, 30, 39]
    PRED: [9, 2, 39, 30, 27, 33, 31, 39, 13, 16, 12, 39, 13, 3, 0, 19, 0, 19, 0, 30, 39, 30, 33, 39, 28, 30, 2, 21, 39, 35, 2, 22, 39, 35, 11, 11, 37, 39, 9, 33, 31, 39, 13, 5, 39, 4, 30, 39]
    Edit distance: 18/46

============================================================
Batch 22000 | Val PER: 0.3569
============================================================
  Sample 0:
    TRUE: [31, 17, 0, 19, 27, 2, 28, 17, 39, 27, 17, 19, 2, 22, 28, 16, 8, 11, 8, 39]
    PRED: [9, 17, 0, 19, 19, 28, 39, 14, 27, 17, 14, 12, 30, 2, 8, 39]
    Edit distance: 12/20
  Sample 1:
    TRUE: [27, 16, 7, 39, 26, 11, 7, 2, 28, 30, 39, 28, 10, 34, 27, 2, 20, 39, 28, 5, 22, 8, 39, 20, 16, 31, 2, 14, 27, 1, 13, 28, 39]
    PRED: [27, 12, 19, 28, 30, 39, 26, 27, 0, 7, 2, 37, 39, 10, 34, 2, 20, 39, 30, 5, 22, 8, 39, 20, 16, 2, 20, 5, 13, 30, 39]
    Edit distance: 16/33
  Sample 2:
    TRUE: [28, 24, 39, 27, 33, 20, 37, 39, 35, 17, 39, 21, 12, 8, 39, 16, 22, 39, 2, 22, 2, 6, 1, 29, 30, 39, 19, 2, 20, 33, 38, 2, 22, 39]
    PRED: [9, 24, 39, 27, 33, 20, 37, 39, 27, 17, 39, 21, 25, 8, 39, 16, 22, 39, 16, 22, 27, 0, 28, 30, 39, 19, 24, 20, 33, 2, 22, 39]
    Edit distance: 10/34
  Sample 3:
    TRUE: [20, 3, 27, 17, 37, 39, 19, 0, 28, 30, 33, 21, 39, 22, 17, 8, 2, 8, 39, 6, 20, 1, 19, 39, 14, 20, 2, 34, 37, 39, 30, 33, 39, 6, 17, 39, 19, 2, 21, 26, 20, 17, 30, 20, 17, 39, 10, 20, 2, 14, 2, 22, 30, 39]
    PRED: [27, 24, 27, 37, 11, 39, 12, 28, 2, 6, 2, 21, 39, 22, 12, 8, 39, 21, 0, 19, 39, 20, 2, 34, 37, 39, 30, 33, 39, 6, 17, 33, 39, 19, 2, 21, 26, 20, 39, 1, 20, 2, 8, 39]
    Edit distance: 26/54
  Sample 4:
    TRUE: [9, 2, 39, 30, 33, 31, 39, 13, 10, 27, 17, 39, 13, 11, 14, 0, 30, 39, 30, 33, 39, 19, 2, 21, 39, 35, 10, 22, 39, 27, 0, 18, 11, 37, 39, 30, 33, 31, 39, 13, 10, 20, 39, 4, 30, 39]
    PRED: [9, 2, 39, 30, 27, 33, 31, 39, 16, 17, 39, 13, 3, 0, 19, 30, 39, 30, 33, 39, 28, 2, 21, 39, 35, 12, 22, 39, 27, 12, 11, 39, 31, 33, 31, 39, 13, 5, 20, 39, 4, 30, 39]
    Edit distance: 14/46

============================================================
Batch 22500 | Val PER: 0.3578
============================================================
  Sample 0:
    TRUE: [31, 17, 0, 19, 27, 2, 28, 17, 39, 27, 17, 19, 2, 22, 28, 16, 8, 11, 8, 39]
    PRED: [9, 17, 0, 30, 28, 39, 14, 27, 17, 30, 2, 8, 39]
    Edit distance: 12/20
  Sample 1:
    TRUE: [27, 16, 7, 39, 26, 11, 7, 2, 28, 30, 39, 28, 10, 34, 27, 2, 20, 39, 28, 5, 22, 8, 39, 20, 16, 31, 2, 14, 27, 1, 13, 28, 39]
    PRED: [30, 27, 10, 19, 28, 30, 39, 26, 11, 0, 7, 2, 8, 39, 28, 10, 34, 2, 20, 39, 28, 5, 22, 8, 39, 20, 16, 2, 18, 20, 5, 30, 39]
    Edit distance: 15/33
  Sample 2:
    TRUE: [28, 24, 39, 27, 33, 20, 37, 39, 35, 17, 39, 21, 12, 8, 39, 16, 22, 39, 2, 22, 2, 6, 1, 29, 30, 39, 19, 2, 20, 33, 38, 2, 22, 39]
    PRED: [9, 24, 39, 27, 33, 20, 37, 39, 27, 17, 39, 21, 25, 8, 39, 16, 22, 39, 22, 27, 0, 28, 30, 39, 19, 33, 20, 33, 38, 2, 22, 39]
    Edit distance: 9/34
  Sample 3:
    TRUE: [20, 3, 27, 17, 37, 39, 19, 0, 28, 30, 33, 21, 39, 22, 17, 8, 2, 8, 39, 6, 20, 1, 19, 39, 14, 20, 2, 34, 37, 39, 30, 33, 39, 6, 17, 39, 19, 2, 21, 26, 20, 17, 30, 20, 17, 39, 10, 20, 2, 14, 2, 22, 30, 39]
    PRED: [19, 24, 27, 37, 11, 39, 19, 28, 1, 28, 21, 39, 22, 10, 8, 39, 21, 0, 19, 39, 20, 2, 34, 37, 39, 30, 33, 39, 21, 6, 17, 39, 19, 2, 21, 26, 20, 39, 1, 20, 2, 22, 8, 39]
    Edit distance: 23/54
  Sample 4:
    TRUE: [9, 2, 39, 30, 33, 31, 39, 13, 10, 27, 17, 39, 13, 11, 14, 0, 30, 39, 30, 33, 39, 19, 2, 21, 39, 35, 10, 22, 39, 27, 0, 18, 11, 37, 39, 30, 33, 31, 39, 13, 10, 20, 39, 4, 30, 39]
    PRED: [9, 2, 39, 7, 27, 33, 31, 39, 8, 10, 39, 13, 17, 0, 19, 0, 0, 30, 39, 30, 33, 39, 28, 2, 21, 39, 35, 12, 22, 39, 27, 11, 11, 37, 39, 9, 33, 31, 39, 20, 39, 4, 30, 39]
    Edit distance: 16/46

============================================================
Batch 23000 | Val PER: 0.3603
============================================================
  Sample 0:
    TRUE: [31, 17, 0, 19, 27, 2, 28, 17, 39, 27, 17, 19, 2, 22, 28, 16, 8, 11, 8, 39]
    PRED: [9, 2, 0, 19, 28, 39, 14, 27, 2, 8, 30, 17, 39]
    Edit distance: 13/20
  Sample 1:
    TRUE: [27, 16, 7, 39, 26, 11, 7, 2, 28, 30, 39, 28, 10, 34, 27, 2, 20, 39, 28, 5, 22, 8, 39, 20, 16, 31, 2, 14, 27, 1, 13, 28, 39]
    PRED: [7, 27, 16, 19, 30, 39, 26, 11, 0, 7, 2, 37, 39, 10, 34, 20, 39, 28, 5, 22, 8, 39, 20, 16, 9, 28, 14, 18, 20, 5, 13, 30, 39]
    Edit distance: 15/33
  Sample 2:
    TRUE: [28, 24, 39, 27, 33, 20, 37, 39, 35, 17, 39, 21, 12, 8, 39, 16, 22, 39, 2, 22, 2, 6, 1, 29, 30, 39, 19, 2, 20, 33, 38, 2, 22, 39]
    PRED: [9, 24, 39, 27, 33, 20, 37, 39, 27, 17, 39, 21, 2, 8, 39, 16, 22, 39, 22, 30, 27, 1, 2, 28, 30, 39, 19, 24, 20, 33, 37, 2, 22, 39]
    Edit distance: 10/34
  Sample 3:
    TRUE: [20, 3, 27, 17, 37, 39, 19, 0, 28, 30, 33, 21, 39, 22, 17, 8, 2, 8, 39, 6, 20, 1, 19, 39, 14, 20, 2, 34, 37, 39, 30, 33, 39, 6, 17, 39, 19, 2, 21, 26, 20, 17, 30, 20, 17, 39, 10, 20, 2, 14, 2, 22, 30, 39]
    PRED: [19, 35, 24, 27, 37, 17, 39, 19, 28, 1, 28, 2, 21, 39, 22, 16, 8, 39, 21, 20, 0, 19, 39, 20, 2, 34, 37, 39, 30, 33, 39, 6, 17, 39, 19, 2, 21, 26, 20, 11, 39, 1, 20, 2, 22, 39]
    Edit distance: 23/54
  Sample 4:
    TRUE: [9, 2, 39, 30, 33, 31, 39, 13, 10, 27, 17, 39, 13, 11, 14, 0, 30, 39, 30, 33, 39, 19, 2, 21, 39, 35, 10, 22, 39, 27, 0, 18, 11, 37, 39, 30, 33, 31, 39, 13, 10, 20, 39, 4, 30, 39]
    PRED: [9, 2, 39, 7, 27, 33, 31, 39, 13, 16, 27, 17, 39, 13, 3, 0, 19, 0, 30, 39, 30, 33, 39, 28, 2, 21, 39, 35, 10, 22, 39, 35, 11, 0, 27, 11, 39, 37, 39, 9, 33, 31, 13, 39, 20, 39, 4, 30, 39]
    Edit distance: 14/46

============================================================
Batch 23500 | Val PER: 0.3523
============================================================
  Sample 0:
    TRUE: [31, 17, 0, 19, 27, 2, 28, 17, 39, 27, 17, 19, 2, 22, 28, 16, 8, 11, 8, 39]
    PRED: [9, 17, 0, 19, 28, 39, 14, 27, 2, 14, 8, 30, 8, 39]
    Edit distance: 11/20
  Sample 1:
    TRUE: [27, 16, 7, 39, 26, 11, 7, 2, 28, 30, 39, 28, 10, 34, 27, 2, 20, 39, 28, 5, 22, 8, 39, 20, 16, 31, 2, 14, 27, 1, 13, 28, 39]
    PRED: [7, 27, 10, 19, 28, 30, 39, 26, 11, 0, 7, 2, 8, 39, 10, 34, 2, 20, 39, 28, 5, 22, 8, 39, 16, 9, 2, 18, 5, 13, 28, 39]
    Edit distance: 15/33
  Sample 2:
    TRUE: [28, 24, 39, 27, 33, 20, 37, 39, 35, 17, 39, 21, 12, 8, 39, 16, 22, 39, 2, 22, 2, 6, 1, 29, 30, 39, 19, 2, 20, 33, 38, 2, 22, 39]
    PRED: [9, 24, 39, 27, 33, 20, 28, 37, 39, 21, 17, 39, 21, 25, 8, 39, 16, 22, 39, 1, 22, 27, 1, 28, 39, 19, 20, 33, 2, 22, 39]
    Edit distance: 11/34
  Sample 3:
    TRUE: [20, 3, 27, 17, 37, 39, 19, 0, 28, 30, 33, 21, 39, 22, 17, 8, 2, 8, 39, 6, 20, 1, 19, 39, 14, 20, 2, 34, 37, 39, 30, 33, 39, 6, 17, 39, 19, 2, 21, 26, 20, 17, 30, 20, 17, 39, 10, 20, 2, 14, 2, 22, 30, 39]
    PRED: [19, 27, 24, 37, 17, 39, 19, 28, 28, 21, 39, 22, 10, 8, 39, 21, 0, 19, 39, 20, 2, 34, 37, 39, 30, 33, 39, 6, 17, 33, 39, 19, 2, 21, 26, 20, 39, 1, 20, 2, 22, 39]
    Edit distance: 23/54
  Sample 4:
    TRUE: [9, 2, 39, 30, 33, 31, 39, 13, 10, 27, 17, 39, 13, 11, 14, 0, 30, 39, 30, 33, 39, 19, 2, 21, 39, 35, 10, 22, 39, 27, 0, 18, 11, 37, 39, 30, 33, 31, 39, 13, 10, 20, 39, 4, 30, 39]
    PRED: [9, 2, 39, 8, 27, 33, 28, 31, 39, 13, 10, 27, 12, 39, 13, 3, 19, 0, 0, 39, 30, 33, 39, 28, 2, 21, 39, 35, 10, 22, 39, 35, 11, 11, 37, 39, 31, 33, 31, 39, 13, 20, 39, 4, 30, 39]
    Edit distance: 13/46

============================================================
Batch 24000 | Val PER: 0.3565
============================================================
  Sample 0:
    TRUE: [31, 17, 0, 19, 27, 2, 28, 17, 39, 27, 17, 19, 2, 22, 28, 16, 8, 11, 8, 39]
    PRED: [9, 17, 0, 19, 28, 39, 14, 27, 2, 14, 19, 8, 30, 2, 8, 39]
    Edit distance: 12/20
  Sample 1:
    TRUE: [27, 16, 7, 39, 26, 11, 7, 2, 28, 30, 39, 28, 10, 34, 27, 2, 20, 39, 28, 5, 22, 8, 39, 20, 16, 31, 2, 14, 27, 1, 13, 28, 39]
    PRED: [7, 27, 10, 19, 28, 30, 39, 26, 11, 0, 7, 2, 37, 39, 10, 34, 2, 20, 39, 28, 5, 22, 8, 39, 20, 16, 9, 28, 18, 5, 13, 30, 39]
    Edit distance: 16/33
  Sample 2:
    TRUE: [28, 24, 39, 27, 33, 20, 37, 39, 35, 17, 39, 21, 12, 8, 39, 16, 22, 39, 2, 22, 2, 6, 1, 29, 30, 39, 19, 2, 20, 33, 38, 2, 22, 39]
    PRED: [9, 24, 39, 27, 33, 20, 37, 39, 35, 17, 39, 21, 25, 8, 39, 16, 22, 39, 10, 22, 30, 27, 1, 29, 28, 39, 19, 24, 20, 33, 38, 2, 22, 39]
    Edit distance: 7/34
  Sample 3:
    TRUE: [20, 3, 27, 17, 37, 39, 19, 0, 28, 30, 33, 21, 39, 22, 17, 8, 2, 8, 39, 6, 20, 1, 19, 39, 14, 20, 2, 34, 37, 39, 30, 33, 39, 6, 17, 39, 19, 2, 21, 26, 20, 17, 30, 20, 17, 39, 10, 20, 2, 14, 2, 22, 30, 39]
    PRED: [19, 27, 24, 37, 11, 37, 39, 19, 28, 1, 28, 21, 6, 21, 39, 22, 10, 8, 39, 6, 20, 0, 19, 39, 20, 2, 34, 37, 39, 30, 33, 39, 6, 17, 39, 19, 2, 21, 26, 7, 20, 11, 39, 1, 20, 2, 8, 39]
    Edit distance: 23/54
  Sample 4:
    TRUE: [9, 2, 39, 30, 33, 31, 39, 13, 10, 27, 17, 39, 13, 11, 14, 0, 30, 39, 30, 33, 39, 19, 2, 21, 39, 35, 10, 22, 39, 27, 0, 18, 11, 37, 39, 30, 33, 31, 39, 13, 10, 20, 39, 4, 30, 39]
    PRED: [9, 2, 39, 7, 27, 33, 31, 39, 34, 10, 27, 17, 39, 13, 3, 19, 0, 0, 30, 39, 30, 33, 39, 28, 30, 2, 21, 39, 35, 2, 22, 39, 35, 11, 0, 11, 37, 39, 31, 33, 31, 39, 13, 5, 20, 39, 4, 30, 39]
    Edit distance: 14/46

============================================================
Batch 24500 | Val PER: 0.3439
============================================================
  Sample 0:
    TRUE: [31, 17, 0, 19, 27, 2, 28, 17, 39, 27, 17, 19, 2, 22, 28, 16, 8, 11, 8, 39]
    PRED: [9, 2, 19, 0, 19, 28, 39, 14, 27, 14, 8, 30, 2, 8, 39]
    Edit distance: 15/20
  Sample 1:
    TRUE: [27, 16, 7, 39, 26, 11, 7, 2, 28, 30, 39, 28, 10, 34, 27, 2, 20, 39, 28, 5, 22, 8, 39, 20, 16, 31, 2, 14, 27, 1, 13, 28, 39]
    PRED: [27, 10, 19, 30, 39, 26, 27, 0, 7, 2, 37, 39, 1, 34, 20, 39, 28, 5, 22, 39, 16, 2, 14, 5, 13, 28, 39]
    Edit distance: 16/33
  Sample 2:
    TRUE: [28, 24, 39, 27, 33, 20, 37, 39, 35, 17, 39, 21, 12, 8, 39, 16, 22, 39, 2, 22, 2, 6, 1, 29, 30, 39, 19, 2, 20, 33, 38, 2, 22, 39]
    PRED: [9, 24, 39, 27, 33, 20, 37, 39, 27, 17, 39, 21, 25, 8, 39, 16, 22, 39, 1, 22, 27, 1, 28, 30, 39, 19, 16, 20, 33, 2, 22, 39]
    Edit distance: 9/34
  Sample 3:
    TRUE: [20, 3, 27, 17, 37, 39, 19, 0, 28, 30, 33, 21, 39, 22, 17, 8, 2, 8, 39, 6, 20, 1, 19, 39, 14, 20, 2, 34, 37, 39, 30, 33, 39, 6, 17, 39, 19, 2, 21, 26, 20, 17, 30, 20, 17, 39, 10, 20, 2, 14, 2, 22, 30, 39]
    PRED: [14, 27, 24, 37, 11, 39, 19, 1, 28, 21, 39, 22, 10, 8, 39, 21, 27, 0, 19, 39, 20, 2, 37, 39, 30, 33, 39, 21, 6, 17, 20, 39, 19, 2, 21, 26, 20, 39, 1, 20, 2, 22, 39]
    Edit distance: 25/54
  Sample 4:
    TRUE: [9, 2, 39, 30, 33, 31, 39, 13, 10, 27, 17, 39, 13, 11, 14, 0, 30, 39, 30, 33, 39, 19, 2, 21, 39, 35, 10, 22, 39, 27, 0, 18, 11, 37, 39, 30, 33, 31, 39, 13, 10, 20, 39, 4, 30, 39]
    PRED: [9, 2, 39, 8, 27, 33, 28, 31, 39, 8, 16, 17, 39, 13, 3, 19, 30, 39, 30, 33, 39, 28, 2, 21, 39, 35, 10, 22, 39, 35, 5, 11, 39, 9, 33, 31, 39, 13, 5, 20, 39, 4, 30, 39]
    Edit distance: 16/46

============================================================
Batch 25000 | Val PER: 0.3436
============================================================
  Sample 0:
    TRUE: [31, 17, 0, 19, 27, 2, 28, 17, 39, 27, 17, 19, 2, 22, 28, 16, 8, 11, 8, 39]
    PRED: [35, 17, 0, 19, 28, 39, 14, 16, 2, 14, 8, 30, 2, 8, 39]
    Edit distance: 12/20
  Sample 1:
    TRUE: [27, 16, 7, 39, 26, 11, 7, 2, 28, 30, 39, 28, 10, 34, 27, 2, 20, 39, 28, 5, 22, 8, 39, 20, 16, 31, 2, 14, 27, 1, 13, 28, 39]
    PRED: [27, 10, 19, 30, 39, 26, 11, 0, 19, 2, 37, 39, 10, 34, 20, 39, 28, 5, 22, 8, 39, 20, 16, 9, 2, 18, 5, 13, 39]
    Edit distance: 15/33
  Sample 2:
    TRUE: [28, 24, 39, 27, 33, 20, 37, 39, 35, 17, 39, 21, 12, 8, 39, 16, 22, 39, 2, 22, 2, 6, 1, 29, 30, 39, 19, 2, 20, 33, 38, 2, 22, 39]
    PRED: [28, 24, 39, 27, 33, 20, 37, 39, 27, 17, 39, 21, 25, 8, 39, 16, 22, 39, 10, 22, 27, 1, 28, 39, 19, 16, 20, 33, 2, 22, 39]
    Edit distance: 9/34
  Sample 3:
    TRUE: [20, 3, 27, 17, 37, 39, 19, 0, 28, 30, 33, 21, 39, 22, 17, 8, 2, 8, 39, 6, 20, 1, 19, 39, 14, 20, 2, 34, 37, 39, 30, 33, 39, 6, 17, 39, 19, 2, 21, 26, 20, 17, 30, 20, 17, 39, 10, 20, 2, 14, 2, 22, 30, 39]
    PRED: [19, 27, 24, 37, 39, 19, 1, 28, 21, 39, 22, 10, 8, 39, 21, 0, 19, 39, 20, 2, 34, 34, 37, 39, 30, 33, 39, 6, 17, 39, 19, 2, 21, 26, 20, 39, 1, 20, 2, 22, 8, 39]
    Edit distance: 22/54
  Sample 4:
    TRUE: [9, 2, 39, 30, 33, 31, 39, 13, 10, 27, 17, 39, 13, 11, 14, 0, 30, 39, 30, 33, 39, 19, 2, 21, 39, 35, 10, 22, 39, 27, 0, 18, 11, 37, 39, 30, 33, 31, 39, 13, 10, 20, 39, 4, 30, 39]
    PRED: [9, 2, 39, 8, 27, 33, 31, 39, 10, 17, 39, 13, 3, 19, 39, 30, 33, 39, 28, 30, 2, 21, 39, 35, 10, 22, 39, 27, 11, 11, 39, 31, 33, 31, 13, 39, 13, 5, 20, 20, 39, 4, 30, 39]
    Edit distance: 17/46

============================================================
Batch 25500 | Val PER: 0.3418
============================================================
  Sample 0:
    TRUE: [31, 17, 0, 19, 27, 2, 28, 17, 39, 27, 17, 19, 2, 22, 28, 16, 8, 11, 8, 39]
    PRED: [9, 17, 0, 19, 28, 39, 8, 16, 17, 19, 37, 8, 30, 2, 8, 39]
    Edit distance: 12/20
  Sample 1:
    TRUE: [27, 16, 7, 39, 26, 11, 7, 2, 28, 30, 39, 28, 10, 34, 27, 2, 20, 39, 28, 5, 22, 8, 39, 20, 16, 31, 2, 14, 27, 1, 13, 28, 39]
    PRED: [35, 27, 10, 19, 30, 39, 26, 11, 27, 7, 2, 37, 39, 1, 34, 20, 39, 28, 5, 22, 8, 37, 39, 16, 9, 2, 28, 18, 20, 5, 13, 28, 39]
    Edit distance: 18/33
  Sample 2:
    TRUE: [28, 24, 39, 27, 33, 20, 37, 39, 35, 17, 39, 21, 12, 8, 39, 16, 22, 39, 2, 22, 2, 6, 1, 29, 30, 39, 19, 2, 20, 33, 38, 2, 22, 39]
    PRED: [9, 24, 39, 27, 33, 20, 37, 39, 21, 17, 39, 21, 25, 8, 39, 16, 22, 39, 1, 22, 30, 13, 27, 1, 28, 30, 39, 19, 16, 20, 33, 2, 22, 39]
    Edit distance: 10/34
  Sample 3:
    TRUE: [20, 3, 27, 17, 37, 39, 19, 0, 28, 30, 33, 21, 39, 22, 17, 8, 2, 8, 39, 6, 20, 1, 19, 39, 14, 20, 2, 34, 37, 39, 30, 33, 39, 6, 17, 39, 19, 2, 21, 26, 20, 17, 30, 20, 17, 39, 10, 20, 2, 14, 2, 22, 30, 39]
    PRED: [19, 27, 24, 37, 11, 39, 19, 28, 5, 28, 21, 6, 21, 39, 22, 12, 8, 39, 21, 27, 0, 19, 39, 20, 2, 34, 37, 39, 30, 33, 39, 6, 17, 20, 39, 19, 26, 20, 39, 1, 20, 2, 22, 8, 39]
    Edit distance: 26/54
  Sample 4:
    TRUE: [9, 2, 39, 30, 33, 31, 39, 13, 10, 27, 17, 39, 13, 11, 14, 0, 30, 39, 30, 33, 39, 19, 2, 21, 39, 35, 10, 22, 39, 27, 0, 18, 11, 37, 39, 30, 33, 31, 39, 13, 10, 20, 39, 4, 30, 39]
    PRED: [9, 2, 39, 30, 27, 33, 31, 39, 18, 10, 27, 17, 39, 13, 3, 19, 30, 39, 30, 33, 39, 28, 30, 2, 21, 39, 35, 10, 22, 39, 27, 11, 11, 39, 31, 33, 31, 13, 39, 13, 5, 20, 39, 4, 30, 39]
    Edit distance: 13/46

============================================================
Batch 26000 | Val PER: 0.3449
============================================================
  Sample 0:
    TRUE: [31, 17, 0, 19, 27, 2, 28, 17, 39, 27, 17, 19, 2, 22, 28, 16, 8, 11, 8, 39]
    PRED: [9, 12, 0, 19, 28, 39, 14, 2, 22, 2, 8, 30, 8, 39]
    Edit distance: 11/20
  Sample 1:
    TRUE: [27, 16, 7, 39, 26, 11, 7, 2, 28, 30, 39, 28, 10, 34, 27, 2, 20, 39, 28, 5, 22, 8, 39, 20, 16, 31, 2, 14, 27, 1, 13, 28, 39]
    PRED: [27, 10, 19, 28, 30, 39, 26, 27, 0, 7, 2, 37, 39, 10, 34, 20, 39, 5, 22, 39, 20, 16, 9, 28, 14, 18, 5, 13, 28, 39]
    Edit distance: 17/33
  Sample 2:
    TRUE: [28, 24, 39, 27, 33, 20, 37, 39, 35, 17, 39, 21, 12, 8, 39, 16, 22, 39, 2, 22, 2, 6, 1, 29, 30, 39, 19, 2, 20, 33, 38, 2, 22, 39]
    PRED: [9, 24, 39, 33, 20, 37, 39, 35, 17, 39, 21, 25, 8, 39, 16, 22, 39, 22, 30, 27, 1, 28, 30, 39, 19, 20, 33, 2, 22, 39]
    Edit distance: 9/34
  Sample 3:
    TRUE: [20, 3, 27, 17, 37, 39, 19, 0, 28, 30, 33, 21, 39, 22, 17, 8, 2, 8, 39, 6, 20, 1, 19, 39, 14, 20, 2, 34, 37, 39, 30, 33, 39, 6, 17, 39, 19, 2, 21, 26, 20, 17, 30, 20, 17, 39, 10, 20, 2, 14, 2, 22, 30, 39]
    PRED: [14, 19, 35, 24, 37, 11, 39, 19, 1, 28, 5, 21, 6, 21, 39, 22, 10, 8, 39, 21, 0, 19, 39, 20, 2, 37, 39, 30, 33, 39, 6, 17, 20, 39, 19, 2, 21, 26, 20, 39, 10, 20, 2, 22, 39]
    Edit distance: 25/54
  Sample 4:
    TRUE: [9, 2, 39, 30, 33, 31, 39, 13, 10, 27, 17, 39, 13, 11, 14, 0, 30, 39, 30, 33, 39, 19, 2, 21, 39, 35, 10, 22, 39, 27, 0, 18, 11, 37, 39, 30, 33, 31, 39, 13, 10, 20, 39, 4, 30, 39]
    PRED: [9, 2, 39, 8, 27, 33, 31, 39, 13, 16, 39, 13, 3, 19, 0, 30, 39, 30, 33, 39, 28, 2, 21, 39, 35, 10, 22, 39, 35, 11, 11, 39, 31, 33, 31, 13, 39, 13, 5, 20, 39, 4, 30, 39]
    Edit distance: 15/46

============================================================
Batch 26500 | Val PER: 0.3423
============================================================
  Sample 0:
    TRUE: [31, 17, 0, 19, 27, 2, 28, 17, 39, 27, 17, 19, 2, 22, 28, 16, 8, 11, 8, 39]
    PRED: [9, 17, 0, 19, 28, 39, 2, 12, 30, 17, 8, 39]
    Edit distance: 12/20
  Sample 1:
    TRUE: [27, 16, 7, 39, 26, 11, 7, 2, 28, 30, 39, 28, 10, 34, 27, 2, 20, 39, 28, 5, 22, 8, 39, 20, 16, 31, 2, 14, 27, 1, 13, 28, 39]
    PRED: [27, 10, 19, 30, 39, 26, 11, 0, 29, 2, 16, 37, 39, 1, 10, 34, 20, 39, 5, 22, 37, 39, 20, 16, 39, 9, 2, 28, 18, 5, 28, 39]
    Edit distance: 18/33
  Sample 2:
    TRUE: [28, 24, 39, 27, 33, 20, 37, 39, 35, 17, 39, 21, 12, 8, 39, 16, 22, 39, 2, 22, 2, 6, 1, 29, 30, 39, 19, 2, 20, 33, 38, 2, 22, 39]
    PRED: [9, 2, 39, 27, 33, 20, 37, 39, 35, 17, 39, 21, 25, 8, 39, 16, 22, 39, 0, 22, 2, 27, 1, 29, 30, 39, 19, 16, 20, 33, 2, 22, 39]
    Edit distance: 7/34
  Sample 3:
    TRUE: [20, 3, 27, 17, 37, 39, 19, 0, 28, 30, 33, 21, 39, 22, 17, 8, 2, 8, 39, 6, 20, 1, 19, 39, 14, 20, 2, 34, 37, 39, 30, 33, 39, 6, 17, 39, 19, 2, 21, 26, 20, 17, 30, 20, 17, 39, 10, 20, 2, 14, 2, 22, 30, 39]
    PRED: [19, 27, 24, 37, 11, 39, 19, 28, 5, 21, 39, 22, 10, 8, 39, 21, 27, 0, 19, 39, 20, 2, 37, 39, 30, 33, 39, 6, 17, 20, 39, 19, 2, 21, 26, 20, 39, 1, 20, 2, 22, 39]
    Edit distance: 24/54
  Sample 4:
    TRUE: [9, 2, 39, 30, 33, 31, 39, 13, 10, 27, 17, 39, 13, 11, 14, 0, 30, 39, 30, 33, 39, 19, 2, 21, 39, 35, 10, 22, 39, 27, 0, 18, 11, 37, 39, 30, 33, 31, 39, 13, 10, 20, 39, 4, 30, 39]
    PRED: [9, 2, 39, 30, 27, 33, 31, 39, 13, 16, 39, 13, 3, 19, 30, 39, 30, 33, 39, 28, 2, 21, 39, 35, 2, 22, 39, 35, 11, 11, 39, 31, 33, 31, 39, 13, 5, 39, 4, 30, 39]
    Edit distance: 16/46

============================================================
Batch 27000 | Val PER: 0.3409
============================================================
  Sample 0:
    TRUE: [31, 17, 0, 19, 27, 2, 28, 17, 39, 27, 17, 19, 2, 22, 28, 16, 8, 11, 8, 39]
    PRED: [9, 17, 0, 19, 28, 39, 14, 27, 8, 30, 17, 8, 39]
    Edit distance: 13/20
  Sample 1:
    TRUE: [27, 16, 7, 39, 26, 11, 7, 2, 28, 30, 39, 28, 10, 34, 27, 2, 20, 39, 28, 5, 22, 8, 39, 20, 16, 31, 2, 14, 27, 1, 13, 28, 39]
    PRED: [35, 10, 19, 28, 30, 39, 26, 0, 7, 2, 8, 39, 1, 10, 34, 2, 20, 39, 5, 22, 39, 20, 16, 2, 14, 5, 28, 30, 39]
    Edit distance: 17/33
  Sample 2:
    TRUE: [28, 24, 39, 27, 33, 20, 37, 39, 35, 17, 39, 21, 12, 8, 39, 16, 22, 39, 2, 22, 2, 6, 1, 29, 30, 39, 19, 2, 20, 33, 38, 2, 22, 39]
    PRED: [9, 24, 39, 27, 33, 20, 37, 39, 35, 17, 39, 21, 25, 8, 39, 16, 22, 39, 22, 27, 1, 28, 30, 39, 19, 20, 33, 2, 22, 39]
    Edit distance: 8/34
  Sample 3:
    TRUE: [20, 3, 27, 17, 37, 39, 19, 0, 28, 30, 33, 21, 39, 22, 17, 8, 2, 8, 39, 6, 20, 1, 19, 39, 14, 20, 2, 34, 37, 39, 30, 33, 39, 6, 17, 39, 19, 2, 21, 26, 20, 17, 30, 20, 17, 39, 10, 20, 2, 14, 2, 22, 30, 39]
    PRED: [19, 27, 24, 37, 11, 39, 19, 1, 28, 21, 6, 21, 39, 22, 10, 8, 39, 21, 0, 19, 39, 20, 2, 37, 39, 30, 33, 39, 21, 17, 20, 39, 19, 2, 21, 26, 20, 39, 1, 20, 2, 22, 39]
    Edit distance: 25/54
  Sample 4:
    TRUE: [9, 2, 39, 30, 33, 31, 39, 13, 10, 27, 17, 39, 13, 11, 14, 0, 30, 39, 30, 33, 39, 19, 2, 21, 39, 35, 10, 22, 39, 27, 0, 18, 11, 37, 39, 30, 33, 31, 39, 13, 10, 20, 39, 4, 30, 39]
    PRED: [9, 2, 39, 30, 27, 33, 28, 39, 8, 16, 17, 39, 13, 3, 19, 19, 30, 39, 30, 33, 39, 28, 30, 2, 21, 39, 27, 12, 22, 39, 27, 11, 11, 39, 31, 33, 31, 39, 13, 5, 20, 4, 30, 39]
    Edit distance: 18/46

============================================================
Batch 27500 | Val PER: 0.3421
============================================================
  Sample 0:
    TRUE: [31, 17, 0, 19, 27, 2, 28, 17, 39, 27, 17, 19, 2, 22, 28, 16, 8, 11, 8, 39]
    PRED: [9, 17, 39, 0, 19, 28, 39, 14, 27, 30, 2, 8, 39]
    Edit distance: 13/20
  Sample 1:
    TRUE: [27, 16, 7, 39, 26, 11, 7, 2, 28, 30, 39, 28, 10, 34, 27, 2, 20, 39, 28, 5, 22, 8, 39, 20, 16, 31, 2, 14, 27, 1, 13, 28, 39]
    PRED: [7, 35, 10, 19, 28, 30, 39, 26, 0, 7, 2, 37, 39, 10, 34, 2, 20, 39, 28, 5, 22, 37, 39, 20, 16, 9, 14, 18, 5, 13, 30, 39]
    Edit distance: 17/33
  Sample 2:
    TRUE: [28, 24, 39, 27, 33, 20, 37, 39, 35, 17, 39, 21, 12, 8, 39, 16, 22, 39, 2, 22, 2, 6, 1, 29, 30, 39, 19, 2, 20, 33, 38, 2, 22, 39]
    PRED: [9, 24, 39, 33, 20, 37, 39, 21, 17, 39, 21, 25, 8, 39, 16, 22, 39, 10, 22, 2, 27, 1, 28, 30, 39, 19, 33, 20, 33, 2, 22, 8, 39]
    Edit distance: 10/34
  Sample 3:
    TRUE: [20, 3, 27, 17, 37, 39, 19, 0, 28, 30, 33, 21, 39, 22, 17, 8, 2, 8, 39, 6, 20, 1, 19, 39, 14, 20, 2, 34, 37, 39, 30, 33, 39, 6, 17, 39, 19, 2, 21, 26, 20, 17, 30, 20, 17, 39, 10, 20, 2, 14, 2, 22, 30, 39]
    PRED: [19, 27, 24, 37, 39, 19, 28, 1, 28, 21, 39, 22, 10, 8, 39, 21, 0, 19, 39, 20, 2, 34, 37, 39, 30, 33, 39, 21, 6, 17, 33, 39, 19, 2, 21, 26, 39, 1, 20, 2, 22, 39]
    Edit distance: 24/54
  Sample 4:
    TRUE: [9, 2, 39, 30, 33, 31, 39, 13, 10, 27, 17, 39, 13, 11, 14, 0, 30, 39, 30, 33, 39, 19, 2, 21, 39, 35, 10, 22, 39, 27, 0, 18, 11, 37, 39, 30, 33, 31, 39, 13, 10, 20, 39, 4, 30, 39]
    PRED: [9, 2, 39, 27, 33, 31, 39, 16, 39, 13, 3, 19, 19, 30, 39, 30, 33, 39, 28, 30, 2, 21, 39, 35, 10, 22, 39, 35, 11, 11, 39, 31, 9, 33, 31, 13, 39, 5, 39, 4, 30, 39]
    Edit distance: 19/46

============================================================
Batch 28000 | Val PER: 0.3417
============================================================
  Sample 0:
    TRUE: [31, 17, 0, 19, 27, 2, 28, 17, 39, 27, 17, 19, 2, 22, 28, 16, 8, 11, 8, 39]
    PRED: [9, 12, 39, 0, 19, 28, 39, 14, 16, 17, 14, 8, 30, 17, 8, 39]
    Edit distance: 15/20
  Sample 1:
    TRUE: [27, 16, 7, 39, 26, 11, 7, 2, 28, 30, 39, 28, 10, 34, 27, 2, 20, 39, 28, 5, 22, 8, 39, 20, 16, 31, 2, 14, 27, 1, 13, 28, 39]
    PRED: [35, 10, 19, 28, 30, 39, 26, 11, 0, 7, 2, 37, 39, 10, 34, 20, 39, 28, 5, 22, 8, 39, 20, 16, 39, 9, 2, 14, 5, 13, 28, 39]
    Edit distance: 15/33
  Sample 2:
    TRUE: [28, 24, 39, 27, 33, 20, 37, 39, 35, 17, 39, 21, 12, 8, 39, 16, 22, 39, 2, 22, 2, 6, 1, 29, 30, 39, 19, 2, 20, 33, 38, 2, 22, 39]
    PRED: [9, 24, 39, 27, 33, 20, 37, 39, 21, 17, 39, 21, 25, 8, 39, 16, 22, 39, 2, 22, 2, 27, 1, 28, 39, 19, 24, 20, 33, 2, 22, 39]
    Edit distance: 8/34
  Sample 3:
    TRUE: [20, 3, 27, 17, 37, 39, 19, 0, 28, 30, 33, 21, 39, 22, 17, 8, 2, 8, 39, 6, 20, 1, 19, 39, 14, 20, 2, 34, 37, 39, 30, 33, 39, 6, 17, 39, 19, 2, 21, 26, 20, 17, 30, 20, 17, 39, 10, 20, 2, 14, 2, 22, 30, 39]
    PRED: [27, 24, 20, 37, 39, 19, 28, 21, 39, 22, 10, 8, 39, 6, 20, 0, 19, 39, 20, 2, 34, 37, 39, 30, 33, 39, 6, 17, 39, 19, 2, 21, 26, 20, 39, 1, 20, 2, 22, 8, 39]
    Edit distance: 20/54
  Sample 4:
    TRUE: [9, 2, 39, 30, 33, 31, 39, 13, 10, 27, 17, 39, 13, 11, 14, 0, 30, 39, 30, 33, 39, 19, 2, 21, 39, 35, 10, 22, 39, 27, 0, 18, 11, 37, 39, 30, 33, 31, 39, 13, 10, 20, 39, 4, 30, 39]
    PRED: [9, 2, 39, 30, 27, 33, 31, 39, 13, 16, 27, 39, 13, 3, 19, 39, 30, 33, 39, 28, 2, 21, 39, 35, 2, 22, 8, 39, 35, 11, 11, 39, 31, 33, 31, 13, 39, 5, 20, 39, 4, 30, 39]
    Edit distance: 18/46

============================================================
Batch 28500 | Val PER: 0.3389
============================================================
  Sample 0:
    TRUE: [31, 17, 0, 19, 27, 2, 28, 17, 39, 27, 17, 19, 2, 22, 28, 16, 8, 11, 8, 39]
    PRED: [9, 17, 12, 0, 19, 19, 30, 28, 39, 14, 2, 22, 8, 30, 2, 8, 39]
    Edit distance: 12/20
  Sample 1:
    TRUE: [27, 16, 7, 39, 26, 11, 7, 2, 28, 30, 39, 28, 10, 34, 27, 2, 20, 39, 28, 5, 22, 8, 39, 20, 16, 31, 2, 14, 27, 1, 13, 28, 39]
    PRED: [27, 10, 19, 28, 30, 39, 26, 0, 7, 2, 37, 39, 10, 34, 2, 20, 39, 28, 5, 22, 8, 39, 20, 16, 9, 2, 14, 18, 5, 13, 30, 39]
    Edit distance: 13/33
  Sample 2:
    TRUE: [28, 24, 39, 27, 33, 20, 37, 39, 35, 17, 39, 21, 12, 8, 39, 16, 22, 39, 2, 22, 2, 6, 1, 29, 30, 39, 19, 2, 20, 33, 38, 2, 22, 39]
    PRED: [9, 24, 39, 27, 33, 20, 37, 39, 35, 17, 39, 21, 25, 8, 39, 16, 22, 39, 22, 2, 26, 27, 0, 29, 30, 39, 19, 16, 20, 33, 2, 22, 39]
    Edit distance: 8/34
  Sample 3:
    TRUE: [20, 3, 27, 17, 37, 39, 19, 0, 28, 30, 33, 21, 39, 22, 17, 8, 2, 8, 39, 6, 20, 1, 19, 39, 14, 20, 2, 34, 37, 39, 30, 33, 39, 6, 17, 39, 19, 2, 21, 26, 20, 17, 30, 20, 17, 39, 10, 20, 2, 14, 2, 22, 30, 39]
    PRED: [27, 24, 37, 39, 19, 12, 28, 6, 21, 39, 22, 10, 8, 39, 21, 0, 19, 39, 20, 2, 34, 37, 39, 30, 33, 39, 21, 6, 17, 39, 19, 2, 26, 20, 39, 1, 20, 2, 22, 39]
    Edit distance: 23/54
  Sample 4:
    TRUE: [9, 2, 39, 30, 33, 31, 39, 13, 10, 27, 17, 39, 13, 11, 14, 0, 30, 39, 30, 33, 39, 19, 2, 21, 39, 35, 10, 22, 39, 27, 0, 18, 11, 37, 39, 30, 33, 31, 39, 13, 10, 20, 39, 4, 30, 39]
    PRED: [9, 2, 39, 27, 33, 31, 39, 8, 16, 39, 13, 3, 19, 39, 30, 33, 39, 28, 2, 21, 39, 35, 2, 22, 39, 27, 11, 11, 39, 31, 33, 31, 13, 39, 5, 39, 4, 30, 39]
    Edit distance: 18/46

============================================================
Batch 29000 | Val PER: 0.3340
============================================================
  Sample 0:
    TRUE: [31, 17, 0, 19, 27, 2, 28, 17, 39, 27, 17, 19, 2, 22, 28, 16, 8, 11, 8, 39]
    PRED: [9, 12, 39, 0, 28, 39, 14, 27, 17, 8, 8, 39]
    Edit distance: 14/20
  Sample 1:
    TRUE: [27, 16, 7, 39, 26, 11, 7, 2, 28, 30, 39, 28, 10, 34, 27, 2, 20, 39, 28, 5, 22, 8, 39, 20, 16, 31, 2, 14, 27, 1, 13, 28, 39]
    PRED: [27, 10, 19, 28, 30, 39, 26, 27, 0, 7, 2, 37, 39, 10, 34, 2, 20, 39, 28, 5, 22, 8, 39, 20, 16, 39, 9, 18, 5, 13, 30, 39]
    Edit distance: 16/33
  Sample 2:
    TRUE: [28, 24, 39, 27, 33, 20, 37, 39, 35, 17, 39, 21, 12, 8, 39, 16, 22, 39, 2, 22, 2, 6, 1, 29, 30, 39, 19, 2, 20, 33, 38, 2, 22, 39]
    PRED: [9, 24, 39, 35, 33, 20, 37, 39, 35, 17, 39, 21, 25, 8, 39, 16, 22, 39, 16, 22, 27, 0, 28, 30, 39, 19, 20, 33, 2, 22, 39]
    Edit distance: 10/34
  Sample 3:
    TRUE: [20, 3, 27, 17, 37, 39, 19, 0, 28, 30, 33, 21, 39, 22, 17, 8, 2, 8, 39, 6, 20, 1, 19, 39, 14, 20, 2, 34, 37, 39, 30, 33, 39, 6, 17, 39, 19, 2, 21, 26, 20, 17, 30, 20, 17, 39, 10, 20, 2, 14, 2, 22, 30, 39]
    PRED: [19, 27, 24, 37, 39, 19, 6, 21, 39, 22, 10, 8, 39, 21, 0, 19, 39, 20, 2, 37, 39, 30, 33, 39, 6, 17, 33, 39, 19, 2, 26, 20, 30, 39, 1, 20, 8, 39]
    Edit distance: 26/54
  Sample 4:
    TRUE: [9, 2, 39, 30, 33, 31, 39, 13, 10, 27, 17, 39, 13, 11, 14, 0, 30, 39, 30, 33, 39, 19, 2, 21, 39, 35, 10, 22, 39, 27, 0, 18, 11, 37, 39, 30, 33, 31, 39, 13, 10, 20, 39, 4, 30, 39]
    PRED: [9, 2, 39, 36, 33, 31, 39, 8, 10, 39, 13, 0, 19, 39, 30, 33, 39, 28, 2, 21, 39, 35, 2, 22, 39, 35, 11, 0, 11, 39, 9, 33, 13, 39, 5, 20, 39, 4, 30, 39]
    Edit distance: 17/46

============================================================
Batch 29500 | Val PER: 0.3388
============================================================
  Sample 0:
    TRUE: [31, 17, 0, 19, 27, 2, 28, 17, 39, 27, 17, 19, 2, 22, 28, 16, 8, 11, 8, 39]
    PRED: [9, 17, 39, 0, 19, 19, 28, 39, 14, 2, 14, 8, 30, 17, 39]
    Edit distance: 13/20
  Sample 1:
    TRUE: [27, 16, 7, 39, 26, 11, 7, 2, 28, 30, 39, 28, 10, 34, 27, 2, 20, 39, 28, 5, 22, 8, 39, 20, 16, 31, 2, 14, 27, 1, 13, 28, 39]
    PRED: [27, 10, 19, 28, 30, 39, 26, 27, 28, 2, 16, 37, 39, 10, 34, 2, 20, 39, 28, 5, 22, 8, 39, 20, 16, 9, 2, 18, 5, 13, 28, 39]
    Edit distance: 14/33
  Sample 2:
    TRUE: [28, 24, 39, 27, 33, 20, 37, 39, 35, 17, 39, 21, 12, 8, 39, 16, 22, 39, 2, 22, 2, 6, 1, 29, 30, 39, 19, 2, 20, 33, 38, 2, 22, 39]
    PRED: [9, 24, 39, 27, 33, 20, 37, 39, 35, 17, 39, 21, 25, 8, 39, 16, 22, 39, 2, 22, 2, 13, 27, 5, 28, 30, 39, 19, 24, 20, 33, 2, 22, 39]
    Edit distance: 8/34
  Sample 3:
    TRUE: [20, 3, 27, 17, 37, 39, 19, 0, 28, 30, 33, 21, 39, 22, 17, 8, 2, 8, 39, 6, 20, 1, 19, 39, 14, 20, 2, 34, 37, 39, 30, 33, 39, 6, 17, 39, 19, 2, 21, 26, 20, 17, 30, 20, 17, 39, 10, 20, 2, 14, 2, 22, 30, 39]
    PRED: [19, 27, 24, 37, 39, 19, 28, 5, 21, 39, 22, 12, 8, 39, 21, 27, 0, 19, 39, 20, 2, 34, 37, 39, 30, 33, 39, 6, 17, 39, 19, 2, 26, 20, 39, 1, 20, 2, 22, 8, 39]
    Edit distance: 22/54
  Sample 4:
    TRUE: [9, 2, 39, 30, 33, 31, 39, 13, 10, 27, 17, 39, 13, 11, 14, 0, 30, 39, 30, 33, 39, 19, 2, 21, 39, 35, 10, 22, 39, 27, 0, 18, 11, 37, 39, 30, 33, 31, 39, 13, 10, 20, 39, 4, 30, 39]
    PRED: [9, 2, 39, 8, 27, 33, 28, 39, 8, 16, 27, 39, 13, 3, 19, 0, 30, 39, 30, 33, 39, 28, 2, 21, 39, 35, 2, 22, 39, 35, 11, 11, 39, 9, 33, 31, 13, 39, 5, 39, 4, 30, 39]
    Edit distance: 18/46

============================================================
Batch 30000 | Val PER: 0.3326
============================================================
  Sample 0:
    TRUE: [31, 17, 0, 19, 27, 2, 28, 17, 39, 27, 17, 19, 2, 22, 28, 16, 8, 11, 8, 39]
    PRED: [9, 17, 39, 0, 19, 28, 39, 14, 16, 17, 14, 10, 30, 17, 8, 39]
    Edit distance: 14/20
  Sample 1:
    TRUE: [27, 16, 7, 39, 26, 11, 7, 2, 28, 30, 39, 28, 10, 34, 27, 2, 20, 39, 28, 5, 22, 8, 39, 20, 16, 31, 2, 14, 27, 1, 13, 28, 39]
    PRED: [27, 10, 19, 30, 39, 26, 11, 7, 2, 37, 39, 1, 34, 2, 20, 39, 28, 1, 22, 8, 39, 20, 16, 9, 2, 28, 14, 5, 13, 28, 30, 39]
    Edit distance: 14/33
  Sample 2:
    TRUE: [28, 24, 39, 27, 33, 20, 37, 39, 35, 17, 39, 21, 12, 8, 39, 16, 22, 39, 2, 22, 2, 6, 1, 29, 30, 39, 19, 2, 20, 33, 38, 2, 22, 39]
    PRED: [9, 24, 39, 27, 33, 20, 37, 39, 21, 17, 39, 21, 25, 8, 39, 16, 22, 39, 1, 22, 2, 27, 5, 28, 30, 39, 19, 20, 33, 2, 22, 39]
    Edit distance: 9/34
  Sample 3:
    TRUE: [20, 3, 27, 17, 37, 39, 19, 0, 28, 30, 33, 21, 39, 22, 17, 8, 2, 8, 39, 6, 20, 1, 19, 39, 14, 20, 2, 34, 37, 39, 30, 33, 39, 6, 17, 39, 19, 2, 21, 26, 20, 17, 30, 20, 17, 39, 10, 20, 2, 14, 2, 22, 30, 39]
    PRED: [19, 27, 24, 17, 39, 19, 1, 28, 5, 21, 39, 22, 12, 8, 39, 6, 0, 19, 39, 14, 20, 5, 34, 8, 39, 30, 33, 39, 6, 17, 33, 39, 19, 2, 21, 26, 20, 30, 39, 1, 20, 2, 22, 8, 39]
    Edit distance: 22/54
  Sample 4:
    TRUE: [9, 2, 39, 30, 33, 31, 39, 13, 10, 27, 17, 39, 13, 11, 14, 0, 30, 39, 30, 33, 39, 19, 2, 21, 39, 35, 10, 22, 39, 27, 0, 18, 11, 37, 39, 30, 33, 31, 39, 13, 10, 20, 39, 4, 30, 39]
    PRED: [9, 2, 39, 27, 33, 31, 39, 8, 16, 27, 17, 39, 13, 3, 19, 30, 19, 30, 39, 30, 33, 39, 28, 19, 5, 2, 21, 39, 35, 10, 22, 39, 35, 11, 11, 39, 31, 33, 31, 39, 5, 39, 4, 30, 39]
    Edit distance: 17/46

============================================================
Batch 30500 | Val PER: 0.3308
============================================================
  Sample 0:
    TRUE: [31, 17, 0, 19, 27, 2, 28, 17, 39, 27, 17, 19, 2, 22, 28, 16, 8, 11, 8, 39]
    PRED: [9, 12, 39, 0, 19, 28, 39, 14, 27, 2, 14, 22, 8, 30, 8, 39]
    Edit distance: 13/20
  Sample 1:
    TRUE: [27, 16, 7, 39, 26, 11, 7, 2, 28, 30, 39, 28, 10, 34, 27, 2, 20, 39, 28, 5, 22, 8, 39, 20, 16, 31, 2, 14, 27, 1, 13, 28, 39]
    PRED: [35, 10, 19, 28, 30, 39, 26, 11, 0, 7, 2, 37, 39, 1, 10, 34, 2, 20, 39, 28, 5, 22, 8, 39, 20, 16, 28, 9, 2, 14, 18, 20, 5, 13, 28, 30, 39]
    Edit distance: 16/33
  Sample 2:
    TRUE: [28, 24, 39, 27, 33, 20, 37, 39, 35, 17, 39, 21, 12, 8, 39, 16, 22, 39, 2, 22, 2, 6, 1, 29, 30, 39, 19, 2, 20, 33, 38, 2, 22, 39]
    PRED: [9, 24, 39, 27, 33, 20, 37, 39, 21, 17, 39, 21, 25, 8, 39, 16, 22, 39, 2, 22, 2, 27, 5, 28, 29, 30, 39, 19, 24, 20, 33, 38, 2, 22, 8, 39]
    Edit distance: 8/34
  Sample 3:
    TRUE: [20, 3, 27, 17, 37, 39, 19, 0, 28, 30, 33, 21, 39, 22, 17, 8, 2, 8, 39, 6, 20, 1, 19, 39, 14, 20, 2, 34, 37, 39, 30, 33, 39, 6, 17, 39, 19, 2, 21, 26, 20, 17, 30, 20, 17, 39, 10, 20, 2, 14, 2, 22, 30, 39]
    PRED: [19, 27, 24, 20, 17, 39, 19, 1, 28, 5, 2, 21, 39, 22, 12, 8, 39, 6, 27, 0, 19, 39, 20, 2, 34, 37, 39, 30, 33, 39, 6, 17, 33, 39, 19, 2, 21, 26, 20, 39, 1, 20, 2, 22, 8, 39]
    Edit distance: 23/54
  Sample 4:
    TRUE: [9, 2, 39, 30, 33, 31, 39, 13, 10, 27, 17, 39, 13, 11, 14, 0, 30, 39, 30, 33, 39, 19, 2, 21, 39, 35, 10, 22, 39, 27, 0, 18, 11, 37, 39, 30, 33, 31, 39, 13, 10, 20, 39, 4, 30, 39]
    PRED: [9, 2, 39, 27, 33, 31, 39, 8, 16, 27, 17, 39, 13, 3, 19, 0, 30, 39, 30, 33, 39, 28, 2, 21, 39, 35, 2, 22, 39, 35, 11, 0, 11, 39, 31, 33, 31, 39, 20, 39, 4, 30, 39]
    Edit distance: 14/46

============================================================
Batch 31000 | Val PER: 0.3297
============================================================
  Sample 0:
    TRUE: [31, 17, 0, 19, 27, 2, 28, 17, 39, 27, 17, 19, 2, 22, 28, 16, 8, 11, 8, 39]
    PRED: [9, 17, 0, 19, 28, 39, 27, 14, 8, 30, 8, 39]
    Edit distance: 11/20
  Sample 1:
    TRUE: [27, 16, 7, 39, 26, 11, 7, 2, 28, 30, 39, 28, 10, 34, 27, 2, 20, 39, 28, 5, 22, 8, 39, 20, 16, 31, 2, 14, 27, 1, 13, 28, 39]
    PRED: [27, 10, 19, 28, 30, 39, 26, 11, 27, 7, 2, 37, 39, 10, 34, 2, 20, 39, 28, 2, 0, 8, 22, 8, 39, 20, 16, 9, 2, 14, 20, 5, 13, 30, 39]
    Edit distance: 16/33
  Sample 2:
    TRUE: [28, 24, 39, 27, 33, 20, 37, 39, 35, 17, 39, 21, 12, 8, 39, 16, 22, 39, 2, 22, 2, 6, 1, 29, 30, 39, 19, 2, 20, 33, 38, 2, 22, 39]
    PRED: [9, 24, 39, 27, 33, 20, 37, 39, 21, 17, 39, 16, 21, 25, 8, 39, 16, 22, 39, 22, 26, 27, 5, 28, 29, 30, 39, 19, 33, 20, 33, 2, 22, 39]
    Edit distance: 11/34
  Sample 3:
    TRUE: [20, 3, 27, 17, 37, 39, 19, 0, 28, 30, 33, 21, 39, 22, 17, 8, 2, 8, 39, 6, 20, 1, 19, 39, 14, 20, 2, 34, 37, 39, 30, 33, 39, 6, 17, 39, 19, 2, 21, 26, 20, 17, 30, 20, 17, 39, 10, 20, 2, 14, 2, 22, 30, 39]
    PRED: [27, 24, 17, 11, 39, 19, 12, 28, 5, 21, 6, 21, 39, 22, 10, 8, 39, 21, 20, 0, 19, 39, 20, 2, 37, 39, 30, 33, 39, 6, 17, 39, 19, 2, 21, 26, 20, 39, 1, 20, 2, 22, 39]
    Edit distance: 23/54
  Sample 4:
    TRUE: [9, 2, 39, 30, 33, 31, 39, 13, 10, 27, 17, 39, 13, 11, 14, 0, 30, 39, 30, 33, 39, 19, 2, 21, 39, 35, 10, 22, 39, 27, 0, 18, 11, 37, 39, 30, 33, 31, 39, 13, 10, 20, 39, 4, 30, 39]
    PRED: [9, 2, 39, 8, 27, 33, 31, 39, 8, 12, 27, 17, 39, 13, 3, 19, 30, 39, 30, 33, 39, 28, 2, 21, 39, 35, 10, 22, 39, 35, 11, 11, 39, 31, 9, 33, 31, 13, 39, 5, 20, 39, 4, 30, 39]
    Edit distance: 17/46

============================================================
Batch 31500 | Val PER: 0.3342
============================================================
  Sample 0:
    TRUE: [31, 17, 0, 19, 27, 2, 28, 17, 39, 27, 17, 19, 2, 22, 28, 16, 8, 11, 8, 39]
    PRED: [9, 17, 39, 0, 19, 19, 28, 39, 27, 17, 14, 22, 8, 30, 8, 39]
    Edit distance: 10/20
  Sample 1:
    TRUE: [27, 16, 7, 39, 26, 11, 7, 2, 28, 30, 39, 28, 10, 34, 27, 2, 20, 39, 28, 5, 22, 8, 39, 20, 16, 31, 2, 14, 27, 1, 13, 28, 39]
    PRED: [27, 10, 19, 28, 30, 39, 26, 11, 7, 2, 16, 37, 39, 10, 34, 2, 20, 39, 28, 2, 22, 8, 37, 39, 20, 16, 9, 2, 14, 5, 13, 30, 39]
    Edit distance: 14/33
  Sample 2:
    TRUE: [28, 24, 39, 27, 33, 20, 37, 39, 35, 17, 39, 21, 12, 8, 39, 16, 22, 39, 2, 22, 2, 6, 1, 29, 30, 39, 19, 2, 20, 33, 38, 2, 22, 39]
    PRED: [9, 24, 39, 27, 33, 20, 37, 39, 21, 17, 39, 21, 25, 8, 39, 16, 22, 39, 22, 27, 5, 28, 30, 39, 19, 16, 20, 2, 22, 8, 39]
    Edit distance: 12/34
  Sample 3:
    TRUE: [20, 3, 27, 17, 37, 39, 19, 0, 28, 30, 33, 21, 39, 22, 17, 8, 2, 8, 39, 6, 20, 1, 19, 39, 14, 20, 2, 34, 37, 39, 30, 33, 39, 6, 17, 39, 19, 2, 21, 26, 20, 17, 30, 20, 17, 39, 10, 20, 2, 14, 2, 22, 30, 39]
    PRED: [19, 27, 24, 17, 39, 19, 12, 28, 21, 39, 22, 10, 8, 39, 21, 0, 19, 39, 8, 20, 2, 34, 8, 39, 30, 33, 39, 6, 17, 39, 19, 2, 21, 26, 20, 39, 1, 20, 2, 22, 8, 39]
    Edit distance: 23/54
  Sample 4:
    TRUE: [9, 2, 39, 30, 33, 31, 39, 13, 10, 27, 17, 39, 13, 11, 14, 0, 30, 39, 30, 33, 39, 19, 2, 21, 39, 35, 10, 22, 39, 27, 0, 18, 11, 37, 39, 30, 33, 31, 39, 13, 10, 20, 39, 4, 30, 39]
    PRED: [9, 2, 39, 8, 27, 33, 31, 39, 10, 17, 39, 13, 3, 19, 0, 30, 39, 30, 33, 39, 28, 2, 21, 39, 35, 10, 22, 39, 35, 11, 11, 39, 31, 9, 33, 31, 13, 39, 5, 20, 39, 4, 30, 39]
    Edit distance: 16/46

============================================================
Batch 32000 | Val PER: 0.3361
============================================================
  Sample 0:
    TRUE: [31, 17, 0, 19, 27, 2, 28, 17, 39, 27, 17, 19, 2, 22, 28, 16, 8, 11, 8, 39]
    PRED: [9, 17, 39, 0, 19, 19, 28, 39, 27, 16, 14, 30, 39]
    Edit distance: 13/20
  Sample 1:
    TRUE: [27, 16, 7, 39, 26, 11, 7, 2, 28, 30, 39, 28, 10, 34, 27, 2, 20, 39, 28, 5, 22, 8, 39, 20, 16, 31, 2, 14, 27, 1, 13, 28, 39]
    PRED: [27, 10, 19, 28, 30, 39, 26, 11, 7, 2, 37, 39, 10, 34, 2, 20, 39, 30, 5, 22, 8, 39, 16, 28, 9, 2, 28, 14, 18, 5, 13, 28, 39]
    Edit distance: 15/33
  Sample 2:
    TRUE: [28, 24, 39, 27, 33, 20, 37, 39, 35, 17, 39, 21, 12, 8, 39, 16, 22, 39, 2, 22, 2, 6, 1, 29, 30, 39, 19, 2, 20, 33, 38, 2, 22, 39]
    PRED: [9, 24, 39, 27, 33, 20, 37, 39, 21, 17, 39, 21, 25, 8, 39, 16, 22, 39, 22, 27, 5, 28, 39, 19, 24, 20, 38, 2, 22, 39]
    Edit distance: 11/34
  Sample 3:
    TRUE: [20, 3, 27, 17, 37, 39, 19, 0, 28, 30, 33, 21, 39, 22, 17, 8, 2, 8, 39, 6, 20, 1, 19, 39, 14, 20, 2, 34, 37, 39, 30, 33, 39, 6, 17, 39, 19, 2, 21, 26, 20, 17, 30, 20, 17, 39, 10, 20, 2, 14, 2, 22, 30, 39]
    PRED: [19, 27, 24, 37, 17, 37, 39, 19, 12, 30, 5, 21, 39, 22, 10, 8, 39, 21, 0, 19, 39, 20, 2, 34, 37, 39, 30, 33, 39, 6, 17, 39, 19, 2, 21, 26, 20, 39, 10, 20, 2, 22, 39]
    Edit distance: 21/54
  Sample 4:
    TRUE: [9, 2, 39, 30, 33, 31, 39, 13, 10, 27, 17, 39, 13, 11, 14, 0, 30, 39, 30, 33, 39, 19, 2, 21, 39, 35, 10, 22, 39, 27, 0, 18, 11, 37, 39, 30, 33, 31, 39, 13, 10, 20, 39, 4, 30, 39]
    PRED: [9, 2, 39, 30, 27, 33, 31, 39, 13, 16, 27, 11, 39, 13, 3, 19, 0, 30, 39, 30, 33, 39, 28, 5, 2, 21, 39, 35, 10, 22, 39, 35, 11, 11, 39, 31, 33, 31, 39, 20, 39, 4, 30, 39]
    Edit distance: 14/46

============================================================
Batch 32500 | Val PER: 0.3315
============================================================
  Sample 0:
    TRUE: [31, 17, 0, 19, 27, 2, 28, 17, 39, 27, 17, 19, 2, 22, 28, 16, 8, 11, 8, 39]
    PRED: [9, 17, 39, 0, 19, 19, 28, 39, 27, 17, 14, 30, 17, 39]
    Edit distance: 13/20
  Sample 1:
    TRUE: [27, 16, 7, 39, 26, 11, 7, 2, 28, 30, 39, 28, 10, 34, 27, 2, 20, 39, 28, 5, 22, 8, 39, 20, 16, 31, 2, 14, 27, 1, 13, 28, 39]
    PRED: [27, 10, 19, 28, 30, 39, 26, 11, 7, 2, 37, 39, 10, 34, 2, 20, 39, 28, 5, 22, 8, 39, 16, 2, 28, 14, 5, 13, 30, 39]
    Edit distance: 14/33
  Sample 2:
    TRUE: [28, 24, 39, 27, 33, 20, 37, 39, 35, 17, 39, 21, 12, 8, 39, 16, 22, 39, 2, 22, 2, 6, 1, 29, 30, 39, 19, 2, 20, 33, 38, 2, 22, 39]
    PRED: [9, 24, 39, 27, 33, 20, 37, 39, 35, 17, 39, 21, 25, 8, 39, 16, 22, 39, 16, 22, 2, 27, 5, 28, 30, 39, 19, 33, 20, 33, 38, 2, 22, 39]
    Edit distance: 7/34
  Sample 3:
    TRUE: [20, 3, 27, 17, 37, 39, 19, 0, 28, 30, 33, 21, 39, 22, 17, 8, 2, 8, 39, 6, 20, 1, 19, 39, 14, 20, 2, 34, 37, 39, 30, 33, 39, 6, 17, 39, 19, 2, 21, 26, 20, 17, 30, 20, 17, 39, 10, 20, 2, 14, 2, 22, 30, 39]
    PRED: [19, 27, 24, 17, 39, 5, 2, 21, 2, 21, 39, 22, 12, 8, 39, 21, 27, 0, 19, 39, 20, 5, 34, 37, 39, 30, 33, 39, 6, 17, 39, 19, 2, 21, 26, 2, 20, 39, 1, 20, 2, 22, 8, 39]
    Edit distance: 25/54
  Sample 4:
    TRUE: [9, 2, 39, 30, 33, 31, 39, 13, 10, 27, 17, 39, 13, 11, 14, 0, 30, 39, 30, 33, 39, 19, 2, 21, 39, 35, 10, 22, 39, 27, 0, 18, 11, 37, 39, 30, 33, 31, 39, 13, 10, 20, 39, 4, 30, 39]
    PRED: [9, 2, 39, 8, 27, 33, 31, 39, 8, 12, 27, 11, 39, 13, 17, 3, 19, 0, 30, 39, 30, 33, 39, 28, 2, 21, 39, 35, 2, 22, 39, 35, 11, 0, 11, 39, 31, 33, 31, 13, 39, 5, 20, 39, 4, 30, 39]
    Edit distance: 18/46

============================================================
Batch 33000 | Val PER: 0.3272
============================================================
  Sample 0:
    TRUE: [31, 17, 0, 19, 27, 2, 28, 17, 39, 27, 17, 19, 2, 22, 28, 16, 8, 11, 8, 39]
    PRED: [9, 17, 39, 0, 19, 28, 39, 14, 2, 10, 30, 2, 39]
    Edit distance: 14/20
  Sample 1:
    TRUE: [27, 16, 7, 39, 26, 11, 7, 2, 28, 30, 39, 28, 10, 34, 27, 2, 20, 39, 28, 5, 22, 8, 39, 20, 16, 31, 2, 14, 27, 1, 13, 28, 39]
    PRED: [27, 10, 19, 28, 30, 39, 26, 11, 7, 2, 37, 39, 10, 34, 2, 20, 39, 30, 5, 22, 39, 16, 2, 28, 14, 18, 5, 13, 39]
    Edit distance: 16/33
  Sample 2:
    TRUE: [28, 24, 39, 27, 33, 20, 37, 39, 35, 17, 39, 21, 12, 8, 39, 16, 22, 39, 2, 22, 2, 6, 1, 29, 30, 39, 19, 2, 20, 33, 38, 2, 22, 39]
    PRED: [9, 24, 39, 27, 33, 20, 37, 39, 21, 17, 39, 21, 25, 8, 39, 16, 22, 39, 16, 22, 2, 13, 27, 5, 28, 39, 19, 24, 20, 33, 29, 2, 22, 39]
    Edit distance: 10/34
  Sample 3:
    TRUE: [20, 3, 27, 17, 37, 39, 19, 0, 28, 30, 33, 21, 39, 22, 17, 8, 2, 8, 39, 6, 20, 1, 19, 39, 14, 20, 2, 34, 37, 39, 30, 33, 39, 6, 17, 39, 19, 2, 21, 26, 20, 17, 30, 20, 17, 39, 10, 20, 2, 14, 2, 22, 30, 39]
    PRED: [19, 27, 24, 27, 17, 11, 17, 39, 19, 1, 21, 2, 21, 39, 22, 12, 8, 39, 21, 0, 19, 39, 20, 2, 34, 37, 39, 30, 33, 39, 6, 17, 39, 19, 2, 21, 26, 2, 20, 2, 39, 10, 20, 2, 22, 39]
    Edit distance: 23/54
  Sample 4:
    TRUE: [9, 2, 39, 30, 33, 31, 39, 13, 10, 27, 17, 39, 13, 11, 14, 0, 30, 39, 30, 33, 39, 19, 2, 21, 39, 35, 10, 22, 39, 27, 0, 18, 11, 37, 39, 30, 33, 31, 39, 13, 10, 20, 39, 4, 30, 39]
    PRED: [9, 2, 39, 30, 27, 33, 31, 39, 13, 16, 27, 39, 13, 3, 19, 0, 30, 39, 30, 33, 39, 28, 2, 21, 39, 35, 2, 22, 39, 35, 11, 30, 11, 39, 31, 33, 31, 39, 20, 39, 4, 30, 39]
    Edit distance: 14/46

============================================================
Batch 33500 | Val PER: 0.3311
============================================================
  Sample 0:
    TRUE: [31, 17, 0, 19, 27, 2, 28, 17, 39, 27, 17, 19, 2, 22, 28, 16, 8, 11, 8, 39]
    PRED: [9, 17, 39, 0, 19, 28, 39, 27, 2, 10, 30, 8, 39]
    Edit distance: 12/20
  Sample 1:
    TRUE: [27, 16, 7, 39, 26, 11, 7, 2, 28, 30, 39, 28, 10, 34, 27, 2, 20, 39, 28, 5, 22, 8, 39, 20, 16, 31, 2, 14, 27, 1, 13, 28, 39]
    PRED: [35, 10, 28, 30, 39, 26, 0, 29, 2, 8, 39, 10, 34, 2, 20, 39, 28, 5, 22, 8, 39, 20, 16, 2, 14, 18, 5, 13, 30, 39]
    Edit distance: 14/33
  Sample 2:
    TRUE: [28, 24, 39, 27, 33, 20, 37, 39, 35, 17, 39, 21, 12, 8, 39, 16, 22, 39, 2, 22, 2, 6, 1, 29, 30, 39, 19, 2, 20, 33, 38, 2, 22, 39]
    PRED: [28, 24, 39, 27, 33, 20, 37, 39, 35, 17, 39, 21, 25, 8, 39, 16, 22, 39, 22, 2, 27, 5, 28, 29, 30, 39, 19, 33, 20, 29, 2, 22, 8, 39]
    Edit distance: 9/34
  Sample 3:
    TRUE: [20, 3, 27, 17, 37, 39, 19, 0, 28, 30, 33, 21, 39, 22, 17, 8, 2, 8, 39, 6, 20, 1, 19, 39, 14, 20, 2, 34, 37, 39, 30, 33, 39, 6, 17, 39, 19, 2, 21, 26, 20, 17, 30, 20, 17, 39, 10, 20, 2, 14, 2, 22, 30, 39]
    PRED: [19, 27, 24, 37, 11, 39, 19, 19, 28, 5, 21, 39, 22, 12, 8, 39, 21, 0, 19, 39, 20, 2, 34, 8, 39, 30, 33, 39, 21, 17, 39, 19, 2, 21, 26, 20, 39, 1, 20, 2, 22, 39]
    Edit distance: 24/54
  Sample 4:
    TRUE: [9, 2, 39, 30, 33, 31, 39, 13, 10, 27, 17, 39, 13, 11, 14, 0, 30, 39, 30, 33, 39, 19, 2, 21, 39, 35, 10, 22, 39, 27, 0, 18, 11, 37, 39, 30, 33, 31, 39, 13, 10, 20, 39, 4, 30, 39]
    PRED: [9, 2, 39, 8, 27, 33, 31, 39, 16, 39, 13, 3, 19, 0, 30, 39, 30, 33, 39, 28, 2, 21, 39, 35, 10, 22, 39, 35, 11, 11, 39, 31, 9, 33, 31, 39, 13, 39, 4, 30, 39]
    Edit distance: 17/46

============================================================
Batch 34000 | Val PER: 0.3333
============================================================
  Sample 0:
    TRUE: [31, 17, 0, 19, 27, 2, 28, 17, 39, 27, 17, 19, 2, 22, 28, 16, 8, 11, 8, 39]
    PRED: [9, 17, 0, 19, 19, 28, 39, 14, 27, 2, 14, 10, 8, 8, 39]
    Edit distance: 11/20
  Sample 1:
    TRUE: [27, 16, 7, 39, 26, 11, 7, 2, 28, 30, 39, 28, 10, 34, 27, 2, 20, 39, 28, 5, 22, 8, 39, 20, 16, 31, 2, 14, 27, 1, 13, 28, 39]
    PRED: [27, 10, 28, 30, 39, 26, 11, 0, 29, 2, 16, 37, 39, 10, 34, 2, 20, 39, 28, 5, 22, 8, 39, 20, 16, 9, 2, 14, 18, 20, 5, 13, 39]
    Edit distance: 14/33
  Sample 2:
    TRUE: [28, 24, 39, 27, 33, 20, 37, 39, 35, 17, 39, 21, 12, 8, 39, 16, 22, 39, 2, 22, 2, 6, 1, 29, 30, 39, 19, 2, 20, 33, 38, 2, 22, 39]
    PRED: [9, 24, 39, 27, 33, 20, 37, 39, 35, 17, 39, 16, 21, 5, 8, 39, 16, 22, 39, 16, 22, 26, 27, 1, 29, 28, 39, 19, 20, 33, 29, 38, 2, 22, 39]
    Edit distance: 9/34
  Sample 3:
    TRUE: [20, 3, 27, 17, 37, 39, 19, 0, 28, 30, 33, 21, 39, 22, 17, 8, 2, 8, 39, 6, 20, 1, 19, 39, 14, 20, 2, 34, 37, 39, 30, 33, 39, 6, 17, 39, 19, 2, 21, 26, 20, 17, 30, 20, 17, 39, 10, 20, 2, 14, 2, 22, 30, 39]
    PRED: [27, 24, 37, 11, 39, 19, 1, 28, 5, 21, 39, 22, 10, 8, 39, 21, 0, 19, 39, 20, 0, 34, 8, 39, 30, 33, 39, 6, 17, 20, 39, 19, 2, 21, 26, 20, 39, 1, 20, 14, 2, 22, 39]
    Edit distance: 24/54
  Sample 4:
    TRUE: [9, 2, 39, 30, 33, 31, 39, 13, 10, 27, 17, 39, 13, 11, 14, 0, 30, 39, 30, 33, 39, 19, 2, 21, 39, 35, 10, 22, 39, 27, 0, 18, 11, 37, 39, 30, 33, 31, 39, 13, 10, 20, 39, 4, 30, 39]
    PRED: [9, 2, 39, 8, 27, 33, 31, 39, 8, 16, 39, 13, 3, 0, 19, 14, 0, 30, 39, 30, 33, 39, 28, 2, 21, 39, 35, 2, 22, 39, 35, 11, 0, 11, 39, 9, 33, 31, 39, 13, 20, 39, 4, 30, 39]
    Edit distance: 17/46

============================================================
Batch 34500 | Val PER: 0.3304
============================================================
  Sample 0:
    TRUE: [31, 17, 0, 19, 27, 2, 28, 17, 39, 27, 17, 19, 2, 22, 28, 16, 8, 11, 8, 39]
    PRED: [9, 17, 12, 0, 19, 28, 28, 39, 14, 27, 17, 10, 30, 39]
    Edit distance: 14/20
  Sample 1:
    TRUE: [27, 16, 7, 39, 26, 11, 7, 2, 28, 30, 39, 28, 10, 34, 27, 2, 20, 39, 28, 5, 22, 8, 39, 20, 16, 31, 2, 14, 27, 1, 13, 28, 39]
    PRED: [35, 12, 19, 28, 30, 39, 26, 11, 7, 2, 16, 37, 39, 10, 34, 2, 20, 39, 28, 5, 22, 8, 39, 20, 16, 2, 18, 5, 13, 39]
    Edit distance: 14/33
  Sample 2:
    TRUE: [28, 24, 39, 27, 33, 20, 37, 39, 35, 17, 39, 21, 12, 8, 39, 16, 22, 39, 2, 22, 2, 6, 1, 29, 30, 39, 19, 2, 20, 33, 38, 2, 22, 39]
    PRED: [9, 24, 39, 17, 33, 20, 37, 39, 35, 17, 39, 16, 21, 25, 8, 39, 16, 22, 39, 1, 16, 22, 26, 27, 1, 28, 30, 39, 19, 16, 20, 33, 2, 22, 39]
    Edit distance: 11/34
  Sample 3:
    TRUE: [20, 3, 27, 17, 37, 39, 19, 0, 28, 30, 33, 21, 39, 22, 17, 8, 2, 8, 39, 6, 20, 1, 19, 39, 14, 20, 2, 34, 37, 39, 30, 33, 39, 6, 17, 39, 19, 2, 21, 26, 20, 17, 30, 20, 17, 39, 10, 20, 2, 14, 2, 22, 30, 39]
    PRED: [19, 27, 24, 37, 12, 39, 19, 12, 5, 21, 39, 22, 12, 8, 39, 21, 5, 19, 39, 20, 5, 34, 8, 39, 30, 33, 39, 6, 17, 39, 19, 2, 21, 26, 39, 1, 20, 2, 22, 39]
    Edit distance: 26/54
  Sample 4:
    TRUE: [9, 2, 39, 30, 33, 31, 39, 13, 10, 27, 17, 39, 13, 11, 14, 0, 30, 39, 30, 33, 39, 19, 2, 21, 39, 35, 10, 22, 39, 27, 0, 18, 11, 37, 39, 30, 33, 31, 39, 13, 10, 20, 39, 4, 30, 39]
    PRED: [9, 2, 39, 8, 27, 33, 31, 39, 8, 12, 27, 39, 13, 17, 19, 0, 30, 39, 30, 33, 39, 28, 2, 21, 39, 35, 10, 22, 39, 35, 11, 30, 11, 39, 31, 33, 31, 39, 13, 5, 39, 4, 30, 39]
    Edit distance: 15/46

============================================================
Batch 35000 | Val PER: 0.3296
============================================================
  Sample 0:
    TRUE: [31, 17, 0, 19, 27, 2, 28, 17, 39, 27, 17, 19, 2, 22, 28, 16, 8, 11, 8, 39]
    PRED: [9, 17, 39, 0, 19, 28, 39, 14, 27, 17, 14, 22, 10, 30, 11, 39]
    Edit distance: 12/20
  Sample 1:
    TRUE: [27, 16, 7, 39, 26, 11, 7, 2, 28, 30, 39, 28, 10, 34, 27, 2, 20, 39, 28, 5, 22, 8, 39, 20, 16, 31, 2, 14, 27, 1, 13, 28, 39]
    PRED: [27, 10, 28, 30, 39, 26, 11, 29, 2, 8, 37, 39, 10, 34, 2, 20, 39, 30, 5, 22, 8, 37, 39, 20, 16, 28, 2, 28, 14, 18, 5, 13, 28, 39]
    Edit distance: 14/33
  Sample 2:
    TRUE: [28, 24, 39, 27, 33, 20, 37, 39, 35, 17, 39, 21, 12, 8, 39, 16, 22, 39, 2, 22, 2, 6, 1, 29, 30, 39, 19, 2, 20, 33, 38, 2, 22, 39]
    PRED: [9, 24, 39, 27, 33, 20, 37, 39, 35, 17, 39, 21, 25, 8, 39, 16, 22, 39, 10, 16, 22, 26, 27, 5, 29, 39, 33, 20, 2, 22, 39]
    Edit distance: 12/34
  Sample 3:
    TRUE: [20, 3, 27, 17, 37, 39, 19, 0, 28, 30, 33, 21, 39, 22, 17, 8, 2, 8, 39, 6, 20, 1, 19, 39, 14, 20, 2, 34, 37, 39, 30, 33, 39, 6, 17, 39, 19, 2, 21, 26, 20, 17, 30, 20, 17, 39, 10, 20, 2, 14, 2, 22, 30, 39]
    PRED: [19, 27, 24, 37, 11, 39, 19, 12, 28, 5, 21, 39, 22, 10, 8, 39, 21, 27, 0, 19, 39, 20, 2, 37, 39, 30, 33, 39, 6, 17, 39, 19, 2, 26, 18, 20, 30, 39, 1, 20, 2, 22, 39]
    Edit distance: 24/54
  Sample 4:
    TRUE: [9, 2, 39, 30, 33, 31, 39, 13, 10, 27, 17, 39, 13, 11, 14, 0, 30, 39, 30, 33, 39, 19, 2, 21, 39, 35, 10, 22, 39, 27, 0, 18, 11, 37, 39, 30, 33, 31, 39, 13, 10, 20, 39, 4, 30, 39]
    PRED: [9, 2, 39, 8, 27, 33, 31, 39, 18, 12, 39, 13, 3, 19, 0, 30, 39, 30, 33, 39, 28, 2, 21, 39, 35, 2, 22, 39, 35, 11, 30, 11, 39, 31, 33, 31, 39, 13, 5, 39, 4, 30, 39]
    Edit distance: 17/46

============================================================
Batch 35500 | Val PER: 0.3229
============================================================
  Sample 0:
    TRUE: [31, 17, 0, 19, 27, 2, 28, 17, 39, 27, 17, 19, 2, 22, 28, 16, 8, 11, 8, 39]
    PRED: [9, 2, 39, 0, 19, 28, 39, 14, 27, 17, 10, 30, 8, 39]
    Edit distance: 14/20
  Sample 1:
    TRUE: [27, 16, 7, 39, 26, 11, 7, 2, 28, 30, 39, 28, 10, 34, 27, 2, 20, 39, 28, 5, 22, 8, 39, 20, 16, 31, 2, 14, 27, 1, 13, 28, 39]
    PRED: [35, 10, 28, 30, 39, 26, 11, 7, 2, 37, 39, 10, 34, 2, 20, 39, 28, 5, 22, 8, 39, 16, 2, 18, 5, 13, 28, 39]
    Edit distance: 13/33
  Sample 2:
    TRUE: [28, 24, 39, 27, 33, 20, 37, 39, 35, 17, 39, 21, 12, 8, 39, 16, 22, 39, 2, 22, 2, 6, 1, 29, 30, 39, 19, 2, 20, 33, 38, 2, 22, 39]
    PRED: [9, 24, 39, 27, 33, 20, 39, 35, 17, 39, 16, 21, 25, 8, 39, 16, 22, 39, 10, 22, 27, 1, 29, 39, 19, 20, 2, 22, 39]
    Edit distance: 11/34
  Sample 3:
    TRUE: [20, 3, 27, 17, 37, 39, 19, 0, 28, 30, 33, 21, 39, 22, 17, 8, 2, 8, 39, 6, 20, 1, 19, 39, 14, 20, 2, 34, 37, 39, 30, 33, 39, 6, 17, 39, 19, 2, 21, 26, 20, 17, 30, 20, 17, 39, 10, 20, 2, 14, 2, 22, 30, 39]
    PRED: [19, 27, 24, 37, 11, 39, 19, 21, 39, 22, 10, 8, 39, 6, 21, 0, 19, 39, 20, 2, 8, 39, 30, 33, 39, 6, 17, 39, 19, 2, 21, 26, 39, 1, 20, 2, 22, 8, 39]
    Edit distance: 25/54
  Sample 4:
    TRUE: [9, 2, 39, 30, 33, 31, 39, 13, 10, 27, 17, 39, 13, 11, 14, 0, 30, 39, 30, 33, 39, 19, 2, 21, 39, 35, 10, 22, 39, 27, 0, 18, 11, 37, 39, 30, 33, 31, 39, 13, 10, 20, 39, 4, 30, 39]
    PRED: [9, 2, 39, 30, 27, 33, 31, 39, 18, 16, 39, 13, 17, 2, 19, 0, 30, 39, 30, 33, 39, 28, 2, 21, 39, 35, 10, 22, 39, 35, 11, 11, 39, 31, 33, 31, 39, 13, 5, 39, 4, 30, 39]
    Edit distance: 16/46

============================================================
Batch 36000 | Val PER: 0.3242
============================================================
  Sample 0:
    TRUE: [31, 17, 0, 19, 27, 2, 28, 17, 39, 27, 17, 19, 2, 22, 28, 16, 8, 11, 8, 39]
    PRED: [9, 17, 0, 19, 28, 39, 14, 27, 17, 22, 10, 30, 8, 39]
    Edit distance: 11/20
  Sample 1:
    TRUE: [27, 16, 7, 39, 26, 11, 7, 2, 28, 30, 39, 28, 10, 34, 27, 2, 20, 39, 28, 5, 22, 8, 39, 20, 16, 31, 2, 14, 27, 1, 13, 28, 39]
    PRED: [7, 27, 10, 28, 30, 39, 26, 11, 7, 8, 39, 10, 34, 2, 20, 39, 28, 5, 22, 8, 39, 20, 16, 9, 18, 20, 5, 13, 28, 39]
    Edit distance: 14/33
  Sample 2:
    TRUE: [28, 24, 39, 27, 33, 20, 37, 39, 35, 17, 39, 21, 12, 8, 39, 16, 22, 39, 2, 22, 2, 6, 1, 29, 30, 39, 19, 2, 20, 33, 38, 2, 22, 39]
    PRED: [9, 24, 39, 33, 20, 24, 37, 39, 35, 17, 39, 21, 25, 8, 39, 16, 22, 39, 10, 16, 22, 13, 27, 5, 29, 30, 39, 19, 33, 20, 2, 22, 39]
    Edit distance: 12/34
  Sample 3:
    TRUE: [20, 3, 27, 17, 37, 39, 19, 0, 28, 30, 33, 21, 39, 22, 17, 8, 2, 8, 39, 6, 20, 1, 19, 39, 14, 20, 2, 34, 37, 39, 30, 33, 39, 6, 17, 39, 19, 2, 21, 26, 20, 17, 30, 20, 17, 39, 10, 20, 2, 14, 2, 22, 30, 39]
    PRED: [19, 27, 24, 37, 11, 39, 19, 5, 28, 5, 21, 39, 22, 10, 8, 39, 6, 27, 0, 19, 39, 14, 20, 5, 34, 8, 39, 30, 33, 39, 6, 17, 39, 19, 2, 21, 26, 7, 2, 39, 1, 20, 2, 22, 8, 39]
    Edit distance: 23/54
  Sample 4:
    TRUE: [9, 2, 39, 30, 33, 31, 39, 13, 10, 27, 17, 39, 13, 11, 14, 0, 30, 39, 30, 33, 39, 19, 2, 21, 39, 35, 10, 22, 39, 27, 0, 18, 11, 37, 39, 30, 33, 31, 39, 13, 10, 20, 39, 4, 30, 39]
    PRED: [9, 2, 39, 7, 27, 33, 31, 39, 8, 10, 39, 13, 17, 0, 19, 0, 30, 39, 30, 33, 39, 28, 30, 2, 21, 39, 35, 10, 22, 39, 35, 11, 30, 11, 39, 9, 33, 31, 39, 13, 5, 39, 4, 30, 39]
    Edit distance: 17/46

============================================================
Batch 36500 | Val PER: 0.3254
============================================================
  Sample 0:
    TRUE: [31, 17, 0, 19, 27, 2, 28, 17, 39, 27, 17, 19, 2, 22, 28, 16, 8, 11, 8, 39]
    PRED: [9, 12, 39, 0, 19, 28, 39, 14, 16, 17, 22, 10, 30, 39]
    Edit distance: 15/20
  Sample 1:
    TRUE: [27, 16, 7, 39, 26, 11, 7, 2, 28, 30, 39, 28, 10, 34, 27, 2, 20, 39, 28, 5, 22, 8, 39, 20, 16, 31, 2, 14, 27, 1, 13, 28, 39]
    PRED: [27, 10, 28, 30, 39, 26, 11, 7, 2, 8, 39, 10, 34, 2, 20, 39, 28, 5, 22, 8, 39, 20, 16, 9, 2, 18, 5, 13, 28, 39]
    Edit distance: 11/33
  Sample 2:
    TRUE: [28, 24, 39, 27, 33, 20, 37, 39, 35, 17, 39, 21, 12, 8, 39, 16, 22, 39, 2, 22, 2, 6, 1, 29, 30, 39, 19, 2, 20, 33, 38, 2, 22, 39]
    PRED: [9, 24, 39, 27, 33, 20, 37, 39, 35, 17, 39, 21, 25, 8, 39, 16, 22, 39, 10, 22, 13, 27, 2, 28, 30, 39, 19, 20, 37, 2, 22, 39]
    Edit distance: 10/34
  Sample 3:
    TRUE: [20, 3, 27, 17, 37, 39, 19, 0, 28, 30, 33, 21, 39, 22, 17, 8, 2, 8, 39, 6, 20, 1, 19, 39, 14, 20, 2, 34, 37, 39, 30, 33, 39, 6, 17, 39, 19, 2, 21, 26, 20, 17, 30, 20, 17, 39, 10, 20, 2, 14, 2, 22, 30, 39]
    PRED: [19, 27, 24, 17, 11, 39, 19, 12, 28, 5, 2, 21, 39, 22, 10, 8, 39, 21, 0, 19, 39, 20, 2, 39, 30, 33, 39, 6, 17, 39, 19, 2, 21, 26, 7, 2, 20, 39, 1, 20, 2, 22, 39]
    Edit distance: 24/54
  Sample 4:
    TRUE: [9, 2, 39, 30, 33, 31, 39, 13, 10, 27, 17, 39, 13, 11, 14, 0, 30, 39, 30, 33, 39, 19, 2, 21, 39, 35, 10, 22, 39, 27, 0, 18, 11, 37, 39, 30, 33, 31, 39, 13, 10, 20, 39, 4, 30, 39]
    PRED: [9, 2, 39, 8, 27, 33, 31, 39, 13, 16, 27, 39, 13, 3, 19, 0, 30, 39, 30, 33, 39, 28, 2, 21, 39, 35, 10, 22, 39, 35, 11, 30, 11, 39, 31, 9, 33, 31, 39, 13, 12, 39, 4, 30, 39]
    Edit distance: 15/46

============================================================
Batch 37000 | Val PER: 0.3272
============================================================
  Sample 0:
    TRUE: [31, 17, 0, 19, 27, 2, 28, 17, 39, 27, 17, 19, 2, 22, 28, 16, 8, 11, 8, 39]
    PRED: [9, 17, 39, 0, 19, 2, 28, 39, 14, 27, 17, 14, 22, 10, 30, 11, 8, 39]
    Edit distance: 10/20
  Sample 1:
    TRUE: [27, 16, 7, 39, 26, 11, 7, 2, 28, 30, 39, 28, 10, 34, 27, 2, 20, 39, 28, 5, 22, 8, 39, 20, 16, 31, 2, 14, 27, 1, 13, 28, 39]
    PRED: [35, 10, 28, 30, 39, 26, 11, 29, 2, 37, 39, 10, 34, 2, 20, 39, 5, 22, 8, 39, 20, 16, 39, 9, 18, 20, 5, 13, 39]
    Edit distance: 16/33
  Sample 2:
    TRUE: [28, 24, 39, 27, 33, 20, 37, 39, 35, 17, 39, 21, 12, 8, 39, 16, 22, 39, 2, 22, 2, 6, 1, 29, 30, 39, 19, 2, 20, 33, 38, 2, 22, 39]
    PRED: [9, 24, 39, 27, 33, 20, 37, 39, 35, 17, 39, 21, 25, 8, 39, 16, 22, 39, 10, 22, 26, 27, 2, 29, 30, 39, 19, 33, 20, 33, 38, 37, 38, 2, 22, 39]
    Edit distance: 9/34
  Sample 3:
    TRUE: [20, 3, 27, 17, 37, 39, 19, 0, 28, 30, 33, 21, 39, 22, 17, 8, 2, 8, 39, 6, 20, 1, 19, 39, 14, 20, 2, 34, 37, 39, 30, 33, 39, 6, 17, 39, 19, 2, 21, 26, 20, 17, 30, 20, 17, 39, 10, 20, 2, 14, 2, 22, 30, 39]
    PRED: [19, 27, 24, 37, 11, 39, 19, 12, 28, 5, 21, 39, 22, 12, 8, 39, 21, 27, 0, 19, 39, 20, 5, 34, 37, 39, 30, 33, 39, 6, 17, 39, 19, 2, 21, 26, 20, 39, 10, 20, 2, 22, 39]
    Edit distance: 22/54
  Sample 4:
    TRUE: [9, 2, 39, 30, 33, 31, 39, 13, 10, 27, 17, 39, 13, 11, 14, 0, 30, 39, 30, 33, 39, 19, 2, 21, 39, 35, 10, 22, 39, 27, 0, 18, 11, 37, 39, 30, 33, 31, 39, 13, 10, 20, 39, 4, 30, 39]
    PRED: [9, 2, 39, 30, 27, 33, 31, 39, 8, 16, 39, 13, 17, 0, 19, 30, 39, 30, 33, 39, 28, 2, 21, 39, 35, 10, 22, 39, 35, 11, 30, 11, 39, 9, 33, 31, 39, 13, 39, 4, 30, 39]
    Edit distance: 16/46

============================================================
Batch 37500 | Val PER: 0.3277
============================================================
  Sample 0:
    TRUE: [31, 17, 0, 19, 27, 2, 28, 17, 39, 27, 17, 19, 2, 22, 28, 16, 8, 11, 8, 39]
    PRED: [9, 0, 19, 28, 39, 14, 27, 17, 14, 22, 10, 30, 11, 8, 39]
    Edit distance: 11/20
  Sample 1:
    TRUE: [27, 16, 7, 39, 26, 11, 7, 2, 28, 30, 39, 28, 10, 34, 27, 2, 20, 39, 28, 5, 22, 8, 39, 20, 16, 31, 2, 14, 27, 1, 13, 28, 39]
    PRED: [27, 10, 28, 30, 39, 26, 11, 0, 29, 2, 37, 39, 10, 34, 2, 20, 39, 28, 5, 22, 8, 37, 39, 20, 16, 9, 18, 20, 5, 13, 30, 39]
    Edit distance: 16/33
  Sample 2:
    TRUE: [28, 24, 39, 27, 33, 20, 37, 39, 35, 17, 39, 21, 12, 8, 39, 16, 22, 39, 2, 22, 2, 6, 1, 29, 30, 39, 19, 2, 20, 33, 38, 2, 22, 39]
    PRED: [9, 24, 39, 27, 33, 20, 37, 39, 35, 17, 39, 21, 25, 8, 39, 16, 22, 39, 10, 22, 26, 13, 27, 2, 28, 30, 39, 19, 24, 20, 2, 22, 39]
    Edit distance: 11/34
  Sample 3:
    TRUE: [20, 3, 27, 17, 37, 39, 19, 0, 28, 30, 33, 21, 39, 22, 17, 8, 2, 8, 39, 6, 20, 1, 19, 39, 14, 20, 2, 34, 37, 39, 30, 33, 39, 6, 17, 39, 19, 2, 21, 26, 20, 17, 30, 20, 17, 39, 10, 20, 2, 14, 2, 22, 30, 39]
    PRED: [19, 27, 24, 17, 11, 39, 19, 28, 5, 21, 39, 22, 10, 8, 39, 6, 27, 0, 19, 39, 20, 5, 34, 37, 39, 30, 33, 39, 6, 17, 39, 19, 2, 21, 26, 20, 39, 1, 20, 2, 22, 39]
    Edit distance: 22/54
  Sample 4:
    TRUE: [9, 2, 39, 30, 33, 31, 39, 13, 10, 27, 17, 39, 13, 11, 14, 0, 30, 39, 30, 33, 39, 19, 2, 21, 39, 35, 10, 22, 39, 27, 0, 18, 11, 37, 39, 30, 33, 31, 39, 13, 10, 20, 39, 4, 30, 39]
    PRED: [9, 2, 39, 8, 27, 33, 31, 39, 13, 10, 27, 39, 13, 17, 0, 19, 0, 30, 39, 30, 33, 39, 28, 2, 0, 21, 39, 35, 10, 22, 39, 35, 11, 0, 11, 39, 9, 33, 31, 39, 13, 39, 4, 30, 39]
    Edit distance: 15/46

============================================================
Batch 38000 | Val PER: 0.3257
============================================================
  Sample 0:
    TRUE: [31, 17, 0, 19, 27, 2, 28, 17, 39, 27, 17, 19, 2, 22, 28, 16, 8, 11, 8, 39]
    PRED: [9, 2, 19, 0, 19, 28, 39, 14, 27, 17, 14, 10, 30, 8, 39]
    Edit distance: 14/20
  Sample 1:
    TRUE: [27, 16, 7, 39, 26, 11, 7, 2, 28, 30, 39, 28, 10, 34, 27, 2, 20, 39, 28, 5, 22, 8, 39, 20, 16, 31, 2, 14, 27, 1, 13, 28, 39]
    PRED: [35, 10, 28, 30, 39, 26, 11, 7, 2, 37, 39, 10, 34, 2, 20, 39, 28, 5, 22, 8, 39, 20, 16, 9, 18, 5, 13, 28, 39]
    Edit distance: 13/33
  Sample 2:
    TRUE: [28, 24, 39, 27, 33, 20, 37, 39, 35, 17, 39, 21, 12, 8, 39, 16, 22, 39, 2, 22, 2, 6, 1, 29, 30, 39, 19, 2, 20, 33, 38, 2, 22, 39]
    PRED: [9, 24, 39, 27, 33, 20, 37, 39, 35, 17, 39, 21, 5, 8, 39, 16, 22, 39, 10, 16, 22, 27, 2, 28, 39, 19, 24, 20, 33, 33, 2, 22, 39]
    Edit distance: 11/34
  Sample 3:
    TRUE: [20, 3, 27, 17, 37, 39, 19, 0, 28, 30, 33, 21, 39, 22, 17, 8, 2, 8, 39, 6, 20, 1, 19, 39, 14, 20, 2, 34, 37, 39, 30, 33, 39, 6, 17, 39, 19, 2, 21, 26, 20, 17, 30, 20, 17, 39, 10, 20, 2, 14, 2, 22, 30, 39]
    PRED: [19, 27, 24, 17, 11, 39, 19, 12, 28, 5, 2, 21, 39, 22, 10, 8, 39, 21, 0, 19, 39, 20, 5, 34, 28, 39, 30, 33, 39, 6, 17, 39, 19, 2, 21, 26, 20, 39, 1, 20, 2, 22, 8, 39]
    Edit distance: 24/54
  Sample 4:
    TRUE: [9, 2, 39, 30, 33, 31, 39, 13, 10, 27, 17, 39, 13, 11, 14, 0, 30, 39, 30, 33, 39, 19, 2, 21, 39, 35, 10, 22, 39, 27, 0, 18, 11, 37, 39, 30, 33, 31, 39, 13, 10, 20, 39, 4, 30, 39]
    PRED: [9, 2, 39, 30, 27, 33, 31, 39, 13, 10, 27, 39, 13, 17, 3, 19, 0, 30, 39, 30, 33, 39, 28, 2, 21, 39, 35, 10, 22, 39, 35, 11, 11, 39, 9, 33, 31, 39, 13, 39, 4, 30, 39]
    Edit distance: 13/46

============================================================
Batch 38500 | Val PER: 0.3214
============================================================
  Sample 0:
    TRUE: [31, 17, 0, 19, 27, 2, 28, 17, 39, 27, 17, 19, 2, 22, 28, 16, 8, 11, 8, 39]
    PRED: [9, 0, 19, 19, 28, 2, 28, 39, 14, 27, 17, 14, 22, 2, 10, 30, 2, 8, 39]
    Edit distance: 12/20
  Sample 1:
    TRUE: [27, 16, 7, 39, 26, 11, 7, 2, 28, 30, 39, 28, 10, 34, 27, 2, 20, 39, 28, 5, 22, 8, 39, 20, 16, 31, 2, 14, 27, 1, 13, 28, 39]
    PRED: [35, 10, 28, 30, 39, 26, 11, 29, 2, 37, 39, 10, 34, 2, 20, 39, 28, 5, 22, 8, 39, 20, 16, 9, 2, 18, 20, 5, 13, 30, 39]
    Edit distance: 14/33
  Sample 2:
    TRUE: [28, 24, 39, 27, 33, 20, 37, 39, 35, 17, 39, 21, 12, 8, 39, 16, 22, 39, 2, 22, 2, 6, 1, 29, 30, 39, 19, 2, 20, 33, 38, 2, 22, 39]
    PRED: [9, 24, 39, 27, 33, 20, 24, 37, 39, 21, 17, 39, 21, 5, 8, 39, 16, 22, 39, 1, 22, 2, 26, 27, 2, 28, 29, 30, 39, 19, 24, 20, 33, 38, 2, 22, 8, 39]
    Edit distance: 11/34
  Sample 3:
    TRUE: [20, 3, 27, 17, 37, 39, 19, 0, 28, 30, 33, 21, 39, 22, 17, 8, 2, 8, 39, 6, 20, 1, 19, 39, 14, 20, 2, 34, 37, 39, 30, 33, 39, 6, 17, 39, 19, 2, 21, 26, 20, 17, 30, 20, 17, 39, 10, 20, 2, 14, 2, 22, 30, 39]
    PRED: [19, 27, 24, 37, 11, 39, 19, 1, 19, 28, 5, 2, 21, 39, 22, 12, 8, 39, 21, 0, 19, 39, 20, 5, 34, 8, 39, 30, 33, 39, 6, 17, 39, 19, 2, 21, 26, 2, 20, 39, 1, 20, 2, 22, 8, 39]
    Edit distance: 25/54
  Sample 4:
    TRUE: [9, 2, 39, 30, 33, 31, 39, 13, 10, 27, 17, 39, 13, 11, 14, 0, 30, 39, 30, 33, 39, 19, 2, 21, 39, 35, 10, 22, 39, 27, 0, 18, 11, 37, 39, 30, 33, 31, 39, 13, 10, 20, 39, 4, 30, 39]
    PRED: [9, 2, 39, 8, 27, 33, 31, 39, 13, 10, 27, 39, 13, 3, 19, 0, 0, 30, 39, 30, 33, 39, 28, 5, 2, 21, 39, 35, 10, 22, 39, 35, 11, 8, 11, 39, 9, 33, 31, 39, 13, 5, 20, 39, 4, 30, 39]
    Edit distance: 14/46

============================================================
Batch 39000 | Val PER: 0.3280
============================================================
  Sample 0:
    TRUE: [31, 17, 0, 19, 27, 2, 28, 17, 39, 27, 17, 19, 2, 22, 28, 16, 8, 11, 8, 39]
    PRED: [9, 17, 39, 19, 0, 19, 28, 39, 14, 27, 17, 14, 22, 2, 10, 30, 11, 8, 39]
    Edit distance: 11/20
  Sample 1:
    TRUE: [27, 16, 7, 39, 26, 11, 7, 2, 28, 30, 39, 28, 10, 34, 27, 2, 20, 39, 28, 5, 22, 8, 39, 20, 16, 31, 2, 14, 27, 1, 13, 28, 39]
    PRED: [35, 10, 19, 28, 30, 39, 26, 11, 29, 2, 37, 39, 10, 34, 2, 20, 39, 30, 5, 22, 8, 39, 20, 16, 39, 9, 2, 18, 20, 5, 13, 28, 39]
    Edit distance: 16/33
  Sample 2:
    TRUE: [28, 24, 39, 27, 33, 20, 37, 39, 35, 17, 39, 21, 12, 8, 39, 16, 22, 39, 2, 22, 2, 6, 1, 29, 30, 39, 19, 2, 20, 33, 38, 2, 22, 39]
    PRED: [9, 24, 39, 27, 33, 20, 37, 39, 35, 17, 39, 21, 5, 8, 39, 16, 22, 39, 10, 22, 2, 13, 27, 2, 28, 29, 39, 19, 33, 20, 33, 33, 37, 2, 22, 8, 39]
    Edit distance: 12/34
  Sample 3:
    TRUE: [20, 3, 27, 17, 37, 39, 19, 0, 28, 30, 33, 21, 39, 22, 17, 8, 2, 8, 39, 6, 20, 1, 19, 39, 14, 20, 2, 34, 37, 39, 30, 33, 39, 6, 17, 39, 19, 2, 21, 26, 20, 17, 30, 20, 17, 39, 10, 20, 2, 14, 2, 22, 30, 39]
    PRED: [19, 27, 24, 27, 37, 11, 39, 19, 28, 5, 2, 21, 39, 22, 12, 8, 39, 21, 27, 0, 19, 39, 20, 5, 34, 8, 39, 30, 33, 39, 6, 17, 39, 19, 2, 21, 26, 20, 17, 39, 10, 20, 2, 22, 39]
    Edit distance: 23/54
  Sample 4:
    TRUE: [9, 2, 39, 30, 33, 31, 39, 13, 10, 27, 17, 39, 13, 11, 14, 0, 30, 39, 30, 33, 39, 19, 2, 21, 39, 35, 10, 22, 39, 27, 0, 18, 11, 37, 39, 30, 33, 31, 39, 13, 10, 20, 39, 4, 30, 39]
    PRED: [9, 2, 39, 7, 27, 33, 31, 39, 13, 10, 27, 39, 13, 3, 19, 0, 30, 39, 30, 33, 39, 28, 2, 21, 39, 35, 10, 22, 39, 35, 11, 8, 11, 39, 31, 9, 33, 31, 30, 39, 13, 5, 39, 4, 30, 39]
    Edit distance: 15/46

============================================================
Batch 39500 | Val PER: 0.3268
============================================================
  Sample 0:
    TRUE: [31, 17, 0, 19, 27, 2, 28, 17, 39, 27, 17, 19, 2, 22, 28, 16, 8, 11, 8, 39]
    PRED: [9, 17, 39, 0, 19, 28, 39, 14, 27, 17, 14, 22, 8, 30, 8, 39]
    Edit distance: 11/20
  Sample 1:
    TRUE: [27, 16, 7, 39, 26, 11, 7, 2, 28, 30, 39, 28, 10, 34, 27, 2, 20, 39, 28, 5, 22, 8, 39, 20, 16, 31, 2, 14, 27, 1, 13, 28, 39]
    PRED: [27, 10, 19, 28, 30, 39, 26, 11, 0, 29, 7, 2, 37, 39, 10, 34, 2, 20, 39, 28, 5, 22, 8, 39, 20, 16, 39, 9, 2, 18, 5, 13, 28, 39]
    Edit distance: 15/33
  Sample 2:
    TRUE: [28, 24, 39, 27, 33, 20, 37, 39, 35, 17, 39, 21, 12, 8, 39, 16, 22, 39, 2, 22, 2, 6, 1, 29, 30, 39, 19, 2, 20, 33, 38, 2, 22, 39]
    PRED: [9, 24, 39, 27, 33, 20, 37, 39, 21, 17, 39, 21, 5, 8, 39, 16, 22, 39, 2, 22, 2, 11, 26, 27, 1, 2, 28, 30, 39, 19, 33, 20, 33, 2, 22, 8, 39]
    Edit distance: 11/34
  Sample 3:
    TRUE: [20, 3, 27, 17, 37, 39, 19, 0, 28, 30, 33, 21, 39, 22, 17, 8, 2, 8, 39, 6, 20, 1, 19, 39, 14, 20, 2, 34, 37, 39, 30, 33, 39, 6, 17, 39, 19, 2, 21, 26, 20, 17, 30, 20, 17, 39, 10, 20, 2, 14, 2, 22, 30, 39]
    PRED: [27, 24, 17, 11, 39, 19, 1, 19, 28, 5, 21, 39, 22, 17, 8, 39, 21, 0, 19, 39, 20, 2, 34, 8, 39, 30, 33, 39, 6, 17, 39, 19, 2, 21, 26, 20, 11, 39, 10, 20, 2, 22, 39]
    Edit distance: 22/54
  Sample 4:
    TRUE: [9, 2, 39, 30, 33, 31, 39, 13, 10, 27, 17, 39, 13, 11, 14, 0, 30, 39, 30, 33, 39, 19, 2, 21, 39, 35, 10, 22, 39, 27, 0, 18, 11, 37, 39, 30, 33, 31, 39, 13, 10, 20, 39, 4, 30, 39]
    PRED: [9, 2, 39, 8, 27, 33, 31, 39, 28, 13, 10, 11, 39, 13, 17, 19, 0, 0, 30, 39, 30, 33, 39, 28, 0, 2, 21, 39, 35, 10, 22, 39, 35, 11, 8, 11, 39, 31, 9, 33, 31, 39, 13, 5, 39, 4, 30, 39]
    Edit distance: 18/46

============================================================
Batch 40000 | Val PER: 0.3221
============================================================
  Sample 0:
    TRUE: [31, 17, 0, 19, 27, 2, 28, 17, 39, 27, 17, 19, 2, 22, 28, 16, 8, 11, 8, 39]
    PRED: [9, 17, 39, 19, 0, 19, 28, 39, 8, 27, 17, 30, 10, 30, 11, 8, 39]
    Edit distance: 12/20
  Sample 1:
    TRUE: [27, 16, 7, 39, 26, 11, 7, 2, 28, 30, 39, 28, 10, 34, 27, 2, 20, 39, 28, 5, 22, 8, 39, 20, 16, 31, 2, 14, 27, 1, 13, 28, 39]
    PRED: [35, 10, 19, 28, 30, 39, 26, 11, 29, 2, 37, 39, 10, 34, 20, 39, 28, 5, 22, 8, 39, 20, 16, 9, 2, 18, 20, 5, 13, 30, 39]
    Edit distance: 16/33
  Sample 2:
    TRUE: [28, 24, 39, 27, 33, 20, 37, 39, 35, 17, 39, 21, 12, 8, 39, 16, 22, 39, 2, 22, 2, 6, 1, 29, 30, 39, 19, 2, 20, 33, 38, 2, 22, 39]
    PRED: [9, 24, 39, 27, 33, 20, 37, 39, 21, 17, 39, 21, 25, 8, 39, 16, 22, 39, 2, 22, 2, 27, 2, 29, 30, 39, 19, 33, 20, 2, 22, 8, 39]
    Edit distance: 9/34
  Sample 3:
    TRUE: [20, 3, 27, 17, 37, 39, 19, 0, 28, 30, 33, 21, 39, 22, 17, 8, 2, 8, 39, 6, 20, 1, 19, 39, 14, 20, 2, 34, 37, 39, 30, 33, 39, 6, 17, 39, 19, 2, 21, 26, 20, 17, 30, 20, 17, 39, 10, 20, 2, 14, 2, 22, 30, 39]
    PRED: [19, 27, 24, 37, 11, 39, 19, 19, 28, 21, 39, 22, 12, 8, 39, 21, 0, 19, 39, 20, 2, 34, 8, 39, 30, 33, 39, 6, 17, 39, 19, 2, 21, 26, 20, 39, 1, 20, 2, 22, 8, 39]
    Edit distance: 23/54
  Sample 4:
    TRUE: [9, 2, 39, 30, 33, 31, 39, 13, 10, 27, 17, 39, 13, 11, 14, 0, 30, 39, 30, 33, 39, 19, 2, 21, 39, 35, 10, 22, 39, 27, 0, 18, 11, 37, 39, 30, 33, 31, 39, 13, 10, 20, 39, 4, 30, 39]
    PRED: [9, 2, 39, 8, 27, 33, 31, 39, 10, 39, 13, 3, 19, 19, 0, 30, 39, 30, 33, 39, 28, 2, 21, 39, 35, 10, 22, 39, 35, 11, 0, 8, 30, 11, 39, 31, 33, 31, 39, 13, 5, 20, 39, 4, 30, 39]
    Edit distance: 16/46

============================================================
Batch 40500 | Val PER: 0.3211
============================================================
  Sample 0:
    TRUE: [31, 17, 0, 19, 27, 2, 28, 17, 39, 27, 17, 19, 2, 22, 28, 16, 8, 11, 8, 39]
    PRED: [9, 17, 0, 19, 2, 28, 39, 14, 27, 2, 10, 30, 2, 8, 39]
    Edit distance: 11/20
  Sample 1:
    TRUE: [27, 16, 7, 39, 26, 11, 7, 2, 28, 30, 39, 28, 10, 34, 27, 2, 20, 39, 28, 5, 22, 8, 39, 20, 16, 31, 2, 14, 27, 1, 13, 28, 39]
    PRED: [7, 10, 19, 28, 30, 39, 26, 11, 29, 2, 8, 37, 39, 10, 34, 2, 20, 39, 30, 5, 22, 8, 39, 20, 16, 9, 2, 28, 18, 5, 13, 30, 39]
    Edit distance: 16/33
  Sample 2:
    TRUE: [28, 24, 39, 27, 33, 20, 37, 39, 35, 17, 39, 21, 12, 8, 39, 16, 22, 39, 2, 22, 2, 6, 1, 29, 30, 39, 19, 2, 20, 33, 38, 2, 22, 39]
    PRED: [9, 24, 39, 27, 33, 20, 37, 39, 35, 17, 39, 21, 12, 8, 39, 16, 22, 39, 22, 26, 2, 29, 30, 39, 19, 33, 20, 33, 38, 2, 22, 39]
    Edit distance: 6/34
  Sample 3:
    TRUE: [20, 3, 27, 17, 37, 39, 19, 0, 28, 30, 33, 21, 39, 22, 17, 8, 2, 8, 39, 6, 20, 1, 19, 39, 14, 20, 2, 34, 37, 39, 30, 33, 39, 6, 17, 39, 19, 2, 21, 26, 20, 17, 30, 20, 17, 39, 10, 20, 2, 14, 2, 22, 30, 39]
    PRED: [19, 27, 24, 37, 11, 39, 19, 19, 28, 5, 21, 39, 22, 12, 8, 39, 21, 0, 19, 39, 20, 2, 34, 8, 39, 30, 33, 39, 6, 17, 39, 19, 2, 21, 26, 20, 39, 1, 20, 2, 22, 8, 39]
    Edit distance: 23/54
  Sample 4:
    TRUE: [9, 2, 39, 30, 33, 31, 39, 13, 10, 27, 17, 39, 13, 11, 14, 0, 30, 39, 30, 33, 39, 19, 2, 21, 39, 35, 10, 22, 39, 27, 0, 18, 11, 37, 39, 30, 33, 31, 39, 13, 10, 20, 39, 4, 30, 39]
    PRED: [9, 2, 39, 30, 27, 33, 31, 39, 13, 16, 27, 39, 13, 3, 19, 19, 30, 39, 30, 33, 39, 28, 30, 2, 21, 39, 35, 10, 22, 39, 35, 11, 8, 30, 11, 39, 31, 33, 31, 39, 13, 39, 4, 30, 39]
    Edit distance: 16/46

============================================================
Batch 41000 | Val PER: 0.3224
============================================================
  Sample 0:
    TRUE: [31, 17, 0, 19, 27, 2, 28, 17, 39, 27, 17, 19, 2, 22, 28, 16, 8, 11, 8, 39]
    PRED: [9, 17, 19, 0, 19, 19, 2, 28, 39, 27, 17, 22, 10, 30, 2, 8, 39]
    Edit distance: 10/20
  Sample 1:
    TRUE: [27, 16, 7, 39, 26, 11, 7, 2, 28, 30, 39, 28, 10, 34, 27, 2, 20, 39, 28, 5, 22, 8, 39, 20, 16, 31, 2, 14, 27, 1, 13, 28, 39]
    PRED: [27, 10, 28, 30, 39, 26, 11, 29, 2, 37, 39, 10, 34, 2, 20, 39, 30, 5, 22, 8, 39, 20, 16, 2, 28, 18, 5, 13, 30, 39]
    Edit distance: 14/33
  Sample 2:
    TRUE: [28, 24, 39, 27, 33, 20, 37, 39, 35, 17, 39, 21, 12, 8, 39, 16, 22, 39, 2, 22, 2, 6, 1, 29, 30, 39, 19, 2, 20, 33, 38, 2, 22, 39]
    PRED: [9, 2, 39, 27, 33, 20, 24, 37, 39, 21, 17, 39, 21, 17, 8, 39, 16, 22, 39, 10, 22, 13, 27, 1, 28, 30, 39, 19, 33, 20, 2, 22, 8, 39]
    Edit distance: 13/34
  Sample 3:
    TRUE: [20, 3, 27, 17, 37, 39, 19, 0, 28, 30, 33, 21, 39, 22, 17, 8, 2, 8, 39, 6, 20, 1, 19, 39, 14, 20, 2, 34, 37, 39, 30, 33, 39, 6, 17, 39, 19, 2, 21, 26, 20, 17, 30, 20, 17, 39, 10, 20, 2, 14, 2, 22, 30, 39]
    PRED: [19, 27, 24, 17, 11, 39, 19, 19, 28, 5, 2, 21, 39, 22, 10, 8, 39, 21, 0, 19, 39, 20, 5, 8, 39, 30, 33, 39, 6, 17, 39, 19, 2, 21, 26, 2, 20, 39, 1, 20, 2, 22, 39]
    Edit distance: 25/54
  Sample 4:
    TRUE: [9, 2, 39, 30, 33, 31, 39, 13, 10, 27, 17, 39, 13, 11, 14, 0, 30, 39, 30, 33, 39, 19, 2, 21, 39, 35, 10, 22, 39, 27, 0, 18, 11, 37, 39, 30, 33, 31, 39, 13, 10, 20, 39, 4, 30, 39]
    PRED: [9, 2, 39, 8, 27, 33, 31, 30, 39, 13, 16, 27, 11, 39, 13, 3, 19, 0, 30, 39, 30, 33, 39, 28, 19, 2, 21, 39, 35, 10, 22, 39, 35, 11, 8, 30, 11, 39, 9, 33, 31, 39, 13, 20, 39, 4, 30, 39]
    Edit distance: 15/46

============================================================
Batch 41500 | Val PER: 0.3189
============================================================
  Sample 0:
    TRUE: [31, 17, 0, 19, 27, 2, 28, 17, 39, 27, 17, 19, 2, 22, 28, 16, 8, 11, 8, 39]
    PRED: [9, 16, 19, 0, 19, 28, 39, 14, 2, 14, 22, 10, 30, 8, 39]
    Edit distance: 14/20
  Sample 1:
    TRUE: [27, 16, 7, 39, 26, 11, 7, 2, 28, 30, 39, 28, 10, 34, 27, 2, 20, 39, 28, 5, 22, 8, 39, 20, 16, 31, 2, 14, 27, 1, 13, 28, 39]
    PRED: [35, 10, 19, 28, 30, 39, 26, 0, 29, 2, 37, 39, 10, 34, 2, 20, 39, 30, 5, 22, 8, 39, 20, 16, 28, 9, 18, 20, 5, 13, 30, 39]
    Edit distance: 18/33
  Sample 2:
    TRUE: [28, 24, 39, 27, 33, 20, 37, 39, 35, 17, 39, 21, 12, 8, 39, 16, 22, 39, 2, 22, 2, 6, 1, 29, 30, 39, 19, 2, 20, 33, 38, 2, 22, 39]
    PRED: [9, 2, 39, 27, 33, 20, 37, 39, 35, 17, 39, 21, 5, 8, 39, 16, 22, 39, 10, 22, 13, 27, 1, 29, 30, 39, 19, 2, 20, 33, 2, 22, 8, 39]
    Edit distance: 8/34
  Sample 3:
    TRUE: [20, 3, 27, 17, 37, 39, 19, 0, 28, 30, 33, 21, 39, 22, 17, 8, 2, 8, 39, 6, 20, 1, 19, 39, 14, 20, 2, 34, 37, 39, 30, 33, 39, 6, 17, 39, 19, 2, 21, 26, 20, 17, 30, 20, 17, 39, 10, 20, 2, 14, 2, 22, 30, 39]
    PRED: [30, 27, 24, 17, 11, 39, 19, 1, 19, 28, 2, 21, 39, 22, 12, 8, 39, 21, 0, 19, 39, 20, 5, 34, 37, 39, 30, 33, 39, 6, 17, 39, 19, 2, 21, 26, 20, 39, 1, 20, 2, 22, 8, 39]
    Edit distance: 24/54
  Sample 4:
    TRUE: [9, 2, 39, 30, 33, 31, 39, 13, 10, 27, 17, 39, 13, 11, 14, 0, 30, 39, 30, 33, 39, 19, 2, 21, 39, 35, 10, 22, 39, 27, 0, 18, 11, 37, 39, 30, 33, 31, 39, 13, 10, 20, 39, 4, 30, 39]
    PRED: [9, 2, 39, 8, 27, 33, 31, 39, 8, 16, 27, 11, 39, 13, 17, 2, 19, 19, 0, 30, 39, 30, 33, 39, 28, 2, 21, 39, 35, 2, 22, 39, 35, 11, 0, 8, 30, 11, 39, 9, 33, 31, 39, 13, 20, 39, 4, 30, 39]
    Edit distance: 18/46

============================================================
Batch 42000 | Val PER: 0.3193
============================================================
  Sample 0:
    TRUE: [31, 17, 0, 19, 27, 2, 28, 17, 39, 27, 17, 19, 2, 22, 28, 16, 8, 11, 8, 39]
    PRED: [9, 39, 19, 0, 19, 28, 2, 28, 39, 27, 2, 14, 22, 10, 30, 2, 8, 39]
    Edit distance: 12/20
  Sample 1:
    TRUE: [27, 16, 7, 39, 26, 11, 7, 2, 28, 30, 39, 28, 10, 34, 27, 2, 20, 39, 28, 5, 22, 8, 39, 20, 16, 31, 2, 14, 27, 1, 13, 28, 39]
    PRED: [27, 10, 28, 30, 39, 26, 0, 29, 2, 37, 39, 1, 34, 2, 20, 39, 30, 5, 22, 8, 37, 39, 20, 16, 28, 9, 18, 5, 13, 30, 39]
    Edit distance: 18/33
  Sample 2:
    TRUE: [28, 24, 39, 27, 33, 20, 37, 39, 35, 17, 39, 21, 12, 8, 39, 16, 22, 39, 2, 22, 2, 6, 1, 29, 30, 39, 19, 2, 20, 33, 38, 2, 22, 39]
    PRED: [9, 2, 39, 27, 33, 20, 37, 39, 35, 17, 39, 21, 12, 8, 39, 16, 22, 39, 10, 22, 13, 27, 2, 29, 30, 39, 19, 20, 33, 2, 22, 8, 39]
    Edit distance: 9/34
  Sample 3:
    TRUE: [20, 3, 27, 17, 37, 39, 19, 0, 28, 30, 33, 21, 39, 22, 17, 8, 2, 8, 39, 6, 20, 1, 19, 39, 14, 20, 2, 34, 37, 39, 30, 33, 39, 6, 17, 39, 19, 2, 21, 26, 20, 17, 30, 20, 17, 39, 10, 20, 2, 14, 2, 22, 30, 39]
    PRED: [19, 27, 24, 17, 11, 39, 19, 1, 19, 28, 2, 21, 39, 22, 12, 8, 39, 21, 0, 19, 39, 20, 2, 37, 39, 30, 33, 39, 6, 17, 39, 19, 2, 21, 26, 20, 39, 1, 20, 2, 22, 39]
    Edit distance: 24/54
  Sample 4:
    TRUE: [9, 2, 39, 30, 33, 31, 39, 13, 10, 27, 17, 39, 13, 11, 14, 0, 30, 39, 30, 33, 39, 19, 2, 21, 39, 35, 10, 22, 39, 27, 0, 18, 11, 37, 39, 30, 33, 31, 39, 13, 10, 20, 39, 4, 30, 39]
    PRED: [9, 2, 39, 30, 27, 33, 31, 39, 8, 16, 39, 13, 3, 0, 19, 19, 30, 39, 30, 33, 39, 28, 2, 21, 39, 35, 2, 22, 39, 35, 11, 0, 11, 39, 31, 33, 31, 39, 13, 39, 4, 30, 39]
    Edit distance: 18/46

============================================================
Batch 42500 | Val PER: 0.3215
============================================================
  Sample 0:
    TRUE: [31, 17, 0, 19, 27, 2, 28, 17, 39, 27, 17, 19, 2, 22, 28, 16, 8, 11, 8, 39]
    PRED: [9, 2, 0, 19, 19, 28, 39, 27, 17, 14, 22, 2, 2, 30, 2, 8, 39]
    Edit distance: 11/20
  Sample 1:
    TRUE: [27, 16, 7, 39, 26, 11, 7, 2, 28, 30, 39, 28, 10, 34, 27, 2, 20, 39, 28, 5, 22, 8, 39, 20, 16, 31, 2, 14, 27, 1, 13, 28, 39]
    PRED: [27, 10, 28, 30, 39, 26, 0, 7, 2, 37, 39, 28, 10, 34, 2, 20, 39, 28, 5, 22, 8, 37, 39, 20, 16, 9, 2, 18, 20, 5, 13, 28, 39]
    Edit distance: 12/33
  Sample 2:
    TRUE: [28, 24, 39, 27, 33, 20, 37, 39, 35, 17, 39, 21, 12, 8, 39, 16, 22, 39, 2, 22, 2, 6, 1, 29, 30, 39, 19, 2, 20, 33, 38, 2, 22, 39]
    PRED: [9, 2, 39, 27, 33, 20, 37, 39, 21, 17, 39, 21, 17, 8, 39, 16, 22, 39, 16, 22, 11, 13, 27, 1, 29, 30, 39, 19, 2, 20, 33, 38, 2, 22, 8, 39]
    Edit distance: 9/34
  Sample 3:
    TRUE: [20, 3, 27, 17, 37, 39, 19, 0, 28, 30, 33, 21, 39, 22, 17, 8, 2, 8, 39, 6, 20, 1, 19, 39, 14, 20, 2, 34, 37, 39, 30, 33, 39, 6, 17, 39, 19, 2, 21, 26, 20, 17, 30, 20, 17, 39, 10, 20, 2, 14, 2, 22, 30, 39]
    PRED: [20, 27, 24, 17, 11, 37, 39, 19, 1, 28, 21, 39, 22, 12, 2, 8, 39, 21, 2, 19, 39, 20, 2, 34, 37, 39, 30, 33, 39, 6, 17, 39, 19, 2, 21, 26, 20, 17, 28, 39, 1, 20, 2, 22, 8, 39]
    Edit distance: 19/54
  Sample 4:
    TRUE: [9, 2, 39, 30, 33, 31, 39, 13, 10, 27, 17, 39, 13, 11, 14, 0, 30, 39, 30, 33, 39, 19, 2, 21, 39, 35, 10, 22, 39, 27, 0, 18, 11, 37, 39, 30, 33, 31, 39, 13, 10, 20, 39, 4, 30, 39]
    PRED: [9, 2, 39, 30, 27, 33, 31, 39, 13, 10, 27, 39, 13, 3, 0, 19, 0, 30, 39, 30, 33, 39, 28, 30, 2, 21, 39, 35, 2, 22, 39, 35, 11, 11, 39, 31, 33, 31, 39, 13, 39, 4, 30, 39]
    Edit distance: 15/46

============================================================
Batch 43000 | Val PER: 0.3172
============================================================
  Sample 0:
    TRUE: [31, 17, 0, 19, 27, 2, 28, 17, 39, 27, 17, 19, 2, 22, 28, 16, 8, 11, 8, 39]
    PRED: [9, 0, 19, 19, 30, 2, 28, 39, 2, 22, 10, 30, 11, 8, 39]
    Edit distance: 11/20
  Sample 1:
    TRUE: [27, 16, 7, 39, 26, 11, 7, 2, 28, 30, 39, 28, 10, 34, 27, 2, 20, 39, 28, 5, 22, 8, 39, 20, 16, 31, 2, 14, 27, 1, 13, 28, 39]
    PRED: [35, 10, 28, 30, 39, 26, 11, 29, 2, 18, 39, 10, 34, 2, 20, 39, 30, 5, 22, 8, 39, 20, 16, 9, 2, 14, 5, 13, 30, 39]
    Edit distance: 14/33
  Sample 2:
    TRUE: [28, 24, 39, 27, 33, 20, 37, 39, 35, 17, 39, 21, 12, 8, 39, 16, 22, 39, 2, 22, 2, 6, 1, 29, 30, 39, 19, 2, 20, 33, 38, 2, 22, 39]
    PRED: [9, 24, 39, 27, 33, 20, 37, 39, 35, 17, 39, 21, 25, 8, 39, 16, 22, 39, 16, 22, 27, 2, 29, 30, 39, 19, 24, 20, 33, 2, 22, 8, 39]
    Edit distance: 9/34
  Sample 3:
    TRUE: [20, 3, 27, 17, 37, 39, 19, 0, 28, 30, 33, 21, 39, 22, 17, 8, 2, 8, 39, 6, 20, 1, 19, 39, 14, 20, 2, 34, 37, 39, 30, 33, 39, 6, 17, 39, 19, 2, 21, 26, 20, 17, 30, 20, 17, 39, 10, 20, 2, 14, 2, 22, 30, 39]
    PRED: [19, 27, 24, 17, 11, 39, 19, 1, 19, 28, 21, 39, 22, 12, 8, 39, 21, 27, 0, 19, 39, 20, 2, 34, 8, 39, 30, 33, 39, 6, 17, 39, 19, 2, 21, 26, 20, 39, 1, 20, 2, 22, 8, 39]
    Edit distance: 24/54
  Sample 4:
    TRUE: [9, 2, 39, 30, 33, 31, 39, 13, 10, 27, 17, 39, 13, 11, 14, 0, 30, 39, 30, 33, 39, 19, 2, 21, 39, 35, 10, 22, 39, 27, 0, 18, 11, 37, 39, 30, 33, 31, 39, 13, 10, 20, 39, 4, 30, 39]
    PRED: [9, 2, 39, 30, 27, 33, 31, 39, 13, 16, 11, 39, 13, 3, 0, 19, 0, 0, 30, 39, 30, 33, 39, 28, 2, 21, 39, 35, 10, 22, 39, 35, 11, 8, 11, 39, 31, 33, 31, 39, 13, 12, 39, 4, 30, 39]
    Edit distance: 16/46

============================================================
Batch 43500 | Val PER: 0.3170
============================================================
  Sample 0:
    TRUE: [31, 17, 0, 19, 27, 2, 28, 17, 39, 27, 17, 19, 2, 22, 28, 16, 8, 11, 8, 39]
    PRED: [9, 0, 19, 28, 2, 28, 39, 16, 17, 14, 10, 30, 11, 8, 39]
    Edit distance: 11/20
  Sample 1:
    TRUE: [27, 16, 7, 39, 26, 11, 7, 2, 28, 30, 39, 28, 10, 34, 27, 2, 20, 39, 28, 5, 22, 8, 39, 20, 16, 31, 2, 14, 27, 1, 13, 28, 39]
    PRED: [35, 10, 19, 28, 30, 39, 26, 0, 29, 2, 37, 39, 10, 34, 2, 20, 39, 28, 5, 22, 8, 39, 20, 16, 9, 18, 5, 13, 30, 39]
    Edit distance: 17/33
  Sample 2:
    TRUE: [28, 24, 39, 27, 33, 20, 37, 39, 35, 17, 39, 21, 12, 8, 39, 16, 22, 39, 2, 22, 2, 6, 1, 29, 30, 39, 19, 2, 20, 33, 38, 2, 22, 39]
    PRED: [9, 2, 39, 27, 33, 20, 37, 39, 35, 17, 39, 21, 12, 8, 39, 16, 22, 39, 10, 22, 27, 1, 29, 30, 39, 19, 33, 20, 33, 38, 2, 22, 8, 39]
    Edit distance: 7/34
  Sample 3:
    TRUE: [20, 3, 27, 17, 37, 39, 19, 0, 28, 30, 33, 21, 39, 22, 17, 8, 2, 8, 39, 6, 20, 1, 19, 39, 14, 20, 2, 34, 37, 39, 30, 33, 39, 6, 17, 39, 19, 2, 21, 26, 20, 17, 30, 20, 17, 39, 10, 20, 2, 14, 2, 22, 30, 39]
    PRED: [19, 27, 24, 17, 11, 39, 19, 1, 28, 5, 21, 39, 22, 12, 8, 39, 21, 0, 19, 39, 20, 16, 30, 39, 30, 33, 39, 6, 17, 39, 19, 2, 21, 26, 20, 39, 1, 20, 2, 22, 8, 39]
    Edit distance: 25/54
  Sample 4:
    TRUE: [9, 2, 39, 30, 33, 31, 39, 13, 10, 27, 17, 39, 13, 11, 14, 0, 30, 39, 30, 33, 39, 19, 2, 21, 39, 35, 10, 22, 39, 27, 0, 18, 11, 37, 39, 30, 33, 31, 39, 13, 10, 20, 39, 4, 30, 39]
    PRED: [9, 2, 39, 30, 27, 33, 31, 39, 13, 16, 39, 13, 3, 19, 0, 30, 39, 30, 33, 39, 28, 2, 21, 39, 35, 10, 22, 39, 35, 11, 11, 39, 31, 33, 31, 39, 29, 39, 4, 30, 39]
    Edit distance: 15/46

============================================================
Batch 44000 | Val PER: 0.3165
============================================================
  Sample 0:
    TRUE: [31, 17, 0, 19, 27, 2, 28, 17, 39, 27, 17, 19, 2, 22, 28, 16, 8, 11, 8, 39]
    PRED: [9, 17, 39, 0, 19, 28, 39, 14, 27, 2, 14, 19, 10, 30, 8, 39]
    Edit distance: 13/20
  Sample 1:
    TRUE: [27, 16, 7, 39, 26, 11, 7, 2, 28, 30, 39, 28, 10, 34, 27, 2, 20, 39, 28, 5, 22, 8, 39, 20, 16, 31, 2, 14, 27, 1, 13, 28, 39]
    PRED: [27, 10, 28, 30, 39, 26, 0, 29, 2, 37, 39, 10, 34, 2, 20, 39, 28, 5, 22, 8, 37, 39, 20, 16, 2, 14, 5, 28, 39]
    Edit distance: 14/33
  Sample 2:
    TRUE: [28, 24, 39, 27, 33, 20, 37, 39, 35, 17, 39, 21, 12, 8, 39, 16, 22, 39, 2, 22, 2, 6, 1, 29, 30, 39, 19, 2, 20, 33, 38, 2, 22, 39]
    PRED: [9, 24, 39, 27, 33, 20, 37, 39, 35, 17, 39, 21, 12, 22, 8, 39, 16, 22, 39, 2, 22, 27, 2, 28, 30, 39, 19, 20, 33, 38, 2, 22, 8, 39]
    Edit distance: 8/34
  Sample 3:
    TRUE: [20, 3, 27, 17, 37, 39, 19, 0, 28, 30, 33, 21, 39, 22, 17, 8, 2, 8, 39, 6, 20, 1, 19, 39, 14, 20, 2, 34, 37, 39, 30, 33, 39, 6, 17, 39, 19, 2, 21, 26, 20, 17, 30, 20, 17, 39, 10, 20, 2, 14, 2, 22, 30, 39]
    PRED: [27, 24, 17, 11, 39, 19, 19, 28, 5, 2, 21, 39, 22, 12, 8, 39, 21, 0, 19, 39, 20, 2, 34, 8, 39, 30, 33, 39, 6, 17, 39, 19, 2, 21, 26, 20, 39, 1, 20, 2, 22, 39]
    Edit distance: 23/54
  Sample 4:
    TRUE: [9, 2, 39, 30, 33, 31, 39, 13, 10, 27, 17, 39, 13, 11, 14, 0, 30, 39, 30, 33, 39, 19, 2, 21, 39, 35, 10, 22, 39, 27, 0, 18, 11, 37, 39, 30, 33, 31, 39, 13, 10, 20, 39, 4, 30, 39]
    PRED: [9, 2, 39, 27, 33, 31, 39, 13, 10, 17, 39, 13, 3, 19, 0, 0, 30, 39, 30, 33, 39, 28, 2, 21, 39, 35, 10, 22, 8, 39, 35, 11, 8, 11, 39, 37, 39, 31, 33, 31, 39, 13, 39, 4, 30, 39]
    Edit distance: 14/46

============================================================
Batch 44500 | Val PER: 0.3178
============================================================
  Sample 0:
    TRUE: [31, 17, 0, 19, 27, 2, 28, 17, 39, 27, 17, 19, 2, 22, 28, 16, 8, 11, 8, 39]
    PRED: [9, 1, 0, 19, 19, 2, 28, 39, 14, 2, 22, 10, 30, 39]
    Edit distance: 12/20
  Sample 1:
    TRUE: [27, 16, 7, 39, 26, 11, 7, 2, 28, 30, 39, 28, 10, 34, 27, 2, 20, 39, 28, 5, 22, 8, 39, 20, 16, 31, 2, 14, 27, 1, 13, 28, 39]
    PRED: [35, 10, 28, 30, 39, 26, 0, 29, 2, 37, 39, 10, 34, 2, 20, 39, 28, 5, 22, 8, 39, 20, 16, 2, 14, 5, 13, 30, 39]
    Edit distance: 14/33
  Sample 2:
    TRUE: [28, 24, 39, 27, 33, 20, 37, 39, 35, 17, 39, 21, 12, 8, 39, 16, 22, 39, 2, 22, 2, 6, 1, 29, 30, 39, 19, 2, 20, 33, 38, 2, 22, 39]
    PRED: [9, 24, 39, 27, 33, 20, 37, 39, 35, 17, 39, 21, 25, 22, 8, 39, 16, 22, 39, 2, 22, 2, 2, 28, 30, 39, 19, 24, 20, 33, 38, 2, 22, 8, 39]
    Edit distance: 8/34
  Sample 3:
    TRUE: [20, 3, 27, 17, 37, 39, 19, 0, 28, 30, 33, 21, 39, 22, 17, 8, 2, 8, 39, 6, 20, 1, 19, 39, 14, 20, 2, 34, 37, 39, 30, 33, 39, 6, 17, 39, 19, 2, 21, 26, 20, 17, 30, 20, 17, 39, 10, 20, 2, 14, 2, 22, 30, 39]
    PRED: [19, 27, 24, 17, 11, 39, 19, 1, 28, 5, 21, 39, 22, 12, 8, 39, 21, 0, 19, 39, 20, 16, 8, 39, 30, 33, 39, 6, 17, 39, 19, 2, 21, 26, 20, 39, 1, 20, 2, 22, 39]
    Edit distance: 25/54
  Sample 4:
    TRUE: [9, 2, 39, 30, 33, 31, 39, 13, 10, 27, 17, 39, 13, 11, 14, 0, 30, 39, 30, 33, 39, 19, 2, 21, 39, 35, 10, 22, 39, 27, 0, 18, 11, 37, 39, 30, 33, 31, 39, 13, 10, 20, 39, 4, 30, 39]
    PRED: [9, 2, 39, 30, 27, 33, 31, 39, 13, 10, 39, 13, 3, 0, 30, 39, 30, 33, 39, 28, 2, 21, 39, 35, 10, 22, 39, 35, 11, 0, 8, 30, 11, 37, 39, 31, 33, 31, 39, 20, 39, 4, 30, 39]
    Edit distance: 13/46

============================================================
Batch 45000 | Val PER: 0.3180
============================================================
  Sample 0:
    TRUE: [31, 17, 0, 19, 27, 2, 28, 17, 39, 27, 17, 19, 2, 22, 28, 16, 8, 11, 8, 39]
    PRED: [9, 1, 17, 39, 0, 19, 19, 2, 28, 39, 14, 2, 10, 8, 8, 39]
    Edit distance: 12/20
  Sample 1:
    TRUE: [27, 16, 7, 39, 26, 11, 7, 2, 28, 30, 39, 28, 10, 34, 27, 2, 20, 39, 28, 5, 22, 8, 39, 20, 16, 31, 2, 14, 27, 1, 13, 28, 39]
    PRED: [35, 10, 28, 30, 39, 26, 11, 0, 28, 2, 37, 39, 10, 34, 2, 20, 39, 28, 5, 22, 8, 39, 20, 16, 2, 14, 5, 13, 28, 39]
    Edit distance: 13/33
  Sample 2:
    TRUE: [28, 24, 39, 27, 33, 20, 37, 39, 35, 17, 39, 21, 12, 8, 39, 16, 22, 39, 2, 22, 2, 6, 1, 29, 30, 39, 19, 2, 20, 33, 38, 2, 22, 39]
    PRED: [9, 24, 39, 27, 33, 20, 37, 39, 21, 17, 39, 21, 17, 8, 39, 16, 22, 39, 1, 22, 11, 27, 2, 28, 30, 39, 19, 33, 20, 33, 38, 2, 22, 8, 39]
    Edit distance: 10/34
  Sample 3:
    TRUE: [20, 3, 27, 17, 37, 39, 19, 0, 28, 30, 33, 21, 39, 22, 17, 8, 2, 8, 39, 6, 20, 1, 19, 39, 14, 20, 2, 34, 37, 39, 30, 33, 39, 6, 17, 39, 19, 2, 21, 26, 20, 17, 30, 20, 17, 39, 10, 20, 2, 14, 2, 22, 30, 39]
    PRED: [19, 27, 24, 17, 11, 39, 28, 2, 21, 39, 22, 12, 8, 39, 21, 2, 19, 39, 20, 2, 8, 39, 30, 33, 39, 6, 17, 39, 19, 2, 21, 26, 20, 39, 1, 20, 2, 22, 8, 39]
    Edit distance: 25/54
  Sample 4:
    TRUE: [9, 2, 39, 30, 33, 31, 39, 13, 10, 27, 17, 39, 13, 11, 14, 0, 30, 39, 30, 33, 39, 19, 2, 21, 39, 35, 10, 22, 39, 27, 0, 18, 11, 37, 39, 30, 33, 31, 39, 13, 10, 20, 39, 4, 30, 39]
    PRED: [9, 2, 39, 30, 27, 33, 31, 39, 13, 17, 39, 13, 17, 0, 19, 0, 30, 39, 30, 33, 39, 28, 2, 21, 39, 35, 10, 22, 39, 35, 11, 0, 11, 37, 39, 31, 33, 31, 39, 39, 4, 30, 39]
    Edit distance: 14/46

============================================================
Batch 45500 | Val PER: 0.3154
============================================================
  Sample 0:
    TRUE: [31, 17, 0, 19, 27, 2, 28, 17, 39, 27, 17, 19, 2, 22, 28, 16, 8, 11, 8, 39]
    PRED: [9, 16, 39, 0, 19, 2, 28, 39, 2, 22, 10, 30, 8, 39]
    Edit distance: 12/20
  Sample 1:
    TRUE: [27, 16, 7, 39, 26, 11, 7, 2, 28, 30, 39, 28, 10, 34, 27, 2, 20, 39, 28, 5, 22, 8, 39, 20, 16, 31, 2, 14, 27, 1, 13, 28, 39]
    PRED: [35, 10, 28, 30, 39, 26, 11, 0, 29, 2, 37, 39, 10, 34, 2, 20, 39, 30, 5, 22, 8, 37, 39, 20, 16, 2, 14, 5, 13, 28, 39]
    Edit distance: 15/33
  Sample 2:
    TRUE: [28, 24, 39, 27, 33, 20, 37, 39, 35, 17, 39, 21, 12, 8, 39, 16, 22, 39, 2, 22, 2, 6, 1, 29, 30, 39, 19, 2, 20, 33, 38, 2, 22, 39]
    PRED: [9, 24, 39, 27, 33, 20, 37, 39, 35, 17, 39, 21, 25, 8, 39, 16, 22, 39, 1, 22, 2, 27, 1, 28, 30, 39, 19, 33, 20, 33, 38, 37, 2, 22, 8, 39]
    Edit distance: 8/34
  Sample 3:
    TRUE: [20, 3, 27, 17, 37, 39, 19, 0, 28, 30, 33, 21, 39, 22, 17, 8, 2, 8, 39, 6, 20, 1, 19, 39, 14, 20, 2, 34, 37, 39, 30, 33, 39, 6, 17, 39, 19, 2, 21, 26, 20, 17, 30, 20, 17, 39, 10, 20, 2, 14, 2, 22, 30, 39]
    PRED: [19, 27, 24, 37, 11, 37, 39, 1, 28, 2, 21, 39, 22, 12, 8, 2, 8, 39, 21, 0, 19, 39, 20, 2, 8, 39, 30, 33, 39, 6, 17, 39, 19, 2, 21, 26, 20, 2, 20, 39, 1, 20, 2, 22, 8, 39]
    Edit distance: 23/54
  Sample 4:
    TRUE: [9, 2, 39, 30, 33, 31, 39, 13, 10, 27, 17, 39, 13, 11, 14, 0, 30, 39, 30, 33, 39, 19, 2, 21, 39, 35, 10, 22, 39, 27, 0, 18, 11, 37, 39, 30, 33, 31, 39, 13, 10, 20, 39, 4, 30, 39]
    PRED: [9, 2, 39, 7, 27, 33, 31, 39, 10, 27, 39, 13, 3, 0, 0, 30, 39, 30, 33, 39, 28, 2, 21, 39, 35, 10, 22, 39, 35, 11, 8, 30, 11, 37, 39, 31, 33, 31, 39, 6, 39, 4, 30, 39]
    Edit distance: 15/46

============================================================
Batch 46000 | Val PER: 0.3147
============================================================
  Sample 0:
    TRUE: [31, 17, 0, 19, 27, 2, 28, 17, 39, 27, 17, 19, 2, 22, 28, 16, 8, 11, 8, 39]
    PRED: [9, 10, 2, 0, 19, 19, 28, 39, 14, 2, 10, 30, 2, 8, 39]
    Edit distance: 14/20
  Sample 1:
    TRUE: [27, 16, 7, 39, 26, 11, 7, 2, 28, 30, 39, 28, 10, 34, 27, 2, 20, 39, 28, 5, 22, 8, 39, 20, 16, 31, 2, 14, 27, 1, 13, 28, 39]
    PRED: [27, 35, 10, 28, 30, 39, 26, 11, 29, 2, 37, 39, 10, 34, 2, 20, 39, 28, 1, 22, 8, 37, 39, 20, 16, 28, 2, 28, 14, 18, 20, 5, 13, 28, 39]
    Edit distance: 16/33
  Sample 2:
    TRUE: [28, 24, 39, 27, 33, 20, 37, 39, 35, 17, 39, 21, 12, 8, 39, 16, 22, 39, 2, 22, 2, 6, 1, 29, 30, 39, 19, 2, 20, 33, 38, 2, 22, 39]
    PRED: [9, 24, 39, 27, 33, 20, 37, 39, 35, 17, 39, 21, 10, 8, 39, 16, 22, 39, 1, 2, 22, 2, 28, 30, 39, 19, 33, 20, 33, 38, 2, 22, 8, 39]
    Edit distance: 8/34
  Sample 3:
    TRUE: [20, 3, 27, 17, 37, 39, 19, 0, 28, 30, 33, 21, 39, 22, 17, 8, 2, 8, 39, 6, 20, 1, 19, 39, 14, 20, 2, 34, 37, 39, 30, 33, 39, 6, 17, 39, 19, 2, 21, 26, 20, 17, 30, 20, 17, 39, 10, 20, 2, 14, 2, 22, 30, 39]
    PRED: [19, 27, 24, 37, 11, 39, 19, 28, 2, 21, 39, 22, 12, 8, 2, 8, 39, 21, 0, 19, 39, 20, 2, 34, 8, 39, 30, 33, 39, 6, 17, 20, 39, 19, 2, 21, 26, 20, 39, 1, 20, 2, 22, 39]
    Edit distance: 22/54
  Sample 4:
    TRUE: [9, 2, 39, 30, 33, 31, 39, 13, 10, 27, 17, 39, 13, 11, 14, 0, 30, 39, 30, 33, 39, 19, 2, 21, 39, 35, 10, 22, 39, 27, 0, 18, 11, 37, 39, 30, 33, 31, 39, 13, 10, 20, 39, 4, 30, 39]
    PRED: [9, 2, 39, 30, 27, 33, 31, 39, 16, 27, 39, 13, 17, 2, 19, 0, 30, 39, 30, 33, 39, 28, 2, 21, 39, 35, 10, 22, 39, 35, 11, 11, 39, 31, 33, 31, 39, 20, 39, 4, 30, 39]
    Edit distance: 15/46

============================================================
Batch 46500 | Val PER: 0.3151
============================================================
  Sample 0:
    TRUE: [31, 17, 0, 19, 27, 2, 28, 17, 39, 27, 17, 19, 2, 22, 28, 16, 8, 11, 8, 39]
    PRED: [9, 2, 0, 28, 39, 27, 17, 8, 30, 39]
    Edit distance: 13/20
  Sample 1:
    TRUE: [27, 16, 7, 39, 26, 11, 7, 2, 28, 30, 39, 28, 10, 34, 27, 2, 20, 39, 28, 5, 22, 8, 39, 20, 16, 31, 2, 14, 27, 1, 13, 28, 39]
    PRED: [35, 10, 28, 30, 39, 26, 11, 28, 2, 37, 39, 10, 34, 2, 20, 39, 28, 5, 22, 8, 39, 20, 16, 2, 28, 14, 5, 13, 39]
    Edit distance: 14/33
  Sample 2:
    TRUE: [28, 24, 39, 27, 33, 20, 37, 39, 35, 17, 39, 21, 12, 8, 39, 16, 22, 39, 2, 22, 2, 6, 1, 29, 30, 39, 19, 2, 20, 33, 38, 2, 22, 39]
    PRED: [9, 24, 39, 27, 33, 20, 37, 39, 35, 17, 39, 21, 25, 8, 39, 16, 22, 39, 22, 27, 1, 28, 30, 39, 19, 33, 20, 33, 38, 2, 22, 39]
    Edit distance: 7/34
  Sample 3:
    TRUE: [20, 3, 27, 17, 37, 39, 19, 0, 28, 30, 33, 21, 39, 22, 17, 8, 2, 8, 39, 6, 20, 1, 19, 39, 14, 20, 2, 34, 37, 39, 30, 33, 39, 6, 17, 39, 19, 2, 21, 26, 20, 17, 30, 20, 17, 39, 10, 20, 2, 14, 2, 22, 30, 39]
    PRED: [19, 27, 24, 17, 11, 37, 39, 19, 5, 28, 5, 2, 21, 39, 22, 12, 8, 39, 21, 0, 19, 39, 20, 5, 34, 8, 39, 30, 33, 39, 6, 17, 20, 39, 19, 2, 21, 26, 20, 39, 1, 20, 2, 22, 39]
    Edit distance: 25/54
  Sample 4:
    TRUE: [9, 2, 39, 30, 33, 31, 39, 13, 10, 27, 17, 39, 13, 11, 14, 0, 30, 39, 30, 33, 39, 19, 2, 21, 39, 35, 10, 22, 39, 27, 0, 18, 11, 37, 39, 30, 33, 31, 39, 13, 10, 20, 39, 4, 30, 39]
    PRED: [9, 2, 39, 30, 27, 33, 31, 39, 13, 5, 27, 39, 13, 17, 0, 30, 39, 30, 33, 39, 28, 2, 21, 39, 35, 2, 22, 39, 35, 11, 30, 11, 37, 39, 31, 33, 31, 39, 5, 39, 4, 30, 39]
    Edit distance: 14/46

============================================================
Batch 47000 | Val PER: 0.3157
============================================================
  Sample 0:
    TRUE: [31, 17, 0, 19, 27, 2, 28, 17, 39, 27, 17, 19, 2, 22, 28, 16, 8, 11, 8, 39]
    PRED: [9, 16, 17, 0, 28, 28, 39, 14, 2, 17, 8, 30, 8, 39]
    Edit distance: 13/20
  Sample 1:
    TRUE: [27, 16, 7, 39, 26, 11, 7, 2, 28, 30, 39, 28, 10, 34, 27, 2, 20, 39, 28, 5, 22, 8, 39, 20, 16, 31, 2, 14, 27, 1, 13, 28, 39]
    PRED: [35, 10, 28, 30, 39, 26, 11, 29, 2, 37, 39, 10, 34, 2, 20, 39, 30, 5, 22, 8, 37, 39, 20, 16, 28, 14, 20, 5, 13, 30, 39]
    Edit distance: 16/33
  Sample 2:
    TRUE: [28, 24, 39, 27, 33, 20, 37, 39, 35, 17, 39, 21, 12, 8, 39, 16, 22, 39, 2, 22, 2, 6, 1, 29, 30, 39, 19, 2, 20, 33, 38, 2, 22, 39]
    PRED: [9, 24, 39, 33, 20, 37, 39, 35, 17, 39, 21, 10, 8, 39, 16, 22, 39, 16, 22, 1, 28, 30, 39, 19, 33, 20, 33, 2, 22, 8, 39]
    Edit distance: 10/34
  Sample 3:
    TRUE: [20, 3, 27, 17, 37, 39, 19, 0, 28, 30, 33, 21, 39, 22, 17, 8, 2, 8, 39, 6, 20, 1, 19, 39, 14, 20, 2, 34, 37, 39, 30, 33, 39, 6, 17, 39, 19, 2, 21, 26, 20, 17, 30, 20, 17, 39, 10, 20, 2, 14, 2, 22, 30, 39]
    PRED: [19, 27, 24, 17, 11, 37, 39, 1, 5, 28, 5, 2, 21, 39, 22, 12, 8, 39, 21, 16, 19, 39, 20, 5, 34, 8, 39, 30, 33, 39, 6, 17, 39, 19, 2, 21, 26, 20, 17, 39, 1, 20, 2, 22, 8, 39]
    Edit distance: 24/54
  Sample 4:
    TRUE: [9, 2, 39, 30, 33, 31, 39, 13, 10, 27, 17, 39, 13, 11, 14, 0, 30, 39, 30, 33, 39, 19, 2, 21, 39, 35, 10, 22, 39, 27, 0, 18, 11, 37, 39, 30, 33, 31, 39, 13, 10, 20, 39, 4, 30, 39]
    PRED: [9, 2, 39, 30, 27, 33, 31, 39, 13, 5, 39, 13, 17, 19, 0, 30, 39, 30, 33, 39, 28, 2, 21, 39, 35, 10, 22, 39, 35, 11, 8, 11, 37, 39, 31, 33, 31, 39, 39, 39, 4, 30, 39]
    Edit distance: 14/46

============================================================
Batch 47500 | Val PER: 0.3163
============================================================
  Sample 0:
    TRUE: [31, 17, 0, 19, 27, 2, 28, 17, 39, 27, 17, 19, 2, 22, 28, 16, 8, 11, 8, 39]
    PRED: [9, 2, 0, 28, 39, 14, 2, 17, 8, 30, 39]
    Edit distance: 14/20
  Sample 1:
    TRUE: [27, 16, 7, 39, 26, 11, 7, 2, 28, 30, 39, 28, 10, 34, 27, 2, 20, 39, 28, 5, 22, 8, 39, 20, 16, 31, 2, 14, 27, 1, 13, 28, 39]
    PRED: [35, 10, 28, 39, 26, 11, 29, 2, 16, 37, 39, 10, 34, 2, 20, 39, 30, 0, 22, 8, 37, 39, 20, 16, 28, 2, 28, 14, 18, 20, 5, 13, 30, 39]
    Edit distance: 17/33
  Sample 2:
    TRUE: [28, 24, 39, 27, 33, 20, 37, 39, 35, 17, 39, 21, 12, 8, 39, 16, 22, 39, 2, 22, 2, 6, 1, 29, 30, 39, 19, 2, 20, 33, 38, 2, 22, 39]
    PRED: [9, 2, 39, 33, 20, 24, 37, 39, 35, 17, 39, 21, 17, 8, 39, 16, 22, 39, 16, 22, 1, 28, 30, 39, 19, 33, 20, 33, 38, 2, 22, 8, 39]
    Edit distance: 11/34
  Sample 3:
    TRUE: [20, 3, 27, 17, 37, 39, 19, 0, 28, 30, 33, 21, 39, 22, 17, 8, 2, 8, 39, 6, 20, 1, 19, 39, 14, 20, 2, 34, 37, 39, 30, 33, 39, 6, 17, 39, 19, 2, 21, 26, 20, 17, 30, 20, 17, 39, 10, 20, 2, 14, 2, 22, 30, 39]
    PRED: [19, 27, 24, 17, 11, 37, 39, 19, 5, 28, 5, 2, 21, 39, 22, 10, 8, 39, 21, 0, 19, 39, 20, 0, 34, 8, 39, 30, 33, 39, 6, 17, 39, 19, 2, 21, 26, 20, 17, 39, 1, 20, 2, 22, 8, 39]
    Edit distance: 23/54
  Sample 4:
    TRUE: [9, 2, 39, 30, 33, 31, 39, 13, 10, 27, 17, 39, 13, 11, 14, 0, 30, 39, 30, 33, 39, 19, 2, 21, 39, 35, 10, 22, 39, 27, 0, 18, 11, 37, 39, 30, 33, 31, 39, 13, 10, 20, 39, 4, 30, 39]
    PRED: [9, 2, 39, 30, 27, 33, 31, 39, 10, 27, 39, 13, 17, 19, 0, 39, 30, 33, 39, 28, 2, 21, 39, 35, 10, 22, 39, 35, 11, 11, 39, 31, 33, 31, 39, 12, 20, 39, 4, 30, 39]
    Edit distance: 14/46

============================================================
Batch 48000 | Val PER: 0.3101
============================================================
  Sample 0:
    TRUE: [31, 17, 0, 19, 27, 2, 28, 17, 39, 27, 17, 19, 2, 22, 28, 16, 8, 11, 8, 39]
    PRED: [9, 12, 39, 0, 19, 2, 28, 39, 14, 2, 14, 8, 8, 39]
    Edit distance: 12/20
  Sample 1:
    TRUE: [27, 16, 7, 39, 26, 11, 7, 2, 28, 30, 39, 28, 10, 34, 27, 2, 20, 39, 28, 5, 22, 8, 39, 20, 16, 31, 2, 14, 27, 1, 13, 28, 39]
    PRED: [35, 10, 19, 28, 30, 39, 26, 11, 29, 2, 8, 39, 10, 34, 2, 20, 39, 28, 5, 22, 8, 39, 20, 16, 2, 28, 14, 18, 20, 5, 13, 39]
    Edit distance: 16/33
  Sample 2:
    TRUE: [28, 24, 39, 27, 33, 20, 37, 39, 35, 17, 39, 21, 12, 8, 39, 16, 22, 39, 2, 22, 2, 6, 1, 29, 30, 39, 19, 2, 20, 33, 38, 2, 22, 39]
    PRED: [9, 2, 39, 27, 33, 20, 37, 39, 35, 17, 39, 21, 17, 8, 39, 16, 22, 39, 16, 22, 2, 1, 28, 30, 39, 19, 20, 33, 38, 2, 22, 39]
    Edit distance: 7/34
  Sample 3:
    TRUE: [20, 3, 27, 17, 37, 39, 19, 0, 28, 30, 33, 21, 39, 22, 17, 8, 2, 8, 39, 6, 20, 1, 19, 39, 14, 20, 2, 34, 37, 39, 30, 33, 39, 6, 17, 39, 19, 2, 21, 26, 20, 17, 30, 20, 17, 39, 10, 20, 2, 14, 2, 22, 30, 39]
    PRED: [19, 27, 24, 17, 11, 37, 39, 19, 1, 5, 28, 5, 2, 21, 39, 22, 12, 8, 39, 21, 5, 19, 39, 20, 5, 34, 8, 39, 30, 33, 39, 6, 17, 39, 19, 2, 21, 26, 20, 17, 39, 1, 20, 2, 22, 39]
    Edit distance: 24/54
  Sample 4:
    TRUE: [9, 2, 39, 30, 33, 31, 39, 13, 10, 27, 17, 39, 13, 11, 14, 0, 30, 39, 30, 33, 39, 19, 2, 21, 39, 35, 10, 22, 39, 27, 0, 18, 11, 37, 39, 30, 33, 31, 39, 13, 10, 20, 39, 4, 30, 39]
    PRED: [9, 2, 39, 30, 27, 33, 31, 39, 13, 5, 17, 39, 13, 17, 19, 0, 30, 39, 30, 33, 39, 28, 0, 21, 39, 35, 10, 22, 39, 35, 11, 8, 11, 39, 31, 33, 31, 39, 13, 12, 39, 4, 30, 39]
    Edit distance: 14/46

============================================================
Batch 48500 | Val PER: 0.3158
============================================================
  Sample 0:
    TRUE: [31, 17, 0, 19, 27, 2, 28, 17, 39, 27, 17, 19, 2, 22, 28, 16, 8, 11, 8, 39]
    PRED: [9, 17, 39, 0, 2, 28, 39, 14, 2, 14, 8, 10, 8, 8, 39]
    Edit distance: 12/20
  Sample 1:
    TRUE: [27, 16, 7, 39, 26, 11, 7, 2, 28, 30, 39, 28, 10, 34, 27, 2, 20, 39, 28, 5, 22, 8, 39, 20, 16, 31, 2, 14, 27, 1, 13, 28, 39]
    PRED: [35, 10, 28, 39, 26, 11, 29, 2, 16, 8, 39, 10, 34, 2, 20, 39, 0, 22, 8, 37, 39, 16, 28, 2, 28, 14, 18, 20, 5, 13, 39]
    Edit distance: 18/33
  Sample 2:
    TRUE: [28, 24, 39, 27, 33, 20, 37, 39, 35, 17, 39, 21, 12, 8, 39, 16, 22, 39, 2, 22, 2, 6, 1, 29, 30, 39, 19, 2, 20, 33, 38, 2, 22, 39]
    PRED: [9, 24, 39, 27, 33, 20, 37, 39, 35, 17, 39, 21, 6, 17, 8, 39, 16, 22, 39, 2, 22, 2, 11, 27, 1, 28, 30, 39, 19, 33, 20, 2, 22, 39]
    Edit distance: 9/34
  Sample 3:
    TRUE: [20, 3, 27, 17, 37, 39, 19, 0, 28, 30, 33, 21, 39, 22, 17, 8, 2, 8, 39, 6, 20, 1, 19, 39, 14, 20, 2, 34, 37, 39, 30, 33, 39, 6, 17, 39, 19, 2, 21, 26, 20, 17, 30, 20, 17, 39, 10, 20, 2, 14, 2, 22, 30, 39]
    PRED: [19, 27, 24, 17, 11, 39, 19, 1, 28, 2, 21, 39, 22, 12, 8, 39, 6, 0, 19, 39, 20, 16, 34, 8, 39, 30, 33, 39, 6, 17, 39, 19, 2, 21, 26, 20, 17, 39, 1, 20, 2, 22, 39]
    Edit distance: 22/54
  Sample 4:
    TRUE: [9, 2, 39, 30, 33, 31, 39, 13, 10, 27, 17, 39, 13, 11, 14, 0, 30, 39, 30, 33, 39, 19, 2, 21, 39, 35, 10, 22, 39, 27, 0, 18, 11, 37, 39, 30, 33, 31, 39, 13, 10, 20, 39, 4, 30, 39]
    PRED: [9, 2, 39, 30, 27, 33, 31, 39, 17, 27, 17, 39, 13, 17, 19, 19, 0, 30, 39, 30, 33, 39, 28, 30, 2, 21, 39, 35, 10, 22, 39, 35, 11, 8, 11, 39, 31, 33, 31, 39, 12, 20, 39, 4, 30, 39]
    Edit distance: 15/46

============================================================
Batch 49000 | Val PER: 0.3107
============================================================
  Sample 0:
    TRUE: [31, 17, 0, 19, 27, 2, 28, 17, 39, 27, 17, 19, 2, 22, 28, 16, 8, 11, 8, 39]
    PRED: [9, 16, 39, 0, 19, 28, 39, 27, 2, 17, 14, 8, 10, 8, 39]
    Edit distance: 12/20
  Sample 1:
    TRUE: [27, 16, 7, 39, 26, 11, 7, 2, 28, 30, 39, 28, 10, 34, 27, 2, 20, 39, 28, 5, 22, 8, 39, 20, 16, 31, 2, 14, 27, 1, 13, 28, 39]
    PRED: [27, 10, 28, 30, 39, 26, 11, 28, 2, 8, 37, 39, 10, 34, 2, 20, 39, 5, 22, 8, 37, 39, 20, 16, 28, 2, 28, 14, 18, 20, 5, 13, 30, 39]
    Edit distance: 16/33
  Sample 2:
    TRUE: [28, 24, 39, 27, 33, 20, 37, 39, 35, 17, 39, 21, 12, 8, 39, 16, 22, 39, 2, 22, 2, 6, 1, 29, 30, 39, 19, 2, 20, 33, 38, 2, 22, 39]
    PRED: [9, 24, 39, 27, 33, 20, 37, 39, 35, 17, 39, 21, 25, 8, 39, 16, 22, 39, 1, 22, 2, 27, 2, 28, 30, 39, 19, 33, 20, 33, 38, 2, 22, 8, 39]
    Edit distance: 8/34
  Sample 3:
    TRUE: [20, 3, 27, 17, 37, 39, 19, 0, 28, 30, 33, 21, 39, 22, 17, 8, 2, 8, 39, 6, 20, 1, 19, 39, 14, 20, 2, 34, 37, 39, 30, 33, 39, 6, 17, 39, 19, 2, 21, 26, 20, 17, 30, 20, 17, 39, 10, 20, 2, 14, 2, 22, 30, 39]
    PRED: [19, 27, 24, 17, 11, 39, 5, 28, 2, 21, 39, 22, 10, 8, 2, 8, 39, 21, 27, 0, 19, 39, 20, 2, 34, 8, 39, 30, 33, 39, 6, 17, 39, 19, 2, 21, 26, 20, 39, 1, 20, 2, 22, 39]
    Edit distance: 22/54
  Sample 4:
    TRUE: [9, 2, 39, 30, 33, 31, 39, 13, 10, 27, 17, 39, 13, 11, 14, 0, 30, 39, 30, 33, 39, 19, 2, 21, 39, 35, 10, 22, 39, 27, 0, 18, 11, 37, 39, 30, 33, 31, 39, 13, 10, 20, 39, 4, 30, 39]
    PRED: [9, 2, 39, 30, 27, 33, 31, 39, 5, 27, 17, 39, 13, 34, 17, 19, 0, 30, 39, 30, 33, 39, 28, 2, 21, 39, 35, 10, 22, 39, 35, 11, 8, 11, 37, 39, 31, 33, 31, 39, 39, 4, 30, 39]
    Edit distance: 14/46

============================================================
Batch 49500 | Val PER: 0.3178
============================================================
  Sample 0:
    TRUE: [31, 17, 0, 19, 27, 2, 28, 17, 39, 27, 17, 19, 2, 22, 28, 16, 8, 11, 8, 39]
    PRED: [9, 12, 39, 0, 28, 39, 27, 2, 17, 8, 39]
    Edit distance: 14/20
  Sample 1:
    TRUE: [27, 16, 7, 39, 26, 11, 7, 2, 28, 30, 39, 28, 10, 34, 27, 2, 20, 39, 28, 5, 22, 8, 39, 20, 16, 31, 2, 14, 27, 1, 13, 28, 39]
    PRED: [35, 10, 28, 30, 39, 26, 11, 28, 2, 37, 39, 10, 34, 2, 20, 39, 28, 5, 22, 8, 37, 39, 20, 16, 28, 9, 2, 28, 18, 20, 5, 13, 30, 39]
    Edit distance: 17/33
  Sample 2:
    TRUE: [28, 24, 39, 27, 33, 20, 37, 39, 35, 17, 39, 21, 12, 8, 39, 16, 22, 39, 2, 22, 2, 6, 1, 29, 30, 39, 19, 2, 20, 33, 38, 2, 22, 39]
    PRED: [9, 2, 39, 27, 33, 20, 37, 39, 21, 17, 39, 21, 25, 8, 39, 16, 22, 39, 10, 22, 2, 27, 2, 28, 30, 39, 19, 2, 20, 28, 2, 22, 39]
    Edit distance: 10/34
  Sample 3:
    TRUE: [20, 3, 27, 17, 37, 39, 19, 0, 28, 30, 33, 21, 39, 22, 17, 8, 2, 8, 39, 6, 20, 1, 19, 39, 14, 20, 2, 34, 37, 39, 30, 33, 39, 6, 17, 39, 19, 2, 21, 26, 20, 17, 30, 20, 17, 39, 10, 20, 2, 14, 2, 22, 30, 39]
    PRED: [19, 27, 24, 37, 11, 39, 19, 5, 28, 5, 21, 39, 22, 10, 8, 39, 21, 0, 19, 39, 20, 2, 34, 39, 30, 33, 39, 6, 17, 39, 19, 2, 26, 2, 17, 39, 1, 20, 2, 22, 39]
    Edit distance: 24/54
  Sample 4:
    TRUE: [9, 2, 39, 30, 33, 31, 39, 13, 10, 27, 17, 39, 13, 11, 14, 0, 30, 39, 30, 33, 39, 19, 2, 21, 39, 35, 10, 22, 39, 27, 0, 18, 11, 37, 39, 30, 33, 31, 39, 13, 10, 20, 39, 4, 30, 39]
    PRED: [9, 2, 39, 8, 27, 33, 31, 39, 13, 10, 27, 17, 11, 39, 13, 17, 30, 39, 30, 33, 39, 28, 0, 2, 21, 39, 35, 10, 22, 39, 35, 11, 8, 11, 39, 37, 39, 31, 33, 31, 39, 12, 39, 4, 30, 39]
    Edit distance: 16/46

============================================================
Batch 50000 | Val PER: 0.3199
============================================================
  Sample 0:
    TRUE: [31, 17, 0, 19, 27, 2, 28, 17, 39, 27, 17, 19, 2, 22, 28, 16, 8, 11, 8, 39]
    PRED: [9, 28, 39, 0, 19, 28, 39, 14, 27, 17, 14, 19, 8, 2, 39]
    Edit distance: 14/20
  Sample 1:
    TRUE: [27, 16, 7, 39, 26, 11, 7, 2, 28, 30, 39, 28, 10, 34, 27, 2, 20, 39, 28, 5, 22, 8, 39, 20, 16, 31, 2, 14, 27, 1, 13, 28, 39]
    PRED: [35, 10, 28, 30, 39, 26, 11, 28, 2, 37, 39, 30, 1, 34, 2, 20, 39, 30, 5, 22, 8, 37, 39, 20, 16, 28, 2, 28, 18, 5, 13, 39]
    Edit distance: 17/33
  Sample 2:
    TRUE: [28, 24, 39, 27, 33, 20, 37, 39, 35, 17, 39, 21, 12, 8, 39, 16, 22, 39, 2, 22, 2, 6, 1, 29, 30, 39, 19, 2, 20, 33, 38, 2, 22, 39]
    PRED: [9, 24, 39, 27, 33, 20, 37, 39, 35, 17, 39, 21, 17, 8, 39, 16, 22, 39, 1, 22, 2, 13, 27, 1, 28, 30, 39, 19, 2, 20, 33, 38, 37, 2, 22, 8, 39]
    Edit distance: 8/34
  Sample 3:
    TRUE: [20, 3, 27, 17, 37, 39, 19, 0, 28, 30, 33, 21, 39, 22, 17, 8, 2, 8, 39, 6, 20, 1, 19, 39, 14, 20, 2, 34, 37, 39, 30, 33, 39, 6, 17, 39, 19, 2, 21, 26, 20, 17, 30, 20, 17, 39, 10, 20, 2, 14, 2, 22, 30, 39]
    PRED: [19, 27, 24, 37, 11, 37, 39, 19, 5, 28, 30, 5, 6, 21, 39, 22, 10, 8, 2, 8, 39, 6, 1, 19, 39, 20, 5, 34, 8, 39, 30, 33, 39, 6, 17, 39, 19, 2, 26, 20, 30, 39, 1, 20, 2, 22, 39]
    Edit distance: 21/54
  Sample 4:
    TRUE: [9, 2, 39, 30, 33, 31, 39, 13, 10, 27, 17, 39, 13, 11, 14, 0, 30, 39, 30, 33, 39, 19, 2, 21, 39, 35, 10, 22, 39, 27, 0, 18, 11, 37, 39, 30, 33, 31, 39, 13, 10, 20, 39, 4, 30, 39]
    PRED: [9, 2, 39, 30, 27, 33, 31, 39, 13, 10, 27, 39, 13, 3, 2, 0, 0, 30, 39, 30, 33, 39, 28, 0, 21, 39, 35, 10, 22, 39, 35, 11, 0, 8, 11, 39, 37, 39, 31, 33, 31, 39, 13, 12, 39, 4, 30, 39]
    Edit distance: 14/46

============================================================
Batch 50500 | Val PER: 0.3134
============================================================
  Sample 0:
    TRUE: [31, 17, 0, 19, 27, 2, 28, 17, 39, 27, 17, 19, 2, 22, 28, 16, 8, 11, 8, 39]
    PRED: [9, 2, 0, 2, 28, 39, 27, 2, 17, 14, 22, 8, 10, 30, 39]
    Edit distance: 12/20
  Sample 1:
    TRUE: [27, 16, 7, 39, 26, 11, 7, 2, 28, 30, 39, 28, 10, 34, 27, 2, 20, 39, 28, 5, 22, 8, 39, 20, 16, 31, 2, 14, 27, 1, 13, 28, 39]
    PRED: [27, 10, 19, 28, 30, 39, 26, 11, 28, 2, 37, 39, 28, 10, 34, 2, 20, 39, 30, 5, 22, 8, 37, 39, 20, 16, 9, 2, 14, 18, 20, 5, 13, 39]
    Edit distance: 15/33
  Sample 2:
    TRUE: [28, 24, 39, 27, 33, 20, 37, 39, 35, 17, 39, 21, 12, 8, 39, 16, 22, 39, 2, 22, 2, 6, 1, 29, 30, 39, 19, 2, 20, 33, 38, 2, 22, 39]
    PRED: [9, 2, 39, 27, 33, 20, 37, 39, 35, 17, 39, 21, 5, 8, 39, 16, 22, 39, 10, 22, 2, 13, 27, 1, 28, 30, 39, 19, 2, 20, 33, 2, 22, 8, 39]
    Edit distance: 9/34
  Sample 3:
    TRUE: [20, 3, 27, 17, 37, 39, 19, 0, 28, 30, 33, 21, 39, 22, 17, 8, 2, 8, 39, 6, 20, 1, 19, 39, 14, 20, 2, 34, 37, 39, 30, 33, 39, 6, 17, 39, 19, 2, 21, 26, 20, 17, 30, 20, 17, 39, 10, 20, 2, 14, 2, 22, 30, 39]
    PRED: [19, 27, 24, 17, 37, 39, 19, 5, 28, 5, 2, 21, 39, 22, 10, 8, 39, 21, 0, 19, 39, 20, 5, 34, 8, 39, 30, 33, 39, 6, 17, 39, 19, 2, 21, 26, 20, 17, 39, 1, 20, 2, 22, 8, 39]
    Edit distance: 22/54
  Sample 4:
    TRUE: [9, 2, 39, 30, 33, 31, 39, 13, 10, 27, 17, 39, 13, 11, 14, 0, 30, 39, 30, 33, 39, 19, 2, 21, 39, 35, 10, 22, 39, 27, 0, 18, 11, 37, 39, 30, 33, 31, 39, 13, 10, 20, 39, 4, 30, 39]
    PRED: [9, 2, 39, 30, 27, 33, 31, 39, 13, 10, 27, 17, 39, 13, 17, 2, 0, 30, 39, 30, 33, 39, 28, 2, 21, 39, 27, 10, 22, 8, 39, 35, 17, 8, 11, 39, 37, 39, 31, 33, 31, 39, 12, 39, 4, 30, 39]
    Edit distance: 14/46

============================================================
Batch 51000 | Val PER: 0.3080
============================================================
  Sample 0:
    TRUE: [31, 17, 0, 19, 27, 2, 28, 17, 39, 27, 17, 19, 2, 22, 28, 16, 8, 11, 8, 39]
    PRED: [9, 17, 0, 19, 28, 39, 27, 2, 14, 2, 10, 30, 39]
    Edit distance: 12/20
  Sample 1:
    TRUE: [27, 16, 7, 39, 26, 11, 7, 2, 28, 30, 39, 28, 10, 34, 27, 2, 20, 39, 28, 5, 22, 8, 39, 20, 16, 31, 2, 14, 27, 1, 13, 28, 39]
    PRED: [35, 10, 28, 39, 26, 11, 28, 2, 8, 37, 39, 10, 34, 20, 39, 5, 22, 8, 37, 39, 8, 16, 28, 9, 14, 5, 13, 30, 39]
    Edit distance: 17/33
  Sample 2:
    TRUE: [28, 24, 39, 27, 33, 20, 37, 39, 35, 17, 39, 21, 12, 8, 39, 16, 22, 39, 2, 22, 2, 6, 1, 29, 30, 39, 19, 2, 20, 33, 38, 2, 22, 39]
    PRED: [9, 24, 39, 27, 33, 20, 24, 37, 39, 35, 17, 39, 21, 25, 8, 39, 16, 22, 39, 2, 22, 11, 1, 28, 30, 39, 19, 2, 20, 33, 38, 2, 22, 39]
    Edit distance: 6/34
  Sample 3:
    TRUE: [20, 3, 27, 17, 37, 39, 19, 0, 28, 30, 33, 21, 39, 22, 17, 8, 2, 8, 39, 6, 20, 1, 19, 39, 14, 20, 2, 34, 37, 39, 30, 33, 39, 6, 17, 39, 19, 2, 21, 26, 20, 17, 30, 20, 17, 39, 10, 20, 2, 14, 2, 22, 30, 39]
    PRED: [19, 27, 24, 17, 11, 39, 19, 5, 28, 2, 21, 39, 22, 12, 8, 2, 8, 39, 21, 16, 19, 39, 20, 2, 34, 8, 39, 30, 33, 39, 6, 17, 39, 19, 2, 21, 26, 20, 20, 39, 1, 20, 2, 22, 8, 39]
    Edit distance: 20/54
  Sample 4:
    TRUE: [9, 2, 39, 30, 33, 31, 39, 13, 10, 27, 17, 39, 13, 11, 14, 0, 30, 39, 30, 33, 39, 19, 2, 21, 39, 35, 10, 22, 39, 27, 0, 18, 11, 37, 39, 30, 33, 31, 39, 13, 10, 20, 39, 4, 30, 39]
    PRED: [9, 2, 39, 30, 33, 31, 39, 13, 10, 39, 13, 3, 0, 30, 39, 30, 33, 39, 28, 2, 21, 39, 35, 10, 22, 39, 35, 11, 8, 30, 11, 39, 31, 33, 31, 39, 13, 12, 39, 4, 30, 39]
    Edit distance: 13/46

============================================================
Batch 51500 | Val PER: 0.3136
============================================================
  Sample 0:
    TRUE: [31, 17, 0, 19, 27, 2, 28, 17, 39, 27, 17, 19, 2, 22, 28, 16, 8, 11, 8, 39]
    PRED: [9, 12, 39, 0, 19, 28, 2, 28, 39, 27, 16, 17, 14, 19, 2, 10, 12, 8, 39]
    Edit distance: 12/20
  Sample 1:
    TRUE: [27, 16, 7, 39, 26, 11, 7, 2, 28, 30, 39, 28, 10, 34, 27, 2, 20, 39, 28, 5, 22, 8, 39, 20, 16, 31, 2, 14, 27, 1, 13, 28, 39]
    PRED: [27, 35, 10, 28, 30, 39, 26, 11, 28, 2, 8, 37, 39, 28, 10, 34, 2, 20, 39, 28, 5, 22, 8, 39, 20, 16, 28, 9, 2, 14, 18, 20, 5, 13, 30, 39]
    Edit distance: 14/33
  Sample 2:
    TRUE: [28, 24, 39, 27, 33, 20, 37, 39, 35, 17, 39, 21, 12, 8, 39, 16, 22, 39, 2, 22, 2, 6, 1, 29, 30, 39, 19, 2, 20, 33, 38, 2, 22, 39]
    PRED: [9, 24, 39, 27, 33, 20, 37, 39, 35, 17, 39, 21, 25, 22, 8, 39, 16, 22, 39, 10, 22, 26, 27, 2, 28, 30, 39, 19, 33, 20, 33, 38, 2, 22, 39]
    Edit distance: 9/34
  Sample 3:
    TRUE: [20, 3, 27, 17, 37, 39, 19, 0, 28, 30, 33, 21, 39, 22, 17, 8, 2, 8, 39, 6, 20, 1, 19, 39, 14, 20, 2, 34, 37, 39, 30, 33, 39, 6, 17, 39, 19, 2, 21, 26, 20, 17, 30, 20, 17, 39, 10, 20, 2, 14, 2, 22, 30, 39]
    PRED: [19, 27, 24, 17, 11, 39, 19, 1, 5, 28, 2, 21, 39, 22, 12, 8, 39, 21, 0, 19, 39, 20, 16, 34, 8, 39, 30, 33, 39, 6, 17, 39, 19, 2, 21, 26, 20, 17, 39, 1, 20, 2, 22, 8, 39]
    Edit distance: 24/54
  Sample 4:
    TRUE: [9, 2, 39, 30, 33, 31, 39, 13, 10, 27, 17, 39, 13, 11, 14, 0, 30, 39, 30, 33, 39, 19, 2, 21, 39, 35, 10, 22, 39, 27, 0, 18, 11, 37, 39, 30, 33, 31, 39, 13, 10, 20, 39, 4, 30, 39]
    PRED: [9, 2, 39, 30, 36, 33, 31, 39, 12, 11, 39, 13, 3, 2, 19, 19, 0, 30, 39, 30, 33, 39, 28, 2, 21, 39, 35, 10, 22, 8, 39, 35, 11, 8, 30, 11, 39, 31, 33, 31, 39, 39, 4, 30, 39]
    Edit distance: 20/46

============================================================
Batch 52000 | Val PER: 0.3107
============================================================
  Sample 0:
    TRUE: [31, 17, 0, 19, 27, 2, 28, 17, 39, 27, 17, 19, 2, 22, 28, 16, 8, 11, 8, 39]
    PRED: [9, 17, 0, 28, 28, 39, 27, 2, 17, 14, 19, 10, 12, 30, 39]
    Edit distance: 13/20
  Sample 1:
    TRUE: [27, 16, 7, 39, 26, 11, 7, 2, 28, 30, 39, 28, 10, 34, 27, 2, 20, 39, 28, 5, 22, 8, 39, 20, 16, 31, 2, 14, 27, 1, 13, 28, 39]
    PRED: [27, 35, 10, 28, 30, 39, 26, 11, 28, 2, 37, 39, 28, 10, 34, 2, 20, 39, 28, 5, 22, 8, 37, 39, 20, 16, 9, 2, 28, 18, 8, 5, 13, 30, 39]
    Edit distance: 15/33
  Sample 2:
    TRUE: [28, 24, 39, 27, 33, 20, 37, 39, 35, 17, 39, 21, 12, 8, 39, 16, 22, 39, 2, 22, 2, 6, 1, 29, 30, 39, 19, 2, 20, 33, 38, 2, 22, 39]
    PRED: [9, 24, 39, 27, 33, 20, 37, 39, 35, 17, 39, 21, 5, 22, 8, 39, 16, 22, 39, 10, 22, 1, 28, 30, 39, 19, 33, 20, 33, 2, 22, 39]
    Edit distance: 9/34
  Sample 3:
    TRUE: [20, 3, 27, 17, 37, 39, 19, 0, 28, 30, 33, 21, 39, 22, 17, 8, 2, 8, 39, 6, 20, 1, 19, 39, 14, 20, 2, 34, 37, 39, 30, 33, 39, 6, 17, 39, 19, 2, 21, 26, 20, 17, 30, 20, 17, 39, 10, 20, 2, 14, 2, 22, 30, 39]
    PRED: [19, 27, 24, 17, 11, 39, 19, 1, 5, 28, 2, 21, 39, 22, 12, 8, 39, 21, 0, 19, 39, 20, 5, 34, 8, 39, 30, 33, 39, 6, 17, 39, 19, 2, 21, 26, 20, 17, 39, 1, 20, 2, 8, 39]
    Edit distance: 25/54
  Sample 4:
    TRUE: [9, 2, 39, 30, 33, 31, 39, 13, 10, 27, 17, 39, 13, 11, 14, 0, 30, 39, 30, 33, 39, 19, 2, 21, 39, 35, 10, 22, 39, 27, 0, 18, 11, 37, 39, 30, 33, 31, 39, 13, 10, 20, 39, 4, 30, 39]
    PRED: [9, 2, 39, 30, 27, 33, 31, 39, 10, 11, 39, 13, 17, 19, 19, 0, 30, 39, 30, 33, 39, 28, 2, 21, 39, 35, 10, 22, 8, 39, 35, 11, 8, 30, 11, 39, 37, 39, 31, 33, 31, 39, 13, 20, 39, 4, 30, 39]
    Edit distance: 16/46

============================================================
Batch 52500 | Val PER: 0.3068
============================================================
  Sample 0:
    TRUE: [31, 17, 0, 19, 27, 2, 28, 17, 39, 27, 17, 19, 2, 22, 28, 16, 8, 11, 8, 39]
    PRED: [9, 0, 28, 28, 39, 27, 2, 17, 10, 12, 39]
    Edit distance: 14/20
  Sample 1:
    TRUE: [27, 16, 7, 39, 26, 11, 7, 2, 28, 30, 39, 28, 10, 34, 27, 2, 20, 39, 28, 5, 22, 8, 39, 20, 16, 31, 2, 14, 27, 1, 13, 28, 39]
    PRED: [27, 10, 28, 30, 39, 26, 11, 28, 2, 37, 39, 10, 34, 2, 20, 39, 30, 5, 22, 8, 39, 20, 16, 2, 18, 5, 13, 30, 39]
    Edit distance: 14/33
  Sample 2:
    TRUE: [28, 24, 39, 27, 33, 20, 37, 39, 35, 17, 39, 21, 12, 8, 39, 16, 22, 39, 2, 22, 2, 6, 1, 29, 30, 39, 19, 2, 20, 33, 38, 2, 22, 39]
    PRED: [9, 24, 39, 27, 33, 20, 37, 39, 35, 17, 39, 21, 17, 8, 39, 16, 22, 39, 10, 22, 26, 27, 1, 28, 30, 39, 19, 33, 20, 33, 2, 22, 39]
    Edit distance: 8/34
  Sample 3:
    TRUE: [20, 3, 27, 17, 37, 39, 19, 0, 28, 30, 33, 21, 39, 22, 17, 8, 2, 8, 39, 6, 20, 1, 19, 39, 14, 20, 2, 34, 37, 39, 30, 33, 39, 6, 17, 39, 19, 2, 21, 26, 20, 17, 30, 20, 17, 39, 10, 20, 2, 14, 2, 22, 30, 39]
    PRED: [19, 27, 24, 17, 11, 39, 5, 28, 2, 21, 39, 22, 12, 8, 39, 21, 0, 19, 39, 20, 2, 5, 34, 39, 30, 33, 39, 6, 17, 39, 19, 2, 21, 26, 20, 17, 39, 1, 20, 2, 22, 39]
    Edit distance: 24/54
  Sample 4:
    TRUE: [9, 2, 39, 30, 33, 31, 39, 13, 10, 27, 17, 39, 13, 11, 14, 0, 30, 39, 30, 33, 39, 19, 2, 21, 39, 35, 10, 22, 39, 27, 0, 18, 11, 37, 39, 30, 33, 31, 39, 13, 10, 20, 39, 4, 30, 39]
    PRED: [9, 2, 39, 30, 8, 33, 31, 39, 10, 27, 11, 39, 13, 3, 19, 0, 30, 39, 30, 33, 39, 28, 2, 21, 39, 35, 10, 22, 39, 35, 5, 11, 39, 31, 33, 31, 39, 5, 39, 4, 30, 39]
    Edit distance: 14/46

============================================================
Batch 53000 | Val PER: 0.3097
============================================================
  Sample 0:
    TRUE: [31, 17, 0, 19, 27, 2, 28, 17, 39, 27, 17, 19, 2, 22, 28, 16, 8, 11, 8, 39]
    PRED: [9, 16, 0, 28, 28, 39, 27, 2, 14, 22, 10, 12, 8, 39]
    Edit distance: 13/20
  Sample 1:
    TRUE: [27, 16, 7, 39, 26, 11, 7, 2, 28, 30, 39, 28, 10, 34, 27, 2, 20, 39, 28, 5, 22, 8, 39, 20, 16, 31, 2, 14, 27, 1, 13, 28, 39]
    PRED: [35, 10, 28, 30, 39, 26, 11, 28, 7, 2, 37, 39, 10, 34, 2, 20, 39, 30, 0, 22, 8, 37, 39, 20, 16, 27, 39, 2, 28, 14, 20, 5, 13, 30, 39]
    Edit distance: 18/33
  Sample 2:
    TRUE: [28, 24, 39, 27, 33, 20, 37, 39, 35, 17, 39, 21, 12, 8, 39, 16, 22, 39, 2, 22, 2, 6, 1, 29, 30, 39, 19, 2, 20, 33, 38, 2, 22, 39]
    PRED: [9, 24, 39, 27, 33, 20, 37, 39, 35, 17, 39, 21, 10, 8, 39, 16, 22, 39, 10, 22, 27, 1, 28, 30, 39, 19, 33, 20, 33, 37, 2, 22, 8, 39]
    Edit distance: 9/34
  Sample 3:
    TRUE: [20, 3, 27, 17, 37, 39, 19, 0, 28, 30, 33, 21, 39, 22, 17, 8, 2, 8, 39, 6, 20, 1, 19, 39, 14, 20, 2, 34, 37, 39, 30, 33, 39, 6, 17, 39, 19, 2, 21, 26, 20, 17, 30, 20, 17, 39, 10, 20, 2, 14, 2, 22, 30, 39]
    PRED: [19, 27, 24, 17, 11, 39, 19, 5, 2, 21, 39, 22, 12, 8, 39, 6, 0, 19, 39, 20, 2, 34, 8, 39, 30, 33, 39, 6, 17, 39, 19, 2, 21, 26, 20, 17, 39, 1, 20, 2, 22, 39]
    Edit distance: 22/54
  Sample 4:
    TRUE: [9, 2, 39, 30, 33, 31, 39, 13, 10, 27, 17, 39, 13, 11, 14, 0, 30, 39, 30, 33, 39, 19, 2, 21, 39, 35, 10, 22, 39, 27, 0, 18, 11, 37, 39, 30, 33, 31, 39, 13, 10, 20, 39, 4, 30, 39]
    PRED: [9, 2, 39, 30, 36, 33, 31, 39, 12, 27, 39, 13, 3, 0, 0, 30, 39, 30, 33, 39, 28, 2, 21, 39, 35, 10, 22, 39, 35, 0, 7, 11, 39, 37, 39, 9, 33, 31, 39, 13, 12, 20, 39, 4, 30, 39]
    Edit distance: 12/46

============================================================
Batch 53500 | Val PER: 0.3070
============================================================
  Sample 0:
    TRUE: [31, 17, 0, 19, 27, 2, 28, 17, 39, 27, 17, 19, 2, 22, 28, 16, 8, 11, 8, 39]
    PRED: [9, 0, 28, 28, 39, 14, 2, 14, 8, 12, 8, 39]
    Edit distance: 13/20
  Sample 1:
    TRUE: [27, 16, 7, 39, 26, 11, 7, 2, 28, 30, 39, 28, 10, 34, 27, 2, 20, 39, 28, 5, 22, 8, 39, 20, 16, 31, 2, 14, 27, 1, 13, 28, 39]
    PRED: [35, 10, 28, 30, 39, 26, 11, 28, 2, 37, 39, 10, 34, 2, 20, 39, 30, 5, 22, 8, 39, 20, 16, 9, 2, 39, 14, 5, 13, 30, 39]
    Edit distance: 15/33
  Sample 2:
    TRUE: [28, 24, 39, 27, 33, 20, 37, 39, 35, 17, 39, 21, 12, 8, 39, 16, 22, 39, 2, 22, 2, 6, 1, 29, 30, 39, 19, 2, 20, 33, 38, 2, 22, 39]
    PRED: [9, 24, 39, 27, 33, 20, 37, 39, 35, 17, 39, 21, 12, 8, 39, 16, 22, 39, 16, 22, 27, 1, 29, 30, 39, 19, 20, 33, 2, 22, 8, 39]
    Edit distance: 7/34
  Sample 3:
    TRUE: [20, 3, 27, 17, 37, 39, 19, 0, 28, 30, 33, 21, 39, 22, 17, 8, 2, 8, 39, 6, 20, 1, 19, 39, 14, 20, 2, 34, 37, 39, 30, 33, 39, 6, 17, 39, 19, 2, 21, 26, 20, 17, 30, 20, 17, 39, 10, 20, 2, 14, 2, 22, 30, 39]
    PRED: [19, 27, 24, 11, 39, 19, 5, 28, 30, 2, 21, 39, 22, 12, 8, 2, 8, 39, 6, 5, 19, 39, 20, 5, 34, 8, 39, 30, 33, 39, 6, 17, 39, 19, 2, 21, 26, 20, 39, 1, 20, 2, 22, 8, 39]
    Edit distance: 20/54
  Sample 4:
    TRUE: [9, 2, 39, 30, 33, 31, 39, 13, 10, 27, 17, 39, 13, 11, 14, 0, 30, 39, 30, 33, 39, 19, 2, 21, 39, 35, 10, 22, 39, 27, 0, 18, 11, 37, 39, 30, 33, 31, 39, 13, 10, 20, 39, 4, 30, 39]
    PRED: [9, 2, 39, 30, 36, 33, 31, 39, 13, 12, 11, 39, 13, 3, 19, 19, 30, 39, 30, 33, 39, 28, 2, 21, 39, 35, 10, 22, 39, 35, 5, 8, 11, 39, 9, 33, 31, 39, 13, 39, 4, 30, 39]
    Edit distance: 15/46

============================================================
Batch 54000 | Val PER: 0.3137
============================================================
  Sample 0:
    TRUE: [31, 17, 0, 19, 27, 2, 28, 17, 39, 27, 17, 19, 2, 22, 28, 16, 8, 11, 8, 39]
    PRED: [9, 39, 0, 19, 28, 28, 39, 27, 2, 14, 19, 12, 39]
    Edit distance: 13/20
  Sample 1:
    TRUE: [27, 16, 7, 39, 26, 11, 7, 2, 28, 30, 39, 28, 10, 34, 27, 2, 20, 39, 28, 5, 22, 8, 39, 20, 16, 31, 2, 14, 27, 1, 13, 28, 39]
    PRED: [27, 10, 19, 28, 30, 39, 26, 11, 28, 2, 37, 39, 10, 34, 2, 20, 39, 30, 1, 22, 8, 39, 20, 16, 9, 2, 39, 18, 2, 13, 39]
    Edit distance: 16/33
  Sample 2:
    TRUE: [28, 24, 39, 27, 33, 20, 37, 39, 35, 17, 39, 21, 12, 8, 39, 16, 22, 39, 2, 22, 2, 6, 1, 29, 30, 39, 19, 2, 20, 33, 38, 2, 22, 39]
    PRED: [9, 24, 39, 27, 33, 20, 37, 39, 35, 17, 39, 21, 12, 22, 8, 39, 16, 22, 39, 10, 22, 2, 27, 1, 28, 30, 39, 19, 33, 20, 33, 2, 22, 39]
    Edit distance: 7/34
  Sample 3:
    TRUE: [20, 3, 27, 17, 37, 39, 19, 0, 28, 30, 33, 21, 39, 22, 17, 8, 2, 8, 39, 6, 20, 1, 19, 39, 14, 20, 2, 34, 37, 39, 30, 33, 39, 6, 17, 39, 19, 2, 21, 26, 20, 17, 30, 20, 17, 39, 10, 20, 2, 14, 2, 22, 30, 39]
    PRED: [19, 27, 24, 17, 11, 39, 19, 1, 28, 2, 21, 39, 22, 12, 8, 2, 8, 39, 21, 27, 0, 19, 39, 8, 20, 2, 16, 34, 8, 39, 30, 33, 39, 6, 17, 33, 39, 19, 2, 21, 26, 20, 17, 2, 39, 1, 20, 2, 22, 8, 39]
    Edit distance: 22/54
  Sample 4:
    TRUE: [9, 2, 39, 30, 33, 31, 39, 13, 10, 27, 17, 39, 13, 11, 14, 0, 30, 39, 30, 33, 39, 19, 2, 21, 39, 35, 10, 22, 39, 27, 0, 18, 11, 37, 39, 30, 33, 31, 39, 13, 10, 20, 39, 4, 30, 39]
    PRED: [9, 2, 39, 7, 27, 33, 31, 39, 13, 10, 27, 11, 39, 13, 3, 17, 19, 0, 30, 39, 30, 33, 39, 28, 2, 21, 39, 35, 10, 22, 8, 39, 35, 11, 0, 8, 30, 11, 39, 37, 39, 31, 33, 31, 39, 13, 12, 20, 39, 4, 30, 39]
    Edit distance: 15/46

============================================================
Batch 54500 | Val PER: 0.3084
============================================================
  Sample 0:
    TRUE: [31, 17, 0, 19, 27, 2, 28, 17, 39, 27, 17, 19, 2, 22, 28, 16, 8, 11, 8, 39]
    PRED: [9, 16, 2, 0, 28, 39, 27, 2, 14, 10, 30, 8, 39]
    Edit distance: 14/20
  Sample 1:
    TRUE: [27, 16, 7, 39, 26, 11, 7, 2, 28, 30, 39, 28, 10, 34, 27, 2, 20, 39, 28, 5, 22, 8, 39, 20, 16, 31, 2, 14, 27, 1, 13, 28, 39]
    PRED: [35, 10, 28, 30, 39, 26, 11, 27, 28, 2, 37, 39, 28, 10, 34, 2, 20, 39, 30, 0, 22, 8, 37, 39, 20, 16, 28, 2, 28, 14, 8, 5, 13, 30, 39]
    Edit distance: 17/33
  Sample 2:
    TRUE: [28, 24, 39, 27, 33, 20, 37, 39, 35, 17, 39, 21, 12, 8, 39, 16, 22, 39, 2, 22, 2, 6, 1, 29, 30, 39, 19, 2, 20, 33, 38, 2, 22, 39]
    PRED: [9, 24, 39, 27, 33, 20, 37, 39, 35, 17, 39, 21, 10, 22, 8, 39, 16, 22, 39, 16, 22, 1, 28, 30, 39, 19, 2, 20, 33, 2, 22, 39]
    Edit distance: 8/34
  Sample 3:
    TRUE: [20, 3, 27, 17, 37, 39, 19, 0, 28, 30, 33, 21, 39, 22, 17, 8, 2, 8, 39, 6, 20, 1, 19, 39, 14, 20, 2, 34, 37, 39, 30, 33, 39, 6, 17, 39, 19, 2, 21, 26, 20, 17, 30, 20, 17, 39, 10, 20, 2, 14, 2, 22, 30, 39]
    PRED: [19, 27, 24, 17, 11, 39, 28, 30, 2, 21, 39, 22, 10, 8, 2, 8, 39, 21, 27, 1, 19, 39, 20, 2, 16, 34, 8, 39, 30, 33, 39, 6, 17, 39, 19, 2, 21, 26, 8, 20, 17, 39, 1, 20, 2, 22, 8, 39]
    Edit distance: 20/54
  Sample 4:
    TRUE: [9, 2, 39, 30, 33, 31, 39, 13, 10, 27, 17, 39, 13, 11, 14, 0, 30, 39, 30, 33, 39, 19, 2, 21, 39, 35, 10, 22, 39, 27, 0, 18, 11, 37, 39, 30, 33, 31, 39, 13, 10, 20, 39, 4, 30, 39]
    PRED: [9, 2, 39, 7, 27, 33, 31, 39, 13, 10, 39, 13, 17, 19, 0, 30, 39, 30, 33, 39, 28, 2, 21, 39, 35, 10, 22, 8, 39, 35, 11, 0, 8, 30, 11, 39, 37, 39, 31, 33, 31, 39, 29, 39, 4, 30, 39]
    Edit distance: 17/46

============================================================
Batch 55000 | Val PER: 0.3071
============================================================
  Sample 0:
    TRUE: [31, 17, 0, 19, 27, 2, 28, 17, 39, 27, 17, 19, 2, 22, 28, 16, 8, 11, 8, 39]
    PRED: [9, 16, 0, 2, 28, 39, 27, 2, 14, 22, 10, 30, 17, 8, 39]
    Edit distance: 12/20
  Sample 1:
    TRUE: [27, 16, 7, 39, 26, 11, 7, 2, 28, 30, 39, 28, 10, 34, 27, 2, 20, 39, 28, 5, 22, 8, 39, 20, 16, 31, 2, 14, 27, 1, 13, 28, 39]
    PRED: [35, 10, 28, 30, 39, 26, 11, 27, 28, 2, 37, 39, 10, 34, 2, 20, 39, 30, 1, 22, 8, 37, 39, 20, 16, 28, 2, 28, 14, 18, 5, 13, 30, 39]
    Edit distance: 18/33
  Sample 2:
    TRUE: [28, 24, 39, 27, 33, 20, 37, 39, 35, 17, 39, 21, 12, 8, 39, 16, 22, 39, 2, 22, 2, 6, 1, 29, 30, 39, 19, 2, 20, 33, 38, 2, 22, 39]
    PRED: [9, 24, 39, 27, 33, 20, 37, 39, 35, 17, 39, 21, 10, 22, 8, 39, 16, 22, 39, 10, 22, 1, 29, 30, 39, 19, 33, 20, 33, 38, 2, 22, 8, 39]
    Edit distance: 8/34
  Sample 3:
    TRUE: [20, 3, 27, 17, 37, 39, 19, 0, 28, 30, 33, 21, 39, 22, 17, 8, 2, 8, 39, 6, 20, 1, 19, 39, 14, 20, 2, 34, 37, 39, 30, 33, 39, 6, 17, 39, 19, 2, 21, 26, 20, 17, 30, 20, 17, 39, 10, 20, 2, 14, 2, 22, 30, 39]
    PRED: [19, 27, 24, 17, 11, 39, 19, 1, 30, 21, 39, 22, 10, 8, 2, 8, 39, 21, 0, 19, 39, 8, 20, 2, 16, 34, 8, 39, 30, 33, 39, 6, 17, 39, 19, 2, 21, 26, 20, 17, 39, 1, 20, 2, 22, 8, 39]
    Edit distance: 21/54
  Sample 4:
    TRUE: [9, 2, 39, 30, 33, 31, 39, 13, 10, 27, 17, 39, 13, 11, 14, 0, 30, 39, 30, 33, 39, 19, 2, 21, 39, 35, 10, 22, 39, 27, 0, 18, 11, 37, 39, 30, 33, 31, 39, 13, 10, 20, 39, 4, 30, 39]
    PRED: [9, 2, 39, 7, 36, 33, 31, 39, 13, 10, 39, 13, 3, 0, 30, 39, 30, 33, 39, 28, 2, 21, 39, 35, 10, 22, 39, 35, 11, 8, 11, 37, 39, 31, 33, 31, 39, 13, 12, 29, 39, 4, 30, 39]
    Edit distance: 13/46

============================================================
Batch 55500 | Val PER: 0.3063
============================================================
  Sample 0:
    TRUE: [31, 17, 0, 19, 27, 2, 28, 17, 39, 27, 17, 19, 2, 22, 28, 16, 8, 11, 8, 39]
    PRED: [9, 16, 39, 0, 19, 2, 28, 39, 27, 2, 14, 22, 2, 2, 8, 39]
    Edit distance: 12/20
  Sample 1:
    TRUE: [27, 16, 7, 39, 26, 11, 7, 2, 28, 30, 39, 28, 10, 34, 27, 2, 20, 39, 28, 5, 22, 8, 39, 20, 16, 31, 2, 14, 27, 1, 13, 28, 39]
    PRED: [27, 10, 19, 28, 39, 26, 11, 28, 2, 37, 39, 10, 34, 2, 20, 39, 30, 5, 22, 8, 39, 20, 16, 2, 18, 5, 13, 39]
    Edit distance: 14/33
  Sample 2:
    TRUE: [28, 24, 39, 27, 33, 20, 37, 39, 35, 17, 39, 21, 12, 8, 39, 16, 22, 39, 2, 22, 2, 6, 1, 29, 30, 39, 19, 2, 20, 33, 38, 2, 22, 39]
    PRED: [9, 24, 39, 27, 33, 20, 37, 39, 35, 17, 39, 16, 21, 10, 8, 39, 16, 22, 39, 10, 2, 22, 27, 1, 28, 30, 39, 19, 33, 20, 33, 2, 22, 39]
    Edit distance: 9/34
  Sample 3:
    TRUE: [20, 3, 27, 17, 37, 39, 19, 0, 28, 30, 33, 21, 39, 22, 17, 8, 2, 8, 39, 6, 20, 1, 19, 39, 14, 20, 2, 34, 37, 39, 30, 33, 39, 6, 17, 39, 19, 2, 21, 26, 20, 17, 30, 20, 17, 39, 10, 20, 2, 14, 2, 22, 30, 39]
    PRED: [27, 24, 17, 11, 39, 19, 5, 28, 2, 21, 39, 22, 10, 8, 2, 39, 21, 0, 19, 39, 20, 2, 34, 39, 30, 33, 39, 6, 17, 39, 19, 2, 21, 26, 11, 20, 2, 17, 39, 1, 20, 2, 22, 39]
    Edit distance: 22/54
  Sample 4:
    TRUE: [9, 2, 39, 30, 33, 31, 39, 13, 10, 27, 17, 39, 13, 11, 14, 0, 30, 39, 30, 33, 39, 19, 2, 21, 39, 35, 10, 22, 39, 27, 0, 18, 11, 37, 39, 30, 33, 31, 39, 13, 10, 20, 39, 4, 30, 39]
    PRED: [9, 2, 39, 7, 27, 33, 31, 39, 16, 11, 39, 13, 3, 0, 30, 39, 30, 33, 39, 28, 2, 21, 39, 35, 10, 22, 8, 39, 35, 2, 8, 11, 37, 39, 31, 9, 33, 31, 39, 39, 4, 30, 39]
    Edit distance: 18/46

============================================================
Batch 56000 | Val PER: 0.3100
============================================================
  Sample 0:
    TRUE: [31, 17, 0, 19, 27, 2, 28, 17, 39, 27, 17, 19, 2, 22, 28, 16, 8, 11, 8, 39]
    PRED: [9, 2, 0, 19, 2, 28, 39, 27, 2, 14, 22, 10, 12, 16, 8, 39]
    Edit distance: 11/20
  Sample 1:
    TRUE: [27, 16, 7, 39, 26, 11, 7, 2, 28, 30, 39, 28, 10, 34, 27, 2, 20, 39, 28, 5, 22, 8, 39, 20, 16, 31, 2, 14, 27, 1, 13, 28, 39]
    PRED: [35, 10, 19, 28, 30, 26, 11, 27, 29, 2, 37, 39, 10, 34, 2, 20, 39, 30, 5, 22, 8, 37, 39, 20, 16, 28, 9, 2, 18, 5, 13, 39]
    Edit distance: 19/33
  Sample 2:
    TRUE: [28, 24, 39, 27, 33, 20, 37, 39, 35, 17, 39, 21, 12, 8, 39, 16, 22, 39, 2, 22, 2, 6, 1, 29, 30, 39, 19, 2, 20, 33, 38, 2, 22, 39]
    PRED: [9, 2, 39, 27, 33, 20, 37, 39, 35, 17, 39, 16, 21, 10, 22, 8, 39, 16, 22, 39, 10, 22, 11, 27, 1, 29, 39, 19, 33, 20, 33, 2, 22, 39]
    Edit distance: 11/34
  Sample 3:
    TRUE: [20, 3, 27, 17, 37, 39, 19, 0, 28, 30, 33, 21, 39, 22, 17, 8, 2, 8, 39, 6, 20, 1, 19, 39, 14, 20, 2, 34, 37, 39, 30, 33, 39, 6, 17, 39, 19, 2, 21, 26, 20, 17, 30, 20, 17, 39, 10, 20, 2, 14, 2, 22, 30, 39]
    PRED: [19, 27, 24, 11, 39, 19, 5, 28, 2, 21, 39, 22, 10, 8, 2, 8, 39, 21, 27, 0, 19, 39, 20, 2, 34, 8, 39, 30, 33, 39, 6, 17, 39, 19, 2, 21, 26, 20, 39, 1, 20, 2, 22, 39]
    Edit distance: 21/54
  Sample 4:
    TRUE: [9, 2, 39, 30, 33, 31, 39, 13, 10, 27, 17, 39, 13, 11, 14, 0, 30, 39, 30, 33, 39, 19, 2, 21, 39, 35, 10, 22, 39, 27, 0, 18, 11, 37, 39, 30, 33, 31, 39, 13, 10, 20, 39, 4, 30, 39]
    PRED: [9, 2, 39, 7, 33, 31, 39, 13, 10, 39, 13, 3, 39, 30, 33, 39, 28, 2, 21, 39, 35, 10, 22, 8, 39, 35, 11, 8, 11, 37, 39, 31, 33, 31, 39, 12, 39, 4, 30, 39]
    Edit distance: 16/46

============================================================
Batch 56500 | Val PER: 0.3081
============================================================
  Sample 0:
    TRUE: [31, 17, 0, 19, 27, 2, 28, 17, 39, 27, 17, 19, 2, 22, 28, 16, 8, 11, 8, 39]
    PRED: [9, 2, 0, 19, 28, 39, 27, 2, 14, 19, 22, 2, 2, 8, 39]
    Edit distance: 12/20
  Sample 1:
    TRUE: [27, 16, 7, 39, 26, 11, 7, 2, 28, 30, 39, 28, 10, 34, 27, 2, 20, 39, 28, 5, 22, 8, 39, 20, 16, 31, 2, 14, 27, 1, 13, 28, 39]
    PRED: [35, 10, 19, 28, 30, 26, 11, 28, 2, 37, 39, 10, 34, 2, 20, 39, 30, 5, 22, 8, 37, 39, 20, 16, 9, 2, 14, 18, 27, 2, 13, 28, 39]
    Edit distance: 15/33
  Sample 2:
    TRUE: [28, 24, 39, 27, 33, 20, 37, 39, 35, 17, 39, 21, 12, 8, 39, 16, 22, 39, 2, 22, 2, 6, 1, 29, 30, 39, 19, 2, 20, 33, 38, 2, 22, 39]
    PRED: [9, 24, 39, 27, 33, 20, 24, 37, 39, 35, 17, 39, 21, 10, 22, 8, 39, 16, 22, 39, 10, 2, 22, 1, 28, 30, 39, 19, 33, 20, 33, 38, 2, 22, 39]
    Edit distance: 9/34
  Sample 3:
    TRUE: [20, 3, 27, 17, 37, 39, 19, 0, 28, 30, 33, 21, 39, 22, 17, 8, 2, 8, 39, 6, 20, 1, 19, 39, 14, 20, 2, 34, 37, 39, 30, 33, 39, 6, 17, 39, 19, 2, 21, 26, 20, 17, 30, 20, 17, 39, 10, 20, 2, 14, 2, 22, 30, 39]
    PRED: [19, 27, 24, 11, 39, 19, 1, 28, 30, 21, 39, 22, 10, 8, 2, 8, 39, 6, 0, 19, 39, 20, 2, 34, 8, 39, 30, 33, 39, 6, 17, 39, 19, 2, 21, 26, 20, 17, 39, 1, 20, 2, 22, 39]
    Edit distance: 18/54
  Sample 4:
    TRUE: [9, 2, 39, 30, 33, 31, 39, 13, 10, 27, 17, 39, 13, 11, 14, 0, 30, 39, 30, 33, 39, 19, 2, 21, 39, 35, 10, 22, 39, 27, 0, 18, 11, 37, 39, 30, 33, 31, 39, 13, 10, 20, 39, 4, 30, 39]
    PRED: [9, 2, 39, 7, 27, 33, 31, 39, 13, 10, 27, 11, 39, 13, 3, 0, 0, 30, 39, 30, 33, 39, 28, 2, 21, 39, 35, 10, 22, 8, 39, 35, 12, 8, 11, 37, 39, 9, 33, 31, 39, 12, 20, 20, 39, 4, 30, 39]
    Edit distance: 13/46

============================================================
Batch 57000 | Val PER: 0.3033
============================================================
  Sample 0:
    TRUE: [31, 17, 0, 19, 27, 2, 28, 17, 39, 27, 17, 19, 2, 22, 28, 16, 8, 11, 8, 39]
    PRED: [9, 2, 0, 19, 30, 28, 39, 27, 2, 14, 22, 2, 2, 8, 39]
    Edit distance: 12/20
  Sample 1:
    TRUE: [27, 16, 7, 39, 26, 11, 7, 2, 28, 30, 39, 28, 10, 34, 27, 2, 20, 39, 28, 5, 22, 8, 39, 20, 16, 31, 2, 14, 27, 1, 13, 28, 39]
    PRED: [27, 10, 19, 28, 30, 39, 26, 11, 28, 2, 37, 39, 10, 34, 2, 20, 39, 30, 5, 22, 8, 39, 20, 16, 2, 2, 14, 18, 2, 13, 39]
    Edit distance: 14/33
  Sample 2:
    TRUE: [28, 24, 39, 27, 33, 20, 37, 39, 35, 17, 39, 21, 12, 8, 39, 16, 22, 39, 2, 22, 2, 6, 1, 29, 30, 39, 19, 2, 20, 33, 38, 2, 22, 39]
    PRED: [9, 2, 24, 39, 27, 33, 20, 24, 37, 39, 35, 17, 39, 21, 10, 22, 8, 39, 16, 22, 39, 16, 22, 2, 11, 27, 1, 28, 30, 39, 19, 2, 20, 33, 2, 22, 39]
    Edit distance: 10/34
  Sample 3:
    TRUE: [20, 3, 27, 17, 37, 39, 19, 0, 28, 30, 33, 21, 39, 22, 17, 8, 2, 8, 39, 6, 20, 1, 19, 39, 14, 20, 2, 34, 37, 39, 30, 33, 39, 6, 17, 39, 19, 2, 21, 26, 20, 17, 30, 20, 17, 39, 10, 20, 2, 14, 2, 22, 30, 39]
    PRED: [19, 27, 24, 17, 11, 39, 19, 1, 28, 2, 21, 39, 22, 10, 8, 39, 21, 27, 2, 19, 39, 20, 2, 34, 8, 39, 30, 33, 39, 6, 17, 39, 19, 2, 21, 26, 20, 17, 39, 1, 20, 2, 22, 8, 39]
    Edit distance: 22/54
  Sample 4:
    TRUE: [9, 2, 39, 30, 33, 31, 39, 13, 10, 27, 17, 39, 13, 11, 14, 0, 30, 39, 30, 33, 39, 19, 2, 21, 39, 35, 10, 22, 39, 27, 0, 18, 11, 37, 39, 30, 33, 31, 39, 13, 10, 20, 39, 4, 30, 39]
    PRED: [9, 2, 39, 30, 33, 31, 39, 10, 27, 39, 13, 3, 19, 39, 30, 33, 39, 28, 2, 21, 39, 35, 10, 22, 8, 39, 35, 11, 8, 11, 37, 39, 9, 33, 31, 39, 13, 10, 39, 4, 30, 39]
    Edit distance: 13/46

============================================================
Batch 57500 | Val PER: 0.3081
============================================================
  Sample 0:
    TRUE: [31, 17, 0, 19, 27, 2, 28, 17, 39, 27, 17, 19, 2, 22, 28, 16, 8, 11, 8, 39]
    PRED: [9, 2, 0, 28, 39, 27, 2, 14, 22, 10, 2, 39]
    Edit distance: 14/20
  Sample 1:
    TRUE: [27, 16, 7, 39, 26, 11, 7, 2, 28, 30, 39, 28, 10, 34, 27, 2, 20, 39, 28, 5, 22, 8, 39, 20, 16, 31, 2, 14, 27, 1, 13, 28, 39]
    PRED: [27, 35, 10, 28, 30, 39, 26, 11, 27, 28, 2, 37, 39, 10, 34, 2, 20, 39, 30, 5, 22, 8, 37, 39, 20, 16, 2, 18, 5, 13, 39]
    Edit distance: 17/33
  Sample 2:
    TRUE: [28, 24, 39, 27, 33, 20, 37, 39, 35, 17, 39, 21, 12, 8, 39, 16, 22, 39, 2, 22, 2, 6, 1, 29, 30, 39, 19, 2, 20, 33, 38, 2, 22, 39]
    PRED: [9, 2, 24, 39, 27, 33, 20, 24, 39, 35, 17, 39, 21, 10, 22, 8, 39, 16, 22, 39, 2, 22, 11, 26, 1, 28, 30, 39, 19, 33, 20, 38, 2, 22, 39]
    Edit distance: 10/34
  Sample 3:
    TRUE: [20, 3, 27, 17, 37, 39, 19, 0, 28, 30, 33, 21, 39, 22, 17, 8, 2, 8, 39, 6, 20, 1, 19, 39, 14, 20, 2, 34, 37, 39, 30, 33, 39, 6, 17, 39, 19, 2, 21, 26, 20, 17, 30, 20, 17, 39, 10, 20, 2, 14, 2, 22, 30, 39]
    PRED: [19, 27, 24, 17, 11, 39, 19, 1, 28, 2, 21, 39, 22, 10, 2, 8, 39, 21, 0, 19, 39, 20, 2, 34, 8, 39, 30, 33, 39, 6, 17, 39, 19, 2, 26, 20, 39, 1, 20, 2, 22, 39]
    Edit distance: 23/54
  Sample 4:
    TRUE: [9, 2, 39, 30, 33, 31, 39, 13, 10, 27, 17, 39, 13, 11, 14, 0, 30, 39, 30, 33, 39, 19, 2, 21, 39, 35, 10, 22, 39, 27, 0, 18, 11, 37, 39, 30, 33, 31, 39, 13, 10, 20, 39, 4, 30, 39]
    PRED: [9, 2, 39, 30, 27, 33, 31, 39, 10, 39, 13, 3, 0, 0, 39, 30, 33, 39, 28, 2, 21, 39, 35, 10, 22, 39, 35, 11, 8, 11, 37, 39, 31, 33, 31, 39, 12, 39, 4, 30, 39]
    Edit distance: 15/46

============================================================
Batch 58000 | Val PER: 0.3034
============================================================
  Sample 0:
    TRUE: [31, 17, 0, 19, 27, 2, 28, 17, 39, 27, 17, 19, 2, 22, 28, 16, 8, 11, 8, 39]
    PRED: [9, 2, 0, 28, 39, 27, 2, 17, 14, 10, 30, 39]
    Edit distance: 14/20
  Sample 1:
    TRUE: [27, 16, 7, 39, 26, 11, 7, 2, 28, 30, 39, 28, 10, 34, 27, 2, 20, 39, 28, 5, 22, 8, 39, 20, 16, 31, 2, 14, 27, 1, 13, 28, 39]
    PRED: [27, 10, 19, 28, 39, 26, 11, 28, 2, 37, 39, 10, 34, 2, 20, 39, 30, 5, 22, 8, 39, 20, 16, 2, 18, 5, 13, 39]
    Edit distance: 14/33
  Sample 2:
    TRUE: [28, 24, 39, 27, 33, 20, 37, 39, 35, 17, 39, 21, 12, 8, 39, 16, 22, 39, 2, 22, 2, 6, 1, 29, 30, 39, 19, 2, 20, 33, 38, 2, 22, 39]
    PRED: [9, 24, 39, 27, 33, 20, 24, 37, 39, 35, 17, 39, 21, 10, 8, 39, 16, 22, 39, 2, 22, 2, 26, 1, 28, 30, 39, 19, 33, 20, 33, 37, 2, 22, 39]
    Edit distance: 7/34
  Sample 3:
    TRUE: [20, 3, 27, 17, 37, 39, 19, 0, 28, 30, 33, 21, 39, 22, 17, 8, 2, 8, 39, 6, 20, 1, 19, 39, 14, 20, 2, 34, 37, 39, 30, 33, 39, 6, 17, 39, 19, 2, 21, 26, 20, 17, 30, 20, 17, 39, 10, 20, 2, 14, 2, 22, 30, 39]
    PRED: [19, 27, 24, 17, 11, 39, 19, 1, 28, 30, 27, 2, 21, 39, 22, 10, 8, 39, 21, 0, 19, 39, 20, 2, 34, 8, 39, 30, 33, 39, 6, 17, 39, 19, 2, 21, 26, 20, 17, 39, 1, 20, 2, 22, 39]
    Edit distance: 22/54
  Sample 4:
    TRUE: [9, 2, 39, 30, 33, 31, 39, 13, 10, 27, 17, 39, 13, 11, 14, 0, 30, 39, 30, 33, 39, 19, 2, 21, 39, 35, 10, 22, 39, 27, 0, 18, 11, 37, 39, 30, 33, 31, 39, 13, 10, 20, 39, 4, 30, 39]
    PRED: [9, 2, 39, 30, 33, 31, 39, 13, 10, 27, 39, 13, 3, 0, 30, 39, 30, 33, 39, 28, 2, 21, 39, 35, 10, 22, 8, 39, 35, 11, 8, 11, 37, 39, 31, 33, 31, 39, 12, 20, 39, 4, 30, 39]
    Edit distance: 11/46

============================================================
Batch 58500 | Val PER: 0.3079
============================================================
  Sample 0:
    TRUE: [31, 17, 0, 19, 27, 2, 28, 17, 39, 27, 17, 19, 2, 22, 28, 16, 8, 11, 8, 39]
    PRED: [9, 2, 0, 19, 28, 2, 28, 39, 27, 17, 14, 19, 19, 22, 10, 30, 8, 39]
    Edit distance: 10/20
  Sample 1:
    TRUE: [27, 16, 7, 39, 26, 11, 7, 2, 28, 30, 39, 28, 10, 34, 27, 2, 20, 39, 28, 5, 22, 8, 39, 20, 16, 31, 2, 14, 27, 1, 13, 28, 39]
    PRED: [27, 10, 19, 28, 30, 26, 11, 28, 2, 37, 39, 10, 34, 2, 20, 39, 5, 22, 8, 37, 39, 20, 16, 9, 14, 18, 5, 13, 39]
    Edit distance: 16/33
  Sample 2:
    TRUE: [28, 24, 39, 27, 33, 20, 37, 39, 35, 17, 39, 21, 12, 8, 39, 16, 22, 39, 2, 22, 2, 6, 1, 29, 30, 39, 19, 2, 20, 33, 38, 2, 22, 39]
    PRED: [9, 24, 39, 27, 33, 20, 37, 39, 35, 17, 39, 21, 10, 22, 8, 39, 16, 22, 39, 2, 22, 27, 1, 28, 30, 39, 19, 33, 20, 33, 2, 22, 8, 39]
    Edit distance: 9/34
  Sample 3:
    TRUE: [20, 3, 27, 17, 37, 39, 19, 0, 28, 30, 33, 21, 39, 22, 17, 8, 2, 8, 39, 6, 20, 1, 19, 39, 14, 20, 2, 34, 37, 39, 30, 33, 39, 6, 17, 39, 19, 2, 21, 26, 20, 17, 30, 20, 17, 39, 10, 20, 2, 14, 2, 22, 30, 39]
    PRED: [19, 27, 24, 17, 11, 39, 19, 1, 19, 28, 30, 2, 21, 39, 22, 10, 8, 39, 21, 0, 19, 39, 20, 2, 34, 8, 39, 30, 33, 39, 6, 17, 39, 19, 2, 21, 26, 20, 17, 39, 1, 20, 2, 22, 8, 39]
    Edit distance: 22/54
  Sample 4:
    TRUE: [9, 2, 39, 30, 33, 31, 39, 13, 10, 27, 17, 39, 13, 11, 14, 0, 30, 39, 30, 33, 39, 19, 2, 21, 39, 35, 10, 22, 39, 27, 0, 18, 11, 37, 39, 30, 33, 31, 39, 13, 10, 20, 39, 4, 30, 39]
    PRED: [9, 2, 39, 7, 27, 33, 31, 39, 10, 27, 39, 13, 3, 19, 19, 30, 39, 30, 33, 39, 28, 2, 21, 39, 35, 10, 22, 39, 27, 11, 8, 30, 11, 37, 39, 31, 33, 31, 39, 12, 20, 39, 4, 30, 39]
    Edit distance: 14/46

============================================================
Batch 59000 | Val PER: 0.3041
============================================================
  Sample 0:
    TRUE: [31, 17, 0, 19, 27, 2, 28, 17, 39, 27, 17, 19, 2, 22, 28, 16, 8, 11, 8, 39]
    PRED: [9, 16, 0, 19, 28, 39, 27, 17, 14, 22, 10, 2, 8, 39]
    Edit distance: 11/20
  Sample 1:
    TRUE: [27, 16, 7, 39, 26, 11, 7, 2, 28, 30, 39, 28, 10, 34, 27, 2, 20, 39, 28, 5, 22, 8, 39, 20, 16, 31, 2, 14, 27, 1, 13, 28, 39]
    PRED: [27, 10, 19, 28, 39, 26, 11, 28, 2, 37, 39, 10, 34, 2, 20, 39, 5, 22, 8, 39, 20, 16, 2, 28, 18, 5, 13, 39]
    Edit distance: 14/33
  Sample 2:
    TRUE: [28, 24, 39, 27, 33, 20, 37, 39, 35, 17, 39, 21, 12, 8, 39, 16, 22, 39, 2, 22, 2, 6, 1, 29, 30, 39, 19, 2, 20, 33, 38, 2, 22, 39]
    PRED: [9, 2, 39, 27, 33, 20, 37, 39, 6, 17, 39, 21, 5, 22, 8, 39, 16, 22, 39, 10, 22, 26, 27, 1, 28, 30, 39, 19, 33, 20, 33, 2, 22, 39]
    Edit distance: 11/34
  Sample 3:
    TRUE: [20, 3, 27, 17, 37, 39, 19, 0, 28, 30, 33, 21, 39, 22, 17, 8, 2, 8, 39, 6, 20, 1, 19, 39, 14, 20, 2, 34, 37, 39, 30, 33, 39, 6, 17, 39, 19, 2, 21, 26, 20, 17, 30, 20, 17, 39, 10, 20, 2, 14, 2, 22, 30, 39]
    PRED: [19, 27, 24, 17, 11, 39, 19, 1, 28, 2, 21, 39, 22, 12, 8, 39, 21, 27, 16, 19, 39, 20, 2, 34, 8, 39, 30, 33, 39, 6, 17, 39, 19, 2, 21, 26, 20, 39, 1, 20, 2, 22, 39]
    Edit distance: 23/54
  Sample 4:
    TRUE: [9, 2, 39, 30, 33, 31, 39, 13, 10, 27, 17, 39, 13, 11, 14, 0, 30, 39, 30, 33, 39, 19, 2, 21, 39, 35, 10, 22, 39, 27, 0, 18, 11, 37, 39, 30, 33, 31, 39, 13, 10, 20, 39, 4, 30, 39]
    PRED: [9, 2, 39, 7, 27, 33, 31, 39, 13, 10, 27, 17, 39, 13, 3, 30, 39, 30, 33, 39, 28, 2, 21, 39, 35, 10, 22, 39, 35, 11, 10, 8, 11, 39, 9, 33, 31, 39, 13, 12, 39, 4, 30, 39]
    Edit distance: 14/46

============================================================
Batch 59500 | Val PER: 0.3025
============================================================
  Sample 0:
    TRUE: [31, 17, 0, 19, 27, 2, 28, 17, 39, 27, 17, 19, 2, 22, 28, 16, 8, 11, 8, 39]
    PRED: [9, 16, 0, 19, 30, 28, 39, 27, 2, 14, 19, 22, 10, 30, 2, 8, 39]
    Edit distance: 12/20
  Sample 1:
    TRUE: [27, 16, 7, 39, 26, 11, 7, 2, 28, 30, 39, 28, 10, 34, 27, 2, 20, 39, 28, 5, 22, 8, 39, 20, 16, 31, 2, 14, 27, 1, 13, 28, 39]
    PRED: [27, 10, 19, 28, 30, 39, 26, 11, 28, 2, 37, 39, 10, 34, 2, 20, 39, 5, 22, 8, 39, 20, 16, 2, 18, 5, 13, 39]
    Edit distance: 15/33
  Sample 2:
    TRUE: [28, 24, 39, 27, 33, 20, 37, 39, 35, 17, 39, 21, 12, 8, 39, 16, 22, 39, 2, 22, 2, 6, 1, 29, 30, 39, 19, 2, 20, 33, 38, 2, 22, 39]
    PRED: [9, 24, 39, 27, 33, 20, 37, 39, 35, 17, 39, 21, 5, 22, 8, 39, 16, 22, 39, 10, 22, 2, 11, 13, 27, 1, 29, 30, 39, 19, 24, 20, 33, 38, 37, 2, 22, 39]
    Edit distance: 9/34
  Sample 3:
    TRUE: [20, 3, 27, 17, 37, 39, 19, 0, 28, 30, 33, 21, 39, 22, 17, 8, 2, 8, 39, 6, 20, 1, 19, 39, 14, 20, 2, 34, 37, 39, 30, 33, 39, 6, 17, 39, 19, 2, 21, 26, 20, 17, 30, 20, 17, 39, 10, 20, 2, 14, 2, 22, 30, 39]
    PRED: [19, 27, 24, 17, 11, 39, 19, 1, 28, 2, 21, 39, 22, 10, 8, 39, 21, 0, 19, 39, 20, 2, 34, 8, 39, 30, 33, 39, 6, 17, 39, 19, 2, 21, 26, 20, 17, 39, 1, 20, 2, 22, 39]
    Edit distance: 22/54
  Sample 4:
    TRUE: [9, 2, 39, 30, 33, 31, 39, 13, 10, 27, 17, 39, 13, 11, 14, 0, 30, 39, 30, 33, 39, 19, 2, 21, 39, 35, 10, 22, 39, 27, 0, 18, 11, 37, 39, 30, 33, 31, 39, 13, 10, 20, 39, 4, 30, 39]
    PRED: [9, 2, 39, 30, 27, 33, 31, 39, 13, 10, 27, 39, 13, 16, 19, 30, 39, 30, 33, 39, 28, 2, 21, 39, 35, 10, 22, 39, 35, 11, 30, 11, 39, 31, 33, 31, 39, 13, 12, 39, 4, 30, 39]
    Edit distance: 13/46

============================================================
Batch 60000 | Val PER: 0.3021
============================================================
  Sample 0:
    TRUE: [31, 17, 0, 19, 27, 2, 28, 17, 39, 27, 17, 19, 2, 22, 28, 16, 8, 11, 8, 39]
    PRED: [9, 0, 19, 30, 2, 28, 39, 14, 2, 22, 10, 12, 39]
    Edit distance: 12/20
  Sample 1:
    TRUE: [27, 16, 7, 39, 26, 11, 7, 2, 28, 30, 39, 28, 10, 34, 27, 2, 20, 39, 28, 5, 22, 8, 39, 20, 16, 31, 2, 14, 27, 1, 13, 28, 39]
    PRED: [27, 10, 19, 28, 30, 39, 26, 11, 28, 2, 37, 39, 28, 10, 34, 2, 20, 39, 28, 5, 22, 8, 39, 20, 16, 2, 28, 18, 5, 13, 39]
    Edit distance: 13/33
  Sample 2:
    TRUE: [28, 24, 39, 27, 33, 20, 37, 39, 35, 17, 39, 21, 12, 8, 39, 16, 22, 39, 2, 22, 2, 6, 1, 29, 30, 39, 19, 2, 20, 33, 38, 2, 22, 39]
    PRED: [9, 2, 39, 27, 33, 20, 37, 39, 35, 17, 39, 21, 10, 8, 39, 16, 22, 39, 10, 22, 2, 27, 1, 28, 30, 39, 19, 2, 20, 33, 2, 22, 8, 39]
    Edit distance: 8/34
  Sample 3:
    TRUE: [20, 3, 27, 17, 37, 39, 19, 0, 28, 30, 33, 21, 39, 22, 17, 8, 2, 8, 39, 6, 20, 1, 19, 39, 14, 20, 2, 34, 37, 39, 30, 33, 39, 6, 17, 39, 19, 2, 21, 26, 20, 17, 30, 20, 17, 39, 10, 20, 2, 14, 2, 22, 30, 39]
    PRED: [19, 27, 24, 11, 39, 19, 1, 28, 30, 2, 21, 39, 22, 12, 8, 39, 6, 0, 19, 39, 20, 2, 34, 8, 39, 30, 33, 39, 6, 17, 39, 19, 2, 21, 26, 20, 17, 39, 1, 20, 2, 22, 39]
    Edit distance: 20/54
  Sample 4:
    TRUE: [9, 2, 39, 30, 33, 31, 39, 13, 10, 27, 17, 39, 13, 11, 14, 0, 30, 39, 30, 33, 39, 19, 2, 21, 39, 35, 10, 22, 39, 27, 0, 18, 11, 37, 39, 30, 33, 31, 39, 13, 10, 20, 39, 4, 30, 39]
    PRED: [9, 2, 39, 7, 27, 33, 31, 39, 10, 27, 39, 13, 3, 19, 0, 19, 30, 39, 30, 33, 39, 28, 2, 21, 39, 35, 10, 22, 39, 35, 11, 0, 11, 37, 39, 9, 33, 31, 39, 12, 39, 4, 30, 39]
    Edit distance: 15/46

============================================================
Batch 60500 | Val PER: 0.3037
============================================================
  Sample 0:
    TRUE: [31, 17, 0, 19, 27, 2, 28, 17, 39, 27, 17, 19, 2, 22, 28, 16, 8, 11, 8, 39]
    PRED: [9, 0, 19, 30, 2, 28, 39, 14, 2, 14, 22, 10, 8, 39]
    Edit distance: 12/20
  Sample 1:
    TRUE: [27, 16, 7, 39, 26, 11, 7, 2, 28, 30, 39, 28, 10, 34, 27, 2, 20, 39, 28, 5, 22, 8, 39, 20, 16, 31, 2, 14, 27, 1, 13, 28, 39]
    PRED: [27, 10, 19, 28, 30, 39, 26, 11, 28, 2, 37, 39, 10, 34, 2, 20, 39, 30, 5, 22, 8, 39, 20, 16, 2, 28, 18, 5, 13, 39]
    Edit distance: 15/33
  Sample 2:
    TRUE: [28, 24, 39, 27, 33, 20, 37, 39, 35, 17, 39, 21, 12, 8, 39, 16, 22, 39, 2, 22, 2, 6, 1, 29, 30, 39, 19, 2, 20, 33, 38, 2, 22, 39]
    PRED: [9, 2, 39, 27, 33, 20, 24, 37, 39, 21, 17, 39, 21, 10, 8, 39, 16, 22, 39, 1, 22, 27, 1, 29, 39, 19, 2, 20, 33, 2, 22, 39]
    Edit distance: 10/34
  Sample 3:
    TRUE: [20, 3, 27, 17, 37, 39, 19, 0, 28, 30, 33, 21, 39, 22, 17, 8, 2, 8, 39, 6, 20, 1, 19, 39, 14, 20, 2, 34, 37, 39, 30, 33, 39, 6, 17, 39, 19, 2, 21, 26, 20, 17, 30, 20, 17, 39, 10, 20, 2, 14, 2, 22, 30, 39]
    PRED: [19, 27, 24, 37, 11, 39, 19, 1, 28, 2, 21, 39, 22, 12, 8, 39, 21, 27, 0, 19, 39, 20, 5, 34, 8, 39, 30, 33, 39, 6, 17, 39, 19, 2, 21, 26, 20, 39, 1, 20, 2, 22, 8, 39]
    Edit distance: 24/54
  Sample 4:
    TRUE: [9, 2, 39, 30, 33, 31, 39, 13, 10, 27, 17, 39, 13, 11, 14, 0, 30, 39, 30, 33, 39, 19, 2, 21, 39, 35, 10, 22, 39, 27, 0, 18, 11, 37, 39, 30, 33, 31, 39, 13, 10, 20, 39, 4, 30, 39]
    PRED: [9, 2, 39, 7, 27, 33, 31, 39, 10, 27, 11, 39, 13, 3, 0, 0, 30, 39, 30, 33, 39, 30, 2, 21, 39, 35, 10, 22, 39, 35, 17, 8, 11, 37, 39, 9, 33, 31, 39, 12, 29, 20, 39, 4, 30, 39]
    Edit distance: 13/46

============================================================
Batch 61000 | Val PER: 0.3054
============================================================
  Sample 0:
    TRUE: [31, 17, 0, 19, 27, 2, 28, 17, 39, 27, 17, 19, 2, 22, 28, 16, 8, 11, 8, 39]
    PRED: [9, 16, 28, 0, 19, 28, 39, 14, 27, 2, 14, 19, 22, 10, 30, 8, 39]
    Edit distance: 14/20
  Sample 1:
    TRUE: [27, 16, 7, 39, 26, 11, 7, 2, 28, 30, 39, 28, 10, 34, 27, 2, 20, 39, 28, 5, 22, 8, 39, 20, 16, 31, 2, 14, 27, 1, 13, 28, 39]
    PRED: [27, 10, 19, 28, 30, 39, 26, 11, 28, 2, 37, 39, 28, 10, 34, 2, 20, 39, 28, 5, 22, 8, 39, 20, 16, 9, 2, 18, 5, 13, 39]
    Edit distance: 13/33
  Sample 2:
    TRUE: [28, 24, 39, 27, 33, 20, 37, 39, 35, 17, 39, 21, 12, 8, 39, 16, 22, 39, 2, 22, 2, 6, 1, 29, 30, 39, 19, 2, 20, 33, 38, 2, 22, 39]
    PRED: [9, 2, 39, 27, 33, 20, 37, 39, 35, 17, 39, 21, 25, 8, 39, 16, 22, 39, 1, 22, 2, 27, 1, 28, 30, 39, 19, 2, 20, 33, 38, 37, 2, 22, 8, 39]
    Edit distance: 8/34
  Sample 3:
    TRUE: [20, 3, 27, 17, 37, 39, 19, 0, 28, 30, 33, 21, 39, 22, 17, 8, 2, 8, 39, 6, 20, 1, 19, 39, 14, 20, 2, 34, 37, 39, 30, 33, 39, 6, 17, 39, 19, 2, 21, 26, 20, 17, 30, 20, 17, 39, 10, 20, 2, 14, 2, 22, 30, 39]
    PRED: [19, 27, 24, 17, 39, 19, 1, 28, 30, 2, 21, 39, 22, 16, 8, 39, 21, 27, 2, 19, 39, 20, 2, 34, 8, 39, 30, 33, 39, 6, 17, 20, 39, 19, 2, 21, 26, 20, 17, 39, 1, 20, 2, 22, 8, 39]
    Edit distance: 22/54
  Sample 4:
    TRUE: [9, 2, 39, 30, 33, 31, 39, 13, 10, 27, 17, 39, 13, 11, 14, 0, 30, 39, 30, 33, 39, 19, 2, 21, 39, 35, 10, 22, 39, 27, 0, 18, 11, 37, 39, 30, 33, 31, 39, 13, 10, 20, 39, 4, 30, 39]
    PRED: [9, 2, 39, 7, 27, 33, 31, 39, 10, 17, 39, 13, 17, 19, 19, 30, 39, 30, 33, 39, 28, 2, 21, 39, 27, 10, 22, 8, 39, 35, 5, 8, 11, 39, 37, 39, 31, 9, 33, 31, 39, 10, 29, 20, 39, 4, 30, 39]
    Edit distance: 18/46

============================================================
Batch 61500 | Val PER: 0.3040
============================================================
  Sample 0:
    TRUE: [31, 17, 0, 19, 27, 2, 28, 17, 39, 27, 17, 19, 2, 22, 28, 16, 8, 11, 8, 39]
    PRED: [9, 2, 0, 19, 30, 2, 28, 39, 27, 2, 14, 19, 22, 2, 2, 10, 30, 8, 39]
    Edit distance: 11/20
  Sample 1:
    TRUE: [27, 16, 7, 39, 26, 11, 7, 2, 28, 30, 39, 28, 10, 34, 27, 2, 20, 39, 28, 5, 22, 8, 39, 20, 16, 31, 2, 14, 27, 1, 13, 28, 39]
    PRED: [27, 10, 19, 28, 30, 26, 11, 28, 2, 18, 37, 39, 28, 10, 34, 2, 20, 39, 30, 5, 22, 8, 37, 39, 20, 16, 2, 28, 18, 27, 5, 13, 39]
    Edit distance: 15/33
  Sample 2:
    TRUE: [28, 24, 39, 27, 33, 20, 37, 39, 35, 17, 39, 21, 12, 8, 39, 16, 22, 39, 2, 22, 2, 6, 1, 29, 30, 39, 19, 2, 20, 33, 38, 2, 22, 39]
    PRED: [9, 24, 39, 27, 33, 20, 24, 37, 39, 35, 17, 39, 21, 5, 8, 39, 16, 22, 39, 2, 16, 22, 2, 27, 1, 28, 30, 39, 19, 2, 20, 33, 33, 2, 22, 39]
    Edit distance: 7/34
  Sample 3:
    TRUE: [20, 3, 27, 17, 37, 39, 19, 0, 28, 30, 33, 21, 39, 22, 17, 8, 2, 8, 39, 6, 20, 1, 19, 39, 14, 20, 2, 34, 37, 39, 30, 33, 39, 6, 17, 39, 19, 2, 21, 26, 20, 17, 30, 20, 17, 39, 10, 20, 2, 14, 2, 22, 30, 39]
    PRED: [19, 27, 24, 17, 39, 19, 5, 28, 30, 2, 21, 39, 22, 12, 8, 39, 21, 27, 0, 19, 39, 20, 2, 34, 8, 39, 30, 33, 39, 6, 17, 39, 19, 2, 21, 26, 20, 17, 39, 1, 20, 2, 22, 8, 39]
    Edit distance: 21/54
  Sample 4:
    TRUE: [9, 2, 39, 30, 33, 31, 39, 13, 10, 27, 17, 39, 13, 11, 14, 0, 30, 39, 30, 33, 39, 19, 2, 21, 39, 35, 10, 22, 39, 27, 0, 18, 11, 37, 39, 30, 33, 31, 39, 13, 10, 20, 39, 4, 30, 39]
    PRED: [9, 2, 39, 30, 27, 33, 31, 39, 10, 17, 39, 13, 3, 0, 0, 30, 39, 30, 33, 39, 28, 2, 21, 39, 35, 10, 22, 8, 39, 35, 0, 8, 11, 37, 39, 31, 33, 31, 39, 13, 20, 39, 4, 30, 39]
    Edit distance: 11/46

============================================================
Batch 62000 | Val PER: 0.3039
============================================================
  Sample 0:
    TRUE: [31, 17, 0, 19, 27, 2, 28, 17, 39, 27, 17, 19, 2, 22, 28, 16, 8, 11, 8, 39]
    PRED: [9, 39, 0, 19, 2, 28, 39, 14, 2, 14, 19, 22, 2, 8, 8, 39]
    Edit distance: 11/20
  Sample 1:
    TRUE: [27, 16, 7, 39, 26, 11, 7, 2, 28, 30, 39, 28, 10, 34, 27, 2, 20, 39, 28, 5, 22, 8, 39, 20, 16, 31, 2, 14, 27, 1, 13, 28, 39]
    PRED: [27, 10, 19, 28, 30, 39, 26, 11, 28, 2, 37, 39, 10, 34, 2, 20, 39, 30, 5, 22, 8, 39, 20, 16, 2, 18, 5, 13, 39]
    Edit distance: 15/33
  Sample 2:
    TRUE: [28, 24, 39, 27, 33, 20, 37, 39, 35, 17, 39, 21, 12, 8, 39, 16, 22, 39, 2, 22, 2, 6, 1, 29, 30, 39, 19, 2, 20, 33, 38, 2, 22, 39]
    PRED: [9, 2, 39, 27, 33, 20, 24, 37, 39, 6, 17, 39, 21, 25, 22, 8, 39, 16, 22, 39, 16, 22, 2, 13, 27, 1, 28, 30, 39, 19, 2, 20, 33, 38, 2, 22, 8, 39]
    Edit distance: 11/34
  Sample 3:
    TRUE: [20, 3, 27, 17, 37, 39, 19, 0, 28, 30, 33, 21, 39, 22, 17, 8, 2, 8, 39, 6, 20, 1, 19, 39, 14, 20, 2, 34, 37, 39, 30, 33, 39, 6, 17, 39, 19, 2, 21, 26, 20, 17, 30, 20, 17, 39, 10, 20, 2, 14, 2, 22, 30, 39]
    PRED: [19, 27, 24, 17, 39, 19, 1, 28, 30, 2, 21, 39, 22, 12, 8, 39, 21, 16, 19, 39, 20, 5, 34, 8, 39, 30, 33, 39, 6, 17, 39, 19, 2, 26, 20, 17, 39, 1, 20, 2, 22, 8, 39]
    Edit distance: 23/54
  Sample 4:
    TRUE: [9, 2, 39, 30, 33, 31, 39, 13, 10, 27, 17, 39, 13, 11, 14, 0, 30, 39, 30, 33, 39, 19, 2, 21, 39, 35, 10, 22, 39, 27, 0, 18, 11, 37, 39, 30, 33, 31, 39, 13, 10, 20, 39, 4, 30, 39]
    PRED: [9, 2, 39, 30, 27, 33, 31, 39, 12, 39, 13, 17, 19, 0, 30, 39, 30, 33, 39, 28, 30, 2, 21, 39, 35, 10, 22, 39, 35, 5, 8, 11, 39, 31, 33, 31, 39, 39, 4, 30, 39]
    Edit distance: 17/46

============================================================
Batch 62500 | Val PER: 0.3034
============================================================
  Sample 0:
    TRUE: [31, 17, 0, 19, 27, 2, 28, 17, 39, 27, 17, 19, 2, 22, 28, 16, 8, 11, 8, 39]
    PRED: [9, 0, 28, 39, 14, 2, 14, 22, 8, 2, 8, 39]
    Edit distance: 13/20
  Sample 1:
    TRUE: [27, 16, 7, 39, 26, 11, 7, 2, 28, 30, 39, 28, 10, 34, 27, 2, 20, 39, 28, 5, 22, 8, 39, 20, 16, 31, 2, 14, 27, 1, 13, 28, 39]
    PRED: [27, 10, 19, 28, 30, 26, 11, 29, 2, 37, 39, 10, 34, 2, 20, 39, 30, 5, 22, 8, 37, 39, 20, 16, 2, 28, 18, 5, 13, 39]
    Edit distance: 16/33
  Sample 2:
    TRUE: [28, 24, 39, 27, 33, 20, 37, 39, 35, 17, 39, 21, 12, 8, 39, 16, 22, 39, 2, 22, 2, 6, 1, 29, 30, 39, 19, 2, 20, 33, 38, 2, 22, 39]
    PRED: [9, 24, 39, 27, 33, 20, 24, 37, 39, 35, 17, 39, 16, 21, 25, 22, 8, 39, 16, 22, 39, 10, 22, 2, 27, 1, 28, 30, 39, 19, 20, 33, 29, 2, 22, 39]
    Edit distance: 10/34
  Sample 3:
    TRUE: [20, 3, 27, 17, 37, 39, 19, 0, 28, 30, 33, 21, 39, 22, 17, 8, 2, 8, 39, 6, 20, 1, 19, 39, 14, 20, 2, 34, 37, 39, 30, 33, 39, 6, 17, 39, 19, 2, 21, 26, 20, 17, 30, 20, 17, 39, 10, 20, 2, 14, 2, 22, 30, 39]
    PRED: [19, 27, 24, 17, 39, 19, 5, 28, 2, 21, 39, 22, 17, 8, 2, 8, 39, 21, 27, 16, 19, 39, 20, 5, 34, 8, 39, 30, 33, 39, 6, 17, 39, 19, 2, 26, 18, 20, 17, 2, 39, 1, 20, 2, 22, 39]
    Edit distance: 22/54
  Sample 4:
    TRUE: [9, 2, 39, 30, 33, 31, 39, 13, 10, 27, 17, 39, 13, 11, 14, 0, 30, 39, 30, 33, 39, 19, 2, 21, 39, 35, 10, 22, 39, 27, 0, 18, 11, 37, 39, 30, 33, 31, 39, 13, 10, 20, 39, 4, 30, 39]
    PRED: [9, 2, 39, 7, 27, 33, 31, 39, 10, 39, 13, 17, 0, 0, 30, 39, 30, 33, 39, 28, 2, 21, 39, 35, 10, 22, 39, 35, 17, 8, 11, 37, 39, 31, 33, 31, 39, 13, 8, 10, 20, 39, 4, 30, 39]
    Edit distance: 13/46

============================================================
Batch 63000 | Val PER: 0.2998
============================================================
  Sample 0:
    TRUE: [31, 17, 0, 19, 27, 2, 28, 17, 39, 27, 17, 19, 2, 22, 28, 16, 8, 11, 8, 39]
    PRED: [9, 2, 0, 19, 28, 2, 28, 39, 14, 2, 14, 22, 8, 30, 8, 39]
    Edit distance: 11/20
  Sample 1:
    TRUE: [27, 16, 7, 39, 26, 11, 7, 2, 28, 30, 39, 28, 10, 34, 27, 2, 20, 39, 28, 5, 22, 8, 39, 20, 16, 31, 2, 14, 27, 1, 13, 28, 39]
    PRED: [27, 10, 19, 28, 30, 39, 26, 11, 28, 2, 37, 39, 10, 34, 2, 20, 39, 30, 5, 22, 8, 39, 20, 16, 2, 28, 39, 18, 5, 13, 39]
    Edit distance: 16/33
  Sample 2:
    TRUE: [28, 24, 39, 27, 33, 20, 37, 39, 35, 17, 39, 21, 12, 8, 39, 16, 22, 39, 2, 22, 2, 6, 1, 29, 30, 39, 19, 2, 20, 33, 38, 2, 22, 39]
    PRED: [9, 24, 39, 27, 33, 20, 24, 39, 35, 17, 39, 21, 5, 22, 8, 39, 16, 22, 39, 1, 22, 27, 1, 29, 30, 39, 19, 2, 20, 33, 38, 2, 22, 39]
    Edit distance: 7/34
  Sample 3:
    TRUE: [20, 3, 27, 17, 37, 39, 19, 0, 28, 30, 33, 21, 39, 22, 17, 8, 2, 8, 39, 6, 20, 1, 19, 39, 14, 20, 2, 34, 37, 39, 30, 33, 39, 6, 17, 39, 19, 2, 21, 26, 20, 17, 30, 20, 17, 39, 10, 20, 2, 14, 2, 22, 30, 39]
    PRED: [19, 27, 24, 17, 11, 39, 19, 5, 28, 30, 2, 21, 39, 22, 12, 8, 2, 8, 39, 21, 1, 19, 39, 20, 5, 34, 8, 39, 30, 33, 39, 6, 17, 20, 39, 19, 2, 21, 26, 20, 17, 39, 1, 20, 2, 22, 39]
    Edit distance: 20/54
  Sample 4:
    TRUE: [9, 2, 39, 30, 33, 31, 39, 13, 10, 27, 17, 39, 13, 11, 14, 0, 30, 39, 30, 33, 39, 19, 2, 21, 39, 35, 10, 22, 39, 27, 0, 18, 11, 37, 39, 30, 33, 31, 39, 13, 10, 20, 39, 4, 30, 39]
    PRED: [9, 2, 39, 8, 27, 33, 31, 39, 13, 10, 27, 39, 13, 3, 19, 0, 0, 19, 30, 39, 30, 33, 39, 28, 2, 21, 39, 35, 10, 22, 39, 35, 17, 8, 11, 37, 39, 31, 33, 31, 39, 13, 10, 29, 20, 39, 4, 30, 39]
    Edit distance: 13/46

============================================================
Batch 63500 | Val PER: 0.3088
============================================================
  Sample 0:
    TRUE: [31, 17, 0, 19, 27, 2, 28, 17, 39, 27, 17, 19, 2, 22, 28, 16, 8, 11, 8, 39]
    PRED: [9, 2, 0, 19, 28, 39, 14, 27, 2, 14, 22, 8, 8, 39]
    Edit distance: 12/20
  Sample 1:
    TRUE: [27, 16, 7, 39, 26, 11, 7, 2, 28, 30, 39, 28, 10, 34, 27, 2, 20, 39, 28, 5, 22, 8, 39, 20, 16, 31, 2, 14, 27, 1, 13, 28, 39]
    PRED: [27, 10, 19, 28, 26, 11, 28, 2, 37, 39, 10, 34, 2, 20, 39, 30, 0, 22, 8, 39, 20, 16, 2, 2, 28, 18, 8, 5, 13, 39]
    Edit distance: 16/33
  Sample 2:
    TRUE: [28, 24, 39, 27, 33, 20, 37, 39, 35, 17, 39, 21, 12, 8, 39, 16, 22, 39, 2, 22, 2, 6, 1, 29, 30, 39, 19, 2, 20, 33, 38, 2, 22, 39]
    PRED: [9, 24, 39, 27, 33, 20, 24, 37, 39, 35, 17, 39, 21, 5, 8, 39, 16, 22, 39, 1, 22, 27, 2, 28, 30, 39, 19, 33, 20, 33, 38, 2, 22, 8, 39]
    Edit distance: 10/34
  Sample 3:
    TRUE: [20, 3, 27, 17, 37, 39, 19, 0, 28, 30, 33, 21, 39, 22, 17, 8, 2, 8, 39, 6, 20, 1, 19, 39, 14, 20, 2, 34, 37, 39, 30, 33, 39, 6, 17, 39, 19, 2, 21, 26, 20, 17, 30, 20, 17, 39, 10, 20, 2, 14, 2, 22, 30, 39]
    PRED: [27, 24, 17, 11, 39, 19, 5, 28, 30, 2, 21, 39, 22, 12, 8, 39, 21, 27, 0, 19, 39, 20, 2, 34, 8, 39, 30, 33, 39, 6, 17, 20, 39, 19, 2, 21, 26, 20, 17, 39, 1, 20, 2, 22, 39]
    Edit distance: 22/54
  Sample 4:
    TRUE: [9, 2, 39, 30, 33, 31, 39, 13, 10, 27, 17, 39, 13, 11, 14, 0, 30, 39, 30, 33, 39, 19, 2, 21, 39, 35, 10, 22, 39, 27, 0, 18, 11, 37, 39, 30, 33, 31, 39, 13, 10, 20, 39, 4, 30, 39]
    PRED: [9, 2, 39, 30, 27, 33, 31, 39, 8, 1, 27, 39, 13, 3, 0, 0, 30, 39, 30, 33, 39, 28, 2, 21, 39, 35, 27, 10, 22, 39, 27, 17, 0, 8, 11, 39, 37, 39, 31, 33, 31, 39, 13, 10, 20, 39, 4, 30, 39]
    Edit distance: 12/46

============================================================
Batch 64000 | Val PER: 0.3028
============================================================
  Sample 0:
    TRUE: [31, 17, 0, 19, 27, 2, 28, 17, 39, 27, 17, 19, 2, 22, 28, 16, 8, 11, 8, 39]
    PRED: [9, 17, 0, 28, 39, 14, 2, 17, 14, 19, 22, 10, 39]
    Edit distance: 14/20
  Sample 1:
    TRUE: [27, 16, 7, 39, 26, 11, 7, 2, 28, 30, 39, 28, 10, 34, 27, 2, 20, 39, 28, 5, 22, 8, 39, 20, 16, 31, 2, 14, 27, 1, 13, 28, 39]
    PRED: [27, 10, 19, 28, 26, 11, 29, 2, 37, 39, 28, 10, 34, 2, 20, 39, 28, 5, 22, 8, 39, 20, 16, 2, 28, 18, 5, 13, 39]
    Edit distance: 12/33
  Sample 2:
    TRUE: [28, 24, 39, 27, 33, 20, 37, 39, 35, 17, 39, 21, 12, 8, 39, 16, 22, 39, 2, 22, 2, 6, 1, 29, 30, 39, 19, 2, 20, 33, 38, 2, 22, 39]
    PRED: [9, 24, 39, 27, 33, 20, 24, 39, 6, 17, 39, 16, 21, 5, 8, 39, 16, 22, 39, 1, 22, 1, 28, 29, 39, 19, 2, 20, 33, 38, 2, 22, 39]
    Edit distance: 10/34
  Sample 3:
    TRUE: [20, 3, 27, 17, 37, 39, 19, 0, 28, 30, 33, 21, 39, 22, 17, 8, 2, 8, 39, 6, 20, 1, 19, 39, 14, 20, 2, 34, 37, 39, 30, 33, 39, 6, 17, 39, 19, 2, 21, 26, 20, 17, 30, 20, 17, 39, 10, 20, 2, 14, 2, 22, 30, 39]
    PRED: [19, 27, 24, 17, 39, 19, 5, 28, 30, 2, 21, 39, 22, 17, 8, 39, 21, 0, 19, 39, 20, 5, 34, 8, 39, 30, 33, 39, 6, 17, 39, 19, 2, 21, 26, 20, 17, 39, 1, 20, 2, 22, 39]
    Edit distance: 21/54
  Sample 4:
    TRUE: [9, 2, 39, 30, 33, 31, 39, 13, 10, 27, 17, 39, 13, 11, 14, 0, 30, 39, 30, 33, 39, 19, 2, 21, 39, 35, 10, 22, 39, 27, 0, 18, 11, 37, 39, 30, 33, 31, 39, 13, 10, 20, 39, 4, 30, 39]
    PRED: [9, 2, 39, 30, 27, 33, 31, 39, 13, 1, 39, 13, 3, 19, 0, 0, 30, 2, 39, 30, 33, 39, 28, 19, 2, 21, 39, 35, 10, 22, 21, 39, 35, 12, 0, 8, 11, 39, 31, 33, 31, 39, 13, 20, 39, 4, 30, 39]
    Edit distance: 16/46

============================================================
Batch 64500 | Val PER: 0.3010
============================================================
  Sample 0:
    TRUE: [31, 17, 0, 19, 27, 2, 28, 17, 39, 27, 17, 19, 2, 22, 28, 16, 8, 11, 8, 39]
    PRED: [9, 16, 39, 0, 19, 28, 39, 14, 27, 17, 14, 19, 22, 8, 39]
    Edit distance: 13/20
  Sample 1:
    TRUE: [27, 16, 7, 39, 26, 11, 7, 2, 28, 30, 39, 28, 10, 34, 27, 2, 20, 39, 28, 5, 22, 8, 39, 20, 16, 31, 2, 14, 27, 1, 13, 28, 39]
    PRED: [35, 10, 19, 28, 30, 39, 26, 11, 28, 2, 37, 39, 10, 34, 2, 20, 39, 30, 5, 22, 8, 39, 20, 16, 2, 28, 18, 5, 13, 39]
    Edit distance: 16/33
  Sample 2:
    TRUE: [28, 24, 39, 27, 33, 20, 37, 39, 35, 17, 39, 21, 12, 8, 39, 16, 22, 39, 2, 22, 2, 6, 1, 29, 30, 39, 19, 2, 20, 33, 38, 2, 22, 39]
    PRED: [9, 2, 39, 27, 33, 20, 37, 39, 35, 17, 39, 21, 10, 8, 39, 16, 22, 39, 10, 22, 2, 27, 1, 28, 30, 39, 19, 33, 20, 33, 2, 22, 39]
    Edit distance: 8/34
  Sample 3:
    TRUE: [20, 3, 27, 17, 37, 39, 19, 0, 28, 30, 33, 21, 39, 22, 17, 8, 2, 8, 39, 6, 20, 1, 19, 39, 14, 20, 2, 34, 37, 39, 30, 33, 39, 6, 17, 39, 19, 2, 21, 26, 20, 17, 30, 20, 17, 39, 10, 20, 2, 14, 2, 22, 30, 39]
    PRED: [19, 27, 24, 17, 11, 39, 19, 5, 28, 30, 2, 21, 39, 22, 10, 8, 39, 21, 0, 19, 39, 20, 5, 34, 8, 39, 30, 33, 39, 6, 17, 39, 19, 2, 21, 26, 20, 39, 1, 20, 2, 22, 39]
    Edit distance: 23/54
  Sample 4:
    TRUE: [9, 2, 39, 30, 33, 31, 39, 13, 10, 27, 17, 39, 13, 11, 14, 0, 30, 39, 30, 33, 39, 19, 2, 21, 39, 35, 10, 22, 39, 27, 0, 18, 11, 37, 39, 30, 33, 31, 39, 13, 10, 20, 39, 4, 30, 39]
    PRED: [9, 2, 39, 30, 27, 33, 31, 39, 1, 39, 13, 3, 0, 19, 0, 30, 39, 30, 33, 39, 28, 2, 21, 39, 35, 10, 22, 21, 39, 35, 17, 0, 8, 11, 37, 39, 31, 33, 31, 30, 39, 20, 39, 4, 30, 39]
    Edit distance: 17/46

============================================================
Batch 65000 | Val PER: 0.3005
============================================================
  Sample 0:
    TRUE: [31, 17, 0, 19, 27, 2, 28, 17, 39, 27, 17, 19, 2, 22, 28, 16, 8, 11, 8, 39]
    PRED: [9, 2, 0, 28, 30, 28, 39, 14, 27, 17, 14, 22, 8, 30, 39]
    Edit distance: 13/20
  Sample 1:
    TRUE: [27, 16, 7, 39, 26, 11, 7, 2, 28, 30, 39, 28, 10, 34, 27, 2, 20, 39, 28, 5, 22, 8, 39, 20, 16, 31, 2, 14, 27, 1, 13, 28, 39]
    PRED: [35, 10, 19, 30, 39, 26, 11, 28, 2, 37, 39, 10, 34, 2, 20, 39, 30, 5, 22, 8, 39, 20, 16, 2, 18, 5, 13, 39]
    Edit distance: 15/33
  Sample 2:
    TRUE: [28, 24, 39, 27, 33, 20, 37, 39, 35, 17, 39, 21, 12, 8, 39, 16, 22, 39, 2, 22, 2, 6, 1, 29, 30, 39, 19, 2, 20, 33, 38, 2, 22, 39]
    PRED: [9, 2, 39, 27, 33, 20, 37, 39, 35, 17, 39, 21, 10, 8, 39, 16, 22, 39, 10, 16, 22, 27, 2, 29, 30, 39, 19, 20, 33, 37, 2, 22, 39]
    Edit distance: 10/34
  Sample 3:
    TRUE: [20, 3, 27, 17, 37, 39, 19, 0, 28, 30, 33, 21, 39, 22, 17, 8, 2, 8, 39, 6, 20, 1, 19, 39, 14, 20, 2, 34, 37, 39, 30, 33, 39, 6, 17, 39, 19, 2, 21, 26, 20, 17, 30, 20, 17, 39, 10, 20, 2, 14, 2, 22, 30, 39]
    PRED: [19, 27, 24, 37, 11, 39, 19, 5, 28, 30, 2, 21, 39, 22, 12, 8, 39, 21, 16, 19, 39, 20, 5, 34, 8, 39, 30, 33, 39, 6, 17, 39, 19, 2, 21, 26, 7, 20, 17, 39, 1, 20, 2, 22, 39]
    Edit distance: 22/54
  Sample 4:
    TRUE: [9, 2, 39, 30, 33, 31, 39, 13, 10, 27, 17, 39, 13, 11, 14, 0, 30, 39, 30, 33, 39, 19, 2, 21, 39, 35, 10, 22, 39, 27, 0, 18, 11, 37, 39, 30, 33, 31, 39, 13, 10, 20, 39, 4, 30, 39]
    PRED: [9, 2, 39, 30, 27, 33, 31, 39, 1, 27, 39, 13, 3, 17, 19, 0, 30, 2, 30, 39, 30, 33, 39, 28, 2, 21, 39, 35, 10, 22, 8, 39, 35, 17, 0, 8, 30, 11, 37, 39, 31, 33, 31, 39, 13, 20, 39, 4, 30, 39]
    Edit distance: 17/46

============================================================
Batch 65500 | Val PER: 0.3047
============================================================
  Sample 0:
    TRUE: [31, 17, 0, 19, 27, 2, 28, 17, 39, 27, 17, 19, 2, 22, 28, 16, 8, 11, 8, 39]
    PRED: [9, 2, 0, 19, 30, 28, 39, 27, 17, 14, 22, 2, 2, 30, 2, 8, 39]
    Edit distance: 11/20
  Sample 1:
    TRUE: [27, 16, 7, 39, 26, 11, 7, 2, 28, 30, 39, 28, 10, 34, 27, 2, 20, 39, 28, 5, 22, 8, 39, 20, 16, 31, 2, 14, 27, 1, 13, 28, 39]
    PRED: [27, 10, 19, 28, 30, 39, 26, 11, 28, 2, 37, 39, 10, 34, 2, 20, 39, 30, 5, 22, 8, 39, 20, 16, 2, 24, 18, 5, 13, 39]
    Edit distance: 15/33
  Sample 2:
    TRUE: [28, 24, 39, 27, 33, 20, 37, 39, 35, 17, 39, 21, 12, 8, 39, 16, 22, 39, 2, 22, 2, 6, 1, 29, 30, 39, 19, 2, 20, 33, 38, 2, 22, 39]
    PRED: [9, 2, 39, 27, 33, 20, 37, 39, 35, 17, 39, 21, 10, 8, 39, 16, 22, 39, 10, 16, 22, 2, 27, 1, 28, 30, 39, 19, 2, 20, 33, 38, 2, 22, 39]
    Edit distance: 7/34
  Sample 3:
    TRUE: [20, 3, 27, 17, 37, 39, 19, 0, 28, 30, 33, 21, 39, 22, 17, 8, 2, 8, 39, 6, 20, 1, 19, 39, 14, 20, 2, 34, 37, 39, 30, 33, 39, 6, 17, 39, 19, 2, 21, 26, 20, 17, 30, 20, 17, 39, 10, 20, 2, 14, 2, 22, 30, 39]
    PRED: [19, 27, 24, 17, 11, 39, 19, 5, 28, 30, 2, 21, 39, 22, 17, 8, 39, 21, 27, 0, 19, 39, 20, 5, 16, 34, 8, 39, 30, 33, 39, 6, 17, 39, 19, 2, 21, 26, 2, 20, 17, 39, 1, 20, 2, 22, 39]
    Edit distance: 22/54
  Sample 4:
    TRUE: [9, 2, 39, 30, 33, 31, 39, 13, 10, 27, 17, 39, 13, 11, 14, 0, 30, 39, 30, 33, 39, 19, 2, 21, 39, 35, 10, 22, 39, 27, 0, 18, 11, 37, 39, 30, 33, 31, 39, 13, 10, 20, 39, 4, 30, 39]
    PRED: [9, 2, 39, 30, 27, 33, 31, 39, 13, 16, 12, 11, 39, 13, 3, 17, 19, 0, 0, 30, 39, 30, 33, 39, 28, 30, 2, 21, 39, 35, 10, 22, 8, 39, 35, 17, 0, 8, 11, 37, 39, 31, 33, 31, 39, 13, 20, 39, 4, 30, 39]
    Edit distance: 16/46

============================================================
Batch 66000 | Val PER: 0.3025
============================================================
  Sample 0:
    TRUE: [31, 17, 0, 19, 27, 2, 28, 17, 39, 27, 17, 19, 2, 22, 28, 16, 8, 11, 8, 39]
    PRED: [9, 16, 39, 0, 19, 2, 28, 39, 14, 17, 14, 22, 8, 30, 2, 8, 39]
    Edit distance: 12/20
  Sample 1:
    TRUE: [27, 16, 7, 39, 26, 11, 7, 2, 28, 30, 39, 28, 10, 34, 27, 2, 20, 39, 28, 5, 22, 8, 39, 20, 16, 31, 2, 14, 27, 1, 13, 28, 39]
    PRED: [35, 10, 19, 28, 30, 39, 26, 11, 28, 2, 37, 39, 10, 34, 2, 20, 39, 30, 5, 22, 8, 37, 39, 20, 16, 28, 18, 5, 13, 39]
    Edit distance: 18/33
  Sample 2:
    TRUE: [28, 24, 39, 27, 33, 20, 37, 39, 35, 17, 39, 21, 12, 8, 39, 16, 22, 39, 2, 22, 2, 6, 1, 29, 30, 39, 19, 2, 20, 33, 38, 2, 22, 39]
    PRED: [9, 2, 39, 27, 33, 20, 37, 39, 35, 17, 39, 21, 10, 22, 8, 39, 16, 22, 39, 10, 22, 2, 1, 28, 30, 39, 19, 2, 20, 33, 38, 2, 22, 39]
    Edit distance: 7/34
  Sample 3:
    TRUE: [20, 3, 27, 17, 37, 39, 19, 0, 28, 30, 33, 21, 39, 22, 17, 8, 2, 8, 39, 6, 20, 1, 19, 39, 14, 20, 2, 34, 37, 39, 30, 33, 39, 6, 17, 39, 19, 2, 21, 26, 20, 17, 30, 20, 17, 39, 10, 20, 2, 14, 2, 22, 30, 39]
    PRED: [19, 27, 24, 17, 11, 39, 19, 5, 2, 21, 39, 22, 17, 8, 2, 8, 39, 21, 27, 0, 19, 39, 20, 27, 34, 8, 39, 30, 33, 39, 6, 17, 20, 39, 19, 2, 21, 26, 18, 2, 20, 39, 1, 20, 2, 22, 39]
    Edit distance: 23/54
  Sample 4:
    TRUE: [9, 2, 39, 30, 33, 31, 39, 13, 10, 27, 17, 39, 13, 11, 14, 0, 30, 39, 30, 33, 39, 19, 2, 21, 39, 35, 10, 22, 39, 27, 0, 18, 11, 37, 39, 30, 33, 31, 39, 13, 10, 20, 39, 4, 30, 39]
    PRED: [9, 2, 39, 30, 27, 33, 31, 39, 13, 10, 11, 39, 13, 3, 19, 30, 39, 30, 33, 39, 28, 2, 21, 39, 35, 10, 22, 21, 39, 35, 11, 8, 11, 37, 39, 31, 33, 31, 39, 8, 5, 39, 4, 30, 39]
    Edit distance: 15/46

============================================================
Batch 66500 | Val PER: 0.2957
============================================================
  Sample 0:
    TRUE: [31, 17, 0, 19, 27, 2, 28, 17, 39, 27, 17, 19, 2, 22, 28, 16, 8, 11, 8, 39]
    PRED: [9, 0, 28, 39, 27, 17, 22, 28, 8, 30, 8, 39]
    Edit distance: 10/20
  Sample 1:
    TRUE: [27, 16, 7, 39, 26, 11, 7, 2, 28, 30, 39, 28, 10, 34, 27, 2, 20, 39, 28, 5, 22, 8, 39, 20, 16, 31, 2, 14, 27, 1, 13, 28, 39]
    PRED: [27, 10, 19, 28, 30, 39, 26, 11, 28, 2, 37, 39, 10, 34, 2, 20, 39, 30, 5, 22, 8, 37, 39, 20, 16, 24, 39, 8, 5, 13, 39]
    Edit distance: 17/33
  Sample 2:
    TRUE: [28, 24, 39, 27, 33, 20, 37, 39, 35, 17, 39, 21, 12, 8, 39, 16, 22, 39, 2, 22, 2, 6, 1, 29, 30, 39, 19, 2, 20, 33, 38, 2, 22, 39]
    PRED: [9, 2, 39, 27, 33, 20, 37, 39, 35, 17, 39, 21, 10, 8, 39, 16, 22, 39, 10, 22, 2, 13, 27, 1, 28, 30, 39, 19, 20, 33, 28, 2, 22, 39]
    Edit distance: 9/34
  Sample 3:
    TRUE: [20, 3, 27, 17, 37, 39, 19, 0, 28, 30, 33, 21, 39, 22, 17, 8, 2, 8, 39, 6, 20, 1, 19, 39, 14, 20, 2, 34, 37, 39, 30, 33, 39, 6, 17, 39, 19, 2, 21, 26, 20, 17, 30, 20, 17, 39, 10, 20, 2, 14, 2, 22, 30, 39]
    PRED: [19, 27, 24, 37, 11, 39, 19, 1, 28, 30, 2, 21, 39, 22, 17, 8, 39, 21, 0, 19, 39, 8, 5, 34, 8, 39, 30, 33, 39, 6, 17, 39, 19, 2, 21, 26, 20, 20, 39, 1, 20, 2, 22, 39]
    Edit distance: 22/54
  Sample 4:
    TRUE: [9, 2, 39, 30, 33, 31, 39, 13, 10, 27, 17, 39, 13, 11, 14, 0, 30, 39, 30, 33, 39, 19, 2, 21, 39, 35, 10, 22, 39, 27, 0, 18, 11, 37, 39, 30, 33, 31, 39, 13, 10, 20, 39, 4, 30, 39]
    PRED: [9, 2, 39, 30, 27, 33, 31, 39, 13, 10, 39, 13, 34, 17, 0, 19, 30, 39, 30, 33, 39, 28, 2, 21, 39, 35, 10, 22, 39, 35, 17, 8, 11, 39, 9, 33, 31, 39, 13, 10, 39, 4, 30, 39]
    Edit distance: 13/46

============================================================
Batch 67000 | Val PER: 0.3014
============================================================
  Sample 0:
    TRUE: [31, 17, 0, 19, 27, 2, 28, 17, 39, 27, 17, 19, 2, 22, 28, 16, 8, 11, 8, 39]
    PRED: [9, 0, 19, 28, 39, 27, 16, 17, 14, 19, 22, 2, 2, 30, 2, 8, 39]
    Edit distance: 12/20
  Sample 1:
    TRUE: [27, 16, 7, 39, 26, 11, 7, 2, 28, 30, 39, 28, 10, 34, 27, 2, 20, 39, 28, 5, 22, 8, 39, 20, 16, 31, 2, 14, 27, 1, 13, 28, 39]
    PRED: [27, 10, 19, 28, 26, 11, 28, 2, 37, 39, 10, 34, 11, 20, 39, 30, 5, 22, 8, 37, 39, 20, 16, 24, 14, 8, 5, 13, 39]
    Edit distance: 16/33
  Sample 2:
    TRUE: [28, 24, 39, 27, 33, 20, 37, 39, 35, 17, 39, 21, 12, 8, 39, 16, 22, 39, 2, 22, 2, 6, 1, 29, 30, 39, 19, 2, 20, 33, 38, 2, 22, 39]
    PRED: [9, 24, 39, 27, 33, 20, 37, 39, 35, 17, 39, 21, 5, 8, 39, 16, 22, 39, 10, 16, 22, 13, 27, 2, 28, 30, 39, 19, 2, 20, 33, 2, 22, 39]
    Edit distance: 9/34
  Sample 3:
    TRUE: [20, 3, 27, 17, 37, 39, 19, 0, 28, 30, 33, 21, 39, 22, 17, 8, 2, 8, 39, 6, 20, 1, 19, 39, 14, 20, 2, 34, 37, 39, 30, 33, 39, 6, 17, 39, 19, 2, 21, 26, 20, 17, 30, 20, 17, 39, 10, 20, 2, 14, 2, 22, 30, 39]
    PRED: [19, 27, 24, 11, 39, 19, 5, 28, 2, 21, 39, 22, 17, 8, 39, 21, 27, 0, 19, 39, 20, 5, 34, 8, 39, 30, 33, 39, 6, 17, 39, 19, 2, 21, 26, 11, 2, 20, 39, 1, 20, 2, 22, 39]
    Edit distance: 23/54
  Sample 4:
    TRUE: [9, 2, 39, 30, 33, 31, 39, 13, 10, 27, 17, 39, 13, 11, 14, 0, 30, 39, 30, 33, 39, 19, 2, 21, 39, 35, 10, 22, 39, 27, 0, 18, 11, 37, 39, 30, 33, 31, 39, 13, 10, 20, 39, 4, 30, 39]
    PRED: [9, 2, 39, 30, 27, 33, 31, 39, 13, 10, 39, 13, 3, 0, 19, 0, 0, 30, 2, 39, 30, 33, 39, 28, 0, 2, 21, 39, 35, 10, 22, 8, 39, 35, 17, 0, 8, 11, 37, 39, 31, 33, 31, 39, 8, 5, 39, 4, 30, 39]
    Edit distance: 18/46

============================================================
Batch 67500 | Val PER: 0.3009
============================================================
  Sample 0:
    TRUE: [31, 17, 0, 19, 27, 2, 28, 17, 39, 27, 17, 19, 2, 22, 28, 16, 8, 11, 8, 39]
    PRED: [9, 16, 2, 0, 19, 28, 39, 27, 2, 17, 14, 22, 2, 2, 39]
    Edit distance: 14/20
  Sample 1:
    TRUE: [27, 16, 7, 39, 26, 11, 7, 2, 28, 30, 39, 28, 10, 34, 27, 2, 20, 39, 28, 5, 22, 8, 39, 20, 16, 31, 2, 14, 27, 1, 13, 28, 39]
    PRED: [27, 10, 19, 28, 39, 26, 11, 28, 2, 37, 39, 28, 10, 34, 2, 20, 39, 30, 5, 22, 8, 37, 39, 20, 16, 2, 28, 14, 8, 5, 13, 39]
    Edit distance: 14/33
  Sample 2:
    TRUE: [28, 24, 39, 27, 33, 20, 37, 39, 35, 17, 39, 21, 12, 8, 39, 16, 22, 39, 2, 22, 2, 6, 1, 29, 30, 39, 19, 2, 20, 33, 38, 2, 22, 39]
    PRED: [9, 24, 39, 27, 33, 20, 37, 39, 35, 17, 39, 21, 5, 8, 39, 16, 22, 39, 16, 22, 2, 2, 28, 30, 39, 19, 36, 33, 20, 33, 38, 37, 2, 22, 39]
    Edit distance: 9/34
  Sample 3:
    TRUE: [20, 3, 27, 17, 37, 39, 19, 0, 28, 30, 33, 21, 39, 22, 17, 8, 2, 8, 39, 6, 20, 1, 19, 39, 14, 20, 2, 34, 37, 39, 30, 33, 39, 6, 17, 39, 19, 2, 21, 26, 20, 17, 30, 20, 17, 39, 10, 20, 2, 14, 2, 22, 30, 39]
    PRED: [19, 27, 24, 11, 39, 19, 5, 28, 30, 2, 21, 39, 22, 8, 39, 21, 0, 19, 39, 20, 5, 34, 8, 39, 30, 33, 39, 6, 17, 39, 19, 2, 21, 26, 11, 20, 20, 39, 1, 20, 2, 22, 39]
    Edit distance: 23/54
  Sample 4:
    TRUE: [9, 2, 39, 30, 33, 31, 39, 13, 10, 27, 17, 39, 13, 11, 14, 0, 30, 39, 30, 33, 39, 19, 2, 21, 39, 35, 10, 22, 39, 27, 0, 18, 11, 37, 39, 30, 33, 31, 39, 13, 10, 20, 39, 4, 30, 39]
    PRED: [9, 2, 39, 30, 27, 33, 31, 39, 10, 39, 13, 3, 19, 0, 30, 39, 30, 33, 39, 28, 2, 21, 39, 35, 10, 22, 39, 35, 17, 8, 11, 37, 39, 31, 33, 31, 39, 8, 5, 39, 4, 30, 39]
    Edit distance: 14/46

============================================================
Batch 68000 | Val PER: 0.2991
============================================================
  Sample 0:
    TRUE: [31, 17, 0, 19, 27, 2, 28, 17, 39, 27, 17, 19, 2, 22, 28, 16, 8, 11, 8, 39]
    PRED: [9, 2, 0, 28, 39, 27, 16, 17, 14, 19, 22, 30, 8, 39]
    Edit distance: 13/20
  Sample 1:
    TRUE: [27, 16, 7, 39, 26, 11, 7, 2, 28, 30, 39, 28, 10, 34, 27, 2, 20, 39, 28, 5, 22, 8, 39, 20, 16, 31, 2, 14, 27, 1, 13, 28, 39]
    PRED: [35, 10, 19, 28, 30, 26, 11, 29, 2, 37, 39, 10, 34, 2, 20, 39, 30, 5, 22, 8, 37, 39, 20, 16, 2, 18, 5, 13, 39]
    Edit distance: 17/33
  Sample 2:
    TRUE: [28, 24, 39, 27, 33, 20, 37, 39, 35, 17, 39, 21, 12, 8, 39, 16, 22, 39, 2, 22, 2, 6, 1, 29, 30, 39, 19, 2, 20, 33, 38, 2, 22, 39]
    PRED: [9, 24, 39, 27, 33, 20, 37, 39, 35, 17, 39, 21, 12, 8, 39, 16, 22, 39, 10, 16, 22, 2, 2, 29, 30, 39, 19, 33, 20, 33, 33, 38, 2, 22, 39]
    Edit distance: 7/34
  Sample 3:
    TRUE: [20, 3, 27, 17, 37, 39, 19, 0, 28, 30, 33, 21, 39, 22, 17, 8, 2, 8, 39, 6, 20, 1, 19, 39, 14, 20, 2, 34, 37, 39, 30, 33, 39, 6, 17, 39, 19, 2, 21, 26, 20, 17, 30, 20, 17, 39, 10, 20, 2, 14, 2, 22, 30, 39]
    PRED: [19, 27, 24, 17, 11, 39, 19, 5, 28, 30, 2, 21, 39, 22, 4, 8, 39, 21, 0, 19, 39, 20, 5, 34, 8, 39, 30, 33, 39, 6, 17, 20, 39, 19, 2, 21, 26, 20, 39, 1, 20, 2, 22, 39]
    Edit distance: 24/54
  Sample 4:
    TRUE: [9, 2, 39, 30, 33, 31, 39, 13, 10, 27, 17, 39, 13, 11, 14, 0, 30, 39, 30, 33, 39, 19, 2, 21, 39, 35, 10, 22, 39, 27, 0, 18, 11, 37, 39, 30, 33, 31, 39, 13, 10, 20, 39, 4, 30, 39]
    PRED: [9, 2, 39, 30, 27, 33, 31, 39, 10, 39, 13, 17, 0, 30, 39, 30, 33, 39, 28, 2, 21, 39, 35, 10, 22, 39, 35, 17, 11, 37, 39, 31, 33, 31, 39, 8, 39, 4, 30, 39]
    Edit distance: 14/46

============================================================
Batch 68500 | Val PER: 0.3011
============================================================
  Sample 0:
    TRUE: [31, 17, 0, 19, 27, 2, 28, 17, 39, 27, 17, 19, 2, 22, 28, 16, 8, 11, 8, 39]
    PRED: [9, 16, 28, 0, 19, 28, 2, 28, 39, 27, 16, 17, 14, 19, 22, 30, 8, 39]
    Edit distance: 12/20
  Sample 1:
    TRUE: [27, 16, 7, 39, 26, 11, 7, 2, 28, 30, 39, 28, 10, 34, 27, 2, 20, 39, 28, 5, 22, 8, 39, 20, 16, 31, 2, 14, 27, 1, 13, 28, 39]
    PRED: [35, 10, 28, 30, 26, 11, 28, 2, 37, 39, 10, 34, 2, 20, 39, 30, 5, 22, 8, 39, 20, 16, 18, 5, 13, 39]
    Edit distance: 16/33
  Sample 2:
    TRUE: [28, 24, 39, 27, 33, 20, 37, 39, 35, 17, 39, 21, 12, 8, 39, 16, 22, 39, 2, 22, 2, 6, 1, 29, 30, 39, 19, 2, 20, 33, 38, 2, 22, 39]
    PRED: [9, 24, 39, 27, 25, 33, 20, 24, 37, 39, 35, 17, 39, 21, 5, 8, 39, 16, 22, 39, 16, 22, 1, 29, 30, 39, 19, 24, 20, 33, 38, 2, 22, 39]
    Edit distance: 8/34
  Sample 3:
    TRUE: [20, 3, 27, 17, 37, 39, 19, 0, 28, 30, 33, 21, 39, 22, 17, 8, 2, 8, 39, 6, 20, 1, 19, 39, 14, 20, 2, 34, 37, 39, 30, 33, 39, 6, 17, 39, 19, 2, 21, 26, 20, 17, 30, 20, 17, 39, 10, 20, 2, 14, 2, 22, 30, 39]
    PRED: [19, 27, 24, 17, 11, 39, 19, 1, 28, 30, 2, 21, 39, 22, 12, 8, 2, 8, 39, 21, 0, 19, 39, 8, 20, 16, 34, 8, 39, 30, 33, 39, 6, 17, 20, 39, 19, 2, 21, 26, 20, 39, 1, 20, 2, 22, 8, 39]
    Edit distance: 22/54
  Sample 4:
    TRUE: [9, 2, 39, 30, 33, 31, 39, 13, 10, 27, 17, 39, 13, 11, 14, 0, 30, 39, 30, 33, 39, 19, 2, 21, 39, 35, 10, 22, 39, 27, 0, 18, 11, 37, 39, 30, 33, 31, 39, 13, 10, 20, 39, 4, 30, 39]
    PRED: [9, 2, 39, 30, 27, 33, 31, 39, 13, 10, 39, 13, 17, 19, 0, 30, 39, 30, 33, 39, 28, 2, 21, 39, 35, 10, 22, 8, 39, 35, 17, 8, 11, 39, 31, 33, 31, 39, 8, 5, 20, 39, 4, 30, 39]
    Edit distance: 14/46

============================================================
Batch 69000 | Val PER: 0.3020
============================================================
  Sample 0:
    TRUE: [31, 17, 0, 19, 27, 2, 28, 17, 39, 27, 17, 19, 2, 22, 28, 16, 8, 11, 8, 39]
    PRED: [9, 16, 0, 28, 39, 27, 17, 14, 28, 30, 39]
    Edit distance: 13/20
  Sample 1:
    TRUE: [27, 16, 7, 39, 26, 11, 7, 2, 28, 30, 39, 28, 10, 34, 27, 2, 20, 39, 28, 5, 22, 8, 39, 20, 16, 31, 2, 14, 27, 1, 13, 28, 39]
    PRED: [27, 10, 7, 28, 39, 26, 27, 29, 2, 37, 39, 10, 34, 2, 20, 39, 30, 5, 22, 8, 39, 20, 16, 17, 2, 28, 18, 20, 5, 13, 39]
    Edit distance: 15/33
  Sample 2:
    TRUE: [28, 24, 39, 27, 33, 20, 37, 39, 35, 17, 39, 21, 12, 8, 39, 16, 22, 39, 2, 22, 2, 6, 1, 29, 30, 39, 19, 2, 20, 33, 38, 2, 22, 39]
    PRED: [9, 24, 2, 39, 27, 25, 20, 24, 37, 39, 35, 17, 39, 21, 25, 22, 8, 39, 16, 22, 39, 10, 16, 22, 2, 1, 28, 29, 30, 39, 19, 24, 20, 33, 2, 22, 39]
    Edit distance: 12/34
  Sample 3:
    TRUE: [20, 3, 27, 17, 37, 39, 19, 0, 28, 30, 33, 21, 39, 22, 17, 8, 2, 8, 39, 6, 20, 1, 19, 39, 14, 20, 2, 34, 37, 39, 30, 33, 39, 6, 17, 39, 19, 2, 21, 26, 20, 17, 30, 20, 17, 39, 10, 20, 2, 14, 2, 22, 30, 39]
    PRED: [19, 27, 24, 17, 11, 39, 19, 1, 28, 30, 2, 21, 39, 22, 12, 8, 2, 8, 39, 21, 27, 0, 19, 39, 20, 5, 34, 8, 39, 30, 33, 39, 6, 17, 39, 19, 2, 21, 26, 20, 39, 1, 20, 2, 8, 39]
    Edit distance: 22/54
  Sample 4:
    TRUE: [9, 2, 39, 30, 33, 31, 39, 13, 10, 27, 17, 39, 13, 11, 14, 0, 30, 39, 30, 33, 39, 19, 2, 21, 39, 35, 10, 22, 39, 27, 0, 18, 11, 37, 39, 30, 33, 31, 39, 13, 10, 20, 39, 4, 30, 39]
    PRED: [9, 2, 39, 30, 27, 33, 31, 39, 13, 10, 39, 13, 17, 0, 30, 39, 30, 33, 39, 28, 2, 21, 39, 35, 10, 22, 8, 39, 35, 17, 8, 30, 11, 37, 39, 31, 33, 31, 39, 13, 39, 4, 30, 39]
    Edit distance: 14/46

============================================================
Batch 69500 | Val PER: 0.2977
============================================================
  Sample 0:
    TRUE: [31, 17, 0, 19, 27, 2, 28, 17, 39, 27, 17, 19, 2, 22, 28, 16, 8, 11, 8, 39]
    PRED: [9, 2, 0, 19, 28, 39, 27, 17, 14, 19, 22, 30, 8, 39]
    Edit distance: 11/20
  Sample 1:
    TRUE: [27, 16, 7, 39, 26, 11, 7, 2, 28, 30, 39, 28, 10, 34, 27, 2, 20, 39, 28, 5, 22, 8, 39, 20, 16, 31, 2, 14, 27, 1, 13, 28, 39]
    PRED: [35, 10, 19, 28, 30, 39, 26, 27, 28, 2, 37, 39, 10, 34, 20, 39, 30, 5, 22, 8, 39, 20, 16, 28, 18, 20, 5, 13, 39]
    Edit distance: 19/33
  Sample 2:
    TRUE: [28, 24, 39, 27, 33, 20, 37, 39, 35, 17, 39, 21, 12, 8, 39, 16, 22, 39, 2, 22, 2, 6, 1, 29, 30, 39, 19, 2, 20, 33, 38, 2, 22, 39]
    PRED: [9, 2, 39, 27, 25, 33, 20, 37, 39, 35, 17, 39, 21, 5, 8, 39, 16, 22, 39, 10, 16, 22, 2, 1, 29, 39, 19, 33, 20, 33, 2, 22, 8, 39]
    Edit distance: 11/34
  Sample 3:
    TRUE: [20, 3, 27, 17, 37, 39, 19, 0, 28, 30, 33, 21, 39, 22, 17, 8, 2, 8, 39, 6, 20, 1, 19, 39, 14, 20, 2, 34, 37, 39, 30, 33, 39, 6, 17, 39, 19, 2, 21, 26, 20, 17, 30, 20, 17, 39, 10, 20, 2, 14, 2, 22, 30, 39]
    PRED: [19, 27, 24, 17, 11, 39, 19, 1, 28, 30, 2, 21, 39, 22, 12, 8, 2, 8, 39, 21, 5, 19, 39, 20, 5, 34, 8, 39, 30, 33, 39, 6, 17, 20, 39, 19, 2, 21, 26, 2, 20, 30, 39, 1, 20, 2, 22, 39]
    Edit distance: 22/54
  Sample 4:
    TRUE: [9, 2, 39, 30, 33, 31, 39, 13, 10, 27, 17, 39, 13, 11, 14, 0, 30, 39, 30, 33, 39, 19, 2, 21, 39, 35, 10, 22, 39, 27, 0, 18, 11, 37, 39, 30, 33, 31, 39, 13, 10, 20, 39, 4, 30, 39]
    PRED: [9, 2, 39, 30, 27, 33, 31, 39, 13, 10, 4, 11, 39, 13, 17, 0, 30, 39, 30, 33, 39, 28, 2, 21, 39, 35, 10, 22, 39, 35, 17, 5, 8, 11, 37, 39, 31, 33, 31, 39, 8, 20, 39, 4, 30, 39]
    Edit distance: 13/46

============================================================
Batch 70000 | Val PER: 0.2968
============================================================
  Sample 0:
    TRUE: [31, 17, 0, 19, 27, 2, 28, 17, 39, 27, 17, 19, 2, 22, 28, 16, 8, 11, 8, 39]
    PRED: [9, 2, 0, 19, 28, 39, 27, 17, 14, 19, 22, 8, 30, 8, 39]
    Edit distance: 10/20
  Sample 1:
    TRUE: [27, 16, 7, 39, 26, 11, 7, 2, 28, 30, 39, 28, 10, 34, 27, 2, 20, 39, 28, 5, 22, 8, 39, 20, 16, 31, 2, 14, 27, 1, 13, 28, 39]
    PRED: [35, 10, 7, 28, 30, 39, 26, 11, 7, 2, 37, 39, 10, 34, 20, 39, 30, 5, 22, 8, 37, 39, 20, 16, 18, 5, 13, 39]
    Edit distance: 17/33
  Sample 2:
    TRUE: [28, 24, 39, 27, 33, 20, 37, 39, 35, 17, 39, 21, 12, 8, 39, 16, 22, 39, 2, 22, 2, 6, 1, 29, 30, 39, 19, 2, 20, 33, 38, 2, 22, 39]
    PRED: [9, 24, 39, 27, 33, 20, 37, 39, 35, 17, 39, 21, 10, 22, 8, 39, 16, 22, 39, 10, 22, 2, 27, 1, 29, 30, 39, 19, 33, 20, 33, 38, 37, 2, 22, 39]
    Edit distance: 7/34
  Sample 3:
    TRUE: [20, 3, 27, 17, 37, 39, 19, 0, 28, 30, 33, 21, 39, 22, 17, 8, 2, 8, 39, 6, 20, 1, 19, 39, 14, 20, 2, 34, 37, 39, 30, 33, 39, 6, 17, 39, 19, 2, 21, 26, 20, 17, 30, 20, 17, 39, 10, 20, 2, 14, 2, 22, 30, 39]
    PRED: [19, 27, 24, 17, 11, 39, 19, 1, 28, 30, 5, 2, 21, 39, 22, 12, 8, 39, 21, 0, 19, 39, 20, 5, 34, 37, 39, 30, 33, 39, 6, 17, 39, 19, 2, 21, 26, 20, 30, 20, 39, 1, 20, 2, 22, 8, 39]
    Edit distance: 21/54
  Sample 4:
    TRUE: [9, 2, 39, 30, 33, 31, 39, 13, 10, 27, 17, 39, 13, 11, 14, 0, 30, 39, 30, 33, 39, 19, 2, 21, 39, 35, 10, 22, 39, 27, 0, 18, 11, 37, 39, 30, 33, 31, 39, 13, 10, 20, 39, 4, 30, 39]
    PRED: [9, 2, 39, 30, 36, 33, 31, 39, 13, 10, 27, 11, 39, 13, 16, 17, 0, 0, 30, 39, 30, 33, 39, 28, 2, 21, 39, 35, 10, 22, 39, 35, 17, 8, 7, 11, 37, 39, 31, 33, 31, 39, 8, 20, 39, 4, 30, 39]
    Edit distance: 13/46

============================================================
Batch 70500 | Val PER: 0.2974
============================================================
  Sample 0:
    TRUE: [31, 17, 0, 19, 27, 2, 28, 17, 39, 27, 17, 19, 2, 22, 28, 16, 8, 11, 8, 39]
    PRED: [9, 0, 28, 39, 27, 17, 14, 19, 22, 8, 30, 39]
    Edit distance: 12/20
  Sample 1:
    TRUE: [27, 16, 7, 39, 26, 11, 7, 2, 28, 30, 39, 28, 10, 34, 27, 2, 20, 39, 28, 5, 22, 8, 39, 20, 16, 31, 2, 14, 27, 1, 13, 28, 39]
    PRED: [27, 10, 7, 28, 30, 39, 26, 11, 28, 2, 37, 39, 10, 34, 2, 20, 39, 30, 5, 22, 8, 39, 20, 16, 2, 24, 18, 5, 13, 39]
    Edit distance: 14/33
  Sample 2:
    TRUE: [28, 24, 39, 27, 33, 20, 37, 39, 35, 17, 39, 21, 12, 8, 39, 16, 22, 39, 2, 22, 2, 6, 1, 29, 30, 39, 19, 2, 20, 33, 38, 2, 22, 39]
    PRED: [9, 24, 39, 27, 33, 20, 37, 39, 35, 17, 39, 21, 10, 8, 39, 16, 22, 39, 16, 22, 2, 1, 28, 30, 39, 19, 33, 20, 33, 37, 2, 22, 39]
    Edit distance: 7/34
  Sample 3:
    TRUE: [20, 3, 27, 17, 37, 39, 19, 0, 28, 30, 33, 21, 39, 22, 17, 8, 2, 8, 39, 6, 20, 1, 19, 39, 14, 20, 2, 34, 37, 39, 30, 33, 39, 6, 17, 39, 19, 2, 21, 26, 20, 17, 30, 20, 17, 39, 10, 20, 2, 14, 2, 22, 30, 39]
    PRED: [19, 27, 24, 17, 11, 39, 19, 4, 28, 30, 2, 21, 39, 22, 12, 8, 2, 8, 39, 21, 27, 0, 19, 39, 20, 5, 34, 37, 39, 30, 33, 39, 6, 17, 39, 19, 2, 21, 26, 20, 30, 17, 39, 1, 20, 2, 22, 8, 39]
    Edit distance: 18/54
  Sample 4:
    TRUE: [9, 2, 39, 30, 33, 31, 39, 13, 10, 27, 17, 39, 13, 11, 14, 0, 30, 39, 30, 33, 39, 19, 2, 21, 39, 35, 10, 22, 39, 27, 0, 18, 11, 37, 39, 30, 33, 31, 39, 13, 10, 20, 39, 4, 30, 39]
    PRED: [9, 2, 39, 30, 33, 31, 39, 13, 10, 27, 11, 39, 13, 17, 0, 0, 30, 39, 30, 33, 39, 30, 2, 21, 39, 35, 10, 22, 39, 35, 17, 8, 30, 11, 37, 39, 31, 33, 31, 39, 8, 10, 39, 4, 30, 39]
    Edit distance: 11/46

============================================================
Batch 71000 | Val PER: 0.2970
============================================================
  Sample 0:
    TRUE: [31, 17, 0, 19, 27, 2, 28, 17, 39, 27, 17, 19, 2, 22, 28, 16, 8, 11, 8, 39]
    PRED: [9, 39, 0, 19, 28, 39, 27, 2, 17, 14, 22, 2, 30, 8, 39]
    Edit distance: 12/20
  Sample 1:
    TRUE: [27, 16, 7, 39, 26, 11, 7, 2, 28, 30, 39, 28, 10, 34, 27, 2, 20, 39, 28, 5, 22, 8, 39, 20, 16, 31, 2, 14, 27, 1, 13, 28, 39]
    PRED: [35, 10, 19, 28, 39, 26, 11, 28, 2, 37, 39, 10, 34, 2, 20, 39, 30, 5, 22, 8, 39, 20, 16, 2, 24, 39, 14, 20, 5, 13, 39]
    Edit distance: 16/33
  Sample 2:
    TRUE: [28, 24, 39, 27, 33, 20, 37, 39, 35, 17, 39, 21, 12, 8, 39, 16, 22, 39, 2, 22, 2, 6, 1, 29, 30, 39, 19, 2, 20, 33, 38, 2, 22, 39]
    PRED: [9, 2, 39, 27, 33, 20, 37, 39, 35, 17, 39, 21, 10, 8, 39, 16, 22, 39, 10, 16, 22, 2, 21, 1, 29, 30, 39, 19, 36, 33, 20, 33, 38, 29, 38, 2, 22, 39]
    Edit distance: 10/34
  Sample 3:
    TRUE: [20, 3, 27, 17, 37, 39, 19, 0, 28, 30, 33, 21, 39, 22, 17, 8, 2, 8, 39, 6, 20, 1, 19, 39, 14, 20, 2, 34, 37, 39, 30, 33, 39, 6, 17, 39, 19, 2, 21, 26, 20, 17, 30, 20, 17, 39, 10, 20, 2, 14, 2, 22, 30, 39]
    PRED: [19, 27, 24, 17, 11, 39, 19, 1, 28, 30, 2, 21, 39, 22, 12, 8, 2, 8, 39, 21, 27, 2, 19, 39, 20, 2, 34, 8, 39, 30, 33, 39, 6, 17, 39, 19, 2, 26, 20, 12, 2, 39, 1, 20, 2, 22, 8, 39]
    Edit distance: 21/54
  Sample 4:
    TRUE: [9, 2, 39, 30, 33, 31, 39, 13, 10, 27, 17, 39, 13, 11, 14, 0, 30, 39, 30, 33, 39, 19, 2, 21, 39, 35, 10, 22, 39, 27, 0, 18, 11, 37, 39, 30, 33, 31, 39, 13, 10, 20, 39, 4, 30, 39]
    PRED: [9, 2, 39, 30, 27, 33, 31, 39, 13, 10, 27, 11, 39, 13, 17, 19, 30, 39, 30, 33, 39, 28, 2, 21, 39, 35, 10, 22, 39, 35, 17, 8, 11, 39, 31, 33, 31, 39, 13, 10, 39, 4, 30, 39]
    Edit distance: 12/46

============================================================
Batch 71500 | Val PER: 0.2947
============================================================
  Sample 0:
    TRUE: [31, 17, 0, 19, 27, 2, 28, 17, 39, 27, 17, 19, 2, 22, 28, 16, 8, 11, 8, 39]
    PRED: [9, 0, 28, 19, 28, 39, 27, 17, 14, 19, 22, 8, 30, 8, 39]
    Edit distance: 11/20
  Sample 1:
    TRUE: [27, 16, 7, 39, 26, 11, 7, 2, 28, 30, 39, 28, 10, 34, 27, 2, 20, 39, 28, 5, 22, 8, 39, 20, 16, 31, 2, 14, 27, 1, 13, 28, 39]
    PRED: [35, 10, 19, 28, 39, 26, 11, 29, 2, 37, 39, 10, 34, 20, 39, 30, 5, 22, 8, 37, 39, 20, 16, 17, 2, 14, 8, 5, 13, 39]
    Edit distance: 16/33
  Sample 2:
    TRUE: [28, 24, 39, 27, 33, 20, 37, 39, 35, 17, 39, 21, 12, 8, 39, 16, 22, 39, 2, 22, 2, 6, 1, 29, 30, 39, 19, 2, 20, 33, 38, 2, 22, 39]
    PRED: [9, 24, 39, 27, 25, 20, 37, 39, 35, 17, 39, 21, 12, 8, 39, 16, 22, 39, 2, 22, 2, 1, 29, 30, 39, 19, 33, 20, 33, 38, 2, 22, 39]
    Edit distance: 4/34
  Sample 3:
    TRUE: [20, 3, 27, 17, 37, 39, 19, 0, 28, 30, 33, 21, 39, 22, 17, 8, 2, 8, 39, 6, 20, 1, 19, 39, 14, 20, 2, 34, 37, 39, 30, 33, 39, 6, 17, 39, 19, 2, 21, 26, 20, 17, 30, 20, 17, 39, 10, 20, 2, 14, 2, 22, 30, 39]
    PRED: [19, 27, 24, 17, 11, 39, 19, 5, 28, 30, 5, 2, 21, 39, 22, 12, 8, 39, 21, 0, 19, 39, 20, 5, 34, 8, 39, 30, 33, 39, 6, 17, 39, 19, 2, 21, 26, 20, 20, 39, 1, 20, 2, 22, 8, 39]
    Edit distance: 23/54
  Sample 4:
    TRUE: [9, 2, 39, 30, 33, 31, 39, 13, 10, 27, 17, 39, 13, 11, 14, 0, 30, 39, 30, 33, 39, 19, 2, 21, 39, 35, 10, 22, 39, 27, 0, 18, 11, 37, 39, 30, 33, 31, 39, 13, 10, 20, 39, 4, 30, 39]
    PRED: [9, 2, 39, 30, 27, 33, 31, 39, 13, 10, 27, 39, 13, 3, 19, 0, 19, 30, 39, 30, 33, 39, 28, 2, 21, 39, 35, 10, 22, 8, 39, 35, 17, 8, 11, 37, 39, 31, 33, 31, 39, 13, 10, 20, 39, 4, 30, 39]
    Edit distance: 11/46

============================================================
Batch 72000 | Val PER: 0.2935
============================================================
  Sample 0:
    TRUE: [31, 17, 0, 19, 27, 2, 28, 17, 39, 27, 17, 19, 2, 22, 28, 16, 8, 11, 8, 39]
    PRED: [9, 0, 19, 28, 39, 27, 2, 17, 14, 19, 22, 2, 30, 2, 8, 39]
    Edit distance: 12/20
  Sample 1:
    TRUE: [27, 16, 7, 39, 26, 11, 7, 2, 28, 30, 39, 28, 10, 34, 27, 2, 20, 39, 28, 5, 22, 8, 39, 20, 16, 31, 2, 14, 27, 1, 13, 28, 39]
    PRED: [35, 10, 19, 39, 26, 11, 29, 2, 37, 39, 28, 10, 34, 2, 20, 39, 28, 5, 22, 8, 37, 39, 20, 16, 2, 24, 14, 5, 13, 39]
    Edit distance: 13/33
  Sample 2:
    TRUE: [28, 24, 39, 27, 33, 20, 37, 39, 35, 17, 39, 21, 12, 8, 39, 16, 22, 39, 2, 22, 2, 6, 1, 29, 30, 39, 19, 2, 20, 33, 38, 2, 22, 39]
    PRED: [9, 24, 39, 27, 33, 20, 37, 39, 35, 17, 39, 21, 10, 8, 39, 16, 22, 39, 10, 22, 2, 1, 29, 30, 39, 19, 36, 33, 20, 33, 2, 22, 39]
    Edit distance: 7/34
  Sample 3:
    TRUE: [20, 3, 27, 17, 37, 39, 19, 0, 28, 30, 33, 21, 39, 22, 17, 8, 2, 8, 39, 6, 20, 1, 19, 39, 14, 20, 2, 34, 37, 39, 30, 33, 39, 6, 17, 39, 19, 2, 21, 26, 20, 17, 30, 20, 17, 39, 10, 20, 2, 14, 2, 22, 30, 39]
    PRED: [19, 27, 24, 17, 39, 19, 5, 28, 30, 21, 39, 22, 12, 8, 2, 8, 39, 21, 2, 19, 39, 20, 2, 34, 8, 39, 30, 33, 39, 6, 17, 39, 19, 2, 26, 20, 20, 39, 1, 20, 2, 22, 8, 39]
    Edit distance: 20/54
  Sample 4:
    TRUE: [9, 2, 39, 30, 33, 31, 39, 13, 10, 27, 17, 39, 13, 11, 14, 0, 30, 39, 30, 33, 39, 19, 2, 21, 39, 35, 10, 22, 39, 27, 0, 18, 11, 37, 39, 30, 33, 31, 39, 13, 10, 20, 39, 4, 30, 39]
    PRED: [9, 2, 39, 30, 33, 31, 39, 13, 10, 27, 17, 39, 13, 3, 19, 0, 19, 30, 39, 30, 33, 39, 28, 2, 21, 39, 35, 10, 22, 39, 35, 11, 8, 11, 37, 39, 31, 33, 31, 39, 20, 39, 4, 30, 39]
    Edit distance: 10/46

============================================================
Batch 72500 | Val PER: 0.2983
============================================================
  Sample 0:
    TRUE: [31, 17, 0, 19, 27, 2, 28, 17, 39, 27, 17, 19, 2, 22, 28, 16, 8, 11, 8, 39]
    PRED: [9, 39, 0, 19, 28, 39, 27, 17, 14, 19, 19, 22, 28, 8, 30, 39]
    Edit distance: 10/20
  Sample 1:
    TRUE: [27, 16, 7, 39, 26, 11, 7, 2, 28, 30, 39, 28, 10, 34, 27, 2, 20, 39, 28, 5, 22, 8, 39, 20, 16, 31, 2, 14, 27, 1, 13, 28, 39]
    PRED: [35, 10, 19, 28, 39, 26, 11, 28, 2, 8, 37, 39, 10, 34, 2, 20, 39, 30, 5, 22, 8, 39, 20, 16, 19, 14, 5, 13, 39]
    Edit distance: 15/33
  Sample 2:
    TRUE: [28, 24, 39, 27, 33, 20, 37, 39, 35, 17, 39, 21, 12, 8, 39, 16, 22, 39, 2, 22, 2, 6, 1, 29, 30, 39, 19, 2, 20, 33, 38, 2, 22, 39]
    PRED: [9, 24, 39, 27, 33, 20, 37, 39, 21, 17, 39, 21, 10, 22, 8, 39, 16, 22, 39, 10, 22, 2, 21, 1, 28, 30, 39, 19, 2, 20, 33, 29, 2, 22, 39]
    Edit distance: 8/34
  Sample 3:
    TRUE: [20, 3, 27, 17, 37, 39, 19, 0, 28, 30, 33, 21, 39, 22, 17, 8, 2, 8, 39, 6, 20, 1, 19, 39, 14, 20, 2, 34, 37, 39, 30, 33, 39, 6, 17, 39, 19, 2, 21, 26, 20, 17, 30, 20, 17, 39, 10, 20, 2, 14, 2, 22, 30, 39]
    PRED: [19, 27, 24, 17, 11, 39, 19, 1, 28, 30, 2, 21, 39, 22, 17, 8, 39, 21, 0, 19, 39, 20, 5, 34, 8, 39, 30, 33, 39, 6, 17, 39, 19, 2, 21, 26, 27, 2, 20, 20, 39, 1, 20, 2, 22, 8, 39]
    Edit distance: 22/54
  Sample 4:
    TRUE: [9, 2, 39, 30, 33, 31, 39, 13, 10, 27, 17, 39, 13, 11, 14, 0, 30, 39, 30, 33, 39, 19, 2, 21, 39, 35, 10, 22, 39, 27, 0, 18, 11, 37, 39, 30, 33, 31, 39, 13, 10, 20, 39, 4, 30, 39]
    PRED: [9, 2, 39, 30, 27, 33, 31, 39, 13, 10, 27, 17, 39, 34, 3, 0, 0, 30, 39, 30, 33, 39, 28, 2, 21, 39, 35, 10, 22, 8, 39, 35, 11, 8, 11, 39, 31, 33, 31, 39, 8, 10, 20, 39, 4, 30, 39]
    Edit distance: 12/46

============================================================
Batch 73000 | Val PER: 0.2977
============================================================
  Sample 0:
    TRUE: [31, 17, 0, 19, 27, 2, 28, 17, 39, 27, 17, 19, 2, 22, 28, 16, 8, 11, 8, 39]
    PRED: [9, 0, 28, 39, 27, 2, 14, 19, 22, 2, 2, 30, 2, 11, 39]
    Edit distance: 14/20
  Sample 1:
    TRUE: [27, 16, 7, 39, 26, 11, 7, 2, 28, 30, 39, 28, 10, 34, 27, 2, 20, 39, 28, 5, 22, 8, 39, 20, 16, 31, 2, 14, 27, 1, 13, 28, 39]
    PRED: [35, 10, 19, 28, 39, 26, 11, 28, 2, 8, 37, 39, 10, 34, 2, 20, 39, 30, 5, 22, 8, 37, 39, 20, 16, 14, 5, 13, 39]
    Edit distance: 16/33
  Sample 2:
    TRUE: [28, 24, 39, 27, 33, 20, 37, 39, 35, 17, 39, 21, 12, 8, 39, 16, 22, 39, 2, 22, 2, 6, 1, 29, 30, 39, 19, 2, 20, 33, 38, 2, 22, 39]
    PRED: [9, 24, 39, 27, 33, 20, 37, 39, 35, 17, 39, 21, 12, 22, 8, 39, 16, 22, 39, 10, 22, 2, 1, 28, 30, 39, 19, 33, 20, 33, 38, 2, 22, 39]
    Edit distance: 6/34
  Sample 3:
    TRUE: [20, 3, 27, 17, 37, 39, 19, 0, 28, 30, 33, 21, 39, 22, 17, 8, 2, 8, 39, 6, 20, 1, 19, 39, 14, 20, 2, 34, 37, 39, 30, 33, 39, 6, 17, 39, 19, 2, 21, 26, 20, 17, 30, 20, 17, 39, 10, 20, 2, 14, 2, 22, 30, 39]
    PRED: [19, 27, 24, 17, 11, 39, 19, 1, 28, 30, 2, 21, 39, 22, 12, 8, 2, 8, 39, 21, 0, 19, 39, 20, 5, 34, 8, 39, 30, 33, 39, 6, 17, 20, 39, 19, 2, 21, 26, 2, 20, 12, 39, 1, 20, 2, 22, 8, 39]
    Edit distance: 22/54
  Sample 4:
    TRUE: [9, 2, 39, 30, 33, 31, 39, 13, 10, 27, 17, 39, 13, 11, 14, 0, 30, 39, 30, 33, 39, 19, 2, 21, 39, 35, 10, 22, 39, 27, 0, 18, 11, 37, 39, 30, 33, 31, 39, 13, 10, 20, 39, 4, 30, 39]
    PRED: [9, 2, 39, 30, 27, 33, 31, 39, 13, 10, 39, 13, 3, 0, 0, 30, 39, 30, 33, 39, 28, 2, 21, 39, 35, 10, 22, 39, 35, 17, 8, 11, 39, 31, 33, 31, 39, 13, 10, 20, 39, 4, 30, 39]
    Edit distance: 11/46

============================================================
Batch 73500 | Val PER: 0.2972
============================================================
  Sample 0:
    TRUE: [31, 17, 0, 19, 27, 2, 28, 17, 39, 27, 17, 19, 2, 22, 28, 16, 8, 11, 8, 39]
    PRED: [9, 0, 19, 28, 39, 27, 2, 14, 19, 22, 2, 2, 30, 39]
    Edit distance: 13/20
  Sample 1:
    TRUE: [27, 16, 7, 39, 26, 11, 7, 2, 28, 30, 39, 28, 10, 34, 27, 2, 20, 39, 28, 5, 22, 8, 39, 20, 16, 31, 2, 14, 27, 1, 13, 28, 39]
    PRED: [35, 10, 19, 28, 39, 26, 11, 28, 2, 8, 37, 39, 10, 34, 2, 20, 39, 30, 5, 22, 8, 37, 39, 20, 16, 2, 18, 2, 13, 39]
    Edit distance: 16/33
  Sample 2:
    TRUE: [28, 24, 39, 27, 33, 20, 37, 39, 35, 17, 39, 21, 12, 8, 39, 16, 22, 39, 2, 22, 2, 6, 1, 29, 30, 39, 19, 2, 20, 33, 38, 2, 22, 39]
    PRED: [9, 2, 39, 27, 25, 20, 37, 39, 21, 17, 39, 21, 10, 8, 39, 16, 22, 39, 10, 22, 2, 1, 29, 30, 39, 19, 2, 20, 33, 38, 2, 22, 39]
    Edit distance: 7/34
  Sample 3:
    TRUE: [20, 3, 27, 17, 37, 39, 19, 0, 28, 30, 33, 21, 39, 22, 17, 8, 2, 8, 39, 6, 20, 1, 19, 39, 14, 20, 2, 34, 37, 39, 30, 33, 39, 6, 17, 39, 19, 2, 21, 26, 20, 17, 30, 20, 17, 39, 10, 20, 2, 14, 2, 22, 30, 39]
    PRED: [19, 27, 24, 17, 39, 28, 30, 2, 21, 39, 22, 12, 8, 8, 39, 21, 0, 19, 39, 20, 2, 34, 8, 39, 30, 33, 39, 6, 17, 39, 19, 2, 21, 26, 2, 20, 12, 39, 1, 20, 2, 22, 8, 39]
    Edit distance: 22/54
  Sample 4:
    TRUE: [9, 2, 39, 30, 33, 31, 39, 13, 10, 27, 17, 39, 13, 11, 14, 0, 30, 39, 30, 33, 39, 19, 2, 21, 39, 35, 10, 22, 39, 27, 0, 18, 11, 37, 39, 30, 33, 31, 39, 13, 10, 20, 39, 4, 30, 39]
    PRED: [9, 2, 39, 30, 27, 33, 31, 39, 13, 10, 39, 13, 3, 19, 0, 30, 39, 30, 33, 39, 28, 2, 21, 39, 35, 10, 22, 39, 35, 12, 8, 11, 37, 39, 31, 33, 31, 39, 13, 10, 20, 39, 4, 30, 39]
    Edit distance: 10/46

============================================================
Batch 74000 | Val PER: 0.2945
============================================================
  Sample 0:
    TRUE: [31, 17, 0, 19, 27, 2, 28, 17, 39, 27, 17, 19, 2, 22, 28, 16, 8, 11, 8, 39]
    PRED: [9, 0, 28, 39, 27, 2, 17, 14, 19, 22, 2, 2, 30, 39]
    Edit distance: 14/20
  Sample 1:
    TRUE: [27, 16, 7, 39, 26, 11, 7, 2, 28, 30, 39, 28, 10, 34, 27, 2, 20, 39, 28, 5, 22, 8, 39, 20, 16, 31, 2, 14, 27, 1, 13, 28, 39]
    PRED: [35, 10, 19, 28, 39, 26, 11, 29, 2, 37, 39, 10, 34, 2, 20, 39, 30, 5, 22, 8, 37, 39, 20, 16, 2, 18, 5, 13, 39]
    Edit distance: 16/33
  Sample 2:
    TRUE: [28, 24, 39, 27, 33, 20, 37, 39, 35, 17, 39, 21, 12, 8, 39, 16, 22, 39, 2, 22, 2, 6, 1, 29, 30, 39, 19, 2, 20, 33, 38, 2, 22, 39]
    PRED: [9, 24, 39, 27, 33, 20, 37, 39, 35, 17, 39, 21, 10, 8, 39, 16, 22, 39, 2, 22, 2, 1, 29, 30, 39, 19, 24, 20, 33, 2, 22, 39]
    Edit distance: 5/34
  Sample 3:
    TRUE: [20, 3, 27, 17, 37, 39, 19, 0, 28, 30, 33, 21, 39, 22, 17, 8, 2, 8, 39, 6, 20, 1, 19, 39, 14, 20, 2, 34, 37, 39, 30, 33, 39, 6, 17, 39, 19, 2, 21, 26, 20, 17, 30, 20, 17, 39, 10, 20, 2, 14, 2, 22, 30, 39]
    PRED: [19, 27, 24, 17, 11, 39, 19, 1, 28, 30, 27, 2, 21, 39, 22, 12, 8, 39, 21, 1, 19, 39, 20, 5, 34, 8, 39, 30, 33, 39, 6, 17, 39, 19, 2, 21, 26, 2, 20, 17, 39, 1, 20, 2, 22, 39]
    Edit distance: 22/54
  Sample 4:
    TRUE: [9, 2, 39, 30, 33, 31, 39, 13, 10, 27, 17, 39, 13, 11, 14, 0, 30, 39, 30, 33, 39, 19, 2, 21, 39, 35, 10, 22, 39, 27, 0, 18, 11, 37, 39, 30, 33, 31, 39, 13, 10, 20, 39, 4, 30, 39]
    PRED: [9, 2, 39, 30, 27, 33, 31, 39, 13, 10, 27, 39, 13, 3, 19, 0, 0, 30, 39, 30, 33, 39, 28, 2, 21, 39, 35, 10, 22, 39, 35, 17, 8, 11, 37, 39, 31, 33, 31, 39, 13, 20, 39, 4, 30, 39]
    Edit distance: 11/46

============================================================
Batch 74500 | Val PER: 0.2965
============================================================
  Sample 0:
    TRUE: [31, 17, 0, 19, 27, 2, 28, 17, 39, 27, 17, 19, 2, 22, 28, 16, 8, 11, 8, 39]
    PRED: [9, 28, 0, 19, 28, 39, 14, 2, 14, 19, 22, 10, 30, 8, 39]
    Edit distance: 13/20
  Sample 1:
    TRUE: [27, 16, 7, 39, 26, 11, 7, 2, 28, 30, 39, 28, 10, 34, 27, 2, 20, 39, 28, 5, 22, 8, 39, 20, 16, 31, 2, 14, 27, 1, 13, 28, 39]
    PRED: [35, 10, 19, 28, 39, 26, 11, 28, 2, 37, 39, 10, 34, 2, 20, 39, 28, 5, 22, 8, 37, 39, 20, 16, 2, 14, 8, 5, 13, 39]
    Edit distance: 14/33
  Sample 2:
    TRUE: [28, 24, 39, 27, 33, 20, 37, 39, 35, 17, 39, 21, 12, 8, 39, 16, 22, 39, 2, 22, 2, 6, 1, 29, 30, 39, 19, 2, 20, 33, 38, 2, 22, 39]
    PRED: [9, 2, 39, 27, 33, 20, 37, 39, 35, 17, 39, 21, 10, 8, 39, 16, 22, 39, 2, 22, 2, 1, 28, 30, 39, 19, 2, 20, 33, 2, 22, 39]
    Edit distance: 6/34
  Sample 3:
    TRUE: [20, 3, 27, 17, 37, 39, 19, 0, 28, 30, 33, 21, 39, 22, 17, 8, 2, 8, 39, 6, 20, 1, 19, 39, 14, 20, 2, 34, 37, 39, 30, 33, 39, 6, 17, 39, 19, 2, 21, 26, 20, 17, 30, 20, 17, 39, 10, 20, 2, 14, 2, 22, 30, 39]
    PRED: [19, 27, 24, 37, 11, 39, 19, 1, 28, 30, 2, 21, 39, 22, 12, 8, 2, 8, 39, 21, 16, 19, 39, 20, 2, 34, 8, 39, 30, 33, 39, 6, 17, 39, 19, 2, 21, 26, 2, 20, 17, 39, 1, 20, 2, 20, 2, 22, 8, 39]
    Edit distance: 18/54
  Sample 4:
    TRUE: [9, 2, 39, 30, 33, 31, 39, 13, 10, 27, 17, 39, 13, 11, 14, 0, 30, 39, 30, 33, 39, 19, 2, 21, 39, 35, 10, 22, 39, 27, 0, 18, 11, 37, 39, 30, 33, 31, 39, 13, 10, 20, 39, 4, 30, 39]
    PRED: [9, 2, 39, 30, 33, 31, 39, 13, 4, 27, 39, 13, 3, 30, 39, 30, 33, 39, 28, 2, 21, 39, 35, 10, 22, 39, 35, 17, 11, 37, 39, 31, 33, 31, 39, 20, 4, 30, 39]
    Edit distance: 13/46

============================================================
Batch 75000 | Val PER: 0.2974
============================================================
  Sample 0:
    TRUE: [31, 17, 0, 19, 27, 2, 28, 17, 39, 27, 17, 19, 2, 22, 28, 16, 8, 11, 8, 39]
    PRED: [9, 0, 28, 39, 27, 2, 17, 14, 19, 22, 8, 30, 8, 39]
    Edit distance: 12/20
  Sample 1:
    TRUE: [27, 16, 7, 39, 26, 11, 7, 2, 28, 30, 39, 28, 10, 34, 27, 2, 20, 39, 28, 5, 22, 8, 39, 20, 16, 31, 2, 14, 27, 1, 13, 28, 39]
    PRED: [35, 10, 19, 28, 39, 26, 11, 28, 2, 8, 37, 39, 10, 34, 2, 20, 39, 30, 5, 22, 8, 37, 39, 20, 16, 17, 2, 18, 8, 5, 13, 39]
    Edit distance: 16/33
  Sample 2:
    TRUE: [28, 24, 39, 27, 33, 20, 37, 39, 35, 17, 39, 21, 12, 8, 39, 16, 22, 39, 2, 22, 2, 6, 1, 29, 30, 39, 19, 2, 20, 33, 38, 2, 22, 39]
    PRED: [9, 24, 39, 27, 33, 20, 37, 39, 35, 17, 39, 21, 10, 8, 39, 16, 22, 39, 10, 22, 2, 1, 28, 30, 39, 19, 33, 20, 33, 2, 22, 39]
    Edit distance: 7/34
  Sample 3:
    TRUE: [20, 3, 27, 17, 37, 39, 19, 0, 28, 30, 33, 21, 39, 22, 17, 8, 2, 8, 39, 6, 20, 1, 19, 39, 14, 20, 2, 34, 37, 39, 30, 33, 39, 6, 17, 39, 19, 2, 21, 26, 20, 17, 30, 20, 17, 39, 10, 20, 2, 14, 2, 22, 30, 39]
    PRED: [19, 27, 24, 37, 11, 39, 19, 1, 28, 30, 5, 2, 21, 39, 22, 17, 8, 2, 8, 39, 21, 0, 19, 39, 20, 16, 34, 8, 39, 30, 33, 39, 6, 17, 39, 19, 2, 26, 2, 20, 20, 39, 1, 20, 2, 20, 2, 22, 39]
    Edit distance: 21/54
  Sample 4:
    TRUE: [9, 2, 39, 30, 33, 31, 39, 13, 10, 27, 17, 39, 13, 11, 14, 0, 30, 39, 30, 33, 39, 19, 2, 21, 39, 35, 10, 22, 39, 27, 0, 18, 11, 37, 39, 30, 33, 31, 39, 13, 10, 20, 39, 4, 30, 39]
    PRED: [9, 2, 39, 30, 27, 33, 31, 39, 13, 10, 27, 39, 13, 3, 17, 0, 19, 30, 39, 30, 33, 39, 28, 2, 21, 39, 35, 10, 22, 39, 35, 11, 8, 11, 37, 39, 31, 33, 31, 39, 5, 20, 39, 4, 30, 39]
    Edit distance: 12/46

============================================================
Batch 75500 | Val PER: 0.2957
============================================================
  Sample 0:
    TRUE: [31, 17, 0, 19, 27, 2, 28, 17, 39, 27, 17, 19, 2, 22, 28, 16, 8, 11, 8, 39]
    PRED: [9, 0, 28, 30, 28, 39, 14, 2, 14, 19, 22, 30, 39]
    Edit distance: 15/20
  Sample 1:
    TRUE: [27, 16, 7, 39, 26, 11, 7, 2, 28, 30, 39, 28, 10, 34, 27, 2, 20, 39, 28, 5, 22, 8, 39, 20, 16, 31, 2, 14, 27, 1, 13, 28, 39]
    PRED: [35, 10, 19, 28, 39, 26, 11, 29, 2, 37, 39, 10, 34, 2, 20, 39, 30, 5, 22, 8, 37, 39, 20, 16, 2, 2, 14, 8, 5, 13, 39]
    Edit distance: 15/33
  Sample 2:
    TRUE: [28, 24, 39, 27, 33, 20, 37, 39, 35, 17, 39, 21, 12, 8, 39, 16, 22, 39, 2, 22, 2, 6, 1, 29, 30, 39, 19, 2, 20, 33, 38, 2, 22, 39]
    PRED: [9, 24, 39, 27, 33, 20, 37, 39, 35, 17, 39, 21, 10, 8, 39, 16, 22, 39, 2, 22, 2, 13, 1, 28, 30, 39, 19, 20, 33, 2, 22, 39]
    Edit distance: 6/34
  Sample 3:
    TRUE: [20, 3, 27, 17, 37, 39, 19, 0, 28, 30, 33, 21, 39, 22, 17, 8, 2, 8, 39, 6, 20, 1, 19, 39, 14, 20, 2, 34, 37, 39, 30, 33, 39, 6, 17, 39, 19, 2, 21, 26, 20, 17, 30, 20, 17, 39, 10, 20, 2, 14, 2, 22, 30, 39]
    PRED: [19, 27, 24, 37, 39, 19, 1, 28, 30, 2, 21, 39, 22, 12, 8, 39, 21, 0, 19, 39, 20, 2, 34, 8, 39, 30, 33, 39, 6, 17, 39, 19, 2, 21, 26, 20, 20, 39, 1, 20, 2, 20, 2, 22, 39]
    Edit distance: 19/54
  Sample 4:
    TRUE: [9, 2, 39, 30, 33, 31, 39, 13, 10, 27, 17, 39, 13, 11, 14, 0, 30, 39, 30, 33, 39, 19, 2, 21, 39, 35, 10, 22, 39, 27, 0, 18, 11, 37, 39, 30, 33, 31, 39, 13, 10, 20, 39, 4, 30, 39]
    PRED: [9, 2, 39, 30, 27, 33, 31, 39, 13, 10, 27, 39, 13, 3, 0, 0, 30, 39, 30, 33, 39, 28, 2, 21, 39, 35, 10, 22, 39, 35, 5, 8, 11, 37, 39, 31, 33, 31, 39, 13, 10, 4, 30, 39]
    Edit distance: 11/46

============================================================
Batch 76000 | Val PER: 0.2965
============================================================
  Sample 0:
    TRUE: [31, 17, 0, 19, 27, 2, 28, 17, 39, 27, 17, 19, 2, 22, 28, 16, 8, 11, 8, 39]
    PRED: [9, 0, 30, 28, 30, 28, 39, 27, 2, 14, 19, 22, 2, 30, 39]
    Edit distance: 14/20
  Sample 1:
    TRUE: [27, 16, 7, 39, 26, 11, 7, 2, 28, 30, 39, 28, 10, 34, 27, 2, 20, 39, 28, 5, 22, 8, 39, 20, 16, 31, 2, 14, 27, 1, 13, 28, 39]
    PRED: [35, 10, 19, 28, 30, 39, 26, 11, 29, 2, 37, 39, 28, 10, 34, 2, 20, 39, 28, 5, 22, 8, 37, 39, 20, 16, 2, 14, 5, 13, 30, 39]
    Edit distance: 14/33
  Sample 2:
    TRUE: [28, 24, 39, 27, 33, 20, 37, 39, 35, 17, 39, 21, 12, 8, 39, 16, 22, 39, 2, 22, 2, 6, 1, 29, 30, 39, 19, 2, 20, 33, 38, 2, 22, 39]
    PRED: [9, 24, 39, 27, 33, 20, 37, 39, 35, 17, 39, 21, 5, 8, 39, 16, 22, 39, 2, 22, 2, 11, 1, 28, 30, 39, 19, 24, 20, 33, 2, 22, 39]
    Edit distance: 6/34
  Sample 3:
    TRUE: [20, 3, 27, 17, 37, 39, 19, 0, 28, 30, 33, 21, 39, 22, 17, 8, 2, 8, 39, 6, 20, 1, 19, 39, 14, 20, 2, 34, 37, 39, 30, 33, 39, 6, 17, 39, 19, 2, 21, 26, 20, 17, 30, 20, 17, 39, 10, 20, 2, 14, 2, 22, 30, 39]
    PRED: [19, 27, 24, 11, 39, 19, 1, 28, 30, 21, 39, 22, 12, 8, 39, 21, 0, 19, 39, 20, 2, 34, 8, 39, 30, 33, 39, 6, 17, 39, 19, 2, 21, 26, 11, 2, 20, 17, 12, 39, 1, 20, 2, 22, 39]
    Edit distance: 22/54
  Sample 4:
    TRUE: [9, 2, 39, 30, 33, 31, 39, 13, 10, 27, 17, 39, 13, 11, 14, 0, 30, 39, 30, 33, 39, 19, 2, 21, 39, 35, 10, 22, 39, 27, 0, 18, 11, 37, 39, 30, 33, 31, 39, 13, 10, 20, 39, 4, 30, 39]
    PRED: [9, 2, 39, 30, 36, 33, 31, 39, 10, 27, 39, 13, 3, 19, 0, 0, 19, 30, 39, 30, 33, 39, 28, 2, 21, 39, 35, 10, 22, 39, 35, 11, 8, 11, 37, 39, 31, 33, 31, 39, 13, 10, 20, 39, 4, 30, 39]
    Edit distance: 12/46

============================================================
Batch 76500 | Val PER: 0.2919
============================================================
  Sample 0:
    TRUE: [31, 17, 0, 19, 27, 2, 28, 17, 39, 27, 17, 19, 2, 22, 28, 16, 8, 11, 8, 39]
    PRED: [9, 0, 28, 2, 28, 39, 27, 2, 14, 19, 22, 8, 30, 2, 39]
    Edit distance: 12/20
  Sample 1:
    TRUE: [27, 16, 7, 39, 26, 11, 7, 2, 28, 30, 39, 28, 10, 34, 27, 2, 20, 39, 28, 5, 22, 8, 39, 20, 16, 31, 2, 14, 27, 1, 13, 28, 39]
    PRED: [35, 10, 19, 28, 39, 26, 11, 28, 2, 37, 39, 28, 10, 34, 2, 20, 39, 30, 5, 22, 8, 37, 39, 20, 16, 2, 14, 8, 5, 13, 39]
    Edit distance: 14/33
  Sample 2:
    TRUE: [28, 24, 39, 27, 33, 20, 37, 39, 35, 17, 39, 21, 12, 8, 39, 16, 22, 39, 2, 22, 2, 6, 1, 29, 30, 39, 19, 2, 20, 33, 38, 2, 22, 39]
    PRED: [9, 24, 39, 27, 33, 20, 37, 39, 35, 17, 39, 21, 10, 22, 8, 39, 16, 22, 39, 2, 22, 2, 1, 28, 30, 39, 19, 33, 20, 33, 38, 2, 22, 39]
    Edit distance: 6/34
  Sample 3:
    TRUE: [20, 3, 27, 17, 37, 39, 19, 0, 28, 30, 33, 21, 39, 22, 17, 8, 2, 8, 39, 6, 20, 1, 19, 39, 14, 20, 2, 34, 37, 39, 30, 33, 39, 6, 17, 39, 19, 2, 21, 26, 20, 17, 30, 20, 17, 39, 10, 20, 2, 14, 2, 22, 30, 39]
    PRED: [19, 27, 24, 17, 11, 39, 19, 1, 28, 30, 2, 21, 39, 22, 17, 8, 2, 8, 39, 21, 16, 19, 39, 20, 2, 34, 8, 39, 30, 33, 39, 6, 17, 20, 39, 19, 2, 21, 26, 20, 17, 39, 1, 20, 2, 22, 39]
    Edit distance: 19/54
  Sample 4:
    TRUE: [9, 2, 39, 30, 33, 31, 39, 13, 10, 27, 17, 39, 13, 11, 14, 0, 30, 39, 30, 33, 39, 19, 2, 21, 39, 35, 10, 22, 39, 27, 0, 18, 11, 37, 39, 30, 33, 31, 39, 13, 10, 20, 39, 4, 30, 39]
    PRED: [9, 2, 39, 30, 36, 33, 31, 39, 10, 27, 39, 13, 3, 0, 30, 39, 30, 33, 39, 28, 2, 21, 39, 35, 10, 22, 39, 35, 11, 0, 8, 11, 37, 39, 31, 33, 31, 39, 20, 39, 4, 30, 39]
    Edit distance: 12/46

============================================================
Batch 77000 | Val PER: 0.2958
============================================================
  Sample 0:
    TRUE: [31, 17, 0, 19, 27, 2, 28, 17, 39, 27, 17, 19, 2, 22, 28, 16, 8, 11, 8, 39]
    PRED: [9, 0, 19, 30, 28, 2, 28, 39, 27, 2, 14, 19, 22, 2, 2, 30, 2, 8, 39]
    Edit distance: 12/20
  Sample 1:
    TRUE: [27, 16, 7, 39, 26, 11, 7, 2, 28, 30, 39, 28, 10, 34, 27, 2, 20, 39, 28, 5, 22, 8, 39, 20, 16, 31, 2, 14, 27, 1, 13, 28, 39]
    PRED: [27, 10, 19, 28, 39, 26, 11, 29, 2, 37, 39, 10, 34, 2, 20, 39, 30, 5, 22, 8, 37, 39, 8, 16, 2, 14, 8, 2, 13, 28, 39]
    Edit distance: 14/33
  Sample 2:
    TRUE: [28, 24, 39, 27, 33, 20, 37, 39, 35, 17, 39, 21, 12, 8, 39, 16, 22, 39, 2, 22, 2, 6, 1, 29, 30, 39, 19, 2, 20, 33, 38, 2, 22, 39]
    PRED: [9, 24, 39, 27, 33, 20, 24, 37, 39, 35, 17, 39, 21, 10, 8, 39, 16, 22, 39, 10, 22, 2, 11, 1, 29, 30, 39, 19, 33, 20, 33, 2, 22, 39]
    Edit distance: 7/34
  Sample 3:
    TRUE: [20, 3, 27, 17, 37, 39, 19, 0, 28, 30, 33, 21, 39, 22, 17, 8, 2, 8, 39, 6, 20, 1, 19, 39, 14, 20, 2, 34, 37, 39, 30, 33, 39, 6, 17, 39, 19, 2, 21, 26, 20, 17, 30, 20, 17, 39, 10, 20, 2, 14, 2, 22, 30, 39]
    PRED: [19, 27, 24, 17, 11, 39, 19, 1, 28, 30, 2, 21, 39, 22, 17, 8, 2, 8, 39, 21, 16, 19, 39, 20, 0, 34, 8, 39, 30, 33, 39, 6, 17, 39, 19, 2, 21, 26, 2, 20, 17, 39, 1, 20, 2, 20, 2, 22, 8, 39]
    Edit distance: 18/54
  Sample 4:
    TRUE: [9, 2, 39, 30, 33, 31, 39, 13, 10, 27, 17, 39, 13, 11, 14, 0, 30, 39, 30, 33, 39, 19, 2, 21, 39, 35, 10, 22, 39, 27, 0, 18, 11, 37, 39, 30, 33, 31, 39, 13, 10, 20, 39, 4, 30, 39]
    PRED: [9, 2, 39, 30, 27, 33, 31, 39, 13, 10, 27, 17, 11, 39, 13, 34, 2, 0, 0, 30, 39, 30, 33, 39, 28, 2, 21, 39, 35, 10, 22, 39, 35, 11, 0, 8, 11, 37, 39, 31, 33, 31, 39, 13, 10, 20, 39, 4, 30, 39]
    Edit distance: 10/46

============================================================
Batch 77500 | Val PER: 0.2936
============================================================
  Sample 0:
    TRUE: [31, 17, 0, 19, 27, 2, 28, 17, 39, 27, 17, 19, 2, 22, 28, 16, 8, 11, 8, 39]
    PRED: [9, 2, 0, 28, 39, 27, 2, 17, 14, 19, 22, 2, 2, 30, 8, 39]
    Edit distance: 13/20
  Sample 1:
    TRUE: [27, 16, 7, 39, 26, 11, 7, 2, 28, 30, 39, 28, 10, 34, 27, 2, 20, 39, 28, 5, 22, 8, 39, 20, 16, 31, 2, 14, 27, 1, 13, 28, 39]
    PRED: [27, 10, 19, 28, 30, 39, 26, 11, 29, 2, 37, 39, 10, 34, 2, 20, 39, 30, 5, 22, 8, 37, 39, 20, 16, 2, 14, 5, 13, 39]
    Edit distance: 15/33
  Sample 2:
    TRUE: [28, 24, 39, 27, 33, 20, 37, 39, 35, 17, 39, 21, 12, 8, 39, 16, 22, 39, 2, 22, 2, 6, 1, 29, 30, 39, 19, 2, 20, 33, 38, 2, 22, 39]
    PRED: [9, 24, 39, 27, 33, 20, 28, 37, 39, 21, 17, 39, 21, 10, 8, 39, 16, 22, 39, 10, 22, 2, 1, 28, 29, 30, 39, 19, 33, 20, 33, 38, 2, 22, 39]
    Edit distance: 8/34
  Sample 3:
    TRUE: [20, 3, 27, 17, 37, 39, 19, 0, 28, 30, 33, 21, 39, 22, 17, 8, 2, 8, 39, 6, 20, 1, 19, 39, 14, 20, 2, 34, 37, 39, 30, 33, 39, 6, 17, 39, 19, 2, 21, 26, 20, 17, 30, 20, 17, 39, 10, 20, 2, 14, 2, 22, 30, 39]
    PRED: [19, 27, 24, 12, 39, 19, 1, 28, 30, 2, 21, 39, 22, 12, 8, 2, 8, 39, 21, 2, 19, 39, 20, 5, 34, 8, 39, 30, 33, 39, 6, 17, 39, 19, 2, 21, 26, 2, 20, 20, 39, 1, 20, 2, 22, 8, 39]
    Edit distance: 21/54
  Sample 4:
    TRUE: [9, 2, 39, 30, 33, 31, 39, 13, 10, 27, 17, 39, 13, 11, 14, 0, 30, 39, 30, 33, 39, 19, 2, 21, 39, 35, 10, 22, 39, 27, 0, 18, 11, 37, 39, 30, 33, 31, 39, 13, 10, 20, 39, 4, 30, 39]
    PRED: [9, 2, 39, 30, 27, 33, 31, 39, 13, 10, 27, 39, 13, 3, 0, 19, 30, 39, 30, 33, 39, 28, 2, 21, 39, 35, 10, 22, 39, 35, 11, 0, 8, 30, 11, 37, 39, 31, 33, 31, 39, 13, 5, 4, 30, 39]
    Edit distance: 14/46

============================================================
Batch 78000 | Val PER: 0.2952
============================================================
  Sample 0:
    TRUE: [31, 17, 0, 19, 27, 2, 28, 17, 39, 27, 17, 19, 2, 22, 28, 16, 8, 11, 8, 39]
    PRED: [9, 2, 0, 28, 39, 27, 2, 17, 14, 19, 22, 2, 2, 30, 2, 8, 39]
    Edit distance: 13/20
  Sample 1:
    TRUE: [27, 16, 7, 39, 26, 11, 7, 2, 28, 30, 39, 28, 10, 34, 27, 2, 20, 39, 28, 5, 22, 8, 39, 20, 16, 31, 2, 14, 27, 1, 13, 28, 39]
    PRED: [27, 10, 19, 28, 39, 26, 11, 29, 2, 37, 39, 10, 34, 2, 20, 39, 30, 5, 22, 8, 37, 39, 20, 16, 2, 14, 8, 5, 13, 39]
    Edit distance: 14/33
  Sample 2:
    TRUE: [28, 24, 39, 27, 33, 20, 37, 39, 35, 17, 39, 21, 12, 8, 39, 16, 22, 39, 2, 22, 2, 6, 1, 29, 30, 39, 19, 2, 20, 33, 38, 2, 22, 39]
    PRED: [9, 24, 39, 27, 33, 20, 37, 39, 21, 17, 39, 21, 10, 22, 8, 39, 16, 22, 39, 16, 22, 2, 27, 1, 28, 29, 30, 39, 19, 33, 20, 33, 38, 2, 22, 39]
    Edit distance: 8/34
  Sample 3:
    TRUE: [20, 3, 27, 17, 37, 39, 19, 0, 28, 30, 33, 21, 39, 22, 17, 8, 2, 8, 39, 6, 20, 1, 19, 39, 14, 20, 2, 34, 37, 39, 30, 33, 39, 6, 17, 39, 19, 2, 21, 26, 20, 17, 30, 20, 17, 39, 10, 20, 2, 14, 2, 22, 30, 39]
    PRED: [19, 27, 24, 17, 39, 19, 1, 28, 2, 21, 39, 22, 12, 8, 2, 8, 39, 21, 0, 19, 39, 20, 5, 34, 8, 39, 30, 33, 39, 6, 17, 39, 19, 2, 21, 26, 27, 2, 20, 20, 39, 1, 20, 2, 22, 39]
    Edit distance: 22/54
  Sample 4:
    TRUE: [9, 2, 39, 30, 33, 31, 39, 13, 10, 27, 17, 39, 13, 11, 14, 0, 30, 39, 30, 33, 39, 19, 2, 21, 39, 35, 10, 22, 39, 27, 0, 18, 11, 37, 39, 30, 33, 31, 39, 13, 10, 20, 39, 4, 30, 39]
    PRED: [9, 2, 39, 30, 27, 33, 31, 39, 13, 27, 39, 13, 34, 3, 0, 0, 19, 30, 39, 30, 33, 39, 28, 2, 21, 39, 35, 10, 22, 39, 35, 5, 0, 8, 11, 37, 39, 31, 33, 31, 39, 13, 39, 4, 30, 39]
    Edit distance: 14/46

============================================================
Batch 78500 | Val PER: 0.2956
============================================================
  Sample 0:
    TRUE: [31, 17, 0, 19, 27, 2, 28, 17, 39, 27, 17, 19, 2, 22, 28, 16, 8, 11, 8, 39]
    PRED: [9, 2, 0, 28, 2, 28, 39, 27, 2, 17, 14, 19, 22, 2, 2, 30, 8, 39]
    Edit distance: 12/20
  Sample 1:
    TRUE: [27, 16, 7, 39, 26, 11, 7, 2, 28, 30, 39, 28, 10, 34, 27, 2, 20, 39, 28, 5, 22, 8, 39, 20, 16, 31, 2, 14, 27, 1, 13, 28, 39]
    PRED: [27, 10, 19, 28, 30, 39, 26, 11, 28, 2, 8, 37, 39, 10, 34, 2, 20, 39, 30, 5, 22, 8, 37, 39, 20, 16, 17, 2, 14, 20, 5, 13, 39]
    Edit distance: 15/33
  Sample 2:
    TRUE: [28, 24, 39, 27, 33, 20, 37, 39, 35, 17, 39, 21, 12, 8, 39, 16, 22, 39, 2, 22, 2, 6, 1, 29, 30, 39, 19, 2, 20, 33, 38, 2, 22, 39]
    PRED: [9, 24, 39, 27, 33, 20, 37, 39, 6, 17, 39, 21, 10, 22, 8, 39, 16, 22, 39, 10, 22, 2, 1, 29, 39, 19, 33, 20, 33, 38, 2, 22, 39]
    Edit distance: 8/34
  Sample 3:
    TRUE: [20, 3, 27, 17, 37, 39, 19, 0, 28, 30, 33, 21, 39, 22, 17, 8, 2, 8, 39, 6, 20, 1, 19, 39, 14, 20, 2, 34, 37, 39, 30, 33, 39, 6, 17, 39, 19, 2, 21, 26, 20, 17, 30, 20, 17, 39, 10, 20, 2, 14, 2, 22, 30, 39]
    PRED: [19, 27, 24, 37, 11, 39, 19, 1, 28, 30, 2, 21, 39, 22, 12, 8, 39, 21, 27, 1, 19, 39, 20, 5, 34, 8, 39, 30, 33, 39, 6, 17, 39, 19, 2, 26, 2, 20, 39, 1, 20, 2, 22, 8, 39]
    Edit distance: 23/54
  Sample 4:
    TRUE: [9, 2, 39, 30, 33, 31, 39, 13, 10, 27, 17, 39, 13, 11, 14, 0, 30, 39, 30, 33, 39, 19, 2, 21, 39, 35, 10, 22, 39, 27, 0, 18, 11, 37, 39, 30, 33, 31, 39, 13, 10, 20, 39, 4, 30, 39]
    PRED: [9, 2, 39, 30, 27, 33, 31, 39, 13, 10, 27, 11, 39, 13, 34, 3, 0, 19, 30, 39, 30, 33, 39, 28, 2, 21, 39, 35, 10, 22, 39, 35, 17, 10, 8, 11, 37, 39, 31, 33, 31, 39, 10, 20, 39, 4, 30, 39]
    Edit distance: 12/46

============================================================
Batch 79000 | Val PER: 0.2929
============================================================
  Sample 0:
    TRUE: [31, 17, 0, 19, 27, 2, 28, 17, 39, 27, 17, 19, 2, 22, 28, 16, 8, 11, 8, 39]
    PRED: [9, 39, 0, 19, 28, 39, 27, 2, 17, 14, 19, 22, 8, 30, 8, 39]
    Edit distance: 11/20
  Sample 1:
    TRUE: [27, 16, 7, 39, 26, 11, 7, 2, 28, 30, 39, 28, 10, 34, 27, 2, 20, 39, 28, 5, 22, 8, 39, 20, 16, 31, 2, 14, 27, 1, 13, 28, 39]
    PRED: [27, 10, 19, 28, 30, 39, 26, 11, 28, 2, 37, 39, 10, 34, 2, 20, 39, 30, 5, 22, 8, 37, 39, 20, 16, 2, 14, 20, 5, 13, 39]
    Edit distance: 15/33
  Sample 2:
    TRUE: [28, 24, 39, 27, 33, 20, 37, 39, 35, 17, 39, 21, 12, 8, 39, 16, 22, 39, 2, 22, 2, 6, 1, 29, 30, 39, 19, 2, 20, 33, 38, 2, 22, 39]
    PRED: [9, 24, 39, 27, 33, 20, 37, 39, 6, 17, 39, 21, 10, 22, 8, 39, 16, 22, 39, 22, 11, 21, 1, 28, 29, 30, 39, 19, 33, 20, 33, 38, 2, 22, 39]
    Edit distance: 9/34
  Sample 3:
    TRUE: [20, 3, 27, 17, 37, 39, 19, 0, 28, 30, 33, 21, 39, 22, 17, 8, 2, 8, 39, 6, 20, 1, 19, 39, 14, 20, 2, 34, 37, 39, 30, 33, 39, 6, 17, 39, 19, 2, 21, 26, 20, 17, 30, 20, 17, 39, 10, 20, 2, 14, 2, 22, 30, 39]
    PRED: [19, 27, 24, 27, 17, 39, 19, 19, 28, 30, 2, 21, 39, 22, 12, 8, 39, 21, 0, 19, 39, 14, 5, 34, 8, 39, 30, 33, 39, 6, 17, 2, 39, 19, 2, 21, 26, 2, 20, 39, 1, 20, 2, 22, 8, 39]
    Edit distance: 24/54
  Sample 4:
    TRUE: [9, 2, 39, 30, 33, 31, 39, 13, 10, 27, 17, 39, 13, 11, 14, 0, 30, 39, 30, 33, 39, 19, 2, 21, 39, 35, 10, 22, 39, 27, 0, 18, 11, 37, 39, 30, 33, 31, 39, 13, 10, 20, 39, 4, 30, 39]
    PRED: [9, 2, 39, 30, 27, 33, 31, 39, 13, 10, 27, 17, 39, 34, 3, 19, 0, 0, 19, 30, 39, 30, 33, 39, 28, 2, 21, 39, 35, 10, 22, 39, 35, 0, 8, 11, 39, 31, 33, 31, 39, 13, 10, 20, 39, 4, 30, 39]
    Edit distance: 11/46

============================================================
Batch 79500 | Val PER: 0.2977
============================================================
  Sample 0:
    TRUE: [31, 17, 0, 19, 27, 2, 28, 17, 39, 27, 17, 19, 2, 22, 28, 16, 8, 11, 8, 39]
    PRED: [9, 2, 0, 19, 28, 30, 28, 39, 27, 2, 14, 19, 22, 2, 2, 30, 8, 39]
    Edit distance: 12/20
  Sample 1:
    TRUE: [27, 16, 7, 39, 26, 11, 7, 2, 28, 30, 39, 28, 10, 34, 27, 2, 20, 39, 28, 5, 22, 8, 39, 20, 16, 31, 2, 14, 27, 1, 13, 28, 39]
    PRED: [27, 10, 19, 28, 30, 39, 26, 11, 28, 2, 37, 39, 10, 34, 2, 20, 39, 30, 5, 22, 8, 37, 39, 8, 16, 2, 14, 8, 5, 13, 39]
    Edit distance: 16/33
  Sample 2:
    TRUE: [28, 24, 39, 27, 33, 20, 37, 39, 35, 17, 39, 21, 12, 8, 39, 16, 22, 39, 2, 22, 2, 6, 1, 29, 30, 39, 19, 2, 20, 33, 38, 2, 22, 39]
    PRED: [9, 24, 39, 27, 33, 20, 37, 39, 35, 17, 39, 21, 16, 8, 39, 16, 22, 39, 2, 22, 2, 11, 27, 1, 28, 30, 39, 19, 33, 20, 33, 38, 2, 22, 39]
    Edit distance: 6/34
  Sample 3:
    TRUE: [20, 3, 27, 17, 37, 39, 19, 0, 28, 30, 33, 21, 39, 22, 17, 8, 2, 8, 39, 6, 20, 1, 19, 39, 14, 20, 2, 34, 37, 39, 30, 33, 39, 6, 17, 39, 19, 2, 21, 26, 20, 17, 30, 20, 17, 39, 10, 20, 2, 14, 2, 22, 30, 39]
    PRED: [19, 27, 24, 17, 39, 19, 5, 28, 30, 2, 21, 39, 22, 12, 8, 39, 21, 16, 19, 39, 20, 5, 34, 8, 39, 30, 33, 39, 6, 17, 39, 19, 2, 21, 26, 18, 2, 20, 17, 39, 1, 20, 2, 22, 8, 39]
    Edit distance: 22/54
  Sample 4:
    TRUE: [9, 2, 39, 30, 33, 31, 39, 13, 10, 27, 17, 39, 13, 11, 14, 0, 30, 39, 30, 33, 39, 19, 2, 21, 39, 35, 10, 22, 39, 27, 0, 18, 11, 37, 39, 30, 33, 31, 39, 13, 10, 20, 39, 4, 30, 39]
    PRED: [9, 2, 39, 30, 27, 33, 31, 39, 13, 10, 27, 17, 39, 34, 3, 19, 0, 0, 19, 30, 39, 30, 33, 39, 30, 28, 30, 2, 21, 39, 35, 10, 22, 39, 35, 17, 8, 11, 37, 39, 31, 33, 31, 39, 13, 39, 4, 30, 39]
    Edit distance: 15/46

============================================================
Batch 80000 | Val PER: 0.2943
============================================================
  Sample 0:
    TRUE: [31, 17, 0, 19, 27, 2, 28, 17, 39, 27, 17, 19, 2, 22, 28, 16, 8, 11, 8, 39]
    PRED: [9, 16, 0, 19, 28, 39, 27, 2, 17, 14, 19, 22, 30, 8, 39]
    Edit distance: 12/20
  Sample 1:
    TRUE: [27, 16, 7, 39, 26, 11, 7, 2, 28, 30, 39, 28, 10, 34, 27, 2, 20, 39, 28, 5, 22, 8, 39, 20, 16, 31, 2, 14, 27, 1, 13, 28, 39]
    PRED: [27, 10, 19, 28, 30, 39, 26, 11, 28, 2, 37, 39, 10, 34, 2, 20, 39, 30, 5, 22, 8, 37, 39, 20, 16, 2, 18, 20, 5, 13, 39]
    Edit distance: 16/33
  Sample 2:
    TRUE: [28, 24, 39, 27, 33, 20, 37, 39, 35, 17, 39, 21, 12, 8, 39, 16, 22, 39, 2, 22, 2, 6, 1, 29, 30, 39, 19, 2, 20, 33, 38, 2, 22, 39]
    PRED: [9, 2, 39, 27, 33, 20, 24, 37, 39, 21, 17, 39, 21, 10, 22, 8, 39, 16, 22, 39, 10, 2, 22, 2, 28, 30, 39, 19, 33, 20, 33, 38, 2, 22, 39]
    Edit distance: 11/34
  Sample 3:
    TRUE: [20, 3, 27, 17, 37, 39, 19, 0, 28, 30, 33, 21, 39, 22, 17, 8, 2, 8, 39, 6, 20, 1, 19, 39, 14, 20, 2, 34, 37, 39, 30, 33, 39, 6, 17, 39, 19, 2, 21, 26, 20, 17, 30, 20, 17, 39, 10, 20, 2, 14, 2, 22, 30, 39]
    PRED: [19, 27, 24, 17, 39, 19, 5, 28, 30, 2, 21, 39, 22, 12, 8, 39, 21, 0, 19, 39, 20, 5, 34, 8, 39, 30, 33, 39, 21, 17, 39, 19, 2, 21, 26, 20, 39, 1, 20, 2, 22, 8, 39]
    Edit distance: 24/54
  Sample 4:
    TRUE: [9, 2, 39, 30, 33, 31, 39, 13, 10, 27, 17, 39, 13, 11, 14, 0, 30, 39, 30, 33, 39, 19, 2, 21, 39, 35, 10, 22, 39, 27, 0, 18, 11, 37, 39, 30, 33, 31, 39, 13, 10, 20, 39, 4, 30, 39]
    PRED: [9, 2, 39, 30, 33, 31, 39, 13, 10, 27, 39, 13, 3, 19, 0, 19, 30, 39, 30, 33, 39, 28, 30, 0, 21, 39, 35, 10, 22, 39, 35, 17, 8, 11, 37, 39, 31, 33, 31, 39, 13, 8, 39, 4, 30, 39]
    Edit distance: 13/46

============================================================
Batch 80500 | Val PER: 0.2963
============================================================
  Sample 0:
    TRUE: [31, 17, 0, 19, 27, 2, 28, 17, 39, 27, 17, 19, 2, 22, 28, 16, 8, 11, 8, 39]
    PRED: [9, 1, 0, 19, 28, 39, 27, 17, 14, 19, 22, 28, 2, 30, 2, 8, 39]
    Edit distance: 10/20
  Sample 1:
    TRUE: [27, 16, 7, 39, 26, 11, 7, 2, 28, 30, 39, 28, 10, 34, 27, 2, 20, 39, 28, 5, 22, 8, 39, 20, 16, 31, 2, 14, 27, 1, 13, 28, 39]
    PRED: [27, 10, 19, 28, 30, 39, 26, 11, 28, 2, 37, 39, 10, 34, 2, 20, 39, 30, 5, 22, 8, 37, 39, 20, 16, 2, 14, 20, 5, 13, 39]
    Edit distance: 15/33
  Sample 2:
    TRUE: [28, 24, 39, 27, 33, 20, 37, 39, 35, 17, 39, 21, 12, 8, 39, 16, 22, 39, 2, 22, 2, 6, 1, 29, 30, 39, 19, 2, 20, 33, 38, 2, 22, 39]
    PRED: [9, 24, 39, 27, 33, 20, 37, 39, 35, 17, 39, 21, 10, 22, 8, 39, 16, 22, 39, 10, 22, 2, 13, 1, 29, 30, 39, 19, 33, 20, 33, 38, 2, 22, 39]
    Edit distance: 6/34
  Sample 3:
    TRUE: [20, 3, 27, 17, 37, 39, 19, 0, 28, 30, 33, 21, 39, 22, 17, 8, 2, 8, 39, 6, 20, 1, 19, 39, 14, 20, 2, 34, 37, 39, 30, 33, 39, 6, 17, 39, 19, 2, 21, 26, 20, 17, 30, 20, 17, 39, 10, 20, 2, 14, 2, 22, 30, 39]
    PRED: [19, 27, 24, 37, 17, 39, 19, 1, 28, 30, 2, 21, 39, 22, 12, 8, 2, 8, 39, 21, 0, 19, 39, 20, 5, 34, 8, 39, 30, 33, 39, 6, 17, 39, 19, 2, 21, 26, 2, 20, 12, 39, 1, 20, 2, 20, 2, 22, 8, 39]
    Edit distance: 20/54
  Sample 4:
    TRUE: [9, 2, 39, 30, 33, 31, 39, 13, 10, 27, 17, 39, 13, 11, 14, 0, 30, 39, 30, 33, 39, 19, 2, 21, 39, 35, 10, 22, 39, 27, 0, 18, 11, 37, 39, 30, 33, 31, 39, 13, 10, 20, 39, 4, 30, 39]
    PRED: [9, 2, 39, 30, 27, 33, 31, 39, 13, 10, 27, 17, 39, 13, 3, 19, 0, 19, 30, 39, 30, 33, 39, 28, 2, 21, 39, 35, 10, 22, 39, 35, 11, 8, 11, 37, 39, 31, 33, 31, 39, 13, 10, 20, 39, 4, 30, 39]
    Edit distance: 9/46

============================================================
Batch 81000 | Val PER: 0.2945
============================================================
  Sample 0:
    TRUE: [31, 17, 0, 19, 27, 2, 28, 17, 39, 27, 17, 19, 2, 22, 28, 16, 8, 11, 8, 39]
    PRED: [9, 2, 0, 28, 39, 27, 2, 17, 14, 19, 22, 2, 30, 8, 39]
    Edit distance: 13/20
  Sample 1:
    TRUE: [27, 16, 7, 39, 26, 11, 7, 2, 28, 30, 39, 28, 10, 34, 27, 2, 20, 39, 28, 5, 22, 8, 39, 20, 16, 31, 2, 14, 27, 1, 13, 28, 39]
    PRED: [27, 10, 19, 28, 30, 39, 26, 11, 28, 2, 37, 39, 10, 34, 2, 20, 39, 30, 5, 22, 8, 37, 39, 20, 16, 2, 14, 5, 13, 39]
    Edit distance: 15/33
  Sample 2:
    TRUE: [28, 24, 39, 27, 33, 20, 37, 39, 35, 17, 39, 21, 12, 8, 39, 16, 22, 39, 2, 22, 2, 6, 1, 29, 30, 39, 19, 2, 20, 33, 38, 2, 22, 39]
    PRED: [9, 2, 39, 27, 33, 20, 37, 39, 35, 17, 39, 21, 10, 22, 8, 39, 16, 22, 39, 2, 22, 2, 1, 28, 30, 39, 19, 33, 20, 33, 38, 2, 22, 39]
    Edit distance: 7/34
  Sample 3:
    TRUE: [20, 3, 27, 17, 37, 39, 19, 0, 28, 30, 33, 21, 39, 22, 17, 8, 2, 8, 39, 6, 20, 1, 19, 39, 14, 20, 2, 34, 37, 39, 30, 33, 39, 6, 17, 39, 19, 2, 21, 26, 20, 17, 30, 20, 17, 39, 10, 20, 2, 14, 2, 22, 30, 39]
    PRED: [19, 27, 24, 37, 11, 39, 19, 5, 28, 2, 21, 39, 22, 12, 8, 39, 21, 16, 19, 39, 20, 2, 5, 34, 8, 39, 30, 33, 39, 6, 17, 39, 19, 2, 21, 26, 20, 20, 39, 1, 20, 2, 22, 8, 39]
    Edit distance: 23/54
  Sample 4:
    TRUE: [9, 2, 39, 30, 33, 31, 39, 13, 10, 27, 17, 39, 13, 11, 14, 0, 30, 39, 30, 33, 39, 19, 2, 21, 39, 35, 10, 22, 39, 27, 0, 18, 11, 37, 39, 30, 33, 31, 39, 13, 10, 20, 39, 4, 30, 39]
    PRED: [9, 2, 39, 30, 27, 33, 31, 39, 13, 10, 27, 11, 39, 34, 3, 19, 0, 19, 30, 39, 30, 33, 39, 28, 2, 21, 39, 35, 10, 22, 39, 35, 5, 8, 11, 37, 39, 31, 33, 31, 39, 10, 20, 39, 4, 30, 39]
    Edit distance: 12/46

============================================================
Batch 81500 | Val PER: 0.2912
============================================================
  Sample 0:
    TRUE: [31, 17, 0, 19, 27, 2, 28, 17, 39, 27, 17, 19, 2, 22, 28, 16, 8, 11, 8, 39]
    PRED: [9, 2, 0, 19, 28, 30, 28, 39, 27, 2, 17, 14, 19, 22, 2, 2, 30, 2, 8, 39]
    Edit distance: 12/20
  Sample 1:
    TRUE: [27, 16, 7, 39, 26, 11, 7, 2, 28, 30, 39, 28, 10, 34, 27, 2, 20, 39, 28, 5, 22, 8, 39, 20, 16, 31, 2, 14, 27, 1, 13, 28, 39]
    PRED: [35, 10, 19, 28, 30, 39, 26, 11, 28, 2, 8, 37, 39, 10, 34, 2, 20, 39, 30, 5, 22, 8, 37, 39, 20, 16, 2, 14, 5, 13, 39]
    Edit distance: 16/33
  Sample 2:
    TRUE: [28, 24, 39, 27, 33, 20, 37, 39, 35, 17, 39, 21, 12, 8, 39, 16, 22, 39, 2, 22, 2, 6, 1, 29, 30, 39, 19, 2, 20, 33, 38, 2, 22, 39]
    PRED: [9, 2, 39, 27, 33, 20, 37, 39, 35, 17, 39, 21, 10, 22, 8, 39, 16, 22, 39, 2, 22, 2, 13, 1, 28, 30, 39, 19, 33, 20, 33, 38, 2, 22, 39]
    Edit distance: 7/34
  Sample 3:
    TRUE: [20, 3, 27, 17, 37, 39, 19, 0, 28, 30, 33, 21, 39, 22, 17, 8, 2, 8, 39, 6, 20, 1, 19, 39, 14, 20, 2, 34, 37, 39, 30, 33, 39, 6, 17, 39, 19, 2, 21, 26, 20, 17, 30, 20, 17, 39, 10, 20, 2, 14, 2, 22, 30, 39]
    PRED: [19, 27, 24, 17, 39, 19, 1, 28, 30, 2, 21, 39, 22, 12, 8, 39, 21, 1, 19, 39, 20, 0, 34, 8, 39, 30, 33, 39, 6, 17, 39, 19, 2, 21, 26, 20, 39, 1, 20, 2, 22, 8, 39]
    Edit distance: 22/54
  Sample 4:
    TRUE: [9, 2, 39, 30, 33, 31, 39, 13, 10, 27, 17, 39, 13, 11, 14, 0, 30, 39, 30, 33, 39, 19, 2, 21, 39, 35, 10, 22, 39, 27, 0, 18, 11, 37, 39, 30, 33, 31, 39, 13, 10, 20, 39, 4, 30, 39]
    PRED: [9, 2, 39, 30, 27, 33, 31, 39, 13, 10, 27, 11, 39, 34, 3, 19, 0, 19, 30, 39, 30, 33, 39, 28, 2, 21, 39, 35, 10, 22, 39, 35, 12, 8, 11, 37, 39, 31, 33, 31, 39, 13, 10, 20, 39, 4, 30, 39]
    Edit distance: 11/46

============================================================
Batch 82000 | Val PER: 0.2934
============================================================
  Sample 0:
    TRUE: [31, 17, 0, 19, 27, 2, 28, 17, 39, 27, 17, 19, 2, 22, 28, 16, 8, 11, 8, 39]
    PRED: [9, 2, 28, 0, 28, 2, 28, 39, 27, 2, 17, 14, 19, 22, 2, 2, 8, 2, 8, 39]
    Edit distance: 12/20
  Sample 1:
    TRUE: [27, 16, 7, 39, 26, 11, 7, 2, 28, 30, 39, 28, 10, 34, 27, 2, 20, 39, 28, 5, 22, 8, 39, 20, 16, 31, 2, 14, 27, 1, 13, 28, 39]
    PRED: [35, 10, 19, 28, 30, 39, 26, 11, 28, 2, 8, 37, 39, 28, 10, 34, 2, 20, 39, 28, 5, 22, 8, 37, 39, 20, 16, 28, 9, 2, 14, 20, 2, 13, 39]
    Edit distance: 15/33
  Sample 2:
    TRUE: [28, 24, 39, 27, 33, 20, 37, 39, 35, 17, 39, 21, 12, 8, 39, 16, 22, 39, 2, 22, 2, 6, 1, 29, 30, 39, 19, 2, 20, 33, 38, 2, 22, 39]
    PRED: [9, 24, 2, 39, 27, 33, 20, 37, 39, 35, 17, 39, 21, 10, 22, 8, 39, 16, 22, 39, 2, 22, 2, 1, 28, 30, 39, 19, 33, 20, 33, 38, 2, 22, 39]
    Edit distance: 7/34
  Sample 3:
    TRUE: [20, 3, 27, 17, 37, 39, 19, 0, 28, 30, 33, 21, 39, 22, 17, 8, 2, 8, 39, 6, 20, 1, 19, 39, 14, 20, 2, 34, 37, 39, 30, 33, 39, 6, 17, 39, 19, 2, 21, 26, 20, 17, 30, 20, 17, 39, 10, 20, 2, 14, 2, 22, 30, 39]
    PRED: [19, 27, 24, 37, 11, 39, 19, 5, 28, 30, 2, 21, 39, 22, 12, 8, 39, 21, 1, 19, 39, 14, 20, 5, 34, 8, 39, 30, 33, 39, 6, 17, 39, 19, 2, 21, 26, 20, 20, 39, 1, 20, 2, 22, 8, 39]
    Edit distance: 20/54
  Sample 4:
    TRUE: [9, 2, 39, 30, 33, 31, 39, 13, 10, 27, 17, 39, 13, 11, 14, 0, 30, 39, 30, 33, 39, 19, 2, 21, 39, 35, 10, 22, 39, 27, 0, 18, 11, 37, 39, 30, 33, 31, 39, 13, 10, 20, 39, 4, 30, 39]
    PRED: [9, 2, 39, 7, 27, 33, 31, 39, 31, 10, 27, 11, 39, 34, 3, 19, 0, 0, 30, 2, 39, 30, 33, 39, 28, 2, 21, 39, 35, 10, 22, 39, 35, 5, 8, 11, 37, 39, 31, 33, 31, 39, 8, 10, 20, 39, 4, 30, 39]
    Edit distance: 15/46

============================================================
Batch 82500 | Val PER: 0.2907
============================================================
  Sample 0:
    TRUE: [31, 17, 0, 19, 27, 2, 28, 17, 39, 27, 17, 19, 2, 22, 28, 16, 8, 11, 8, 39]
    PRED: [9, 0, 19, 28, 39, 27, 17, 19, 22, 2, 2, 30, 2, 8, 39]
    Edit distance: 10/20
  Sample 1:
    TRUE: [27, 16, 7, 39, 26, 11, 7, 2, 28, 30, 39, 28, 10, 34, 27, 2, 20, 39, 28, 5, 22, 8, 39, 20, 16, 31, 2, 14, 27, 1, 13, 28, 39]
    PRED: [27, 10, 28, 30, 39, 26, 11, 28, 2, 37, 39, 28, 10, 34, 2, 20, 39, 30, 5, 22, 8, 39, 20, 16, 2, 14, 5, 13, 39]
    Edit distance: 12/33
  Sample 2:
    TRUE: [28, 24, 39, 27, 33, 20, 37, 39, 35, 17, 39, 21, 12, 8, 39, 16, 22, 39, 2, 22, 2, 6, 1, 29, 30, 39, 19, 2, 20, 33, 38, 2, 22, 39]
    PRED: [9, 2, 39, 27, 25, 33, 20, 37, 39, 35, 17, 39, 21, 10, 22, 8, 39, 16, 22, 39, 2, 22, 2, 1, 28, 30, 39, 19, 2, 20, 33, 38, 2, 22, 39]
    Edit distance: 7/34
  Sample 3:
    TRUE: [20, 3, 27, 17, 37, 39, 19, 0, 28, 30, 33, 21, 39, 22, 17, 8, 2, 8, 39, 6, 20, 1, 19, 39, 14, 20, 2, 34, 37, 39, 30, 33, 39, 6, 17, 39, 19, 2, 21, 26, 20, 17, 30, 20, 17, 39, 10, 20, 2, 14, 2, 22, 30, 39]
    PRED: [19, 27, 24, 17, 39, 19, 5, 28, 30, 2, 21, 39, 22, 12, 8, 39, 21, 1, 19, 39, 20, 5, 34, 8, 39, 30, 33, 39, 6, 17, 39, 19, 2, 21, 26, 2, 20, 20, 39, 1, 20, 2, 22, 39]
    Edit distance: 22/54
  Sample 4:
    TRUE: [9, 2, 39, 30, 33, 31, 39, 13, 10, 27, 17, 39, 13, 11, 14, 0, 30, 39, 30, 33, 39, 19, 2, 21, 39, 35, 10, 22, 39, 27, 0, 18, 11, 37, 39, 30, 33, 31, 39, 13, 10, 20, 39, 4, 30, 39]
    PRED: [9, 2, 39, 30, 27, 33, 31, 39, 13, 10, 27, 11, 39, 13, 16, 19, 0, 0, 19, 30, 39, 30, 33, 39, 28, 2, 21, 39, 35, 10, 22, 39, 35, 17, 8, 11, 37, 39, 31, 33, 31, 39, 13, 10, 20, 39, 4, 30, 39]
    Edit distance: 11/46

============================================================
Batch 83000 | Val PER: 0.2928
============================================================
  Sample 0:
    TRUE: [31, 17, 0, 19, 27, 2, 28, 17, 39, 27, 17, 19, 2, 22, 28, 16, 8, 11, 8, 39]
    PRED: [9, 2, 0, 28, 39, 27, 2, 17, 19, 22, 2, 2, 30, 16, 8, 39]
    Edit distance: 12/20
  Sample 1:
    TRUE: [27, 16, 7, 39, 26, 11, 7, 2, 28, 30, 39, 28, 10, 34, 27, 2, 20, 39, 28, 5, 22, 8, 39, 20, 16, 31, 2, 14, 27, 1, 13, 28, 39]
    PRED: [27, 10, 7, 28, 30, 39, 26, 11, 28, 2, 8, 37, 39, 10, 34, 2, 20, 39, 30, 5, 22, 8, 39, 20, 16, 2, 14, 20, 5, 13, 39]
    Edit distance: 13/33
  Sample 2:
    TRUE: [28, 24, 39, 27, 33, 20, 37, 39, 35, 17, 39, 21, 12, 8, 39, 16, 22, 39, 2, 22, 2, 6, 1, 29, 30, 39, 19, 2, 20, 33, 38, 2, 22, 39]
    PRED: [9, 2, 39, 27, 25, 20, 37, 39, 35, 17, 39, 21, 10, 22, 8, 39, 16, 22, 39, 2, 22, 2, 1, 28, 30, 39, 19, 2, 20, 33, 2, 22, 39]
    Edit distance: 8/34
  Sample 3:
    TRUE: [20, 3, 27, 17, 37, 39, 19, 0, 28, 30, 33, 21, 39, 22, 17, 8, 2, 8, 39, 6, 20, 1, 19, 39, 14, 20, 2, 34, 37, 39, 30, 33, 39, 6, 17, 39, 19, 2, 21, 26, 20, 17, 30, 20, 17, 39, 10, 20, 2, 14, 2, 22, 30, 39]
    PRED: [19, 27, 24, 37, 39, 19, 5, 28, 30, 2, 21, 39, 22, 12, 8, 39, 21, 16, 19, 39, 20, 0, 34, 8, 39, 30, 33, 39, 6, 17, 39, 19, 2, 21, 26, 20, 12, 39, 1, 20, 2, 22, 8, 39]
    Edit distance: 22/54
  Sample 4:
    TRUE: [9, 2, 39, 30, 33, 31, 39, 13, 10, 27, 17, 39, 13, 11, 14, 0, 30, 39, 30, 33, 39, 19, 2, 21, 39, 35, 10, 22, 39, 27, 0, 18, 11, 37, 39, 30, 33, 31, 39, 13, 10, 20, 39, 4, 30, 39]
    PRED: [9, 2, 39, 30, 27, 33, 31, 39, 13, 10, 27, 39, 13, 3, 19, 0, 19, 30, 39, 30, 33, 39, 28, 2, 21, 39, 35, 10, 22, 39, 35, 17, 8, 11, 39, 31, 33, 31, 39, 8, 20, 39, 4, 30, 39]
    Edit distance: 13/46

============================================================
Batch 83500 | Val PER: 0.2868
============================================================
  Sample 0:
    TRUE: [31, 17, 0, 19, 27, 2, 28, 17, 39, 27, 17, 19, 2, 22, 28, 16, 8, 11, 8, 39]
    PRED: [9, 2, 0, 28, 39, 27, 17, 22, 2, 2, 30, 2, 8, 39]
    Edit distance: 12/20
  Sample 1:
    TRUE: [27, 16, 7, 39, 26, 11, 7, 2, 28, 30, 39, 28, 10, 34, 27, 2, 20, 39, 28, 5, 22, 8, 39, 20, 16, 31, 2, 14, 27, 1, 13, 28, 39]
    PRED: [27, 10, 7, 28, 39, 26, 11, 28, 2, 37, 39, 10, 34, 2, 20, 39, 30, 5, 22, 8, 39, 20, 16, 2, 18, 8, 5, 13, 39]
    Edit distance: 13/33
  Sample 2:
    TRUE: [28, 24, 39, 27, 33, 20, 37, 39, 35, 17, 39, 21, 12, 8, 39, 16, 22, 39, 2, 22, 2, 6, 1, 29, 30, 39, 19, 2, 20, 33, 38, 2, 22, 39]
    PRED: [9, 24, 39, 27, 25, 20, 37, 39, 35, 17, 39, 21, 10, 8, 39, 16, 22, 39, 2, 22, 2, 1, 28, 30, 39, 19, 2, 20, 33, 38, 2, 22, 39]
    Edit distance: 5/34
  Sample 3:
    TRUE: [20, 3, 27, 17, 37, 39, 19, 0, 28, 30, 33, 21, 39, 22, 17, 8, 2, 8, 39, 6, 20, 1, 19, 39, 14, 20, 2, 34, 37, 39, 30, 33, 39, 6, 17, 39, 19, 2, 21, 26, 20, 17, 30, 20, 17, 39, 10, 20, 2, 14, 2, 22, 30, 39]
    PRED: [19, 27, 24, 17, 39, 19, 5, 28, 2, 21, 39, 22, 12, 8, 39, 21, 16, 19, 39, 20, 5, 34, 8, 39, 30, 33, 39, 6, 17, 39, 19, 2, 21, 26, 2, 20, 17, 39, 1, 20, 2, 22, 8, 39]
    Edit distance: 23/54
  Sample 4:
    TRUE: [9, 2, 39, 30, 33, 31, 39, 13, 10, 27, 17, 39, 13, 11, 14, 0, 30, 39, 30, 33, 39, 19, 2, 21, 39, 35, 10, 22, 39, 27, 0, 18, 11, 37, 39, 30, 33, 31, 39, 13, 10, 20, 39, 4, 30, 39]
    PRED: [9, 2, 39, 30, 27, 33, 31, 39, 13, 10, 27, 39, 13, 17, 30, 39, 30, 33, 39, 28, 2, 21, 39, 35, 10, 22, 39, 35, 17, 8, 11, 37, 39, 30, 33, 31, 39, 13, 10, 20, 39, 4, 30, 39]
    Edit distance: 9/46

============================================================
Batch 84000 | Val PER: 0.2903
============================================================
  Sample 0:
    TRUE: [31, 17, 0, 19, 27, 2, 28, 17, 39, 27, 17, 19, 2, 22, 28, 16, 8, 11, 8, 39]
    PRED: [9, 2, 0, 28, 39, 27, 2, 17, 19, 22, 2, 30, 2, 8, 39]
    Edit distance: 12/20
  Sample 1:
    TRUE: [27, 16, 7, 39, 26, 11, 7, 2, 28, 30, 39, 28, 10, 34, 27, 2, 20, 39, 28, 5, 22, 8, 39, 20, 16, 31, 2, 14, 27, 1, 13, 28, 39]
    PRED: [27, 10, 7, 28, 39, 26, 11, 28, 2, 37, 39, 10, 34, 2, 20, 39, 28, 5, 22, 8, 39, 20, 16, 2, 14, 8, 5, 13, 39]
    Edit distance: 11/33
  Sample 2:
    TRUE: [28, 24, 39, 27, 33, 20, 37, 39, 35, 17, 39, 21, 12, 8, 39, 16, 22, 39, 2, 22, 2, 6, 1, 29, 30, 39, 19, 2, 20, 33, 38, 2, 22, 39]
    PRED: [9, 24, 39, 27, 33, 20, 37, 39, 35, 17, 39, 21, 10, 22, 8, 39, 16, 22, 39, 2, 22, 2, 1, 28, 30, 39, 19, 2, 20, 33, 38, 28, 38, 2, 22, 39]
    Edit distance: 7/34
  Sample 3:
    TRUE: [20, 3, 27, 17, 37, 39, 19, 0, 28, 30, 33, 21, 39, 22, 17, 8, 2, 8, 39, 6, 20, 1, 19, 39, 14, 20, 2, 34, 37, 39, 30, 33, 39, 6, 17, 39, 19, 2, 21, 26, 20, 17, 30, 20, 17, 39, 10, 20, 2, 14, 2, 22, 30, 39]
    PRED: [19, 27, 24, 39, 19, 5, 2, 21, 39, 22, 12, 8, 39, 21, 16, 19, 39, 20, 2, 34, 39, 30, 33, 39, 6, 17, 39, 19, 2, 21, 26, 20, 2, 20, 39, 1, 20, 2, 22, 8, 39]
    Edit distance: 23/54
  Sample 4:
    TRUE: [9, 2, 39, 30, 33, 31, 39, 13, 10, 27, 17, 39, 13, 11, 14, 0, 30, 39, 30, 33, 39, 19, 2, 21, 39, 35, 10, 22, 39, 27, 0, 18, 11, 37, 39, 30, 33, 31, 39, 13, 10, 20, 39, 4, 30, 39]
    PRED: [9, 2, 39, 30, 27, 33, 31, 39, 13, 27, 39, 13, 17, 19, 0, 0, 19, 30, 30, 39, 30, 33, 39, 28, 2, 21, 39, 35, 10, 22, 39, 35, 17, 8, 11, 37, 39, 31, 33, 31, 39, 13, 10, 39, 4, 30, 39]
    Edit distance: 14/46

============================================================
Batch 84500 | Val PER: 0.2915
============================================================
  Sample 0:
    TRUE: [31, 17, 0, 19, 27, 2, 28, 17, 39, 27, 17, 19, 2, 22, 28, 16, 8, 11, 8, 39]
    PRED: [9, 2, 39, 0, 19, 28, 30, 28, 39, 27, 17, 19, 22, 2, 2, 30, 2, 8, 39]
    Edit distance: 11/20
  Sample 1:
    TRUE: [27, 16, 7, 39, 26, 11, 7, 2, 28, 30, 39, 28, 10, 34, 27, 2, 20, 39, 28, 5, 22, 8, 39, 20, 16, 31, 2, 14, 27, 1, 13, 28, 39]
    PRED: [27, 10, 19, 28, 39, 26, 11, 29, 2, 8, 37, 39, 28, 10, 34, 2, 20, 39, 28, 5, 22, 8, 39, 20, 16, 9, 2, 39, 18, 20, 5, 13, 39]
    Edit distance: 13/33
  Sample 2:
    TRUE: [28, 24, 39, 27, 33, 20, 37, 39, 35, 17, 39, 21, 12, 8, 39, 16, 22, 39, 2, 22, 2, 6, 1, 29, 30, 39, 19, 2, 20, 33, 38, 2, 22, 39]
    PRED: [9, 24, 39, 27, 25, 20, 37, 39, 35, 17, 39, 21, 10, 8, 39, 16, 22, 39, 2, 22, 2, 13, 1, 28, 30, 39, 19, 2, 20, 33, 38, 2, 22, 39]
    Edit distance: 5/34
  Sample 3:
    TRUE: [20, 3, 27, 17, 37, 39, 19, 0, 28, 30, 33, 21, 39, 22, 17, 8, 2, 8, 39, 6, 20, 1, 19, 39, 14, 20, 2, 34, 37, 39, 30, 33, 39, 6, 17, 39, 19, 2, 21, 26, 20, 17, 30, 20, 17, 39, 10, 20, 2, 14, 2, 22, 30, 39]
    PRED: [19, 27, 24, 37, 39, 19, 5, 28, 2, 21, 39, 22, 12, 8, 39, 21, 1, 19, 39, 20, 5, 34, 8, 39, 30, 33, 39, 6, 17, 2, 39, 19, 2, 21, 26, 2, 20, 20, 39, 1, 20, 2, 22, 8, 39]
    Edit distance: 23/54
  Sample 4:
    TRUE: [9, 2, 39, 30, 33, 31, 39, 13, 10, 27, 17, 39, 13, 11, 14, 0, 30, 39, 30, 33, 39, 19, 2, 21, 39, 35, 10, 22, 39, 27, 0, 18, 11, 37, 39, 30, 33, 31, 39, 13, 10, 20, 39, 4, 30, 39]
    PRED: [9, 2, 39, 30, 27, 33, 31, 39, 13, 10, 27, 39, 13, 3, 2, 19, 0, 0, 19, 30, 39, 30, 33, 39, 28, 30, 2, 21, 39, 35, 10, 22, 8, 39, 35, 11, 0, 8, 11, 37, 39, 31, 33, 31, 39, 13, 10, 20, 39, 4, 30, 39]
    Edit distance: 14/46

============================================================
Batch 85000 | Val PER: 0.2929
============================================================
  Sample 0:
    TRUE: [31, 17, 0, 19, 27, 2, 28, 17, 39, 27, 17, 19, 2, 22, 28, 16, 8, 11, 8, 39]
    PRED: [9, 2, 0, 28, 30, 2, 28, 39, 27, 17, 14, 19, 22, 2, 30, 2, 8, 39]
    Edit distance: 11/20
  Sample 1:
    TRUE: [27, 16, 7, 39, 26, 11, 7, 2, 28, 30, 39, 28, 10, 34, 27, 2, 20, 39, 28, 5, 22, 8, 39, 20, 16, 31, 2, 14, 27, 1, 13, 28, 39]
    PRED: [27, 10, 7, 28, 39, 26, 11, 29, 2, 37, 39, 28, 10, 34, 2, 20, 39, 28, 5, 22, 8, 39, 20, 16, 2, 39, 14, 5, 13, 39]
    Edit distance: 11/33
  Sample 2:
    TRUE: [28, 24, 39, 27, 33, 20, 37, 39, 35, 17, 39, 21, 12, 8, 39, 16, 22, 39, 2, 22, 2, 6, 1, 29, 30, 39, 19, 2, 20, 33, 38, 2, 22, 39]
    PRED: [9, 2, 39, 27, 33, 20, 37, 39, 35, 17, 39, 21, 10, 22, 8, 39, 16, 22, 39, 2, 22, 2, 1, 29, 30, 39, 19, 2, 20, 33, 38, 2, 22, 39]
    Edit distance: 5/34
  Sample 3:
    TRUE: [20, 3, 27, 17, 37, 39, 19, 0, 28, 30, 33, 21, 39, 22, 17, 8, 2, 8, 39, 6, 20, 1, 19, 39, 14, 20, 2, 34, 37, 39, 30, 33, 39, 6, 17, 39, 19, 2, 21, 26, 20, 17, 30, 20, 17, 39, 10, 20, 2, 14, 2, 22, 30, 39]
    PRED: [19, 27, 24, 39, 19, 5, 28, 30, 2, 21, 39, 22, 12, 8, 39, 21, 0, 19, 39, 20, 5, 34, 37, 39, 30, 33, 39, 6, 17, 39, 19, 2, 21, 26, 20, 30, 20, 39, 1, 20, 2, 22, 8, 39]
    Edit distance: 20/54
  Sample 4:
    TRUE: [9, 2, 39, 30, 33, 31, 39, 13, 10, 27, 17, 39, 13, 11, 14, 0, 30, 39, 30, 33, 39, 19, 2, 21, 39, 35, 10, 22, 39, 27, 0, 18, 11, 37, 39, 30, 33, 31, 39, 13, 10, 20, 39, 4, 30, 39]
    PRED: [9, 2, 39, 30, 27, 33, 31, 39, 13, 12, 27, 39, 13, 3, 19, 0, 19, 30, 39, 30, 33, 39, 28, 2, 21, 39, 35, 10, 22, 39, 35, 11, 8, 11, 37, 39, 31, 33, 31, 39, 13, 20, 39, 4, 30, 39]
    Edit distance: 12/46

============================================================
Batch 85500 | Val PER: 0.2890
============================================================
  Sample 0:
    TRUE: [31, 17, 0, 19, 27, 2, 28, 17, 39, 27, 17, 19, 2, 22, 28, 16, 8, 11, 8, 39]
    PRED: [9, 2, 0, 19, 28, 30, 28, 39, 27, 17, 14, 19, 22, 2, 30, 2, 8, 39]
    Edit distance: 11/20
  Sample 1:
    TRUE: [27, 16, 7, 39, 26, 11, 7, 2, 28, 30, 39, 28, 10, 34, 27, 2, 20, 39, 28, 5, 22, 8, 39, 20, 16, 31, 2, 14, 27, 1, 13, 28, 39]
    PRED: [27, 10, 7, 28, 39, 26, 11, 29, 2, 8, 37, 39, 28, 10, 34, 2, 20, 39, 28, 5, 22, 8, 39, 20, 16, 2, 2, 14, 8, 5, 13, 39]
    Edit distance: 10/33
  Sample 2:
    TRUE: [28, 24, 39, 27, 33, 20, 37, 39, 35, 17, 39, 21, 12, 8, 39, 16, 22, 39, 2, 22, 2, 6, 1, 29, 30, 39, 19, 2, 20, 33, 38, 2, 22, 39]
    PRED: [9, 24, 39, 27, 33, 20, 24, 37, 39, 35, 17, 39, 21, 12, 22, 8, 39, 16, 22, 39, 2, 22, 2, 13, 1, 29, 30, 39, 19, 2, 20, 33, 38, 2, 22, 39]
    Edit distance: 4/34
  Sample 3:
    TRUE: [20, 3, 27, 17, 37, 39, 19, 0, 28, 30, 33, 21, 39, 22, 17, 8, 2, 8, 39, 6, 20, 1, 19, 39, 14, 20, 2, 34, 37, 39, 30, 33, 39, 6, 17, 39, 19, 2, 21, 26, 20, 17, 30, 20, 17, 39, 10, 20, 2, 14, 2, 22, 30, 39]
    PRED: [19, 27, 24, 37, 11, 39, 19, 5, 28, 30, 2, 21, 39, 22, 12, 8, 39, 21, 0, 19, 39, 20, 2, 34, 8, 39, 30, 33, 39, 6, 17, 39, 19, 2, 21, 26, 20, 20, 39, 1, 20, 2, 22, 8, 39]
    Edit distance: 21/54
  Sample 4:
    TRUE: [9, 2, 39, 30, 33, 31, 39, 13, 10, 27, 17, 39, 13, 11, 14, 0, 30, 39, 30, 33, 39, 19, 2, 21, 39, 35, 10, 22, 39, 27, 0, 18, 11, 37, 39, 30, 33, 31, 39, 13, 10, 20, 39, 4, 30, 39]
    PRED: [9, 2, 39, 30, 33, 31, 39, 13, 10, 27, 11, 39, 13, 17, 2, 19, 0, 19, 30, 39, 30, 33, 39, 28, 2, 21, 39, 35, 10, 22, 39, 35, 17, 8, 11, 37, 39, 31, 33, 31, 39, 13, 10, 39, 4, 30, 39]
    Edit distance: 11/46

============================================================
Batch 86000 | Val PER: 0.2914
============================================================
  Sample 0:
    TRUE: [31, 17, 0, 19, 27, 2, 28, 17, 39, 27, 17, 19, 2, 22, 28, 16, 8, 11, 8, 39]
    PRED: [9, 2, 0, 28, 2, 28, 39, 27, 17, 14, 19, 22, 28, 2, 30, 2, 8, 39]
    Edit distance: 10/20
  Sample 1:
    TRUE: [27, 16, 7, 39, 26, 11, 7, 2, 28, 30, 39, 28, 10, 34, 27, 2, 20, 39, 28, 5, 22, 8, 39, 20, 16, 31, 2, 14, 27, 1, 13, 28, 39]
    PRED: [27, 10, 7, 28, 39, 26, 27, 11, 29, 2, 37, 39, 28, 10, 34, 2, 20, 39, 28, 5, 22, 8, 39, 20, 16, 2, 9, 2, 14, 5, 13, 39]
    Edit distance: 12/33
  Sample 2:
    TRUE: [28, 24, 39, 27, 33, 20, 37, 39, 35, 17, 39, 21, 12, 8, 39, 16, 22, 39, 2, 22, 2, 6, 1, 29, 30, 39, 19, 2, 20, 33, 38, 2, 22, 39]
    PRED: [9, 2, 39, 27, 25, 20, 37, 39, 35, 17, 39, 21, 10, 8, 39, 16, 22, 39, 2, 22, 2, 27, 1, 29, 30, 39, 19, 2, 20, 33, 38, 2, 22, 39]
    Edit distance: 5/34
  Sample 3:
    TRUE: [20, 3, 27, 17, 37, 39, 19, 0, 28, 30, 33, 21, 39, 22, 17, 8, 2, 8, 39, 6, 20, 1, 19, 39, 14, 20, 2, 34, 37, 39, 30, 33, 39, 6, 17, 39, 19, 2, 21, 26, 20, 17, 30, 20, 17, 39, 10, 20, 2, 14, 2, 22, 30, 39]
    PRED: [19, 27, 24, 37, 39, 19, 5, 28, 30, 2, 21, 39, 22, 12, 8, 39, 21, 0, 19, 39, 20, 27, 0, 34, 8, 39, 30, 33, 39, 6, 17, 2, 39, 19, 2, 21, 26, 20, 12, 39, 1, 20, 2, 22, 8, 39]
    Edit distance: 24/54
  Sample 4:
    TRUE: [9, 2, 39, 30, 33, 31, 39, 13, 10, 27, 17, 39, 13, 11, 14, 0, 30, 39, 30, 33, 39, 19, 2, 21, 39, 35, 10, 22, 39, 27, 0, 18, 11, 37, 39, 30, 33, 31, 39, 13, 10, 20, 39, 4, 30, 39]
    PRED: [9, 2, 39, 30, 27, 33, 31, 39, 13, 27, 39, 13, 2, 0, 19, 39, 30, 33, 39, 28, 2, 21, 39, 35, 10, 22, 8, 39, 35, 17, 0, 8, 11, 37, 39, 31, 33, 31, 39, 13, 10, 20, 39, 4, 30, 39]
    Edit distance: 12/46

============================================================
Batch 86500 | Val PER: 0.2953
============================================================
  Sample 0:
    TRUE: [31, 17, 0, 19, 27, 2, 28, 17, 39, 27, 17, 19, 2, 22, 28, 16, 8, 11, 8, 39]
    PRED: [9, 16, 0, 19, 28, 39, 27, 17, 19, 22, 2, 30, 2, 8, 39]
    Edit distance: 10/20
  Sample 1:
    TRUE: [27, 16, 7, 39, 26, 11, 7, 2, 28, 30, 39, 28, 10, 34, 27, 2, 20, 39, 28, 5, 22, 8, 39, 20, 16, 31, 2, 14, 27, 1, 13, 28, 39]
    PRED: [27, 10, 7, 28, 39, 26, 11, 28, 2, 8, 37, 39, 10, 34, 2, 20, 39, 28, 5, 22, 8, 39, 20, 16, 9, 2, 14, 8, 5, 13, 39]
    Edit distance: 11/33
  Sample 2:
    TRUE: [28, 24, 39, 27, 33, 20, 37, 39, 35, 17, 39, 21, 12, 8, 39, 16, 22, 39, 2, 22, 2, 6, 1, 29, 30, 39, 19, 2, 20, 33, 38, 2, 22, 39]
    PRED: [9, 2, 39, 27, 25, 20, 37, 39, 35, 17, 39, 21, 25, 8, 39, 16, 22, 39, 2, 22, 2, 27, 1, 28, 29, 30, 39, 19, 2, 20, 33, 38, 2, 22, 39]
    Edit distance: 6/34
  Sample 3:
    TRUE: [20, 3, 27, 17, 37, 39, 19, 0, 28, 30, 33, 21, 39, 22, 17, 8, 2, 8, 39, 6, 20, 1, 19, 39, 14, 20, 2, 34, 37, 39, 30, 33, 39, 6, 17, 39, 19, 2, 21, 26, 20, 17, 30, 20, 17, 39, 10, 20, 2, 14, 2, 22, 30, 39]
    PRED: [19, 27, 24, 11, 39, 19, 5, 28, 2, 21, 39, 22, 12, 8, 39, 21, 1, 19, 39, 20, 0, 34, 37, 39, 30, 33, 39, 6, 17, 39, 19, 2, 21, 26, 2, 20, 12, 39, 1, 20, 2, 22, 39]
    Edit distance: 22/54
  Sample 4:
    TRUE: [9, 2, 39, 30, 33, 31, 39, 13, 10, 27, 17, 39, 13, 11, 14, 0, 30, 39, 30, 33, 39, 19, 2, 21, 39, 35, 10, 22, 39, 27, 0, 18, 11, 37, 39, 30, 33, 31, 39, 13, 10, 20, 39, 4, 30, 39]
    PRED: [9, 2, 39, 30, 27, 33, 31, 39, 13, 10, 27, 39, 34, 2, 0, 19, 39, 30, 33, 39, 28, 2, 21, 39, 35, 10, 22, 8, 39, 35, 17, 8, 11, 37, 39, 30, 33, 31, 39, 13, 10, 20, 39, 4, 30, 39]
    Edit distance: 11/46

============================================================
Batch 87000 | Val PER: 0.2904
============================================================
  Sample 0:
    TRUE: [31, 17, 0, 19, 27, 2, 28, 17, 39, 27, 17, 19, 2, 22, 28, 16, 8, 11, 8, 39]
    PRED: [9, 2, 0, 28, 39, 27, 17, 14, 19, 22, 2, 30, 8, 39]
    Edit distance: 12/20
  Sample 1:
    TRUE: [27, 16, 7, 39, 26, 11, 7, 2, 28, 30, 39, 28, 10, 34, 27, 2, 20, 39, 28, 5, 22, 8, 39, 20, 16, 31, 2, 14, 27, 1, 13, 28, 39]
    PRED: [27, 10, 7, 28, 30, 39, 26, 11, 28, 2, 8, 37, 39, 28, 10, 34, 2, 20, 39, 30, 5, 22, 8, 37, 39, 20, 16, 2, 2, 14, 8, 27, 5, 13, 39]
    Edit distance: 13/33
  Sample 2:
    TRUE: [28, 24, 39, 27, 33, 20, 37, 39, 35, 17, 39, 21, 12, 8, 39, 16, 22, 39, 2, 22, 2, 6, 1, 29, 30, 39, 19, 2, 20, 33, 38, 2, 22, 39]
    PRED: [9, 2, 39, 27, 25, 20, 37, 39, 35, 17, 39, 16, 21, 12, 8, 39, 16, 22, 39, 2, 22, 2, 1, 28, 30, 39, 19, 20, 33, 38, 2, 22, 39]
    Edit distance: 7/34
  Sample 3:
    TRUE: [20, 3, 27, 17, 37, 39, 19, 0, 28, 30, 33, 21, 39, 22, 17, 8, 2, 8, 39, 6, 20, 1, 19, 39, 14, 20, 2, 34, 37, 39, 30, 33, 39, 6, 17, 39, 19, 2, 21, 26, 20, 17, 30, 20, 17, 39, 10, 20, 2, 14, 2, 22, 30, 39]
    PRED: [30, 19, 27, 24, 39, 19, 5, 28, 30, 5, 2, 21, 39, 22, 12, 8, 39, 21, 16, 19, 39, 20, 0, 34, 8, 39, 30, 33, 39, 6, 17, 39, 19, 2, 21, 26, 20, 17, 39, 1, 20, 2, 22, 39]
    Edit distance: 23/54
  Sample 4:
    TRUE: [9, 2, 39, 30, 33, 31, 39, 13, 10, 27, 17, 39, 13, 11, 14, 0, 30, 39, 30, 33, 39, 19, 2, 21, 39, 35, 10, 22, 39, 27, 0, 18, 11, 37, 39, 30, 33, 31, 39, 13, 10, 20, 39, 4, 30, 39]
    PRED: [9, 2, 39, 30, 27, 33, 31, 39, 13, 10, 27, 39, 13, 17, 19, 30, 39, 30, 33, 39, 28, 2, 21, 39, 35, 10, 22, 8, 39, 35, 17, 8, 11, 37, 39, 30, 33, 31, 39, 13, 20, 39, 4, 30, 39]
    Edit distance: 11/46

============================================================
Batch 87500 | Val PER: 0.2885
============================================================
  Sample 0:
    TRUE: [31, 17, 0, 19, 27, 2, 28, 17, 39, 27, 17, 19, 2, 22, 28, 16, 8, 11, 8, 39]
    PRED: [9, 16, 0, 28, 39, 27, 17, 19, 22, 2, 30, 8, 39]
    Edit distance: 11/20
  Sample 1:
    TRUE: [27, 16, 7, 39, 26, 11, 7, 2, 28, 30, 39, 28, 10, 34, 27, 2, 20, 39, 28, 5, 22, 8, 39, 20, 16, 31, 2, 14, 27, 1, 13, 28, 39]
    PRED: [27, 10, 7, 28, 39, 26, 11, 28, 2, 8, 37, 39, 10, 34, 2, 20, 39, 28, 5, 22, 8, 37, 39, 20, 16, 2, 2, 39, 14, 2, 13, 30, 39]
    Edit distance: 13/33
  Sample 2:
    TRUE: [28, 24, 39, 27, 33, 20, 37, 39, 35, 17, 39, 21, 12, 8, 39, 16, 22, 39, 2, 22, 2, 6, 1, 29, 30, 39, 19, 2, 20, 33, 38, 2, 22, 39]
    PRED: [9, 2, 39, 27, 25, 20, 37, 39, 35, 17, 39, 21, 12, 8, 39, 16, 22, 39, 2, 22, 2, 11, 27, 1, 28, 30, 39, 19, 2, 20, 38, 29, 2, 22, 39]
    Edit distance: 8/34
  Sample 3:
    TRUE: [20, 3, 27, 17, 37, 39, 19, 0, 28, 30, 33, 21, 39, 22, 17, 8, 2, 8, 39, 6, 20, 1, 19, 39, 14, 20, 2, 34, 37, 39, 30, 33, 39, 6, 17, 39, 19, 2, 21, 26, 20, 17, 30, 20, 17, 39, 10, 20, 2, 14, 2, 22, 30, 39]
    PRED: [19, 27, 24, 12, 39, 19, 5, 28, 2, 21, 39, 22, 12, 8, 39, 21, 16, 19, 39, 20, 2, 34, 28, 39, 30, 33, 39, 6, 17, 39, 19, 2, 21, 26, 2, 20, 20, 39, 1, 20, 2, 22, 39]
    Edit distance: 23/54
  Sample 4:
    TRUE: [9, 2, 39, 30, 33, 31, 39, 13, 10, 27, 17, 39, 13, 11, 14, 0, 30, 39, 30, 33, 39, 19, 2, 21, 39, 35, 10, 22, 39, 27, 0, 18, 11, 37, 39, 30, 33, 31, 39, 13, 10, 20, 39, 4, 30, 39]
    PRED: [9, 2, 39, 30, 27, 33, 31, 39, 13, 10, 27, 17, 39, 13, 3, 0, 19, 30, 39, 30, 33, 39, 28, 2, 21, 39, 35, 10, 22, 39, 35, 17, 8, 11, 37, 39, 31, 33, 31, 39, 13, 20, 39, 4, 30, 39]
    Edit distance: 10/46

============================================================
Batch 88000 | Val PER: 0.2899
============================================================
  Sample 0:
    TRUE: [31, 17, 0, 19, 27, 2, 28, 17, 39, 27, 17, 19, 2, 22, 28, 16, 8, 11, 8, 39]
    PRED: [9, 2, 0, 28, 2, 28, 39, 27, 17, 19, 22, 2, 2, 30, 8, 39]
    Edit distance: 10/20
  Sample 1:
    TRUE: [27, 16, 7, 39, 26, 11, 7, 2, 28, 30, 39, 28, 10, 34, 27, 2, 20, 39, 28, 5, 22, 8, 39, 20, 16, 31, 2, 14, 27, 1, 13, 28, 39]
    PRED: [27, 10, 7, 28, 39, 26, 11, 28, 2, 8, 37, 39, 10, 34, 20, 39, 28, 5, 22, 8, 37, 39, 20, 16, 2, 2, 14, 5, 13, 39]
    Edit distance: 13/33
  Sample 2:
    TRUE: [28, 24, 39, 27, 33, 20, 37, 39, 35, 17, 39, 21, 12, 8, 39, 16, 22, 39, 2, 22, 2, 6, 1, 29, 30, 39, 19, 2, 20, 33, 38, 2, 22, 39]
    PRED: [9, 24, 39, 27, 25, 20, 37, 39, 35, 17, 39, 16, 21, 12, 22, 8, 39, 16, 22, 39, 2, 22, 2, 1, 28, 29, 30, 39, 19, 2, 20, 33, 38, 2, 22, 39]
    Edit distance: 6/34
  Sample 3:
    TRUE: [20, 3, 27, 17, 37, 39, 19, 0, 28, 30, 33, 21, 39, 22, 17, 8, 2, 8, 39, 6, 20, 1, 19, 39, 14, 20, 2, 34, 37, 39, 30, 33, 39, 6, 17, 39, 19, 2, 21, 26, 20, 17, 30, 20, 17, 39, 10, 20, 2, 14, 2, 22, 30, 39]
    PRED: [19, 27, 24, 12, 39, 19, 5, 28, 2, 21, 39, 22, 12, 8, 39, 21, 1, 19, 39, 20, 0, 34, 8, 39, 30, 33, 39, 6, 17, 39, 19, 2, 21, 26, 2, 20, 12, 39, 1, 20, 2, 22, 8, 39]
    Edit distance: 23/54
  Sample 4:
    TRUE: [9, 2, 39, 30, 33, 31, 39, 13, 10, 27, 17, 39, 13, 11, 14, 0, 30, 39, 30, 33, 39, 19, 2, 21, 39, 35, 10, 22, 39, 27, 0, 18, 11, 37, 39, 30, 33, 31, 39, 13, 10, 20, 39, 4, 30, 39]
    PRED: [9, 2, 39, 30, 27, 33, 31, 39, 13, 10, 27, 39, 13, 3, 2, 0, 19, 39, 30, 33, 39, 28, 2, 21, 39, 35, 10, 22, 39, 35, 17, 8, 11, 37, 39, 30, 33, 31, 39, 13, 20, 39, 4, 30, 39]
    Edit distance: 10/46

============================================================
Batch 88500 | Val PER: 0.2916
============================================================
  Sample 0:
    TRUE: [31, 17, 0, 19, 27, 2, 28, 17, 39, 27, 17, 19, 2, 22, 28, 16, 8, 11, 8, 39]
    PRED: [9, 2, 0, 28, 2, 28, 39, 27, 17, 14, 19, 28, 22, 2, 2, 30, 2, 8, 39]
    Edit distance: 11/20
  Sample 1:
    TRUE: [27, 16, 7, 39, 26, 11, 7, 2, 28, 30, 39, 28, 10, 34, 27, 2, 20, 39, 28, 5, 22, 8, 39, 20, 16, 31, 2, 14, 27, 1, 13, 28, 39]
    PRED: [27, 10, 7, 28, 39, 26, 11, 28, 2, 37, 39, 10, 34, 2, 20, 39, 28, 5, 22, 8, 37, 39, 20, 16, 2, 2, 39, 14, 5, 13, 39]
    Edit distance: 13/33
  Sample 2:
    TRUE: [28, 24, 39, 27, 33, 20, 37, 39, 35, 17, 39, 21, 12, 8, 39, 16, 22, 39, 2, 22, 2, 6, 1, 29, 30, 39, 19, 2, 20, 33, 38, 2, 22, 39]
    PRED: [9, 24, 39, 27, 25, 20, 37, 39, 35, 17, 39, 16, 21, 10, 22, 8, 39, 16, 22, 39, 2, 22, 2, 1, 29, 30, 39, 19, 2, 20, 33, 38, 29, 2, 22, 39]
    Edit distance: 7/34
  Sample 3:
    TRUE: [20, 3, 27, 17, 37, 39, 19, 0, 28, 30, 33, 21, 39, 22, 17, 8, 2, 8, 39, 6, 20, 1, 19, 39, 14, 20, 2, 34, 37, 39, 30, 33, 39, 6, 17, 39, 19, 2, 21, 26, 20, 17, 30, 20, 17, 39, 10, 20, 2, 14, 2, 22, 30, 39]
    PRED: [19, 27, 24, 39, 19, 5, 28, 2, 21, 39, 22, 12, 8, 39, 21, 1, 19, 39, 20, 27, 0, 34, 8, 39, 30, 33, 39, 6, 17, 2, 39, 19, 2, 21, 26, 20, 39, 1, 20, 2, 22, 8, 39]
    Edit distance: 25/54
  Sample 4:
    TRUE: [9, 2, 39, 30, 33, 31, 39, 13, 10, 27, 17, 39, 13, 11, 14, 0, 30, 39, 30, 33, 39, 19, 2, 21, 39, 35, 10, 22, 39, 27, 0, 18, 11, 37, 39, 30, 33, 31, 39, 13, 10, 20, 39, 4, 30, 39]
    PRED: [9, 2, 39, 30, 27, 33, 31, 39, 13, 10, 27, 17, 39, 13, 3, 0, 19, 30, 39, 30, 33, 39, 28, 2, 21, 39, 35, 10, 22, 39, 35, 12, 10, 8, 11, 37, 39, 31, 33, 31, 39, 13, 12, 20, 39, 4, 30, 39]
    Edit distance: 11/46

============================================================
Batch 89000 | Val PER: 0.2862
============================================================
  Sample 0:
    TRUE: [31, 17, 0, 19, 27, 2, 28, 17, 39, 27, 17, 19, 2, 22, 28, 16, 8, 11, 8, 39]
    PRED: [9, 0, 19, 28, 2, 28, 39, 27, 17, 19, 22, 2, 2, 30, 8, 39]
    Edit distance: 9/20
  Sample 1:
    TRUE: [27, 16, 7, 39, 26, 11, 7, 2, 28, 30, 39, 28, 10, 34, 27, 2, 20, 39, 28, 5, 22, 8, 39, 20, 16, 31, 2, 14, 27, 1, 13, 28, 39]
    PRED: [27, 10, 7, 28, 39, 26, 11, 28, 2, 8, 37, 39, 10, 34, 2, 20, 39, 5, 22, 8, 37, 39, 20, 16, 2, 2, 18, 8, 5, 13, 39]
    Edit distance: 14/33
  Sample 2:
    TRUE: [28, 24, 39, 27, 33, 20, 37, 39, 35, 17, 39, 21, 12, 8, 39, 16, 22, 39, 2, 22, 2, 6, 1, 29, 30, 39, 19, 2, 20, 33, 38, 2, 22, 39]
    PRED: [9, 24, 39, 27, 33, 20, 37, 39, 35, 17, 39, 16, 21, 12, 22, 8, 39, 16, 22, 39, 2, 22, 1, 28, 30, 39, 19, 33, 20, 33, 38, 2, 22, 39]
    Edit distance: 7/34
  Sample 3:
    TRUE: [20, 3, 27, 17, 37, 39, 19, 0, 28, 30, 33, 21, 39, 22, 17, 8, 2, 8, 39, 6, 20, 1, 19, 39, 14, 20, 2, 34, 37, 39, 30, 33, 39, 6, 17, 39, 19, 2, 21, 26, 20, 17, 30, 20, 17, 39, 10, 20, 2, 14, 2, 22, 30, 39]
    PRED: [19, 27, 24, 12, 39, 19, 5, 28, 2, 21, 39, 22, 17, 8, 39, 21, 1, 19, 39, 20, 5, 34, 37, 39, 30, 33, 39, 6, 17, 39, 19, 2, 21, 26, 27, 20, 17, 39, 1, 20, 2, 22, 8, 39]
    Edit distance: 20/54
  Sample 4:
    TRUE: [9, 2, 39, 30, 33, 31, 39, 13, 10, 27, 17, 39, 13, 11, 14, 0, 30, 39, 30, 33, 39, 19, 2, 21, 39, 35, 10, 22, 39, 27, 0, 18, 11, 37, 39, 30, 33, 31, 39, 13, 10, 20, 39, 4, 30, 39]
    PRED: [9, 2, 39, 30, 27, 33, 31, 39, 13, 10, 27, 39, 13, 3, 0, 0, 19, 30, 39, 30, 33, 39, 28, 19, 2, 21, 39, 35, 10, 22, 8, 39, 35, 17, 8, 11, 37, 39, 31, 33, 31, 39, 13, 10, 20, 39, 4, 30, 39]
    Edit distance: 11/46

============================================================
Batch 89500 | Val PER: 0.2897
============================================================
  Sample 0:
    TRUE: [31, 17, 0, 19, 27, 2, 28, 17, 39, 27, 17, 19, 2, 22, 28, 16, 8, 11, 8, 39]
    PRED: [9, 0, 19, 28, 39, 27, 17, 19, 22, 2, 2, 30, 8, 39]
    Edit distance: 10/20
  Sample 1:
    TRUE: [27, 16, 7, 39, 26, 11, 7, 2, 28, 30, 39, 28, 10, 34, 27, 2, 20, 39, 28, 5, 22, 8, 39, 20, 16, 31, 2, 14, 27, 1, 13, 28, 39]
    PRED: [27, 10, 7, 28, 39, 26, 11, 28, 2, 8, 37, 39, 10, 34, 2, 20, 39, 30, 5, 22, 8, 37, 39, 20, 16, 2, 2, 39, 18, 5, 13, 39]
    Edit distance: 14/33
  Sample 2:
    TRUE: [28, 24, 39, 27, 33, 20, 37, 39, 35, 17, 39, 21, 12, 8, 39, 16, 22, 39, 2, 22, 2, 6, 1, 29, 30, 39, 19, 2, 20, 33, 38, 2, 22, 39]
    PRED: [9, 2, 39, 27, 25, 20, 37, 39, 35, 17, 39, 16, 21, 10, 22, 8, 39, 16, 22, 39, 2, 22, 2, 1, 28, 30, 39, 19, 20, 33, 38, 2, 22, 39]
    Edit distance: 9/34
  Sample 3:
    TRUE: [20, 3, 27, 17, 37, 39, 19, 0, 28, 30, 33, 21, 39, 22, 17, 8, 2, 8, 39, 6, 20, 1, 19, 39, 14, 20, 2, 34, 37, 39, 30, 33, 39, 6, 17, 39, 19, 2, 21, 26, 20, 17, 30, 20, 17, 39, 10, 20, 2, 14, 2, 22, 30, 39]
    PRED: [19, 27, 24, 39, 19, 5, 28, 2, 21, 39, 22, 17, 8, 39, 21, 1, 19, 39, 20, 5, 34, 37, 39, 30, 33, 39, 6, 17, 39, 19, 2, 21, 26, 2, 20, 20, 39, 1, 20, 2, 22, 8, 39]
    Edit distance: 21/54
  Sample 4:
    TRUE: [9, 2, 39, 30, 33, 31, 39, 13, 10, 27, 17, 39, 13, 11, 14, 0, 30, 39, 30, 33, 39, 19, 2, 21, 39, 35, 10, 22, 39, 27, 0, 18, 11, 37, 39, 30, 33, 31, 39, 13, 10, 20, 39, 4, 30, 39]
    PRED: [9, 2, 39, 30, 27, 33, 31, 39, 13, 10, 27, 17, 39, 13, 3, 2, 0, 19, 30, 39, 30, 33, 39, 28, 2, 21, 39, 35, 10, 22, 8, 39, 35, 5, 0, 8, 11, 37, 39, 31, 33, 31, 39, 13, 10, 39, 4, 30, 39]
    Edit distance: 11/46

============================================================
Batch 90000 | Val PER: 0.2950
============================================================
  Sample 0:
    TRUE: [31, 17, 0, 19, 27, 2, 28, 17, 39, 27, 17, 19, 2, 22, 28, 16, 8, 11, 8, 39]
    PRED: [9, 0, 19, 28, 39, 27, 17, 14, 19, 22, 2, 2, 30, 8, 39]
    Edit distance: 11/20
  Sample 1:
    TRUE: [27, 16, 7, 39, 26, 11, 7, 2, 28, 30, 39, 28, 10, 34, 27, 2, 20, 39, 28, 5, 22, 8, 39, 20, 16, 31, 2, 14, 27, 1, 13, 28, 39]
    PRED: [27, 10, 7, 28, 30, 39, 26, 11, 28, 2, 8, 37, 39, 10, 34, 2, 20, 39, 30, 5, 22, 8, 37, 39, 20, 16, 2, 2, 18, 5, 13, 39]
    Edit distance: 15/33
  Sample 2:
    TRUE: [28, 24, 39, 27, 33, 20, 37, 39, 35, 17, 39, 21, 12, 8, 39, 16, 22, 39, 2, 22, 2, 6, 1, 29, 30, 39, 19, 2, 20, 33, 38, 2, 22, 39]
    PRED: [9, 2, 39, 27, 25, 20, 37, 39, 35, 17, 39, 21, 12, 22, 8, 39, 16, 22, 39, 2, 22, 2, 1, 28, 30, 39, 19, 33, 20, 33, 38, 2, 22, 39]
    Edit distance: 7/34
  Sample 3:
    TRUE: [20, 3, 27, 17, 37, 39, 19, 0, 28, 30, 33, 21, 39, 22, 17, 8, 2, 8, 39, 6, 20, 1, 19, 39, 14, 20, 2, 34, 37, 39, 30, 33, 39, 6, 17, 39, 19, 2, 21, 26, 20, 17, 30, 20, 17, 39, 10, 20, 2, 14, 2, 22, 30, 39]
    PRED: [19, 27, 24, 12, 39, 19, 5, 28, 30, 2, 21, 39, 22, 17, 8, 39, 21, 16, 19, 39, 20, 5, 34, 8, 39, 30, 33, 39, 6, 17, 39, 19, 2, 21, 26, 2, 20, 20, 39, 1, 20, 2, 22, 39]
    Edit distance: 22/54
  Sample 4:
    TRUE: [9, 2, 39, 30, 33, 31, 39, 13, 10, 27, 17, 39, 13, 11, 14, 0, 30, 39, 30, 33, 39, 19, 2, 21, 39, 35, 10, 22, 39, 27, 0, 18, 11, 37, 39, 30, 33, 31, 39, 13, 10, 20, 39, 4, 30, 39]
    PRED: [9, 2, 39, 30, 27, 33, 31, 39, 13, 10, 27, 12, 39, 13, 3, 19, 0, 0, 19, 30, 39, 30, 33, 39, 28, 2, 21, 39, 35, 10, 22, 39, 35, 10, 8, 11, 37, 39, 31, 33, 31, 39, 13, 10, 12, 20, 39, 4, 30, 39]
    Edit distance: 12/46

============================================================
Batch 90500 | Val PER: 0.2907
============================================================
  Sample 0:
    TRUE: [31, 17, 0, 19, 27, 2, 28, 17, 39, 27, 17, 19, 2, 22, 28, 16, 8, 11, 8, 39]
    PRED: [9, 0, 28, 39, 27, 17, 19, 28, 22, 2, 30, 8, 39]
    Edit distance: 11/20
  Sample 1:
    TRUE: [27, 16, 7, 39, 26, 11, 7, 2, 28, 30, 39, 28, 10, 34, 27, 2, 20, 39, 28, 5, 22, 8, 39, 20, 16, 31, 2, 14, 27, 1, 13, 28, 39]
    PRED: [27, 10, 19, 28, 30, 39, 26, 11, 28, 2, 37, 39, 10, 34, 20, 39, 30, 5, 22, 8, 37, 39, 20, 16, 17, 9, 2, 18, 5, 13, 39]
    Edit distance: 18/33
  Sample 2:
    TRUE: [28, 24, 39, 27, 33, 20, 37, 39, 35, 17, 39, 21, 12, 8, 39, 16, 22, 39, 2, 22, 2, 6, 1, 29, 30, 39, 19, 2, 20, 33, 38, 2, 22, 39]
    PRED: [9, 24, 39, 27, 25, 20, 37, 39, 35, 17, 39, 21, 10, 22, 8, 39, 16, 22, 39, 2, 22, 2, 13, 1, 28, 30, 39, 19, 20, 33, 38, 29, 2, 22, 39]
    Edit distance: 8/34
  Sample 3:
    TRUE: [20, 3, 27, 17, 37, 39, 19, 0, 28, 30, 33, 21, 39, 22, 17, 8, 2, 8, 39, 6, 20, 1, 19, 39, 14, 20, 2, 34, 37, 39, 30, 33, 39, 6, 17, 39, 19, 2, 21, 26, 20, 17, 30, 20, 17, 39, 10, 20, 2, 14, 2, 22, 30, 39]
    PRED: [19, 27, 24, 17, 39, 19, 5, 28, 30, 2, 21, 39, 22, 17, 8, 39, 21, 1, 19, 39, 20, 5, 34, 37, 39, 30, 33, 39, 6, 17, 39, 19, 2, 21, 26, 18, 2, 20, 20, 39, 1, 20, 2, 22, 8, 39]
    Edit distance: 20/54
  Sample 4:
    TRUE: [9, 2, 39, 30, 33, 31, 39, 13, 10, 27, 17, 39, 13, 11, 14, 0, 30, 39, 30, 33, 39, 19, 2, 21, 39, 35, 10, 22, 39, 27, 0, 18, 11, 37, 39, 30, 33, 31, 39, 13, 10, 20, 39, 4, 30, 39]
    PRED: [9, 2, 39, 30, 27, 33, 31, 39, 13, 10, 17, 39, 13, 3, 2, 0, 0, 19, 30, 39, 30, 33, 39, 28, 30, 2, 21, 39, 35, 10, 22, 39, 35, 12, 10, 8, 11, 37, 39, 31, 33, 31, 39, 13, 10, 20, 39, 4, 30, 39]
    Edit distance: 13/46

============================================================
Batch 91000 | Val PER: 0.2924
============================================================
  Sample 0:
    TRUE: [31, 17, 0, 19, 27, 2, 28, 17, 39, 27, 17, 19, 2, 22, 28, 16, 8, 11, 8, 39]
    PRED: [9, 16, 28, 0, 28, 39, 27, 17, 14, 19, 22, 2, 30, 12, 8, 39]
    Edit distance: 13/20
  Sample 1:
    TRUE: [27, 16, 7, 39, 26, 11, 7, 2, 28, 30, 39, 28, 10, 34, 27, 2, 20, 39, 28, 5, 22, 8, 39, 20, 16, 31, 2, 14, 27, 1, 13, 28, 39]
    PRED: [27, 10, 19, 28, 39, 26, 11, 28, 2, 37, 39, 28, 10, 34, 20, 39, 28, 5, 22, 8, 37, 39, 20, 16, 2, 2, 18, 5, 13, 39]
    Edit distance: 14/33
  Sample 2:
    TRUE: [28, 24, 39, 27, 33, 20, 37, 39, 35, 17, 39, 21, 12, 8, 39, 16, 22, 39, 2, 22, 2, 6, 1, 29, 30, 39, 19, 2, 20, 33, 38, 2, 22, 39]
    PRED: [9, 24, 39, 27, 33, 20, 37, 39, 35, 17, 39, 21, 12, 8, 39, 16, 22, 39, 2, 22, 2, 1, 28, 30, 39, 19, 2, 20, 33, 38, 2, 22, 39]
    Edit distance: 3/34
  Sample 3:
    TRUE: [20, 3, 27, 17, 37, 39, 19, 0, 28, 30, 33, 21, 39, 22, 17, 8, 2, 8, 39, 6, 20, 1, 19, 39, 14, 20, 2, 34, 37, 39, 30, 33, 39, 6, 17, 39, 19, 2, 21, 26, 20, 17, 30, 20, 17, 39, 10, 20, 2, 14, 2, 22, 30, 39]
    PRED: [19, 27, 24, 17, 39, 19, 5, 28, 5, 2, 21, 39, 22, 12, 8, 39, 21, 16, 19, 39, 20, 5, 34, 8, 39, 30, 33, 39, 6, 17, 2, 39, 19, 2, 21, 26, 20, 20, 39, 1, 20, 2, 22, 39]
    Edit distance: 24/54
  Sample 4:
    TRUE: [9, 2, 39, 30, 33, 31, 39, 13, 10, 27, 17, 39, 13, 11, 14, 0, 30, 39, 30, 33, 39, 19, 2, 21, 39, 35, 10, 22, 39, 27, 0, 18, 11, 37, 39, 30, 33, 31, 39, 13, 10, 20, 39, 4, 30, 39]
    PRED: [9, 2, 39, 30, 27, 33, 31, 39, 13, 10, 27, 12, 39, 13, 3, 0, 19, 30, 39, 30, 33, 39, 28, 19, 2, 21, 39, 35, 10, 22, 21, 39, 35, 17, 0, 8, 11, 37, 39, 31, 33, 31, 39, 13, 10, 20, 39, 4, 30, 39]
    Edit distance: 11/46

============================================================
Batch 91500 | Val PER: 0.2906
============================================================
  Sample 0:
    TRUE: [31, 17, 0, 19, 27, 2, 28, 17, 39, 27, 17, 19, 2, 22, 28, 16, 8, 11, 8, 39]
    PRED: [9, 39, 0, 19, 28, 39, 27, 17, 19, 22, 2, 30, 8, 39]
    Edit distance: 10/20
  Sample 1:
    TRUE: [27, 16, 7, 39, 26, 11, 7, 2, 28, 30, 39, 28, 10, 34, 27, 2, 20, 39, 28, 5, 22, 8, 39, 20, 16, 31, 2, 14, 27, 1, 13, 28, 39]
    PRED: [27, 10, 19, 28, 39, 26, 11, 28, 2, 37, 39, 28, 10, 34, 2, 20, 39, 28, 5, 22, 8, 37, 39, 8, 16, 2, 14, 2, 13, 39]
    Edit distance: 13/33
  Sample 2:
    TRUE: [28, 24, 39, 27, 33, 20, 37, 39, 35, 17, 39, 21, 12, 8, 39, 16, 22, 39, 2, 22, 2, 6, 1, 29, 30, 39, 19, 2, 20, 33, 38, 2, 22, 39]
    PRED: [9, 2, 39, 27, 33, 20, 37, 39, 21, 17, 39, 21, 10, 22, 8, 39, 16, 22, 39, 2, 22, 2, 1, 28, 30, 39, 19, 2, 20, 33, 38, 29, 2, 22, 39]
    Edit distance: 8/34
  Sample 3:
    TRUE: [20, 3, 27, 17, 37, 39, 19, 0, 28, 30, 33, 21, 39, 22, 17, 8, 2, 8, 39, 6, 20, 1, 19, 39, 14, 20, 2, 34, 37, 39, 30, 33, 39, 6, 17, 39, 19, 2, 21, 26, 20, 17, 30, 20, 17, 39, 10, 20, 2, 14, 2, 22, 30, 39]
    PRED: [19, 27, 24, 17, 39, 19, 5, 28, 2, 21, 39, 22, 17, 8, 39, 21, 16, 19, 39, 20, 5, 34, 8, 39, 30, 33, 39, 6, 17, 39, 19, 2, 21, 26, 20, 20, 39, 1, 20, 2, 22, 8, 39]
    Edit distance: 22/54
  Sample 4:
    TRUE: [9, 2, 39, 30, 33, 31, 39, 13, 10, 27, 17, 39, 13, 11, 14, 0, 30, 39, 30, 33, 39, 19, 2, 21, 39, 35, 10, 22, 39, 27, 0, 18, 11, 37, 39, 30, 33, 31, 39, 13, 10, 20, 39, 4, 30, 39]
    PRED: [9, 2, 39, 30, 27, 33, 31, 39, 13, 10, 27, 17, 39, 13, 3, 0, 19, 30, 39, 30, 33, 39, 28, 19, 2, 21, 39, 35, 10, 22, 21, 39, 35, 17, 0, 8, 11, 37, 39, 31, 33, 31, 39, 13, 10, 20, 39, 4, 30, 39]
    Edit distance: 10/46

============================================================
Batch 92000 | Val PER: 0.2889
============================================================
  Sample 0:
    TRUE: [31, 17, 0, 19, 27, 2, 28, 17, 39, 27, 17, 19, 2, 22, 28, 16, 8, 11, 8, 39]
    PRED: [9, 0, 19, 28, 39, 27, 17, 22, 2, 30, 8, 39]
    Edit distance: 11/20
  Sample 1:
    TRUE: [27, 16, 7, 39, 26, 11, 7, 2, 28, 30, 39, 28, 10, 34, 27, 2, 20, 39, 28, 5, 22, 8, 39, 20, 16, 31, 2, 14, 27, 1, 13, 28, 39]
    PRED: [27, 10, 19, 28, 30, 39, 26, 11, 28, 2, 8, 37, 39, 10, 34, 20, 39, 28, 5, 22, 8, 37, 39, 20, 16, 14, 5, 13, 39]
    Edit distance: 16/33
  Sample 2:
    TRUE: [28, 24, 39, 27, 33, 20, 37, 39, 35, 17, 39, 21, 12, 8, 39, 16, 22, 39, 2, 22, 2, 6, 1, 29, 30, 39, 19, 2, 20, 33, 38, 2, 22, 39]
    PRED: [9, 2, 39, 27, 25, 20, 37, 39, 6, 17, 39, 21, 10, 22, 8, 39, 16, 22, 39, 2, 22, 2, 13, 27, 1, 28, 30, 39, 19, 2, 20, 33, 38, 2, 22, 39]
    Edit distance: 9/34
  Sample 3:
    TRUE: [20, 3, 27, 17, 37, 39, 19, 0, 28, 30, 33, 21, 39, 22, 17, 8, 2, 8, 39, 6, 20, 1, 19, 39, 14, 20, 2, 34, 37, 39, 30, 33, 39, 6, 17, 39, 19, 2, 21, 26, 20, 17, 30, 20, 17, 39, 10, 20, 2, 14, 2, 22, 30, 39]
    PRED: [19, 27, 24, 37, 12, 39, 19, 5, 28, 2, 21, 39, 22, 12, 8, 39, 21, 16, 19, 39, 20, 5, 34, 8, 39, 30, 33, 39, 6, 17, 2, 39, 19, 2, 21, 26, 20, 20, 39, 1, 20, 2, 22, 8, 39]
    Edit distance: 24/54
  Sample 4:
    TRUE: [9, 2, 39, 30, 33, 31, 39, 13, 10, 27, 17, 39, 13, 11, 14, 0, 30, 39, 30, 33, 39, 19, 2, 21, 39, 35, 10, 22, 39, 27, 0, 18, 11, 37, 39, 30, 33, 31, 39, 13, 10, 20, 39, 4, 30, 39]
    PRED: [9, 2, 39, 30, 27, 33, 31, 39, 34, 10, 27, 17, 39, 13, 3, 0, 19, 30, 39, 30, 33, 39, 28, 2, 21, 39, 35, 10, 22, 39, 35, 12, 8, 11, 37, 39, 31, 33, 31, 39, 13, 10, 20, 39, 4, 30, 39]
    Edit distance: 10/46

============================================================
Batch 92500 | Val PER: 0.2916
============================================================
  Sample 0:
    TRUE: [31, 17, 0, 19, 27, 2, 28, 17, 39, 27, 17, 19, 2, 22, 28, 16, 8, 11, 8, 39]
    PRED: [9, 0, 19, 28, 2, 28, 39, 27, 17, 14, 22, 2, 30, 12, 8, 39]
    Edit distance: 10/20
  Sample 1:
    TRUE: [27, 16, 7, 39, 26, 11, 7, 2, 28, 30, 39, 28, 10, 34, 27, 2, 20, 39, 28, 5, 22, 8, 39, 20, 16, 31, 2, 14, 27, 1, 13, 28, 39]
    PRED: [27, 10, 19, 28, 39, 26, 11, 28, 2, 37, 39, 10, 34, 2, 20, 39, 28, 5, 22, 8, 37, 39, 20, 16, 9, 2, 18, 5, 13, 39]
    Edit distance: 14/33
  Sample 2:
    TRUE: [28, 24, 39, 27, 33, 20, 37, 39, 35, 17, 39, 21, 12, 8, 39, 16, 22, 39, 2, 22, 2, 6, 1, 29, 30, 39, 19, 2, 20, 33, 38, 2, 22, 39]
    PRED: [9, 24, 39, 27, 25, 20, 37, 39, 35, 17, 39, 21, 10, 22, 8, 39, 16, 22, 39, 2, 22, 2, 27, 1, 29, 39, 19, 2, 20, 33, 38, 2, 22, 39]
    Edit distance: 6/34
  Sample 3:
    TRUE: [20, 3, 27, 17, 37, 39, 19, 0, 28, 30, 33, 21, 39, 22, 17, 8, 2, 8, 39, 6, 20, 1, 19, 39, 14, 20, 2, 34, 37, 39, 30, 33, 39, 6, 17, 39, 19, 2, 21, 26, 20, 17, 30, 20, 17, 39, 10, 20, 2, 14, 2, 22, 30, 39]
    PRED: [19, 27, 24, 39, 19, 5, 28, 5, 2, 21, 39, 22, 17, 8, 39, 21, 27, 0, 19, 39, 20, 5, 34, 8, 39, 30, 33, 39, 6, 17, 39, 19, 2, 21, 26, 36, 2, 20, 39, 1, 20, 2, 22, 39]
    Edit distance: 23/54
  Sample 4:
    TRUE: [9, 2, 39, 30, 33, 31, 39, 13, 10, 27, 17, 39, 13, 11, 14, 0, 30, 39, 30, 33, 39, 19, 2, 21, 39, 35, 10, 22, 39, 27, 0, 18, 11, 37, 39, 30, 33, 31, 39, 13, 10, 20, 39, 4, 30, 39]
    PRED: [9, 2, 39, 30, 27, 33, 31, 39, 34, 16, 27, 39, 13, 3, 0, 0, 19, 30, 39, 30, 33, 39, 28, 0, 2, 21, 39, 35, 10, 22, 21, 39, 35, 11, 0, 8, 11, 37, 39, 31, 33, 31, 39, 13, 10, 20, 39, 4, 30, 39]
    Edit distance: 14/46

============================================================
Batch 93000 | Val PER: 0.2899
============================================================
  Sample 0:
    TRUE: [31, 17, 0, 19, 27, 2, 28, 17, 39, 27, 17, 19, 2, 22, 28, 16, 8, 11, 8, 39]
    PRED: [9, 39, 0, 19, 28, 39, 27, 17, 14, 28, 22, 2, 30, 8, 39]
    Edit distance: 11/20
  Sample 1:
    TRUE: [27, 16, 7, 39, 26, 11, 7, 2, 28, 30, 39, 28, 10, 34, 27, 2, 20, 39, 28, 5, 22, 8, 39, 20, 16, 31, 2, 14, 27, 1, 13, 28, 39]
    PRED: [27, 10, 7, 28, 39, 26, 11, 28, 2, 8, 37, 39, 10, 34, 20, 39, 28, 5, 22, 8, 37, 39, 20, 16, 31, 9, 18, 5, 13, 39]
    Edit distance: 14/33
  Sample 2:
    TRUE: [28, 24, 39, 27, 33, 20, 37, 39, 35, 17, 39, 21, 12, 8, 39, 16, 22, 39, 2, 22, 2, 6, 1, 29, 30, 39, 19, 2, 20, 33, 38, 2, 22, 39]
    PRED: [9, 24, 39, 27, 33, 20, 37, 39, 6, 17, 39, 21, 10, 22, 8, 39, 16, 22, 39, 2, 22, 2, 1, 28, 29, 39, 19, 2, 20, 33, 38, 29, 2, 22, 39]
    Edit distance: 8/34
  Sample 3:
    TRUE: [20, 3, 27, 17, 37, 39, 19, 0, 28, 30, 33, 21, 39, 22, 17, 8, 2, 8, 39, 6, 20, 1, 19, 39, 14, 20, 2, 34, 37, 39, 30, 33, 39, 6, 17, 39, 19, 2, 21, 26, 20, 17, 30, 20, 17, 39, 10, 20, 2, 14, 2, 22, 30, 39]
    PRED: [19, 27, 24, 17, 12, 39, 19, 5, 28, 2, 21, 39, 22, 12, 8, 39, 21, 27, 0, 19, 39, 20, 5, 34, 8, 39, 30, 33, 39, 6, 17, 39, 19, 2, 21, 26, 36, 20, 20, 39, 1, 20, 2, 22, 8, 39]
    Edit distance: 24/54
  Sample 4:
    TRUE: [9, 2, 39, 30, 33, 31, 39, 13, 10, 27, 17, 39, 13, 11, 14, 0, 30, 39, 30, 33, 39, 19, 2, 21, 39, 35, 10, 22, 39, 27, 0, 18, 11, 37, 39, 30, 33, 31, 39, 13, 10, 20, 39, 4, 30, 39]
    PRED: [9, 2, 39, 30, 27, 33, 31, 39, 13, 10, 27, 17, 39, 34, 3, 0, 19, 30, 39, 30, 33, 39, 28, 30, 2, 21, 39, 35, 10, 22, 39, 35, 11, 10, 11, 37, 39, 31, 33, 31, 39, 13, 10, 20, 39, 4, 30, 39]
    Edit distance: 11/46

============================================================
Batch 93500 | Val PER: 0.2891
============================================================
  Sample 0:
    TRUE: [31, 17, 0, 19, 27, 2, 28, 17, 39, 27, 17, 19, 2, 22, 28, 16, 8, 11, 8, 39]
    PRED: [9, 2, 39, 0, 19, 28, 39, 27, 17, 14, 19, 22, 2, 30, 12, 8, 11, 39]
    Edit distance: 12/20
  Sample 1:
    TRUE: [27, 16, 7, 39, 26, 11, 7, 2, 28, 30, 39, 28, 10, 34, 27, 2, 20, 39, 28, 5, 22, 8, 39, 20, 16, 31, 2, 14, 27, 1, 13, 28, 39]
    PRED: [27, 10, 7, 28, 30, 39, 26, 11, 28, 2, 37, 39, 10, 34, 20, 39, 28, 5, 22, 8, 37, 39, 20, 16, 2, 9, 14, 2, 13, 39]
    Edit distance: 15/33
  Sample 2:
    TRUE: [28, 24, 39, 27, 33, 20, 37, 39, 35, 17, 39, 21, 12, 8, 39, 16, 22, 39, 2, 22, 2, 6, 1, 29, 30, 39, 19, 2, 20, 33, 38, 2, 22, 39]
    PRED: [9, 24, 39, 27, 25, 20, 37, 39, 6, 17, 39, 21, 10, 22, 8, 39, 16, 22, 39, 2, 22, 2, 1, 29, 39, 19, 2, 20, 33, 38, 29, 2, 22, 39]
    Edit distance: 8/34
  Sample 3:
    TRUE: [20, 3, 27, 17, 37, 39, 19, 0, 28, 30, 33, 21, 39, 22, 17, 8, 2, 8, 39, 6, 20, 1, 19, 39, 14, 20, 2, 34, 37, 39, 30, 33, 39, 6, 17, 39, 19, 2, 21, 26, 20, 17, 30, 20, 17, 39, 10, 20, 2, 14, 2, 22, 30, 39]
    PRED: [19, 27, 24, 12, 39, 19, 5, 21, 39, 22, 12, 8, 39, 21, 0, 19, 39, 20, 5, 34, 8, 39, 30, 33, 39, 6, 17, 39, 19, 2, 21, 26, 27, 7, 20, 39, 1, 20, 2, 10, 2, 22, 39]
    Edit distance: 24/54
  Sample 4:
    TRUE: [9, 2, 39, 30, 33, 31, 39, 13, 10, 27, 17, 39, 13, 11, 14, 0, 30, 39, 30, 33, 39, 19, 2, 21, 39, 35, 10, 22, 39, 27, 0, 18, 11, 37, 39, 30, 33, 31, 39, 13, 10, 20, 39, 4, 30, 39]
    PRED: [9, 2, 39, 30, 27, 33, 31, 39, 13, 10, 27, 17, 39, 13, 3, 0, 19, 30, 39, 30, 33, 39, 28, 19, 2, 21, 39, 35, 10, 22, 8, 39, 35, 11, 0, 8, 11, 37, 39, 31, 33, 31, 39, 13, 10, 39, 4, 30, 39]
    Edit distance: 11/46

============================================================
Batch 94000 | Val PER: 0.2915
============================================================
  Sample 0:
    TRUE: [31, 17, 0, 19, 27, 2, 28, 17, 39, 27, 17, 19, 2, 22, 28, 16, 8, 11, 8, 39]
    PRED: [9, 39, 0, 28, 39, 27, 17, 22, 2, 2, 30, 12, 8, 11, 39]
    Edit distance: 11/20
  Sample 1:
    TRUE: [27, 16, 7, 39, 26, 11, 7, 2, 28, 30, 39, 28, 10, 34, 27, 2, 20, 39, 28, 5, 22, 8, 39, 20, 16, 31, 2, 14, 27, 1, 13, 28, 39]
    PRED: [27, 10, 19, 28, 30, 39, 26, 11, 28, 2, 37, 39, 10, 34, 2, 20, 39, 28, 5, 22, 8, 37, 39, 20, 16, 17, 9, 14, 2, 13, 39]
    Edit distance: 15/33
  Sample 2:
    TRUE: [28, 24, 39, 27, 33, 20, 37, 39, 35, 17, 39, 21, 12, 8, 39, 16, 22, 39, 2, 22, 2, 6, 1, 29, 30, 39, 19, 2, 20, 33, 38, 2, 22, 39]
    PRED: [9, 24, 39, 27, 33, 20, 37, 39, 35, 17, 39, 21, 10, 22, 8, 39, 16, 22, 39, 2, 22, 2, 1, 29, 39, 19, 2, 20, 33, 38, 29, 2, 22, 39]
    Edit distance: 6/34
  Sample 3:
    TRUE: [20, 3, 27, 17, 37, 39, 19, 0, 28, 30, 33, 21, 39, 22, 17, 8, 2, 8, 39, 6, 20, 1, 19, 39, 14, 20, 2, 34, 37, 39, 30, 33, 39, 6, 17, 39, 19, 2, 21, 26, 20, 17, 30, 20, 17, 39, 10, 20, 2, 14, 2, 22, 30, 39]
    PRED: [19, 27, 24, 12, 39, 19, 4, 28, 2, 21, 39, 22, 17, 8, 39, 21, 27, 0, 19, 39, 20, 5, 34, 8, 39, 30, 33, 39, 6, 21, 17, 39, 19, 2, 21, 26, 36, 2, 20, 20, 39, 1, 20, 2, 2, 22, 39]
    Edit distance: 23/54
  Sample 4:
    TRUE: [9, 2, 39, 30, 33, 31, 39, 13, 10, 27, 17, 39, 13, 11, 14, 0, 30, 39, 30, 33, 39, 19, 2, 21, 39, 35, 10, 22, 39, 27, 0, 18, 11, 37, 39, 30, 33, 31, 39, 13, 10, 20, 39, 4, 30, 39]
    PRED: [9, 2, 39, 30, 27, 33, 31, 39, 13, 16, 27, 17, 39, 34, 3, 2, 19, 30, 39, 30, 33, 39, 28, 19, 2, 21, 39, 35, 10, 22, 21, 39, 35, 0, 8, 11, 37, 39, 31, 33, 31, 39, 13, 10, 39, 4, 30, 39]
    Edit distance: 12/46

============================================================
Batch 94500 | Val PER: 0.2905
============================================================
  Sample 0:
    TRUE: [31, 17, 0, 19, 27, 2, 28, 17, 39, 27, 17, 19, 2, 22, 28, 16, 8, 11, 8, 39]
    PRED: [9, 2, 0, 19, 28, 39, 27, 17, 14, 19, 10, 22, 2, 30, 39]
    Edit distance: 12/20
  Sample 1:
    TRUE: [27, 16, 7, 39, 26, 11, 7, 2, 28, 30, 39, 28, 10, 34, 27, 2, 20, 39, 28, 5, 22, 8, 39, 20, 16, 31, 2, 14, 27, 1, 13, 28, 39]
    PRED: [27, 10, 30, 28, 30, 39, 26, 11, 28, 2, 37, 39, 28, 10, 34, 20, 39, 28, 5, 22, 8, 37, 39, 20, 16, 2, 9, 2, 14, 5, 13, 28, 39]
    Edit distance: 14/33
  Sample 2:
    TRUE: [28, 24, 39, 27, 33, 20, 37, 39, 35, 17, 39, 21, 12, 8, 39, 16, 22, 39, 2, 22, 2, 6, 1, 29, 30, 39, 19, 2, 20, 33, 38, 2, 22, 39]
    PRED: [9, 24, 39, 27, 25, 20, 24, 37, 39, 35, 17, 39, 21, 10, 22, 8, 39, 16, 22, 39, 2, 22, 2, 1, 28, 29, 39, 19, 2, 20, 33, 38, 2, 22, 39]
    Edit distance: 8/34
  Sample 3:
    TRUE: [20, 3, 27, 17, 37, 39, 19, 0, 28, 30, 33, 21, 39, 22, 17, 8, 2, 8, 39, 6, 20, 1, 19, 39, 14, 20, 2, 34, 37, 39, 30, 33, 39, 6, 17, 39, 19, 2, 21, 26, 20, 17, 30, 20, 17, 39, 10, 20, 2, 14, 2, 22, 30, 39]
    PRED: [19, 27, 24, 12, 39, 19, 5, 28, 30, 2, 21, 39, 22, 17, 8, 39, 21, 27, 1, 19, 39, 20, 5, 34, 8, 39, 30, 33, 39, 6, 17, 39, 19, 2, 21, 26, 27, 2, 20, 17, 39, 1, 20, 2, 2, 22, 39]
    Edit distance: 19/54
  Sample 4:
    TRUE: [9, 2, 39, 30, 33, 31, 39, 13, 10, 27, 17, 39, 13, 11, 14, 0, 30, 39, 30, 33, 39, 19, 2, 21, 39, 35, 10, 22, 39, 27, 0, 18, 11, 37, 39, 30, 33, 31, 39, 13, 10, 20, 39, 4, 30, 39]
    PRED: [9, 2, 39, 30, 27, 33, 31, 39, 13, 27, 17, 39, 34, 3, 0, 19, 30, 39, 30, 33, 39, 28, 19, 2, 21, 39, 35, 10, 22, 39, 35, 11, 8, 11, 37, 39, 31, 33, 31, 39, 13, 12, 39, 4, 30, 39]
    Edit distance: 13/46

============================================================
Batch 95000 | Val PER: 0.2871
============================================================
  Sample 0:
    TRUE: [31, 17, 0, 19, 27, 2, 28, 17, 39, 27, 17, 19, 2, 22, 28, 16, 8, 11, 8, 39]
    PRED: [9, 2, 39, 0, 19, 28, 39, 27, 17, 14, 19, 22, 2, 30, 8, 39]
    Edit distance: 12/20
  Sample 1:
    TRUE: [27, 16, 7, 39, 26, 11, 7, 2, 28, 30, 39, 28, 10, 34, 27, 2, 20, 39, 28, 5, 22, 8, 39, 20, 16, 31, 2, 14, 27, 1, 13, 28, 39]
    PRED: [27, 10, 30, 28, 39, 26, 11, 28, 2, 8, 37, 39, 28, 10, 34, 20, 39, 28, 5, 22, 8, 37, 39, 20, 16, 2, 9, 2, 14, 2, 13, 39]
    Edit distance: 14/33
  Sample 2:
    TRUE: [28, 24, 39, 27, 33, 20, 37, 39, 35, 17, 39, 21, 12, 8, 39, 16, 22, 39, 2, 22, 2, 6, 1, 29, 30, 39, 19, 2, 20, 33, 38, 2, 22, 39]
    PRED: [9, 24, 39, 27, 25, 20, 37, 39, 35, 17, 39, 21, 10, 8, 39, 16, 22, 39, 2, 22, 2, 27, 1, 28, 30, 39, 19, 2, 20, 33, 38, 2, 22, 39]
    Edit distance: 5/34
  Sample 3:
    TRUE: [20, 3, 27, 17, 37, 39, 19, 0, 28, 30, 33, 21, 39, 22, 17, 8, 2, 8, 39, 6, 20, 1, 19, 39, 14, 20, 2, 34, 37, 39, 30, 33, 39, 6, 17, 39, 19, 2, 21, 26, 20, 17, 30, 20, 17, 39, 10, 20, 2, 14, 2, 22, 30, 39]
    PRED: [19, 27, 24, 12, 39, 19, 5, 28, 0, 21, 39, 22, 17, 8, 39, 21, 16, 19, 39, 20, 5, 34, 8, 39, 30, 33, 39, 6, 17, 39, 19, 2, 21, 26, 27, 2, 20, 17, 39, 1, 20, 2, 22, 39]
    Edit distance: 22/54
  Sample 4:
    TRUE: [9, 2, 39, 30, 33, 31, 39, 13, 10, 27, 17, 39, 13, 11, 14, 0, 30, 39, 30, 33, 39, 19, 2, 21, 39, 35, 10, 22, 39, 27, 0, 18, 11, 37, 39, 30, 33, 31, 39, 13, 10, 20, 39, 4, 30, 39]
    PRED: [9, 2, 39, 30, 27, 33, 31, 39, 13, 27, 39, 34, 3, 19, 0, 19, 30, 39, 30, 33, 39, 28, 19, 2, 21, 39, 35, 10, 22, 39, 35, 17, 8, 11, 37, 39, 31, 33, 31, 39, 13, 12, 39, 4, 30, 39]
    Edit distance: 14/46

============================================================
Batch 95500 | Val PER: 0.2918
============================================================
  Sample 0:
    TRUE: [31, 17, 0, 19, 27, 2, 28, 17, 39, 27, 17, 19, 2, 22, 28, 16, 8, 11, 8, 39]
    PRED: [9, 0, 19, 28, 30, 28, 39, 27, 17, 14, 22, 2, 30, 8, 39]
    Edit distance: 11/20
  Sample 1:
    TRUE: [27, 16, 7, 39, 26, 11, 7, 2, 28, 30, 39, 28, 10, 34, 27, 2, 20, 39, 28, 5, 22, 8, 39, 20, 16, 31, 2, 14, 27, 1, 13, 28, 39]
    PRED: [27, 10, 7, 28, 39, 26, 11, 29, 2, 8, 37, 39, 28, 10, 34, 20, 39, 28, 5, 22, 8, 37, 39, 20, 16, 9, 2, 14, 5, 13, 39]
    Edit distance: 12/33
  Sample 2:
    TRUE: [28, 24, 39, 27, 33, 20, 37, 39, 35, 17, 39, 21, 12, 8, 39, 16, 22, 39, 2, 22, 2, 6, 1, 29, 30, 39, 19, 2, 20, 33, 38, 2, 22, 39]
    PRED: [9, 24, 39, 27, 25, 20, 24, 37, 39, 35, 17, 39, 21, 10, 22, 8, 39, 16, 22, 39, 2, 22, 11, 1, 29, 39, 19, 2, 20, 33, 38, 29, 2, 22, 39]
    Edit distance: 9/34
  Sample 3:
    TRUE: [20, 3, 27, 17, 37, 39, 19, 0, 28, 30, 33, 21, 39, 22, 17, 8, 2, 8, 39, 6, 20, 1, 19, 39, 14, 20, 2, 34, 37, 39, 30, 33, 39, 6, 17, 39, 19, 2, 21, 26, 20, 17, 30, 20, 17, 39, 10, 20, 2, 14, 2, 22, 30, 39]
    PRED: [19, 27, 24, 12, 39, 19, 5, 30, 2, 21, 39, 22, 12, 8, 39, 21, 1, 19, 39, 14, 20, 5, 34, 8, 39, 30, 33, 39, 6, 17, 39, 19, 2, 21, 26, 36, 27, 2, 20, 20, 39, 1, 20, 2, 22, 8, 39]
    Edit distance: 22/54
  Sample 4:
    TRUE: [9, 2, 39, 30, 33, 31, 39, 13, 10, 27, 17, 39, 13, 11, 14, 0, 30, 39, 30, 33, 39, 19, 2, 21, 39, 35, 10, 22, 39, 27, 0, 18, 11, 37, 39, 30, 33, 31, 39, 13, 10, 20, 39, 4, 30, 39]
    PRED: [9, 2, 39, 30, 27, 33, 31, 39, 13, 1, 16, 27, 39, 34, 3, 0, 19, 30, 39, 30, 33, 39, 28, 2, 21, 39, 35, 10, 22, 8, 39, 35, 5, 0, 8, 11, 37, 39, 31, 33, 31, 39, 13, 10, 39, 4, 30, 39]
    Edit distance: 15/46

============================================================
Batch 96000 | Val PER: 0.2884
============================================================
  Sample 0:
    TRUE: [31, 17, 0, 19, 27, 2, 28, 17, 39, 27, 17, 19, 2, 22, 28, 16, 8, 11, 8, 39]
    PRED: [9, 0, 19, 28, 30, 2, 28, 39, 27, 17, 14, 19, 22, 2, 2, 30, 8, 39]
    Edit distance: 11/20
  Sample 1:
    TRUE: [27, 16, 7, 39, 26, 11, 7, 2, 28, 30, 39, 28, 10, 34, 27, 2, 20, 39, 28, 5, 22, 8, 39, 20, 16, 31, 2, 14, 27, 1, 13, 28, 39]
    PRED: [27, 10, 30, 28, 30, 39, 26, 11, 29, 2, 37, 39, 10, 34, 2, 20, 39, 28, 5, 22, 8, 37, 39, 20, 16, 2, 39, 14, 5, 13, 39]
    Edit distance: 15/33
  Sample 2:
    TRUE: [28, 24, 39, 27, 33, 20, 37, 39, 35, 17, 39, 21, 12, 8, 39, 16, 22, 39, 2, 22, 2, 6, 1, 29, 30, 39, 19, 2, 20, 33, 38, 2, 22, 39]
    PRED: [9, 24, 39, 27, 33, 20, 37, 39, 35, 17, 39, 21, 10, 22, 8, 39, 16, 22, 39, 2, 22, 2, 1, 29, 39, 19, 2, 20, 33, 38, 29, 2, 22, 39]
    Edit distance: 6/34
  Sample 3:
    TRUE: [20, 3, 27, 17, 37, 39, 19, 0, 28, 30, 33, 21, 39, 22, 17, 8, 2, 8, 39, 6, 20, 1, 19, 39, 14, 20, 2, 34, 37, 39, 30, 33, 39, 6, 17, 39, 19, 2, 21, 26, 20, 17, 30, 20, 17, 39, 10, 20, 2, 14, 2, 22, 30, 39]
    PRED: [19, 27, 24, 12, 39, 19, 5, 28, 30, 2, 21, 39, 22, 17, 8, 39, 21, 1, 19, 39, 20, 5, 34, 8, 39, 30, 33, 39, 6, 17, 39, 19, 2, 21, 26, 36, 27, 2, 20, 17, 39, 1, 20, 2, 22, 39]
    Edit distance: 20/54
  Sample 4:
    TRUE: [9, 2, 39, 30, 33, 31, 39, 13, 10, 27, 17, 39, 13, 11, 14, 0, 30, 39, 30, 33, 39, 19, 2, 21, 39, 35, 10, 22, 39, 27, 0, 18, 11, 37, 39, 30, 33, 31, 39, 13, 10, 20, 39, 4, 30, 39]
    PRED: [9, 2, 39, 30, 27, 33, 31, 39, 13, 16, 27, 17, 39, 34, 2, 0, 19, 30, 39, 30, 33, 39, 28, 2, 21, 39, 35, 2, 22, 39, 35, 17, 8, 30, 11, 37, 39, 31, 33, 31, 39, 13, 12, 20, 39, 4, 30, 39]
    Edit distance: 14/46

============================================================
Batch 96500 | Val PER: 0.2877
============================================================
  Sample 0:
    TRUE: [31, 17, 0, 19, 27, 2, 28, 17, 39, 27, 17, 19, 2, 22, 28, 16, 8, 11, 8, 39]
    PRED: [9, 2, 0, 19, 28, 39, 27, 17, 14, 19, 22, 2, 30, 8, 39]
    Edit distance: 11/20
  Sample 1:
    TRUE: [27, 16, 7, 39, 26, 11, 7, 2, 28, 30, 39, 28, 10, 34, 27, 2, 20, 39, 28, 5, 22, 8, 39, 20, 16, 31, 2, 14, 27, 1, 13, 28, 39]
    PRED: [27, 10, 19, 28, 30, 39, 26, 11, 29, 2, 8, 37, 39, 10, 34, 20, 39, 28, 5, 22, 8, 39, 20, 16, 9, 2, 39, 14, 2, 13, 39]
    Edit distance: 15/33
  Sample 2:
    TRUE: [28, 24, 39, 27, 33, 20, 37, 39, 35, 17, 39, 21, 12, 8, 39, 16, 22, 39, 2, 22, 2, 6, 1, 29, 30, 39, 19, 2, 20, 33, 38, 2, 22, 39]
    PRED: [9, 24, 39, 27, 33, 20, 24, 39, 35, 17, 39, 21, 10, 22, 8, 39, 16, 22, 39, 2, 22, 2, 1, 28, 29, 39, 19, 2, 20, 33, 38, 29, 2, 22, 39]
    Edit distance: 8/34
  Sample 3:
    TRUE: [20, 3, 27, 17, 37, 39, 19, 0, 28, 30, 33, 21, 39, 22, 17, 8, 2, 8, 39, 6, 20, 1, 19, 39, 14, 20, 2, 34, 37, 39, 30, 33, 39, 6, 17, 39, 19, 2, 21, 26, 20, 17, 30, 20, 17, 39, 10, 20, 2, 14, 2, 22, 30, 39]
    PRED: [19, 27, 24, 12, 39, 19, 5, 28, 30, 2, 21, 39, 22, 17, 8, 39, 21, 1, 19, 39, 20, 5, 34, 8, 39, 30, 33, 39, 6, 17, 39, 19, 2, 21, 26, 20, 20, 39, 1, 20, 2, 22, 39]
    Edit distance: 20/54
  Sample 4:
    TRUE: [9, 2, 39, 30, 33, 31, 39, 13, 10, 27, 17, 39, 13, 11, 14, 0, 30, 39, 30, 33, 39, 19, 2, 21, 39, 35, 10, 22, 39, 27, 0, 18, 11, 37, 39, 30, 33, 31, 39, 13, 10, 20, 39, 4, 30, 39]
    PRED: [9, 2, 39, 30, 27, 33, 31, 39, 13, 16, 27, 39, 34, 3, 0, 19, 30, 39, 30, 33, 39, 28, 19, 2, 21, 39, 35, 2, 22, 39, 35, 17, 30, 11, 37, 39, 9, 33, 31, 39, 13, 10, 39, 4, 30, 39]
    Edit distance: 14/46

============================================================
Batch 97000 | Val PER: 0.2887
============================================================
  Sample 0:
    TRUE: [31, 17, 0, 19, 27, 2, 28, 17, 39, 27, 17, 19, 2, 22, 28, 16, 8, 11, 8, 39]
    PRED: [9, 0, 19, 28, 2, 28, 39, 27, 17, 14, 19, 22, 2, 8, 8, 39]
    Edit distance: 9/20
  Sample 1:
    TRUE: [27, 16, 7, 39, 26, 11, 7, 2, 28, 30, 39, 28, 10, 34, 27, 2, 20, 39, 28, 5, 22, 8, 39, 20, 16, 31, 2, 14, 27, 1, 13, 28, 39]
    PRED: [27, 10, 7, 28, 39, 26, 11, 29, 2, 37, 39, 28, 10, 34, 11, 20, 39, 28, 5, 22, 8, 37, 39, 20, 16, 2, 9, 2, 14, 5, 13, 39]
    Edit distance: 13/33
  Sample 2:
    TRUE: [28, 24, 39, 27, 33, 20, 37, 39, 35, 17, 39, 21, 12, 8, 39, 16, 22, 39, 2, 22, 2, 6, 1, 29, 30, 39, 19, 2, 20, 33, 38, 2, 22, 39]
    PRED: [9, 24, 39, 27, 33, 20, 24, 39, 35, 17, 39, 21, 10, 22, 8, 39, 16, 22, 39, 2, 22, 2, 1, 28, 29, 39, 19, 2, 20, 33, 38, 38, 2, 22, 39]
    Edit distance: 8/34
  Sample 3:
    TRUE: [20, 3, 27, 17, 37, 39, 19, 0, 28, 30, 33, 21, 39, 22, 17, 8, 2, 8, 39, 6, 20, 1, 19, 39, 14, 20, 2, 34, 37, 39, 30, 33, 39, 6, 17, 39, 19, 2, 21, 26, 20, 17, 30, 20, 17, 39, 10, 20, 2, 14, 2, 22, 30, 39]
    PRED: [19, 27, 24, 12, 39, 19, 5, 28, 30, 2, 21, 39, 22, 17, 8, 39, 21, 1, 19, 39, 20, 5, 34, 8, 39, 30, 33, 39, 6, 17, 39, 19, 2, 21, 26, 2, 20, 20, 39, 1, 20, 2, 22, 39]
    Edit distance: 21/54
  Sample 4:
    TRUE: [9, 2, 39, 30, 33, 31, 39, 13, 10, 27, 17, 39, 13, 11, 14, 0, 30, 39, 30, 33, 39, 19, 2, 21, 39, 35, 10, 22, 39, 27, 0, 18, 11, 37, 39, 30, 33, 31, 39, 13, 10, 20, 39, 4, 30, 39]
    PRED: [9, 2, 39, 30, 27, 33, 31, 39, 13, 27, 17, 39, 34, 3, 0, 0, 19, 30, 39, 30, 33, 39, 28, 2, 21, 39, 35, 2, 22, 39, 35, 11, 8, 11, 37, 39, 9, 33, 31, 39, 13, 5, 39, 4, 30, 39]
    Edit distance: 14/46

============================================================
Batch 97500 | Val PER: 0.2899
============================================================
  Sample 0:
    TRUE: [31, 17, 0, 19, 27, 2, 28, 17, 39, 27, 17, 19, 2, 22, 28, 16, 8, 11, 8, 39]
    PRED: [9, 0, 19, 28, 30, 2, 28, 39, 27, 17, 14, 19, 22, 2, 2, 30, 2, 8, 39]
    Edit distance: 11/20
  Sample 1:
    TRUE: [27, 16, 7, 39, 26, 11, 7, 2, 28, 30, 39, 28, 10, 34, 27, 2, 20, 39, 28, 5, 22, 8, 39, 20, 16, 31, 2, 14, 27, 1, 13, 28, 39]
    PRED: [27, 10, 19, 28, 39, 26, 11, 29, 2, 37, 39, 28, 10, 34, 20, 39, 28, 5, 22, 8, 37, 39, 20, 16, 9, 2, 14, 5, 13, 39]
    Edit distance: 13/33
  Sample 2:
    TRUE: [28, 24, 39, 27, 33, 20, 37, 39, 35, 17, 39, 21, 12, 8, 39, 16, 22, 39, 2, 22, 2, 6, 1, 29, 30, 39, 19, 2, 20, 33, 38, 2, 22, 39]
    PRED: [9, 24, 39, 27, 33, 20, 37, 39, 35, 17, 39, 21, 10, 22, 8, 39, 16, 22, 39, 2, 22, 2, 27, 1, 29, 30, 39, 19, 2, 20, 33, 38, 29, 2, 22, 39]
    Edit distance: 5/34
  Sample 3:
    TRUE: [20, 3, 27, 17, 37, 39, 19, 0, 28, 30, 33, 21, 39, 22, 17, 8, 2, 8, 39, 6, 20, 1, 19, 39, 14, 20, 2, 34, 37, 39, 30, 33, 39, 6, 17, 39, 19, 2, 21, 26, 20, 17, 30, 20, 17, 39, 10, 20, 2, 14, 2, 22, 30, 39]
    PRED: [19, 27, 24, 17, 12, 39, 19, 5, 28, 30, 2, 21, 39, 22, 17, 8, 39, 21, 1, 19, 39, 20, 5, 34, 8, 39, 30, 33, 39, 6, 17, 39, 19, 2, 21, 26, 20, 20, 39, 1, 20, 2, 22, 39]
    Edit distance: 20/54
  Sample 4:
    TRUE: [9, 2, 39, 30, 33, 31, 39, 13, 10, 27, 17, 39, 13, 11, 14, 0, 30, 39, 30, 33, 39, 19, 2, 21, 39, 35, 10, 22, 39, 27, 0, 18, 11, 37, 39, 30, 33, 31, 39, 13, 10, 20, 39, 4, 30, 39]
    PRED: [9, 2, 39, 30, 27, 33, 31, 39, 13, 10, 27, 11, 39, 34, 3, 0, 0, 19, 30, 39, 30, 33, 39, 28, 2, 21, 39, 35, 10, 22, 21, 39, 35, 17, 0, 11, 37, 39, 31, 33, 31, 39, 13, 10, 29, 20, 39, 4, 30, 39]
    Edit distance: 13/46

============================================================
Batch 98000 | Val PER: 0.2920
============================================================
  Sample 0:
    TRUE: [31, 17, 0, 19, 27, 2, 28, 17, 39, 27, 17, 19, 2, 22, 28, 16, 8, 11, 8, 39]
    PRED: [9, 0, 19, 28, 30, 28, 39, 27, 17, 14, 19, 22, 2, 2, 30, 8, 39]
    Edit distance: 11/20
  Sample 1:
    TRUE: [27, 16, 7, 39, 26, 11, 7, 2, 28, 30, 39, 28, 10, 34, 27, 2, 20, 39, 28, 5, 22, 8, 39, 20, 16, 31, 2, 14, 27, 1, 13, 28, 39]
    PRED: [27, 10, 19, 28, 39, 26, 11, 29, 2, 37, 39, 28, 10, 34, 11, 20, 39, 28, 30, 5, 22, 8, 37, 39, 20, 16, 9, 2, 18, 20, 5, 13, 39]
    Edit distance: 15/33
  Sample 2:
    TRUE: [28, 24, 39, 27, 33, 20, 37, 39, 35, 17, 39, 21, 12, 8, 39, 16, 22, 39, 2, 22, 2, 6, 1, 29, 30, 39, 19, 2, 20, 33, 38, 2, 22, 39]
    PRED: [9, 24, 39, 27, 33, 20, 37, 39, 35, 17, 39, 21, 10, 22, 8, 39, 16, 22, 39, 2, 22, 2, 27, 1, 28, 30, 39, 19, 2, 20, 33, 38, 2, 22, 39]
    Edit distance: 5/34
  Sample 3:
    TRUE: [20, 3, 27, 17, 37, 39, 19, 0, 28, 30, 33, 21, 39, 22, 17, 8, 2, 8, 39, 6, 20, 1, 19, 39, 14, 20, 2, 34, 37, 39, 30, 33, 39, 6, 17, 39, 19, 2, 21, 26, 20, 17, 30, 20, 17, 39, 10, 20, 2, 14, 2, 22, 30, 39]
    PRED: [19, 27, 24, 12, 39, 19, 5, 28, 30, 5, 2, 21, 39, 22, 17, 8, 39, 21, 27, 1, 19, 39, 20, 5, 34, 8, 39, 30, 33, 39, 6, 17, 39, 19, 2, 21, 26, 36, 2, 20, 20, 39, 1, 20, 2, 22, 39]
    Edit distance: 22/54
  Sample 4:
    TRUE: [9, 2, 39, 30, 33, 31, 39, 13, 10, 27, 17, 39, 13, 11, 14, 0, 30, 39, 30, 33, 39, 19, 2, 21, 39, 35, 10, 22, 39, 27, 0, 18, 11, 37, 39, 30, 33, 31, 39, 13, 10, 20, 39, 4, 30, 39]
    PRED: [9, 2, 39, 30, 27, 33, 31, 39, 13, 10, 27, 11, 39, 34, 3, 0, 0, 19, 30, 39, 30, 33, 39, 28, 30, 2, 21, 39, 35, 2, 22, 8, 39, 35, 11, 0, 11, 37, 39, 31, 33, 31, 37, 39, 13, 10, 39, 4, 30, 39]
    Edit distance: 16/46

============================================================
Batch 98500 | Val PER: 0.2902
============================================================
  Sample 0:
    TRUE: [31, 17, 0, 19, 27, 2, 28, 17, 39, 27, 17, 19, 2, 22, 28, 16, 8, 11, 8, 39]
    PRED: [9, 0, 19, 28, 39, 27, 17, 14, 19, 22, 28, 8, 30, 8, 39]
    Edit distance: 9/20
  Sample 1:
    TRUE: [27, 16, 7, 39, 26, 11, 7, 2, 28, 30, 39, 28, 10, 34, 27, 2, 20, 39, 28, 5, 22, 8, 39, 20, 16, 31, 2, 14, 27, 1, 13, 28, 39]
    PRED: [27, 10, 19, 28, 39, 26, 11, 28, 2, 37, 39, 28, 10, 34, 20, 39, 28, 5, 22, 8, 37, 39, 20, 16, 18, 5, 13, 39]
    Edit distance: 15/33
  Sample 2:
    TRUE: [28, 24, 39, 27, 33, 20, 37, 39, 35, 17, 39, 21, 12, 8, 39, 16, 22, 39, 2, 22, 2, 6, 1, 29, 30, 39, 19, 2, 20, 33, 38, 2, 22, 39]
    PRED: [9, 24, 39, 27, 33, 20, 28, 37, 39, 35, 17, 39, 21, 10, 22, 8, 39, 16, 22, 39, 2, 22, 2, 1, 28, 30, 39, 19, 2, 20, 33, 38, 2, 22, 39]
    Edit distance: 6/34
  Sample 3:
    TRUE: [20, 3, 27, 17, 37, 39, 19, 0, 28, 30, 33, 21, 39, 22, 17, 8, 2, 8, 39, 6, 20, 1, 19, 39, 14, 20, 2, 34, 37, 39, 30, 33, 39, 6, 17, 39, 19, 2, 21, 26, 20, 17, 30, 20, 17, 39, 10, 20, 2, 14, 2, 22, 30, 39]
    PRED: [19, 27, 24, 37, 12, 39, 19, 5, 28, 30, 2, 21, 39, 22, 16, 8, 16, 39, 21, 1, 19, 39, 20, 5, 34, 8, 39, 30, 33, 39, 6, 17, 39, 19, 2, 21, 26, 10, 2, 20, 20, 39, 1, 20, 2, 22, 39]
    Edit distance: 22/54
  Sample 4:
    TRUE: [9, 2, 39, 30, 33, 31, 39, 13, 10, 27, 17, 39, 13, 11, 14, 0, 30, 39, 30, 33, 39, 19, 2, 21, 39, 35, 10, 22, 39, 27, 0, 18, 11, 37, 39, 30, 33, 31, 39, 13, 10, 20, 39, 4, 30, 39]
    PRED: [9, 2, 39, 30, 36, 33, 31, 39, 13, 10, 27, 17, 39, 34, 3, 0, 19, 30, 39, 30, 33, 39, 28, 2, 21, 39, 35, 10, 22, 39, 35, 17, 8, 30, 11, 37, 39, 31, 33, 31, 39, 13, 10, 39, 4, 30, 39]
    Edit distance: 12/46

============================================================
Batch 99000 | Val PER: 0.2867
============================================================
  Sample 0:
    TRUE: [31, 17, 0, 19, 27, 2, 28, 17, 39, 27, 17, 19, 2, 22, 28, 16, 8, 11, 8, 39]
    PRED: [9, 0, 28, 39, 27, 17, 14, 19, 22, 8, 2, 8, 39]
    Edit distance: 11/20
  Sample 1:
    TRUE: [27, 16, 7, 39, 26, 11, 7, 2, 28, 30, 39, 28, 10, 34, 27, 2, 20, 39, 28, 5, 22, 8, 39, 20, 16, 31, 2, 14, 27, 1, 13, 28, 39]
    PRED: [27, 10, 19, 28, 39, 26, 11, 29, 2, 37, 39, 28, 10, 34, 20, 39, 28, 30, 5, 22, 8, 37, 39, 20, 16, 2, 2, 18, 5, 13, 39]
    Edit distance: 15/33
  Sample 2:
    TRUE: [28, 24, 39, 27, 33, 20, 37, 39, 35, 17, 39, 21, 12, 8, 39, 16, 22, 39, 2, 22, 2, 6, 1, 29, 30, 39, 19, 2, 20, 33, 38, 2, 22, 39]
    PRED: [9, 24, 39, 27, 25, 20, 28, 37, 39, 35, 17, 39, 21, 10, 22, 8, 39, 16, 22, 39, 2, 22, 2, 1, 29, 30, 39, 19, 2, 20, 33, 29, 2, 22, 39]
    Edit distance: 7/34
  Sample 3:
    TRUE: [20, 3, 27, 17, 37, 39, 19, 0, 28, 30, 33, 21, 39, 22, 17, 8, 2, 8, 39, 6, 20, 1, 19, 39, 14, 20, 2, 34, 37, 39, 30, 33, 39, 6, 17, 39, 19, 2, 21, 26, 20, 17, 30, 20, 17, 39, 10, 20, 2, 14, 2, 22, 30, 39]
    PRED: [19, 27, 24, 12, 39, 19, 1, 5, 28, 30, 2, 21, 39, 22, 17, 8, 39, 6, 1, 19, 39, 20, 5, 34, 8, 39, 30, 33, 39, 6, 17, 39, 19, 2, 21, 26, 36, 2, 20, 20, 39, 1, 20, 2, 22, 39]
    Edit distance: 21/54
  Sample 4:
    TRUE: [9, 2, 39, 30, 33, 31, 39, 13, 10, 27, 17, 39, 13, 11, 14, 0, 30, 39, 30, 33, 39, 19, 2, 21, 39, 35, 10, 22, 39, 27, 0, 18, 11, 37, 39, 30, 33, 31, 39, 13, 10, 20, 39, 4, 30, 39]
    PRED: [9, 2, 39, 30, 27, 33, 31, 39, 34, 10, 27, 17, 11, 39, 34, 3, 0, 19, 30, 39, 30, 33, 39, 28, 2, 21, 39, 35, 10, 22, 21, 39, 35, 5, 0, 8, 11, 37, 39, 9, 33, 31, 39, 13, 10, 39, 4, 30, 39]
    Edit distance: 14/46

============================================================
Batch 99500 | Val PER: 0.2848
============================================================
  Sample 0:
    TRUE: [31, 17, 0, 19, 27, 2, 28, 17, 39, 27, 17, 19, 2, 22, 28, 16, 8, 11, 8, 39]
    PRED: [9, 16, 39, 0, 28, 39, 27, 2, 17, 14, 19, 22, 2, 8, 8, 39]
    Edit distance: 13/20
  Sample 1:
    TRUE: [27, 16, 7, 39, 26, 11, 7, 2, 28, 30, 39, 28, 10, 34, 27, 2, 20, 39, 28, 5, 22, 8, 39, 20, 16, 31, 2, 14, 27, 1, 13, 28, 39]
    PRED: [27, 10, 19, 28, 39, 26, 11, 28, 2, 8, 37, 39, 28, 10, 34, 2, 20, 39, 28, 30, 5, 22, 8, 37, 39, 20, 16, 9, 2, 14, 5, 13, 39]
    Edit distance: 13/33
  Sample 2:
    TRUE: [28, 24, 39, 27, 33, 20, 37, 39, 35, 17, 39, 21, 12, 8, 39, 16, 22, 39, 2, 22, 2, 6, 1, 29, 30, 39, 19, 2, 20, 33, 38, 2, 22, 39]
    PRED: [9, 24, 39, 27, 33, 20, 28, 37, 39, 35, 17, 39, 21, 10, 22, 8, 39, 16, 22, 39, 2, 22, 2, 13, 21, 1, 28, 30, 39, 19, 2, 20, 33, 38, 2, 22, 39]
    Edit distance: 7/34
  Sample 3:
    TRUE: [20, 3, 27, 17, 37, 39, 19, 0, 28, 30, 33, 21, 39, 22, 17, 8, 2, 8, 39, 6, 20, 1, 19, 39, 14, 20, 2, 34, 37, 39, 30, 33, 39, 6, 17, 39, 19, 2, 21, 26, 20, 17, 30, 20, 17, 39, 10, 20, 2, 14, 2, 22, 30, 39]
    PRED: [19, 27, 24, 12, 39, 19, 5, 28, 30, 2, 21, 39, 22, 12, 8, 39, 21, 16, 19, 39, 20, 5, 34, 8, 39, 30, 33, 39, 6, 17, 39, 19, 2, 21, 26, 2, 20, 20, 39, 1, 20, 2, 22, 39]
    Edit distance: 23/54
  Sample 4:
    TRUE: [9, 2, 39, 30, 33, 31, 39, 13, 10, 27, 17, 39, 13, 11, 14, 0, 30, 39, 30, 33, 39, 19, 2, 21, 39, 35, 10, 22, 39, 27, 0, 18, 11, 37, 39, 30, 33, 31, 39, 13, 10, 20, 39, 4, 30, 39]
    PRED: [9, 2, 39, 30, 27, 33, 31, 39, 13, 10, 27, 17, 39, 34, 3, 0, 0, 19, 30, 39, 30, 33, 39, 28, 2, 21, 39, 35, 2, 22, 8, 39, 35, 0, 8, 11, 37, 39, 31, 33, 31, 39, 13, 10, 39, 4, 30, 39]
    Edit distance: 12/46

============================================================
Batch 100000 | Val PER: 0.2901
============================================================
  Sample 0:
    TRUE: [31, 17, 0, 19, 27, 2, 28, 17, 39, 27, 17, 19, 2, 22, 28, 16, 8, 11, 8, 39]
    PRED: [9, 0, 28, 2, 28, 39, 27, 17, 19, 22, 8, 30, 8, 39]
    Edit distance: 9/20
  Sample 1:
    TRUE: [27, 16, 7, 39, 26, 11, 7, 2, 28, 30, 39, 28, 10, 34, 27, 2, 20, 39, 28, 5, 22, 8, 39, 20, 16, 31, 2, 14, 27, 1, 13, 28, 39]
    PRED: [27, 10, 7, 28, 39, 26, 11, 29, 2, 37, 39, 28, 10, 34, 11, 20, 39, 28, 5, 22, 8, 37, 39, 20, 16, 9, 2, 39, 18, 20, 5, 13, 39]
    Edit distance: 14/33
  Sample 2:
    TRUE: [28, 24, 39, 27, 33, 20, 37, 39, 35, 17, 39, 21, 12, 8, 39, 16, 22, 39, 2, 22, 2, 6, 1, 29, 30, 39, 19, 2, 20, 33, 38, 2, 22, 39]
    PRED: [9, 24, 39, 27, 33, 20, 37, 39, 35, 17, 39, 21, 10, 22, 8, 39, 16, 22, 39, 2, 22, 2, 1, 29, 39, 19, 24, 20, 33, 38, 2, 22, 39]
    Edit distance: 6/34
  Sample 3:
    TRUE: [20, 3, 27, 17, 37, 39, 19, 0, 28, 30, 33, 21, 39, 22, 17, 8, 2, 8, 39, 6, 20, 1, 19, 39, 14, 20, 2, 34, 37, 39, 30, 33, 39, 6, 17, 39, 19, 2, 21, 26, 20, 17, 30, 20, 17, 39, 10, 20, 2, 14, 2, 22, 30, 39]
    PRED: [19, 27, 24, 37, 12, 39, 19, 5, 28, 30, 2, 21, 39, 22, 12, 8, 39, 21, 5, 19, 39, 20, 5, 34, 8, 39, 30, 33, 39, 6, 17, 39, 19, 2, 21, 26, 27, 20, 12, 39, 1, 20, 2, 22, 8, 39]
    Edit distance: 23/54
  Sample 4:
    TRUE: [9, 2, 39, 30, 33, 31, 39, 13, 10, 27, 17, 39, 13, 11, 14, 0, 30, 39, 30, 33, 39, 19, 2, 21, 39, 35, 10, 22, 39, 27, 0, 18, 11, 37, 39, 30, 33, 31, 39, 13, 10, 20, 39, 4, 30, 39]
    PRED: [9, 2, 39, 30, 27, 33, 31, 39, 13, 10, 27, 17, 39, 34, 3, 0, 0, 19, 30, 39, 30, 33, 39, 28, 2, 21, 39, 35, 10, 22, 8, 39, 35, 24, 8, 11, 37, 39, 31, 33, 31, 39, 13, 10, 39, 4, 30, 39]
    Edit distance: 12/46

============================================================
Batch 100500 | Val PER: 0.2837
============================================================
  Sample 0:
    TRUE: [31, 17, 0, 19, 27, 2, 28, 17, 39, 27, 17, 19, 2, 22, 28, 16, 8, 11, 8, 39]
    PRED: [9, 0, 19, 28, 39, 27, 17, 22, 2, 30, 39]
    Edit distance: 12/20
  Sample 1:
    TRUE: [27, 16, 7, 39, 26, 11, 7, 2, 28, 30, 39, 28, 10, 34, 27, 2, 20, 39, 28, 5, 22, 8, 39, 20, 16, 31, 2, 14, 27, 1, 13, 28, 39]
    PRED: [27, 10, 19, 28, 39, 26, 11, 29, 2, 37, 39, 28, 10, 34, 2, 20, 39, 30, 5, 22, 8, 39, 20, 16, 9, 5, 13, 39]
    Edit distance: 14/33
  Sample 2:
    TRUE: [28, 24, 39, 27, 33, 20, 37, 39, 35, 17, 39, 21, 12, 8, 39, 16, 22, 39, 2, 22, 2, 6, 1, 29, 30, 39, 19, 2, 20, 33, 38, 2, 22, 39]
    PRED: [9, 2, 39, 27, 25, 20, 28, 37, 39, 35, 17, 39, 21, 25, 8, 39, 16, 22, 39, 2, 22, 2, 1, 28, 30, 39, 19, 2, 20, 33, 38, 2, 22, 39]
    Edit distance: 7/34
  Sample 3:
    TRUE: [20, 3, 27, 17, 37, 39, 19, 0, 28, 30, 33, 21, 39, 22, 17, 8, 2, 8, 39, 6, 20, 1, 19, 39, 14, 20, 2, 34, 37, 39, 30, 33, 39, 6, 17, 39, 19, 2, 21, 26, 20, 17, 30, 20, 17, 39, 10, 20, 2, 14, 2, 22, 30, 39]
    PRED: [19, 27, 24, 12, 39, 19, 5, 28, 2, 21, 39, 22, 12, 8, 39, 21, 16, 19, 39, 20, 5, 34, 8, 39, 30, 33, 39, 6, 17, 39, 19, 2, 21, 26, 18, 2, 20, 39, 1, 20, 2, 22, 39]
    Edit distance: 24/54
  Sample 4:
    TRUE: [9, 2, 39, 30, 33, 31, 39, 13, 10, 27, 17, 39, 13, 11, 14, 0, 30, 39, 30, 33, 39, 19, 2, 21, 39, 35, 10, 22, 39, 27, 0, 18, 11, 37, 39, 30, 33, 31, 39, 13, 10, 20, 39, 4, 30, 39]
    PRED: [9, 2, 39, 30, 27, 33, 31, 39, 34, 10, 27, 17, 39, 34, 3, 0, 19, 30, 39, 30, 33, 39, 28, 2, 21, 39, 35, 10, 22, 21, 39, 35, 10, 8, 11, 37, 39, 31, 33, 31, 39, 13, 10, 20, 39, 4, 30, 39]
    Edit distance: 12/46

============================================================
Batch 101000 | Val PER: 0.2888
============================================================
  Sample 0:
    TRUE: [31, 17, 0, 19, 27, 2, 28, 17, 39, 27, 17, 19, 2, 22, 28, 16, 8, 11, 8, 39]
    PRED: [9, 39, 0, 19, 28, 39, 27, 17, 14, 19, 22, 2, 30, 8, 39]
    Edit distance: 11/20
  Sample 1:
    TRUE: [27, 16, 7, 39, 26, 11, 7, 2, 28, 30, 39, 28, 10, 34, 27, 2, 20, 39, 28, 5, 22, 8, 39, 20, 16, 31, 2, 14, 27, 1, 13, 28, 39]
    PRED: [27, 10, 19, 28, 39, 26, 11, 28, 2, 8, 37, 39, 28, 10, 34, 11, 20, 39, 28, 5, 22, 8, 39, 20, 16, 9, 2, 39, 18, 5, 13, 39]
    Edit distance: 13/33
  Sample 2:
    TRUE: [28, 24, 39, 27, 33, 20, 37, 39, 35, 17, 39, 21, 12, 8, 39, 16, 22, 39, 2, 22, 2, 6, 1, 29, 30, 39, 19, 2, 20, 33, 38, 2, 22, 39]
    PRED: [9, 24, 39, 27, 33, 20, 28, 37, 39, 35, 17, 39, 21, 10, 22, 8, 39, 16, 22, 39, 2, 22, 2, 1, 28, 30, 39, 19, 33, 20, 33, 38, 38, 2, 22, 39]
    Edit distance: 8/34
  Sample 3:
    TRUE: [20, 3, 27, 17, 37, 39, 19, 0, 28, 30, 33, 21, 39, 22, 17, 8, 2, 8, 39, 6, 20, 1, 19, 39, 14, 20, 2, 34, 37, 39, 30, 33, 39, 6, 17, 39, 19, 2, 21, 26, 20, 17, 30, 20, 17, 39, 10, 20, 2, 14, 2, 22, 30, 39]
    PRED: [19, 27, 24, 37, 12, 39, 19, 5, 28, 30, 2, 21, 39, 22, 12, 8, 39, 21, 16, 19, 39, 20, 5, 34, 8, 39, 30, 33, 39, 6, 17, 39, 19, 2, 21, 26, 27, 20, 12, 39, 1, 20, 2, 22, 8, 39]
    Edit distance: 23/54
  Sample 4:
    TRUE: [9, 2, 39, 30, 33, 31, 39, 13, 10, 27, 17, 39, 13, 11, 14, 0, 30, 39, 30, 33, 39, 19, 2, 21, 39, 35, 10, 22, 39, 27, 0, 18, 11, 37, 39, 30, 33, 31, 39, 13, 10, 20, 39, 4, 30, 39]
    PRED: [9, 2, 39, 30, 27, 33, 31, 39, 13, 10, 27, 17, 39, 34, 3, 0, 19, 30, 39, 30, 33, 39, 28, 2, 21, 39, 35, 2, 22, 39, 35, 5, 8, 11, 37, 39, 31, 33, 31, 39, 13, 10, 20, 20, 39, 4, 30, 39]
    Edit distance: 12/46

============================================================
Batch 101500 | Val PER: 0.2850
============================================================
  Sample 0:
    TRUE: [31, 17, 0, 19, 27, 2, 28, 17, 39, 27, 17, 19, 2, 22, 28, 16, 8, 11, 8, 39]
    PRED: [9, 39, 0, 19, 28, 39, 27, 17, 14, 19, 10, 22, 2, 2, 30, 8, 39]
    Edit distance: 11/20
  Sample 1:
    TRUE: [27, 16, 7, 39, 26, 11, 7, 2, 28, 30, 39, 28, 10, 34, 27, 2, 20, 39, 28, 5, 22, 8, 39, 20, 16, 31, 2, 14, 27, 1, 13, 28, 39]
    PRED: [27, 10, 19, 28, 39, 26, 11, 29, 2, 37, 39, 28, 10, 34, 11, 20, 39, 30, 5, 22, 8, 39, 20, 16, 9, 2, 14, 5, 13, 39]
    Edit distance: 13/33
  Sample 2:
    TRUE: [28, 24, 39, 27, 33, 20, 37, 39, 35, 17, 39, 21, 12, 8, 39, 16, 22, 39, 2, 22, 2, 6, 1, 29, 30, 39, 19, 2, 20, 33, 38, 2, 22, 39]
    PRED: [9, 24, 39, 27, 25, 20, 37, 39, 35, 17, 39, 21, 10, 22, 8, 39, 16, 22, 39, 2, 22, 2, 1, 29, 30, 39, 19, 33, 20, 33, 38, 2, 22, 39]
    Edit distance: 6/34
  Sample 3:
    TRUE: [20, 3, 27, 17, 37, 39, 19, 0, 28, 30, 33, 21, 39, 22, 17, 8, 2, 8, 39, 6, 20, 1, 19, 39, 14, 20, 2, 34, 37, 39, 30, 33, 39, 6, 17, 39, 19, 2, 21, 26, 20, 17, 30, 20, 17, 39, 10, 20, 2, 14, 2, 22, 30, 39]
    PRED: [19, 27, 24, 17, 12, 39, 19, 5, 28, 2, 21, 39, 22, 12, 8, 39, 21, 16, 19, 39, 20, 5, 34, 8, 39, 30, 33, 39, 6, 17, 39, 19, 2, 21, 26, 10, 18, 20, 20, 39, 1, 20, 2, 22, 8, 39]
    Edit distance: 24/54
  Sample 4:
    TRUE: [9, 2, 39, 30, 33, 31, 39, 13, 10, 27, 17, 39, 13, 11, 14, 0, 30, 39, 30, 33, 39, 19, 2, 21, 39, 35, 10, 22, 39, 27, 0, 18, 11, 37, 39, 30, 33, 31, 39, 13, 10, 20, 39, 4, 30, 39]
    PRED: [9, 2, 39, 30, 27, 33, 31, 39, 13, 10, 27, 17, 39, 34, 3, 19, 30, 39, 30, 33, 39, 28, 2, 21, 39, 35, 2, 22, 39, 35, 10, 8, 11, 37, 39, 31, 33, 31, 13, 39, 13, 10, 39, 4, 30, 39]
    Edit distance: 13/46

============================================================
Batch 102000 | Val PER: 0.2875
============================================================
  Sample 0:
    TRUE: [31, 17, 0, 19, 27, 2, 28, 17, 39, 27, 17, 19, 2, 22, 28, 16, 8, 11, 8, 39]
    PRED: [9, 39, 0, 28, 2, 28, 39, 27, 17, 14, 19, 22, 2, 2, 30, 2, 39]
    Edit distance: 12/20
  Sample 1:
    TRUE: [27, 16, 7, 39, 26, 11, 7, 2, 28, 30, 39, 28, 10, 34, 27, 2, 20, 39, 28, 5, 22, 8, 39, 20, 16, 31, 2, 14, 27, 1, 13, 28, 39]
    PRED: [27, 10, 19, 28, 39, 26, 11, 29, 2, 37, 39, 28, 10, 34, 20, 39, 30, 5, 22, 8, 39, 20, 16, 2, 14, 5, 13, 39]
    Edit distance: 13/33
  Sample 2:
    TRUE: [28, 24, 39, 27, 33, 20, 37, 39, 35, 17, 39, 21, 12, 8, 39, 16, 22, 39, 2, 22, 2, 6, 1, 29, 30, 39, 19, 2, 20, 33, 38, 2, 22, 39]
    PRED: [9, 2, 39, 27, 25, 20, 28, 39, 35, 17, 39, 21, 10, 22, 8, 39, 16, 22, 39, 2, 22, 2, 1, 29, 30, 39, 19, 2, 20, 33, 38, 2, 22, 39]
    Edit distance: 7/34
  Sample 3:
    TRUE: [20, 3, 27, 17, 37, 39, 19, 0, 28, 30, 33, 21, 39, 22, 17, 8, 2, 8, 39, 6, 20, 1, 19, 39, 14, 20, 2, 34, 37, 39, 30, 33, 39, 6, 17, 39, 19, 2, 21, 26, 20, 17, 30, 20, 17, 39, 10, 20, 2, 14, 2, 22, 30, 39]
    PRED: [19, 27, 24, 37, 12, 39, 19, 4, 28, 2, 21, 39, 22, 12, 8, 39, 21, 1, 19, 39, 20, 5, 34, 8, 39, 30, 33, 39, 6, 17, 39, 19, 2, 21, 26, 20, 39, 1, 20, 2, 22, 39]
    Edit distance: 23/54
  Sample 4:
    TRUE: [9, 2, 39, 30, 33, 31, 39, 13, 10, 27, 17, 39, 13, 11, 14, 0, 30, 39, 30, 33, 39, 19, 2, 21, 39, 35, 10, 22, 39, 27, 0, 18, 11, 37, 39, 30, 33, 31, 39, 13, 10, 20, 39, 4, 30, 39]
    PRED: [9, 2, 39, 30, 27, 33, 31, 39, 13, 10, 27, 17, 39, 13, 3, 19, 19, 30, 39, 30, 33, 39, 28, 2, 21, 39, 35, 2, 22, 39, 35, 17, 0, 8, 11, 37, 39, 31, 33, 31, 13, 39, 13, 10, 20, 39, 4, 30, 39]
    Edit distance: 11/46

============================================================
Batch 102500 | Val PER: 0.2871
============================================================
  Sample 0:
    TRUE: [31, 17, 0, 19, 27, 2, 28, 17, 39, 27, 17, 19, 2, 22, 28, 16, 8, 11, 8, 39]
    PRED: [9, 0, 19, 28, 39, 27, 17, 14, 19, 22, 2, 30, 39]
    Edit distance: 12/20
  Sample 1:
    TRUE: [27, 16, 7, 39, 26, 11, 7, 2, 28, 30, 39, 28, 10, 34, 27, 2, 20, 39, 28, 5, 22, 8, 39, 20, 16, 31, 2, 14, 27, 1, 13, 28, 39]
    PRED: [27, 10, 19, 28, 30, 39, 26, 11, 29, 2, 37, 39, 28, 10, 34, 20, 39, 30, 5, 22, 8, 37, 39, 20, 16, 2, 14, 2, 13, 39]
    Edit distance: 15/33
  Sample 2:
    TRUE: [28, 24, 39, 27, 33, 20, 37, 39, 35, 17, 39, 21, 12, 8, 39, 16, 22, 39, 2, 22, 2, 6, 1, 29, 30, 39, 19, 2, 20, 33, 38, 2, 22, 39]
    PRED: [9, 24, 39, 27, 25, 33, 20, 37, 39, 35, 17, 39, 21, 10, 8, 39, 16, 22, 39, 2, 22, 2, 1, 29, 30, 39, 19, 24, 20, 33, 38, 2, 22, 39]
    Edit distance: 5/34
  Sample 3:
    TRUE: [20, 3, 27, 17, 37, 39, 19, 0, 28, 30, 33, 21, 39, 22, 17, 8, 2, 8, 39, 6, 20, 1, 19, 39, 14, 20, 2, 34, 37, 39, 30, 33, 39, 6, 17, 39, 19, 2, 21, 26, 20, 17, 30, 20, 17, 39, 10, 20, 2, 14, 2, 22, 30, 39]
    PRED: [19, 27, 24, 12, 39, 19, 4, 28, 30, 2, 21, 39, 22, 12, 8, 39, 21, 0, 19, 39, 20, 5, 34, 8, 39, 30, 33, 39, 6, 17, 39, 19, 2, 21, 26, 18, 20, 39, 1, 20, 2, 22, 39]
    Edit distance: 23/54
  Sample 4:
    TRUE: [9, 2, 39, 30, 33, 31, 39, 13, 10, 27, 17, 39, 13, 11, 14, 0, 30, 39, 30, 33, 39, 19, 2, 21, 39, 35, 10, 22, 39, 27, 0, 18, 11, 37, 39, 30, 33, 31, 39, 13, 10, 20, 39, 4, 30, 39]
    PRED: [9, 2, 39, 30, 27, 33, 31, 39, 34, 10, 27, 17, 39, 34, 3, 19, 19, 30, 39, 30, 33, 39, 28, 2, 21, 39, 35, 10, 22, 39, 35, 5, 8, 11, 37, 39, 31, 33, 31, 39, 13, 10, 20, 20, 39, 4, 30, 39]
    Edit distance: 12/46

============================================================
Batch 103000 | Val PER: 0.2857
============================================================
  Sample 0:
    TRUE: [31, 17, 0, 19, 27, 2, 28, 17, 39, 27, 17, 19, 2, 22, 28, 16, 8, 11, 8, 39]
    PRED: [9, 39, 0, 19, 28, 39, 27, 17, 14, 19, 10, 22, 28, 2, 30, 39]
    Edit distance: 11/20
  Sample 1:
    TRUE: [27, 16, 7, 39, 26, 11, 7, 2, 28, 30, 39, 28, 10, 34, 27, 2, 20, 39, 28, 5, 22, 8, 39, 20, 16, 31, 2, 14, 27, 1, 13, 28, 39]
    PRED: [27, 10, 19, 28, 39, 26, 11, 29, 2, 37, 39, 28, 10, 34, 20, 39, 30, 5, 22, 8, 37, 39, 20, 16, 2, 14, 5, 13, 39]
    Edit distance: 14/33
  Sample 2:
    TRUE: [28, 24, 39, 27, 33, 20, 37, 39, 35, 17, 39, 21, 12, 8, 39, 16, 22, 39, 2, 22, 2, 6, 1, 29, 30, 39, 19, 2, 20, 33, 38, 2, 22, 39]
    PRED: [9, 2, 39, 27, 33, 20, 37, 39, 6, 17, 39, 21, 10, 22, 8, 39, 16, 22, 39, 2, 22, 2, 1, 29, 30, 39, 19, 33, 20, 33, 38, 2, 22, 39]
    Edit distance: 7/34
  Sample 3:
    TRUE: [20, 3, 27, 17, 37, 39, 19, 0, 28, 30, 33, 21, 39, 22, 17, 8, 2, 8, 39, 6, 20, 1, 19, 39, 14, 20, 2, 34, 37, 39, 30, 33, 39, 6, 17, 39, 19, 2, 21, 26, 20, 17, 30, 20, 17, 39, 10, 20, 2, 14, 2, 22, 30, 39]
    PRED: [19, 27, 24, 37, 12, 39, 19, 28, 2, 21, 39, 22, 12, 8, 39, 21, 0, 19, 39, 20, 5, 34, 8, 39, 30, 33, 39, 6, 17, 39, 19, 2, 21, 26, 20, 39, 1, 20, 2, 22, 39]
    Edit distance: 24/54
  Sample 4:
    TRUE: [9, 2, 39, 30, 33, 31, 39, 13, 10, 27, 17, 39, 13, 11, 14, 0, 30, 39, 30, 33, 39, 19, 2, 21, 39, 35, 10, 22, 39, 27, 0, 18, 11, 37, 39, 30, 33, 31, 39, 13, 10, 20, 39, 4, 30, 39]
    PRED: [9, 2, 39, 30, 27, 33, 31, 39, 34, 10, 27, 17, 39, 34, 3, 0, 19, 30, 39, 30, 33, 39, 28, 2, 21, 39, 35, 2, 22, 39, 35, 5, 8, 11, 37, 39, 31, 33, 31, 39, 13, 10, 20, 39, 4, 30, 39]
    Edit distance: 12/46

============================================================
Batch 103500 | Val PER: 0.2867
============================================================
  Sample 0:
    TRUE: [31, 17, 0, 19, 27, 2, 28, 17, 39, 27, 17, 19, 2, 22, 28, 16, 8, 11, 8, 39]
    PRED: [9, 39, 0, 19, 28, 2, 28, 39, 27, 17, 14, 19, 10, 22, 2, 2, 30, 8, 39]
    Edit distance: 10/20
  Sample 1:
    TRUE: [27, 16, 7, 39, 26, 11, 7, 2, 28, 30, 39, 28, 10, 34, 27, 2, 20, 39, 28, 5, 22, 8, 39, 20, 16, 31, 2, 14, 27, 1, 13, 28, 39]
    PRED: [27, 10, 19, 28, 39, 26, 11, 2, 37, 39, 10, 34, 20, 39, 30, 5, 22, 8, 37, 39, 20, 16, 2, 39, 14, 5, 13, 39]
    Edit distance: 16/33
  Sample 2:
    TRUE: [28, 24, 39, 27, 33, 20, 37, 39, 35, 17, 39, 21, 12, 8, 39, 16, 22, 39, 2, 22, 2, 6, 1, 29, 30, 39, 19, 2, 20, 33, 38, 2, 22, 39]
    PRED: [9, 2, 39, 27, 33, 20, 37, 39, 35, 17, 39, 21, 10, 22, 8, 39, 16, 22, 39, 2, 16, 22, 2, 21, 1, 29, 30, 39, 19, 33, 20, 33, 38, 2, 22, 39]
    Edit distance: 7/34
  Sample 3:
    TRUE: [20, 3, 27, 17, 37, 39, 19, 0, 28, 30, 33, 21, 39, 22, 17, 8, 2, 8, 39, 6, 20, 1, 19, 39, 14, 20, 2, 34, 37, 39, 30, 33, 39, 6, 17, 39, 19, 2, 21, 26, 20, 17, 30, 20, 17, 39, 10, 20, 2, 14, 2, 22, 30, 39]
    PRED: [19, 27, 24, 35, 12, 39, 19, 4, 28, 30, 2, 21, 39, 22, 12, 8, 39, 21, 0, 19, 39, 20, 5, 34, 8, 39, 30, 33, 39, 6, 17, 39, 19, 2, 21, 26, 20, 2, 20, 39, 1, 20, 2, 22, 8, 39]
    Edit distance: 23/54
  Sample 4:
    TRUE: [9, 2, 39, 30, 33, 31, 39, 13, 10, 27, 17, 39, 13, 11, 14, 0, 30, 39, 30, 33, 39, 19, 2, 21, 39, 35, 10, 22, 39, 27, 0, 18, 11, 37, 39, 30, 33, 31, 39, 13, 10, 20, 39, 4, 30, 39]
    PRED: [9, 2, 39, 30, 27, 33, 31, 39, 13, 10, 27, 17, 39, 34, 3, 2, 0, 19, 30, 39, 30, 33, 39, 28, 2, 21, 39, 35, 10, 22, 39, 35, 27, 8, 11, 37, 39, 31, 33, 31, 39, 13, 10, 39, 4, 30, 39]
    Edit distance: 11/46

============================================================
Batch 104000 | Val PER: 0.2876
============================================================
  Sample 0:
    TRUE: [31, 17, 0, 19, 27, 2, 28, 17, 39, 27, 17, 19, 2, 22, 28, 16, 8, 11, 8, 39]
    PRED: [9, 39, 0, 28, 39, 27, 2, 17, 14, 19, 22, 2, 30, 8, 39]
    Edit distance: 13/20
  Sample 1:
    TRUE: [27, 16, 7, 39, 26, 11, 7, 2, 28, 30, 39, 28, 10, 34, 27, 2, 20, 39, 28, 5, 22, 8, 39, 20, 16, 31, 2, 14, 27, 1, 13, 28, 39]
    PRED: [27, 10, 19, 28, 39, 26, 11, 29, 2, 37, 39, 10, 34, 20, 39, 30, 5, 22, 8, 39, 37, 39, 20, 16, 2, 14, 5, 13, 39]
    Edit distance: 16/33
  Sample 2:
    TRUE: [28, 24, 39, 27, 33, 20, 37, 39, 35, 17, 39, 21, 12, 8, 39, 16, 22, 39, 2, 22, 2, 6, 1, 29, 30, 39, 19, 2, 20, 33, 38, 2, 22, 39]
    PRED: [9, 2, 39, 27, 33, 20, 28, 39, 35, 17, 39, 21, 10, 22, 8, 39, 16, 22, 39, 2, 22, 2, 1, 29, 30, 39, 19, 2, 20, 33, 38, 2, 22, 39]
    Edit distance: 6/34
  Sample 3:
    TRUE: [20, 3, 27, 17, 37, 39, 19, 0, 28, 30, 33, 21, 39, 22, 17, 8, 2, 8, 39, 6, 20, 1, 19, 39, 14, 20, 2, 34, 37, 39, 30, 33, 39, 6, 17, 39, 19, 2, 21, 26, 20, 17, 30, 20, 17, 39, 10, 20, 2, 14, 2, 22, 30, 39]
    PRED: [19, 27, 24, 12, 39, 19, 4, 28, 30, 2, 21, 39, 22, 12, 8, 39, 6, 0, 19, 39, 20, 5, 34, 8, 39, 30, 33, 39, 6, 17, 20, 39, 19, 2, 21, 26, 2, 20, 39, 1, 20, 2, 22, 8, 39]
    Edit distance: 23/54
  Sample 4:
    TRUE: [9, 2, 39, 30, 33, 31, 39, 13, 10, 27, 17, 39, 13, 11, 14, 0, 30, 39, 30, 33, 39, 19, 2, 21, 39, 35, 10, 22, 39, 27, 0, 18, 11, 37, 39, 30, 33, 31, 39, 13, 10, 20, 39, 4, 30, 39]
    PRED: [9, 2, 39, 30, 27, 33, 31, 39, 13, 10, 27, 17, 39, 34, 3, 2, 19, 30, 39, 30, 33, 39, 28, 2, 21, 39, 35, 2, 22, 39, 35, 11, 8, 7, 11, 37, 39, 31, 33, 31, 39, 13, 10, 20, 39, 4, 30, 39]
    Edit distance: 12/46

============================================================
Batch 104500 | Val PER: 0.2860
============================================================
  Sample 0:
    TRUE: [31, 17, 0, 19, 27, 2, 28, 17, 39, 27, 17, 19, 2, 22, 28, 16, 8, 11, 8, 39]
    PRED: [9, 39, 0, 28, 30, 28, 39, 27, 17, 14, 19, 28, 22, 28, 2, 30, 8, 39]
    Edit distance: 11/20
  Sample 1:
    TRUE: [27, 16, 7, 39, 26, 11, 7, 2, 28, 30, 39, 28, 10, 34, 27, 2, 20, 39, 28, 5, 22, 8, 39, 20, 16, 31, 2, 14, 27, 1, 13, 28, 39]
    PRED: [27, 10, 19, 28, 39, 26, 11, 29, 2, 37, 39, 28, 10, 34, 20, 39, 30, 5, 22, 8, 37, 39, 20, 16, 2, 39, 14, 5, 13, 30, 39]
    Edit distance: 15/33
  Sample 2:
    TRUE: [28, 24, 39, 27, 33, 20, 37, 39, 35, 17, 39, 21, 12, 8, 39, 16, 22, 39, 2, 22, 2, 6, 1, 29, 30, 39, 19, 2, 20, 33, 38, 2, 22, 39]
    PRED: [9, 24, 2, 39, 27, 25, 20, 28, 37, 39, 35, 17, 39, 21, 10, 22, 8, 39, 16, 22, 39, 2, 22, 2, 21, 2, 1, 29, 30, 39, 19, 2, 20, 33, 38, 2, 22, 39]
    Edit distance: 8/34
  Sample 3:
    TRUE: [20, 3, 27, 17, 37, 39, 19, 0, 28, 30, 33, 21, 39, 22, 17, 8, 2, 8, 39, 6, 20, 1, 19, 39, 14, 20, 2, 34, 37, 39, 30, 33, 39, 6, 17, 39, 19, 2, 21, 26, 20, 17, 30, 20, 17, 39, 10, 20, 2, 14, 2, 22, 30, 39]
    PRED: [19, 27, 24, 12, 39, 19, 4, 28, 30, 2, 21, 39, 22, 12, 8, 39, 21, 0, 19, 39, 20, 5, 34, 8, 39, 30, 33, 39, 6, 17, 39, 19, 2, 21, 26, 20, 39, 1, 20, 2, 22, 8, 39]
    Edit distance: 23/54
  Sample 4:
    TRUE: [9, 2, 39, 30, 33, 31, 39, 13, 10, 27, 17, 39, 13, 11, 14, 0, 30, 39, 30, 33, 39, 19, 2, 21, 39, 35, 10, 22, 39, 27, 0, 18, 11, 37, 39, 30, 33, 31, 39, 13, 10, 20, 39, 4, 30, 39]
    PRED: [9, 2, 39, 30, 27, 33, 31, 39, 13, 10, 16, 27, 17, 39, 34, 3, 0, 19, 30, 39, 30, 33, 39, 28, 2, 21, 39, 35, 16, 22, 39, 35, 5, 8, 11, 37, 39, 31, 33, 31, 39, 13, 10, 39, 4, 30, 39]
    Edit distance: 13/46

============================================================
Batch 105000 | Val PER: 0.2847
============================================================
  Sample 0:
    TRUE: [31, 17, 0, 19, 27, 2, 28, 17, 39, 27, 17, 19, 2, 22, 28, 16, 8, 11, 8, 39]
    PRED: [9, 39, 0, 19, 28, 30, 28, 39, 27, 17, 19, 28, 22, 28, 2, 30, 8, 39]
    Edit distance: 9/20
  Sample 1:
    TRUE: [27, 16, 7, 39, 26, 11, 7, 2, 28, 30, 39, 28, 10, 34, 27, 2, 20, 39, 28, 5, 22, 8, 39, 20, 16, 31, 2, 14, 27, 1, 13, 28, 39]
    PRED: [27, 10, 19, 28, 39, 26, 11, 29, 2, 37, 39, 10, 34, 20, 39, 30, 5, 22, 8, 37, 39, 20, 16, 2, 2, 14, 5, 13, 39]
    Edit distance: 15/33
  Sample 2:
    TRUE: [28, 24, 39, 27, 33, 20, 37, 39, 35, 17, 39, 21, 12, 8, 39, 16, 22, 39, 2, 22, 2, 6, 1, 29, 30, 39, 19, 2, 20, 33, 38, 2, 22, 39]
    PRED: [9, 2, 39, 27, 33, 20, 28, 37, 39, 6, 17, 39, 21, 10, 22, 8, 39, 16, 22, 39, 2, 22, 2, 2, 29, 30, 39, 19, 2, 20, 33, 38, 2, 22, 39]
    Edit distance: 8/34
  Sample 3:
    TRUE: [20, 3, 27, 17, 37, 39, 19, 0, 28, 30, 33, 21, 39, 22, 17, 8, 2, 8, 39, 6, 20, 1, 19, 39, 14, 20, 2, 34, 37, 39, 30, 33, 39, 6, 17, 39, 19, 2, 21, 26, 20, 17, 30, 20, 17, 39, 10, 20, 2, 14, 2, 22, 30, 39]
    PRED: [19, 27, 24, 35, 12, 39, 19, 28, 2, 21, 39, 22, 12, 8, 39, 21, 0, 19, 39, 20, 5, 34, 8, 39, 30, 33, 39, 6, 17, 39, 19, 2, 21, 26, 7, 20, 20, 39, 1, 20, 2, 22, 8, 39]
    Edit distance: 25/54
  Sample 4:
    TRUE: [9, 2, 39, 30, 33, 31, 39, 13, 10, 27, 17, 39, 13, 11, 14, 0, 30, 39, 30, 33, 39, 19, 2, 21, 39, 35, 10, 22, 39, 27, 0, 18, 11, 37, 39, 30, 33, 31, 39, 13, 10, 20, 39, 4, 30, 39]
    PRED: [9, 2, 39, 30, 27, 33, 31, 39, 13, 10, 27, 17, 39, 34, 3, 2, 19, 30, 39, 30, 33, 39, 28, 2, 21, 39, 35, 16, 22, 8, 39, 35, 11, 8, 11, 37, 39, 31, 33, 31, 39, 10, 39, 4, 30, 39]
    Edit distance: 14/46

============================================================
Batch 105500 | Val PER: 0.2840
============================================================
  Sample 0:
    TRUE: [31, 17, 0, 19, 27, 2, 28, 17, 39, 27, 17, 19, 2, 22, 28, 16, 8, 11, 8, 39]
    PRED: [9, 2, 39, 0, 28, 30, 28, 39, 27, 17, 14, 19, 22, 2, 30, 2, 8, 39]
    Edit distance: 13/20
  Sample 1:
    TRUE: [27, 16, 7, 39, 26, 11, 7, 2, 28, 30, 39, 28, 10, 34, 27, 2, 20, 39, 28, 5, 22, 8, 39, 20, 16, 31, 2, 14, 27, 1, 13, 28, 39]
    PRED: [27, 10, 19, 28, 39, 26, 11, 28, 2, 37, 39, 28, 10, 34, 20, 39, 30, 5, 22, 8, 39, 20, 16, 2, 14, 20, 5, 13, 39]
    Edit distance: 13/33
  Sample 2:
    TRUE: [28, 24, 39, 27, 33, 20, 37, 39, 35, 17, 39, 21, 12, 8, 39, 16, 22, 39, 2, 22, 2, 6, 1, 29, 30, 39, 19, 2, 20, 33, 38, 2, 22, 39]
    PRED: [9, 24, 2, 39, 27, 17, 33, 20, 37, 39, 35, 17, 39, 21, 10, 22, 8, 39, 16, 22, 39, 2, 22, 2, 1, 29, 30, 39, 19, 2, 20, 33, 38, 2, 22, 39]
    Edit distance: 6/34
  Sample 3:
    TRUE: [20, 3, 27, 17, 37, 39, 19, 0, 28, 30, 33, 21, 39, 22, 17, 8, 2, 8, 39, 6, 20, 1, 19, 39, 14, 20, 2, 34, 37, 39, 30, 33, 39, 6, 17, 39, 19, 2, 21, 26, 20, 17, 30, 20, 17, 39, 10, 20, 2, 14, 2, 22, 30, 39]
    PRED: [19, 27, 24, 12, 39, 19, 5, 28, 30, 2, 0, 21, 39, 22, 12, 8, 39, 21, 0, 19, 39, 20, 5, 34, 8, 39, 30, 33, 39, 6, 17, 39, 19, 2, 21, 26, 7, 2, 20, 39, 1, 20, 2, 22, 39]
    Edit distance: 24/54
  Sample 4:
    TRUE: [9, 2, 39, 30, 33, 31, 39, 13, 10, 27, 17, 39, 13, 11, 14, 0, 30, 39, 30, 33, 39, 19, 2, 21, 39, 35, 10, 22, 39, 27, 0, 18, 11, 37, 39, 30, 33, 31, 39, 13, 10, 20, 39, 4, 30, 39]
    PRED: [9, 2, 39, 30, 33, 31, 39, 13, 10, 16, 27, 17, 39, 34, 3, 2, 0, 19, 30, 39, 30, 33, 39, 28, 2, 21, 39, 35, 2, 22, 21, 39, 35, 11, 8, 11, 37, 39, 31, 33, 31, 39, 13, 10, 39, 4, 30, 39]
    Edit distance: 13/46

============================================================
Batch 106000 | Val PER: 0.2868
============================================================
  Sample 0:
    TRUE: [31, 17, 0, 19, 27, 2, 28, 17, 39, 27, 17, 19, 2, 22, 28, 16, 8, 11, 8, 39]
    PRED: [9, 39, 0, 28, 39, 27, 17, 14, 19, 22, 28, 2, 30, 2, 11, 39]
    Edit distance: 12/20
  Sample 1:
    TRUE: [27, 16, 7, 39, 26, 11, 7, 2, 28, 30, 39, 28, 10, 34, 27, 2, 20, 39, 28, 5, 22, 8, 39, 20, 16, 31, 2, 14, 27, 1, 13, 28, 39]
    PRED: [27, 10, 19, 28, 39, 26, 11, 28, 2, 37, 39, 28, 10, 34, 11, 20, 39, 30, 5, 22, 8, 37, 39, 20, 16, 14, 5, 13, 39]
    Edit distance: 15/33
  Sample 2:
    TRUE: [28, 24, 39, 27, 33, 20, 37, 39, 35, 17, 39, 21, 12, 8, 39, 16, 22, 39, 2, 22, 2, 6, 1, 29, 30, 39, 19, 2, 20, 33, 38, 2, 22, 39]
    PRED: [9, 24, 39, 27, 33, 20, 37, 39, 35, 17, 39, 21, 10, 22, 8, 39, 16, 22, 39, 2, 22, 2, 2, 29, 30, 39, 19, 2, 20, 33, 38, 2, 22, 39]
    Edit distance: 5/34
  Sample 3:
    TRUE: [20, 3, 27, 17, 37, 39, 19, 0, 28, 30, 33, 21, 39, 22, 17, 8, 2, 8, 39, 6, 20, 1, 19, 39, 14, 20, 2, 34, 37, 39, 30, 33, 39, 6, 17, 39, 19, 2, 21, 26, 20, 17, 30, 20, 17, 39, 10, 20, 2, 14, 2, 22, 30, 39]
    PRED: [19, 27, 24, 11, 12, 39, 19, 4, 28, 2, 21, 39, 22, 12, 8, 39, 21, 0, 19, 39, 20, 5, 34, 8, 39, 30, 33, 39, 6, 17, 39, 19, 2, 21, 26, 7, 20, 39, 1, 20, 2, 20, 2, 22, 8, 39]
    Edit distance: 24/54
  Sample 4:
    TRUE: [9, 2, 39, 30, 33, 31, 39, 13, 10, 27, 17, 39, 13, 11, 14, 0, 30, 39, 30, 33, 39, 19, 2, 21, 39, 35, 10, 22, 39, 27, 0, 18, 11, 37, 39, 30, 33, 31, 39, 13, 10, 20, 39, 4, 30, 39]
    PRED: [9, 2, 39, 30, 27, 33, 31, 39, 34, 10, 27, 17, 39, 34, 3, 19, 0, 19, 30, 39, 30, 33, 39, 28, 2, 21, 39, 35, 2, 22, 8, 39, 35, 11, 8, 11, 37, 39, 31, 33, 31, 39, 13, 10, 39, 4, 30, 39]
    Edit distance: 14/46

============================================================
Batch 106500 | Val PER: 0.2812
============================================================
  Sample 0:
    TRUE: [31, 17, 0, 19, 27, 2, 28, 17, 39, 27, 17, 19, 2, 22, 28, 16, 8, 11, 8, 39]
    PRED: [9, 39, 0, 28, 39, 27, 2, 17, 14, 19, 22, 2, 30, 11, 39]
    Edit distance: 13/20
  Sample 1:
    TRUE: [27, 16, 7, 39, 26, 11, 7, 2, 28, 30, 39, 28, 10, 34, 27, 2, 20, 39, 28, 5, 22, 8, 39, 20, 16, 31, 2, 14, 27, 1, 13, 28, 39]
    PRED: [27, 10, 19, 28, 39, 26, 11, 29, 2, 37, 39, 28, 10, 34, 20, 39, 30, 5, 22, 8, 37, 39, 20, 16, 14, 20, 2, 13, 39]
    Edit distance: 15/33
  Sample 2:
    TRUE: [28, 24, 39, 27, 33, 20, 37, 39, 35, 17, 39, 21, 12, 8, 39, 16, 22, 39, 2, 22, 2, 6, 1, 29, 30, 39, 19, 2, 20, 33, 38, 2, 22, 39]
    PRED: [9, 24, 39, 27, 33, 20, 37, 39, 35, 17, 39, 21, 10, 22, 8, 39, 16, 22, 39, 2, 22, 2, 1, 29, 30, 39, 19, 2, 20, 33, 38, 2, 22, 39]
    Edit distance: 4/34
  Sample 3:
    TRUE: [20, 3, 27, 17, 37, 39, 19, 0, 28, 30, 33, 21, 39, 22, 17, 8, 2, 8, 39, 6, 20, 1, 19, 39, 14, 20, 2, 34, 37, 39, 30, 33, 39, 6, 17, 39, 19, 2, 21, 26, 20, 17, 30, 20, 17, 39, 10, 20, 2, 14, 2, 22, 30, 39]
    PRED: [19, 27, 24, 39, 19, 4, 28, 2, 21, 39, 22, 12, 8, 39, 21, 0, 19, 39, 20, 5, 34, 37, 39, 30, 33, 39, 6, 17, 39, 19, 2, 21, 26, 20, 2, 20, 20, 39, 1, 20, 2, 20, 2, 22, 39]
    Edit distance: 21/54
  Sample 4:
    TRUE: [9, 2, 39, 30, 33, 31, 39, 13, 10, 27, 17, 39, 13, 11, 14, 0, 30, 39, 30, 33, 39, 19, 2, 21, 39, 35, 10, 22, 39, 27, 0, 18, 11, 37, 39, 30, 33, 31, 39, 13, 10, 20, 39, 4, 30, 39]
    PRED: [9, 2, 39, 30, 27, 33, 31, 39, 10, 16, 27, 17, 39, 13, 3, 2, 0, 19, 30, 39, 30, 33, 39, 28, 2, 21, 39, 35, 2, 22, 39, 35, 17, 8, 11, 37, 39, 31, 33, 31, 39, 10, 20, 20, 39, 4, 30, 39]
    Edit distance: 14/46

============================================================
Batch 107000 | Val PER: 0.2827
============================================================
  Sample 0:
    TRUE: [31, 17, 0, 19, 27, 2, 28, 17, 39, 27, 17, 19, 2, 22, 28, 16, 8, 11, 8, 39]
    PRED: [9, 16, 39, 0, 28, 39, 27, 17, 19, 22, 2, 2, 30, 11, 39]
    Edit distance: 12/20
  Sample 1:
    TRUE: [27, 16, 7, 39, 26, 11, 7, 2, 28, 30, 39, 28, 10, 34, 27, 2, 20, 39, 28, 5, 22, 8, 39, 20, 16, 31, 2, 14, 27, 1, 13, 28, 39]
    PRED: [27, 10, 19, 28, 39, 26, 11, 29, 2, 37, 39, 28, 10, 34, 11, 20, 39, 30, 5, 22, 8, 37, 39, 20, 16, 9, 14, 18, 5, 13, 39]
    Edit distance: 15/33
  Sample 2:
    TRUE: [28, 24, 39, 27, 33, 20, 37, 39, 35, 17, 39, 21, 12, 8, 39, 16, 22, 39, 2, 22, 2, 6, 1, 29, 30, 39, 19, 2, 20, 33, 38, 2, 22, 39]
    PRED: [9, 24, 39, 27, 33, 20, 37, 39, 35, 17, 39, 21, 10, 22, 8, 39, 16, 22, 39, 2, 22, 2, 27, 1, 29, 30, 39, 19, 20, 33, 38, 2, 22, 39]
    Edit distance: 5/34
  Sample 3:
    TRUE: [20, 3, 27, 17, 37, 39, 19, 0, 28, 30, 33, 21, 39, 22, 17, 8, 2, 8, 39, 6, 20, 1, 19, 39, 14, 20, 2, 34, 37, 39, 30, 33, 39, 6, 17, 39, 19, 2, 21, 26, 20, 17, 30, 20, 17, 39, 10, 20, 2, 14, 2, 22, 30, 39]
    PRED: [19, 27, 24, 12, 39, 19, 4, 28, 2, 21, 39, 22, 12, 8, 39, 21, 0, 19, 39, 20, 5, 34, 8, 39, 30, 33, 39, 6, 17, 39, 19, 2, 21, 26, 7, 2, 20, 20, 39, 1, 20, 2, 20, 2, 2, 22, 39]
    Edit distance: 24/54
  Sample 4:
    TRUE: [9, 2, 39, 30, 33, 31, 39, 13, 10, 27, 17, 39, 13, 11, 14, 0, 30, 39, 30, 33, 39, 19, 2, 21, 39, 35, 10, 22, 39, 27, 0, 18, 11, 37, 39, 30, 33, 31, 39, 13, 10, 20, 39, 4, 30, 39]
    PRED: [9, 2, 39, 30, 36, 33, 31, 39, 10, 27, 17, 39, 13, 3, 2, 0, 19, 30, 39, 30, 33, 39, 28, 2, 21, 39, 35, 10, 22, 39, 35, 17, 0, 8, 11, 37, 39, 31, 33, 31, 39, 13, 10, 20, 39, 4, 30, 39]
    Edit distance: 10/46

============================================================
Batch 107500 | Val PER: 0.2862
============================================================
  Sample 0:
    TRUE: [31, 17, 0, 19, 27, 2, 28, 17, 39, 27, 17, 19, 2, 22, 28, 16, 8, 11, 8, 39]
    PRED: [9, 39, 0, 28, 30, 28, 39, 27, 17, 19, 22, 2, 30, 39]
    Edit distance: 12/20
  Sample 1:
    TRUE: [27, 16, 7, 39, 26, 11, 7, 2, 28, 30, 39, 28, 10, 34, 27, 2, 20, 39, 28, 5, 22, 8, 39, 20, 16, 31, 2, 14, 27, 1, 13, 28, 39]
    PRED: [27, 10, 19, 28, 39, 26, 11, 29, 2, 37, 39, 28, 10, 34, 2, 20, 39, 30, 5, 22, 8, 37, 39, 20, 16, 14, 5, 13, 39]
    Edit distance: 14/33
  Sample 2:
    TRUE: [28, 24, 39, 27, 33, 20, 37, 39, 35, 17, 39, 21, 12, 8, 39, 16, 22, 39, 2, 22, 2, 6, 1, 29, 30, 39, 19, 2, 20, 33, 38, 2, 22, 39]
    PRED: [9, 2, 39, 27, 33, 20, 37, 39, 35, 17, 39, 21, 10, 22, 8, 39, 16, 22, 39, 2, 22, 2, 1, 29, 30, 39, 19, 2, 20, 33, 38, 2, 22, 39]
    Edit distance: 5/34
  Sample 3:
    TRUE: [20, 3, 27, 17, 37, 39, 19, 0, 28, 30, 33, 21, 39, 22, 17, 8, 2, 8, 39, 6, 20, 1, 19, 39, 14, 20, 2, 34, 37, 39, 30, 33, 39, 6, 17, 39, 19, 2, 21, 26, 20, 17, 30, 20, 17, 39, 10, 20, 2, 14, 2, 22, 30, 39]
    PRED: [19, 27, 24, 35, 12, 39, 19, 4, 28, 30, 2, 21, 39, 22, 12, 8, 22, 8, 39, 21, 1, 19, 39, 20, 5, 34, 8, 39, 30, 33, 39, 6, 17, 39, 19, 2, 21, 26, 7, 2, 20, 39, 1, 20, 2, 22, 8, 39]
    Edit distance: 22/54
  Sample 4:
    TRUE: [9, 2, 39, 30, 33, 31, 39, 13, 10, 27, 17, 39, 13, 11, 14, 0, 30, 39, 30, 33, 39, 19, 2, 21, 39, 35, 10, 22, 39, 27, 0, 18, 11, 37, 39, 30, 33, 31, 39, 13, 10, 20, 39, 4, 30, 39]
    PRED: [9, 2, 39, 30, 27, 33, 31, 39, 13, 10, 16, 27, 17, 39, 34, 3, 2, 0, 19, 30, 39, 30, 33, 39, 28, 2, 21, 39, 35, 10, 22, 39, 35, 11, 5, 8, 11, 39, 31, 33, 31, 39, 13, 10, 20, 39, 4, 30, 39]
    Edit distance: 13/46

============================================================
Batch 108000 | Val PER: 0.2843
============================================================
  Sample 0:
    TRUE: [31, 17, 0, 19, 27, 2, 28, 17, 39, 27, 17, 19, 2, 22, 28, 16, 8, 11, 8, 39]
    PRED: [9, 0, 28, 2, 28, 39, 27, 2, 17, 19, 22, 28, 2, 2, 8, 39]
    Edit distance: 10/20
  Sample 1:
    TRUE: [27, 16, 7, 39, 26, 11, 7, 2, 28, 30, 39, 28, 10, 34, 27, 2, 20, 39, 28, 5, 22, 8, 39, 20, 16, 31, 2, 14, 27, 1, 13, 28, 39]
    PRED: [27, 10, 19, 28, 39, 26, 11, 28, 2, 37, 39, 28, 10, 34, 20, 39, 30, 5, 22, 8, 37, 39, 20, 16, 9, 2, 39, 14, 5, 13, 39]
    Edit distance: 15/33
  Sample 2:
    TRUE: [28, 24, 39, 27, 33, 20, 37, 39, 35, 17, 39, 21, 12, 8, 39, 16, 22, 39, 2, 22, 2, 6, 1, 29, 30, 39, 19, 2, 20, 33, 38, 2, 22, 39]
    PRED: [9, 2, 39, 27, 33, 20, 37, 39, 35, 17, 39, 21, 12, 22, 8, 39, 16, 22, 39, 2, 22, 2, 1, 29, 30, 39, 19, 33, 20, 33, 38, 2, 22, 39]
    Edit distance: 5/34
  Sample 3:
    TRUE: [20, 3, 27, 17, 37, 39, 19, 0, 28, 30, 33, 21, 39, 22, 17, 8, 2, 8, 39, 6, 20, 1, 19, 39, 14, 20, 2, 34, 37, 39, 30, 33, 39, 6, 17, 39, 19, 2, 21, 26, 20, 17, 30, 20, 17, 39, 10, 20, 2, 14, 2, 22, 30, 39]
    PRED: [19, 27, 24, 35, 12, 39, 19, 4, 28, 2, 21, 39, 22, 12, 8, 39, 21, 16, 19, 39, 20, 5, 34, 8, 39, 30, 33, 39, 6, 17, 39, 19, 2, 21, 26, 36, 7, 20, 17, 39, 1, 20, 2, 22, 39]
    Edit distance: 24/54
  Sample 4:
    TRUE: [9, 2, 39, 30, 33, 31, 39, 13, 10, 27, 17, 39, 13, 11, 14, 0, 30, 39, 30, 33, 39, 19, 2, 21, 39, 35, 10, 22, 39, 27, 0, 18, 11, 37, 39, 30, 33, 31, 39, 13, 10, 20, 39, 4, 30, 39]
    PRED: [9, 2, 39, 30, 33, 31, 39, 10, 16, 27, 17, 39, 13, 16, 2, 0, 19, 30, 39, 30, 33, 39, 28, 2, 21, 39, 35, 10, 22, 39, 35, 11, 8, 11, 39, 31, 33, 31, 39, 13, 10, 20, 39, 4, 30, 39]
    Edit distance: 11/46

============================================================
Batch 108500 | Val PER: 0.2833
============================================================
  Sample 0:
    TRUE: [31, 17, 0, 19, 27, 2, 28, 17, 39, 27, 17, 19, 2, 22, 28, 16, 8, 11, 8, 39]
    PRED: [9, 0, 28, 2, 28, 39, 27, 2, 17, 19, 22, 2, 8, 2, 8, 39]
    Edit distance: 10/20
  Sample 1:
    TRUE: [27, 16, 7, 39, 26, 11, 7, 2, 28, 30, 39, 28, 10, 34, 27, 2, 20, 39, 28, 5, 22, 8, 39, 20, 16, 31, 2, 14, 27, 1, 13, 28, 39]
    PRED: [27, 10, 19, 28, 39, 26, 11, 28, 2, 37, 39, 10, 34, 11, 20, 39, 30, 1, 22, 8, 39, 20, 16, 9, 39, 14, 5, 13, 30, 39]
    Edit distance: 16/33
  Sample 2:
    TRUE: [28, 24, 39, 27, 33, 20, 37, 39, 35, 17, 39, 21, 12, 8, 39, 16, 22, 39, 2, 22, 2, 6, 1, 29, 30, 39, 19, 2, 20, 33, 38, 2, 22, 39]
    PRED: [9, 2, 39, 27, 33, 20, 28, 37, 39, 35, 17, 39, 21, 12, 22, 8, 39, 16, 22, 39, 2, 22, 2, 1, 28, 30, 39, 19, 2, 20, 38, 2, 22, 39]
    Edit distance: 7/34
  Sample 3:
    TRUE: [20, 3, 27, 17, 37, 39, 19, 0, 28, 30, 33, 21, 39, 22, 17, 8, 2, 8, 39, 6, 20, 1, 19, 39, 14, 20, 2, 34, 37, 39, 30, 33, 39, 6, 17, 39, 19, 2, 21, 26, 20, 17, 30, 20, 17, 39, 10, 20, 2, 14, 2, 22, 30, 39]
    PRED: [19, 27, 24, 17, 12, 39, 19, 4, 28, 2, 21, 39, 22, 17, 8, 39, 21, 0, 19, 39, 20, 5, 34, 8, 39, 30, 33, 39, 6, 17, 39, 19, 2, 21, 26, 18, 20, 39, 1, 20, 2, 20, 2, 22, 8, 39]
    Edit distance: 22/54
  Sample 4:
    TRUE: [9, 2, 39, 30, 33, 31, 39, 13, 10, 27, 17, 39, 13, 11, 14, 0, 30, 39, 30, 33, 39, 19, 2, 21, 39, 35, 10, 22, 39, 27, 0, 18, 11, 37, 39, 30, 33, 31, 39, 13, 10, 20, 39, 4, 30, 39]
    PRED: [9, 2, 39, 30, 33, 31, 39, 34, 10, 27, 17, 39, 13, 2, 19, 39, 30, 33, 39, 28, 2, 21, 39, 35, 10, 22, 8, 39, 35, 17, 8, 11, 39, 31, 33, 31, 39, 34, 10, 20, 39, 4, 30, 39]
    Edit distance: 13/46

============================================================
Batch 109000 | Val PER: 0.2837
============================================================
  Sample 0:
    TRUE: [31, 17, 0, 19, 27, 2, 28, 17, 39, 27, 17, 19, 2, 22, 28, 16, 8, 11, 8, 39]
    PRED: [9, 0, 28, 2, 28, 39, 27, 17, 19, 22, 2, 8, 2, 8, 39]
    Edit distance: 9/20
  Sample 1:
    TRUE: [27, 16, 7, 39, 26, 11, 7, 2, 28, 30, 39, 28, 10, 34, 27, 2, 20, 39, 28, 5, 22, 8, 39, 20, 16, 31, 2, 14, 27, 1, 13, 28, 39]
    PRED: [27, 10, 19, 28, 30, 39, 26, 11, 28, 2, 37, 39, 28, 10, 34, 2, 20, 39, 28, 5, 22, 8, 37, 39, 20, 16, 39, 5, 13, 39]
    Edit distance: 15/33
  Sample 2:
    TRUE: [28, 24, 39, 27, 33, 20, 37, 39, 35, 17, 39, 21, 12, 8, 39, 16, 22, 39, 2, 22, 2, 6, 1, 29, 30, 39, 19, 2, 20, 33, 38, 2, 22, 39]
    PRED: [9, 24, 39, 27, 33, 20, 37, 39, 35, 17, 39, 21, 10, 22, 8, 39, 16, 22, 39, 2, 22, 27, 1, 28, 30, 39, 19, 2, 20, 33, 38, 2, 22, 39]
    Edit distance: 6/34
  Sample 3:
    TRUE: [20, 3, 27, 17, 37, 39, 19, 0, 28, 30, 33, 21, 39, 22, 17, 8, 2, 8, 39, 6, 20, 1, 19, 39, 14, 20, 2, 34, 37, 39, 30, 33, 39, 6, 17, 39, 19, 2, 21, 26, 20, 17, 30, 20, 17, 39, 10, 20, 2, 14, 2, 22, 30, 39]
    PRED: [19, 27, 24, 17, 12, 39, 19, 5, 28, 30, 2, 21, 39, 22, 12, 8, 39, 21, 16, 19, 39, 20, 5, 34, 8, 39, 30, 33, 39, 6, 17, 39, 19, 2, 21, 26, 2, 20, 20, 39, 1, 20, 2, 20, 2, 22, 8, 39]
    Edit distance: 22/54
  Sample 4:
    TRUE: [9, 2, 39, 30, 33, 31, 39, 13, 10, 27, 17, 39, 13, 11, 14, 0, 30, 39, 30, 33, 39, 19, 2, 21, 39, 35, 10, 22, 39, 27, 0, 18, 11, 37, 39, 30, 33, 31, 39, 13, 10, 20, 39, 4, 30, 39]
    PRED: [9, 2, 39, 30, 33, 31, 39, 34, 10, 27, 17, 39, 34, 2, 0, 19, 30, 39, 30, 33, 39, 28, 2, 21, 39, 35, 16, 22, 39, 35, 5, 8, 11, 39, 37, 39, 31, 33, 31, 39, 13, 10, 20, 39, 4, 30, 39]
    Edit distance: 12/46

============================================================
Batch 109500 | Val PER: 0.2867
============================================================
  Sample 0:
    TRUE: [31, 17, 0, 19, 27, 2, 28, 17, 39, 27, 17, 19, 2, 22, 28, 16, 8, 11, 8, 39]
    PRED: [9, 16, 0, 28, 39, 27, 17, 14, 19, 22, 2, 8, 39]
    Edit distance: 12/20
  Sample 1:
    TRUE: [27, 16, 7, 39, 26, 11, 7, 2, 28, 30, 39, 28, 10, 34, 27, 2, 20, 39, 28, 5, 22, 8, 39, 20, 16, 31, 2, 14, 27, 1, 13, 28, 39]
    PRED: [27, 10, 19, 28, 39, 26, 11, 29, 2, 37, 39, 10, 34, 11, 20, 39, 28, 5, 22, 8, 39, 20, 16, 17, 39, 18, 5, 13, 30, 39]
    Edit distance: 15/33
  Sample 2:
    TRUE: [28, 24, 39, 27, 33, 20, 37, 39, 35, 17, 39, 21, 12, 8, 39, 16, 22, 39, 2, 22, 2, 6, 1, 29, 30, 39, 19, 2, 20, 33, 38, 2, 22, 39]
    PRED: [9, 24, 2, 39, 27, 33, 20, 37, 39, 35, 17, 39, 21, 10, 22, 8, 39, 16, 22, 39, 2, 22, 1, 28, 30, 39, 19, 2, 20, 33, 38, 2, 22, 39]
    Edit distance: 7/34
  Sample 3:
    TRUE: [20, 3, 27, 17, 37, 39, 19, 0, 28, 30, 33, 21, 39, 22, 17, 8, 2, 8, 39, 6, 20, 1, 19, 39, 14, 20, 2, 34, 37, 39, 30, 33, 39, 6, 17, 39, 19, 2, 21, 26, 20, 17, 30, 20, 17, 39, 10, 20, 2, 14, 2, 22, 30, 39]
    PRED: [19, 27, 24, 37, 12, 39, 19, 5, 28, 30, 2, 21, 39, 22, 17, 8, 39, 21, 0, 19, 39, 20, 16, 5, 34, 8, 39, 30, 33, 39, 6, 17, 39, 19, 2, 21, 26, 18, 20, 17, 39, 1, 20, 2, 22, 8, 39]
    Edit distance: 22/54
  Sample 4:
    TRUE: [9, 2, 39, 30, 33, 31, 39, 13, 10, 27, 17, 39, 13, 11, 14, 0, 30, 39, 30, 33, 39, 19, 2, 21, 39, 35, 10, 22, 39, 27, 0, 18, 11, 37, 39, 30, 33, 31, 39, 13, 10, 20, 39, 4, 30, 39]
    PRED: [9, 2, 39, 30, 33, 31, 39, 34, 10, 27, 17, 39, 13, 17, 0, 19, 30, 39, 30, 33, 39, 28, 2, 21, 39, 35, 10, 22, 39, 35, 5, 8, 11, 39, 37, 39, 31, 33, 31, 39, 13, 10, 20, 39, 4, 30, 39]
    Edit distance: 10/46

============================================================
Batch 110000 | Val PER: 0.2861
============================================================
  Sample 0:
    TRUE: [31, 17, 0, 19, 27, 2, 28, 17, 39, 27, 17, 19, 2, 22, 28, 16, 8, 11, 8, 39]
    PRED: [9, 16, 39, 0, 28, 30, 2, 28, 39, 27, 17, 19, 22, 28, 8, 2, 8, 39]
    Edit distance: 9/20
  Sample 1:
    TRUE: [27, 16, 7, 39, 26, 11, 7, 2, 28, 30, 39, 28, 10, 34, 27, 2, 20, 39, 28, 5, 22, 8, 39, 20, 16, 31, 2, 14, 27, 1, 13, 28, 39]
    PRED: [27, 10, 19, 28, 39, 26, 11, 29, 2, 37, 39, 10, 34, 11, 20, 39, 28, 5, 22, 8, 39, 20, 16, 17, 24, 18, 5, 13, 39]
    Edit distance: 15/33
  Sample 2:
    TRUE: [28, 24, 39, 27, 33, 20, 37, 39, 35, 17, 39, 21, 12, 8, 39, 16, 22, 39, 2, 22, 2, 6, 1, 29, 30, 39, 19, 2, 20, 33, 38, 2, 22, 39]
    PRED: [9, 24, 39, 27, 33, 20, 37, 39, 35, 17, 39, 21, 12, 22, 8, 39, 16, 22, 39, 2, 16, 22, 13, 27, 1, 29, 30, 39, 19, 33, 20, 33, 38, 2, 22, 39]
    Edit distance: 6/34
  Sample 3:
    TRUE: [20, 3, 27, 17, 37, 39, 19, 0, 28, 30, 33, 21, 39, 22, 17, 8, 2, 8, 39, 6, 20, 1, 19, 39, 14, 20, 2, 34, 37, 39, 30, 33, 39, 6, 17, 39, 19, 2, 21, 26, 20, 17, 30, 20, 17, 39, 10, 20, 2, 14, 2, 22, 30, 39]
    PRED: [19, 27, 24, 17, 12, 39, 19, 5, 28, 2, 21, 39, 22, 17, 8, 39, 21, 27, 1, 19, 39, 20, 5, 34, 37, 39, 30, 33, 39, 6, 17, 39, 19, 2, 21, 26, 7, 2, 20, 17, 39, 1, 20, 2, 22, 8, 39]
    Edit distance: 20/54
  Sample 4:
    TRUE: [9, 2, 39, 30, 33, 31, 39, 13, 10, 27, 17, 39, 13, 11, 14, 0, 30, 39, 30, 33, 39, 19, 2, 21, 39, 35, 10, 22, 39, 27, 0, 18, 11, 37, 39, 30, 33, 31, 39, 13, 10, 20, 39, 4, 30, 39]
    PRED: [9, 2, 39, 30, 33, 31, 39, 13, 10, 16, 27, 17, 39, 34, 3, 0, 19, 2, 30, 39, 30, 33, 39, 28, 2, 21, 39, 35, 10, 22, 39, 35, 27, 8, 11, 39, 31, 33, 31, 39, 13, 10, 20, 39, 4, 30, 39]
    Edit distance: 12/46

============================================================
Batch 110500 | Val PER: 0.2837
============================================================
  Sample 0:
    TRUE: [31, 17, 0, 19, 27, 2, 28, 17, 39, 27, 17, 19, 2, 22, 28, 16, 8, 11, 8, 39]
    PRED: [9, 0, 28, 2, 28, 39, 27, 2, 17, 22, 28, 2, 8, 39]
    Edit distance: 11/20
  Sample 1:
    TRUE: [27, 16, 7, 39, 26, 11, 7, 2, 28, 30, 39, 28, 10, 34, 27, 2, 20, 39, 28, 5, 22, 8, 39, 20, 16, 31, 2, 14, 27, 1, 13, 28, 39]
    PRED: [27, 10, 19, 28, 39, 26, 11, 28, 2, 37, 39, 10, 34, 11, 20, 39, 30, 5, 22, 8, 39, 20, 16, 17, 9, 2, 14, 18, 5, 13, 39]
    Edit distance: 15/33
  Sample 2:
    TRUE: [28, 24, 39, 27, 33, 20, 37, 39, 35, 17, 39, 21, 12, 8, 39, 16, 22, 39, 2, 22, 2, 6, 1, 29, 30, 39, 19, 2, 20, 33, 38, 2, 22, 39]
    PRED: [9, 24, 39, 27, 33, 20, 37, 39, 35, 17, 39, 21, 10, 22, 8, 39, 16, 22, 39, 2, 16, 22, 2, 13, 27, 1, 29, 30, 39, 19, 2, 20, 33, 38, 2, 22, 39]
    Edit distance: 6/34
  Sample 3:
    TRUE: [20, 3, 27, 17, 37, 39, 19, 0, 28, 30, 33, 21, 39, 22, 17, 8, 2, 8, 39, 6, 20, 1, 19, 39, 14, 20, 2, 34, 37, 39, 30, 33, 39, 6, 17, 39, 19, 2, 21, 26, 20, 17, 30, 20, 17, 39, 10, 20, 2, 14, 2, 22, 30, 39]
    PRED: [19, 27, 24, 12, 39, 19, 4, 28, 2, 21, 39, 22, 12, 8, 39, 21, 16, 19, 39, 20, 5, 34, 37, 39, 30, 33, 39, 6, 17, 39, 19, 2, 21, 26, 7, 2, 20, 20, 39, 1, 20, 2, 22, 39]
    Edit distance: 23/54
  Sample 4:
    TRUE: [9, 2, 39, 30, 33, 31, 39, 13, 10, 27, 17, 39, 13, 11, 14, 0, 30, 39, 30, 33, 39, 19, 2, 21, 39, 35, 10, 22, 39, 27, 0, 18, 11, 37, 39, 30, 33, 31, 39, 13, 10, 20, 39, 4, 30, 39]
    PRED: [9, 2, 39, 30, 27, 33, 31, 39, 34, 10, 27, 17, 39, 34, 3, 0, 19, 30, 30, 39, 30, 33, 39, 28, 2, 21, 39, 35, 10, 22, 39, 35, 11, 8, 11, 37, 39, 31, 33, 31, 39, 13, 10, 20, 39, 4, 30, 39]
    Edit distance: 12/46

============================================================
Batch 111000 | Val PER: 0.2858
============================================================
  Sample 0:
    TRUE: [31, 17, 0, 19, 27, 2, 28, 17, 39, 27, 17, 19, 2, 22, 28, 16, 8, 11, 8, 39]
    PRED: [9, 16, 0, 28, 2, 28, 39, 27, 17, 19, 22, 28, 2, 30, 2, 8, 39]
    Edit distance: 9/20
  Sample 1:
    TRUE: [27, 16, 7, 39, 26, 11, 7, 2, 28, 30, 39, 28, 10, 34, 27, 2, 20, 39, 28, 5, 22, 8, 39, 20, 16, 31, 2, 14, 27, 1, 13, 28, 39]
    PRED: [27, 10, 19, 28, 30, 39, 26, 11, 28, 2, 37, 39, 28, 10, 34, 2, 20, 39, 28, 5, 22, 8, 39, 20, 16, 9, 24, 14, 5, 13, 39]
    Edit distance: 13/33
  Sample 2:
    TRUE: [28, 24, 39, 27, 33, 20, 37, 39, 35, 17, 39, 21, 12, 8, 39, 16, 22, 39, 2, 22, 2, 6, 1, 29, 30, 39, 19, 2, 20, 33, 38, 2, 22, 39]
    PRED: [9, 24, 2, 39, 27, 33, 20, 37, 39, 35, 17, 39, 21, 10, 22, 8, 39, 16, 22, 39, 2, 22, 2, 27, 1, 28, 30, 39, 19, 2, 20, 33, 38, 2, 22, 39]
    Edit distance: 6/34
  Sample 3:
    TRUE: [20, 3, 27, 17, 37, 39, 19, 0, 28, 30, 33, 21, 39, 22, 17, 8, 2, 8, 39, 6, 20, 1, 19, 39, 14, 20, 2, 34, 37, 39, 30, 33, 39, 6, 17, 39, 19, 2, 21, 26, 20, 17, 30, 20, 17, 39, 10, 20, 2, 14, 2, 22, 30, 39]
    PRED: [19, 27, 24, 12, 39, 19, 4, 28, 30, 2, 21, 39, 22, 12, 8, 39, 21, 2, 19, 39, 20, 16, 34, 8, 39, 30, 33, 39, 6, 17, 39, 19, 2, 21, 26, 7, 2, 20, 39, 1, 20, 2, 22, 39]
    Edit distance: 23/54
  Sample 4:
    TRUE: [9, 2, 39, 30, 33, 31, 39, 13, 10, 27, 17, 39, 13, 11, 14, 0, 30, 39, 30, 33, 39, 19, 2, 21, 39, 35, 10, 22, 39, 27, 0, 18, 11, 37, 39, 30, 33, 31, 39, 13, 10, 20, 39, 4, 30, 39]
    PRED: [9, 2, 39, 30, 27, 33, 31, 39, 13, 10, 27, 17, 39, 13, 3, 19, 30, 39, 30, 33, 39, 28, 2, 21, 39, 35, 10, 22, 39, 35, 17, 8, 11, 39, 37, 39, 31, 33, 31, 39, 13, 10, 29, 20, 39, 4, 30, 39]
    Edit distance: 11/46

============================================================
Batch 111500 | Val PER: 0.2872
============================================================
  Sample 0:
    TRUE: [31, 17, 0, 19, 27, 2, 28, 17, 39, 27, 17, 19, 2, 22, 28, 16, 8, 11, 8, 39]
    PRED: [9, 10, 0, 28, 2, 28, 39, 27, 17, 10, 22, 28, 2, 39]
    Edit distance: 11/20
  Sample 1:
    TRUE: [27, 16, 7, 39, 26, 11, 7, 2, 28, 30, 39, 28, 10, 34, 27, 2, 20, 39, 28, 5, 22, 8, 39, 20, 16, 31, 2, 14, 27, 1, 13, 28, 39]
    PRED: [27, 10, 19, 28, 39, 26, 11, 28, 2, 37, 39, 28, 10, 34, 2, 20, 39, 30, 5, 22, 8, 37, 39, 20, 16, 14, 5, 13, 39]
    Edit distance: 14/33
  Sample 2:
    TRUE: [28, 24, 39, 27, 33, 20, 37, 39, 35, 17, 39, 21, 12, 8, 39, 16, 22, 39, 2, 22, 2, 6, 1, 29, 30, 39, 19, 2, 20, 33, 38, 2, 22, 39]
    PRED: [9, 2, 39, 27, 33, 20, 37, 39, 35, 17, 39, 21, 10, 22, 8, 39, 16, 22, 39, 2, 22, 27, 1, 28, 30, 39, 19, 2, 20, 38, 2, 22, 39]
    Edit distance: 8/34
  Sample 3:
    TRUE: [20, 3, 27, 17, 37, 39, 19, 0, 28, 30, 33, 21, 39, 22, 17, 8, 2, 8, 39, 6, 20, 1, 19, 39, 14, 20, 2, 34, 37, 39, 30, 33, 39, 6, 17, 39, 19, 2, 21, 26, 20, 17, 30, 20, 17, 39, 10, 20, 2, 14, 2, 22, 30, 39]
    PRED: [19, 27, 24, 12, 39, 19, 5, 28, 30, 2, 21, 39, 22, 12, 8, 16, 39, 21, 2, 19, 39, 20, 5, 34, 8, 39, 30, 33, 39, 6, 17, 39, 19, 2, 21, 26, 7, 20, 39, 1, 20, 2, 22, 39]
    Edit distance: 23/54
  Sample 4:
    TRUE: [9, 2, 39, 30, 33, 31, 39, 13, 10, 27, 17, 39, 13, 11, 14, 0, 30, 39, 30, 33, 39, 19, 2, 21, 39, 35, 10, 22, 39, 27, 0, 18, 11, 37, 39, 30, 33, 31, 39, 13, 10, 20, 39, 4, 30, 39]
    PRED: [9, 2, 39, 30, 27, 33, 31, 39, 34, 10, 27, 17, 39, 13, 3, 19, 30, 39, 30, 33, 39, 28, 2, 21, 39, 35, 27, 10, 22, 39, 35, 17, 8, 11, 37, 39, 31, 33, 31, 39, 13, 10, 20, 39, 4, 30, 39]
    Edit distance: 11/46

============================================================
Batch 112000 | Val PER: 0.2865
============================================================
  Sample 0:
    TRUE: [31, 17, 0, 19, 27, 2, 28, 17, 39, 27, 17, 19, 2, 22, 28, 16, 8, 11, 8, 39]
    PRED: [9, 0, 28, 2, 28, 39, 27, 17, 22, 2, 2, 30, 2, 11, 39]
    Edit distance: 11/20
  Sample 1:
    TRUE: [27, 16, 7, 39, 26, 11, 7, 2, 28, 30, 39, 28, 10, 34, 27, 2, 20, 39, 28, 5, 22, 8, 39, 20, 16, 31, 2, 14, 27, 1, 13, 28, 39]
    PRED: [27, 10, 19, 28, 39, 26, 11, 28, 2, 37, 39, 28, 10, 34, 2, 20, 39, 30, 5, 22, 8, 37, 39, 20, 16, 24, 14, 5, 13, 39]
    Edit distance: 14/33
  Sample 2:
    TRUE: [28, 24, 39, 27, 33, 20, 37, 39, 35, 17, 39, 21, 12, 8, 39, 16, 22, 39, 2, 22, 2, 6, 1, 29, 30, 39, 19, 2, 20, 33, 38, 2, 22, 39]
    PRED: [9, 2, 39, 27, 33, 20, 28, 37, 39, 35, 17, 39, 21, 10, 22, 8, 39, 16, 22, 39, 2, 22, 2, 1, 29, 30, 39, 19, 2, 20, 33, 38, 2, 22, 39]
    Edit distance: 6/34
  Sample 3:
    TRUE: [20, 3, 27, 17, 37, 39, 19, 0, 28, 30, 33, 21, 39, 22, 17, 8, 2, 8, 39, 6, 20, 1, 19, 39, 14, 20, 2, 34, 37, 39, 30, 33, 39, 6, 17, 39, 19, 2, 21, 26, 20, 17, 30, 20, 17, 39, 10, 20, 2, 14, 2, 22, 30, 39]
    PRED: [19, 27, 24, 12, 39, 19, 4, 28, 30, 2, 21, 39, 22, 17, 8, 39, 21, 1, 19, 39, 20, 16, 2, 34, 8, 39, 30, 33, 39, 6, 17, 39, 19, 2, 21, 26, 7, 2, 20, 17, 39, 1, 20, 2, 20, 2, 22, 8, 39]
    Edit distance: 19/54
  Sample 4:
    TRUE: [9, 2, 39, 30, 33, 31, 39, 13, 10, 27, 17, 39, 13, 11, 14, 0, 30, 39, 30, 33, 39, 19, 2, 21, 39, 35, 10, 22, 39, 27, 0, 18, 11, 37, 39, 30, 33, 31, 39, 13, 10, 20, 39, 4, 30, 39]
    PRED: [9, 2, 39, 30, 27, 33, 31, 39, 34, 10, 27, 17, 39, 13, 3, 2, 19, 30, 39, 30, 33, 39, 28, 2, 21, 39, 35, 27, 10, 22, 39, 27, 11, 8, 11, 39, 31, 33, 31, 39, 13, 10, 20, 39, 4, 30, 39]
    Edit distance: 11/46

============================================================
Batch 112500 | Val PER: 0.2824
============================================================
  Sample 0:
    TRUE: [31, 17, 0, 19, 27, 2, 28, 17, 39, 27, 17, 19, 2, 22, 28, 16, 8, 11, 8, 39]
    PRED: [9, 0, 28, 39, 27, 17, 19, 22, 28, 2, 11, 39]
    Edit distance: 10/20
  Sample 1:
    TRUE: [27, 16, 7, 39, 26, 11, 7, 2, 28, 30, 39, 28, 10, 34, 27, 2, 20, 39, 28, 5, 22, 8, 39, 20, 16, 31, 2, 14, 27, 1, 13, 28, 39]
    PRED: [27, 10, 19, 28, 39, 26, 11, 28, 2, 37, 39, 28, 10, 34, 2, 20, 39, 30, 5, 22, 8, 39, 20, 16, 2, 9, 24, 14, 5, 13, 39]
    Edit distance: 14/33
  Sample 2:
    TRUE: [28, 24, 39, 27, 33, 20, 37, 39, 35, 17, 39, 21, 12, 8, 39, 16, 22, 39, 2, 22, 2, 6, 1, 29, 30, 39, 19, 2, 20, 33, 38, 2, 22, 39]
    PRED: [9, 2, 39, 27, 33, 20, 37, 39, 35, 17, 39, 21, 10, 22, 8, 39, 16, 22, 39, 2, 22, 2, 27, 1, 29, 30, 39, 19, 2, 20, 33, 38, 2, 22, 39]
    Edit distance: 5/34
  Sample 3:
    TRUE: [20, 3, 27, 17, 37, 39, 19, 0, 28, 30, 33, 21, 39, 22, 17, 8, 2, 8, 39, 6, 20, 1, 19, 39, 14, 20, 2, 34, 37, 39, 30, 33, 39, 6, 17, 39, 19, 2, 21, 26, 20, 17, 30, 20, 17, 39, 10, 20, 2, 14, 2, 22, 30, 39]
    PRED: [19, 27, 24, 12, 39, 19, 5, 28, 30, 2, 21, 39, 22, 12, 8, 39, 21, 1, 19, 39, 20, 5, 34, 37, 39, 30, 33, 39, 6, 17, 39, 19, 2, 21, 26, 20, 17, 39, 1, 20, 2, 22, 8, 39]
    Edit distance: 20/54
  Sample 4:
    TRUE: [9, 2, 39, 30, 33, 31, 39, 13, 10, 27, 17, 39, 13, 11, 14, 0, 30, 39, 30, 33, 39, 19, 2, 21, 39, 35, 10, 22, 39, 27, 0, 18, 11, 37, 39, 30, 33, 31, 39, 13, 10, 20, 39, 4, 30, 39]
    PRED: [9, 2, 39, 30, 27, 33, 31, 39, 34, 10, 27, 17, 39, 34, 2, 0, 19, 30, 39, 30, 33, 39, 28, 30, 2, 21, 39, 35, 27, 10, 22, 39, 35, 17, 8, 11, 39, 37, 39, 31, 33, 31, 39, 13, 10, 20, 39, 4, 30, 39]
    Edit distance: 14/46

============================================================
Batch 113000 | Val PER: 0.2868
============================================================
  Sample 0:
    TRUE: [31, 17, 0, 19, 27, 2, 28, 17, 39, 27, 17, 19, 2, 22, 28, 16, 8, 11, 8, 39]
    PRED: [9, 0, 28, 2, 28, 39, 27, 17, 14, 19, 22, 2, 30, 2, 8, 39]
    Edit distance: 11/20
  Sample 1:
    TRUE: [27, 16, 7, 39, 26, 11, 7, 2, 28, 30, 39, 28, 10, 34, 27, 2, 20, 39, 28, 5, 22, 8, 39, 20, 16, 31, 2, 14, 27, 1, 13, 28, 39]
    PRED: [27, 10, 7, 28, 39, 26, 11, 29, 2, 37, 39, 28, 10, 34, 20, 39, 30, 5, 22, 8, 39, 20, 16, 9, 2, 14, 5, 13, 39]
    Edit distance: 12/33
  Sample 2:
    TRUE: [28, 24, 39, 27, 33, 20, 37, 39, 35, 17, 39, 21, 12, 8, 39, 16, 22, 39, 2, 22, 2, 6, 1, 29, 30, 39, 19, 2, 20, 33, 38, 2, 22, 39]
    PRED: [9, 2, 39, 27, 33, 20, 37, 39, 35, 17, 39, 21, 10, 8, 39, 16, 22, 39, 2, 22, 27, 1, 29, 30, 39, 19, 2, 20, 33, 38, 2, 22, 39]
    Edit distance: 5/34
  Sample 3:
    TRUE: [20, 3, 27, 17, 37, 39, 19, 0, 28, 30, 33, 21, 39, 22, 17, 8, 2, 8, 39, 6, 20, 1, 19, 39, 14, 20, 2, 34, 37, 39, 30, 33, 39, 6, 17, 39, 19, 2, 21, 26, 20, 17, 30, 20, 17, 39, 10, 20, 2, 14, 2, 22, 30, 39]
    PRED: [19, 27, 24, 29, 12, 39, 19, 4, 28, 30, 2, 21, 39, 22, 17, 8, 39, 21, 1, 19, 39, 20, 5, 34, 8, 39, 30, 33, 39, 6, 17, 39, 19, 2, 21, 26, 7, 20, 17, 39, 1, 20, 2, 22, 39]
    Edit distance: 21/54
  Sample 4:
    TRUE: [9, 2, 39, 30, 33, 31, 39, 13, 10, 27, 17, 39, 13, 11, 14, 0, 30, 39, 30, 33, 39, 19, 2, 21, 39, 35, 10, 22, 39, 27, 0, 18, 11, 37, 39, 30, 33, 31, 39, 13, 10, 20, 39, 4, 30, 39]
    PRED: [9, 2, 39, 30, 27, 33, 31, 39, 34, 10, 27, 39, 34, 2, 0, 19, 30, 39, 30, 33, 39, 30, 2, 21, 39, 35, 27, 10, 22, 39, 35, 11, 8, 11, 39, 37, 39, 31, 33, 31, 39, 13, 10, 20, 39, 4, 30, 39]
    Edit distance: 14/46

============================================================
Batch 113500 | Val PER: 0.2817
============================================================
  Sample 0:
    TRUE: [31, 17, 0, 19, 27, 2, 28, 17, 39, 27, 17, 19, 2, 22, 28, 16, 8, 11, 8, 39]
    PRED: [9, 0, 28, 2, 28, 39, 27, 17, 14, 19, 28, 22, 28, 2, 30, 2, 8, 39]
    Edit distance: 10/20
  Sample 1:
    TRUE: [27, 16, 7, 39, 26, 11, 7, 2, 28, 30, 39, 28, 10, 34, 27, 2, 20, 39, 28, 5, 22, 8, 39, 20, 16, 31, 2, 14, 27, 1, 13, 28, 39]
    PRED: [27, 10, 19, 28, 39, 26, 11, 29, 2, 37, 39, 28, 10, 34, 2, 20, 39, 30, 5, 22, 8, 39, 20, 16, 24, 14, 5, 13, 39]
    Edit distance: 13/33
  Sample 2:
    TRUE: [28, 24, 39, 27, 33, 20, 37, 39, 35, 17, 39, 21, 12, 8, 39, 16, 22, 39, 2, 22, 2, 6, 1, 29, 30, 39, 19, 2, 20, 33, 38, 2, 22, 39]
    PRED: [9, 2, 39, 27, 33, 20, 37, 39, 35, 17, 39, 21, 12, 22, 8, 39, 16, 22, 39, 2, 22, 1, 29, 30, 39, 19, 2, 20, 33, 38, 2, 22, 39]
    Edit distance: 5/34
  Sample 3:
    TRUE: [20, 3, 27, 17, 37, 39, 19, 0, 28, 30, 33, 21, 39, 22, 17, 8, 2, 8, 39, 6, 20, 1, 19, 39, 14, 20, 2, 34, 37, 39, 30, 33, 39, 6, 17, 39, 19, 2, 21, 26, 20, 17, 30, 20, 17, 39, 10, 20, 2, 14, 2, 22, 30, 39]
    PRED: [19, 27, 24, 35, 12, 39, 19, 1, 28, 30, 2, 21, 39, 22, 17, 8, 2, 39, 21, 16, 19, 39, 20, 5, 34, 8, 39, 30, 33, 39, 6, 17, 2, 39, 19, 2, 21, 26, 20, 20, 39, 1, 20, 2, 22, 8, 39]
    Edit distance: 22/54
  Sample 4:
    TRUE: [9, 2, 39, 30, 33, 31, 39, 13, 10, 27, 17, 39, 13, 11, 14, 0, 30, 39, 30, 33, 39, 19, 2, 21, 39, 35, 10, 22, 39, 27, 0, 18, 11, 37, 39, 30, 33, 31, 39, 13, 10, 20, 39, 4, 30, 39]
    PRED: [9, 2, 39, 30, 27, 33, 31, 39, 34, 10, 27, 17, 39, 34, 3, 19, 0, 19, 30, 2, 30, 39, 30, 33, 39, 28, 2, 21, 39, 35, 10, 22, 8, 39, 35, 11, 8, 11, 39, 31, 33, 31, 39, 13, 10, 20, 39, 4, 30, 39]
    Edit distance: 15/46

============================================================
Batch 114000 | Val PER: 0.2852
============================================================
  Sample 0:
    TRUE: [31, 17, 0, 19, 27, 2, 28, 17, 39, 27, 17, 19, 2, 22, 28, 16, 8, 11, 8, 39]
    PRED: [9, 0, 28, 39, 27, 17, 14, 22, 12, 2, 8, 39]
    Edit distance: 12/20
  Sample 1:
    TRUE: [27, 16, 7, 39, 26, 11, 7, 2, 28, 30, 39, 28, 10, 34, 27, 2, 20, 39, 28, 5, 22, 8, 39, 20, 16, 31, 2, 14, 27, 1, 13, 28, 39]
    PRED: [27, 10, 19, 28, 39, 26, 11, 29, 2, 37, 39, 28, 10, 34, 11, 2, 20, 39, 30, 5, 22, 8, 37, 39, 20, 16, 9, 24, 14, 5, 13, 39]
    Edit distance: 14/33
  Sample 2:
    TRUE: [28, 24, 39, 27, 33, 20, 37, 39, 35, 17, 39, 21, 12, 8, 39, 16, 22, 39, 2, 22, 2, 6, 1, 29, 30, 39, 19, 2, 20, 33, 38, 2, 22, 39]
    PRED: [9, 24, 2, 39, 27, 33, 20, 37, 39, 35, 17, 39, 21, 10, 8, 39, 16, 22, 39, 2, 22, 2, 13, 27, 1, 29, 30, 39, 19, 2, 20, 33, 38, 2, 22, 39]
    Edit distance: 5/34
  Sample 3:
    TRUE: [20, 3, 27, 17, 37, 39, 19, 0, 28, 30, 33, 21, 39, 22, 17, 8, 2, 8, 39, 6, 20, 1, 19, 39, 14, 20, 2, 34, 37, 39, 30, 33, 39, 6, 17, 39, 19, 2, 21, 26, 20, 17, 30, 20, 17, 39, 10, 20, 2, 14, 2, 22, 30, 39]
    PRED: [19, 27, 24, 12, 39, 19, 5, 28, 30, 2, 21, 39, 22, 17, 8, 39, 21, 1, 19, 39, 20, 5, 2, 34, 8, 39, 30, 33, 39, 6, 17, 39, 19, 2, 21, 26, 20, 20, 39, 1, 20, 2, 22, 8, 39]
    Edit distance: 20/54
  Sample 4:
    TRUE: [9, 2, 39, 30, 33, 31, 39, 13, 10, 27, 17, 39, 13, 11, 14, 0, 30, 39, 30, 33, 39, 19, 2, 21, 39, 35, 10, 22, 39, 27, 0, 18, 11, 37, 39, 30, 33, 31, 39, 13, 10, 20, 39, 4, 30, 39]
    PRED: [9, 2, 39, 30, 27, 33, 31, 39, 34, 10, 27, 39, 13, 3, 2, 0, 19, 30, 39, 30, 33, 39, 28, 2, 21, 39, 27, 2, 22, 39, 35, 11, 8, 11, 39, 37, 39, 31, 33, 31, 39, 13, 10, 20, 39, 4, 30, 39]
    Edit distance: 14/46

============================================================
Batch 114500 | Val PER: 0.2846
============================================================
  Sample 0:
    TRUE: [31, 17, 0, 19, 27, 2, 28, 17, 39, 27, 17, 19, 2, 22, 28, 16, 8, 11, 8, 39]
    PRED: [9, 16, 0, 28, 2, 28, 39, 27, 17, 14, 19, 22, 2, 2, 8, 39]
    Edit distance: 11/20
  Sample 1:
    TRUE: [27, 16, 7, 39, 26, 11, 7, 2, 28, 30, 39, 28, 10, 34, 27, 2, 20, 39, 28, 5, 22, 8, 39, 20, 16, 31, 2, 14, 27, 1, 13, 28, 39]
    PRED: [27, 10, 19, 28, 39, 26, 11, 29, 2, 37, 39, 28, 10, 34, 2, 20, 39, 30, 5, 22, 8, 37, 39, 20, 16, 9, 24, 14, 5, 13, 30, 39]
    Edit distance: 14/33
  Sample 2:
    TRUE: [28, 24, 39, 27, 33, 20, 37, 39, 35, 17, 39, 21, 12, 8, 39, 16, 22, 39, 2, 22, 2, 6, 1, 29, 30, 39, 19, 2, 20, 33, 38, 2, 22, 39]
    PRED: [9, 24, 2, 39, 27, 33, 20, 28, 37, 39, 6, 17, 39, 21, 12, 22, 8, 39, 16, 22, 39, 2, 22, 1, 29, 30, 39, 19, 2, 33, 20, 33, 38, 2, 22, 39]
    Edit distance: 8/34
  Sample 3:
    TRUE: [20, 3, 27, 17, 37, 39, 19, 0, 28, 30, 33, 21, 39, 22, 17, 8, 2, 8, 39, 6, 20, 1, 19, 39, 14, 20, 2, 34, 37, 39, 30, 33, 39, 6, 17, 39, 19, 2, 21, 26, 20, 17, 30, 20, 17, 39, 10, 20, 2, 14, 2, 22, 30, 39]
    PRED: [19, 27, 24, 12, 39, 19, 28, 30, 21, 39, 22, 17, 8, 39, 21, 16, 19, 39, 20, 5, 34, 37, 39, 30, 33, 39, 6, 17, 39, 19, 2, 21, 26, 20, 2, 20, 20, 39, 1, 20, 2, 22, 39]
    Edit distance: 20/54
  Sample 4:
    TRUE: [9, 2, 39, 30, 33, 31, 39, 13, 10, 27, 17, 39, 13, 11, 14, 0, 30, 39, 30, 33, 39, 19, 2, 21, 39, 35, 10, 22, 39, 27, 0, 18, 11, 37, 39, 30, 33, 31, 39, 13, 10, 20, 39, 4, 30, 39]
    PRED: [9, 2, 39, 30, 27, 33, 31, 39, 34, 10, 27, 39, 34, 3, 0, 19, 30, 39, 30, 33, 39, 30, 2, 21, 39, 35, 10, 22, 39, 35, 16, 8, 11, 39, 37, 39, 31, 33, 31, 39, 13, 10, 20, 39, 4, 30, 39]
    Edit distance: 13/46

============================================================
Batch 115000 | Val PER: 0.2823
============================================================
  Sample 0:
    TRUE: [31, 17, 0, 19, 27, 2, 28, 17, 39, 27, 17, 19, 2, 22, 28, 16, 8, 11, 8, 39]
    PRED: [9, 0, 28, 2, 28, 39, 27, 17, 14, 19, 22, 28, 2, 8, 39]
    Edit distance: 10/20
  Sample 1:
    TRUE: [27, 16, 7, 39, 26, 11, 7, 2, 28, 30, 39, 28, 10, 34, 27, 2, 20, 39, 28, 5, 22, 8, 39, 20, 16, 31, 2, 14, 27, 1, 13, 28, 39]
    PRED: [27, 10, 19, 28, 30, 39, 26, 11, 29, 2, 37, 39, 28, 10, 34, 2, 20, 39, 28, 5, 22, 8, 39, 20, 16, 28, 9, 24, 14, 5, 13, 39]
    Edit distance: 14/33
  Sample 2:
    TRUE: [28, 24, 39, 27, 33, 20, 37, 39, 35, 17, 39, 21, 12, 8, 39, 16, 22, 39, 2, 22, 2, 6, 1, 29, 30, 39, 19, 2, 20, 33, 38, 2, 22, 39]
    PRED: [9, 24, 39, 27, 33, 20, 28, 37, 39, 35, 17, 39, 21, 12, 22, 8, 39, 16, 22, 39, 2, 22, 2, 13, 1, 29, 30, 39, 19, 2, 20, 33, 38, 2, 22, 39]
    Edit distance: 4/34
  Sample 3:
    TRUE: [20, 3, 27, 17, 37, 39, 19, 0, 28, 30, 33, 21, 39, 22, 17, 8, 2, 8, 39, 6, 20, 1, 19, 39, 14, 20, 2, 34, 37, 39, 30, 33, 39, 6, 17, 39, 19, 2, 21, 26, 20, 17, 30, 20, 17, 39, 10, 20, 2, 14, 2, 22, 30, 39]
    PRED: [19, 27, 24, 17, 12, 39, 19, 5, 28, 0, 21, 39, 22, 17, 8, 39, 21, 1, 19, 39, 20, 5, 2, 34, 8, 39, 30, 33, 39, 6, 17, 20, 39, 19, 2, 21, 26, 2, 20, 20, 39, 1, 20, 2, 22, 39]
    Edit distance: 23/54
  Sample 4:
    TRUE: [9, 2, 39, 30, 33, 31, 39, 13, 10, 27, 17, 39, 13, 11, 14, 0, 30, 39, 30, 33, 39, 19, 2, 21, 39, 35, 10, 22, 39, 27, 0, 18, 11, 37, 39, 30, 33, 31, 39, 13, 10, 20, 39, 4, 30, 39]
    PRED: [9, 2, 39, 30, 27, 33, 31, 39, 34, 10, 27, 39, 34, 3, 0, 19, 30, 2, 39, 30, 33, 39, 28, 2, 21, 39, 35, 10, 22, 39, 35, 11, 8, 11, 39, 37, 39, 31, 33, 31, 39, 13, 10, 20, 39, 4, 30, 39]
    Edit distance: 14/46

============================================================
Batch 115500 | Val PER: 0.2809
============================================================
  Sample 0:
    TRUE: [31, 17, 0, 19, 27, 2, 28, 17, 39, 27, 17, 19, 2, 22, 28, 16, 8, 11, 8, 39]
    PRED: [9, 0, 28, 2, 28, 39, 27, 17, 14, 19, 22, 2, 8, 30, 2, 8, 39]
    Edit distance: 11/20
  Sample 1:
    TRUE: [27, 16, 7, 39, 26, 11, 7, 2, 28, 30, 39, 28, 10, 34, 27, 2, 20, 39, 28, 5, 22, 8, 39, 20, 16, 31, 2, 14, 27, 1, 13, 28, 39]
    PRED: [27, 10, 19, 28, 30, 39, 26, 11, 28, 2, 37, 39, 10, 34, 20, 39, 30, 5, 22, 8, 37, 39, 20, 16, 9, 24, 14, 5, 13, 39]
    Edit distance: 17/33
  Sample 2:
    TRUE: [28, 24, 39, 27, 33, 20, 37, 39, 35, 17, 39, 21, 12, 8, 39, 16, 22, 39, 2, 22, 2, 6, 1, 29, 30, 39, 19, 2, 20, 33, 38, 2, 22, 39]
    PRED: [9, 2, 39, 27, 33, 20, 37, 39, 6, 17, 39, 21, 12, 22, 8, 39, 16, 22, 39, 2, 22, 13, 21, 1, 29, 30, 39, 19, 33, 20, 33, 38, 2, 22, 39]
    Edit distance: 7/34
  Sample 3:
    TRUE: [20, 3, 27, 17, 37, 39, 19, 0, 28, 30, 33, 21, 39, 22, 17, 8, 2, 8, 39, 6, 20, 1, 19, 39, 14, 20, 2, 34, 37, 39, 30, 33, 39, 6, 17, 39, 19, 2, 21, 26, 20, 17, 30, 20, 17, 39, 10, 20, 2, 14, 2, 22, 30, 39]
    PRED: [19, 27, 24, 12, 39, 19, 5, 28, 30, 2, 21, 39, 22, 10, 8, 39, 21, 1, 19, 39, 20, 5, 34, 8, 39, 30, 33, 39, 6, 17, 39, 19, 2, 21, 26, 2, 20, 39, 1, 20, 2, 22, 8, 39]
    Edit distance: 22/54
  Sample 4:
    TRUE: [9, 2, 39, 30, 33, 31, 39, 13, 10, 27, 17, 39, 13, 11, 14, 0, 30, 39, 30, 33, 39, 19, 2, 21, 39, 35, 10, 22, 39, 27, 0, 18, 11, 37, 39, 30, 33, 31, 39, 13, 10, 20, 39, 4, 30, 39]
    PRED: [9, 2, 39, 30, 27, 33, 31, 39, 34, 10, 27, 17, 39, 13, 3, 0, 19, 30, 39, 30, 33, 39, 28, 2, 21, 39, 35, 27, 10, 22, 39, 35, 11, 8, 11, 37, 39, 31, 33, 31, 39, 13, 10, 20, 39, 4, 30, 39]
    Edit distance: 11/46

============================================================
Batch 116000 | Val PER: 0.2825
============================================================
  Sample 0:
    TRUE: [31, 17, 0, 19, 27, 2, 28, 17, 39, 27, 17, 19, 2, 22, 28, 16, 8, 11, 8, 39]
    PRED: [9, 2, 0, 28, 39, 27, 17, 14, 22, 8, 30, 2, 8, 39]
    Edit distance: 12/20
  Sample 1:
    TRUE: [27, 16, 7, 39, 26, 11, 7, 2, 28, 30, 39, 28, 10, 34, 27, 2, 20, 39, 28, 5, 22, 8, 39, 20, 16, 31, 2, 14, 27, 1, 13, 28, 39]
    PRED: [27, 10, 19, 28, 30, 39, 26, 11, 29, 2, 8, 37, 39, 10, 34, 20, 39, 30, 5, 22, 8, 37, 39, 20, 16, 9, 24, 14, 18, 5, 13, 30, 39]
    Edit distance: 17/33
  Sample 2:
    TRUE: [28, 24, 39, 27, 33, 20, 37, 39, 35, 17, 39, 21, 12, 8, 39, 16, 22, 39, 2, 22, 2, 6, 1, 29, 30, 39, 19, 2, 20, 33, 38, 2, 22, 39]
    PRED: [9, 2, 39, 27, 33, 20, 37, 39, 6, 17, 39, 21, 12, 8, 39, 16, 22, 39, 2, 22, 13, 27, 1, 29, 30, 39, 19, 2, 33, 20, 33, 38, 2, 22, 39]
    Edit distance: 6/34
  Sample 3:
    TRUE: [20, 3, 27, 17, 37, 39, 19, 0, 28, 30, 33, 21, 39, 22, 17, 8, 2, 8, 39, 6, 20, 1, 19, 39, 14, 20, 2, 34, 37, 39, 30, 33, 39, 6, 17, 39, 19, 2, 21, 26, 20, 17, 30, 20, 17, 39, 10, 20, 2, 14, 2, 22, 30, 39]
    PRED: [19, 27, 24, 35, 12, 39, 19, 5, 28, 30, 2, 21, 39, 22, 17, 8, 39, 21, 1, 19, 39, 20, 5, 34, 8, 39, 30, 33, 39, 6, 17, 39, 19, 2, 21, 26, 20, 17, 39, 1, 20, 2, 22, 8, 39]
    Edit distance: 21/54
  Sample 4:
    TRUE: [9, 2, 39, 30, 33, 31, 39, 13, 10, 27, 17, 39, 13, 11, 14, 0, 30, 39, 30, 33, 39, 19, 2, 21, 39, 35, 10, 22, 39, 27, 0, 18, 11, 37, 39, 30, 33, 31, 39, 13, 10, 20, 39, 4, 30, 39]
    PRED: [9, 2, 39, 30, 27, 33, 31, 39, 34, 10, 27, 17, 39, 34, 3, 19, 30, 39, 30, 33, 39, 28, 2, 21, 39, 35, 10, 22, 39, 35, 11, 8, 11, 39, 37, 39, 31, 33, 31, 39, 13, 10, 20, 39, 4, 30, 39]
    Edit distance: 12/46

============================================================
Batch 116500 | Val PER: 0.2832
============================================================
  Sample 0:
    TRUE: [31, 17, 0, 19, 27, 2, 28, 17, 39, 27, 17, 19, 2, 22, 28, 16, 8, 11, 8, 39]
    PRED: [9, 2, 39, 0, 28, 2, 28, 39, 27, 17, 14, 19, 22, 2, 8, 30, 2, 8, 39]
    Edit distance: 12/20
  Sample 1:
    TRUE: [27, 16, 7, 39, 26, 11, 7, 2, 28, 30, 39, 28, 10, 34, 27, 2, 20, 39, 28, 5, 22, 8, 39, 20, 16, 31, 2, 14, 27, 1, 13, 28, 39]
    PRED: [27, 10, 19, 28, 39, 26, 11, 29, 2, 37, 39, 10, 34, 20, 39, 30, 5, 22, 8, 37, 39, 20, 16, 2, 9, 28, 14, 5, 13, 39]
    Edit distance: 17/33
  Sample 2:
    TRUE: [28, 24, 39, 27, 33, 20, 37, 39, 35, 17, 39, 21, 12, 8, 39, 16, 22, 39, 2, 22, 2, 6, 1, 29, 30, 39, 19, 2, 20, 33, 38, 2, 22, 39]
    PRED: [9, 2, 39, 27, 33, 20, 37, 39, 6, 17, 39, 21, 12, 8, 39, 16, 22, 39, 2, 22, 2, 1, 29, 30, 39, 19, 2, 20, 33, 38, 2, 22, 39]
    Edit distance: 4/34
  Sample 3:
    TRUE: [20, 3, 27, 17, 37, 39, 19, 0, 28, 30, 33, 21, 39, 22, 17, 8, 2, 8, 39, 6, 20, 1, 19, 39, 14, 20, 2, 34, 37, 39, 30, 33, 39, 6, 17, 39, 19, 2, 21, 26, 20, 17, 30, 20, 17, 39, 10, 20, 2, 14, 2, 22, 30, 39]
    PRED: [19, 27, 24, 35, 12, 39, 19, 5, 28, 30, 2, 21, 39, 22, 12, 8, 39, 21, 16, 19, 39, 20, 5, 34, 8, 39, 30, 33, 39, 6, 17, 39, 19, 2, 21, 26, 20, 39, 1, 20, 2, 22, 8, 39]
    Edit distance: 24/54
  Sample 4:
    TRUE: [9, 2, 39, 30, 33, 31, 39, 13, 10, 27, 17, 39, 13, 11, 14, 0, 30, 39, 30, 33, 39, 19, 2, 21, 39, 35, 10, 22, 39, 27, 0, 18, 11, 37, 39, 30, 33, 31, 39, 13, 10, 20, 39, 4, 30, 39]
    PRED: [9, 2, 39, 30, 27, 33, 31, 39, 34, 10, 27, 17, 39, 34, 2, 0, 19, 30, 39, 30, 33, 39, 28, 2, 21, 39, 35, 10, 22, 39, 35, 8, 11, 39, 37, 39, 31, 33, 31, 39, 13, 10, 20, 39, 4, 30, 39]
    Edit distance: 12/46

============================================================
Batch 117000 | Val PER: 0.2834
============================================================
  Sample 0:
    TRUE: [31, 17, 0, 19, 27, 2, 28, 17, 39, 27, 17, 19, 2, 22, 28, 16, 8, 11, 8, 39]
    PRED: [9, 2, 39, 0, 28, 2, 28, 39, 14, 2, 17, 19, 22, 28, 8, 30, 2, 8, 39]
    Edit distance: 12/20
  Sample 1:
    TRUE: [27, 16, 7, 39, 26, 11, 7, 2, 28, 30, 39, 28, 10, 34, 27, 2, 20, 39, 28, 5, 22, 8, 39, 20, 16, 31, 2, 14, 27, 1, 13, 28, 39]
    PRED: [27, 10, 19, 28, 39, 26, 11, 29, 2, 37, 39, 28, 10, 34, 11, 2, 20, 39, 30, 5, 22, 8, 37, 39, 20, 16, 28, 14, 18, 5, 13, 39]
    Edit distance: 14/33
  Sample 2:
    TRUE: [28, 24, 39, 27, 33, 20, 37, 39, 35, 17, 39, 21, 12, 8, 39, 16, 22, 39, 2, 22, 2, 6, 1, 29, 30, 39, 19, 2, 20, 33, 38, 2, 22, 39]
    PRED: [9, 24, 2, 39, 27, 33, 20, 37, 39, 35, 17, 39, 21, 12, 22, 8, 39, 16, 22, 39, 2, 22, 1, 29, 30, 39, 19, 2, 20, 33, 38, 2, 22, 39]
    Edit distance: 5/34
  Sample 3:
    TRUE: [20, 3, 27, 17, 37, 39, 19, 0, 28, 30, 33, 21, 39, 22, 17, 8, 2, 8, 39, 6, 20, 1, 19, 39, 14, 20, 2, 34, 37, 39, 30, 33, 39, 6, 17, 39, 19, 2, 21, 26, 20, 17, 30, 20, 17, 39, 10, 20, 2, 14, 2, 22, 30, 39]
    PRED: [19, 27, 24, 35, 12, 39, 19, 5, 28, 30, 2, 21, 39, 22, 12, 8, 39, 21, 0, 19, 39, 20, 5, 34, 8, 39, 30, 33, 39, 6, 17, 39, 19, 2, 21, 26, 20, 17, 39, 1, 20, 2, 22, 8, 39]
    Edit distance: 23/54
  Sample 4:
    TRUE: [9, 2, 39, 30, 33, 31, 39, 13, 10, 27, 17, 39, 13, 11, 14, 0, 30, 39, 30, 33, 39, 19, 2, 21, 39, 35, 10, 22, 39, 27, 0, 18, 11, 37, 39, 30, 33, 31, 39, 13, 10, 20, 39, 4, 30, 39]
    PRED: [9, 2, 39, 30, 27, 33, 31, 39, 34, 10, 17, 39, 34, 3, 0, 19, 30, 2, 39, 30, 33, 39, 28, 2, 21, 39, 35, 10, 22, 39, 35, 27, 0, 8, 11, 37, 39, 31, 33, 31, 39, 13, 10, 20, 39, 4, 30, 39]
    Edit distance: 12/46

============================================================
Batch 117500 | Val PER: 0.2815
============================================================
  Sample 0:
    TRUE: [31, 17, 0, 19, 27, 2, 28, 17, 39, 27, 17, 19, 2, 22, 28, 16, 8, 11, 8, 39]
    PRED: [9, 2, 0, 28, 2, 28, 39, 27, 17, 19, 22, 2, 8, 30, 2, 8, 39]
    Edit distance: 10/20
  Sample 1:
    TRUE: [27, 16, 7, 39, 26, 11, 7, 2, 28, 30, 39, 28, 10, 34, 27, 2, 20, 39, 28, 5, 22, 8, 39, 20, 16, 31, 2, 14, 27, 1, 13, 28, 39]
    PRED: [27, 10, 19, 28, 30, 39, 26, 11, 29, 2, 37, 39, 10, 34, 2, 20, 39, 30, 5, 22, 8, 37, 39, 20, 16, 28, 5, 13, 39]
    Edit distance: 17/33
  Sample 2:
    TRUE: [28, 24, 39, 27, 33, 20, 37, 39, 35, 17, 39, 21, 12, 8, 39, 16, 22, 39, 2, 22, 2, 6, 1, 29, 30, 39, 19, 2, 20, 33, 38, 2, 22, 39]
    PRED: [9, 24, 39, 27, 33, 20, 24, 37, 39, 35, 17, 39, 21, 12, 22, 8, 39, 16, 22, 39, 2, 22, 2, 13, 1, 29, 30, 39, 19, 33, 20, 33, 38, 2, 22, 39]
    Edit distance: 5/34
  Sample 3:
    TRUE: [20, 3, 27, 17, 37, 39, 19, 0, 28, 30, 33, 21, 39, 22, 17, 8, 2, 8, 39, 6, 20, 1, 19, 39, 14, 20, 2, 34, 37, 39, 30, 33, 39, 6, 17, 39, 19, 2, 21, 26, 20, 17, 30, 20, 17, 39, 10, 20, 2, 14, 2, 22, 30, 39]
    PRED: [19, 27, 24, 12, 39, 19, 5, 28, 30, 2, 21, 39, 22, 12, 8, 39, 21, 1, 19, 39, 20, 5, 34, 8, 39, 30, 33, 39, 6, 17, 39, 19, 2, 21, 26, 20, 17, 39, 1, 20, 2, 22, 8, 39]
    Edit distance: 21/54
  Sample 4:
    TRUE: [9, 2, 39, 30, 33, 31, 39, 13, 10, 27, 17, 39, 13, 11, 14, 0, 30, 39, 30, 33, 39, 19, 2, 21, 39, 35, 10, 22, 39, 27, 0, 18, 11, 37, 39, 30, 33, 31, 39, 13, 10, 20, 39, 4, 30, 39]
    PRED: [9, 2, 39, 30, 27, 33, 31, 39, 34, 10, 17, 39, 34, 3, 0, 19, 30, 2, 30, 39, 30, 33, 39, 28, 2, 21, 39, 35, 10, 22, 8, 39, 35, 8, 11, 39, 31, 33, 31, 39, 13, 10, 20, 39, 4, 30, 39]
    Edit distance: 16/46

============================================================
Batch 118000 | Val PER: 0.2841
============================================================
  Sample 0:
    TRUE: [31, 17, 0, 19, 27, 2, 28, 17, 39, 27, 17, 19, 2, 22, 28, 16, 8, 11, 8, 39]
    PRED: [9, 2, 0, 28, 2, 28, 39, 27, 17, 14, 19, 22, 8, 30, 2, 8, 39]
    Edit distance: 11/20
  Sample 1:
    TRUE: [27, 16, 7, 39, 26, 11, 7, 2, 28, 30, 39, 28, 10, 34, 27, 2, 20, 39, 28, 5, 22, 8, 39, 20, 16, 31, 2, 14, 27, 1, 13, 28, 39]
    PRED: [27, 10, 19, 28, 39, 26, 11, 29, 2, 37, 39, 10, 34, 2, 20, 39, 28, 5, 22, 8, 37, 39, 20, 16, 17, 28, 14, 5, 13, 39]
    Edit distance: 14/33
  Sample 2:
    TRUE: [28, 24, 39, 27, 33, 20, 37, 39, 35, 17, 39, 21, 12, 8, 39, 16, 22, 39, 2, 22, 2, 6, 1, 29, 30, 39, 19, 2, 20, 33, 38, 2, 22, 39]
    PRED: [9, 24, 39, 27, 33, 20, 37, 39, 6, 17, 39, 21, 12, 22, 8, 39, 16, 22, 39, 2, 22, 13, 1, 29, 30, 39, 19, 2, 20, 33, 38, 2, 22, 39]
    Edit distance: 5/34
  Sample 3:
    TRUE: [20, 3, 27, 17, 37, 39, 19, 0, 28, 30, 33, 21, 39, 22, 17, 8, 2, 8, 39, 6, 20, 1, 19, 39, 14, 20, 2, 34, 37, 39, 30, 33, 39, 6, 17, 39, 19, 2, 21, 26, 20, 17, 30, 20, 17, 39, 10, 20, 2, 14, 2, 22, 30, 39]
    PRED: [19, 27, 24, 12, 39, 19, 5, 28, 30, 2, 21, 39, 22, 12, 8, 39, 21, 1, 19, 39, 8, 20, 5, 34, 37, 39, 30, 33, 39, 6, 17, 39, 19, 2, 21, 26, 20, 17, 39, 1, 20, 2, 30, 2, 22, 8, 39]
    Edit distance: 19/54
  Sample 4:
    TRUE: [9, 2, 39, 30, 33, 31, 39, 13, 10, 27, 17, 39, 13, 11, 14, 0, 30, 39, 30, 33, 39, 19, 2, 21, 39, 35, 10, 22, 39, 27, 0, 18, 11, 37, 39, 30, 33, 31, 39, 13, 10, 20, 39, 4, 30, 39]
    PRED: [9, 2, 39, 30, 27, 33, 31, 39, 34, 10, 17, 39, 34, 2, 19, 30, 39, 30, 33, 39, 28, 2, 21, 39, 35, 10, 22, 39, 35, 11, 8, 11, 39, 31, 33, 31, 39, 13, 10, 20, 39, 4, 30, 39]
    Edit distance: 13/46

============================================================
Batch 118500 | Val PER: 0.2825
============================================================
  Sample 0:
    TRUE: [31, 17, 0, 19, 27, 2, 28, 17, 39, 27, 17, 19, 2, 22, 28, 16, 8, 11, 8, 39]
    PRED: [9, 2, 0, 19, 28, 2, 28, 39, 27, 17, 19, 22, 28, 8, 30, 2, 8, 39]
    Edit distance: 8/20
  Sample 1:
    TRUE: [27, 16, 7, 39, 26, 11, 7, 2, 28, 30, 39, 28, 10, 34, 27, 2, 20, 39, 28, 5, 22, 8, 39, 20, 16, 31, 2, 14, 27, 1, 13, 28, 39]
    PRED: [27, 10, 19, 28, 39, 26, 11, 28, 2, 37, 39, 10, 34, 2, 20, 39, 30, 5, 22, 8, 22, 37, 39, 20, 16, 2, 28, 14, 5, 13, 39]
    Edit distance: 16/33
  Sample 2:
    TRUE: [28, 24, 39, 27, 33, 20, 37, 39, 35, 17, 39, 21, 12, 8, 39, 16, 22, 39, 2, 22, 2, 6, 1, 29, 30, 39, 19, 2, 20, 33, 38, 2, 22, 39]
    PRED: [9, 24, 2, 39, 27, 33, 20, 28, 37, 39, 6, 17, 39, 21, 12, 22, 8, 39, 16, 22, 39, 2, 22, 13, 1, 29, 30, 39, 19, 20, 33, 38, 2, 22, 39]
    Edit distance: 8/34
  Sample 3:
    TRUE: [20, 3, 27, 17, 37, 39, 19, 0, 28, 30, 33, 21, 39, 22, 17, 8, 2, 8, 39, 6, 20, 1, 19, 39, 14, 20, 2, 34, 37, 39, 30, 33, 39, 6, 17, 39, 19, 2, 21, 26, 20, 17, 30, 20, 17, 39, 10, 20, 2, 14, 2, 22, 30, 39]
    PRED: [19, 27, 24, 12, 39, 19, 4, 28, 30, 5, 2, 21, 39, 22, 17, 8, 39, 21, 1, 19, 39, 20, 5, 34, 8, 39, 30, 33, 39, 6, 17, 39, 19, 2, 21, 26, 20, 39, 1, 20, 30, 2, 22, 8, 39]
    Edit distance: 22/54
  Sample 4:
    TRUE: [9, 2, 39, 30, 33, 31, 39, 13, 10, 27, 17, 39, 13, 11, 14, 0, 30, 39, 30, 33, 39, 19, 2, 21, 39, 35, 10, 22, 39, 27, 0, 18, 11, 37, 39, 30, 33, 31, 39, 13, 10, 20, 39, 4, 30, 39]
    PRED: [9, 2, 39, 30, 27, 33, 31, 39, 34, 10, 16, 27, 17, 39, 34, 3, 19, 30, 39, 30, 33, 39, 28, 2, 21, 39, 35, 10, 22, 39, 35, 11, 8, 11, 39, 31, 33, 31, 39, 13, 10, 20, 39, 4, 30, 39]
    Edit distance: 13/46

============================================================
Batch 119000 | Val PER: 0.2846
============================================================
  Sample 0:
    TRUE: [31, 17, 0, 19, 27, 2, 28, 17, 39, 27, 17, 19, 2, 22, 28, 16, 8, 11, 8, 39]
    PRED: [9, 16, 0, 28, 2, 28, 39, 27, 17, 22, 28, 8, 30, 2, 8, 39]
    Edit distance: 10/20
  Sample 1:
    TRUE: [27, 16, 7, 39, 26, 11, 7, 2, 28, 30, 39, 28, 10, 34, 27, 2, 20, 39, 28, 5, 22, 8, 39, 20, 16, 31, 2, 14, 27, 1, 13, 28, 39]
    PRED: [27, 10, 19, 28, 39, 26, 11, 29, 2, 37, 39, 10, 34, 11, 2, 20, 39, 30, 5, 22, 8, 37, 39, 20, 16, 17, 9, 28, 14, 5, 13, 30, 39]
    Edit distance: 16/33
  Sample 2:
    TRUE: [28, 24, 39, 27, 33, 20, 37, 39, 35, 17, 39, 21, 12, 8, 39, 16, 22, 39, 2, 22, 2, 6, 1, 29, 30, 39, 19, 2, 20, 33, 38, 2, 22, 39]
    PRED: [9, 24, 2, 39, 27, 33, 20, 28, 37, 39, 6, 17, 39, 21, 12, 8, 39, 16, 22, 39, 16, 22, 13, 1, 29, 30, 39, 19, 2, 20, 33, 38, 2, 22, 39]
    Edit distance: 7/34
  Sample 3:
    TRUE: [20, 3, 27, 17, 37, 39, 19, 0, 28, 30, 33, 21, 39, 22, 17, 8, 2, 8, 39, 6, 20, 1, 19, 39, 14, 20, 2, 34, 37, 39, 30, 33, 39, 6, 17, 39, 19, 2, 21, 26, 20, 17, 30, 20, 17, 39, 10, 20, 2, 14, 2, 22, 30, 39]
    PRED: [19, 27, 24, 12, 39, 19, 5, 28, 30, 5, 2, 21, 39, 22, 12, 8, 39, 21, 16, 19, 39, 20, 5, 34, 8, 39, 30, 33, 39, 6, 17, 39, 19, 2, 21, 26, 20, 17, 39, 1, 20, 2, 30, 2, 22, 8, 39]
    Edit distance: 22/54
  Sample 4:
    TRUE: [9, 2, 39, 30, 33, 31, 39, 13, 10, 27, 17, 39, 13, 11, 14, 0, 30, 39, 30, 33, 39, 19, 2, 21, 39, 35, 10, 22, 39, 27, 0, 18, 11, 37, 39, 30, 33, 31, 39, 13, 10, 20, 39, 4, 30, 39]
    PRED: [9, 2, 39, 30, 27, 33, 31, 39, 34, 10, 16, 27, 17, 39, 34, 16, 19, 30, 39, 30, 33, 39, 28, 2, 21, 39, 35, 10, 22, 39, 35, 11, 8, 11, 37, 39, 31, 33, 31, 39, 13, 10, 39, 4, 30, 39]
    Edit distance: 13/46

============================================================
Batch 119500 | Val PER: 0.2857
============================================================
  Sample 0:
    TRUE: [31, 17, 0, 19, 27, 2, 28, 17, 39, 27, 17, 19, 2, 22, 28, 16, 8, 11, 8, 39]
    PRED: [9, 2, 0, 28, 2, 28, 39, 27, 17, 19, 22, 28, 30, 2, 8, 39]
    Edit distance: 9/20
  Sample 1:
    TRUE: [27, 16, 7, 39, 26, 11, 7, 2, 28, 30, 39, 28, 10, 34, 27, 2, 20, 39, 28, 5, 22, 8, 39, 20, 16, 31, 2, 14, 27, 1, 13, 28, 39]
    PRED: [27, 10, 19, 28, 39, 26, 11, 28, 2, 37, 39, 10, 34, 20, 39, 30, 5, 22, 8, 37, 39, 20, 16, 2, 9, 28, 14, 5, 13, 30, 39]
    Edit distance: 17/33
  Sample 2:
    TRUE: [28, 24, 39, 27, 33, 20, 37, 39, 35, 17, 39, 21, 12, 8, 39, 16, 22, 39, 2, 22, 2, 6, 1, 29, 30, 39, 19, 2, 20, 33, 38, 2, 22, 39]
    PRED: [9, 24, 39, 27, 25, 20, 37, 39, 35, 17, 39, 21, 10, 22, 8, 39, 16, 22, 39, 2, 22, 2, 13, 27, 1, 29, 30, 39, 19, 33, 20, 33, 38, 2, 22, 39]
    Edit distance: 7/34
  Sample 3:
    TRUE: [20, 3, 27, 17, 37, 39, 19, 0, 28, 30, 33, 21, 39, 22, 17, 8, 2, 8, 39, 6, 20, 1, 19, 39, 14, 20, 2, 34, 37, 39, 30, 33, 39, 6, 17, 39, 19, 2, 21, 26, 20, 17, 30, 20, 17, 39, 10, 20, 2, 14, 2, 22, 30, 39]
    PRED: [19, 27, 24, 35, 12, 39, 19, 5, 28, 30, 5, 2, 21, 39, 22, 12, 8, 39, 21, 0, 19, 39, 8, 20, 5, 34, 39, 30, 33, 39, 6, 17, 39, 19, 2, 21, 26, 17, 20, 17, 39, 1, 20, 2, 22, 8, 39]
    Edit distance: 23/54
  Sample 4:
    TRUE: [9, 2, 39, 30, 33, 31, 39, 13, 10, 27, 17, 39, 13, 11, 14, 0, 30, 39, 30, 33, 39, 19, 2, 21, 39, 35, 10, 22, 39, 27, 0, 18, 11, 37, 39, 30, 33, 31, 39, 13, 10, 20, 39, 4, 30, 39]
    PRED: [9, 2, 39, 30, 27, 33, 31, 39, 34, 10, 16, 17, 39, 34, 3, 0, 19, 30, 39, 30, 33, 39, 28, 2, 21, 39, 35, 10, 22, 39, 35, 16, 8, 17, 11, 37, 39, 31, 33, 31, 39, 13, 10, 20, 39, 4, 30, 39]
    Edit distance: 13/46

============================================================
Batch 120000 | Val PER: 0.2845
============================================================
  Sample 0:
    TRUE: [31, 17, 0, 19, 27, 2, 28, 17, 39, 27, 17, 19, 2, 22, 28, 16, 8, 11, 8, 39]
    PRED: [9, 0, 28, 2, 28, 39, 27, 2, 17, 22, 28, 30, 2, 8, 39]
    Edit distance: 11/20
  Sample 1:
    TRUE: [27, 16, 7, 39, 26, 11, 7, 2, 28, 30, 39, 28, 10, 34, 27, 2, 20, 39, 28, 5, 22, 8, 39, 20, 16, 31, 2, 14, 27, 1, 13, 28, 39]
    PRED: [27, 10, 19, 28, 39, 26, 11, 28, 2, 8, 37, 39, 28, 10, 34, 20, 39, 30, 5, 22, 8, 37, 39, 20, 16, 14, 18, 5, 13, 30, 39]
    Edit distance: 15/33
  Sample 2:
    TRUE: [28, 24, 39, 27, 33, 20, 37, 39, 35, 17, 39, 21, 12, 8, 39, 16, 22, 39, 2, 22, 2, 6, 1, 29, 30, 39, 19, 2, 20, 33, 38, 2, 22, 39]
    PRED: [9, 24, 39, 27, 33, 20, 37, 39, 35, 17, 39, 21, 5, 22, 8, 39, 16, 22, 39, 2, 22, 13, 1, 29, 30, 39, 19, 2, 20, 33, 38, 2, 22, 39]
    Edit distance: 5/34
  Sample 3:
    TRUE: [20, 3, 27, 17, 37, 39, 19, 0, 28, 30, 33, 21, 39, 22, 17, 8, 2, 8, 39, 6, 20, 1, 19, 39, 14, 20, 2, 34, 37, 39, 30, 33, 39, 6, 17, 39, 19, 2, 21, 26, 20, 17, 30, 20, 17, 39, 10, 20, 2, 14, 2, 22, 30, 39]
    PRED: [19, 27, 24, 12, 39, 19, 1, 30, 5, 2, 21, 39, 22, 17, 8, 39, 21, 1, 19, 39, 8, 20, 5, 34, 8, 39, 30, 33, 39, 6, 17, 39, 19, 2, 21, 26, 20, 17, 39, 1, 20, 2, 22, 39]
    Edit distance: 22/54
  Sample 4:
    TRUE: [9, 2, 39, 30, 33, 31, 39, 13, 10, 27, 17, 39, 13, 11, 14, 0, 30, 39, 30, 33, 39, 19, 2, 21, 39, 35, 10, 22, 39, 27, 0, 18, 11, 37, 39, 30, 33, 31, 39, 13, 10, 20, 39, 4, 30, 39]
    PRED: [9, 2, 39, 30, 33, 31, 39, 34, 10, 39, 34, 3, 19, 19, 30, 39, 30, 33, 39, 28, 2, 21, 39, 35, 10, 22, 39, 35, 11, 8, 11, 37, 39, 31, 33, 31, 39, 13, 10, 20, 20, 39, 4, 30, 39]
    Edit distance: 13/46

============================================================
Batch 120500 | Val PER: 0.2815
============================================================
  Sample 0:
    TRUE: [31, 17, 0, 19, 27, 2, 28, 17, 39, 27, 17, 19, 2, 22, 28, 16, 8, 11, 8, 39]
    PRED: [9, 16, 0, 28, 2, 28, 39, 27, 2, 17, 22, 2, 2, 30, 2, 8, 39]
    Edit distance: 12/20
  Sample 1:
    TRUE: [27, 16, 7, 39, 26, 11, 7, 2, 28, 30, 39, 28, 10, 34, 27, 2, 20, 39, 28, 5, 22, 8, 39, 20, 16, 31, 2, 14, 27, 1, 13, 28, 39]
    PRED: [27, 10, 19, 28, 39, 26, 11, 28, 2, 37, 39, 10, 34, 2, 20, 39, 30, 5, 22, 8, 39, 20, 16, 9, 28, 5, 13, 39]
    Edit distance: 15/33
  Sample 2:
    TRUE: [28, 24, 39, 27, 33, 20, 37, 39, 35, 17, 39, 21, 12, 8, 39, 16, 22, 39, 2, 22, 2, 6, 1, 29, 30, 39, 19, 2, 20, 33, 38, 2, 22, 39]
    PRED: [9, 24, 39, 27, 33, 20, 37, 39, 6, 17, 39, 21, 12, 8, 39, 16, 22, 39, 2, 22, 13, 27, 1, 29, 30, 39, 19, 33, 20, 33, 38, 2, 22, 39]
    Edit distance: 5/34
  Sample 3:
    TRUE: [20, 3, 27, 17, 37, 39, 19, 0, 28, 30, 33, 21, 39, 22, 17, 8, 2, 8, 39, 6, 20, 1, 19, 39, 14, 20, 2, 34, 37, 39, 30, 33, 39, 6, 17, 39, 19, 2, 21, 26, 20, 17, 30, 20, 17, 39, 10, 20, 2, 14, 2, 22, 30, 39]
    PRED: [19, 27, 24, 35, 12, 39, 19, 1, 28, 30, 2, 21, 39, 22, 17, 8, 39, 21, 1, 19, 39, 14, 20, 5, 34, 8, 39, 30, 33, 39, 6, 17, 39, 19, 2, 21, 26, 20, 17, 39, 1, 20, 2, 22, 8, 39]
    Edit distance: 20/54
  Sample 4:
    TRUE: [9, 2, 39, 30, 33, 31, 39, 13, 10, 27, 17, 39, 13, 11, 14, 0, 30, 39, 30, 33, 39, 19, 2, 21, 39, 35, 10, 22, 39, 27, 0, 18, 11, 37, 39, 30, 33, 31, 39, 13, 10, 20, 39, 4, 30, 39]
    PRED: [9, 2, 39, 30, 33, 31, 39, 34, 10, 27, 39, 34, 3, 19, 0, 19, 30, 39, 30, 33, 39, 28, 2, 21, 39, 35, 10, 22, 39, 35, 11, 16, 8, 11, 37, 39, 31, 33, 31, 39, 13, 10, 20, 39, 4, 30, 39]
    Edit distance: 12/46

============================================================
Batch 121000 | Val PER: 0.2821
============================================================
  Sample 0:
    TRUE: [31, 17, 0, 19, 27, 2, 28, 17, 39, 27, 17, 19, 2, 22, 28, 16, 8, 11, 8, 39]
    PRED: [9, 16, 0, 28, 39, 27, 2, 17, 22, 28, 2, 30, 2, 8, 11, 39]
    Edit distance: 13/20
  Sample 1:
    TRUE: [27, 16, 7, 39, 26, 11, 7, 2, 28, 30, 39, 28, 10, 34, 27, 2, 20, 39, 28, 5, 22, 8, 39, 20, 16, 31, 2, 14, 27, 1, 13, 28, 39]
    PRED: [27, 10, 19, 28, 30, 39, 26, 11, 29, 2, 37, 39, 10, 34, 2, 20, 39, 30, 5, 22, 8, 37, 39, 20, 16, 28, 14, 5, 13, 39]
    Edit distance: 16/33
  Sample 2:
    TRUE: [28, 24, 39, 27, 33, 20, 37, 39, 35, 17, 39, 21, 12, 8, 39, 16, 22, 39, 2, 22, 2, 6, 1, 29, 30, 39, 19, 2, 20, 33, 38, 2, 22, 39]
    PRED: [9, 24, 39, 27, 33, 20, 37, 39, 21, 17, 39, 21, 12, 8, 39, 16, 22, 39, 2, 22, 13, 27, 1, 29, 30, 39, 19, 33, 20, 33, 38, 2, 22, 39]
    Edit distance: 5/34
  Sample 3:
    TRUE: [20, 3, 27, 17, 37, 39, 19, 0, 28, 30, 33, 21, 39, 22, 17, 8, 2, 8, 39, 6, 20, 1, 19, 39, 14, 20, 2, 34, 37, 39, 30, 33, 39, 6, 17, 39, 19, 2, 21, 26, 20, 17, 30, 20, 17, 39, 10, 20, 2, 14, 2, 22, 30, 39]
    PRED: [19, 27, 24, 35, 12, 39, 19, 1, 28, 30, 2, 21, 39, 22, 17, 8, 39, 21, 0, 19, 39, 14, 20, 5, 34, 8, 39, 30, 33, 39, 6, 17, 39, 19, 2, 21, 26, 2, 20, 20, 17, 39, 1, 20, 2, 22, 8, 39]
    Edit distance: 21/54
  Sample 4:
    TRUE: [9, 2, 39, 30, 33, 31, 39, 13, 10, 27, 17, 39, 13, 11, 14, 0, 30, 39, 30, 33, 39, 19, 2, 21, 39, 35, 10, 22, 39, 27, 0, 18, 11, 37, 39, 30, 33, 31, 39, 13, 10, 20, 39, 4, 30, 39]
    PRED: [9, 2, 39, 30, 33, 31, 39, 34, 10, 27, 39, 34, 3, 19, 0, 19, 30, 39, 30, 33, 39, 28, 2, 21, 39, 35, 10, 22, 8, 39, 35, 11, 8, 11, 37, 39, 31, 33, 31, 39, 13, 10, 20, 39, 4, 30, 39]
    Edit distance: 12/46

============================================================
Batch 121500 | Val PER: 0.2812
============================================================
  Sample 0:
    TRUE: [31, 17, 0, 19, 27, 2, 28, 17, 39, 27, 17, 19, 2, 22, 28, 16, 8, 11, 8, 39]
    PRED: [9, 0, 28, 19, 28, 39, 27, 17, 19, 22, 28, 12, 30, 8, 39]
    Edit distance: 10/20
  Sample 1:
    TRUE: [27, 16, 7, 39, 26, 11, 7, 2, 28, 30, 39, 28, 10, 34, 27, 2, 20, 39, 28, 5, 22, 8, 39, 20, 16, 31, 2, 14, 27, 1, 13, 28, 39]
    PRED: [27, 10, 28, 39, 26, 11, 28, 2, 37, 39, 10, 34, 2, 20, 39, 30, 5, 22, 8, 37, 39, 20, 16, 9, 28, 14, 5, 13, 39]
    Edit distance: 14/33
  Sample 2:
    TRUE: [28, 24, 39, 27, 33, 20, 37, 39, 35, 17, 39, 21, 12, 8, 39, 16, 22, 39, 2, 22, 2, 6, 1, 29, 30, 39, 19, 2, 20, 33, 38, 2, 22, 39]
    PRED: [9, 24, 39, 27, 33, 20, 37, 39, 35, 17, 39, 21, 12, 8, 39, 16, 22, 39, 2, 22, 13, 27, 1, 29, 39, 19, 33, 20, 33, 38, 2, 22, 39]
    Edit distance: 5/34
  Sample 3:
    TRUE: [20, 3, 27, 17, 37, 39, 19, 0, 28, 30, 33, 21, 39, 22, 17, 8, 2, 8, 39, 6, 20, 1, 19, 39, 14, 20, 2, 34, 37, 39, 30, 33, 39, 6, 17, 39, 19, 2, 21, 26, 20, 17, 30, 20, 17, 39, 10, 20, 2, 14, 2, 22, 30, 39]
    PRED: [27, 24, 35, 12, 39, 19, 4, 28, 30, 2, 21, 39, 22, 12, 8, 39, 21, 0, 19, 39, 20, 5, 34, 8, 39, 30, 33, 39, 6, 17, 39, 19, 2, 21, 26, 2, 20, 20, 17, 39, 1, 20, 2, 22, 8, 39]
    Edit distance: 23/54
  Sample 4:
    TRUE: [9, 2, 39, 30, 33, 31, 39, 13, 10, 27, 17, 39, 13, 11, 14, 0, 30, 39, 30, 33, 39, 19, 2, 21, 39, 35, 10, 22, 39, 27, 0, 18, 11, 37, 39, 30, 33, 31, 39, 13, 10, 20, 39, 4, 30, 39]
    PRED: [9, 2, 39, 30, 27, 33, 31, 39, 34, 10, 27, 39, 34, 3, 19, 0, 19, 30, 39, 30, 33, 39, 28, 2, 21, 39, 35, 10, 22, 39, 35, 11, 8, 11, 37, 39, 31, 33, 31, 39, 13, 10, 20, 39, 4, 30, 39]
    Edit distance: 12/46

============================================================
Batch 122000 | Val PER: 0.2821
============================================================
  Sample 0:
    TRUE: [31, 17, 0, 19, 27, 2, 28, 17, 39, 27, 17, 19, 2, 22, 28, 16, 8, 11, 8, 39]
    PRED: [9, 16, 2, 0, 28, 2, 28, 39, 27, 2, 17, 14, 19, 28, 22, 28, 12, 30, 2, 8, 39]
    Edit distance: 12/20
  Sample 1:
    TRUE: [27, 16, 7, 39, 26, 11, 7, 2, 28, 30, 39, 28, 10, 34, 27, 2, 20, 39, 28, 5, 22, 8, 39, 20, 16, 31, 2, 14, 27, 1, 13, 28, 39]
    PRED: [27, 10, 19, 28, 39, 26, 11, 28, 2, 37, 39, 10, 34, 20, 39, 30, 5, 22, 2, 8, 37, 39, 20, 16, 9, 28, 14, 5, 13, 30, 39]
    Edit distance: 17/33
  Sample 2:
    TRUE: [28, 24, 39, 27, 33, 20, 37, 39, 35, 17, 39, 21, 12, 8, 39, 16, 22, 39, 2, 22, 2, 6, 1, 29, 30, 39, 19, 2, 20, 33, 38, 2, 22, 39]
    PRED: [9, 24, 39, 27, 33, 20, 37, 39, 6, 17, 39, 21, 12, 8, 39, 16, 22, 39, 2, 22, 13, 27, 1, 29, 30, 39, 19, 33, 20, 33, 38, 2, 22, 39]
    Edit distance: 5/34
  Sample 3:
    TRUE: [20, 3, 27, 17, 37, 39, 19, 0, 28, 30, 33, 21, 39, 22, 17, 8, 2, 8, 39, 6, 20, 1, 19, 39, 14, 20, 2, 34, 37, 39, 30, 33, 39, 6, 17, 39, 19, 2, 21, 26, 20, 17, 30, 20, 17, 39, 10, 20, 2, 14, 2, 22, 30, 39]
    PRED: [19, 27, 24, 12, 39, 19, 4, 28, 30, 2, 21, 39, 22, 12, 8, 39, 21, 1, 19, 39, 14, 20, 5, 34, 8, 39, 30, 33, 39, 6, 17, 39, 19, 2, 21, 26, 20, 17, 39, 1, 20, 2, 22, 8, 39]
    Edit distance: 20/54
  Sample 4:
    TRUE: [9, 2, 39, 30, 33, 31, 39, 13, 10, 27, 17, 39, 13, 11, 14, 0, 30, 39, 30, 33, 39, 19, 2, 21, 39, 35, 10, 22, 39, 27, 0, 18, 11, 37, 39, 30, 33, 31, 39, 13, 10, 20, 39, 4, 30, 39]
    PRED: [9, 2, 39, 30, 33, 31, 39, 34, 10, 39, 34, 3, 0, 19, 30, 39, 30, 33, 39, 30, 28, 2, 21, 39, 35, 10, 22, 8, 39, 35, 11, 8, 17, 11, 37, 39, 31, 33, 31, 39, 13, 10, 20, 39, 4, 30, 39]
    Edit distance: 15/46

============================================================
Batch 122500 | Val PER: 0.2808
============================================================
  Sample 0:
    TRUE: [31, 17, 0, 19, 27, 2, 28, 17, 39, 27, 17, 19, 2, 22, 28, 16, 8, 11, 8, 39]
    PRED: [9, 2, 0, 28, 39, 27, 2, 17, 14, 19, 22, 28, 2, 30, 8, 39]
    Edit distance: 12/20
  Sample 1:
    TRUE: [27, 16, 7, 39, 26, 11, 7, 2, 28, 30, 39, 28, 10, 34, 27, 2, 20, 39, 28, 5, 22, 8, 39, 20, 16, 31, 2, 14, 27, 1, 13, 28, 39]
    PRED: [27, 10, 19, 28, 39, 26, 11, 28, 2, 37, 39, 10, 34, 11, 20, 39, 30, 5, 22, 37, 39, 20, 16, 9, 14, 5, 13, 39]
    Edit distance: 16/33
  Sample 2:
    TRUE: [28, 24, 39, 27, 33, 20, 37, 39, 35, 17, 39, 21, 12, 8, 39, 16, 22, 39, 2, 22, 2, 6, 1, 29, 30, 39, 19, 2, 20, 33, 38, 2, 22, 39]
    PRED: [9, 24, 2, 39, 27, 33, 20, 37, 39, 35, 17, 39, 21, 12, 8, 39, 16, 22, 39, 2, 22, 27, 1, 29, 30, 39, 19, 33, 20, 33, 38, 2, 22, 39]
    Edit distance: 5/34
  Sample 3:
    TRUE: [20, 3, 27, 17, 37, 39, 19, 0, 28, 30, 33, 21, 39, 22, 17, 8, 2, 8, 39, 6, 20, 1, 19, 39, 14, 20, 2, 34, 37, 39, 30, 33, 39, 6, 17, 39, 19, 2, 21, 26, 20, 17, 30, 20, 17, 39, 10, 20, 2, 14, 2, 22, 30, 39]
    PRED: [19, 27, 24, 12, 39, 19, 1, 28, 30, 2, 21, 39, 22, 12, 8, 39, 21, 16, 19, 39, 14, 20, 5, 34, 8, 39, 30, 33, 39, 6, 17, 39, 19, 2, 21, 26, 2, 20, 20, 17, 39, 1, 20, 2, 22, 8, 39]
    Edit distance: 21/54
  Sample 4:
    TRUE: [9, 2, 39, 30, 33, 31, 39, 13, 10, 27, 17, 39, 13, 11, 14, 0, 30, 39, 30, 33, 39, 19, 2, 21, 39, 35, 10, 22, 39, 27, 0, 18, 11, 37, 39, 30, 33, 31, 39, 13, 10, 20, 39, 4, 30, 39]
    PRED: [9, 2, 39, 30, 33, 31, 39, 34, 10, 16, 17, 39, 34, 3, 19, 0, 19, 30, 39, 30, 33, 39, 28, 2, 21, 39, 35, 10, 22, 39, 35, 11, 8, 11, 37, 39, 31, 33, 31, 39, 13, 10, 20, 39, 4, 30, 39]
    Edit distance: 11/46

============================================================
Batch 123000 | Val PER: 0.2841
============================================================
  Sample 0:
    TRUE: [31, 17, 0, 19, 27, 2, 28, 17, 39, 27, 17, 19, 2, 22, 28, 16, 8, 11, 8, 39]
    PRED: [9, 2, 0, 19, 28, 39, 27, 17, 14, 19, 22, 28, 2, 30, 2, 8, 39]
    Edit distance: 10/20
  Sample 1:
    TRUE: [27, 16, 7, 39, 26, 11, 7, 2, 28, 30, 39, 28, 10, 34, 27, 2, 20, 39, 28, 5, 22, 8, 39, 20, 16, 31, 2, 14, 27, 1, 13, 28, 39]
    PRED: [27, 10, 19, 28, 39, 26, 11, 28, 2, 37, 39, 28, 10, 34, 20, 39, 30, 5, 22, 8, 37, 39, 20, 16, 17, 9, 14, 18, 5, 13, 39]
    Edit distance: 15/33
  Sample 2:
    TRUE: [28, 24, 39, 27, 33, 20, 37, 39, 35, 17, 39, 21, 12, 8, 39, 16, 22, 39, 2, 22, 2, 6, 1, 29, 30, 39, 19, 2, 20, 33, 38, 2, 22, 39]
    PRED: [9, 24, 2, 39, 27, 33, 20, 37, 39, 35, 17, 39, 21, 12, 8, 39, 16, 22, 39, 2, 22, 27, 1, 29, 30, 39, 19, 33, 20, 33, 38, 2, 22, 39]
    Edit distance: 5/34
  Sample 3:
    TRUE: [20, 3, 27, 17, 37, 39, 19, 0, 28, 30, 33, 21, 39, 22, 17, 8, 2, 8, 39, 6, 20, 1, 19, 39, 14, 20, 2, 34, 37, 39, 30, 33, 39, 6, 17, 39, 19, 2, 21, 26, 20, 17, 30, 20, 17, 39, 10, 20, 2, 14, 2, 22, 30, 39]
    PRED: [19, 27, 24, 12, 39, 19, 5, 28, 2, 21, 39, 22, 12, 8, 39, 21, 16, 19, 39, 14, 20, 5, 34, 8, 39, 30, 33, 39, 6, 17, 39, 19, 2, 21, 26, 20, 17, 39, 1, 20, 30, 8, 39]
    Edit distance: 24/54
  Sample 4:
    TRUE: [9, 2, 39, 30, 33, 31, 39, 13, 10, 27, 17, 39, 13, 11, 14, 0, 30, 39, 30, 33, 39, 19, 2, 21, 39, 35, 10, 22, 39, 27, 0, 18, 11, 37, 39, 30, 33, 31, 39, 13, 10, 20, 39, 4, 30, 39]
    PRED: [9, 2, 39, 30, 33, 31, 39, 13, 10, 16, 39, 34, 3, 0, 19, 30, 39, 30, 33, 39, 28, 2, 21, 39, 35, 10, 22, 39, 35, 11, 8, 11, 37, 39, 31, 33, 31, 39, 13, 10, 20, 39, 4, 30, 39]
    Edit distance: 11/46

============================================================
Batch 123500 | Val PER: 0.2833
============================================================
  Sample 0:
    TRUE: [31, 17, 0, 19, 27, 2, 28, 17, 39, 27, 17, 19, 2, 22, 28, 16, 8, 11, 8, 39]
    PRED: [9, 2, 0, 19, 28, 39, 27, 2, 17, 14, 19, 2, 22, 28, 2, 30, 2, 8, 39]
    Edit distance: 10/20
  Sample 1:
    TRUE: [27, 16, 7, 39, 26, 11, 7, 2, 28, 30, 39, 28, 10, 34, 27, 2, 20, 39, 28, 5, 22, 8, 39, 20, 16, 31, 2, 14, 27, 1, 13, 28, 39]
    PRED: [27, 10, 19, 28, 39, 26, 11, 29, 2, 37, 39, 10, 34, 2, 20, 39, 30, 5, 22, 2, 8, 37, 39, 20, 16, 9, 14, 5, 13, 39]
    Edit distance: 16/33
  Sample 2:
    TRUE: [28, 24, 39, 27, 33, 20, 37, 39, 35, 17, 39, 21, 12, 8, 39, 16, 22, 39, 2, 22, 2, 6, 1, 29, 30, 39, 19, 2, 20, 33, 38, 2, 22, 39]
    PRED: [9, 24, 2, 39, 27, 25, 20, 37, 39, 35, 17, 39, 21, 12, 22, 8, 39, 16, 22, 39, 2, 22, 27, 1, 29, 39, 19, 2, 20, 33, 38, 2, 22, 39]
    Edit distance: 7/34
  Sample 3:
    TRUE: [20, 3, 27, 17, 37, 39, 19, 0, 28, 30, 33, 21, 39, 22, 17, 8, 2, 8, 39, 6, 20, 1, 19, 39, 14, 20, 2, 34, 37, 39, 30, 33, 39, 6, 17, 39, 19, 2, 21, 26, 20, 17, 30, 20, 17, 39, 10, 20, 2, 14, 2, 22, 30, 39]
    PRED: [19, 27, 24, 12, 39, 19, 28, 30, 2, 21, 39, 22, 12, 8, 39, 21, 1, 19, 39, 14, 20, 5, 34, 8, 39, 30, 33, 39, 6, 17, 39, 19, 2, 21, 26, 2, 20, 17, 39, 1, 20, 2, 22, 8, 39]
    Edit distance: 20/54
  Sample 4:
    TRUE: [9, 2, 39, 30, 33, 31, 39, 13, 10, 27, 17, 39, 13, 11, 14, 0, 30, 39, 30, 33, 39, 19, 2, 21, 39, 35, 10, 22, 39, 27, 0, 18, 11, 37, 39, 30, 33, 31, 39, 13, 10, 20, 39, 4, 30, 39]
    PRED: [9, 2, 39, 7, 27, 33, 31, 39, 34, 10, 16, 17, 39, 34, 3, 0, 19, 30, 39, 30, 33, 39, 28, 2, 21, 39, 35, 10, 22, 8, 39, 35, 11, 8, 11, 37, 39, 31, 33, 31, 39, 13, 10, 20, 39, 4, 30, 39]
    Edit distance: 14/46

============================================================
Batch 124000 | Val PER: 0.2825
============================================================
  Sample 0:
    TRUE: [31, 17, 0, 19, 27, 2, 28, 17, 39, 27, 17, 19, 2, 22, 28, 16, 8, 11, 8, 39]
    PRED: [9, 2, 0, 19, 28, 2, 28, 39, 27, 2, 17, 14, 19, 2, 22, 28, 2, 30, 2, 8, 39]
    Edit distance: 9/20
  Sample 1:
    TRUE: [27, 16, 7, 39, 26, 11, 7, 2, 28, 30, 39, 28, 10, 34, 27, 2, 20, 39, 28, 5, 22, 8, 39, 20, 16, 31, 2, 14, 27, 1, 13, 28, 39]
    PRED: [27, 10, 19, 28, 39, 26, 11, 29, 2, 37, 39, 10, 34, 20, 39, 30, 5, 22, 8, 37, 39, 20, 16, 9, 14, 5, 13, 39]
    Edit distance: 16/33
  Sample 2:
    TRUE: [28, 24, 39, 27, 33, 20, 37, 39, 35, 17, 39, 21, 12, 8, 39, 16, 22, 39, 2, 22, 2, 6, 1, 29, 30, 39, 19, 2, 20, 33, 38, 2, 22, 39]
    PRED: [9, 24, 2, 39, 27, 25, 20, 37, 39, 35, 17, 39, 21, 12, 22, 8, 39, 16, 22, 39, 2, 22, 1, 29, 30, 39, 19, 33, 20, 33, 38, 2, 22, 39]
    Edit distance: 7/34
  Sample 3:
    TRUE: [20, 3, 27, 17, 37, 39, 19, 0, 28, 30, 33, 21, 39, 22, 17, 8, 2, 8, 39, 6, 20, 1, 19, 39, 14, 20, 2, 34, 37, 39, 30, 33, 39, 6, 17, 39, 19, 2, 21, 26, 20, 17, 30, 20, 17, 39, 10, 20, 2, 14, 2, 22, 30, 39]
    PRED: [19, 27, 24, 17, 12, 39, 19, 5, 28, 19, 30, 2, 21, 39, 22, 12, 8, 39, 21, 1, 19, 39, 14, 20, 5, 34, 8, 39, 30, 33, 39, 6, 17, 39, 19, 2, 21, 26, 20, 39, 1, 20, 2, 22, 39]
    Edit distance: 22/54
  Sample 4:
    TRUE: [9, 2, 39, 30, 33, 31, 39, 13, 10, 27, 17, 39, 13, 11, 14, 0, 30, 39, 30, 33, 39, 19, 2, 21, 39, 35, 10, 22, 39, 27, 0, 18, 11, 37, 39, 30, 33, 31, 39, 13, 10, 20, 39, 4, 30, 39]
    PRED: [9, 2, 39, 30, 27, 33, 31, 39, 34, 10, 27, 17, 39, 34, 3, 0, 19, 2, 30, 39, 30, 33, 39, 28, 2, 21, 39, 35, 10, 22, 39, 35, 17, 8, 11, 37, 39, 31, 33, 31, 39, 13, 10, 20, 39, 4, 30, 39]
    Edit distance: 12/46

============================================================
Batch 124500 | Val PER: 0.2820
============================================================
  Sample 0:
    TRUE: [31, 17, 0, 19, 27, 2, 28, 17, 39, 27, 17, 19, 2, 22, 28, 16, 8, 11, 8, 39]
    PRED: [9, 17, 0, 19, 28, 39, 27, 2, 17, 14, 19, 22, 28, 2, 30, 2, 8, 39]
    Edit distance: 10/20
  Sample 1:
    TRUE: [27, 16, 7, 39, 26, 11, 7, 2, 28, 30, 39, 28, 10, 34, 27, 2, 20, 39, 28, 5, 22, 8, 39, 20, 16, 31, 2, 14, 27, 1, 13, 28, 39]
    PRED: [27, 10, 19, 28, 30, 39, 26, 11, 28, 2, 37, 39, 10, 34, 20, 39, 30, 5, 22, 2, 8, 37, 39, 20, 16, 9, 14, 5, 13, 39]
    Edit distance: 18/33
  Sample 2:
    TRUE: [28, 24, 39, 27, 33, 20, 37, 39, 35, 17, 39, 21, 12, 8, 39, 16, 22, 39, 2, 22, 2, 6, 1, 29, 30, 39, 19, 2, 20, 33, 38, 2, 22, 39]
    PRED: [9, 24, 2, 39, 27, 33, 20, 37, 39, 35, 17, 39, 21, 10, 8, 39, 16, 22, 39, 2, 22, 2, 27, 1, 28, 30, 39, 19, 33, 20, 33, 38, 2, 22, 39]
    Edit distance: 6/34
  Sample 3:
    TRUE: [20, 3, 27, 17, 37, 39, 19, 0, 28, 30, 33, 21, 39, 22, 17, 8, 2, 8, 39, 6, 20, 1, 19, 39, 14, 20, 2, 34, 37, 39, 30, 33, 39, 6, 17, 39, 19, 2, 21, 26, 20, 17, 30, 20, 17, 39, 10, 20, 2, 14, 2, 22, 30, 39]
    PRED: [19, 27, 24, 35, 12, 39, 19, 4, 30, 2, 21, 39, 22, 17, 8, 39, 21, 1, 19, 39, 14, 20, 5, 34, 37, 39, 30, 33, 39, 6, 17, 39, 19, 2, 21, 26, 20, 17, 39, 1, 20, 2, 22, 39]
    Edit distance: 20/54
  Sample 4:
    TRUE: [9, 2, 39, 30, 33, 31, 39, 13, 10, 27, 17, 39, 13, 11, 14, 0, 30, 39, 30, 33, 39, 19, 2, 21, 39, 35, 10, 22, 39, 27, 0, 18, 11, 37, 39, 30, 33, 31, 39, 13, 10, 20, 39, 4, 30, 39]
    PRED: [9, 2, 39, 30, 27, 33, 31, 39, 34, 10, 27, 17, 39, 34, 3, 19, 30, 39, 30, 33, 39, 28, 2, 21, 39, 35, 10, 22, 39, 35, 17, 16, 8, 11, 37, 39, 31, 33, 31, 39, 13, 10, 20, 39, 4, 30, 39]
    Edit distance: 12/46

============================================================
Batch 125000 | Val PER: 0.2827
============================================================
  Sample 0:
    TRUE: [31, 17, 0, 19, 27, 2, 28, 17, 39, 27, 17, 19, 2, 22, 28, 16, 8, 11, 8, 39]
    PRED: [9, 0, 28, 39, 27, 2, 17, 14, 19, 22, 28, 2, 30, 2, 8, 39]
    Edit distance: 12/20
  Sample 1:
    TRUE: [27, 16, 7, 39, 26, 11, 7, 2, 28, 30, 39, 28, 10, 34, 27, 2, 20, 39, 28, 5, 22, 8, 39, 20, 16, 31, 2, 14, 27, 1, 13, 28, 39]
    PRED: [27, 10, 19, 28, 39, 26, 11, 29, 2, 37, 39, 10, 34, 20, 39, 30, 5, 22, 8, 37, 39, 20, 16, 9, 5, 13, 39]
    Edit distance: 17/33
  Sample 2:
    TRUE: [28, 24, 39, 27, 33, 20, 37, 39, 35, 17, 39, 21, 12, 8, 39, 16, 22, 39, 2, 22, 2, 6, 1, 29, 30, 39, 19, 2, 20, 33, 38, 2, 22, 39]
    PRED: [9, 24, 2, 39, 27, 33, 20, 37, 39, 6, 17, 39, 21, 12, 22, 8, 39, 16, 22, 39, 16, 22, 2, 13, 27, 1, 28, 30, 39, 19, 33, 20, 33, 38, 2, 22, 39]
    Edit distance: 9/34
  Sample 3:
    TRUE: [20, 3, 27, 17, 37, 39, 19, 0, 28, 30, 33, 21, 39, 22, 17, 8, 2, 8, 39, 6, 20, 1, 19, 39, 14, 20, 2, 34, 37, 39, 30, 33, 39, 6, 17, 39, 19, 2, 21, 26, 20, 17, 30, 20, 17, 39, 10, 20, 2, 14, 2, 22, 30, 39]
    PRED: [19, 27, 24, 12, 39, 19, 5, 28, 30, 2, 21, 39, 22, 12, 8, 39, 21, 1, 19, 39, 14, 20, 5, 34, 8, 39, 30, 33, 39, 6, 17, 39, 19, 2, 21, 26, 20, 39, 1, 20, 2, 22, 8, 39]
    Edit distance: 21/54
  Sample 4:
    TRUE: [9, 2, 39, 30, 33, 31, 39, 13, 10, 27, 17, 39, 13, 11, 14, 0, 30, 39, 30, 33, 39, 19, 2, 21, 39, 35, 10, 22, 39, 27, 0, 18, 11, 37, 39, 30, 33, 31, 39, 13, 10, 20, 39, 4, 30, 39]
    PRED: [9, 2, 39, 7, 33, 31, 39, 34, 10, 27, 17, 39, 34, 3, 19, 30, 39, 30, 33, 39, 28, 2, 21, 39, 35, 10, 22, 39, 35, 17, 8, 11, 37, 39, 31, 33, 31, 39, 13, 10, 20, 39, 4, 30, 39]
    Edit distance: 11/46

============================================================
Batch 125500 | Val PER: 0.2823
============================================================
  Sample 0:
    TRUE: [31, 17, 0, 19, 27, 2, 28, 17, 39, 27, 17, 19, 2, 22, 28, 16, 8, 11, 8, 39]
    PRED: [9, 39, 0, 28, 2, 28, 39, 27, 2, 14, 19, 2, 22, 28, 2, 30, 8, 39]
    Edit distance: 10/20
  Sample 1:
    TRUE: [27, 16, 7, 39, 26, 11, 7, 2, 28, 30, 39, 28, 10, 34, 27, 2, 20, 39, 28, 5, 22, 8, 39, 20, 16, 31, 2, 14, 27, 1, 13, 28, 39]
    PRED: [27, 10, 19, 28, 39, 26, 11, 29, 2, 37, 39, 28, 10, 34, 20, 39, 28, 5, 22, 8, 37, 39, 20, 16, 9, 14, 5, 13, 39]
    Edit distance: 14/33
  Sample 2:
    TRUE: [28, 24, 39, 27, 33, 20, 37, 39, 35, 17, 39, 21, 12, 8, 39, 16, 22, 39, 2, 22, 2, 6, 1, 29, 30, 39, 19, 2, 20, 33, 38, 2, 22, 39]
    PRED: [9, 2, 39, 27, 33, 20, 37, 39, 35, 17, 39, 21, 12, 8, 39, 16, 22, 39, 2, 22, 13, 27, 1, 29, 30, 39, 19, 33, 20, 33, 38, 2, 22, 39]
    Edit distance: 5/34
  Sample 3:
    TRUE: [20, 3, 27, 17, 37, 39, 19, 0, 28, 30, 33, 21, 39, 22, 17, 8, 2, 8, 39, 6, 20, 1, 19, 39, 14, 20, 2, 34, 37, 39, 30, 33, 39, 6, 17, 39, 19, 2, 21, 26, 20, 17, 30, 20, 17, 39, 10, 20, 2, 14, 2, 22, 30, 39]
    PRED: [19, 27, 24, 17, 12, 39, 19, 4, 28, 30, 5, 2, 21, 39, 22, 12, 8, 39, 21, 16, 19, 39, 14, 20, 5, 34, 37, 39, 30, 33, 39, 6, 17, 39, 19, 2, 21, 26, 20, 39, 1, 20, 2, 22, 8, 39]
    Edit distance: 22/54
  Sample 4:
    TRUE: [9, 2, 39, 30, 33, 31, 39, 13, 10, 27, 17, 39, 13, 11, 14, 0, 30, 39, 30, 33, 39, 19, 2, 21, 39, 35, 10, 22, 39, 27, 0, 18, 11, 37, 39, 30, 33, 31, 39, 13, 10, 20, 39, 4, 30, 39]
    PRED: [9, 2, 39, 30, 36, 33, 31, 39, 34, 10, 27, 17, 39, 13, 3, 19, 30, 39, 30, 33, 39, 28, 2, 21, 39, 35, 10, 22, 39, 35, 11, 8, 11, 37, 39, 31, 33, 31, 39, 13, 10, 20, 39, 4, 30, 39]
    Edit distance: 10/46

============================================================
Batch 126000 | Val PER: 0.2805
============================================================
  Sample 0:
    TRUE: [31, 17, 0, 19, 27, 2, 28, 17, 39, 27, 17, 19, 2, 22, 28, 16, 8, 11, 8, 39]
    PRED: [9, 2, 0, 28, 2, 28, 39, 27, 2, 22, 28, 2, 30, 8, 39]
    Edit distance: 10/20
  Sample 1:
    TRUE: [27, 16, 7, 39, 26, 11, 7, 2, 28, 30, 39, 28, 10, 34, 27, 2, 20, 39, 28, 5, 22, 8, 39, 20, 16, 31, 2, 14, 27, 1, 13, 28, 39]
    PRED: [27, 10, 19, 28, 39, 26, 11, 28, 2, 37, 39, 10, 34, 2, 20, 39, 5, 22, 8, 37, 39, 20, 16, 9, 2, 5, 13, 39]
    Edit distance: 15/33
  Sample 2:
    TRUE: [28, 24, 39, 27, 33, 20, 37, 39, 35, 17, 39, 21, 12, 8, 39, 16, 22, 39, 2, 22, 2, 6, 1, 29, 30, 39, 19, 2, 20, 33, 38, 2, 22, 39]
    PRED: [9, 2, 39, 27, 33, 20, 28, 37, 39, 35, 17, 39, 21, 12, 8, 39, 16, 22, 39, 2, 22, 2, 13, 27, 1, 28, 30, 39, 19, 33, 20, 33, 38, 2, 22, 39]
    Edit distance: 7/34
  Sample 3:
    TRUE: [20, 3, 27, 17, 37, 39, 19, 0, 28, 30, 33, 21, 39, 22, 17, 8, 2, 8, 39, 6, 20, 1, 19, 39, 14, 20, 2, 34, 37, 39, 30, 33, 39, 6, 17, 39, 19, 2, 21, 26, 20, 17, 30, 20, 17, 39, 10, 20, 2, 14, 2, 22, 30, 39]
    PRED: [19, 27, 24, 12, 39, 19, 1, 28, 30, 5, 2, 21, 39, 22, 12, 8, 39, 21, 16, 19, 39, 20, 5, 34, 39, 30, 33, 39, 6, 17, 39, 19, 2, 21, 26, 2, 20, 39, 1, 20, 2, 22, 8, 39]
    Edit distance: 24/54
  Sample 4:
    TRUE: [9, 2, 39, 30, 33, 31, 39, 13, 10, 27, 17, 39, 13, 11, 14, 0, 30, 39, 30, 33, 39, 19, 2, 21, 39, 35, 10, 22, 39, 27, 0, 18, 11, 37, 39, 30, 33, 31, 39, 13, 10, 20, 39, 4, 30, 39]
    PRED: [9, 2, 39, 30, 27, 33, 31, 39, 34, 10, 27, 17, 39, 34, 3, 0, 19, 30, 39, 30, 33, 39, 28, 2, 21, 39, 35, 10, 22, 39, 35, 0, 8, 11, 37, 39, 31, 33, 31, 39, 13, 10, 20, 39, 4, 30, 39]
    Edit distance: 10/46

============================================================
Batch 126500 | Val PER: 0.2794
============================================================
  Sample 0:
    TRUE: [31, 17, 0, 19, 27, 2, 28, 17, 39, 27, 17, 19, 2, 22, 28, 16, 8, 11, 8, 39]
    PRED: [9, 0, 28, 39, 27, 2, 17, 2, 22, 2, 2, 30, 2, 8, 39]
    Edit distance: 12/20
  Sample 1:
    TRUE: [27, 16, 7, 39, 26, 11, 7, 2, 28, 30, 39, 28, 10, 34, 27, 2, 20, 39, 28, 5, 22, 8, 39, 20, 16, 31, 2, 14, 27, 1, 13, 28, 39]
    PRED: [27, 10, 19, 28, 30, 39, 26, 11, 28, 2, 37, 39, 10, 34, 2, 20, 39, 5, 22, 8, 37, 39, 20, 16, 9, 14, 5, 13, 39]
    Edit distance: 16/33
  Sample 2:
    TRUE: [28, 24, 39, 27, 33, 20, 37, 39, 35, 17, 39, 21, 12, 8, 39, 16, 22, 39, 2, 22, 2, 6, 1, 29, 30, 39, 19, 2, 20, 33, 38, 2, 22, 39]
    PRED: [9, 2, 39, 27, 33, 20, 37, 39, 35, 17, 39, 21, 12, 8, 39, 16, 22, 39, 2, 22, 2, 27, 1, 28, 30, 39, 19, 33, 20, 33, 38, 2, 22, 39]
    Edit distance: 5/34
  Sample 3:
    TRUE: [20, 3, 27, 17, 37, 39, 19, 0, 28, 30, 33, 21, 39, 22, 17, 8, 2, 8, 39, 6, 20, 1, 19, 39, 14, 20, 2, 34, 37, 39, 30, 33, 39, 6, 17, 39, 19, 2, 21, 26, 20, 17, 30, 20, 17, 39, 10, 20, 2, 14, 2, 22, 30, 39]
    PRED: [19, 27, 24, 17, 12, 39, 19, 1, 28, 30, 2, 21, 39, 22, 12, 8, 39, 21, 16, 19, 39, 14, 20, 5, 34, 8, 39, 30, 33, 39, 6, 17, 39, 19, 2, 21, 26, 2, 20, 39, 1, 20, 2, 22, 8, 39]
    Edit distance: 22/54
  Sample 4:
    TRUE: [9, 2, 39, 30, 33, 31, 39, 13, 10, 27, 17, 39, 13, 11, 14, 0, 30, 39, 30, 33, 39, 19, 2, 21, 39, 35, 10, 22, 39, 27, 0, 18, 11, 37, 39, 30, 33, 31, 39, 13, 10, 20, 39, 4, 30, 39]
    PRED: [9, 2, 39, 30, 27, 33, 31, 39, 34, 10, 27, 17, 39, 34, 3, 0, 19, 30, 39, 30, 33, 39, 28, 2, 21, 39, 27, 10, 22, 39, 35, 17, 8, 11, 37, 39, 31, 33, 31, 39, 13, 10, 20, 39, 4, 30, 39]
    Edit distance: 12/46

============================================================
Batch 127000 | Val PER: 0.2857
============================================================
  Sample 0:
    TRUE: [31, 17, 0, 19, 27, 2, 28, 17, 39, 27, 17, 19, 2, 22, 28, 16, 8, 11, 8, 39]
    PRED: [9, 39, 0, 28, 39, 27, 17, 14, 22, 2, 2, 30, 8, 39]
    Edit distance: 12/20
  Sample 1:
    TRUE: [27, 16, 7, 39, 26, 11, 7, 2, 28, 30, 39, 28, 10, 34, 27, 2, 20, 39, 28, 5, 22, 8, 39, 20, 16, 31, 2, 14, 27, 1, 13, 28, 39]
    PRED: [27, 10, 28, 30, 39, 26, 11, 29, 2, 37, 39, 10, 34, 2, 20, 39, 30, 5, 22, 8, 37, 39, 20, 16, 9, 24, 5, 13, 39]
    Edit distance: 16/33
  Sample 2:
    TRUE: [28, 24, 39, 27, 33, 20, 37, 39, 35, 17, 39, 21, 12, 8, 39, 16, 22, 39, 2, 22, 2, 6, 1, 29, 30, 39, 19, 2, 20, 33, 38, 2, 22, 39]
    PRED: [9, 24, 39, 27, 25, 20, 37, 39, 35, 17, 39, 21, 12, 8, 39, 16, 22, 39, 2, 22, 2, 27, 1, 29, 30, 39, 19, 33, 20, 33, 38, 2, 22, 39]
    Edit distance: 4/34
  Sample 3:
    TRUE: [20, 3, 27, 17, 37, 39, 19, 0, 28, 30, 33, 21, 39, 22, 17, 8, 2, 8, 39, 6, 20, 1, 19, 39, 14, 20, 2, 34, 37, 39, 30, 33, 39, 6, 17, 39, 19, 2, 21, 26, 20, 17, 30, 20, 17, 39, 10, 20, 2, 14, 2, 22, 30, 39]
    PRED: [19, 27, 24, 17, 12, 39, 19, 4, 28, 30, 5, 2, 21, 39, 22, 12, 8, 39, 21, 16, 19, 39, 14, 20, 5, 34, 8, 39, 30, 33, 39, 6, 17, 39, 19, 2, 21, 26, 2, 20, 39, 1, 20, 2, 22, 8, 39]
    Edit distance: 23/54
  Sample 4:
    TRUE: [9, 2, 39, 30, 33, 31, 39, 13, 10, 27, 17, 39, 13, 11, 14, 0, 30, 39, 30, 33, 39, 19, 2, 21, 39, 35, 10, 22, 39, 27, 0, 18, 11, 37, 39, 30, 33, 31, 39, 13, 10, 20, 39, 4, 30, 39]
    PRED: [9, 2, 39, 30, 27, 33, 31, 39, 34, 10, 27, 17, 39, 34, 3, 19, 30, 39, 30, 33, 39, 28, 2, 21, 39, 35, 10, 22, 39, 35, 27, 8, 11, 39, 37, 39, 31, 33, 31, 39, 13, 10, 20, 39, 4, 30, 39]
    Edit distance: 12/46

============================================================
Batch 127500 | Val PER: 0.2812
============================================================
  Sample 0:
    TRUE: [31, 17, 0, 19, 27, 2, 28, 17, 39, 27, 17, 19, 2, 22, 28, 16, 8, 11, 8, 39]
    PRED: [9, 0, 28, 39, 27, 2, 14, 19, 22, 28, 2, 30, 2, 8, 39]
    Edit distance: 12/20
  Sample 1:
    TRUE: [27, 16, 7, 39, 26, 11, 7, 2, 28, 30, 39, 28, 10, 34, 27, 2, 20, 39, 28, 5, 22, 8, 39, 20, 16, 31, 2, 14, 27, 1, 13, 28, 39]
    PRED: [27, 10, 28, 39, 26, 11, 28, 2, 37, 39, 10, 34, 2, 20, 39, 30, 5, 22, 8, 37, 39, 20, 16, 2, 9, 2, 14, 5, 13, 39]
    Edit distance: 14/33
  Sample 2:
    TRUE: [28, 24, 39, 27, 33, 20, 37, 39, 35, 17, 39, 21, 12, 8, 39, 16, 22, 39, 2, 22, 2, 6, 1, 29, 30, 39, 19, 2, 20, 33, 38, 2, 22, 39]
    PRED: [9, 24, 39, 27, 25, 20, 28, 37, 39, 35, 17, 39, 21, 12, 8, 39, 16, 22, 39, 2, 22, 2, 27, 1, 29, 30, 39, 19, 33, 20, 33, 38, 2, 22, 39]
    Edit distance: 5/34
  Sample 3:
    TRUE: [20, 3, 27, 17, 37, 39, 19, 0, 28, 30, 33, 21, 39, 22, 17, 8, 2, 8, 39, 6, 20, 1, 19, 39, 14, 20, 2, 34, 37, 39, 30, 33, 39, 6, 17, 39, 19, 2, 21, 26, 20, 17, 30, 20, 17, 39, 10, 20, 2, 14, 2, 22, 30, 39]
    PRED: [19, 27, 24, 12, 39, 19, 5, 28, 30, 5, 2, 21, 39, 22, 12, 8, 39, 21, 0, 19, 39, 14, 20, 5, 34, 39, 30, 33, 39, 6, 17, 39, 19, 2, 21, 26, 2, 20, 39, 1, 20, 2, 22, 39]
    Edit distance: 23/54
  Sample 4:
    TRUE: [9, 2, 39, 30, 33, 31, 39, 13, 10, 27, 17, 39, 13, 11, 14, 0, 30, 39, 30, 33, 39, 19, 2, 21, 39, 35, 10, 22, 39, 27, 0, 18, 11, 37, 39, 30, 33, 31, 39, 13, 10, 20, 39, 4, 30, 39]
    PRED: [9, 2, 39, 30, 27, 33, 31, 39, 34, 10, 27, 17, 39, 13, 34, 3, 19, 2, 39, 30, 33, 39, 28, 2, 21, 39, 35, 10, 22, 39, 35, 11, 8, 7, 11, 37, 39, 31, 33, 31, 39, 13, 10, 20, 39, 4, 30, 39]
    Edit distance: 12/46

============================================================
Batch 128000 | Val PER: 0.2796
============================================================
  Sample 0:
    TRUE: [31, 17, 0, 19, 27, 2, 28, 17, 39, 27, 17, 19, 2, 22, 28, 16, 8, 11, 8, 39]
    PRED: [9, 17, 0, 28, 30, 2, 28, 39, 27, 2, 17, 14, 19, 22, 28, 30, 16, 8, 39]
    Edit distance: 10/20
  Sample 1:
    TRUE: [27, 16, 7, 39, 26, 11, 7, 2, 28, 30, 39, 28, 10, 34, 27, 2, 20, 39, 28, 5, 22, 8, 39, 20, 16, 31, 2, 14, 27, 1, 13, 28, 39]
    PRED: [27, 10, 19, 28, 39, 26, 11, 28, 2, 37, 39, 10, 34, 2, 20, 39, 30, 5, 22, 8, 37, 39, 20, 16, 9, 14, 5, 13, 39]
    Edit distance: 15/33
  Sample 2:
    TRUE: [28, 24, 39, 27, 33, 20, 37, 39, 35, 17, 39, 21, 12, 8, 39, 16, 22, 39, 2, 22, 2, 6, 1, 29, 30, 39, 19, 2, 20, 33, 38, 2, 22, 39]
    PRED: [9, 24, 2, 39, 27, 33, 20, 37, 39, 35, 17, 39, 21, 12, 22, 8, 39, 16, 22, 39, 2, 22, 2, 27, 1, 29, 30, 39, 19, 33, 20, 33, 38, 2, 22, 39]
    Edit distance: 5/34
  Sample 3:
    TRUE: [20, 3, 27, 17, 37, 39, 19, 0, 28, 30, 33, 21, 39, 22, 17, 8, 2, 8, 39, 6, 20, 1, 19, 39, 14, 20, 2, 34, 37, 39, 30, 33, 39, 6, 17, 39, 19, 2, 21, 26, 20, 17, 30, 20, 17, 39, 10, 20, 2, 14, 2, 22, 30, 39]
    PRED: [19, 27, 24, 12, 39, 19, 28, 30, 5, 2, 21, 39, 22, 17, 8, 39, 21, 0, 19, 39, 14, 20, 5, 34, 37, 39, 30, 33, 39, 6, 17, 39, 19, 2, 21, 26, 2, 20, 39, 1, 20, 2, 22, 39]
    Edit distance: 21/54
  Sample 4:
    TRUE: [9, 2, 39, 30, 33, 31, 39, 13, 10, 27, 17, 39, 13, 11, 14, 0, 30, 39, 30, 33, 39, 19, 2, 21, 39, 35, 10, 22, 39, 27, 0, 18, 11, 37, 39, 30, 33, 31, 39, 13, 10, 20, 39, 4, 30, 39]
    PRED: [9, 2, 39, 30, 27, 33, 31, 39, 34, 10, 27, 17, 39, 34, 3, 0, 19, 30, 39, 30, 33, 39, 28, 2, 21, 39, 35, 10, 22, 8, 39, 35, 17, 8, 11, 37, 39, 31, 33, 31, 39, 13, 10, 20, 39, 4, 30, 39]
    Edit distance: 12/46

============================================================
Batch 128500 | Val PER: 0.2821
============================================================
  Sample 0:
    TRUE: [31, 17, 0, 19, 27, 2, 28, 17, 39, 27, 17, 19, 2, 22, 28, 16, 8, 11, 8, 39]
    PRED: [9, 0, 28, 2, 28, 39, 27, 2, 17, 14, 19, 2, 22, 28, 2, 30, 2, 8, 39]
    Edit distance: 10/20
  Sample 1:
    TRUE: [27, 16, 7, 39, 26, 11, 7, 2, 28, 30, 39, 28, 10, 34, 27, 2, 20, 39, 28, 5, 22, 8, 39, 20, 16, 31, 2, 14, 27, 1, 13, 28, 39]
    PRED: [27, 10, 19, 28, 39, 26, 11, 28, 2, 37, 39, 10, 34, 2, 20, 39, 30, 5, 22, 8, 37, 39, 20, 16, 9, 2, 14, 5, 13, 39]
    Edit distance: 14/33
  Sample 2:
    TRUE: [28, 24, 39, 27, 33, 20, 37, 39, 35, 17, 39, 21, 12, 8, 39, 16, 22, 39, 2, 22, 2, 6, 1, 29, 30, 39, 19, 2, 20, 33, 38, 2, 22, 39]
    PRED: [9, 24, 39, 27, 33, 20, 37, 39, 35, 17, 39, 21, 12, 22, 8, 39, 16, 22, 39, 2, 22, 2, 27, 2, 28, 30, 39, 19, 33, 20, 33, 38, 2, 22, 39]
    Edit distance: 6/34
  Sample 3:
    TRUE: [20, 3, 27, 17, 37, 39, 19, 0, 28, 30, 33, 21, 39, 22, 17, 8, 2, 8, 39, 6, 20, 1, 19, 39, 14, 20, 2, 34, 37, 39, 30, 33, 39, 6, 17, 39, 19, 2, 21, 26, 20, 17, 30, 20, 17, 39, 10, 20, 2, 14, 2, 22, 30, 39]
    PRED: [19, 27, 24, 17, 12, 39, 19, 1, 28, 2, 21, 39, 22, 17, 8, 39, 21, 16, 19, 39, 20, 5, 34, 39, 30, 33, 39, 6, 17, 39, 19, 2, 21, 26, 2, 20, 17, 39, 1, 20, 2, 20, 2, 22, 39]
    Edit distance: 21/54
  Sample 4:
    TRUE: [9, 2, 39, 30, 33, 31, 39, 13, 10, 27, 17, 39, 13, 11, 14, 0, 30, 39, 30, 33, 39, 19, 2, 21, 39, 35, 10, 22, 39, 27, 0, 18, 11, 37, 39, 30, 33, 31, 39, 13, 10, 20, 39, 4, 30, 39]
    PRED: [9, 2, 39, 30, 27, 33, 31, 39, 34, 10, 27, 17, 39, 34, 2, 19, 19, 30, 39, 30, 33, 39, 28, 2, 21, 39, 35, 10, 22, 39, 35, 16, 8, 17, 11, 37, 39, 31, 33, 31, 39, 13, 10, 20, 39, 4, 30, 39]
    Edit distance: 12/46

============================================================
Batch 129000 | Val PER: 0.2822
============================================================
  Sample 0:
    TRUE: [31, 17, 0, 19, 27, 2, 28, 17, 39, 27, 17, 19, 2, 22, 28, 16, 8, 11, 8, 39]
    PRED: [9, 0, 28, 2, 28, 39, 27, 2, 14, 19, 22, 28, 2, 30, 2, 8, 39]
    Edit distance: 11/20
  Sample 1:
    TRUE: [27, 16, 7, 39, 26, 11, 7, 2, 28, 30, 39, 28, 10, 34, 27, 2, 20, 39, 28, 5, 22, 8, 39, 20, 16, 31, 2, 14, 27, 1, 13, 28, 39]
    PRED: [27, 10, 19, 28, 39, 26, 11, 28, 2, 37, 39, 28, 10, 34, 11, 20, 39, 30, 5, 22, 8, 37, 39, 20, 16, 9, 2, 14, 5, 13, 39]
    Edit distance: 14/33
  Sample 2:
    TRUE: [28, 24, 39, 27, 33, 20, 37, 39, 35, 17, 39, 21, 12, 8, 39, 16, 22, 39, 2, 22, 2, 6, 1, 29, 30, 39, 19, 2, 20, 33, 38, 2, 22, 39]
    PRED: [9, 24, 2, 39, 27, 33, 20, 24, 37, 39, 35, 17, 39, 21, 12, 8, 39, 16, 22, 39, 16, 22, 2, 27, 1, 28, 30, 39, 19, 33, 20, 33, 38, 2, 22, 39]
    Edit distance: 7/34
  Sample 3:
    TRUE: [20, 3, 27, 17, 37, 39, 19, 0, 28, 30, 33, 21, 39, 22, 17, 8, 2, 8, 39, 6, 20, 1, 19, 39, 14, 20, 2, 34, 37, 39, 30, 33, 39, 6, 17, 39, 19, 2, 21, 26, 20, 17, 30, 20, 17, 39, 10, 20, 2, 14, 2, 22, 30, 39]
    PRED: [19, 27, 24, 17, 12, 39, 19, 4, 2, 21, 39, 22, 17, 8, 39, 21, 1, 19, 39, 14, 20, 5, 34, 8, 39, 30, 33, 39, 6, 17, 39, 19, 2, 21, 26, 2, 20, 39, 1, 20, 2, 20, 2, 22, 39]
    Edit distance: 21/54
  Sample 4:
    TRUE: [9, 2, 39, 30, 33, 31, 39, 13, 10, 27, 17, 39, 13, 11, 14, 0, 30, 39, 30, 33, 39, 19, 2, 21, 39, 35, 10, 22, 39, 27, 0, 18, 11, 37, 39, 30, 33, 31, 39, 13, 10, 20, 39, 4, 30, 39]
    PRED: [9, 2, 39, 30, 27, 33, 31, 39, 34, 10, 27, 17, 39, 34, 3, 19, 19, 2, 30, 39, 30, 33, 39, 28, 2, 21, 39, 35, 10, 22, 8, 39, 35, 27, 8, 11, 37, 39, 31, 33, 31, 39, 13, 10, 20, 39, 4, 30, 39]
    Edit distance: 13/46

============================================================
Batch 129500 | Val PER: 0.2791
============================================================
  Sample 0:
    TRUE: [31, 17, 0, 19, 27, 2, 28, 17, 39, 27, 17, 19, 2, 22, 28, 16, 8, 11, 8, 39]
    PRED: [9, 39, 0, 28, 2, 28, 39, 27, 17, 14, 19, 22, 28, 2, 8, 39]
    Edit distance: 10/20
  Sample 1:
    TRUE: [27, 16, 7, 39, 26, 11, 7, 2, 28, 30, 39, 28, 10, 34, 27, 2, 20, 39, 28, 5, 22, 8, 39, 20, 16, 31, 2, 14, 27, 1, 13, 28, 39]
    PRED: [27, 10, 19, 28, 39, 26, 11, 29, 2, 37, 39, 10, 34, 11, 2, 20, 39, 30, 5, 22, 8, 37, 39, 20, 16, 9, 14, 5, 13, 39]
    Edit distance: 15/33
  Sample 2:
    TRUE: [28, 24, 39, 27, 33, 20, 37, 39, 35, 17, 39, 21, 12, 8, 39, 16, 22, 39, 2, 22, 2, 6, 1, 29, 30, 39, 19, 2, 20, 33, 38, 2, 22, 39]
    PRED: [9, 2, 39, 27, 33, 20, 37, 39, 35, 17, 39, 21, 12, 22, 8, 39, 16, 22, 39, 16, 22, 2, 13, 27, 1, 29, 30, 39, 19, 33, 20, 33, 38, 2, 22, 39]
    Edit distance: 7/34
  Sample 3:
    TRUE: [20, 3, 27, 17, 37, 39, 19, 0, 28, 30, 33, 21, 39, 22, 17, 8, 2, 8, 39, 6, 20, 1, 19, 39, 14, 20, 2, 34, 37, 39, 30, 33, 39, 6, 17, 39, 19, 2, 21, 26, 20, 17, 30, 20, 17, 39, 10, 20, 2, 14, 2, 22, 30, 39]
    PRED: [19, 27, 24, 17, 12, 39, 19, 1, 28, 30, 2, 21, 39, 22, 12, 8, 39, 6, 1, 19, 39, 14, 20, 5, 34, 39, 30, 33, 39, 6, 17, 39, 19, 2, 21, 26, 2, 20, 39, 1, 20, 2, 22, 39]
    Edit distance: 20/54
  Sample 4:
    TRUE: [9, 2, 39, 30, 33, 31, 39, 13, 10, 27, 17, 39, 13, 11, 14, 0, 30, 39, 30, 33, 39, 19, 2, 21, 39, 35, 10, 22, 39, 27, 0, 18, 11, 37, 39, 30, 33, 31, 39, 13, 10, 20, 39, 4, 30, 39]
    PRED: [9, 2, 39, 30, 27, 33, 31, 39, 34, 10, 27, 17, 39, 34, 2, 19, 19, 2, 30, 39, 30, 33, 39, 28, 2, 21, 39, 35, 10, 22, 8, 39, 35, 8, 11, 39, 37, 39, 31, 33, 31, 39, 13, 10, 20, 39, 4, 30, 39]
    Edit distance: 14/46

============================================================
Batch 130000 | Val PER: 0.2818
============================================================
  Sample 0:
    TRUE: [31, 17, 0, 19, 27, 2, 28, 17, 39, 27, 17, 19, 2, 22, 28, 16, 8, 11, 8, 39]
    PRED: [9, 0, 19, 28, 2, 28, 39, 27, 17, 14, 19, 22, 28, 2, 8, 39]
    Edit distance: 9/20
  Sample 1:
    TRUE: [27, 16, 7, 39, 26, 11, 7, 2, 28, 30, 39, 28, 10, 34, 27, 2, 20, 39, 28, 5, 22, 8, 39, 20, 16, 31, 2, 14, 27, 1, 13, 28, 39]
    PRED: [27, 10, 19, 28, 39, 26, 11, 29, 2, 37, 39, 28, 10, 34, 11, 2, 20, 39, 30, 5, 22, 8, 37, 39, 20, 16, 9, 14, 5, 13, 39]
    Edit distance: 14/33
  Sample 2:
    TRUE: [28, 24, 39, 27, 33, 20, 37, 39, 35, 17, 39, 21, 12, 8, 39, 16, 22, 39, 2, 22, 2, 6, 1, 29, 30, 39, 19, 2, 20, 33, 38, 2, 22, 39]
    PRED: [9, 2, 39, 27, 33, 20, 37, 39, 35, 17, 39, 21, 12, 22, 8, 39, 16, 22, 39, 10, 22, 2, 13, 27, 1, 28, 30, 39, 19, 33, 20, 33, 38, 2, 22, 39]
    Edit distance: 8/34
  Sample 3:
    TRUE: [20, 3, 27, 17, 37, 39, 19, 0, 28, 30, 33, 21, 39, 22, 17, 8, 2, 8, 39, 6, 20, 1, 19, 39, 14, 20, 2, 34, 37, 39, 30, 33, 39, 6, 17, 39, 19, 2, 21, 26, 20, 17, 30, 20, 17, 39, 10, 20, 2, 14, 2, 22, 30, 39]
    PRED: [19, 27, 24, 17, 12, 39, 19, 1, 28, 30, 2, 21, 39, 22, 12, 8, 39, 21, 1, 19, 39, 14, 20, 5, 34, 8, 39, 30, 33, 39, 6, 17, 39, 19, 2, 21, 26, 2, 20, 39, 1, 20, 2, 22, 8, 39]
    Edit distance: 21/54
  Sample 4:
    TRUE: [9, 2, 39, 30, 33, 31, 39, 13, 10, 27, 17, 39, 13, 11, 14, 0, 30, 39, 30, 33, 39, 19, 2, 21, 39, 35, 10, 22, 39, 27, 0, 18, 11, 37, 39, 30, 33, 31, 39, 13, 10, 20, 39, 4, 30, 39]
    PRED: [9, 2, 39, 30, 27, 33, 31, 39, 34, 10, 27, 17, 39, 34, 2, 19, 0, 19, 2, 30, 39, 30, 33, 39, 28, 2, 21, 39, 35, 10, 22, 39, 35, 16, 8, 11, 37, 39, 31, 33, 31, 39, 13, 10, 20, 39, 4, 30, 39]
    Edit distance: 12/46

============================================================
Batch 130500 | Val PER: 0.2835
============================================================
  Sample 0:
    TRUE: [31, 17, 0, 19, 27, 2, 28, 17, 39, 27, 17, 19, 2, 22, 28, 16, 8, 11, 8, 39]
    PRED: [9, 2, 0, 28, 39, 27, 17, 14, 22, 28, 2, 8, 39]
    Edit distance: 11/20
  Sample 1:
    TRUE: [27, 16, 7, 39, 26, 11, 7, 2, 28, 30, 39, 28, 10, 34, 27, 2, 20, 39, 28, 5, 22, 8, 39, 20, 16, 31, 2, 14, 27, 1, 13, 28, 39]
    PRED: [27, 10, 19, 39, 26, 11, 28, 2, 8, 37, 39, 28, 10, 34, 2, 20, 39, 30, 5, 22, 8, 37, 39, 20, 16, 9, 28, 14, 5, 13, 39]
    Edit distance: 13/33
  Sample 2:
    TRUE: [28, 24, 39, 27, 33, 20, 37, 39, 35, 17, 39, 21, 12, 8, 39, 16, 22, 39, 2, 22, 2, 6, 1, 29, 30, 39, 19, 2, 20, 33, 38, 2, 22, 39]
    PRED: [9, 24, 39, 27, 33, 20, 37, 39, 35, 17, 39, 21, 12, 8, 39, 16, 22, 39, 16, 22, 11, 27, 1, 29, 30, 39, 19, 33, 20, 33, 38, 2, 22, 39]
    Edit distance: 5/34
  Sample 3:
    TRUE: [20, 3, 27, 17, 37, 39, 19, 0, 28, 30, 33, 21, 39, 22, 17, 8, 2, 8, 39, 6, 20, 1, 19, 39, 14, 20, 2, 34, 37, 39, 30, 33, 39, 6, 17, 39, 19, 2, 21, 26, 20, 17, 30, 20, 17, 39, 10, 20, 2, 14, 2, 22, 30, 39]
    PRED: [19, 27, 24, 17, 12, 39, 19, 4, 28, 30, 2, 21, 39, 22, 12, 8, 39, 21, 16, 19, 39, 14, 20, 5, 34, 8, 39, 30, 33, 39, 6, 17, 39, 19, 2, 21, 26, 20, 39, 1, 20, 2, 22, 8, 39]
    Edit distance: 22/54
  Sample 4:
    TRUE: [9, 2, 39, 30, 33, 31, 39, 13, 10, 27, 17, 39, 13, 11, 14, 0, 30, 39, 30, 33, 39, 19, 2, 21, 39, 35, 10, 22, 39, 27, 0, 18, 11, 37, 39, 30, 33, 31, 39, 13, 10, 20, 39, 4, 30, 39]
    PRED: [9, 2, 39, 30, 27, 33, 31, 39, 34, 10, 27, 17, 39, 34, 2, 0, 19, 2, 30, 39, 30, 33, 39, 28, 2, 21, 39, 35, 10, 22, 39, 35, 16, 8, 11, 37, 39, 31, 33, 31, 39, 8, 10, 20, 39, 4, 30, 39]
    Edit distance: 13/46

============================================================
Batch 131000 | Val PER: 0.2805
============================================================
  Sample 0:
    TRUE: [31, 17, 0, 19, 27, 2, 28, 17, 39, 27, 17, 19, 2, 22, 28, 16, 8, 11, 8, 39]
    PRED: [9, 2, 0, 28, 39, 27, 17, 14, 22, 28, 2, 8, 39]
    Edit distance: 11/20
  Sample 1:
    TRUE: [27, 16, 7, 39, 26, 11, 7, 2, 28, 30, 39, 28, 10, 34, 27, 2, 20, 39, 28, 5, 22, 8, 39, 20, 16, 31, 2, 14, 27, 1, 13, 28, 39]
    PRED: [27, 10, 19, 28, 39, 26, 11, 28, 2, 37, 39, 30, 10, 34, 11, 20, 39, 30, 5, 22, 8, 37, 39, 20, 16, 9, 14, 5, 13, 39]
    Edit distance: 16/33
  Sample 2:
    TRUE: [28, 24, 39, 27, 33, 20, 37, 39, 35, 17, 39, 21, 12, 8, 39, 16, 22, 39, 2, 22, 2, 6, 1, 29, 30, 39, 19, 2, 20, 33, 38, 2, 22, 39]
    PRED: [9, 24, 39, 27, 33, 20, 37, 39, 35, 17, 39, 21, 12, 8, 39, 16, 22, 39, 16, 22, 13, 27, 1, 29, 30, 39, 19, 33, 20, 33, 38, 2, 22, 39]
    Edit distance: 5/34
  Sample 3:
    TRUE: [20, 3, 27, 17, 37, 39, 19, 0, 28, 30, 33, 21, 39, 22, 17, 8, 2, 8, 39, 6, 20, 1, 19, 39, 14, 20, 2, 34, 37, 39, 30, 33, 39, 6, 17, 39, 19, 2, 21, 26, 20, 17, 30, 20, 17, 39, 10, 20, 2, 14, 2, 22, 30, 39]
    PRED: [19, 27, 24, 12, 39, 19, 4, 30, 2, 21, 39, 22, 12, 8, 39, 6, 27, 1, 19, 39, 14, 20, 5, 34, 8, 39, 30, 33, 39, 6, 17, 39, 19, 2, 21, 26, 20, 39, 1, 20, 2, 22, 39]
    Edit distance: 21/54
  Sample 4:
    TRUE: [9, 2, 39, 30, 33, 31, 39, 13, 10, 27, 17, 39, 13, 11, 14, 0, 30, 39, 30, 33, 39, 19, 2, 21, 39, 35, 10, 22, 39, 27, 0, 18, 11, 37, 39, 30, 33, 31, 39, 13, 10, 20, 39, 4, 30, 39]
    PRED: [9, 2, 39, 30, 27, 33, 31, 39, 34, 10, 27, 17, 39, 34, 3, 19, 30, 39, 30, 33, 39, 28, 2, 21, 39, 35, 10, 22, 39, 35, 16, 8, 11, 39, 37, 39, 31, 33, 31, 39, 13, 10, 20, 39, 4, 30, 39]
    Edit distance: 12/46

============================================================
Batch 131500 | Val PER: 0.2836
============================================================
  Sample 0:
    TRUE: [31, 17, 0, 19, 27, 2, 28, 17, 39, 27, 17, 19, 2, 22, 28, 16, 8, 11, 8, 39]
    PRED: [9, 0, 28, 39, 27, 17, 14, 19, 2, 22, 28, 2, 8, 39]
    Edit distance: 10/20
  Sample 1:
    TRUE: [27, 16, 7, 39, 26, 11, 7, 2, 28, 30, 39, 28, 10, 34, 27, 2, 20, 39, 28, 5, 22, 8, 39, 20, 16, 31, 2, 14, 27, 1, 13, 28, 39]
    PRED: [27, 10, 19, 28, 39, 26, 11, 28, 2, 37, 39, 28, 10, 34, 11, 2, 20, 39, 30, 5, 22, 8, 37, 39, 20, 16, 9, 14, 5, 13, 39]
    Edit distance: 14/33
  Sample 2:
    TRUE: [28, 24, 39, 27, 33, 20, 37, 39, 35, 17, 39, 21, 12, 8, 39, 16, 22, 39, 2, 22, 2, 6, 1, 29, 30, 39, 19, 2, 20, 33, 38, 2, 22, 39]
    PRED: [9, 2, 39, 27, 33, 20, 37, 39, 35, 17, 39, 21, 12, 22, 8, 39, 16, 22, 39, 10, 22, 11, 27, 2, 29, 30, 39, 19, 33, 20, 33, 38, 2, 22, 39]
    Edit distance: 8/34
  Sample 3:
    TRUE: [20, 3, 27, 17, 37, 39, 19, 0, 28, 30, 33, 21, 39, 22, 17, 8, 2, 8, 39, 6, 20, 1, 19, 39, 14, 20, 2, 34, 37, 39, 30, 33, 39, 6, 17, 39, 19, 2, 21, 26, 20, 17, 30, 20, 17, 39, 10, 20, 2, 14, 2, 22, 30, 39]
    PRED: [19, 27, 24, 17, 12, 39, 19, 4, 28, 30, 2, 21, 39, 22, 12, 8, 39, 21, 27, 1, 19, 39, 20, 5, 34, 8, 39, 30, 33, 39, 6, 17, 39, 19, 2, 21, 26, 20, 39, 1, 20, 2, 20, 2, 22, 8, 39]
    Edit distance: 21/54
  Sample 4:
    TRUE: [9, 2, 39, 30, 33, 31, 39, 13, 10, 27, 17, 39, 13, 11, 14, 0, 30, 39, 30, 33, 39, 19, 2, 21, 39, 35, 10, 22, 39, 27, 0, 18, 11, 37, 39, 30, 33, 31, 39, 13, 10, 20, 39, 4, 30, 39]
    PRED: [9, 2, 39, 30, 27, 33, 31, 39, 34, 10, 27, 17, 39, 34, 3, 19, 0, 19, 2, 30, 39, 30, 33, 39, 28, 2, 21, 39, 35, 10, 22, 39, 35, 17, 0, 8, 11, 39, 37, 39, 31, 33, 31, 39, 8, 10, 20, 39, 4, 30, 39]
    Edit distance: 14/46

============================================================
Batch 132000 | Val PER: 0.2802
============================================================
  Sample 0:
    TRUE: [31, 17, 0, 19, 27, 2, 28, 17, 39, 27, 17, 19, 2, 22, 28, 16, 8, 11, 8, 39]
    PRED: [9, 0, 28, 39, 27, 17, 14, 22, 28, 30, 16, 8, 39]
    Edit distance: 11/20
  Sample 1:
    TRUE: [27, 16, 7, 39, 26, 11, 7, 2, 28, 30, 39, 28, 10, 34, 27, 2, 20, 39, 28, 5, 22, 8, 39, 20, 16, 31, 2, 14, 27, 1, 13, 28, 39]
    PRED: [27, 10, 19, 28, 39, 26, 11, 28, 2, 37, 39, 28, 10, 34, 11, 2, 20, 39, 30, 5, 22, 8, 37, 39, 20, 16, 9, 14, 5, 13, 39]
    Edit distance: 14/33
  Sample 2:
    TRUE: [28, 24, 39, 27, 33, 20, 37, 39, 35, 17, 39, 21, 12, 8, 39, 16, 22, 39, 2, 22, 2, 6, 1, 29, 30, 39, 19, 2, 20, 33, 38, 2, 22, 39]
    PRED: [9, 24, 39, 27, 33, 20, 37, 39, 35, 17, 39, 21, 12, 8, 39, 16, 22, 39, 10, 22, 11, 13, 27, 1, 28, 29, 30, 39, 19, 33, 20, 33, 38, 2, 22, 39]
    Edit distance: 7/34
  Sample 3:
    TRUE: [20, 3, 27, 17, 37, 39, 19, 0, 28, 30, 33, 21, 39, 22, 17, 8, 2, 8, 39, 6, 20, 1, 19, 39, 14, 20, 2, 34, 37, 39, 30, 33, 39, 6, 17, 39, 19, 2, 21, 26, 20, 17, 30, 20, 17, 39, 10, 20, 2, 14, 2, 22, 30, 39]
    PRED: [19, 27, 24, 17, 12, 39, 19, 4, 28, 30, 2, 21, 39, 22, 12, 8, 39, 6, 16, 19, 39, 20, 5, 34, 8, 39, 30, 33, 39, 6, 17, 39, 19, 2, 21, 26, 20, 39, 1, 20, 2, 22, 39]
    Edit distance: 22/54
  Sample 4:
    TRUE: [9, 2, 39, 30, 33, 31, 39, 13, 10, 27, 17, 39, 13, 11, 14, 0, 30, 39, 30, 33, 39, 19, 2, 21, 39, 35, 10, 22, 39, 27, 0, 18, 11, 37, 39, 30, 33, 31, 39, 13, 10, 20, 39, 4, 30, 39]
    PRED: [9, 2, 39, 30, 27, 33, 31, 39, 34, 10, 27, 17, 39, 34, 2, 0, 19, 2, 30, 39, 30, 33, 39, 28, 2, 21, 39, 35, 10, 22, 39, 35, 17, 8, 11, 37, 39, 31, 33, 31, 39, 8, 10, 20, 39, 4, 30, 39]
    Edit distance: 13/46

============================================================
Batch 132500 | Val PER: 0.2780
============================================================
  Sample 0:
    TRUE: [31, 17, 0, 19, 27, 2, 28, 17, 39, 27, 17, 19, 2, 22, 28, 16, 8, 11, 8, 39]
    PRED: [9, 0, 28, 2, 28, 39, 27, 17, 14, 19, 22, 28, 30, 2, 8, 39]
    Edit distance: 10/20
  Sample 1:
    TRUE: [27, 16, 7, 39, 26, 11, 7, 2, 28, 30, 39, 28, 10, 34, 27, 2, 20, 39, 28, 5, 22, 8, 39, 20, 16, 31, 2, 14, 27, 1, 13, 28, 39]
    PRED: [27, 10, 19, 28, 39, 26, 11, 28, 2, 37, 39, 28, 10, 34, 11, 2, 20, 39, 30, 5, 22, 8, 37, 39, 20, 16, 9, 14, 5, 13, 39]
    Edit distance: 14/33
  Sample 2:
    TRUE: [28, 24, 39, 27, 33, 20, 37, 39, 35, 17, 39, 21, 12, 8, 39, 16, 22, 39, 2, 22, 2, 6, 1, 29, 30, 39, 19, 2, 20, 33, 38, 2, 22, 39]
    PRED: [9, 24, 39, 27, 33, 20, 24, 37, 39, 35, 17, 39, 21, 12, 22, 8, 39, 16, 22, 39, 2, 22, 11, 13, 27, 1, 29, 30, 39, 19, 33, 20, 33, 38, 2, 22, 39]
    Edit distance: 7/34
  Sample 3:
    TRUE: [20, 3, 27, 17, 37, 39, 19, 0, 28, 30, 33, 21, 39, 22, 17, 8, 2, 8, 39, 6, 20, 1, 19, 39, 14, 20, 2, 34, 37, 39, 30, 33, 39, 6, 17, 39, 19, 2, 21, 26, 20, 17, 30, 20, 17, 39, 10, 20, 2, 14, 2, 22, 30, 39]
    PRED: [19, 27, 24, 17, 12, 39, 19, 4, 28, 30, 2, 21, 39, 22, 17, 8, 39, 6, 1, 19, 39, 20, 5, 34, 39, 30, 33, 39, 6, 17, 39, 19, 2, 21, 26, 20, 17, 39, 1, 20, 2, 22, 8, 39]
    Edit distance: 19/54
  Sample 4:
    TRUE: [9, 2, 39, 30, 33, 31, 39, 13, 10, 27, 17, 39, 13, 11, 14, 0, 30, 39, 30, 33, 39, 19, 2, 21, 39, 35, 10, 22, 39, 27, 0, 18, 11, 37, 39, 30, 33, 31, 39, 13, 10, 20, 39, 4, 30, 39]
    PRED: [9, 2, 39, 30, 27, 33, 31, 39, 13, 10, 27, 17, 39, 13, 3, 0, 19, 2, 30, 39, 30, 33, 39, 28, 2, 21, 39, 35, 10, 22, 39, 35, 17, 8, 11, 37, 39, 31, 33, 31, 39, 8, 10, 20, 39, 4, 30, 39]
    Edit distance: 11/46

============================================================
Batch 133000 | Val PER: 0.2818
============================================================
  Sample 0:
    TRUE: [31, 17, 0, 19, 27, 2, 28, 17, 39, 27, 17, 19, 2, 22, 28, 16, 8, 11, 8, 39]
    PRED: [9, 39, 0, 28, 2, 28, 39, 27, 17, 14, 19, 2, 22, 28, 30, 2, 8, 39]
    Edit distance: 9/20
  Sample 1:
    TRUE: [27, 16, 7, 39, 26, 11, 7, 2, 28, 30, 39, 28, 10, 34, 27, 2, 20, 39, 28, 5, 22, 8, 39, 20, 16, 31, 2, 14, 27, 1, 13, 28, 39]
    PRED: [27, 10, 19, 28, 39, 26, 11, 28, 2, 37, 39, 28, 10, 34, 11, 2, 20, 39, 30, 5, 22, 8, 37, 39, 20, 16, 9, 14, 5, 13, 39]
    Edit distance: 14/33
  Sample 2:
    TRUE: [28, 24, 39, 27, 33, 20, 37, 39, 35, 17, 39, 21, 12, 8, 39, 16, 22, 39, 2, 22, 2, 6, 1, 29, 30, 39, 19, 2, 20, 33, 38, 2, 22, 39]
    PRED: [9, 24, 2, 39, 27, 33, 20, 37, 39, 35, 17, 39, 21, 12, 22, 8, 39, 16, 22, 39, 2, 22, 2, 27, 1, 29, 30, 39, 19, 33, 20, 33, 38, 2, 22, 39]
    Edit distance: 5/34
  Sample 3:
    TRUE: [20, 3, 27, 17, 37, 39, 19, 0, 28, 30, 33, 21, 39, 22, 17, 8, 2, 8, 39, 6, 20, 1, 19, 39, 14, 20, 2, 34, 37, 39, 30, 33, 39, 6, 17, 39, 19, 2, 21, 26, 20, 17, 30, 20, 17, 39, 10, 20, 2, 14, 2, 22, 30, 39]
    PRED: [19, 27, 24, 17, 12, 39, 19, 28, 30, 2, 21, 39, 22, 12, 8, 39, 21, 16, 19, 39, 20, 5, 2, 34, 8, 39, 30, 33, 39, 6, 17, 39, 19, 2, 21, 26, 2, 20, 39, 1, 20, 2, 20, 2, 22, 8, 39]
    Edit distance: 22/54
  Sample 4:
    TRUE: [9, 2, 39, 30, 33, 31, 39, 13, 10, 27, 17, 39, 13, 11, 14, 0, 30, 39, 30, 33, 39, 19, 2, 21, 39, 35, 10, 22, 39, 27, 0, 18, 11, 37, 39, 30, 33, 31, 39, 13, 10, 20, 39, 4, 30, 39]
    PRED: [9, 2, 39, 30, 27, 33, 31, 39, 34, 10, 27, 17, 39, 13, 3, 19, 0, 19, 2, 30, 39, 30, 33, 39, 28, 2, 21, 39, 35, 10, 22, 39, 35, 17, 8, 11, 37, 39, 31, 33, 31, 39, 8, 10, 20, 39, 4, 30, 39]
    Edit distance: 12/46

============================================================
Batch 133500 | Val PER: 0.2785
============================================================
  Sample 0:
    TRUE: [31, 17, 0, 19, 27, 2, 28, 17, 39, 27, 17, 19, 2, 22, 28, 16, 8, 11, 8, 39]
    PRED: [9, 39, 0, 28, 2, 28, 39, 27, 17, 14, 19, 2, 22, 28, 2, 30, 2, 8, 39]
    Edit distance: 9/20
  Sample 1:
    TRUE: [27, 16, 7, 39, 26, 11, 7, 2, 28, 30, 39, 28, 10, 34, 27, 2, 20, 39, 28, 5, 22, 8, 39, 20, 16, 31, 2, 14, 27, 1, 13, 28, 39]
    PRED: [27, 10, 28, 39, 26, 11, 28, 2, 37, 39, 28, 10, 34, 20, 39, 30, 5, 22, 8, 37, 39, 20, 16, 9, 14, 5, 13, 39]
    Edit distance: 14/33
  Sample 2:
    TRUE: [28, 24, 39, 27, 33, 20, 37, 39, 35, 17, 39, 21, 12, 8, 39, 16, 22, 39, 2, 22, 2, 6, 1, 29, 30, 39, 19, 2, 20, 33, 38, 2, 22, 39]
    PRED: [9, 24, 39, 27, 33, 20, 24, 37, 39, 35, 17, 39, 21, 12, 8, 39, 16, 22, 39, 2, 22, 2, 27, 1, 29, 39, 19, 33, 20, 33, 38, 2, 22, 39]
    Edit distance: 5/34
  Sample 3:
    TRUE: [20, 3, 27, 17, 37, 39, 19, 0, 28, 30, 33, 21, 39, 22, 17, 8, 2, 8, 39, 6, 20, 1, 19, 39, 14, 20, 2, 34, 37, 39, 30, 33, 39, 6, 17, 39, 19, 2, 21, 26, 20, 17, 30, 20, 17, 39, 10, 20, 2, 14, 2, 22, 30, 39]
    PRED: [27, 24, 17, 12, 39, 19, 28, 30, 2, 21, 39, 22, 17, 8, 39, 21, 1, 19, 39, 20, 2, 34, 39, 30, 33, 39, 6, 17, 39, 19, 2, 21, 26, 20, 17, 39, 1, 20, 2, 22, 39]
    Edit distance: 19/54
  Sample 4:
    TRUE: [9, 2, 39, 30, 33, 31, 39, 13, 10, 27, 17, 39, 13, 11, 14, 0, 30, 39, 30, 33, 39, 19, 2, 21, 39, 35, 10, 22, 39, 27, 0, 18, 11, 37, 39, 30, 33, 31, 39, 13, 10, 20, 39, 4, 30, 39]
    PRED: [9, 2, 39, 30, 27, 33, 31, 39, 34, 10, 27, 17, 39, 34, 3, 0, 19, 2, 30, 39, 30, 33, 39, 28, 2, 21, 39, 35, 10, 22, 8, 39, 35, 27, 8, 11, 37, 39, 31, 33, 31, 39, 8, 10, 20, 39, 4, 30, 39]
    Edit distance: 14/46

============================================================
Batch 134000 | Val PER: 0.2801
============================================================
  Sample 0:
    TRUE: [31, 17, 0, 19, 27, 2, 28, 17, 39, 27, 17, 19, 2, 22, 28, 16, 8, 11, 8, 39]
    PRED: [9, 39, 0, 28, 2, 28, 39, 27, 17, 14, 19, 2, 28, 22, 28, 30, 2, 8, 39]
    Edit distance: 10/20
  Sample 1:
    TRUE: [27, 16, 7, 39, 26, 11, 7, 2, 28, 30, 39, 28, 10, 34, 27, 2, 20, 39, 28, 5, 22, 8, 39, 20, 16, 31, 2, 14, 27, 1, 13, 28, 39]
    PRED: [27, 10, 19, 28, 39, 26, 11, 28, 2, 37, 39, 28, 10, 34, 2, 20, 39, 28, 30, 5, 22, 8, 37, 39, 20, 16, 9, 14, 5, 13, 39]
    Edit distance: 14/33
  Sample 2:
    TRUE: [28, 24, 39, 27, 33, 20, 37, 39, 35, 17, 39, 21, 12, 8, 39, 16, 22, 39, 2, 22, 2, 6, 1, 29, 30, 39, 19, 2, 20, 33, 38, 2, 22, 39]
    PRED: [9, 24, 39, 27, 33, 20, 37, 39, 35, 17, 39, 21, 12, 8, 39, 16, 22, 39, 16, 22, 11, 13, 27, 1, 29, 30, 39, 19, 33, 20, 33, 38, 2, 22, 39]
    Edit distance: 6/34
  Sample 3:
    TRUE: [20, 3, 27, 17, 37, 39, 19, 0, 28, 30, 33, 21, 39, 22, 17, 8, 2, 8, 39, 6, 20, 1, 19, 39, 14, 20, 2, 34, 37, 39, 30, 33, 39, 6, 17, 39, 19, 2, 21, 26, 20, 17, 30, 20, 17, 39, 10, 20, 2, 14, 2, 22, 30, 39]
    PRED: [19, 27, 24, 17, 12, 39, 19, 4, 28, 30, 2, 21, 39, 22, 12, 8, 39, 6, 1, 19, 39, 20, 5, 34, 39, 30, 33, 39, 6, 17, 39, 19, 2, 21, 26, 2, 20, 20, 39, 1, 20, 2, 22, 8, 39]
    Edit distance: 21/54
  Sample 4:
    TRUE: [9, 2, 39, 30, 33, 31, 39, 13, 10, 27, 17, 39, 13, 11, 14, 0, 30, 39, 30, 33, 39, 19, 2, 21, 39, 35, 10, 22, 39, 27, 0, 18, 11, 37, 39, 30, 33, 31, 39, 13, 10, 20, 39, 4, 30, 39]
    PRED: [9, 2, 39, 30, 27, 33, 31, 39, 34, 10, 27, 17, 39, 13, 3, 2, 19, 0, 19, 2, 30, 39, 30, 33, 39, 28, 2, 21, 39, 35, 10, 22, 8, 39, 35, 17, 5, 8, 7, 11, 37, 39, 31, 33, 31, 39, 13, 8, 10, 20, 39, 4, 30, 39]
    Edit distance: 16/46

============================================================
Batch 134500 | Val PER: 0.2795
============================================================
  Sample 0:
    TRUE: [31, 17, 0, 19, 27, 2, 28, 17, 39, 27, 17, 19, 2, 22, 28, 16, 8, 11, 8, 39]
    PRED: [9, 39, 0, 28, 30, 28, 39, 27, 17, 14, 19, 2, 22, 28, 30, 8, 39]
    Edit distance: 10/20
  Sample 1:
    TRUE: [27, 16, 7, 39, 26, 11, 7, 2, 28, 30, 39, 28, 10, 34, 27, 2, 20, 39, 28, 5, 22, 8, 39, 20, 16, 31, 2, 14, 27, 1, 13, 28, 39]
    PRED: [27, 10, 19, 28, 39, 26, 11, 28, 2, 8, 37, 39, 28, 10, 34, 2, 20, 39, 30, 5, 22, 8, 37, 39, 20, 16, 9, 28, 5, 13, 39]
    Edit distance: 15/33
  Sample 2:
    TRUE: [28, 24, 39, 27, 33, 20, 37, 39, 35, 17, 39, 21, 12, 8, 39, 16, 22, 39, 2, 22, 2, 6, 1, 29, 30, 39, 19, 2, 20, 33, 38, 2, 22, 39]
    PRED: [9, 24, 2, 39, 27, 33, 20, 37, 39, 35, 17, 39, 21, 12, 22, 8, 39, 16, 22, 39, 2, 22, 2, 13, 27, 1, 29, 30, 39, 19, 33, 20, 33, 38, 2, 22, 39]
    Edit distance: 6/34
  Sample 3:
    TRUE: [20, 3, 27, 17, 37, 39, 19, 0, 28, 30, 33, 21, 39, 22, 17, 8, 2, 8, 39, 6, 20, 1, 19, 39, 14, 20, 2, 34, 37, 39, 30, 33, 39, 6, 17, 39, 19, 2, 21, 26, 20, 17, 30, 20, 17, 39, 10, 20, 2, 14, 2, 22, 30, 39]
    PRED: [19, 27, 24, 17, 12, 39, 19, 5, 28, 30, 2, 21, 39, 22, 12, 8, 39, 21, 1, 19, 39, 20, 5, 2, 34, 39, 30, 33, 39, 6, 17, 39, 19, 2, 21, 26, 20, 17, 39, 1, 20, 2, 22, 39]
    Edit distance: 21/54
  Sample 4:
    TRUE: [9, 2, 39, 30, 33, 31, 39, 13, 10, 27, 17, 39, 13, 11, 14, 0, 30, 39, 30, 33, 39, 19, 2, 21, 39, 35, 10, 22, 39, 27, 0, 18, 11, 37, 39, 30, 33, 31, 39, 13, 10, 20, 39, 4, 30, 39]
    PRED: [9, 2, 39, 30, 27, 33, 31, 39, 34, 10, 27, 17, 39, 34, 3, 2, 19, 0, 19, 2, 39, 30, 33, 39, 28, 2, 21, 39, 35, 10, 22, 8, 39, 35, 17, 8, 11, 39, 31, 33, 31, 39, 13, 8, 10, 20, 39, 4, 30, 39]
    Edit distance: 16/46

============================================================
Batch 135000 | Val PER: 0.2779
============================================================
  Sample 0:
    TRUE: [31, 17, 0, 19, 27, 2, 28, 17, 39, 27, 17, 19, 2, 22, 28, 16, 8, 11, 8, 39]
    PRED: [9, 28, 0, 28, 2, 28, 39, 27, 2, 17, 14, 19, 2, 22, 28, 30, 2, 8, 39]
    Edit distance: 10/20
  Sample 1:
    TRUE: [27, 16, 7, 39, 26, 11, 7, 2, 28, 30, 39, 28, 10, 34, 27, 2, 20, 39, 28, 5, 22, 8, 39, 20, 16, 31, 2, 14, 27, 1, 13, 28, 39]
    PRED: [27, 10, 19, 28, 39, 26, 11, 28, 2, 37, 39, 28, 10, 34, 11, 2, 20, 39, 30, 5, 22, 8, 37, 39, 20, 16, 28, 14, 5, 13, 39]
    Edit distance: 14/33
  Sample 2:
    TRUE: [28, 24, 39, 27, 33, 20, 37, 39, 35, 17, 39, 21, 12, 8, 39, 16, 22, 39, 2, 22, 2, 6, 1, 29, 30, 39, 19, 2, 20, 33, 38, 2, 22, 39]
    PRED: [9, 24, 2, 39, 27, 33, 20, 37, 39, 35, 17, 39, 21, 12, 8, 39, 16, 22, 39, 2, 22, 2, 11, 13, 27, 1, 29, 30, 39, 19, 33, 20, 33, 38, 2, 22, 39]
    Edit distance: 6/34
  Sample 3:
    TRUE: [20, 3, 27, 17, 37, 39, 19, 0, 28, 30, 33, 21, 39, 22, 17, 8, 2, 8, 39, 6, 20, 1, 19, 39, 14, 20, 2, 34, 37, 39, 30, 33, 39, 6, 17, 39, 19, 2, 21, 26, 20, 17, 30, 20, 17, 39, 10, 20, 2, 14, 2, 22, 30, 39]
    PRED: [19, 27, 24, 17, 12, 39, 19, 5, 28, 30, 2, 21, 39, 22, 12, 8, 39, 21, 1, 19, 39, 20, 5, 34, 39, 30, 33, 39, 6, 17, 39, 19, 2, 21, 26, 20, 20, 39, 1, 20, 2, 22, 8, 39]
    Edit distance: 21/54
  Sample 4:
    TRUE: [9, 2, 39, 30, 33, 31, 39, 13, 10, 27, 17, 39, 13, 11, 14, 0, 30, 39, 30, 33, 39, 19, 2, 21, 39, 35, 10, 22, 39, 27, 0, 18, 11, 37, 39, 30, 33, 31, 39, 13, 10, 20, 39, 4, 30, 39]
    PRED: [9, 2, 39, 30, 27, 33, 31, 39, 34, 10, 27, 17, 39, 34, 3, 2, 0, 19, 2, 30, 39, 30, 33, 39, 28, 2, 21, 39, 35, 10, 22, 39, 35, 10, 8, 11, 39, 37, 39, 31, 33, 31, 39, 8, 10, 20, 39, 4, 30, 39]
    Edit distance: 14/46

============================================================
Batch 135500 | Val PER: 0.2796
============================================================
  Sample 0:
    TRUE: [31, 17, 0, 19, 27, 2, 28, 17, 39, 27, 17, 19, 2, 22, 28, 16, 8, 11, 8, 39]
    PRED: [9, 0, 28, 30, 2, 28, 39, 27, 2, 17, 14, 19, 22, 28, 2, 30, 2, 8, 39]
    Edit distance: 11/20
  Sample 1:
    TRUE: [27, 16, 7, 39, 26, 11, 7, 2, 28, 30, 39, 28, 10, 34, 27, 2, 20, 39, 28, 5, 22, 8, 39, 20, 16, 31, 2, 14, 27, 1, 13, 28, 39]
    PRED: [27, 10, 19, 28, 39, 26, 11, 28, 2, 37, 39, 28, 10, 34, 2, 20, 39, 30, 5, 22, 8, 37, 39, 20, 16, 9, 5, 13, 39]
    Edit distance: 15/33
  Sample 2:
    TRUE: [28, 24, 39, 27, 33, 20, 37, 39, 35, 17, 39, 21, 12, 8, 39, 16, 22, 39, 2, 22, 2, 6, 1, 29, 30, 39, 19, 2, 20, 33, 38, 2, 22, 39]
    PRED: [9, 2, 39, 27, 33, 20, 37, 39, 35, 17, 39, 21, 12, 8, 39, 16, 22, 39, 2, 22, 11, 13, 27, 1, 29, 30, 39, 19, 33, 20, 33, 38, 38, 2, 22, 39]
    Edit distance: 7/34
  Sample 3:
    TRUE: [20, 3, 27, 17, 37, 39, 19, 0, 28, 30, 33, 21, 39, 22, 17, 8, 2, 8, 39, 6, 20, 1, 19, 39, 14, 20, 2, 34, 37, 39, 30, 33, 39, 6, 17, 39, 19, 2, 21, 26, 20, 17, 30, 20, 17, 39, 10, 20, 2, 14, 2, 22, 30, 39]
    PRED: [19, 27, 24, 17, 12, 39, 19, 19, 30, 2, 21, 39, 22, 12, 8, 39, 21, 1, 19, 39, 20, 5, 34, 39, 30, 33, 39, 6, 17, 39, 19, 2, 21, 26, 2, 20, 17, 39, 1, 20, 2, 22, 8, 39]
    Edit distance: 22/54
  Sample 4:
    TRUE: [9, 2, 39, 30, 33, 31, 39, 13, 10, 27, 17, 39, 13, 11, 14, 0, 30, 39, 30, 33, 39, 19, 2, 21, 39, 35, 10, 22, 39, 27, 0, 18, 11, 37, 39, 30, 33, 31, 39, 13, 10, 20, 39, 4, 30, 39]
    PRED: [9, 2, 39, 30, 27, 33, 31, 39, 34, 10, 27, 17, 39, 34, 3, 2, 0, 19, 30, 39, 30, 33, 39, 28, 2, 21, 39, 35, 10, 22, 39, 35, 16, 8, 11, 39, 37, 39, 31, 33, 31, 39, 8, 10, 20, 39, 4, 30, 39]
    Edit distance: 13/46

============================================================
Batch 136000 | Val PER: 0.2800
============================================================
  Sample 0:
    TRUE: [31, 17, 0, 19, 27, 2, 28, 17, 39, 27, 17, 19, 2, 22, 28, 16, 8, 11, 8, 39]
    PRED: [9, 0, 28, 30, 2, 28, 39, 27, 17, 14, 19, 22, 28, 30, 8, 39]
    Edit distance: 10/20
  Sample 1:
    TRUE: [27, 16, 7, 39, 26, 11, 7, 2, 28, 30, 39, 28, 10, 34, 27, 2, 20, 39, 28, 5, 22, 8, 39, 20, 16, 31, 2, 14, 27, 1, 13, 28, 39]
    PRED: [27, 10, 19, 28, 39, 26, 11, 28, 2, 8, 37, 39, 28, 10, 34, 2, 20, 39, 30, 5, 22, 8, 37, 39, 20, 16, 9, 28, 14, 5, 13, 39]
    Edit distance: 14/33
  Sample 2:
    TRUE: [28, 24, 39, 27, 33, 20, 37, 39, 35, 17, 39, 21, 12, 8, 39, 16, 22, 39, 2, 22, 2, 6, 1, 29, 30, 39, 19, 2, 20, 33, 38, 2, 22, 39]
    PRED: [9, 24, 39, 27, 33, 20, 37, 39, 35, 17, 39, 21, 12, 8, 39, 16, 22, 39, 2, 22, 2, 13, 27, 1, 29, 30, 39, 19, 33, 20, 33, 38, 38, 2, 22, 39]
    Edit distance: 5/34
  Sample 3:
    TRUE: [20, 3, 27, 17, 37, 39, 19, 0, 28, 30, 33, 21, 39, 22, 17, 8, 2, 8, 39, 6, 20, 1, 19, 39, 14, 20, 2, 34, 37, 39, 30, 33, 39, 6, 17, 39, 19, 2, 21, 26, 20, 17, 30, 20, 17, 39, 10, 20, 2, 14, 2, 22, 30, 39]
    PRED: [19, 27, 24, 17, 12, 39, 19, 5, 28, 30, 2, 21, 39, 22, 12, 8, 39, 21, 1, 19, 39, 20, 5, 2, 34, 39, 30, 33, 39, 6, 17, 39, 19, 2, 21, 26, 20, 39, 1, 20, 2, 22, 8, 39]
    Edit distance: 22/54
  Sample 4:
    TRUE: [9, 2, 39, 30, 33, 31, 39, 13, 10, 27, 17, 39, 13, 11, 14, 0, 30, 39, 30, 33, 39, 19, 2, 21, 39, 35, 10, 22, 39, 27, 0, 18, 11, 37, 39, 30, 33, 31, 39, 13, 10, 20, 39, 4, 30, 39]
    PRED: [9, 2, 39, 30, 27, 33, 31, 39, 34, 10, 27, 17, 39, 34, 3, 19, 0, 19, 2, 30, 39, 30, 33, 39, 28, 2, 21, 39, 35, 10, 22, 39, 35, 10, 8, 11, 37, 39, 31, 33, 31, 39, 8, 10, 20, 39, 4, 30, 39]
    Edit distance: 13/46

============================================================
Batch 136500 | Val PER: 0.2801
============================================================
  Sample 0:
    TRUE: [31, 17, 0, 19, 27, 2, 28, 17, 39, 27, 17, 19, 2, 22, 28, 16, 8, 11, 8, 39]
    PRED: [9, 0, 28, 30, 2, 28, 39, 27, 17, 14, 19, 22, 28, 2, 30, 8, 39]
    Edit distance: 10/20
  Sample 1:
    TRUE: [27, 16, 7, 39, 26, 11, 7, 2, 28, 30, 39, 28, 10, 34, 27, 2, 20, 39, 28, 5, 22, 8, 39, 20, 16, 31, 2, 14, 27, 1, 13, 28, 39]
    PRED: [27, 10, 19, 28, 39, 26, 11, 28, 2, 37, 39, 28, 10, 34, 2, 20, 39, 30, 5, 22, 8, 37, 39, 20, 16, 9, 14, 5, 13, 39]
    Edit distance: 14/33
  Sample 2:
    TRUE: [28, 24, 39, 27, 33, 20, 37, 39, 35, 17, 39, 21, 12, 8, 39, 16, 22, 39, 2, 22, 2, 6, 1, 29, 30, 39, 19, 2, 20, 33, 38, 2, 22, 39]
    PRED: [9, 24, 2, 39, 27, 33, 20, 37, 39, 35, 17, 39, 21, 12, 8, 39, 16, 22, 39, 2, 22, 2, 11, 13, 27, 1, 29, 30, 39, 19, 33, 20, 33, 38, 2, 22, 39]
    Edit distance: 6/34
  Sample 3:
    TRUE: [20, 3, 27, 17, 37, 39, 19, 0, 28, 30, 33, 21, 39, 22, 17, 8, 2, 8, 39, 6, 20, 1, 19, 39, 14, 20, 2, 34, 37, 39, 30, 33, 39, 6, 17, 39, 19, 2, 21, 26, 20, 17, 30, 20, 17, 39, 10, 20, 2, 14, 2, 22, 30, 39]
    PRED: [19, 27, 24, 35, 12, 39, 19, 1, 28, 30, 2, 21, 39, 22, 17, 8, 39, 21, 1, 19, 39, 20, 5, 34, 39, 30, 33, 39, 6, 17, 39, 19, 2, 21, 26, 20, 39, 1, 20, 2, 22, 39]
    Edit distance: 22/54
  Sample 4:
    TRUE: [9, 2, 39, 30, 33, 31, 39, 13, 10, 27, 17, 39, 13, 11, 14, 0, 30, 39, 30, 33, 39, 19, 2, 21, 39, 35, 10, 22, 39, 27, 0, 18, 11, 37, 39, 30, 33, 31, 39, 13, 10, 20, 39, 4, 30, 39]
    PRED: [9, 2, 39, 30, 36, 33, 31, 39, 34, 10, 27, 17, 39, 34, 3, 19, 0, 19, 30, 39, 30, 33, 39, 28, 2, 21, 39, 35, 10, 22, 39, 35, 17, 8, 11, 37, 39, 31, 33, 31, 39, 8, 10, 20, 39, 4, 30, 39]
    Edit distance: 12/46

============================================================
Batch 137000 | Val PER: 0.2791
============================================================
  Sample 0:
    TRUE: [31, 17, 0, 19, 27, 2, 28, 17, 39, 27, 17, 19, 2, 22, 28, 16, 8, 11, 8, 39]
    PRED: [9, 0, 28, 30, 28, 39, 27, 17, 14, 19, 2, 22, 2, 30, 2, 8, 39]
    Edit distance: 11/20
  Sample 1:
    TRUE: [27, 16, 7, 39, 26, 11, 7, 2, 28, 30, 39, 28, 10, 34, 27, 2, 20, 39, 28, 5, 22, 8, 39, 20, 16, 31, 2, 14, 27, 1, 13, 28, 39]
    PRED: [27, 10, 19, 28, 39, 26, 11, 28, 2, 37, 39, 10, 34, 2, 20, 39, 30, 5, 22, 8, 37, 39, 20, 16, 28, 14, 5, 13, 39]
    Edit distance: 15/33
  Sample 2:
    TRUE: [28, 24, 39, 27, 33, 20, 37, 39, 35, 17, 39, 21, 12, 8, 39, 16, 22, 39, 2, 22, 2, 6, 1, 29, 30, 39, 19, 2, 20, 33, 38, 2, 22, 39]
    PRED: [9, 24, 2, 39, 27, 33, 20, 37, 39, 35, 17, 39, 21, 12, 8, 39, 16, 22, 39, 2, 22, 2, 11, 13, 27, 1, 29, 30, 39, 19, 33, 20, 33, 38, 2, 22, 39]
    Edit distance: 6/34
  Sample 3:
    TRUE: [20, 3, 27, 17, 37, 39, 19, 0, 28, 30, 33, 21, 39, 22, 17, 8, 2, 8, 39, 6, 20, 1, 19, 39, 14, 20, 2, 34, 37, 39, 30, 33, 39, 6, 17, 39, 19, 2, 21, 26, 20, 17, 30, 20, 17, 39, 10, 20, 2, 14, 2, 22, 30, 39]
    PRED: [19, 27, 24, 17, 12, 39, 19, 1, 28, 30, 2, 21, 39, 22, 17, 8, 39, 6, 1, 19, 39, 20, 5, 34, 37, 39, 30, 33, 39, 6, 17, 39, 19, 2, 21, 26, 20, 39, 1, 20, 2, 22, 39]
    Edit distance: 19/54
  Sample 4:
    TRUE: [9, 2, 39, 30, 33, 31, 39, 13, 10, 27, 17, 39, 13, 11, 14, 0, 30, 39, 30, 33, 39, 19, 2, 21, 39, 35, 10, 22, 39, 27, 0, 18, 11, 37, 39, 30, 33, 31, 39, 13, 10, 20, 39, 4, 30, 39]
    PRED: [9, 2, 39, 30, 27, 33, 31, 39, 34, 10, 27, 17, 39, 13, 3, 19, 0, 19, 30, 39, 30, 33, 39, 28, 2, 21, 39, 35, 10, 22, 39, 35, 10, 8, 11, 37, 39, 31, 33, 31, 39, 8, 10, 20, 39, 4, 30, 39]
    Edit distance: 11/46

============================================================
Batch 137500 | Val PER: 0.2802
============================================================
  Sample 0:
    TRUE: [31, 17, 0, 19, 27, 2, 28, 17, 39, 27, 17, 19, 2, 22, 28, 16, 8, 11, 8, 39]
    PRED: [9, 0, 28, 2, 28, 39, 27, 2, 17, 14, 19, 22, 28, 2, 30, 2, 8, 39]
    Edit distance: 11/20
  Sample 1:
    TRUE: [27, 16, 7, 39, 26, 11, 7, 2, 28, 30, 39, 28, 10, 34, 27, 2, 20, 39, 28, 5, 22, 8, 39, 20, 16, 31, 2, 14, 27, 1, 13, 28, 39]
    PRED: [27, 10, 19, 28, 39, 26, 11, 28, 2, 37, 39, 10, 34, 2, 20, 39, 30, 5, 22, 8, 39, 20, 16, 9, 2, 5, 13, 39]
    Edit distance: 14/33
  Sample 2:
    TRUE: [28, 24, 39, 27, 33, 20, 37, 39, 35, 17, 39, 21, 12, 8, 39, 16, 22, 39, 2, 22, 2, 6, 1, 29, 30, 39, 19, 2, 20, 33, 38, 2, 22, 39]
    PRED: [9, 24, 2, 39, 27, 33, 20, 28, 24, 37, 39, 35, 17, 39, 21, 12, 8, 39, 16, 22, 39, 16, 22, 2, 11, 13, 27, 1, 29, 30, 39, 19, 33, 20, 33, 38, 2, 22, 39]
    Edit distance: 9/34
  Sample 3:
    TRUE: [20, 3, 27, 17, 37, 39, 19, 0, 28, 30, 33, 21, 39, 22, 17, 8, 2, 8, 39, 6, 20, 1, 19, 39, 14, 20, 2, 34, 37, 39, 30, 33, 39, 6, 17, 39, 19, 2, 21, 26, 20, 17, 30, 20, 17, 39, 10, 20, 2, 14, 2, 22, 30, 39]
    PRED: [19, 27, 24, 17, 12, 39, 19, 1, 28, 30, 2, 21, 39, 22, 12, 8, 39, 21, 1, 19, 39, 20, 5, 34, 39, 30, 33, 39, 6, 17, 39, 19, 2, 21, 26, 2, 20, 20, 39, 1, 20, 2, 22, 39]
    Edit distance: 22/54
  Sample 4:
    TRUE: [9, 2, 39, 30, 33, 31, 39, 13, 10, 27, 17, 39, 13, 11, 14, 0, 30, 39, 30, 33, 39, 19, 2, 21, 39, 35, 10, 22, 39, 27, 0, 18, 11, 37, 39, 30, 33, 31, 39, 13, 10, 20, 39, 4, 30, 39]
    PRED: [9, 2, 39, 30, 27, 33, 31, 39, 34, 10, 27, 17, 39, 34, 3, 19, 0, 19, 30, 39, 30, 33, 39, 28, 2, 21, 39, 35, 10, 22, 39, 35, 17, 8, 11, 37, 39, 31, 33, 31, 39, 8, 10, 20, 39, 4, 30, 39]
    Edit distance: 12/46

============================================================
Batch 138000 | Val PER: 0.2778
============================================================
  Sample 0:
    TRUE: [31, 17, 0, 19, 27, 2, 28, 17, 39, 27, 17, 19, 2, 22, 28, 16, 8, 11, 8, 39]
    PRED: [9, 12, 0, 28, 30, 2, 28, 39, 27, 2, 17, 14, 19, 22, 28, 2, 30, 8, 39]
    Edit distance: 11/20
  Sample 1:
    TRUE: [27, 16, 7, 39, 26, 11, 7, 2, 28, 30, 39, 28, 10, 34, 27, 2, 20, 39, 28, 5, 22, 8, 39, 20, 16, 31, 2, 14, 27, 1, 13, 28, 39]
    PRED: [27, 10, 19, 28, 39, 26, 11, 28, 2, 37, 39, 10, 34, 2, 20, 39, 30, 5, 22, 8, 37, 39, 20, 16, 9, 2, 14, 27, 5, 13, 39]
    Edit distance: 13/33
  Sample 2:
    TRUE: [28, 24, 39, 27, 33, 20, 37, 39, 35, 17, 39, 21, 12, 8, 39, 16, 22, 39, 2, 22, 2, 6, 1, 29, 30, 39, 19, 2, 20, 33, 38, 2, 22, 39]
    PRED: [9, 24, 2, 39, 27, 33, 20, 37, 39, 35, 17, 39, 21, 12, 8, 39, 16, 22, 39, 16, 22, 2, 11, 13, 27, 1, 29, 30, 39, 19, 33, 20, 33, 38, 2, 22, 39]
    Edit distance: 7/34
  Sample 3:
    TRUE: [20, 3, 27, 17, 37, 39, 19, 0, 28, 30, 33, 21, 39, 22, 17, 8, 2, 8, 39, 6, 20, 1, 19, 39, 14, 20, 2, 34, 37, 39, 30, 33, 39, 6, 17, 39, 19, 2, 21, 26, 20, 17, 30, 20, 17, 39, 10, 20, 2, 14, 2, 22, 30, 39]
    PRED: [19, 27, 24, 17, 12, 39, 19, 1, 28, 30, 2, 21, 39, 22, 17, 8, 39, 21, 1, 19, 39, 20, 5, 2, 34, 39, 30, 33, 39, 6, 17, 39, 19, 2, 21, 26, 20, 39, 1, 20, 2, 22, 39]
    Edit distance: 21/54
  Sample 4:
    TRUE: [9, 2, 39, 30, 33, 31, 39, 13, 10, 27, 17, 39, 13, 11, 14, 0, 30, 39, 30, 33, 39, 19, 2, 21, 39, 35, 10, 22, 39, 27, 0, 18, 11, 37, 39, 30, 33, 31, 39, 13, 10, 20, 39, 4, 30, 39]
    PRED: [9, 2, 39, 30, 27, 33, 31, 39, 34, 10, 27, 17, 39, 34, 3, 2, 19, 0, 19, 39, 30, 33, 39, 28, 2, 21, 39, 35, 10, 22, 39, 35, 8, 11, 37, 39, 31, 33, 31, 39, 8, 10, 20, 39, 4, 30, 39]
    Edit distance: 13/46

============================================================
Batch 138500 | Val PER: 0.2806
============================================================
  Sample 0:
    TRUE: [31, 17, 0, 19, 27, 2, 28, 17, 39, 27, 17, 19, 2, 22, 28, 16, 8, 11, 8, 39]
    PRED: [9, 0, 28, 30, 2, 28, 39, 27, 2, 17, 14, 2, 22, 2, 2, 30, 8, 39]
    Edit distance: 11/20
  Sample 1:
    TRUE: [27, 16, 7, 39, 26, 11, 7, 2, 28, 30, 39, 28, 10, 34, 27, 2, 20, 39, 28, 5, 22, 8, 39, 20, 16, 31, 2, 14, 27, 1, 13, 28, 39]
    PRED: [27, 10, 19, 28, 26, 11, 29, 2, 37, 39, 10, 34, 2, 20, 39, 30, 5, 22, 8, 37, 39, 20, 16, 9, 28, 14, 5, 13, 39]
    Edit distance: 15/33
  Sample 2:
    TRUE: [28, 24, 39, 27, 33, 20, 37, 39, 35, 17, 39, 21, 12, 8, 39, 16, 22, 39, 2, 22, 2, 6, 1, 29, 30, 39, 19, 2, 20, 33, 38, 2, 22, 39]
    PRED: [9, 24, 2, 39, 27, 33, 20, 37, 39, 35, 17, 39, 21, 12, 8, 39, 16, 22, 39, 16, 22, 2, 13, 27, 1, 29, 30, 39, 19, 33, 20, 33, 38, 2, 22, 39]
    Edit distance: 6/34
  Sample 3:
    TRUE: [20, 3, 27, 17, 37, 39, 19, 0, 28, 30, 33, 21, 39, 22, 17, 8, 2, 8, 39, 6, 20, 1, 19, 39, 14, 20, 2, 34, 37, 39, 30, 33, 39, 6, 17, 39, 19, 2, 21, 26, 20, 17, 30, 20, 17, 39, 10, 20, 2, 14, 2, 22, 30, 39]
    PRED: [19, 27, 24, 17, 12, 39, 19, 1, 30, 2, 21, 39, 22, 12, 8, 39, 6, 1, 19, 39, 20, 5, 2, 34, 8, 39, 30, 33, 39, 6, 17, 39, 19, 2, 21, 26, 20, 39, 1, 20, 2, 22, 39]
    Edit distance: 22/54
  Sample 4:
    TRUE: [9, 2, 39, 30, 33, 31, 39, 13, 10, 27, 17, 39, 13, 11, 14, 0, 30, 39, 30, 33, 39, 19, 2, 21, 39, 35, 10, 22, 39, 27, 0, 18, 11, 37, 39, 30, 33, 31, 39, 13, 10, 20, 39, 4, 30, 39]
    PRED: [9, 2, 39, 30, 27, 33, 31, 39, 34, 10, 27, 17, 39, 34, 3, 2, 19, 0, 19, 30, 2, 30, 39, 30, 33, 39, 28, 2, 21, 39, 35, 2, 22, 39, 35, 8, 11, 37, 39, 31, 33, 31, 39, 8, 10, 20, 39, 4, 30, 39]
    Edit distance: 16/46

============================================================
Batch 139000 | Val PER: 0.2798
============================================================
  Sample 0:
    TRUE: [31, 17, 0, 19, 27, 2, 28, 17, 39, 27, 17, 19, 2, 22, 28, 16, 8, 11, 8, 39]
    PRED: [9, 16, 0, 28, 30, 2, 28, 39, 27, 2, 17, 14, 2, 22, 2, 2, 30, 8, 39]
    Edit distance: 11/20
  Sample 1:
    TRUE: [27, 16, 7, 39, 26, 11, 7, 2, 28, 30, 39, 28, 10, 34, 27, 2, 20, 39, 28, 5, 22, 8, 39, 20, 16, 31, 2, 14, 27, 1, 13, 28, 39]
    PRED: [27, 10, 19, 28, 39, 26, 11, 28, 2, 37, 39, 10, 34, 2, 20, 39, 30, 5, 22, 8, 37, 39, 20, 16, 28, 27, 5, 13, 39]
    Edit distance: 15/33
  Sample 2:
    TRUE: [28, 24, 39, 27, 33, 20, 37, 39, 35, 17, 39, 21, 12, 8, 39, 16, 22, 39, 2, 22, 2, 6, 1, 29, 30, 39, 19, 2, 20, 33, 38, 2, 22, 39]
    PRED: [9, 24, 2, 39, 27, 33, 20, 37, 39, 35, 17, 39, 21, 12, 8, 39, 16, 22, 39, 16, 22, 2, 13, 27, 1, 29, 30, 39, 19, 33, 20, 33, 38, 2, 22, 39]
    Edit distance: 6/34
  Sample 3:
    TRUE: [20, 3, 27, 17, 37, 39, 19, 0, 28, 30, 33, 21, 39, 22, 17, 8, 2, 8, 39, 6, 20, 1, 19, 39, 14, 20, 2, 34, 37, 39, 30, 33, 39, 6, 17, 39, 19, 2, 21, 26, 20, 17, 30, 20, 17, 39, 10, 20, 2, 14, 2, 22, 30, 39]
    PRED: [19, 27, 24, 17, 12, 39, 19, 1, 28, 30, 2, 21, 39, 22, 17, 8, 39, 6, 1, 19, 39, 20, 5, 2, 34, 8, 39, 30, 33, 39, 6, 17, 39, 19, 2, 21, 26, 2, 20, 39, 1, 20, 2, 22, 39]
    Edit distance: 20/54
  Sample 4:
    TRUE: [9, 2, 39, 30, 33, 31, 39, 13, 10, 27, 17, 39, 13, 11, 14, 0, 30, 39, 30, 33, 39, 19, 2, 21, 39, 35, 10, 22, 39, 27, 0, 18, 11, 37, 39, 30, 33, 31, 39, 13, 10, 20, 39, 4, 30, 39]
    PRED: [9, 2, 39, 30, 27, 33, 31, 39, 34, 10, 27, 17, 39, 34, 3, 19, 0, 19, 2, 30, 39, 30, 33, 39, 28, 2, 21, 39, 35, 10, 22, 39, 35, 11, 8, 11, 37, 39, 31, 33, 31, 39, 8, 10, 20, 39, 4, 30, 39]
    Edit distance: 13/46

============================================================
Batch 139500 | Val PER: 0.2775
============================================================
  Sample 0:
    TRUE: [31, 17, 0, 19, 27, 2, 28, 17, 39, 27, 17, 19, 2, 22, 28, 16, 8, 11, 8, 39]
    PRED: [9, 16, 0, 28, 30, 2, 28, 39, 27, 2, 17, 14, 22, 2, 2, 8, 39]
    Edit distance: 12/20
  Sample 1:
    TRUE: [27, 16, 7, 39, 26, 11, 7, 2, 28, 30, 39, 28, 10, 34, 27, 2, 20, 39, 28, 5, 22, 8, 39, 20, 16, 31, 2, 14, 27, 1, 13, 28, 39]
    PRED: [27, 10, 19, 28, 39, 26, 11, 28, 2, 37, 39, 10, 34, 2, 20, 39, 30, 5, 22, 8, 37, 39, 20, 16, 28, 5, 13, 30, 39]
    Edit distance: 16/33
  Sample 2:
    TRUE: [28, 24, 39, 27, 33, 20, 37, 39, 35, 17, 39, 21, 12, 8, 39, 16, 22, 39, 2, 22, 2, 6, 1, 29, 30, 39, 19, 2, 20, 33, 38, 2, 22, 39]
    PRED: [9, 24, 2, 39, 27, 33, 20, 37, 39, 6, 17, 39, 21, 12, 8, 39, 16, 22, 39, 2, 22, 2, 13, 27, 2, 29, 39, 19, 33, 20, 33, 38, 2, 22, 39]
    Edit distance: 8/34
  Sample 3:
    TRUE: [20, 3, 27, 17, 37, 39, 19, 0, 28, 30, 33, 21, 39, 22, 17, 8, 2, 8, 39, 6, 20, 1, 19, 39, 14, 20, 2, 34, 37, 39, 30, 33, 39, 6, 17, 39, 19, 2, 21, 26, 20, 17, 30, 20, 17, 39, 10, 20, 2, 14, 2, 22, 30, 39]
    PRED: [19, 27, 24, 17, 12, 39, 19, 1, 28, 30, 2, 21, 39, 22, 17, 8, 39, 6, 1, 19, 39, 20, 5, 34, 39, 30, 33, 39, 6, 17, 39, 19, 2, 21, 26, 20, 20, 39, 1, 20, 2, 22, 39]
    Edit distance: 19/54
  Sample 4:
    TRUE: [9, 2, 39, 30, 33, 31, 39, 13, 10, 27, 17, 39, 13, 11, 14, 0, 30, 39, 30, 33, 39, 19, 2, 21, 39, 35, 10, 22, 39, 27, 0, 18, 11, 37, 39, 30, 33, 31, 39, 13, 10, 20, 39, 4, 30, 39]
    PRED: [9, 2, 39, 30, 27, 33, 31, 39, 34, 10, 27, 17, 39, 13, 3, 19, 0, 19, 30, 39, 30, 33, 39, 28, 2, 21, 39, 35, 2, 22, 8, 39, 35, 17, 8, 11, 39, 31, 33, 31, 39, 8, 10, 20, 39, 4, 30, 39]
    Edit distance: 14/46

============================================================
Batch 140000 | Val PER: 0.2789
============================================================
  Sample 0:
    TRUE: [31, 17, 0, 19, 27, 2, 28, 17, 39, 27, 17, 19, 2, 22, 28, 16, 8, 11, 8, 39]
    PRED: [9, 16, 0, 28, 30, 2, 28, 39, 27, 2, 17, 14, 22, 2, 2, 8, 39]
    Edit distance: 12/20
  Sample 1:
    TRUE: [27, 16, 7, 39, 26, 11, 7, 2, 28, 30, 39, 28, 10, 34, 27, 2, 20, 39, 28, 5, 22, 8, 39, 20, 16, 31, 2, 14, 27, 1, 13, 28, 39]
    PRED: [27, 10, 19, 28, 39, 26, 11, 28, 2, 37, 39, 28, 10, 34, 2, 20, 39, 30, 5, 22, 8, 37, 39, 20, 16, 9, 28, 14, 5, 13, 39]
    Edit distance: 14/33
  Sample 2:
    TRUE: [28, 24, 39, 27, 33, 20, 37, 39, 35, 17, 39, 21, 12, 8, 39, 16, 22, 39, 2, 22, 2, 6, 1, 29, 30, 39, 19, 2, 20, 33, 38, 2, 22, 39]
    PRED: [9, 24, 2, 39, 27, 33, 20, 37, 39, 35, 17, 39, 21, 12, 8, 39, 16, 22, 39, 2, 22, 2, 27, 2, 1, 29, 30, 39, 19, 2, 20, 33, 38, 2, 22, 39]
    Edit distance: 4/34
  Sample 3:
    TRUE: [20, 3, 27, 17, 37, 39, 19, 0, 28, 30, 33, 21, 39, 22, 17, 8, 2, 8, 39, 6, 20, 1, 19, 39, 14, 20, 2, 34, 37, 39, 30, 33, 39, 6, 17, 39, 19, 2, 21, 26, 20, 17, 30, 20, 17, 39, 10, 20, 2, 14, 2, 22, 30, 39]
    PRED: [19, 27, 24, 12, 39, 19, 1, 28, 30, 2, 21, 39, 22, 12, 8, 39, 21, 1, 19, 39, 20, 5, 34, 8, 39, 30, 33, 39, 6, 17, 39, 19, 2, 21, 26, 2, 20, 20, 39, 1, 20, 2, 22, 39]
    Edit distance: 22/54
  Sample 4:
    TRUE: [9, 2, 39, 30, 33, 31, 39, 13, 10, 27, 17, 39, 13, 11, 14, 0, 30, 39, 30, 33, 39, 19, 2, 21, 39, 35, 10, 22, 39, 27, 0, 18, 11, 37, 39, 30, 33, 31, 39, 13, 10, 20, 39, 4, 30, 39]
    PRED: [9, 2, 39, 30, 27, 33, 31, 39, 34, 10, 17, 39, 34, 2, 19, 0, 19, 2, 30, 39, 30, 33, 39, 28, 2, 21, 39, 35, 10, 22, 39, 35, 17, 8, 11, 37, 39, 31, 33, 31, 39, 13, 10, 20, 39, 4, 30, 39]
    Edit distance: 13/46

============================================================
Batch 140500 | Val PER: 0.2787
============================================================
  Sample 0:
    TRUE: [31, 17, 0, 19, 27, 2, 28, 17, 39, 27, 17, 19, 2, 22, 28, 16, 8, 11, 8, 39]
    PRED: [9, 0, 28, 30, 2, 28, 39, 27, 2, 17, 14, 22, 2, 2, 8, 39]
    Edit distance: 12/20
  Sample 1:
    TRUE: [27, 16, 7, 39, 26, 11, 7, 2, 28, 30, 39, 28, 10, 34, 27, 2, 20, 39, 28, 5, 22, 8, 39, 20, 16, 31, 2, 14, 27, 1, 13, 28, 39]
    PRED: [27, 10, 19, 28, 39, 26, 11, 28, 2, 37, 39, 10, 34, 2, 20, 39, 30, 5, 22, 8, 37, 39, 20, 16, 9, 2, 14, 5, 13, 30, 39]
    Edit distance: 14/33
  Sample 2:
    TRUE: [28, 24, 39, 27, 33, 20, 37, 39, 35, 17, 39, 21, 12, 8, 39, 16, 22, 39, 2, 22, 2, 6, 1, 29, 30, 39, 19, 2, 20, 33, 38, 2, 22, 39]
    PRED: [9, 24, 2, 39, 27, 33, 20, 37, 39, 35, 17, 39, 21, 12, 8, 39, 16, 22, 39, 2, 22, 2, 27, 1, 29, 30, 39, 19, 2, 20, 33, 38, 2, 22, 39]
    Edit distance: 3/34
  Sample 3:
    TRUE: [20, 3, 27, 17, 37, 39, 19, 0, 28, 30, 33, 21, 39, 22, 17, 8, 2, 8, 39, 6, 20, 1, 19, 39, 14, 20, 2, 34, 37, 39, 30, 33, 39, 6, 17, 39, 19, 2, 21, 26, 20, 17, 30, 20, 17, 39, 10, 20, 2, 14, 2, 22, 30, 39]
    PRED: [27, 24, 12, 39, 19, 1, 28, 30, 2, 21, 39, 22, 17, 8, 39, 21, 1, 19, 39, 20, 5, 34, 8, 39, 30, 33, 39, 6, 17, 39, 19, 2, 21, 26, 2, 20, 20, 39, 1, 20, 2, 22, 39]
    Edit distance: 21/54
  Sample 4:
    TRUE: [9, 2, 39, 30, 33, 31, 39, 13, 10, 27, 17, 39, 13, 11, 14, 0, 30, 39, 30, 33, 39, 19, 2, 21, 39, 35, 10, 22, 39, 27, 0, 18, 11, 37, 39, 30, 33, 31, 39, 13, 10, 20, 39, 4, 30, 39]
    PRED: [9, 2, 39, 30, 27, 33, 31, 39, 34, 10, 17, 39, 34, 3, 0, 19, 2, 30, 39, 30, 33, 39, 28, 2, 21, 39, 35, 10, 22, 39, 35, 11, 8, 11, 37, 39, 30, 33, 31, 39, 13, 10, 20, 39, 4, 30, 39]
    Edit distance: 12/46

============================================================
Batch 141000 | Val PER: 0.2777
============================================================
  Sample 0:
    TRUE: [31, 17, 0, 19, 27, 2, 28, 17, 39, 27, 17, 19, 2, 22, 28, 16, 8, 11, 8, 39]
    PRED: [9, 0, 28, 30, 2, 28, 39, 27, 2, 14, 22, 28, 8, 11, 39]
    Edit distance: 10/20
  Sample 1:
    TRUE: [27, 16, 7, 39, 26, 11, 7, 2, 28, 30, 39, 28, 10, 34, 27, 2, 20, 39, 28, 5, 22, 8, 39, 20, 16, 31, 2, 14, 27, 1, 13, 28, 39]
    PRED: [27, 10, 19, 28, 39, 26, 11, 28, 2, 37, 39, 10, 34, 2, 20, 39, 30, 5, 22, 8, 37, 39, 20, 16, 9, 28, 14, 27, 5, 13, 30, 39]
    Edit distance: 14/33
  Sample 2:
    TRUE: [28, 24, 39, 27, 33, 20, 37, 39, 35, 17, 39, 21, 12, 8, 39, 16, 22, 39, 2, 22, 2, 6, 1, 29, 30, 39, 19, 2, 20, 33, 38, 2, 22, 39]
    PRED: [9, 24, 2, 39, 27, 33, 20, 37, 39, 35, 17, 39, 21, 12, 8, 39, 16, 22, 39, 2, 22, 2, 11, 13, 27, 1, 29, 30, 39, 19, 2, 20, 33, 38, 2, 22, 39]
    Edit distance: 5/34
  Sample 3:
    TRUE: [20, 3, 27, 17, 37, 39, 19, 0, 28, 30, 33, 21, 39, 22, 17, 8, 2, 8, 39, 6, 20, 1, 19, 39, 14, 20, 2, 34, 37, 39, 30, 33, 39, 6, 17, 39, 19, 2, 21, 26, 20, 17, 30, 20, 17, 39, 10, 20, 2, 14, 2, 22, 30, 39]
    PRED: [19, 27, 24, 37, 12, 39, 19, 5, 28, 30, 2, 21, 39, 22, 12, 8, 39, 21, 0, 19, 39, 20, 5, 34, 8, 39, 30, 33, 39, 6, 17, 39, 19, 2, 21, 26, 2, 20, 20, 39, 1, 20, 2, 22, 39]
    Edit distance: 23/54
  Sample 4:
    TRUE: [9, 2, 39, 30, 33, 31, 39, 13, 10, 27, 17, 39, 13, 11, 14, 0, 30, 39, 30, 33, 39, 19, 2, 21, 39, 35, 10, 22, 39, 27, 0, 18, 11, 37, 39, 30, 33, 31, 39, 13, 10, 20, 39, 4, 30, 39]
    PRED: [9, 2, 39, 30, 27, 33, 31, 39, 13, 34, 16, 17, 39, 13, 34, 3, 0, 19, 30, 2, 30, 39, 30, 33, 39, 28, 0, 21, 39, 35, 10, 22, 39, 35, 17, 0, 8, 11, 39, 31, 33, 31, 39, 13, 10, 20, 39, 4, 30, 39]
    Edit distance: 15/46

============================================================
Batch 141500 | Val PER: 0.2799
============================================================
  Sample 0:
    TRUE: [31, 17, 0, 19, 27, 2, 28, 17, 39, 27, 17, 19, 2, 22, 28, 16, 8, 11, 8, 39]
    PRED: [9, 0, 28, 30, 2, 28, 39, 27, 2, 17, 22, 28, 8, 39]
    Edit distance: 11/20
  Sample 1:
    TRUE: [27, 16, 7, 39, 26, 11, 7, 2, 28, 30, 39, 28, 10, 34, 27, 2, 20, 39, 28, 5, 22, 8, 39, 20, 16, 31, 2, 14, 27, 1, 13, 28, 39]
    PRED: [27, 10, 19, 28, 39, 26, 11, 28, 2, 37, 39, 10, 34, 2, 20, 39, 30, 5, 22, 8, 37, 39, 20, 16, 2, 27, 5, 13, 39]
    Edit distance: 14/33
  Sample 2:
    TRUE: [28, 24, 39, 27, 33, 20, 37, 39, 35, 17, 39, 21, 12, 8, 39, 16, 22, 39, 2, 22, 2, 6, 1, 29, 30, 39, 19, 2, 20, 33, 38, 2, 22, 39]
    PRED: [9, 24, 2, 39, 27, 33, 20, 37, 39, 35, 17, 39, 21, 12, 8, 39, 16, 22, 39, 2, 22, 2, 13, 27, 2, 29, 39, 19, 2, 20, 33, 38, 2, 22, 39]
    Edit distance: 6/34
  Sample 3:
    TRUE: [20, 3, 27, 17, 37, 39, 19, 0, 28, 30, 33, 21, 39, 22, 17, 8, 2, 8, 39, 6, 20, 1, 19, 39, 14, 20, 2, 34, 37, 39, 30, 33, 39, 6, 17, 39, 19, 2, 21, 26, 20, 17, 30, 20, 17, 39, 10, 20, 2, 14, 2, 22, 30, 39]
    PRED: [19, 27, 24, 17, 12, 39, 19, 5, 28, 30, 2, 21, 39, 22, 12, 8, 39, 21, 1, 19, 39, 20, 5, 34, 8, 39, 30, 33, 39, 6, 17, 2, 39, 19, 2, 21, 26, 2, 20, 20, 39, 1, 20, 2, 22, 39]
    Edit distance: 23/54
  Sample 4:
    TRUE: [9, 2, 39, 30, 33, 31, 39, 13, 10, 27, 17, 39, 13, 11, 14, 0, 30, 39, 30, 33, 39, 19, 2, 21, 39, 35, 10, 22, 39, 27, 0, 18, 11, 37, 39, 30, 33, 31, 39, 13, 10, 20, 39, 4, 30, 39]
    PRED: [9, 2, 39, 30, 27, 33, 31, 39, 34, 16, 17, 39, 34, 2, 0, 19, 2, 30, 39, 30, 33, 39, 28, 2, 21, 39, 35, 10, 22, 39, 35, 17, 8, 11, 39, 31, 33, 31, 39, 13, 8, 10, 20, 39, 4, 30, 39]
    Edit distance: 16/46

============================================================
Batch 142000 | Val PER: 0.2763
============================================================
  Sample 0:
    TRUE: [31, 17, 0, 19, 27, 2, 28, 17, 39, 27, 17, 19, 2, 22, 28, 16, 8, 11, 8, 39]
    PRED: [9, 0, 28, 2, 28, 39, 27, 2, 17, 14, 22, 8, 39]
    Edit distance: 12/20
  Sample 1:
    TRUE: [27, 16, 7, 39, 26, 11, 7, 2, 28, 30, 39, 28, 10, 34, 27, 2, 20, 39, 28, 5, 22, 8, 39, 20, 16, 31, 2, 14, 27, 1, 13, 28, 39]
    PRED: [27, 10, 19, 28, 30, 39, 26, 11, 28, 2, 37, 39, 10, 34, 2, 20, 39, 30, 5, 22, 8, 37, 39, 20, 16, 9, 2, 27, 5, 13, 39]
    Edit distance: 15/33
  Sample 2:
    TRUE: [28, 24, 39, 27, 33, 20, 37, 39, 35, 17, 39, 21, 12, 8, 39, 16, 22, 39, 2, 22, 2, 6, 1, 29, 30, 39, 19, 2, 20, 33, 38, 2, 22, 39]
    PRED: [9, 2, 39, 27, 33, 20, 37, 39, 35, 17, 39, 21, 12, 8, 39, 16, 22, 39, 2, 22, 27, 1, 29, 30, 39, 19, 2, 20, 33, 38, 2, 22, 39]
    Edit distance: 4/34
  Sample 3:
    TRUE: [20, 3, 27, 17, 37, 39, 19, 0, 28, 30, 33, 21, 39, 22, 17, 8, 2, 8, 39, 6, 20, 1, 19, 39, 14, 20, 2, 34, 37, 39, 30, 33, 39, 6, 17, 39, 19, 2, 21, 26, 20, 17, 30, 20, 17, 39, 10, 20, 2, 14, 2, 22, 30, 39]
    PRED: [27, 24, 17, 12, 39, 19, 5, 30, 2, 21, 39, 22, 12, 8, 39, 6, 1, 19, 39, 20, 5, 2, 34, 39, 30, 33, 39, 6, 17, 39, 19, 2, 21, 26, 20, 20, 39, 1, 20, 2, 22, 39]
    Edit distance: 21/54
  Sample 4:
    TRUE: [9, 2, 39, 30, 33, 31, 39, 13, 10, 27, 17, 39, 13, 11, 14, 0, 30, 39, 30, 33, 39, 19, 2, 21, 39, 35, 10, 22, 39, 27, 0, 18, 11, 37, 39, 30, 33, 31, 39, 13, 10, 20, 39, 4, 30, 39]
    PRED: [9, 2, 39, 30, 27, 33, 31, 39, 34, 10, 27, 17, 39, 34, 2, 0, 19, 30, 39, 30, 33, 39, 28, 0, 21, 39, 35, 10, 22, 8, 39, 35, 17, 8, 11, 39, 31, 33, 31, 39, 13, 10, 20, 39, 4, 30, 39]
    Edit distance: 14/46

============================================================
Batch 142500 | Val PER: 0.2795
============================================================
  Sample 0:
    TRUE: [31, 17, 0, 19, 27, 2, 28, 17, 39, 27, 17, 19, 2, 22, 28, 16, 8, 11, 8, 39]
    PRED: [9, 0, 28, 2, 28, 39, 27, 2, 14, 2, 22, 2, 2, 8, 39]
    Edit distance: 11/20
  Sample 1:
    TRUE: [27, 16, 7, 39, 26, 11, 7, 2, 28, 30, 39, 28, 10, 34, 27, 2, 20, 39, 28, 5, 22, 8, 39, 20, 16, 31, 2, 14, 27, 1, 13, 28, 39]
    PRED: [27, 10, 19, 28, 30, 39, 26, 11, 28, 2, 37, 39, 10, 34, 2, 20, 39, 30, 5, 22, 8, 37, 39, 20, 16, 9, 2, 27, 5, 13, 39]
    Edit distance: 15/33
  Sample 2:
    TRUE: [28, 24, 39, 27, 33, 20, 37, 39, 35, 17, 39, 21, 12, 8, 39, 16, 22, 39, 2, 22, 2, 6, 1, 29, 30, 39, 19, 2, 20, 33, 38, 2, 22, 39]
    PRED: [9, 2, 39, 27, 33, 20, 37, 39, 35, 17, 39, 21, 12, 8, 39, 16, 22, 39, 2, 22, 2, 11, 1, 29, 30, 39, 19, 2, 20, 33, 38, 2, 22, 39]
    Edit distance: 3/34
  Sample 3:
    TRUE: [20, 3, 27, 17, 37, 39, 19, 0, 28, 30, 33, 21, 39, 22, 17, 8, 2, 8, 39, 6, 20, 1, 19, 39, 14, 20, 2, 34, 37, 39, 30, 33, 39, 6, 17, 39, 19, 2, 21, 26, 20, 17, 30, 20, 17, 39, 10, 20, 2, 14, 2, 22, 30, 39]
    PRED: [27, 24, 12, 39, 19, 5, 28, 30, 2, 21, 39, 22, 12, 8, 2, 39, 21, 1, 19, 39, 20, 5, 2, 34, 8, 39, 30, 33, 39, 6, 17, 2, 20, 39, 19, 2, 21, 26, 2, 20, 39, 1, 20, 2, 22, 39]
    Edit distance: 23/54
  Sample 4:
    TRUE: [9, 2, 39, 30, 33, 31, 39, 13, 10, 27, 17, 39, 13, 11, 14, 0, 30, 39, 30, 33, 39, 19, 2, 21, 39, 35, 10, 22, 39, 27, 0, 18, 11, 37, 39, 30, 33, 31, 39, 13, 10, 20, 39, 4, 30, 39]
    PRED: [9, 2, 39, 30, 27, 33, 31, 39, 10, 27, 17, 39, 34, 2, 0, 19, 30, 39, 30, 33, 39, 28, 2, 21, 39, 35, 10, 22, 39, 35, 11, 8, 11, 39, 31, 33, 31, 39, 13, 10, 20, 39, 4, 30, 39]
    Edit distance: 12/46

============================================================
Batch 143000 | Val PER: 0.2770
============================================================
  Sample 0:
    TRUE: [31, 17, 0, 19, 27, 2, 28, 17, 39, 27, 17, 19, 2, 22, 28, 16, 8, 11, 8, 39]
    PRED: [9, 39, 0, 28, 30, 2, 28, 39, 27, 2, 17, 14, 22, 8, 2, 8, 39]
    Edit distance: 11/20
  Sample 1:
    TRUE: [27, 16, 7, 39, 26, 11, 7, 2, 28, 30, 39, 28, 10, 34, 27, 2, 20, 39, 28, 5, 22, 8, 39, 20, 16, 31, 2, 14, 27, 1, 13, 28, 39]
    PRED: [27, 10, 19, 28, 30, 39, 26, 11, 28, 2, 37, 39, 10, 34, 2, 20, 39, 30, 5, 22, 8, 37, 39, 20, 16, 9, 2, 27, 5, 13, 39]
    Edit distance: 15/33
  Sample 2:
    TRUE: [28, 24, 39, 27, 33, 20, 37, 39, 35, 17, 39, 21, 12, 8, 39, 16, 22, 39, 2, 22, 2, 6, 1, 29, 30, 39, 19, 2, 20, 33, 38, 2, 22, 39]
    PRED: [9, 24, 2, 39, 27, 33, 20, 37, 39, 35, 17, 39, 21, 12, 8, 39, 16, 22, 39, 2, 22, 2, 27, 1, 29, 30, 39, 19, 2, 20, 33, 38, 2, 22, 39]
    Edit distance: 3/34
  Sample 3:
    TRUE: [20, 3, 27, 17, 37, 39, 19, 0, 28, 30, 33, 21, 39, 22, 17, 8, 2, 8, 39, 6, 20, 1, 19, 39, 14, 20, 2, 34, 37, 39, 30, 33, 39, 6, 17, 39, 19, 2, 21, 26, 20, 17, 30, 20, 17, 39, 10, 20, 2, 14, 2, 22, 30, 39]
    PRED: [19, 27, 24, 37, 12, 39, 19, 4, 28, 30, 2, 21, 39, 22, 12, 8, 39, 21, 1, 19, 39, 8, 20, 5, 34, 39, 30, 33, 39, 6, 17, 39, 19, 2, 21, 26, 7, 2, 20, 20, 39, 1, 20, 2, 22, 39]
    Edit distance: 22/54
  Sample 4:
    TRUE: [9, 2, 39, 30, 33, 31, 39, 13, 10, 27, 17, 39, 13, 11, 14, 0, 30, 39, 30, 33, 39, 19, 2, 21, 39, 35, 10, 22, 39, 27, 0, 18, 11, 37, 39, 30, 33, 31, 39, 13, 10, 20, 39, 4, 30, 39]
    PRED: [9, 2, 39, 30, 27, 33, 31, 39, 13, 10, 27, 17, 39, 34, 2, 0, 19, 30, 39, 30, 33, 39, 28, 0, 21, 39, 35, 2, 22, 39, 35, 17, 8, 11, 37, 39, 31, 33, 31, 39, 8, 10, 20, 39, 4, 30, 39]
    Edit distance: 13/46

============================================================
Batch 143500 | Val PER: 0.2790
============================================================
  Sample 0:
    TRUE: [31, 17, 0, 19, 27, 2, 28, 17, 39, 27, 17, 19, 2, 22, 28, 16, 8, 11, 8, 39]
    PRED: [9, 2, 39, 0, 28, 30, 2, 28, 39, 27, 2, 14, 19, 22, 28, 8, 39]
    Edit distance: 12/20
  Sample 1:
    TRUE: [27, 16, 7, 39, 26, 11, 7, 2, 28, 30, 39, 28, 10, 34, 27, 2, 20, 39, 28, 5, 22, 8, 39, 20, 16, 31, 2, 14, 27, 1, 13, 28, 39]
    PRED: [27, 10, 19, 28, 39, 26, 11, 28, 2, 37, 39, 10, 34, 2, 20, 39, 30, 5, 22, 8, 37, 39, 20, 16, 9, 28, 5, 13, 39]
    Edit distance: 16/33
  Sample 2:
    TRUE: [28, 24, 39, 27, 33, 20, 37, 39, 35, 17, 39, 21, 12, 8, 39, 16, 22, 39, 2, 22, 2, 6, 1, 29, 30, 39, 19, 2, 20, 33, 38, 2, 22, 39]
    PRED: [9, 24, 2, 39, 27, 33, 20, 37, 39, 35, 17, 39, 21, 12, 8, 39, 16, 22, 39, 2, 22, 2, 27, 1, 29, 30, 39, 19, 33, 20, 33, 38, 2, 22, 39]
    Edit distance: 4/34
  Sample 3:
    TRUE: [20, 3, 27, 17, 37, 39, 19, 0, 28, 30, 33, 21, 39, 22, 17, 8, 2, 8, 39, 6, 20, 1, 19, 39, 14, 20, 2, 34, 37, 39, 30, 33, 39, 6, 17, 39, 19, 2, 21, 26, 20, 17, 30, 20, 17, 39, 10, 20, 2, 14, 2, 22, 30, 39]
    PRED: [19, 27, 24, 12, 39, 19, 4, 28, 30, 2, 21, 39, 22, 12, 8, 39, 21, 1, 19, 39, 20, 2, 34, 39, 30, 33, 39, 6, 17, 39, 19, 2, 21, 26, 7, 2, 20, 20, 39, 1, 20, 2, 22, 39]
    Edit distance: 21/54
  Sample 4:
    TRUE: [9, 2, 39, 30, 33, 31, 39, 13, 10, 27, 17, 39, 13, 11, 14, 0, 30, 39, 30, 33, 39, 19, 2, 21, 39, 35, 10, 22, 39, 27, 0, 18, 11, 37, 39, 30, 33, 31, 39, 13, 10, 20, 39, 4, 30, 39]
    PRED: [9, 2, 39, 30, 27, 33, 31, 39, 34, 10, 17, 39, 34, 2, 0, 19, 30, 39, 30, 33, 39, 28, 0, 21, 39, 35, 10, 22, 39, 35, 17, 8, 11, 37, 39, 31, 33, 31, 39, 13, 10, 20, 39, 4, 30, 39]
    Edit distance: 13/46

============================================================
Batch 144000 | Val PER: 0.2799
============================================================
  Sample 0:
    TRUE: [31, 17, 0, 19, 27, 2, 28, 17, 39, 27, 17, 19, 2, 22, 28, 16, 8, 11, 8, 39]
    PRED: [9, 2, 39, 0, 28, 2, 28, 39, 27, 2, 17, 14, 19, 2, 22, 2, 2, 30, 2, 8, 39]
    Edit distance: 12/20
  Sample 1:
    TRUE: [27, 16, 7, 39, 26, 11, 7, 2, 28, 30, 39, 28, 10, 34, 27, 2, 20, 39, 28, 5, 22, 8, 39, 20, 16, 31, 2, 14, 27, 1, 13, 28, 39]
    PRED: [27, 10, 19, 28, 39, 26, 11, 28, 2, 37, 39, 10, 34, 2, 20, 39, 30, 5, 22, 8, 37, 39, 20, 16, 9, 28, 27, 5, 13, 39]
    Edit distance: 15/33
  Sample 2:
    TRUE: [28, 24, 39, 27, 33, 20, 37, 39, 35, 17, 39, 21, 12, 8, 39, 16, 22, 39, 2, 22, 2, 6, 1, 29, 30, 39, 19, 2, 20, 33, 38, 2, 22, 39]
    PRED: [9, 24, 2, 39, 27, 33, 20, 37, 39, 35, 17, 39, 21, 12, 8, 39, 16, 22, 39, 2, 22, 2, 11, 13, 27, 1, 29, 30, 39, 19, 2, 20, 33, 38, 2, 22, 39]
    Edit distance: 5/34
  Sample 3:
    TRUE: [20, 3, 27, 17, 37, 39, 19, 0, 28, 30, 33, 21, 39, 22, 17, 8, 2, 8, 39, 6, 20, 1, 19, 39, 14, 20, 2, 34, 37, 39, 30, 33, 39, 6, 17, 39, 19, 2, 21, 26, 20, 17, 30, 20, 17, 39, 10, 20, 2, 14, 2, 22, 30, 39]
    PRED: [19, 27, 24, 37, 12, 39, 19, 4, 28, 30, 2, 21, 39, 22, 12, 8, 39, 21, 1, 19, 39, 20, 2, 34, 8, 39, 30, 33, 39, 6, 17, 39, 19, 2, 21, 26, 2, 20, 20, 39, 1, 20, 2, 22, 39]
    Edit distance: 21/54
  Sample 4:
    TRUE: [9, 2, 39, 30, 33, 31, 39, 13, 10, 27, 17, 39, 13, 11, 14, 0, 30, 39, 30, 33, 39, 19, 2, 21, 39, 35, 10, 22, 39, 27, 0, 18, 11, 37, 39, 30, 33, 31, 39, 13, 10, 20, 39, 4, 30, 39]
    PRED: [9, 2, 39, 30, 27, 33, 31, 39, 13, 10, 27, 17, 39, 34, 3, 0, 19, 30, 39, 30, 33, 39, 28, 0, 2, 21, 39, 35, 2, 22, 39, 35, 10, 0, 8, 11, 37, 39, 31, 33, 31, 39, 13, 10, 1, 20, 39, 4, 30, 39]
    Edit distance: 13/46

============================================================
Batch 144500 | Val PER: 0.2788
============================================================
  Sample 0:
    TRUE: [31, 17, 0, 19, 27, 2, 28, 17, 39, 27, 17, 19, 2, 22, 28, 16, 8, 11, 8, 39]
    PRED: [9, 2, 0, 28, 30, 2, 28, 39, 27, 2, 17, 14, 19, 22, 28, 8, 30, 8, 39]
    Edit distance: 10/20
  Sample 1:
    TRUE: [27, 16, 7, 39, 26, 11, 7, 2, 28, 30, 39, 28, 10, 34, 27, 2, 20, 39, 28, 5, 22, 8, 39, 20, 16, 31, 2, 14, 27, 1, 13, 28, 39]
    PRED: [27, 10, 19, 28, 30, 39, 26, 11, 28, 2, 37, 39, 10, 34, 2, 20, 39, 30, 22, 8, 37, 39, 20, 16, 9, 2, 27, 5, 13, 39]
    Edit distance: 16/33
  Sample 2:
    TRUE: [28, 24, 39, 27, 33, 20, 37, 39, 35, 17, 39, 21, 12, 8, 39, 16, 22, 39, 2, 22, 2, 6, 1, 29, 30, 39, 19, 2, 20, 33, 38, 2, 22, 39]
    PRED: [9, 24, 2, 39, 27, 33, 20, 37, 39, 35, 17, 39, 21, 12, 8, 39, 16, 22, 39, 2, 22, 2, 11, 27, 1, 29, 30, 39, 19, 2, 20, 33, 38, 2, 22, 39]
    Edit distance: 4/34
  Sample 3:
    TRUE: [20, 3, 27, 17, 37, 39, 19, 0, 28, 30, 33, 21, 39, 22, 17, 8, 2, 8, 39, 6, 20, 1, 19, 39, 14, 20, 2, 34, 37, 39, 30, 33, 39, 6, 17, 39, 19, 2, 21, 26, 20, 17, 30, 20, 17, 39, 10, 20, 2, 14, 2, 22, 30, 39]
    PRED: [19, 27, 24, 37, 12, 39, 19, 4, 28, 30, 2, 21, 39, 22, 17, 8, 39, 21, 1, 19, 39, 20, 2, 34, 8, 39, 30, 33, 39, 6, 17, 39, 19, 2, 21, 26, 7, 2, 20, 20, 39, 1, 20, 2, 22, 39]
    Edit distance: 20/54
  Sample 4:
    TRUE: [9, 2, 39, 30, 33, 31, 39, 13, 10, 27, 17, 39, 13, 11, 14, 0, 30, 39, 30, 33, 39, 19, 2, 21, 39, 35, 10, 22, 39, 27, 0, 18, 11, 37, 39, 30, 33, 31, 39, 13, 10, 20, 39, 4, 30, 39]
    PRED: [9, 2, 39, 30, 27, 33, 31, 39, 34, 10, 17, 39, 34, 2, 19, 0, 19, 30, 39, 30, 33, 39, 28, 2, 21, 39, 35, 27, 2, 22, 39, 35, 17, 8, 11, 37, 39, 31, 33, 31, 39, 8, 10, 20, 39, 4, 30, 39]
    Edit distance: 15/46

============================================================
Batch 145000 | Val PER: 0.2796
============================================================
  Sample 0:
    TRUE: [31, 17, 0, 19, 27, 2, 28, 17, 39, 27, 17, 19, 2, 22, 28, 16, 8, 11, 8, 39]
    PRED: [9, 2, 0, 28, 30, 2, 28, 39, 27, 2, 17, 14, 19, 2, 22, 28, 2, 30, 16, 8, 39]
    Edit distance: 10/20
  Sample 1:
    TRUE: [27, 16, 7, 39, 26, 11, 7, 2, 28, 30, 39, 28, 10, 34, 27, 2, 20, 39, 28, 5, 22, 8, 39, 20, 16, 31, 2, 14, 27, 1, 13, 28, 39]
    PRED: [27, 10, 19, 28, 39, 26, 11, 29, 2, 37, 39, 10, 34, 2, 20, 39, 30, 5, 22, 8, 37, 39, 20, 16, 9, 2, 14, 27, 5, 13, 39]
    Edit distance: 13/33
  Sample 2:
    TRUE: [28, 24, 39, 27, 33, 20, 37, 39, 35, 17, 39, 21, 12, 8, 39, 16, 22, 39, 2, 22, 2, 6, 1, 29, 30, 39, 19, 2, 20, 33, 38, 2, 22, 39]
    PRED: [9, 24, 2, 39, 27, 33, 20, 37, 39, 35, 17, 39, 21, 12, 22, 8, 39, 16, 22, 39, 2, 22, 2, 11, 1, 29, 30, 39, 19, 2, 20, 33, 38, 2, 22, 39]
    Edit distance: 4/34
  Sample 3:
    TRUE: [20, 3, 27, 17, 37, 39, 19, 0, 28, 30, 33, 21, 39, 22, 17, 8, 2, 8, 39, 6, 20, 1, 19, 39, 14, 20, 2, 34, 37, 39, 30, 33, 39, 6, 17, 39, 19, 2, 21, 26, 20, 17, 30, 20, 17, 39, 10, 20, 2, 14, 2, 22, 30, 39]
    PRED: [19, 27, 24, 37, 12, 39, 19, 4, 28, 30, 2, 21, 39, 22, 17, 8, 39, 21, 1, 19, 39, 8, 20, 2, 34, 39, 30, 33, 39, 6, 17, 39, 19, 2, 21, 26, 7, 20, 39, 1, 20, 2, 22, 39]
    Edit distance: 20/54
  Sample 4:
    TRUE: [9, 2, 39, 30, 33, 31, 39, 13, 10, 27, 17, 39, 13, 11, 14, 0, 30, 39, 30, 33, 39, 19, 2, 21, 39, 35, 10, 22, 39, 27, 0, 18, 11, 37, 39, 30, 33, 31, 39, 13, 10, 20, 39, 4, 30, 39]
    PRED: [9, 2, 39, 30, 27, 33, 31, 39, 13, 10, 27, 17, 39, 34, 3, 0, 19, 30, 39, 30, 33, 39, 28, 2, 21, 39, 35, 27, 2, 22, 39, 35, 17, 8, 11, 39, 31, 33, 31, 39, 13, 10, 20, 39, 4, 30, 39]
    Edit distance: 13/46

============================================================
Batch 145500 | Val PER: 0.2802
============================================================
  Sample 0:
    TRUE: [31, 17, 0, 19, 27, 2, 28, 17, 39, 27, 17, 19, 2, 22, 28, 16, 8, 11, 8, 39]
    PRED: [9, 2, 0, 28, 30, 2, 28, 39, 27, 2, 17, 14, 19, 2, 22, 2, 30, 2, 8, 39]
    Edit distance: 11/20
  Sample 1:
    TRUE: [27, 16, 7, 39, 26, 11, 7, 2, 28, 30, 39, 28, 10, 34, 27, 2, 20, 39, 28, 5, 22, 8, 39, 20, 16, 31, 2, 14, 27, 1, 13, 28, 39]
    PRED: [27, 10, 19, 28, 39, 26, 11, 29, 2, 37, 39, 10, 34, 2, 20, 39, 28, 5, 22, 8, 37, 39, 20, 16, 9, 2, 14, 27, 5, 13, 39]
    Edit distance: 12/33
  Sample 2:
    TRUE: [28, 24, 39, 27, 33, 20, 37, 39, 35, 17, 39, 21, 12, 8, 39, 16, 22, 39, 2, 22, 2, 6, 1, 29, 30, 39, 19, 2, 20, 33, 38, 2, 22, 39]
    PRED: [9, 24, 2, 39, 27, 33, 20, 37, 39, 35, 17, 39, 21, 12, 22, 8, 39, 16, 22, 39, 2, 22, 2, 27, 1, 29, 30, 39, 19, 2, 20, 33, 38, 2, 22, 39]
    Edit distance: 4/34
  Sample 3:
    TRUE: [20, 3, 27, 17, 37, 39, 19, 0, 28, 30, 33, 21, 39, 22, 17, 8, 2, 8, 39, 6, 20, 1, 19, 39, 14, 20, 2, 34, 37, 39, 30, 33, 39, 6, 17, 39, 19, 2, 21, 26, 20, 17, 30, 20, 17, 39, 10, 20, 2, 14, 2, 22, 30, 39]
    PRED: [19, 27, 24, 37, 12, 39, 19, 1, 28, 30, 2, 21, 39, 22, 12, 8, 39, 21, 1, 19, 39, 20, 5, 2, 34, 39, 30, 33, 39, 6, 17, 39, 19, 2, 21, 26, 7, 2, 20, 39, 1, 20, 2, 22, 39]
    Edit distance: 22/54
  Sample 4:
    TRUE: [9, 2, 39, 30, 33, 31, 39, 13, 10, 27, 17, 39, 13, 11, 14, 0, 30, 39, 30, 33, 39, 19, 2, 21, 39, 35, 10, 22, 39, 27, 0, 18, 11, 37, 39, 30, 33, 31, 39, 13, 10, 20, 39, 4, 30, 39]
    PRED: [9, 2, 39, 30, 27, 33, 31, 39, 13, 34, 1, 17, 39, 34, 3, 0, 19, 30, 39, 30, 33, 39, 28, 2, 21, 39, 35, 2, 22, 39, 35, 17, 8, 11, 39, 31, 33, 31, 39, 13, 10, 20, 39, 4, 30, 39]
    Edit distance: 14/46

============================================================
Batch 146000 | Val PER: 0.2829
============================================================
  Sample 0:
    TRUE: [31, 17, 0, 19, 27, 2, 28, 17, 39, 27, 17, 19, 2, 22, 28, 16, 8, 11, 8, 39]
    PRED: [9, 2, 0, 28, 30, 2, 28, 39, 27, 2, 17, 14, 22, 2, 2, 30, 2, 8, 39]
    Edit distance: 12/20
  Sample 1:
    TRUE: [27, 16, 7, 39, 26, 11, 7, 2, 28, 30, 39, 28, 10, 34, 27, 2, 20, 39, 28, 5, 22, 8, 39, 20, 16, 31, 2, 14, 27, 1, 13, 28, 39]
    PRED: [27, 10, 19, 28, 39, 26, 11, 29, 2, 8, 37, 39, 10, 34, 2, 20, 39, 28, 5, 22, 8, 37, 39, 20, 16, 9, 2, 14, 27, 5, 13, 39]
    Edit distance: 12/33
  Sample 2:
    TRUE: [28, 24, 39, 27, 33, 20, 37, 39, 35, 17, 39, 21, 12, 8, 39, 16, 22, 39, 2, 22, 2, 6, 1, 29, 30, 39, 19, 2, 20, 33, 38, 2, 22, 39]
    PRED: [9, 24, 2, 39, 27, 33, 20, 37, 39, 35, 17, 39, 21, 12, 8, 39, 16, 22, 39, 2, 22, 2, 27, 1, 29, 30, 39, 19, 2, 20, 33, 38, 2, 22, 39]
    Edit distance: 3/34
  Sample 3:
    TRUE: [20, 3, 27, 17, 37, 39, 19, 0, 28, 30, 33, 21, 39, 22, 17, 8, 2, 8, 39, 6, 20, 1, 19, 39, 14, 20, 2, 34, 37, 39, 30, 33, 39, 6, 17, 39, 19, 2, 21, 26, 20, 17, 30, 20, 17, 39, 10, 20, 2, 14, 2, 22, 30, 39]
    PRED: [19, 27, 24, 37, 12, 39, 19, 4, 28, 30, 2, 21, 39, 22, 12, 8, 39, 21, 1, 19, 39, 20, 5, 34, 8, 39, 30, 33, 39, 6, 17, 39, 19, 2, 21, 26, 7, 2, 20, 39, 1, 20, 2, 22, 39]
    Edit distance: 22/54
  Sample 4:
    TRUE: [9, 2, 39, 30, 33, 31, 39, 13, 10, 27, 17, 39, 13, 11, 14, 0, 30, 39, 30, 33, 39, 19, 2, 21, 39, 35, 10, 22, 39, 27, 0, 18, 11, 37, 39, 30, 33, 31, 39, 13, 10, 20, 39, 4, 30, 39]
    PRED: [9, 2, 39, 30, 27, 33, 31, 39, 13, 1, 17, 39, 34, 3, 0, 19, 30, 39, 30, 33, 39, 28, 2, 21, 39, 35, 2, 22, 39, 35, 17, 0, 8, 11, 39, 31, 33, 31, 39, 13, 10, 20, 39, 4, 30, 39]
    Edit distance: 14/46

============================================================
Batch 146500 | Val PER: 0.2800
============================================================
  Sample 0:
    TRUE: [31, 17, 0, 19, 27, 2, 28, 17, 39, 27, 17, 19, 2, 22, 28, 16, 8, 11, 8, 39]
    PRED: [9, 2, 0, 28, 30, 2, 28, 39, 27, 2, 17, 14, 19, 22, 28, 2, 8, 2, 8, 39]
    Edit distance: 10/20
  Sample 1:
    TRUE: [27, 16, 7, 39, 26, 11, 7, 2, 28, 30, 39, 28, 10, 34, 27, 2, 20, 39, 28, 5, 22, 8, 39, 20, 16, 31, 2, 14, 27, 1, 13, 28, 39]
    PRED: [27, 10, 19, 28, 39, 26, 11, 29, 2, 8, 37, 39, 10, 34, 2, 20, 39, 28, 5, 22, 8, 37, 39, 20, 16, 9, 2, 14, 27, 5, 13, 39]
    Edit distance: 12/33
  Sample 2:
    TRUE: [28, 24, 39, 27, 33, 20, 37, 39, 35, 17, 39, 21, 12, 8, 39, 16, 22, 39, 2, 22, 2, 6, 1, 29, 30, 39, 19, 2, 20, 33, 38, 2, 22, 39]
    PRED: [9, 24, 2, 39, 27, 33, 20, 37, 39, 35, 17, 39, 21, 12, 8, 39, 16, 22, 39, 2, 22, 2, 27, 1, 29, 30, 39, 19, 2, 20, 33, 38, 2, 22, 39]
    Edit distance: 3/34
  Sample 3:
    TRUE: [20, 3, 27, 17, 37, 39, 19, 0, 28, 30, 33, 21, 39, 22, 17, 8, 2, 8, 39, 6, 20, 1, 19, 39, 14, 20, 2, 34, 37, 39, 30, 33, 39, 6, 17, 39, 19, 2, 21, 26, 20, 17, 30, 20, 17, 39, 10, 20, 2, 14, 2, 22, 30, 39]
    PRED: [27, 24, 17, 12, 39, 19, 4, 28, 30, 21, 39, 22, 17, 8, 39, 21, 0, 19, 39, 20, 5, 2, 34, 39, 30, 33, 39, 6, 17, 39, 19, 2, 21, 26, 20, 20, 17, 39, 1, 20, 2, 22, 39]
    Edit distance: 20/54
  Sample 4:
    TRUE: [9, 2, 39, 30, 33, 31, 39, 13, 10, 27, 17, 39, 13, 11, 14, 0, 30, 39, 30, 33, 39, 19, 2, 21, 39, 35, 10, 22, 39, 27, 0, 18, 11, 37, 39, 30, 33, 31, 39, 13, 10, 20, 39, 4, 30, 39]
    PRED: [9, 2, 39, 30, 27, 33, 31, 39, 34, 1, 17, 39, 13, 34, 3, 19, 0, 19, 30, 39, 30, 33, 39, 28, 0, 21, 39, 35, 2, 22, 39, 35, 5, 0, 8, 11, 39, 31, 33, 31, 39, 13, 1, 20, 39, 4, 30, 39]
    Edit distance: 17/46

============================================================
Batch 147000 | Val PER: 0.2817
============================================================
  Sample 0:
    TRUE: [31, 17, 0, 19, 27, 2, 28, 17, 39, 27, 17, 19, 2, 22, 28, 16, 8, 11, 8, 39]
    PRED: [9, 28, 0, 28, 30, 2, 28, 39, 27, 17, 14, 19, 22, 28, 2, 30, 2, 8, 39]
    Edit distance: 10/20
  Sample 1:
    TRUE: [27, 16, 7, 39, 26, 11, 7, 2, 28, 30, 39, 28, 10, 34, 27, 2, 20, 39, 28, 5, 22, 8, 39, 20, 16, 31, 2, 14, 27, 1, 13, 28, 39]
    PRED: [27, 10, 19, 28, 39, 26, 11, 28, 2, 8, 37, 39, 10, 34, 2, 20, 39, 28, 5, 22, 8, 37, 39, 20, 16, 9, 2, 14, 27, 5, 13, 39]
    Edit distance: 12/33
  Sample 2:
    TRUE: [28, 24, 39, 27, 33, 20, 37, 39, 35, 17, 39, 21, 12, 8, 39, 16, 22, 39, 2, 22, 2, 6, 1, 29, 30, 39, 19, 2, 20, 33, 38, 2, 22, 39]
    PRED: [9, 24, 2, 39, 27, 33, 20, 24, 37, 39, 35, 17, 39, 21, 12, 8, 39, 16, 22, 39, 2, 22, 2, 27, 2, 29, 30, 39, 19, 2, 20, 33, 38, 2, 22, 39]
    Edit distance: 5/34
  Sample 3:
    TRUE: [20, 3, 27, 17, 37, 39, 19, 0, 28, 30, 33, 21, 39, 22, 17, 8, 2, 8, 39, 6, 20, 1, 19, 39, 14, 20, 2, 34, 37, 39, 30, 33, 39, 6, 17, 39, 19, 2, 21, 26, 20, 17, 30, 20, 17, 39, 10, 20, 2, 14, 2, 22, 30, 39]
    PRED: [19, 27, 24, 12, 39, 19, 30, 2, 21, 39, 22, 17, 8, 39, 21, 0, 19, 39, 20, 5, 34, 8, 39, 30, 33, 39, 6, 17, 39, 19, 2, 21, 26, 2, 20, 20, 39, 1, 20, 2, 22, 39]
    Edit distance: 23/54
  Sample 4:
    TRUE: [9, 2, 39, 30, 33, 31, 39, 13, 10, 27, 17, 39, 13, 11, 14, 0, 30, 39, 30, 33, 39, 19, 2, 21, 39, 35, 10, 22, 39, 27, 0, 18, 11, 37, 39, 30, 33, 31, 39, 13, 10, 20, 39, 4, 30, 39]
    PRED: [9, 2, 39, 30, 27, 33, 31, 39, 13, 1, 27, 17, 39, 13, 34, 3, 0, 19, 30, 39, 30, 33, 39, 28, 0, 21, 39, 35, 2, 22, 39, 35, 5, 8, 11, 39, 31, 33, 31, 39, 13, 10, 20, 39, 4, 30, 39]
    Edit distance: 13/46

============================================================
Batch 147500 | Val PER: 0.2812
============================================================
  Sample 0:
    TRUE: [31, 17, 0, 19, 27, 2, 28, 17, 39, 27, 17, 19, 2, 22, 28, 16, 8, 11, 8, 39]
    PRED: [9, 2, 0, 28, 30, 28, 39, 27, 17, 14, 19, 2, 22, 28, 2, 2, 30, 2, 8, 39]
    Edit distance: 11/20
  Sample 1:
    TRUE: [27, 16, 7, 39, 26, 11, 7, 2, 28, 30, 39, 28, 10, 34, 27, 2, 20, 39, 28, 5, 22, 8, 39, 20, 16, 31, 2, 14, 27, 1, 13, 28, 39]
    PRED: [27, 10, 19, 28, 39, 26, 11, 28, 2, 37, 39, 10, 34, 2, 20, 39, 30, 5, 22, 8, 37, 39, 20, 16, 9, 2, 14, 27, 5, 13, 39]
    Edit distance: 13/33
  Sample 2:
    TRUE: [28, 24, 39, 27, 33, 20, 37, 39, 35, 17, 39, 21, 12, 8, 39, 16, 22, 39, 2, 22, 2, 6, 1, 29, 30, 39, 19, 2, 20, 33, 38, 2, 22, 39]
    PRED: [9, 24, 2, 39, 27, 33, 20, 24, 37, 39, 35, 17, 39, 21, 12, 8, 39, 16, 22, 39, 2, 22, 2, 27, 2, 29, 30, 39, 19, 2, 20, 33, 38, 2, 22, 39]
    Edit distance: 5/34
  Sample 3:
    TRUE: [20, 3, 27, 17, 37, 39, 19, 0, 28, 30, 33, 21, 39, 22, 17, 8, 2, 8, 39, 6, 20, 1, 19, 39, 14, 20, 2, 34, 37, 39, 30, 33, 39, 6, 17, 39, 19, 2, 21, 26, 20, 17, 30, 20, 17, 39, 10, 20, 2, 14, 2, 22, 30, 39]
    PRED: [27, 24, 37, 12, 39, 19, 28, 30, 2, 21, 39, 22, 12, 8, 39, 21, 0, 19, 39, 20, 5, 2, 34, 39, 30, 33, 39, 6, 17, 39, 19, 2, 21, 26, 7, 2, 20, 20, 39, 1, 20, 2, 22, 39]
    Edit distance: 23/54
  Sample 4:
    TRUE: [9, 2, 39, 30, 33, 31, 39, 13, 10, 27, 17, 39, 13, 11, 14, 0, 30, 39, 30, 33, 39, 19, 2, 21, 39, 35, 10, 22, 39, 27, 0, 18, 11, 37, 39, 30, 33, 31, 39, 13, 10, 20, 39, 4, 30, 39]
    PRED: [9, 2, 39, 30, 27, 33, 31, 39, 13, 1, 17, 39, 34, 3, 0, 19, 30, 39, 30, 33, 39, 28, 2, 21, 39, 35, 2, 22, 39, 35, 5, 0, 8, 11, 39, 37, 39, 31, 33, 31, 39, 13, 1, 29, 20, 39, 4, 30, 39]
    Edit distance: 16/46

============================================================
Batch 148000 | Val PER: 0.2798
============================================================
  Sample 0:
    TRUE: [31, 17, 0, 19, 27, 2, 28, 17, 39, 27, 17, 19, 2, 22, 28, 16, 8, 11, 8, 39]
    PRED: [9, 2, 0, 28, 30, 2, 28, 39, 27, 2, 17, 14, 19, 22, 28, 2, 30, 2, 8, 39]
    Edit distance: 11/20
  Sample 1:
    TRUE: [27, 16, 7, 39, 26, 11, 7, 2, 28, 30, 39, 28, 10, 34, 27, 2, 20, 39, 28, 5, 22, 8, 39, 20, 16, 31, 2, 14, 27, 1, 13, 28, 39]
    PRED: [27, 10, 7, 28, 39, 26, 11, 28, 2, 8, 37, 39, 10, 34, 2, 20, 39, 28, 5, 22, 8, 37, 39, 20, 16, 9, 28, 14, 5, 13, 39]
    Edit distance: 13/33
  Sample 2:
    TRUE: [28, 24, 39, 27, 33, 20, 37, 39, 35, 17, 39, 21, 12, 8, 39, 16, 22, 39, 2, 22, 2, 6, 1, 29, 30, 39, 19, 2, 20, 33, 38, 2, 22, 39]
    PRED: [9, 24, 2, 39, 27, 33, 20, 24, 37, 39, 35, 17, 39, 21, 12, 8, 39, 16, 22, 39, 2, 22, 2, 27, 1, 28, 30, 39, 19, 2, 20, 33, 38, 2, 22, 39]
    Edit distance: 5/34
  Sample 3:
    TRUE: [20, 3, 27, 17, 37, 39, 19, 0, 28, 30, 33, 21, 39, 22, 17, 8, 2, 8, 39, 6, 20, 1, 19, 39, 14, 20, 2, 34, 37, 39, 30, 33, 39, 6, 17, 39, 19, 2, 21, 26, 20, 17, 30, 20, 17, 39, 10, 20, 2, 14, 2, 22, 30, 39]
    PRED: [19, 27, 24, 12, 39, 19, 4, 30, 2, 21, 39, 22, 12, 8, 39, 21, 0, 19, 39, 20, 5, 2, 34, 39, 30, 33, 39, 6, 17, 39, 19, 2, 21, 26, 7, 20, 20, 39, 1, 20, 2, 22, 39]
    Edit distance: 24/54
  Sample 4:
    TRUE: [9, 2, 39, 30, 33, 31, 39, 13, 10, 27, 17, 39, 13, 11, 14, 0, 30, 39, 30, 33, 39, 19, 2, 21, 39, 35, 10, 22, 39, 27, 0, 18, 11, 37, 39, 30, 33, 31, 39, 13, 10, 20, 39, 4, 30, 39]
    PRED: [9, 2, 39, 30, 27, 33, 31, 39, 13, 10, 17, 39, 34, 3, 0, 19, 30, 39, 30, 33, 39, 28, 0, 21, 39, 35, 2, 22, 39, 35, 27, 8, 11, 39, 31, 33, 31, 39, 13, 1, 29, 39, 4, 30, 39]
    Edit distance: 16/46

============================================================
Batch 148500 | Val PER: 0.2795
============================================================
  Sample 0:
    TRUE: [31, 17, 0, 19, 27, 2, 28, 17, 39, 27, 17, 19, 2, 22, 28, 16, 8, 11, 8, 39]
    PRED: [9, 2, 0, 28, 30, 2, 28, 39, 27, 17, 14, 22, 28, 2, 30, 16, 8, 39]
    Edit distance: 10/20
  Sample 1:
    TRUE: [27, 16, 7, 39, 26, 11, 7, 2, 28, 30, 39, 28, 10, 34, 27, 2, 20, 39, 28, 5, 22, 8, 39, 20, 16, 31, 2, 14, 27, 1, 13, 28, 39]
    PRED: [27, 10, 19, 28, 39, 26, 11, 29, 2, 8, 37, 39, 10, 34, 2, 20, 39, 28, 5, 22, 8, 37, 39, 20, 16, 9, 2, 14, 5, 13, 39]
    Edit distance: 13/33
  Sample 2:
    TRUE: [28, 24, 39, 27, 33, 20, 37, 39, 35, 17, 39, 21, 12, 8, 39, 16, 22, 39, 2, 22, 2, 6, 1, 29, 30, 39, 19, 2, 20, 33, 38, 2, 22, 39]
    PRED: [9, 24, 2, 39, 27, 33, 20, 24, 37, 39, 35, 17, 39, 21, 12, 8, 39, 16, 22, 39, 2, 22, 2, 1, 29, 30, 39, 19, 2, 20, 33, 38, 2, 22, 39]
    Edit distance: 4/34
  Sample 3:
    TRUE: [20, 3, 27, 17, 37, 39, 19, 0, 28, 30, 33, 21, 39, 22, 17, 8, 2, 8, 39, 6, 20, 1, 19, 39, 14, 20, 2, 34, 37, 39, 30, 33, 39, 6, 17, 39, 19, 2, 21, 26, 20, 17, 30, 20, 17, 39, 10, 20, 2, 14, 2, 22, 30, 39]
    PRED: [19, 27, 24, 17, 12, 39, 19, 4, 30, 2, 21, 39, 22, 12, 8, 39, 21, 1, 19, 39, 20, 5, 34, 8, 39, 30, 33, 39, 6, 17, 39, 19, 2, 21, 26, 2, 20, 20, 39, 1, 20, 2, 22, 39]
    Edit distance: 23/54
  Sample 4:
    TRUE: [9, 2, 39, 30, 33, 31, 39, 13, 10, 27, 17, 39, 13, 11, 14, 0, 30, 39, 30, 33, 39, 19, 2, 21, 39, 35, 10, 22, 39, 27, 0, 18, 11, 37, 39, 30, 33, 31, 39, 13, 10, 20, 39, 4, 30, 39]
    PRED: [9, 2, 39, 30, 27, 33, 31, 39, 13, 5, 17, 39, 34, 3, 19, 0, 19, 30, 39, 30, 33, 39, 28, 2, 21, 39, 27, 10, 22, 39, 35, 17, 0, 8, 11, 39, 31, 33, 31, 39, 13, 10, 29, 39, 4, 30, 39]
    Edit distance: 15/46

============================================================
Batch 149000 | Val PER: 0.2782
============================================================
  Sample 0:
    TRUE: [31, 17, 0, 19, 27, 2, 28, 17, 39, 27, 17, 19, 2, 22, 28, 16, 8, 11, 8, 39]
    PRED: [9, 2, 0, 28, 30, 28, 39, 27, 17, 14, 22, 2, 2, 30, 8, 39]
    Edit distance: 12/20
  Sample 1:
    TRUE: [27, 16, 7, 39, 26, 11, 7, 2, 28, 30, 39, 28, 10, 34, 27, 2, 20, 39, 28, 5, 22, 8, 39, 20, 16, 31, 2, 14, 27, 1, 13, 28, 39]
    PRED: [27, 10, 19, 28, 39, 26, 11, 28, 2, 8, 37, 39, 10, 34, 2, 20, 39, 30, 5, 22, 8, 37, 39, 20, 16, 9, 2, 14, 27, 5, 13, 39]
    Edit distance: 13/33
  Sample 2:
    TRUE: [28, 24, 39, 27, 33, 20, 37, 39, 35, 17, 39, 21, 12, 8, 39, 16, 22, 39, 2, 22, 2, 6, 1, 29, 30, 39, 19, 2, 20, 33, 38, 2, 22, 39]
    PRED: [9, 24, 2, 39, 27, 33, 20, 28, 37, 39, 35, 17, 39, 21, 12, 8, 39, 16, 22, 39, 2, 22, 2, 27, 10, 29, 30, 39, 19, 2, 20, 33, 38, 2, 22, 39]
    Edit distance: 5/34
  Sample 3:
    TRUE: [20, 3, 27, 17, 37, 39, 19, 0, 28, 30, 33, 21, 39, 22, 17, 8, 2, 8, 39, 6, 20, 1, 19, 39, 14, 20, 2, 34, 37, 39, 30, 33, 39, 6, 17, 39, 19, 2, 21, 26, 20, 17, 30, 20, 17, 39, 10, 20, 2, 14, 2, 22, 30, 39]
    PRED: [19, 27, 24, 17, 12, 39, 19, 4, 30, 2, 21, 39, 22, 17, 8, 39, 21, 1, 19, 39, 20, 2, 34, 8, 39, 30, 33, 39, 6, 17, 39, 19, 2, 21, 26, 2, 20, 20, 39, 1, 20, 2, 22, 39]
    Edit distance: 21/54
  Sample 4:
    TRUE: [9, 2, 39, 30, 33, 31, 39, 13, 10, 27, 17, 39, 13, 11, 14, 0, 30, 39, 30, 33, 39, 19, 2, 21, 39, 35, 10, 22, 39, 27, 0, 18, 11, 37, 39, 30, 33, 31, 39, 13, 10, 20, 39, 4, 30, 39]
    PRED: [9, 2, 39, 30, 27, 33, 31, 39, 13, 10, 17, 39, 34, 3, 19, 0, 19, 30, 39, 30, 33, 39, 28, 2, 21, 39, 35, 10, 22, 39, 35, 10, 0, 8, 11, 39, 37, 39, 31, 33, 31, 39, 13, 10, 29, 39, 4, 30, 39]
    Edit distance: 13/46

============================================================
Batch 149500 | Val PER: 0.2760
============================================================
  Sample 0:
    TRUE: [31, 17, 0, 19, 27, 2, 28, 17, 39, 27, 17, 19, 2, 22, 28, 16, 8, 11, 8, 39]
    PRED: [9, 2, 0, 28, 30, 28, 39, 27, 17, 14, 19, 22, 2, 30, 8, 39]
    Edit distance: 12/20
  Sample 1:
    TRUE: [27, 16, 7, 39, 26, 11, 7, 2, 28, 30, 39, 28, 10, 34, 27, 2, 20, 39, 28, 5, 22, 8, 39, 20, 16, 31, 2, 14, 27, 1, 13, 28, 39]
    PRED: [27, 10, 19, 28, 39, 26, 11, 28, 2, 8, 37, 39, 10, 34, 2, 20, 39, 30, 5, 22, 8, 37, 39, 20, 16, 9, 2, 14, 5, 13, 39]
    Edit distance: 14/33
  Sample 2:
    TRUE: [28, 24, 39, 27, 33, 20, 37, 39, 35, 17, 39, 21, 12, 8, 39, 16, 22, 39, 2, 22, 2, 6, 1, 29, 30, 39, 19, 2, 20, 33, 38, 2, 22, 39]
    PRED: [9, 24, 2, 39, 27, 33, 20, 24, 37, 39, 35, 17, 39, 21, 12, 8, 39, 16, 22, 39, 2, 22, 2, 27, 1, 29, 30, 39, 19, 2, 20, 33, 38, 2, 22, 39]
    Edit distance: 4/34
  Sample 3:
    TRUE: [20, 3, 27, 17, 37, 39, 19, 0, 28, 30, 33, 21, 39, 22, 17, 8, 2, 8, 39, 6, 20, 1, 19, 39, 14, 20, 2, 34, 37, 39, 30, 33, 39, 6, 17, 39, 19, 2, 21, 26, 20, 17, 30, 20, 17, 39, 10, 20, 2, 14, 2, 22, 30, 39]
    PRED: [19, 27, 24, 37, 12, 39, 19, 4, 30, 2, 21, 39, 22, 17, 8, 39, 21, 1, 19, 39, 20, 5, 34, 8, 39, 30, 33, 39, 6, 17, 39, 19, 2, 21, 26, 2, 20, 20, 39, 1, 20, 2, 22, 8, 39]
    Edit distance: 22/54
  Sample 4:
    TRUE: [9, 2, 39, 30, 33, 31, 39, 13, 10, 27, 17, 39, 13, 11, 14, 0, 30, 39, 30, 33, 39, 19, 2, 21, 39, 35, 10, 22, 39, 27, 0, 18, 11, 37, 39, 30, 33, 31, 39, 13, 10, 20, 39, 4, 30, 39]
    PRED: [9, 2, 39, 30, 27, 33, 31, 39, 34, 10, 17, 39, 34, 3, 0, 19, 30, 39, 30, 33, 39, 28, 2, 21, 39, 35, 10, 22, 39, 35, 17, 8, 11, 37, 39, 31, 33, 31, 39, 13, 10, 29, 39, 4, 30, 39]
    Edit distance: 13/46

============================================================
Batch 150000 | Val PER: 0.2789
============================================================
  Sample 0:
    TRUE: [31, 17, 0, 19, 27, 2, 28, 17, 39, 27, 17, 19, 2, 22, 28, 16, 8, 11, 8, 39]
    PRED: [9, 2, 0, 28, 30, 28, 39, 27, 2, 17, 14, 19, 22, 28, 2, 2, 30, 8, 39]
    Edit distance: 12/20
  Sample 1:
    TRUE: [27, 16, 7, 39, 26, 11, 7, 2, 28, 30, 39, 28, 10, 34, 27, 2, 20, 39, 28, 5, 22, 8, 39, 20, 16, 31, 2, 14, 27, 1, 13, 28, 39]
    PRED: [27, 10, 19, 28, 39, 26, 11, 28, 2, 8, 37, 39, 10, 34, 11, 2, 20, 39, 30, 5, 22, 8, 37, 39, 20, 16, 9, 2, 14, 5, 13, 39]
    Edit distance: 14/33
  Sample 2:
    TRUE: [28, 24, 39, 27, 33, 20, 37, 39, 35, 17, 39, 21, 12, 8, 39, 16, 22, 39, 2, 22, 2, 6, 1, 29, 30, 39, 19, 2, 20, 33, 38, 2, 22, 39]
    PRED: [9, 2, 39, 27, 33, 20, 28, 37, 39, 35, 17, 39, 21, 12, 22, 8, 39, 16, 22, 39, 2, 22, 2, 1, 29, 30, 39, 19, 2, 20, 33, 38, 2, 22, 39]
    Edit distance: 5/34
  Sample 3:
    TRUE: [20, 3, 27, 17, 37, 39, 19, 0, 28, 30, 33, 21, 39, 22, 17, 8, 2, 8, 39, 6, 20, 1, 19, 39, 14, 20, 2, 34, 37, 39, 30, 33, 39, 6, 17, 39, 19, 2, 21, 26, 20, 17, 30, 20, 17, 39, 10, 20, 2, 14, 2, 22, 30, 39]
    PRED: [19, 27, 24, 12, 39, 19, 4, 30, 2, 21, 39, 22, 17, 8, 39, 21, 1, 19, 39, 20, 5, 2, 34, 8, 39, 30, 33, 39, 6, 17, 39, 19, 2, 21, 26, 20, 39, 1, 20, 2, 22, 39]
    Edit distance: 22/54
  Sample 4:
    TRUE: [9, 2, 39, 30, 33, 31, 39, 13, 10, 27, 17, 39, 13, 11, 14, 0, 30, 39, 30, 33, 39, 19, 2, 21, 39, 35, 10, 22, 39, 27, 0, 18, 11, 37, 39, 30, 33, 31, 39, 13, 10, 20, 39, 4, 30, 39]
    PRED: [9, 2, 39, 30, 27, 33, 31, 39, 13, 5, 17, 39, 34, 3, 19, 0, 19, 30, 39, 30, 33, 39, 28, 2, 21, 39, 35, 27, 2, 22, 39, 35, 17, 8, 11, 37, 39, 31, 33, 31, 39, 13, 10, 39, 4, 30, 39]
    Edit distance: 15/46

============================================================
Batch 150500 | Val PER: 0.2795
============================================================
  Sample 0:
    TRUE: [31, 17, 0, 19, 27, 2, 28, 17, 39, 27, 17, 19, 2, 22, 28, 16, 8, 11, 8, 39]
    PRED: [9, 0, 28, 30, 28, 39, 27, 2, 17, 14, 22, 28, 2, 30, 8, 39]
    Edit distance: 12/20
  Sample 1:
    TRUE: [27, 16, 7, 39, 26, 11, 7, 2, 28, 30, 39, 28, 10, 34, 27, 2, 20, 39, 28, 5, 22, 8, 39, 20, 16, 31, 2, 14, 27, 1, 13, 28, 39]
    PRED: [27, 10, 19, 28, 39, 26, 11, 29, 2, 8, 37, 39, 10, 34, 2, 20, 39, 30, 5, 22, 8, 37, 39, 20, 16, 2, 14, 16, 13, 39]
    Edit distance: 14/33
  Sample 2:
    TRUE: [28, 24, 39, 27, 33, 20, 37, 39, 35, 17, 39, 21, 12, 8, 39, 16, 22, 39, 2, 22, 2, 6, 1, 29, 30, 39, 19, 2, 20, 33, 38, 2, 22, 39]
    PRED: [9, 2, 39, 27, 33, 20, 24, 37, 39, 35, 17, 39, 21, 12, 8, 39, 16, 22, 39, 2, 22, 2, 27, 1, 29, 30, 39, 19, 2, 20, 33, 38, 2, 22, 39]
    Edit distance: 4/34
  Sample 3:
    TRUE: [20, 3, 27, 17, 37, 39, 19, 0, 28, 30, 33, 21, 39, 22, 17, 8, 2, 8, 39, 6, 20, 1, 19, 39, 14, 20, 2, 34, 37, 39, 30, 33, 39, 6, 17, 39, 19, 2, 21, 26, 20, 17, 30, 20, 17, 39, 10, 20, 2, 14, 2, 22, 30, 39]
    PRED: [19, 27, 24, 17, 12, 39, 19, 4, 30, 2, 21, 39, 22, 17, 8, 39, 21, 1, 19, 39, 20, 5, 2, 34, 8, 39, 30, 33, 39, 6, 17, 39, 19, 2, 21, 26, 2, 20, 20, 39, 1, 20, 2, 22, 39]
    Edit distance: 22/54
  Sample 4:
    TRUE: [9, 2, 39, 30, 33, 31, 39, 13, 10, 27, 17, 39, 13, 11, 14, 0, 30, 39, 30, 33, 39, 19, 2, 21, 39, 35, 10, 22, 39, 27, 0, 18, 11, 37, 39, 30, 33, 31, 39, 13, 10, 20, 39, 4, 30, 39]
    PRED: [9, 2, 39, 30, 27, 33, 31, 39, 34, 10, 17, 39, 13, 17, 0, 19, 30, 39, 30, 33, 39, 28, 2, 21, 39, 35, 10, 22, 39, 35, 10, 0, 8, 11, 37, 39, 31, 33, 31, 39, 13, 10, 20, 39, 4, 30, 39]
    Edit distance: 11/46

============================================================
Batch 151000 | Val PER: 0.2798
============================================================
  Sample 0:
    TRUE: [31, 17, 0, 19, 27, 2, 28, 17, 39, 27, 17, 19, 2, 22, 28, 16, 8, 11, 8, 39]
    PRED: [9, 12, 39, 0, 28, 30, 28, 39, 27, 17, 14, 19, 22, 28, 2, 30, 8, 39]
    Edit distance: 12/20
  Sample 1:
    TRUE: [27, 16, 7, 39, 26, 11, 7, 2, 28, 30, 39, 28, 10, 34, 27, 2, 20, 39, 28, 5, 22, 8, 39, 20, 16, 31, 2, 14, 27, 1, 13, 28, 39]
    PRED: [27, 10, 19, 28, 39, 26, 11, 28, 2, 8, 37, 39, 10, 34, 11, 2, 20, 39, 30, 0, 22, 8, 37, 39, 20, 16, 9, 2, 14, 5, 13, 30, 39]
    Edit distance: 15/33
  Sample 2:
    TRUE: [28, 24, 39, 27, 33, 20, 37, 39, 35, 17, 39, 21, 12, 8, 39, 16, 22, 39, 2, 22, 2, 6, 1, 29, 30, 39, 19, 2, 20, 33, 38, 2, 22, 39]
    PRED: [9, 2, 39, 27, 33, 20, 24, 37, 39, 35, 17, 39, 21, 12, 8, 39, 16, 22, 39, 2, 22, 2, 27, 1, 29, 30, 39, 19, 2, 20, 33, 38, 2, 22, 39]
    Edit distance: 4/34
  Sample 3:
    TRUE: [20, 3, 27, 17, 37, 39, 19, 0, 28, 30, 33, 21, 39, 22, 17, 8, 2, 8, 39, 6, 20, 1, 19, 39, 14, 20, 2, 34, 37, 39, 30, 33, 39, 6, 17, 39, 19, 2, 21, 26, 20, 17, 30, 20, 17, 39, 10, 20, 2, 14, 2, 22, 30, 39]
    PRED: [19, 27, 24, 12, 39, 19, 1, 30, 2, 21, 39, 22, 17, 8, 2, 39, 21, 1, 19, 39, 20, 2, 34, 8, 39, 30, 33, 39, 6, 17, 39, 19, 2, 21, 26, 2, 20, 20, 39, 1, 20, 2, 22, 39]
    Edit distance: 20/54
  Sample 4:
    TRUE: [9, 2, 39, 30, 33, 31, 39, 13, 10, 27, 17, 39, 13, 11, 14, 0, 30, 39, 30, 33, 39, 19, 2, 21, 39, 35, 10, 22, 39, 27, 0, 18, 11, 37, 39, 30, 33, 31, 39, 13, 10, 20, 39, 4, 30, 39]
    PRED: [9, 2, 39, 30, 27, 33, 31, 39, 13, 10, 11, 17, 39, 13, 3, 0, 0, 19, 30, 39, 30, 33, 39, 28, 2, 21, 39, 35, 2, 22, 39, 35, 17, 8, 11, 37, 39, 31, 33, 31, 39, 13, 10, 39, 4, 30, 39]
    Edit distance: 12/46

============================================================
Batch 151500 | Val PER: 0.2825
============================================================
  Sample 0:
    TRUE: [31, 17, 0, 19, 27, 2, 28, 17, 39, 27, 17, 19, 2, 22, 28, 16, 8, 11, 8, 39]
    PRED: [9, 0, 28, 30, 28, 39, 27, 17, 14, 19, 22, 28, 2, 2, 30, 8, 39]
    Edit distance: 11/20
  Sample 1:
    TRUE: [27, 16, 7, 39, 26, 11, 7, 2, 28, 30, 39, 28, 10, 34, 27, 2, 20, 39, 28, 5, 22, 8, 39, 20, 16, 31, 2, 14, 27, 1, 13, 28, 39]
    PRED: [27, 10, 19, 28, 39, 26, 11, 28, 2, 8, 37, 39, 10, 34, 2, 20, 39, 28, 5, 22, 8, 37, 39, 20, 16, 2, 14, 27, 2, 13, 39]
    Edit distance: 12/33
  Sample 2:
    TRUE: [28, 24, 39, 27, 33, 20, 37, 39, 35, 17, 39, 21, 12, 8, 39, 16, 22, 39, 2, 22, 2, 6, 1, 29, 30, 39, 19, 2, 20, 33, 38, 2, 22, 39]
    PRED: [9, 2, 39, 27, 33, 20, 28, 37, 39, 35, 17, 39, 21, 12, 8, 39, 16, 22, 39, 2, 22, 2, 27, 1, 28, 30, 39, 19, 2, 20, 33, 38, 2, 22, 39]
    Edit distance: 5/34
  Sample 3:
    TRUE: [20, 3, 27, 17, 37, 39, 19, 0, 28, 30, 33, 21, 39, 22, 17, 8, 2, 8, 39, 6, 20, 1, 19, 39, 14, 20, 2, 34, 37, 39, 30, 33, 39, 6, 17, 39, 19, 2, 21, 26, 20, 17, 30, 20, 17, 39, 10, 20, 2, 14, 2, 22, 30, 39]
    PRED: [27, 24, 17, 12, 39, 19, 1, 28, 30, 2, 21, 39, 22, 17, 8, 39, 21, 1, 19, 39, 20, 2, 34, 8, 39, 30, 33, 39, 6, 17, 39, 19, 2, 21, 26, 11, 2, 20, 20, 39, 1, 20, 2, 22, 39]
    Edit distance: 20/54
  Sample 4:
    TRUE: [9, 2, 39, 30, 33, 31, 39, 13, 10, 27, 17, 39, 13, 11, 14, 0, 30, 39, 30, 33, 39, 19, 2, 21, 39, 35, 10, 22, 39, 27, 0, 18, 11, 37, 39, 30, 33, 31, 39, 13, 10, 20, 39, 4, 30, 39]
    PRED: [9, 2, 39, 30, 27, 33, 31, 39, 34, 10, 17, 39, 13, 34, 3, 19, 0, 0, 19, 30, 39, 30, 33, 39, 28, 2, 21, 39, 35, 10, 22, 8, 39, 35, 10, 8, 11, 37, 39, 31, 33, 31, 39, 13, 10, 20, 39, 4, 30, 39]
    Edit distance: 14/46

============================================================
Batch 152000 | Val PER: 0.2803
============================================================
  Sample 0:
    TRUE: [31, 17, 0, 19, 27, 2, 28, 17, 39, 27, 17, 19, 2, 22, 28, 16, 8, 11, 8, 39]
    PRED: [9, 2, 39, 0, 28, 30, 2, 28, 39, 27, 2, 17, 14, 19, 2, 22, 28, 12, 30, 8, 39]
    Edit distance: 11/20
  Sample 1:
    TRUE: [27, 16, 7, 39, 26, 11, 7, 2, 28, 30, 39, 28, 10, 34, 27, 2, 20, 39, 28, 5, 22, 8, 39, 20, 16, 31, 2, 14, 27, 1, 13, 28, 39]
    PRED: [27, 10, 19, 28, 39, 26, 11, 28, 2, 8, 37, 39, 10, 34, 2, 20, 39, 28, 5, 22, 8, 37, 39, 20, 16, 17, 2, 28, 14, 5, 13, 39]
    Edit distance: 14/33
  Sample 2:
    TRUE: [28, 24, 39, 27, 33, 20, 37, 39, 35, 17, 39, 21, 12, 8, 39, 16, 22, 39, 2, 22, 2, 6, 1, 29, 30, 39, 19, 2, 20, 33, 38, 2, 22, 39]
    PRED: [9, 2, 39, 27, 33, 20, 28, 37, 39, 35, 17, 39, 21, 12, 22, 8, 39, 16, 22, 39, 2, 22, 2, 27, 1, 29, 30, 39, 19, 2, 20, 33, 38, 2, 22, 39]
    Edit distance: 5/34
  Sample 3:
    TRUE: [20, 3, 27, 17, 37, 39, 19, 0, 28, 30, 33, 21, 39, 22, 17, 8, 2, 8, 39, 6, 20, 1, 19, 39, 14, 20, 2, 34, 37, 39, 30, 33, 39, 6, 17, 39, 19, 2, 21, 26, 20, 17, 30, 20, 17, 39, 10, 20, 2, 14, 2, 22, 30, 39]
    PRED: [19, 27, 24, 37, 12, 39, 19, 4, 30, 2, 21, 39, 22, 17, 8, 39, 21, 1, 19, 39, 20, 5, 34, 8, 39, 30, 33, 39, 6, 17, 39, 19, 2, 21, 26, 2, 20, 20, 39, 1, 20, 2, 22, 39]
    Edit distance: 22/54
  Sample 4:
    TRUE: [9, 2, 39, 30, 33, 31, 39, 13, 10, 27, 17, 39, 13, 11, 14, 0, 30, 39, 30, 33, 39, 19, 2, 21, 39, 35, 10, 22, 39, 27, 0, 18, 11, 37, 39, 30, 33, 31, 39, 13, 10, 20, 39, 4, 30, 39]
    PRED: [9, 2, 39, 30, 27, 33, 31, 39, 13, 10, 27, 17, 39, 34, 3, 0, 19, 30, 39, 30, 33, 39, 28, 2, 21, 39, 35, 2, 22, 8, 39, 35, 10, 8, 11, 37, 39, 31, 33, 31, 39, 13, 10, 29, 20, 39, 4, 30, 39]
    Edit distance: 13/46

============================================================
Batch 152500 | Val PER: 0.2809
============================================================
  Sample 0:
    TRUE: [31, 17, 0, 19, 27, 2, 28, 17, 39, 27, 17, 19, 2, 22, 28, 16, 8, 11, 8, 39]
    PRED: [9, 0, 28, 30, 2, 28, 39, 27, 2, 17, 14, 19, 22, 28, 2, 12, 30, 8, 39]
    Edit distance: 11/20
  Sample 1:
    TRUE: [27, 16, 7, 39, 26, 11, 7, 2, 28, 30, 39, 28, 10, 34, 27, 2, 20, 39, 28, 5, 22, 8, 39, 20, 16, 31, 2, 14, 27, 1, 13, 28, 39]
    PRED: [27, 10, 19, 28, 39, 26, 11, 28, 2, 8, 37, 39, 10, 34, 2, 20, 39, 28, 5, 22, 8, 37, 39, 20, 16, 17, 2, 28, 14, 5, 13, 39]
    Edit distance: 14/33
  Sample 2:
    TRUE: [28, 24, 39, 27, 33, 20, 37, 39, 35, 17, 39, 21, 12, 8, 39, 16, 22, 39, 2, 22, 2, 6, 1, 29, 30, 39, 19, 2, 20, 33, 38, 2, 22, 39]
    PRED: [9, 24, 2, 39, 27, 33, 20, 28, 37, 39, 35, 17, 39, 21, 12, 8, 39, 16, 22, 39, 2, 22, 2, 27, 1, 29, 30, 39, 19, 2, 20, 33, 38, 2, 22, 39]
    Edit distance: 4/34
  Sample 3:
    TRUE: [20, 3, 27, 17, 37, 39, 19, 0, 28, 30, 33, 21, 39, 22, 17, 8, 2, 8, 39, 6, 20, 1, 19, 39, 14, 20, 2, 34, 37, 39, 30, 33, 39, 6, 17, 39, 19, 2, 21, 26, 20, 17, 30, 20, 17, 39, 10, 20, 2, 14, 2, 22, 30, 39]
    PRED: [27, 24, 12, 39, 19, 1, 19, 30, 2, 21, 39, 22, 17, 8, 39, 21, 1, 19, 39, 20, 5, 16, 34, 8, 39, 30, 33, 39, 6, 17, 39, 19, 2, 21, 26, 27, 2, 20, 17, 39, 1, 20, 2, 22, 39]
    Edit distance: 22/54
  Sample 4:
    TRUE: [9, 2, 39, 30, 33, 31, 39, 13, 10, 27, 17, 39, 13, 11, 14, 0, 30, 39, 30, 33, 39, 19, 2, 21, 39, 35, 10, 22, 39, 27, 0, 18, 11, 37, 39, 30, 33, 31, 39, 13, 10, 20, 39, 4, 30, 39]
    PRED: [9, 2, 39, 30, 27, 33, 31, 39, 13, 10, 17, 39, 34, 3, 0, 19, 30, 39, 30, 33, 39, 28, 2, 21, 39, 35, 10, 22, 8, 39, 35, 17, 8, 11, 37, 39, 31, 33, 31, 39, 13, 10, 20, 39, 4, 30, 39]
    Edit distance: 12/46

============================================================
Batch 153000 | Val PER: 0.2798
============================================================
  Sample 0:
    TRUE: [31, 17, 0, 19, 27, 2, 28, 17, 39, 27, 17, 19, 2, 22, 28, 16, 8, 11, 8, 39]
    PRED: [9, 0, 28, 30, 2, 28, 39, 27, 2, 17, 14, 19, 22, 2, 12, 8, 30, 8, 39]
    Edit distance: 11/20
  Sample 1:
    TRUE: [27, 16, 7, 39, 26, 11, 7, 2, 28, 30, 39, 28, 10, 34, 27, 2, 20, 39, 28, 5, 22, 8, 39, 20, 16, 31, 2, 14, 27, 1, 13, 28, 39]
    PRED: [27, 10, 19, 28, 39, 26, 11, 28, 2, 8, 37, 39, 10, 34, 2, 20, 39, 28, 5, 22, 8, 37, 39, 20, 16, 2, 28, 14, 16, 13, 39]
    Edit distance: 14/33
  Sample 2:
    TRUE: [28, 24, 39, 27, 33, 20, 37, 39, 35, 17, 39, 21, 12, 8, 39, 16, 22, 39, 2, 22, 2, 6, 1, 29, 30, 39, 19, 2, 20, 33, 38, 2, 22, 39]
    PRED: [9, 24, 2, 39, 27, 33, 20, 28, 37, 39, 35, 17, 39, 21, 12, 8, 39, 16, 22, 39, 2, 22, 2, 27, 1, 29, 30, 39, 19, 2, 20, 33, 38, 2, 22, 39]
    Edit distance: 4/34
  Sample 3:
    TRUE: [20, 3, 27, 17, 37, 39, 19, 0, 28, 30, 33, 21, 39, 22, 17, 8, 2, 8, 39, 6, 20, 1, 19, 39, 14, 20, 2, 34, 37, 39, 30, 33, 39, 6, 17, 39, 19, 2, 21, 26, 20, 17, 30, 20, 17, 39, 10, 20, 2, 14, 2, 22, 30, 39]
    PRED: [19, 27, 24, 17, 12, 39, 19, 4, 30, 2, 21, 39, 22, 17, 8, 39, 21, 2, 19, 39, 20, 5, 16, 34, 8, 39, 30, 33, 39, 6, 17, 39, 19, 2, 21, 26, 27, 2, 20, 17, 39, 1, 20, 2, 22, 39]
    Edit distance: 23/54
  Sample 4:
    TRUE: [9, 2, 39, 30, 33, 31, 39, 13, 10, 27, 17, 39, 13, 11, 14, 0, 30, 39, 30, 33, 39, 19, 2, 21, 39, 35, 10, 22, 39, 27, 0, 18, 11, 37, 39, 30, 33, 31, 39, 13, 10, 20, 39, 4, 30, 39]
    PRED: [9, 2, 39, 30, 27, 33, 31, 39, 13, 10, 27, 17, 39, 34, 3, 19, 0, 19, 30, 39, 30, 33, 39, 28, 2, 21, 39, 35, 2, 22, 8, 39, 35, 17, 8, 11, 37, 39, 31, 33, 31, 39, 13, 10, 20, 39, 4, 30, 39]
    Edit distance: 12/46

============================================================
Batch 153500 | Val PER: 0.2790
============================================================
  Sample 0:
    TRUE: [31, 17, 0, 19, 27, 2, 28, 17, 39, 27, 17, 19, 2, 22, 28, 16, 8, 11, 8, 39]
    PRED: [9, 0, 28, 30, 2, 28, 39, 27, 17, 14, 19, 22, 28, 2, 8, 39]
    Edit distance: 10/20
  Sample 1:
    TRUE: [27, 16, 7, 39, 26, 11, 7, 2, 28, 30, 39, 28, 10, 34, 27, 2, 20, 39, 28, 5, 22, 8, 39, 20, 16, 31, 2, 14, 27, 1, 13, 28, 39]
    PRED: [27, 10, 19, 28, 39, 26, 11, 28, 2, 8, 37, 39, 10, 34, 2, 20, 39, 28, 5, 22, 8, 37, 39, 20, 16, 17, 2, 28, 14, 5, 13, 39]
    Edit distance: 14/33
  Sample 2:
    TRUE: [28, 24, 39, 27, 33, 20, 37, 39, 35, 17, 39, 21, 12, 8, 39, 16, 22, 39, 2, 22, 2, 6, 1, 29, 30, 39, 19, 2, 20, 33, 38, 2, 22, 39]
    PRED: [9, 2, 39, 27, 33, 20, 37, 39, 35, 17, 39, 21, 12, 8, 39, 16, 22, 39, 2, 22, 2, 27, 1, 29, 30, 39, 19, 2, 20, 33, 38, 2, 22, 39]
    Edit distance: 3/34
  Sample 3:
    TRUE: [20, 3, 27, 17, 37, 39, 19, 0, 28, 30, 33, 21, 39, 22, 17, 8, 2, 8, 39, 6, 20, 1, 19, 39, 14, 20, 2, 34, 37, 39, 30, 33, 39, 6, 17, 39, 19, 2, 21, 26, 20, 17, 30, 20, 17, 39, 10, 20, 2, 14, 2, 22, 30, 39]
    PRED: [19, 27, 24, 37, 12, 39, 19, 4, 28, 30, 2, 21, 39, 22, 17, 8, 39, 21, 1, 19, 39, 20, 5, 34, 8, 39, 30, 33, 39, 6, 17, 39, 19, 2, 21, 26, 27, 20, 39, 1, 20, 2, 22, 39]
    Edit distance: 21/54
  Sample 4:
    TRUE: [9, 2, 39, 30, 33, 31, 39, 13, 10, 27, 17, 39, 13, 11, 14, 0, 30, 39, 30, 33, 39, 19, 2, 21, 39, 35, 10, 22, 39, 27, 0, 18, 11, 37, 39, 30, 33, 31, 39, 13, 10, 20, 39, 4, 30, 39]
    PRED: [9, 2, 39, 30, 27, 33, 31, 39, 13, 10, 27, 17, 39, 13, 3, 19, 0, 19, 30, 39, 30, 33, 39, 28, 2, 21, 39, 35, 10, 22, 39, 35, 10, 8, 11, 37, 39, 31, 33, 31, 39, 13, 10, 20, 39, 4, 30, 39]
    Edit distance: 9/46

============================================================
Batch 154000 | Val PER: 0.2798
============================================================
  Sample 0:
    TRUE: [31, 17, 0, 19, 27, 2, 28, 17, 39, 27, 17, 19, 2, 22, 28, 16, 8, 11, 8, 39]
    PRED: [9, 2, 0, 19, 28, 30, 2, 28, 39, 27, 17, 14, 19, 10, 22, 2, 8, 39]
    Edit distance: 11/20
  Sample 1:
    TRUE: [27, 16, 7, 39, 26, 11, 7, 2, 28, 30, 39, 28, 10, 34, 27, 2, 20, 39, 28, 5, 22, 8, 39, 20, 16, 31, 2, 14, 27, 1, 13, 28, 39]
    PRED: [27, 10, 19, 28, 39, 26, 11, 28, 2, 8, 37, 39, 10, 34, 2, 20, 39, 28, 30, 5, 22, 8, 37, 39, 20, 16, 9, 28, 14, 5, 13, 39]
    Edit distance: 15/33
  Sample 2:
    TRUE: [28, 24, 39, 27, 33, 20, 37, 39, 35, 17, 39, 21, 12, 8, 39, 16, 22, 39, 2, 22, 2, 6, 1, 29, 30, 39, 19, 2, 20, 33, 38, 2, 22, 39]
    PRED: [9, 2, 39, 27, 33, 20, 37, 39, 35, 17, 39, 21, 12, 22, 8, 39, 16, 22, 39, 2, 22, 2, 27, 1, 29, 30, 39, 19, 2, 20, 33, 38, 2, 22, 39]
    Edit distance: 4/34
  Sample 3:
    TRUE: [20, 3, 27, 17, 37, 39, 19, 0, 28, 30, 33, 21, 39, 22, 17, 8, 2, 8, 39, 6, 20, 1, 19, 39, 14, 20, 2, 34, 37, 39, 30, 33, 39, 6, 17, 39, 19, 2, 21, 26, 20, 17, 30, 20, 17, 39, 10, 20, 2, 14, 2, 22, 30, 39]
    PRED: [19, 27, 24, 12, 39, 19, 4, 28, 30, 2, 21, 39, 22, 12, 8, 39, 21, 2, 19, 39, 20, 5, 34, 8, 39, 30, 33, 39, 6, 17, 39, 19, 2, 21, 26, 20, 39, 1, 20, 2, 22, 39]
    Edit distance: 23/54
  Sample 4:
    TRUE: [9, 2, 39, 30, 33, 31, 39, 13, 10, 27, 17, 39, 13, 11, 14, 0, 30, 39, 30, 33, 39, 19, 2, 21, 39, 35, 10, 22, 39, 27, 0, 18, 11, 37, 39, 30, 33, 31, 39, 13, 10, 20, 39, 4, 30, 39]
    PRED: [9, 2, 39, 30, 27, 33, 31, 39, 13, 10, 27, 17, 39, 13, 3, 0, 19, 30, 39, 30, 33, 39, 28, 2, 21, 39, 35, 10, 22, 8, 39, 35, 10, 8, 11, 37, 39, 31, 33, 31, 39, 13, 10, 20, 39, 4, 30, 39]
    Edit distance: 10/46

============================================================
Batch 154500 | Val PER: 0.2785
============================================================
  Sample 0:
    TRUE: [31, 17, 0, 19, 27, 2, 28, 17, 39, 27, 17, 19, 2, 22, 28, 16, 8, 11, 8, 39]
    PRED: [9, 0, 19, 28, 30, 2, 28, 39, 27, 17, 14, 19, 22, 2, 8, 8, 39]
    Edit distance: 10/20
  Sample 1:
    TRUE: [27, 16, 7, 39, 26, 11, 7, 2, 28, 30, 39, 28, 10, 34, 27, 2, 20, 39, 28, 5, 22, 8, 39, 20, 16, 31, 2, 14, 27, 1, 13, 28, 39]
    PRED: [27, 10, 19, 28, 39, 26, 11, 28, 2, 8, 37, 39, 10, 34, 2, 20, 39, 28, 5, 22, 8, 37, 39, 20, 16, 2, 28, 14, 5, 13, 39]
    Edit distance: 14/33
  Sample 2:
    TRUE: [28, 24, 39, 27, 33, 20, 37, 39, 35, 17, 39, 21, 12, 8, 39, 16, 22, 39, 2, 22, 2, 6, 1, 29, 30, 39, 19, 2, 20, 33, 38, 2, 22, 39]
    PRED: [9, 24, 2, 39, 27, 33, 20, 28, 37, 39, 35, 17, 39, 21, 12, 22, 8, 39, 16, 22, 39, 2, 22, 2, 27, 1, 29, 30, 39, 19, 2, 20, 33, 38, 38, 2, 22, 39]
    Edit distance: 6/34
  Sample 3:
    TRUE: [20, 3, 27, 17, 37, 39, 19, 0, 28, 30, 33, 21, 39, 22, 17, 8, 2, 8, 39, 6, 20, 1, 19, 39, 14, 20, 2, 34, 37, 39, 30, 33, 39, 6, 17, 39, 19, 2, 21, 26, 20, 17, 30, 20, 17, 39, 10, 20, 2, 14, 2, 22, 30, 39]
    PRED: [19, 27, 24, 12, 39, 19, 4, 28, 30, 2, 21, 39, 22, 12, 8, 39, 21, 2, 19, 39, 20, 5, 34, 8, 39, 30, 33, 39, 6, 17, 39, 19, 2, 21, 26, 27, 2, 20, 20, 39, 1, 20, 2, 20, 2, 22, 39]
    Edit distance: 22/54
  Sample 4:
    TRUE: [9, 2, 39, 30, 33, 31, 39, 13, 10, 27, 17, 39, 13, 11, 14, 0, 30, 39, 30, 33, 39, 19, 2, 21, 39, 35, 10, 22, 39, 27, 0, 18, 11, 37, 39, 30, 33, 31, 39, 13, 10, 20, 39, 4, 30, 39]
    PRED: [9, 2, 39, 30, 27, 33, 31, 39, 13, 10, 27, 17, 39, 13, 3, 0, 19, 30, 39, 30, 33, 39, 28, 2, 21, 39, 35, 10, 22, 39, 35, 10, 11, 37, 39, 31, 33, 31, 39, 13, 10, 20, 39, 4, 30, 39]
    Edit distance: 9/46

============================================================
Batch 155000 | Val PER: 0.2805
============================================================
  Sample 0:
    TRUE: [31, 17, 0, 19, 27, 2, 28, 17, 39, 27, 17, 19, 2, 22, 28, 16, 8, 11, 8, 39]
    PRED: [9, 0, 19, 28, 30, 2, 28, 39, 27, 17, 14, 19, 22, 2, 2, 8, 30, 8, 39]
    Edit distance: 10/20
  Sample 1:
    TRUE: [27, 16, 7, 39, 26, 11, 7, 2, 28, 30, 39, 28, 10, 34, 27, 2, 20, 39, 28, 5, 22, 8, 39, 20, 16, 31, 2, 14, 27, 1, 13, 28, 39]
    PRED: [27, 10, 19, 28, 30, 39, 26, 11, 28, 2, 8, 37, 39, 10, 34, 2, 20, 39, 28, 30, 5, 22, 8, 37, 39, 20, 16, 2, 28, 14, 5, 13, 39]
    Edit distance: 16/33
  Sample 2:
    TRUE: [28, 24, 39, 27, 33, 20, 37, 39, 35, 17, 39, 21, 12, 8, 39, 16, 22, 39, 2, 22, 2, 6, 1, 29, 30, 39, 19, 2, 20, 33, 38, 2, 22, 39]
    PRED: [9, 24, 39, 27, 17, 33, 20, 37, 39, 35, 17, 39, 21, 12, 8, 39, 16, 22, 39, 2, 22, 2, 27, 1, 29, 30, 39, 19, 2, 20, 33, 38, 2, 22, 39]
    Edit distance: 3/34
  Sample 3:
    TRUE: [20, 3, 27, 17, 37, 39, 19, 0, 28, 30, 33, 21, 39, 22, 17, 8, 2, 8, 39, 6, 20, 1, 19, 39, 14, 20, 2, 34, 37, 39, 30, 33, 39, 6, 17, 39, 19, 2, 21, 26, 20, 17, 30, 20, 17, 39, 10, 20, 2, 14, 2, 22, 30, 39]
    PRED: [19, 27, 24, 12, 39, 19, 1, 30, 2, 21, 39, 22, 12, 8, 39, 21, 0, 19, 39, 20, 5, 34, 8, 39, 30, 33, 39, 6, 17, 39, 19, 2, 21, 26, 2, 20, 39, 1, 20, 2, 20, 2, 22, 39]
    Edit distance: 23/54
  Sample 4:
    TRUE: [9, 2, 39, 30, 33, 31, 39, 13, 10, 27, 17, 39, 13, 11, 14, 0, 30, 39, 30, 33, 39, 19, 2, 21, 39, 35, 10, 22, 39, 27, 0, 18, 11, 37, 39, 30, 33, 31, 39, 13, 10, 20, 39, 4, 30, 39]
    PRED: [9, 2, 39, 30, 27, 33, 31, 39, 13, 10, 39, 13, 3, 0, 19, 30, 39, 30, 33, 39, 28, 2, 21, 39, 35, 10, 22, 39, 35, 5, 8, 11, 37, 39, 31, 33, 31, 39, 13, 10, 20, 39, 4, 30, 39]
    Edit distance: 11/46

============================================================
Batch 155500 | Val PER: 0.2819
============================================================
  Sample 0:
    TRUE: [31, 17, 0, 19, 27, 2, 28, 17, 39, 27, 17, 19, 2, 22, 28, 16, 8, 11, 8, 39]
    PRED: [9, 2, 39, 0, 19, 28, 30, 28, 39, 27, 17, 14, 19, 22, 2, 2, 8, 39]
    Edit distance: 12/20
  Sample 1:
    TRUE: [27, 16, 7, 39, 26, 11, 7, 2, 28, 30, 39, 28, 10, 34, 27, 2, 20, 39, 28, 5, 22, 8, 39, 20, 16, 31, 2, 14, 27, 1, 13, 28, 39]
    PRED: [27, 10, 19, 28, 30, 39, 26, 11, 28, 2, 37, 39, 10, 34, 2, 20, 39, 28, 5, 22, 8, 37, 39, 20, 16, 2, 39, 14, 5, 13, 39]
    Edit distance: 15/33
  Sample 2:
    TRUE: [28, 24, 39, 27, 33, 20, 37, 39, 35, 17, 39, 21, 12, 8, 39, 16, 22, 39, 2, 22, 2, 6, 1, 29, 30, 39, 19, 2, 20, 33, 38, 2, 22, 39]
    PRED: [9, 24, 39, 33, 20, 28, 37, 39, 35, 17, 39, 21, 12, 22, 8, 39, 16, 22, 39, 2, 22, 2, 1, 29, 30, 39, 19, 33, 20, 33, 38, 38, 2, 22, 39]
    Edit distance: 7/34
  Sample 3:
    TRUE: [20, 3, 27, 17, 37, 39, 19, 0, 28, 30, 33, 21, 39, 22, 17, 8, 2, 8, 39, 6, 20, 1, 19, 39, 14, 20, 2, 34, 37, 39, 30, 33, 39, 6, 17, 39, 19, 2, 21, 26, 20, 17, 30, 20, 17, 39, 10, 20, 2, 14, 2, 22, 30, 39]
    PRED: [19, 27, 24, 12, 39, 19, 4, 28, 30, 2, 21, 39, 22, 12, 8, 39, 21, 0, 19, 39, 20, 5, 34, 8, 39, 30, 33, 39, 6, 17, 39, 19, 2, 21, 26, 2, 20, 39, 1, 20, 2, 22, 39]
    Edit distance: 23/54
  Sample 4:
    TRUE: [9, 2, 39, 30, 33, 31, 39, 13, 10, 27, 17, 39, 13, 11, 14, 0, 30, 39, 30, 33, 39, 19, 2, 21, 39, 35, 10, 22, 39, 27, 0, 18, 11, 37, 39, 30, 33, 31, 39, 13, 10, 20, 39, 4, 30, 39]
    PRED: [9, 2, 39, 30, 27, 33, 31, 39, 13, 10, 39, 13, 3, 0, 0, 19, 30, 39, 30, 33, 39, 28, 2, 21, 39, 35, 10, 22, 8, 39, 35, 10, 8, 11, 37, 39, 31, 33, 31, 39, 13, 10, 39, 4, 30, 39]
    Edit distance: 13/46

============================================================
Batch 156000 | Val PER: 0.2804
============================================================
  Sample 0:
    TRUE: [31, 17, 0, 19, 27, 2, 28, 17, 39, 27, 17, 19, 2, 22, 28, 16, 8, 11, 8, 39]
    PRED: [9, 2, 0, 19, 28, 30, 28, 39, 27, 17, 14, 22, 2, 8, 30, 8, 39]
    Edit distance: 10/20
  Sample 1:
    TRUE: [27, 16, 7, 39, 26, 11, 7, 2, 28, 30, 39, 28, 10, 34, 27, 2, 20, 39, 28, 5, 22, 8, 39, 20, 16, 31, 2, 14, 27, 1, 13, 28, 39]
    PRED: [27, 10, 7, 28, 39, 26, 11, 28, 2, 8, 37, 39, 10, 34, 2, 20, 39, 28, 5, 22, 8, 37, 39, 20, 16, 2, 28, 14, 5, 13, 39]
    Edit distance: 13/33
  Sample 2:
    TRUE: [28, 24, 39, 27, 33, 20, 37, 39, 35, 17, 39, 21, 12, 8, 39, 16, 22, 39, 2, 22, 2, 6, 1, 29, 30, 39, 19, 2, 20, 33, 38, 2, 22, 39]
    PRED: [9, 24, 2, 39, 27, 25, 33, 20, 28, 37, 39, 35, 17, 39, 21, 12, 22, 8, 39, 16, 22, 39, 2, 22, 2, 27, 1, 29, 30, 39, 19, 2, 20, 33, 38, 38, 2, 22, 39]
    Edit distance: 7/34
  Sample 3:
    TRUE: [20, 3, 27, 17, 37, 39, 19, 0, 28, 30, 33, 21, 39, 22, 17, 8, 2, 8, 39, 6, 20, 1, 19, 39, 14, 20, 2, 34, 37, 39, 30, 33, 39, 6, 17, 39, 19, 2, 21, 26, 20, 17, 30, 20, 17, 39, 10, 20, 2, 14, 2, 22, 30, 39]
    PRED: [19, 27, 24, 12, 39, 19, 4, 28, 30, 2, 21, 39, 22, 12, 8, 39, 21, 2, 19, 39, 20, 5, 34, 8, 39, 30, 33, 39, 6, 17, 39, 19, 2, 21, 26, 27, 2, 20, 39, 1, 20, 2, 22, 39]
    Edit distance: 23/54
  Sample 4:
    TRUE: [9, 2, 39, 30, 33, 31, 39, 13, 10, 27, 17, 39, 13, 11, 14, 0, 30, 39, 30, 33, 39, 19, 2, 21, 39, 35, 10, 22, 39, 27, 0, 18, 11, 37, 39, 30, 33, 31, 39, 13, 10, 20, 39, 4, 30, 39]
    PRED: [9, 2, 39, 30, 27, 33, 31, 39, 34, 10, 27, 39, 13, 3, 0, 19, 30, 39, 30, 33, 39, 28, 2, 21, 39, 35, 10, 22, 39, 35, 12, 11, 39, 31, 33, 31, 39, 13, 10, 39, 4, 30, 39]
    Edit distance: 13/46

============================================================
Batch 156500 | Val PER: 0.2789
============================================================
  Sample 0:
    TRUE: [31, 17, 0, 19, 27, 2, 28, 17, 39, 27, 17, 19, 2, 22, 28, 16, 8, 11, 8, 39]
    PRED: [9, 2, 0, 19, 28, 30, 28, 39, 27, 17, 14, 19, 22, 28, 2, 30, 8, 39]
    Edit distance: 10/20
  Sample 1:
    TRUE: [27, 16, 7, 39, 26, 11, 7, 2, 28, 30, 39, 28, 10, 34, 27, 2, 20, 39, 28, 5, 22, 8, 39, 20, 16, 31, 2, 14, 27, 1, 13, 28, 39]
    PRED: [27, 10, 19, 28, 39, 26, 11, 28, 2, 8, 37, 39, 10, 34, 2, 20, 39, 28, 30, 5, 22, 8, 37, 39, 20, 16, 2, 28, 14, 5, 13, 39]
    Edit distance: 15/33
  Sample 2:
    TRUE: [28, 24, 39, 27, 33, 20, 37, 39, 35, 17, 39, 21, 12, 8, 39, 16, 22, 39, 2, 22, 2, 6, 1, 29, 30, 39, 19, 2, 20, 33, 38, 2, 22, 39]
    PRED: [9, 24, 2, 39, 27, 25, 33, 20, 28, 37, 39, 35, 17, 39, 21, 12, 22, 8, 39, 16, 22, 39, 2, 22, 2, 1, 29, 30, 39, 19, 33, 20, 33, 38, 2, 22, 39]
    Edit distance: 7/34
  Sample 3:
    TRUE: [20, 3, 27, 17, 37, 39, 19, 0, 28, 30, 33, 21, 39, 22, 17, 8, 2, 8, 39, 6, 20, 1, 19, 39, 14, 20, 2, 34, 37, 39, 30, 33, 39, 6, 17, 39, 19, 2, 21, 26, 20, 17, 30, 20, 17, 39, 10, 20, 2, 14, 2, 22, 30, 39]
    PRED: [19, 27, 24, 12, 39, 19, 1, 28, 30, 2, 21, 39, 22, 17, 8, 39, 21, 2, 19, 39, 20, 5, 34, 8, 39, 30, 33, 39, 6, 17, 39, 19, 2, 21, 26, 2, 20, 20, 39, 1, 20, 2, 22, 39]
    Edit distance: 22/54
  Sample 4:
    TRUE: [9, 2, 39, 30, 33, 31, 39, 13, 10, 27, 17, 39, 13, 11, 14, 0, 30, 39, 30, 33, 39, 19, 2, 21, 39, 35, 10, 22, 39, 27, 0, 18, 11, 37, 39, 30, 33, 31, 39, 13, 10, 20, 39, 4, 30, 39]
    PRED: [9, 2, 39, 30, 27, 33, 31, 39, 34, 10, 27, 39, 13, 3, 0, 19, 30, 39, 30, 33, 39, 28, 2, 21, 39, 35, 10, 22, 39, 35, 12, 11, 39, 31, 33, 31, 39, 13, 10, 39, 4, 30, 39]
    Edit distance: 13/46

============================================================
Batch 157000 | Val PER: 0.2811
============================================================
  Sample 0:
    TRUE: [31, 17, 0, 19, 27, 2, 28, 17, 39, 27, 17, 19, 2, 22, 28, 16, 8, 11, 8, 39]
    PRED: [9, 12, 39, 0, 28, 39, 27, 17, 14, 19, 22, 2, 2, 8, 30, 8, 39]
    Edit distance: 12/20
  Sample 1:
    TRUE: [27, 16, 7, 39, 26, 11, 7, 2, 28, 30, 39, 28, 10, 34, 27, 2, 20, 39, 28, 5, 22, 8, 39, 20, 16, 31, 2, 14, 27, 1, 13, 28, 39]
    PRED: [27, 10, 19, 28, 39, 26, 11, 28, 2, 37, 39, 10, 34, 2, 20, 39, 28, 5, 22, 8, 37, 39, 20, 16, 2, 14, 5, 13, 39]
    Edit distance: 13/33
  Sample 2:
    TRUE: [28, 24, 39, 27, 33, 20, 37, 39, 35, 17, 39, 21, 12, 8, 39, 16, 22, 39, 2, 22, 2, 6, 1, 29, 30, 39, 19, 2, 20, 33, 38, 2, 22, 39]
    PRED: [9, 24, 2, 39, 27, 33, 20, 37, 39, 35, 17, 39, 21, 12, 22, 8, 39, 16, 22, 39, 2, 22, 2, 27, 1, 29, 30, 39, 19, 2, 20, 33, 38, 2, 22, 39]
    Edit distance: 4/34
  Sample 3:
    TRUE: [20, 3, 27, 17, 37, 39, 19, 0, 28, 30, 33, 21, 39, 22, 17, 8, 2, 8, 39, 6, 20, 1, 19, 39, 14, 20, 2, 34, 37, 39, 30, 33, 39, 6, 17, 39, 19, 2, 21, 26, 20, 17, 30, 20, 17, 39, 10, 20, 2, 14, 2, 22, 30, 39]
    PRED: [19, 27, 24, 12, 39, 19, 4, 28, 30, 2, 21, 39, 22, 17, 8, 39, 21, 2, 19, 39, 20, 5, 34, 8, 39, 30, 33, 39, 6, 17, 39, 19, 2, 21, 26, 2, 20, 20, 39, 1, 20, 2, 22, 39]
    Edit distance: 22/54
  Sample 4:
    TRUE: [9, 2, 39, 30, 33, 31, 39, 13, 10, 27, 17, 39, 13, 11, 14, 0, 30, 39, 30, 33, 39, 19, 2, 21, 39, 35, 10, 22, 39, 27, 0, 18, 11, 37, 39, 30, 33, 31, 39, 13, 10, 20, 39, 4, 30, 39]
    PRED: [9, 2, 39, 30, 27, 33, 31, 39, 13, 10, 27, 17, 39, 13, 3, 0, 19, 39, 30, 33, 39, 28, 2, 21, 39, 35, 10, 22, 39, 35, 10, 8, 11, 37, 39, 31, 33, 31, 39, 13, 10, 39, 4, 30, 39]
    Edit distance: 10/46

============================================================
Batch 157500 | Val PER: 0.2801
============================================================
  Sample 0:
    TRUE: [31, 17, 0, 19, 27, 2, 28, 17, 39, 27, 17, 19, 2, 22, 28, 16, 8, 11, 8, 39]
    PRED: [9, 2, 39, 0, 19, 28, 30, 28, 39, 27, 17, 14, 19, 22, 2, 2, 30, 8, 39]
    Edit distance: 12/20
  Sample 1:
    TRUE: [27, 16, 7, 39, 26, 11, 7, 2, 28, 30, 39, 28, 10, 34, 27, 2, 20, 39, 28, 5, 22, 8, 39, 20, 16, 31, 2, 14, 27, 1, 13, 28, 39]
    PRED: [27, 10, 19, 28, 39, 26, 11, 28, 2, 37, 39, 10, 34, 2, 20, 39, 28, 5, 22, 8, 37, 39, 20, 16, 2, 14, 5, 13, 39]
    Edit distance: 13/33
  Sample 2:
    TRUE: [28, 24, 39, 27, 33, 20, 37, 39, 35, 17, 39, 21, 12, 8, 39, 16, 22, 39, 2, 22, 2, 6, 1, 29, 30, 39, 19, 2, 20, 33, 38, 2, 22, 39]
    PRED: [9, 24, 2, 39, 27, 33, 20, 28, 37, 39, 35, 17, 39, 21, 12, 22, 8, 39, 16, 22, 39, 2, 22, 2, 27, 1, 29, 30, 39, 19, 2, 20, 33, 38, 2, 22, 39]
    Edit distance: 5/34
  Sample 3:
    TRUE: [20, 3, 27, 17, 37, 39, 19, 0, 28, 30, 33, 21, 39, 22, 17, 8, 2, 8, 39, 6, 20, 1, 19, 39, 14, 20, 2, 34, 37, 39, 30, 33, 39, 6, 17, 39, 19, 2, 21, 26, 20, 17, 30, 20, 17, 39, 10, 20, 2, 14, 2, 22, 30, 39]
    PRED: [19, 27, 24, 12, 39, 19, 5, 28, 30, 2, 21, 39, 22, 12, 8, 39, 21, 2, 19, 39, 20, 5, 34, 8, 39, 30, 33, 39, 6, 17, 39, 19, 2, 21, 26, 2, 20, 39, 1, 20, 2, 22, 39]
    Edit distance: 23/54
  Sample 4:
    TRUE: [9, 2, 39, 30, 33, 31, 39, 13, 10, 27, 17, 39, 13, 11, 14, 0, 30, 39, 30, 33, 39, 19, 2, 21, 39, 35, 10, 22, 39, 27, 0, 18, 11, 37, 39, 30, 33, 31, 39, 13, 10, 20, 39, 4, 30, 39]
    PRED: [9, 2, 39, 30, 27, 33, 31, 39, 13, 10, 27, 17, 39, 13, 3, 0, 19, 39, 30, 33, 39, 28, 2, 21, 39, 35, 2, 22, 39, 35, 5, 8, 11, 39, 31, 33, 31, 39, 13, 10, 39, 4, 30, 39]
    Edit distance: 12/46

============================================================
Batch 158000 | Val PER: 0.2800
============================================================
  Sample 0:
    TRUE: [31, 17, 0, 19, 27, 2, 28, 17, 39, 27, 17, 19, 2, 22, 28, 16, 8, 11, 8, 39]
    PRED: [9, 2, 0, 19, 28, 30, 28, 39, 27, 17, 14, 19, 22, 2, 30, 8, 39]
    Edit distance: 11/20
  Sample 1:
    TRUE: [27, 16, 7, 39, 26, 11, 7, 2, 28, 30, 39, 28, 10, 34, 27, 2, 20, 39, 28, 5, 22, 8, 39, 20, 16, 31, 2, 14, 27, 1, 13, 28, 39]
    PRED: [27, 10, 19, 28, 39, 26, 11, 28, 2, 37, 39, 10, 34, 2, 20, 39, 28, 5, 22, 8, 39, 20, 16, 2, 5, 13, 39]
    Edit distance: 13/33
  Sample 2:
    TRUE: [28, 24, 39, 27, 33, 20, 37, 39, 35, 17, 39, 21, 12, 8, 39, 16, 22, 39, 2, 22, 2, 6, 1, 29, 30, 39, 19, 2, 20, 33, 38, 2, 22, 39]
    PRED: [9, 24, 2, 39, 27, 33, 20, 28, 37, 39, 35, 17, 39, 21, 12, 22, 8, 39, 16, 22, 39, 2, 22, 2, 27, 1, 29, 30, 39, 19, 2, 20, 33, 38, 2, 22, 39]
    Edit distance: 5/34
  Sample 3:
    TRUE: [20, 3, 27, 17, 37, 39, 19, 0, 28, 30, 33, 21, 39, 22, 17, 8, 2, 8, 39, 6, 20, 1, 19, 39, 14, 20, 2, 34, 37, 39, 30, 33, 39, 6, 17, 39, 19, 2, 21, 26, 20, 17, 30, 20, 17, 39, 10, 20, 2, 14, 2, 22, 30, 39]
    PRED: [19, 27, 24, 12, 39, 19, 4, 28, 30, 2, 21, 39, 22, 17, 8, 39, 21, 2, 19, 39, 20, 5, 34, 8, 39, 30, 33, 39, 6, 17, 39, 19, 2, 21, 26, 20, 17, 39, 1, 20, 2, 22, 39]
    Edit distance: 21/54
  Sample 4:
    TRUE: [9, 2, 39, 30, 33, 31, 39, 13, 10, 27, 17, 39, 13, 11, 14, 0, 30, 39, 30, 33, 39, 19, 2, 21, 39, 35, 10, 22, 39, 27, 0, 18, 11, 37, 39, 30, 33, 31, 39, 13, 10, 20, 39, 4, 30, 39]
    PRED: [9, 2, 39, 30, 27, 33, 31, 39, 13, 10, 27, 17, 39, 13, 3, 0, 19, 30, 39, 30, 33, 39, 28, 2, 21, 39, 35, 2, 22, 39, 35, 5, 8, 11, 39, 31, 33, 31, 39, 13, 1, 39, 4, 30, 39]
    Edit distance: 13/46

============================================================
Batch 158500 | Val PER: 0.2795
============================================================
  Sample 0:
    TRUE: [31, 17, 0, 19, 27, 2, 28, 17, 39, 27, 17, 19, 2, 22, 28, 16, 8, 11, 8, 39]
    PRED: [9, 2, 0, 19, 28, 30, 28, 39, 27, 17, 14, 19, 22, 2, 30, 8, 39]
    Edit distance: 11/20
  Sample 1:
    TRUE: [27, 16, 7, 39, 26, 11, 7, 2, 28, 30, 39, 28, 10, 34, 27, 2, 20, 39, 28, 5, 22, 8, 39, 20, 16, 31, 2, 14, 27, 1, 13, 28, 39]
    PRED: [27, 10, 19, 28, 39, 26, 11, 28, 2, 37, 39, 10, 34, 2, 20, 39, 28, 30, 5, 22, 8, 37, 39, 20, 16, 31, 2, 14, 5, 13, 39]
    Edit distance: 13/33
  Sample 2:
    TRUE: [28, 24, 39, 27, 33, 20, 37, 39, 35, 17, 39, 21, 12, 8, 39, 16, 22, 39, 2, 22, 2, 6, 1, 29, 30, 39, 19, 2, 20, 33, 38, 2, 22, 39]
    PRED: [9, 2, 39, 27, 33, 20, 28, 37, 39, 35, 17, 39, 21, 12, 22, 8, 39, 16, 22, 39, 2, 22, 2, 27, 1, 29, 30, 39, 19, 2, 20, 33, 38, 2, 22, 39]
    Edit distance: 5/34
  Sample 3:
    TRUE: [20, 3, 27, 17, 37, 39, 19, 0, 28, 30, 33, 21, 39, 22, 17, 8, 2, 8, 39, 6, 20, 1, 19, 39, 14, 20, 2, 34, 37, 39, 30, 33, 39, 6, 17, 39, 19, 2, 21, 26, 20, 17, 30, 20, 17, 39, 10, 20, 2, 14, 2, 22, 30, 39]
    PRED: [19, 27, 24, 17, 12, 39, 19, 4, 30, 2, 21, 39, 22, 17, 8, 39, 6, 2, 19, 39, 20, 2, 34, 8, 39, 30, 33, 39, 6, 17, 39, 19, 2, 21, 26, 2, 20, 39, 1, 20, 2, 22, 39]
    Edit distance: 21/54
  Sample 4:
    TRUE: [9, 2, 39, 30, 33, 31, 39, 13, 10, 27, 17, 39, 13, 11, 14, 0, 30, 39, 30, 33, 39, 19, 2, 21, 39, 35, 10, 22, 39, 27, 0, 18, 11, 37, 39, 30, 33, 31, 39, 13, 10, 20, 39, 4, 30, 39]
    PRED: [9, 2, 39, 30, 27, 33, 31, 39, 13, 10, 27, 17, 39, 13, 3, 0, 19, 30, 39, 30, 33, 39, 28, 2, 21, 39, 35, 2, 22, 39, 35, 5, 8, 11, 37, 39, 31, 33, 31, 39, 13, 10, 20, 39, 4, 30, 39]
    Edit distance: 10/46

============================================================
Batch 159000 | Val PER: 0.2782
============================================================
  Sample 0:
    TRUE: [31, 17, 0, 19, 27, 2, 28, 17, 39, 27, 17, 19, 2, 22, 28, 16, 8, 11, 8, 39]
    PRED: [9, 16, 0, 19, 28, 30, 28, 39, 27, 2, 17, 14, 19, 10, 22, 2, 30, 8, 39]
    Edit distance: 12/20
  Sample 1:
    TRUE: [27, 16, 7, 39, 26, 11, 7, 2, 28, 30, 39, 28, 10, 34, 27, 2, 20, 39, 28, 5, 22, 8, 39, 20, 16, 31, 2, 14, 27, 1, 13, 28, 39]
    PRED: [27, 10, 19, 28, 39, 26, 11, 29, 2, 37, 39, 10, 34, 2, 20, 39, 28, 30, 5, 22, 8, 37, 39, 20, 16, 2, 14, 5, 13, 39]
    Edit distance: 14/33
  Sample 2:
    TRUE: [28, 24, 39, 27, 33, 20, 37, 39, 35, 17, 39, 21, 12, 8, 39, 16, 22, 39, 2, 22, 2, 6, 1, 29, 30, 39, 19, 2, 20, 33, 38, 2, 22, 39]
    PRED: [9, 24, 39, 33, 20, 37, 39, 35, 17, 39, 21, 12, 8, 39, 16, 22, 39, 2, 22, 2, 27, 1, 29, 30, 39, 19, 2, 20, 33, 38, 2, 22, 39]
    Edit distance: 3/34
  Sample 3:
    TRUE: [20, 3, 27, 17, 37, 39, 19, 0, 28, 30, 33, 21, 39, 22, 17, 8, 2, 8, 39, 6, 20, 1, 19, 39, 14, 20, 2, 34, 37, 39, 30, 33, 39, 6, 17, 39, 19, 2, 21, 26, 20, 17, 30, 20, 17, 39, 10, 20, 2, 14, 2, 22, 30, 39]
    PRED: [19, 27, 24, 17, 12, 39, 19, 4, 30, 2, 21, 39, 22, 17, 8, 39, 21, 2, 19, 39, 20, 2, 34, 8, 39, 30, 33, 39, 6, 17, 39, 19, 2, 21, 26, 2, 20, 20, 39, 1, 20, 2, 22, 8, 39]
    Edit distance: 22/54
  Sample 4:
    TRUE: [9, 2, 39, 30, 33, 31, 39, 13, 10, 27, 17, 39, 13, 11, 14, 0, 30, 39, 30, 33, 39, 19, 2, 21, 39, 35, 10, 22, 39, 27, 0, 18, 11, 37, 39, 30, 33, 31, 39, 13, 10, 20, 39, 4, 30, 39]
    PRED: [9, 2, 39, 30, 27, 33, 31, 39, 13, 10, 27, 17, 39, 13, 3, 0, 19, 30, 39, 30, 33, 39, 28, 2, 21, 39, 35, 10, 22, 39, 35, 12, 8, 11, 39, 31, 33, 31, 39, 13, 10, 29, 39, 4, 30, 39]
    Edit distance: 11/46

============================================================
Batch 159500 | Val PER: 0.2791
============================================================
  Sample 0:
    TRUE: [31, 17, 0, 19, 27, 2, 28, 17, 39, 27, 17, 19, 2, 22, 28, 16, 8, 11, 8, 39]
    PRED: [9, 12, 0, 19, 28, 30, 28, 39, 27, 2, 17, 14, 19, 10, 22, 2, 2, 8, 30, 8, 39]
    Edit distance: 11/20
  Sample 1:
    TRUE: [27, 16, 7, 39, 26, 11, 7, 2, 28, 30, 39, 28, 10, 34, 27, 2, 20, 39, 28, 5, 22, 8, 39, 20, 16, 31, 2, 14, 27, 1, 13, 28, 39]
    PRED: [27, 10, 19, 28, 39, 26, 11, 29, 2, 37, 39, 10, 34, 2, 20, 39, 28, 5, 22, 8, 37, 39, 8, 16, 2, 14, 5, 13, 28, 39]
    Edit distance: 13/33
  Sample 2:
    TRUE: [28, 24, 39, 27, 33, 20, 37, 39, 35, 17, 39, 21, 12, 8, 39, 16, 22, 39, 2, 22, 2, 6, 1, 29, 30, 39, 19, 2, 20, 33, 38, 2, 22, 39]
    PRED: [9, 24, 39, 33, 20, 37, 39, 35, 17, 39, 21, 12, 8, 39, 16, 22, 39, 2, 22, 2, 1, 29, 30, 39, 19, 2, 20, 33, 38, 2, 22, 39]
    Edit distance: 3/34
  Sample 3:
    TRUE: [20, 3, 27, 17, 37, 39, 19, 0, 28, 30, 33, 21, 39, 22, 17, 8, 2, 8, 39, 6, 20, 1, 19, 39, 14, 20, 2, 34, 37, 39, 30, 33, 39, 6, 17, 39, 19, 2, 21, 26, 20, 17, 30, 20, 17, 39, 10, 20, 2, 14, 2, 22, 30, 39]
    PRED: [19, 27, 24, 12, 39, 19, 4, 28, 30, 2, 21, 39, 22, 17, 8, 39, 21, 2, 19, 39, 20, 2, 34, 8, 39, 30, 33, 39, 6, 17, 39, 19, 2, 21, 26, 2, 20, 39, 1, 20, 2, 22, 8, 39]
    Edit distance: 21/54
  Sample 4:
    TRUE: [9, 2, 39, 30, 33, 31, 39, 13, 10, 27, 17, 39, 13, 11, 14, 0, 30, 39, 30, 33, 39, 19, 2, 21, 39, 35, 10, 22, 39, 27, 0, 18, 11, 37, 39, 30, 33, 31, 39, 13, 10, 20, 39, 4, 30, 39]
    PRED: [9, 2, 39, 30, 27, 33, 31, 39, 13, 10, 27, 17, 39, 13, 3, 0, 19, 30, 39, 30, 33, 39, 28, 2, 21, 39, 35, 10, 22, 39, 35, 16, 8, 11, 37, 39, 31, 33, 31, 39, 13, 39, 4, 30, 39]
    Edit distance: 11/46

============================================================
Batch 160000 | Val PER: 0.2801
============================================================
  Sample 0:
    TRUE: [31, 17, 0, 19, 27, 2, 28, 17, 39, 27, 17, 19, 2, 22, 28, 16, 8, 11, 8, 39]
    PRED: [9, 39, 0, 19, 28, 30, 2, 28, 39, 14, 2, 17, 14, 19, 22, 28, 30, 8, 39]
    Edit distance: 12/20
  Sample 1:
    TRUE: [27, 16, 7, 39, 26, 11, 7, 2, 28, 30, 39, 28, 10, 34, 27, 2, 20, 39, 28, 5, 22, 8, 39, 20, 16, 31, 2, 14, 27, 1, 13, 28, 39]
    PRED: [27, 10, 19, 28, 39, 26, 11, 29, 2, 8, 37, 39, 10, 34, 2, 20, 39, 28, 5, 22, 8, 37, 39, 20, 16, 2, 2, 14, 5, 13, 39]
    Edit distance: 13/33
  Sample 2:
    TRUE: [28, 24, 39, 27, 33, 20, 37, 39, 35, 17, 39, 21, 12, 8, 39, 16, 22, 39, 2, 22, 2, 6, 1, 29, 30, 39, 19, 2, 20, 33, 38, 2, 22, 39]
    PRED: [9, 24, 2, 39, 33, 20, 37, 39, 35, 17, 39, 21, 12, 22, 8, 39, 16, 22, 39, 2, 22, 2, 27, 1, 29, 30, 39, 19, 2, 20, 33, 38, 2, 22, 39]
    Edit distance: 5/34
  Sample 3:
    TRUE: [20, 3, 27, 17, 37, 39, 19, 0, 28, 30, 33, 21, 39, 22, 17, 8, 2, 8, 39, 6, 20, 1, 19, 39, 14, 20, 2, 34, 37, 39, 30, 33, 39, 6, 17, 39, 19, 2, 21, 26, 20, 17, 30, 20, 17, 39, 10, 20, 2, 14, 2, 22, 30, 39]
    PRED: [19, 27, 24, 17, 12, 39, 19, 4, 30, 2, 21, 39, 22, 17, 8, 39, 6, 2, 19, 39, 20, 2, 34, 8, 39, 30, 33, 39, 6, 17, 39, 19, 2, 21, 26, 2, 20, 20, 39, 1, 20, 2, 22, 8, 39]
    Edit distance: 21/54
  Sample 4:
    TRUE: [9, 2, 39, 30, 33, 31, 39, 13, 10, 27, 17, 39, 13, 11, 14, 0, 30, 39, 30, 33, 39, 19, 2, 21, 39, 35, 10, 22, 39, 27, 0, 18, 11, 37, 39, 30, 33, 31, 39, 13, 10, 20, 39, 4, 30, 39]
    PRED: [9, 2, 39, 30, 27, 33, 31, 39, 13, 10, 27, 17, 39, 13, 17, 0, 19, 30, 39, 30, 33, 39, 28, 2, 21, 39, 27, 10, 22, 39, 35, 10, 8, 11, 39, 31, 33, 31, 39, 13, 10, 39, 4, 30, 39]
    Edit distance: 12/46

============================================================
Batch 160500 | Val PER: 0.2775
============================================================
  Sample 0:
    TRUE: [31, 17, 0, 19, 27, 2, 28, 17, 39, 27, 17, 19, 2, 22, 28, 16, 8, 11, 8, 39]
    PRED: [9, 39, 0, 19, 28, 39, 27, 17, 14, 19, 22, 28, 30, 8, 39]
    Edit distance: 10/20
  Sample 1:
    TRUE: [27, 16, 7, 39, 26, 11, 7, 2, 28, 30, 39, 28, 10, 34, 27, 2, 20, 39, 28, 5, 22, 8, 39, 20, 16, 31, 2, 14, 27, 1, 13, 28, 39]
    PRED: [27, 10, 19, 28, 39, 26, 11, 28, 2, 8, 37, 39, 10, 34, 2, 20, 39, 28, 30, 5, 22, 8, 37, 39, 8, 16, 2, 5, 13, 39]
    Edit distance: 16/33
  Sample 2:
    TRUE: [28, 24, 39, 27, 33, 20, 37, 39, 35, 17, 39, 21, 12, 8, 39, 16, 22, 39, 2, 22, 2, 6, 1, 29, 30, 39, 19, 2, 20, 33, 38, 2, 22, 39]
    PRED: [9, 2, 39, 27, 33, 20, 37, 39, 35, 17, 39, 21, 12, 8, 39, 16, 22, 39, 2, 22, 2, 27, 1, 29, 30, 39, 19, 2, 20, 33, 38, 2, 22, 39]
    Edit distance: 3/34
  Sample 3:
    TRUE: [20, 3, 27, 17, 37, 39, 19, 0, 28, 30, 33, 21, 39, 22, 17, 8, 2, 8, 39, 6, 20, 1, 19, 39, 14, 20, 2, 34, 37, 39, 30, 33, 39, 6, 17, 39, 19, 2, 21, 26, 20, 17, 30, 20, 17, 39, 10, 20, 2, 14, 2, 22, 30, 39]
    PRED: [19, 27, 24, 12, 39, 19, 4, 28, 30, 2, 21, 39, 22, 17, 8, 39, 21, 2, 19, 39, 20, 5, 34, 8, 39, 30, 33, 39, 6, 17, 39, 19, 2, 21, 26, 2, 20, 39, 1, 20, 2, 22, 8, 39]
    Edit distance: 22/54
  Sample 4:
    TRUE: [9, 2, 39, 30, 33, 31, 39, 13, 10, 27, 17, 39, 13, 11, 14, 0, 30, 39, 30, 33, 39, 19, 2, 21, 39, 35, 10, 22, 39, 27, 0, 18, 11, 37, 39, 30, 33, 31, 39, 13, 10, 20, 39, 4, 30, 39]
    PRED: [9, 2, 39, 30, 27, 33, 31, 39, 13, 10, 27, 39, 13, 3, 19, 0, 19, 30, 39, 30, 33, 39, 28, 2, 21, 39, 35, 10, 22, 39, 35, 12, 8, 11, 39, 31, 33, 31, 39, 13, 10, 39, 4, 30, 39]
    Edit distance: 12/46

============================================================
Batch 161000 | Val PER: 0.2804
============================================================
  Sample 0:
    TRUE: [31, 17, 0, 19, 27, 2, 28, 17, 39, 27, 17, 19, 2, 22, 28, 16, 8, 11, 8, 39]
    PRED: [9, 0, 19, 28, 2, 28, 39, 27, 17, 14, 19, 22, 28, 2, 30, 8, 39]
    Edit distance: 9/20
  Sample 1:
    TRUE: [27, 16, 7, 39, 26, 11, 7, 2, 28, 30, 39, 28, 10, 34, 27, 2, 20, 39, 28, 5, 22, 8, 39, 20, 16, 31, 2, 14, 27, 1, 13, 28, 39]
    PRED: [27, 10, 19, 28, 39, 26, 11, 28, 2, 37, 39, 10, 34, 2, 20, 39, 28, 30, 5, 22, 8, 39, 20, 16, 9, 2, 14, 2, 13, 39]
    Edit distance: 13/33
  Sample 2:
    TRUE: [28, 24, 39, 27, 33, 20, 37, 39, 35, 17, 39, 21, 12, 8, 39, 16, 22, 39, 2, 22, 2, 6, 1, 29, 30, 39, 19, 2, 20, 33, 38, 2, 22, 39]
    PRED: [9, 24, 2, 39, 27, 33, 20, 37, 39, 35, 17, 39, 21, 12, 8, 39, 16, 22, 39, 2, 22, 2, 27, 1, 29, 30, 39, 19, 2, 20, 33, 38, 2, 22, 39]
    Edit distance: 3/34
  Sample 3:
    TRUE: [20, 3, 27, 17, 37, 39, 19, 0, 28, 30, 33, 21, 39, 22, 17, 8, 2, 8, 39, 6, 20, 1, 19, 39, 14, 20, 2, 34, 37, 39, 30, 33, 39, 6, 17, 39, 19, 2, 21, 26, 20, 17, 30, 20, 17, 39, 10, 20, 2, 14, 2, 22, 30, 39]
    PRED: [19, 27, 24, 12, 39, 19, 4, 28, 30, 2, 21, 39, 22, 17, 8, 39, 21, 2, 19, 39, 20, 5, 34, 8, 39, 30, 33, 39, 6, 17, 39, 19, 2, 21, 26, 2, 20, 20, 39, 1, 20, 2, 22, 39]
    Edit distance: 22/54
  Sample 4:
    TRUE: [9, 2, 39, 30, 33, 31, 39, 13, 10, 27, 17, 39, 13, 11, 14, 0, 30, 39, 30, 33, 39, 19, 2, 21, 39, 35, 10, 22, 39, 27, 0, 18, 11, 37, 39, 30, 33, 31, 39, 13, 10, 20, 39, 4, 30, 39]
    PRED: [9, 2, 39, 30, 36, 33, 31, 39, 13, 10, 27, 17, 39, 34, 17, 19, 0, 19, 30, 39, 30, 33, 39, 28, 2, 21, 39, 35, 10, 22, 39, 35, 12, 8, 11, 39, 31, 33, 31, 39, 13, 10, 39, 4, 30, 39]
    Edit distance: 12/46

============================================================
Batch 161500 | Val PER: 0.2783
============================================================
  Sample 0:
    TRUE: [31, 17, 0, 19, 27, 2, 28, 17, 39, 27, 17, 19, 2, 22, 28, 16, 8, 11, 8, 39]
    PRED: [9, 0, 28, 2, 28, 39, 14, 27, 17, 14, 19, 10, 22, 28, 30, 8, 39]
    Edit distance: 11/20
  Sample 1:
    TRUE: [27, 16, 7, 39, 26, 11, 7, 2, 28, 30, 39, 28, 10, 34, 27, 2, 20, 39, 28, 5, 22, 8, 39, 20, 16, 31, 2, 14, 27, 1, 13, 28, 39]
    PRED: [27, 10, 19, 28, 39, 26, 11, 28, 2, 8, 37, 39, 10, 34, 2, 20, 39, 5, 22, 8, 39, 20, 16, 9, 2, 14, 2, 13, 39]
    Edit distance: 13/33
  Sample 2:
    TRUE: [28, 24, 39, 27, 33, 20, 37, 39, 35, 17, 39, 21, 12, 8, 39, 16, 22, 39, 2, 22, 2, 6, 1, 29, 30, 39, 19, 2, 20, 33, 38, 2, 22, 39]
    PRED: [9, 24, 2, 39, 27, 33, 20, 24, 37, 39, 35, 17, 39, 21, 12, 22, 8, 39, 16, 22, 39, 2, 22, 2, 1, 28, 30, 39, 19, 2, 33, 20, 33, 38, 2, 22, 39]
    Edit distance: 7/34
  Sample 3:
    TRUE: [20, 3, 27, 17, 37, 39, 19, 0, 28, 30, 33, 21, 39, 22, 17, 8, 2, 8, 39, 6, 20, 1, 19, 39, 14, 20, 2, 34, 37, 39, 30, 33, 39, 6, 17, 39, 19, 2, 21, 26, 20, 17, 30, 20, 17, 39, 10, 20, 2, 14, 2, 22, 30, 39]
    PRED: [19, 27, 24, 12, 39, 19, 4, 28, 30, 2, 21, 39, 22, 17, 8, 39, 21, 2, 19, 39, 20, 2, 34, 8, 39, 30, 33, 39, 6, 17, 39, 19, 2, 21, 26, 7, 2, 20, 39, 1, 20, 2, 22, 39]
    Edit distance: 21/54
  Sample 4:
    TRUE: [9, 2, 39, 30, 33, 31, 39, 13, 10, 27, 17, 39, 13, 11, 14, 0, 30, 39, 30, 33, 39, 19, 2, 21, 39, 35, 10, 22, 39, 27, 0, 18, 11, 37, 39, 30, 33, 31, 39, 13, 10, 20, 39, 4, 30, 39]
    PRED: [9, 2, 39, 30, 36, 33, 31, 39, 34, 10, 27, 17, 39, 34, 3, 0, 19, 30, 39, 30, 33, 39, 28, 2, 21, 39, 35, 10, 22, 39, 35, 10, 8, 11, 39, 31, 33, 31, 39, 13, 10, 39, 4, 30, 39]
    Edit distance: 13/46

============================================================
Batch 162000 | Val PER: 0.2788
============================================================
  Sample 0:
    TRUE: [31, 17, 0, 19, 27, 2, 28, 17, 39, 27, 17, 19, 2, 22, 28, 16, 8, 11, 8, 39]
    PRED: [9, 0, 28, 2, 28, 39, 14, 27, 17, 14, 19, 22, 28, 2, 30, 8, 39]
    Edit distance: 11/20
  Sample 1:
    TRUE: [27, 16, 7, 39, 26, 11, 7, 2, 28, 30, 39, 28, 10, 34, 27, 2, 20, 39, 28, 5, 22, 8, 39, 20, 16, 31, 2, 14, 27, 1, 13, 28, 39]
    PRED: [27, 10, 19, 28, 39, 26, 11, 28, 2, 37, 39, 10, 34, 2, 20, 39, 28, 5, 22, 8, 37, 39, 20, 16, 2, 9, 14, 2, 13, 39]
    Edit distance: 14/33
  Sample 2:
    TRUE: [28, 24, 39, 27, 33, 20, 37, 39, 35, 17, 39, 21, 12, 8, 39, 16, 22, 39, 2, 22, 2, 6, 1, 29, 30, 39, 19, 2, 20, 33, 38, 2, 22, 39]
    PRED: [9, 24, 2, 39, 27, 33, 20, 28, 37, 39, 35, 17, 39, 21, 12, 8, 39, 16, 22, 39, 2, 22, 2, 13, 27, 1, 28, 30, 39, 19, 2, 20, 33, 38, 2, 22, 39]
    Edit distance: 6/34
  Sample 3:
    TRUE: [20, 3, 27, 17, 37, 39, 19, 0, 28, 30, 33, 21, 39, 22, 17, 8, 2, 8, 39, 6, 20, 1, 19, 39, 14, 20, 2, 34, 37, 39, 30, 33, 39, 6, 17, 39, 19, 2, 21, 26, 20, 17, 30, 20, 17, 39, 10, 20, 2, 14, 2, 22, 30, 39]
    PRED: [19, 27, 24, 12, 39, 19, 4, 28, 30, 2, 21, 39, 22, 17, 8, 39, 21, 2, 19, 39, 20, 5, 34, 8, 39, 30, 33, 39, 6, 17, 39, 19, 2, 21, 26, 2, 20, 17, 39, 1, 20, 2, 22, 39]
    Edit distance: 21/54
  Sample 4:
    TRUE: [9, 2, 39, 30, 33, 31, 39, 13, 10, 27, 17, 39, 13, 11, 14, 0, 30, 39, 30, 33, 39, 19, 2, 21, 39, 35, 10, 22, 39, 27, 0, 18, 11, 37, 39, 30, 33, 31, 39, 13, 10, 20, 39, 4, 30, 39]
    PRED: [9, 2, 39, 30, 27, 33, 31, 39, 13, 10, 27, 17, 39, 13, 17, 0, 19, 30, 39, 30, 33, 39, 28, 2, 21, 39, 35, 10, 22, 39, 35, 5, 11, 39, 31, 33, 31, 39, 13, 10, 39, 4, 30, 39]
    Edit distance: 11/46

============================================================
Batch 162500 | Val PER: 0.2805
============================================================
  Sample 0:
    TRUE: [31, 17, 0, 19, 27, 2, 28, 17, 39, 27, 17, 19, 2, 22, 28, 16, 8, 11, 8, 39]
    PRED: [9, 0, 19, 28, 30, 2, 28, 39, 14, 27, 17, 14, 19, 22, 28, 30, 8, 39]
    Edit distance: 11/20
  Sample 1:
    TRUE: [27, 16, 7, 39, 26, 11, 7, 2, 28, 30, 39, 28, 10, 34, 27, 2, 20, 39, 28, 5, 22, 8, 39, 20, 16, 31, 2, 14, 27, 1, 13, 28, 39]
    PRED: [27, 10, 19, 28, 30, 39, 26, 11, 28, 2, 37, 39, 10, 34, 2, 20, 39, 28, 5, 22, 8, 37, 39, 20, 17, 2, 14, 2, 13, 30, 39]
    Edit distance: 15/33
  Sample 2:
    TRUE: [28, 24, 39, 27, 33, 20, 37, 39, 35, 17, 39, 21, 12, 8, 39, 16, 22, 39, 2, 22, 2, 6, 1, 29, 30, 39, 19, 2, 20, 33, 38, 2, 22, 39]
    PRED: [9, 24, 2, 39, 27, 33, 20, 37, 39, 35, 17, 39, 21, 12, 8, 39, 16, 22, 39, 2, 22, 2, 27, 1, 29, 30, 39, 19, 2, 20, 33, 38, 2, 22, 39]
    Edit distance: 3/34
  Sample 3:
    TRUE: [20, 3, 27, 17, 37, 39, 19, 0, 28, 30, 33, 21, 39, 22, 17, 8, 2, 8, 39, 6, 20, 1, 19, 39, 14, 20, 2, 34, 37, 39, 30, 33, 39, 6, 17, 39, 19, 2, 21, 26, 20, 17, 30, 20, 17, 39, 10, 20, 2, 14, 2, 22, 30, 39]
    PRED: [19, 27, 24, 12, 39, 19, 4, 30, 2, 21, 39, 22, 17, 8, 39, 6, 2, 19, 39, 20, 5, 34, 39, 30, 33, 39, 6, 17, 39, 19, 2, 21, 26, 2, 20, 39, 1, 20, 2, 22, 39]
    Edit distance: 22/54
  Sample 4:
    TRUE: [9, 2, 39, 30, 33, 31, 39, 13, 10, 27, 17, 39, 13, 11, 14, 0, 30, 39, 30, 33, 39, 19, 2, 21, 39, 35, 10, 22, 39, 27, 0, 18, 11, 37, 39, 30, 33, 31, 39, 13, 10, 20, 39, 4, 30, 39]
    PRED: [9, 2, 39, 30, 33, 31, 39, 13, 10, 27, 17, 39, 13, 3, 0, 19, 30, 39, 30, 33, 39, 28, 2, 21, 39, 35, 10, 22, 39, 35, 12, 8, 11, 39, 31, 33, 31, 39, 8, 10, 39, 4, 30, 39]
    Edit distance: 11/46

============================================================
Batch 163000 | Val PER: 0.2804
============================================================
  Sample 0:
    TRUE: [31, 17, 0, 19, 27, 2, 28, 17, 39, 27, 17, 19, 2, 22, 28, 16, 8, 11, 8, 39]
    PRED: [9, 28, 0, 19, 28, 2, 28, 39, 14, 27, 17, 14, 19, 22, 28, 2, 8, 8, 39]
    Edit distance: 9/20
  Sample 1:
    TRUE: [27, 16, 7, 39, 26, 11, 7, 2, 28, 30, 39, 28, 10, 34, 27, 2, 20, 39, 28, 5, 22, 8, 39, 20, 16, 31, 2, 14, 27, 1, 13, 28, 39]
    PRED: [27, 10, 19, 28, 39, 26, 11, 28, 2, 37, 39, 28, 10, 34, 2, 20, 39, 28, 5, 22, 8, 37, 39, 20, 16, 2, 2, 13, 28, 39]
    Edit distance: 12/33
  Sample 2:
    TRUE: [28, 24, 39, 27, 33, 20, 37, 39, 35, 17, 39, 21, 12, 8, 39, 16, 22, 39, 2, 22, 2, 6, 1, 29, 30, 39, 19, 2, 20, 33, 38, 2, 22, 39]
    PRED: [9, 24, 2, 39, 27, 33, 20, 37, 39, 35, 17, 39, 21, 12, 8, 39, 16, 22, 39, 2, 22, 2, 1, 29, 30, 39, 19, 2, 20, 33, 38, 2, 22, 39]
    Edit distance: 3/34
  Sample 3:
    TRUE: [20, 3, 27, 17, 37, 39, 19, 0, 28, 30, 33, 21, 39, 22, 17, 8, 2, 8, 39, 6, 20, 1, 19, 39, 14, 20, 2, 34, 37, 39, 30, 33, 39, 6, 17, 39, 19, 2, 21, 26, 20, 17, 30, 20, 17, 39, 10, 20, 2, 14, 2, 22, 30, 39]
    PRED: [19, 27, 24, 12, 39, 19, 4, 28, 30, 2, 21, 39, 22, 12, 8, 39, 21, 1, 19, 39, 20, 5, 34, 8, 39, 30, 33, 39, 6, 17, 39, 19, 2, 21, 26, 2, 20, 39, 1, 20, 2, 22, 39]
    Edit distance: 22/54
  Sample 4:
    TRUE: [9, 2, 39, 30, 33, 31, 39, 13, 10, 27, 17, 39, 13, 11, 14, 0, 30, 39, 30, 33, 39, 19, 2, 21, 39, 35, 10, 22, 39, 27, 0, 18, 11, 37, 39, 30, 33, 31, 39, 13, 10, 20, 39, 4, 30, 39]
    PRED: [9, 2, 39, 30, 27, 33, 31, 39, 13, 10, 17, 39, 13, 3, 19, 0, 19, 30, 39, 30, 33, 39, 28, 2, 21, 39, 35, 2, 22, 39, 35, 12, 8, 11, 37, 39, 31, 33, 31, 39, 13, 39, 4, 30, 39]
    Edit distance: 13/46

============================================================
Batch 163500 | Val PER: 0.2803
============================================================
  Sample 0:
    TRUE: [31, 17, 0, 19, 27, 2, 28, 17, 39, 27, 17, 19, 2, 22, 28, 16, 8, 11, 8, 39]
    PRED: [9, 0, 19, 28, 30, 2, 28, 39, 27, 17, 14, 19, 22, 28, 2, 8, 16, 8, 39]
    Edit distance: 9/20
  Sample 1:
    TRUE: [27, 16, 7, 39, 26, 11, 7, 2, 28, 30, 39, 28, 10, 34, 27, 2, 20, 39, 28, 5, 22, 8, 39, 20, 16, 31, 2, 14, 27, 1, 13, 28, 39]
    PRED: [27, 10, 19, 28, 39, 26, 11, 28, 2, 37, 39, 28, 10, 34, 2, 20, 39, 28, 30, 5, 22, 8, 39, 20, 16, 2, 2, 14, 5, 13, 39]
    Edit distance: 12/33
  Sample 2:
    TRUE: [28, 24, 39, 27, 33, 20, 37, 39, 35, 17, 39, 21, 12, 8, 39, 16, 22, 39, 2, 22, 2, 6, 1, 29, 30, 39, 19, 2, 20, 33, 38, 2, 22, 39]
    PRED: [9, 24, 2, 39, 27, 33, 20, 28, 37, 39, 35, 17, 39, 21, 12, 8, 39, 16, 22, 39, 2, 22, 2, 27, 1, 28, 30, 39, 19, 2, 33, 20, 33, 38, 2, 22, 39]
    Edit distance: 6/34
  Sample 3:
    TRUE: [20, 3, 27, 17, 37, 39, 19, 0, 28, 30, 33, 21, 39, 22, 17, 8, 2, 8, 39, 6, 20, 1, 19, 39, 14, 20, 2, 34, 37, 39, 30, 33, 39, 6, 17, 39, 19, 2, 21, 26, 20, 17, 30, 20, 17, 39, 10, 20, 2, 14, 2, 22, 30, 39]
    PRED: [19, 27, 24, 12, 39, 19, 4, 30, 27, 2, 21, 39, 22, 17, 8, 39, 21, 1, 19, 39, 20, 5, 34, 8, 39, 30, 33, 39, 6, 17, 39, 19, 2, 21, 26, 2, 20, 39, 1, 20, 2, 22, 39]
    Edit distance: 23/54
  Sample 4:
    TRUE: [9, 2, 39, 30, 33, 31, 39, 13, 10, 27, 17, 39, 13, 11, 14, 0, 30, 39, 30, 33, 39, 19, 2, 21, 39, 35, 10, 22, 39, 27, 0, 18, 11, 37, 39, 30, 33, 31, 39, 13, 10, 20, 39, 4, 30, 39]
    PRED: [9, 2, 39, 30, 27, 33, 31, 39, 13, 10, 27, 17, 39, 13, 3, 19, 0, 19, 30, 39, 30, 33, 39, 28, 2, 21, 39, 35, 10, 22, 39, 35, 10, 8, 11, 39, 31, 33, 31, 39, 13, 10, 20, 39, 4, 30, 39]
    Edit distance: 10/46

============================================================
Batch 164000 | Val PER: 0.2796
============================================================
  Sample 0:
    TRUE: [31, 17, 0, 19, 27, 2, 28, 17, 39, 27, 17, 19, 2, 22, 28, 16, 8, 11, 8, 39]
    PRED: [9, 0, 19, 28, 30, 2, 28, 39, 27, 17, 14, 19, 22, 28, 2, 30, 8, 39]
    Edit distance: 10/20
  Sample 1:
    TRUE: [27, 16, 7, 39, 26, 11, 7, 2, 28, 30, 39, 28, 10, 34, 27, 2, 20, 39, 28, 5, 22, 8, 39, 20, 16, 31, 2, 14, 27, 1, 13, 28, 39]
    PRED: [27, 10, 19, 28, 30, 39, 26, 11, 28, 2, 37, 39, 10, 34, 2, 20, 39, 28, 5, 22, 8, 39, 20, 16, 2, 5, 13, 39]
    Edit distance: 14/33
  Sample 2:
    TRUE: [28, 24, 39, 27, 33, 20, 37, 39, 35, 17, 39, 21, 12, 8, 39, 16, 22, 39, 2, 22, 2, 6, 1, 29, 30, 39, 19, 2, 20, 33, 38, 2, 22, 39]
    PRED: [9, 2, 39, 27, 33, 20, 28, 37, 39, 35, 17, 39, 21, 12, 8, 39, 16, 22, 39, 2, 22, 2, 27, 1, 28, 30, 39, 19, 33, 20, 33, 38, 2, 22, 39]
    Edit distance: 6/34
  Sample 3:
    TRUE: [20, 3, 27, 17, 37, 39, 19, 0, 28, 30, 33, 21, 39, 22, 17, 8, 2, 8, 39, 6, 20, 1, 19, 39, 14, 20, 2, 34, 37, 39, 30, 33, 39, 6, 17, 39, 19, 2, 21, 26, 20, 17, 30, 20, 17, 39, 10, 20, 2, 14, 2, 22, 30, 39]
    PRED: [19, 27, 24, 35, 12, 39, 19, 5, 30, 5, 2, 21, 39, 22, 17, 8, 39, 21, 2, 19, 39, 20, 5, 34, 39, 30, 33, 39, 6, 17, 39, 19, 2, 21, 26, 2, 20, 39, 1, 20, 2, 22, 39]
    Edit distance: 25/54
  Sample 4:
    TRUE: [9, 2, 39, 30, 33, 31, 39, 13, 10, 27, 17, 39, 13, 11, 14, 0, 30, 39, 30, 33, 39, 19, 2, 21, 39, 35, 10, 22, 39, 27, 0, 18, 11, 37, 39, 30, 33, 31, 39, 13, 10, 20, 39, 4, 30, 39]
    PRED: [9, 2, 39, 30, 27, 33, 31, 39, 13, 10, 27, 17, 39, 13, 17, 19, 0, 19, 30, 39, 30, 33, 39, 28, 2, 21, 39, 35, 2, 22, 39, 35, 10, 8, 11, 39, 31, 33, 31, 39, 8, 10, 39, 4, 30, 39]
    Edit distance: 13/46

============================================================
Batch 164500 | Val PER: 0.2806
============================================================
  Sample 0:
    TRUE: [31, 17, 0, 19, 27, 2, 28, 17, 39, 27, 17, 19, 2, 22, 28, 16, 8, 11, 8, 39]
    PRED: [9, 2, 0, 19, 28, 30, 2, 28, 39, 27, 17, 14, 19, 22, 28, 8, 8, 39]
    Edit distance: 9/20
  Sample 1:
    TRUE: [27, 16, 7, 39, 26, 11, 7, 2, 28, 30, 39, 28, 10, 34, 27, 2, 20, 39, 28, 5, 22, 8, 39, 20, 16, 31, 2, 14, 27, 1, 13, 28, 39]
    PRED: [27, 10, 19, 28, 30, 39, 26, 11, 28, 2, 37, 39, 28, 10, 34, 2, 20, 39, 28, 30, 5, 22, 8, 39, 8, 16, 2, 14, 2, 13, 39]
    Edit distance: 14/33
  Sample 2:
    TRUE: [28, 24, 39, 27, 33, 20, 37, 39, 35, 17, 39, 21, 12, 8, 39, 16, 22, 39, 2, 22, 2, 6, 1, 29, 30, 39, 19, 2, 20, 33, 38, 2, 22, 39]
    PRED: [9, 2, 39, 27, 33, 20, 28, 37, 39, 35, 17, 39, 21, 12, 8, 39, 16, 22, 39, 2, 22, 2, 27, 1, 28, 30, 39, 19, 2, 20, 33, 38, 2, 22, 39]
    Edit distance: 5/34
  Sample 3:
    TRUE: [20, 3, 27, 17, 37, 39, 19, 0, 28, 30, 33, 21, 39, 22, 17, 8, 2, 8, 39, 6, 20, 1, 19, 39, 14, 20, 2, 34, 37, 39, 30, 33, 39, 6, 17, 39, 19, 2, 21, 26, 20, 17, 30, 20, 17, 39, 10, 20, 2, 14, 2, 22, 30, 39]
    PRED: [19, 27, 24, 12, 39, 19, 4, 30, 2, 21, 39, 22, 17, 8, 39, 21, 16, 19, 39, 20, 5, 2, 34, 8, 39, 30, 33, 39, 6, 17, 39, 19, 2, 21, 26, 2, 20, 20, 39, 1, 20, 2, 22, 39]
    Edit distance: 23/54
  Sample 4:
    TRUE: [9, 2, 39, 30, 33, 31, 39, 13, 10, 27, 17, 39, 13, 11, 14, 0, 30, 39, 30, 33, 39, 19, 2, 21, 39, 35, 10, 22, 39, 27, 0, 18, 11, 37, 39, 30, 33, 31, 39, 13, 10, 20, 39, 4, 30, 39]
    PRED: [9, 2, 39, 30, 27, 33, 31, 39, 13, 10, 17, 39, 13, 17, 0, 19, 30, 39, 30, 33, 39, 28, 2, 21, 39, 35, 10, 22, 39, 35, 17, 8, 11, 37, 39, 31, 33, 31, 39, 13, 10, 39, 4, 30, 39]
    Edit distance: 11/46
