
============================================================
Batch 0 | Val PER: 1.7025
============================================================
  Sample 0:
    TRUE: [31, 17, 0, 19, 27, 2, 28, 17, 39, 27, 17, 19, 2, 22, 28, 16, 8, 11, 8, 39]
    PRED: [28, 29, 21, 28, 1, 27, 21, 29, 1, 0, 8, 25, 33, 26, 21, 19, 29, 22, 27, 37, 27, 10, 29, 38, 21, 12, 14, 16, 28, 5, 17, 15, 5, 13, 5, 1, 13, 28, 15, 17]
    Edit distance: 36/20
  Sample 1:
    TRUE: [27, 16, 7, 39, 26, 11, 7, 2, 28, 30, 39, 28, 10, 34, 27, 2, 20, 39, 28, 5, 22, 8, 39, 20, 16, 31, 2, 14, 27, 1, 13, 28, 39]
    PRED: [21, 7, 14, 10, 28, 33, 31, 33, 27, 5, 28, 38, 4, 16, 0, 26, 35, 22, 18, 19, 12, 18, 10, 37, 10, 2, 11, 28, 24, 33, 37, 20, 34, 7, 0, 5, 0, 26, 36, 26, 22, 24, 12, 14, 0, 10, 24, 17, 10, 23, 18, 24, 20, 0, 14, 21, 11, 21, 18, 0, 28, 1, 17, 15, 0, 15]
    Edit distance: 58/33
  Sample 2:
    TRUE: [28, 24, 39, 27, 33, 20, 37, 39, 35, 17, 39, 21, 12, 8, 39, 16, 22, 39, 2, 22, 2, 6, 1, 29, 30, 39, 19, 2, 20, 33, 38, 2, 22, 39]
    PRED: [16, 22, 26, 19, 0, 18, 31, 35, 37, 3, 22, 8, 31, 32, 24, 0, 28, 2, 21, 30, 26, 28, 1, 30, 1, 22, 33, 17, 14, 28, 33, 31, 38, 20, 10, 36, 14, 16, 29, 36, 0, 5, 4, 39, 1, 33, 26, 1, 29, 6, 39, 18, 6, 28, 21, 3, 19, 21, 11, 28, 21, 0, 13, 9, 28, 8, 31, 32, 17, 29, 17, 24, 31, 13, 32, 13, 15, 13, 0, 5, 30, 25, 0, 14, 5, 17, 38, 15]
    Edit distance: 81/34
  Sample 3:
    TRUE: [20, 3, 27, 17, 37, 39, 19, 0, 28, 30, 33, 21, 39, 22, 17, 8, 2, 8, 39, 6, 20, 1, 19, 39, 14, 20, 2, 34, 37, 39, 30, 33, 39, 6, 17, 39, 19, 2, 21, 26, 20, 17, 30, 20, 17, 39, 10, 20, 2, 14, 2, 22, 30, 39]
    PRED: [18, 28, 26, 31, 21, 31, 21, 16, 14, 22, 27, 28, 31, 26, 12, 34, 16, 35, 38, 21, 16, 31, 21, 28, 29, 28, 33, 12, 20, 1, 16, 12, 24, 4, 6, 39, 26, 39, 37, 19, 4, 0, 32, 4, 0, 39, 31, 22, 18, 33, 18, 25, 18, 30, 12, 28, 20, 32, 30, 21, 2, 18, 9, 35, 25, 28, 0, 31, 32, 0, 25, 5, 12, 26, 0, 16, 39, 24, 5, 39, 21, 5, 0, 3, 0, 15, 11, 10, 24, 14, 31, 5, 10, 29, 8, 17, 8, 14, 10, 8, 14, 12, 15, 14, 17, 15, 17, 15, 39]
    Edit distance: 95/54
  Sample 4:
    TRUE: [9, 2, 39, 30, 33, 31, 39, 13, 10, 27, 17, 39, 13, 11, 14, 0, 30, 39, 30, 33, 39, 19, 2, 21, 39, 35, 10, 22, 39, 27, 0, 18, 11, 37, 39, 30, 33, 31, 39, 13, 10, 20, 39, 4, 30, 39]
    PRED: [0, 4, 7, 22, 37, 4, 31, 18, 24, 18, 31, 21, 34, 16, 12, 21, 28, 29, 28, 17, 18, 25, 23, 18, 7, 22, 18, 9, 33, 18, 28, 36, 33, 29, 22, 29, 6, 39, 22, 5, 13, 31, 38, 28, 26, 0, 26, 16, 5, 21, 26, 9, 16, 37, 6, 16, 9, 15, 16, 36, 38, 13, 16, 18, 9, 28, 9, 5, 33, 38, 37, 13, 29, 28, 37, 16, 24, 13, 31, 0, 28, 31, 0, 15, 31, 21, 0, 18, 21, 13, 5, 22, 7, 18, 23, 15, 2, 24, 14, 39, 14, 22, 16, 17, 13, 17, 1, 15, 17, 15, 17, 5, 15, 17, 15, 16, 15]
    Edit distance: 107/46

============================================================
Batch 500 | Val PER: 0.4472
============================================================
  Sample 0:
    TRUE: [31, 17, 0, 19, 27, 2, 28, 17, 39, 27, 17, 19, 2, 22, 28, 16, 8, 11, 8, 39]
    PRED: [16, 2, 28, 29, 2, 23, 39, 16, 10, 11, 39]
    Edit distance: 14/20
  Sample 1:
    TRUE: [27, 16, 7, 39, 26, 11, 7, 2, 28, 30, 39, 28, 10, 34, 27, 2, 20, 39, 28, 5, 22, 8, 39, 20, 16, 31, 2, 14, 27, 1, 13, 28, 39]
    PRED: [5, 28, 39, 26, 27, 2, 28, 39, 34, 39, 19, 1, 2, 16, 23, 39, 16, 39, 11, 39]
    Edit distance: 24/33
  Sample 2:
    TRUE: [28, 24, 39, 27, 33, 20, 37, 39, 35, 17, 39, 21, 12, 8, 39, 16, 22, 39, 2, 22, 2, 6, 1, 29, 30, 39, 19, 2, 20, 33, 38, 2, 22, 39]
    PRED: [20, 39, 21, 3, 2, 39, 21, 22, 39, 16, 39, 22, 27, 10, 28, 39, 20, 36, 2, 37, 39]
    Edit distance: 23/34
  Sample 3:
    TRUE: [20, 3, 27, 17, 37, 39, 19, 0, 28, 30, 33, 21, 39, 22, 17, 8, 2, 8, 39, 6, 20, 1, 19, 39, 14, 20, 2, 34, 37, 39, 30, 33, 39, 6, 17, 39, 19, 2, 21, 26, 20, 17, 30, 20, 17, 39, 10, 20, 2, 14, 2, 22, 30, 39]
    PRED: [35, 27, 16, 23, 39, 19, 1, 28, 2, 26, 39, 16, 17, 39, 21, 26, 27, 19, 39, 20, 22, 2, 34, 39, 30, 2, 39, 21, 26, 33, 39, 9, 26, 29, 2, 20, 39, 20, 29, 2, 22, 37, 39]
    Edit distance: 33/54
  Sample 4:
    TRUE: [9, 2, 39, 30, 33, 31, 39, 13, 10, 27, 17, 39, 13, 11, 14, 0, 30, 39, 30, 33, 39, 19, 2, 21, 39, 35, 10, 22, 39, 27, 0, 18, 11, 37, 39, 30, 33, 31, 39, 13, 10, 20, 39, 4, 30, 39]
    PRED: [9, 2, 28, 39, 15, 2, 34, 39, 26, 10, 17, 4, 2, 39, 34, 27, 14, 2, 30, 39, 30, 3, 39, 21, 39, 22, 39, 27, 2, 39, 30, 33, 24, 39, 10, 39, 30, 39]
    Edit distance: 24/46

============================================================
Batch 1000 | Val PER: 0.4143
============================================================
  Sample 0:
    TRUE: [31, 17, 0, 19, 27, 2, 28, 17, 39, 27, 17, 19, 2, 22, 28, 16, 8, 11, 8, 39]
    PRED: [2, 39, 1, 28, 39, 35, 16, 39, 19, 2, 8, 39]
    Edit distance: 15/20
  Sample 1:
    TRUE: [27, 16, 7, 39, 26, 11, 7, 2, 28, 30, 39, 28, 10, 34, 27, 2, 20, 39, 28, 5, 22, 8, 39, 20, 16, 31, 2, 14, 27, 1, 13, 28, 39]
    PRED: [35, 2, 19, 39, 26, 11, 37, 39, 10, 11, 39, 28, 1, 22, 39, 28, 16, 28, 9, 2, 39, 14, 1, 28, 39]
    Edit distance: 20/33
  Sample 2:
    TRUE: [28, 24, 39, 27, 33, 20, 37, 39, 35, 17, 39, 21, 12, 8, 39, 16, 22, 39, 2, 22, 2, 6, 1, 29, 30, 39, 19, 2, 20, 33, 38, 2, 22, 39]
    PRED: [9, 2, 39, 35, 16, 37, 39, 35, 17, 39, 21, 33, 39, 16, 22, 39, 2, 22, 27, 12, 28, 39, 2, 39, 33, 2, 22, 39]
    Edit distance: 15/34
  Sample 3:
    TRUE: [20, 3, 27, 17, 37, 39, 19, 0, 28, 30, 33, 21, 39, 22, 17, 8, 2, 8, 39, 6, 20, 1, 19, 39, 14, 20, 2, 34, 37, 39, 30, 33, 39, 6, 17, 39, 19, 2, 21, 26, 20, 17, 30, 20, 17, 39, 10, 20, 2, 14, 2, 22, 30, 39]
    PRED: [35, 10, 39, 19, 1, 21, 39, 22, 10, 37, 39, 21, 2, 19, 39, 27, 2, 37, 39, 30, 33, 39, 6, 17, 39, 2, 30, 39, 1, 20, 2, 22, 39]
    Edit distance: 30/54
  Sample 4:
    TRUE: [9, 2, 39, 30, 33, 31, 39, 13, 10, 27, 17, 39, 13, 11, 14, 0, 30, 39, 30, 33, 39, 19, 2, 21, 39, 35, 10, 22, 39, 27, 0, 18, 11, 37, 39, 30, 33, 31, 39, 13, 10, 20, 39, 4, 30, 39]
    PRED: [9, 2, 39, 28, 33, 28, 39, 13, 10, 2, 27, 39, 27, 11, 2, 39, 30, 33, 39, 19, 1, 21, 39, 13, 16, 22, 39, 2, 37, 39, 30, 33, 28, 39, 13, 5, 4, 8, 39]
    Edit distance: 20/46

============================================================
Batch 1500 | Val PER: 0.3512
============================================================
  Sample 0:
    TRUE: [31, 17, 0, 19, 27, 2, 28, 17, 39, 27, 17, 19, 2, 22, 28, 16, 8, 11, 8, 39]
    PRED: [15, 17, 28, 39, 35, 17, 19, 2, 22, 39]
    Edit distance: 12/20
  Sample 1:
    TRUE: [27, 16, 7, 39, 26, 11, 7, 2, 28, 30, 39, 28, 10, 34, 27, 2, 20, 39, 28, 5, 22, 8, 39, 20, 16, 31, 2, 14, 27, 1, 13, 28, 39]
    PRED: [12, 19, 39, 26, 11, 7, 28, 39, 10, 34, 2, 11, 39, 1, 2, 22, 37, 39, 20, 16, 28, 39, 9, 24, 39, 4, 13, 39]
    Edit distance: 18/33
  Sample 2:
    TRUE: [28, 24, 39, 27, 33, 20, 37, 39, 35, 17, 39, 21, 12, 8, 39, 16, 22, 39, 2, 22, 2, 6, 1, 29, 30, 39, 19, 2, 20, 33, 38, 2, 22, 39]
    PRED: [15, 4, 39, 35, 17, 20, 37, 39, 35, 17, 39, 21, 12, 22, 37, 39, 16, 22, 39, 2, 22, 11, 39, 6, 2, 28, 39, 19, 33, 20, 33, 38, 2, 22, 39]
    Edit distance: 12/34
  Sample 3:
    TRUE: [20, 3, 27, 17, 37, 39, 19, 0, 28, 30, 33, 21, 39, 22, 17, 8, 2, 8, 39, 6, 20, 1, 19, 39, 14, 20, 2, 34, 37, 39, 30, 33, 39, 6, 17, 39, 19, 2, 21, 26, 20, 17, 30, 20, 17, 39, 10, 20, 2, 14, 2, 22, 30, 39]
    PRED: [35, 17, 39, 19, 1, 2, 21, 39, 22, 17, 8, 39, 21, 1, 19, 39, 20, 2, 34, 39, 30, 33, 39, 6, 17, 39, 2, 21, 26, 2, 2, 30, 11, 39, 16, 20, 2, 22, 39]
    Edit distance: 23/54
  Sample 4:
    TRUE: [9, 2, 39, 30, 33, 31, 39, 13, 10, 27, 17, 39, 13, 11, 14, 0, 30, 39, 30, 33, 39, 19, 2, 21, 39, 35, 10, 22, 39, 27, 0, 18, 11, 37, 39, 30, 33, 31, 39, 13, 10, 20, 39, 4, 30, 39]
    PRED: [9, 2, 39, 20, 33, 31, 39, 10, 39, 27, 17, 8, 39, 30, 33, 39, 15, 16, 21, 39, 35, 2, 22, 39, 16, 20, 11, 39, 9, 33, 31, 39, 1, 20, 39, 4, 30, 39]
    Edit distance: 19/46

============================================================
Batch 2000 | Val PER: 0.3283
============================================================
  Sample 0:
    TRUE: [31, 17, 0, 19, 27, 2, 28, 17, 39, 27, 17, 19, 2, 22, 28, 16, 8, 11, 8, 39]
    PRED: [27, 2, 2, 19, 28, 39, 27, 16, 2, 2, 30, 39]
    Edit distance: 14/20
  Sample 1:
    TRUE: [27, 16, 7, 39, 26, 11, 7, 2, 28, 30, 39, 28, 10, 34, 27, 2, 20, 39, 28, 5, 22, 8, 39, 20, 16, 31, 2, 14, 27, 1, 13, 28, 39]
    PRED: [27, 12, 19, 28, 26, 25, 17, 39, 10, 34, 11, 20, 39, 15, 1, 8, 39, 20, 16, 20, 24, 39, 1, 28, 39]
    Edit distance: 19/33
  Sample 2:
    TRUE: [28, 24, 39, 27, 33, 20, 37, 39, 35, 17, 39, 21, 12, 8, 39, 16, 22, 39, 2, 22, 2, 6, 1, 29, 30, 39, 19, 2, 20, 33, 38, 2, 22, 39]
    PRED: [9, 24, 39, 27, 11, 20, 37, 39, 35, 12, 39, 21, 12, 8, 39, 16, 22, 39, 2, 11, 27, 5, 28, 39, 30, 0, 20, 33, 38, 2, 22, 39]
    Edit distance: 11/34
  Sample 3:
    TRUE: [20, 3, 27, 17, 37, 39, 19, 0, 28, 30, 33, 21, 39, 22, 17, 8, 2, 8, 39, 6, 20, 1, 19, 39, 14, 20, 2, 34, 37, 39, 30, 33, 39, 6, 17, 39, 19, 2, 21, 26, 20, 17, 30, 20, 17, 39, 10, 20, 2, 14, 2, 22, 30, 39]
    PRED: [35, 27, 39, 19, 5, 28, 2, 21, 39, 22, 12, 39, 6, 1, 19, 39, 20, 0, 37, 39, 30, 33, 39, 6, 17, 39, 2, 21, 26, 36, 30, 17, 39, 1, 20, 20, 2, 30, 39]
    Edit distance: 23/54
  Sample 4:
    TRUE: [9, 2, 39, 30, 33, 31, 39, 13, 10, 27, 17, 39, 13, 11, 14, 0, 30, 39, 30, 33, 39, 19, 2, 21, 39, 35, 10, 22, 39, 27, 0, 18, 11, 37, 39, 30, 33, 31, 39, 13, 10, 20, 39, 4, 30, 39]
    PRED: [9, 2, 39, 27, 33, 31, 39, 34, 12, 11, 39, 27, 16, 30, 0, 30, 39, 30, 33, 39, 19, 2, 21, 39, 27, 1, 22, 39, 27, 5, 11, 39, 31, 33, 31, 39, 13, 5, 20, 39, 4, 30, 39]
    Edit distance: 15/46

============================================================
Batch 2500 | Val PER: 0.3048
============================================================
  Sample 0:
    TRUE: [31, 17, 0, 19, 27, 2, 28, 17, 39, 27, 17, 19, 2, 22, 28, 16, 8, 11, 8, 39]
    PRED: [2, 28, 39, 8, 2, 19, 2, 2, 39]
    Edit distance: 14/20
  Sample 1:
    TRUE: [27, 16, 7, 39, 26, 11, 7, 2, 28, 30, 39, 28, 10, 34, 27, 2, 20, 39, 28, 5, 22, 8, 39, 20, 16, 31, 2, 14, 27, 1, 13, 28, 39]
    PRED: [16, 19, 26, 11, 29, 39, 1, 34, 39, 28, 2, 8, 39, 20, 16, 9, 2, 20, 1, 13, 39]
    Edit distance: 18/33
  Sample 2:
    TRUE: [28, 24, 39, 27, 33, 20, 37, 39, 35, 17, 39, 21, 12, 8, 39, 16, 22, 39, 2, 22, 2, 6, 1, 29, 30, 39, 19, 2, 20, 33, 38, 2, 22, 39]
    PRED: [9, 24, 39, 25, 38, 39, 35, 17, 39, 21, 12, 8, 39, 16, 22, 39, 2, 20, 1, 28, 30, 39, 30, 20, 33, 38, 2, 22, 39]
    Edit distance: 11/34
  Sample 3:
    TRUE: [20, 3, 27, 17, 37, 39, 19, 0, 28, 30, 33, 21, 39, 22, 17, 8, 2, 8, 39, 6, 20, 1, 19, 39, 14, 20, 2, 34, 37, 39, 30, 33, 39, 6, 17, 39, 19, 2, 21, 26, 20, 17, 30, 20, 17, 39, 10, 20, 2, 14, 2, 22, 30, 39]
    PRED: [35, 24, 39, 19, 1, 28, 2, 39, 22, 17, 8, 39, 6, 21, 1, 19, 39, 20, 2, 34, 39, 30, 33, 39, 6, 17, 39, 19, 2, 21, 26, 20, 30, 20, 17, 39, 2, 20, 22, 39]
    Edit distance: 20/54
  Sample 4:
    TRUE: [9, 2, 39, 30, 33, 31, 39, 13, 10, 27, 17, 39, 13, 11, 14, 0, 30, 39, 30, 33, 39, 19, 2, 21, 39, 35, 10, 22, 39, 27, 0, 18, 11, 37, 39, 30, 33, 31, 39, 13, 10, 20, 39, 4, 30, 39]
    PRED: [9, 2, 39, 30, 33, 31, 39, 9, 10, 39, 30, 27, 11, 1, 8, 39, 30, 33, 39, 19, 2, 21, 39, 27, 2, 22, 39, 35, 5, 11, 39, 9, 33, 31, 39, 13, 5, 20, 39, 4, 30, 39]
    Edit distance: 16/46

============================================================
Batch 3000 | Val PER: 0.2921
============================================================
  Sample 0:
    TRUE: [31, 17, 0, 19, 27, 2, 28, 17, 39, 27, 17, 19, 2, 22, 28, 16, 8, 11, 8, 39]
    PRED: [20, 0, 19, 36, 2, 20, 39, 27, 16, 24, 22, 2, 39]
    Edit distance: 13/20
  Sample 1:
    TRUE: [27, 16, 7, 39, 26, 11, 7, 2, 28, 30, 39, 28, 10, 34, 27, 2, 20, 39, 28, 5, 22, 8, 39, 20, 16, 31, 2, 14, 27, 1, 13, 28, 39]
    PRED: [7, 1, 19, 26, 11, 7, 20, 17, 39, 10, 34, 2, 20, 39, 1, 2, 39, 20, 16, 19, 2, 20, 2, 1, 13, 39]
    Edit distance: 17/33
  Sample 2:
    TRUE: [28, 24, 39, 27, 33, 20, 37, 39, 35, 17, 39, 21, 12, 8, 39, 16, 22, 39, 2, 22, 2, 6, 1, 29, 30, 39, 19, 2, 20, 33, 38, 2, 22, 39]
    PRED: [15, 24, 39, 27, 33, 20, 39, 35, 17, 39, 21, 12, 8, 39, 16, 22, 39, 2, 22, 11, 2, 27, 1, 29, 39, 19, 19, 20, 33, 33, 38, 2, 22, 39]
    Edit distance: 7/34
  Sample 3:
    TRUE: [20, 3, 27, 17, 37, 39, 19, 0, 28, 30, 33, 21, 39, 22, 17, 8, 2, 8, 39, 6, 20, 1, 19, 39, 14, 20, 2, 34, 37, 39, 30, 33, 39, 6, 17, 39, 19, 2, 21, 26, 20, 17, 30, 20, 17, 39, 10, 20, 2, 14, 2, 22, 30, 39]
    PRED: [19, 27, 24, 39, 19, 1, 2, 21, 39, 22, 33, 8, 39, 6, 21, 2, 19, 39, 20, 2, 34, 11, 39, 30, 33, 39, 6, 17, 39, 19, 2, 21, 26, 36, 11, 20, 17, 39, 1, 2, 20, 22, 39]
    Edit distance: 23/54
  Sample 4:
    TRUE: [9, 2, 39, 30, 33, 31, 39, 13, 10, 27, 17, 39, 13, 11, 14, 0, 30, 39, 30, 33, 39, 19, 2, 21, 39, 35, 10, 22, 39, 27, 0, 18, 11, 37, 39, 30, 33, 31, 39, 13, 10, 20, 39, 4, 30, 39]
    PRED: [9, 2, 39, 20, 33, 31, 39, 34, 10, 2, 39, 27, 24, 19, 2, 39, 30, 33, 39, 19, 24, 21, 39, 27, 2, 22, 39, 35, 11, 7, 11, 39, 9, 33, 31, 39, 13, 16, 20, 39, 4, 30, 39]
    Edit distance: 18/46

============================================================
Batch 3500 | Val PER: 0.2810
============================================================
  Sample 0:
    TRUE: [31, 17, 0, 19, 27, 2, 28, 17, 39, 27, 17, 19, 2, 22, 28, 16, 8, 11, 8, 39]
    PRED: [27, 0, 19, 28, 39, 27, 16, 19, 4, 16, 30, 2, 39]
    Edit distance: 12/20
  Sample 1:
    TRUE: [27, 16, 7, 39, 26, 11, 7, 2, 28, 30, 39, 28, 10, 34, 27, 2, 20, 39, 28, 5, 22, 8, 39, 20, 16, 31, 2, 14, 27, 1, 13, 28, 39]
    PRED: [27, 10, 19, 28, 39, 26, 0, 18, 16, 39, 10, 34, 2, 20, 39, 19, 2, 22, 37, 39, 20, 16, 9, 27, 4, 13, 39]
    Edit distance: 18/33
  Sample 2:
    TRUE: [28, 24, 39, 27, 33, 20, 37, 39, 35, 17, 39, 21, 12, 8, 39, 16, 22, 39, 2, 22, 2, 6, 1, 29, 30, 39, 19, 2, 20, 33, 38, 2, 22, 39]
    PRED: [15, 24, 39, 27, 25, 20, 37, 39, 35, 17, 39, 21, 10, 8, 39, 16, 22, 39, 2, 22, 2, 13, 1, 29, 28, 39, 19, 2, 20, 25, 38, 2, 22, 39]
    Edit distance: 6/34
  Sample 3:
    TRUE: [20, 3, 27, 17, 37, 39, 19, 0, 28, 30, 33, 21, 39, 22, 17, 8, 2, 8, 39, 6, 20, 1, 19, 39, 14, 20, 2, 34, 37, 39, 30, 33, 39, 6, 17, 39, 19, 2, 21, 26, 20, 17, 30, 20, 17, 39, 10, 20, 2, 14, 2, 22, 30, 39]
    PRED: [35, 3, 20, 39, 19, 0, 28, 2, 21, 39, 22, 17, 8, 39, 6, 0, 19, 39, 20, 2, 34, 37, 39, 30, 33, 39, 6, 17, 39, 19, 2, 21, 26, 36, 16, 30, 20, 39, 10, 20, 2, 22, 8, 39]
    Edit distance: 17/54
  Sample 4:
    TRUE: [9, 2, 39, 30, 33, 31, 39, 13, 10, 27, 17, 39, 13, 11, 14, 0, 30, 39, 30, 33, 39, 19, 2, 21, 39, 35, 10, 22, 39, 27, 0, 18, 11, 37, 39, 30, 33, 31, 39, 13, 10, 20, 39, 4, 30, 39]
    PRED: [9, 2, 39, 30, 33, 31, 39, 13, 10, 17, 39, 26, 27, 0, 0, 19, 39, 30, 33, 39, 19, 0, 21, 39, 35, 16, 22, 39, 35, 0, 7, 11, 39, 30, 11, 31, 39, 13, 5, 39, 4, 30, 39]
    Edit distance: 13/46

============================================================
Batch 4000 | Val PER: 0.2781
============================================================
  Sample 0:
    TRUE: [31, 17, 0, 19, 27, 2, 28, 17, 39, 27, 17, 19, 2, 22, 28, 16, 8, 11, 8, 39]
    PRED: [2, 14, 39, 8, 2, 2, 22, 2, 39]
    Edit distance: 15/20
  Sample 1:
    TRUE: [27, 16, 7, 39, 26, 11, 7, 2, 28, 30, 39, 28, 10, 34, 27, 2, 20, 39, 28, 5, 22, 8, 39, 20, 16, 31, 2, 14, 27, 1, 13, 28, 39]
    PRED: [30, 10, 19, 39, 26, 27, 0, 18, 37, 39, 10, 34, 2, 20, 39, 2, 22, 8, 39, 20, 16, 2, 14, 2, 13, 39]
    Edit distance: 16/33
  Sample 2:
    TRUE: [28, 24, 39, 27, 33, 20, 37, 39, 35, 17, 39, 21, 12, 8, 39, 16, 22, 39, 2, 22, 2, 6, 1, 29, 30, 39, 19, 2, 20, 33, 38, 2, 22, 39]
    PRED: [15, 24, 39, 27, 11, 20, 37, 39, 35, 5, 39, 21, 10, 8, 39, 16, 22, 39, 22, 8, 11, 20, 1, 29, 30, 39, 19, 2, 20, 33, 38, 2, 22, 39]
    Edit distance: 8/34
  Sample 3:
    TRUE: [20, 3, 27, 17, 37, 39, 19, 0, 28, 30, 33, 21, 39, 22, 17, 8, 2, 8, 39, 6, 20, 1, 19, 39, 14, 20, 2, 34, 37, 39, 30, 33, 39, 6, 17, 39, 19, 2, 21, 26, 20, 17, 30, 20, 17, 39, 10, 20, 2, 14, 2, 22, 30, 39]
    PRED: [19, 27, 24, 37, 39, 19, 0, 2, 21, 39, 22, 16, 8, 39, 6, 27, 2, 19, 39, 20, 2, 34, 37, 39, 30, 33, 39, 6, 17, 39, 2, 21, 26, 2, 39, 1, 20, 2, 22, 39]
    Edit distance: 22/54
  Sample 4:
    TRUE: [9, 2, 39, 30, 33, 31, 39, 13, 10, 27, 17, 39, 13, 11, 14, 0, 30, 39, 30, 33, 39, 19, 2, 21, 39, 35, 10, 22, 39, 27, 0, 18, 11, 37, 39, 30, 33, 31, 39, 13, 10, 20, 39, 4, 30, 39]
    PRED: [9, 2, 39, 30, 33, 31, 39, 34, 10, 11, 39, 26, 27, 16, 2, 39, 30, 33, 39, 15, 2, 21, 39, 27, 2, 22, 39, 3, 11, 39, 30, 33, 31, 39, 13, 16, 27, 39, 4, 30, 39]
    Edit distance: 17/46

============================================================
Batch 4500 | Val PER: 0.2675
============================================================
  Sample 0:
    TRUE: [31, 17, 0, 19, 27, 2, 28, 17, 39, 27, 17, 19, 2, 22, 28, 16, 8, 11, 8, 39]
    PRED: [0, 19, 2, 28, 39, 27, 2, 2, 22, 2, 39]
    Edit distance: 11/20
  Sample 1:
    TRUE: [27, 16, 7, 39, 26, 11, 7, 2, 28, 30, 39, 28, 10, 34, 27, 2, 20, 39, 28, 5, 22, 8, 39, 20, 16, 31, 2, 14, 27, 1, 13, 28, 39]
    PRED: [27, 12, 19, 28, 39, 26, 11, 28, 16, 30, 39, 10, 34, 11, 20, 39, 2, 22, 8, 39, 8, 16, 31, 9, 2, 14, 1, 13, 39]
    Edit distance: 15/33
  Sample 2:
    TRUE: [28, 24, 39, 27, 33, 20, 37, 39, 35, 17, 39, 21, 12, 8, 39, 16, 22, 39, 2, 22, 2, 6, 1, 29, 30, 39, 19, 2, 20, 33, 38, 2, 22, 39]
    PRED: [15, 24, 39, 25, 20, 37, 39, 35, 17, 39, 21, 12, 2, 8, 39, 16, 22, 39, 2, 22, 30, 2, 21, 1, 28, 30, 39, 19, 2, 20, 33, 38, 2, 22, 39]
    Edit distance: 7/34
  Sample 3:
    TRUE: [20, 3, 27, 17, 37, 39, 19, 0, 28, 30, 33, 21, 39, 22, 17, 8, 2, 8, 39, 6, 20, 1, 19, 39, 14, 20, 2, 34, 37, 39, 30, 33, 39, 6, 17, 39, 19, 2, 21, 26, 20, 17, 30, 20, 17, 39, 10, 20, 2, 14, 2, 22, 30, 39]
    PRED: [19, 27, 24, 39, 19, 4, 19, 2, 21, 39, 22, 10, 8, 39, 6, 2, 19, 39, 20, 2, 34, 8, 39, 30, 33, 39, 6, 17, 39, 19, 2, 21, 26, 11, 30, 17, 39, 16, 20, 2, 22, 39]
    Edit distance: 22/54
  Sample 4:
    TRUE: [9, 2, 39, 30, 33, 31, 39, 13, 10, 27, 17, 39, 13, 11, 14, 0, 30, 39, 30, 33, 39, 19, 2, 21, 39, 35, 10, 22, 39, 27, 0, 18, 11, 37, 39, 30, 33, 31, 39, 13, 10, 20, 39, 4, 30, 39]
    PRED: [9, 2, 39, 8, 33, 31, 39, 13, 10, 27, 17, 39, 27, 2, 1, 19, 39, 30, 33, 39, 19, 2, 21, 39, 27, 2, 21, 39, 27, 0, 11, 39, 9, 33, 31, 39, 13, 4, 39, 4, 30, 39]
    Edit distance: 14/46

============================================================
Batch 5000 | Val PER: 0.2598
============================================================
  Sample 0:
    TRUE: [31, 17, 0, 19, 27, 2, 28, 17, 39, 27, 17, 19, 2, 22, 28, 16, 8, 11, 8, 39]
    PRED: [10, 0, 19, 2, 39, 16, 14, 0, 30, 39]
    Edit distance: 14/20
  Sample 1:
    TRUE: [27, 16, 7, 39, 26, 11, 7, 2, 28, 30, 39, 28, 10, 34, 27, 2, 20, 39, 28, 5, 22, 8, 39, 20, 16, 31, 2, 14, 27, 1, 13, 28, 39]
    PRED: [27, 16, 19, 28, 26, 11, 7, 2, 37, 39, 16, 34, 2, 20, 39, 2, 22, 37, 39, 20, 16, 12, 1, 13, 39]
    Edit distance: 15/33
  Sample 2:
    TRUE: [28, 24, 39, 27, 33, 20, 37, 39, 35, 17, 39, 21, 12, 8, 39, 16, 22, 39, 2, 22, 2, 6, 1, 29, 30, 39, 19, 2, 20, 33, 38, 2, 22, 39]
    PRED: [15, 24, 39, 27, 25, 20, 37, 39, 35, 17, 39, 21, 17, 8, 39, 16, 22, 39, 2, 22, 11, 27, 1, 28, 30, 39, 19, 2, 20, 33, 38, 2, 22, 39]
    Edit distance: 6/34
  Sample 3:
    TRUE: [20, 3, 27, 17, 37, 39, 19, 0, 28, 30, 33, 21, 39, 22, 17, 8, 2, 8, 39, 6, 20, 1, 19, 39, 14, 20, 2, 34, 37, 39, 30, 33, 39, 6, 17, 39, 19, 2, 21, 26, 20, 17, 30, 20, 17, 39, 10, 20, 2, 14, 2, 22, 30, 39]
    PRED: [19, 20, 24, 20, 11, 37, 39, 19, 0, 33, 21, 39, 22, 17, 8, 2, 8, 39, 6, 20, 1, 19, 39, 20, 5, 34, 37, 39, 30, 33, 39, 6, 17, 39, 19, 2, 21, 26, 20, 33, 30, 20, 17, 39, 1, 20, 2, 22, 30, 39]
    Edit distance: 12/54
  Sample 4:
    TRUE: [9, 2, 39, 30, 33, 31, 39, 13, 10, 27, 17, 39, 13, 11, 14, 0, 30, 39, 30, 33, 39, 19, 2, 21, 39, 35, 10, 22, 39, 27, 0, 18, 11, 37, 39, 30, 33, 31, 39, 13, 10, 20, 39, 4, 30, 39]
    PRED: [9, 2, 39, 27, 33, 31, 39, 20, 10, 27, 17, 11, 39, 26, 27, 17, 0, 8, 39, 30, 33, 39, 30, 5, 21, 39, 27, 35, 2, 22, 39, 27, 5, 7, 11, 39, 20, 33, 31, 39, 13, 5, 20, 4, 30, 39]
    Edit distance: 17/46

============================================================
Batch 5500 | Val PER: 0.2442
============================================================
  Sample 0:
    TRUE: [31, 17, 0, 19, 27, 2, 28, 17, 39, 27, 17, 19, 2, 22, 28, 16, 8, 11, 8, 39]
    PRED: [1, 14, 27, 2, 28, 39, 16, 14, 1, 22, 30, 17, 39]
    Edit distance: 14/20
  Sample 1:
    TRUE: [27, 16, 7, 39, 26, 11, 7, 2, 28, 30, 39, 28, 10, 34, 27, 2, 20, 39, 28, 5, 22, 8, 39, 20, 16, 31, 2, 14, 27, 1, 13, 28, 39]
    PRED: [27, 1, 19, 28, 39, 26, 27, 11, 29, 2, 37, 39, 30, 10, 34, 2, 20, 39, 5, 22, 37, 39, 20, 10, 31, 2, 14, 27, 1, 13, 39]
    Edit distance: 13/33
  Sample 2:
    TRUE: [28, 24, 39, 27, 33, 20, 37, 39, 35, 17, 39, 21, 12, 8, 39, 16, 22, 39, 2, 22, 2, 6, 1, 29, 30, 39, 19, 2, 20, 33, 38, 2, 22, 39]
    PRED: [28, 24, 39, 17, 20, 37, 39, 5, 39, 16, 21, 12, 22, 8, 39, 16, 22, 39, 10, 22, 30, 2, 1, 28, 30, 39, 19, 2, 20, 33, 38, 2, 22, 39]
    Edit distance: 10/34
  Sample 3:
    TRUE: [20, 3, 27, 17, 37, 39, 19, 0, 28, 30, 33, 21, 39, 22, 17, 8, 2, 8, 39, 6, 20, 1, 19, 39, 14, 20, 2, 34, 37, 39, 30, 33, 39, 6, 17, 39, 19, 2, 21, 26, 20, 17, 30, 20, 17, 39, 10, 20, 2, 14, 2, 22, 30, 39]
    PRED: [19, 20, 3, 27, 37, 39, 19, 4, 28, 30, 33, 21, 39, 22, 17, 8, 39, 6, 27, 1, 19, 39, 20, 2, 34, 8, 37, 39, 30, 33, 39, 6, 17, 39, 19, 2, 21, 26, 20, 30, 20, 17, 39, 10, 20, 17, 22, 39]
    Edit distance: 13/54
  Sample 4:
    TRUE: [9, 2, 39, 30, 33, 31, 39, 13, 10, 27, 17, 39, 13, 11, 14, 0, 30, 39, 30, 33, 39, 19, 2, 21, 39, 35, 10, 22, 39, 27, 0, 18, 11, 37, 39, 30, 33, 31, 39, 13, 10, 20, 39, 4, 30, 39]
    PRED: [9, 2, 39, 30, 27, 33, 31, 39, 13, 5, 17, 39, 26, 27, 5, 0, 2, 22, 39, 30, 33, 39, 19, 2, 21, 39, 21, 1, 22, 39, 27, 5, 11, 39, 30, 33, 31, 39, 13, 5, 39, 4, 30, 39]
    Edit distance: 15/46

============================================================
Batch 6000 | Val PER: 0.2473
============================================================
  Sample 0:
    TRUE: [31, 17, 0, 19, 27, 2, 28, 17, 39, 27, 17, 19, 2, 22, 28, 16, 8, 11, 8, 39]
    PRED: [27, 10, 19, 27, 2, 28, 39, 16, 14, 5, 22, 39]
    Edit distance: 13/20
  Sample 1:
    TRUE: [27, 16, 7, 39, 26, 11, 7, 2, 28, 30, 39, 28, 10, 34, 27, 2, 20, 39, 28, 5, 22, 8, 39, 20, 16, 31, 2, 14, 27, 1, 13, 28, 39]
    PRED: [27, 16, 19, 26, 0, 29, 7, 2, 37, 39, 10, 34, 27, 2, 20, 39, 1, 22, 8, 39, 16, 2, 10, 13, 39]
    Edit distance: 15/33
  Sample 2:
    TRUE: [28, 24, 39, 27, 33, 20, 37, 39, 35, 17, 39, 21, 12, 8, 39, 16, 22, 39, 2, 22, 2, 6, 1, 29, 30, 39, 19, 2, 20, 33, 38, 2, 22, 39]
    PRED: [15, 24, 39, 27, 33, 20, 37, 39, 35, 17, 39, 21, 12, 22, 8, 39, 16, 22, 39, 2, 22, 21, 1, 29, 39, 19, 16, 20, 33, 2, 22, 39]
    Edit distance: 7/34
  Sample 3:
    TRUE: [20, 3, 27, 17, 37, 39, 19, 0, 28, 30, 33, 21, 39, 22, 17, 8, 2, 8, 39, 6, 20, 1, 19, 39, 14, 20, 2, 34, 37, 39, 30, 33, 39, 6, 17, 39, 19, 2, 21, 26, 20, 17, 30, 20, 17, 39, 10, 20, 2, 14, 2, 22, 30, 39]
    PRED: [19, 27, 3, 39, 19, 4, 28, 24, 21, 39, 22, 17, 8, 2, 8, 39, 6, 27, 0, 19, 39, 27, 2, 34, 37, 39, 30, 33, 39, 6, 17, 39, 19, 2, 21, 26, 17, 20, 17, 17, 39, 10, 20, 2, 22, 39]
    Edit distance: 17/54
  Sample 4:
    TRUE: [9, 2, 39, 30, 33, 31, 39, 13, 10, 27, 17, 39, 13, 11, 14, 0, 30, 39, 30, 33, 39, 19, 2, 21, 39, 35, 10, 22, 39, 27, 0, 18, 11, 37, 39, 30, 33, 31, 39, 13, 10, 20, 39, 4, 30, 39]
    PRED: [9, 2, 39, 27, 33, 31, 39, 34, 10, 27, 17, 39, 13, 35, 5, 0, 19, 39, 30, 33, 39, 15, 24, 21, 39, 35, 1, 22, 39, 35, 10, 7, 11, 39, 27, 11, 31, 39, 13, 3, 20, 39, 4, 30, 39]
    Edit distance: 15/46

============================================================
Batch 6500 | Val PER: 0.2384
============================================================
  Sample 0:
    TRUE: [31, 17, 0, 19, 27, 2, 28, 17, 39, 27, 17, 19, 2, 22, 28, 16, 8, 11, 8, 39]
    PRED: [20, 3, 19, 2, 28, 39, 16, 14, 0, 17, 39]
    Edit distance: 14/20
  Sample 1:
    TRUE: [27, 16, 7, 39, 26, 11, 7, 2, 28, 30, 39, 28, 10, 34, 27, 2, 20, 39, 28, 5, 22, 8, 39, 20, 16, 31, 2, 14, 27, 1, 13, 28, 39]
    PRED: [27, 12, 19, 28, 39, 26, 3, 7, 2, 37, 39, 10, 34, 2, 20, 39, 1, 22, 8, 39, 20, 10, 9, 27, 1, 13, 39]
    Edit distance: 15/33
  Sample 2:
    TRUE: [28, 24, 39, 27, 33, 20, 37, 39, 35, 17, 39, 21, 12, 8, 39, 16, 22, 39, 2, 22, 2, 6, 1, 29, 30, 39, 19, 2, 20, 33, 38, 2, 22, 39]
    PRED: [15, 24, 39, 27, 33, 20, 37, 39, 35, 17, 39, 21, 10, 2, 8, 39, 16, 22, 39, 22, 21, 5, 28, 30, 39, 19, 16, 20, 33, 38, 2, 22, 39]
    Edit distance: 9/34
  Sample 3:
    TRUE: [20, 3, 27, 17, 37, 39, 19, 0, 28, 30, 33, 21, 39, 22, 17, 8, 2, 8, 39, 6, 20, 1, 19, 39, 14, 20, 2, 34, 37, 39, 30, 33, 39, 6, 17, 39, 19, 2, 21, 26, 20, 17, 30, 20, 17, 39, 10, 20, 2, 14, 2, 22, 30, 39]
    PRED: [19, 35, 3, 27, 17, 39, 19, 4, 28, 21, 39, 22, 17, 8, 2, 8, 39, 6, 27, 1, 19, 39, 20, 3, 34, 8, 39, 30, 33, 39, 6, 17, 39, 19, 2, 21, 26, 20, 11, 20, 17, 39, 10, 20, 2, 8, 39]
    Edit distance: 16/54
  Sample 4:
    TRUE: [9, 2, 39, 30, 33, 31, 39, 13, 10, 27, 17, 39, 13, 11, 14, 0, 30, 39, 30, 33, 39, 19, 2, 21, 39, 35, 10, 22, 39, 27, 0, 18, 11, 37, 39, 30, 33, 31, 39, 13, 10, 20, 39, 4, 30, 39]
    PRED: [9, 2, 39, 27, 33, 31, 39, 34, 5, 35, 17, 39, 13, 27, 17, 39, 30, 33, 39, 19, 2, 21, 39, 27, 10, 22, 39, 35, 5, 11, 39, 31, 11, 31, 39, 13, 5, 20, 4, 30, 39]
    Edit distance: 17/46

============================================================
Batch 7000 | Val PER: 0.2478
============================================================
  Sample 0:
    TRUE: [31, 17, 0, 19, 27, 2, 28, 17, 39, 27, 17, 19, 2, 22, 28, 16, 8, 11, 8, 39]
    PRED: [27, 10, 0, 19, 27, 2, 28, 39, 27, 16, 14, 0, 22, 30, 2, 39]
    Edit distance: 11/20
  Sample 1:
    TRUE: [27, 16, 7, 39, 26, 11, 7, 2, 28, 30, 39, 28, 10, 34, 27, 2, 20, 39, 28, 5, 22, 8, 39, 20, 16, 31, 2, 14, 27, 1, 13, 28, 39]
    PRED: [30, 27, 16, 19, 39, 28, 26, 3, 7, 16, 39, 10, 34, 2, 20, 39, 16, 22, 8, 37, 39, 20, 16, 14, 27, 2, 27, 2, 13, 39]
    Edit distance: 17/33
  Sample 2:
    TRUE: [28, 24, 39, 27, 33, 20, 37, 39, 35, 17, 39, 21, 12, 8, 39, 16, 22, 39, 2, 22, 2, 6, 1, 29, 30, 39, 19, 2, 20, 33, 38, 2, 22, 39]
    PRED: [15, 2, 39, 27, 33, 20, 31, 39, 35, 17, 39, 21, 10, 22, 8, 39, 16, 22, 39, 2, 22, 11, 27, 0, 29, 30, 39, 19, 2, 20, 33, 38, 2, 22, 39]
    Edit distance: 8/34
  Sample 3:
    TRUE: [20, 3, 27, 17, 37, 39, 19, 0, 28, 30, 33, 21, 39, 22, 17, 8, 2, 8, 39, 6, 20, 1, 19, 39, 14, 20, 2, 34, 37, 39, 30, 33, 39, 6, 17, 39, 19, 2, 21, 26, 20, 17, 30, 20, 17, 39, 10, 20, 2, 14, 2, 22, 30, 39]
    PRED: [19, 27, 3, 27, 17, 39, 19, 0, 21, 39, 22, 17, 8, 39, 6, 27, 0, 19, 39, 27, 2, 34, 37, 39, 30, 33, 39, 6, 17, 39, 19, 2, 21, 26, 20, 2, 30, 20, 17, 39, 10, 20, 2, 22, 30, 39]
    Edit distance: 15/54
  Sample 4:
    TRUE: [9, 2, 39, 30, 33, 31, 39, 13, 10, 27, 17, 39, 13, 11, 14, 0, 30, 39, 30, 33, 39, 19, 2, 21, 39, 35, 10, 22, 39, 27, 0, 18, 11, 37, 39, 30, 33, 31, 39, 13, 10, 20, 39, 4, 30, 39]
    PRED: [9, 2, 39, 30, 27, 33, 31, 39, 13, 10, 27, 17, 39, 19, 27, 2, 0, 19, 2, 39, 30, 33, 39, 19, 0, 21, 39, 27, 2, 22, 39, 35, 3, 11, 39, 30, 11, 31, 39, 13, 16, 20, 39, 4, 30, 39]
    Edit distance: 15/46

============================================================
Batch 7500 | Val PER: 0.2369
============================================================
  Sample 0:
    TRUE: [31, 17, 0, 19, 27, 2, 28, 17, 39, 27, 17, 19, 2, 22, 28, 16, 8, 11, 8, 39]
    PRED: [19, 12, 19, 2, 39, 2, 14, 12, 39]
    Edit distance: 15/20
  Sample 1:
    TRUE: [27, 16, 7, 39, 26, 11, 7, 2, 28, 30, 39, 28, 10, 34, 27, 2, 20, 39, 28, 5, 22, 8, 39, 20, 16, 31, 2, 14, 27, 1, 13, 28, 39]
    PRED: [27, 12, 7, 39, 26, 0, 7, 16, 39, 10, 34, 2, 20, 39, 2, 22, 37, 39, 20, 10, 9, 24, 0, 13, 39]
    Edit distance: 17/33
  Sample 2:
    TRUE: [28, 24, 39, 27, 33, 20, 37, 39, 35, 17, 39, 21, 12, 8, 39, 16, 22, 39, 2, 22, 2, 6, 1, 29, 30, 39, 19, 2, 20, 33, 38, 2, 22, 39]
    PRED: [9, 2, 39, 27, 33, 20, 37, 39, 27, 17, 39, 21, 12, 8, 39, 16, 22, 39, 16, 22, 17, 21, 0, 29, 30, 39, 19, 33, 20, 33, 38, 2, 22, 39]
    Edit distance: 8/34
  Sample 3:
    TRUE: [20, 3, 27, 17, 37, 39, 19, 0, 28, 30, 33, 21, 39, 22, 17, 8, 2, 8, 39, 6, 20, 1, 19, 39, 14, 20, 2, 34, 37, 39, 30, 33, 39, 6, 17, 39, 19, 2, 21, 26, 20, 17, 30, 20, 17, 39, 10, 20, 2, 14, 2, 22, 30, 39]
    PRED: [19, 27, 32, 27, 17, 37, 39, 19, 1, 28, 21, 39, 22, 17, 8, 39, 6, 27, 0, 19, 39, 20, 2, 34, 37, 39, 30, 33, 39, 6, 17, 39, 30, 2, 21, 6, 16, 30, 17, 39, 16, 20, 2, 22, 30, 39]
    Edit distance: 19/54
  Sample 4:
    TRUE: [9, 2, 39, 30, 33, 31, 39, 13, 10, 27, 17, 39, 13, 11, 14, 0, 30, 39, 30, 33, 39, 19, 2, 21, 39, 35, 10, 22, 39, 27, 0, 18, 11, 37, 39, 30, 33, 31, 39, 13, 10, 20, 39, 4, 30, 39]
    PRED: [9, 2, 39, 30, 27, 33, 31, 39, 34, 10, 8, 17, 39, 13, 27, 2, 39, 30, 33, 39, 19, 2, 21, 39, 35, 2, 22, 39, 3, 27, 18, 39, 30, 33, 31, 39, 13, 10, 20, 39, 4, 30, 39]
    Edit distance: 12/46

============================================================
Batch 8000 | Val PER: 0.2365
============================================================
  Sample 0:
    TRUE: [31, 17, 0, 19, 27, 2, 28, 17, 39, 27, 17, 19, 2, 22, 28, 16, 8, 11, 8, 39]
    PRED: [15, 1, 19, 27, 2, 28, 39, 2, 14, 2, 8, 39]
    Edit distance: 12/20
  Sample 1:
    TRUE: [27, 16, 7, 39, 26, 11, 7, 2, 28, 30, 39, 28, 10, 34, 27, 2, 20, 39, 28, 5, 22, 8, 39, 20, 16, 31, 2, 14, 27, 1, 13, 28, 39]
    PRED: [27, 12, 19, 26, 0, 18, 2, 39, 10, 34, 11, 2, 20, 39, 28, 2, 8, 39, 10, 9, 2, 14, 27, 1, 13, 39]
    Edit distance: 15/33
  Sample 2:
    TRUE: [28, 24, 39, 27, 33, 20, 37, 39, 35, 17, 39, 21, 12, 8, 39, 16, 22, 39, 2, 22, 2, 6, 1, 29, 30, 39, 19, 2, 20, 33, 38, 2, 22, 39]
    PRED: [28, 24, 39, 27, 33, 20, 37, 39, 35, 17, 39, 21, 12, 2, 8, 39, 16, 22, 39, 2, 22, 2, 1, 29, 28, 39, 19, 2, 20, 33, 38, 2, 22, 39]
    Edit distance: 3/34
  Sample 3:
    TRUE: [20, 3, 27, 17, 37, 39, 19, 0, 28, 30, 33, 21, 39, 22, 17, 8, 2, 8, 39, 6, 20, 1, 19, 39, 14, 20, 2, 34, 37, 39, 30, 33, 39, 6, 17, 39, 19, 2, 21, 26, 20, 17, 30, 20, 17, 39, 10, 20, 2, 14, 2, 22, 30, 39]
    PRED: [19, 27, 3, 27, 17, 39, 19, 1, 28, 30, 2, 21, 39, 22, 17, 8, 39, 6, 27, 1, 19, 39, 20, 2, 34, 37, 39, 30, 33, 39, 6, 17, 39, 19, 0, 21, 26, 20, 2, 30, 20, 17, 39, 10, 20, 2, 22, 39]
    Edit distance: 14/54
  Sample 4:
    TRUE: [9, 2, 39, 30, 33, 31, 39, 13, 10, 27, 17, 39, 13, 11, 14, 0, 30, 39, 30, 33, 39, 19, 2, 21, 39, 35, 10, 22, 39, 27, 0, 18, 11, 37, 39, 30, 33, 31, 39, 13, 10, 20, 39, 4, 30, 39]
    PRED: [9, 2, 39, 27, 33, 31, 39, 34, 10, 27, 17, 39, 13, 27, 24, 0, 19, 30, 39, 30, 33, 39, 19, 0, 21, 39, 27, 2, 22, 39, 0, 18, 11, 37, 39, 30, 33, 31, 39, 13, 10, 20, 4, 30, 39]
    Edit distance: 10/46

============================================================
Batch 8500 | Val PER: 0.2307
============================================================
  Sample 0:
    TRUE: [31, 17, 0, 19, 27, 2, 28, 17, 39, 27, 17, 19, 2, 22, 28, 16, 8, 11, 8, 39]
    PRED: [15, 17, 0, 19, 2, 28, 39, 17, 0, 2, 8, 39]
    Edit distance: 10/20
  Sample 1:
    TRUE: [27, 16, 7, 39, 26, 11, 7, 2, 28, 30, 39, 28, 10, 34, 27, 2, 20, 39, 28, 5, 22, 8, 39, 20, 16, 31, 2, 14, 27, 1, 13, 28, 39]
    PRED: [15, 17, 19, 28, 39, 26, 27, 0, 29, 2, 37, 39, 10, 34, 2, 20, 39, 2, 22, 8, 37, 39, 20, 10, 19, 9, 2, 39, 14, 27, 1, 13, 39]
    Edit distance: 19/33
  Sample 2:
    TRUE: [28, 24, 39, 27, 33, 20, 37, 39, 35, 17, 39, 21, 12, 8, 39, 16, 22, 39, 2, 22, 2, 6, 1, 29, 30, 39, 19, 2, 20, 33, 38, 2, 22, 39]
    PRED: [15, 2, 39, 27, 33, 20, 37, 39, 35, 17, 39, 21, 12, 8, 39, 16, 22, 39, 16, 22, 17, 27, 1, 28, 39, 19, 2, 20, 33, 38, 2, 22, 39]
    Edit distance: 7/34
  Sample 3:
    TRUE: [20, 3, 27, 17, 37, 39, 19, 0, 28, 30, 33, 21, 39, 22, 17, 8, 2, 8, 39, 6, 20, 1, 19, 39, 14, 20, 2, 34, 37, 39, 30, 33, 39, 6, 17, 39, 19, 2, 21, 26, 20, 17, 30, 20, 17, 39, 10, 20, 2, 14, 2, 22, 30, 39]
    PRED: [19, 35, 3, 27, 39, 19, 1, 28, 19, 2, 21, 39, 22, 17, 8, 39, 6, 27, 2, 19, 39, 14, 16, 34, 37, 39, 30, 33, 39, 6, 17, 39, 19, 0, 21, 26, 17, 20, 17, 39, 16, 20, 2, 22, 8, 39]
    Edit distance: 20/54
  Sample 4:
    TRUE: [9, 2, 39, 30, 33, 31, 39, 13, 10, 27, 17, 39, 13, 11, 14, 0, 30, 39, 30, 33, 39, 19, 2, 21, 39, 35, 10, 22, 39, 27, 0, 18, 11, 37, 39, 30, 33, 31, 39, 13, 10, 20, 39, 4, 30, 39]
    PRED: [9, 2, 39, 36, 33, 31, 39, 34, 17, 17, 11, 39, 35, 17, 0, 2, 8, 39, 30, 33, 39, 19, 0, 21, 39, 27, 16, 22, 39, 35, 10, 18, 11, 39, 36, 33, 31, 39, 13, 1, 20, 39, 4, 30, 39]
    Edit distance: 18/46

============================================================
Batch 9000 | Val PER: 0.2338
============================================================
  Sample 0:
    TRUE: [31, 17, 0, 19, 27, 2, 28, 17, 39, 27, 17, 19, 2, 22, 28, 16, 8, 11, 8, 39]
    PRED: [29, 0, 0, 19, 2, 28, 39, 27, 2, 14, 0, 22, 30, 2, 8, 39]
    Edit distance: 11/20
  Sample 1:
    TRUE: [27, 16, 7, 39, 26, 11, 7, 2, 28, 30, 39, 28, 10, 34, 27, 2, 20, 39, 28, 5, 22, 8, 39, 20, 16, 31, 2, 14, 27, 1, 13, 28, 39]
    PRED: [27, 10, 19, 26, 0, 27, 29, 2, 39, 10, 34, 2, 20, 39, 14, 2, 22, 8, 37, 39, 10, 2, 14, 27, 1, 13, 39]
    Edit distance: 17/33
  Sample 2:
    TRUE: [28, 24, 39, 27, 33, 20, 37, 39, 35, 17, 39, 21, 12, 8, 39, 16, 22, 39, 2, 22, 2, 6, 1, 29, 30, 39, 19, 2, 20, 33, 38, 2, 22, 39]
    PRED: [15, 24, 39, 27, 33, 20, 37, 39, 35, 17, 39, 21, 10, 8, 39, 16, 22, 39, 2, 22, 2, 27, 1, 2, 18, 30, 39, 19, 2, 20, 33, 29, 2, 22, 39]
    Edit distance: 6/34
  Sample 3:
    TRUE: [20, 3, 27, 17, 37, 39, 19, 0, 28, 30, 33, 21, 39, 22, 17, 8, 2, 8, 39, 6, 20, 1, 19, 39, 14, 20, 2, 34, 37, 39, 30, 33, 39, 6, 17, 39, 19, 2, 21, 26, 20, 17, 30, 20, 17, 39, 10, 20, 2, 14, 2, 22, 30, 39]
    PRED: [19, 35, 32, 27, 17, 37, 39, 19, 0, 28, 30, 2, 21, 39, 22, 17, 8, 39, 6, 27, 2, 19, 39, 20, 0, 34, 37, 39, 30, 33, 39, 6, 17, 39, 19, 2, 21, 26, 2, 30, 20, 17, 39, 10, 20, 2, 22, 39]
    Edit distance: 15/54
  Sample 4:
    TRUE: [9, 2, 39, 30, 33, 31, 39, 13, 10, 27, 17, 39, 13, 11, 14, 0, 30, 39, 30, 33, 39, 19, 2, 21, 39, 35, 10, 22, 39, 27, 0, 18, 11, 37, 39, 30, 33, 31, 39, 13, 10, 20, 39, 4, 30, 39]
    PRED: [9, 2, 39, 27, 33, 31, 39, 34, 10, 27, 17, 39, 26, 27, 2, 0, 2, 22, 39, 30, 33, 39, 30, 5, 21, 39, 27, 1, 22, 39, 35, 3, 27, 18, 7, 11, 39, 30, 33, 31, 39, 13, 16, 20, 39, 4, 30, 39]
    Edit distance: 17/46

============================================================
Batch 9500 | Val PER: 0.2288
============================================================
  Sample 0:
    TRUE: [31, 17, 0, 19, 27, 2, 28, 17, 39, 27, 17, 19, 2, 22, 28, 16, 8, 11, 8, 39]
    PRED: [19, 27, 0, 19, 2, 28, 39, 27, 17, 14, 0, 30, 2, 8, 39]
    Edit distance: 11/20
  Sample 1:
    TRUE: [27, 16, 7, 39, 26, 11, 7, 2, 28, 30, 39, 28, 10, 34, 27, 2, 20, 39, 28, 5, 22, 8, 39, 20, 16, 31, 2, 14, 27, 1, 13, 28, 39]
    PRED: [27, 16, 7, 19, 26, 0, 29, 30, 39, 30, 10, 34, 2, 20, 39, 4, 22, 8, 39, 20, 16, 20, 2, 28, 39]
    Edit distance: 14/33
  Sample 2:
    TRUE: [28, 24, 39, 27, 33, 20, 37, 39, 35, 17, 39, 21, 12, 8, 39, 16, 22, 39, 2, 22, 2, 6, 1, 29, 30, 39, 19, 2, 20, 33, 38, 2, 22, 39]
    PRED: [15, 4, 39, 27, 25, 20, 37, 39, 35, 17, 39, 21, 12, 8, 39, 16, 22, 39, 2, 22, 34, 1, 28, 30, 39, 19, 2, 20, 33, 29, 2, 22, 39]
    Edit distance: 7/34
  Sample 3:
    TRUE: [20, 3, 27, 17, 37, 39, 19, 0, 28, 30, 33, 21, 39, 22, 17, 8, 2, 8, 39, 6, 20, 1, 19, 39, 14, 20, 2, 34, 37, 39, 30, 33, 39, 6, 17, 39, 19, 2, 21, 26, 20, 17, 30, 20, 17, 39, 10, 20, 2, 14, 2, 22, 30, 39]
    PRED: [19, 27, 3, 39, 19, 0, 28, 30, 33, 21, 39, 22, 17, 8, 39, 6, 27, 1, 19, 39, 20, 16, 34, 37, 39, 30, 33, 39, 6, 17, 39, 19, 2, 21, 26, 20, 17, 30, 20, 17, 39, 1, 20, 2, 22, 30, 39]
    Edit distance: 12/54
  Sample 4:
    TRUE: [9, 2, 39, 30, 33, 31, 39, 13, 10, 27, 17, 39, 13, 11, 14, 0, 30, 39, 30, 33, 39, 19, 2, 21, 39, 35, 10, 22, 39, 27, 0, 18, 11, 37, 39, 30, 33, 31, 39, 13, 10, 20, 39, 4, 30, 39]
    PRED: [9, 2, 39, 27, 33, 31, 39, 34, 10, 17, 39, 26, 27, 0, 30, 39, 30, 33, 39, 30, 5, 21, 39, 27, 10, 22, 39, 3, 8, 11, 39, 11, 31, 39, 13, 5, 20, 4, 30, 39]
    Edit distance: 17/46

============================================================
Batch 10000 | Val PER: 0.2245
============================================================
  Sample 0:
    TRUE: [31, 17, 0, 19, 27, 2, 28, 17, 39, 27, 17, 19, 2, 22, 28, 16, 8, 11, 8, 39]
    PRED: [29, 17, 0, 19, 2, 28, 39, 27, 17, 14, 0, 22, 30, 2, 8, 39]
    Edit distance: 9/20
  Sample 1:
    TRUE: [27, 16, 7, 39, 26, 11, 7, 2, 28, 30, 39, 28, 10, 34, 27, 2, 20, 39, 28, 5, 22, 8, 39, 20, 16, 31, 2, 14, 27, 1, 13, 28, 39]
    PRED: [30, 27, 16, 7, 39, 26, 27, 0, 18, 37, 39, 28, 10, 34, 2, 20, 39, 28, 2, 22, 37, 39, 30, 16, 10, 3, 14, 2, 13, 39]
    Edit distance: 15/33
  Sample 2:
    TRUE: [28, 24, 39, 27, 33, 20, 37, 39, 35, 17, 39, 21, 12, 8, 39, 16, 22, 39, 2, 22, 2, 6, 1, 29, 30, 39, 19, 2, 20, 33, 38, 2, 22, 39]
    PRED: [15, 33, 39, 27, 25, 20, 37, 39, 35, 17, 39, 21, 10, 8, 39, 16, 22, 39, 16, 22, 34, 1, 18, 39, 19, 2, 33, 20, 33, 38, 2, 22, 39]
    Edit distance: 10/34
  Sample 3:
    TRUE: [20, 3, 27, 17, 37, 39, 19, 0, 28, 30, 33, 21, 39, 22, 17, 8, 2, 8, 39, 6, 20, 1, 19, 39, 14, 20, 2, 34, 37, 39, 30, 33, 39, 6, 17, 39, 19, 2, 21, 26, 20, 17, 30, 20, 17, 39, 10, 20, 2, 14, 2, 22, 30, 39]
    PRED: [30, 27, 3, 27, 17, 37, 39, 19, 0, 28, 30, 2, 21, 39, 22, 17, 8, 39, 6, 27, 2, 19, 39, 20, 2, 34, 37, 39, 30, 33, 39, 6, 17, 39, 28, 2, 21, 6, 20, 16, 30, 20, 39, 1, 20, 18, 2, 22, 39]
    Edit distance: 16/54
  Sample 4:
    TRUE: [9, 2, 39, 30, 33, 31, 39, 13, 10, 27, 17, 39, 13, 11, 14, 0, 30, 39, 30, 33, 39, 19, 2, 21, 39, 35, 10, 22, 39, 27, 0, 18, 11, 37, 39, 30, 33, 31, 39, 13, 10, 20, 39, 4, 30, 39]
    PRED: [9, 2, 39, 30, 27, 33, 31, 39, 34, 10, 27, 17, 39, 26, 27, 0, 22, 8, 39, 30, 33, 39, 30, 2, 21, 39, 35, 10, 22, 39, 27, 5, 18, 11, 39, 30, 11, 31, 39, 13, 1, 20, 39, 4, 30, 39]
    Edit distance: 12/46

============================================================
Batch 10500 | Val PER: 0.2220
============================================================
  Sample 0:
    TRUE: [31, 17, 0, 19, 27, 2, 28, 17, 39, 27, 17, 19, 2, 22, 28, 16, 8, 11, 8, 39]
    PRED: [15, 12, 0, 19, 28, 39, 27, 17, 14, 0, 39]
    Edit distance: 13/20
  Sample 1:
    TRUE: [27, 16, 7, 39, 26, 11, 7, 2, 28, 30, 39, 28, 10, 34, 27, 2, 20, 39, 28, 5, 22, 8, 39, 20, 16, 31, 2, 14, 27, 1, 13, 28, 39]
    PRED: [27, 12, 19, 26, 0, 27, 29, 2, 30, 39, 10, 34, 2, 20, 39, 1, 22, 8, 37, 39, 20, 10, 14, 27, 12, 13, 39]
    Edit distance: 17/33
  Sample 2:
    TRUE: [28, 24, 39, 27, 33, 20, 37, 39, 35, 17, 39, 21, 12, 8, 39, 16, 22, 39, 2, 22, 2, 6, 1, 29, 30, 39, 19, 2, 20, 33, 38, 2, 22, 39]
    PRED: [15, 2, 39, 27, 25, 20, 37, 39, 35, 17, 39, 21, 12, 8, 37, 39, 16, 22, 39, 16, 22, 34, 1, 28, 39, 19, 16, 20, 33, 38, 2, 22, 39]
    Edit distance: 10/34
  Sample 3:
    TRUE: [20, 3, 27, 17, 37, 39, 19, 0, 28, 30, 33, 21, 39, 22, 17, 8, 2, 8, 39, 6, 20, 1, 19, 39, 14, 20, 2, 34, 37, 39, 30, 33, 39, 6, 17, 39, 19, 2, 21, 26, 20, 17, 30, 20, 17, 39, 10, 20, 2, 14, 2, 22, 30, 39]
    PRED: [19, 27, 24, 27, 17, 39, 19, 1, 28, 33, 21, 39, 22, 17, 8, 39, 6, 27, 2, 19, 39, 14, 27, 16, 34, 37, 39, 30, 33, 39, 6, 17, 39, 19, 2, 21, 26, 17, 30, 20, 17, 39, 10, 20, 2, 30, 39]
    Edit distance: 16/54
  Sample 4:
    TRUE: [9, 2, 39, 30, 33, 31, 39, 13, 10, 27, 17, 39, 13, 11, 14, 0, 30, 39, 30, 33, 39, 19, 2, 21, 39, 35, 10, 22, 39, 27, 0, 18, 11, 37, 39, 30, 33, 31, 39, 13, 10, 20, 39, 4, 30, 39]
    PRED: [9, 2, 39, 30, 27, 33, 31, 39, 34, 10, 27, 17, 11, 39, 13, 17, 0, 30, 39, 30, 33, 39, 19, 24, 21, 39, 27, 2, 22, 39, 35, 5, 8, 11, 39, 30, 33, 31, 39, 13, 5, 20, 39, 4, 30, 39]
    Edit distance: 13/46

============================================================
Batch 11000 | Val PER: 0.2274
============================================================
  Sample 0:
    TRUE: [31, 17, 0, 19, 27, 2, 28, 17, 39, 27, 17, 19, 2, 22, 28, 16, 8, 11, 8, 39]
    PRED: [15, 24, 0, 19, 28, 39, 27, 24, 19, 0, 22, 30, 16, 8, 39]
    Edit distance: 10/20
  Sample 1:
    TRUE: [27, 16, 7, 39, 26, 11, 7, 2, 28, 30, 39, 28, 10, 34, 27, 2, 20, 39, 28, 5, 22, 8, 39, 20, 16, 31, 2, 14, 27, 1, 13, 28, 39]
    PRED: [27, 10, 19, 26, 0, 27, 7, 16, 30, 39, 28, 10, 34, 11, 39, 28, 2, 22, 37, 39, 20, 16, 28, 19, 24, 14, 27, 24, 13, 39]
    Edit distance: 17/33
  Sample 2:
    TRUE: [28, 24, 39, 27, 33, 20, 37, 39, 35, 17, 39, 21, 12, 8, 39, 16, 22, 39, 2, 22, 2, 6, 1, 29, 30, 39, 19, 2, 20, 33, 38, 2, 22, 39]
    PRED: [15, 24, 39, 27, 33, 20, 37, 39, 35, 17, 39, 21, 5, 22, 39, 16, 22, 39, 2, 22, 24, 21, 0, 28, 30, 39, 19, 24, 20, 24, 2, 22, 39]
    Edit distance: 10/34
  Sample 3:
    TRUE: [20, 3, 27, 17, 37, 39, 19, 0, 28, 30, 33, 21, 39, 22, 17, 8, 2, 8, 39, 6, 20, 1, 19, 39, 14, 20, 2, 34, 37, 39, 30, 33, 39, 6, 17, 39, 19, 2, 21, 26, 20, 17, 30, 20, 17, 39, 10, 20, 2, 14, 2, 22, 30, 39]
    PRED: [19, 27, 24, 27, 39, 19, 0, 28, 33, 21, 39, 22, 17, 8, 39, 6, 27, 0, 19, 39, 14, 27, 0, 34, 6, 37, 39, 30, 33, 39, 6, 17, 39, 19, 2, 21, 26, 30, 39, 1, 20, 2, 22, 39]
    Edit distance: 20/54
  Sample 4:
    TRUE: [9, 2, 39, 30, 33, 31, 39, 13, 10, 27, 17, 39, 13, 11, 14, 0, 30, 39, 30, 33, 39, 19, 2, 21, 39, 35, 10, 22, 39, 27, 0, 18, 11, 37, 39, 30, 33, 31, 39, 13, 10, 20, 39, 4, 30, 39]
    PRED: [9, 2, 39, 30, 27, 33, 31, 39, 34, 10, 27, 17, 39, 26, 27, 0, 16, 39, 30, 33, 39, 19, 2, 21, 39, 27, 16, 22, 39, 35, 0, 18, 11, 39, 30, 33, 31, 13, 5, 20, 4, 30, 39]
    Edit distance: 13/46

============================================================
Batch 11500 | Val PER: 0.2219
============================================================
  Sample 0:
    TRUE: [31, 17, 0, 19, 27, 2, 28, 17, 39, 27, 17, 19, 2, 22, 28, 16, 8, 11, 8, 39]
    PRED: [15, 1, 0, 19, 28, 39, 17, 14, 1, 22, 30, 16, 8, 39]
    Edit distance: 11/20
  Sample 1:
    TRUE: [27, 16, 7, 39, 26, 11, 7, 2, 28, 30, 39, 28, 10, 34, 27, 2, 20, 39, 28, 5, 22, 8, 39, 20, 16, 31, 2, 14, 27, 1, 13, 28, 39]
    PRED: [27, 10, 19, 26, 0, 27, 18, 16, 30, 39, 28, 10, 34, 2, 20, 39, 28, 2, 22, 8, 39, 20, 16, 20, 16, 13, 39]
    Edit distance: 15/33
  Sample 2:
    TRUE: [28, 24, 39, 27, 33, 20, 37, 39, 35, 17, 39, 21, 12, 8, 39, 16, 22, 39, 2, 22, 2, 6, 1, 29, 30, 39, 19, 2, 20, 33, 38, 2, 22, 39]
    PRED: [9, 2, 39, 27, 25, 20, 28, 39, 35, 17, 39, 21, 10, 22, 8, 39, 16, 22, 39, 1, 22, 2, 6, 2, 28, 30, 39, 19, 2, 20, 33, 38, 2, 22, 39]
    Edit distance: 9/34
  Sample 3:
    TRUE: [20, 3, 27, 17, 37, 39, 19, 0, 28, 30, 33, 21, 39, 22, 17, 8, 2, 8, 39, 6, 20, 1, 19, 39, 14, 20, 2, 34, 37, 39, 30, 33, 39, 6, 17, 39, 19, 2, 21, 26, 20, 17, 30, 20, 17, 39, 10, 20, 2, 14, 2, 22, 30, 39]
    PRED: [19, 27, 24, 24, 39, 19, 1, 28, 2, 21, 39, 22, 17, 8, 39, 6, 20, 1, 19, 39, 20, 16, 34, 37, 39, 30, 33, 39, 6, 17, 39, 19, 2, 21, 26, 20, 33, 30, 20, 17, 39, 1, 20, 2, 22, 30, 39]
    Edit distance: 15/54
  Sample 4:
    TRUE: [9, 2, 39, 30, 33, 31, 39, 13, 10, 27, 17, 39, 13, 11, 14, 0, 30, 39, 30, 33, 39, 19, 2, 21, 39, 35, 10, 22, 39, 27, 0, 18, 11, 37, 39, 30, 33, 31, 39, 13, 10, 20, 39, 4, 30, 39]
    PRED: [9, 2, 39, 30, 33, 31, 39, 13, 10, 20, 17, 39, 26, 2, 0, 2, 22, 39, 30, 33, 39, 19, 2, 21, 39, 35, 2, 22, 8, 39, 35, 0, 27, 18, 11, 39, 30, 33, 31, 39, 13, 1, 20, 4, 30, 39]
    Edit distance: 13/46

============================================================
Batch 12000 | Val PER: 0.2158
============================================================
  Sample 0:
    TRUE: [31, 17, 0, 19, 27, 2, 28, 17, 39, 27, 17, 19, 2, 22, 28, 16, 8, 11, 8, 39]
    PRED: [31, 0, 19, 2, 28, 39, 27, 17, 14, 27, 24, 22, 30, 16, 8, 39]
    Edit distance: 9/20
  Sample 1:
    TRUE: [27, 16, 7, 39, 26, 11, 7, 2, 28, 30, 39, 28, 10, 34, 27, 2, 20, 39, 28, 5, 22, 8, 39, 20, 16, 31, 2, 14, 27, 1, 13, 28, 39]
    PRED: [27, 10, 19, 26, 0, 27, 29, 30, 28, 10, 34, 27, 2, 20, 39, 30, 1, 22, 37, 39, 20, 10, 31, 24, 14, 2, 13, 39]
    Edit distance: 16/33
  Sample 2:
    TRUE: [28, 24, 39, 27, 33, 20, 37, 39, 35, 17, 39, 21, 12, 8, 39, 16, 22, 39, 2, 22, 2, 6, 1, 29, 30, 39, 19, 2, 20, 33, 38, 2, 22, 39]
    PRED: [9, 33, 39, 27, 33, 20, 37, 39, 27, 17, 39, 21, 12, 22, 8, 39, 16, 22, 39, 16, 22, 2, 34, 21, 2, 29, 30, 19, 2, 20, 33, 38, 29, 2, 22, 39]
    Edit distance: 10/34
  Sample 3:
    TRUE: [20, 3, 27, 17, 37, 39, 19, 0, 28, 30, 33, 21, 39, 22, 17, 8, 2, 8, 39, 6, 20, 1, 19, 39, 14, 20, 2, 34, 37, 39, 30, 33, 39, 6, 17, 39, 19, 2, 21, 26, 20, 17, 30, 20, 17, 39, 10, 20, 2, 14, 2, 22, 30, 39]
    PRED: [19, 27, 24, 2, 39, 19, 1, 28, 33, 21, 39, 22, 17, 8, 2, 8, 39, 6, 27, 0, 19, 39, 20, 16, 34, 37, 39, 30, 33, 39, 6, 17, 39, 19, 2, 21, 26, 20, 16, 30, 20, 17, 39, 1, 20, 2, 22, 30, 39]
    Edit distance: 14/54
  Sample 4:
    TRUE: [9, 2, 39, 30, 33, 31, 39, 13, 10, 27, 17, 39, 13, 11, 14, 0, 30, 39, 30, 33, 39, 19, 2, 21, 39, 35, 10, 22, 39, 27, 0, 18, 11, 37, 39, 30, 33, 31, 39, 13, 10, 20, 39, 4, 30, 39]
    PRED: [9, 2, 39, 30, 27, 33, 31, 39, 34, 10, 27, 17, 39, 26, 27, 24, 0, 30, 39, 30, 33, 39, 19, 2, 21, 39, 27, 10, 22, 39, 35, 0, 18, 11, 39, 30, 33, 31, 39, 13, 10, 20, 39, 4, 30, 39]
    Edit distance: 8/46

============================================================
Batch 12500 | Val PER: 0.2188
============================================================
  Sample 0:
    TRUE: [31, 17, 0, 19, 27, 2, 28, 17, 39, 27, 17, 19, 2, 22, 28, 16, 8, 11, 8, 39]
    PRED: [15, 1, 0, 0, 19, 2, 28, 39, 27, 17, 14, 0, 30, 2, 8, 39]
    Edit distance: 12/20
  Sample 1:
    TRUE: [27, 16, 7, 39, 26, 11, 7, 2, 28, 30, 39, 28, 10, 34, 27, 2, 20, 39, 28, 5, 22, 8, 39, 20, 16, 31, 2, 14, 27, 1, 13, 28, 39]
    PRED: [30, 27, 10, 28, 26, 0, 7, 2, 30, 39, 30, 28, 10, 34, 2, 20, 39, 28, 2, 8, 37, 39, 20, 10, 11, 24, 2, 39]
    Edit distance: 19/33
  Sample 2:
    TRUE: [28, 24, 39, 27, 33, 20, 37, 39, 35, 17, 39, 21, 12, 8, 39, 16, 22, 39, 2, 22, 2, 6, 1, 29, 30, 39, 19, 2, 20, 33, 38, 2, 22, 39]
    PRED: [15, 4, 39, 27, 33, 20, 37, 39, 35, 17, 39, 21, 10, 8, 39, 16, 22, 39, 16, 22, 3, 27, 27, 1, 29, 39, 19, 2, 20, 33, 38, 2, 22, 39]
    Edit distance: 8/34
  Sample 3:
    TRUE: [20, 3, 27, 17, 37, 39, 19, 0, 28, 30, 33, 21, 39, 22, 17, 8, 2, 8, 39, 6, 20, 1, 19, 39, 14, 20, 2, 34, 37, 39, 30, 33, 39, 6, 17, 39, 19, 2, 21, 26, 20, 17, 30, 20, 17, 39, 10, 20, 2, 14, 2, 22, 30, 39]
    PRED: [19, 27, 24, 27, 2, 37, 39, 19, 1, 28, 27, 33, 21, 39, 22, 17, 8, 2, 8, 39, 6, 27, 2, 19, 39, 8, 27, 2, 34, 37, 39, 30, 33, 39, 6, 17, 39, 19, 2, 21, 26, 20, 16, 30, 11, 17, 39, 10, 20, 2, 22, 30, 39]
    Edit distance: 14/54
  Sample 4:
    TRUE: [9, 2, 39, 30, 33, 31, 39, 13, 10, 27, 17, 39, 13, 11, 14, 0, 30, 39, 30, 33, 39, 19, 2, 21, 39, 35, 10, 22, 39, 27, 0, 18, 11, 37, 39, 30, 33, 31, 39, 13, 10, 20, 39, 4, 30, 39]
    PRED: [9, 2, 39, 30, 27, 33, 31, 39, 34, 10, 8, 17, 11, 39, 8, 35, 17, 19, 2, 30, 39, 30, 33, 39, 19, 2, 21, 39, 27, 10, 22, 39, 35, 0, 27, 8, 11, 39, 31, 11, 31, 39, 13, 1, 20, 39, 4, 30, 39]
    Edit distance: 17/46

============================================================
Batch 13000 | Val PER: 0.2171
============================================================
  Sample 0:
    TRUE: [31, 17, 0, 19, 27, 2, 28, 17, 39, 27, 17, 19, 2, 22, 28, 16, 8, 11, 8, 39]
    PRED: [15, 1, 0, 19, 28, 39, 27, 17, 14, 2, 22, 30, 16, 8, 39]
    Edit distance: 9/20
  Sample 1:
    TRUE: [27, 16, 7, 39, 26, 11, 7, 2, 28, 30, 39, 28, 10, 34, 27, 2, 20, 39, 28, 5, 22, 8, 39, 20, 16, 31, 2, 14, 27, 1, 13, 28, 39]
    PRED: [27, 1, 19, 28, 39, 26, 27, 2, 18, 16, 2, 30, 39, 30, 10, 34, 2, 20, 39, 2, 8, 37, 39, 8, 16, 24, 27, 1, 13, 28, 39]
    Edit distance: 18/33
  Sample 2:
    TRUE: [28, 24, 39, 27, 33, 20, 37, 39, 35, 17, 39, 21, 12, 8, 39, 16, 22, 39, 2, 22, 2, 6, 1, 29, 30, 39, 19, 2, 20, 33, 38, 2, 22, 39]
    PRED: [15, 2, 39, 27, 24, 20, 37, 39, 35, 17, 39, 21, 12, 22, 37, 39, 16, 22, 39, 16, 22, 16, 21, 1, 29, 30, 39, 19, 2, 20, 33, 38, 2, 22, 39]
    Edit distance: 8/34
  Sample 3:
    TRUE: [20, 3, 27, 17, 37, 39, 19, 0, 28, 30, 33, 21, 39, 22, 17, 8, 2, 8, 39, 6, 20, 1, 19, 39, 14, 20, 2, 34, 37, 39, 30, 33, 39, 6, 17, 39, 19, 2, 21, 26, 20, 17, 30, 20, 17, 39, 10, 20, 2, 14, 2, 22, 30, 39]
    PRED: [19, 27, 24, 37, 39, 19, 1, 28, 33, 21, 39, 22, 17, 8, 39, 6, 27, 1, 19, 39, 27, 1, 34, 37, 39, 30, 33, 39, 6, 17, 39, 19, 2, 21, 26, 16, 30, 20, 17, 39, 16, 20, 2, 22, 8, 39]
    Edit distance: 17/54
  Sample 4:
    TRUE: [9, 2, 39, 30, 33, 31, 39, 13, 10, 27, 17, 39, 13, 11, 14, 0, 30, 39, 30, 33, 39, 19, 2, 21, 39, 35, 10, 22, 39, 27, 0, 18, 11, 37, 39, 30, 33, 31, 39, 13, 10, 20, 39, 4, 30, 39]
    PRED: [9, 2, 39, 27, 11, 31, 39, 13, 10, 17, 39, 35, 0, 19, 2, 22, 30, 39, 30, 33, 39, 19, 2, 21, 39, 27, 1, 22, 39, 0, 18, 11, 39, 30, 11, 31, 39, 13, 16, 20, 39, 4, 30, 39]
    Edit distance: 14/46

============================================================
Batch 13500 | Val PER: 0.2186
============================================================
  Sample 0:
    TRUE: [31, 17, 0, 19, 27, 2, 28, 17, 39, 27, 17, 19, 2, 22, 28, 16, 8, 11, 8, 39]
    PRED: [15, 1, 27, 0, 19, 2, 28, 39, 27, 17, 14, 27, 24, 22, 30, 2, 8, 39]
    Edit distance: 12/20
  Sample 1:
    TRUE: [27, 16, 7, 39, 26, 11, 7, 2, 28, 30, 39, 28, 10, 34, 27, 2, 20, 39, 28, 5, 22, 8, 39, 20, 16, 31, 2, 14, 27, 1, 13, 28, 39]
    PRED: [27, 12, 19, 28, 39, 26, 11, 18, 2, 37, 39, 10, 34, 2, 20, 39, 19, 2, 22, 37, 39, 20, 10, 34, 31, 24, 2, 13, 39]
    Edit distance: 18/33
  Sample 2:
    TRUE: [28, 24, 39, 27, 33, 20, 37, 39, 35, 17, 39, 21, 12, 8, 39, 16, 22, 39, 2, 22, 2, 6, 1, 29, 30, 39, 19, 2, 20, 33, 38, 2, 22, 39]
    PRED: [15, 4, 39, 27, 24, 20, 37, 39, 35, 17, 39, 21, 12, 8, 39, 16, 22, 39, 16, 22, 2, 34, 21, 2, 30, 39, 19, 2, 20, 33, 38, 2, 22, 39]
    Edit distance: 7/34
  Sample 3:
    TRUE: [20, 3, 27, 17, 37, 39, 19, 0, 28, 30, 33, 21, 39, 22, 17, 8, 2, 8, 39, 6, 20, 1, 19, 39, 14, 20, 2, 34, 37, 39, 30, 33, 39, 6, 17, 39, 19, 2, 21, 26, 20, 17, 30, 20, 17, 39, 10, 20, 2, 14, 2, 22, 30, 39]
    PRED: [19, 27, 24, 24, 37, 39, 19, 1, 28, 24, 33, 21, 39, 22, 12, 8, 39, 6, 27, 2, 19, 39, 8, 27, 2, 34, 37, 39, 30, 33, 39, 6, 17, 39, 19, 2, 21, 26, 36, 33, 30, 20, 17, 39, 16, 20, 2, 22, 30, 39]
    Edit distance: 18/54
  Sample 4:
    TRUE: [9, 2, 39, 30, 33, 31, 39, 13, 10, 27, 17, 39, 13, 11, 14, 0, 30, 39, 30, 33, 39, 19, 2, 21, 39, 35, 10, 22, 39, 27, 0, 18, 11, 37, 39, 30, 33, 31, 39, 13, 10, 20, 39, 4, 30, 39]
    PRED: [9, 2, 39, 30, 27, 33, 31, 39, 13, 10, 11, 37, 39, 13, 11, 8, 0, 30, 39, 30, 33, 39, 19, 2, 21, 39, 27, 2, 22, 39, 11, 0, 8, 11, 37, 39, 30, 33, 31, 39, 13, 4, 20, 39, 4, 30, 39]
    Edit distance: 9/46

============================================================
Batch 14000 | Val PER: 0.2228
============================================================
  Sample 0:
    TRUE: [31, 17, 0, 19, 27, 2, 28, 17, 39, 27, 17, 19, 2, 22, 28, 16, 8, 11, 8, 39]
    PRED: [27, 17, 0, 19, 28, 39, 27, 17, 30, 2, 8, 39]
    Edit distance: 10/20
  Sample 1:
    TRUE: [27, 16, 7, 39, 26, 11, 7, 2, 28, 30, 39, 28, 10, 34, 27, 2, 20, 39, 28, 5, 22, 8, 39, 20, 16, 31, 2, 14, 27, 1, 13, 28, 39]
    PRED: [27, 10, 19, 39, 26, 0, 27, 7, 2, 37, 39, 30, 28, 10, 34, 2, 20, 39, 14, 2, 37, 39, 20, 10, 20, 24, 14, 27, 1, 13, 39]
    Edit distance: 16/33
  Sample 2:
    TRUE: [28, 24, 39, 27, 33, 20, 37, 39, 35, 17, 39, 21, 12, 8, 39, 16, 22, 39, 2, 22, 2, 6, 1, 29, 30, 39, 19, 2, 20, 33, 38, 2, 22, 39]
    PRED: [15, 33, 39, 27, 24, 20, 37, 39, 35, 17, 39, 21, 12, 8, 39, 16, 22, 39, 16, 22, 2, 21, 27, 1, 29, 30, 39, 19, 2, 20, 33, 2, 22, 39]
    Edit distance: 7/34
  Sample 3:
    TRUE: [20, 3, 27, 17, 37, 39, 19, 0, 28, 30, 33, 21, 39, 22, 17, 8, 2, 8, 39, 6, 20, 1, 19, 39, 14, 20, 2, 34, 37, 39, 30, 33, 39, 6, 17, 39, 19, 2, 21, 26, 20, 17, 30, 20, 17, 39, 10, 20, 2, 14, 2, 22, 30, 39]
    PRED: [19, 27, 24, 37, 39, 19, 1, 33, 21, 39, 22, 12, 8, 39, 6, 27, 2, 19, 39, 27, 2, 34, 37, 39, 30, 33, 39, 6, 17, 39, 19, 2, 21, 20, 16, 30, 20, 17, 39, 1, 20, 2, 22, 39]
    Edit distance: 19/54
  Sample 4:
    TRUE: [9, 2, 39, 30, 33, 31, 39, 13, 10, 27, 17, 39, 13, 11, 14, 0, 30, 39, 30, 33, 39, 19, 2, 21, 39, 35, 10, 22, 39, 27, 0, 18, 11, 37, 39, 30, 33, 31, 39, 13, 10, 20, 39, 4, 30, 39]
    PRED: [9, 2, 39, 30, 27, 33, 31, 39, 34, 10, 27, 17, 39, 35, 17, 0, 19, 2, 39, 30, 33, 39, 19, 24, 21, 39, 27, 2, 22, 39, 35, 0, 7, 11, 39, 30, 33, 31, 39, 13, 1, 20, 4, 30, 39]
    Edit distance: 15/46

============================================================
Batch 14500 | Val PER: 0.2173
============================================================
  Sample 0:
    TRUE: [31, 17, 0, 19, 27, 2, 28, 17, 39, 27, 17, 19, 2, 22, 28, 16, 8, 11, 8, 39]
    PRED: [29, 20, 1, 27, 0, 19, 2, 28, 39, 27, 17, 24, 14, 1, 22, 30, 2, 8, 39]
    Edit distance: 13/20
  Sample 1:
    TRUE: [27, 16, 7, 39, 26, 11, 7, 2, 28, 30, 39, 28, 10, 34, 27, 2, 20, 39, 28, 5, 22, 8, 39, 20, 16, 31, 2, 14, 27, 1, 13, 28, 39]
    PRED: [27, 17, 19, 28, 39, 26, 27, 0, 27, 7, 16, 37, 39, 30, 8, 10, 34, 2, 20, 39, 14, 2, 22, 8, 37, 39, 20, 10, 20, 24, 14, 27, 2, 34, 39]
    Edit distance: 21/33
  Sample 2:
    TRUE: [28, 24, 39, 27, 33, 20, 37, 39, 35, 17, 39, 21, 12, 8, 39, 16, 22, 39, 2, 22, 2, 6, 1, 29, 30, 39, 19, 2, 20, 33, 38, 2, 22, 39]
    PRED: [9, 2, 39, 27, 33, 20, 39, 35, 17, 39, 21, 12, 8, 39, 16, 22, 39, 2, 22, 2, 6, 27, 2, 29, 39, 19, 2, 20, 33, 38, 2, 22, 39]
    Edit distance: 6/34
  Sample 3:
    TRUE: [20, 3, 27, 17, 37, 39, 19, 0, 28, 30, 33, 21, 39, 22, 17, 8, 2, 8, 39, 6, 20, 1, 19, 39, 14, 20, 2, 34, 37, 39, 30, 33, 39, 6, 17, 39, 19, 2, 21, 26, 20, 17, 30, 20, 17, 39, 10, 20, 2, 14, 2, 22, 30, 39]
    PRED: [19, 27, 24, 2, 39, 19, 1, 28, 15, 2, 21, 39, 22, 17, 8, 39, 6, 27, 0, 19, 39, 14, 20, 2, 34, 37, 39, 30, 33, 39, 6, 17, 39, 19, 2, 21, 26, 20, 16, 30, 2, 20, 17, 39, 1, 20, 2, 20, 2, 22, 30, 39]
    Edit distance: 15/54
  Sample 4:
    TRUE: [9, 2, 39, 30, 33, 31, 39, 13, 10, 27, 17, 39, 13, 11, 14, 0, 30, 39, 30, 33, 39, 19, 2, 21, 39, 35, 10, 22, 39, 27, 0, 18, 11, 37, 39, 30, 33, 31, 39, 13, 10, 20, 39, 4, 30, 39]
    PRED: [9, 2, 39, 30, 11, 31, 39, 34, 10, 27, 17, 39, 27, 16, 14, 0, 2, 8, 39, 30, 33, 39, 19, 2, 21, 39, 35, 2, 22, 39, 35, 0, 27, 7, 11, 39, 22, 11, 31, 39, 13, 1, 20, 4, 30, 39]
    Edit distance: 15/46

============================================================
Batch 15000 | Val PER: 0.2111
============================================================
  Sample 0:
    TRUE: [31, 17, 0, 19, 27, 2, 28, 17, 39, 27, 17, 19, 2, 22, 28, 16, 8, 11, 8, 39]
    PRED: [29, 1, 19, 2, 28, 39, 27, 17, 14, 2, 22, 30, 8, 39]
    Edit distance: 10/20
  Sample 1:
    TRUE: [27, 16, 7, 39, 26, 11, 7, 2, 28, 30, 39, 28, 10, 34, 27, 2, 20, 39, 28, 5, 22, 8, 39, 20, 16, 31, 2, 14, 27, 1, 13, 28, 39]
    PRED: [27, 16, 19, 39, 26, 11, 7, 28, 39, 28, 10, 34, 2, 20, 39, 28, 2, 22, 37, 39, 20, 10, 11, 14, 27, 1, 13, 39]
    Edit distance: 10/33
  Sample 2:
    TRUE: [28, 24, 39, 27, 33, 20, 37, 39, 35, 17, 39, 21, 12, 8, 39, 16, 22, 39, 2, 22, 2, 6, 1, 29, 30, 39, 19, 2, 20, 33, 38, 2, 22, 39]
    PRED: [9, 2, 39, 27, 33, 20, 37, 39, 35, 17, 39, 21, 12, 8, 37, 39, 16, 22, 39, 16, 22, 8, 11, 27, 1, 29, 30, 39, 19, 2, 20, 33, 2, 22, 39]
    Edit distance: 8/34
  Sample 3:
    TRUE: [20, 3, 27, 17, 37, 39, 19, 0, 28, 30, 33, 21, 39, 22, 17, 8, 2, 8, 39, 6, 20, 1, 19, 39, 14, 20, 2, 34, 37, 39, 30, 33, 39, 6, 17, 39, 19, 2, 21, 26, 20, 17, 30, 20, 17, 39, 10, 20, 2, 14, 2, 22, 30, 39]
    PRED: [19, 27, 24, 28, 39, 19, 1, 28, 30, 33, 21, 39, 22, 17, 8, 39, 6, 27, 2, 19, 39, 20, 2, 6, 37, 39, 30, 33, 39, 6, 17, 39, 19, 2, 21, 26, 20, 17, 30, 20, 17, 39, 10, 20, 2, 8, 39]
    Edit distance: 15/54
  Sample 4:
    TRUE: [9, 2, 39, 30, 33, 31, 39, 13, 10, 27, 17, 39, 13, 11, 14, 0, 30, 39, 30, 33, 39, 19, 2, 21, 39, 35, 10, 22, 39, 27, 0, 18, 11, 37, 39, 30, 33, 31, 39, 13, 10, 20, 39, 4, 30, 39]
    PRED: [9, 2, 39, 30, 33, 31, 39, 34, 10, 17, 39, 27, 16, 2, 8, 39, 30, 33, 39, 19, 2, 21, 39, 27, 10, 22, 39, 27, 0, 18, 11, 39, 30, 33, 31, 39, 13, 1, 20, 39, 4, 30, 39]
    Edit distance: 10/46

============================================================
Batch 15500 | Val PER: 0.2099
============================================================
  Sample 0:
    TRUE: [31, 17, 0, 19, 27, 2, 28, 17, 39, 27, 17, 19, 2, 22, 28, 16, 8, 11, 8, 39]
    PRED: [27, 0, 0, 19, 27, 2, 28, 39, 27, 17, 14, 35, 2, 22, 30, 2, 8, 39]
    Edit distance: 9/20
  Sample 1:
    TRUE: [27, 16, 7, 39, 26, 11, 7, 2, 28, 30, 39, 28, 10, 34, 27, 2, 20, 39, 28, 5, 22, 8, 39, 20, 16, 31, 2, 14, 27, 1, 13, 28, 39]
    PRED: [27, 16, 19, 39, 26, 11, 7, 2, 30, 39, 28, 10, 34, 2, 20, 39, 14, 2, 22, 8, 37, 39, 20, 10, 20, 17, 2, 14, 27, 0, 13, 39]
    Edit distance: 11/33
  Sample 2:
    TRUE: [28, 24, 39, 27, 33, 20, 37, 39, 35, 17, 39, 21, 12, 8, 39, 16, 22, 39, 2, 22, 2, 6, 1, 29, 30, 39, 19, 2, 20, 33, 38, 2, 22, 39]
    PRED: [15, 2, 39, 27, 25, 2, 20, 37, 39, 35, 17, 39, 21, 12, 8, 39, 16, 22, 39, 16, 22, 2, 27, 1, 29, 30, 39, 19, 2, 20, 33, 38, 2, 22, 39]
    Edit distance: 6/34
  Sample 3:
    TRUE: [20, 3, 27, 17, 37, 39, 19, 0, 28, 30, 33, 21, 39, 22, 17, 8, 2, 8, 39, 6, 20, 1, 19, 39, 14, 20, 2, 34, 37, 39, 30, 33, 39, 6, 17, 39, 19, 2, 21, 26, 20, 17, 30, 20, 17, 39, 10, 20, 2, 14, 2, 22, 30, 39]
    PRED: [19, 27, 3, 27, 17, 39, 28, 19, 1, 28, 2, 21, 39, 22, 17, 8, 39, 6, 27, 2, 19, 39, 27, 2, 34, 37, 39, 30, 33, 39, 6, 17, 39, 19, 2, 21, 26, 16, 2, 30, 20, 17, 39, 16, 20, 2, 22, 8, 39]
    Edit distance: 19/54
  Sample 4:
    TRUE: [9, 2, 39, 30, 33, 31, 39, 13, 10, 27, 17, 39, 13, 11, 14, 0, 30, 39, 30, 33, 39, 19, 2, 21, 39, 35, 10, 22, 39, 27, 0, 18, 11, 37, 39, 30, 33, 31, 39, 13, 10, 20, 39, 4, 30, 39]
    PRED: [9, 2, 39, 30, 33, 31, 39, 34, 10, 17, 39, 11, 2, 30, 0, 30, 8, 39, 30, 33, 39, 19, 2, 21, 39, 27, 2, 22, 8, 39, 27, 0, 18, 8, 11, 37, 39, 30, 33, 31, 39, 13, 1, 20, 4, 30, 39]
    Edit distance: 12/46

============================================================
Batch 16000 | Val PER: 0.2168
============================================================
  Sample 0:
    TRUE: [31, 17, 0, 19, 27, 2, 28, 17, 39, 27, 17, 19, 2, 22, 28, 16, 8, 11, 8, 39]
    PRED: [19, 27, 4, 0, 19, 14, 2, 11, 39, 27, 17, 14, 35, 1, 22, 30, 2, 8, 39]
    Edit distance: 13/20
  Sample 1:
    TRUE: [27, 16, 7, 39, 26, 11, 7, 2, 28, 30, 39, 28, 10, 34, 27, 2, 20, 39, 28, 5, 22, 8, 39, 20, 16, 31, 2, 14, 27, 1, 13, 28, 39]
    PRED: [35, 17, 19, 39, 26, 3, 27, 7, 2, 18, 37, 39, 30, 10, 34, 2, 20, 39, 14, 4, 22, 8, 39, 20, 10, 10, 14, 11, 14, 1, 0, 13, 39]
    Edit distance: 18/33
  Sample 2:
    TRUE: [28, 24, 39, 27, 33, 20, 37, 39, 35, 17, 39, 21, 12, 8, 39, 16, 22, 39, 2, 22, 2, 6, 1, 29, 30, 39, 19, 2, 20, 33, 38, 2, 22, 39]
    PRED: [9, 2, 39, 27, 25, 20, 37, 39, 35, 17, 39, 21, 12, 8, 39, 16, 22, 39, 16, 22, 8, 11, 21, 1, 29, 39, 19, 2, 20, 33, 38, 2, 22, 39]
    Edit distance: 8/34
  Sample 3:
    TRUE: [20, 3, 27, 17, 37, 39, 19, 0, 28, 30, 33, 21, 39, 22, 17, 8, 2, 8, 39, 6, 20, 1, 19, 39, 14, 20, 2, 34, 37, 39, 30, 33, 39, 6, 17, 39, 19, 2, 21, 26, 20, 17, 30, 20, 17, 39, 10, 20, 2, 14, 2, 22, 30, 39]
    PRED: [30, 27, 3, 27, 2, 39, 19, 1, 2, 21, 39, 22, 17, 8, 39, 6, 27, 0, 19, 39, 8, 27, 16, 34, 37, 39, 30, 33, 39, 6, 17, 39, 19, 2, 21, 26, 36, 16, 30, 39, 10, 20, 2, 22, 30, 39]
    Edit distance: 21/54
  Sample 4:
    TRUE: [9, 2, 39, 30, 33, 31, 39, 13, 10, 27, 17, 39, 13, 11, 14, 0, 30, 39, 30, 33, 39, 19, 2, 21, 39, 35, 10, 22, 39, 27, 0, 18, 11, 37, 39, 30, 33, 31, 39, 13, 10, 20, 39, 4, 30, 39]
    PRED: [9, 2, 39, 30, 27, 33, 31, 39, 13, 10, 17, 37, 39, 13, 27, 11, 0, 8, 39, 30, 33, 39, 15, 2, 21, 39, 35, 2, 22, 8, 39, 11, 0, 18, 11, 37, 39, 30, 33, 31, 39, 13, 1, 20, 39, 4, 30, 39]
    Edit distance: 11/46

============================================================
Batch 16500 | Val PER: 0.2096
============================================================
  Sample 0:
    TRUE: [31, 17, 0, 19, 27, 2, 28, 17, 39, 27, 17, 19, 2, 22, 28, 16, 8, 11, 8, 39]
    PRED: [15, 10, 27, 19, 2, 28, 39, 27, 17, 14, 35, 2, 22, 30, 2, 8, 39]
    Edit distance: 11/20
  Sample 1:
    TRUE: [27, 16, 7, 39, 26, 11, 7, 2, 28, 30, 39, 28, 10, 34, 27, 2, 20, 39, 28, 5, 22, 8, 39, 20, 16, 31, 2, 14, 27, 1, 13, 28, 39]
    PRED: [27, 12, 19, 39, 26, 0, 27, 7, 16, 23, 39, 20, 10, 34, 11, 39, 15, 5, 22, 8, 39, 20, 10, 20, 2, 14, 27, 0, 13, 39]
    Edit distance: 16/33
  Sample 2:
    TRUE: [28, 24, 39, 27, 33, 20, 37, 39, 35, 17, 39, 21, 12, 8, 39, 16, 22, 39, 2, 22, 2, 6, 1, 29, 30, 39, 19, 2, 20, 33, 38, 2, 22, 39]
    PRED: [9, 24, 39, 27, 25, 20, 37, 39, 35, 17, 39, 21, 12, 8, 39, 16, 22, 39, 16, 22, 16, 21, 1, 29, 30, 39, 19, 2, 20, 33, 38, 2, 22, 39]
    Edit distance: 5/34
  Sample 3:
    TRUE: [20, 3, 27, 17, 37, 39, 19, 0, 28, 30, 33, 21, 39, 22, 17, 8, 2, 8, 39, 6, 20, 1, 19, 39, 14, 20, 2, 34, 37, 39, 30, 33, 39, 6, 17, 39, 19, 2, 21, 26, 20, 17, 30, 20, 17, 39, 10, 20, 2, 14, 2, 22, 30, 39]
    PRED: [19, 27, 3, 27, 2, 37, 39, 19, 0, 28, 2, 21, 39, 22, 17, 8, 39, 6, 27, 0, 19, 39, 8, 27, 16, 34, 37, 39, 30, 33, 39, 6, 17, 39, 19, 2, 21, 26, 17, 30, 39, 16, 20, 2, 22, 39]
    Edit distance: 19/54
  Sample 4:
    TRUE: [9, 2, 39, 30, 33, 31, 39, 13, 10, 27, 17, 39, 13, 11, 14, 0, 30, 39, 30, 33, 39, 19, 2, 21, 39, 35, 10, 22, 39, 27, 0, 18, 11, 37, 39, 30, 33, 31, 39, 13, 10, 20, 39, 4, 30, 39]
    PRED: [9, 2, 39, 30, 27, 33, 31, 39, 34, 10, 27, 17, 37, 39, 26, 27, 16, 0, 8, 39, 30, 33, 39, 15, 2, 21, 39, 35, 2, 22, 39, 27, 0, 18, 11, 37, 39, 36, 33, 31, 39, 13, 5, 20, 39, 4, 30, 39]
    Edit distance: 11/46

============================================================
Batch 17000 | Val PER: 0.2130
============================================================
  Sample 0:
    TRUE: [31, 17, 0, 19, 27, 2, 28, 17, 39, 27, 17, 19, 2, 22, 28, 16, 8, 11, 8, 39]
    PRED: [29, 10, 27, 0, 19, 2, 28, 30, 39, 27, 17, 14, 35, 0, 22, 30, 2, 8, 39]
    Edit distance: 12/20
  Sample 1:
    TRUE: [27, 16, 7, 39, 26, 11, 7, 2, 28, 30, 39, 28, 10, 34, 27, 2, 20, 39, 28, 5, 22, 8, 39, 20, 16, 31, 2, 14, 27, 1, 13, 28, 39]
    PRED: [27, 1, 19, 39, 26, 3, 7, 2, 39, 30, 10, 34, 2, 20, 39, 2, 22, 37, 39, 20, 2, 14, 0, 13, 39]
    Edit distance: 15/33
  Sample 2:
    TRUE: [28, 24, 39, 27, 33, 20, 37, 39, 35, 17, 39, 21, 12, 8, 39, 16, 22, 39, 2, 22, 2, 6, 1, 29, 30, 39, 19, 2, 20, 33, 38, 2, 22, 39]
    PRED: [9, 2, 39, 27, 16, 20, 37, 39, 35, 17, 39, 21, 2, 8, 39, 16, 22, 39, 16, 22, 30, 2, 21, 0, 29, 39, 19, 2, 20, 33, 38, 2, 22, 39]
    Edit distance: 9/34
  Sample 3:
    TRUE: [20, 3, 27, 17, 37, 39, 19, 0, 28, 30, 33, 21, 39, 22, 17, 8, 2, 8, 39, 6, 20, 1, 19, 39, 14, 20, 2, 34, 37, 39, 30, 33, 39, 6, 17, 39, 19, 2, 21, 26, 20, 17, 30, 20, 17, 39, 10, 20, 2, 14, 2, 22, 30, 39]
    PRED: [30, 27, 24, 39, 19, 5, 28, 33, 21, 39, 22, 17, 8, 39, 6, 27, 0, 19, 39, 27, 2, 34, 37, 39, 30, 33, 39, 6, 17, 39, 19, 2, 21, 26, 17, 30, 20, 39, 1, 20, 2, 22, 39]
    Edit distance: 18/54
  Sample 4:
    TRUE: [9, 2, 39, 30, 33, 31, 39, 13, 10, 27, 17, 39, 13, 11, 14, 0, 30, 39, 30, 33, 39, 19, 2, 21, 39, 35, 10, 22, 39, 27, 0, 18, 11, 37, 39, 30, 33, 31, 39, 13, 10, 20, 39, 4, 30, 39]
    PRED: [9, 2, 39, 30, 27, 33, 31, 39, 34, 10, 27, 17, 39, 27, 2, 14, 0, 22, 39, 30, 33, 39, 15, 5, 21, 39, 35, 2, 22, 8, 39, 35, 0, 18, 11, 37, 39, 31, 27, 33, 31, 39, 13, 5, 20, 39, 4, 30, 39]
    Edit distance: 13/46

============================================================
Batch 17500 | Val PER: 0.2145
============================================================
  Sample 0:
    TRUE: [31, 17, 0, 19, 27, 2, 28, 17, 39, 27, 17, 19, 2, 22, 28, 16, 8, 11, 8, 39]
    PRED: [27, 10, 0, 19, 2, 28, 30, 39, 27, 17, 14, 35, 24, 22, 30, 2, 8, 39]
    Edit distance: 11/20
  Sample 1:
    TRUE: [27, 16, 7, 39, 26, 11, 7, 2, 28, 30, 39, 28, 10, 34, 27, 2, 20, 39, 28, 5, 22, 8, 39, 20, 16, 31, 2, 14, 27, 1, 13, 28, 39]
    PRED: [35, 16, 7, 19, 39, 26, 3, 7, 2, 30, 39, 30, 27, 10, 34, 2, 20, 39, 2, 22, 37, 39, 20, 10, 27, 3, 0, 13, 39]
    Edit distance: 17/33
  Sample 2:
    TRUE: [28, 24, 39, 27, 33, 20, 37, 39, 35, 17, 39, 21, 12, 8, 39, 16, 22, 39, 2, 22, 2, 6, 1, 29, 30, 39, 19, 2, 20, 33, 38, 2, 22, 39]
    PRED: [9, 2, 39, 27, 33, 20, 37, 39, 35, 17, 39, 6, 12, 8, 39, 16, 22, 39, 16, 22, 2, 21, 27, 1, 29, 30, 39, 19, 2, 20, 33, 29, 2, 22, 39]
    Edit distance: 7/34
  Sample 3:
    TRUE: [20, 3, 27, 17, 37, 39, 19, 0, 28, 30, 33, 21, 39, 22, 17, 8, 2, 8, 39, 6, 20, 1, 19, 39, 14, 20, 2, 34, 37, 39, 30, 33, 39, 6, 17, 39, 19, 2, 21, 26, 20, 17, 30, 20, 17, 39, 10, 20, 2, 14, 2, 22, 30, 39]
    PRED: [19, 27, 24, 2, 37, 39, 19, 1, 28, 27, 2, 21, 39, 22, 17, 8, 2, 8, 39, 6, 27, 2, 19, 39, 27, 2, 34, 37, 39, 30, 33, 39, 6, 17, 39, 19, 2, 21, 26, 36, 33, 20, 30, 17, 39, 10, 20, 2, 22, 30, 39]
    Edit distance: 17/54
  Sample 4:
    TRUE: [9, 2, 39, 30, 33, 31, 39, 13, 10, 27, 17, 39, 13, 11, 14, 0, 30, 39, 30, 33, 39, 19, 2, 21, 39, 35, 10, 22, 39, 27, 0, 18, 11, 37, 39, 30, 33, 31, 39, 13, 10, 20, 39, 4, 30, 39]
    PRED: [9, 2, 39, 30, 33, 31, 39, 34, 10, 17, 39, 26, 27, 2, 30, 0, 14, 39, 30, 33, 39, 19, 2, 21, 39, 27, 10, 22, 8, 39, 35, 0, 27, 18, 11, 39, 30, 33, 31, 39, 13, 12, 20, 39, 4, 30, 39]
    Edit distance: 13/46

============================================================
Batch 18000 | Val PER: 0.2100
============================================================
  Sample 0:
    TRUE: [31, 17, 0, 19, 27, 2, 28, 17, 39, 27, 17, 19, 2, 22, 28, 16, 8, 11, 8, 39]
    PRED: [15, 4, 0, 19, 2, 28, 39, 27, 17, 14, 2, 30, 2, 8, 39]
    Edit distance: 10/20
  Sample 1:
    TRUE: [27, 16, 7, 39, 26, 11, 7, 2, 28, 30, 39, 28, 10, 34, 27, 2, 20, 39, 28, 5, 22, 8, 39, 20, 16, 31, 2, 14, 27, 1, 13, 28, 39]
    PRED: [27, 12, 19, 28, 39, 26, 27, 0, 29, 2, 28, 39, 10, 34, 2, 20, 39, 2, 22, 8, 37, 39, 20, 10, 20, 24, 27, 0, 13, 39]
    Edit distance: 18/33
  Sample 2:
    TRUE: [28, 24, 39, 27, 33, 20, 37, 39, 35, 17, 39, 21, 12, 8, 39, 16, 22, 39, 2, 22, 2, 6, 1, 29, 30, 39, 19, 2, 20, 33, 38, 2, 22, 39]
    PRED: [15, 2, 39, 25, 20, 37, 39, 6, 17, 39, 21, 12, 8, 39, 16, 22, 39, 2, 22, 2, 1, 29, 39, 19, 2, 20, 33, 38, 2, 22, 39]
    Edit distance: 7/34
  Sample 3:
    TRUE: [20, 3, 27, 17, 37, 39, 19, 0, 28, 30, 33, 21, 39, 22, 17, 8, 2, 8, 39, 6, 20, 1, 19, 39, 14, 20, 2, 34, 37, 39, 30, 33, 39, 6, 17, 39, 19, 2, 21, 26, 20, 17, 30, 20, 17, 39, 10, 20, 2, 14, 2, 22, 30, 39]
    PRED: [19, 27, 24, 17, 39, 19, 1, 19, 2, 21, 39, 22, 17, 8, 2, 8, 39, 6, 27, 0, 19, 39, 20, 2, 34, 37, 39, 30, 33, 39, 6, 17, 39, 0, 21, 26, 2, 20, 17, 39, 16, 20, 2, 22, 39]
    Edit distance: 20/54
  Sample 4:
    TRUE: [9, 2, 39, 30, 33, 31, 39, 13, 10, 27, 17, 39, 13, 11, 14, 0, 30, 39, 30, 33, 39, 19, 2, 21, 39, 35, 10, 22, 39, 27, 0, 18, 11, 37, 39, 30, 33, 31, 39, 13, 10, 20, 39, 4, 30, 39]
    PRED: [9, 2, 39, 30, 33, 31, 39, 13, 10, 11, 39, 26, 24, 0, 14, 30, 39, 30, 33, 39, 30, 2, 21, 39, 35, 2, 22, 39, 0, 18, 11, 39, 30, 11, 31, 39, 13, 5, 20, 39, 4, 30, 39]
    Edit distance: 12/46

============================================================
Batch 18500 | Val PER: 0.2076
============================================================
  Sample 0:
    TRUE: [31, 17, 0, 19, 27, 2, 28, 17, 39, 27, 17, 19, 2, 22, 28, 16, 8, 11, 8, 39]
    PRED: [29, 17, 0, 19, 2, 28, 39, 27, 17, 14, 35, 2, 22, 30, 2, 8, 39]
    Edit distance: 9/20
  Sample 1:
    TRUE: [27, 16, 7, 39, 26, 11, 7, 2, 28, 30, 39, 28, 10, 34, 27, 2, 20, 39, 28, 5, 22, 8, 39, 20, 16, 31, 2, 14, 27, 1, 13, 28, 39]
    PRED: [35, 17, 7, 39, 26, 3, 27, 7, 2, 30, 39, 30, 28, 10, 34, 2, 20, 39, 28, 2, 37, 8, 37, 39, 20, 2, 9, 12, 14, 27, 0, 13, 39]
    Edit distance: 15/33
  Sample 2:
    TRUE: [28, 24, 39, 27, 33, 20, 37, 39, 35, 17, 39, 21, 12, 8, 39, 16, 22, 39, 2, 22, 2, 6, 1, 29, 30, 39, 19, 2, 20, 33, 38, 2, 22, 39]
    PRED: [9, 2, 39, 27, 25, 20, 37, 39, 35, 17, 39, 21, 12, 8, 39, 16, 22, 39, 16, 22, 2, 34, 27, 0, 29, 39, 19, 2, 20, 38, 2, 22, 39]
    Edit distance: 9/34
  Sample 3:
    TRUE: [20, 3, 27, 17, 37, 39, 19, 0, 28, 30, 33, 21, 39, 22, 17, 8, 2, 8, 39, 6, 20, 1, 19, 39, 14, 20, 2, 34, 37, 39, 30, 33, 39, 6, 17, 39, 19, 2, 21, 26, 20, 17, 30, 20, 17, 39, 10, 20, 2, 14, 2, 22, 30, 39]
    PRED: [19, 27, 24, 39, 19, 1, 28, 2, 21, 39, 22, 12, 8, 2, 8, 39, 6, 27, 2, 19, 39, 27, 2, 20, 34, 39, 30, 33, 39, 6, 17, 39, 19, 2, 21, 26, 16, 30, 20, 17, 39, 1, 20, 2, 22, 30, 39]
    Edit distance: 19/54
  Sample 4:
    TRUE: [9, 2, 39, 30, 33, 31, 39, 13, 10, 27, 17, 39, 13, 11, 14, 0, 30, 39, 30, 33, 39, 19, 2, 21, 39, 35, 10, 22, 39, 27, 0, 18, 11, 37, 39, 30, 33, 31, 39, 13, 10, 20, 39, 4, 30, 39]
    PRED: [9, 2, 39, 30, 33, 31, 39, 34, 12, 11, 39, 27, 2, 0, 19, 30, 39, 30, 33, 39, 19, 2, 21, 39, 27, 2, 22, 8, 39, 27, 16, 18, 7, 33, 39, 30, 33, 39, 13, 5, 20, 39, 4, 30, 39]
    Edit distance: 16/46

============================================================
Batch 19000 | Val PER: 0.2087
============================================================
  Sample 0:
    TRUE: [31, 17, 0, 19, 27, 2, 28, 17, 39, 27, 17, 19, 2, 22, 28, 16, 8, 11, 8, 39]
    PRED: [27, 0, 19, 28, 39, 27, 17, 14, 35, 0, 30, 2, 8, 39]
    Edit distance: 12/20
  Sample 1:
    TRUE: [27, 16, 7, 39, 26, 11, 7, 2, 28, 30, 39, 28, 10, 34, 27, 2, 20, 39, 28, 5, 22, 8, 39, 20, 16, 31, 2, 14, 27, 1, 13, 28, 39]
    PRED: [27, 17, 7, 39, 26, 11, 7, 39, 30, 20, 10, 34, 11, 17, 39, 28, 2, 8, 39, 20, 10, 9, 12, 39, 14, 27, 0, 13, 39]
    Edit distance: 16/33
  Sample 2:
    TRUE: [28, 24, 39, 27, 33, 20, 37, 39, 35, 17, 39, 21, 12, 8, 39, 16, 22, 39, 2, 22, 2, 6, 1, 29, 30, 39, 19, 2, 20, 33, 38, 2, 22, 39]
    PRED: [9, 2, 39, 27, 33, 20, 37, 39, 35, 17, 39, 21, 12, 8, 39, 16, 22, 39, 2, 22, 2, 21, 27, 0, 29, 39, 19, 2, 20, 33, 29, 2, 22, 39]
    Edit distance: 7/34
  Sample 3:
    TRUE: [20, 3, 27, 17, 37, 39, 19, 0, 28, 30, 33, 21, 39, 22, 17, 8, 2, 8, 39, 6, 20, 1, 19, 39, 14, 20, 2, 34, 37, 39, 30, 33, 39, 6, 17, 39, 19, 2, 21, 26, 20, 17, 30, 20, 17, 39, 10, 20, 2, 14, 2, 22, 30, 39]
    PRED: [19, 27, 24, 37, 39, 19, 1, 21, 37, 39, 22, 17, 8, 39, 6, 27, 2, 19, 39, 27, 2, 34, 8, 39, 30, 33, 39, 6, 17, 39, 19, 2, 21, 26, 17, 33, 30, 20, 17, 39, 1, 20, 2, 8, 39]
    Edit distance: 22/54
  Sample 4:
    TRUE: [9, 2, 39, 30, 33, 31, 39, 13, 10, 27, 17, 39, 13, 11, 14, 0, 30, 39, 30, 33, 39, 19, 2, 21, 39, 35, 10, 22, 39, 27, 0, 18, 11, 37, 39, 30, 33, 31, 39, 13, 10, 20, 39, 4, 30, 39]
    PRED: [9, 2, 39, 30, 33, 31, 39, 34, 10, 11, 39, 26, 27, 2, 0, 30, 39, 30, 33, 39, 30, 2, 21, 39, 27, 2, 22, 39, 27, 24, 7, 11, 33, 39, 30, 33, 31, 39, 13, 5, 20, 39, 4, 30, 39]
    Edit distance: 13/46

============================================================
Batch 19500 | Val PER: 0.2073
============================================================
  Sample 0:
    TRUE: [31, 17, 0, 19, 27, 2, 28, 17, 39, 27, 17, 19, 2, 22, 28, 16, 8, 11, 8, 39]
    PRED: [10, 19, 2, 28, 39, 27, 17, 14, 19, 0, 22, 2, 8, 39]
    Edit distance: 11/20
  Sample 1:
    TRUE: [27, 16, 7, 39, 26, 11, 7, 2, 28, 30, 39, 28, 10, 34, 27, 2, 20, 39, 28, 5, 22, 8, 39, 20, 16, 31, 2, 14, 27, 1, 13, 28, 39]
    PRED: [13, 16, 19, 26, 3, 27, 7, 18, 37, 39, 10, 34, 2, 20, 39, 28, 5, 8, 37, 39, 20, 10, 24, 13, 39]
    Edit distance: 19/33
  Sample 2:
    TRUE: [28, 24, 39, 27, 33, 20, 37, 39, 35, 17, 39, 21, 12, 8, 39, 16, 22, 39, 2, 22, 2, 6, 1, 29, 30, 39, 19, 2, 20, 33, 38, 2, 22, 39]
    PRED: [9, 2, 39, 27, 25, 20, 37, 39, 35, 17, 39, 21, 12, 8, 39, 16, 22, 39, 2, 22, 3, 16, 21, 10, 28, 39, 19, 2, 20, 33, 2, 22, 39]
    Edit distance: 9/34
  Sample 3:
    TRUE: [20, 3, 27, 17, 37, 39, 19, 0, 28, 30, 33, 21, 39, 22, 17, 8, 2, 8, 39, 6, 20, 1, 19, 39, 14, 20, 2, 34, 37, 39, 30, 33, 39, 6, 17, 39, 19, 2, 21, 26, 20, 17, 30, 20, 17, 39, 10, 20, 2, 14, 2, 22, 30, 39]
    PRED: [19, 27, 32, 27, 37, 39, 19, 1, 33, 21, 39, 22, 17, 8, 39, 6, 27, 0, 19, 39, 20, 2, 34, 8, 37, 39, 30, 33, 39, 6, 17, 39, 19, 2, 21, 26, 36, 33, 30, 11, 39, 1, 20, 2, 22, 39]
    Edit distance: 21/54
  Sample 4:
    TRUE: [9, 2, 39, 30, 33, 31, 39, 13, 10, 27, 17, 39, 13, 11, 14, 0, 30, 39, 30, 33, 39, 19, 2, 21, 39, 35, 10, 22, 39, 27, 0, 18, 11, 37, 39, 30, 33, 31, 39, 13, 10, 20, 39, 4, 30, 39]
    PRED: [9, 2, 39, 30, 33, 31, 39, 34, 10, 11, 37, 39, 26, 27, 17, 14, 0, 30, 39, 30, 33, 39, 19, 2, 21, 39, 35, 2, 22, 39, 35, 10, 18, 7, 11, 37, 39, 36, 11, 31, 39, 13, 12, 20, 39, 4, 30, 39]
    Edit distance: 13/46

============================================================
Batch 20000 | Val PER: 0.2035
============================================================
  Sample 0:
    TRUE: [31, 17, 0, 19, 27, 2, 28, 17, 39, 27, 17, 19, 2, 22, 28, 16, 8, 11, 8, 39]
    PRED: [9, 17, 28, 27, 17, 14, 2, 22, 2, 16, 8, 39]
    Edit distance: 11/20
  Sample 1:
    TRUE: [27, 16, 7, 39, 26, 11, 7, 2, 28, 30, 39, 28, 10, 34, 27, 2, 20, 39, 28, 5, 22, 8, 39, 20, 16, 31, 2, 14, 27, 1, 13, 28, 39]
    PRED: [16, 7, 39, 26, 3, 27, 7, 2, 37, 39, 30, 27, 10, 34, 2, 11, 39, 20, 5, 22, 37, 39, 20, 10, 12, 2, 13, 39]
    Edit distance: 17/33
  Sample 2:
    TRUE: [28, 24, 39, 27, 33, 20, 37, 39, 35, 17, 39, 21, 12, 8, 39, 16, 22, 39, 2, 22, 2, 6, 1, 29, 30, 39, 19, 2, 20, 33, 38, 2, 22, 39]
    PRED: [9, 2, 39, 27, 25, 20, 37, 39, 35, 17, 39, 21, 12, 8, 39, 16, 22, 39, 16, 22, 16, 21, 2, 29, 39, 19, 2, 20, 24, 2, 22, 39]
    Edit distance: 10/34
  Sample 3:
    TRUE: [20, 3, 27, 17, 37, 39, 19, 0, 28, 30, 33, 21, 39, 22, 17, 8, 2, 8, 39, 6, 20, 1, 19, 39, 14, 20, 2, 34, 37, 39, 30, 33, 39, 6, 17, 39, 19, 2, 21, 26, 20, 17, 30, 20, 17, 39, 10, 20, 2, 14, 2, 22, 30, 39]
    PRED: [19, 27, 24, 39, 19, 1, 28, 33, 21, 39, 22, 17, 8, 2, 8, 39, 6, 20, 2, 19, 39, 20, 2, 34, 37, 39, 30, 33, 39, 6, 17, 39, 19, 2, 21, 26, 36, 2, 20, 17, 39, 16, 20, 2, 22, 30, 39]
    Edit distance: 14/54
  Sample 4:
    TRUE: [9, 2, 39, 30, 33, 31, 39, 13, 10, 27, 17, 39, 13, 11, 14, 0, 30, 39, 30, 33, 39, 19, 2, 21, 39, 35, 10, 22, 39, 27, 0, 18, 11, 37, 39, 30, 33, 31, 39, 13, 10, 20, 39, 4, 30, 39]
    PRED: [9, 2, 39, 30, 27, 33, 31, 39, 34, 10, 20, 17, 39, 26, 27, 17, 2, 19, 30, 39, 30, 33, 39, 19, 2, 21, 39, 27, 2, 22, 39, 3, 18, 11, 37, 39, 30, 11, 31, 39, 13, 16, 20, 39, 4, 30, 39]
    Edit distance: 14/46

============================================================
Batch 20500 | Val PER: 0.2119
============================================================
  Sample 0:
    TRUE: [31, 17, 0, 19, 27, 2, 28, 17, 39, 27, 17, 19, 2, 22, 28, 16, 8, 11, 8, 39]
    PRED: [27, 17, 0, 19, 27, 2, 28, 39, 27, 17, 14, 35, 2, 22, 2, 8, 39]
    Edit distance: 8/20
  Sample 1:
    TRUE: [27, 16, 7, 39, 26, 11, 7, 2, 28, 30, 39, 28, 10, 34, 27, 2, 20, 39, 28, 5, 22, 8, 39, 20, 16, 31, 2, 14, 27, 1, 13, 28, 39]
    PRED: [27, 17, 7, 39, 26, 11, 7, 2, 37, 39, 10, 34, 11, 17, 39, 14, 5, 8, 39, 20, 10, 9, 12, 10, 13, 39]
    Edit distance: 16/33
  Sample 2:
    TRUE: [28, 24, 39, 27, 33, 20, 37, 39, 35, 17, 39, 21, 12, 8, 39, 16, 22, 39, 2, 22, 2, 6, 1, 29, 30, 39, 19, 2, 20, 33, 38, 2, 22, 39]
    PRED: [9, 2, 39, 27, 33, 20, 37, 39, 35, 17, 39, 21, 12, 8, 39, 16, 22, 39, 16, 22, 2, 34, 2, 28, 39, 19, 2, 20, 33, 38, 2, 22, 39]
    Edit distance: 7/34
  Sample 3:
    TRUE: [20, 3, 27, 17, 37, 39, 19, 0, 28, 30, 33, 21, 39, 22, 17, 8, 2, 8, 39, 6, 20, 1, 19, 39, 14, 20, 2, 34, 37, 39, 30, 33, 39, 6, 17, 39, 19, 2, 21, 26, 20, 17, 30, 20, 17, 39, 10, 20, 2, 14, 2, 22, 30, 39]
    PRED: [19, 27, 24, 37, 39, 19, 0, 28, 30, 2, 21, 37, 39, 22, 17, 8, 39, 6, 27, 2, 19, 39, 20, 2, 34, 37, 39, 30, 33, 39, 6, 17, 39, 19, 2, 21, 26, 36, 20, 17, 30, 20, 17, 39, 16, 20, 2, 22, 8, 39]
    Edit distance: 15/54
  Sample 4:
    TRUE: [9, 2, 39, 30, 33, 31, 39, 13, 10, 27, 17, 39, 13, 11, 14, 0, 30, 39, 30, 33, 39, 19, 2, 21, 39, 35, 10, 22, 39, 27, 0, 18, 11, 37, 39, 30, 33, 31, 39, 13, 10, 20, 39, 4, 30, 39]
    PRED: [9, 2, 39, 30, 33, 31, 39, 34, 10, 27, 17, 39, 26, 27, 17, 19, 0, 30, 39, 30, 33, 39, 30, 2, 21, 39, 27, 2, 22, 39, 27, 10, 18, 11, 37, 39, 30, 33, 31, 39, 13, 16, 20, 39, 4, 30, 39]
    Edit distance: 10/46

============================================================
Batch 21000 | Val PER: 0.2036
============================================================
  Sample 0:
    TRUE: [31, 17, 0, 19, 27, 2, 28, 17, 39, 27, 17, 19, 2, 22, 28, 16, 8, 11, 8, 39]
    PRED: [27, 8, 0, 19, 2, 28, 39, 27, 17, 14, 2, 5, 22, 30, 2, 8, 39]
    Edit distance: 10/20
  Sample 1:
    TRUE: [27, 16, 7, 39, 26, 11, 7, 2, 28, 30, 39, 28, 10, 34, 27, 2, 20, 39, 28, 5, 22, 8, 39, 20, 16, 31, 2, 14, 27, 1, 13, 28, 39]
    PRED: [27, 10, 16, 19, 39, 6, 27, 24, 27, 7, 2, 37, 39, 30, 27, 10, 34, 2, 20, 39, 28, 2, 22, 8, 37, 39, 20, 10, 11, 2, 13, 30, 39]
    Edit distance: 19/33
  Sample 2:
    TRUE: [28, 24, 39, 27, 33, 20, 37, 39, 35, 17, 39, 21, 12, 8, 39, 16, 22, 39, 2, 22, 2, 6, 1, 29, 30, 39, 19, 2, 20, 33, 38, 2, 22, 39]
    PRED: [9, 2, 39, 27, 33, 20, 37, 8, 39, 35, 17, 39, 21, 12, 8, 39, 16, 22, 39, 16, 22, 16, 2, 1, 29, 30, 39, 19, 2, 20, 33, 38, 2, 22, 39]
    Edit distance: 6/34
  Sample 3:
    TRUE: [20, 3, 27, 17, 37, 39, 19, 0, 28, 30, 33, 21, 39, 22, 17, 8, 2, 8, 39, 6, 20, 1, 19, 39, 14, 20, 2, 34, 37, 39, 30, 33, 39, 6, 17, 39, 19, 2, 21, 26, 20, 17, 30, 20, 17, 39, 10, 20, 2, 14, 2, 22, 30, 39]
    PRED: [19, 27, 24, 2, 37, 39, 19, 1, 28, 27, 2, 33, 21, 37, 39, 22, 17, 8, 37, 39, 6, 27, 2, 19, 39, 20, 2, 34, 37, 39, 30, 33, 39, 6, 17, 39, 19, 2, 21, 26, 20, 2, 20, 17, 39, 10, 20, 2, 22, 39]
    Edit distance: 18/54
  Sample 4:
    TRUE: [9, 2, 39, 30, 33, 31, 39, 13, 10, 27, 17, 39, 13, 11, 14, 0, 30, 39, 30, 33, 39, 19, 2, 21, 39, 35, 10, 22, 39, 27, 0, 18, 11, 37, 39, 30, 33, 31, 39, 13, 10, 20, 39, 4, 30, 39]
    PRED: [9, 2, 39, 30, 33, 31, 39, 34, 10, 27, 17, 39, 26, 27, 17, 0, 19, 30, 39, 30, 33, 39, 19, 2, 21, 39, 27, 2, 22, 39, 35, 10, 18, 8, 11, 37, 39, 30, 36, 33, 31, 39, 13, 16, 20, 39, 4, 30, 39]
    Edit distance: 12/46

============================================================
Batch 21500 | Val PER: 0.2056
============================================================
  Sample 0:
    TRUE: [31, 17, 0, 19, 27, 2, 28, 17, 39, 27, 17, 19, 2, 22, 28, 16, 8, 11, 8, 39]
    PRED: [27, 0, 27, 19, 28, 30, 39, 27, 17, 14, 0, 22, 30, 16, 8, 39]
    Edit distance: 10/20
  Sample 1:
    TRUE: [27, 16, 7, 39, 26, 11, 7, 2, 28, 30, 39, 28, 10, 34, 27, 2, 20, 39, 28, 5, 22, 8, 39, 20, 16, 31, 2, 14, 27, 1, 13, 28, 39]
    PRED: [27, 17, 7, 28, 39, 26, 3, 27, 7, 37, 39, 28, 10, 34, 2, 20, 39, 28, 2, 8, 37, 39, 20, 17, 10, 13, 39]
    Edit distance: 18/33
  Sample 2:
    TRUE: [28, 24, 39, 27, 33, 20, 37, 39, 35, 17, 39, 21, 12, 8, 39, 16, 22, 39, 2, 22, 2, 6, 1, 29, 30, 39, 19, 2, 20, 33, 38, 2, 22, 39]
    PRED: [9, 2, 39, 27, 33, 20, 37, 39, 35, 17, 39, 21, 12, 8, 37, 39, 16, 22, 39, 1, 22, 27, 1, 29, 39, 19, 2, 20, 33, 38, 29, 2, 22, 39]
    Edit distance: 8/34
  Sample 3:
    TRUE: [20, 3, 27, 17, 37, 39, 19, 0, 28, 30, 33, 21, 39, 22, 17, 8, 2, 8, 39, 6, 20, 1, 19, 39, 14, 20, 2, 34, 37, 39, 30, 33, 39, 6, 17, 39, 19, 2, 21, 26, 20, 17, 30, 20, 17, 39, 10, 20, 2, 14, 2, 22, 30, 39]
    PRED: [19, 27, 3, 37, 39, 19, 1, 28, 15, 24, 21, 39, 22, 17, 8, 39, 6, 27, 1, 19, 39, 14, 2, 34, 37, 39, 30, 33, 39, 6, 17, 39, 19, 2, 21, 26, 17, 30, 20, 17, 39, 16, 20, 2, 8, 39]
    Edit distance: 16/54
  Sample 4:
    TRUE: [9, 2, 39, 30, 33, 31, 39, 13, 10, 27, 17, 39, 13, 11, 14, 0, 30, 39, 30, 33, 39, 19, 2, 21, 39, 35, 10, 22, 39, 27, 0, 18, 11, 37, 39, 30, 33, 31, 39, 13, 10, 20, 39, 4, 30, 39]
    PRED: [9, 2, 39, 30, 27, 33, 31, 39, 34, 12, 27, 17, 39, 13, 27, 24, 0, 30, 39, 30, 33, 39, 19, 2, 21, 39, 27, 2, 22, 39, 35, 3, 8, 7, 11, 37, 39, 22, 33, 31, 39, 13, 12, 20, 39, 4, 30, 39]
    Edit distance: 13/46

============================================================
Batch 22000 | Val PER: 0.2042
============================================================
  Sample 0:
    TRUE: [31, 17, 0, 19, 27, 2, 28, 17, 39, 27, 17, 19, 2, 22, 28, 16, 8, 11, 8, 39]
    PRED: [15, 10, 0, 19, 2, 28, 39, 27, 17, 14, 27, 5, 22, 8, 2, 8, 39]
    Edit distance: 10/20
  Sample 1:
    TRUE: [27, 16, 7, 39, 26, 11, 7, 2, 28, 30, 39, 28, 10, 34, 27, 2, 20, 39, 28, 5, 22, 8, 39, 20, 16, 31, 2, 14, 27, 1, 13, 28, 39]
    PRED: [15, 17, 7, 39, 26, 0, 27, 7, 2, 37, 39, 28, 10, 34, 2, 20, 39, 28, 5, 22, 8, 37, 39, 31, 10, 20, 11, 0, 13, 39]
    Edit distance: 15/33
  Sample 2:
    TRUE: [28, 24, 39, 27, 33, 20, 37, 39, 35, 17, 39, 21, 12, 8, 39, 16, 22, 39, 2, 22, 2, 6, 1, 29, 30, 39, 19, 2, 20, 33, 38, 2, 22, 39]
    PRED: [15, 4, 39, 27, 33, 20, 37, 39, 35, 17, 39, 21, 12, 8, 37, 39, 16, 22, 39, 16, 22, 16, 21, 1, 29, 39, 19, 2, 20, 33, 38, 2, 22, 39]
    Edit distance: 7/34
  Sample 3:
    TRUE: [20, 3, 27, 17, 37, 39, 19, 0, 28, 30, 33, 21, 39, 22, 17, 8, 2, 8, 39, 6, 20, 1, 19, 39, 14, 20, 2, 34, 37, 39, 30, 33, 39, 6, 17, 39, 19, 2, 21, 26, 20, 17, 30, 20, 17, 39, 10, 20, 2, 14, 2, 22, 30, 39]
    PRED: [19, 27, 24, 39, 19, 1, 28, 15, 33, 21, 39, 22, 17, 8, 37, 39, 6, 27, 2, 19, 39, 14, 27, 2, 6, 37, 39, 30, 33, 39, 6, 17, 39, 19, 2, 21, 26, 16, 30, 17, 39, 16, 20, 2, 22, 8, 39]
    Edit distance: 19/54
  Sample 4:
    TRUE: [9, 2, 39, 30, 33, 31, 39, 13, 10, 27, 17, 39, 13, 11, 14, 0, 30, 39, 30, 33, 39, 19, 2, 21, 39, 35, 10, 22, 39, 27, 0, 18, 11, 37, 39, 30, 33, 31, 39, 13, 10, 20, 39, 4, 30, 39]
    PRED: [9, 2, 39, 30, 33, 31, 39, 34, 10, 17, 39, 26, 27, 2, 0, 19, 30, 39, 30, 33, 39, 19, 2, 21, 39, 13, 27, 2, 22, 39, 35, 10, 18, 7, 11, 37, 39, 36, 33, 31, 39, 13, 1, 20, 39, 4, 30, 39]
    Edit distance: 14/46

============================================================
Batch 22500 | Val PER: 0.2042
============================================================
  Sample 0:
    TRUE: [31, 17, 0, 19, 27, 2, 28, 17, 39, 27, 17, 19, 2, 22, 28, 16, 8, 11, 8, 39]
    PRED: [9, 10, 0, 19, 2, 28, 39, 27, 17, 19, 12, 22, 8, 8, 39]
    Edit distance: 8/20
  Sample 1:
    TRUE: [27, 16, 7, 39, 26, 11, 7, 2, 28, 30, 39, 28, 10, 34, 27, 2, 20, 39, 28, 5, 22, 8, 39, 20, 16, 31, 2, 14, 27, 1, 13, 28, 39]
    PRED: [7, 16, 7, 39, 28, 26, 0, 7, 30, 37, 39, 10, 34, 11, 20, 39, 0, 22, 37, 39, 20, 17, 9, 11, 10, 13, 30, 39]
    Edit distance: 19/33
  Sample 2:
    TRUE: [28, 24, 39, 27, 33, 20, 37, 39, 35, 17, 39, 21, 12, 8, 39, 16, 22, 39, 2, 22, 2, 6, 1, 29, 30, 39, 19, 2, 20, 33, 38, 2, 22, 39]
    PRED: [9, 2, 39, 27, 33, 20, 37, 39, 35, 17, 39, 21, 12, 8, 39, 16, 22, 39, 16, 22, 16, 34, 21, 1, 29, 39, 19, 2, 20, 33, 38, 2, 22, 39]
    Edit distance: 7/34
  Sample 3:
    TRUE: [20, 3, 27, 17, 37, 39, 19, 0, 28, 30, 33, 21, 39, 22, 17, 8, 2, 8, 39, 6, 20, 1, 19, 39, 14, 20, 2, 34, 37, 39, 30, 33, 39, 6, 17, 39, 19, 2, 21, 26, 20, 17, 30, 20, 17, 39, 10, 20, 2, 14, 2, 22, 30, 39]
    PRED: [27, 24, 39, 19, 1, 28, 33, 21, 39, 22, 17, 8, 39, 6, 0, 19, 39, 30, 27, 2, 34, 37, 39, 30, 33, 39, 6, 17, 39, 19, 2, 21, 26, 2, 30, 20, 17, 39, 10, 20, 2, 22, 8, 39]
    Edit distance: 17/54
  Sample 4:
    TRUE: [9, 2, 39, 30, 33, 31, 39, 13, 10, 27, 17, 39, 13, 11, 14, 0, 30, 39, 30, 33, 39, 19, 2, 21, 39, 35, 10, 22, 39, 27, 0, 18, 11, 37, 39, 30, 33, 31, 39, 13, 10, 20, 39, 4, 30, 39]
    PRED: [9, 2, 39, 30, 33, 31, 39, 34, 10, 27, 17, 39, 26, 27, 17, 0, 30, 39, 30, 33, 39, 19, 2, 21, 39, 35, 2, 22, 39, 35, 10, 8, 11, 39, 36, 33, 31, 39, 13, 12, 20, 39, 4, 30, 39]
    Edit distance: 11/46

============================================================
Batch 23000 | Val PER: 0.1966
============================================================
  Sample 0:
    TRUE: [31, 17, 0, 19, 27, 2, 28, 17, 39, 27, 17, 19, 2, 22, 28, 16, 8, 11, 8, 39]
    PRED: [37, 10, 27, 0, 19, 2, 30, 39, 27, 17, 19, 35, 0, 22, 2, 8, 39]
    Edit distance: 12/20
  Sample 1:
    TRUE: [27, 16, 7, 39, 26, 11, 7, 2, 28, 30, 39, 28, 10, 34, 27, 2, 20, 39, 28, 5, 22, 8, 39, 20, 16, 31, 2, 14, 27, 1, 13, 28, 39]
    PRED: [27, 10, 19, 39, 26, 24, 7, 2, 37, 39, 30, 10, 34, 2, 39, 28, 2, 22, 37, 39, 20, 10, 0, 13, 39]
    Edit distance: 17/33
  Sample 2:
    TRUE: [28, 24, 39, 27, 33, 20, 37, 39, 35, 17, 39, 21, 12, 8, 39, 16, 22, 39, 2, 22, 2, 6, 1, 29, 30, 39, 19, 2, 20, 33, 38, 2, 22, 39]
    PRED: [9, 2, 39, 27, 24, 20, 37, 39, 35, 17, 39, 21, 12, 8, 37, 39, 16, 22, 39, 16, 22, 16, 2, 21, 2, 39, 19, 2, 20, 33, 38, 2, 22, 39]
    Edit distance: 10/34
  Sample 3:
    TRUE: [20, 3, 27, 17, 37, 39, 19, 0, 28, 30, 33, 21, 39, 22, 17, 8, 2, 8, 39, 6, 20, 1, 19, 39, 14, 20, 2, 34, 37, 39, 30, 33, 39, 6, 17, 39, 19, 2, 21, 26, 20, 17, 30, 20, 17, 39, 10, 20, 2, 14, 2, 22, 30, 39]
    PRED: [19, 27, 24, 27, 39, 28, 19, 1, 28, 30, 2, 21, 39, 22, 17, 8, 39, 6, 0, 19, 39, 14, 27, 2, 34, 37, 39, 30, 33, 39, 6, 17, 39, 19, 2, 21, 26, 36, 33, 30, 39, 10, 20, 2, 22, 8, 39]
    Edit distance: 19/54
  Sample 4:
    TRUE: [9, 2, 39, 30, 33, 31, 39, 13, 10, 27, 17, 39, 13, 11, 14, 0, 30, 39, 30, 33, 39, 19, 2, 21, 39, 35, 10, 22, 39, 27, 0, 18, 11, 37, 39, 30, 33, 31, 39, 13, 10, 20, 39, 4, 30, 39]
    PRED: [9, 2, 39, 30, 33, 31, 39, 34, 10, 17, 39, 27, 17, 30, 0, 19, 30, 2, 39, 30, 33, 39, 19, 2, 21, 39, 35, 2, 22, 39, 35, 0, 27, 18, 8, 11, 39, 30, 33, 39, 13, 17, 20, 39, 4, 30, 39]
    Edit distance: 14/46

============================================================
Batch 23500 | Val PER: 0.2060
============================================================
  Sample 0:
    TRUE: [31, 17, 0, 19, 27, 2, 28, 17, 39, 27, 17, 19, 2, 22, 28, 16, 8, 11, 8, 39]
    PRED: [9, 1, 27, 19, 27, 2, 28, 39, 27, 17, 14, 35, 5, 22, 8, 30, 2, 8, 39]
    Edit distance: 11/20
  Sample 1:
    TRUE: [27, 16, 7, 39, 26, 11, 7, 2, 28, 30, 39, 28, 10, 34, 27, 2, 20, 39, 28, 5, 22, 8, 39, 20, 16, 31, 2, 14, 27, 1, 13, 28, 39]
    PRED: [35, 10, 19, 39, 26, 3, 7, 2, 37, 39, 30, 28, 10, 34, 2, 20, 39, 28, 5, 22, 8, 37, 39, 19, 20, 16, 28, 11, 27, 0, 13, 39]
    Edit distance: 15/33
  Sample 2:
    TRUE: [28, 24, 39, 27, 33, 20, 37, 39, 35, 17, 39, 21, 12, 8, 39, 16, 22, 39, 2, 22, 2, 6, 1, 29, 30, 39, 19, 2, 20, 33, 38, 2, 22, 39]
    PRED: [9, 2, 39, 27, 33, 37, 8, 39, 35, 17, 39, 21, 5, 8, 39, 16, 22, 39, 16, 22, 2, 21, 2, 29, 30, 39, 19, 2, 20, 33, 38, 2, 22, 39]
    Edit distance: 8/34
  Sample 3:
    TRUE: [20, 3, 27, 17, 37, 39, 19, 0, 28, 30, 33, 21, 39, 22, 17, 8, 2, 8, 39, 6, 20, 1, 19, 39, 14, 20, 2, 34, 37, 39, 30, 33, 39, 6, 17, 39, 19, 2, 21, 26, 20, 17, 30, 20, 17, 39, 10, 20, 2, 14, 2, 22, 30, 39]
    PRED: [19, 27, 24, 27, 39, 19, 1, 28, 30, 2, 21, 39, 22, 17, 8, 39, 6, 27, 2, 19, 39, 14, 27, 16, 34, 8, 39, 30, 33, 39, 6, 17, 39, 19, 2, 21, 26, 36, 2, 30, 20, 17, 39, 10, 20, 2, 22, 8, 39]
    Edit distance: 18/54
  Sample 4:
    TRUE: [9, 2, 39, 30, 33, 31, 39, 13, 10, 27, 17, 39, 13, 11, 14, 0, 30, 39, 30, 33, 39, 19, 2, 21, 39, 35, 10, 22, 39, 27, 0, 18, 11, 37, 39, 30, 33, 31, 39, 13, 10, 20, 39, 4, 30, 39]
    PRED: [9, 2, 39, 30, 33, 31, 39, 34, 4, 27, 17, 11, 39, 26, 13, 11, 0, 30, 39, 30, 33, 39, 19, 2, 21, 39, 27, 2, 22, 39, 35, 10, 27, 18, 7, 11, 39, 22, 33, 31, 39, 13, 1, 20, 4, 30, 39]
    Edit distance: 15/46

============================================================
Batch 24000 | Val PER: 0.2018
============================================================
  Sample 0:
    TRUE: [31, 17, 0, 19, 27, 2, 28, 17, 39, 27, 17, 19, 2, 22, 28, 16, 8, 11, 8, 39]
    PRED: [9, 10, 30, 19, 2, 28, 30, 28, 39, 27, 17, 14, 35, 0, 22, 37, 30, 2, 8, 39]
    Edit distance: 13/20
  Sample 1:
    TRUE: [27, 16, 7, 39, 26, 11, 7, 2, 28, 30, 39, 28, 10, 34, 27, 2, 20, 39, 28, 5, 22, 8, 39, 20, 16, 31, 2, 14, 27, 1, 13, 28, 39]
    PRED: [27, 17, 19, 39, 26, 3, 7, 2, 37, 39, 30, 10, 34, 2, 20, 39, 28, 5, 22, 37, 39, 20, 17, 11, 14, 27, 0, 13, 39]
    Edit distance: 13/33
  Sample 2:
    TRUE: [28, 24, 39, 27, 33, 20, 37, 39, 35, 17, 39, 21, 12, 8, 39, 16, 22, 39, 2, 22, 2, 6, 1, 29, 30, 39, 19, 2, 20, 33, 38, 2, 22, 39]
    PRED: [9, 2, 39, 27, 24, 20, 37, 39, 17, 39, 21, 12, 8, 37, 39, 16, 22, 39, 16, 22, 16, 21, 2, 29, 30, 39, 19, 2, 20, 33, 38, 2, 22, 39]
    Edit distance: 9/34
  Sample 3:
    TRUE: [20, 3, 27, 17, 37, 39, 19, 0, 28, 30, 33, 21, 39, 22, 17, 8, 2, 8, 39, 6, 20, 1, 19, 39, 14, 20, 2, 34, 37, 39, 30, 33, 39, 6, 17, 39, 19, 2, 21, 26, 20, 17, 30, 20, 17, 39, 10, 20, 2, 14, 2, 22, 30, 39]
    PRED: [19, 20, 24, 27, 17, 39, 19, 0, 28, 30, 2, 21, 37, 39, 22, 17, 8, 2, 8, 37, 39, 6, 20, 2, 19, 39, 14, 20, 3, 34, 37, 39, 30, 33, 39, 6, 17, 39, 19, 2, 21, 26, 2, 30, 20, 39, 16, 20, 2, 22, 8, 39]
    Edit distance: 15/54
  Sample 4:
    TRUE: [9, 2, 39, 30, 33, 31, 39, 13, 10, 27, 17, 39, 13, 11, 14, 0, 30, 39, 30, 33, 39, 19, 2, 21, 39, 35, 10, 22, 39, 27, 0, 18, 11, 37, 39, 30, 33, 31, 39, 13, 10, 20, 39, 4, 30, 39]
    PRED: [9, 2, 39, 30, 33, 31, 39, 34, 10, 27, 17, 39, 26, 27, 17, 0, 30, 2, 39, 30, 33, 39, 30, 2, 21, 39, 27, 2, 22, 39, 35, 3, 8, 11, 37, 39, 22, 33, 31, 39, 13, 1, 20, 4, 30, 39]
    Edit distance: 14/46

============================================================
Batch 24500 | Val PER: 0.1979
============================================================
  Sample 0:
    TRUE: [31, 17, 0, 19, 27, 2, 28, 17, 39, 27, 17, 19, 2, 22, 28, 16, 8, 11, 8, 39]
    PRED: [9, 10, 30, 0, 19, 2, 28, 39, 27, 17, 14, 1, 22, 8, 30, 2, 8, 39]
    Edit distance: 11/20
  Sample 1:
    TRUE: [27, 16, 7, 39, 26, 11, 7, 2, 28, 30, 39, 28, 10, 34, 27, 2, 20, 39, 28, 5, 22, 8, 39, 20, 16, 31, 2, 14, 27, 1, 13, 28, 39]
    PRED: [30, 35, 16, 19, 39, 26, 0, 27, 7, 2, 37, 39, 30, 28, 10, 34, 11, 39, 28, 2, 22, 37, 39, 31, 16, 14, 16, 13, 39]
    Edit distance: 19/33
  Sample 2:
    TRUE: [28, 24, 39, 27, 33, 20, 37, 39, 35, 17, 39, 21, 12, 8, 39, 16, 22, 39, 2, 22, 2, 6, 1, 29, 30, 39, 19, 2, 20, 33, 38, 2, 22, 39]
    PRED: [9, 33, 39, 27, 33, 20, 28, 39, 17, 39, 21, 10, 8, 39, 16, 22, 39, 16, 22, 2, 2, 29, 39, 19, 2, 20, 33, 38, 29, 2, 22, 39]
    Edit distance: 10/34
  Sample 3:
    TRUE: [20, 3, 27, 17, 37, 39, 19, 0, 28, 30, 33, 21, 39, 22, 17, 8, 2, 8, 39, 6, 20, 1, 19, 39, 14, 20, 2, 34, 37, 39, 30, 33, 39, 6, 17, 39, 19, 2, 21, 26, 20, 17, 30, 20, 17, 39, 10, 20, 2, 14, 2, 22, 30, 39]
    PRED: [19, 27, 24, 39, 19, 1, 28, 2, 21, 39, 22, 17, 8, 2, 8, 39, 6, 2, 19, 28, 39, 20, 2, 34, 8, 39, 30, 33, 39, 6, 17, 39, 19, 2, 21, 26, 17, 30, 20, 2, 39, 16, 20, 2, 22, 8, 39]
    Edit distance: 18/54
  Sample 4:
    TRUE: [9, 2, 39, 30, 33, 31, 39, 13, 10, 27, 17, 39, 13, 11, 14, 0, 30, 39, 30, 33, 39, 19, 2, 21, 39, 35, 10, 22, 39, 27, 0, 18, 11, 37, 39, 30, 33, 31, 39, 13, 10, 20, 39, 4, 30, 39]
    PRED: [9, 2, 39, 30, 33, 31, 39, 34, 10, 27, 17, 39, 13, 27, 2, 0, 30, 39, 30, 33, 39, 19, 2, 21, 39, 27, 2, 22, 39, 35, 3, 8, 11, 37, 39, 22, 33, 31, 39, 13, 5, 20, 39, 4, 30, 39]
    Edit distance: 10/46

============================================================
Batch 25000 | Val PER: 0.1979
============================================================
  Sample 0:
    TRUE: [31, 17, 0, 19, 27, 2, 28, 17, 39, 27, 17, 19, 2, 22, 28, 16, 8, 11, 8, 39]
    PRED: [9, 10, 27, 19, 2, 28, 39, 27, 17, 14, 35, 0, 8, 2, 8, 39]
    Edit distance: 11/20
  Sample 1:
    TRUE: [27, 16, 7, 39, 26, 11, 7, 2, 28, 30, 39, 28, 10, 34, 27, 2, 20, 39, 28, 5, 22, 8, 39, 20, 16, 31, 2, 14, 27, 1, 13, 28, 39]
    PRED: [35, 16, 7, 39, 26, 0, 29, 39, 10, 34, 2, 20, 39, 28, 5, 22, 37, 39, 20, 17, 3, 14, 27, 1, 13, 39]
    Edit distance: 13/33
  Sample 2:
    TRUE: [28, 24, 39, 27, 33, 20, 37, 39, 35, 17, 39, 21, 12, 8, 39, 16, 22, 39, 2, 22, 2, 6, 1, 29, 30, 39, 19, 2, 20, 33, 38, 2, 22, 39]
    PRED: [15, 33, 39, 27, 11, 20, 37, 39, 35, 17, 39, 21, 12, 8, 39, 16, 22, 39, 16, 22, 34, 21, 5, 28, 39, 19, 16, 20, 33, 38, 2, 22, 39]
    Edit distance: 10/34
  Sample 3:
    TRUE: [20, 3, 27, 17, 37, 39, 19, 0, 28, 30, 33, 21, 39, 22, 17, 8, 2, 8, 39, 6, 20, 1, 19, 39, 14, 20, 2, 34, 37, 39, 30, 33, 39, 6, 17, 39, 19, 2, 21, 26, 20, 17, 30, 20, 17, 39, 10, 20, 2, 14, 2, 22, 30, 39]
    PRED: [19, 27, 5, 17, 37, 39, 19, 1, 28, 33, 21, 39, 22, 17, 8, 39, 6, 27, 0, 19, 39, 20, 3, 13, 37, 39, 30, 33, 39, 6, 17, 39, 19, 2, 21, 26, 36, 17, 30, 2, 39, 10, 20, 2, 22, 8, 39]
    Edit distance: 18/54
  Sample 4:
    TRUE: [9, 2, 39, 30, 33, 31, 39, 13, 10, 27, 17, 39, 13, 11, 14, 0, 30, 39, 30, 33, 39, 19, 2, 21, 39, 35, 10, 22, 39, 27, 0, 18, 11, 37, 39, 30, 33, 31, 39, 13, 10, 20, 39, 4, 30, 39]
    PRED: [9, 2, 39, 30, 27, 33, 31, 39, 34, 10, 17, 39, 26, 11, 0, 14, 30, 39, 30, 33, 39, 19, 2, 21, 39, 27, 10, 22, 39, 35, 3, 7, 11, 39, 28, 33, 31, 39, 13, 5, 20, 39, 4, 30, 39]
    Edit distance: 13/46

============================================================
Batch 25500 | Val PER: 0.1989
============================================================
  Sample 0:
    TRUE: [31, 17, 0, 19, 27, 2, 28, 17, 39, 27, 17, 19, 2, 22, 28, 16, 8, 11, 8, 39]
    PRED: [9, 10, 0, 19, 2, 28, 39, 17, 14, 35, 22, 8, 30, 2, 8, 39]
    Edit distance: 11/20
  Sample 1:
    TRUE: [27, 16, 7, 39, 26, 11, 7, 2, 28, 30, 39, 28, 10, 34, 27, 2, 20, 39, 28, 5, 22, 8, 39, 20, 16, 31, 2, 14, 27, 1, 13, 28, 39]
    PRED: [35, 17, 19, 39, 26, 0, 29, 2, 37, 39, 30, 27, 10, 34, 2, 20, 39, 28, 2, 22, 37, 39, 20, 16, 20, 27, 0, 13, 39]
    Edit distance: 17/33
  Sample 2:
    TRUE: [28, 24, 39, 27, 33, 20, 37, 39, 35, 17, 39, 21, 12, 8, 39, 16, 22, 39, 2, 22, 2, 6, 1, 29, 30, 39, 19, 2, 20, 33, 38, 2, 22, 39]
    PRED: [9, 2, 39, 27, 25, 20, 39, 35, 17, 39, 21, 12, 8, 39, 16, 22, 39, 16, 22, 11, 34, 1, 30, 39, 19, 2, 20, 24, 38, 2, 22, 39]
    Edit distance: 9/34
  Sample 3:
    TRUE: [20, 3, 27, 17, 37, 39, 19, 0, 28, 30, 33, 21, 39, 22, 17, 8, 2, 8, 39, 6, 20, 1, 19, 39, 14, 20, 2, 34, 37, 39, 30, 33, 39, 6, 17, 39, 19, 2, 21, 26, 20, 17, 30, 20, 17, 39, 10, 20, 2, 14, 2, 22, 30, 39]
    PRED: [19, 27, 24, 27, 37, 39, 19, 1, 28, 27, 33, 21, 39, 22, 17, 8, 37, 8, 39, 6, 20, 2, 19, 39, 14, 20, 2, 34, 37, 39, 30, 33, 39, 6, 17, 39, 19, 2, 21, 26, 17, 30, 20, 17, 39, 1, 20, 2, 22, 8, 30, 39]
    Edit distance: 13/54
  Sample 4:
    TRUE: [9, 2, 39, 30, 33, 31, 39, 13, 10, 27, 17, 39, 13, 11, 14, 0, 30, 39, 30, 33, 39, 19, 2, 21, 39, 35, 10, 22, 39, 27, 0, 18, 11, 37, 39, 30, 33, 31, 39, 13, 10, 20, 39, 4, 30, 39]
    PRED: [9, 2, 39, 30, 33, 31, 39, 34, 10, 27, 17, 39, 26, 27, 17, 2, 0, 14, 39, 30, 33, 39, 15, 2, 21, 39, 27, 10, 22, 8, 39, 35, 10, 7, 11, 39, 37, 33, 31, 39, 13, 1, 20, 4, 30, 39]
    Edit distance: 16/46

============================================================
Batch 26000 | Val PER: 0.2001
============================================================
  Sample 0:
    TRUE: [31, 17, 0, 19, 27, 2, 28, 17, 39, 27, 17, 19, 2, 22, 28, 16, 8, 11, 8, 39]
    PRED: [10, 0, 19, 27, 2, 28, 39, 8, 17, 14, 0, 22, 8, 2, 8, 39]
    Edit distance: 9/20
  Sample 1:
    TRUE: [27, 16, 7, 39, 26, 11, 7, 2, 28, 30, 39, 28, 10, 34, 27, 2, 20, 39, 28, 5, 22, 8, 39, 20, 16, 31, 2, 14, 27, 1, 13, 28, 39]
    PRED: [27, 10, 19, 39, 26, 27, 0, 7, 29, 16, 30, 37, 39, 30, 10, 34, 2, 20, 39, 28, 1, 22, 8, 37, 39, 20, 10, 20, 14, 2, 14, 2, 13, 39]
    Edit distance: 17/33
  Sample 2:
    TRUE: [28, 24, 39, 27, 33, 20, 37, 39, 35, 17, 39, 21, 12, 8, 39, 16, 22, 39, 2, 22, 2, 6, 1, 29, 30, 39, 19, 2, 20, 33, 38, 2, 22, 39]
    PRED: [15, 4, 39, 27, 24, 20, 37, 39, 35, 17, 39, 21, 12, 8, 39, 16, 22, 39, 16, 22, 16, 34, 12, 28, 30, 39, 19, 2, 20, 33, 38, 2, 22, 39]
    Edit distance: 8/34
  Sample 3:
    TRUE: [20, 3, 27, 17, 37, 39, 19, 0, 28, 30, 33, 21, 39, 22, 17, 8, 2, 8, 39, 6, 20, 1, 19, 39, 14, 20, 2, 34, 37, 39, 30, 33, 39, 6, 17, 39, 19, 2, 21, 26, 20, 17, 30, 20, 17, 39, 10, 20, 2, 14, 2, 22, 30, 39]
    PRED: [19, 20, 24, 27, 39, 19, 0, 28, 15, 33, 21, 39, 22, 17, 8, 39, 6, 27, 0, 19, 39, 20, 16, 34, 37, 39, 30, 33, 39, 6, 17, 39, 19, 2, 21, 26, 17, 20, 17, 39, 1, 20, 2, 22, 8, 39]
    Edit distance: 17/54
  Sample 4:
    TRUE: [9, 2, 39, 30, 33, 31, 39, 13, 10, 27, 17, 39, 13, 11, 14, 0, 30, 39, 30, 33, 39, 19, 2, 21, 39, 35, 10, 22, 39, 27, 0, 18, 11, 37, 39, 30, 33, 31, 39, 13, 10, 20, 39, 4, 30, 39]
    PRED: [9, 2, 39, 30, 33, 31, 39, 34, 10, 27, 17, 39, 26, 27, 17, 14, 0, 19, 30, 39, 30, 33, 39, 19, 2, 21, 39, 27, 2, 22, 8, 39, 35, 0, 8, 7, 11, 37, 39, 30, 33, 31, 39, 13, 1, 20, 39, 4, 30, 39]
    Edit distance: 12/46

============================================================
Batch 26500 | Val PER: 0.2028
============================================================
  Sample 0:
    TRUE: [31, 17, 0, 19, 27, 2, 28, 17, 39, 27, 17, 19, 2, 22, 28, 16, 8, 11, 8, 39]
    PRED: [20, 10, 19, 27, 2, 28, 39, 27, 17, 14, 35, 5, 0, 22, 30, 2, 8, 39]
    Edit distance: 11/20
  Sample 1:
    TRUE: [27, 16, 7, 39, 26, 11, 7, 2, 28, 30, 39, 28, 10, 34, 27, 2, 20, 39, 28, 5, 22, 8, 39, 20, 16, 31, 2, 14, 27, 1, 13, 28, 39]
    PRED: [35, 17, 19, 39, 26, 0, 29, 7, 2, 30, 39, 30, 10, 34, 2, 39, 14, 5, 22, 37, 39, 19, 20, 10, 20, 11, 10, 13, 28, 39]
    Edit distance: 18/33
  Sample 2:
    TRUE: [28, 24, 39, 27, 33, 20, 37, 39, 35, 17, 39, 21, 12, 8, 39, 16, 22, 39, 2, 22, 2, 6, 1, 29, 30, 39, 19, 2, 20, 33, 38, 2, 22, 39]
    PRED: [15, 16, 39, 27, 17, 20, 28, 37, 39, 35, 17, 39, 21, 12, 8, 39, 16, 22, 39, 16, 22, 16, 34, 1, 28, 39, 19, 2, 20, 33, 38, 2, 22, 39]
    Edit distance: 9/34
  Sample 3:
    TRUE: [20, 3, 27, 17, 37, 39, 19, 0, 28, 30, 33, 21, 39, 22, 17, 8, 2, 8, 39, 6, 20, 1, 19, 39, 14, 20, 2, 34, 37, 39, 30, 33, 39, 6, 17, 39, 19, 2, 21, 26, 20, 17, 30, 20, 17, 39, 10, 20, 2, 14, 2, 22, 30, 39]
    PRED: [19, 27, 24, 39, 19, 1, 28, 19, 33, 21, 37, 39, 22, 17, 8, 39, 6, 27, 0, 19, 39, 14, 27, 2, 13, 37, 39, 30, 33, 39, 6, 17, 39, 19, 2, 21, 26, 20, 17, 20, 2, 39, 16, 20, 2, 22, 30, 39]
    Edit distance: 18/54
  Sample 4:
    TRUE: [9, 2, 39, 30, 33, 31, 39, 13, 10, 27, 17, 39, 13, 11, 14, 0, 30, 39, 30, 33, 39, 19, 2, 21, 39, 35, 10, 22, 39, 27, 0, 18, 11, 37, 39, 30, 33, 31, 39, 13, 10, 20, 39, 4, 30, 39]
    PRED: [9, 2, 39, 30, 33, 31, 39, 34, 10, 27, 17, 39, 26, 27, 17, 0, 19, 22, 39, 30, 33, 39, 19, 2, 21, 39, 27, 1, 22, 39, 35, 10, 8, 18, 11, 39, 30, 33, 31, 39, 13, 10, 20, 4, 30, 39]
    Edit distance: 13/46

============================================================
Batch 27000 | Val PER: 0.1978
============================================================
  Sample 0:
    TRUE: [31, 17, 0, 19, 27, 2, 28, 17, 39, 27, 17, 19, 2, 22, 28, 16, 8, 11, 8, 39]
    PRED: [9, 10, 27, 2, 28, 30, 28, 39, 27, 17, 0, 22, 8, 30, 2, 8, 39]
    Edit distance: 12/20
  Sample 1:
    TRUE: [27, 16, 7, 39, 26, 11, 7, 2, 28, 30, 39, 28, 10, 34, 27, 2, 20, 39, 28, 5, 22, 8, 39, 20, 16, 31, 2, 14, 27, 1, 13, 28, 39]
    PRED: [35, 17, 7, 39, 26, 0, 27, 7, 2, 37, 39, 28, 10, 34, 2, 11, 20, 39, 14, 1, 22, 37, 39, 20, 10, 0, 13, 39]
    Edit distance: 18/33
  Sample 2:
    TRUE: [28, 24, 39, 27, 33, 20, 37, 39, 35, 17, 39, 21, 12, 8, 39, 16, 22, 39, 2, 22, 2, 6, 1, 29, 30, 39, 19, 2, 20, 33, 38, 2, 22, 39]
    PRED: [15, 33, 39, 27, 24, 20, 37, 39, 35, 17, 39, 21, 12, 8, 39, 16, 22, 39, 2, 22, 16, 34, 1, 28, 39, 19, 2, 20, 33, 38, 2, 22, 39]
    Edit distance: 7/34
  Sample 3:
    TRUE: [20, 3, 27, 17, 37, 39, 19, 0, 28, 30, 33, 21, 39, 22, 17, 8, 2, 8, 39, 6, 20, 1, 19, 39, 14, 20, 2, 34, 37, 39, 30, 33, 39, 6, 17, 39, 19, 2, 21, 26, 20, 17, 30, 20, 17, 39, 10, 20, 2, 14, 2, 22, 30, 39]
    PRED: [6, 27, 24, 39, 19, 1, 28, 2, 21, 39, 22, 17, 8, 2, 8, 39, 6, 20, 2, 19, 39, 27, 16, 34, 37, 39, 30, 33, 39, 6, 17, 39, 19, 2, 21, 26, 36, 2, 20, 11, 39, 1, 20, 2, 8, 39]
    Edit distance: 20/54
  Sample 4:
    TRUE: [9, 2, 39, 30, 33, 31, 39, 13, 10, 27, 17, 39, 13, 11, 14, 0, 30, 39, 30, 33, 39, 19, 2, 21, 39, 35, 10, 22, 39, 27, 0, 18, 11, 37, 39, 30, 33, 31, 39, 13, 10, 20, 39, 4, 30, 39]
    PRED: [9, 2, 39, 30, 33, 31, 39, 34, 10, 27, 17, 39, 26, 27, 17, 0, 19, 30, 39, 30, 33, 39, 19, 2, 21, 39, 35, 10, 22, 8, 39, 35, 3, 8, 11, 37, 39, 30, 33, 31, 13, 5, 20, 39, 4, 30, 39]
    Edit distance: 11/46

============================================================
Batch 27500 | Val PER: 0.1964
============================================================
  Sample 0:
    TRUE: [31, 17, 0, 19, 27, 2, 28, 17, 39, 27, 17, 19, 2, 22, 28, 16, 8, 11, 8, 39]
    PRED: [27, 0, 19, 14, 2, 28, 30, 17, 39, 27, 17, 14, 17, 22, 30, 2, 8, 39]
    Edit distance: 10/20
  Sample 1:
    TRUE: [27, 16, 7, 39, 26, 11, 7, 2, 28, 30, 39, 28, 10, 34, 27, 2, 20, 39, 28, 5, 22, 8, 39, 20, 16, 31, 2, 14, 27, 1, 13, 28, 39]
    PRED: [27, 17, 19, 39, 26, 0, 27, 7, 2, 37, 39, 28, 27, 10, 34, 2, 20, 39, 15, 5, 22, 37, 39, 19, 20, 10, 0, 13, 39]
    Edit distance: 18/33
  Sample 2:
    TRUE: [28, 24, 39, 27, 33, 20, 37, 39, 35, 17, 39, 21, 12, 8, 39, 16, 22, 39, 2, 22, 2, 6, 1, 29, 30, 39, 19, 2, 20, 33, 38, 2, 22, 39]
    PRED: [9, 2, 39, 27, 25, 20, 37, 39, 35, 17, 39, 21, 12, 8, 39, 16, 22, 39, 16, 22, 16, 34, 1, 2, 28, 30, 39, 19, 2, 20, 33, 38, 2, 22, 39]
    Edit distance: 8/34
  Sample 3:
    TRUE: [20, 3, 27, 17, 37, 39, 19, 0, 28, 30, 33, 21, 39, 22, 17, 8, 2, 8, 39, 6, 20, 1, 19, 39, 14, 20, 2, 34, 37, 39, 30, 33, 39, 6, 17, 39, 19, 2, 21, 26, 20, 17, 30, 20, 17, 39, 10, 20, 2, 14, 2, 22, 30, 39]
    PRED: [19, 27, 24, 39, 19, 1, 28, 33, 21, 39, 22, 17, 8, 39, 6, 20, 0, 19, 39, 20, 2, 34, 8, 39, 30, 33, 39, 6, 17, 39, 19, 2, 21, 26, 36, 17, 30, 20, 17, 39, 16, 20, 2, 22, 8, 39]
    Edit distance: 16/54
  Sample 4:
    TRUE: [9, 2, 39, 30, 33, 31, 39, 13, 10, 27, 17, 39, 13, 11, 14, 0, 30, 39, 30, 33, 39, 19, 2, 21, 39, 35, 10, 22, 39, 27, 0, 18, 11, 37, 39, 30, 33, 31, 39, 13, 10, 20, 39, 4, 30, 39]
    PRED: [9, 2, 39, 30, 33, 31, 39, 34, 10, 27, 17, 39, 26, 17, 0, 14, 30, 39, 30, 33, 39, 19, 2, 21, 39, 27, 2, 22, 39, 35, 0, 7, 11, 39, 30, 33, 31, 13, 10, 20, 39, 4, 30, 39]
    Edit distance: 11/46

============================================================
Batch 28000 | Val PER: 0.2040
============================================================
  Sample 0:
    TRUE: [31, 17, 0, 19, 27, 2, 28, 17, 39, 27, 17, 19, 2, 22, 28, 16, 8, 11, 8, 39]
    PRED: [20, 10, 14, 2, 28, 39, 27, 17, 14, 35, 2, 2, 8, 39]
    Edit distance: 13/20
  Sample 1:
    TRUE: [27, 16, 7, 39, 26, 11, 7, 2, 28, 30, 39, 28, 10, 34, 27, 2, 20, 39, 28, 5, 22, 8, 39, 20, 16, 31, 2, 14, 27, 1, 13, 28, 39]
    PRED: [27, 10, 19, 39, 26, 27, 0, 27, 7, 18, 2, 37, 39, 30, 27, 10, 34, 2, 20, 39, 7, 5, 22, 37, 39, 20, 16, 14, 14, 27, 5, 13, 39]
    Edit distance: 17/33
  Sample 2:
    TRUE: [28, 24, 39, 27, 33, 20, 37, 39, 35, 17, 39, 21, 12, 8, 39, 16, 22, 39, 2, 22, 2, 6, 1, 29, 30, 39, 19, 2, 20, 33, 38, 2, 22, 39]
    PRED: [9, 2, 39, 27, 25, 20, 37, 39, 35, 17, 39, 21, 12, 8, 39, 16, 22, 39, 16, 22, 34, 5, 28, 39, 19, 16, 20, 33, 38, 2, 22, 39]
    Edit distance: 10/34
  Sample 3:
    TRUE: [20, 3, 27, 17, 37, 39, 19, 0, 28, 30, 33, 21, 39, 22, 17, 8, 2, 8, 39, 6, 20, 1, 19, 39, 14, 20, 2, 34, 37, 39, 30, 33, 39, 6, 17, 39, 19, 2, 21, 26, 20, 17, 30, 20, 17, 39, 10, 20, 2, 14, 2, 22, 30, 39]
    PRED: [14, 27, 24, 17, 39, 19, 1, 28, 27, 33, 21, 39, 22, 17, 8, 39, 6, 27, 2, 19, 39, 20, 16, 34, 8, 39, 30, 33, 39, 6, 17, 39, 19, 2, 21, 26, 36, 17, 20, 17, 39, 10, 20, 2, 22, 8, 39]
    Edit distance: 18/54
  Sample 4:
    TRUE: [9, 2, 39, 30, 33, 31, 39, 13, 10, 27, 17, 39, 13, 11, 14, 0, 30, 39, 30, 33, 39, 19, 2, 21, 39, 35, 10, 22, 39, 27, 0, 18, 11, 37, 39, 30, 33, 31, 39, 13, 10, 20, 39, 4, 30, 39]
    PRED: [9, 2, 39, 30, 33, 31, 39, 13, 10, 12, 39, 26, 27, 17, 14, 0, 14, 39, 30, 33, 39, 19, 2, 21, 39, 27, 2, 22, 8, 39, 35, 5, 39, 37, 33, 31, 39, 13, 5, 20, 39, 4, 30, 39]
    Edit distance: 16/46

============================================================
Batch 28500 | Val PER: 0.2019
============================================================
  Sample 0:
    TRUE: [31, 17, 0, 19, 27, 2, 28, 17, 39, 27, 17, 19, 2, 22, 28, 16, 8, 11, 8, 39]
    PRED: [36, 10, 27, 30, 0, 27, 19, 2, 28, 39, 27, 14, 35, 2, 22, 37, 16, 2, 8, 39]
    Edit distance: 12/20
  Sample 1:
    TRUE: [27, 16, 7, 39, 26, 11, 7, 2, 28, 30, 39, 28, 10, 34, 27, 2, 20, 39, 28, 5, 22, 8, 39, 20, 16, 31, 2, 14, 27, 1, 13, 28, 39]
    PRED: [27, 17, 19, 39, 26, 27, 0, 27, 29, 2, 37, 39, 27, 10, 34, 2, 20, 39, 28, 2, 22, 37, 39, 31, 10, 0, 13, 39]
    Edit distance: 19/33
  Sample 2:
    TRUE: [28, 24, 39, 27, 33, 20, 37, 39, 35, 17, 39, 21, 12, 8, 39, 16, 22, 39, 2, 22, 2, 6, 1, 29, 30, 39, 19, 2, 20, 33, 38, 2, 22, 39]
    PRED: [9, 2, 39, 27, 25, 20, 37, 39, 27, 17, 39, 21, 12, 8, 39, 16, 22, 39, 16, 22, 16, 34, 2, 28, 30, 39, 19, 2, 20, 33, 38, 2, 22, 39]
    Edit distance: 9/34
  Sample 3:
    TRUE: [20, 3, 27, 17, 37, 39, 19, 0, 28, 30, 33, 21, 39, 22, 17, 8, 2, 8, 39, 6, 20, 1, 19, 39, 14, 20, 2, 34, 37, 39, 30, 33, 39, 6, 17, 39, 19, 2, 21, 26, 20, 17, 30, 20, 17, 39, 10, 20, 2, 14, 2, 22, 30, 39]
    PRED: [19, 27, 24, 27, 11, 39, 19, 1, 28, 2, 21, 39, 22, 17, 8, 39, 6, 27, 2, 19, 39, 20, 16, 34, 8, 39, 30, 33, 39, 6, 17, 39, 19, 2, 21, 26, 36, 17, 20, 2, 39, 10, 20, 2, 22, 8, 39]
    Edit distance: 21/54
  Sample 4:
    TRUE: [9, 2, 39, 30, 33, 31, 39, 13, 10, 27, 17, 39, 13, 11, 14, 0, 30, 39, 30, 33, 39, 19, 2, 21, 39, 35, 10, 22, 39, 27, 0, 18, 11, 37, 39, 30, 33, 31, 39, 13, 10, 20, 39, 4, 30, 39]
    PRED: [9, 2, 39, 30, 27, 33, 31, 39, 34, 10, 27, 17, 39, 26, 27, 2, 0, 14, 22, 39, 30, 33, 39, 19, 2, 21, 39, 27, 2, 22, 8, 39, 35, 16, 7, 33, 39, 37, 33, 31, 13, 10, 20, 4, 30, 39]
    Edit distance: 18/46

============================================================
Batch 29000 | Val PER: 0.1974
============================================================
  Sample 0:
    TRUE: [31, 17, 0, 19, 27, 2, 28, 17, 39, 27, 17, 19, 2, 22, 28, 16, 8, 11, 8, 39]
    PRED: [27, 10, 27, 14, 27, 2, 28, 39, 27, 17, 14, 2, 22, 30, 2, 11, 8, 39]
    Edit distance: 9/20
  Sample 1:
    TRUE: [27, 16, 7, 39, 26, 11, 7, 2, 28, 30, 39, 28, 10, 34, 27, 2, 20, 39, 28, 5, 22, 8, 39, 20, 16, 31, 2, 14, 27, 1, 13, 28, 39]
    PRED: [13, 17, 7, 39, 28, 26, 0, 27, 7, 2, 39, 30, 27, 10, 34, 2, 20, 39, 28, 5, 22, 37, 39, 20, 10, 14, 0, 13, 39]
    Edit distance: 16/33
  Sample 2:
    TRUE: [28, 24, 39, 27, 33, 20, 37, 39, 35, 17, 39, 21, 12, 8, 39, 16, 22, 39, 2, 22, 2, 6, 1, 29, 30, 39, 19, 2, 20, 33, 38, 2, 22, 39]
    PRED: [15, 4, 39, 27, 25, 20, 37, 39, 27, 17, 39, 21, 12, 8, 39, 16, 22, 39, 16, 22, 2, 21, 2, 29, 39, 19, 2, 20, 33, 38, 2, 22, 39]
    Edit distance: 8/34
  Sample 3:
    TRUE: [20, 3, 27, 17, 37, 39, 19, 0, 28, 30, 33, 21, 39, 22, 17, 8, 2, 8, 39, 6, 20, 1, 19, 39, 14, 20, 2, 34, 37, 39, 30, 33, 39, 6, 17, 39, 19, 2, 21, 26, 20, 17, 30, 20, 17, 39, 10, 20, 2, 14, 2, 22, 30, 39]
    PRED: [19, 20, 3, 27, 24, 39, 19, 1, 28, 19, 33, 21, 39, 22, 17, 8, 2, 8, 39, 6, 27, 2, 19, 39, 20, 16, 34, 8, 39, 30, 33, 39, 6, 17, 39, 19, 2, 21, 26, 36, 2, 20, 11, 39, 12, 20, 2, 22, 30, 39]
    Edit distance: 17/54
  Sample 4:
    TRUE: [9, 2, 39, 30, 33, 31, 39, 13, 10, 27, 17, 39, 13, 11, 14, 0, 30, 39, 30, 33, 39, 19, 2, 21, 39, 35, 10, 22, 39, 27, 0, 18, 11, 37, 39, 30, 33, 31, 39, 13, 10, 20, 39, 4, 30, 39]
    PRED: [9, 2, 39, 30, 33, 31, 39, 31, 2, 20, 17, 39, 26, 27, 17, 0, 14, 39, 30, 33, 39, 19, 2, 21, 39, 27, 16, 22, 8, 39, 35, 0, 7, 11, 39, 30, 33, 31, 39, 13, 12, 20, 39, 4, 30, 39]
    Edit distance: 14/46

============================================================
Batch 29500 | Val PER: 0.1985
============================================================
  Sample 0:
    TRUE: [31, 17, 0, 19, 27, 2, 28, 17, 39, 27, 17, 19, 2, 22, 28, 16, 8, 11, 8, 39]
    PRED: [29, 10, 19, 2, 28, 39, 27, 17, 14, 2, 22, 30, 2, 8, 39]
    Edit distance: 10/20
  Sample 1:
    TRUE: [27, 16, 7, 39, 26, 11, 7, 2, 28, 30, 39, 28, 10, 34, 27, 2, 20, 39, 28, 5, 22, 8, 39, 20, 16, 31, 2, 14, 27, 1, 13, 28, 39]
    PRED: [27, 17, 7, 39, 26, 0, 27, 7, 2, 37, 39, 28, 27, 10, 34, 2, 20, 39, 28, 2, 22, 37, 39, 19, 20, 16, 11, 2, 13, 39]
    Edit distance: 15/33
  Sample 2:
    TRUE: [28, 24, 39, 27, 33, 20, 37, 39, 35, 17, 39, 21, 12, 8, 39, 16, 22, 39, 2, 22, 2, 6, 1, 29, 30, 39, 19, 2, 20, 33, 38, 2, 22, 39]
    PRED: [15, 24, 39, 27, 25, 20, 37, 39, 35, 17, 39, 21, 12, 8, 39, 16, 22, 39, 16, 22, 2, 21, 2, 28, 39, 19, 2, 20, 33, 38, 2, 22, 39]
    Edit distance: 7/34
  Sample 3:
    TRUE: [20, 3, 27, 17, 37, 39, 19, 0, 28, 30, 33, 21, 39, 22, 17, 8, 2, 8, 39, 6, 20, 1, 19, 39, 14, 20, 2, 34, 37, 39, 30, 33, 39, 6, 17, 39, 19, 2, 21, 26, 20, 17, 30, 20, 17, 39, 10, 20, 2, 14, 2, 22, 30, 39]
    PRED: [19, 27, 24, 27, 2, 11, 39, 19, 1, 28, 30, 2, 21, 37, 39, 22, 17, 8, 39, 6, 27, 2, 19, 39, 20, 2, 34, 37, 39, 30, 33, 39, 6, 17, 39, 19, 2, 21, 26, 36, 2, 30, 20, 2, 39, 10, 20, 2, 22, 30, 39]
    Edit distance: 18/54
  Sample 4:
    TRUE: [9, 2, 39, 30, 33, 31, 39, 13, 10, 27, 17, 39, 13, 11, 14, 0, 30, 39, 30, 33, 39, 19, 2, 21, 39, 35, 10, 22, 39, 27, 0, 18, 11, 37, 39, 30, 33, 31, 39, 13, 10, 20, 39, 4, 30, 39]
    PRED: [9, 2, 39, 8, 11, 31, 39, 2, 17, 39, 27, 17, 0, 30, 39, 30, 33, 39, 19, 2, 21, 39, 35, 2, 22, 8, 39, 35, 0, 8, 18, 11, 39, 28, 33, 31, 39, 13, 5, 20, 39, 4, 30, 39]
    Edit distance: 15/46

============================================================
Batch 30000 | Val PER: 0.1974
============================================================
  Sample 0:
    TRUE: [31, 17, 0, 19, 27, 2, 28, 17, 39, 27, 17, 19, 2, 22, 28, 16, 8, 11, 8, 39]
    PRED: [29, 10, 19, 27, 2, 28, 39, 27, 17, 19, 0, 22, 30, 2, 8, 39]
    Edit distance: 9/20
  Sample 1:
    TRUE: [27, 16, 7, 39, 26, 11, 7, 2, 28, 30, 39, 28, 10, 34, 27, 2, 20, 39, 28, 5, 22, 8, 39, 20, 16, 31, 2, 14, 27, 1, 13, 28, 39]
    PRED: [27, 17, 7, 39, 26, 0, 18, 2, 37, 39, 30, 27, 10, 34, 2, 20, 39, 5, 22, 37, 39, 20, 16, 28, 16, 13, 39]
    Edit distance: 16/33
  Sample 2:
    TRUE: [28, 24, 39, 27, 33, 20, 37, 39, 35, 17, 39, 21, 12, 8, 39, 16, 22, 39, 2, 22, 2, 6, 1, 29, 30, 39, 19, 2, 20, 33, 38, 2, 22, 39]
    PRED: [30, 2, 39, 27, 25, 20, 37, 39, 35, 17, 39, 21, 12, 8, 39, 16, 22, 39, 16, 22, 16, 21, 2, 28, 39, 19, 2, 20, 33, 38, 2, 22, 39]
    Edit distance: 9/34
  Sample 3:
    TRUE: [20, 3, 27, 17, 37, 39, 19, 0, 28, 30, 33, 21, 39, 22, 17, 8, 2, 8, 39, 6, 20, 1, 19, 39, 14, 20, 2, 34, 37, 39, 30, 33, 39, 6, 17, 39, 19, 2, 21, 26, 20, 17, 30, 20, 17, 39, 10, 20, 2, 14, 2, 22, 30, 39]
    PRED: [19, 27, 3, 27, 39, 19, 1, 28, 30, 2, 21, 39, 22, 17, 8, 39, 6, 20, 0, 19, 39, 20, 2, 34, 8, 39, 30, 33, 39, 6, 17, 39, 19, 2, 21, 26, 36, 17, 20, 17, 39, 16, 20, 2, 22, 8, 39]
    Edit distance: 17/54
  Sample 4:
    TRUE: [9, 2, 39, 30, 33, 31, 39, 13, 10, 27, 17, 39, 13, 11, 14, 0, 30, 39, 30, 33, 39, 19, 2, 21, 39, 35, 10, 22, 39, 27, 0, 18, 11, 37, 39, 30, 33, 31, 39, 13, 10, 20, 39, 4, 30, 39]
    PRED: [9, 2, 39, 30, 11, 31, 39, 34, 4, 20, 12, 39, 26, 27, 17, 14, 0, 14, 39, 30, 33, 39, 19, 2, 21, 39, 27, 4, 22, 8, 39, 35, 3, 0, 29, 39, 30, 33, 31, 13, 4, 20, 4, 30, 39]
    Edit distance: 20/46

============================================================
Batch 30500 | Val PER: 0.2023
============================================================
  Sample 0:
    TRUE: [31, 17, 0, 19, 27, 2, 28, 17, 39, 27, 17, 19, 2, 22, 28, 16, 8, 11, 8, 39]
    PRED: [8, 10, 0, 27, 2, 28, 39, 17, 0, 22, 30, 2, 8, 39]
    Edit distance: 11/20
  Sample 1:
    TRUE: [27, 16, 7, 39, 26, 11, 7, 2, 28, 30, 39, 28, 10, 34, 27, 2, 20, 39, 28, 5, 22, 8, 39, 20, 16, 31, 2, 14, 27, 1, 13, 28, 39]
    PRED: [35, 16, 7, 39, 26, 0, 7, 2, 37, 39, 30, 27, 10, 34, 2, 20, 39, 5, 22, 39, 20, 16, 20, 5, 13, 39]
    Edit distance: 15/33
  Sample 2:
    TRUE: [28, 24, 39, 27, 33, 20, 37, 39, 35, 17, 39, 21, 12, 8, 39, 16, 22, 39, 2, 22, 2, 6, 1, 29, 30, 39, 19, 2, 20, 33, 38, 2, 22, 39]
    PRED: [9, 2, 39, 27, 33, 20, 37, 39, 35, 11, 39, 21, 12, 8, 39, 16, 22, 39, 16, 22, 21, 2, 28, 39, 19, 2, 20, 33, 38, 2, 22, 39]
    Edit distance: 9/34
  Sample 3:
    TRUE: [20, 3, 27, 17, 37, 39, 19, 0, 28, 30, 33, 21, 39, 22, 17, 8, 2, 8, 39, 6, 20, 1, 19, 39, 14, 20, 2, 34, 37, 39, 30, 33, 39, 6, 17, 39, 19, 2, 21, 26, 20, 17, 30, 20, 17, 39, 10, 20, 2, 14, 2, 22, 30, 39]
    PRED: [19, 35, 3, 27, 17, 39, 19, 0, 28, 19, 33, 21, 39, 22, 17, 8, 39, 6, 20, 24, 19, 39, 20, 2, 34, 37, 39, 30, 33, 39, 6, 17, 39, 19, 2, 21, 26, 36, 30, 20, 39, 16, 20, 2, 22, 8, 39]
    Edit distance: 15/54
  Sample 4:
    TRUE: [9, 2, 39, 30, 33, 31, 39, 13, 10, 27, 17, 39, 13, 11, 14, 0, 30, 39, 30, 33, 39, 19, 2, 21, 39, 35, 10, 22, 39, 27, 0, 18, 11, 37, 39, 30, 33, 31, 39, 13, 10, 20, 39, 4, 30, 39]
    PRED: [9, 2, 39, 30, 33, 31, 39, 13, 12, 11, 39, 27, 17, 0, 14, 22, 39, 30, 33, 39, 19, 2, 21, 39, 35, 4, 22, 8, 39, 35, 0, 8, 18, 11, 39, 30, 33, 31, 39, 13, 12, 20, 39, 4, 30, 39]
    Edit distance: 14/46

============================================================
Batch 31000 | Val PER: 0.2014
============================================================
  Sample 0:
    TRUE: [31, 17, 0, 19, 27, 2, 28, 17, 39, 27, 17, 19, 2, 22, 28, 16, 8, 11, 8, 39]
    PRED: [29, 17, 27, 2, 28, 39, 27, 17, 14, 35, 0, 22, 30, 2, 8, 39]
    Edit distance: 11/20
  Sample 1:
    TRUE: [27, 16, 7, 39, 26, 11, 7, 2, 28, 30, 39, 28, 10, 34, 27, 2, 20, 39, 28, 5, 22, 8, 39, 20, 16, 31, 2, 14, 27, 1, 13, 28, 39]
    PRED: [7, 17, 7, 39, 26, 0, 27, 7, 2, 37, 39, 30, 27, 10, 34, 2, 20, 39, 5, 2, 22, 39, 20, 16, 5, 13, 39]
    Edit distance: 18/33
  Sample 2:
    TRUE: [28, 24, 39, 27, 33, 20, 37, 39, 35, 17, 39, 21, 12, 8, 39, 16, 22, 39, 2, 22, 2, 6, 1, 29, 30, 39, 19, 2, 20, 33, 38, 2, 22, 39]
    PRED: [15, 2, 39, 27, 24, 20, 37, 39, 35, 17, 39, 21, 12, 8, 39, 16, 22, 39, 16, 22, 16, 27, 2, 28, 39, 19, 2, 20, 33, 38, 2, 22, 39]
    Edit distance: 9/34
  Sample 3:
    TRUE: [20, 3, 27, 17, 37, 39, 19, 0, 28, 30, 33, 21, 39, 22, 17, 8, 2, 8, 39, 6, 20, 1, 19, 39, 14, 20, 2, 34, 37, 39, 30, 33, 39, 6, 17, 39, 19, 2, 21, 26, 20, 17, 30, 20, 17, 39, 10, 20, 2, 14, 2, 22, 30, 39]
    PRED: [19, 27, 24, 27, 39, 19, 0, 28, 30, 2, 21, 39, 22, 17, 8, 39, 6, 20, 2, 19, 39, 20, 2, 34, 37, 39, 30, 33, 39, 6, 17, 39, 19, 2, 21, 26, 36, 2, 20, 39, 10, 20, 2, 22, 8, 39]
    Edit distance: 16/54
  Sample 4:
    TRUE: [9, 2, 39, 30, 33, 31, 39, 13, 10, 27, 17, 39, 13, 11, 14, 0, 30, 39, 30, 33, 39, 19, 2, 21, 39, 35, 10, 22, 39, 27, 0, 18, 11, 37, 39, 30, 33, 31, 39, 13, 10, 20, 39, 4, 30, 39]
    PRED: [9, 2, 39, 30, 33, 31, 39, 34, 10, 20, 17, 39, 34, 11, 0, 19, 22, 30, 39, 30, 33, 39, 19, 2, 21, 39, 35, 1, 22, 39, 35, 0, 8, 11, 39, 30, 33, 39, 13, 1, 20, 4, 30, 39]
    Edit distance: 13/46

============================================================
Batch 31500 | Val PER: 0.1945
============================================================
  Sample 0:
    TRUE: [31, 17, 0, 19, 27, 2, 28, 17, 39, 27, 17, 19, 2, 22, 28, 16, 8, 11, 8, 39]
    PRED: [29, 17, 19, 27, 2, 28, 39, 27, 17, 14, 35, 12, 30, 2, 8, 39]
    Edit distance: 10/20
  Sample 1:
    TRUE: [27, 16, 7, 39, 26, 11, 7, 2, 28, 30, 39, 28, 10, 34, 27, 2, 20, 39, 28, 5, 22, 8, 39, 20, 16, 31, 2, 14, 27, 1, 13, 28, 39]
    PRED: [35, 17, 19, 39, 26, 27, 3, 27, 7, 2, 37, 39, 27, 10, 34, 2, 20, 39, 28, 5, 22, 39, 19, 20, 16, 10, 11, 27, 1, 13, 39]
    Edit distance: 16/33
  Sample 2:
    TRUE: [28, 24, 39, 27, 33, 20, 37, 39, 35, 17, 39, 21, 12, 8, 39, 16, 22, 39, 2, 22, 2, 6, 1, 29, 30, 39, 19, 2, 20, 33, 38, 2, 22, 39]
    PRED: [15, 4, 39, 27, 33, 20, 37, 39, 35, 17, 39, 21, 12, 8, 39, 16, 22, 39, 16, 22, 16, 27, 21, 2, 28, 39, 19, 2, 20, 33, 38, 2, 22, 39]
    Edit distance: 8/34
  Sample 3:
    TRUE: [20, 3, 27, 17, 37, 39, 19, 0, 28, 30, 33, 21, 39, 22, 17, 8, 2, 8, 39, 6, 20, 1, 19, 39, 14, 20, 2, 34, 37, 39, 30, 33, 39, 6, 17, 39, 19, 2, 21, 26, 20, 17, 30, 20, 17, 39, 10, 20, 2, 14, 2, 22, 30, 39]
    PRED: [19, 27, 3, 27, 39, 19, 0, 28, 30, 33, 2, 21, 39, 22, 17, 8, 2, 8, 39, 6, 27, 0, 19, 39, 30, 20, 2, 34, 37, 39, 30, 33, 39, 6, 17, 39, 19, 2, 21, 26, 36, 2, 30, 20, 39, 10, 20, 2, 22, 8, 39]
    Edit distance: 14/54
  Sample 4:
    TRUE: [9, 2, 39, 30, 33, 31, 39, 13, 10, 27, 17, 39, 13, 11, 14, 0, 30, 39, 30, 33, 39, 19, 2, 21, 39, 35, 10, 22, 39, 27, 0, 18, 11, 37, 39, 30, 33, 31, 39, 13, 10, 20, 39, 4, 30, 39]
    PRED: [9, 2, 39, 28, 30, 33, 31, 39, 10, 27, 17, 39, 26, 27, 17, 0, 19, 30, 22, 39, 30, 33, 39, 19, 2, 21, 39, 27, 4, 22, 8, 39, 35, 3, 27, 8, 11, 39, 28, 30, 33, 31, 39, 13, 12, 20, 39, 4, 30, 39]
    Edit distance: 17/46

============================================================
Batch 32000 | Val PER: 0.1940
============================================================
  Sample 0:
    TRUE: [31, 17, 0, 19, 27, 2, 28, 17, 39, 27, 17, 19, 2, 22, 28, 16, 8, 11, 8, 39]
    PRED: [29, 10, 27, 2, 28, 39, 27, 17, 14, 35, 0, 22, 30, 2, 8, 39]
    Edit distance: 12/20
  Sample 1:
    TRUE: [27, 16, 7, 39, 26, 11, 7, 2, 28, 30, 39, 28, 10, 34, 27, 2, 20, 39, 28, 5, 22, 8, 39, 20, 16, 31, 2, 14, 27, 1, 13, 28, 39]
    PRED: [27, 17, 7, 39, 26, 0, 29, 2, 30, 39, 28, 10, 34, 2, 20, 39, 7, 2, 22, 37, 39, 20, 10, 0, 13, 39]
    Edit distance: 15/33
  Sample 2:
    TRUE: [28, 24, 39, 27, 33, 20, 37, 39, 35, 17, 39, 21, 12, 8, 39, 16, 22, 39, 2, 22, 2, 6, 1, 29, 30, 39, 19, 2, 20, 33, 38, 2, 22, 39]
    PRED: [9, 2, 39, 27, 33, 20, 37, 39, 35, 17, 39, 21, 12, 8, 39, 16, 22, 39, 16, 22, 16, 34, 21, 2, 29, 39, 19, 2, 20, 33, 38, 2, 22, 39]
    Edit distance: 8/34
  Sample 3:
    TRUE: [20, 3, 27, 17, 37, 39, 19, 0, 28, 30, 33, 21, 39, 22, 17, 8, 2, 8, 39, 6, 20, 1, 19, 39, 14, 20, 2, 34, 37, 39, 30, 33, 39, 6, 17, 39, 19, 2, 21, 26, 20, 17, 30, 20, 17, 39, 10, 20, 2, 14, 2, 22, 30, 39]
    PRED: [19, 20, 24, 27, 37, 39, 19, 0, 28, 33, 21, 39, 22, 17, 8, 37, 8, 39, 6, 24, 19, 39, 20, 2, 34, 37, 39, 30, 33, 39, 6, 17, 39, 19, 2, 21, 26, 36, 2, 30, 20, 39, 10, 20, 2, 22, 8, 39]
    Edit distance: 14/54
  Sample 4:
    TRUE: [9, 2, 39, 30, 33, 31, 39, 13, 10, 27, 17, 39, 13, 11, 14, 0, 30, 39, 30, 33, 39, 19, 2, 21, 39, 35, 10, 22, 39, 27, 0, 18, 11, 37, 39, 30, 33, 31, 39, 13, 10, 20, 39, 4, 30, 39]
    PRED: [9, 2, 39, 30, 33, 31, 39, 34, 10, 27, 17, 2, 39, 26, 13, 11, 0, 14, 30, 39, 30, 33, 39, 19, 2, 21, 39, 27, 4, 22, 8, 39, 35, 0, 8, 33, 39, 30, 33, 31, 39, 13, 10, 20, 4, 30, 39]
    Edit distance: 13/46

============================================================
Batch 32500 | Val PER: 0.1937
============================================================
  Sample 0:
    TRUE: [31, 17, 0, 19, 27, 2, 28, 17, 39, 27, 17, 19, 2, 22, 28, 16, 8, 11, 8, 39]
    PRED: [29, 10, 14, 2, 28, 39, 27, 17, 14, 30, 2, 8, 39]
    Edit distance: 13/20
  Sample 1:
    TRUE: [27, 16, 7, 39, 26, 11, 7, 2, 28, 30, 39, 28, 10, 34, 27, 2, 20, 39, 28, 5, 22, 8, 39, 20, 16, 31, 2, 14, 27, 1, 13, 28, 39]
    PRED: [27, 17, 7, 19, 39, 26, 27, 0, 7, 2, 30, 39, 28, 10, 34, 2, 20, 39, 5, 22, 37, 39, 20, 17, 1, 13, 39]
    Edit distance: 14/33
  Sample 2:
    TRUE: [28, 24, 39, 27, 33, 20, 37, 39, 35, 17, 39, 21, 12, 8, 39, 16, 22, 39, 2, 22, 2, 6, 1, 29, 30, 39, 19, 2, 20, 33, 38, 2, 22, 39]
    PRED: [9, 2, 39, 27, 33, 20, 37, 39, 35, 17, 39, 21, 12, 8, 39, 16, 22, 39, 16, 22, 16, 27, 21, 2, 28, 39, 19, 2, 20, 33, 38, 2, 22, 39]
    Edit distance: 8/34
  Sample 3:
    TRUE: [20, 3, 27, 17, 37, 39, 19, 0, 28, 30, 33, 21, 39, 22, 17, 8, 2, 8, 39, 6, 20, 1, 19, 39, 14, 20, 2, 34, 37, 39, 30, 33, 39, 6, 17, 39, 19, 2, 21, 26, 20, 17, 30, 20, 17, 39, 10, 20, 2, 14, 2, 22, 30, 39]
    PRED: [27, 24, 27, 39, 19, 0, 30, 33, 21, 37, 39, 22, 17, 8, 2, 8, 39, 6, 27, 0, 19, 39, 20, 2, 34, 37, 39, 30, 33, 39, 6, 17, 39, 19, 2, 21, 26, 36, 2, 30, 20, 2, 39, 16, 20, 2, 22, 8, 39]
    Edit distance: 16/54
  Sample 4:
    TRUE: [9, 2, 39, 30, 33, 31, 39, 13, 10, 27, 17, 39, 13, 11, 14, 0, 30, 39, 30, 33, 39, 19, 2, 21, 39, 35, 10, 22, 39, 27, 0, 18, 11, 37, 39, 30, 33, 31, 39, 13, 10, 20, 39, 4, 30, 39]
    PRED: [9, 2, 39, 30, 33, 31, 39, 34, 12, 20, 17, 12, 39, 26, 27, 17, 8, 0, 14, 30, 39, 30, 33, 39, 19, 2, 21, 39, 27, 12, 22, 39, 35, 0, 27, 8, 7, 11, 39, 30, 33, 31, 39, 13, 17, 20, 39, 4, 30, 39]
    Edit distance: 17/46

============================================================
Batch 33000 | Val PER: 0.1967
============================================================
  Sample 0:
    TRUE: [31, 17, 0, 19, 27, 2, 28, 17, 39, 27, 17, 19, 2, 22, 28, 16, 8, 11, 8, 39]
    PRED: [8, 10, 30, 27, 19, 2, 28, 39, 27, 17, 14, 12, 30, 2, 8, 39]
    Edit distance: 13/20
  Sample 1:
    TRUE: [27, 16, 7, 39, 26, 11, 7, 2, 28, 30, 39, 28, 10, 34, 27, 2, 20, 39, 28, 5, 22, 8, 39, 20, 16, 31, 2, 14, 27, 1, 13, 28, 39]
    PRED: [27, 17, 7, 39, 28, 26, 11, 27, 7, 2, 37, 39, 30, 28, 10, 34, 2, 20, 39, 5, 22, 37, 39, 20, 16, 14, 0, 13, 39]
    Edit distance: 14/33
  Sample 2:
    TRUE: [28, 24, 39, 27, 33, 20, 37, 39, 35, 17, 39, 21, 12, 8, 39, 16, 22, 39, 2, 22, 2, 6, 1, 29, 30, 39, 19, 2, 20, 33, 38, 2, 22, 39]
    PRED: [9, 2, 39, 27, 33, 20, 37, 39, 35, 17, 39, 21, 12, 8, 39, 16, 22, 39, 16, 22, 16, 34, 27, 1, 28, 39, 19, 2, 20, 33, 38, 2, 22, 39]
    Edit distance: 8/34
  Sample 3:
    TRUE: [20, 3, 27, 17, 37, 39, 19, 0, 28, 30, 33, 21, 39, 22, 17, 8, 2, 8, 39, 6, 20, 1, 19, 39, 14, 20, 2, 34, 37, 39, 30, 33, 39, 6, 17, 39, 19, 2, 21, 26, 20, 17, 30, 20, 17, 39, 10, 20, 2, 14, 2, 22, 30, 39]
    PRED: [19, 27, 24, 27, 2, 39, 28, 19, 0, 28, 30, 33, 21, 39, 22, 17, 8, 37, 8, 39, 6, 27, 2, 19, 39, 20, 2, 34, 37, 39, 30, 33, 39, 6, 17, 39, 19, 2, 21, 26, 36, 2, 30, 20, 2, 39, 10, 20, 5, 2, 22, 37, 39]
    Edit distance: 16/54
  Sample 4:
    TRUE: [9, 2, 39, 30, 33, 31, 39, 13, 10, 27, 17, 39, 13, 11, 14, 0, 30, 39, 30, 33, 39, 19, 2, 21, 39, 35, 10, 22, 39, 27, 0, 18, 11, 37, 39, 30, 33, 31, 39, 13, 10, 20, 39, 4, 30, 39]
    PRED: [9, 2, 39, 30, 33, 31, 39, 34, 12, 27, 17, 12, 39, 26, 13, 11, 14, 0, 14, 30, 39, 30, 33, 39, 30, 2, 21, 39, 13, 2, 22, 8, 39, 35, 0, 27, 29, 11, 39, 28, 33, 31, 39, 13, 12, 20, 39, 4, 30, 39]
    Edit distance: 15/46

============================================================
Batch 33500 | Val PER: 0.1985
============================================================
  Sample 0:
    TRUE: [31, 17, 0, 19, 27, 2, 28, 17, 39, 27, 17, 19, 2, 22, 28, 16, 8, 11, 8, 39]
    PRED: [29, 10, 27, 2, 39, 27, 17, 19, 35, 30, 2, 8, 39]
    Edit distance: 12/20
  Sample 1:
    TRUE: [27, 16, 7, 39, 26, 11, 7, 2, 28, 30, 39, 28, 10, 34, 27, 2, 20, 39, 28, 5, 22, 8, 39, 20, 16, 31, 2, 14, 27, 1, 13, 28, 39]
    PRED: [27, 17, 7, 39, 26, 0, 27, 7, 2, 37, 39, 30, 27, 10, 34, 2, 20, 39, 7, 5, 22, 37, 39, 19, 20, 10, 16, 13, 39]
    Edit distance: 18/33
  Sample 2:
    TRUE: [28, 24, 39, 27, 33, 20, 37, 39, 35, 17, 39, 21, 12, 8, 39, 16, 22, 39, 2, 22, 2, 6, 1, 29, 30, 39, 19, 2, 20, 33, 38, 2, 22, 39]
    PRED: [15, 2, 39, 27, 33, 20, 37, 39, 35, 17, 39, 21, 12, 8, 39, 16, 22, 39, 16, 22, 16, 21, 2, 28, 39, 19, 2, 20, 33, 38, 2, 22, 39]
    Edit distance: 8/34
  Sample 3:
    TRUE: [20, 3, 27, 17, 37, 39, 19, 0, 28, 30, 33, 21, 39, 22, 17, 8, 2, 8, 39, 6, 20, 1, 19, 39, 14, 20, 2, 34, 37, 39, 30, 33, 39, 6, 17, 39, 19, 2, 21, 26, 20, 17, 30, 20, 17, 39, 10, 20, 2, 14, 2, 22, 30, 39]
    PRED: [19, 27, 24, 24, 39, 19, 0, 28, 30, 33, 21, 37, 39, 22, 17, 8, 39, 6, 27, 0, 19, 39, 20, 16, 34, 37, 39, 30, 33, 39, 6, 17, 39, 19, 2, 21, 26, 36, 2, 20, 2, 39, 10, 20, 2, 22, 30, 39]
    Edit distance: 17/54
  Sample 4:
    TRUE: [9, 2, 39, 30, 33, 31, 39, 13, 10, 27, 17, 39, 13, 11, 14, 0, 30, 39, 30, 33, 39, 19, 2, 21, 39, 35, 10, 22, 39, 27, 0, 18, 11, 37, 39, 30, 33, 31, 39, 13, 10, 20, 39, 4, 30, 39]
    PRED: [9, 2, 39, 30, 27, 33, 31, 39, 13, 12, 27, 17, 39, 26, 11, 8, 0, 14, 39, 30, 33, 39, 19, 2, 21, 39, 27, 12, 22, 8, 39, 35, 0, 18, 33, 39, 27, 33, 31, 39, 13, 10, 20, 39, 4, 30, 39]
    Edit distance: 12/46

============================================================
Batch 34000 | Val PER: 0.2008
============================================================
  Sample 0:
    TRUE: [31, 17, 0, 19, 27, 2, 28, 17, 39, 27, 17, 19, 2, 22, 28, 16, 8, 11, 8, 39]
    PRED: [27, 10, 27, 2, 28, 39, 27, 17, 14, 22, 2, 8, 39]
    Edit distance: 11/20
  Sample 1:
    TRUE: [27, 16, 7, 39, 26, 11, 7, 2, 28, 30, 39, 28, 10, 34, 27, 2, 20, 39, 28, 5, 22, 8, 39, 20, 16, 31, 2, 14, 27, 1, 13, 28, 39]
    PRED: [27, 10, 14, 26, 11, 18, 16, 39, 28, 10, 34, 2, 20, 39, 5, 22, 39, 20, 16, 10, 13, 39]
    Edit distance: 16/33
  Sample 2:
    TRUE: [28, 24, 39, 27, 33, 20, 37, 39, 35, 17, 39, 21, 12, 8, 39, 16, 22, 39, 2, 22, 2, 6, 1, 29, 30, 39, 19, 2, 20, 33, 38, 2, 22, 39]
    PRED: [9, 2, 39, 27, 33, 20, 39, 35, 17, 39, 21, 12, 8, 39, 16, 22, 39, 16, 22, 16, 27, 10, 28, 39, 19, 2, 20, 33, 38, 2, 22, 39]
    Edit distance: 9/34
  Sample 3:
    TRUE: [20, 3, 27, 17, 37, 39, 19, 0, 28, 30, 33, 21, 39, 22, 17, 8, 2, 8, 39, 6, 20, 1, 19, 39, 14, 20, 2, 34, 37, 39, 30, 33, 39, 6, 17, 39, 19, 2, 21, 26, 20, 17, 30, 20, 17, 39, 10, 20, 2, 14, 2, 22, 30, 39]
    PRED: [19, 20, 24, 39, 19, 1, 28, 27, 33, 21, 39, 22, 17, 8, 11, 8, 39, 6, 27, 2, 19, 39, 20, 2, 34, 37, 39, 30, 33, 39, 6, 17, 39, 19, 2, 21, 26, 36, 20, 11, 39, 10, 20, 2, 22, 39]
    Edit distance: 18/54
  Sample 4:
    TRUE: [9, 2, 39, 30, 33, 31, 39, 13, 10, 27, 17, 39, 13, 11, 14, 0, 30, 39, 30, 33, 39, 19, 2, 21, 39, 35, 10, 22, 39, 27, 0, 18, 11, 37, 39, 30, 33, 31, 39, 13, 10, 20, 39, 4, 30, 39]
    PRED: [9, 2, 39, 30, 27, 33, 31, 39, 12, 27, 17, 39, 26, 27, 11, 0, 14, 39, 30, 33, 39, 19, 2, 21, 39, 27, 16, 22, 8, 39, 35, 3, 18, 11, 39, 28, 33, 31, 39, 13, 12, 20, 4, 30, 39]
    Edit distance: 16/46

============================================================
Batch 34500 | Val PER: 0.1967
============================================================
  Sample 0:
    TRUE: [31, 17, 0, 19, 27, 2, 28, 17, 39, 27, 17, 19, 2, 22, 28, 16, 8, 11, 8, 39]
    PRED: [36, 10, 27, 2, 28, 39, 27, 17, 14, 27, 2, 22, 30, 2, 8, 39]
    Edit distance: 11/20
  Sample 1:
    TRUE: [27, 16, 7, 39, 26, 11, 7, 2, 28, 30, 39, 28, 10, 34, 27, 2, 20, 39, 28, 5, 22, 8, 39, 20, 16, 31, 2, 14, 27, 1, 13, 28, 39]
    PRED: [27, 17, 7, 39, 28, 26, 0, 7, 2, 37, 39, 27, 10, 34, 2, 20, 39, 28, 10, 22, 8, 39, 20, 16, 34, 16, 1, 13, 39]
    Edit distance: 13/33
  Sample 2:
    TRUE: [28, 24, 39, 27, 33, 20, 37, 39, 35, 17, 39, 21, 12, 8, 39, 16, 22, 39, 2, 22, 2, 6, 1, 29, 30, 39, 19, 2, 20, 33, 38, 2, 22, 39]
    PRED: [15, 33, 39, 27, 33, 20, 37, 39, 35, 17, 39, 21, 12, 8, 39, 16, 22, 39, 16, 22, 16, 6, 27, 1, 28, 39, 19, 2, 20, 33, 38, 2, 22, 39]
    Edit distance: 7/34
  Sample 3:
    TRUE: [20, 3, 27, 17, 37, 39, 19, 0, 28, 30, 33, 21, 39, 22, 17, 8, 2, 8, 39, 6, 20, 1, 19, 39, 14, 20, 2, 34, 37, 39, 30, 33, 39, 6, 17, 39, 19, 2, 21, 26, 20, 17, 30, 20, 17, 39, 10, 20, 2, 14, 2, 22, 30, 39]
    PRED: [19, 27, 3, 27, 2, 39, 19, 1, 28, 27, 33, 21, 39, 22, 17, 8, 2, 8, 39, 6, 27, 1, 19, 39, 14, 27, 1, 34, 37, 39, 30, 33, 39, 6, 17, 39, 19, 2, 21, 26, 36, 2, 20, 2, 39, 10, 20, 2, 22, 8, 39]
    Edit distance: 16/54
  Sample 4:
    TRUE: [9, 2, 39, 30, 33, 31, 39, 13, 10, 27, 17, 39, 13, 11, 14, 0, 30, 39, 30, 33, 39, 19, 2, 21, 39, 35, 10, 22, 39, 27, 0, 18, 11, 37, 39, 30, 33, 31, 39, 13, 10, 20, 39, 4, 30, 39]
    PRED: [9, 2, 39, 30, 27, 33, 31, 39, 8, 10, 35, 17, 12, 39, 26, 27, 17, 14, 0, 14, 30, 39, 30, 33, 39, 19, 2, 21, 39, 35, 2, 22, 8, 39, 35, 3, 27, 7, 11, 39, 27, 33, 31, 39, 13, 10, 20, 4, 30, 39]
    Edit distance: 17/46

============================================================
Batch 35000 | Val PER: 0.1954
============================================================
  Sample 0:
    TRUE: [31, 17, 0, 19, 27, 2, 28, 17, 39, 27, 17, 19, 2, 22, 28, 16, 8, 11, 8, 39]
    PRED: [9, 10, 19, 27, 2, 28, 39, 27, 17, 19, 0, 2, 8, 39]
    Edit distance: 10/20
  Sample 1:
    TRUE: [27, 16, 7, 39, 26, 11, 7, 2, 28, 30, 39, 28, 10, 34, 27, 2, 20, 39, 28, 5, 22, 8, 39, 20, 16, 31, 2, 14, 27, 1, 13, 28, 39]
    PRED: [7, 17, 7, 39, 26, 0, 7, 2, 37, 39, 27, 10, 34, 2, 20, 39, 2, 22, 37, 39, 20, 16, 16, 0, 13, 39]
    Edit distance: 16/33
  Sample 2:
    TRUE: [28, 24, 39, 27, 33, 20, 37, 39, 35, 17, 39, 21, 12, 8, 39, 16, 22, 39, 2, 22, 2, 6, 1, 29, 30, 39, 19, 2, 20, 33, 38, 2, 22, 39]
    PRED: [9, 2, 39, 27, 25, 20, 37, 39, 35, 17, 39, 21, 12, 8, 39, 16, 22, 39, 16, 22, 16, 21, 2, 28, 39, 19, 2, 20, 33, 38, 2, 22, 39]
    Edit distance: 9/34
  Sample 3:
    TRUE: [20, 3, 27, 17, 37, 39, 19, 0, 28, 30, 33, 21, 39, 22, 17, 8, 2, 8, 39, 6, 20, 1, 19, 39, 14, 20, 2, 34, 37, 39, 30, 33, 39, 6, 17, 39, 19, 2, 21, 26, 20, 17, 30, 20, 17, 39, 10, 20, 2, 14, 2, 22, 30, 39]
    PRED: [19, 27, 3, 39, 19, 0, 28, 30, 33, 21, 39, 22, 17, 8, 2, 8, 39, 6, 27, 2, 19, 39, 27, 2, 6, 37, 39, 30, 33, 39, 6, 17, 39, 19, 0, 21, 26, 30, 20, 39, 1, 20, 2, 22, 8, 39]
    Edit distance: 17/54
  Sample 4:
    TRUE: [9, 2, 39, 30, 33, 31, 39, 13, 10, 27, 17, 39, 13, 11, 14, 0, 30, 39, 30, 33, 39, 19, 2, 21, 39, 35, 10, 22, 39, 27, 0, 18, 11, 37, 39, 30, 33, 31, 39, 13, 10, 20, 39, 4, 30, 39]
    PRED: [9, 2, 39, 28, 30, 33, 31, 39, 2, 35, 12, 39, 26, 27, 2, 0, 14, 39, 30, 33, 39, 19, 2, 21, 39, 35, 2, 22, 39, 35, 3, 27, 7, 11, 39, 27, 33, 31, 39, 13, 12, 20, 39, 4, 30, 39]
    Edit distance: 17/46

============================================================
Batch 35500 | Val PER: 0.1992
============================================================
  Sample 0:
    TRUE: [31, 17, 0, 19, 27, 2, 28, 17, 39, 27, 17, 19, 2, 22, 28, 16, 8, 11, 8, 39]
    PRED: [29, 10, 19, 2, 28, 39, 27, 17, 14, 22, 30, 16, 8, 39]
    Edit distance: 10/20
  Sample 1:
    TRUE: [27, 16, 7, 39, 26, 11, 7, 2, 28, 30, 39, 28, 10, 34, 27, 2, 20, 39, 28, 5, 22, 8, 39, 20, 16, 31, 2, 14, 27, 1, 13, 28, 39]
    PRED: [7, 17, 7, 39, 26, 0, 27, 7, 2, 30, 37, 39, 27, 10, 34, 2, 20, 39, 7, 5, 22, 37, 39, 20, 10, 14, 16, 28, 39]
    Edit distance: 16/33
  Sample 2:
    TRUE: [28, 24, 39, 27, 33, 20, 37, 39, 35, 17, 39, 21, 12, 8, 39, 16, 22, 39, 2, 22, 2, 6, 1, 29, 30, 39, 19, 2, 20, 33, 38, 2, 22, 39]
    PRED: [15, 4, 39, 27, 25, 20, 37, 39, 35, 17, 39, 21, 12, 8, 39, 16, 22, 39, 16, 22, 16, 34, 2, 10, 28, 39, 19, 2, 20, 33, 38, 2, 22, 39]
    Edit distance: 9/34
  Sample 3:
    TRUE: [20, 3, 27, 17, 37, 39, 19, 0, 28, 30, 33, 21, 39, 22, 17, 8, 2, 8, 39, 6, 20, 1, 19, 39, 14, 20, 2, 34, 37, 39, 30, 33, 39, 6, 17, 39, 19, 2, 21, 26, 20, 17, 30, 20, 17, 39, 10, 20, 2, 14, 2, 22, 30, 39]
    PRED: [19, 27, 3, 27, 2, 39, 19, 1, 28, 33, 21, 39, 22, 17, 8, 39, 6, 2, 19, 39, 27, 2, 34, 37, 39, 30, 33, 39, 6, 17, 39, 19, 2, 21, 26, 17, 30, 2, 39, 10, 20, 2, 22, 8, 39]
    Edit distance: 18/54
  Sample 4:
    TRUE: [9, 2, 39, 30, 33, 31, 39, 13, 10, 27, 17, 39, 13, 11, 14, 0, 30, 39, 30, 33, 39, 19, 2, 21, 39, 35, 10, 22, 39, 27, 0, 18, 11, 37, 39, 30, 33, 31, 39, 13, 10, 20, 39, 4, 30, 39]
    PRED: [9, 2, 39, 30, 33, 31, 39, 34, 10, 27, 17, 39, 26, 27, 17, 0, 19, 30, 39, 30, 33, 39, 19, 2, 21, 39, 35, 10, 22, 8, 39, 35, 3, 8, 11, 39, 28, 33, 31, 39, 13, 12, 20, 39, 4, 30, 39]
    Edit distance: 12/46

============================================================
Batch 36000 | Val PER: 0.1926
============================================================
  Sample 0:
    TRUE: [31, 17, 0, 19, 27, 2, 28, 17, 39, 27, 17, 19, 2, 22, 28, 16, 8, 11, 8, 39]
    PRED: [27, 10, 19, 2, 28, 39, 27, 17, 14, 35, 22, 30, 2, 8, 39]
    Edit distance: 11/20
  Sample 1:
    TRUE: [27, 16, 7, 39, 26, 11, 7, 2, 28, 30, 39, 28, 10, 34, 27, 2, 20, 39, 28, 5, 22, 8, 39, 20, 16, 31, 2, 14, 27, 1, 13, 28, 39]
    PRED: [27, 17, 7, 39, 26, 0, 27, 7, 2, 37, 39, 28, 10, 34, 2, 20, 39, 7, 5, 22, 37, 39, 20, 16, 0, 13, 28, 39]
    Edit distance: 13/33
  Sample 2:
    TRUE: [28, 24, 39, 27, 33, 20, 37, 39, 35, 17, 39, 21, 12, 8, 39, 16, 22, 39, 2, 22, 2, 6, 1, 29, 30, 39, 19, 2, 20, 33, 38, 2, 22, 39]
    PRED: [9, 33, 39, 27, 33, 20, 37, 39, 35, 17, 39, 21, 12, 8, 39, 16, 22, 39, 16, 22, 16, 34, 2, 28, 39, 19, 2, 20, 33, 38, 2, 22, 39]
    Edit distance: 8/34
  Sample 3:
    TRUE: [20, 3, 27, 17, 37, 39, 19, 0, 28, 30, 33, 21, 39, 22, 17, 8, 2, 8, 39, 6, 20, 1, 19, 39, 14, 20, 2, 34, 37, 39, 30, 33, 39, 6, 17, 39, 19, 2, 21, 26, 20, 17, 30, 20, 17, 39, 10, 20, 2, 14, 2, 22, 30, 39]
    PRED: [19, 27, 24, 28, 2, 39, 19, 1, 28, 33, 21, 39, 22, 17, 8, 11, 37, 8, 39, 6, 20, 1, 19, 39, 20, 2, 34, 37, 39, 30, 33, 39, 6, 17, 39, 19, 2, 21, 26, 2, 30, 20, 2, 39, 10, 20, 2, 22, 8, 39]
    Edit distance: 16/54
  Sample 4:
    TRUE: [9, 2, 39, 30, 33, 31, 39, 13, 10, 27, 17, 39, 13, 11, 14, 0, 30, 39, 30, 33, 39, 19, 2, 21, 39, 35, 10, 22, 39, 27, 0, 18, 11, 37, 39, 30, 33, 31, 39, 13, 10, 20, 39, 4, 30, 39]
    PRED: [9, 2, 39, 30, 27, 33, 31, 39, 34, 10, 27, 17, 39, 26, 27, 17, 0, 14, 22, 39, 30, 33, 39, 19, 2, 21, 39, 27, 10, 22, 39, 35, 0, 18, 7, 11, 37, 39, 30, 33, 31, 39, 13, 10, 20, 39, 4, 30, 39]
    Edit distance: 10/46

============================================================
Batch 36500 | Val PER: 0.1938
============================================================
  Sample 0:
    TRUE: [31, 17, 0, 19, 27, 2, 28, 17, 39, 27, 17, 19, 2, 22, 28, 16, 8, 11, 8, 39]
    PRED: [27, 10, 19, 2, 30, 28, 39, 27, 17, 14, 35, 22, 30, 2, 16, 8, 39]
    Edit distance: 12/20
  Sample 1:
    TRUE: [27, 16, 7, 39, 26, 11, 7, 2, 28, 30, 39, 28, 10, 34, 27, 2, 20, 39, 28, 5, 22, 8, 39, 20, 16, 31, 2, 14, 27, 1, 13, 28, 39]
    PRED: [27, 17, 7, 39, 26, 0, 7, 2, 37, 39, 10, 34, 11, 2, 20, 39, 28, 5, 22, 37, 39, 20, 16, 34, 16, 13, 28, 39]
    Edit distance: 12/33
  Sample 2:
    TRUE: [28, 24, 39, 27, 33, 20, 37, 39, 35, 17, 39, 21, 12, 8, 39, 16, 22, 39, 2, 22, 2, 6, 1, 29, 30, 39, 19, 2, 20, 33, 38, 2, 22, 39]
    PRED: [15, 33, 39, 27, 24, 20, 37, 39, 35, 17, 39, 21, 12, 8, 39, 16, 22, 39, 16, 22, 16, 21, 10, 28, 39, 19, 2, 20, 33, 38, 2, 22, 39]
    Edit distance: 9/34
  Sample 3:
    TRUE: [20, 3, 27, 17, 37, 39, 19, 0, 28, 30, 33, 21, 39, 22, 17, 8, 2, 8, 39, 6, 20, 1, 19, 39, 14, 20, 2, 34, 37, 39, 30, 33, 39, 6, 17, 39, 19, 2, 21, 26, 20, 17, 30, 20, 17, 39, 10, 20, 2, 14, 2, 22, 30, 39]
    PRED: [27, 24, 16, 37, 39, 19, 0, 28, 33, 21, 39, 22, 17, 8, 39, 6, 27, 2, 19, 39, 20, 16, 34, 37, 39, 30, 33, 39, 6, 17, 39, 19, 2, 21, 26, 2, 30, 20, 2, 39, 10, 20, 2, 22, 8, 39]
    Edit distance: 17/54
  Sample 4:
    TRUE: [9, 2, 39, 30, 33, 31, 39, 13, 10, 27, 17, 39, 13, 11, 14, 0, 30, 39, 30, 33, 39, 19, 2, 21, 39, 35, 10, 22, 39, 27, 0, 18, 11, 37, 39, 30, 33, 31, 39, 13, 10, 20, 39, 4, 30, 39]
    PRED: [9, 2, 39, 30, 27, 33, 31, 39, 34, 10, 27, 17, 11, 39, 13, 11, 19, 0, 19, 30, 22, 39, 30, 33, 39, 19, 2, 21, 39, 35, 2, 22, 8, 39, 35, 5, 18, 7, 11, 39, 28, 33, 31, 39, 13, 12, 20, 39, 4, 30, 39]
    Edit distance: 14/46

============================================================
Batch 37000 | Val PER: 0.1927
============================================================
  Sample 0:
    TRUE: [31, 17, 0, 19, 27, 2, 28, 17, 39, 27, 17, 19, 2, 22, 28, 16, 8, 11, 8, 39]
    PRED: [27, 10, 19, 27, 2, 30, 39, 27, 17, 14, 27, 2, 22, 2, 8, 39]
    Edit distance: 11/20
  Sample 1:
    TRUE: [27, 16, 7, 39, 26, 11, 7, 2, 28, 30, 39, 28, 10, 34, 27, 2, 20, 39, 28, 5, 22, 8, 39, 20, 16, 31, 2, 14, 27, 1, 13, 28, 39]
    PRED: [27, 17, 19, 39, 26, 0, 27, 7, 2, 37, 39, 28, 10, 34, 2, 20, 39, 28, 5, 22, 37, 39, 20, 10, 34, 16, 0, 13, 28, 39]
    Edit distance: 14/33
  Sample 2:
    TRUE: [28, 24, 39, 27, 33, 20, 37, 39, 35, 17, 39, 21, 12, 8, 39, 16, 22, 39, 2, 22, 2, 6, 1, 29, 30, 39, 19, 2, 20, 33, 38, 2, 22, 39]
    PRED: [15, 2, 39, 27, 24, 20, 37, 39, 35, 17, 39, 21, 12, 8, 39, 16, 22, 39, 16, 22, 16, 2, 34, 2, 28, 39, 19, 2, 20, 33, 38, 2, 22, 39]
    Edit distance: 9/34
  Sample 3:
    TRUE: [20, 3, 27, 17, 37, 39, 19, 0, 28, 30, 33, 21, 39, 22, 17, 8, 2, 8, 39, 6, 20, 1, 19, 39, 14, 20, 2, 34, 37, 39, 30, 33, 39, 6, 17, 39, 19, 2, 21, 26, 20, 17, 30, 20, 17, 39, 10, 20, 2, 14, 2, 22, 30, 39]
    PRED: [19, 27, 24, 16, 39, 19, 1, 28, 30, 33, 21, 37, 39, 22, 17, 8, 2, 8, 39, 6, 27, 2, 19, 39, 14, 27, 1, 6, 37, 39, 30, 33, 39, 6, 17, 39, 19, 2, 21, 26, 36, 33, 11, 39, 1, 20, 2, 22, 8, 39]
    Edit distance: 20/54
  Sample 4:
    TRUE: [9, 2, 39, 30, 33, 31, 39, 13, 10, 27, 17, 39, 13, 11, 14, 0, 30, 39, 30, 33, 39, 19, 2, 21, 39, 35, 10, 22, 39, 27, 0, 18, 11, 37, 39, 30, 33, 31, 39, 13, 10, 20, 39, 4, 30, 39]
    PRED: [9, 2, 39, 30, 33, 31, 39, 34, 10, 27, 17, 39, 27, 11, 14, 3, 14, 22, 39, 30, 33, 39, 19, 2, 21, 39, 35, 10, 22, 8, 39, 35, 3, 18, 8, 11, 37, 39, 31, 33, 31, 39, 13, 12, 20, 39, 4, 30, 39]
    Edit distance: 11/46

============================================================
Batch 37500 | Val PER: 0.1938
============================================================
  Sample 0:
    TRUE: [31, 17, 0, 19, 27, 2, 28, 17, 39, 27, 17, 19, 2, 22, 28, 16, 8, 11, 8, 39]
    PRED: [27, 10, 27, 19, 2, 28, 39, 27, 17, 14, 12, 22, 8, 2, 8, 39]
    Edit distance: 10/20
  Sample 1:
    TRUE: [27, 16, 7, 39, 26, 11, 7, 2, 28, 30, 39, 28, 10, 34, 27, 2, 20, 39, 28, 5, 22, 8, 39, 20, 16, 31, 2, 14, 27, 1, 13, 28, 39]
    PRED: [27, 10, 7, 39, 26, 0, 27, 7, 2, 37, 39, 28, 10, 34, 2, 20, 39, 28, 5, 22, 37, 39, 19, 20, 10, 14, 2, 0, 13, 28, 39]
    Edit distance: 13/33
  Sample 2:
    TRUE: [28, 24, 39, 27, 33, 20, 37, 39, 35, 17, 39, 21, 12, 8, 39, 16, 22, 39, 2, 22, 2, 6, 1, 29, 30, 39, 19, 2, 20, 33, 38, 2, 22, 39]
    PRED: [9, 2, 39, 27, 17, 20, 37, 39, 35, 11, 39, 21, 12, 8, 39, 16, 22, 39, 2, 22, 16, 34, 2, 28, 39, 19, 2, 20, 33, 38, 2, 22, 39]
    Edit distance: 9/34
  Sample 3:
    TRUE: [20, 3, 27, 17, 37, 39, 19, 0, 28, 30, 33, 21, 39, 22, 17, 8, 2, 8, 39, 6, 20, 1, 19, 39, 14, 20, 2, 34, 37, 39, 30, 33, 39, 6, 17, 39, 19, 2, 21, 26, 20, 17, 30, 20, 17, 39, 10, 20, 2, 14, 2, 22, 30, 39]
    PRED: [14, 27, 3, 39, 19, 1, 28, 19, 2, 21, 39, 22, 17, 8, 39, 6, 27, 2, 19, 39, 2, 34, 37, 39, 30, 33, 39, 6, 17, 39, 19, 2, 21, 26, 36, 33, 2, 39, 10, 20, 2, 22, 39]
    Edit distance: 21/54
  Sample 4:
    TRUE: [9, 2, 39, 30, 33, 31, 39, 13, 10, 27, 17, 39, 13, 11, 14, 0, 30, 39, 30, 33, 39, 19, 2, 21, 39, 35, 10, 22, 39, 27, 0, 18, 11, 37, 39, 30, 33, 31, 39, 13, 10, 20, 39, 4, 30, 39]
    PRED: [9, 2, 39, 30, 27, 33, 31, 39, 34, 10, 27, 17, 2, 39, 26, 11, 14, 0, 14, 22, 39, 30, 33, 39, 19, 2, 21, 39, 27, 2, 22, 39, 35, 3, 8, 11, 39, 31, 33, 31, 39, 28, 13, 5, 20, 39, 4, 30, 39]
    Edit distance: 15/46

============================================================
Batch 38000 | Val PER: 0.1934
============================================================
  Sample 0:
    TRUE: [31, 17, 0, 19, 27, 2, 28, 17, 39, 27, 17, 19, 2, 22, 28, 16, 8, 11, 8, 39]
    PRED: [27, 10, 27, 19, 2, 28, 39, 27, 17, 14, 22, 30, 2, 8, 39]
    Edit distance: 11/20
  Sample 1:
    TRUE: [27, 16, 7, 39, 26, 11, 7, 2, 28, 30, 39, 28, 10, 34, 27, 2, 20, 39, 28, 5, 22, 8, 39, 20, 16, 31, 2, 14, 27, 1, 13, 28, 39]
    PRED: [27, 10, 19, 39, 26, 3, 27, 7, 2, 37, 39, 28, 10, 34, 2, 20, 39, 28, 5, 22, 37, 39, 20, 10, 27, 0, 13, 28, 39]
    Edit distance: 13/33
  Sample 2:
    TRUE: [28, 24, 39, 27, 33, 20, 37, 39, 35, 17, 39, 21, 12, 8, 39, 16, 22, 39, 2, 22, 2, 6, 1, 29, 30, 39, 19, 2, 20, 33, 38, 2, 22, 39]
    PRED: [9, 2, 39, 27, 24, 20, 37, 39, 35, 11, 39, 21, 12, 8, 39, 16, 22, 39, 16, 22, 16, 21, 2, 28, 39, 19, 2, 20, 33, 38, 2, 22, 39]
    Edit distance: 10/34
  Sample 3:
    TRUE: [20, 3, 27, 17, 37, 39, 19, 0, 28, 30, 33, 21, 39, 22, 17, 8, 2, 8, 39, 6, 20, 1, 19, 39, 14, 20, 2, 34, 37, 39, 30, 33, 39, 6, 17, 39, 19, 2, 21, 26, 20, 17, 30, 20, 17, 39, 10, 20, 2, 14, 2, 22, 30, 39]
    PRED: [19, 27, 3, 27, 39, 19, 0, 28, 27, 33, 21, 37, 39, 22, 17, 8, 37, 39, 6, 27, 16, 19, 39, 27, 2, 6, 37, 39, 30, 33, 39, 6, 17, 39, 19, 0, 21, 26, 36, 17, 20, 11, 39, 10, 20, 2, 22, 8, 39]
    Edit distance: 20/54
  Sample 4:
    TRUE: [9, 2, 39, 30, 33, 31, 39, 13, 10, 27, 17, 39, 13, 11, 14, 0, 30, 39, 30, 33, 39, 19, 2, 21, 39, 35, 10, 22, 39, 27, 0, 18, 11, 37, 39, 30, 33, 31, 39, 13, 10, 20, 39, 4, 30, 39]
    PRED: [9, 2, 39, 30, 27, 33, 31, 39, 34, 10, 27, 17, 39, 26, 27, 17, 0, 14, 22, 39, 30, 33, 39, 19, 2, 21, 39, 27, 16, 22, 8, 39, 35, 3, 27, 8, 11, 37, 39, 28, 33, 31, 39, 13, 12, 20, 39, 4, 30, 39]
    Edit distance: 16/46

============================================================
Batch 38500 | Val PER: 0.1934
============================================================
  Sample 0:
    TRUE: [31, 17, 0, 19, 27, 2, 28, 17, 39, 27, 17, 19, 2, 22, 28, 16, 8, 11, 8, 39]
    PRED: [9, 10, 19, 27, 2, 28, 39, 27, 17, 19, 35, 0, 22, 2, 8, 39]
    Edit distance: 10/20
  Sample 1:
    TRUE: [27, 16, 7, 39, 26, 11, 7, 2, 28, 30, 39, 28, 10, 34, 27, 2, 20, 39, 28, 5, 22, 8, 39, 20, 16, 31, 2, 14, 27, 1, 13, 28, 39]
    PRED: [7, 17, 19, 39, 26, 27, 0, 27, 7, 2, 37, 39, 28, 10, 34, 2, 20, 39, 7, 5, 22, 37, 39, 20, 10, 34, 27, 1, 13, 39]
    Edit distance: 16/33
  Sample 2:
    TRUE: [28, 24, 39, 27, 33, 20, 37, 39, 35, 17, 39, 21, 12, 8, 39, 16, 22, 39, 2, 22, 2, 6, 1, 29, 30, 39, 19, 2, 20, 33, 38, 2, 22, 39]
    PRED: [9, 2, 39, 27, 16, 20, 37, 39, 35, 17, 39, 21, 12, 8, 39, 16, 22, 39, 16, 22, 16, 34, 27, 2, 28, 39, 19, 2, 20, 33, 38, 2, 22, 39]
    Edit distance: 9/34
  Sample 3:
    TRUE: [20, 3, 27, 17, 37, 39, 19, 0, 28, 30, 33, 21, 39, 22, 17, 8, 2, 8, 39, 6, 20, 1, 19, 39, 14, 20, 2, 34, 37, 39, 30, 33, 39, 6, 17, 39, 19, 2, 21, 26, 20, 17, 30, 20, 17, 39, 10, 20, 2, 14, 2, 22, 30, 39]
    PRED: [19, 27, 24, 27, 39, 19, 1, 28, 27, 33, 21, 37, 39, 22, 17, 8, 39, 6, 27, 1, 19, 39, 27, 3, 6, 37, 39, 30, 33, 39, 6, 17, 39, 19, 2, 21, 26, 20, 17, 11, 39, 16, 20, 2, 22, 8, 39]
    Edit distance: 21/54
  Sample 4:
    TRUE: [9, 2, 39, 30, 33, 31, 39, 13, 10, 27, 17, 39, 13, 11, 14, 0, 30, 39, 30, 33, 39, 19, 2, 21, 39, 35, 10, 22, 39, 27, 0, 18, 11, 37, 39, 30, 33, 31, 39, 13, 10, 20, 39, 4, 30, 39]
    PRED: [9, 2, 39, 30, 27, 33, 31, 39, 34, 10, 27, 17, 39, 26, 27, 17, 0, 39, 30, 33, 39, 19, 2, 21, 39, 27, 4, 22, 8, 39, 35, 3, 27, 7, 11, 39, 27, 33, 37, 39, 13, 12, 20, 39, 4, 30, 39]
    Edit distance: 17/46

============================================================
Batch 39000 | Val PER: 0.1942
============================================================
  Sample 0:
    TRUE: [31, 17, 0, 19, 27, 2, 28, 17, 39, 27, 17, 19, 2, 22, 28, 16, 8, 11, 8, 39]
    PRED: [29, 16, 19, 2, 28, 39, 27, 17, 14, 0, 22, 30, 2, 8, 39]
    Edit distance: 11/20
  Sample 1:
    TRUE: [27, 16, 7, 39, 26, 11, 7, 2, 28, 30, 39, 28, 10, 34, 27, 2, 20, 39, 28, 5, 22, 8, 39, 20, 16, 31, 2, 14, 27, 1, 13, 28, 39]
    PRED: [7, 17, 7, 39, 26, 27, 0, 27, 7, 2, 30, 39, 28, 10, 34, 11, 39, 5, 22, 37, 39, 20, 16, 0, 13, 39]
    Edit distance: 17/33
  Sample 2:
    TRUE: [28, 24, 39, 27, 33, 20, 37, 39, 35, 17, 39, 21, 12, 8, 39, 16, 22, 39, 2, 22, 2, 6, 1, 29, 30, 39, 19, 2, 20, 33, 38, 2, 22, 39]
    PRED: [15, 2, 39, 27, 33, 37, 39, 35, 17, 39, 21, 12, 8, 39, 16, 22, 39, 16, 22, 16, 27, 2, 28, 39, 19, 2, 20, 33, 38, 2, 22, 39]
    Edit distance: 9/34
  Sample 3:
    TRUE: [20, 3, 27, 17, 37, 39, 19, 0, 28, 30, 33, 21, 39, 22, 17, 8, 2, 8, 39, 6, 20, 1, 19, 39, 14, 20, 2, 34, 37, 39, 30, 33, 39, 6, 17, 39, 19, 2, 21, 26, 20, 17, 30, 20, 17, 39, 10, 20, 2, 14, 2, 22, 30, 39]
    PRED: [27, 3, 27, 39, 19, 1, 28, 27, 33, 21, 39, 22, 17, 8, 39, 6, 27, 0, 19, 39, 20, 16, 6, 37, 39, 30, 33, 39, 6, 17, 39, 19, 2, 21, 26, 20, 17, 20, 39, 1, 20, 2, 22, 30, 39]
    Edit distance: 17/54
  Sample 4:
    TRUE: [9, 2, 39, 30, 33, 31, 39, 13, 10, 27, 17, 39, 13, 11, 14, 0, 30, 39, 30, 33, 39, 19, 2, 21, 39, 35, 10, 22, 39, 27, 0, 18, 11, 37, 39, 30, 33, 31, 39, 13, 10, 20, 39, 4, 30, 39]
    PRED: [9, 2, 39, 30, 33, 31, 39, 34, 10, 27, 17, 39, 26, 27, 17, 0, 19, 30, 39, 30, 33, 39, 19, 2, 21, 39, 27, 10, 22, 39, 35, 0, 7, 11, 37, 39, 28, 33, 31, 39, 13, 5, 20, 39, 4, 30, 39]
    Edit distance: 10/46

============================================================
Batch 39500 | Val PER: 0.1914
============================================================
  Sample 0:
    TRUE: [31, 17, 0, 19, 27, 2, 28, 17, 39, 27, 17, 19, 2, 22, 28, 16, 8, 11, 8, 39]
    PRED: [20, 10, 19, 28, 39, 27, 17, 35, 0, 22, 2, 8, 39]
    Edit distance: 12/20
  Sample 1:
    TRUE: [27, 16, 7, 39, 26, 11, 7, 2, 28, 30, 39, 28, 10, 34, 27, 2, 20, 39, 28, 5, 22, 8, 39, 20, 16, 31, 2, 14, 27, 1, 13, 28, 39]
    PRED: [7, 17, 7, 39, 26, 0, 27, 7, 2, 39, 28, 10, 34, 2, 20, 39, 14, 5, 22, 37, 39, 19, 20, 16, 24, 0, 13, 39]
    Edit distance: 16/33
  Sample 2:
    TRUE: [28, 24, 39, 27, 33, 20, 37, 39, 35, 17, 39, 21, 12, 8, 39, 16, 22, 39, 2, 22, 2, 6, 1, 29, 30, 39, 19, 2, 20, 33, 38, 2, 22, 39]
    PRED: [15, 2, 39, 27, 24, 20, 37, 39, 35, 17, 39, 21, 12, 8, 39, 16, 22, 39, 16, 22, 2, 21, 2, 28, 28, 39, 19, 2, 20, 33, 38, 2, 22, 39]
    Edit distance: 8/34
  Sample 3:
    TRUE: [20, 3, 27, 17, 37, 39, 19, 0, 28, 30, 33, 21, 39, 22, 17, 8, 2, 8, 39, 6, 20, 1, 19, 39, 14, 20, 2, 34, 37, 39, 30, 33, 39, 6, 17, 39, 19, 2, 21, 26, 20, 17, 30, 20, 17, 39, 10, 20, 2, 14, 2, 22, 30, 39]
    PRED: [27, 24, 11, 39, 19, 1, 28, 33, 21, 39, 22, 17, 8, 39, 6, 1, 19, 39, 20, 2, 6, 34, 37, 39, 30, 33, 39, 6, 17, 39, 19, 2, 21, 26, 36, 33, 30, 20, 11, 39, 10, 20, 2, 22, 8, 39]
    Edit distance: 17/54
  Sample 4:
    TRUE: [9, 2, 39, 30, 33, 31, 39, 13, 10, 27, 17, 39, 13, 11, 14, 0, 30, 39, 30, 33, 39, 19, 2, 21, 39, 35, 10, 22, 39, 27, 0, 18, 11, 37, 39, 30, 33, 31, 39, 13, 10, 20, 39, 4, 30, 39]
    PRED: [9, 2, 39, 30, 33, 31, 39, 34, 10, 17, 39, 26, 27, 11, 0, 30, 39, 30, 33, 39, 19, 2, 21, 39, 27, 4, 22, 8, 39, 35, 3, 7, 11, 37, 39, 36, 33, 31, 39, 13, 10, 20, 39, 4, 30, 39]
    Edit distance: 12/46

============================================================
Batch 40000 | Val PER: 0.1892
============================================================
  Sample 0:
    TRUE: [31, 17, 0, 19, 27, 2, 28, 17, 39, 27, 17, 19, 2, 22, 28, 16, 8, 11, 8, 39]
    PRED: [8, 10, 19, 2, 28, 39, 17, 14, 2, 22, 2, 8, 39]
    Edit distance: 11/20
  Sample 1:
    TRUE: [27, 16, 7, 39, 26, 11, 7, 2, 28, 30, 39, 28, 10, 34, 27, 2, 20, 39, 28, 5, 22, 8, 39, 20, 16, 31, 2, 14, 27, 1, 13, 28, 39]
    PRED: [17, 7, 39, 26, 3, 27, 7, 2, 37, 39, 10, 34, 2, 20, 39, 10, 22, 37, 39, 20, 17, 14, 2, 13, 39]
    Edit distance: 17/33
  Sample 2:
    TRUE: [28, 24, 39, 27, 33, 20, 37, 39, 35, 17, 39, 21, 12, 8, 39, 16, 22, 39, 2, 22, 2, 6, 1, 29, 30, 39, 19, 2, 20, 33, 38, 2, 22, 39]
    PRED: [9, 2, 39, 27, 17, 20, 37, 39, 35, 17, 39, 21, 12, 8, 39, 16, 22, 39, 16, 22, 2, 34, 2, 28, 39, 19, 2, 20, 33, 38, 2, 22, 39]
    Edit distance: 8/34
  Sample 3:
    TRUE: [20, 3, 27, 17, 37, 39, 19, 0, 28, 30, 33, 21, 39, 22, 17, 8, 2, 8, 39, 6, 20, 1, 19, 39, 14, 20, 2, 34, 37, 39, 30, 33, 39, 6, 17, 39, 19, 2, 21, 26, 20, 17, 30, 20, 17, 39, 10, 20, 2, 14, 2, 22, 30, 39]
    PRED: [19, 27, 3, 27, 39, 19, 1, 28, 33, 21, 39, 22, 17, 8, 39, 6, 1, 19, 39, 20, 2, 34, 37, 39, 30, 33, 39, 6, 17, 39, 19, 2, 21, 26, 36, 17, 30, 2, 39, 10, 20, 2, 22, 8, 39]
    Edit distance: 16/54
  Sample 4:
    TRUE: [9, 2, 39, 30, 33, 31, 39, 13, 10, 27, 17, 39, 13, 11, 14, 0, 30, 39, 30, 33, 39, 19, 2, 21, 39, 35, 10, 22, 39, 27, 0, 18, 11, 37, 39, 30, 33, 31, 39, 13, 10, 20, 39, 4, 30, 39]
    PRED: [9, 2, 39, 30, 33, 31, 39, 34, 10, 27, 17, 39, 26, 27, 2, 0, 22, 39, 30, 33, 39, 19, 2, 21, 39, 27, 16, 22, 8, 39, 35, 16, 18, 7, 11, 37, 39, 36, 33, 31, 39, 13, 10, 20, 39, 4, 30, 39]
    Edit distance: 12/46

============================================================
Batch 40500 | Val PER: 0.1876
============================================================
  Sample 0:
    TRUE: [31, 17, 0, 19, 27, 2, 28, 17, 39, 27, 17, 19, 2, 22, 28, 16, 8, 11, 8, 39]
    PRED: [6, 10, 27, 19, 2, 28, 39, 27, 17, 14, 0, 22, 2, 8, 39]
    Edit distance: 11/20
  Sample 1:
    TRUE: [27, 16, 7, 39, 26, 11, 7, 2, 28, 30, 39, 28, 10, 34, 27, 2, 20, 39, 28, 5, 22, 8, 39, 20, 16, 31, 2, 14, 27, 1, 13, 28, 39]
    PRED: [27, 17, 19, 39, 26, 3, 27, 7, 2, 37, 39, 10, 34, 2, 20, 39, 36, 5, 22, 37, 39, 20, 16, 14, 27, 14, 27, 0, 13, 39]
    Edit distance: 14/33
  Sample 2:
    TRUE: [28, 24, 39, 27, 33, 20, 37, 39, 35, 17, 39, 21, 12, 8, 39, 16, 22, 39, 2, 22, 2, 6, 1, 29, 30, 39, 19, 2, 20, 33, 38, 2, 22, 39]
    PRED: [9, 2, 39, 27, 17, 20, 37, 39, 35, 17, 39, 21, 12, 8, 39, 16, 22, 39, 16, 22, 2, 34, 2, 28, 39, 19, 2, 20, 33, 38, 2, 22, 39]
    Edit distance: 8/34
  Sample 3:
    TRUE: [20, 3, 27, 17, 37, 39, 19, 0, 28, 30, 33, 21, 39, 22, 17, 8, 2, 8, 39, 6, 20, 1, 19, 39, 14, 20, 2, 34, 37, 39, 30, 33, 39, 6, 17, 39, 19, 2, 21, 26, 20, 17, 30, 20, 17, 39, 10, 20, 2, 14, 2, 22, 30, 39]
    PRED: [14, 27, 24, 27, 39, 19, 1, 28, 19, 33, 21, 39, 22, 17, 8, 2, 8, 39, 6, 27, 1, 19, 39, 20, 16, 34, 37, 8, 39, 30, 33, 39, 6, 17, 39, 19, 2, 21, 26, 36, 11, 30, 11, 39, 10, 20, 2, 22, 8, 39]
    Edit distance: 17/54
  Sample 4:
    TRUE: [9, 2, 39, 30, 33, 31, 39, 13, 10, 27, 17, 39, 13, 11, 14, 0, 30, 39, 30, 33, 39, 19, 2, 21, 39, 35, 10, 22, 39, 27, 0, 18, 11, 37, 39, 30, 33, 31, 39, 13, 10, 20, 39, 4, 30, 39]
    PRED: [9, 2, 39, 30, 33, 31, 39, 34, 10, 27, 17, 2, 39, 26, 27, 2, 8, 0, 19, 30, 39, 30, 33, 39, 19, 2, 21, 39, 27, 1, 22, 8, 39, 35, 3, 18, 11, 39, 30, 33, 31, 39, 13, 5, 20, 39, 4, 30, 39]
    Edit distance: 14/46

============================================================
Batch 41000 | Val PER: 0.1901
============================================================
  Sample 0:
    TRUE: [31, 17, 0, 19, 27, 2, 28, 17, 39, 27, 17, 19, 2, 22, 28, 16, 8, 11, 8, 39]
    PRED: [27, 10, 0, 19, 27, 2, 28, 39, 27, 17, 14, 35, 0, 22, 8, 2, 8, 39]
    Edit distance: 9/20
  Sample 1:
    TRUE: [27, 16, 7, 39, 26, 11, 7, 2, 28, 30, 39, 28, 10, 34, 27, 2, 20, 39, 28, 5, 22, 8, 39, 20, 16, 31, 2, 14, 27, 1, 13, 28, 39]
    PRED: [27, 17, 7, 39, 26, 3, 27, 7, 2, 37, 39, 28, 10, 34, 11, 39, 7, 5, 22, 37, 39, 20, 10, 34, 16, 27, 0, 13, 39]
    Edit distance: 16/33
  Sample 2:
    TRUE: [28, 24, 39, 27, 33, 20, 37, 39, 35, 17, 39, 21, 12, 8, 39, 16, 22, 39, 2, 22, 2, 6, 1, 29, 30, 39, 19, 2, 20, 33, 38, 2, 22, 39]
    PRED: [4, 39, 27, 24, 20, 37, 39, 35, 17, 39, 21, 12, 8, 39, 16, 22, 39, 16, 22, 2, 34, 2, 28, 39, 19, 2, 20, 33, 38, 2, 22, 39]
    Edit distance: 8/34
  Sample 3:
    TRUE: [20, 3, 27, 17, 37, 39, 19, 0, 28, 30, 33, 21, 39, 22, 17, 8, 2, 8, 39, 6, 20, 1, 19, 39, 14, 20, 2, 34, 37, 39, 30, 33, 39, 6, 17, 39, 19, 2, 21, 26, 20, 17, 30, 20, 17, 39, 10, 20, 2, 14, 2, 22, 30, 39]
    PRED: [27, 3, 27, 17, 39, 19, 0, 28, 19, 33, 21, 39, 22, 17, 8, 37, 39, 6, 1, 19, 39, 20, 16, 34, 8, 39, 13, 33, 39, 6, 17, 39, 19, 2, 21, 26, 16, 20, 11, 39, 16, 20, 2, 22, 8, 39]
    Edit distance: 18/54
  Sample 4:
    TRUE: [9, 2, 39, 30, 33, 31, 39, 13, 10, 27, 17, 39, 13, 11, 14, 0, 30, 39, 30, 33, 39, 19, 2, 21, 39, 35, 10, 22, 39, 27, 0, 18, 11, 37, 39, 30, 33, 31, 39, 13, 10, 20, 39, 4, 30, 39]
    PRED: [9, 2, 39, 30, 33, 31, 39, 34, 10, 27, 17, 39, 26, 27, 17, 0, 19, 30, 22, 39, 30, 33, 39, 15, 2, 21, 39, 27, 4, 22, 8, 39, 35, 3, 7, 11, 37, 39, 36, 33, 31, 39, 13, 10, 20, 39, 4, 30, 39]
    Edit distance: 14/46

============================================================
Batch 41500 | Val PER: 0.1900
============================================================
  Sample 0:
    TRUE: [31, 17, 0, 19, 27, 2, 28, 17, 39, 27, 17, 19, 2, 22, 28, 16, 8, 11, 8, 39]
    PRED: [27, 10, 28, 19, 14, 27, 2, 28, 30, 39, 27, 17, 14, 35, 5, 22, 30, 2, 8, 39]
    Edit distance: 12/20
  Sample 1:
    TRUE: [27, 16, 7, 39, 26, 11, 7, 2, 28, 30, 39, 28, 10, 34, 27, 2, 20, 39, 28, 5, 22, 8, 39, 20, 16, 31, 2, 14, 27, 1, 13, 28, 39]
    PRED: [35, 17, 7, 39, 26, 3, 27, 7, 2, 29, 39, 28, 10, 34, 2, 20, 39, 7, 5, 22, 37, 39, 20, 16, 14, 14, 27, 2, 13, 39]
    Edit distance: 13/33
  Sample 2:
    TRUE: [28, 24, 39, 27, 33, 20, 37, 39, 35, 17, 39, 21, 12, 8, 39, 16, 22, 39, 2, 22, 2, 6, 1, 29, 30, 39, 19, 2, 20, 33, 38, 2, 22, 39]
    PRED: [9, 4, 39, 27, 33, 20, 37, 39, 35, 11, 39, 21, 12, 8, 39, 16, 22, 39, 16, 22, 2, 34, 2, 28, 39, 19, 2, 20, 33, 38, 2, 22, 39]
    Edit distance: 8/34
  Sample 3:
    TRUE: [20, 3, 27, 17, 37, 39, 19, 0, 28, 30, 33, 21, 39, 22, 17, 8, 2, 8, 39, 6, 20, 1, 19, 39, 14, 20, 2, 34, 37, 39, 30, 33, 39, 6, 17, 39, 19, 2, 21, 26, 20, 17, 30, 20, 17, 39, 10, 20, 2, 14, 2, 22, 30, 39]
    PRED: [19, 14, 27, 24, 27, 16, 39, 19, 1, 28, 33, 21, 39, 22, 17, 8, 39, 6, 20, 2, 19, 39, 20, 2, 6, 37, 39, 30, 33, 39, 6, 17, 39, 19, 2, 21, 26, 36, 33, 30, 11, 39, 10, 20, 2, 22, 8, 39]
    Edit distance: 19/54
  Sample 4:
    TRUE: [9, 2, 39, 30, 33, 31, 39, 13, 10, 27, 17, 39, 13, 11, 14, 0, 30, 39, 30, 33, 39, 19, 2, 21, 39, 35, 10, 22, 39, 27, 0, 18, 11, 37, 39, 30, 33, 31, 39, 13, 10, 20, 39, 4, 30, 39]
    PRED: [9, 2, 39, 30, 33, 31, 39, 34, 10, 27, 17, 39, 26, 27, 2, 30, 0, 19, 30, 39, 30, 33, 39, 19, 2, 21, 39, 27, 2, 22, 8, 39, 35, 3, 18, 7, 11, 37, 39, 30, 33, 31, 39, 13, 10, 20, 39, 4, 30, 39]
    Edit distance: 12/46

============================================================
Batch 42000 | Val PER: 0.1917
============================================================
  Sample 0:
    TRUE: [31, 17, 0, 19, 27, 2, 28, 17, 39, 27, 17, 19, 2, 22, 28, 16, 8, 11, 8, 39]
    PRED: [27, 10, 28, 19, 27, 2, 28, 30, 39, 27, 17, 14, 35, 5, 22, 2, 8, 39]
    Edit distance: 11/20
  Sample 1:
    TRUE: [27, 16, 7, 39, 26, 11, 7, 2, 28, 30, 39, 28, 10, 34, 27, 2, 20, 39, 28, 5, 22, 8, 39, 20, 16, 31, 2, 14, 27, 1, 13, 28, 39]
    PRED: [27, 17, 7, 39, 26, 3, 27, 7, 2, 37, 39, 28, 10, 34, 2, 20, 39, 5, 22, 8, 37, 39, 20, 16, 14, 11, 13, 39]
    Edit distance: 13/33
  Sample 2:
    TRUE: [28, 24, 39, 27, 33, 20, 37, 39, 35, 17, 39, 21, 12, 8, 39, 16, 22, 39, 2, 22, 2, 6, 1, 29, 30, 39, 19, 2, 20, 33, 38, 2, 22, 39]
    PRED: [9, 24, 39, 27, 33, 20, 37, 39, 35, 11, 39, 21, 12, 8, 39, 16, 22, 39, 16, 22, 16, 34, 2, 28, 29, 39, 19, 2, 20, 33, 38, 2, 22, 39]
    Edit distance: 8/34
  Sample 3:
    TRUE: [20, 3, 27, 17, 37, 39, 19, 0, 28, 30, 33, 21, 39, 22, 17, 8, 2, 8, 39, 6, 20, 1, 19, 39, 14, 20, 2, 34, 37, 39, 30, 33, 39, 6, 17, 39, 19, 2, 21, 26, 20, 17, 30, 20, 17, 39, 10, 20, 2, 14, 2, 22, 30, 39]
    PRED: [19, 27, 3, 27, 11, 37, 39, 19, 1, 28, 27, 33, 21, 39, 22, 17, 8, 39, 6, 24, 19, 39, 20, 2, 34, 37, 39, 30, 33, 39, 6, 17, 39, 19, 2, 21, 26, 36, 33, 20, 11, 39, 10, 20, 2, 22, 8, 39]
    Edit distance: 17/54
  Sample 4:
    TRUE: [9, 2, 39, 30, 33, 31, 39, 13, 10, 27, 17, 39, 13, 11, 14, 0, 30, 39, 30, 33, 39, 19, 2, 21, 39, 35, 10, 22, 39, 27, 0, 18, 11, 37, 39, 30, 33, 31, 39, 13, 10, 20, 39, 4, 30, 39]
    PRED: [9, 2, 39, 30, 27, 33, 31, 39, 34, 10, 11, 39, 26, 27, 2, 0, 14, 30, 39, 30, 33, 39, 19, 2, 21, 39, 27, 2, 22, 39, 35, 3, 27, 7, 11, 37, 39, 36, 33, 31, 39, 13, 12, 20, 39, 4, 30, 39]
    Edit distance: 16/46

============================================================
Batch 42500 | Val PER: 0.1879
============================================================
  Sample 0:
    TRUE: [31, 17, 0, 19, 27, 2, 28, 17, 39, 27, 17, 19, 2, 22, 28, 16, 8, 11, 8, 39]
    PRED: [19, 10, 19, 27, 2, 28, 30, 28, 39, 27, 17, 19, 14, 35, 5, 22, 8, 2, 8, 39]
    Edit distance: 10/20
  Sample 1:
    TRUE: [27, 16, 7, 39, 26, 11, 7, 2, 28, 30, 39, 28, 10, 34, 27, 2, 20, 39, 28, 5, 22, 8, 39, 20, 16, 31, 2, 14, 27, 1, 13, 28, 39]
    PRED: [35, 17, 7, 39, 26, 0, 27, 7, 2, 37, 39, 28, 10, 34, 2, 20, 39, 7, 5, 22, 37, 39, 20, 16, 39, 27, 2, 13, 28, 39]
    Edit distance: 13/33
  Sample 2:
    TRUE: [28, 24, 39, 27, 33, 20, 37, 39, 35, 17, 39, 21, 12, 8, 39, 16, 22, 39, 2, 22, 2, 6, 1, 29, 30, 39, 19, 2, 20, 33, 38, 2, 22, 39]
    PRED: [15, 4, 39, 27, 24, 20, 37, 39, 35, 11, 39, 21, 12, 8, 39, 16, 22, 39, 16, 22, 2, 34, 2, 28, 39, 19, 2, 20, 33, 38, 2, 22, 39]
    Edit distance: 9/34
  Sample 3:
    TRUE: [20, 3, 27, 17, 37, 39, 19, 0, 28, 30, 33, 21, 39, 22, 17, 8, 2, 8, 39, 6, 20, 1, 19, 39, 14, 20, 2, 34, 37, 39, 30, 33, 39, 6, 17, 39, 19, 2, 21, 26, 20, 17, 30, 20, 17, 39, 10, 20, 2, 14, 2, 22, 30, 39]
    PRED: [20, 3, 27, 2, 39, 19, 0, 28, 33, 21, 39, 22, 17, 8, 39, 6, 2, 19, 39, 20, 2, 34, 37, 39, 30, 33, 39, 6, 17, 39, 19, 2, 21, 26, 16, 30, 20, 39, 10, 20, 2, 22, 8, 39]
    Edit distance: 14/54
  Sample 4:
    TRUE: [9, 2, 39, 30, 33, 31, 39, 13, 10, 27, 17, 39, 13, 11, 14, 0, 30, 39, 30, 33, 39, 19, 2, 21, 39, 35, 10, 22, 39, 27, 0, 18, 11, 37, 39, 30, 33, 31, 39, 13, 10, 20, 39, 4, 30, 39]
    PRED: [9, 2, 39, 30, 33, 31, 39, 34, 10, 17, 2, 39, 27, 17, 0, 19, 22, 39, 30, 33, 39, 19, 2, 21, 39, 13, 27, 2, 22, 39, 35, 3, 27, 7, 11, 39, 30, 33, 31, 39, 13, 10, 20, 39, 4, 30, 39]
    Edit distance: 16/46

============================================================
Batch 43000 | Val PER: 0.1879
============================================================
  Sample 0:
    TRUE: [31, 17, 0, 19, 27, 2, 28, 17, 39, 27, 17, 19, 2, 22, 28, 16, 8, 11, 8, 39]
    PRED: [27, 10, 19, 27, 2, 28, 39, 27, 17, 14, 0, 22, 30, 2, 8, 39]
    Edit distance: 10/20
  Sample 1:
    TRUE: [27, 16, 7, 39, 26, 11, 7, 2, 28, 30, 39, 28, 10, 34, 27, 2, 20, 39, 28, 5, 22, 8, 39, 20, 16, 31, 2, 14, 27, 1, 13, 28, 39]
    PRED: [35, 1, 7, 39, 26, 11, 27, 7, 2, 37, 39, 28, 10, 34, 2, 20, 39, 5, 22, 37, 39, 20, 16, 27, 1, 13, 39]
    Edit distance: 12/33
  Sample 2:
    TRUE: [28, 24, 39, 27, 33, 20, 37, 39, 35, 17, 39, 21, 12, 8, 39, 16, 22, 39, 2, 22, 2, 6, 1, 29, 30, 39, 19, 2, 20, 33, 38, 2, 22, 39]
    PRED: [28, 4, 39, 27, 17, 20, 37, 39, 35, 11, 39, 21, 12, 8, 39, 16, 22, 39, 16, 22, 16, 2, 34, 1, 2, 28, 39, 19, 2, 20, 33, 38, 2, 22, 39]
    Edit distance: 8/34
  Sample 3:
    TRUE: [20, 3, 27, 17, 37, 39, 19, 0, 28, 30, 33, 21, 39, 22, 17, 8, 2, 8, 39, 6, 20, 1, 19, 39, 14, 20, 2, 34, 37, 39, 30, 33, 39, 6, 17, 39, 19, 2, 21, 26, 20, 17, 30, 20, 17, 39, 10, 20, 2, 14, 2, 22, 30, 39]
    PRED: [18, 5, 27, 2, 37, 39, 19, 1, 0, 28, 33, 21, 39, 22, 17, 8, 39, 6, 1, 19, 39, 20, 2, 34, 37, 39, 30, 33, 39, 6, 17, 39, 19, 2, 21, 26, 17, 20, 39, 10, 20, 2, 22, 8, 39]
    Edit distance: 15/54
  Sample 4:
    TRUE: [9, 2, 39, 30, 33, 31, 39, 13, 10, 27, 17, 39, 13, 11, 14, 0, 30, 39, 30, 33, 39, 19, 2, 21, 39, 35, 10, 22, 39, 27, 0, 18, 11, 37, 39, 30, 33, 31, 39, 13, 10, 20, 39, 4, 30, 39]
    PRED: [9, 2, 39, 30, 33, 31, 39, 34, 10, 11, 39, 26, 27, 17, 0, 19, 30, 39, 30, 33, 39, 19, 2, 21, 39, 27, 2, 22, 39, 35, 0, 7, 11, 37, 39, 30, 33, 31, 39, 13, 10, 20, 39, 4, 30, 39]
    Edit distance: 11/46

============================================================
Batch 43500 | Val PER: 0.1937
============================================================
  Sample 0:
    TRUE: [31, 17, 0, 19, 27, 2, 28, 17, 39, 27, 17, 19, 2, 22, 28, 16, 8, 11, 8, 39]
    PRED: [29, 10, 19, 27, 2, 28, 30, 39, 17, 14, 35, 5, 22, 8, 2, 8, 39]
    Edit distance: 11/20
  Sample 1:
    TRUE: [27, 16, 7, 39, 26, 11, 7, 2, 28, 30, 39, 28, 10, 34, 27, 2, 20, 39, 28, 5, 22, 8, 39, 20, 16, 31, 2, 14, 27, 1, 13, 28, 39]
    PRED: [35, 17, 7, 39, 26, 3, 27, 7, 2, 37, 39, 28, 10, 34, 2, 20, 39, 5, 22, 39, 20, 16, 14, 2, 13, 39]
    Edit distance: 14/33
  Sample 2:
    TRUE: [28, 24, 39, 27, 33, 20, 37, 39, 35, 17, 39, 21, 12, 8, 39, 16, 22, 39, 2, 22, 2, 6, 1, 29, 30, 39, 19, 2, 20, 33, 38, 2, 22, 39]
    PRED: [15, 4, 39, 27, 33, 20, 37, 39, 35, 11, 39, 21, 12, 8, 39, 16, 22, 39, 16, 22, 30, 16, 34, 21, 1, 28, 39, 19, 2, 20, 33, 38, 2, 22, 39]
    Edit distance: 10/34
  Sample 3:
    TRUE: [20, 3, 27, 17, 37, 39, 19, 0, 28, 30, 33, 21, 39, 22, 17, 8, 2, 8, 39, 6, 20, 1, 19, 39, 14, 20, 2, 34, 37, 39, 30, 33, 39, 6, 17, 39, 19, 2, 21, 26, 20, 17, 30, 20, 17, 39, 10, 20, 2, 14, 2, 22, 30, 39]
    PRED: [20, 3, 27, 2, 37, 39, 19, 5, 28, 24, 21, 39, 22, 17, 8, 39, 6, 0, 19, 39, 20, 2, 6, 37, 39, 30, 33, 39, 6, 17, 39, 19, 2, 21, 26, 36, 33, 20, 11, 39, 10, 20, 2, 22, 8, 39]
    Edit distance: 17/54
  Sample 4:
    TRUE: [9, 2, 39, 30, 33, 31, 39, 13, 10, 27, 17, 39, 13, 11, 14, 0, 30, 39, 30, 33, 39, 19, 2, 21, 39, 35, 10, 22, 39, 27, 0, 18, 11, 37, 39, 30, 33, 31, 39, 13, 10, 20, 39, 4, 30, 39]
    PRED: [9, 2, 39, 30, 33, 31, 39, 10, 17, 11, 39, 26, 17, 0, 30, 22, 39, 30, 33, 39, 19, 2, 21, 39, 27, 2, 22, 39, 35, 3, 27, 7, 11, 39, 30, 33, 31, 39, 13, 16, 20, 39, 4, 30, 39]
    Edit distance: 15/46

============================================================
Batch 44000 | Val PER: 0.1891
============================================================
  Sample 0:
    TRUE: [31, 17, 0, 19, 27, 2, 28, 17, 39, 27, 17, 19, 2, 22, 28, 16, 8, 11, 8, 39]
    PRED: [19, 27, 10, 19, 27, 2, 28, 30, 39, 17, 14, 0, 30, 2, 8, 39]
    Edit distance: 12/20
  Sample 1:
    TRUE: [27, 16, 7, 39, 26, 11, 7, 2, 28, 30, 39, 28, 10, 34, 27, 2, 20, 39, 28, 5, 22, 8, 39, 20, 16, 31, 2, 14, 27, 1, 13, 28, 39]
    PRED: [35, 17, 7, 39, 26, 11, 27, 7, 2, 37, 39, 28, 10, 34, 2, 20, 39, 5, 22, 39, 20, 16, 2, 13, 39]
    Edit distance: 13/33
  Sample 2:
    TRUE: [28, 24, 39, 27, 33, 20, 37, 39, 35, 17, 39, 21, 12, 8, 39, 16, 22, 39, 2, 22, 2, 6, 1, 29, 30, 39, 19, 2, 20, 33, 38, 2, 22, 39]
    PRED: [15, 4, 39, 27, 33, 20, 37, 39, 35, 17, 39, 21, 12, 8, 39, 16, 22, 39, 16, 22, 16, 34, 21, 2, 28, 39, 19, 2, 20, 33, 38, 2, 22, 39]
    Edit distance: 8/34
  Sample 3:
    TRUE: [20, 3, 27, 17, 37, 39, 19, 0, 28, 30, 33, 21, 39, 22, 17, 8, 2, 8, 39, 6, 20, 1, 19, 39, 14, 20, 2, 34, 37, 39, 30, 33, 39, 6, 17, 39, 19, 2, 21, 26, 20, 17, 30, 20, 17, 39, 10, 20, 2, 14, 2, 22, 30, 39]
    PRED: [19, 27, 24, 39, 19, 0, 28, 33, 21, 39, 22, 17, 8, 39, 6, 2, 19, 39, 20, 2, 34, 37, 39, 30, 33, 39, 6, 17, 39, 19, 2, 21, 26, 36, 30, 39, 16, 20, 2, 22, 8, 39]
    Edit distance: 18/54
  Sample 4:
    TRUE: [9, 2, 39, 30, 33, 31, 39, 13, 10, 27, 17, 39, 13, 11, 14, 0, 30, 39, 30, 33, 39, 19, 2, 21, 39, 35, 10, 22, 39, 27, 0, 18, 11, 37, 39, 30, 33, 31, 39, 13, 10, 20, 39, 4, 30, 39]
    PRED: [9, 2, 39, 30, 33, 31, 39, 34, 10, 27, 17, 39, 27, 17, 0, 30, 39, 30, 33, 39, 19, 2, 21, 39, 35, 2, 22, 8, 39, 35, 3, 27, 18, 11, 39, 30, 33, 31, 39, 13, 10, 20, 39, 4, 30, 39]
    Edit distance: 10/46

============================================================
Batch 44500 | Val PER: 0.1887
============================================================
  Sample 0:
    TRUE: [31, 17, 0, 19, 27, 2, 28, 17, 39, 27, 17, 19, 2, 22, 28, 16, 8, 11, 8, 39]
    PRED: [27, 10, 28, 19, 2, 28, 30, 39, 17, 14, 0, 22, 30, 2, 8, 39]
    Edit distance: 12/20
  Sample 1:
    TRUE: [27, 16, 7, 39, 26, 11, 7, 2, 28, 30, 39, 28, 10, 34, 27, 2, 20, 39, 28, 5, 22, 8, 39, 20, 16, 31, 2, 14, 27, 1, 13, 28, 39]
    PRED: [7, 12, 7, 39, 26, 11, 27, 7, 2, 37, 39, 28, 10, 34, 2, 20, 39, 28, 5, 22, 39, 20, 16, 2, 13, 39]
    Edit distance: 12/33
  Sample 2:
    TRUE: [28, 24, 39, 27, 33, 20, 37, 39, 35, 17, 39, 21, 12, 8, 39, 16, 22, 39, 2, 22, 2, 6, 1, 29, 30, 39, 19, 2, 20, 33, 38, 2, 22, 39]
    PRED: [15, 2, 39, 27, 25, 20, 37, 39, 35, 17, 39, 21, 12, 8, 39, 16, 22, 39, 16, 22, 30, 16, 34, 2, 28, 39, 19, 2, 20, 33, 38, 2, 22, 39]
    Edit distance: 9/34
  Sample 3:
    TRUE: [20, 3, 27, 17, 37, 39, 19, 0, 28, 30, 33, 21, 39, 22, 17, 8, 2, 8, 39, 6, 20, 1, 19, 39, 14, 20, 2, 34, 37, 39, 30, 33, 39, 6, 17, 39, 19, 2, 21, 26, 20, 17, 30, 20, 17, 39, 10, 20, 2, 14, 2, 22, 30, 39]
    PRED: [19, 27, 3, 27, 37, 39, 19, 0, 28, 33, 21, 39, 22, 17, 8, 39, 6, 27, 2, 19, 39, 20, 16, 34, 37, 39, 30, 33, 39, 6, 17, 39, 19, 2, 21, 26, 36, 16, 30, 2, 39, 16, 20, 2, 22, 8, 39]
    Edit distance: 18/54
  Sample 4:
    TRUE: [9, 2, 39, 30, 33, 31, 39, 13, 10, 27, 17, 39, 13, 11, 14, 0, 30, 39, 30, 33, 39, 19, 2, 21, 39, 35, 10, 22, 39, 27, 0, 18, 11, 37, 39, 30, 33, 31, 39, 13, 10, 20, 39, 4, 30, 39]
    PRED: [9, 2, 39, 30, 33, 31, 39, 34, 10, 27, 17, 11, 39, 26, 27, 17, 0, 22, 39, 30, 33, 39, 19, 2, 21, 39, 27, 2, 22, 39, 35, 3, 8, 11, 39, 30, 33, 31, 39, 13, 12, 20, 39, 4, 30, 39]
    Edit distance: 13/46

============================================================
Batch 45000 | Val PER: 0.1919
============================================================
  Sample 0:
    TRUE: [31, 17, 0, 19, 27, 2, 28, 17, 39, 27, 17, 19, 2, 22, 28, 16, 8, 11, 8, 39]
    PRED: [27, 10, 28, 19, 2, 28, 30, 39, 17, 14, 22, 16, 2, 8, 39]
    Edit distance: 11/20
  Sample 1:
    TRUE: [27, 16, 7, 39, 26, 11, 7, 2, 28, 30, 39, 28, 10, 34, 27, 2, 20, 39, 28, 5, 22, 8, 39, 20, 16, 31, 2, 14, 27, 1, 13, 28, 39]
    PRED: [35, 17, 7, 39, 26, 11, 27, 7, 16, 37, 39, 28, 10, 34, 2, 20, 39, 14, 5, 22, 37, 39, 20, 16, 14, 0, 13, 39]
    Edit distance: 14/33
  Sample 2:
    TRUE: [28, 24, 39, 27, 33, 20, 37, 39, 35, 17, 39, 21, 12, 8, 39, 16, 22, 39, 2, 22, 2, 6, 1, 29, 30, 39, 19, 2, 20, 33, 38, 2, 22, 39]
    PRED: [15, 2, 39, 27, 24, 37, 39, 35, 17, 39, 21, 12, 8, 39, 16, 22, 39, 16, 22, 16, 34, 21, 2, 28, 39, 19, 2, 20, 33, 38, 2, 22, 39]
    Edit distance: 10/34
  Sample 3:
    TRUE: [20, 3, 27, 17, 37, 39, 19, 0, 28, 30, 33, 21, 39, 22, 17, 8, 2, 8, 39, 6, 20, 1, 19, 39, 14, 20, 2, 34, 37, 39, 30, 33, 39, 6, 17, 39, 19, 2, 21, 26, 20, 17, 30, 20, 17, 39, 10, 20, 2, 14, 2, 22, 30, 39]
    PRED: [19, 27, 24, 2, 39, 19, 0, 28, 33, 21, 39, 22, 17, 8, 39, 6, 2, 19, 39, 20, 2, 34, 37, 39, 30, 33, 39, 6, 17, 39, 19, 2, 21, 26, 20, 16, 30, 20, 39, 16, 20, 2, 22, 8, 39]
    Edit distance: 16/54
  Sample 4:
    TRUE: [9, 2, 39, 30, 33, 31, 39, 13, 10, 27, 17, 39, 13, 11, 14, 0, 30, 39, 30, 33, 39, 19, 2, 21, 39, 35, 10, 22, 39, 27, 0, 18, 11, 37, 39, 30, 33, 31, 39, 13, 10, 20, 39, 4, 30, 39]
    PRED: [9, 2, 39, 30, 33, 31, 39, 34, 10, 27, 17, 39, 26, 17, 22, 39, 30, 33, 39, 19, 2, 21, 39, 35, 2, 22, 39, 35, 3, 7, 11, 37, 39, 30, 33, 31, 39, 13, 1, 20, 39, 4, 30, 39]
    Edit distance: 11/46

============================================================
Batch 45500 | Val PER: 0.1879
============================================================
  Sample 0:
    TRUE: [31, 17, 0, 19, 27, 2, 28, 17, 39, 27, 17, 19, 2, 22, 28, 16, 8, 11, 8, 39]
    PRED: [20, 10, 0, 19, 27, 2, 28, 39, 27, 17, 14, 2, 22, 30, 2, 8, 39]
    Edit distance: 8/20
  Sample 1:
    TRUE: [27, 16, 7, 39, 26, 11, 7, 2, 28, 30, 39, 28, 10, 34, 27, 2, 20, 39, 28, 5, 22, 8, 39, 20, 16, 31, 2, 14, 27, 1, 13, 28, 39]
    PRED: [35, 17, 7, 39, 26, 11, 7, 16, 37, 39, 30, 10, 34, 2, 20, 39, 5, 22, 37, 39, 20, 16, 14, 0, 13, 39]
    Edit distance: 14/33
  Sample 2:
    TRUE: [28, 24, 39, 27, 33, 20, 37, 39, 35, 17, 39, 21, 12, 8, 39, 16, 22, 39, 2, 22, 2, 6, 1, 29, 30, 39, 19, 2, 20, 33, 38, 2, 22, 39]
    PRED: [15, 4, 39, 27, 24, 37, 39, 35, 17, 39, 21, 12, 8, 39, 16, 22, 39, 16, 22, 16, 34, 21, 2, 28, 39, 19, 2, 20, 33, 38, 2, 22, 39]
    Edit distance: 10/34
  Sample 3:
    TRUE: [20, 3, 27, 17, 37, 39, 19, 0, 28, 30, 33, 21, 39, 22, 17, 8, 2, 8, 39, 6, 20, 1, 19, 39, 14, 20, 2, 34, 37, 39, 30, 33, 39, 6, 17, 39, 19, 2, 21, 26, 20, 17, 30, 20, 17, 39, 10, 20, 2, 14, 2, 22, 30, 39]
    PRED: [27, 3, 39, 19, 1, 28, 33, 21, 39, 22, 17, 8, 39, 6, 27, 12, 19, 39, 20, 16, 34, 8, 39, 30, 33, 39, 6, 17, 39, 19, 2, 21, 26, 12, 27, 30, 11, 39, 16, 20, 2, 22, 8, 39]
    Edit distance: 21/54
  Sample 4:
    TRUE: [9, 2, 39, 30, 33, 31, 39, 13, 10, 27, 17, 39, 13, 11, 14, 0, 30, 39, 30, 33, 39, 19, 2, 21, 39, 35, 10, 22, 39, 27, 0, 18, 11, 37, 39, 30, 33, 31, 39, 13, 10, 20, 39, 4, 30, 39]
    PRED: [9, 2, 39, 30, 33, 31, 39, 34, 10, 27, 17, 39, 26, 27, 17, 0, 14, 22, 39, 30, 33, 39, 19, 2, 21, 39, 35, 2, 22, 39, 35, 3, 7, 11, 37, 39, 30, 33, 31, 39, 13, 12, 20, 39, 4, 30, 39]
    Edit distance: 11/46

============================================================
Batch 46000 | Val PER: 0.1884
============================================================
  Sample 0:
    TRUE: [31, 17, 0, 19, 27, 2, 28, 17, 39, 27, 17, 19, 2, 22, 28, 16, 8, 11, 8, 39]
    PRED: [27, 10, 0, 19, 35, 2, 28, 39, 27, 17, 14, 35, 12, 30, 2, 8, 39]
    Edit distance: 11/20
  Sample 1:
    TRUE: [27, 16, 7, 39, 26, 11, 7, 2, 28, 30, 39, 28, 10, 34, 27, 2, 20, 39, 28, 5, 22, 8, 39, 20, 16, 31, 2, 14, 27, 1, 13, 28, 39]
    PRED: [35, 17, 7, 39, 26, 0, 27, 7, 2, 37, 39, 28, 10, 34, 2, 20, 39, 5, 22, 37, 39, 20, 16, 0, 13, 39]
    Edit distance: 15/33
  Sample 2:
    TRUE: [28, 24, 39, 27, 33, 20, 37, 39, 35, 17, 39, 21, 12, 8, 39, 16, 22, 39, 2, 22, 2, 6, 1, 29, 30, 39, 19, 2, 20, 33, 38, 2, 22, 39]
    PRED: [15, 4, 39, 27, 33, 20, 37, 39, 35, 17, 39, 21, 12, 8, 39, 16, 22, 39, 16, 22, 2, 34, 21, 2, 28, 39, 19, 2, 20, 33, 38, 2, 22, 39]
    Edit distance: 7/34
  Sample 3:
    TRUE: [20, 3, 27, 17, 37, 39, 19, 0, 28, 30, 33, 21, 39, 22, 17, 8, 2, 8, 39, 6, 20, 1, 19, 39, 14, 20, 2, 34, 37, 39, 30, 33, 39, 6, 17, 39, 19, 2, 21, 26, 20, 17, 30, 20, 17, 39, 10, 20, 2, 14, 2, 22, 30, 39]
    PRED: [27, 3, 27, 39, 19, 5, 28, 33, 21, 39, 22, 17, 8, 2, 8, 39, 6, 27, 1, 19, 39, 20, 2, 34, 37, 39, 30, 33, 39, 6, 17, 39, 19, 2, 21, 26, 16, 30, 20, 11, 17, 39, 16, 20, 2, 22, 39]
    Edit distance: 14/54
  Sample 4:
    TRUE: [9, 2, 39, 30, 33, 31, 39, 13, 10, 27, 17, 39, 13, 11, 14, 0, 30, 39, 30, 33, 39, 19, 2, 21, 39, 35, 10, 22, 39, 27, 0, 18, 11, 37, 39, 30, 33, 31, 39, 13, 10, 20, 39, 4, 30, 39]
    PRED: [9, 2, 39, 30, 33, 31, 39, 34, 10, 27, 17, 39, 26, 27, 17, 0, 30, 2, 39, 30, 33, 39, 19, 2, 21, 39, 35, 12, 22, 39, 35, 0, 7, 11, 37, 39, 36, 33, 31, 39, 13, 12, 20, 39, 4, 30, 39]
    Edit distance: 10/46

============================================================
Batch 46500 | Val PER: 0.1905
============================================================
  Sample 0:
    TRUE: [31, 17, 0, 19, 27, 2, 28, 17, 39, 27, 17, 19, 2, 22, 28, 16, 8, 11, 8, 39]
    PRED: [27, 10, 0, 19, 27, 2, 28, 39, 17, 14, 22, 30, 2, 8, 39]
    Edit distance: 10/20
  Sample 1:
    TRUE: [27, 16, 7, 39, 26, 11, 7, 2, 28, 30, 39, 28, 10, 34, 27, 2, 20, 39, 28, 5, 22, 8, 39, 20, 16, 31, 2, 14, 27, 1, 13, 28, 39]
    PRED: [35, 17, 7, 39, 26, 0, 27, 7, 2, 37, 39, 30, 10, 34, 2, 20, 39, 28, 5, 22, 37, 39, 20, 16, 24, 0, 13, 39]
    Edit distance: 15/33
  Sample 2:
    TRUE: [28, 24, 39, 27, 33, 20, 37, 39, 35, 17, 39, 21, 12, 8, 39, 16, 22, 39, 2, 22, 2, 6, 1, 29, 30, 39, 19, 2, 20, 33, 38, 2, 22, 39]
    PRED: [9, 4, 39, 27, 33, 20, 37, 39, 35, 17, 39, 21, 12, 8, 39, 16, 22, 39, 16, 22, 16, 34, 21, 2, 28, 39, 19, 2, 20, 33, 38, 2, 22, 39]
    Edit distance: 8/34
  Sample 3:
    TRUE: [20, 3, 27, 17, 37, 39, 19, 0, 28, 30, 33, 21, 39, 22, 17, 8, 2, 8, 39, 6, 20, 1, 19, 39, 14, 20, 2, 34, 37, 39, 30, 33, 39, 6, 17, 39, 19, 2, 21, 26, 20, 17, 30, 20, 17, 39, 10, 20, 2, 14, 2, 22, 30, 39]
    PRED: [27, 3, 27, 39, 19, 5, 28, 33, 21, 39, 22, 17, 8, 39, 6, 27, 2, 19, 39, 20, 0, 34, 37, 39, 30, 33, 39, 6, 17, 39, 19, 2, 21, 26, 20, 12, 2, 30, 20, 17, 39, 16, 20, 2, 22, 39]
    Edit distance: 17/54
  Sample 4:
    TRUE: [9, 2, 39, 30, 33, 31, 39, 13, 10, 27, 17, 39, 13, 11, 14, 0, 30, 39, 30, 33, 39, 19, 2, 21, 39, 35, 10, 22, 39, 27, 0, 18, 11, 37, 39, 30, 33, 31, 39, 13, 10, 20, 39, 4, 30, 39]
    PRED: [9, 2, 39, 30, 33, 31, 39, 34, 10, 27, 17, 39, 26, 2, 0, 30, 39, 30, 33, 39, 19, 2, 21, 39, 35, 2, 22, 39, 35, 0, 7, 11, 39, 30, 33, 31, 39, 13, 1, 20, 39, 4, 30, 39]
    Edit distance: 9/46

============================================================
Batch 47000 | Val PER: 0.1857
============================================================
  Sample 0:
    TRUE: [31, 17, 0, 19, 27, 2, 28, 17, 39, 27, 17, 19, 2, 22, 28, 16, 8, 11, 8, 39]
    PRED: [27, 10, 0, 28, 19, 27, 2, 28, 39, 17, 14, 35, 0, 22, 30, 2, 8, 39]
    Edit distance: 12/20
  Sample 1:
    TRUE: [27, 16, 7, 39, 26, 11, 7, 2, 28, 30, 39, 28, 10, 34, 27, 2, 20, 39, 28, 5, 22, 8, 39, 20, 16, 31, 2, 14, 27, 1, 13, 28, 39]
    PRED: [27, 17, 7, 39, 26, 11, 27, 7, 2, 37, 39, 28, 10, 34, 2, 20, 39, 14, 1, 22, 37, 39, 20, 10, 14, 11, 14, 27, 1, 13, 39]
    Edit distance: 12/33
  Sample 2:
    TRUE: [28, 24, 39, 27, 33, 20, 37, 39, 35, 17, 39, 21, 12, 8, 39, 16, 22, 39, 2, 22, 2, 6, 1, 29, 30, 39, 19, 2, 20, 33, 38, 2, 22, 39]
    PRED: [15, 4, 39, 27, 24, 20, 37, 39, 35, 11, 39, 21, 12, 8, 39, 16, 22, 39, 16, 22, 2, 21, 2, 28, 39, 19, 2, 20, 33, 38, 2, 22, 39]
    Edit distance: 9/34
  Sample 3:
    TRUE: [20, 3, 27, 17, 37, 39, 19, 0, 28, 30, 33, 21, 39, 22, 17, 8, 2, 8, 39, 6, 20, 1, 19, 39, 14, 20, 2, 34, 37, 39, 30, 33, 39, 6, 17, 39, 19, 2, 21, 26, 20, 17, 30, 20, 17, 39, 10, 20, 2, 14, 2, 22, 30, 39]
    PRED: [14, 27, 3, 27, 11, 39, 19, 1, 28, 33, 21, 39, 22, 17, 8, 39, 6, 27, 2, 19, 39, 20, 0, 34, 8, 39, 30, 33, 39, 6, 17, 39, 19, 2, 21, 26, 17, 30, 20, 17, 39, 16, 20, 2, 22, 8, 39]
    Edit distance: 18/54
  Sample 4:
    TRUE: [9, 2, 39, 30, 33, 31, 39, 13, 10, 27, 17, 39, 13, 11, 14, 0, 30, 39, 30, 33, 39, 19, 2, 21, 39, 35, 10, 22, 39, 27, 0, 18, 11, 37, 39, 30, 33, 31, 39, 13, 10, 20, 39, 4, 30, 39]
    PRED: [9, 2, 39, 30, 33, 31, 39, 34, 10, 27, 17, 11, 39, 26, 17, 0, 30, 39, 30, 33, 39, 19, 0, 21, 39, 27, 2, 22, 39, 35, 0, 7, 11, 37, 39, 30, 33, 31, 39, 13, 10, 20, 39, 4, 30, 39]
    Edit distance: 10/46

============================================================
Batch 47500 | Val PER: 0.1840
============================================================
  Sample 0:
    TRUE: [31, 17, 0, 19, 27, 2, 28, 17, 39, 27, 17, 19, 2, 22, 28, 16, 8, 11, 8, 39]
    PRED: [27, 10, 19, 2, 30, 28, 39, 17, 14, 0, 22, 2, 8, 39]
    Edit distance: 13/20
  Sample 1:
    TRUE: [27, 16, 7, 39, 26, 11, 7, 2, 28, 30, 39, 28, 10, 34, 27, 2, 20, 39, 28, 5, 22, 8, 39, 20, 16, 31, 2, 14, 27, 1, 13, 28, 39]
    PRED: [27, 17, 19, 39, 26, 3, 27, 7, 2, 37, 39, 28, 10, 34, 2, 20, 39, 5, 2, 22, 37, 39, 20, 16, 14, 11, 14, 27, 1, 13, 28, 39]
    Edit distance: 12/33
  Sample 2:
    TRUE: [28, 24, 39, 27, 33, 20, 37, 39, 35, 17, 39, 21, 12, 8, 39, 16, 22, 39, 2, 22, 2, 6, 1, 29, 30, 39, 19, 2, 20, 33, 38, 2, 22, 39]
    PRED: [9, 2, 39, 27, 33, 20, 37, 39, 35, 17, 39, 21, 12, 8, 39, 16, 22, 39, 16, 22, 2, 21, 2, 28, 39, 19, 2, 20, 33, 38, 2, 22, 39]
    Edit distance: 7/34
  Sample 3:
    TRUE: [20, 3, 27, 17, 37, 39, 19, 0, 28, 30, 33, 21, 39, 22, 17, 8, 2, 8, 39, 6, 20, 1, 19, 39, 14, 20, 2, 34, 37, 39, 30, 33, 39, 6, 17, 39, 19, 2, 21, 26, 20, 17, 30, 20, 17, 39, 10, 20, 2, 14, 2, 22, 30, 39]
    PRED: [14, 27, 3, 27, 11, 39, 19, 1, 28, 33, 21, 39, 22, 17, 8, 2, 8, 39, 6, 27, 0, 19, 39, 20, 0, 34, 37, 39, 30, 33, 39, 6, 17, 39, 19, 0, 21, 26, 36, 33, 30, 11, 39, 16, 20, 2, 22, 8, 39]
    Edit distance: 19/54
  Sample 4:
    TRUE: [9, 2, 39, 30, 33, 31, 39, 13, 10, 27, 17, 39, 13, 11, 14, 0, 30, 39, 30, 33, 39, 19, 2, 21, 39, 35, 10, 22, 39, 27, 0, 18, 11, 37, 39, 30, 33, 31, 39, 13, 10, 20, 39, 4, 30, 39]
    PRED: [9, 2, 39, 30, 33, 31, 39, 34, 10, 27, 17, 39, 13, 17, 0, 39, 30, 33, 39, 19, 2, 21, 39, 35, 2, 22, 39, 35, 3, 27, 7, 11, 37, 39, 30, 33, 31, 39, 13, 10, 20, 39, 4, 30, 39]
    Edit distance: 9/46

============================================================
Batch 48000 | Val PER: 0.1874
============================================================
  Sample 0:
    TRUE: [31, 17, 0, 19, 27, 2, 28, 17, 39, 27, 17, 19, 2, 22, 28, 16, 8, 11, 8, 39]
    PRED: [8, 10, 19, 2, 28, 39, 17, 14, 12, 22, 30, 2, 8, 39]
    Edit distance: 12/20
  Sample 1:
    TRUE: [27, 16, 7, 39, 26, 11, 7, 2, 28, 30, 39, 28, 10, 34, 27, 2, 20, 39, 28, 5, 22, 8, 39, 20, 16, 31, 2, 14, 27, 1, 13, 28, 39]
    PRED: [27, 17, 7, 39, 26, 0, 27, 7, 2, 37, 39, 30, 10, 34, 2, 20, 39, 5, 22, 37, 39, 20, 16, 17, 11, 2, 13, 39]
    Edit distance: 15/33
  Sample 2:
    TRUE: [28, 24, 39, 27, 33, 20, 37, 39, 35, 17, 39, 21, 12, 8, 39, 16, 22, 39, 2, 22, 2, 6, 1, 29, 30, 39, 19, 2, 20, 33, 38, 2, 22, 39]
    PRED: [2, 39, 27, 24, 20, 37, 39, 35, 11, 39, 21, 12, 8, 39, 16, 22, 39, 16, 22, 2, 21, 2, 28, 39, 19, 2, 20, 33, 38, 2, 22, 39]
    Edit distance: 9/34
  Sample 3:
    TRUE: [20, 3, 27, 17, 37, 39, 19, 0, 28, 30, 33, 21, 39, 22, 17, 8, 2, 8, 39, 6, 20, 1, 19, 39, 14, 20, 2, 34, 37, 39, 30, 33, 39, 6, 17, 39, 19, 2, 21, 26, 20, 17, 30, 20, 17, 39, 10, 20, 2, 14, 2, 22, 30, 39]
    PRED: [27, 33, 11, 39, 19, 5, 28, 2, 21, 39, 22, 17, 8, 2, 8, 39, 6, 27, 2, 19, 39, 20, 2, 34, 37, 39, 30, 33, 39, 6, 17, 39, 19, 2, 21, 26, 36, 17, 30, 20, 11, 17, 39, 16, 20, 2, 22, 8, 39]
    Edit distance: 16/54
  Sample 4:
    TRUE: [9, 2, 39, 30, 33, 31, 39, 13, 10, 27, 17, 39, 13, 11, 14, 0, 30, 39, 30, 33, 39, 19, 2, 21, 39, 35, 10, 22, 39, 27, 0, 18, 11, 37, 39, 30, 33, 31, 39, 13, 10, 20, 39, 4, 30, 39]
    PRED: [9, 2, 39, 30, 33, 31, 39, 10, 27, 17, 2, 39, 13, 17, 14, 0, 2, 22, 39, 30, 33, 39, 19, 2, 21, 39, 35, 2, 22, 39, 35, 3, 8, 11, 37, 39, 30, 33, 31, 39, 13, 10, 20, 39, 4, 30, 39]
    Edit distance: 9/46

============================================================
Batch 48500 | Val PER: 0.1879
============================================================
  Sample 0:
    TRUE: [31, 17, 0, 19, 27, 2, 28, 17, 39, 27, 17, 19, 2, 22, 28, 16, 8, 11, 8, 39]
    PRED: [9, 10, 0, 19, 27, 2, 28, 30, 39, 27, 17, 35, 0, 30, 2, 8, 39]
    Edit distance: 10/20
  Sample 1:
    TRUE: [27, 16, 7, 39, 26, 11, 7, 2, 28, 30, 39, 28, 10, 34, 27, 2, 20, 39, 28, 5, 22, 8, 39, 20, 16, 31, 2, 14, 27, 1, 13, 28, 39]
    PRED: [27, 17, 19, 39, 26, 0, 27, 7, 2, 37, 39, 20, 10, 34, 2, 20, 39, 5, 22, 8, 39, 20, 17, 14, 27, 1, 13, 39]
    Edit distance: 13/33
  Sample 2:
    TRUE: [28, 24, 39, 27, 33, 20, 37, 39, 35, 17, 39, 21, 12, 8, 39, 16, 22, 39, 2, 22, 2, 6, 1, 29, 30, 39, 19, 2, 20, 33, 38, 2, 22, 39]
    PRED: [15, 4, 2, 39, 27, 33, 20, 37, 39, 35, 17, 39, 21, 12, 8, 39, 16, 22, 39, 16, 22, 2, 21, 2, 28, 39, 19, 2, 20, 33, 38, 2, 22, 39]
    Edit distance: 8/34
  Sample 3:
    TRUE: [20, 3, 27, 17, 37, 39, 19, 0, 28, 30, 33, 21, 39, 22, 17, 8, 2, 8, 39, 6, 20, 1, 19, 39, 14, 20, 2, 34, 37, 39, 30, 33, 39, 6, 17, 39, 19, 2, 21, 26, 20, 17, 30, 20, 17, 39, 10, 20, 2, 14, 2, 22, 30, 39]
    PRED: [27, 33, 27, 39, 19, 5, 28, 30, 24, 21, 39, 22, 17, 8, 2, 8, 39, 6, 27, 0, 19, 39, 20, 10, 34, 37, 39, 30, 33, 39, 6, 17, 39, 19, 2, 21, 6, 26, 36, 2, 20, 17, 39, 16, 20, 2, 22, 8, 39]
    Edit distance: 18/54
  Sample 4:
    TRUE: [9, 2, 39, 30, 33, 31, 39, 13, 10, 27, 17, 39, 13, 11, 14, 0, 30, 39, 30, 33, 39, 19, 2, 21, 39, 35, 10, 22, 39, 27, 0, 18, 11, 37, 39, 30, 33, 31, 39, 13, 10, 20, 39, 4, 30, 39]
    PRED: [9, 2, 39, 30, 33, 31, 39, 34, 10, 27, 17, 39, 27, 17, 35, 0, 30, 39, 30, 33, 39, 19, 2, 21, 39, 35, 2, 22, 8, 39, 35, 3, 8, 11, 39, 31, 11, 31, 39, 13, 10, 20, 39, 4, 30, 39]
    Edit distance: 12/46

============================================================
Batch 49000 | Val PER: 0.1848
============================================================
  Sample 0:
    TRUE: [31, 17, 0, 19, 27, 2, 28, 17, 39, 27, 17, 19, 2, 22, 28, 16, 8, 11, 8, 39]
    PRED: [9, 10, 19, 27, 2, 28, 39, 27, 17, 14, 35, 5, 30, 2, 8, 39]
    Edit distance: 11/20
  Sample 1:
    TRUE: [27, 16, 7, 39, 26, 11, 7, 2, 28, 30, 39, 28, 10, 34, 27, 2, 20, 39, 28, 5, 22, 8, 39, 20, 16, 31, 2, 14, 27, 1, 13, 28, 39]
    PRED: [35, 10, 19, 39, 26, 11, 27, 7, 2, 37, 39, 30, 10, 34, 2, 20, 39, 5, 22, 8, 37, 39, 20, 17, 14, 11, 14, 27, 1, 13, 39]
    Edit distance: 14/33
  Sample 2:
    TRUE: [28, 24, 39, 27, 33, 20, 37, 39, 35, 17, 39, 21, 12, 8, 39, 16, 22, 39, 2, 22, 2, 6, 1, 29, 30, 39, 19, 2, 20, 33, 38, 2, 22, 39]
    PRED: [15, 2, 39, 27, 25, 20, 37, 39, 35, 17, 39, 21, 12, 8, 39, 16, 22, 39, 16, 22, 2, 21, 2, 28, 39, 19, 2, 20, 33, 38, 2, 22, 39]
    Edit distance: 8/34
  Sample 3:
    TRUE: [20, 3, 27, 17, 37, 39, 19, 0, 28, 30, 33, 21, 39, 22, 17, 8, 2, 8, 39, 6, 20, 1, 19, 39, 14, 20, 2, 34, 37, 39, 30, 33, 39, 6, 17, 39, 19, 2, 21, 26, 20, 17, 30, 20, 17, 39, 10, 20, 2, 14, 2, 22, 30, 39]
    PRED: [14, 27, 3, 39, 19, 1, 28, 33, 21, 37, 39, 22, 17, 8, 2, 8, 39, 6, 27, 2, 19, 39, 20, 10, 34, 37, 39, 30, 33, 39, 6, 17, 39, 19, 2, 21, 26, 20, 12, 30, 20, 2, 17, 39, 16, 20, 2, 22, 8, 39]
    Edit distance: 17/54
  Sample 4:
    TRUE: [9, 2, 39, 30, 33, 31, 39, 13, 10, 27, 17, 39, 13, 11, 14, 0, 30, 39, 30, 33, 39, 19, 2, 21, 39, 35, 10, 22, 39, 27, 0, 18, 11, 37, 39, 30, 33, 31, 39, 13, 10, 20, 39, 4, 30, 39]
    PRED: [9, 2, 39, 30, 33, 31, 39, 34, 10, 27, 17, 39, 26, 27, 17, 0, 30, 39, 30, 33, 39, 19, 2, 21, 39, 35, 16, 22, 39, 35, 3, 8, 11, 37, 39, 30, 33, 31, 39, 13, 12, 20, 39, 4, 30, 39]
    Edit distance: 9/46

============================================================
Batch 49500 | Val PER: 0.1871
============================================================
  Sample 0:
    TRUE: [31, 17, 0, 19, 27, 2, 28, 17, 39, 27, 17, 19, 2, 22, 28, 16, 8, 11, 8, 39]
    PRED: [9, 10, 19, 2, 39, 17, 14, 0, 22, 37, 2, 8, 39]
    Edit distance: 13/20
  Sample 1:
    TRUE: [27, 16, 7, 39, 26, 11, 7, 2, 28, 30, 39, 28, 10, 34, 27, 2, 20, 39, 28, 5, 22, 8, 39, 20, 16, 31, 2, 14, 27, 1, 13, 28, 39]
    PRED: [27, 17, 19, 39, 26, 11, 29, 16, 2, 37, 39, 28, 10, 34, 2, 20, 39, 5, 22, 37, 39, 20, 13, 10, 14, 14, 27, 1, 13, 39]
    Edit distance: 13/33
  Sample 2:
    TRUE: [28, 24, 39, 27, 33, 20, 37, 39, 35, 17, 39, 21, 12, 8, 39, 16, 22, 39, 2, 22, 2, 6, 1, 29, 30, 39, 19, 2, 20, 33, 38, 2, 22, 39]
    PRED: [9, 2, 39, 27, 25, 20, 37, 39, 35, 17, 39, 21, 12, 8, 39, 16, 22, 39, 16, 22, 2, 21, 2, 28, 39, 19, 2, 20, 33, 38, 2, 22, 39]
    Edit distance: 8/34
  Sample 3:
    TRUE: [20, 3, 27, 17, 37, 39, 19, 0, 28, 30, 33, 21, 39, 22, 17, 8, 2, 8, 39, 6, 20, 1, 19, 39, 14, 20, 2, 34, 37, 39, 30, 33, 39, 6, 17, 39, 19, 2, 21, 26, 20, 17, 30, 20, 17, 39, 10, 20, 2, 14, 2, 22, 30, 39]
    PRED: [14, 27, 3, 39, 19, 5, 28, 19, 33, 21, 39, 22, 17, 8, 2, 8, 39, 6, 27, 2, 19, 39, 20, 10, 34, 37, 39, 30, 33, 39, 6, 17, 39, 19, 2, 21, 26, 36, 17, 30, 20, 11, 39, 16, 20, 2, 22, 8, 39]
    Edit distance: 16/54
  Sample 4:
    TRUE: [9, 2, 39, 30, 33, 31, 39, 13, 10, 27, 17, 39, 13, 11, 14, 0, 30, 39, 30, 33, 39, 19, 2, 21, 39, 35, 10, 22, 39, 27, 0, 18, 11, 37, 39, 30, 33, 31, 39, 13, 10, 20, 39, 4, 30, 39]
    PRED: [9, 2, 39, 30, 33, 31, 39, 34, 10, 27, 17, 11, 39, 27, 17, 30, 0, 19, 30, 39, 30, 33, 39, 19, 2, 21, 39, 35, 2, 22, 39, 35, 3, 8, 11, 37, 39, 27, 33, 31, 39, 13, 10, 20, 39, 4, 30, 39]
    Edit distance: 11/46

============================================================
Batch 50000 | Val PER: 0.1834
============================================================
  Sample 0:
    TRUE: [31, 17, 0, 19, 27, 2, 28, 17, 39, 27, 17, 19, 2, 22, 28, 16, 8, 11, 8, 39]
    PRED: [8, 10, 19, 27, 2, 28, 30, 39, 17, 14, 0, 22, 30, 2, 8, 39]
    Edit distance: 11/20
  Sample 1:
    TRUE: [27, 16, 7, 39, 26, 11, 7, 2, 28, 30, 39, 28, 10, 34, 27, 2, 20, 39, 28, 5, 22, 8, 39, 20, 16, 31, 2, 14, 27, 1, 13, 28, 39]
    PRED: [27, 17, 7, 39, 26, 11, 27, 7, 2, 37, 39, 28, 10, 34, 2, 20, 39, 5, 22, 37, 39, 20, 16, 0, 13, 39]
    Edit distance: 13/33
  Sample 2:
    TRUE: [28, 24, 39, 27, 33, 20, 37, 39, 35, 17, 39, 21, 12, 8, 39, 16, 22, 39, 2, 22, 2, 6, 1, 29, 30, 39, 19, 2, 20, 33, 38, 2, 22, 39]
    PRED: [9, 2, 39, 27, 17, 20, 37, 39, 35, 17, 39, 21, 12, 8, 39, 16, 22, 39, 16, 22, 2, 34, 2, 28, 39, 19, 2, 20, 33, 38, 2, 22, 39]
    Edit distance: 8/34
  Sample 3:
    TRUE: [20, 3, 27, 17, 37, 39, 19, 0, 28, 30, 33, 21, 39, 22, 17, 8, 2, 8, 39, 6, 20, 1, 19, 39, 14, 20, 2, 34, 37, 39, 30, 33, 39, 6, 17, 39, 19, 2, 21, 26, 20, 17, 30, 20, 17, 39, 10, 20, 2, 14, 2, 22, 30, 39]
    PRED: [27, 24, 37, 39, 19, 0, 28, 33, 21, 39, 22, 17, 8, 39, 6, 2, 19, 39, 20, 16, 34, 37, 8, 39, 30, 33, 39, 6, 17, 39, 19, 2, 21, 26, 36, 33, 30, 11, 17, 39, 16, 20, 2, 22, 39]
    Edit distance: 18/54
  Sample 4:
    TRUE: [9, 2, 39, 30, 33, 31, 39, 13, 10, 27, 17, 39, 13, 11, 14, 0, 30, 39, 30, 33, 39, 19, 2, 21, 39, 35, 10, 22, 39, 27, 0, 18, 11, 37, 39, 30, 33, 31, 39, 13, 10, 20, 39, 4, 30, 39]
    PRED: [9, 2, 39, 30, 33, 31, 39, 34, 10, 27, 17, 11, 39, 27, 17, 0, 30, 39, 30, 33, 39, 19, 2, 21, 39, 35, 2, 22, 39, 35, 3, 8, 11, 39, 30, 33, 31, 39, 13, 12, 20, 39, 4, 30, 39]
    Edit distance: 11/46

============================================================
Batch 50500 | Val PER: 0.1879
============================================================
  Sample 0:
    TRUE: [31, 17, 0, 19, 27, 2, 28, 17, 39, 27, 17, 19, 2, 22, 28, 16, 8, 11, 8, 39]
    PRED: [37, 10, 0, 19, 2, 11, 19, 39, 17, 14, 0, 37, 2, 8, 39]
    Edit distance: 13/20
  Sample 1:
    TRUE: [27, 16, 7, 39, 26, 11, 7, 2, 28, 30, 39, 28, 10, 34, 27, 2, 20, 39, 28, 5, 22, 8, 39, 20, 16, 31, 2, 14, 27, 1, 13, 28, 39]
    PRED: [35, 17, 7, 39, 26, 0, 27, 7, 2, 37, 39, 28, 10, 34, 2, 20, 39, 28, 5, 22, 37, 39, 20, 16, 17, 11, 14, 27, 0, 13, 39]
    Edit distance: 12/33
  Sample 2:
    TRUE: [28, 24, 39, 27, 33, 20, 37, 39, 35, 17, 39, 21, 12, 8, 39, 16, 22, 39, 2, 22, 2, 6, 1, 29, 30, 39, 19, 2, 20, 33, 38, 2, 22, 39]
    PRED: [15, 4, 39, 27, 33, 20, 37, 39, 35, 17, 39, 21, 12, 8, 39, 16, 22, 39, 16, 22, 30, 2, 34, 2, 28, 39, 19, 2, 20, 33, 38, 2, 22, 39]
    Edit distance: 8/34
  Sample 3:
    TRUE: [20, 3, 27, 17, 37, 39, 19, 0, 28, 30, 33, 21, 39, 22, 17, 8, 2, 8, 39, 6, 20, 1, 19, 39, 14, 20, 2, 34, 37, 39, 30, 33, 39, 6, 17, 39, 19, 2, 21, 26, 20, 17, 30, 20, 17, 39, 10, 20, 2, 14, 2, 22, 30, 39]
    PRED: [14, 27, 25, 39, 19, 0, 28, 19, 33, 6, 39, 22, 17, 8, 39, 6, 27, 2, 19, 39, 20, 16, 34, 39, 30, 33, 39, 6, 17, 39, 19, 2, 21, 26, 33, 30, 11, 39, 16, 20, 2, 22, 39]
    Edit distance: 21/54
  Sample 4:
    TRUE: [9, 2, 39, 30, 33, 31, 39, 13, 10, 27, 17, 39, 13, 11, 14, 0, 30, 39, 30, 33, 39, 19, 2, 21, 39, 35, 10, 22, 39, 27, 0, 18, 11, 37, 39, 30, 33, 31, 39, 13, 10, 20, 39, 4, 30, 39]
    PRED: [9, 2, 39, 30, 33, 31, 39, 13, 10, 27, 17, 2, 39, 13, 27, 17, 0, 19, 30, 22, 39, 30, 33, 39, 19, 2, 21, 39, 35, 2, 22, 39, 35, 3, 7, 11, 37, 39, 30, 33, 31, 39, 13, 10, 20, 39, 4, 30, 39]
    Edit distance: 9/46

============================================================
Batch 51000 | Val PER: 0.1859
============================================================
  Sample 0:
    TRUE: [31, 17, 0, 19, 27, 2, 28, 17, 39, 27, 17, 19, 2, 22, 28, 16, 8, 11, 8, 39]
    PRED: [8, 10, 0, 19, 27, 2, 28, 30, 39, 17, 14, 5, 22, 30, 11, 8, 39]
    Edit distance: 9/20
  Sample 1:
    TRUE: [27, 16, 7, 39, 26, 11, 7, 2, 28, 30, 39, 28, 10, 34, 27, 2, 20, 39, 28, 5, 22, 8, 39, 20, 16, 31, 2, 14, 27, 1, 13, 28, 39]
    PRED: [27, 17, 7, 39, 26, 11, 27, 7, 2, 37, 39, 28, 10, 34, 2, 20, 39, 5, 22, 37, 39, 20, 16, 14, 27, 0, 13, 39]
    Edit distance: 11/33
  Sample 2:
    TRUE: [28, 24, 39, 27, 33, 20, 37, 39, 35, 17, 39, 21, 12, 8, 39, 16, 22, 39, 2, 22, 2, 6, 1, 29, 30, 39, 19, 2, 20, 33, 38, 2, 22, 39]
    PRED: [15, 4, 39, 27, 17, 20, 37, 39, 35, 17, 39, 21, 12, 8, 39, 16, 22, 39, 16, 22, 16, 34, 21, 2, 28, 39, 19, 2, 20, 33, 38, 2, 22, 39]
    Edit distance: 9/34
  Sample 3:
    TRUE: [20, 3, 27, 17, 37, 39, 19, 0, 28, 30, 33, 21, 39, 22, 17, 8, 2, 8, 39, 6, 20, 1, 19, 39, 14, 20, 2, 34, 37, 39, 30, 33, 39, 6, 17, 39, 19, 2, 21, 26, 20, 17, 30, 20, 17, 39, 10, 20, 2, 14, 2, 22, 30, 39]
    PRED: [27, 3, 27, 39, 19, 5, 33, 21, 39, 22, 17, 8, 39, 6, 27, 2, 19, 39, 20, 2, 34, 8, 39, 30, 33, 39, 6, 17, 39, 19, 2, 21, 26, 36, 33, 30, 11, 39, 16, 20, 2, 22, 8, 39]
    Edit distance: 20/54
  Sample 4:
    TRUE: [9, 2, 39, 30, 33, 31, 39, 13, 10, 27, 17, 39, 13, 11, 14, 0, 30, 39, 30, 33, 39, 19, 2, 21, 39, 35, 10, 22, 39, 27, 0, 18, 11, 37, 39, 30, 33, 31, 39, 13, 10, 20, 39, 4, 30, 39]
    PRED: [9, 2, 39, 30, 33, 31, 39, 34, 10, 27, 17, 39, 26, 27, 17, 0, 14, 39, 30, 33, 39, 19, 2, 21, 39, 35, 2, 22, 39, 35, 5, 3, 7, 11, 39, 30, 33, 31, 39, 13, 10, 20, 39, 4, 30, 39]
    Edit distance: 11/46

============================================================
Batch 51500 | Val PER: 0.1852
============================================================
  Sample 0:
    TRUE: [31, 17, 0, 19, 27, 2, 28, 17, 39, 27, 17, 19, 2, 22, 28, 16, 8, 11, 8, 39]
    PRED: [8, 10, 0, 19, 27, 2, 28, 39, 17, 14, 0, 22, 30, 2, 8, 39]
    Edit distance: 10/20
  Sample 1:
    TRUE: [27, 16, 7, 39, 26, 11, 7, 2, 28, 30, 39, 28, 10, 34, 27, 2, 20, 39, 28, 5, 22, 8, 39, 20, 16, 31, 2, 14, 27, 1, 13, 28, 39]
    PRED: [27, 10, 7, 39, 26, 11, 27, 7, 2, 37, 39, 28, 10, 34, 2, 20, 39, 28, 5, 2, 37, 39, 20, 16, 11, 27, 0, 13, 39]
    Edit distance: 12/33
  Sample 2:
    TRUE: [28, 24, 39, 27, 33, 20, 37, 39, 35, 17, 39, 21, 12, 8, 39, 16, 22, 39, 2, 22, 2, 6, 1, 29, 30, 39, 19, 2, 20, 33, 38, 2, 22, 39]
    PRED: [15, 2, 39, 27, 25, 20, 37, 39, 35, 17, 39, 21, 12, 8, 39, 16, 22, 39, 16, 22, 2, 34, 2, 28, 39, 19, 2, 20, 33, 38, 2, 22, 39]
    Edit distance: 8/34
  Sample 3:
    TRUE: [20, 3, 27, 17, 37, 39, 19, 0, 28, 30, 33, 21, 39, 22, 17, 8, 2, 8, 39, 6, 20, 1, 19, 39, 14, 20, 2, 34, 37, 39, 30, 33, 39, 6, 17, 39, 19, 2, 21, 26, 20, 17, 30, 20, 17, 39, 10, 20, 2, 14, 2, 22, 30, 39]
    PRED: [27, 25, 27, 39, 19, 0, 28, 33, 21, 39, 22, 17, 8, 39, 6, 2, 19, 39, 20, 2, 34, 8, 39, 30, 33, 39, 6, 17, 39, 19, 2, 21, 26, 36, 33, 30, 11, 17, 39, 16, 20, 2, 22, 39]
    Edit distance: 18/54
  Sample 4:
    TRUE: [9, 2, 39, 30, 33, 31, 39, 13, 10, 27, 17, 39, 13, 11, 14, 0, 30, 39, 30, 33, 39, 19, 2, 21, 39, 35, 10, 22, 39, 27, 0, 18, 11, 37, 39, 30, 33, 31, 39, 13, 10, 20, 39, 4, 30, 39]
    PRED: [9, 2, 39, 30, 33, 31, 39, 34, 10, 27, 17, 39, 13, 11, 0, 14, 30, 39, 30, 33, 39, 19, 2, 21, 39, 35, 2, 22, 39, 35, 3, 8, 11, 39, 30, 33, 31, 39, 13, 10, 20, 39, 4, 30, 39]
    Edit distance: 8/46

============================================================
Batch 52000 | Val PER: 0.1839
============================================================
  Sample 0:
    TRUE: [31, 17, 0, 19, 27, 2, 28, 17, 39, 27, 17, 19, 2, 22, 28, 16, 8, 11, 8, 39]
    PRED: [8, 10, 27, 2, 28, 39, 17, 5, 22, 37, 2, 8, 39]
    Edit distance: 12/20
  Sample 1:
    TRUE: [27, 16, 7, 39, 26, 11, 7, 2, 28, 30, 39, 28, 10, 34, 27, 2, 20, 39, 28, 5, 22, 8, 39, 20, 16, 31, 2, 14, 27, 1, 13, 28, 39]
    PRED: [27, 10, 7, 39, 26, 0, 27, 7, 2, 37, 39, 28, 10, 34, 2, 20, 39, 28, 5, 34, 8, 37, 39, 20, 16, 27, 0, 13, 39]
    Edit distance: 13/33
  Sample 2:
    TRUE: [28, 24, 39, 27, 33, 20, 37, 39, 35, 17, 39, 21, 12, 8, 39, 16, 22, 39, 2, 22, 2, 6, 1, 29, 30, 39, 19, 2, 20, 33, 38, 2, 22, 39]
    PRED: [15, 4, 39, 27, 25, 20, 39, 35, 17, 39, 21, 12, 8, 39, 16, 22, 39, 16, 22, 16, 2, 34, 2, 28, 39, 19, 2, 20, 33, 38, 2, 22, 39]
    Edit distance: 10/34
  Sample 3:
    TRUE: [20, 3, 27, 17, 37, 39, 19, 0, 28, 30, 33, 21, 39, 22, 17, 8, 2, 8, 39, 6, 20, 1, 19, 39, 14, 20, 2, 34, 37, 39, 30, 33, 39, 6, 17, 39, 19, 2, 21, 26, 20, 17, 30, 20, 17, 39, 10, 20, 2, 14, 2, 22, 30, 39]
    PRED: [14, 27, 3, 39, 19, 0, 19, 33, 21, 39, 22, 17, 8, 2, 8, 39, 6, 27, 0, 19, 39, 20, 16, 34, 37, 8, 39, 30, 33, 39, 6, 17, 39, 19, 2, 21, 26, 36, 16, 30, 20, 11, 2, 39, 16, 20, 2, 22, 39]
    Edit distance: 19/54
  Sample 4:
    TRUE: [9, 2, 39, 30, 33, 31, 39, 13, 10, 27, 17, 39, 13, 11, 14, 0, 30, 39, 30, 33, 39, 19, 2, 21, 39, 35, 10, 22, 39, 27, 0, 18, 11, 37, 39, 30, 33, 31, 39, 13, 10, 20, 39, 4, 30, 39]
    PRED: [9, 2, 39, 30, 33, 31, 39, 34, 10, 27, 17, 39, 26, 27, 17, 0, 30, 22, 39, 30, 33, 39, 19, 2, 21, 39, 35, 2, 22, 39, 35, 3, 7, 11, 39, 36, 33, 31, 39, 13, 1, 20, 39, 4, 30, 39]
    Edit distance: 12/46

============================================================
Batch 52500 | Val PER: 0.1850
============================================================
  Sample 0:
    TRUE: [31, 17, 0, 19, 27, 2, 28, 17, 39, 27, 17, 19, 2, 22, 28, 16, 8, 11, 8, 39]
    PRED: [6, 10, 0, 19, 27, 2, 28, 30, 28, 39, 17, 0, 22, 30, 2, 8, 39]
    Edit distance: 11/20
  Sample 1:
    TRUE: [27, 16, 7, 39, 26, 11, 7, 2, 28, 30, 39, 28, 10, 34, 27, 2, 20, 39, 28, 5, 22, 8, 39, 20, 16, 31, 2, 14, 27, 1, 13, 28, 39]
    PRED: [27, 12, 7, 39, 26, 0, 27, 7, 2, 37, 39, 28, 10, 34, 2, 20, 39, 28, 5, 22, 37, 39, 20, 16, 27, 0, 13, 39]
    Edit distance: 12/33
  Sample 2:
    TRUE: [28, 24, 39, 27, 33, 20, 37, 39, 35, 17, 39, 21, 12, 8, 39, 16, 22, 39, 2, 22, 2, 6, 1, 29, 30, 39, 19, 2, 20, 33, 38, 2, 22, 39]
    PRED: [15, 4, 39, 27, 33, 20, 37, 39, 35, 17, 39, 21, 12, 8, 39, 16, 22, 39, 16, 22, 16, 34, 21, 2, 28, 39, 19, 2, 20, 33, 38, 2, 22, 39]
    Edit distance: 8/34
  Sample 3:
    TRUE: [20, 3, 27, 17, 37, 39, 19, 0, 28, 30, 33, 21, 39, 22, 17, 8, 2, 8, 39, 6, 20, 1, 19, 39, 14, 20, 2, 34, 37, 39, 30, 33, 39, 6, 17, 39, 19, 2, 21, 26, 20, 17, 30, 20, 17, 39, 10, 20, 2, 14, 2, 22, 30, 39]
    PRED: [27, 24, 27, 2, 39, 19, 5, 33, 21, 39, 22, 17, 8, 39, 6, 2, 19, 39, 20, 2, 34, 37, 39, 30, 33, 39, 6, 17, 39, 19, 2, 21, 26, 36, 17, 30, 11, 39, 16, 20, 2, 22, 39]
    Edit distance: 19/54
  Sample 4:
    TRUE: [9, 2, 39, 30, 33, 31, 39, 13, 10, 27, 17, 39, 13, 11, 14, 0, 30, 39, 30, 33, 39, 19, 2, 21, 39, 35, 10, 22, 39, 27, 0, 18, 11, 37, 39, 30, 33, 31, 39, 13, 10, 20, 39, 4, 30, 39]
    PRED: [9, 2, 39, 30, 33, 31, 39, 34, 10, 27, 17, 12, 39, 27, 17, 0, 30, 22, 39, 30, 33, 39, 19, 2, 21, 39, 35, 2, 22, 39, 35, 3, 7, 11, 37, 39, 36, 33, 31, 39, 13, 10, 20, 39, 4, 30, 39]
    Edit distance: 11/46

============================================================
Batch 53000 | Val PER: 0.1841
============================================================
  Sample 0:
    TRUE: [31, 17, 0, 19, 27, 2, 28, 17, 39, 27, 17, 19, 2, 22, 28, 16, 8, 11, 8, 39]
    PRED: [8, 10, 19, 27, 2, 28, 30, 39, 27, 17, 14, 0, 22, 30, 2, 8, 39]
    Edit distance: 10/20
  Sample 1:
    TRUE: [27, 16, 7, 39, 26, 11, 7, 2, 28, 30, 39, 28, 10, 34, 27, 2, 20, 39, 28, 5, 22, 8, 39, 20, 16, 31, 2, 14, 27, 1, 13, 28, 39]
    PRED: [27, 12, 19, 39, 26, 0, 27, 7, 2, 37, 39, 28, 10, 34, 2, 20, 39, 5, 2, 22, 37, 39, 20, 16, 34, 14, 14, 0, 13, 39]
    Edit distance: 15/33
  Sample 2:
    TRUE: [28, 24, 39, 27, 33, 20, 37, 39, 35, 17, 39, 21, 12, 8, 39, 16, 22, 39, 2, 22, 2, 6, 1, 29, 30, 39, 19, 2, 20, 33, 38, 2, 22, 39]
    PRED: [15, 4, 39, 27, 33, 20, 37, 39, 35, 17, 39, 21, 12, 8, 39, 16, 22, 39, 16, 22, 2, 34, 2, 28, 39, 19, 2, 20, 33, 38, 2, 22, 39]
    Edit distance: 7/34
  Sample 3:
    TRUE: [20, 3, 27, 17, 37, 39, 19, 0, 28, 30, 33, 21, 39, 22, 17, 8, 2, 8, 39, 6, 20, 1, 19, 39, 14, 20, 2, 34, 37, 39, 30, 33, 39, 6, 17, 39, 19, 2, 21, 26, 20, 17, 30, 20, 17, 39, 10, 20, 2, 14, 2, 22, 30, 39]
    PRED: [14, 27, 24, 27, 39, 19, 5, 33, 21, 39, 22, 17, 8, 2, 8, 39, 6, 20, 2, 19, 39, 20, 2, 34, 8, 39, 30, 33, 39, 6, 17, 39, 19, 2, 21, 26, 36, 2, 30, 20, 2, 39, 16, 20, 2, 22, 8, 39]
    Edit distance: 17/54
  Sample 4:
    TRUE: [9, 2, 39, 30, 33, 31, 39, 13, 10, 27, 17, 39, 13, 11, 14, 0, 30, 39, 30, 33, 39, 19, 2, 21, 39, 35, 10, 22, 39, 27, 0, 18, 11, 37, 39, 30, 33, 31, 39, 13, 10, 20, 39, 4, 30, 39]
    PRED: [9, 2, 39, 30, 33, 31, 39, 34, 10, 27, 17, 2, 39, 13, 27, 17, 0, 14, 2, 22, 39, 30, 33, 39, 19, 2, 21, 39, 35, 2, 22, 39, 35, 3, 7, 11, 37, 39, 30, 33, 31, 39, 13, 16, 20, 39, 4, 30, 39]
    Edit distance: 12/46

============================================================
Batch 53500 | Val PER: 0.1816
============================================================
  Sample 0:
    TRUE: [31, 17, 0, 19, 27, 2, 28, 17, 39, 27, 17, 19, 2, 22, 28, 16, 8, 11, 8, 39]
    PRED: [27, 10, 0, 19, 2, 30, 39, 17, 19, 30, 2, 8, 39]
    Edit distance: 12/20
  Sample 1:
    TRUE: [27, 16, 7, 39, 26, 11, 7, 2, 28, 30, 39, 28, 10, 34, 27, 2, 20, 39, 28, 5, 22, 8, 39, 20, 16, 31, 2, 14, 27, 1, 13, 28, 39]
    PRED: [27, 17, 7, 39, 26, 0, 27, 7, 2, 37, 39, 28, 10, 34, 2, 20, 39, 5, 22, 37, 39, 20, 16, 14, 27, 1, 13, 39]
    Edit distance: 11/33
  Sample 2:
    TRUE: [28, 24, 39, 27, 33, 20, 37, 39, 35, 17, 39, 21, 12, 8, 39, 16, 22, 39, 2, 22, 2, 6, 1, 29, 30, 39, 19, 2, 20, 33, 38, 2, 22, 39]
    PRED: [15, 4, 39, 27, 17, 20, 37, 39, 35, 17, 39, 21, 12, 8, 39, 16, 22, 39, 16, 22, 16, 34, 21, 1, 2, 28, 39, 19, 2, 20, 33, 38, 2, 22, 39]
    Edit distance: 9/34
  Sample 3:
    TRUE: [20, 3, 27, 17, 37, 39, 19, 0, 28, 30, 33, 21, 39, 22, 17, 8, 2, 8, 39, 6, 20, 1, 19, 39, 14, 20, 2, 34, 37, 39, 30, 33, 39, 6, 17, 39, 19, 2, 21, 26, 20, 17, 30, 20, 17, 39, 10, 20, 2, 14, 2, 22, 30, 39]
    PRED: [27, 3, 39, 19, 5, 33, 21, 39, 22, 17, 8, 2, 8, 39, 6, 2, 19, 39, 20, 2, 34, 37, 8, 39, 30, 33, 39, 6, 17, 39, 19, 2, 21, 26, 36, 2, 30, 20, 39, 16, 20, 2, 8, 39]
    Edit distance: 19/54
  Sample 4:
    TRUE: [9, 2, 39, 30, 33, 31, 39, 13, 10, 27, 17, 39, 13, 11, 14, 0, 30, 39, 30, 33, 39, 19, 2, 21, 39, 35, 10, 22, 39, 27, 0, 18, 11, 37, 39, 30, 33, 31, 39, 13, 10, 20, 39, 4, 30, 39]
    PRED: [9, 2, 39, 30, 33, 31, 39, 34, 10, 27, 17, 39, 27, 17, 30, 0, 3, 30, 39, 30, 33, 39, 19, 2, 21, 39, 35, 2, 22, 39, 35, 3, 7, 11, 37, 39, 30, 33, 31, 13, 16, 20, 39, 4, 30, 39]
    Edit distance: 11/46

============================================================
Batch 54000 | Val PER: 0.1832
============================================================
  Sample 0:
    TRUE: [31, 17, 0, 19, 27, 2, 28, 17, 39, 27, 17, 19, 2, 22, 28, 16, 8, 11, 8, 39]
    PRED: [27, 10, 27, 0, 27, 14, 2, 30, 28, 39, 17, 14, 12, 30, 2, 8, 39]
    Edit distance: 15/20
  Sample 1:
    TRUE: [27, 16, 7, 39, 26, 11, 7, 2, 28, 30, 39, 28, 10, 34, 27, 2, 20, 39, 28, 5, 22, 8, 39, 20, 16, 31, 2, 14, 27, 1, 13, 28, 39]
    PRED: [27, 17, 7, 39, 26, 0, 27, 7, 2, 37, 39, 28, 10, 34, 2, 20, 39, 7, 5, 22, 37, 39, 20, 16, 14, 24, 14, 27, 1, 13, 28, 39]
    Edit distance: 10/33
  Sample 2:
    TRUE: [28, 24, 39, 27, 33, 20, 37, 39, 35, 17, 39, 21, 12, 8, 39, 16, 22, 39, 2, 22, 2, 6, 1, 29, 30, 39, 19, 2, 20, 33, 38, 2, 22, 39]
    PRED: [15, 4, 39, 27, 17, 20, 37, 39, 35, 17, 39, 21, 12, 8, 39, 16, 22, 39, 16, 22, 2, 34, 21, 1, 28, 39, 19, 2, 20, 33, 38, 2, 22, 39]
    Edit distance: 8/34
  Sample 3:
    TRUE: [20, 3, 27, 17, 37, 39, 19, 0, 28, 30, 33, 21, 39, 22, 17, 8, 2, 8, 39, 6, 20, 1, 19, 39, 14, 20, 2, 34, 37, 39, 30, 33, 39, 6, 17, 39, 19, 2, 21, 26, 20, 17, 30, 20, 17, 39, 10, 20, 2, 14, 2, 22, 30, 39]
    PRED: [27, 3, 27, 39, 19, 0, 28, 33, 21, 39, 22, 17, 8, 37, 8, 39, 6, 27, 0, 19, 39, 20, 16, 34, 37, 39, 30, 33, 39, 6, 17, 39, 19, 2, 21, 26, 36, 2, 30, 20, 11, 39, 1, 20, 2, 22, 39]
    Edit distance: 16/54
  Sample 4:
    TRUE: [9, 2, 39, 30, 33, 31, 39, 13, 10, 27, 17, 39, 13, 11, 14, 0, 30, 39, 30, 33, 39, 19, 2, 21, 39, 35, 10, 22, 39, 27, 0, 18, 11, 37, 39, 30, 33, 31, 39, 13, 10, 20, 39, 4, 30, 39]
    PRED: [9, 2, 39, 30, 33, 31, 39, 34, 10, 27, 17, 12, 39, 27, 17, 0, 2, 22, 39, 30, 33, 39, 19, 2, 21, 39, 35, 2, 22, 39, 35, 3, 7, 11, 37, 39, 30, 33, 31, 13, 1, 20, 39, 4, 30, 39]
    Edit distance: 13/46

============================================================
Batch 54500 | Val PER: 0.1828
============================================================
  Sample 0:
    TRUE: [31, 17, 0, 19, 27, 2, 28, 17, 39, 27, 17, 19, 2, 22, 28, 16, 8, 11, 8, 39]
    PRED: [8, 10, 0, 27, 2, 28, 39, 27, 17, 14, 22, 30, 16, 8, 39]
    Edit distance: 9/20
  Sample 1:
    TRUE: [27, 16, 7, 39, 26, 11, 7, 2, 28, 30, 39, 28, 10, 34, 27, 2, 20, 39, 28, 5, 22, 8, 39, 20, 16, 31, 2, 14, 27, 1, 13, 28, 39]
    PRED: [27, 17, 7, 39, 26, 11, 27, 7, 2, 37, 39, 28, 10, 34, 2, 20, 39, 5, 22, 8, 37, 39, 20, 13, 10, 14, 27, 2, 13, 39]
    Edit distance: 12/33
  Sample 2:
    TRUE: [28, 24, 39, 27, 33, 20, 37, 39, 35, 17, 39, 21, 12, 8, 39, 16, 22, 39, 2, 22, 2, 6, 1, 29, 30, 39, 19, 2, 20, 33, 38, 2, 22, 39]
    PRED: [15, 2, 39, 27, 17, 20, 37, 39, 35, 17, 39, 21, 12, 8, 39, 16, 22, 39, 16, 22, 2, 21, 1, 2, 28, 39, 19, 2, 20, 33, 38, 2, 22, 39]
    Edit distance: 7/34
  Sample 3:
    TRUE: [20, 3, 27, 17, 37, 39, 19, 0, 28, 30, 33, 21, 39, 22, 17, 8, 2, 8, 39, 6, 20, 1, 19, 39, 14, 20, 2, 34, 37, 39, 30, 33, 39, 6, 17, 39, 19, 2, 21, 26, 20, 17, 30, 20, 17, 39, 10, 20, 2, 14, 2, 22, 30, 39]
    PRED: [27, 3, 27, 39, 19, 5, 33, 21, 39, 22, 17, 8, 39, 6, 27, 1, 19, 39, 20, 2, 34, 37, 39, 30, 33, 39, 6, 17, 39, 19, 2, 21, 26, 36, 16, 30, 2, 39, 16, 20, 2, 22, 8, 39]
    Edit distance: 18/54
  Sample 4:
    TRUE: [9, 2, 39, 30, 33, 31, 39, 13, 10, 27, 17, 39, 13, 11, 14, 0, 30, 39, 30, 33, 39, 19, 2, 21, 39, 35, 10, 22, 39, 27, 0, 18, 11, 37, 39, 30, 33, 31, 39, 13, 10, 20, 39, 4, 30, 39]
    PRED: [9, 2, 39, 30, 33, 31, 39, 34, 10, 27, 17, 2, 39, 13, 27, 17, 30, 0, 14, 2, 22, 39, 30, 33, 39, 19, 2, 21, 39, 35, 2, 22, 39, 35, 3, 7, 11, 37, 39, 36, 33, 31, 39, 13, 10, 20, 39, 4, 30, 39]
    Edit distance: 13/46

============================================================
Batch 55000 | Val PER: 0.1817
============================================================
  Sample 0:
    TRUE: [31, 17, 0, 19, 27, 2, 28, 17, 39, 27, 17, 19, 2, 22, 28, 16, 8, 11, 8, 39]
    PRED: [8, 10, 30, 27, 2, 28, 30, 28, 39, 27, 17, 14, 5, 22, 30, 2, 8, 39]
    Edit distance: 12/20
  Sample 1:
    TRUE: [27, 16, 7, 39, 26, 11, 7, 2, 28, 30, 39, 28, 10, 34, 27, 2, 20, 39, 28, 5, 22, 8, 39, 20, 16, 31, 2, 14, 27, 1, 13, 28, 39]
    PRED: [27, 1, 7, 39, 26, 0, 27, 7, 2, 37, 39, 28, 10, 34, 2, 20, 39, 28, 5, 22, 8, 37, 39, 20, 16, 14, 1, 13, 39]
    Edit distance: 11/33
  Sample 2:
    TRUE: [28, 24, 39, 27, 33, 20, 37, 39, 35, 17, 39, 21, 12, 8, 39, 16, 22, 39, 2, 22, 2, 6, 1, 29, 30, 39, 19, 2, 20, 33, 38, 2, 22, 39]
    PRED: [15, 4, 39, 27, 17, 20, 39, 35, 17, 39, 21, 12, 8, 39, 16, 22, 39, 16, 22, 16, 21, 2, 28, 39, 19, 2, 20, 33, 38, 2, 22, 39]
    Edit distance: 10/34
  Sample 3:
    TRUE: [20, 3, 27, 17, 37, 39, 19, 0, 28, 30, 33, 21, 39, 22, 17, 8, 2, 8, 39, 6, 20, 1, 19, 39, 14, 20, 2, 34, 37, 39, 30, 33, 39, 6, 17, 39, 19, 2, 21, 26, 20, 17, 30, 20, 17, 39, 10, 20, 2, 14, 2, 22, 30, 39]
    PRED: [27, 3, 39, 19, 5, 28, 33, 21, 39, 22, 17, 8, 2, 8, 39, 6, 27, 2, 19, 39, 20, 2, 34, 37, 8, 39, 30, 33, 39, 6, 17, 39, 19, 2, 21, 26, 36, 2, 30, 11, 39, 16, 20, 2, 22, 8, 39]
    Edit distance: 18/54
  Sample 4:
    TRUE: [9, 2, 39, 30, 33, 31, 39, 13, 10, 27, 17, 39, 13, 11, 14, 0, 30, 39, 30, 33, 39, 19, 2, 21, 39, 35, 10, 22, 39, 27, 0, 18, 11, 37, 39, 30, 33, 31, 39, 13, 10, 20, 39, 4, 30, 39]
    PRED: [9, 2, 39, 30, 33, 31, 39, 34, 10, 27, 17, 39, 26, 27, 17, 19, 3, 19, 30, 39, 30, 33, 39, 19, 2, 21, 39, 35, 2, 22, 8, 39, 35, 3, 7, 11, 37, 39, 30, 33, 31, 39, 13, 10, 20, 39, 4, 30, 39]
    Edit distance: 12/46

============================================================
Batch 55500 | Val PER: 0.1841
============================================================
  Sample 0:
    TRUE: [31, 17, 0, 19, 27, 2, 28, 17, 39, 27, 17, 19, 2, 22, 28, 16, 8, 11, 8, 39]
    PRED: [29, 10, 8, 0, 14, 27, 2, 28, 39, 27, 17, 14, 5, 8, 2, 8, 39]
    Edit distance: 11/20
  Sample 1:
    TRUE: [27, 16, 7, 39, 26, 11, 7, 2, 28, 30, 39, 28, 10, 34, 27, 2, 20, 39, 28, 5, 22, 8, 39, 20, 16, 31, 2, 14, 27, 1, 13, 28, 39]
    PRED: [27, 17, 7, 39, 26, 0, 27, 7, 2, 37, 39, 28, 10, 34, 2, 20, 39, 28, 5, 22, 37, 39, 20, 16, 14, 24, 14, 27, 1, 13, 39]
    Edit distance: 10/33
  Sample 2:
    TRUE: [28, 24, 39, 27, 33, 20, 37, 39, 35, 17, 39, 21, 12, 8, 39, 16, 22, 39, 2, 22, 2, 6, 1, 29, 30, 39, 19, 2, 20, 33, 38, 2, 22, 39]
    PRED: [15, 4, 39, 27, 33, 20, 37, 39, 35, 17, 39, 21, 12, 8, 39, 16, 22, 39, 16, 22, 16, 2, 34, 2, 28, 39, 19, 2, 20, 33, 38, 2, 22, 39]
    Edit distance: 8/34
  Sample 3:
    TRUE: [20, 3, 27, 17, 37, 39, 19, 0, 28, 30, 33, 21, 39, 22, 17, 8, 2, 8, 39, 6, 20, 1, 19, 39, 14, 20, 2, 34, 37, 39, 30, 33, 39, 6, 17, 39, 19, 2, 21, 26, 20, 17, 30, 20, 17, 39, 10, 20, 2, 14, 2, 22, 30, 39]
    PRED: [27, 3, 11, 39, 19, 1, 28, 33, 21, 39, 22, 17, 8, 39, 6, 27, 2, 19, 39, 20, 2, 34, 37, 8, 39, 30, 33, 39, 6, 17, 39, 19, 2, 21, 26, 36, 2, 30, 11, 17, 39, 16, 20, 2, 22, 8, 39]
    Edit distance: 19/54
  Sample 4:
    TRUE: [9, 2, 39, 30, 33, 31, 39, 13, 10, 27, 17, 39, 13, 11, 14, 0, 30, 39, 30, 33, 39, 19, 2, 21, 39, 35, 10, 22, 39, 27, 0, 18, 11, 37, 39, 30, 33, 31, 39, 13, 10, 20, 39, 4, 30, 39]
    PRED: [9, 2, 39, 30, 27, 33, 31, 39, 34, 10, 27, 17, 11, 39, 27, 17, 0, 19, 14, 30, 39, 30, 33, 39, 19, 2, 21, 39, 35, 2, 22, 8, 39, 35, 3, 27, 7, 11, 37, 39, 30, 33, 31, 39, 13, 10, 20, 39, 4, 30, 39]
    Edit distance: 14/46

============================================================
Batch 56000 | Val PER: 0.1832
============================================================
  Sample 0:
    TRUE: [31, 17, 0, 19, 27, 2, 28, 17, 39, 27, 17, 19, 2, 22, 28, 16, 8, 11, 8, 39]
    PRED: [9, 10, 30, 27, 14, 27, 2, 28, 39, 27, 16, 14, 0, 5, 22, 12, 30, 2, 8, 39]
    Edit distance: 14/20
  Sample 1:
    TRUE: [27, 16, 7, 39, 26, 11, 7, 2, 28, 30, 39, 28, 10, 34, 27, 2, 20, 39, 28, 5, 22, 8, 39, 20, 16, 31, 2, 14, 27, 1, 13, 28, 39]
    PRED: [27, 1, 7, 39, 26, 11, 27, 7, 2, 37, 39, 28, 10, 34, 2, 20, 39, 7, 5, 22, 37, 39, 20, 16, 14, 27, 1, 13, 39]
    Edit distance: 10/33
  Sample 2:
    TRUE: [28, 24, 39, 27, 33, 20, 37, 39, 35, 17, 39, 21, 12, 8, 39, 16, 22, 39, 2, 22, 2, 6, 1, 29, 30, 39, 19, 2, 20, 33, 38, 2, 22, 39]
    PRED: [15, 4, 39, 27, 33, 20, 37, 39, 35, 17, 39, 21, 12, 8, 39, 16, 22, 39, 16, 22, 16, 21, 2, 28, 39, 19, 2, 20, 33, 38, 2, 22, 39]
    Edit distance: 8/34
  Sample 3:
    TRUE: [20, 3, 27, 17, 37, 39, 19, 0, 28, 30, 33, 21, 39, 22, 17, 8, 2, 8, 39, 6, 20, 1, 19, 39, 14, 20, 2, 34, 37, 39, 30, 33, 39, 6, 17, 39, 19, 2, 21, 26, 20, 17, 30, 20, 17, 39, 10, 20, 2, 14, 2, 22, 30, 39]
    PRED: [27, 3, 11, 39, 19, 1, 28, 33, 21, 39, 22, 17, 8, 2, 8, 39, 6, 27, 1, 19, 39, 20, 2, 34, 37, 39, 30, 33, 39, 6, 17, 39, 19, 2, 21, 26, 36, 30, 11, 39, 16, 20, 2, 22, 39]
    Edit distance: 16/54
  Sample 4:
    TRUE: [9, 2, 39, 30, 33, 31, 39, 13, 10, 27, 17, 39, 13, 11, 14, 0, 30, 39, 30, 33, 39, 19, 2, 21, 39, 35, 10, 22, 39, 27, 0, 18, 11, 37, 39, 30, 33, 31, 39, 13, 10, 20, 39, 4, 30, 39]
    PRED: [9, 2, 39, 30, 33, 31, 39, 34, 10, 27, 17, 39, 27, 17, 0, 19, 30, 39, 30, 33, 39, 19, 2, 21, 39, 35, 2, 22, 39, 35, 5, 8, 11, 37, 39, 36, 33, 31, 39, 13, 10, 20, 39, 4, 30, 39]
    Edit distance: 10/46

============================================================
Batch 56500 | Val PER: 0.1852
============================================================
  Sample 0:
    TRUE: [31, 17, 0, 19, 27, 2, 28, 17, 39, 27, 17, 19, 2, 22, 28, 16, 8, 11, 8, 39]
    PRED: [8, 10, 14, 27, 2, 28, 39, 17, 14, 0, 22, 30, 2, 8, 39]
    Edit distance: 12/20
  Sample 1:
    TRUE: [27, 16, 7, 39, 26, 11, 7, 2, 28, 30, 39, 28, 10, 34, 27, 2, 20, 39, 28, 5, 22, 8, 39, 20, 16, 31, 2, 14, 27, 1, 13, 28, 39]
    PRED: [27, 17, 7, 39, 26, 3, 27, 7, 2, 37, 39, 28, 10, 34, 2, 20, 39, 7, 5, 22, 37, 39, 20, 16, 24, 27, 1, 13, 39]
    Edit distance: 12/33
  Sample 2:
    TRUE: [28, 24, 39, 27, 33, 20, 37, 39, 35, 17, 39, 21, 12, 8, 39, 16, 22, 39, 2, 22, 2, 6, 1, 29, 30, 39, 19, 2, 20, 33, 38, 2, 22, 39]
    PRED: [15, 2, 39, 27, 33, 20, 37, 39, 35, 17, 39, 21, 12, 8, 39, 16, 22, 39, 16, 22, 16, 21, 2, 28, 39, 19, 2, 20, 33, 38, 2, 22, 39]
    Edit distance: 8/34
  Sample 3:
    TRUE: [20, 3, 27, 17, 37, 39, 19, 0, 28, 30, 33, 21, 39, 22, 17, 8, 2, 8, 39, 6, 20, 1, 19, 39, 14, 20, 2, 34, 37, 39, 30, 33, 39, 6, 17, 39, 19, 2, 21, 26, 20, 17, 30, 20, 17, 39, 10, 20, 2, 14, 2, 22, 30, 39]
    PRED: [27, 3, 37, 39, 19, 1, 0, 28, 33, 21, 39, 22, 17, 8, 39, 6, 27, 2, 19, 39, 20, 10, 34, 37, 39, 30, 33, 39, 6, 17, 39, 19, 2, 21, 26, 36, 30, 20, 11, 39, 16, 20, 2, 22, 8, 39]
    Edit distance: 18/54
  Sample 4:
    TRUE: [9, 2, 39, 30, 33, 31, 39, 13, 10, 27, 17, 39, 13, 11, 14, 0, 30, 39, 30, 33, 39, 19, 2, 21, 39, 35, 10, 22, 39, 27, 0, 18, 11, 37, 39, 30, 33, 31, 39, 13, 10, 20, 39, 4, 30, 39]
    PRED: [9, 2, 39, 30, 33, 31, 39, 34, 10, 27, 17, 39, 26, 27, 17, 0, 14, 22, 39, 30, 33, 39, 19, 2, 21, 39, 35, 2, 22, 39, 35, 3, 27, 7, 11, 37, 39, 36, 33, 31, 39, 13, 10, 20, 39, 4, 30, 39]
    Edit distance: 12/46

============================================================
Batch 57000 | Val PER: 0.1823
============================================================
  Sample 0:
    TRUE: [31, 17, 0, 19, 27, 2, 28, 17, 39, 27, 17, 19, 2, 22, 28, 16, 8, 11, 8, 39]
    PRED: [8, 0, 19, 14, 27, 2, 28, 39, 27, 16, 14, 0, 22, 8, 2, 8, 39]
    Edit distance: 10/20
  Sample 1:
    TRUE: [27, 16, 7, 39, 26, 11, 7, 2, 28, 30, 39, 28, 10, 34, 27, 2, 20, 39, 28, 5, 22, 8, 39, 20, 16, 31, 2, 14, 27, 1, 13, 28, 39]
    PRED: [7, 17, 7, 39, 26, 3, 27, 7, 2, 37, 39, 28, 10, 34, 2, 20, 39, 28, 5, 22, 37, 39, 20, 16, 14, 24, 27, 0, 13, 39]
    Edit distance: 13/33
  Sample 2:
    TRUE: [28, 24, 39, 27, 33, 20, 37, 39, 35, 17, 39, 21, 12, 8, 39, 16, 22, 39, 2, 22, 2, 6, 1, 29, 30, 39, 19, 2, 20, 33, 38, 2, 22, 39]
    PRED: [15, 4, 39, 27, 33, 20, 37, 39, 35, 17, 39, 21, 12, 8, 39, 16, 22, 39, 16, 22, 16, 21, 2, 28, 39, 19, 2, 20, 33, 38, 2, 22, 39]
    Edit distance: 8/34
  Sample 3:
    TRUE: [20, 3, 27, 17, 37, 39, 19, 0, 28, 30, 33, 21, 39, 22, 17, 8, 2, 8, 39, 6, 20, 1, 19, 39, 14, 20, 2, 34, 37, 39, 30, 33, 39, 6, 17, 39, 19, 2, 21, 26, 20, 17, 30, 20, 17, 39, 10, 20, 2, 14, 2, 22, 30, 39]
    PRED: [14, 27, 24, 37, 39, 19, 0, 28, 33, 21, 39, 22, 17, 8, 39, 6, 27, 2, 19, 39, 20, 2, 34, 37, 39, 30, 33, 39, 6, 17, 39, 19, 2, 21, 26, 36, 30, 11, 39, 16, 20, 2, 22, 8, 39]
    Edit distance: 17/54
  Sample 4:
    TRUE: [9, 2, 39, 30, 33, 31, 39, 13, 10, 27, 17, 39, 13, 11, 14, 0, 30, 39, 30, 33, 39, 19, 2, 21, 39, 35, 10, 22, 39, 27, 0, 18, 11, 37, 39, 30, 33, 31, 39, 13, 10, 20, 39, 4, 30, 39]
    PRED: [9, 2, 39, 30, 33, 31, 39, 34, 10, 27, 17, 39, 26, 27, 17, 0, 19, 14, 30, 39, 30, 33, 39, 19, 2, 21, 39, 35, 2, 22, 39, 35, 3, 27, 7, 11, 37, 39, 30, 33, 31, 39, 13, 10, 20, 39, 4, 30, 39]
    Edit distance: 11/46

============================================================
Batch 57500 | Val PER: 0.1814
============================================================
  Sample 0:
    TRUE: [31, 17, 0, 19, 27, 2, 28, 17, 39, 27, 17, 19, 2, 22, 28, 16, 8, 11, 8, 39]
    PRED: [8, 10, 0, 19, 14, 27, 2, 28, 39, 17, 14, 0, 22, 8, 30, 2, 8, 39]
    Edit distance: 11/20
  Sample 1:
    TRUE: [27, 16, 7, 39, 26, 11, 7, 2, 28, 30, 39, 28, 10, 34, 27, 2, 20, 39, 28, 5, 22, 8, 39, 20, 16, 31, 2, 14, 27, 1, 13, 28, 39]
    PRED: [7, 17, 7, 39, 26, 3, 27, 7, 2, 37, 39, 28, 10, 34, 2, 20, 39, 5, 22, 37, 39, 20, 16, 27, 0, 13, 39]
    Edit distance: 14/33
  Sample 2:
    TRUE: [28, 24, 39, 27, 33, 20, 37, 39, 35, 17, 39, 21, 12, 8, 39, 16, 22, 39, 2, 22, 2, 6, 1, 29, 30, 39, 19, 2, 20, 33, 38, 2, 22, 39]
    PRED: [15, 2, 39, 27, 33, 20, 37, 39, 35, 17, 39, 21, 12, 8, 39, 16, 22, 39, 16, 22, 16, 21, 2, 28, 39, 19, 2, 20, 33, 38, 2, 22, 39]
    Edit distance: 8/34
  Sample 3:
    TRUE: [20, 3, 27, 17, 37, 39, 19, 0, 28, 30, 33, 21, 39, 22, 17, 8, 2, 8, 39, 6, 20, 1, 19, 39, 14, 20, 2, 34, 37, 39, 30, 33, 39, 6, 17, 39, 19, 2, 21, 26, 20, 17, 30, 20, 17, 39, 10, 20, 2, 14, 2, 22, 30, 39]
    PRED: [27, 3, 39, 19, 5, 33, 21, 37, 39, 22, 17, 8, 39, 6, 27, 2, 19, 39, 20, 2, 34, 8, 39, 30, 33, 39, 6, 17, 39, 19, 2, 21, 26, 36, 30, 11, 39, 16, 20, 2, 22, 8, 39]
    Edit distance: 22/54
  Sample 4:
    TRUE: [9, 2, 39, 30, 33, 31, 39, 13, 10, 27, 17, 39, 13, 11, 14, 0, 30, 39, 30, 33, 39, 19, 2, 21, 39, 35, 10, 22, 39, 27, 0, 18, 11, 37, 39, 30, 33, 31, 39, 13, 10, 20, 39, 4, 30, 39]
    PRED: [9, 2, 39, 30, 33, 31, 39, 34, 10, 27, 17, 39, 26, 27, 17, 0, 14, 30, 2, 39, 30, 33, 39, 19, 2, 21, 39, 35, 2, 22, 39, 35, 3, 27, 18, 11, 37, 39, 30, 33, 31, 39, 13, 10, 20, 39, 4, 30, 39]
    Edit distance: 10/46

============================================================
Batch 58000 | Val PER: 0.1827
============================================================
  Sample 0:
    TRUE: [31, 17, 0, 19, 27, 2, 28, 17, 39, 27, 17, 19, 2, 22, 28, 16, 8, 11, 8, 39]
    PRED: [8, 5, 8, 2, 14, 27, 2, 28, 39, 27, 16, 14, 5, 22, 30, 2, 8, 39]
    Edit distance: 13/20
  Sample 1:
    TRUE: [27, 16, 7, 39, 26, 11, 7, 2, 28, 30, 39, 28, 10, 34, 27, 2, 20, 39, 28, 5, 22, 8, 39, 20, 16, 31, 2, 14, 27, 1, 13, 28, 39]
    PRED: [7, 17, 26, 39, 26, 3, 27, 7, 2, 37, 39, 28, 10, 34, 2, 20, 39, 5, 22, 37, 39, 20, 16, 14, 24, 27, 0, 13, 39]
    Edit distance: 15/33
  Sample 2:
    TRUE: [28, 24, 39, 27, 33, 20, 37, 39, 35, 17, 39, 21, 12, 8, 39, 16, 22, 39, 2, 22, 2, 6, 1, 29, 30, 39, 19, 2, 20, 33, 38, 2, 22, 39]
    PRED: [15, 2, 39, 27, 33, 20, 37, 39, 35, 17, 39, 21, 12, 8, 39, 16, 22, 39, 16, 22, 16, 34, 21, 2, 28, 39, 19, 2, 20, 33, 38, 2, 22, 39]
    Edit distance: 8/34
  Sample 3:
    TRUE: [20, 3, 27, 17, 37, 39, 19, 0, 28, 30, 33, 21, 39, 22, 17, 8, 2, 8, 39, 6, 20, 1, 19, 39, 14, 20, 2, 34, 37, 39, 30, 33, 39, 6, 17, 39, 19, 2, 21, 26, 20, 17, 30, 20, 17, 39, 10, 20, 2, 14, 2, 22, 30, 39]
    PRED: [27, 3, 39, 19, 5, 33, 21, 39, 22, 17, 8, 2, 8, 39, 6, 27, 2, 19, 39, 20, 2, 34, 37, 8, 39, 30, 33, 39, 6, 17, 39, 19, 2, 21, 6, 26, 36, 33, 30, 20, 11, 39, 16, 20, 2, 22, 8, 39]
    Edit distance: 19/54
  Sample 4:
    TRUE: [9, 2, 39, 30, 33, 31, 39, 13, 10, 27, 17, 39, 13, 11, 14, 0, 30, 39, 30, 33, 39, 19, 2, 21, 39, 35, 10, 22, 39, 27, 0, 18, 11, 37, 39, 30, 33, 31, 39, 13, 10, 20, 39, 4, 30, 39]
    PRED: [9, 2, 39, 30, 33, 31, 39, 34, 10, 27, 17, 39, 26, 27, 17, 0, 19, 14, 30, 2, 22, 39, 30, 33, 39, 19, 2, 21, 39, 35, 2, 22, 8, 39, 35, 3, 7, 11, 37, 39, 30, 33, 31, 39, 13, 10, 20, 39, 4, 30, 39]
    Edit distance: 13/46

============================================================
Batch 58500 | Val PER: 0.1810
============================================================
  Sample 0:
    TRUE: [31, 17, 0, 19, 27, 2, 28, 17, 39, 27, 17, 19, 2, 22, 28, 16, 8, 11, 8, 39]
    PRED: [8, 5, 8, 14, 27, 2, 28, 39, 27, 17, 14, 5, 22, 8, 2, 8, 39]
    Edit distance: 10/20
  Sample 1:
    TRUE: [27, 16, 7, 39, 26, 11, 7, 2, 28, 30, 39, 28, 10, 34, 27, 2, 20, 39, 28, 5, 22, 8, 39, 20, 16, 31, 2, 14, 27, 1, 13, 28, 39]
    PRED: [27, 17, 7, 39, 26, 0, 27, 7, 2, 37, 39, 28, 10, 34, 2, 20, 39, 7, 5, 22, 37, 39, 20, 16, 14, 24, 14, 27, 1, 13, 39]
    Edit distance: 11/33
  Sample 2:
    TRUE: [28, 24, 39, 27, 33, 20, 37, 39, 35, 17, 39, 21, 12, 8, 39, 16, 22, 39, 2, 22, 2, 6, 1, 29, 30, 39, 19, 2, 20, 33, 38, 2, 22, 39]
    PRED: [15, 2, 39, 27, 33, 20, 39, 35, 17, 39, 21, 12, 8, 39, 16, 22, 39, 16, 22, 16, 34, 21, 2, 28, 39, 19, 2, 20, 33, 38, 2, 22, 39]
    Edit distance: 9/34
  Sample 3:
    TRUE: [20, 3, 27, 17, 37, 39, 19, 0, 28, 30, 33, 21, 39, 22, 17, 8, 2, 8, 39, 6, 20, 1, 19, 39, 14, 20, 2, 34, 37, 39, 30, 33, 39, 6, 17, 39, 19, 2, 21, 26, 20, 17, 30, 20, 17, 39, 10, 20, 2, 14, 2, 22, 30, 39]
    PRED: [27, 3, 27, 39, 19, 5, 28, 33, 21, 39, 22, 17, 8, 2, 8, 39, 6, 27, 2, 19, 39, 20, 2, 34, 37, 39, 30, 33, 39, 6, 17, 39, 19, 2, 21, 26, 36, 2, 30, 2, 39, 16, 20, 2, 22, 8, 39]
    Edit distance: 16/54
  Sample 4:
    TRUE: [9, 2, 39, 30, 33, 31, 39, 13, 10, 27, 17, 39, 13, 11, 14, 0, 30, 39, 30, 33, 39, 19, 2, 21, 39, 35, 10, 22, 39, 27, 0, 18, 11, 37, 39, 30, 33, 31, 39, 13, 10, 20, 39, 4, 30, 39]
    PRED: [9, 2, 39, 30, 33, 31, 39, 13, 12, 17, 39, 26, 27, 17, 0, 14, 30, 39, 30, 33, 39, 19, 2, 21, 39, 35, 2, 22, 39, 35, 5, 7, 11, 37, 39, 30, 33, 31, 39, 13, 10, 20, 39, 4, 30, 39]
    Edit distance: 10/46

============================================================
Batch 59000 | Val PER: 0.1801
============================================================
  Sample 0:
    TRUE: [31, 17, 0, 19, 27, 2, 28, 17, 39, 27, 17, 19, 2, 22, 28, 16, 8, 11, 8, 39]
    PRED: [8, 5, 8, 19, 27, 2, 28, 39, 27, 17, 19, 14, 5, 22, 8, 2, 8, 39]
    Edit distance: 9/20
  Sample 1:
    TRUE: [27, 16, 7, 39, 26, 11, 7, 2, 28, 30, 39, 28, 10, 34, 27, 2, 20, 39, 28, 5, 22, 8, 39, 20, 16, 31, 2, 14, 27, 1, 13, 28, 39]
    PRED: [27, 17, 39, 26, 0, 27, 7, 2, 37, 39, 28, 10, 34, 2, 20, 39, 7, 5, 22, 37, 39, 20, 16, 24, 27, 1, 13, 39]
    Edit distance: 13/33
  Sample 2:
    TRUE: [28, 24, 39, 27, 33, 20, 37, 39, 35, 17, 39, 21, 12, 8, 39, 16, 22, 39, 2, 22, 2, 6, 1, 29, 30, 39, 19, 2, 20, 33, 38, 2, 22, 39]
    PRED: [15, 4, 39, 27, 33, 20, 39, 35, 17, 39, 21, 12, 8, 39, 16, 22, 39, 16, 22, 16, 2, 34, 27, 2, 28, 39, 19, 2, 20, 33, 38, 2, 22, 39]
    Edit distance: 9/34
  Sample 3:
    TRUE: [20, 3, 27, 17, 37, 39, 19, 0, 28, 30, 33, 21, 39, 22, 17, 8, 2, 8, 39, 6, 20, 1, 19, 39, 14, 20, 2, 34, 37, 39, 30, 33, 39, 6, 17, 39, 19, 2, 21, 26, 20, 17, 30, 20, 17, 39, 10, 20, 2, 14, 2, 22, 30, 39]
    PRED: [27, 3, 27, 37, 39, 19, 5, 33, 21, 39, 22, 17, 8, 39, 6, 27, 2, 19, 39, 20, 2, 34, 37, 8, 39, 30, 33, 39, 6, 17, 39, 19, 2, 21, 26, 36, 2, 30, 20, 2, 11, 39, 16, 20, 2, 22, 8, 39]
    Edit distance: 19/54
  Sample 4:
    TRUE: [9, 2, 39, 30, 33, 31, 39, 13, 10, 27, 17, 39, 13, 11, 14, 0, 30, 39, 30, 33, 39, 19, 2, 21, 39, 35, 10, 22, 39, 27, 0, 18, 11, 37, 39, 30, 33, 31, 39, 13, 10, 20, 39, 4, 30, 39]
    PRED: [9, 2, 39, 30, 33, 31, 39, 34, 10, 27, 17, 39, 26, 27, 17, 19, 0, 30, 22, 39, 30, 33, 39, 19, 2, 21, 39, 35, 2, 22, 39, 35, 3, 27, 8, 11, 37, 39, 30, 33, 31, 39, 13, 10, 20, 39, 4, 30, 39]
    Edit distance: 11/46

============================================================
Batch 59500 | Val PER: 0.1806
============================================================
  Sample 0:
    TRUE: [31, 17, 0, 19, 27, 2, 28, 17, 39, 27, 17, 19, 2, 22, 28, 16, 8, 11, 8, 39]
    PRED: [9, 5, 2, 14, 27, 2, 28, 39, 27, 17, 14, 5, 22, 8, 2, 8, 39]
    Edit distance: 10/20
  Sample 1:
    TRUE: [27, 16, 7, 39, 26, 11, 7, 2, 28, 30, 39, 28, 10, 34, 27, 2, 20, 39, 28, 5, 22, 8, 39, 20, 16, 31, 2, 14, 27, 1, 13, 28, 39]
    PRED: [27, 17, 7, 39, 26, 0, 27, 7, 29, 2, 37, 39, 28, 10, 34, 2, 20, 39, 5, 22, 37, 39, 20, 16, 24, 27, 1, 34, 13, 39]
    Edit distance: 14/33
  Sample 2:
    TRUE: [28, 24, 39, 27, 33, 20, 37, 39, 35, 17, 39, 21, 12, 8, 39, 16, 22, 39, 2, 22, 2, 6, 1, 29, 30, 39, 19, 2, 20, 33, 38, 2, 22, 39]
    PRED: [15, 4, 39, 27, 33, 20, 39, 35, 17, 39, 21, 12, 8, 39, 16, 22, 39, 2, 22, 2, 34, 21, 2, 28, 39, 19, 2, 20, 33, 38, 2, 22, 39]
    Edit distance: 7/34
  Sample 3:
    TRUE: [20, 3, 27, 17, 37, 39, 19, 0, 28, 30, 33, 21, 39, 22, 17, 8, 2, 8, 39, 6, 20, 1, 19, 39, 14, 20, 2, 34, 37, 39, 30, 33, 39, 6, 17, 39, 19, 2, 21, 26, 20, 17, 30, 20, 17, 39, 10, 20, 2, 14, 2, 22, 30, 39]
    PRED: [27, 3, 37, 39, 19, 5, 28, 33, 21, 39, 22, 17, 8, 39, 6, 27, 1, 19, 39, 20, 2, 34, 37, 39, 30, 33, 39, 6, 17, 39, 19, 2, 21, 26, 36, 30, 20, 2, 39, 16, 20, 2, 22, 8, 39]
    Edit distance: 16/54
  Sample 4:
    TRUE: [9, 2, 39, 30, 33, 31, 39, 13, 10, 27, 17, 39, 13, 11, 14, 0, 30, 39, 30, 33, 39, 19, 2, 21, 39, 35, 10, 22, 39, 27, 0, 18, 11, 37, 39, 30, 33, 31, 39, 13, 10, 20, 39, 4, 30, 39]
    PRED: [9, 2, 39, 30, 33, 31, 39, 34, 10, 27, 17, 39, 26, 27, 17, 19, 14, 30, 39, 30, 33, 39, 19, 2, 21, 39, 35, 2, 22, 39, 35, 3, 8, 18, 11, 37, 39, 30, 33, 31, 39, 13, 10, 20, 39, 4, 30, 39]
    Edit distance: 10/46

============================================================
Batch 60000 | Val PER: 0.1817
============================================================
  Sample 0:
    TRUE: [31, 17, 0, 19, 27, 2, 28, 17, 39, 27, 17, 19, 2, 22, 28, 16, 8, 11, 8, 39]
    PRED: [8, 10, 2, 14, 27, 2, 28, 39, 27, 17, 14, 0, 22, 30, 2, 8, 39]
    Edit distance: 11/20
  Sample 1:
    TRUE: [27, 16, 7, 39, 26, 11, 7, 2, 28, 30, 39, 28, 10, 34, 27, 2, 20, 39, 28, 5, 22, 8, 39, 20, 16, 31, 2, 14, 27, 1, 13, 28, 39]
    PRED: [7, 17, 7, 19, 39, 26, 0, 27, 7, 2, 37, 39, 28, 10, 34, 2, 20, 39, 5, 22, 37, 39, 20, 16, 27, 1, 13, 28, 39]
    Edit distance: 13/33
  Sample 2:
    TRUE: [28, 24, 39, 27, 33, 20, 37, 39, 35, 17, 39, 21, 12, 8, 39, 16, 22, 39, 2, 22, 2, 6, 1, 29, 30, 39, 19, 2, 20, 33, 38, 2, 22, 39]
    PRED: [15, 4, 39, 27, 33, 20, 39, 35, 17, 39, 21, 12, 8, 39, 16, 22, 39, 16, 22, 3, 34, 21, 2, 28, 39, 19, 2, 20, 33, 38, 2, 22, 39]
    Edit distance: 9/34
  Sample 3:
    TRUE: [20, 3, 27, 17, 37, 39, 19, 0, 28, 30, 33, 21, 39, 22, 17, 8, 2, 8, 39, 6, 20, 1, 19, 39, 14, 20, 2, 34, 37, 39, 30, 33, 39, 6, 17, 39, 19, 2, 21, 26, 20, 17, 30, 20, 17, 39, 10, 20, 2, 14, 2, 22, 30, 39]
    PRED: [14, 27, 24, 37, 39, 19, 5, 33, 21, 39, 22, 17, 8, 39, 6, 27, 1, 19, 39, 20, 2, 34, 37, 39, 30, 33, 39, 6, 17, 39, 19, 2, 21, 26, 36, 2, 30, 20, 11, 39, 16, 20, 2, 22, 8, 39]
    Edit distance: 17/54
  Sample 4:
    TRUE: [9, 2, 39, 30, 33, 31, 39, 13, 10, 27, 17, 39, 13, 11, 14, 0, 30, 39, 30, 33, 39, 19, 2, 21, 39, 35, 10, 22, 39, 27, 0, 18, 11, 37, 39, 30, 33, 31, 39, 13, 10, 20, 39, 4, 30, 39]
    PRED: [9, 2, 39, 27, 33, 31, 39, 34, 10, 27, 17, 39, 27, 17, 0, 19, 30, 22, 39, 30, 33, 39, 19, 2, 21, 39, 35, 2, 22, 39, 35, 3, 27, 7, 11, 37, 39, 36, 33, 31, 39, 13, 10, 20, 39, 4, 30, 39]
    Edit distance: 13/46

============================================================
Batch 60500 | Val PER: 0.1790
============================================================
  Sample 0:
    TRUE: [31, 17, 0, 19, 27, 2, 28, 17, 39, 27, 17, 19, 2, 22, 28, 16, 8, 11, 8, 39]
    PRED: [9, 10, 2, 19, 14, 27, 2, 28, 39, 17, 14, 0, 22, 8, 2, 8, 39]
    Edit distance: 11/20
  Sample 1:
    TRUE: [27, 16, 7, 39, 26, 11, 7, 2, 28, 30, 39, 28, 10, 34, 27, 2, 20, 39, 28, 5, 22, 8, 39, 20, 16, 31, 2, 14, 27, 1, 13, 28, 39]
    PRED: [27, 17, 7, 39, 26, 0, 27, 7, 29, 2, 37, 39, 28, 10, 34, 2, 20, 39, 5, 22, 37, 39, 20, 16, 27, 0, 13, 39]
    Edit distance: 14/33
  Sample 2:
    TRUE: [28, 24, 39, 27, 33, 20, 37, 39, 35, 17, 39, 21, 12, 8, 39, 16, 22, 39, 2, 22, 2, 6, 1, 29, 30, 39, 19, 2, 20, 33, 38, 2, 22, 39]
    PRED: [15, 4, 39, 27, 33, 20, 37, 39, 35, 17, 39, 21, 12, 8, 39, 16, 22, 39, 16, 22, 16, 21, 2, 28, 39, 19, 2, 20, 33, 38, 2, 22, 39]
    Edit distance: 8/34
  Sample 3:
    TRUE: [20, 3, 27, 17, 37, 39, 19, 0, 28, 30, 33, 21, 39, 22, 17, 8, 2, 8, 39, 6, 20, 1, 19, 39, 14, 20, 2, 34, 37, 39, 30, 33, 39, 6, 17, 39, 19, 2, 21, 26, 20, 17, 30, 20, 17, 39, 10, 20, 2, 14, 2, 22, 30, 39]
    PRED: [14, 27, 24, 37, 39, 19, 5, 33, 21, 39, 22, 17, 8, 2, 8, 39, 6, 27, 0, 19, 39, 20, 2, 34, 39, 30, 33, 39, 6, 17, 39, 19, 2, 21, 26, 36, 2, 20, 11, 39, 16, 20, 2, 22, 8, 39]
    Edit distance: 18/54
  Sample 4:
    TRUE: [9, 2, 39, 30, 33, 31, 39, 13, 10, 27, 17, 39, 13, 11, 14, 0, 30, 39, 30, 33, 39, 19, 2, 21, 39, 35, 10, 22, 39, 27, 0, 18, 11, 37, 39, 30, 33, 31, 39, 13, 10, 20, 39, 4, 30, 39]
    PRED: [9, 2, 39, 8, 33, 31, 39, 34, 10, 27, 17, 39, 27, 17, 0, 19, 30, 2, 22, 39, 30, 33, 39, 19, 2, 21, 39, 35, 2, 22, 8, 39, 35, 3, 27, 8, 11, 37, 39, 36, 33, 31, 39, 13, 10, 20, 39, 4, 30, 39]
    Edit distance: 15/46

============================================================
Batch 61000 | Val PER: 0.1824
============================================================
  Sample 0:
    TRUE: [31, 17, 0, 19, 27, 2, 28, 17, 39, 27, 17, 19, 2, 22, 28, 16, 8, 11, 8, 39]
    PRED: [9, 10, 19, 14, 27, 2, 28, 39, 17, 14, 0, 22, 8, 30, 2, 8, 39]
    Edit distance: 12/20
  Sample 1:
    TRUE: [27, 16, 7, 39, 26, 11, 7, 2, 28, 30, 39, 28, 10, 34, 27, 2, 20, 39, 28, 5, 22, 8, 39, 20, 16, 31, 2, 14, 27, 1, 13, 28, 39]
    PRED: [27, 17, 7, 39, 26, 0, 27, 7, 29, 2, 37, 39, 28, 10, 34, 2, 20, 39, 5, 22, 37, 39, 20, 16, 24, 0, 13, 28, 39]
    Edit distance: 14/33
  Sample 2:
    TRUE: [28, 24, 39, 27, 33, 20, 37, 39, 35, 17, 39, 21, 12, 8, 39, 16, 22, 39, 2, 22, 2, 6, 1, 29, 30, 39, 19, 2, 20, 33, 38, 2, 22, 39]
    PRED: [15, 2, 39, 27, 33, 20, 37, 39, 35, 17, 39, 21, 12, 8, 39, 16, 22, 39, 16, 22, 3, 21, 2, 28, 39, 19, 2, 20, 33, 38, 2, 22, 39]
    Edit distance: 8/34
  Sample 3:
    TRUE: [20, 3, 27, 17, 37, 39, 19, 0, 28, 30, 33, 21, 39, 22, 17, 8, 2, 8, 39, 6, 20, 1, 19, 39, 14, 20, 2, 34, 37, 39, 30, 33, 39, 6, 17, 39, 19, 2, 21, 26, 20, 17, 30, 20, 17, 39, 10, 20, 2, 14, 2, 22, 30, 39]
    PRED: [27, 24, 39, 19, 5, 33, 21, 39, 22, 17, 8, 2, 8, 39, 6, 27, 1, 19, 39, 20, 16, 34, 37, 39, 30, 33, 39, 6, 17, 39, 19, 2, 21, 6, 26, 36, 2, 20, 11, 39, 16, 20, 2, 22, 39]
    Edit distance: 19/54
  Sample 4:
    TRUE: [9, 2, 39, 30, 33, 31, 39, 13, 10, 27, 17, 39, 13, 11, 14, 0, 30, 39, 30, 33, 39, 19, 2, 21, 39, 35, 10, 22, 39, 27, 0, 18, 11, 37, 39, 30, 33, 31, 39, 13, 10, 20, 39, 4, 30, 39]
    PRED: [9, 2, 39, 27, 33, 31, 39, 34, 10, 27, 17, 39, 27, 17, 0, 19, 30, 22, 39, 30, 33, 39, 19, 2, 21, 39, 35, 2, 22, 8, 39, 35, 3, 27, 8, 11, 37, 39, 36, 33, 31, 39, 13, 10, 20, 39, 4, 30, 39]
    Edit distance: 14/46

============================================================
Batch 61500 | Val PER: 0.1838
============================================================
  Sample 0:
    TRUE: [31, 17, 0, 19, 27, 2, 28, 17, 39, 27, 17, 19, 2, 22, 28, 16, 8, 11, 8, 39]
    PRED: [8, 5, 0, 19, 14, 27, 2, 28, 39, 27, 17, 14, 0, 22, 8, 30, 2, 8, 39]
    Edit distance: 10/20
  Sample 1:
    TRUE: [27, 16, 7, 39, 26, 11, 7, 2, 28, 30, 39, 28, 10, 34, 27, 2, 20, 39, 28, 5, 22, 8, 39, 20, 16, 31, 2, 14, 27, 1, 13, 28, 39]
    PRED: [36, 1, 7, 19, 39, 26, 0, 27, 29, 2, 37, 39, 28, 10, 34, 2, 20, 39, 7, 5, 22, 37, 39, 20, 16, 24, 0, 13, 39]
    Edit distance: 17/33
  Sample 2:
    TRUE: [28, 24, 39, 27, 33, 20, 37, 39, 35, 17, 39, 21, 12, 8, 39, 16, 22, 39, 2, 22, 2, 6, 1, 29, 30, 39, 19, 2, 20, 33, 38, 2, 22, 39]
    PRED: [15, 2, 39, 27, 33, 20, 37, 39, 35, 17, 39, 21, 12, 8, 39, 16, 22, 39, 16, 22, 3, 27, 21, 2, 28, 39, 19, 2, 20, 33, 38, 2, 22, 39]
    Edit distance: 8/34
  Sample 3:
    TRUE: [20, 3, 27, 17, 37, 39, 19, 0, 28, 30, 33, 21, 39, 22, 17, 8, 2, 8, 39, 6, 20, 1, 19, 39, 14, 20, 2, 34, 37, 39, 30, 33, 39, 6, 17, 39, 19, 2, 21, 26, 20, 17, 30, 20, 17, 39, 10, 20, 2, 14, 2, 22, 30, 39]
    PRED: [19, 27, 3, 27, 39, 19, 5, 33, 21, 39, 22, 17, 8, 2, 8, 39, 6, 0, 19, 39, 20, 2, 34, 39, 30, 33, 39, 6, 17, 39, 19, 2, 21, 26, 36, 2, 20, 2, 39, 16, 20, 2, 22, 8, 39]
    Edit distance: 19/54
  Sample 4:
    TRUE: [9, 2, 39, 30, 33, 31, 39, 13, 10, 27, 17, 39, 13, 11, 14, 0, 30, 39, 30, 33, 39, 19, 2, 21, 39, 35, 10, 22, 39, 27, 0, 18, 11, 37, 39, 30, 33, 31, 39, 13, 10, 20, 39, 4, 30, 39]
    PRED: [9, 2, 39, 30, 33, 31, 39, 34, 12, 27, 17, 39, 27, 17, 0, 19, 30, 22, 39, 30, 33, 39, 19, 2, 21, 39, 35, 2, 22, 39, 35, 3, 27, 8, 11, 37, 39, 30, 33, 31, 39, 13, 10, 20, 39, 4, 30, 39]
    Edit distance: 12/46

============================================================
Batch 62000 | Val PER: 0.1803
============================================================
  Sample 0:
    TRUE: [31, 17, 0, 19, 27, 2, 28, 17, 39, 27, 17, 19, 2, 22, 28, 16, 8, 11, 8, 39]
    PRED: [8, 5, 0, 14, 27, 2, 28, 39, 27, 17, 14, 5, 8, 30, 2, 8, 39]
    Edit distance: 11/20
  Sample 1:
    TRUE: [27, 16, 7, 39, 26, 11, 7, 2, 28, 30, 39, 28, 10, 34, 27, 2, 20, 39, 28, 5, 22, 8, 39, 20, 16, 31, 2, 14, 27, 1, 13, 28, 39]
    PRED: [27, 17, 7, 39, 26, 0, 27, 7, 2, 37, 39, 28, 10, 34, 2, 20, 39, 28, 5, 22, 37, 39, 20, 16, 27, 1, 13, 39]
    Edit distance: 11/33
  Sample 2:
    TRUE: [28, 24, 39, 27, 33, 20, 37, 39, 35, 17, 39, 21, 12, 8, 39, 16, 22, 39, 2, 22, 2, 6, 1, 29, 30, 39, 19, 2, 20, 33, 38, 2, 22, 39]
    PRED: [15, 2, 39, 27, 33, 20, 37, 39, 35, 17, 39, 21, 12, 8, 39, 16, 22, 39, 16, 22, 3, 27, 21, 2, 28, 39, 19, 2, 20, 33, 38, 2, 22, 39]
    Edit distance: 8/34
  Sample 3:
    TRUE: [20, 3, 27, 17, 37, 39, 19, 0, 28, 30, 33, 21, 39, 22, 17, 8, 2, 8, 39, 6, 20, 1, 19, 39, 14, 20, 2, 34, 37, 39, 30, 33, 39, 6, 17, 39, 19, 2, 21, 26, 20, 17, 30, 20, 17, 39, 10, 20, 2, 14, 2, 22, 30, 39]
    PRED: [27, 3, 27, 39, 19, 5, 19, 33, 21, 39, 22, 17, 8, 2, 8, 39, 6, 1, 19, 39, 20, 2, 34, 37, 39, 30, 33, 39, 6, 17, 39, 19, 2, 21, 6, 26, 36, 2, 30, 20, 11, 39, 16, 20, 2, 8, 39]
    Edit distance: 17/54
  Sample 4:
    TRUE: [9, 2, 39, 30, 33, 31, 39, 13, 10, 27, 17, 39, 13, 11, 14, 0, 30, 39, 30, 33, 39, 19, 2, 21, 39, 35, 10, 22, 39, 27, 0, 18, 11, 37, 39, 30, 33, 31, 39, 13, 10, 20, 39, 4, 30, 39]
    PRED: [9, 2, 39, 30, 33, 31, 39, 34, 10, 27, 17, 2, 39, 27, 17, 0, 14, 30, 39, 30, 33, 39, 19, 2, 21, 39, 35, 2, 22, 39, 35, 3, 8, 18, 11, 37, 39, 30, 33, 31, 39, 13, 10, 20, 39, 4, 30, 39]
    Edit distance: 10/46

============================================================
Batch 62500 | Val PER: 0.1756
============================================================
  Sample 0:
    TRUE: [31, 17, 0, 19, 27, 2, 28, 17, 39, 27, 17, 19, 2, 22, 28, 16, 8, 11, 8, 39]
    PRED: [8, 10, 8, 2, 14, 2, 28, 39, 27, 17, 14, 0, 22, 8, 2, 8, 39]
    Edit distance: 11/20
  Sample 1:
    TRUE: [27, 16, 7, 39, 26, 11, 7, 2, 28, 30, 39, 28, 10, 34, 27, 2, 20, 39, 28, 5, 22, 8, 39, 20, 16, 31, 2, 14, 27, 1, 13, 28, 39]
    PRED: [7, 17, 19, 39, 26, 0, 27, 7, 2, 37, 39, 28, 10, 34, 2, 20, 39, 13, 5, 22, 37, 39, 20, 16, 16, 34, 39]
    Edit distance: 17/33
  Sample 2:
    TRUE: [28, 24, 39, 27, 33, 20, 37, 39, 35, 17, 39, 21, 12, 8, 39, 16, 22, 39, 2, 22, 2, 6, 1, 29, 30, 39, 19, 2, 20, 33, 38, 2, 22, 39]
    PRED: [15, 4, 39, 27, 33, 20, 37, 39, 35, 17, 39, 21, 12, 8, 39, 16, 22, 39, 16, 22, 2, 34, 21, 2, 28, 39, 19, 2, 20, 33, 38, 2, 22, 39]
    Edit distance: 7/34
  Sample 3:
    TRUE: [20, 3, 27, 17, 37, 39, 19, 0, 28, 30, 33, 21, 39, 22, 17, 8, 2, 8, 39, 6, 20, 1, 19, 39, 14, 20, 2, 34, 37, 39, 30, 33, 39, 6, 17, 39, 19, 2, 21, 26, 20, 17, 30, 20, 17, 39, 10, 20, 2, 14, 2, 22, 30, 39]
    PRED: [27, 3, 27, 39, 19, 5, 33, 21, 39, 22, 17, 8, 39, 6, 2, 19, 39, 20, 2, 34, 37, 39, 30, 33, 39, 6, 17, 39, 19, 2, 21, 26, 36, 30, 20, 2, 39, 16, 20, 2, 22, 8, 39]
    Edit distance: 18/54
  Sample 4:
    TRUE: [9, 2, 39, 30, 33, 31, 39, 13, 10, 27, 17, 39, 13, 11, 14, 0, 30, 39, 30, 33, 39, 19, 2, 21, 39, 35, 10, 22, 39, 27, 0, 18, 11, 37, 39, 30, 33, 31, 39, 13, 10, 20, 39, 4, 30, 39]
    PRED: [9, 2, 39, 30, 33, 31, 39, 34, 10, 27, 17, 2, 39, 26, 27, 17, 0, 30, 39, 30, 33, 39, 19, 2, 21, 39, 35, 2, 22, 39, 35, 3, 27, 8, 18, 11, 37, 39, 30, 33, 31, 39, 13, 10, 20, 39, 4, 30, 39]
    Edit distance: 9/46

============================================================
Batch 63000 | Val PER: 0.1784
============================================================
  Sample 0:
    TRUE: [31, 17, 0, 19, 27, 2, 28, 17, 39, 27, 17, 19, 2, 22, 28, 16, 8, 11, 8, 39]
    PRED: [8, 10, 14, 27, 2, 28, 39, 27, 17, 14, 0, 22, 30, 2, 8, 39]
    Edit distance: 11/20
  Sample 1:
    TRUE: [27, 16, 7, 39, 26, 11, 7, 2, 28, 30, 39, 28, 10, 34, 27, 2, 20, 39, 28, 5, 22, 8, 39, 20, 16, 31, 2, 14, 27, 1, 13, 28, 39]
    PRED: [27, 17, 7, 39, 26, 0, 27, 7, 2, 37, 39, 28, 10, 34, 2, 20, 39, 5, 22, 39, 8, 16, 0, 13, 39]
    Edit distance: 15/33
  Sample 2:
    TRUE: [28, 24, 39, 27, 33, 20, 37, 39, 35, 17, 39, 21, 12, 8, 39, 16, 22, 39, 2, 22, 2, 6, 1, 29, 30, 39, 19, 2, 20, 33, 38, 2, 22, 39]
    PRED: [15, 4, 39, 27, 33, 20, 37, 39, 35, 17, 39, 21, 12, 8, 39, 16, 22, 39, 16, 22, 2, 21, 2, 28, 39, 19, 2, 20, 33, 38, 2, 22, 39]
    Edit distance: 7/34
  Sample 3:
    TRUE: [20, 3, 27, 17, 37, 39, 19, 0, 28, 30, 33, 21, 39, 22, 17, 8, 2, 8, 39, 6, 20, 1, 19, 39, 14, 20, 2, 34, 37, 39, 30, 33, 39, 6, 17, 39, 19, 2, 21, 26, 20, 17, 30, 20, 17, 39, 10, 20, 2, 14, 2, 22, 30, 39]
    PRED: [14, 27, 3, 27, 39, 19, 5, 33, 21, 39, 22, 17, 8, 2, 8, 39, 6, 27, 1, 19, 39, 20, 2, 34, 37, 39, 30, 33, 39, 6, 17, 39, 19, 2, 21, 26, 36, 20, 11, 39, 16, 20, 2, 22, 8, 39]
    Edit distance: 17/54
  Sample 4:
    TRUE: [9, 2, 39, 30, 33, 31, 39, 13, 10, 27, 17, 39, 13, 11, 14, 0, 30, 39, 30, 33, 39, 19, 2, 21, 39, 35, 10, 22, 39, 27, 0, 18, 11, 37, 39, 30, 33, 31, 39, 13, 10, 20, 39, 4, 30, 39]
    PRED: [9, 2, 39, 30, 33, 31, 39, 34, 10, 27, 17, 2, 11, 39, 27, 17, 0, 30, 22, 39, 30, 33, 39, 19, 2, 21, 39, 35, 2, 22, 39, 35, 3, 8, 7, 11, 37, 39, 36, 33, 31, 39, 13, 10, 20, 39, 4, 30, 39]
    Edit distance: 13/46

============================================================
Batch 63500 | Val PER: 0.1771
============================================================
  Sample 0:
    TRUE: [31, 17, 0, 19, 27, 2, 28, 17, 39, 27, 17, 19, 2, 22, 28, 16, 8, 11, 8, 39]
    PRED: [9, 10, 0, 27, 14, 2, 28, 39, 17, 14, 0, 22, 30, 2, 8, 39]
    Edit distance: 12/20
  Sample 1:
    TRUE: [27, 16, 7, 39, 26, 11, 7, 2, 28, 30, 39, 28, 10, 34, 27, 2, 20, 39, 28, 5, 22, 8, 39, 20, 16, 31, 2, 14, 27, 1, 13, 28, 39]
    PRED: [7, 17, 7, 39, 26, 0, 27, 7, 2, 37, 39, 28, 10, 34, 2, 20, 39, 5, 22, 37, 39, 20, 16, 0, 13, 39]
    Edit distance: 15/33
  Sample 2:
    TRUE: [28, 24, 39, 27, 33, 20, 37, 39, 35, 17, 39, 21, 12, 8, 39, 16, 22, 39, 2, 22, 2, 6, 1, 29, 30, 39, 19, 2, 20, 33, 38, 2, 22, 39]
    PRED: [15, 4, 39, 27, 33, 20, 37, 39, 35, 17, 39, 21, 12, 8, 39, 16, 22, 39, 16, 22, 2, 21, 2, 28, 39, 19, 2, 20, 33, 38, 2, 22, 39]
    Edit distance: 7/34
  Sample 3:
    TRUE: [20, 3, 27, 17, 37, 39, 19, 0, 28, 30, 33, 21, 39, 22, 17, 8, 2, 8, 39, 6, 20, 1, 19, 39, 14, 20, 2, 34, 37, 39, 30, 33, 39, 6, 17, 39, 19, 2, 21, 26, 20, 17, 30, 20, 17, 39, 10, 20, 2, 14, 2, 22, 30, 39]
    PRED: [27, 3, 27, 39, 19, 5, 19, 33, 21, 39, 22, 17, 8, 2, 8, 39, 6, 1, 19, 39, 20, 2, 34, 37, 39, 30, 33, 39, 6, 17, 39, 19, 2, 21, 6, 26, 36, 2, 20, 11, 39, 1, 20, 2, 22, 8, 39]
    Edit distance: 17/54
  Sample 4:
    TRUE: [9, 2, 39, 30, 33, 31, 39, 13, 10, 27, 17, 39, 13, 11, 14, 0, 30, 39, 30, 33, 39, 19, 2, 21, 39, 35, 10, 22, 39, 27, 0, 18, 11, 37, 39, 30, 33, 31, 39, 13, 10, 20, 39, 4, 30, 39]
    PRED: [9, 2, 39, 30, 33, 31, 39, 34, 10, 27, 17, 2, 39, 27, 17, 14, 0, 30, 2, 22, 39, 30, 33, 39, 19, 2, 21, 39, 35, 2, 22, 39, 35, 5, 27, 8, 7, 11, 37, 39, 36, 33, 31, 39, 13, 10, 20, 39, 4, 30, 39]
    Edit distance: 12/46

============================================================
Batch 64000 | Val PER: 0.1792
============================================================
  Sample 0:
    TRUE: [31, 17, 0, 19, 27, 2, 28, 17, 39, 27, 17, 19, 2, 22, 28, 16, 8, 11, 8, 39]
    PRED: [27, 10, 0, 27, 14, 27, 2, 28, 39, 27, 17, 14, 0, 22, 2, 8, 39]
    Edit distance: 11/20
  Sample 1:
    TRUE: [27, 16, 7, 39, 26, 11, 7, 2, 28, 30, 39, 28, 10, 34, 27, 2, 20, 39, 28, 5, 22, 8, 39, 20, 16, 31, 2, 14, 27, 1, 13, 28, 39]
    PRED: [27, 17, 7, 39, 26, 0, 27, 7, 2, 37, 39, 28, 10, 34, 2, 20, 39, 5, 22, 39, 20, 16, 1, 13, 39]
    Edit distance: 13/33
  Sample 2:
    TRUE: [28, 24, 39, 27, 33, 20, 37, 39, 35, 17, 39, 21, 12, 8, 39, 16, 22, 39, 2, 22, 2, 6, 1, 29, 30, 39, 19, 2, 20, 33, 38, 2, 22, 39]
    PRED: [15, 4, 39, 27, 33, 20, 37, 39, 35, 17, 39, 21, 12, 8, 39, 16, 22, 39, 16, 22, 16, 2, 21, 2, 28, 39, 19, 2, 20, 33, 38, 2, 22, 39]
    Edit distance: 8/34
  Sample 3:
    TRUE: [20, 3, 27, 17, 37, 39, 19, 0, 28, 30, 33, 21, 39, 22, 17, 8, 2, 8, 39, 6, 20, 1, 19, 39, 14, 20, 2, 34, 37, 39, 30, 33, 39, 6, 17, 39, 19, 2, 21, 26, 20, 17, 30, 20, 17, 39, 10, 20, 2, 14, 2, 22, 30, 39]
    PRED: [27, 3, 27, 39, 19, 5, 33, 21, 39, 22, 17, 8, 2, 8, 39, 6, 1, 19, 39, 20, 2, 34, 37, 39, 30, 33, 39, 6, 17, 39, 19, 2, 21, 26, 36, 2, 30, 20, 11, 39, 16, 20, 2, 22, 8, 39]
    Edit distance: 15/54
  Sample 4:
    TRUE: [9, 2, 39, 30, 33, 31, 39, 13, 10, 27, 17, 39, 13, 11, 14, 0, 30, 39, 30, 33, 39, 19, 2, 21, 39, 35, 10, 22, 39, 27, 0, 18, 11, 37, 39, 30, 33, 31, 39, 13, 10, 20, 39, 4, 30, 39]
    PRED: [9, 2, 39, 30, 33, 31, 39, 34, 10, 27, 17, 2, 39, 27, 17, 0, 19, 30, 22, 39, 30, 33, 39, 19, 2, 21, 39, 35, 2, 22, 39, 35, 5, 8, 7, 11, 37, 39, 36, 33, 31, 39, 13, 10, 20, 39, 4, 30, 39]
    Edit distance: 13/46

============================================================
Batch 64500 | Val PER: 0.1786
============================================================
  Sample 0:
    TRUE: [31, 17, 0, 19, 27, 2, 28, 17, 39, 27, 17, 19, 2, 22, 28, 16, 8, 11, 8, 39]
    PRED: [8, 10, 8, 14, 27, 2, 28, 39, 27, 17, 14, 0, 22, 8, 2, 8, 39]
    Edit distance: 10/20
  Sample 1:
    TRUE: [27, 16, 7, 39, 26, 11, 7, 2, 28, 30, 39, 28, 10, 34, 27, 2, 20, 39, 28, 5, 22, 8, 39, 20, 16, 31, 2, 14, 27, 1, 13, 28, 39]
    PRED: [27, 17, 19, 39, 26, 0, 27, 7, 2, 37, 39, 28, 10, 34, 2, 20, 39, 5, 22, 37, 39, 8, 16, 1, 13, 39]
    Edit distance: 15/33
  Sample 2:
    TRUE: [28, 24, 39, 27, 33, 20, 37, 39, 35, 17, 39, 21, 12, 8, 39, 16, 22, 39, 2, 22, 2, 6, 1, 29, 30, 39, 19, 2, 20, 33, 38, 2, 22, 39]
    PRED: [15, 4, 39, 27, 33, 20, 37, 39, 35, 17, 39, 21, 12, 8, 39, 16, 22, 39, 16, 22, 2, 21, 2, 28, 39, 19, 2, 20, 33, 38, 2, 22, 39]
    Edit distance: 7/34
  Sample 3:
    TRUE: [20, 3, 27, 17, 37, 39, 19, 0, 28, 30, 33, 21, 39, 22, 17, 8, 2, 8, 39, 6, 20, 1, 19, 39, 14, 20, 2, 34, 37, 39, 30, 33, 39, 6, 17, 39, 19, 2, 21, 26, 20, 17, 30, 20, 17, 39, 10, 20, 2, 14, 2, 22, 30, 39]
    PRED: [27, 3, 27, 39, 19, 5, 33, 21, 39, 22, 17, 8, 39, 6, 27, 1, 19, 39, 20, 2, 34, 37, 39, 30, 33, 39, 6, 17, 39, 19, 2, 21, 26, 36, 12, 30, 20, 11, 39, 16, 20, 2, 22, 8, 39]
    Edit distance: 17/54
  Sample 4:
    TRUE: [9, 2, 39, 30, 33, 31, 39, 13, 10, 27, 17, 39, 13, 11, 14, 0, 30, 39, 30, 33, 39, 19, 2, 21, 39, 35, 10, 22, 39, 27, 0, 18, 11, 37, 39, 30, 33, 31, 39, 13, 10, 20, 39, 4, 30, 39]
    PRED: [9, 2, 39, 30, 33, 31, 39, 34, 10, 27, 17, 2, 39, 27, 17, 0, 19, 2, 22, 39, 30, 33, 39, 19, 2, 21, 39, 35, 2, 22, 39, 35, 5, 8, 7, 11, 37, 39, 30, 33, 31, 39, 13, 10, 20, 39, 4, 30, 39]
    Edit distance: 13/46

============================================================
Batch 65000 | Val PER: 0.1792
============================================================
  Sample 0:
    TRUE: [31, 17, 0, 19, 27, 2, 28, 17, 39, 27, 17, 19, 2, 22, 28, 16, 8, 11, 8, 39]
    PRED: [8, 5, 0, 19, 14, 27, 2, 28, 39, 27, 17, 14, 0, 22, 8, 2, 8, 39]
    Edit distance: 9/20
  Sample 1:
    TRUE: [27, 16, 7, 39, 26, 11, 7, 2, 28, 30, 39, 28, 10, 34, 27, 2, 20, 39, 28, 5, 22, 8, 39, 20, 16, 31, 2, 14, 27, 1, 13, 28, 39]
    PRED: [27, 17, 19, 39, 26, 0, 27, 7, 29, 2, 37, 39, 28, 10, 34, 2, 20, 39, 5, 22, 37, 39, 20, 16, 0, 13, 39]
    Edit distance: 16/33
  Sample 2:
    TRUE: [28, 24, 39, 27, 33, 20, 37, 39, 35, 17, 39, 21, 12, 8, 39, 16, 22, 39, 2, 22, 2, 6, 1, 29, 30, 39, 19, 2, 20, 33, 38, 2, 22, 39]
    PRED: [15, 4, 39, 27, 17, 20, 37, 39, 35, 17, 39, 21, 12, 8, 39, 16, 22, 39, 16, 22, 16, 2, 21, 2, 28, 39, 19, 2, 20, 33, 38, 2, 22, 39]
    Edit distance: 9/34
  Sample 3:
    TRUE: [20, 3, 27, 17, 37, 39, 19, 0, 28, 30, 33, 21, 39, 22, 17, 8, 2, 8, 39, 6, 20, 1, 19, 39, 14, 20, 2, 34, 37, 39, 30, 33, 39, 6, 17, 39, 19, 2, 21, 26, 20, 17, 30, 20, 17, 39, 10, 20, 2, 14, 2, 22, 30, 39]
    PRED: [27, 5, 27, 39, 19, 1, 33, 21, 39, 22, 17, 8, 39, 6, 1, 19, 39, 20, 2, 34, 37, 39, 30, 33, 39, 6, 17, 39, 19, 2, 21, 26, 16, 30, 20, 11, 39, 16, 20, 2, 22, 8, 39]
    Edit distance: 18/54
  Sample 4:
    TRUE: [9, 2, 39, 30, 33, 31, 39, 13, 10, 27, 17, 39, 13, 11, 14, 0, 30, 39, 30, 33, 39, 19, 2, 21, 39, 35, 10, 22, 39, 27, 0, 18, 11, 37, 39, 30, 33, 31, 39, 13, 10, 20, 39, 4, 30, 39]
    PRED: [9, 2, 39, 30, 33, 31, 39, 34, 10, 27, 17, 2, 39, 27, 17, 14, 0, 30, 22, 39, 30, 33, 39, 19, 2, 21, 39, 35, 2, 22, 39, 35, 0, 8, 7, 11, 37, 39, 30, 33, 31, 39, 13, 10, 20, 39, 4, 30, 39]
    Edit distance: 9/46

============================================================
Batch 65500 | Val PER: 0.1767
============================================================
  Sample 0:
    TRUE: [31, 17, 0, 19, 27, 2, 28, 17, 39, 27, 17, 19, 2, 22, 28, 16, 8, 11, 8, 39]
    PRED: [8, 10, 19, 27, 2, 28, 39, 27, 17, 14, 0, 22, 8, 2, 8, 39]
    Edit distance: 9/20
  Sample 1:
    TRUE: [27, 16, 7, 39, 26, 11, 7, 2, 28, 30, 39, 28, 10, 34, 27, 2, 20, 39, 28, 5, 22, 8, 39, 20, 16, 31, 2, 14, 27, 1, 13, 28, 39]
    PRED: [35, 17, 19, 39, 26, 0, 27, 7, 29, 2, 37, 39, 28, 10, 34, 2, 20, 39, 5, 22, 37, 39, 8, 16, 1, 13, 39]
    Edit distance: 17/33
  Sample 2:
    TRUE: [28, 24, 39, 27, 33, 20, 37, 39, 35, 17, 39, 21, 12, 8, 39, 16, 22, 39, 2, 22, 2, 6, 1, 29, 30, 39, 19, 2, 20, 33, 38, 2, 22, 39]
    PRED: [15, 4, 39, 27, 17, 20, 37, 39, 35, 17, 39, 21, 12, 8, 39, 16, 22, 39, 16, 22, 2, 21, 2, 28, 39, 19, 2, 20, 33, 38, 2, 22, 39]
    Edit distance: 8/34
  Sample 3:
    TRUE: [20, 3, 27, 17, 37, 39, 19, 0, 28, 30, 33, 21, 39, 22, 17, 8, 2, 8, 39, 6, 20, 1, 19, 39, 14, 20, 2, 34, 37, 39, 30, 33, 39, 6, 17, 39, 19, 2, 21, 26, 20, 17, 30, 20, 17, 39, 10, 20, 2, 14, 2, 22, 30, 39]
    PRED: [27, 3, 27, 39, 19, 5, 33, 21, 39, 22, 17, 8, 39, 6, 20, 1, 19, 39, 20, 2, 34, 37, 39, 30, 33, 39, 6, 17, 39, 19, 2, 21, 26, 36, 16, 30, 20, 11, 39, 16, 20, 2, 22, 8, 39]
    Edit distance: 16/54
  Sample 4:
    TRUE: [9, 2, 39, 30, 33, 31, 39, 13, 10, 27, 17, 39, 13, 11, 14, 0, 30, 39, 30, 33, 39, 19, 2, 21, 39, 35, 10, 22, 39, 27, 0, 18, 11, 37, 39, 30, 33, 31, 39, 13, 10, 20, 39, 4, 30, 39]
    PRED: [9, 2, 39, 30, 33, 31, 39, 34, 10, 27, 17, 2, 39, 27, 17, 14, 0, 30, 39, 30, 33, 39, 19, 2, 21, 39, 35, 2, 22, 39, 35, 5, 8, 7, 11, 37, 39, 30, 33, 31, 39, 13, 10, 20, 39, 4, 30, 39]
    Edit distance: 9/46

============================================================
Batch 66000 | Val PER: 0.1792
============================================================
  Sample 0:
    TRUE: [31, 17, 0, 19, 27, 2, 28, 17, 39, 27, 17, 19, 2, 22, 28, 16, 8, 11, 8, 39]
    PRED: [27, 5, 0, 19, 27, 2, 28, 39, 27, 17, 14, 0, 22, 2, 8, 39]
    Edit distance: 9/20
  Sample 1:
    TRUE: [27, 16, 7, 39, 26, 11, 7, 2, 28, 30, 39, 28, 10, 34, 27, 2, 20, 39, 28, 5, 22, 8, 39, 20, 16, 31, 2, 14, 27, 1, 13, 28, 39]
    PRED: [35, 17, 7, 39, 26, 0, 27, 29, 7, 2, 37, 39, 28, 10, 34, 2, 20, 39, 5, 22, 37, 39, 8, 16, 27, 0, 13, 39]
    Edit distance: 16/33
  Sample 2:
    TRUE: [28, 24, 39, 27, 33, 20, 37, 39, 35, 17, 39, 21, 12, 8, 39, 16, 22, 39, 2, 22, 2, 6, 1, 29, 30, 39, 19, 2, 20, 33, 38, 2, 22, 39]
    PRED: [15, 4, 39, 27, 17, 20, 37, 39, 35, 17, 39, 21, 12, 8, 39, 16, 22, 39, 16, 22, 2, 21, 2, 28, 39, 19, 2, 20, 33, 38, 2, 22, 39]
    Edit distance: 8/34
  Sample 3:
    TRUE: [20, 3, 27, 17, 37, 39, 19, 0, 28, 30, 33, 21, 39, 22, 17, 8, 2, 8, 39, 6, 20, 1, 19, 39, 14, 20, 2, 34, 37, 39, 30, 33, 39, 6, 17, 39, 19, 2, 21, 26, 20, 17, 30, 20, 17, 39, 10, 20, 2, 14, 2, 22, 30, 39]
    PRED: [27, 3, 27, 39, 19, 1, 28, 33, 21, 39, 22, 17, 8, 39, 6, 2, 19, 39, 20, 2, 34, 8, 39, 30, 33, 39, 6, 17, 39, 19, 2, 21, 6, 26, 36, 16, 20, 11, 39, 16, 20, 2, 22, 8, 39]
    Edit distance: 20/54
  Sample 4:
    TRUE: [9, 2, 39, 30, 33, 31, 39, 13, 10, 27, 17, 39, 13, 11, 14, 0, 30, 39, 30, 33, 39, 19, 2, 21, 39, 35, 10, 22, 39, 27, 0, 18, 11, 37, 39, 30, 33, 31, 39, 13, 10, 20, 39, 4, 30, 39]
    PRED: [9, 2, 39, 30, 33, 31, 39, 34, 10, 27, 17, 2, 39, 26, 27, 17, 19, 0, 30, 22, 39, 30, 33, 39, 19, 2, 21, 39, 35, 2, 22, 39, 35, 0, 8, 7, 11, 37, 39, 36, 33, 31, 39, 13, 10, 20, 39, 4, 30, 39]
    Edit distance: 12/46

============================================================
Batch 66500 | Val PER: 0.1763
============================================================
  Sample 0:
    TRUE: [31, 17, 0, 19, 27, 2, 28, 17, 39, 27, 17, 19, 2, 22, 28, 16, 8, 11, 8, 39]
    PRED: [8, 5, 0, 19, 14, 27, 2, 28, 39, 27, 17, 14, 0, 22, 8, 2, 8, 39]
    Edit distance: 9/20
  Sample 1:
    TRUE: [27, 16, 7, 39, 26, 11, 7, 2, 28, 30, 39, 28, 10, 34, 27, 2, 20, 39, 28, 5, 22, 8, 39, 20, 16, 31, 2, 14, 27, 1, 13, 28, 39]
    PRED: [27, 1, 7, 39, 26, 0, 27, 29, 2, 37, 39, 30, 10, 34, 2, 20, 39, 7, 5, 22, 37, 39, 20, 16, 0, 13, 39]
    Edit distance: 16/33
  Sample 2:
    TRUE: [28, 24, 39, 27, 33, 20, 37, 39, 35, 17, 39, 21, 12, 8, 39, 16, 22, 39, 2, 22, 2, 6, 1, 29, 30, 39, 19, 2, 20, 33, 38, 2, 22, 39]
    PRED: [15, 4, 39, 27, 33, 20, 37, 39, 35, 17, 39, 21, 12, 8, 39, 16, 22, 39, 16, 22, 2, 21, 2, 2, 28, 39, 19, 2, 20, 33, 38, 2, 22, 39]
    Edit distance: 7/34
  Sample 3:
    TRUE: [20, 3, 27, 17, 37, 39, 19, 0, 28, 30, 33, 21, 39, 22, 17, 8, 2, 8, 39, 6, 20, 1, 19, 39, 14, 20, 2, 34, 37, 39, 30, 33, 39, 6, 17, 39, 19, 2, 21, 26, 20, 17, 30, 20, 17, 39, 10, 20, 2, 14, 2, 22, 30, 39]
    PRED: [31, 5, 27, 39, 19, 1, 28, 33, 21, 39, 22, 17, 8, 39, 6, 27, 1, 19, 39, 20, 2, 34, 37, 39, 30, 33, 39, 6, 17, 39, 19, 2, 21, 6, 26, 36, 2, 30, 20, 11, 39, 16, 20, 2, 22, 8, 39]
    Edit distance: 18/54
  Sample 4:
    TRUE: [9, 2, 39, 30, 33, 31, 39, 13, 10, 27, 17, 39, 13, 11, 14, 0, 30, 39, 30, 33, 39, 19, 2, 21, 39, 35, 10, 22, 39, 27, 0, 18, 11, 37, 39, 30, 33, 31, 39, 13, 10, 20, 39, 4, 30, 39]
    PRED: [9, 2, 39, 30, 33, 31, 39, 34, 10, 27, 17, 2, 39, 26, 27, 17, 19, 0, 19, 30, 39, 30, 33, 39, 19, 2, 21, 39, 35, 2, 22, 39, 35, 5, 8, 7, 11, 37, 39, 30, 33, 31, 39, 13, 10, 20, 39, 4, 30, 39]
    Edit distance: 12/46

============================================================
Batch 67000 | Val PER: 0.1773
============================================================
  Sample 0:
    TRUE: [31, 17, 0, 19, 27, 2, 28, 17, 39, 27, 17, 19, 2, 22, 28, 16, 8, 11, 8, 39]
    PRED: [8, 5, 0, 19, 14, 27, 2, 28, 39, 27, 17, 14, 0, 22, 2, 8, 39]
    Edit distance: 10/20
  Sample 1:
    TRUE: [27, 16, 7, 39, 26, 11, 7, 2, 28, 30, 39, 28, 10, 34, 27, 2, 20, 39, 28, 5, 22, 8, 39, 20, 16, 31, 2, 14, 27, 1, 13, 28, 39]
    PRED: [27, 17, 7, 39, 26, 0, 27, 29, 2, 37, 39, 28, 10, 34, 2, 20, 39, 7, 5, 22, 37, 39, 8, 16, 27, 0, 13, 39]
    Edit distance: 15/33
  Sample 2:
    TRUE: [28, 24, 39, 27, 33, 20, 37, 39, 35, 17, 39, 21, 12, 8, 39, 16, 22, 39, 2, 22, 2, 6, 1, 29, 30, 39, 19, 2, 20, 33, 38, 2, 22, 39]
    PRED: [15, 4, 39, 27, 33, 20, 37, 39, 35, 17, 39, 21, 12, 8, 39, 16, 22, 39, 16, 22, 2, 34, 21, 2, 28, 39, 19, 2, 20, 33, 38, 2, 22, 39]
    Edit distance: 7/34
  Sample 3:
    TRUE: [20, 3, 27, 17, 37, 39, 19, 0, 28, 30, 33, 21, 39, 22, 17, 8, 2, 8, 39, 6, 20, 1, 19, 39, 14, 20, 2, 34, 37, 39, 30, 33, 39, 6, 17, 39, 19, 2, 21, 26, 20, 17, 30, 20, 17, 39, 10, 20, 2, 14, 2, 22, 30, 39]
    PRED: [20, 3, 27, 39, 19, 1, 28, 33, 21, 39, 22, 17, 8, 39, 6, 27, 0, 19, 39, 20, 2, 34, 39, 30, 33, 39, 6, 17, 39, 19, 2, 21, 26, 36, 33, 30, 20, 11, 39, 16, 20, 2, 22, 8, 39]
    Edit distance: 17/54
  Sample 4:
    TRUE: [9, 2, 39, 30, 33, 31, 39, 13, 10, 27, 17, 39, 13, 11, 14, 0, 30, 39, 30, 33, 39, 19, 2, 21, 39, 35, 10, 22, 39, 27, 0, 18, 11, 37, 39, 30, 33, 31, 39, 13, 10, 20, 39, 4, 30, 39]
    PRED: [9, 2, 39, 30, 33, 31, 39, 34, 10, 27, 17, 2, 39, 27, 17, 19, 0, 19, 30, 39, 30, 33, 39, 19, 2, 21, 39, 35, 2, 22, 39, 35, 5, 27, 7, 11, 37, 39, 36, 33, 31, 39, 13, 10, 20, 39, 4, 30, 39]
    Edit distance: 12/46

============================================================
Batch 67500 | Val PER: 0.1757
============================================================
  Sample 0:
    TRUE: [31, 17, 0, 19, 27, 2, 28, 17, 39, 27, 17, 19, 2, 22, 28, 16, 8, 11, 8, 39]
    PRED: [9, 5, 0, 19, 14, 27, 2, 28, 39, 27, 17, 14, 0, 22, 8, 2, 8, 39]
    Edit distance: 9/20
  Sample 1:
    TRUE: [27, 16, 7, 39, 26, 11, 7, 2, 28, 30, 39, 28, 10, 34, 27, 2, 20, 39, 28, 5, 22, 8, 39, 20, 16, 31, 2, 14, 27, 1, 13, 28, 39]
    PRED: [27, 17, 7, 39, 26, 0, 27, 7, 2, 37, 39, 28, 10, 34, 2, 20, 39, 5, 22, 37, 39, 20, 16, 9, 0, 13, 39]
    Edit distance: 14/33
  Sample 2:
    TRUE: [28, 24, 39, 27, 33, 20, 37, 39, 35, 17, 39, 21, 12, 8, 39, 16, 22, 39, 2, 22, 2, 6, 1, 29, 30, 39, 19, 2, 20, 33, 38, 2, 22, 39]
    PRED: [15, 4, 39, 27, 33, 20, 37, 39, 35, 17, 39, 21, 12, 8, 39, 16, 22, 39, 16, 22, 2, 34, 21, 2, 2, 28, 39, 19, 2, 20, 33, 38, 2, 22, 39]
    Edit distance: 8/34
  Sample 3:
    TRUE: [20, 3, 27, 17, 37, 39, 19, 0, 28, 30, 33, 21, 39, 22, 17, 8, 2, 8, 39, 6, 20, 1, 19, 39, 14, 20, 2, 34, 37, 39, 30, 33, 39, 6, 17, 39, 19, 2, 21, 26, 20, 17, 30, 20, 17, 39, 10, 20, 2, 14, 2, 22, 30, 39]
    PRED: [27, 3, 27, 39, 19, 0, 28, 33, 21, 39, 22, 17, 8, 39, 6, 0, 19, 39, 20, 2, 34, 37, 39, 30, 33, 39, 6, 17, 39, 19, 2, 21, 26, 36, 16, 30, 20, 39, 16, 20, 2, 22, 8, 39]
    Edit distance: 16/54
  Sample 4:
    TRUE: [9, 2, 39, 30, 33, 31, 39, 13, 10, 27, 17, 39, 13, 11, 14, 0, 30, 39, 30, 33, 39, 19, 2, 21, 39, 35, 10, 22, 39, 27, 0, 18, 11, 37, 39, 30, 33, 31, 39, 13, 10, 20, 39, 4, 30, 39]
    PRED: [9, 2, 39, 30, 33, 31, 39, 34, 10, 27, 17, 2, 39, 27, 17, 19, 0, 30, 39, 30, 33, 39, 19, 2, 21, 39, 35, 2, 22, 39, 35, 5, 7, 11, 37, 39, 36, 33, 31, 39, 13, 10, 20, 39, 4, 30, 39]
    Edit distance: 10/46

============================================================
Batch 68000 | Val PER: 0.1758
============================================================
  Sample 0:
    TRUE: [31, 17, 0, 19, 27, 2, 28, 17, 39, 27, 17, 19, 2, 22, 28, 16, 8, 11, 8, 39]
    PRED: [8, 10, 30, 19, 14, 27, 2, 28, 39, 27, 17, 14, 0, 22, 8, 2, 8, 39]
    Edit distance: 10/20
  Sample 1:
    TRUE: [27, 16, 7, 39, 26, 11, 7, 2, 28, 30, 39, 28, 10, 34, 27, 2, 20, 39, 28, 5, 22, 8, 39, 20, 16, 31, 2, 14, 27, 1, 13, 28, 39]
    PRED: [27, 17, 19, 39, 26, 0, 27, 7, 2, 30, 39, 28, 10, 34, 2, 20, 39, 13, 5, 22, 37, 39, 20, 16, 1, 13, 39]
    Edit distance: 13/33
  Sample 2:
    TRUE: [28, 24, 39, 27, 33, 20, 37, 39, 35, 17, 39, 21, 12, 8, 39, 16, 22, 39, 2, 22, 2, 6, 1, 29, 30, 39, 19, 2, 20, 33, 38, 2, 22, 39]
    PRED: [15, 4, 39, 27, 17, 20, 37, 39, 35, 17, 39, 21, 12, 8, 39, 16, 22, 39, 16, 22, 16, 2, 34, 21, 27, 2, 28, 39, 19, 2, 20, 33, 38, 2, 22, 39]
    Edit distance: 10/34
  Sample 3:
    TRUE: [20, 3, 27, 17, 37, 39, 19, 0, 28, 30, 33, 21, 39, 22, 17, 8, 2, 8, 39, 6, 20, 1, 19, 39, 14, 20, 2, 34, 37, 39, 30, 33, 39, 6, 17, 39, 19, 2, 21, 26, 20, 17, 30, 20, 17, 39, 10, 20, 2, 14, 2, 22, 30, 39]
    PRED: [27, 3, 27, 39, 19, 1, 28, 33, 21, 39, 22, 17, 8, 39, 6, 27, 1, 19, 39, 20, 2, 34, 8, 39, 30, 33, 39, 6, 17, 39, 19, 2, 21, 26, 36, 30, 11, 39, 16, 20, 2, 22, 8, 39]
    Edit distance: 18/54
  Sample 4:
    TRUE: [9, 2, 39, 30, 33, 31, 39, 13, 10, 27, 17, 39, 13, 11, 14, 0, 30, 39, 30, 33, 39, 19, 2, 21, 39, 35, 10, 22, 39, 27, 0, 18, 11, 37, 39, 30, 33, 31, 39, 13, 10, 20, 39, 4, 30, 39]
    PRED: [9, 2, 39, 30, 33, 31, 39, 34, 10, 27, 17, 2, 39, 13, 27, 17, 19, 14, 0, 19, 30, 39, 30, 33, 39, 19, 2, 21, 39, 35, 2, 22, 39, 35, 5, 7, 11, 37, 39, 30, 33, 31, 39, 13, 10, 20, 39, 4, 30, 39]
    Edit distance: 10/46

============================================================
Batch 68500 | Val PER: 0.1777
============================================================
  Sample 0:
    TRUE: [31, 17, 0, 19, 27, 2, 28, 17, 39, 27, 17, 19, 2, 22, 28, 16, 8, 11, 8, 39]
    PRED: [8, 5, 30, 27, 14, 27, 2, 28, 39, 27, 17, 14, 5, 22, 2, 8, 39]
    Edit distance: 12/20
  Sample 1:
    TRUE: [27, 16, 7, 39, 26, 11, 7, 2, 28, 30, 39, 28, 10, 34, 27, 2, 20, 39, 28, 5, 22, 8, 39, 20, 16, 31, 2, 14, 27, 1, 13, 28, 39]
    PRED: [27, 17, 7, 39, 26, 0, 27, 29, 2, 37, 39, 28, 10, 34, 2, 20, 39, 13, 5, 22, 37, 39, 20, 16, 0, 13, 39]
    Edit distance: 15/33
  Sample 2:
    TRUE: [28, 24, 39, 27, 33, 20, 37, 39, 35, 17, 39, 21, 12, 8, 39, 16, 22, 39, 2, 22, 2, 6, 1, 29, 30, 39, 19, 2, 20, 33, 38, 2, 22, 39]
    PRED: [15, 4, 39, 27, 33, 20, 37, 39, 35, 17, 39, 21, 12, 8, 39, 16, 22, 39, 16, 22, 2, 34, 21, 2, 2, 28, 39, 19, 2, 20, 33, 38, 2, 22, 39]
    Edit distance: 8/34
  Sample 3:
    TRUE: [20, 3, 27, 17, 37, 39, 19, 0, 28, 30, 33, 21, 39, 22, 17, 8, 2, 8, 39, 6, 20, 1, 19, 39, 14, 20, 2, 34, 37, 39, 30, 33, 39, 6, 17, 39, 19, 2, 21, 26, 20, 17, 30, 20, 17, 39, 10, 20, 2, 14, 2, 22, 30, 39]
    PRED: [27, 3, 27, 39, 19, 0, 28, 33, 21, 39, 22, 17, 8, 39, 6, 0, 19, 39, 20, 2, 34, 37, 39, 30, 33, 39, 6, 17, 39, 19, 2, 21, 26, 36, 16, 30, 20, 11, 39, 16, 20, 2, 22, 8, 39]
    Edit distance: 16/54
  Sample 4:
    TRUE: [9, 2, 39, 30, 33, 31, 39, 13, 10, 27, 17, 39, 13, 11, 14, 0, 30, 39, 30, 33, 39, 19, 2, 21, 39, 35, 10, 22, 39, 27, 0, 18, 11, 37, 39, 30, 33, 31, 39, 13, 10, 20, 39, 4, 30, 39]
    PRED: [9, 2, 39, 8, 33, 31, 39, 34, 10, 17, 2, 39, 26, 27, 17, 19, 14, 0, 30, 39, 30, 33, 39, 19, 2, 21, 39, 35, 2, 22, 8, 39, 35, 5, 7, 11, 37, 39, 36, 33, 31, 39, 13, 1, 20, 39, 4, 30, 39]
    Edit distance: 15/46

============================================================
Batch 69000 | Val PER: 0.1767
============================================================
  Sample 0:
    TRUE: [31, 17, 0, 19, 27, 2, 28, 17, 39, 27, 17, 19, 2, 22, 28, 16, 8, 11, 8, 39]
    PRED: [8, 5, 0, 19, 27, 2, 28, 39, 27, 17, 14, 0, 22, 30, 2, 8, 39]
    Edit distance: 9/20
  Sample 1:
    TRUE: [27, 16, 7, 39, 26, 11, 7, 2, 28, 30, 39, 28, 10, 34, 27, 2, 20, 39, 28, 5, 22, 8, 39, 20, 16, 31, 2, 14, 27, 1, 13, 28, 39]
    PRED: [27, 12, 7, 39, 26, 0, 27, 7, 2, 37, 39, 28, 10, 34, 2, 20, 39, 5, 22, 37, 39, 8, 16, 24, 27, 0, 13, 39]
    Edit distance: 14/33
  Sample 2:
    TRUE: [28, 24, 39, 27, 33, 20, 37, 39, 35, 17, 39, 21, 12, 8, 39, 16, 22, 39, 2, 22, 2, 6, 1, 29, 30, 39, 19, 2, 20, 33, 38, 2, 22, 39]
    PRED: [15, 4, 39, 27, 33, 20, 37, 39, 35, 17, 39, 21, 12, 8, 39, 16, 22, 39, 16, 22, 2, 34, 21, 2, 28, 39, 19, 2, 20, 33, 38, 2, 22, 39]
    Edit distance: 7/34
  Sample 3:
    TRUE: [20, 3, 27, 17, 37, 39, 19, 0, 28, 30, 33, 21, 39, 22, 17, 8, 2, 8, 39, 6, 20, 1, 19, 39, 14, 20, 2, 34, 37, 39, 30, 33, 39, 6, 17, 39, 19, 2, 21, 26, 20, 17, 30, 20, 17, 39, 10, 20, 2, 14, 2, 22, 30, 39]
    PRED: [27, 3, 27, 39, 19, 1, 28, 33, 21, 39, 22, 17, 8, 39, 6, 27, 2, 19, 39, 20, 2, 34, 37, 39, 30, 33, 39, 6, 17, 39, 19, 2, 21, 26, 36, 33, 30, 11, 39, 10, 20, 2, 22, 8, 39]
    Edit distance: 17/54
  Sample 4:
    TRUE: [9, 2, 39, 30, 33, 31, 39, 13, 10, 27, 17, 39, 13, 11, 14, 0, 30, 39, 30, 33, 39, 19, 2, 21, 39, 35, 10, 22, 39, 27, 0, 18, 11, 37, 39, 30, 33, 31, 39, 13, 10, 20, 39, 4, 30, 39]
    PRED: [9, 2, 39, 30, 33, 31, 39, 34, 10, 27, 17, 2, 39, 26, 27, 17, 14, 19, 30, 2, 22, 39, 30, 33, 39, 19, 2, 21, 39, 35, 2, 22, 39, 35, 5, 7, 11, 37, 39, 36, 33, 31, 39, 13, 12, 20, 39, 4, 30, 39]
    Edit distance: 14/46

============================================================
Batch 69500 | Val PER: 0.1746
============================================================
  Sample 0:
    TRUE: [31, 17, 0, 19, 27, 2, 28, 17, 39, 27, 17, 19, 2, 22, 28, 16, 8, 11, 8, 39]
    PRED: [8, 5, 0, 19, 27, 2, 28, 39, 27, 17, 14, 0, 22, 30, 2, 8, 39]
    Edit distance: 9/20
  Sample 1:
    TRUE: [27, 16, 7, 39, 26, 11, 7, 2, 28, 30, 39, 28, 10, 34, 27, 2, 20, 39, 28, 5, 22, 8, 39, 20, 16, 31, 2, 14, 27, 1, 13, 28, 39]
    PRED: [27, 1, 19, 39, 26, 0, 27, 29, 2, 37, 39, 28, 10, 34, 2, 20, 39, 5, 22, 37, 39, 8, 16, 24, 0, 13, 39]
    Edit distance: 17/33
  Sample 2:
    TRUE: [28, 24, 39, 27, 33, 20, 37, 39, 35, 17, 39, 21, 12, 8, 39, 16, 22, 39, 2, 22, 2, 6, 1, 29, 30, 39, 19, 2, 20, 33, 38, 2, 22, 39]
    PRED: [15, 4, 39, 27, 17, 20, 37, 39, 35, 17, 39, 21, 12, 8, 39, 16, 22, 39, 16, 22, 2, 34, 21, 2, 28, 39, 19, 2, 20, 33, 38, 2, 22, 39]
    Edit distance: 8/34
  Sample 3:
    TRUE: [20, 3, 27, 17, 37, 39, 19, 0, 28, 30, 33, 21, 39, 22, 17, 8, 2, 8, 39, 6, 20, 1, 19, 39, 14, 20, 2, 34, 37, 39, 30, 33, 39, 6, 17, 39, 19, 2, 21, 26, 20, 17, 30, 20, 17, 39, 10, 20, 2, 14, 2, 22, 30, 39]
    PRED: [27, 3, 27, 39, 19, 5, 28, 33, 21, 39, 22, 17, 8, 39, 6, 27, 0, 19, 39, 20, 2, 34, 37, 39, 30, 33, 39, 6, 17, 39, 19, 2, 21, 26, 36, 30, 11, 39, 16, 20, 2, 22, 8, 39]
    Edit distance: 18/54
  Sample 4:
    TRUE: [9, 2, 39, 30, 33, 31, 39, 13, 10, 27, 17, 39, 13, 11, 14, 0, 30, 39, 30, 33, 39, 19, 2, 21, 39, 35, 10, 22, 39, 27, 0, 18, 11, 37, 39, 30, 33, 31, 39, 13, 10, 20, 39, 4, 30, 39]
    PRED: [9, 2, 39, 30, 33, 31, 39, 34, 10, 27, 17, 2, 39, 26, 27, 17, 19, 14, 30, 2, 22, 39, 30, 33, 39, 19, 2, 21, 39, 35, 2, 22, 8, 39, 35, 5, 7, 11, 37, 39, 36, 33, 31, 39, 13, 10, 20, 39, 4, 30, 39]
    Edit distance: 15/46

============================================================
Batch 70000 | Val PER: 0.1774
============================================================
  Sample 0:
    TRUE: [31, 17, 0, 19, 27, 2, 28, 17, 39, 27, 17, 19, 2, 22, 28, 16, 8, 11, 8, 39]
    PRED: [8, 5, 19, 27, 2, 28, 39, 17, 14, 0, 22, 30, 2, 8, 39]
    Edit distance: 11/20
  Sample 1:
    TRUE: [27, 16, 7, 39, 26, 11, 7, 2, 28, 30, 39, 28, 10, 34, 27, 2, 20, 39, 28, 5, 22, 8, 39, 20, 16, 31, 2, 14, 27, 1, 13, 28, 39]
    PRED: [27, 17, 7, 39, 26, 0, 27, 7, 2, 37, 39, 28, 10, 34, 11, 39, 5, 22, 37, 39, 8, 16, 0, 13, 39]
    Edit distance: 17/33
  Sample 2:
    TRUE: [28, 24, 39, 27, 33, 20, 37, 39, 35, 17, 39, 21, 12, 8, 39, 16, 22, 39, 2, 22, 2, 6, 1, 29, 30, 39, 19, 2, 20, 33, 38, 2, 22, 39]
    PRED: [15, 4, 39, 27, 17, 20, 37, 39, 35, 17, 39, 21, 12, 8, 39, 16, 22, 39, 16, 22, 2, 34, 21, 2, 28, 39, 19, 2, 20, 33, 38, 2, 22, 39]
    Edit distance: 8/34
  Sample 3:
    TRUE: [20, 3, 27, 17, 37, 39, 19, 0, 28, 30, 33, 21, 39, 22, 17, 8, 2, 8, 39, 6, 20, 1, 19, 39, 14, 20, 2, 34, 37, 39, 30, 33, 39, 6, 17, 39, 19, 2, 21, 26, 20, 17, 30, 20, 17, 39, 10, 20, 2, 14, 2, 22, 30, 39]
    PRED: [27, 3, 27, 39, 19, 1, 28, 33, 21, 39, 22, 17, 8, 39, 6, 27, 2, 19, 39, 20, 2, 34, 37, 39, 30, 33, 39, 6, 17, 39, 19, 2, 21, 26, 36, 30, 11, 39, 16, 20, 2, 22, 8, 39]
    Edit distance: 18/54
  Sample 4:
    TRUE: [9, 2, 39, 30, 33, 31, 39, 13, 10, 27, 17, 39, 13, 11, 14, 0, 30, 39, 30, 33, 39, 19, 2, 21, 39, 35, 10, 22, 39, 27, 0, 18, 11, 37, 39, 30, 33, 31, 39, 13, 10, 20, 39, 4, 30, 39]
    PRED: [9, 2, 39, 30, 33, 31, 39, 34, 10, 27, 17, 39, 27, 17, 19, 14, 30, 2, 22, 39, 30, 33, 39, 19, 2, 21, 39, 35, 2, 22, 39, 35, 0, 8, 7, 11, 37, 39, 36, 33, 31, 39, 13, 10, 20, 39, 4, 30, 39]
    Edit distance: 12/46

============================================================
Batch 70500 | Val PER: 0.1752
============================================================
  Sample 0:
    TRUE: [31, 17, 0, 19, 27, 2, 28, 17, 39, 27, 17, 19, 2, 22, 28, 16, 8, 11, 8, 39]
    PRED: [8, 5, 19, 27, 2, 28, 39, 27, 17, 14, 0, 22, 30, 2, 8, 39]
    Edit distance: 10/20
  Sample 1:
    TRUE: [27, 16, 7, 39, 26, 11, 7, 2, 28, 30, 39, 28, 10, 34, 27, 2, 20, 39, 28, 5, 22, 8, 39, 20, 16, 31, 2, 14, 27, 1, 13, 28, 39]
    PRED: [27, 17, 7, 39, 26, 0, 27, 7, 2, 37, 39, 28, 10, 34, 11, 39, 5, 22, 37, 39, 8, 16, 1, 13, 39]
    Edit distance: 16/33
  Sample 2:
    TRUE: [28, 24, 39, 27, 33, 20, 37, 39, 35, 17, 39, 21, 12, 8, 39, 16, 22, 39, 2, 22, 2, 6, 1, 29, 30, 39, 19, 2, 20, 33, 38, 2, 22, 39]
    PRED: [15, 4, 39, 27, 17, 20, 37, 39, 35, 17, 39, 21, 12, 8, 39, 16, 22, 39, 16, 22, 2, 34, 21, 2, 28, 39, 19, 2, 20, 33, 38, 2, 22, 39]
    Edit distance: 8/34
  Sample 3:
    TRUE: [20, 3, 27, 17, 37, 39, 19, 0, 28, 30, 33, 21, 39, 22, 17, 8, 2, 8, 39, 6, 20, 1, 19, 39, 14, 20, 2, 34, 37, 39, 30, 33, 39, 6, 17, 39, 19, 2, 21, 26, 20, 17, 30, 20, 17, 39, 10, 20, 2, 14, 2, 22, 30, 39]
    PRED: [27, 3, 39, 19, 0, 28, 33, 21, 39, 22, 17, 8, 39, 6, 27, 0, 19, 39, 20, 2, 34, 37, 39, 30, 33, 39, 6, 17, 39, 19, 2, 21, 26, 36, 33, 30, 11, 39, 16, 20, 2, 22, 8, 39]
    Edit distance: 18/54
  Sample 4:
    TRUE: [9, 2, 39, 30, 33, 31, 39, 13, 10, 27, 17, 39, 13, 11, 14, 0, 30, 39, 30, 33, 39, 19, 2, 21, 39, 35, 10, 22, 39, 27, 0, 18, 11, 37, 39, 30, 33, 31, 39, 13, 10, 20, 39, 4, 30, 39]
    PRED: [9, 2, 39, 30, 33, 31, 39, 34, 10, 27, 17, 2, 39, 27, 17, 19, 14, 30, 39, 30, 33, 39, 19, 2, 21, 39, 35, 2, 22, 39, 35, 0, 7, 11, 37, 39, 36, 33, 31, 39, 13, 10, 20, 39, 4, 30, 39]
    Edit distance: 10/46

============================================================
Batch 71000 | Val PER: 0.1744
============================================================
  Sample 0:
    TRUE: [31, 17, 0, 19, 27, 2, 28, 17, 39, 27, 17, 19, 2, 22, 28, 16, 8, 11, 8, 39]
    PRED: [9, 5, 0, 19, 27, 2, 28, 39, 27, 17, 14, 0, 22, 8, 30, 2, 8, 39]
    Edit distance: 9/20
  Sample 1:
    TRUE: [27, 16, 7, 39, 26, 11, 7, 2, 28, 30, 39, 28, 10, 34, 27, 2, 20, 39, 28, 5, 22, 8, 39, 20, 16, 31, 2, 14, 27, 1, 13, 28, 39]
    PRED: [27, 12, 7, 39, 26, 0, 27, 29, 2, 29, 37, 39, 28, 10, 34, 2, 20, 39, 13, 5, 22, 37, 39, 8, 16, 0, 13, 39]
    Edit distance: 16/33
  Sample 2:
    TRUE: [28, 24, 39, 27, 33, 20, 37, 39, 35, 17, 39, 21, 12, 8, 39, 16, 22, 39, 2, 22, 2, 6, 1, 29, 30, 39, 19, 2, 20, 33, 38, 2, 22, 39]
    PRED: [15, 4, 39, 27, 17, 20, 37, 39, 35, 17, 39, 21, 12, 8, 39, 16, 22, 39, 16, 22, 16, 2, 34, 21, 2, 28, 39, 19, 2, 20, 33, 38, 2, 22, 39]
    Edit distance: 9/34
  Sample 3:
    TRUE: [20, 3, 27, 17, 37, 39, 19, 0, 28, 30, 33, 21, 39, 22, 17, 8, 2, 8, 39, 6, 20, 1, 19, 39, 14, 20, 2, 34, 37, 39, 30, 33, 39, 6, 17, 39, 19, 2, 21, 26, 20, 17, 30, 20, 17, 39, 10, 20, 2, 14, 2, 22, 30, 39]
    PRED: [27, 3, 39, 19, 0, 28, 33, 21, 39, 22, 17, 8, 39, 6, 27, 0, 19, 39, 20, 2, 34, 37, 39, 30, 33, 39, 6, 17, 39, 19, 2, 21, 26, 36, 30, 20, 11, 39, 10, 20, 2, 22, 8, 39]
    Edit distance: 16/54
  Sample 4:
    TRUE: [9, 2, 39, 30, 33, 31, 39, 13, 10, 27, 17, 39, 13, 11, 14, 0, 30, 39, 30, 33, 39, 19, 2, 21, 39, 35, 10, 22, 39, 27, 0, 18, 11, 37, 39, 30, 33, 31, 39, 13, 10, 20, 39, 4, 30, 39]
    PRED: [9, 2, 39, 30, 33, 31, 39, 34, 10, 27, 17, 2, 39, 26, 27, 17, 19, 14, 30, 39, 30, 33, 39, 19, 2, 21, 39, 35, 2, 22, 39, 35, 0, 7, 11, 37, 39, 36, 33, 31, 39, 13, 10, 20, 39, 4, 30, 39]
    Edit distance: 11/46

============================================================
Batch 71500 | Val PER: 0.1731
============================================================
  Sample 0:
    TRUE: [31, 17, 0, 19, 27, 2, 28, 17, 39, 27, 17, 19, 2, 22, 28, 16, 8, 11, 8, 39]
    PRED: [9, 5, 19, 27, 2, 28, 39, 27, 17, 14, 0, 22, 8, 30, 2, 8, 39]
    Edit distance: 10/20
  Sample 1:
    TRUE: [27, 16, 7, 39, 26, 11, 7, 2, 28, 30, 39, 28, 10, 34, 27, 2, 20, 39, 28, 5, 22, 8, 39, 20, 16, 31, 2, 14, 27, 1, 13, 28, 39]
    PRED: [27, 17, 19, 39, 26, 0, 27, 7, 2, 37, 39, 28, 10, 34, 2, 20, 39, 7, 5, 22, 37, 39, 20, 16, 27, 1, 13, 39]
    Edit distance: 13/33
  Sample 2:
    TRUE: [28, 24, 39, 27, 33, 20, 37, 39, 35, 17, 39, 21, 12, 8, 39, 16, 22, 39, 2, 22, 2, 6, 1, 29, 30, 39, 19, 2, 20, 33, 38, 2, 22, 39]
    PRED: [15, 4, 39, 27, 17, 20, 37, 39, 35, 17, 39, 21, 12, 8, 39, 16, 22, 39, 16, 22, 16, 2, 34, 21, 2, 28, 39, 19, 2, 20, 33, 38, 2, 22, 39]
    Edit distance: 9/34
  Sample 3:
    TRUE: [20, 3, 27, 17, 37, 39, 19, 0, 28, 30, 33, 21, 39, 22, 17, 8, 2, 8, 39, 6, 20, 1, 19, 39, 14, 20, 2, 34, 37, 39, 30, 33, 39, 6, 17, 39, 19, 2, 21, 26, 20, 17, 30, 20, 17, 39, 10, 20, 2, 14, 2, 22, 30, 39]
    PRED: [27, 3, 39, 19, 1, 28, 33, 21, 39, 22, 17, 8, 2, 8, 39, 6, 27, 1, 19, 39, 20, 2, 34, 37, 39, 30, 33, 39, 6, 17, 39, 19, 2, 21, 26, 36, 30, 20, 11, 39, 16, 20, 2, 22, 8, 39]
    Edit distance: 15/54
  Sample 4:
    TRUE: [9, 2, 39, 30, 33, 31, 39, 13, 10, 27, 17, 39, 13, 11, 14, 0, 30, 39, 30, 33, 39, 19, 2, 21, 39, 35, 10, 22, 39, 27, 0, 18, 11, 37, 39, 30, 33, 31, 39, 13, 10, 20, 39, 4, 30, 39]
    PRED: [9, 2, 39, 30, 33, 31, 39, 34, 10, 27, 17, 11, 39, 26, 27, 17, 19, 0, 19, 30, 39, 30, 33, 39, 19, 2, 21, 39, 35, 2, 22, 39, 35, 5, 7, 11, 37, 39, 36, 33, 31, 39, 13, 10, 20, 39, 4, 30, 39]
    Edit distance: 12/46

============================================================
Batch 72000 | Val PER: 0.1752
============================================================
  Sample 0:
    TRUE: [31, 17, 0, 19, 27, 2, 28, 17, 39, 27, 17, 19, 2, 22, 28, 16, 8, 11, 8, 39]
    PRED: [8, 5, 19, 27, 2, 28, 39, 27, 17, 14, 0, 22, 30, 2, 8, 39]
    Edit distance: 10/20
  Sample 1:
    TRUE: [27, 16, 7, 39, 26, 11, 7, 2, 28, 30, 39, 28, 10, 34, 27, 2, 20, 39, 28, 5, 22, 8, 39, 20, 16, 31, 2, 14, 27, 1, 13, 28, 39]
    PRED: [27, 17, 7, 39, 26, 0, 27, 7, 29, 2, 37, 39, 28, 10, 34, 2, 20, 39, 28, 5, 22, 37, 39, 20, 16, 0, 13, 39]
    Edit distance: 14/33
  Sample 2:
    TRUE: [28, 24, 39, 27, 33, 20, 37, 39, 35, 17, 39, 21, 12, 8, 39, 16, 22, 39, 2, 22, 2, 6, 1, 29, 30, 39, 19, 2, 20, 33, 38, 2, 22, 39]
    PRED: [15, 4, 39, 27, 17, 20, 37, 39, 35, 17, 39, 21, 12, 8, 39, 16, 22, 39, 16, 22, 16, 2, 34, 21, 2, 28, 39, 19, 2, 20, 33, 38, 2, 22, 39]
    Edit distance: 9/34
  Sample 3:
    TRUE: [20, 3, 27, 17, 37, 39, 19, 0, 28, 30, 33, 21, 39, 22, 17, 8, 2, 8, 39, 6, 20, 1, 19, 39, 14, 20, 2, 34, 37, 39, 30, 33, 39, 6, 17, 39, 19, 2, 21, 26, 20, 17, 30, 20, 17, 39, 10, 20, 2, 14, 2, 22, 30, 39]
    PRED: [27, 3, 27, 39, 19, 0, 28, 33, 21, 39, 22, 17, 8, 39, 6, 20, 1, 19, 39, 20, 2, 34, 37, 39, 30, 33, 39, 6, 17, 39, 19, 2, 21, 26, 36, 30, 20, 11, 39, 16, 20, 2, 22, 8, 39]
    Edit distance: 14/54
  Sample 4:
    TRUE: [9, 2, 39, 30, 33, 31, 39, 13, 10, 27, 17, 39, 13, 11, 14, 0, 30, 39, 30, 33, 39, 19, 2, 21, 39, 35, 10, 22, 39, 27, 0, 18, 11, 37, 39, 30, 33, 31, 39, 13, 10, 20, 39, 4, 30, 39]
    PRED: [9, 2, 39, 30, 33, 31, 39, 34, 10, 27, 17, 39, 26, 27, 17, 0, 14, 30, 39, 30, 33, 39, 19, 2, 21, 39, 35, 2, 22, 39, 35, 5, 8, 7, 11, 37, 39, 36, 33, 31, 39, 13, 10, 20, 39, 4, 30, 39]
    Edit distance: 11/46

============================================================
Batch 72500 | Val PER: 0.1760
============================================================
  Sample 0:
    TRUE: [31, 17, 0, 19, 27, 2, 28, 17, 39, 27, 17, 19, 2, 22, 28, 16, 8, 11, 8, 39]
    PRED: [8, 5, 19, 27, 2, 28, 39, 27, 17, 14, 0, 22, 30, 2, 8, 39]
    Edit distance: 10/20
  Sample 1:
    TRUE: [27, 16, 7, 39, 26, 11, 7, 2, 28, 30, 39, 28, 10, 34, 27, 2, 20, 39, 28, 5, 22, 8, 39, 20, 16, 31, 2, 14, 27, 1, 13, 28, 39]
    PRED: [27, 17, 7, 39, 26, 0, 27, 7, 2, 37, 39, 28, 10, 34, 2, 20, 39, 13, 5, 22, 37, 39, 20, 16, 0, 13, 39]
    Edit distance: 14/33
  Sample 2:
    TRUE: [28, 24, 39, 27, 33, 20, 37, 39, 35, 17, 39, 21, 12, 8, 39, 16, 22, 39, 2, 22, 2, 6, 1, 29, 30, 39, 19, 2, 20, 33, 38, 2, 22, 39]
    PRED: [15, 4, 39, 27, 17, 20, 37, 39, 35, 17, 39, 21, 12, 8, 39, 16, 22, 39, 16, 22, 2, 34, 21, 2, 28, 39, 19, 2, 20, 33, 38, 2, 22, 39]
    Edit distance: 8/34
  Sample 3:
    TRUE: [20, 3, 27, 17, 37, 39, 19, 0, 28, 30, 33, 21, 39, 22, 17, 8, 2, 8, 39, 6, 20, 1, 19, 39, 14, 20, 2, 34, 37, 39, 30, 33, 39, 6, 17, 39, 19, 2, 21, 26, 20, 17, 30, 20, 17, 39, 10, 20, 2, 14, 2, 22, 30, 39]
    PRED: [27, 3, 27, 39, 19, 0, 28, 33, 21, 39, 22, 17, 8, 39, 6, 27, 1, 19, 39, 20, 2, 34, 37, 39, 30, 33, 39, 6, 17, 39, 19, 2, 21, 26, 36, 30, 20, 11, 39, 10, 20, 2, 22, 8, 39]
    Edit distance: 14/54
  Sample 4:
    TRUE: [9, 2, 39, 30, 33, 31, 39, 13, 10, 27, 17, 39, 13, 11, 14, 0, 30, 39, 30, 33, 39, 19, 2, 21, 39, 35, 10, 22, 39, 27, 0, 18, 11, 37, 39, 30, 33, 31, 39, 13, 10, 20, 39, 4, 30, 39]
    PRED: [9, 2, 39, 27, 33, 31, 39, 34, 12, 27, 17, 39, 26, 27, 17, 19, 14, 30, 39, 30, 33, 39, 19, 2, 21, 39, 35, 2, 22, 8, 39, 35, 5, 8, 7, 11, 37, 39, 36, 33, 31, 39, 13, 17, 20, 39, 4, 30, 39]
    Edit distance: 16/46

============================================================
Batch 73000 | Val PER: 0.1734
============================================================
  Sample 0:
    TRUE: [31, 17, 0, 19, 27, 2, 28, 17, 39, 27, 17, 19, 2, 22, 28, 16, 8, 11, 8, 39]
    PRED: [8, 5, 19, 27, 2, 28, 39, 27, 17, 14, 0, 22, 30, 2, 8, 39]
    Edit distance: 10/20
  Sample 1:
    TRUE: [27, 16, 7, 39, 26, 11, 7, 2, 28, 30, 39, 28, 10, 34, 27, 2, 20, 39, 28, 5, 22, 8, 39, 20, 16, 31, 2, 14, 27, 1, 13, 28, 39]
    PRED: [27, 12, 19, 39, 26, 0, 27, 7, 2, 37, 39, 28, 10, 34, 2, 20, 39, 7, 5, 22, 37, 39, 20, 16, 1, 13, 39]
    Edit distance: 14/33
  Sample 2:
    TRUE: [28, 24, 39, 27, 33, 20, 37, 39, 35, 17, 39, 21, 12, 8, 39, 16, 22, 39, 2, 22, 2, 6, 1, 29, 30, 39, 19, 2, 20, 33, 38, 2, 22, 39]
    PRED: [15, 4, 39, 27, 17, 20, 37, 39, 35, 17, 39, 21, 12, 8, 39, 16, 22, 39, 16, 22, 2, 21, 2, 28, 39, 19, 2, 20, 33, 38, 2, 22, 39]
    Edit distance: 8/34
  Sample 3:
    TRUE: [20, 3, 27, 17, 37, 39, 19, 0, 28, 30, 33, 21, 39, 22, 17, 8, 2, 8, 39, 6, 20, 1, 19, 39, 14, 20, 2, 34, 37, 39, 30, 33, 39, 6, 17, 39, 19, 2, 21, 26, 20, 17, 30, 20, 17, 39, 10, 20, 2, 14, 2, 22, 30, 39]
    PRED: [27, 3, 27, 39, 19, 1, 33, 21, 39, 22, 17, 8, 39, 6, 27, 1, 19, 39, 20, 2, 34, 37, 39, 30, 33, 39, 6, 17, 39, 19, 2, 21, 26, 36, 30, 20, 11, 39, 16, 20, 2, 22, 8, 39]
    Edit distance: 17/54
  Sample 4:
    TRUE: [9, 2, 39, 30, 33, 31, 39, 13, 10, 27, 17, 39, 13, 11, 14, 0, 30, 39, 30, 33, 39, 19, 2, 21, 39, 35, 10, 22, 39, 27, 0, 18, 11, 37, 39, 30, 33, 31, 39, 13, 10, 20, 39, 4, 30, 39]
    PRED: [9, 2, 39, 30, 33, 31, 39, 34, 10, 27, 17, 2, 39, 27, 17, 19, 14, 0, 30, 39, 30, 33, 39, 19, 2, 21, 39, 35, 2, 22, 8, 39, 35, 5, 8, 7, 11, 37, 39, 36, 33, 31, 39, 13, 10, 20, 39, 4, 30, 39]
    Edit distance: 12/46

============================================================
Batch 73500 | Val PER: 0.1745
============================================================
  Sample 0:
    TRUE: [31, 17, 0, 19, 27, 2, 28, 17, 39, 27, 17, 19, 2, 22, 28, 16, 8, 11, 8, 39]
    PRED: [8, 5, 0, 19, 27, 2, 28, 39, 27, 17, 14, 0, 22, 30, 2, 8, 39]
    Edit distance: 9/20
  Sample 1:
    TRUE: [27, 16, 7, 39, 26, 11, 7, 2, 28, 30, 39, 28, 10, 34, 27, 2, 20, 39, 28, 5, 22, 8, 39, 20, 16, 31, 2, 14, 27, 1, 13, 28, 39]
    PRED: [27, 17, 7, 39, 26, 0, 27, 29, 2, 29, 37, 39, 28, 10, 34, 2, 20, 39, 5, 22, 37, 39, 20, 16, 1, 13, 39]
    Edit distance: 14/33
  Sample 2:
    TRUE: [28, 24, 39, 27, 33, 20, 37, 39, 35, 17, 39, 21, 12, 8, 39, 16, 22, 39, 2, 22, 2, 6, 1, 29, 30, 39, 19, 2, 20, 33, 38, 2, 22, 39]
    PRED: [15, 4, 39, 27, 17, 20, 37, 39, 35, 17, 39, 21, 12, 8, 39, 16, 22, 39, 16, 22, 2, 34, 21, 2, 2, 28, 39, 19, 2, 20, 33, 38, 2, 22, 39]
    Edit distance: 9/34
  Sample 3:
    TRUE: [20, 3, 27, 17, 37, 39, 19, 0, 28, 30, 33, 21, 39, 22, 17, 8, 2, 8, 39, 6, 20, 1, 19, 39, 14, 20, 2, 34, 37, 39, 30, 33, 39, 6, 17, 39, 19, 2, 21, 26, 20, 17, 30, 20, 17, 39, 10, 20, 2, 14, 2, 22, 30, 39]
    PRED: [27, 3, 27, 39, 19, 1, 28, 33, 21, 39, 22, 17, 8, 2, 8, 39, 6, 20, 1, 19, 39, 20, 1, 34, 37, 39, 30, 33, 39, 6, 17, 39, 19, 2, 21, 26, 36, 33, 30, 20, 11, 39, 16, 20, 2, 22, 8, 39]
    Edit distance: 14/54
  Sample 4:
    TRUE: [9, 2, 39, 30, 33, 31, 39, 13, 10, 27, 17, 39, 13, 11, 14, 0, 30, 39, 30, 33, 39, 19, 2, 21, 39, 35, 10, 22, 39, 27, 0, 18, 11, 37, 39, 30, 33, 31, 39, 13, 10, 20, 39, 4, 30, 39]
    PRED: [9, 2, 39, 30, 33, 31, 39, 34, 10, 27, 17, 39, 27, 17, 19, 14, 30, 22, 39, 30, 33, 39, 19, 2, 21, 39, 35, 2, 22, 8, 39, 35, 5, 8, 7, 11, 37, 39, 36, 33, 31, 39, 13, 10, 20, 39, 4, 30, 39]
    Edit distance: 13/46

============================================================
Batch 74000 | Val PER: 0.1766
============================================================
  Sample 0:
    TRUE: [31, 17, 0, 19, 27, 2, 28, 17, 39, 27, 17, 19, 2, 22, 28, 16, 8, 11, 8, 39]
    PRED: [8, 5, 19, 14, 27, 2, 28, 39, 27, 17, 14, 0, 22, 30, 2, 8, 39]
    Edit distance: 11/20
  Sample 1:
    TRUE: [27, 16, 7, 39, 26, 11, 7, 2, 28, 30, 39, 28, 10, 34, 27, 2, 20, 39, 28, 5, 22, 8, 39, 20, 16, 31, 2, 14, 27, 1, 13, 28, 39]
    PRED: [27, 17, 7, 39, 26, 0, 27, 7, 2, 37, 39, 28, 10, 34, 2, 20, 39, 5, 22, 37, 39, 20, 16, 0, 13, 39]
    Edit distance: 14/33
  Sample 2:
    TRUE: [28, 24, 39, 27, 33, 20, 37, 39, 35, 17, 39, 21, 12, 8, 39, 16, 22, 39, 2, 22, 2, 6, 1, 29, 30, 39, 19, 2, 20, 33, 38, 2, 22, 39]
    PRED: [15, 4, 39, 27, 17, 20, 37, 39, 35, 17, 39, 21, 12, 8, 39, 16, 22, 39, 16, 22, 16, 2, 34, 21, 2, 2, 28, 39, 19, 2, 20, 33, 38, 2, 22, 39]
    Edit distance: 10/34
  Sample 3:
    TRUE: [20, 3, 27, 17, 37, 39, 19, 0, 28, 30, 33, 21, 39, 22, 17, 8, 2, 8, 39, 6, 20, 1, 19, 39, 14, 20, 2, 34, 37, 39, 30, 33, 39, 6, 17, 39, 19, 2, 21, 26, 20, 17, 30, 20, 17, 39, 10, 20, 2, 14, 2, 22, 30, 39]
    PRED: [27, 3, 27, 39, 19, 1, 28, 33, 21, 39, 22, 17, 8, 39, 6, 27, 1, 19, 39, 20, 1, 34, 37, 39, 30, 33, 39, 6, 17, 39, 19, 2, 21, 26, 36, 30, 20, 11, 39, 16, 20, 2, 22, 8, 39]
    Edit distance: 17/54
  Sample 4:
    TRUE: [9, 2, 39, 30, 33, 31, 39, 13, 10, 27, 17, 39, 13, 11, 14, 0, 30, 39, 30, 33, 39, 19, 2, 21, 39, 35, 10, 22, 39, 27, 0, 18, 11, 37, 39, 30, 33, 31, 39, 13, 10, 20, 39, 4, 30, 39]
    PRED: [9, 2, 39, 30, 33, 31, 39, 34, 10, 27, 17, 2, 39, 26, 27, 17, 19, 14, 30, 2, 22, 39, 30, 33, 39, 19, 2, 21, 39, 35, 2, 22, 8, 39, 35, 5, 8, 7, 11, 37, 39, 36, 33, 31, 39, 13, 17, 20, 39, 4, 30, 39]
    Edit distance: 17/46

============================================================
Batch 74500 | Val PER: 0.1734
============================================================
  Sample 0:
    TRUE: [31, 17, 0, 19, 27, 2, 28, 17, 39, 27, 17, 19, 2, 22, 28, 16, 8, 11, 8, 39]
    PRED: [8, 5, 19, 27, 2, 28, 39, 27, 17, 14, 0, 22, 30, 2, 8, 39]
    Edit distance: 10/20
  Sample 1:
    TRUE: [27, 16, 7, 39, 26, 11, 7, 2, 28, 30, 39, 28, 10, 34, 27, 2, 20, 39, 28, 5, 22, 8, 39, 20, 16, 31, 2, 14, 27, 1, 13, 28, 39]
    PRED: [27, 17, 7, 39, 26, 0, 27, 7, 2, 37, 39, 28, 10, 34, 2, 20, 39, 7, 5, 22, 37, 39, 20, 16, 0, 13, 39]
    Edit distance: 14/33
  Sample 2:
    TRUE: [28, 24, 39, 27, 33, 20, 37, 39, 35, 17, 39, 21, 12, 8, 39, 16, 22, 39, 2, 22, 2, 6, 1, 29, 30, 39, 19, 2, 20, 33, 38, 2, 22, 39]
    PRED: [15, 4, 39, 27, 17, 20, 37, 39, 35, 17, 39, 21, 12, 8, 39, 16, 22, 39, 16, 22, 2, 34, 21, 2, 2, 28, 39, 19, 2, 20, 33, 38, 2, 22, 39]
    Edit distance: 9/34
  Sample 3:
    TRUE: [20, 3, 27, 17, 37, 39, 19, 0, 28, 30, 33, 21, 39, 22, 17, 8, 2, 8, 39, 6, 20, 1, 19, 39, 14, 20, 2, 34, 37, 39, 30, 33, 39, 6, 17, 39, 19, 2, 21, 26, 20, 17, 30, 20, 17, 39, 10, 20, 2, 14, 2, 22, 30, 39]
    PRED: [27, 3, 27, 39, 19, 1, 28, 33, 21, 37, 39, 22, 17, 8, 2, 8, 39, 6, 27, 1, 19, 39, 20, 2, 34, 37, 39, 30, 33, 39, 6, 17, 39, 19, 2, 21, 26, 36, 30, 20, 39, 10, 20, 2, 22, 8, 39]
    Edit distance: 14/54
  Sample 4:
    TRUE: [9, 2, 39, 30, 33, 31, 39, 13, 10, 27, 17, 39, 13, 11, 14, 0, 30, 39, 30, 33, 39, 19, 2, 21, 39, 35, 10, 22, 39, 27, 0, 18, 11, 37, 39, 30, 33, 31, 39, 13, 10, 20, 39, 4, 30, 39]
    PRED: [9, 2, 39, 30, 33, 31, 39, 34, 10, 27, 17, 2, 39, 27, 17, 19, 0, 14, 30, 2, 39, 30, 33, 39, 19, 2, 21, 39, 35, 2, 22, 8, 39, 35, 5, 8, 7, 11, 37, 39, 36, 33, 31, 39, 13, 10, 20, 39, 4, 30, 39]
    Edit distance: 14/46

============================================================
Batch 75000 | Val PER: 0.1732
============================================================
  Sample 0:
    TRUE: [31, 17, 0, 19, 27, 2, 28, 17, 39, 27, 17, 19, 2, 22, 28, 16, 8, 11, 8, 39]
    PRED: [8, 5, 19, 14, 27, 2, 28, 39, 27, 17, 14, 0, 22, 8, 30, 2, 8, 39]
    Edit distance: 11/20
  Sample 1:
    TRUE: [27, 16, 7, 39, 26, 11, 7, 2, 28, 30, 39, 28, 10, 34, 27, 2, 20, 39, 28, 5, 22, 8, 39, 20, 16, 31, 2, 14, 27, 1, 13, 28, 39]
    PRED: [27, 17, 7, 39, 26, 0, 27, 7, 29, 2, 37, 39, 28, 10, 34, 2, 20, 39, 5, 22, 37, 39, 8, 16, 1, 13, 39]
    Edit distance: 15/33
  Sample 2:
    TRUE: [28, 24, 39, 27, 33, 20, 37, 39, 35, 17, 39, 21, 12, 8, 39, 16, 22, 39, 2, 22, 2, 6, 1, 29, 30, 39, 19, 2, 20, 33, 38, 2, 22, 39]
    PRED: [15, 4, 39, 27, 17, 20, 37, 39, 35, 17, 39, 21, 12, 8, 39, 16, 22, 39, 16, 22, 16, 2, 34, 21, 2, 28, 39, 19, 2, 20, 33, 38, 2, 22, 39]
    Edit distance: 9/34
  Sample 3:
    TRUE: [20, 3, 27, 17, 37, 39, 19, 0, 28, 30, 33, 21, 39, 22, 17, 8, 2, 8, 39, 6, 20, 1, 19, 39, 14, 20, 2, 34, 37, 39, 30, 33, 39, 6, 17, 39, 19, 2, 21, 26, 20, 17, 30, 20, 17, 39, 10, 20, 2, 14, 2, 22, 30, 39]
    PRED: [27, 3, 27, 39, 19, 0, 28, 33, 21, 37, 39, 22, 17, 8, 39, 6, 27, 1, 19, 39, 20, 1, 34, 37, 39, 30, 33, 39, 6, 17, 39, 19, 2, 21, 26, 36, 30, 20, 11, 39, 16, 20, 2, 22, 8, 39]
    Edit distance: 17/54
  Sample 4:
    TRUE: [9, 2, 39, 30, 33, 31, 39, 13, 10, 27, 17, 39, 13, 11, 14, 0, 30, 39, 30, 33, 39, 19, 2, 21, 39, 35, 10, 22, 39, 27, 0, 18, 11, 37, 39, 30, 33, 31, 39, 13, 10, 20, 39, 4, 30, 39]
    PRED: [9, 2, 39, 30, 33, 31, 39, 34, 12, 27, 17, 2, 39, 27, 17, 19, 14, 30, 22, 39, 30, 33, 39, 19, 2, 21, 39, 35, 2, 22, 8, 39, 35, 5, 8, 7, 11, 37, 39, 36, 33, 31, 39, 13, 10, 20, 39, 4, 30, 39]
    Edit distance: 15/46

============================================================
Batch 75500 | Val PER: 0.1730
============================================================
  Sample 0:
    TRUE: [31, 17, 0, 19, 27, 2, 28, 17, 39, 27, 17, 19, 2, 22, 28, 16, 8, 11, 8, 39]
    PRED: [8, 10, 19, 27, 2, 28, 39, 27, 17, 14, 0, 22, 8, 2, 8, 39]
    Edit distance: 9/20
  Sample 1:
    TRUE: [27, 16, 7, 39, 26, 11, 7, 2, 28, 30, 39, 28, 10, 34, 27, 2, 20, 39, 28, 5, 22, 8, 39, 20, 16, 31, 2, 14, 27, 1, 13, 28, 39]
    PRED: [27, 17, 7, 39, 26, 0, 27, 7, 2, 37, 39, 28, 10, 34, 2, 20, 39, 7, 5, 22, 37, 39, 20, 16, 1, 13, 39]
    Edit distance: 13/33
  Sample 2:
    TRUE: [28, 24, 39, 27, 33, 20, 37, 39, 35, 17, 39, 21, 12, 8, 39, 16, 22, 39, 2, 22, 2, 6, 1, 29, 30, 39, 19, 2, 20, 33, 38, 2, 22, 39]
    PRED: [15, 4, 39, 27, 17, 20, 37, 39, 35, 17, 39, 21, 12, 8, 39, 16, 22, 39, 16, 22, 16, 2, 34, 21, 2, 28, 39, 19, 2, 20, 33, 38, 2, 22, 39]
    Edit distance: 9/34
  Sample 3:
    TRUE: [20, 3, 27, 17, 37, 39, 19, 0, 28, 30, 33, 21, 39, 22, 17, 8, 2, 8, 39, 6, 20, 1, 19, 39, 14, 20, 2, 34, 37, 39, 30, 33, 39, 6, 17, 39, 19, 2, 21, 26, 20, 17, 30, 20, 17, 39, 10, 20, 2, 14, 2, 22, 30, 39]
    PRED: [27, 3, 27, 39, 19, 1, 28, 33, 21, 39, 22, 17, 8, 39, 6, 27, 1, 19, 39, 20, 2, 34, 37, 39, 30, 33, 39, 6, 17, 39, 19, 2, 21, 26, 36, 30, 20, 39, 10, 20, 2, 22, 8, 39]
    Edit distance: 15/54
  Sample 4:
    TRUE: [9, 2, 39, 30, 33, 31, 39, 13, 10, 27, 17, 39, 13, 11, 14, 0, 30, 39, 30, 33, 39, 19, 2, 21, 39, 35, 10, 22, 39, 27, 0, 18, 11, 37, 39, 30, 33, 31, 39, 13, 10, 20, 39, 4, 30, 39]
    PRED: [9, 2, 39, 30, 33, 31, 39, 13, 12, 27, 17, 2, 39, 26, 27, 17, 19, 14, 30, 39, 30, 33, 39, 19, 2, 21, 39, 35, 2, 22, 8, 39, 35, 5, 8, 7, 11, 37, 39, 30, 33, 31, 39, 13, 17, 20, 39, 4, 30, 39]
    Edit distance: 14/46

============================================================
Batch 76000 | Val PER: 0.1761
============================================================
  Sample 0:
    TRUE: [31, 17, 0, 19, 27, 2, 28, 17, 39, 27, 17, 19, 2, 22, 28, 16, 8, 11, 8, 39]
    PRED: [8, 5, 19, 27, 2, 28, 39, 27, 17, 14, 0, 22, 8, 30, 2, 8, 39]
    Edit distance: 10/20
  Sample 1:
    TRUE: [27, 16, 7, 39, 26, 11, 7, 2, 28, 30, 39, 28, 10, 34, 27, 2, 20, 39, 28, 5, 22, 8, 39, 20, 16, 31, 2, 14, 27, 1, 13, 28, 39]
    PRED: [27, 17, 7, 39, 26, 0, 27, 7, 2, 37, 39, 28, 10, 34, 2, 20, 39, 5, 22, 37, 39, 20, 16, 0, 13, 39]
    Edit distance: 14/33
  Sample 2:
    TRUE: [28, 24, 39, 27, 33, 20, 37, 39, 35, 17, 39, 21, 12, 8, 39, 16, 22, 39, 2, 22, 2, 6, 1, 29, 30, 39, 19, 2, 20, 33, 38, 2, 22, 39]
    PRED: [15, 2, 39, 27, 17, 20, 37, 39, 35, 17, 39, 21, 12, 8, 39, 16, 22, 39, 16, 22, 2, 21, 2, 28, 39, 19, 2, 20, 33, 38, 2, 22, 39]
    Edit distance: 8/34
  Sample 3:
    TRUE: [20, 3, 27, 17, 37, 39, 19, 0, 28, 30, 33, 21, 39, 22, 17, 8, 2, 8, 39, 6, 20, 1, 19, 39, 14, 20, 2, 34, 37, 39, 30, 33, 39, 6, 17, 39, 19, 2, 21, 26, 20, 17, 30, 20, 17, 39, 10, 20, 2, 14, 2, 22, 30, 39]
    PRED: [27, 3, 27, 39, 19, 0, 33, 21, 37, 39, 22, 17, 8, 39, 6, 27, 1, 19, 39, 20, 10, 34, 37, 39, 30, 33, 39, 6, 17, 39, 19, 2, 21, 26, 36, 33, 30, 20, 11, 39, 10, 20, 2, 22, 8, 39]
    Edit distance: 17/54
  Sample 4:
    TRUE: [9, 2, 39, 30, 33, 31, 39, 13, 10, 27, 17, 39, 13, 11, 14, 0, 30, 39, 30, 33, 39, 19, 2, 21, 39, 35, 10, 22, 39, 27, 0, 18, 11, 37, 39, 30, 33, 31, 39, 13, 10, 20, 39, 4, 30, 39]
    PRED: [9, 2, 39, 30, 33, 31, 39, 34, 12, 27, 17, 2, 39, 26, 27, 17, 19, 14, 30, 22, 39, 30, 33, 39, 19, 2, 21, 39, 35, 2, 22, 8, 39, 35, 5, 7, 11, 37, 39, 30, 33, 31, 39, 13, 10, 20, 39, 4, 30, 39]
    Edit distance: 14/46

============================================================
Batch 76500 | Val PER: 0.1736
============================================================
  Sample 0:
    TRUE: [31, 17, 0, 19, 27, 2, 28, 17, 39, 27, 17, 19, 2, 22, 28, 16, 8, 11, 8, 39]
    PRED: [8, 10, 19, 27, 2, 28, 39, 27, 17, 14, 0, 22, 8, 30, 2, 8, 39]
    Edit distance: 10/20
  Sample 1:
    TRUE: [27, 16, 7, 39, 26, 11, 7, 2, 28, 30, 39, 28, 10, 34, 27, 2, 20, 39, 28, 5, 22, 8, 39, 20, 16, 31, 2, 14, 27, 1, 13, 28, 39]
    PRED: [27, 17, 7, 39, 26, 0, 27, 7, 2, 37, 39, 28, 10, 34, 2, 20, 39, 7, 5, 22, 37, 39, 8, 16, 0, 13, 39]
    Edit distance: 15/33
  Sample 2:
    TRUE: [28, 24, 39, 27, 33, 20, 37, 39, 35, 17, 39, 21, 12, 8, 39, 16, 22, 39, 2, 22, 2, 6, 1, 29, 30, 39, 19, 2, 20, 33, 38, 2, 22, 39]
    PRED: [15, 4, 39, 27, 17, 20, 37, 39, 35, 17, 39, 21, 12, 8, 39, 16, 22, 39, 16, 22, 2, 34, 21, 2, 28, 39, 19, 2, 20, 33, 38, 2, 22, 39]
    Edit distance: 8/34
  Sample 3:
    TRUE: [20, 3, 27, 17, 37, 39, 19, 0, 28, 30, 33, 21, 39, 22, 17, 8, 2, 8, 39, 6, 20, 1, 19, 39, 14, 20, 2, 34, 37, 39, 30, 33, 39, 6, 17, 39, 19, 2, 21, 26, 20, 17, 30, 20, 17, 39, 10, 20, 2, 14, 2, 22, 30, 39]
    PRED: [27, 3, 27, 39, 19, 0, 28, 33, 21, 37, 39, 22, 17, 8, 39, 6, 27, 1, 19, 39, 20, 1, 34, 37, 39, 30, 33, 39, 6, 17, 39, 19, 2, 21, 26, 36, 30, 20, 2, 39, 10, 20, 2, 22, 8, 39]
    Edit distance: 16/54
  Sample 4:
    TRUE: [9, 2, 39, 30, 33, 31, 39, 13, 10, 27, 17, 39, 13, 11, 14, 0, 30, 39, 30, 33, 39, 19, 2, 21, 39, 35, 10, 22, 39, 27, 0, 18, 11, 37, 39, 30, 33, 31, 39, 13, 10, 20, 39, 4, 30, 39]
    PRED: [9, 2, 39, 30, 33, 31, 39, 34, 12, 27, 17, 2, 39, 26, 27, 17, 30, 19, 14, 30, 22, 39, 30, 33, 39, 19, 2, 21, 39, 35, 2, 22, 8, 39, 35, 5, 8, 11, 37, 39, 30, 33, 31, 39, 13, 17, 20, 39, 4, 30, 39]
    Edit distance: 16/46

============================================================
Batch 77000 | Val PER: 0.1740
============================================================
  Sample 0:
    TRUE: [31, 17, 0, 19, 27, 2, 28, 17, 39, 27, 17, 19, 2, 22, 28, 16, 8, 11, 8, 39]
    PRED: [8, 10, 19, 27, 2, 28, 39, 27, 17, 14, 0, 22, 30, 2, 8, 39]
    Edit distance: 10/20
  Sample 1:
    TRUE: [27, 16, 7, 39, 26, 11, 7, 2, 28, 30, 39, 28, 10, 34, 27, 2, 20, 39, 28, 5, 22, 8, 39, 20, 16, 31, 2, 14, 27, 1, 13, 28, 39]
    PRED: [27, 17, 7, 39, 26, 0, 27, 7, 2, 37, 39, 28, 10, 34, 2, 20, 39, 7, 5, 22, 37, 39, 20, 16, 0, 13, 39]
    Edit distance: 14/33
  Sample 2:
    TRUE: [28, 24, 39, 27, 33, 20, 37, 39, 35, 17, 39, 21, 12, 8, 39, 16, 22, 39, 2, 22, 2, 6, 1, 29, 30, 39, 19, 2, 20, 33, 38, 2, 22, 39]
    PRED: [15, 4, 39, 27, 17, 20, 37, 39, 35, 17, 39, 21, 12, 8, 39, 16, 22, 39, 16, 22, 2, 21, 2, 28, 39, 19, 2, 20, 33, 38, 2, 22, 39]
    Edit distance: 8/34
  Sample 3:
    TRUE: [20, 3, 27, 17, 37, 39, 19, 0, 28, 30, 33, 21, 39, 22, 17, 8, 2, 8, 39, 6, 20, 1, 19, 39, 14, 20, 2, 34, 37, 39, 30, 33, 39, 6, 17, 39, 19, 2, 21, 26, 20, 17, 30, 20, 17, 39, 10, 20, 2, 14, 2, 22, 30, 39]
    PRED: [27, 3, 27, 39, 19, 1, 28, 33, 21, 39, 22, 17, 8, 39, 6, 27, 1, 19, 39, 20, 10, 34, 37, 39, 30, 33, 39, 6, 17, 39, 19, 2, 21, 26, 36, 30, 20, 2, 39, 10, 20, 2, 22, 8, 39]
    Edit distance: 16/54
  Sample 4:
    TRUE: [9, 2, 39, 30, 33, 31, 39, 13, 10, 27, 17, 39, 13, 11, 14, 0, 30, 39, 30, 33, 39, 19, 2, 21, 39, 35, 10, 22, 39, 27, 0, 18, 11, 37, 39, 30, 33, 31, 39, 13, 10, 20, 39, 4, 30, 39]
    PRED: [9, 2, 39, 30, 33, 31, 39, 34, 12, 27, 17, 2, 39, 26, 27, 17, 30, 19, 14, 30, 39, 30, 33, 39, 19, 2, 21, 39, 35, 2, 22, 8, 39, 35, 5, 8, 7, 11, 37, 39, 30, 33, 31, 39, 13, 17, 20, 39, 4, 30, 39]
    Edit distance: 16/46

============================================================
Batch 77500 | Val PER: 0.1751
============================================================
  Sample 0:
    TRUE: [31, 17, 0, 19, 27, 2, 28, 17, 39, 27, 17, 19, 2, 22, 28, 16, 8, 11, 8, 39]
    PRED: [8, 10, 0, 19, 27, 2, 28, 39, 27, 17, 14, 0, 22, 30, 2, 8, 39]
    Edit distance: 9/20
  Sample 1:
    TRUE: [27, 16, 7, 39, 26, 11, 7, 2, 28, 30, 39, 28, 10, 34, 27, 2, 20, 39, 28, 5, 22, 8, 39, 20, 16, 31, 2, 14, 27, 1, 13, 28, 39]
    PRED: [27, 17, 7, 39, 26, 0, 27, 7, 2, 37, 39, 28, 10, 34, 2, 20, 39, 13, 5, 22, 37, 39, 20, 16, 0, 13, 39]
    Edit distance: 14/33
  Sample 2:
    TRUE: [28, 24, 39, 27, 33, 20, 37, 39, 35, 17, 39, 21, 12, 8, 39, 16, 22, 39, 2, 22, 2, 6, 1, 29, 30, 39, 19, 2, 20, 33, 38, 2, 22, 39]
    PRED: [15, 4, 39, 27, 17, 20, 37, 39, 35, 17, 39, 21, 12, 8, 39, 16, 22, 39, 16, 22, 2, 21, 2, 28, 39, 19, 2, 20, 33, 38, 2, 22, 39]
    Edit distance: 8/34
  Sample 3:
    TRUE: [20, 3, 27, 17, 37, 39, 19, 0, 28, 30, 33, 21, 39, 22, 17, 8, 2, 8, 39, 6, 20, 1, 19, 39, 14, 20, 2, 34, 37, 39, 30, 33, 39, 6, 17, 39, 19, 2, 21, 26, 20, 17, 30, 20, 17, 39, 10, 20, 2, 14, 2, 22, 30, 39]
    PRED: [27, 3, 27, 39, 19, 0, 33, 21, 39, 22, 17, 8, 39, 6, 27, 1, 19, 39, 20, 2, 34, 37, 39, 30, 33, 39, 6, 17, 39, 19, 2, 21, 26, 36, 33, 30, 20, 20, 39, 10, 20, 2, 22, 8, 39]
    Edit distance: 15/54
  Sample 4:
    TRUE: [9, 2, 39, 30, 33, 31, 39, 13, 10, 27, 17, 39, 13, 11, 14, 0, 30, 39, 30, 33, 39, 19, 2, 21, 39, 35, 10, 22, 39, 27, 0, 18, 11, 37, 39, 30, 33, 31, 39, 13, 10, 20, 39, 4, 30, 39]
    PRED: [9, 2, 39, 30, 33, 31, 39, 34, 12, 27, 17, 39, 26, 27, 17, 19, 0, 14, 2, 22, 39, 30, 33, 39, 19, 2, 21, 39, 35, 2, 22, 39, 35, 5, 8, 11, 37, 39, 30, 33, 31, 39, 13, 10, 20, 39, 4, 30, 39]
    Edit distance: 13/46

============================================================
Batch 78000 | Val PER: 0.1758
============================================================
  Sample 0:
    TRUE: [31, 17, 0, 19, 27, 2, 28, 17, 39, 27, 17, 19, 2, 22, 28, 16, 8, 11, 8, 39]
    PRED: [8, 10, 2, 19, 27, 2, 28, 39, 27, 17, 14, 0, 22, 30, 2, 8, 39]
    Edit distance: 10/20
  Sample 1:
    TRUE: [27, 16, 7, 39, 26, 11, 7, 2, 28, 30, 39, 28, 10, 34, 27, 2, 20, 39, 28, 5, 22, 8, 39, 20, 16, 31, 2, 14, 27, 1, 13, 28, 39]
    PRED: [27, 17, 7, 39, 26, 0, 27, 7, 2, 37, 39, 28, 10, 34, 2, 20, 39, 13, 5, 22, 37, 39, 20, 16, 0, 13, 39]
    Edit distance: 14/33
  Sample 2:
    TRUE: [28, 24, 39, 27, 33, 20, 37, 39, 35, 17, 39, 21, 12, 8, 39, 16, 22, 39, 2, 22, 2, 6, 1, 29, 30, 39, 19, 2, 20, 33, 38, 2, 22, 39]
    PRED: [15, 4, 39, 27, 17, 20, 37, 39, 35, 17, 39, 21, 12, 8, 39, 16, 22, 39, 16, 22, 2, 21, 2, 28, 39, 19, 2, 20, 33, 38, 2, 22, 39]
    Edit distance: 8/34
  Sample 3:
    TRUE: [20, 3, 27, 17, 37, 39, 19, 0, 28, 30, 33, 21, 39, 22, 17, 8, 2, 8, 39, 6, 20, 1, 19, 39, 14, 20, 2, 34, 37, 39, 30, 33, 39, 6, 17, 39, 19, 2, 21, 26, 20, 17, 30, 20, 17, 39, 10, 20, 2, 14, 2, 22, 30, 39]
    PRED: [27, 3, 27, 39, 19, 0, 33, 21, 39, 22, 17, 8, 39, 6, 20, 1, 19, 39, 20, 2, 34, 37, 39, 30, 33, 39, 6, 17, 39, 19, 2, 21, 26, 16, 30, 39, 16, 20, 2, 22, 8, 39]
    Edit distance: 16/54
  Sample 4:
    TRUE: [9, 2, 39, 30, 33, 31, 39, 13, 10, 27, 17, 39, 13, 11, 14, 0, 30, 39, 30, 33, 39, 19, 2, 21, 39, 35, 10, 22, 39, 27, 0, 18, 11, 37, 39, 30, 33, 31, 39, 13, 10, 20, 39, 4, 30, 39]
    PRED: [9, 2, 39, 30, 33, 31, 39, 34, 12, 27, 17, 2, 39, 26, 27, 17, 30, 19, 14, 30, 22, 39, 30, 33, 39, 19, 2, 21, 39, 35, 2, 22, 8, 39, 35, 5, 8, 11, 37, 39, 30, 33, 31, 39, 13, 10, 20, 39, 4, 30, 39]
    Edit distance: 15/46

============================================================
Batch 78500 | Val PER: 0.1733
============================================================
  Sample 0:
    TRUE: [31, 17, 0, 19, 27, 2, 28, 17, 39, 27, 17, 19, 2, 22, 28, 16, 8, 11, 8, 39]
    PRED: [8, 10, 0, 19, 27, 2, 28, 39, 27, 17, 14, 0, 22, 30, 2, 8, 39]
    Edit distance: 9/20
  Sample 1:
    TRUE: [27, 16, 7, 39, 26, 11, 7, 2, 28, 30, 39, 28, 10, 34, 27, 2, 20, 39, 28, 5, 22, 8, 39, 20, 16, 31, 2, 14, 27, 1, 13, 28, 39]
    PRED: [27, 17, 7, 39, 26, 0, 27, 7, 2, 37, 39, 28, 10, 34, 2, 20, 39, 13, 5, 22, 37, 39, 20, 16, 0, 13, 39]
    Edit distance: 14/33
  Sample 2:
    TRUE: [28, 24, 39, 27, 33, 20, 37, 39, 35, 17, 39, 21, 12, 8, 39, 16, 22, 39, 2, 22, 2, 6, 1, 29, 30, 39, 19, 2, 20, 33, 38, 2, 22, 39]
    PRED: [15, 2, 39, 27, 17, 20, 37, 39, 35, 17, 39, 21, 12, 8, 39, 16, 22, 39, 16, 22, 2, 21, 2, 28, 39, 19, 2, 20, 33, 38, 2, 22, 39]
    Edit distance: 8/34
  Sample 3:
    TRUE: [20, 3, 27, 17, 37, 39, 19, 0, 28, 30, 33, 21, 39, 22, 17, 8, 2, 8, 39, 6, 20, 1, 19, 39, 14, 20, 2, 34, 37, 39, 30, 33, 39, 6, 17, 39, 19, 2, 21, 26, 20, 17, 30, 20, 17, 39, 10, 20, 2, 14, 2, 22, 30, 39]
    PRED: [27, 3, 27, 39, 19, 0, 33, 21, 39, 22, 17, 8, 39, 6, 20, 1, 19, 39, 20, 2, 34, 37, 39, 30, 33, 39, 6, 17, 39, 19, 2, 21, 26, 16, 30, 20, 2, 39, 10, 20, 2, 22, 8, 39]
    Edit distance: 14/54
  Sample 4:
    TRUE: [9, 2, 39, 30, 33, 31, 39, 13, 10, 27, 17, 39, 13, 11, 14, 0, 30, 39, 30, 33, 39, 19, 2, 21, 39, 35, 10, 22, 39, 27, 0, 18, 11, 37, 39, 30, 33, 31, 39, 13, 10, 20, 39, 4, 30, 39]
    PRED: [9, 2, 39, 30, 33, 31, 39, 34, 12, 27, 17, 2, 39, 26, 27, 17, 30, 19, 14, 30, 39, 30, 33, 39, 19, 2, 21, 39, 35, 2, 22, 8, 39, 35, 5, 8, 11, 37, 39, 30, 33, 31, 39, 13, 10, 20, 39, 4, 30, 39]
    Edit distance: 14/46

============================================================
Batch 79000 | Val PER: 0.1730
============================================================
  Sample 0:
    TRUE: [31, 17, 0, 19, 27, 2, 28, 17, 39, 27, 17, 19, 2, 22, 28, 16, 8, 11, 8, 39]
    PRED: [8, 10, 19, 27, 2, 28, 39, 27, 17, 14, 0, 22, 30, 2, 8, 39]
    Edit distance: 10/20
  Sample 1:
    TRUE: [27, 16, 7, 39, 26, 11, 7, 2, 28, 30, 39, 28, 10, 34, 27, 2, 20, 39, 28, 5, 22, 8, 39, 20, 16, 31, 2, 14, 27, 1, 13, 28, 39]
    PRED: [27, 17, 7, 39, 26, 0, 27, 7, 2, 37, 39, 28, 10, 34, 2, 20, 39, 7, 5, 22, 37, 39, 20, 16, 0, 13, 39]
    Edit distance: 14/33
  Sample 2:
    TRUE: [28, 24, 39, 27, 33, 20, 37, 39, 35, 17, 39, 21, 12, 8, 39, 16, 22, 39, 2, 22, 2, 6, 1, 29, 30, 39, 19, 2, 20, 33, 38, 2, 22, 39]
    PRED: [15, 2, 39, 27, 17, 20, 37, 39, 35, 17, 39, 21, 12, 8, 39, 16, 22, 39, 16, 22, 2, 34, 21, 2, 28, 39, 19, 2, 20, 33, 38, 2, 22, 39]
    Edit distance: 8/34
  Sample 3:
    TRUE: [20, 3, 27, 17, 37, 39, 19, 0, 28, 30, 33, 21, 39, 22, 17, 8, 2, 8, 39, 6, 20, 1, 19, 39, 14, 20, 2, 34, 37, 39, 30, 33, 39, 6, 17, 39, 19, 2, 21, 26, 20, 17, 30, 20, 17, 39, 10, 20, 2, 14, 2, 22, 30, 39]
    PRED: [27, 3, 27, 39, 19, 0, 33, 21, 39, 22, 17, 8, 2, 8, 39, 6, 20, 1, 19, 39, 20, 2, 34, 37, 39, 30, 33, 39, 6, 17, 39, 19, 2, 21, 26, 16, 30, 20, 11, 39, 16, 20, 2, 22, 8, 39]
    Edit distance: 13/54
  Sample 4:
    TRUE: [9, 2, 39, 30, 33, 31, 39, 13, 10, 27, 17, 39, 13, 11, 14, 0, 30, 39, 30, 33, 39, 19, 2, 21, 39, 35, 10, 22, 39, 27, 0, 18, 11, 37, 39, 30, 33, 31, 39, 13, 10, 20, 39, 4, 30, 39]
    PRED: [9, 2, 39, 30, 33, 31, 39, 34, 12, 27, 17, 2, 39, 26, 27, 17, 30, 19, 14, 30, 39, 30, 33, 39, 19, 2, 21, 39, 35, 2, 22, 8, 39, 35, 5, 8, 7, 11, 37, 39, 30, 33, 31, 39, 13, 10, 20, 39, 4, 30, 39]
    Edit distance: 15/46

============================================================
Batch 79500 | Val PER: 0.1729
============================================================
  Sample 0:
    TRUE: [31, 17, 0, 19, 27, 2, 28, 17, 39, 27, 17, 19, 2, 22, 28, 16, 8, 11, 8, 39]
    PRED: [8, 10, 19, 27, 2, 28, 39, 27, 17, 14, 0, 22, 30, 2, 8, 39]
    Edit distance: 10/20
  Sample 1:
    TRUE: [27, 16, 7, 39, 26, 11, 7, 2, 28, 30, 39, 28, 10, 34, 27, 2, 20, 39, 28, 5, 22, 8, 39, 20, 16, 31, 2, 14, 27, 1, 13, 28, 39]
    PRED: [27, 17, 7, 39, 26, 0, 27, 7, 2, 37, 39, 28, 10, 34, 2, 20, 39, 13, 5, 22, 37, 39, 20, 16, 0, 13, 39]
    Edit distance: 14/33
  Sample 2:
    TRUE: [28, 24, 39, 27, 33, 20, 37, 39, 35, 17, 39, 21, 12, 8, 39, 16, 22, 39, 2, 22, 2, 6, 1, 29, 30, 39, 19, 2, 20, 33, 38, 2, 22, 39]
    PRED: [15, 4, 39, 27, 17, 20, 37, 39, 35, 17, 39, 21, 12, 8, 39, 16, 22, 39, 16, 22, 2, 21, 2, 28, 39, 19, 2, 20, 33, 38, 2, 22, 39]
    Edit distance: 8/34
  Sample 3:
    TRUE: [20, 3, 27, 17, 37, 39, 19, 0, 28, 30, 33, 21, 39, 22, 17, 8, 2, 8, 39, 6, 20, 1, 19, 39, 14, 20, 2, 34, 37, 39, 30, 33, 39, 6, 17, 39, 19, 2, 21, 26, 20, 17, 30, 20, 17, 39, 10, 20, 2, 14, 2, 22, 30, 39]
    PRED: [27, 3, 27, 39, 19, 1, 33, 21, 39, 22, 17, 8, 2, 8, 39, 6, 27, 1, 19, 39, 20, 2, 34, 37, 39, 30, 33, 39, 6, 17, 39, 19, 2, 21, 26, 36, 16, 30, 20, 39, 10, 20, 2, 22, 8, 39]
    Edit distance: 14/54
  Sample 4:
    TRUE: [9, 2, 39, 30, 33, 31, 39, 13, 10, 27, 17, 39, 13, 11, 14, 0, 30, 39, 30, 33, 39, 19, 2, 21, 39, 35, 10, 22, 39, 27, 0, 18, 11, 37, 39, 30, 33, 31, 39, 13, 10, 20, 39, 4, 30, 39]
    PRED: [9, 2, 39, 30, 33, 31, 39, 34, 12, 27, 17, 2, 39, 26, 27, 17, 30, 19, 14, 30, 39, 30, 33, 39, 19, 2, 21, 39, 35, 2, 22, 8, 39, 35, 5, 8, 11, 37, 39, 30, 33, 31, 39, 13, 10, 20, 39, 4, 30, 39]
    Edit distance: 14/46

============================================================
Batch 80000 | Val PER: 0.1754
============================================================
  Sample 0:
    TRUE: [31, 17, 0, 19, 27, 2, 28, 17, 39, 27, 17, 19, 2, 22, 28, 16, 8, 11, 8, 39]
    PRED: [8, 10, 19, 27, 2, 28, 39, 17, 14, 0, 22, 30, 2, 8, 39]
    Edit distance: 11/20
  Sample 1:
    TRUE: [27, 16, 7, 39, 26, 11, 7, 2, 28, 30, 39, 28, 10, 34, 27, 2, 20, 39, 28, 5, 22, 8, 39, 20, 16, 31, 2, 14, 27, 1, 13, 28, 39]
    PRED: [27, 17, 7, 39, 26, 0, 27, 7, 2, 37, 39, 28, 10, 34, 2, 20, 39, 28, 5, 22, 37, 39, 20, 16, 9, 0, 13, 39]
    Edit distance: 13/33
  Sample 2:
    TRUE: [28, 24, 39, 27, 33, 20, 37, 39, 35, 17, 39, 21, 12, 8, 39, 16, 22, 39, 2, 22, 2, 6, 1, 29, 30, 39, 19, 2, 20, 33, 38, 2, 22, 39]
    PRED: [15, 4, 39, 27, 17, 20, 37, 39, 35, 17, 39, 21, 12, 8, 39, 16, 22, 39, 16, 22, 2, 21, 2, 28, 39, 19, 2, 20, 33, 38, 2, 22, 39]
    Edit distance: 8/34
  Sample 3:
    TRUE: [20, 3, 27, 17, 37, 39, 19, 0, 28, 30, 33, 21, 39, 22, 17, 8, 2, 8, 39, 6, 20, 1, 19, 39, 14, 20, 2, 34, 37, 39, 30, 33, 39, 6, 17, 39, 19, 2, 21, 26, 20, 17, 30, 20, 17, 39, 10, 20, 2, 14, 2, 22, 30, 39]
    PRED: [27, 3, 27, 39, 19, 1, 33, 21, 39, 22, 17, 8, 2, 8, 39, 6, 20, 1, 19, 39, 20, 2, 34, 37, 39, 30, 33, 39, 6, 17, 39, 19, 2, 21, 26, 2, 30, 20, 39, 16, 20, 2, 22, 8, 39]
    Edit distance: 14/54
  Sample 4:
    TRUE: [9, 2, 39, 30, 33, 31, 39, 13, 10, 27, 17, 39, 13, 11, 14, 0, 30, 39, 30, 33, 39, 19, 2, 21, 39, 35, 10, 22, 39, 27, 0, 18, 11, 37, 39, 30, 33, 31, 39, 13, 10, 20, 39, 4, 30, 39]
    PRED: [9, 2, 39, 30, 33, 31, 39, 34, 12, 27, 17, 2, 39, 26, 27, 17, 19, 14, 30, 39, 30, 33, 39, 19, 2, 21, 39, 35, 2, 22, 8, 39, 35, 5, 8, 11, 37, 39, 30, 33, 31, 39, 13, 10, 20, 39, 4, 30, 39]
    Edit distance: 13/46

============================================================
Batch 80500 | Val PER: 0.1725
============================================================
  Sample 0:
    TRUE: [31, 17, 0, 19, 27, 2, 28, 17, 39, 27, 17, 19, 2, 22, 28, 16, 8, 11, 8, 39]
    PRED: [8, 10, 19, 27, 2, 28, 39, 27, 17, 14, 0, 22, 8, 30, 2, 8, 39]
    Edit distance: 10/20
  Sample 1:
    TRUE: [27, 16, 7, 39, 26, 11, 7, 2, 28, 30, 39, 28, 10, 34, 27, 2, 20, 39, 28, 5, 22, 8, 39, 20, 16, 31, 2, 14, 27, 1, 13, 28, 39]
    PRED: [27, 17, 7, 39, 26, 0, 27, 7, 2, 37, 39, 28, 10, 34, 2, 20, 39, 7, 5, 22, 37, 39, 20, 16, 34, 9, 27, 0, 13, 39]
    Edit distance: 13/33
  Sample 2:
    TRUE: [28, 24, 39, 27, 33, 20, 37, 39, 35, 17, 39, 21, 12, 8, 39, 16, 22, 39, 2, 22, 2, 6, 1, 29, 30, 39, 19, 2, 20, 33, 38, 2, 22, 39]
    PRED: [15, 4, 39, 27, 17, 20, 37, 39, 35, 17, 39, 21, 12, 8, 39, 16, 22, 39, 16, 22, 16, 34, 21, 2, 28, 39, 19, 2, 20, 33, 38, 2, 22, 39]
    Edit distance: 9/34
  Sample 3:
    TRUE: [20, 3, 27, 17, 37, 39, 19, 0, 28, 30, 33, 21, 39, 22, 17, 8, 2, 8, 39, 6, 20, 1, 19, 39, 14, 20, 2, 34, 37, 39, 30, 33, 39, 6, 17, 39, 19, 2, 21, 26, 20, 17, 30, 20, 17, 39, 10, 20, 2, 14, 2, 22, 30, 39]
    PRED: [27, 3, 27, 39, 19, 1, 28, 33, 21, 39, 22, 17, 8, 39, 6, 27, 1, 19, 39, 20, 16, 34, 37, 39, 30, 33, 39, 6, 17, 39, 19, 2, 21, 26, 16, 30, 20, 11, 39, 10, 20, 2, 22, 8, 39]
    Edit distance: 16/54
  Sample 4:
    TRUE: [9, 2, 39, 30, 33, 31, 39, 13, 10, 27, 17, 39, 13, 11, 14, 0, 30, 39, 30, 33, 39, 19, 2, 21, 39, 35, 10, 22, 39, 27, 0, 18, 11, 37, 39, 30, 33, 31, 39, 13, 10, 20, 39, 4, 30, 39]
    PRED: [9, 2, 39, 30, 33, 31, 39, 34, 12, 17, 2, 39, 26, 27, 17, 30, 19, 14, 30, 39, 30, 33, 39, 19, 2, 21, 39, 35, 2, 22, 8, 39, 35, 5, 8, 7, 11, 37, 39, 30, 33, 31, 39, 13, 10, 20, 39, 4, 30, 39]
    Edit distance: 16/46

============================================================
Batch 81000 | Val PER: 0.1753
============================================================
  Sample 0:
    TRUE: [31, 17, 0, 19, 27, 2, 28, 17, 39, 27, 17, 19, 2, 22, 28, 16, 8, 11, 8, 39]
    PRED: [8, 10, 19, 27, 2, 28, 39, 27, 17, 14, 0, 22, 8, 30, 2, 8, 39]
    Edit distance: 10/20
  Sample 1:
    TRUE: [27, 16, 7, 39, 26, 11, 7, 2, 28, 30, 39, 28, 10, 34, 27, 2, 20, 39, 28, 5, 22, 8, 39, 20, 16, 31, 2, 14, 27, 1, 13, 28, 39]
    PRED: [27, 17, 7, 39, 26, 0, 27, 7, 2, 37, 39, 28, 10, 34, 2, 20, 39, 13, 5, 22, 37, 39, 20, 16, 34, 0, 13, 39]
    Edit distance: 14/33
  Sample 2:
    TRUE: [28, 24, 39, 27, 33, 20, 37, 39, 35, 17, 39, 21, 12, 8, 39, 16, 22, 39, 2, 22, 2, 6, 1, 29, 30, 39, 19, 2, 20, 33, 38, 2, 22, 39]
    PRED: [15, 4, 39, 27, 17, 20, 37, 39, 35, 17, 39, 21, 12, 8, 39, 16, 22, 39, 16, 22, 2, 21, 2, 28, 39, 19, 2, 20, 33, 38, 2, 22, 39]
    Edit distance: 8/34
  Sample 3:
    TRUE: [20, 3, 27, 17, 37, 39, 19, 0, 28, 30, 33, 21, 39, 22, 17, 8, 2, 8, 39, 6, 20, 1, 19, 39, 14, 20, 2, 34, 37, 39, 30, 33, 39, 6, 17, 39, 19, 2, 21, 26, 20, 17, 30, 20, 17, 39, 10, 20, 2, 14, 2, 22, 30, 39]
    PRED: [27, 3, 27, 39, 19, 1, 33, 21, 39, 22, 17, 8, 2, 8, 39, 6, 27, 1, 19, 39, 20, 1, 34, 37, 39, 30, 33, 39, 6, 17, 39, 19, 2, 21, 26, 2, 30, 20, 39, 10, 20, 2, 22, 8, 39]
    Edit distance: 15/54
  Sample 4:
    TRUE: [9, 2, 39, 30, 33, 31, 39, 13, 10, 27, 17, 39, 13, 11, 14, 0, 30, 39, 30, 33, 39, 19, 2, 21, 39, 35, 10, 22, 39, 27, 0, 18, 11, 37, 39, 30, 33, 31, 39, 13, 10, 20, 39, 4, 30, 39]
    PRED: [9, 2, 39, 30, 33, 31, 39, 34, 12, 17, 2, 39, 26, 27, 17, 19, 14, 30, 39, 30, 33, 39, 19, 2, 21, 39, 35, 2, 22, 8, 39, 35, 5, 8, 7, 11, 37, 39, 30, 33, 31, 39, 13, 10, 20, 39, 4, 30, 39]
    Edit distance: 15/46

============================================================
Batch 81500 | Val PER: 0.1754
============================================================
  Sample 0:
    TRUE: [31, 17, 0, 19, 27, 2, 28, 17, 39, 27, 17, 19, 2, 22, 28, 16, 8, 11, 8, 39]
    PRED: [8, 10, 19, 27, 2, 28, 39, 27, 17, 14, 0, 22, 8, 30, 2, 8, 39]
    Edit distance: 10/20
  Sample 1:
    TRUE: [27, 16, 7, 39, 26, 11, 7, 2, 28, 30, 39, 28, 10, 34, 27, 2, 20, 39, 28, 5, 22, 8, 39, 20, 16, 31, 2, 14, 27, 1, 13, 28, 39]
    PRED: [27, 17, 7, 39, 26, 0, 27, 7, 2, 37, 39, 28, 10, 34, 2, 20, 39, 28, 5, 22, 37, 39, 20, 16, 34, 0, 13, 39]
    Edit distance: 13/33
  Sample 2:
    TRUE: [28, 24, 39, 27, 33, 20, 37, 39, 35, 17, 39, 21, 12, 8, 39, 16, 22, 39, 2, 22, 2, 6, 1, 29, 30, 39, 19, 2, 20, 33, 38, 2, 22, 39]
    PRED: [15, 4, 39, 27, 17, 20, 37, 39, 35, 17, 39, 21, 12, 8, 39, 16, 22, 39, 16, 22, 16, 34, 21, 2, 28, 39, 19, 2, 20, 33, 38, 2, 22, 39]
    Edit distance: 9/34
  Sample 3:
    TRUE: [20, 3, 27, 17, 37, 39, 19, 0, 28, 30, 33, 21, 39, 22, 17, 8, 2, 8, 39, 6, 20, 1, 19, 39, 14, 20, 2, 34, 37, 39, 30, 33, 39, 6, 17, 39, 19, 2, 21, 26, 20, 17, 30, 20, 17, 39, 10, 20, 2, 14, 2, 22, 30, 39]
    PRED: [27, 3, 27, 39, 19, 1, 33, 21, 39, 22, 17, 8, 2, 8, 39, 6, 20, 1, 19, 39, 20, 2, 34, 37, 39, 30, 33, 39, 6, 17, 39, 19, 2, 21, 26, 16, 30, 20, 11, 39, 16, 20, 2, 22, 8, 39]
    Edit distance: 14/54
  Sample 4:
    TRUE: [9, 2, 39, 30, 33, 31, 39, 13, 10, 27, 17, 39, 13, 11, 14, 0, 30, 39, 30, 33, 39, 19, 2, 21, 39, 35, 10, 22, 39, 27, 0, 18, 11, 37, 39, 30, 33, 31, 39, 13, 10, 20, 39, 4, 30, 39]
    PRED: [9, 2, 39, 30, 33, 31, 39, 34, 12, 17, 2, 39, 26, 27, 17, 30, 19, 14, 30, 39, 30, 33, 39, 19, 2, 21, 39, 35, 2, 22, 8, 39, 35, 5, 8, 7, 11, 37, 39, 30, 33, 31, 39, 13, 10, 20, 39, 4, 30, 39]
    Edit distance: 16/46

============================================================
Batch 82000 | Val PER: 0.1745
============================================================
  Sample 0:
    TRUE: [31, 17, 0, 19, 27, 2, 28, 17, 39, 27, 17, 19, 2, 22, 28, 16, 8, 11, 8, 39]
    PRED: [8, 5, 19, 27, 2, 28, 39, 27, 17, 14, 0, 22, 30, 2, 8, 39]
    Edit distance: 10/20
  Sample 1:
    TRUE: [27, 16, 7, 39, 26, 11, 7, 2, 28, 30, 39, 28, 10, 34, 27, 2, 20, 39, 28, 5, 22, 8, 39, 20, 16, 31, 2, 14, 27, 1, 13, 28, 39]
    PRED: [27, 17, 7, 39, 26, 0, 27, 7, 2, 37, 39, 28, 10, 34, 2, 20, 39, 28, 5, 22, 37, 39, 20, 16, 34, 0, 13, 39]
    Edit distance: 13/33
  Sample 2:
    TRUE: [28, 24, 39, 27, 33, 20, 37, 39, 35, 17, 39, 21, 12, 8, 39, 16, 22, 39, 2, 22, 2, 6, 1, 29, 30, 39, 19, 2, 20, 33, 38, 2, 22, 39]
    PRED: [15, 4, 39, 27, 25, 20, 37, 39, 35, 17, 39, 21, 12, 8, 39, 16, 22, 39, 16, 22, 2, 21, 2, 28, 39, 19, 2, 20, 33, 38, 2, 22, 39]
    Edit distance: 8/34
  Sample 3:
    TRUE: [20, 3, 27, 17, 37, 39, 19, 0, 28, 30, 33, 21, 39, 22, 17, 8, 2, 8, 39, 6, 20, 1, 19, 39, 14, 20, 2, 34, 37, 39, 30, 33, 39, 6, 17, 39, 19, 2, 21, 26, 20, 17, 30, 20, 17, 39, 10, 20, 2, 14, 2, 22, 30, 39]
    PRED: [27, 3, 27, 39, 19, 0, 33, 21, 37, 39, 22, 17, 8, 2, 8, 39, 6, 20, 1, 19, 39, 20, 16, 34, 37, 39, 30, 33, 39, 6, 17, 39, 19, 2, 21, 26, 16, 30, 20, 11, 39, 10, 20, 2, 22, 8, 39]
    Edit distance: 14/54
  Sample 4:
    TRUE: [9, 2, 39, 30, 33, 31, 39, 13, 10, 27, 17, 39, 13, 11, 14, 0, 30, 39, 30, 33, 39, 19, 2, 21, 39, 35, 10, 22, 39, 27, 0, 18, 11, 37, 39, 30, 33, 31, 39, 13, 10, 20, 39, 4, 30, 39]
    PRED: [9, 2, 39, 30, 33, 31, 39, 34, 12, 17, 2, 39, 26, 27, 17, 19, 14, 30, 39, 30, 33, 39, 19, 2, 21, 39, 35, 2, 22, 8, 39, 35, 5, 8, 7, 11, 37, 39, 30, 33, 31, 39, 13, 10, 20, 39, 4, 30, 39]
    Edit distance: 15/46

============================================================
Batch 82500 | Val PER: 0.1747
============================================================
  Sample 0:
    TRUE: [31, 17, 0, 19, 27, 2, 28, 17, 39, 27, 17, 19, 2, 22, 28, 16, 8, 11, 8, 39]
    PRED: [8, 10, 19, 27, 2, 28, 39, 27, 17, 14, 0, 22, 30, 2, 8, 39]
    Edit distance: 10/20
  Sample 1:
    TRUE: [27, 16, 7, 39, 26, 11, 7, 2, 28, 30, 39, 28, 10, 34, 27, 2, 20, 39, 28, 5, 22, 8, 39, 20, 16, 31, 2, 14, 27, 1, 13, 28, 39]
    PRED: [27, 17, 7, 39, 26, 0, 27, 7, 2, 37, 39, 28, 10, 34, 2, 20, 39, 28, 5, 22, 37, 39, 20, 16, 34, 9, 27, 0, 13, 39]
    Edit distance: 12/33
  Sample 2:
    TRUE: [28, 24, 39, 27, 33, 20, 37, 39, 35, 17, 39, 21, 12, 8, 39, 16, 22, 39, 2, 22, 2, 6, 1, 29, 30, 39, 19, 2, 20, 33, 38, 2, 22, 39]
    PRED: [15, 4, 39, 27, 17, 20, 37, 39, 35, 17, 39, 21, 12, 8, 39, 16, 22, 39, 16, 22, 16, 21, 2, 28, 39, 19, 2, 20, 33, 38, 2, 22, 39]
    Edit distance: 9/34
  Sample 3:
    TRUE: [20, 3, 27, 17, 37, 39, 19, 0, 28, 30, 33, 21, 39, 22, 17, 8, 2, 8, 39, 6, 20, 1, 19, 39, 14, 20, 2, 34, 37, 39, 30, 33, 39, 6, 17, 39, 19, 2, 21, 26, 20, 17, 30, 20, 17, 39, 10, 20, 2, 14, 2, 22, 30, 39]
    PRED: [27, 3, 27, 39, 19, 1, 28, 33, 21, 39, 22, 17, 8, 2, 8, 39, 6, 27, 2, 19, 39, 20, 16, 34, 37, 39, 30, 33, 39, 6, 17, 39, 19, 2, 21, 26, 36, 30, 20, 11, 39, 16, 20, 2, 22, 8, 39]
    Edit distance: 16/54
  Sample 4:
    TRUE: [9, 2, 39, 30, 33, 31, 39, 13, 10, 27, 17, 39, 13, 11, 14, 0, 30, 39, 30, 33, 39, 19, 2, 21, 39, 35, 10, 22, 39, 27, 0, 18, 11, 37, 39, 30, 33, 31, 39, 13, 10, 20, 39, 4, 30, 39]
    PRED: [9, 2, 39, 30, 33, 31, 39, 13, 12, 17, 11, 39, 26, 27, 17, 19, 14, 30, 22, 39, 30, 33, 39, 19, 2, 21, 39, 35, 2, 22, 39, 35, 5, 8, 7, 11, 37, 39, 30, 33, 31, 39, 13, 10, 20, 39, 4, 30, 39]
    Edit distance: 14/46

============================================================
Batch 83000 | Val PER: 0.1746
============================================================
  Sample 0:
    TRUE: [31, 17, 0, 19, 27, 2, 28, 17, 39, 27, 17, 19, 2, 22, 28, 16, 8, 11, 8, 39]
    PRED: [8, 10, 19, 14, 27, 2, 28, 39, 27, 17, 14, 0, 22, 30, 2, 8, 39]
    Edit distance: 11/20
  Sample 1:
    TRUE: [27, 16, 7, 39, 26, 11, 7, 2, 28, 30, 39, 28, 10, 34, 27, 2, 20, 39, 28, 5, 22, 8, 39, 20, 16, 31, 2, 14, 27, 1, 13, 28, 39]
    PRED: [27, 17, 7, 39, 26, 0, 27, 7, 2, 37, 39, 28, 10, 34, 2, 20, 39, 5, 22, 37, 39, 20, 16, 34, 9, 0, 13, 39]
    Edit distance: 14/33
  Sample 2:
    TRUE: [28, 24, 39, 27, 33, 20, 37, 39, 35, 17, 39, 21, 12, 8, 39, 16, 22, 39, 2, 22, 2, 6, 1, 29, 30, 39, 19, 2, 20, 33, 38, 2, 22, 39]
    PRED: [15, 2, 39, 27, 17, 20, 37, 39, 35, 17, 39, 21, 12, 8, 39, 16, 22, 39, 16, 22, 16, 21, 2, 28, 39, 19, 2, 20, 33, 38, 2, 22, 39]
    Edit distance: 9/34
  Sample 3:
    TRUE: [20, 3, 27, 17, 37, 39, 19, 0, 28, 30, 33, 21, 39, 22, 17, 8, 2, 8, 39, 6, 20, 1, 19, 39, 14, 20, 2, 34, 37, 39, 30, 33, 39, 6, 17, 39, 19, 2, 21, 26, 20, 17, 30, 20, 17, 39, 10, 20, 2, 14, 2, 22, 30, 39]
    PRED: [27, 3, 27, 39, 19, 1, 33, 21, 37, 39, 22, 17, 8, 2, 8, 39, 6, 27, 2, 19, 39, 20, 2, 34, 37, 39, 30, 33, 39, 6, 17, 39, 19, 2, 21, 26, 16, 30, 20, 39, 16, 20, 2, 22, 8, 39]
    Edit distance: 17/54
  Sample 4:
    TRUE: [9, 2, 39, 30, 33, 31, 39, 13, 10, 27, 17, 39, 13, 11, 14, 0, 30, 39, 30, 33, 39, 19, 2, 21, 39, 35, 10, 22, 39, 27, 0, 18, 11, 37, 39, 30, 33, 31, 39, 13, 10, 20, 39, 4, 30, 39]
    PRED: [9, 2, 39, 30, 33, 31, 39, 13, 12, 17, 11, 39, 26, 27, 17, 19, 14, 30, 22, 39, 30, 33, 39, 19, 2, 21, 39, 35, 2, 22, 8, 39, 35, 5, 8, 7, 11, 37, 39, 30, 33, 31, 39, 13, 10, 20, 39, 4, 30, 39]
    Edit distance: 15/46

============================================================
Batch 83500 | Val PER: 0.1737
============================================================
  Sample 0:
    TRUE: [31, 17, 0, 19, 27, 2, 28, 17, 39, 27, 17, 19, 2, 22, 28, 16, 8, 11, 8, 39]
    PRED: [8, 10, 19, 27, 2, 28, 39, 27, 17, 14, 0, 22, 8, 30, 2, 8, 39]
    Edit distance: 10/20
  Sample 1:
    TRUE: [27, 16, 7, 39, 26, 11, 7, 2, 28, 30, 39, 28, 10, 34, 27, 2, 20, 39, 28, 5, 22, 8, 39, 20, 16, 31, 2, 14, 27, 1, 13, 28, 39]
    PRED: [27, 17, 7, 39, 26, 0, 27, 7, 2, 37, 39, 28, 10, 34, 2, 20, 39, 5, 22, 37, 39, 20, 16, 34, 9, 0, 13, 39]
    Edit distance: 14/33
  Sample 2:
    TRUE: [28, 24, 39, 27, 33, 20, 37, 39, 35, 17, 39, 21, 12, 8, 39, 16, 22, 39, 2, 22, 2, 6, 1, 29, 30, 39, 19, 2, 20, 33, 38, 2, 22, 39]
    PRED: [15, 4, 39, 27, 17, 20, 37, 39, 35, 17, 39, 21, 12, 8, 39, 16, 22, 39, 16, 22, 16, 34, 21, 2, 28, 39, 19, 2, 20, 33, 38, 2, 22, 39]
    Edit distance: 9/34
  Sample 3:
    TRUE: [20, 3, 27, 17, 37, 39, 19, 0, 28, 30, 33, 21, 39, 22, 17, 8, 2, 8, 39, 6, 20, 1, 19, 39, 14, 20, 2, 34, 37, 39, 30, 33, 39, 6, 17, 39, 19, 2, 21, 26, 20, 17, 30, 20, 17, 39, 10, 20, 2, 14, 2, 22, 30, 39]
    PRED: [27, 3, 27, 39, 19, 0, 33, 21, 39, 22, 17, 8, 2, 8, 39, 6, 27, 2, 19, 39, 20, 2, 34, 37, 39, 30, 33, 39, 6, 17, 39, 19, 2, 21, 26, 16, 30, 20, 11, 39, 16, 20, 2, 22, 8, 39]
    Edit distance: 15/54
  Sample 4:
    TRUE: [9, 2, 39, 30, 33, 31, 39, 13, 10, 27, 17, 39, 13, 11, 14, 0, 30, 39, 30, 33, 39, 19, 2, 21, 39, 35, 10, 22, 39, 27, 0, 18, 11, 37, 39, 30, 33, 31, 39, 13, 10, 20, 39, 4, 30, 39]
    PRED: [9, 2, 39, 30, 33, 31, 39, 13, 12, 27, 17, 11, 39, 26, 27, 17, 19, 14, 30, 22, 39, 30, 33, 39, 19, 2, 21, 39, 35, 2, 22, 39, 35, 5, 8, 11, 37, 39, 30, 33, 31, 39, 13, 10, 20, 39, 4, 30, 39]
    Edit distance: 12/46

============================================================
Batch 84000 | Val PER: 0.1756
============================================================
  Sample 0:
    TRUE: [31, 17, 0, 19, 27, 2, 28, 17, 39, 27, 17, 19, 2, 22, 28, 16, 8, 11, 8, 39]
    PRED: [8, 5, 19, 14, 27, 2, 28, 39, 27, 17, 14, 0, 30, 2, 8, 39]
    Edit distance: 12/20
  Sample 1:
    TRUE: [27, 16, 7, 39, 26, 11, 7, 2, 28, 30, 39, 28, 10, 34, 27, 2, 20, 39, 28, 5, 22, 8, 39, 20, 16, 31, 2, 14, 27, 1, 13, 28, 39]
    PRED: [27, 17, 7, 39, 26, 0, 27, 7, 2, 37, 39, 28, 10, 34, 2, 20, 39, 5, 22, 37, 39, 20, 16, 34, 9, 0, 13, 39]
    Edit distance: 14/33
  Sample 2:
    TRUE: [28, 24, 39, 27, 33, 20, 37, 39, 35, 17, 39, 21, 12, 8, 39, 16, 22, 39, 2, 22, 2, 6, 1, 29, 30, 39, 19, 2, 20, 33, 38, 2, 22, 39]
    PRED: [15, 4, 39, 27, 17, 20, 37, 39, 35, 17, 39, 21, 12, 8, 39, 16, 22, 39, 16, 22, 16, 21, 2, 28, 39, 19, 2, 20, 33, 38, 2, 22, 39]
    Edit distance: 9/34
  Sample 3:
    TRUE: [20, 3, 27, 17, 37, 39, 19, 0, 28, 30, 33, 21, 39, 22, 17, 8, 2, 8, 39, 6, 20, 1, 19, 39, 14, 20, 2, 34, 37, 39, 30, 33, 39, 6, 17, 39, 19, 2, 21, 26, 20, 17, 30, 20, 17, 39, 10, 20, 2, 14, 2, 22, 30, 39]
    PRED: [27, 3, 27, 39, 19, 1, 33, 21, 37, 39, 22, 17, 8, 2, 8, 39, 6, 27, 2, 19, 39, 20, 2, 34, 37, 39, 30, 33, 39, 6, 17, 39, 19, 2, 21, 26, 36, 30, 20, 11, 39, 16, 20, 2, 22, 8, 39]
    Edit distance: 17/54
  Sample 4:
    TRUE: [9, 2, 39, 30, 33, 31, 39, 13, 10, 27, 17, 39, 13, 11, 14, 0, 30, 39, 30, 33, 39, 19, 2, 21, 39, 35, 10, 22, 39, 27, 0, 18, 11, 37, 39, 30, 33, 31, 39, 13, 10, 20, 39, 4, 30, 39]
    PRED: [9, 2, 39, 30, 33, 31, 39, 13, 12, 27, 17, 2, 39, 26, 27, 17, 19, 14, 30, 22, 39, 30, 33, 39, 19, 2, 21, 39, 35, 2, 22, 8, 39, 35, 5, 8, 7, 11, 37, 39, 30, 33, 31, 39, 13, 10, 20, 39, 4, 30, 39]
    Edit distance: 14/46

============================================================
Batch 84500 | Val PER: 0.1744
============================================================
  Sample 0:
    TRUE: [31, 17, 0, 19, 27, 2, 28, 17, 39, 27, 17, 19, 2, 22, 28, 16, 8, 11, 8, 39]
    PRED: [8, 16, 19, 27, 2, 28, 39, 27, 17, 14, 0, 22, 30, 2, 8, 39]
    Edit distance: 10/20
  Sample 1:
    TRUE: [27, 16, 7, 39, 26, 11, 7, 2, 28, 30, 39, 28, 10, 34, 27, 2, 20, 39, 28, 5, 22, 8, 39, 20, 16, 31, 2, 14, 27, 1, 13, 28, 39]
    PRED: [27, 17, 7, 39, 26, 0, 27, 7, 2, 37, 39, 28, 10, 34, 2, 20, 39, 7, 5, 22, 37, 39, 20, 16, 34, 9, 0, 13, 39]
    Edit distance: 14/33
  Sample 2:
    TRUE: [28, 24, 39, 27, 33, 20, 37, 39, 35, 17, 39, 21, 12, 8, 39, 16, 22, 39, 2, 22, 2, 6, 1, 29, 30, 39, 19, 2, 20, 33, 38, 2, 22, 39]
    PRED: [15, 4, 39, 27, 17, 20, 37, 39, 35, 17, 39, 21, 12, 8, 39, 16, 22, 39, 16, 22, 16, 21, 2, 28, 39, 19, 2, 20, 33, 38, 2, 22, 39]
    Edit distance: 9/34
  Sample 3:
    TRUE: [20, 3, 27, 17, 37, 39, 19, 0, 28, 30, 33, 21, 39, 22, 17, 8, 2, 8, 39, 6, 20, 1, 19, 39, 14, 20, 2, 34, 37, 39, 30, 33, 39, 6, 17, 39, 19, 2, 21, 26, 20, 17, 30, 20, 17, 39, 10, 20, 2, 14, 2, 22, 30, 39]
    PRED: [27, 3, 27, 39, 19, 0, 33, 21, 37, 39, 22, 17, 8, 2, 8, 39, 6, 27, 2, 19, 39, 20, 16, 34, 37, 39, 30, 33, 39, 6, 17, 39, 19, 2, 21, 26, 36, 30, 20, 11, 39, 16, 20, 2, 22, 8, 39]
    Edit distance: 17/54
  Sample 4:
    TRUE: [9, 2, 39, 30, 33, 31, 39, 13, 10, 27, 17, 39, 13, 11, 14, 0, 30, 39, 30, 33, 39, 19, 2, 21, 39, 35, 10, 22, 39, 27, 0, 18, 11, 37, 39, 30, 33, 31, 39, 13, 10, 20, 39, 4, 30, 39]
    PRED: [9, 2, 39, 30, 33, 31, 39, 34, 10, 27, 17, 2, 39, 26, 27, 17, 19, 14, 30, 22, 39, 30, 33, 39, 19, 2, 21, 39, 35, 2, 22, 8, 39, 35, 5, 8, 7, 11, 37, 39, 30, 33, 31, 39, 13, 10, 20, 39, 4, 30, 39]
    Edit distance: 14/46

============================================================
Batch 85000 | Val PER: 0.1732
============================================================
  Sample 0:
    TRUE: [31, 17, 0, 19, 27, 2, 28, 17, 39, 27, 17, 19, 2, 22, 28, 16, 8, 11, 8, 39]
    PRED: [8, 16, 19, 27, 2, 28, 39, 27, 17, 14, 0, 8, 30, 2, 8, 39]
    Edit distance: 11/20
  Sample 1:
    TRUE: [27, 16, 7, 39, 26, 11, 7, 2, 28, 30, 39, 28, 10, 34, 27, 2, 20, 39, 28, 5, 22, 8, 39, 20, 16, 31, 2, 14, 27, 1, 13, 28, 39]
    PRED: [27, 17, 7, 39, 26, 0, 27, 7, 2, 37, 39, 28, 10, 34, 2, 20, 39, 7, 5, 22, 37, 39, 20, 16, 34, 9, 0, 13, 39]
    Edit distance: 14/33
  Sample 2:
    TRUE: [28, 24, 39, 27, 33, 20, 37, 39, 35, 17, 39, 21, 12, 8, 39, 16, 22, 39, 2, 22, 2, 6, 1, 29, 30, 39, 19, 2, 20, 33, 38, 2, 22, 39]
    PRED: [15, 4, 39, 27, 17, 20, 37, 39, 35, 17, 39, 21, 12, 8, 39, 16, 22, 39, 16, 22, 16, 34, 21, 2, 28, 39, 19, 2, 20, 33, 38, 2, 22, 39]
    Edit distance: 9/34
  Sample 3:
    TRUE: [20, 3, 27, 17, 37, 39, 19, 0, 28, 30, 33, 21, 39, 22, 17, 8, 2, 8, 39, 6, 20, 1, 19, 39, 14, 20, 2, 34, 37, 39, 30, 33, 39, 6, 17, 39, 19, 2, 21, 26, 20, 17, 30, 20, 17, 39, 10, 20, 2, 14, 2, 22, 30, 39]
    PRED: [27, 3, 27, 39, 19, 0, 28, 33, 21, 37, 39, 22, 17, 8, 2, 8, 39, 6, 27, 2, 19, 39, 20, 2, 34, 37, 39, 30, 33, 39, 6, 17, 39, 19, 2, 21, 26, 36, 30, 20, 11, 39, 16, 20, 2, 22, 8, 39]
    Edit distance: 15/54
  Sample 4:
    TRUE: [9, 2, 39, 30, 33, 31, 39, 13, 10, 27, 17, 39, 13, 11, 14, 0, 30, 39, 30, 33, 39, 19, 2, 21, 39, 35, 10, 22, 39, 27, 0, 18, 11, 37, 39, 30, 33, 31, 39, 13, 10, 20, 39, 4, 30, 39]
    PRED: [9, 2, 39, 30, 33, 31, 39, 34, 10, 27, 17, 39, 26, 27, 17, 19, 14, 30, 2, 39, 30, 33, 39, 19, 2, 21, 39, 35, 2, 22, 8, 39, 35, 5, 8, 11, 37, 39, 30, 33, 31, 39, 13, 10, 20, 39, 4, 30, 39]
    Edit distance: 12/46

============================================================
Batch 85500 | Val PER: 0.1747
============================================================
  Sample 0:
    TRUE: [31, 17, 0, 19, 27, 2, 28, 17, 39, 27, 17, 19, 2, 22, 28, 16, 8, 11, 8, 39]
    PRED: [8, 5, 19, 27, 2, 28, 39, 27, 17, 14, 0, 30, 2, 8, 39]
    Edit distance: 11/20
  Sample 1:
    TRUE: [27, 16, 7, 39, 26, 11, 7, 2, 28, 30, 39, 28, 10, 34, 27, 2, 20, 39, 28, 5, 22, 8, 39, 20, 16, 31, 2, 14, 27, 1, 13, 28, 39]
    PRED: [27, 17, 7, 39, 26, 0, 27, 7, 2, 37, 39, 28, 10, 34, 2, 20, 39, 7, 5, 22, 37, 39, 20, 16, 0, 13, 39]
    Edit distance: 14/33
  Sample 2:
    TRUE: [28, 24, 39, 27, 33, 20, 37, 39, 35, 17, 39, 21, 12, 8, 39, 16, 22, 39, 2, 22, 2, 6, 1, 29, 30, 39, 19, 2, 20, 33, 38, 2, 22, 39]
    PRED: [15, 4, 39, 27, 17, 20, 37, 39, 35, 17, 39, 21, 12, 8, 39, 16, 22, 39, 16, 22, 2, 21, 2, 28, 39, 19, 2, 20, 33, 38, 2, 22, 39]
    Edit distance: 8/34
  Sample 3:
    TRUE: [20, 3, 27, 17, 37, 39, 19, 0, 28, 30, 33, 21, 39, 22, 17, 8, 2, 8, 39, 6, 20, 1, 19, 39, 14, 20, 2, 34, 37, 39, 30, 33, 39, 6, 17, 39, 19, 2, 21, 26, 20, 17, 30, 20, 17, 39, 10, 20, 2, 14, 2, 22, 30, 39]
    PRED: [27, 3, 27, 39, 19, 0, 33, 21, 37, 39, 22, 17, 8, 2, 8, 39, 6, 27, 2, 19, 39, 20, 2, 34, 37, 39, 30, 33, 39, 6, 17, 39, 19, 2, 21, 26, 30, 20, 11, 39, 16, 20, 2, 22, 8, 39]
    Edit distance: 16/54
  Sample 4:
    TRUE: [9, 2, 39, 30, 33, 31, 39, 13, 10, 27, 17, 39, 13, 11, 14, 0, 30, 39, 30, 33, 39, 19, 2, 21, 39, 35, 10, 22, 39, 27, 0, 18, 11, 37, 39, 30, 33, 31, 39, 13, 10, 20, 39, 4, 30, 39]
    PRED: [9, 2, 39, 30, 33, 31, 39, 34, 12, 27, 17, 2, 39, 26, 27, 17, 19, 14, 30, 39, 30, 33, 39, 19, 2, 21, 39, 35, 2, 22, 8, 39, 35, 5, 8, 7, 11, 37, 39, 30, 33, 31, 39, 13, 10, 20, 39, 4, 30, 39]
    Edit distance: 14/46

============================================================
Batch 86000 | Val PER: 0.1750
============================================================
  Sample 0:
    TRUE: [31, 17, 0, 19, 27, 2, 28, 17, 39, 27, 17, 19, 2, 22, 28, 16, 8, 11, 8, 39]
    PRED: [8, 5, 19, 27, 2, 28, 39, 27, 17, 14, 0, 22, 8, 30, 2, 8, 39]
    Edit distance: 10/20
  Sample 1:
    TRUE: [27, 16, 7, 39, 26, 11, 7, 2, 28, 30, 39, 28, 10, 34, 27, 2, 20, 39, 28, 5, 22, 8, 39, 20, 16, 31, 2, 14, 27, 1, 13, 28, 39]
    PRED: [27, 17, 7, 39, 26, 0, 27, 7, 2, 37, 39, 28, 10, 34, 2, 20, 39, 7, 5, 22, 37, 39, 20, 16, 0, 13, 39]
    Edit distance: 14/33
  Sample 2:
    TRUE: [28, 24, 39, 27, 33, 20, 37, 39, 35, 17, 39, 21, 12, 8, 39, 16, 22, 39, 2, 22, 2, 6, 1, 29, 30, 39, 19, 2, 20, 33, 38, 2, 22, 39]
    PRED: [15, 4, 39, 27, 17, 20, 37, 39, 35, 17, 39, 21, 12, 8, 39, 16, 22, 39, 16, 22, 2, 21, 2, 28, 39, 19, 2, 20, 33, 38, 2, 22, 39]
    Edit distance: 8/34
  Sample 3:
    TRUE: [20, 3, 27, 17, 37, 39, 19, 0, 28, 30, 33, 21, 39, 22, 17, 8, 2, 8, 39, 6, 20, 1, 19, 39, 14, 20, 2, 34, 37, 39, 30, 33, 39, 6, 17, 39, 19, 2, 21, 26, 20, 17, 30, 20, 17, 39, 10, 20, 2, 14, 2, 22, 30, 39]
    PRED: [27, 3, 27, 39, 19, 0, 33, 21, 37, 39, 22, 17, 8, 2, 8, 39, 6, 20, 1, 19, 39, 20, 16, 34, 37, 39, 30, 33, 39, 6, 17, 39, 19, 2, 21, 26, 36, 30, 20, 11, 39, 16, 20, 2, 22, 8, 39]
    Edit distance: 15/54
  Sample 4:
    TRUE: [9, 2, 39, 30, 33, 31, 39, 13, 10, 27, 17, 39, 13, 11, 14, 0, 30, 39, 30, 33, 39, 19, 2, 21, 39, 35, 10, 22, 39, 27, 0, 18, 11, 37, 39, 30, 33, 31, 39, 13, 10, 20, 39, 4, 30, 39]
    PRED: [9, 2, 39, 30, 33, 31, 39, 34, 10, 27, 17, 2, 39, 26, 27, 17, 19, 14, 30, 22, 39, 30, 33, 39, 19, 2, 21, 39, 35, 2, 22, 8, 39, 35, 5, 8, 7, 11, 37, 39, 30, 33, 31, 39, 13, 10, 20, 39, 4, 30, 39]
    Edit distance: 14/46

============================================================
Batch 86500 | Val PER: 0.1740
============================================================
  Sample 0:
    TRUE: [31, 17, 0, 19, 27, 2, 28, 17, 39, 27, 17, 19, 2, 22, 28, 16, 8, 11, 8, 39]
    PRED: [8, 5, 14, 27, 2, 28, 39, 27, 17, 14, 0, 22, 8, 30, 2, 8, 39]
    Edit distance: 11/20
  Sample 1:
    TRUE: [27, 16, 7, 39, 26, 11, 7, 2, 28, 30, 39, 28, 10, 34, 27, 2, 20, 39, 28, 5, 22, 8, 39, 20, 16, 31, 2, 14, 27, 1, 13, 28, 39]
    PRED: [27, 17, 7, 39, 26, 0, 27, 7, 2, 37, 39, 28, 10, 34, 2, 20, 39, 13, 5, 22, 37, 39, 20, 16, 0, 13, 39]
    Edit distance: 14/33
  Sample 2:
    TRUE: [28, 24, 39, 27, 33, 20, 37, 39, 35, 17, 39, 21, 12, 8, 39, 16, 22, 39, 2, 22, 2, 6, 1, 29, 30, 39, 19, 2, 20, 33, 38, 2, 22, 39]
    PRED: [15, 4, 39, 27, 25, 20, 37, 39, 35, 17, 39, 21, 12, 8, 39, 16, 22, 39, 16, 22, 2, 21, 2, 28, 39, 19, 2, 20, 33, 38, 2, 22, 39]
    Edit distance: 8/34
  Sample 3:
    TRUE: [20, 3, 27, 17, 37, 39, 19, 0, 28, 30, 33, 21, 39, 22, 17, 8, 2, 8, 39, 6, 20, 1, 19, 39, 14, 20, 2, 34, 37, 39, 30, 33, 39, 6, 17, 39, 19, 2, 21, 26, 20, 17, 30, 20, 17, 39, 10, 20, 2, 14, 2, 22, 30, 39]
    PRED: [27, 3, 27, 39, 19, 1, 33, 21, 37, 39, 22, 17, 8, 2, 8, 39, 6, 20, 1, 19, 39, 20, 16, 34, 37, 39, 30, 33, 39, 6, 17, 39, 19, 2, 21, 26, 36, 30, 20, 11, 39, 16, 20, 2, 22, 8, 39]
    Edit distance: 16/54
  Sample 4:
    TRUE: [9, 2, 39, 30, 33, 31, 39, 13, 10, 27, 17, 39, 13, 11, 14, 0, 30, 39, 30, 33, 39, 19, 2, 21, 39, 35, 10, 22, 39, 27, 0, 18, 11, 37, 39, 30, 33, 31, 39, 13, 10, 20, 39, 4, 30, 39]
    PRED: [9, 2, 39, 30, 33, 31, 39, 34, 10, 27, 17, 2, 39, 26, 27, 17, 19, 14, 30, 22, 39, 30, 33, 39, 19, 2, 21, 39, 35, 2, 22, 8, 39, 35, 5, 8, 7, 11, 37, 39, 33, 31, 39, 13, 10, 20, 39, 4, 30, 39]
    Edit distance: 15/46

============================================================
Batch 87000 | Val PER: 0.1732
============================================================
  Sample 0:
    TRUE: [31, 17, 0, 19, 27, 2, 28, 17, 39, 27, 17, 19, 2, 22, 28, 16, 8, 11, 8, 39]
    PRED: [8, 5, 14, 27, 2, 28, 39, 27, 17, 14, 0, 22, 8, 30, 2, 8, 39]
    Edit distance: 11/20
  Sample 1:
    TRUE: [27, 16, 7, 39, 26, 11, 7, 2, 28, 30, 39, 28, 10, 34, 27, 2, 20, 39, 28, 5, 22, 8, 39, 20, 16, 31, 2, 14, 27, 1, 13, 28, 39]
    PRED: [27, 17, 19, 39, 26, 0, 27, 7, 2, 37, 39, 28, 10, 34, 2, 20, 39, 13, 5, 22, 37, 39, 20, 16, 0, 13, 39]
    Edit distance: 15/33
  Sample 2:
    TRUE: [28, 24, 39, 27, 33, 20, 37, 39, 35, 17, 39, 21, 12, 8, 39, 16, 22, 39, 2, 22, 2, 6, 1, 29, 30, 39, 19, 2, 20, 33, 38, 2, 22, 39]
    PRED: [15, 4, 39, 27, 25, 20, 37, 39, 35, 17, 39, 21, 12, 8, 39, 16, 22, 39, 16, 22, 2, 21, 2, 28, 39, 19, 2, 20, 33, 38, 2, 22, 39]
    Edit distance: 8/34
  Sample 3:
    TRUE: [20, 3, 27, 17, 37, 39, 19, 0, 28, 30, 33, 21, 39, 22, 17, 8, 2, 8, 39, 6, 20, 1, 19, 39, 14, 20, 2, 34, 37, 39, 30, 33, 39, 6, 17, 39, 19, 2, 21, 26, 20, 17, 30, 20, 17, 39, 10, 20, 2, 14, 2, 22, 30, 39]
    PRED: [27, 3, 27, 39, 19, 0, 33, 21, 37, 39, 22, 17, 8, 2, 8, 39, 6, 27, 1, 19, 39, 20, 16, 34, 37, 39, 30, 33, 39, 6, 17, 39, 19, 2, 21, 26, 36, 30, 20, 11, 39, 16, 20, 2, 22, 8, 39]
    Edit distance: 16/54
  Sample 4:
    TRUE: [9, 2, 39, 30, 33, 31, 39, 13, 10, 27, 17, 39, 13, 11, 14, 0, 30, 39, 30, 33, 39, 19, 2, 21, 39, 35, 10, 22, 39, 27, 0, 18, 11, 37, 39, 30, 33, 31, 39, 13, 10, 20, 39, 4, 30, 39]
    PRED: [9, 2, 39, 30, 33, 31, 39, 34, 10, 27, 17, 2, 39, 26, 27, 17, 19, 14, 30, 22, 39, 30, 33, 39, 19, 2, 21, 39, 35, 2, 22, 8, 39, 35, 5, 8, 11, 37, 39, 30, 33, 31, 39, 13, 10, 20, 39, 4, 30, 39]
    Edit distance: 13/46

============================================================
Batch 87500 | Val PER: 0.1741
============================================================
  Sample 0:
    TRUE: [31, 17, 0, 19, 27, 2, 28, 17, 39, 27, 17, 19, 2, 22, 28, 16, 8, 11, 8, 39]
    PRED: [8, 5, 19, 14, 27, 2, 28, 39, 27, 17, 14, 0, 22, 8, 30, 2, 8, 39]
    Edit distance: 11/20
  Sample 1:
    TRUE: [27, 16, 7, 39, 26, 11, 7, 2, 28, 30, 39, 28, 10, 34, 27, 2, 20, 39, 28, 5, 22, 8, 39, 20, 16, 31, 2, 14, 27, 1, 13, 28, 39]
    PRED: [27, 17, 7, 39, 26, 0, 27, 7, 2, 37, 39, 28, 10, 34, 2, 20, 39, 13, 5, 22, 37, 39, 20, 16, 27, 0, 13, 39]
    Edit distance: 13/33
  Sample 2:
    TRUE: [28, 24, 39, 27, 33, 20, 37, 39, 35, 17, 39, 21, 12, 8, 39, 16, 22, 39, 2, 22, 2, 6, 1, 29, 30, 39, 19, 2, 20, 33, 38, 2, 22, 39]
    PRED: [15, 4, 39, 27, 17, 20, 37, 39, 35, 17, 39, 21, 12, 8, 39, 16, 22, 39, 16, 22, 2, 21, 2, 28, 39, 19, 2, 20, 33, 38, 2, 22, 39]
    Edit distance: 8/34
  Sample 3:
    TRUE: [20, 3, 27, 17, 37, 39, 19, 0, 28, 30, 33, 21, 39, 22, 17, 8, 2, 8, 39, 6, 20, 1, 19, 39, 14, 20, 2, 34, 37, 39, 30, 33, 39, 6, 17, 39, 19, 2, 21, 26, 20, 17, 30, 20, 17, 39, 10, 20, 2, 14, 2, 22, 30, 39]
    PRED: [27, 3, 27, 39, 19, 0, 33, 21, 37, 39, 22, 17, 8, 2, 8, 39, 6, 27, 1, 19, 39, 20, 16, 34, 37, 39, 30, 33, 39, 6, 17, 39, 19, 2, 21, 26, 36, 30, 20, 11, 39, 16, 20, 2, 22, 8, 39]
    Edit distance: 16/54
  Sample 4:
    TRUE: [9, 2, 39, 30, 33, 31, 39, 13, 10, 27, 17, 39, 13, 11, 14, 0, 30, 39, 30, 33, 39, 19, 2, 21, 39, 35, 10, 22, 39, 27, 0, 18, 11, 37, 39, 30, 33, 31, 39, 13, 10, 20, 39, 4, 30, 39]
    PRED: [9, 2, 39, 30, 33, 31, 39, 34, 10, 27, 17, 2, 39, 26, 27, 17, 19, 14, 30, 22, 39, 30, 33, 39, 19, 2, 21, 39, 35, 2, 22, 8, 39, 35, 5, 8, 11, 37, 39, 30, 33, 31, 39, 13, 10, 20, 39, 4, 30, 39]
    Edit distance: 13/46

============================================================
Batch 88000 | Val PER: 0.1743
============================================================
  Sample 0:
    TRUE: [31, 17, 0, 19, 27, 2, 28, 17, 39, 27, 17, 19, 2, 22, 28, 16, 8, 11, 8, 39]
    PRED: [8, 16, 19, 27, 2, 28, 39, 27, 17, 14, 0, 22, 30, 2, 8, 39]
    Edit distance: 10/20
  Sample 1:
    TRUE: [27, 16, 7, 39, 26, 11, 7, 2, 28, 30, 39, 28, 10, 34, 27, 2, 20, 39, 28, 5, 22, 8, 39, 20, 16, 31, 2, 14, 27, 1, 13, 28, 39]
    PRED: [27, 17, 7, 39, 26, 0, 27, 7, 2, 37, 39, 28, 10, 34, 2, 20, 39, 13, 5, 22, 37, 39, 20, 16, 0, 13, 39]
    Edit distance: 14/33
  Sample 2:
    TRUE: [28, 24, 39, 27, 33, 20, 37, 39, 35, 17, 39, 21, 12, 8, 39, 16, 22, 39, 2, 22, 2, 6, 1, 29, 30, 39, 19, 2, 20, 33, 38, 2, 22, 39]
    PRED: [15, 4, 39, 27, 25, 20, 37, 39, 35, 17, 39, 21, 12, 8, 39, 16, 22, 39, 16, 22, 2, 21, 2, 28, 39, 19, 2, 20, 33, 38, 2, 22, 39]
    Edit distance: 8/34
  Sample 3:
    TRUE: [20, 3, 27, 17, 37, 39, 19, 0, 28, 30, 33, 21, 39, 22, 17, 8, 2, 8, 39, 6, 20, 1, 19, 39, 14, 20, 2, 34, 37, 39, 30, 33, 39, 6, 17, 39, 19, 2, 21, 26, 20, 17, 30, 20, 17, 39, 10, 20, 2, 14, 2, 22, 30, 39]
    PRED: [27, 3, 27, 39, 19, 0, 33, 21, 37, 39, 22, 17, 8, 2, 8, 39, 6, 27, 1, 19, 39, 20, 16, 34, 37, 39, 30, 33, 39, 6, 17, 39, 19, 2, 21, 26, 33, 30, 20, 11, 39, 10, 20, 2, 22, 8, 39]
    Edit distance: 15/54
  Sample 4:
    TRUE: [9, 2, 39, 30, 33, 31, 39, 13, 10, 27, 17, 39, 13, 11, 14, 0, 30, 39, 30, 33, 39, 19, 2, 21, 39, 35, 10, 22, 39, 27, 0, 18, 11, 37, 39, 30, 33, 31, 39, 13, 10, 20, 39, 4, 30, 39]
    PRED: [9, 2, 39, 30, 33, 31, 39, 34, 10, 27, 17, 2, 39, 26, 27, 17, 19, 14, 30, 39, 30, 33, 39, 19, 2, 21, 39, 35, 2, 22, 8, 39, 35, 5, 8, 11, 37, 39, 30, 33, 31, 39, 13, 10, 20, 39, 4, 30, 39]
    Edit distance: 12/46

============================================================
Batch 88500 | Val PER: 0.1734
============================================================
  Sample 0:
    TRUE: [31, 17, 0, 19, 27, 2, 28, 17, 39, 27, 17, 19, 2, 22, 28, 16, 8, 11, 8, 39]
    PRED: [8, 16, 19, 27, 2, 28, 39, 17, 14, 0, 22, 30, 2, 8, 39]
    Edit distance: 11/20
  Sample 1:
    TRUE: [27, 16, 7, 39, 26, 11, 7, 2, 28, 30, 39, 28, 10, 34, 27, 2, 20, 39, 28, 5, 22, 8, 39, 20, 16, 31, 2, 14, 27, 1, 13, 28, 39]
    PRED: [27, 17, 7, 39, 26, 0, 27, 7, 2, 37, 39, 28, 10, 34, 2, 20, 39, 13, 5, 22, 37, 39, 20, 16, 27, 0, 13, 39]
    Edit distance: 13/33
  Sample 2:
    TRUE: [28, 24, 39, 27, 33, 20, 37, 39, 35, 17, 39, 21, 12, 8, 39, 16, 22, 39, 2, 22, 2, 6, 1, 29, 30, 39, 19, 2, 20, 33, 38, 2, 22, 39]
    PRED: [15, 4, 39, 27, 25, 20, 37, 39, 35, 17, 39, 21, 12, 8, 39, 16, 22, 39, 16, 22, 2, 21, 2, 28, 39, 19, 2, 20, 33, 38, 2, 22, 39]
    Edit distance: 8/34
  Sample 3:
    TRUE: [20, 3, 27, 17, 37, 39, 19, 0, 28, 30, 33, 21, 39, 22, 17, 8, 2, 8, 39, 6, 20, 1, 19, 39, 14, 20, 2, 34, 37, 39, 30, 33, 39, 6, 17, 39, 19, 2, 21, 26, 20, 17, 30, 20, 17, 39, 10, 20, 2, 14, 2, 22, 30, 39]
    PRED: [27, 3, 27, 39, 19, 0, 28, 33, 21, 37, 39, 22, 17, 8, 2, 8, 39, 6, 27, 1, 19, 39, 20, 16, 34, 37, 39, 30, 33, 39, 6, 17, 39, 19, 2, 21, 26, 33, 30, 20, 11, 39, 10, 20, 2, 22, 8, 39]
    Edit distance: 14/54
  Sample 4:
    TRUE: [9, 2, 39, 30, 33, 31, 39, 13, 10, 27, 17, 39, 13, 11, 14, 0, 30, 39, 30, 33, 39, 19, 2, 21, 39, 35, 10, 22, 39, 27, 0, 18, 11, 37, 39, 30, 33, 31, 39, 13, 10, 20, 39, 4, 30, 39]
    PRED: [9, 2, 39, 30, 33, 31, 39, 34, 10, 27, 17, 2, 39, 26, 27, 17, 19, 14, 30, 22, 39, 30, 33, 39, 19, 2, 21, 39, 35, 2, 22, 8, 39, 35, 5, 8, 11, 37, 39, 30, 33, 31, 39, 13, 10, 20, 39, 4, 30, 39]
    Edit distance: 13/46

============================================================
Batch 89000 | Val PER: 0.1742
============================================================
  Sample 0:
    TRUE: [31, 17, 0, 19, 27, 2, 28, 17, 39, 27, 17, 19, 2, 22, 28, 16, 8, 11, 8, 39]
    PRED: [8, 5, 19, 14, 27, 2, 28, 39, 27, 17, 14, 0, 22, 30, 2, 8, 39]
    Edit distance: 11/20
  Sample 1:
    TRUE: [27, 16, 7, 39, 26, 11, 7, 2, 28, 30, 39, 28, 10, 34, 27, 2, 20, 39, 28, 5, 22, 8, 39, 20, 16, 31, 2, 14, 27, 1, 13, 28, 39]
    PRED: [27, 17, 7, 39, 26, 0, 27, 7, 2, 37, 39, 28, 10, 34, 2, 20, 39, 5, 22, 37, 39, 20, 16, 0, 13, 39]
    Edit distance: 14/33
  Sample 2:
    TRUE: [28, 24, 39, 27, 33, 20, 37, 39, 35, 17, 39, 21, 12, 8, 39, 16, 22, 39, 2, 22, 2, 6, 1, 29, 30, 39, 19, 2, 20, 33, 38, 2, 22, 39]
    PRED: [15, 4, 39, 27, 17, 20, 37, 39, 35, 17, 39, 21, 12, 8, 39, 16, 22, 39, 16, 22, 2, 21, 2, 28, 39, 19, 2, 20, 33, 38, 2, 22, 39]
    Edit distance: 8/34
  Sample 3:
    TRUE: [20, 3, 27, 17, 37, 39, 19, 0, 28, 30, 33, 21, 39, 22, 17, 8, 2, 8, 39, 6, 20, 1, 19, 39, 14, 20, 2, 34, 37, 39, 30, 33, 39, 6, 17, 39, 19, 2, 21, 26, 20, 17, 30, 20, 17, 39, 10, 20, 2, 14, 2, 22, 30, 39]
    PRED: [27, 3, 27, 39, 19, 1, 33, 21, 37, 39, 22, 17, 8, 2, 8, 39, 6, 27, 2, 19, 39, 20, 16, 34, 37, 39, 30, 33, 39, 6, 17, 39, 19, 2, 21, 26, 33, 30, 20, 11, 39, 10, 20, 2, 22, 8, 39]
    Edit distance: 17/54
  Sample 4:
    TRUE: [9, 2, 39, 30, 33, 31, 39, 13, 10, 27, 17, 39, 13, 11, 14, 0, 30, 39, 30, 33, 39, 19, 2, 21, 39, 35, 10, 22, 39, 27, 0, 18, 11, 37, 39, 30, 33, 31, 39, 13, 10, 20, 39, 4, 30, 39]
    PRED: [9, 2, 39, 30, 33, 31, 39, 34, 10, 27, 17, 2, 39, 26, 27, 17, 19, 14, 30, 22, 39, 30, 33, 39, 19, 2, 21, 39, 35, 2, 22, 8, 39, 35, 5, 8, 7, 11, 37, 39, 30, 33, 31, 39, 13, 10, 20, 39, 4, 30, 39]
    Edit distance: 14/46

============================================================
Batch 89500 | Val PER: 0.1723
============================================================
  Sample 0:
    TRUE: [31, 17, 0, 19, 27, 2, 28, 17, 39, 27, 17, 19, 2, 22, 28, 16, 8, 11, 8, 39]
    PRED: [8, 16, 19, 27, 2, 28, 39, 17, 14, 0, 22, 30, 2, 8, 39]
    Edit distance: 11/20
  Sample 1:
    TRUE: [27, 16, 7, 39, 26, 11, 7, 2, 28, 30, 39, 28, 10, 34, 27, 2, 20, 39, 28, 5, 22, 8, 39, 20, 16, 31, 2, 14, 27, 1, 13, 28, 39]
    PRED: [27, 17, 7, 39, 26, 0, 27, 7, 2, 37, 39, 28, 10, 34, 2, 20, 39, 13, 5, 22, 37, 39, 20, 16, 9, 0, 13, 39]
    Edit distance: 14/33
  Sample 2:
    TRUE: [28, 24, 39, 27, 33, 20, 37, 39, 35, 17, 39, 21, 12, 8, 39, 16, 22, 39, 2, 22, 2, 6, 1, 29, 30, 39, 19, 2, 20, 33, 38, 2, 22, 39]
    PRED: [15, 4, 39, 27, 17, 20, 37, 39, 35, 17, 39, 21, 12, 8, 39, 16, 22, 39, 16, 22, 2, 21, 2, 28, 39, 19, 2, 20, 33, 38, 2, 22, 39]
    Edit distance: 8/34
  Sample 3:
    TRUE: [20, 3, 27, 17, 37, 39, 19, 0, 28, 30, 33, 21, 39, 22, 17, 8, 2, 8, 39, 6, 20, 1, 19, 39, 14, 20, 2, 34, 37, 39, 30, 33, 39, 6, 17, 39, 19, 2, 21, 26, 20, 17, 30, 20, 17, 39, 10, 20, 2, 14, 2, 22, 30, 39]
    PRED: [27, 3, 27, 39, 19, 0, 28, 33, 21, 37, 39, 22, 17, 8, 2, 8, 39, 6, 27, 1, 19, 39, 20, 16, 34, 37, 39, 30, 33, 39, 6, 17, 39, 19, 2, 21, 26, 33, 30, 20, 11, 39, 10, 20, 2, 22, 8, 39]
    Edit distance: 14/54
  Sample 4:
    TRUE: [9, 2, 39, 30, 33, 31, 39, 13, 10, 27, 17, 39, 13, 11, 14, 0, 30, 39, 30, 33, 39, 19, 2, 21, 39, 35, 10, 22, 39, 27, 0, 18, 11, 37, 39, 30, 33, 31, 39, 13, 10, 20, 39, 4, 30, 39]
    PRED: [9, 2, 39, 30, 33, 31, 39, 34, 10, 27, 17, 2, 39, 26, 27, 17, 19, 14, 30, 22, 39, 30, 33, 39, 19, 2, 21, 39, 35, 2, 22, 8, 39, 35, 5, 8, 11, 37, 39, 30, 33, 31, 39, 13, 17, 20, 39, 4, 30, 39]
    Edit distance: 14/46

============================================================
Batch 90000 | Val PER: 0.1730
============================================================
  Sample 0:
    TRUE: [31, 17, 0, 19, 27, 2, 28, 17, 39, 27, 17, 19, 2, 22, 28, 16, 8, 11, 8, 39]
    PRED: [8, 16, 14, 27, 2, 28, 39, 27, 17, 14, 0, 22, 8, 30, 2, 8, 39]
    Edit distance: 11/20
  Sample 1:
    TRUE: [27, 16, 7, 39, 26, 11, 7, 2, 28, 30, 39, 28, 10, 34, 27, 2, 20, 39, 28, 5, 22, 8, 39, 20, 16, 31, 2, 14, 27, 1, 13, 28, 39]
    PRED: [27, 12, 7, 39, 26, 0, 27, 7, 2, 37, 39, 28, 10, 34, 2, 20, 39, 13, 5, 22, 37, 39, 20, 16, 9, 0, 13, 39]
    Edit distance: 14/33
  Sample 2:
    TRUE: [28, 24, 39, 27, 33, 20, 37, 39, 35, 17, 39, 21, 12, 8, 39, 16, 22, 39, 2, 22, 2, 6, 1, 29, 30, 39, 19, 2, 20, 33, 38, 2, 22, 39]
    PRED: [15, 2, 39, 27, 17, 20, 37, 39, 35, 17, 39, 21, 12, 8, 39, 16, 22, 39, 16, 22, 2, 34, 21, 2, 28, 39, 19, 2, 20, 33, 38, 2, 22, 39]
    Edit distance: 8/34
  Sample 3:
    TRUE: [20, 3, 27, 17, 37, 39, 19, 0, 28, 30, 33, 21, 39, 22, 17, 8, 2, 8, 39, 6, 20, 1, 19, 39, 14, 20, 2, 34, 37, 39, 30, 33, 39, 6, 17, 39, 19, 2, 21, 26, 20, 17, 30, 20, 17, 39, 10, 20, 2, 14, 2, 22, 30, 39]
    PRED: [27, 3, 27, 39, 19, 0, 28, 33, 21, 37, 39, 22, 17, 8, 39, 6, 27, 1, 19, 39, 20, 16, 34, 37, 39, 30, 33, 39, 6, 17, 39, 19, 2, 21, 26, 33, 30, 20, 11, 39, 16, 20, 2, 22, 8, 39]
    Edit distance: 17/54
  Sample 4:
    TRUE: [9, 2, 39, 30, 33, 31, 39, 13, 10, 27, 17, 39, 13, 11, 14, 0, 30, 39, 30, 33, 39, 19, 2, 21, 39, 35, 10, 22, 39, 27, 0, 18, 11, 37, 39, 30, 33, 31, 39, 13, 10, 20, 39, 4, 30, 39]
    PRED: [9, 2, 39, 30, 33, 31, 39, 34, 10, 27, 17, 2, 39, 26, 27, 17, 19, 14, 30, 22, 39, 30, 33, 39, 19, 2, 21, 39, 35, 2, 22, 8, 39, 35, 5, 8, 11, 37, 39, 30, 33, 31, 39, 13, 17, 20, 39, 4, 30, 39]
    Edit distance: 14/46

============================================================
Batch 90500 | Val PER: 0.1734
============================================================
  Sample 0:
    TRUE: [31, 17, 0, 19, 27, 2, 28, 17, 39, 27, 17, 19, 2, 22, 28, 16, 8, 11, 8, 39]
    PRED: [8, 16, 19, 27, 2, 28, 39, 27, 17, 14, 0, 22, 30, 2, 8, 39]
    Edit distance: 10/20
  Sample 1:
    TRUE: [27, 16, 7, 39, 26, 11, 7, 2, 28, 30, 39, 28, 10, 34, 27, 2, 20, 39, 28, 5, 22, 8, 39, 20, 16, 31, 2, 14, 27, 1, 13, 28, 39]
    PRED: [27, 12, 19, 39, 26, 0, 27, 7, 2, 37, 39, 28, 10, 34, 2, 20, 39, 13, 5, 22, 37, 39, 20, 16, 0, 13, 39]
    Edit distance: 15/33
  Sample 2:
    TRUE: [28, 24, 39, 27, 33, 20, 37, 39, 35, 17, 39, 21, 12, 8, 39, 16, 22, 39, 2, 22, 2, 6, 1, 29, 30, 39, 19, 2, 20, 33, 38, 2, 22, 39]
    PRED: [15, 4, 39, 27, 17, 20, 37, 39, 35, 17, 39, 21, 12, 8, 39, 16, 22, 39, 16, 22, 2, 21, 2, 28, 39, 19, 2, 20, 33, 38, 2, 22, 39]
    Edit distance: 8/34
  Sample 3:
    TRUE: [20, 3, 27, 17, 37, 39, 19, 0, 28, 30, 33, 21, 39, 22, 17, 8, 2, 8, 39, 6, 20, 1, 19, 39, 14, 20, 2, 34, 37, 39, 30, 33, 39, 6, 17, 39, 19, 2, 21, 26, 20, 17, 30, 20, 17, 39, 10, 20, 2, 14, 2, 22, 30, 39]
    PRED: [27, 3, 27, 39, 19, 1, 28, 33, 21, 37, 39, 22, 17, 8, 2, 8, 39, 6, 27, 1, 19, 39, 20, 2, 34, 37, 39, 30, 33, 39, 6, 17, 39, 19, 2, 21, 26, 33, 30, 20, 11, 39, 16, 20, 2, 22, 8, 39]
    Edit distance: 15/54
  Sample 4:
    TRUE: [9, 2, 39, 30, 33, 31, 39, 13, 10, 27, 17, 39, 13, 11, 14, 0, 30, 39, 30, 33, 39, 19, 2, 21, 39, 35, 10, 22, 39, 27, 0, 18, 11, 37, 39, 30, 33, 31, 39, 13, 10, 20, 39, 4, 30, 39]
    PRED: [9, 2, 39, 30, 33, 31, 39, 34, 10, 27, 17, 2, 39, 26, 27, 17, 19, 19, 30, 39, 30, 33, 39, 19, 2, 21, 39, 35, 2, 22, 8, 39, 35, 5, 8, 11, 37, 39, 30, 33, 31, 39, 13, 17, 20, 39, 4, 30, 39]
    Edit distance: 13/46

============================================================
Batch 91000 | Val PER: 0.1727
============================================================
  Sample 0:
    TRUE: [31, 17, 0, 19, 27, 2, 28, 17, 39, 27, 17, 19, 2, 22, 28, 16, 8, 11, 8, 39]
    PRED: [8, 5, 19, 27, 2, 28, 39, 27, 17, 14, 0, 22, 30, 2, 8, 39]
    Edit distance: 10/20
  Sample 1:
    TRUE: [27, 16, 7, 39, 26, 11, 7, 2, 28, 30, 39, 28, 10, 34, 27, 2, 20, 39, 28, 5, 22, 8, 39, 20, 16, 31, 2, 14, 27, 1, 13, 28, 39]
    PRED: [27, 12, 39, 26, 0, 27, 7, 2, 37, 39, 28, 10, 34, 2, 20, 39, 13, 5, 22, 37, 39, 20, 16, 0, 13, 39]
    Edit distance: 15/33
  Sample 2:
    TRUE: [28, 24, 39, 27, 33, 20, 37, 39, 35, 17, 39, 21, 12, 8, 39, 16, 22, 39, 2, 22, 2, 6, 1, 29, 30, 39, 19, 2, 20, 33, 38, 2, 22, 39]
    PRED: [15, 4, 39, 27, 17, 20, 37, 39, 35, 17, 39, 21, 12, 8, 39, 16, 22, 39, 16, 22, 2, 21, 2, 28, 39, 19, 2, 20, 33, 38, 2, 22, 39]
    Edit distance: 8/34
  Sample 3:
    TRUE: [20, 3, 27, 17, 37, 39, 19, 0, 28, 30, 33, 21, 39, 22, 17, 8, 2, 8, 39, 6, 20, 1, 19, 39, 14, 20, 2, 34, 37, 39, 30, 33, 39, 6, 17, 39, 19, 2, 21, 26, 20, 17, 30, 20, 17, 39, 10, 20, 2, 14, 2, 22, 30, 39]
    PRED: [27, 3, 27, 39, 19, 0, 28, 33, 21, 37, 39, 22, 17, 8, 2, 8, 39, 6, 27, 1, 19, 39, 20, 16, 34, 37, 39, 30, 33, 39, 6, 17, 39, 19, 2, 21, 26, 33, 30, 11, 39, 16, 20, 2, 22, 8, 39]
    Edit distance: 16/54
  Sample 4:
    TRUE: [9, 2, 39, 30, 33, 31, 39, 13, 10, 27, 17, 39, 13, 11, 14, 0, 30, 39, 30, 33, 39, 19, 2, 21, 39, 35, 10, 22, 39, 27, 0, 18, 11, 37, 39, 30, 33, 31, 39, 13, 10, 20, 39, 4, 30, 39]
    PRED: [9, 2, 39, 30, 33, 31, 39, 34, 10, 27, 17, 2, 39, 26, 27, 17, 19, 14, 30, 22, 39, 30, 33, 39, 19, 2, 21, 39, 35, 2, 22, 8, 39, 35, 5, 8, 11, 37, 39, 30, 33, 31, 39, 13, 10, 20, 39, 4, 30, 39]
    Edit distance: 13/46

============================================================
Batch 91500 | Val PER: 0.1738
============================================================
  Sample 0:
    TRUE: [31, 17, 0, 19, 27, 2, 28, 17, 39, 27, 17, 19, 2, 22, 28, 16, 8, 11, 8, 39]
    PRED: [8, 16, 27, 19, 27, 2, 28, 39, 17, 14, 0, 22, 30, 2, 8, 39]
    Edit distance: 11/20
  Sample 1:
    TRUE: [27, 16, 7, 39, 26, 11, 7, 2, 28, 30, 39, 28, 10, 34, 27, 2, 20, 39, 28, 5, 22, 8, 39, 20, 16, 31, 2, 14, 27, 1, 13, 28, 39]
    PRED: [27, 17, 39, 26, 0, 27, 7, 2, 37, 39, 28, 10, 34, 2, 20, 39, 13, 5, 22, 37, 39, 20, 16, 9, 27, 0, 13, 39]
    Edit distance: 14/33
  Sample 2:
    TRUE: [28, 24, 39, 27, 33, 20, 37, 39, 35, 17, 39, 21, 12, 8, 39, 16, 22, 39, 2, 22, 2, 6, 1, 29, 30, 39, 19, 2, 20, 33, 38, 2, 22, 39]
    PRED: [15, 4, 39, 27, 17, 20, 37, 39, 35, 17, 39, 21, 12, 8, 39, 16, 22, 39, 16, 22, 2, 21, 2, 28, 39, 19, 2, 20, 33, 38, 2, 22, 39]
    Edit distance: 8/34
  Sample 3:
    TRUE: [20, 3, 27, 17, 37, 39, 19, 0, 28, 30, 33, 21, 39, 22, 17, 8, 2, 8, 39, 6, 20, 1, 19, 39, 14, 20, 2, 34, 37, 39, 30, 33, 39, 6, 17, 39, 19, 2, 21, 26, 20, 17, 30, 20, 17, 39, 10, 20, 2, 14, 2, 22, 30, 39]
    PRED: [27, 3, 27, 39, 19, 1, 28, 33, 21, 37, 39, 22, 17, 8, 2, 8, 39, 6, 27, 1, 19, 39, 20, 16, 34, 37, 39, 30, 33, 39, 6, 17, 39, 19, 2, 21, 26, 33, 30, 20, 11, 39, 16, 20, 2, 22, 8, 39]
    Edit distance: 16/54
  Sample 4:
    TRUE: [9, 2, 39, 30, 33, 31, 39, 13, 10, 27, 17, 39, 13, 11, 14, 0, 30, 39, 30, 33, 39, 19, 2, 21, 39, 35, 10, 22, 39, 27, 0, 18, 11, 37, 39, 30, 33, 31, 39, 13, 10, 20, 39, 4, 30, 39]
    PRED: [9, 2, 39, 30, 33, 31, 39, 34, 10, 27, 17, 39, 26, 27, 17, 19, 19, 30, 22, 39, 30, 33, 39, 19, 2, 21, 39, 35, 2, 22, 8, 39, 35, 5, 8, 11, 37, 39, 30, 33, 31, 39, 13, 10, 20, 39, 4, 30, 39]
    Edit distance: 12/46

============================================================
Batch 92000 | Val PER: 0.1726
============================================================
  Sample 0:
    TRUE: [31, 17, 0, 19, 27, 2, 28, 17, 39, 27, 17, 19, 2, 22, 28, 16, 8, 11, 8, 39]
    PRED: [8, 16, 19, 27, 2, 28, 39, 27, 17, 14, 0, 22, 8, 30, 2, 8, 39]
    Edit distance: 10/20
  Sample 1:
    TRUE: [27, 16, 7, 39, 26, 11, 7, 2, 28, 30, 39, 28, 10, 34, 27, 2, 20, 39, 28, 5, 22, 8, 39, 20, 16, 31, 2, 14, 27, 1, 13, 28, 39]
    PRED: [27, 17, 19, 39, 26, 0, 27, 7, 2, 39, 28, 10, 34, 2, 20, 39, 13, 5, 22, 37, 39, 20, 16, 9, 27, 0, 13, 39]
    Edit distance: 14/33
  Sample 2:
    TRUE: [28, 24, 39, 27, 33, 20, 37, 39, 35, 17, 39, 21, 12, 8, 39, 16, 22, 39, 2, 22, 2, 6, 1, 29, 30, 39, 19, 2, 20, 33, 38, 2, 22, 39]
    PRED: [15, 4, 39, 27, 17, 20, 37, 39, 35, 17, 39, 21, 12, 8, 39, 16, 22, 39, 16, 22, 2, 21, 2, 28, 39, 19, 2, 20, 33, 38, 2, 22, 39]
    Edit distance: 8/34
  Sample 3:
    TRUE: [20, 3, 27, 17, 37, 39, 19, 0, 28, 30, 33, 21, 39, 22, 17, 8, 2, 8, 39, 6, 20, 1, 19, 39, 14, 20, 2, 34, 37, 39, 30, 33, 39, 6, 17, 39, 19, 2, 21, 26, 20, 17, 30, 20, 17, 39, 10, 20, 2, 14, 2, 22, 30, 39]
    PRED: [27, 3, 27, 39, 19, 0, 28, 33, 21, 37, 39, 22, 17, 8, 39, 6, 27, 1, 19, 39, 20, 16, 34, 37, 39, 30, 33, 39, 6, 17, 39, 19, 2, 21, 26, 33, 30, 20, 11, 39, 16, 20, 2, 22, 8, 39]
    Edit distance: 17/54
  Sample 4:
    TRUE: [9, 2, 39, 30, 33, 31, 39, 13, 10, 27, 17, 39, 13, 11, 14, 0, 30, 39, 30, 33, 39, 19, 2, 21, 39, 35, 10, 22, 39, 27, 0, 18, 11, 37, 39, 30, 33, 31, 39, 13, 10, 20, 39, 4, 30, 39]
    PRED: [9, 2, 39, 30, 33, 31, 39, 34, 10, 27, 17, 39, 26, 27, 17, 19, 30, 22, 39, 30, 33, 39, 19, 2, 21, 39, 35, 2, 22, 8, 39, 35, 5, 8, 11, 37, 39, 36, 33, 31, 39, 13, 10, 20, 39, 4, 30, 39]
    Edit distance: 12/46

============================================================
Batch 92500 | Val PER: 0.1740
============================================================
  Sample 0:
    TRUE: [31, 17, 0, 19, 27, 2, 28, 17, 39, 27, 17, 19, 2, 22, 28, 16, 8, 11, 8, 39]
    PRED: [8, 5, 27, 19, 27, 2, 28, 39, 17, 14, 0, 22, 8, 30, 2, 8, 39]
    Edit distance: 11/20
  Sample 1:
    TRUE: [27, 16, 7, 39, 26, 11, 7, 2, 28, 30, 39, 28, 10, 34, 27, 2, 20, 39, 28, 5, 22, 8, 39, 20, 16, 31, 2, 14, 27, 1, 13, 28, 39]
    PRED: [27, 17, 12, 7, 39, 26, 0, 27, 7, 2, 39, 28, 10, 34, 2, 20, 39, 13, 5, 22, 37, 39, 20, 16, 34, 9, 27, 0, 13, 39]
    Edit distance: 14/33
  Sample 2:
    TRUE: [28, 24, 39, 27, 33, 20, 37, 39, 35, 17, 39, 21, 12, 8, 39, 16, 22, 39, 2, 22, 2, 6, 1, 29, 30, 39, 19, 2, 20, 33, 38, 2, 22, 39]
    PRED: [15, 2, 39, 27, 17, 20, 37, 39, 35, 17, 39, 21, 12, 8, 39, 16, 22, 39, 16, 22, 2, 21, 2, 28, 39, 19, 2, 20, 33, 38, 2, 22, 39]
    Edit distance: 8/34
  Sample 3:
    TRUE: [20, 3, 27, 17, 37, 39, 19, 0, 28, 30, 33, 21, 39, 22, 17, 8, 2, 8, 39, 6, 20, 1, 19, 39, 14, 20, 2, 34, 37, 39, 30, 33, 39, 6, 17, 39, 19, 2, 21, 26, 20, 17, 30, 20, 17, 39, 10, 20, 2, 14, 2, 22, 30, 39]
    PRED: [27, 3, 27, 39, 19, 0, 28, 33, 21, 37, 39, 22, 17, 8, 39, 6, 27, 1, 19, 39, 20, 2, 34, 37, 39, 30, 33, 39, 6, 17, 39, 19, 2, 21, 26, 33, 30, 20, 11, 39, 16, 20, 2, 22, 8, 39]
    Edit distance: 16/54
  Sample 4:
    TRUE: [9, 2, 39, 30, 33, 31, 39, 13, 10, 27, 17, 39, 13, 11, 14, 0, 30, 39, 30, 33, 39, 19, 2, 21, 39, 35, 10, 22, 39, 27, 0, 18, 11, 37, 39, 30, 33, 31, 39, 13, 10, 20, 39, 4, 30, 39]
    PRED: [9, 2, 39, 30, 33, 31, 39, 34, 10, 27, 17, 2, 39, 26, 27, 17, 19, 14, 2, 22, 39, 30, 33, 39, 19, 2, 21, 39, 35, 2, 22, 39, 35, 5, 8, 11, 37, 39, 30, 33, 31, 39, 13, 10, 20, 39, 4, 30, 39]
    Edit distance: 12/46

============================================================
Batch 93000 | Val PER: 0.1737
============================================================
  Sample 0:
    TRUE: [31, 17, 0, 19, 27, 2, 28, 17, 39, 27, 17, 19, 2, 22, 28, 16, 8, 11, 8, 39]
    PRED: [8, 10, 19, 27, 2, 28, 39, 27, 17, 14, 0, 22, 30, 2, 8, 39]
    Edit distance: 10/20
  Sample 1:
    TRUE: [27, 16, 7, 39, 26, 11, 7, 2, 28, 30, 39, 28, 10, 34, 27, 2, 20, 39, 28, 5, 22, 8, 39, 20, 16, 31, 2, 14, 27, 1, 13, 28, 39]
    PRED: [27, 12, 19, 39, 26, 0, 27, 7, 2, 39, 28, 10, 34, 2, 20, 39, 13, 5, 22, 37, 39, 20, 16, 34, 27, 0, 13, 39]
    Edit distance: 14/33
  Sample 2:
    TRUE: [28, 24, 39, 27, 33, 20, 37, 39, 35, 17, 39, 21, 12, 8, 39, 16, 22, 39, 2, 22, 2, 6, 1, 29, 30, 39, 19, 2, 20, 33, 38, 2, 22, 39]
    PRED: [15, 4, 39, 27, 17, 20, 37, 39, 35, 17, 39, 21, 12, 8, 39, 16, 22, 39, 16, 22, 2, 21, 2, 28, 39, 19, 2, 20, 33, 38, 2, 22, 39]
    Edit distance: 8/34
  Sample 3:
    TRUE: [20, 3, 27, 17, 37, 39, 19, 0, 28, 30, 33, 21, 39, 22, 17, 8, 2, 8, 39, 6, 20, 1, 19, 39, 14, 20, 2, 34, 37, 39, 30, 33, 39, 6, 17, 39, 19, 2, 21, 26, 20, 17, 30, 20, 17, 39, 10, 20, 2, 14, 2, 22, 30, 39]
    PRED: [27, 3, 27, 39, 19, 1, 28, 33, 21, 37, 39, 22, 17, 8, 39, 6, 27, 1, 19, 39, 20, 1, 34, 37, 39, 30, 33, 39, 6, 17, 39, 19, 2, 21, 26, 33, 30, 20, 11, 39, 16, 20, 2, 22, 8, 39]
    Edit distance: 18/54
  Sample 4:
    TRUE: [9, 2, 39, 30, 33, 31, 39, 13, 10, 27, 17, 39, 13, 11, 14, 0, 30, 39, 30, 33, 39, 19, 2, 21, 39, 35, 10, 22, 39, 27, 0, 18, 11, 37, 39, 30, 33, 31, 39, 13, 10, 20, 39, 4, 30, 39]
    PRED: [9, 2, 39, 30, 33, 31, 39, 34, 10, 27, 17, 2, 39, 26, 27, 17, 19, 14, 2, 22, 39, 30, 33, 39, 19, 2, 21, 39, 35, 2, 22, 8, 39, 35, 5, 8, 11, 37, 39, 30, 33, 31, 39, 13, 10, 20, 39, 4, 30, 39]
    Edit distance: 13/46

============================================================
Batch 93500 | Val PER: 0.1732
============================================================
  Sample 0:
    TRUE: [31, 17, 0, 19, 27, 2, 28, 17, 39, 27, 17, 19, 2, 22, 28, 16, 8, 11, 8, 39]
    PRED: [8, 5, 19, 27, 2, 28, 39, 27, 17, 14, 0, 22, 30, 2, 8, 39]
    Edit distance: 10/20
  Sample 1:
    TRUE: [27, 16, 7, 39, 26, 11, 7, 2, 28, 30, 39, 28, 10, 34, 27, 2, 20, 39, 28, 5, 22, 8, 39, 20, 16, 31, 2, 14, 27, 1, 13, 28, 39]
    PRED: [27, 12, 19, 39, 26, 0, 27, 7, 2, 39, 28, 10, 34, 2, 20, 39, 5, 22, 37, 39, 20, 16, 34, 0, 13, 39]
    Edit distance: 15/33
  Sample 2:
    TRUE: [28, 24, 39, 27, 33, 20, 37, 39, 35, 17, 39, 21, 12, 8, 39, 16, 22, 39, 2, 22, 2, 6, 1, 29, 30, 39, 19, 2, 20, 33, 38, 2, 22, 39]
    PRED: [15, 2, 39, 27, 17, 20, 37, 39, 35, 17, 39, 21, 12, 8, 39, 16, 22, 39, 16, 22, 2, 21, 2, 28, 39, 19, 2, 20, 33, 38, 2, 22, 39]
    Edit distance: 8/34
  Sample 3:
    TRUE: [20, 3, 27, 17, 37, 39, 19, 0, 28, 30, 33, 21, 39, 22, 17, 8, 2, 8, 39, 6, 20, 1, 19, 39, 14, 20, 2, 34, 37, 39, 30, 33, 39, 6, 17, 39, 19, 2, 21, 26, 20, 17, 30, 20, 17, 39, 10, 20, 2, 14, 2, 22, 30, 39]
    PRED: [27, 3, 27, 39, 19, 1, 33, 21, 37, 39, 22, 17, 8, 39, 6, 27, 1, 19, 39, 20, 2, 34, 37, 39, 30, 33, 39, 6, 17, 39, 19, 2, 21, 26, 33, 30, 20, 11, 39, 16, 20, 2, 22, 8, 39]
    Edit distance: 18/54
  Sample 4:
    TRUE: [9, 2, 39, 30, 33, 31, 39, 13, 10, 27, 17, 39, 13, 11, 14, 0, 30, 39, 30, 33, 39, 19, 2, 21, 39, 35, 10, 22, 39, 27, 0, 18, 11, 37, 39, 30, 33, 31, 39, 13, 10, 20, 39, 4, 30, 39]
    PRED: [9, 2, 39, 30, 33, 31, 39, 34, 10, 27, 17, 2, 39, 26, 27, 17, 19, 19, 30, 22, 39, 30, 33, 39, 19, 2, 21, 39, 35, 2, 22, 8, 39, 35, 5, 8, 11, 37, 39, 30, 33, 31, 39, 13, 17, 20, 39, 4, 30, 39]
    Edit distance: 14/46

============================================================
Batch 94000 | Val PER: 0.1727
============================================================
  Sample 0:
    TRUE: [31, 17, 0, 19, 27, 2, 28, 17, 39, 27, 17, 19, 2, 22, 28, 16, 8, 11, 8, 39]
    PRED: [8, 10, 0, 19, 14, 27, 2, 28, 39, 27, 17, 14, 0, 22, 30, 2, 8, 39]
    Edit distance: 10/20
  Sample 1:
    TRUE: [27, 16, 7, 39, 26, 11, 7, 2, 28, 30, 39, 28, 10, 34, 27, 2, 20, 39, 28, 5, 22, 8, 39, 20, 16, 31, 2, 14, 27, 1, 13, 28, 39]
    PRED: [27, 12, 19, 39, 26, 0, 27, 7, 2, 39, 28, 10, 34, 2, 20, 39, 5, 22, 37, 39, 20, 16, 34, 27, 0, 13, 39]
    Edit distance: 14/33
  Sample 2:
    TRUE: [28, 24, 39, 27, 33, 20, 37, 39, 35, 17, 39, 21, 12, 8, 39, 16, 22, 39, 2, 22, 2, 6, 1, 29, 30, 39, 19, 2, 20, 33, 38, 2, 22, 39]
    PRED: [15, 2, 39, 27, 17, 20, 37, 39, 35, 17, 39, 21, 12, 8, 39, 16, 22, 39, 16, 22, 2, 21, 2, 28, 39, 19, 2, 20, 33, 38, 2, 22, 39]
    Edit distance: 8/34
  Sample 3:
    TRUE: [20, 3, 27, 17, 37, 39, 19, 0, 28, 30, 33, 21, 39, 22, 17, 8, 2, 8, 39, 6, 20, 1, 19, 39, 14, 20, 2, 34, 37, 39, 30, 33, 39, 6, 17, 39, 19, 2, 21, 26, 20, 17, 30, 20, 17, 39, 10, 20, 2, 14, 2, 22, 30, 39]
    PRED: [27, 3, 27, 39, 19, 1, 28, 33, 21, 37, 39, 22, 17, 8, 39, 6, 27, 1, 19, 39, 20, 2, 34, 37, 39, 30, 33, 39, 6, 17, 39, 19, 2, 21, 26, 33, 30, 20, 11, 39, 16, 20, 2, 22, 8, 39]
    Edit distance: 17/54
  Sample 4:
    TRUE: [9, 2, 39, 30, 33, 31, 39, 13, 10, 27, 17, 39, 13, 11, 14, 0, 30, 39, 30, 33, 39, 19, 2, 21, 39, 35, 10, 22, 39, 27, 0, 18, 11, 37, 39, 30, 33, 31, 39, 13, 10, 20, 39, 4, 30, 39]
    PRED: [9, 2, 39, 30, 33, 31, 39, 34, 10, 27, 17, 39, 26, 27, 17, 19, 14, 2, 22, 39, 30, 33, 39, 19, 2, 21, 39, 35, 2, 22, 8, 39, 35, 5, 8, 11, 37, 39, 30, 33, 31, 39, 13, 10, 20, 39, 4, 30, 39]
    Edit distance: 12/46

============================================================
Batch 94500 | Val PER: 0.1723
============================================================
  Sample 0:
    TRUE: [31, 17, 0, 19, 27, 2, 28, 17, 39, 27, 17, 19, 2, 22, 28, 16, 8, 11, 8, 39]
    PRED: [8, 5, 14, 27, 2, 28, 39, 17, 14, 0, 22, 30, 2, 8, 39]
    Edit distance: 12/20
  Sample 1:
    TRUE: [27, 16, 7, 39, 26, 11, 7, 2, 28, 30, 39, 28, 10, 34, 27, 2, 20, 39, 28, 5, 22, 8, 39, 20, 16, 31, 2, 14, 27, 1, 13, 28, 39]
    PRED: [27, 12, 7, 39, 26, 0, 27, 7, 2, 39, 28, 10, 34, 2, 20, 39, 5, 22, 37, 39, 20, 16, 34, 0, 13, 39]
    Edit distance: 14/33
  Sample 2:
    TRUE: [28, 24, 39, 27, 33, 20, 37, 39, 35, 17, 39, 21, 12, 8, 39, 16, 22, 39, 2, 22, 2, 6, 1, 29, 30, 39, 19, 2, 20, 33, 38, 2, 22, 39]
    PRED: [15, 2, 39, 27, 24, 20, 37, 39, 35, 17, 39, 21, 12, 8, 39, 16, 22, 39, 16, 22, 2, 21, 2, 28, 39, 19, 2, 20, 33, 38, 2, 22, 39]
    Edit distance: 8/34
  Sample 3:
    TRUE: [20, 3, 27, 17, 37, 39, 19, 0, 28, 30, 33, 21, 39, 22, 17, 8, 2, 8, 39, 6, 20, 1, 19, 39, 14, 20, 2, 34, 37, 39, 30, 33, 39, 6, 17, 39, 19, 2, 21, 26, 20, 17, 30, 20, 17, 39, 10, 20, 2, 14, 2, 22, 30, 39]
    PRED: [27, 3, 27, 39, 19, 1, 33, 21, 37, 39, 22, 17, 8, 39, 6, 27, 1, 19, 39, 20, 2, 34, 37, 39, 30, 33, 39, 6, 17, 39, 19, 2, 21, 26, 33, 30, 20, 11, 39, 16, 20, 2, 22, 8, 39]
    Edit distance: 18/54
  Sample 4:
    TRUE: [9, 2, 39, 30, 33, 31, 39, 13, 10, 27, 17, 39, 13, 11, 14, 0, 30, 39, 30, 33, 39, 19, 2, 21, 39, 35, 10, 22, 39, 27, 0, 18, 11, 37, 39, 30, 33, 31, 39, 13, 10, 20, 39, 4, 30, 39]
    PRED: [9, 2, 39, 30, 33, 31, 39, 34, 10, 27, 17, 2, 39, 26, 27, 17, 19, 14, 2, 22, 39, 30, 33, 39, 19, 2, 21, 39, 35, 2, 22, 39, 35, 5, 8, 11, 37, 39, 30, 33, 31, 39, 13, 10, 20, 39, 4, 30, 39]
    Edit distance: 12/46

============================================================
Batch 95000 | Val PER: 0.1726
============================================================
  Sample 0:
    TRUE: [31, 17, 0, 19, 27, 2, 28, 17, 39, 27, 17, 19, 2, 22, 28, 16, 8, 11, 8, 39]
    PRED: [8, 10, 19, 27, 2, 28, 39, 17, 14, 0, 22, 30, 2, 8, 39]
    Edit distance: 11/20
  Sample 1:
    TRUE: [27, 16, 7, 39, 26, 11, 7, 2, 28, 30, 39, 28, 10, 34, 27, 2, 20, 39, 28, 5, 22, 8, 39, 20, 16, 31, 2, 14, 27, 1, 13, 28, 39]
    PRED: [27, 12, 19, 39, 26, 0, 27, 7, 2, 39, 28, 10, 34, 2, 20, 39, 5, 22, 37, 39, 20, 16, 0, 13, 39]
    Edit distance: 15/33
  Sample 2:
    TRUE: [28, 24, 39, 27, 33, 20, 37, 39, 35, 17, 39, 21, 12, 8, 39, 16, 22, 39, 2, 22, 2, 6, 1, 29, 30, 39, 19, 2, 20, 33, 38, 2, 22, 39]
    PRED: [15, 2, 39, 27, 17, 20, 37, 39, 35, 17, 39, 21, 12, 8, 39, 16, 22, 39, 16, 22, 2, 21, 2, 28, 39, 19, 2, 20, 33, 38, 2, 22, 39]
    Edit distance: 8/34
  Sample 3:
    TRUE: [20, 3, 27, 17, 37, 39, 19, 0, 28, 30, 33, 21, 39, 22, 17, 8, 2, 8, 39, 6, 20, 1, 19, 39, 14, 20, 2, 34, 37, 39, 30, 33, 39, 6, 17, 39, 19, 2, 21, 26, 20, 17, 30, 20, 17, 39, 10, 20, 2, 14, 2, 22, 30, 39]
    PRED: [27, 3, 27, 39, 19, 1, 33, 21, 37, 39, 22, 17, 8, 39, 6, 27, 1, 19, 39, 20, 2, 34, 37, 39, 30, 33, 39, 6, 17, 39, 19, 2, 21, 26, 33, 30, 20, 11, 39, 16, 20, 2, 22, 8, 39]
    Edit distance: 18/54
  Sample 4:
    TRUE: [9, 2, 39, 30, 33, 31, 39, 13, 10, 27, 17, 39, 13, 11, 14, 0, 30, 39, 30, 33, 39, 19, 2, 21, 39, 35, 10, 22, 39, 27, 0, 18, 11, 37, 39, 30, 33, 31, 39, 13, 10, 20, 39, 4, 30, 39]
    PRED: [9, 2, 39, 30, 33, 31, 39, 34, 10, 27, 17, 39, 26, 27, 17, 19, 14, 30, 22, 39, 30, 33, 39, 19, 2, 21, 39, 35, 2, 22, 8, 39, 35, 5, 8, 11, 37, 39, 30, 33, 31, 39, 13, 10, 20, 39, 4, 30, 39]
    Edit distance: 12/46

============================================================
Batch 95500 | Val PER: 0.1733
============================================================
  Sample 0:
    TRUE: [31, 17, 0, 19, 27, 2, 28, 17, 39, 27, 17, 19, 2, 22, 28, 16, 8, 11, 8, 39]
    PRED: [8, 10, 19, 27, 2, 28, 39, 17, 14, 0, 22, 30, 2, 8, 39]
    Edit distance: 11/20
  Sample 1:
    TRUE: [27, 16, 7, 39, 26, 11, 7, 2, 28, 30, 39, 28, 10, 34, 27, 2, 20, 39, 28, 5, 22, 8, 39, 20, 16, 31, 2, 14, 27, 1, 13, 28, 39]
    PRED: [27, 12, 19, 39, 26, 0, 27, 7, 2, 39, 28, 10, 34, 2, 20, 39, 5, 22, 37, 39, 20, 16, 0, 13, 39]
    Edit distance: 15/33
  Sample 2:
    TRUE: [28, 24, 39, 27, 33, 20, 37, 39, 35, 17, 39, 21, 12, 8, 39, 16, 22, 39, 2, 22, 2, 6, 1, 29, 30, 39, 19, 2, 20, 33, 38, 2, 22, 39]
    PRED: [15, 2, 39, 27, 17, 20, 37, 39, 35, 17, 39, 21, 12, 8, 39, 16, 22, 39, 16, 22, 2, 21, 2, 28, 39, 19, 2, 20, 33, 38, 2, 22, 39]
    Edit distance: 8/34
  Sample 3:
    TRUE: [20, 3, 27, 17, 37, 39, 19, 0, 28, 30, 33, 21, 39, 22, 17, 8, 2, 8, 39, 6, 20, 1, 19, 39, 14, 20, 2, 34, 37, 39, 30, 33, 39, 6, 17, 39, 19, 2, 21, 26, 20, 17, 30, 20, 17, 39, 10, 20, 2, 14, 2, 22, 30, 39]
    PRED: [27, 3, 27, 39, 19, 1, 33, 21, 37, 39, 22, 17, 8, 39, 6, 27, 1, 19, 39, 20, 2, 34, 37, 39, 30, 33, 39, 6, 17, 39, 19, 2, 21, 26, 33, 30, 20, 39, 16, 20, 2, 22, 8, 39]
    Edit distance: 18/54
  Sample 4:
    TRUE: [9, 2, 39, 30, 33, 31, 39, 13, 10, 27, 17, 39, 13, 11, 14, 0, 30, 39, 30, 33, 39, 19, 2, 21, 39, 35, 10, 22, 39, 27, 0, 18, 11, 37, 39, 30, 33, 31, 39, 13, 10, 20, 39, 4, 30, 39]
    PRED: [9, 2, 39, 30, 33, 31, 39, 34, 10, 27, 17, 39, 26, 27, 17, 19, 14, 22, 39, 30, 33, 39, 19, 2, 21, 39, 35, 2, 22, 8, 39, 35, 5, 8, 11, 37, 39, 30, 33, 31, 39, 13, 10, 20, 39, 4, 30, 39]
    Edit distance: 12/46

============================================================
Batch 96000 | Val PER: 0.1741
============================================================
  Sample 0:
    TRUE: [31, 17, 0, 19, 27, 2, 28, 17, 39, 27, 17, 19, 2, 22, 28, 16, 8, 11, 8, 39]
    PRED: [8, 5, 19, 27, 2, 28, 39, 17, 14, 0, 22, 30, 2, 8, 39]
    Edit distance: 11/20
  Sample 1:
    TRUE: [27, 16, 7, 39, 26, 11, 7, 2, 28, 30, 39, 28, 10, 34, 27, 2, 20, 39, 28, 5, 22, 8, 39, 20, 16, 31, 2, 14, 27, 1, 13, 28, 39]
    PRED: [27, 12, 19, 39, 26, 0, 27, 7, 2, 37, 39, 28, 10, 34, 2, 20, 39, 5, 22, 37, 39, 20, 16, 34, 9, 27, 0, 13, 39]
    Edit distance: 14/33
  Sample 2:
    TRUE: [28, 24, 39, 27, 33, 20, 37, 39, 35, 17, 39, 21, 12, 8, 39, 16, 22, 39, 2, 22, 2, 6, 1, 29, 30, 39, 19, 2, 20, 33, 38, 2, 22, 39]
    PRED: [15, 2, 39, 27, 17, 20, 37, 39, 35, 17, 39, 21, 12, 8, 39, 16, 22, 39, 16, 22, 16, 2, 21, 2, 28, 39, 19, 2, 20, 33, 38, 2, 22, 39]
    Edit distance: 9/34
  Sample 3:
    TRUE: [20, 3, 27, 17, 37, 39, 19, 0, 28, 30, 33, 21, 39, 22, 17, 8, 2, 8, 39, 6, 20, 1, 19, 39, 14, 20, 2, 34, 37, 39, 30, 33, 39, 6, 17, 39, 19, 2, 21, 26, 20, 17, 30, 20, 17, 39, 10, 20, 2, 14, 2, 22, 30, 39]
    PRED: [27, 3, 27, 39, 19, 1, 33, 21, 39, 22, 17, 8, 39, 6, 27, 1, 19, 39, 20, 2, 34, 37, 39, 30, 33, 39, 6, 17, 39, 19, 2, 21, 26, 33, 30, 20, 11, 39, 16, 20, 2, 22, 8, 39]
    Edit distance: 17/54
  Sample 4:
    TRUE: [9, 2, 39, 30, 33, 31, 39, 13, 10, 27, 17, 39, 13, 11, 14, 0, 30, 39, 30, 33, 39, 19, 2, 21, 39, 35, 10, 22, 39, 27, 0, 18, 11, 37, 39, 30, 33, 31, 39, 13, 10, 20, 39, 4, 30, 39]
    PRED: [9, 2, 39, 30, 33, 31, 39, 34, 10, 27, 17, 39, 26, 27, 17, 19, 14, 19, 2, 22, 39, 30, 33, 39, 19, 2, 21, 39, 35, 2, 22, 39, 35, 5, 8, 11, 37, 39, 30, 33, 31, 39, 13, 10, 20, 39, 4, 30, 39]
    Edit distance: 12/46

============================================================
Batch 96500 | Val PER: 0.1731
============================================================
  Sample 0:
    TRUE: [31, 17, 0, 19, 27, 2, 28, 17, 39, 27, 17, 19, 2, 22, 28, 16, 8, 11, 8, 39]
    PRED: [8, 5, 19, 27, 2, 28, 39, 17, 14, 0, 22, 30, 2, 8, 39]
    Edit distance: 11/20
  Sample 1:
    TRUE: [27, 16, 7, 39, 26, 11, 7, 2, 28, 30, 39, 28, 10, 34, 27, 2, 20, 39, 28, 5, 22, 8, 39, 20, 16, 31, 2, 14, 27, 1, 13, 28, 39]
    PRED: [27, 12, 19, 39, 26, 0, 27, 7, 2, 37, 39, 28, 10, 34, 2, 20, 39, 5, 22, 37, 39, 20, 16, 34, 9, 27, 0, 13, 39]
    Edit distance: 14/33
  Sample 2:
    TRUE: [28, 24, 39, 27, 33, 20, 37, 39, 35, 17, 39, 21, 12, 8, 39, 16, 22, 39, 2, 22, 2, 6, 1, 29, 30, 39, 19, 2, 20, 33, 38, 2, 22, 39]
    PRED: [15, 2, 39, 27, 17, 20, 37, 39, 35, 17, 39, 21, 12, 8, 39, 16, 22, 39, 16, 22, 2, 21, 2, 28, 39, 19, 2, 20, 33, 38, 2, 22, 39]
    Edit distance: 8/34
  Sample 3:
    TRUE: [20, 3, 27, 17, 37, 39, 19, 0, 28, 30, 33, 21, 39, 22, 17, 8, 2, 8, 39, 6, 20, 1, 19, 39, 14, 20, 2, 34, 37, 39, 30, 33, 39, 6, 17, 39, 19, 2, 21, 26, 20, 17, 30, 20, 17, 39, 10, 20, 2, 14, 2, 22, 30, 39]
    PRED: [27, 3, 27, 39, 19, 1, 28, 33, 21, 37, 39, 22, 17, 8, 39, 6, 27, 1, 19, 39, 20, 2, 34, 37, 39, 30, 33, 39, 6, 17, 39, 19, 2, 21, 26, 36, 33, 30, 20, 11, 39, 16, 20, 2, 22, 8, 39]
    Edit distance: 17/54
  Sample 4:
    TRUE: [9, 2, 39, 30, 33, 31, 39, 13, 10, 27, 17, 39, 13, 11, 14, 0, 30, 39, 30, 33, 39, 19, 2, 21, 39, 35, 10, 22, 39, 27, 0, 18, 11, 37, 39, 30, 33, 31, 39, 13, 10, 20, 39, 4, 30, 39]
    PRED: [9, 2, 39, 30, 33, 31, 39, 34, 10, 27, 17, 39, 26, 27, 17, 19, 14, 19, 30, 22, 39, 30, 33, 39, 19, 2, 21, 39, 35, 2, 22, 8, 39, 35, 5, 8, 11, 37, 39, 30, 33, 31, 39, 13, 10, 20, 39, 4, 30, 39]
    Edit distance: 12/46

============================================================
Batch 97000 | Val PER: 0.1725
============================================================
  Sample 0:
    TRUE: [31, 17, 0, 19, 27, 2, 28, 17, 39, 27, 17, 19, 2, 22, 28, 16, 8, 11, 8, 39]
    PRED: [8, 0, 19, 27, 2, 28, 39, 27, 17, 14, 0, 22, 30, 2, 8, 39]
    Edit distance: 9/20
  Sample 1:
    TRUE: [27, 16, 7, 39, 26, 11, 7, 2, 28, 30, 39, 28, 10, 34, 27, 2, 20, 39, 28, 5, 22, 8, 39, 20, 16, 31, 2, 14, 27, 1, 13, 28, 39]
    PRED: [27, 17, 7, 39, 26, 0, 27, 7, 2, 37, 39, 28, 10, 34, 2, 20, 39, 5, 22, 37, 39, 20, 16, 34, 27, 0, 13, 39]
    Edit distance: 13/33
  Sample 2:
    TRUE: [28, 24, 39, 27, 33, 20, 37, 39, 35, 17, 39, 21, 12, 8, 39, 16, 22, 39, 2, 22, 2, 6, 1, 29, 30, 39, 19, 2, 20, 33, 38, 2, 22, 39]
    PRED: [15, 2, 39, 27, 17, 20, 37, 39, 35, 17, 39, 21, 12, 8, 39, 16, 22, 39, 16, 22, 2, 21, 2, 28, 39, 19, 2, 20, 33, 38, 2, 22, 39]
    Edit distance: 8/34
  Sample 3:
    TRUE: [20, 3, 27, 17, 37, 39, 19, 0, 28, 30, 33, 21, 39, 22, 17, 8, 2, 8, 39, 6, 20, 1, 19, 39, 14, 20, 2, 34, 37, 39, 30, 33, 39, 6, 17, 39, 19, 2, 21, 26, 20, 17, 30, 20, 17, 39, 10, 20, 2, 14, 2, 22, 30, 39]
    PRED: [27, 3, 27, 39, 19, 1, 28, 33, 21, 37, 39, 22, 17, 8, 39, 6, 27, 1, 19, 39, 20, 2, 34, 37, 39, 30, 33, 39, 6, 17, 39, 19, 2, 21, 26, 36, 33, 30, 20, 11, 39, 10, 20, 2, 22, 8, 39]
    Edit distance: 16/54
  Sample 4:
    TRUE: [9, 2, 39, 30, 33, 31, 39, 13, 10, 27, 17, 39, 13, 11, 14, 0, 30, 39, 30, 33, 39, 19, 2, 21, 39, 35, 10, 22, 39, 27, 0, 18, 11, 37, 39, 30, 33, 31, 39, 13, 10, 20, 39, 4, 30, 39]
    PRED: [9, 2, 39, 30, 33, 31, 39, 34, 10, 27, 17, 39, 26, 27, 17, 19, 0, 14, 19, 2, 22, 39, 30, 33, 39, 19, 2, 21, 39, 35, 2, 22, 8, 39, 35, 5, 8, 11, 37, 39, 30, 33, 31, 39, 13, 10, 20, 39, 4, 30, 39]
    Edit distance: 14/46

============================================================
Batch 97500 | Val PER: 0.1724
============================================================
  Sample 0:
    TRUE: [31, 17, 0, 19, 27, 2, 28, 17, 39, 27, 17, 19, 2, 22, 28, 16, 8, 11, 8, 39]
    PRED: [8, 0, 19, 14, 27, 2, 28, 39, 27, 17, 14, 0, 22, 30, 2, 8, 39]
    Edit distance: 10/20
  Sample 1:
    TRUE: [27, 16, 7, 39, 26, 11, 7, 2, 28, 30, 39, 28, 10, 34, 27, 2, 20, 39, 28, 5, 22, 8, 39, 20, 16, 31, 2, 14, 27, 1, 13, 28, 39]
    PRED: [27, 12, 19, 39, 26, 0, 27, 7, 2, 37, 39, 28, 10, 34, 2, 20, 39, 5, 22, 37, 39, 20, 16, 9, 27, 0, 13, 39]
    Edit distance: 14/33
  Sample 2:
    TRUE: [28, 24, 39, 27, 33, 20, 37, 39, 35, 17, 39, 21, 12, 8, 39, 16, 22, 39, 2, 22, 2, 6, 1, 29, 30, 39, 19, 2, 20, 33, 38, 2, 22, 39]
    PRED: [15, 2, 39, 27, 17, 20, 37, 39, 35, 17, 39, 21, 12, 8, 39, 16, 22, 39, 16, 22, 2, 34, 21, 2, 28, 39, 19, 2, 20, 33, 38, 2, 22, 39]
    Edit distance: 8/34
  Sample 3:
    TRUE: [20, 3, 27, 17, 37, 39, 19, 0, 28, 30, 33, 21, 39, 22, 17, 8, 2, 8, 39, 6, 20, 1, 19, 39, 14, 20, 2, 34, 37, 39, 30, 33, 39, 6, 17, 39, 19, 2, 21, 26, 20, 17, 30, 20, 17, 39, 10, 20, 2, 14, 2, 22, 30, 39]
    PRED: [27, 3, 27, 39, 19, 1, 28, 33, 21, 39, 22, 17, 8, 39, 6, 27, 1, 19, 39, 20, 2, 34, 37, 39, 30, 33, 39, 6, 17, 39, 19, 2, 21, 26, 36, 2, 30, 20, 11, 39, 16, 20, 2, 22, 8, 39]
    Edit distance: 16/54
  Sample 4:
    TRUE: [9, 2, 39, 30, 33, 31, 39, 13, 10, 27, 17, 39, 13, 11, 14, 0, 30, 39, 30, 33, 39, 19, 2, 21, 39, 35, 10, 22, 39, 27, 0, 18, 11, 37, 39, 30, 33, 31, 39, 13, 10, 20, 39, 4, 30, 39]
    PRED: [9, 2, 39, 30, 33, 31, 39, 34, 10, 27, 17, 39, 26, 27, 17, 19, 0, 14, 30, 22, 39, 30, 33, 39, 19, 2, 21, 39, 35, 2, 22, 8, 39, 35, 5, 8, 11, 37, 39, 30, 33, 31, 39, 13, 10, 20, 39, 4, 30, 39]
    Edit distance: 12/46

============================================================
Batch 98000 | Val PER: 0.1730
============================================================
  Sample 0:
    TRUE: [31, 17, 0, 19, 27, 2, 28, 17, 39, 27, 17, 19, 2, 22, 28, 16, 8, 11, 8, 39]
    PRED: [8, 0, 8, 19, 14, 27, 2, 28, 39, 27, 17, 14, 0, 22, 30, 2, 8, 39]
    Edit distance: 11/20
  Sample 1:
    TRUE: [27, 16, 7, 39, 26, 11, 7, 2, 28, 30, 39, 28, 10, 34, 27, 2, 20, 39, 28, 5, 22, 8, 39, 20, 16, 31, 2, 14, 27, 1, 13, 28, 39]
    PRED: [27, 17, 7, 39, 26, 0, 27, 7, 2, 37, 39, 28, 10, 34, 2, 20, 39, 5, 22, 37, 39, 20, 16, 9, 27, 0, 13, 39]
    Edit distance: 13/33
  Sample 2:
    TRUE: [28, 24, 39, 27, 33, 20, 37, 39, 35, 17, 39, 21, 12, 8, 39, 16, 22, 39, 2, 22, 2, 6, 1, 29, 30, 39, 19, 2, 20, 33, 38, 2, 22, 39]
    PRED: [15, 2, 39, 27, 17, 20, 37, 39, 35, 17, 39, 21, 12, 8, 39, 16, 22, 39, 16, 22, 2, 34, 21, 2, 28, 39, 19, 2, 20, 33, 38, 2, 22, 39]
    Edit distance: 8/34
  Sample 3:
    TRUE: [20, 3, 27, 17, 37, 39, 19, 0, 28, 30, 33, 21, 39, 22, 17, 8, 2, 8, 39, 6, 20, 1, 19, 39, 14, 20, 2, 34, 37, 39, 30, 33, 39, 6, 17, 39, 19, 2, 21, 26, 20, 17, 30, 20, 17, 39, 10, 20, 2, 14, 2, 22, 30, 39]
    PRED: [27, 3, 27, 39, 19, 1, 28, 33, 21, 39, 22, 17, 8, 39, 6, 27, 1, 19, 39, 20, 1, 34, 37, 39, 30, 33, 39, 6, 17, 39, 19, 2, 21, 26, 36, 2, 30, 20, 11, 39, 10, 20, 2, 22, 8, 39]
    Edit distance: 16/54
  Sample 4:
    TRUE: [9, 2, 39, 30, 33, 31, 39, 13, 10, 27, 17, 39, 13, 11, 14, 0, 30, 39, 30, 33, 39, 19, 2, 21, 39, 35, 10, 22, 39, 27, 0, 18, 11, 37, 39, 30, 33, 31, 39, 13, 10, 20, 39, 4, 30, 39]
    PRED: [9, 2, 39, 30, 33, 31, 39, 34, 10, 27, 17, 39, 26, 27, 17, 19, 0, 14, 30, 22, 39, 30, 33, 39, 19, 2, 21, 39, 35, 2, 22, 8, 39, 35, 5, 8, 11, 37, 39, 30, 33, 31, 39, 13, 10, 20, 39, 4, 30, 39]
    Edit distance: 12/46

============================================================
Batch 98500 | Val PER: 0.1728
============================================================
  Sample 0:
    TRUE: [31, 17, 0, 19, 27, 2, 28, 17, 39, 27, 17, 19, 2, 22, 28, 16, 8, 11, 8, 39]
    PRED: [8, 5, 0, 19, 14, 27, 2, 28, 39, 27, 17, 14, 0, 22, 30, 2, 8, 39]
    Edit distance: 10/20
  Sample 1:
    TRUE: [27, 16, 7, 39, 26, 11, 7, 2, 28, 30, 39, 28, 10, 34, 27, 2, 20, 39, 28, 5, 22, 8, 39, 20, 16, 31, 2, 14, 27, 1, 13, 28, 39]
    PRED: [27, 17, 7, 39, 26, 0, 27, 7, 2, 37, 39, 28, 10, 34, 2, 20, 39, 5, 22, 37, 39, 20, 16, 34, 9, 27, 0, 13, 39]
    Edit distance: 13/33
  Sample 2:
    TRUE: [28, 24, 39, 27, 33, 20, 37, 39, 35, 17, 39, 21, 12, 8, 39, 16, 22, 39, 2, 22, 2, 6, 1, 29, 30, 39, 19, 2, 20, 33, 38, 2, 22, 39]
    PRED: [15, 2, 39, 27, 17, 20, 37, 39, 35, 17, 39, 21, 12, 8, 39, 16, 22, 39, 16, 22, 2, 34, 21, 2, 28, 39, 19, 2, 20, 33, 38, 2, 22, 39]
    Edit distance: 8/34
  Sample 3:
    TRUE: [20, 3, 27, 17, 37, 39, 19, 0, 28, 30, 33, 21, 39, 22, 17, 8, 2, 8, 39, 6, 20, 1, 19, 39, 14, 20, 2, 34, 37, 39, 30, 33, 39, 6, 17, 39, 19, 2, 21, 26, 20, 17, 30, 20, 17, 39, 10, 20, 2, 14, 2, 22, 30, 39]
    PRED: [27, 3, 27, 39, 19, 1, 28, 33, 21, 39, 22, 17, 8, 39, 6, 27, 1, 19, 39, 20, 1, 34, 37, 39, 30, 33, 39, 6, 17, 39, 19, 2, 21, 26, 36, 33, 30, 20, 11, 39, 16, 20, 2, 22, 8, 39]
    Edit distance: 17/54
  Sample 4:
    TRUE: [9, 2, 39, 30, 33, 31, 39, 13, 10, 27, 17, 39, 13, 11, 14, 0, 30, 39, 30, 33, 39, 19, 2, 21, 39, 35, 10, 22, 39, 27, 0, 18, 11, 37, 39, 30, 33, 31, 39, 13, 10, 20, 39, 4, 30, 39]
    PRED: [9, 2, 39, 30, 33, 31, 39, 34, 10, 27, 17, 39, 26, 27, 17, 19, 14, 30, 22, 39, 30, 33, 39, 19, 2, 21, 39, 35, 2, 22, 8, 39, 35, 5, 8, 11, 37, 39, 30, 33, 31, 39, 13, 10, 20, 39, 4, 30, 39]
    Edit distance: 12/46

============================================================
Batch 99000 | Val PER: 0.1718
============================================================
  Sample 0:
    TRUE: [31, 17, 0, 19, 27, 2, 28, 17, 39, 27, 17, 19, 2, 22, 28, 16, 8, 11, 8, 39]
    PRED: [8, 5, 0, 19, 27, 2, 28, 39, 27, 17, 14, 0, 22, 30, 2, 8, 39]
    Edit distance: 9/20
  Sample 1:
    TRUE: [27, 16, 7, 39, 26, 11, 7, 2, 28, 30, 39, 28, 10, 34, 27, 2, 20, 39, 28, 5, 22, 8, 39, 20, 16, 31, 2, 14, 27, 1, 13, 28, 39]
    PRED: [27, 17, 7, 39, 26, 0, 27, 7, 2, 39, 28, 10, 34, 2, 20, 39, 5, 22, 37, 39, 20, 16, 9, 27, 0, 13, 39]
    Edit distance: 13/33
  Sample 2:
    TRUE: [28, 24, 39, 27, 33, 20, 37, 39, 35, 17, 39, 21, 12, 8, 39, 16, 22, 39, 2, 22, 2, 6, 1, 29, 30, 39, 19, 2, 20, 33, 38, 2, 22, 39]
    PRED: [15, 2, 39, 27, 17, 20, 37, 39, 35, 17, 39, 21, 12, 8, 39, 16, 22, 39, 16, 22, 2, 34, 21, 2, 28, 39, 19, 2, 20, 33, 38, 2, 22, 39]
    Edit distance: 8/34
  Sample 3:
    TRUE: [20, 3, 27, 17, 37, 39, 19, 0, 28, 30, 33, 21, 39, 22, 17, 8, 2, 8, 39, 6, 20, 1, 19, 39, 14, 20, 2, 34, 37, 39, 30, 33, 39, 6, 17, 39, 19, 2, 21, 26, 20, 17, 30, 20, 17, 39, 10, 20, 2, 14, 2, 22, 30, 39]
    PRED: [27, 3, 27, 39, 19, 1, 28, 33, 21, 37, 39, 22, 17, 8, 39, 6, 27, 1, 19, 39, 20, 1, 34, 37, 39, 30, 33, 39, 6, 17, 39, 19, 2, 21, 26, 36, 33, 30, 20, 11, 39, 16, 20, 2, 22, 8, 39]
    Edit distance: 18/54
  Sample 4:
    TRUE: [9, 2, 39, 30, 33, 31, 39, 13, 10, 27, 17, 39, 13, 11, 14, 0, 30, 39, 30, 33, 39, 19, 2, 21, 39, 35, 10, 22, 39, 27, 0, 18, 11, 37, 39, 30, 33, 31, 39, 13, 10, 20, 39, 4, 30, 39]
    PRED: [9, 2, 39, 30, 33, 31, 39, 34, 10, 27, 17, 39, 26, 27, 17, 19, 0, 14, 30, 22, 39, 30, 33, 39, 19, 2, 21, 39, 35, 2, 22, 8, 39, 35, 5, 8, 11, 37, 39, 30, 33, 31, 39, 13, 10, 20, 39, 4, 30, 39]
    Edit distance: 12/46

============================================================
Batch 99500 | Val PER: 0.1714
============================================================
  Sample 0:
    TRUE: [31, 17, 0, 19, 27, 2, 28, 17, 39, 27, 17, 19, 2, 22, 28, 16, 8, 11, 8, 39]
    PRED: [8, 0, 19, 27, 2, 28, 39, 17, 14, 0, 22, 30, 2, 8, 39]
    Edit distance: 10/20
  Sample 1:
    TRUE: [27, 16, 7, 39, 26, 11, 7, 2, 28, 30, 39, 28, 10, 34, 27, 2, 20, 39, 28, 5, 22, 8, 39, 20, 16, 31, 2, 14, 27, 1, 13, 28, 39]
    PRED: [27, 12, 19, 39, 26, 0, 27, 7, 2, 37, 39, 28, 10, 34, 2, 20, 39, 7, 5, 22, 37, 39, 20, 16, 9, 27, 0, 13, 39]
    Edit distance: 14/33
  Sample 2:
    TRUE: [28, 24, 39, 27, 33, 20, 37, 39, 35, 17, 39, 21, 12, 8, 39, 16, 22, 39, 2, 22, 2, 6, 1, 29, 30, 39, 19, 2, 20, 33, 38, 2, 22, 39]
    PRED: [15, 4, 39, 27, 17, 20, 37, 39, 35, 17, 39, 21, 12, 8, 39, 16, 22, 39, 16, 22, 2, 34, 21, 2, 28, 39, 19, 2, 20, 33, 38, 2, 22, 39]
    Edit distance: 8/34
  Sample 3:
    TRUE: [20, 3, 27, 17, 37, 39, 19, 0, 28, 30, 33, 21, 39, 22, 17, 8, 2, 8, 39, 6, 20, 1, 19, 39, 14, 20, 2, 34, 37, 39, 30, 33, 39, 6, 17, 39, 19, 2, 21, 26, 20, 17, 30, 20, 17, 39, 10, 20, 2, 14, 2, 22, 30, 39]
    PRED: [27, 3, 27, 39, 19, 1, 28, 33, 21, 37, 39, 22, 17, 8, 39, 6, 27, 1, 19, 39, 20, 1, 34, 37, 39, 30, 33, 39, 6, 17, 39, 19, 2, 21, 26, 36, 33, 30, 20, 11, 39, 16, 20, 2, 22, 8, 39]
    Edit distance: 18/54
  Sample 4:
    TRUE: [9, 2, 39, 30, 33, 31, 39, 13, 10, 27, 17, 39, 13, 11, 14, 0, 30, 39, 30, 33, 39, 19, 2, 21, 39, 35, 10, 22, 39, 27, 0, 18, 11, 37, 39, 30, 33, 31, 39, 13, 10, 20, 39, 4, 30, 39]
    PRED: [9, 2, 39, 30, 33, 31, 39, 34, 10, 27, 17, 2, 39, 26, 27, 17, 19, 0, 14, 30, 22, 39, 30, 33, 39, 19, 2, 21, 39, 35, 2, 22, 8, 39, 35, 3, 8, 11, 37, 39, 30, 33, 31, 39, 13, 10, 20, 39, 4, 30, 39]
    Edit distance: 13/46

============================================================
Batch 100000 | Val PER: 0.1717
============================================================
  Sample 0:
    TRUE: [31, 17, 0, 19, 27, 2, 28, 17, 39, 27, 17, 19, 2, 22, 28, 16, 8, 11, 8, 39]
    PRED: [8, 0, 19, 27, 2, 28, 39, 17, 14, 0, 22, 30, 2, 8, 39]
    Edit distance: 10/20
  Sample 1:
    TRUE: [27, 16, 7, 39, 26, 11, 7, 2, 28, 30, 39, 28, 10, 34, 27, 2, 20, 39, 28, 5, 22, 8, 39, 20, 16, 31, 2, 14, 27, 1, 13, 28, 39]
    PRED: [27, 12, 19, 39, 26, 0, 27, 7, 2, 37, 39, 28, 10, 34, 2, 20, 39, 5, 22, 37, 39, 20, 16, 9, 27, 0, 13, 39]
    Edit distance: 14/33
  Sample 2:
    TRUE: [28, 24, 39, 27, 33, 20, 37, 39, 35, 17, 39, 21, 12, 8, 39, 16, 22, 39, 2, 22, 2, 6, 1, 29, 30, 39, 19, 2, 20, 33, 38, 2, 22, 39]
    PRED: [15, 2, 39, 27, 17, 20, 37, 39, 35, 17, 39, 21, 12, 8, 39, 16, 22, 39, 16, 22, 2, 21, 2, 28, 39, 19, 2, 20, 33, 38, 2, 22, 39]
    Edit distance: 8/34
  Sample 3:
    TRUE: [20, 3, 27, 17, 37, 39, 19, 0, 28, 30, 33, 21, 39, 22, 17, 8, 2, 8, 39, 6, 20, 1, 19, 39, 14, 20, 2, 34, 37, 39, 30, 33, 39, 6, 17, 39, 19, 2, 21, 26, 20, 17, 30, 20, 17, 39, 10, 20, 2, 14, 2, 22, 30, 39]
    PRED: [27, 3, 27, 39, 19, 1, 28, 33, 21, 37, 39, 22, 17, 8, 39, 6, 27, 1, 19, 39, 20, 2, 34, 37, 39, 30, 33, 39, 6, 17, 39, 19, 2, 21, 26, 33, 30, 20, 11, 39, 16, 20, 2, 22, 8, 39]
    Edit distance: 17/54
  Sample 4:
    TRUE: [9, 2, 39, 30, 33, 31, 39, 13, 10, 27, 17, 39, 13, 11, 14, 0, 30, 39, 30, 33, 39, 19, 2, 21, 39, 35, 10, 22, 39, 27, 0, 18, 11, 37, 39, 30, 33, 31, 39, 13, 10, 20, 39, 4, 30, 39]
    PRED: [9, 2, 39, 30, 33, 31, 39, 34, 10, 27, 17, 39, 26, 27, 17, 19, 0, 14, 30, 22, 39, 30, 33, 39, 19, 2, 21, 39, 35, 2, 22, 8, 39, 35, 5, 8, 11, 37, 39, 30, 33, 31, 39, 13, 10, 20, 39, 4, 30, 39]
    Edit distance: 12/46

============================================================
Batch 100500 | Val PER: 0.1717
============================================================
  Sample 0:
    TRUE: [31, 17, 0, 19, 27, 2, 28, 17, 39, 27, 17, 19, 2, 22, 28, 16, 8, 11, 8, 39]
    PRED: [8, 0, 19, 27, 2, 28, 39, 17, 14, 0, 22, 30, 2, 8, 39]
    Edit distance: 10/20
  Sample 1:
    TRUE: [27, 16, 7, 39, 26, 11, 7, 2, 28, 30, 39, 28, 10, 34, 27, 2, 20, 39, 28, 5, 22, 8, 39, 20, 16, 31, 2, 14, 27, 1, 13, 28, 39]
    PRED: [27, 12, 19, 39, 26, 0, 27, 7, 2, 37, 39, 28, 10, 34, 2, 20, 39, 5, 22, 37, 39, 20, 16, 9, 0, 13, 39]
    Edit distance: 15/33
  Sample 2:
    TRUE: [28, 24, 39, 27, 33, 20, 37, 39, 35, 17, 39, 21, 12, 8, 39, 16, 22, 39, 2, 22, 2, 6, 1, 29, 30, 39, 19, 2, 20, 33, 38, 2, 22, 39]
    PRED: [15, 2, 39, 27, 17, 20, 37, 39, 35, 17, 39, 21, 12, 8, 39, 16, 22, 39, 16, 22, 2, 21, 2, 28, 39, 19, 2, 20, 33, 38, 2, 22, 39]
    Edit distance: 8/34
  Sample 3:
    TRUE: [20, 3, 27, 17, 37, 39, 19, 0, 28, 30, 33, 21, 39, 22, 17, 8, 2, 8, 39, 6, 20, 1, 19, 39, 14, 20, 2, 34, 37, 39, 30, 33, 39, 6, 17, 39, 19, 2, 21, 26, 20, 17, 30, 20, 17, 39, 10, 20, 2, 14, 2, 22, 30, 39]
    PRED: [27, 3, 27, 39, 19, 1, 28, 33, 21, 37, 39, 22, 17, 8, 39, 6, 27, 1, 19, 39, 20, 2, 34, 37, 39, 30, 33, 39, 6, 17, 39, 19, 2, 21, 26, 33, 30, 20, 11, 39, 16, 20, 2, 22, 8, 39]
    Edit distance: 17/54
  Sample 4:
    TRUE: [9, 2, 39, 30, 33, 31, 39, 13, 10, 27, 17, 39, 13, 11, 14, 0, 30, 39, 30, 33, 39, 19, 2, 21, 39, 35, 10, 22, 39, 27, 0, 18, 11, 37, 39, 30, 33, 31, 39, 13, 10, 20, 39, 4, 30, 39]
    PRED: [9, 2, 39, 30, 33, 31, 39, 34, 10, 27, 17, 39, 26, 27, 17, 19, 0, 19, 30, 22, 39, 30, 33, 39, 19, 2, 21, 39, 35, 2, 22, 8, 39, 35, 5, 8, 11, 37, 39, 30, 33, 31, 39, 13, 10, 20, 39, 4, 30, 39]
    Edit distance: 12/46

============================================================
Batch 101000 | Val PER: 0.1725
============================================================
  Sample 0:
    TRUE: [31, 17, 0, 19, 27, 2, 28, 17, 39, 27, 17, 19, 2, 22, 28, 16, 8, 11, 8, 39]
    PRED: [8, 5, 0, 19, 27, 2, 28, 39, 17, 14, 0, 22, 30, 2, 8, 39]
    Edit distance: 10/20
  Sample 1:
    TRUE: [27, 16, 7, 39, 26, 11, 7, 2, 28, 30, 39, 28, 10, 34, 27, 2, 20, 39, 28, 5, 22, 8, 39, 20, 16, 31, 2, 14, 27, 1, 13, 28, 39]
    PRED: [27, 12, 19, 39, 26, 0, 27, 7, 2, 37, 39, 28, 10, 34, 2, 20, 39, 5, 22, 37, 39, 20, 16, 0, 13, 39]
    Edit distance: 15/33
  Sample 2:
    TRUE: [28, 24, 39, 27, 33, 20, 37, 39, 35, 17, 39, 21, 12, 8, 39, 16, 22, 39, 2, 22, 2, 6, 1, 29, 30, 39, 19, 2, 20, 33, 38, 2, 22, 39]
    PRED: [15, 2, 39, 27, 17, 20, 37, 39, 35, 17, 39, 21, 12, 8, 39, 16, 22, 39, 16, 22, 2, 21, 2, 28, 39, 19, 2, 20, 33, 38, 2, 22, 39]
    Edit distance: 8/34
  Sample 3:
    TRUE: [20, 3, 27, 17, 37, 39, 19, 0, 28, 30, 33, 21, 39, 22, 17, 8, 2, 8, 39, 6, 20, 1, 19, 39, 14, 20, 2, 34, 37, 39, 30, 33, 39, 6, 17, 39, 19, 2, 21, 26, 20, 17, 30, 20, 17, 39, 10, 20, 2, 14, 2, 22, 30, 39]
    PRED: [27, 3, 27, 39, 19, 1, 28, 33, 21, 37, 39, 22, 17, 8, 39, 6, 27, 2, 19, 39, 20, 2, 34, 37, 39, 30, 33, 39, 6, 17, 39, 19, 2, 21, 26, 33, 30, 20, 11, 39, 16, 20, 2, 22, 8, 39]
    Edit distance: 18/54
  Sample 4:
    TRUE: [9, 2, 39, 30, 33, 31, 39, 13, 10, 27, 17, 39, 13, 11, 14, 0, 30, 39, 30, 33, 39, 19, 2, 21, 39, 35, 10, 22, 39, 27, 0, 18, 11, 37, 39, 30, 33, 31, 39, 13, 10, 20, 39, 4, 30, 39]
    PRED: [9, 2, 39, 30, 33, 31, 39, 34, 10, 27, 17, 39, 26, 27, 17, 19, 0, 14, 30, 22, 39, 30, 33, 39, 19, 2, 21, 39, 35, 2, 22, 8, 39, 35, 5, 8, 11, 37, 39, 30, 33, 31, 39, 13, 10, 20, 39, 4, 30, 39]
    Edit distance: 12/46

============================================================
Batch 101500 | Val PER: 0.1714
============================================================
  Sample 0:
    TRUE: [31, 17, 0, 19, 27, 2, 28, 17, 39, 27, 17, 19, 2, 22, 28, 16, 8, 11, 8, 39]
    PRED: [8, 5, 0, 19, 27, 2, 28, 39, 27, 17, 14, 0, 22, 30, 2, 8, 39]
    Edit distance: 9/20
  Sample 1:
    TRUE: [27, 16, 7, 39, 26, 11, 7, 2, 28, 30, 39, 28, 10, 34, 27, 2, 20, 39, 28, 5, 22, 8, 39, 20, 16, 31, 2, 14, 27, 1, 13, 28, 39]
    PRED: [27, 12, 7, 39, 26, 0, 27, 7, 2, 39, 28, 10, 34, 2, 20, 39, 5, 22, 37, 39, 20, 16, 0, 13, 39]
    Edit distance: 14/33
  Sample 2:
    TRUE: [28, 24, 39, 27, 33, 20, 37, 39, 35, 17, 39, 21, 12, 8, 39, 16, 22, 39, 2, 22, 2, 6, 1, 29, 30, 39, 19, 2, 20, 33, 38, 2, 22, 39]
    PRED: [15, 2, 39, 27, 17, 20, 37, 39, 35, 17, 39, 21, 12, 8, 39, 16, 22, 39, 16, 22, 2, 21, 2, 28, 39, 19, 2, 20, 33, 38, 2, 22, 39]
    Edit distance: 8/34
  Sample 3:
    TRUE: [20, 3, 27, 17, 37, 39, 19, 0, 28, 30, 33, 21, 39, 22, 17, 8, 2, 8, 39, 6, 20, 1, 19, 39, 14, 20, 2, 34, 37, 39, 30, 33, 39, 6, 17, 39, 19, 2, 21, 26, 20, 17, 30, 20, 17, 39, 10, 20, 2, 14, 2, 22, 30, 39]
    PRED: [27, 3, 27, 39, 19, 1, 28, 33, 21, 37, 39, 22, 17, 8, 39, 6, 27, 2, 19, 39, 20, 2, 34, 37, 39, 30, 33, 39, 6, 17, 39, 19, 2, 21, 26, 33, 30, 20, 11, 39, 10, 20, 2, 22, 8, 39]
    Edit distance: 17/54
  Sample 4:
    TRUE: [9, 2, 39, 30, 33, 31, 39, 13, 10, 27, 17, 39, 13, 11, 14, 0, 30, 39, 30, 33, 39, 19, 2, 21, 39, 35, 10, 22, 39, 27, 0, 18, 11, 37, 39, 30, 33, 31, 39, 13, 10, 20, 39, 4, 30, 39]
    PRED: [9, 2, 39, 30, 33, 31, 39, 34, 12, 27, 17, 2, 39, 26, 27, 17, 19, 0, 14, 30, 22, 39, 30, 33, 39, 19, 2, 21, 39, 35, 2, 22, 8, 39, 35, 5, 8, 11, 37, 39, 30, 33, 31, 39, 13, 10, 20, 39, 4, 30, 39]
    Edit distance: 14/46

============================================================
Batch 102000 | Val PER: 0.1718
============================================================
  Sample 0:
    TRUE: [31, 17, 0, 19, 27, 2, 28, 17, 39, 27, 17, 19, 2, 22, 28, 16, 8, 11, 8, 39]
    PRED: [8, 0, 19, 27, 2, 28, 39, 27, 17, 14, 0, 22, 30, 2, 8, 39]
    Edit distance: 9/20
  Sample 1:
    TRUE: [27, 16, 7, 39, 26, 11, 7, 2, 28, 30, 39, 28, 10, 34, 27, 2, 20, 39, 28, 5, 22, 8, 39, 20, 16, 31, 2, 14, 27, 1, 13, 28, 39]
    PRED: [27, 12, 19, 39, 26, 0, 27, 7, 2, 39, 28, 10, 34, 2, 20, 39, 5, 22, 37, 39, 20, 16, 0, 13, 39]
    Edit distance: 15/33
  Sample 2:
    TRUE: [28, 24, 39, 27, 33, 20, 37, 39, 35, 17, 39, 21, 12, 8, 39, 16, 22, 39, 2, 22, 2, 6, 1, 29, 30, 39, 19, 2, 20, 33, 38, 2, 22, 39]
    PRED: [15, 2, 39, 27, 17, 20, 37, 39, 35, 17, 39, 21, 12, 8, 39, 16, 22, 39, 16, 22, 2, 21, 2, 28, 39, 19, 2, 20, 33, 38, 2, 22, 39]
    Edit distance: 8/34
  Sample 3:
    TRUE: [20, 3, 27, 17, 37, 39, 19, 0, 28, 30, 33, 21, 39, 22, 17, 8, 2, 8, 39, 6, 20, 1, 19, 39, 14, 20, 2, 34, 37, 39, 30, 33, 39, 6, 17, 39, 19, 2, 21, 26, 20, 17, 30, 20, 17, 39, 10, 20, 2, 14, 2, 22, 30, 39]
    PRED: [27, 3, 27, 39, 19, 0, 28, 33, 21, 37, 39, 22, 17, 8, 39, 6, 27, 2, 19, 39, 20, 2, 34, 37, 39, 30, 33, 39, 6, 17, 39, 19, 2, 21, 26, 33, 30, 20, 11, 39, 16, 20, 2, 22, 8, 39]
    Edit distance: 17/54
  Sample 4:
    TRUE: [9, 2, 39, 30, 33, 31, 39, 13, 10, 27, 17, 39, 13, 11, 14, 0, 30, 39, 30, 33, 39, 19, 2, 21, 39, 35, 10, 22, 39, 27, 0, 18, 11, 37, 39, 30, 33, 31, 39, 13, 10, 20, 39, 4, 30, 39]
    PRED: [9, 2, 39, 30, 33, 31, 39, 34, 12, 27, 17, 39, 26, 27, 17, 19, 0, 14, 30, 22, 39, 30, 33, 39, 19, 2, 21, 39, 35, 2, 22, 8, 39, 35, 3, 8, 11, 37, 39, 30, 33, 31, 39, 13, 10, 20, 39, 4, 30, 39]
    Edit distance: 13/46

============================================================
Batch 102500 | Val PER: 0.1713
============================================================
  Sample 0:
    TRUE: [31, 17, 0, 19, 27, 2, 28, 17, 39, 27, 17, 19, 2, 22, 28, 16, 8, 11, 8, 39]
    PRED: [8, 10, 0, 19, 27, 2, 28, 39, 27, 17, 14, 0, 22, 30, 2, 8, 39]
    Edit distance: 9/20
  Sample 1:
    TRUE: [27, 16, 7, 39, 26, 11, 7, 2, 28, 30, 39, 28, 10, 34, 27, 2, 20, 39, 28, 5, 22, 8, 39, 20, 16, 31, 2, 14, 27, 1, 13, 28, 39]
    PRED: [27, 12, 19, 39, 26, 0, 27, 7, 2, 39, 28, 10, 34, 2, 20, 39, 5, 22, 37, 39, 20, 16, 0, 13, 39]
    Edit distance: 15/33
  Sample 2:
    TRUE: [28, 24, 39, 27, 33, 20, 37, 39, 35, 17, 39, 21, 12, 8, 39, 16, 22, 39, 2, 22, 2, 6, 1, 29, 30, 39, 19, 2, 20, 33, 38, 2, 22, 39]
    PRED: [15, 2, 39, 27, 17, 20, 37, 39, 35, 17, 39, 21, 12, 8, 39, 16, 22, 39, 16, 22, 2, 34, 21, 2, 28, 39, 19, 2, 20, 33, 38, 2, 22, 39]
    Edit distance: 8/34
  Sample 3:
    TRUE: [20, 3, 27, 17, 37, 39, 19, 0, 28, 30, 33, 21, 39, 22, 17, 8, 2, 8, 39, 6, 20, 1, 19, 39, 14, 20, 2, 34, 37, 39, 30, 33, 39, 6, 17, 39, 19, 2, 21, 26, 20, 17, 30, 20, 17, 39, 10, 20, 2, 14, 2, 22, 30, 39]
    PRED: [27, 3, 27, 39, 19, 1, 28, 33, 21, 39, 22, 17, 8, 39, 6, 27, 1, 19, 39, 20, 2, 34, 37, 39, 30, 33, 39, 6, 17, 39, 19, 2, 21, 26, 33, 30, 20, 11, 39, 16, 20, 2, 22, 8, 39]
    Edit distance: 16/54
  Sample 4:
    TRUE: [9, 2, 39, 30, 33, 31, 39, 13, 10, 27, 17, 39, 13, 11, 14, 0, 30, 39, 30, 33, 39, 19, 2, 21, 39, 35, 10, 22, 39, 27, 0, 18, 11, 37, 39, 30, 33, 31, 39, 13, 10, 20, 39, 4, 30, 39]
    PRED: [9, 2, 39, 30, 33, 31, 39, 34, 10, 27, 17, 39, 26, 27, 17, 19, 0, 19, 30, 22, 39, 30, 33, 39, 19, 2, 21, 39, 35, 2, 22, 8, 39, 35, 5, 8, 11, 37, 39, 36, 33, 31, 39, 13, 10, 20, 39, 4, 30, 39]
    Edit distance: 13/46

============================================================
Batch 103000 | Val PER: 0.1721
============================================================
  Sample 0:
    TRUE: [31, 17, 0, 19, 27, 2, 28, 17, 39, 27, 17, 19, 2, 22, 28, 16, 8, 11, 8, 39]
    PRED: [8, 5, 0, 19, 27, 2, 28, 39, 17, 14, 0, 22, 30, 2, 8, 39]
    Edit distance: 10/20
  Sample 1:
    TRUE: [27, 16, 7, 39, 26, 11, 7, 2, 28, 30, 39, 28, 10, 34, 27, 2, 20, 39, 28, 5, 22, 8, 39, 20, 16, 31, 2, 14, 27, 1, 13, 28, 39]
    PRED: [27, 12, 19, 39, 26, 0, 27, 7, 2, 39, 28, 10, 34, 2, 20, 39, 5, 22, 37, 39, 20, 16, 0, 13, 39]
    Edit distance: 15/33
  Sample 2:
    TRUE: [28, 24, 39, 27, 33, 20, 37, 39, 35, 17, 39, 21, 12, 8, 39, 16, 22, 39, 2, 22, 2, 6, 1, 29, 30, 39, 19, 2, 20, 33, 38, 2, 22, 39]
    PRED: [15, 2, 39, 27, 17, 20, 37, 39, 35, 17, 39, 21, 12, 8, 39, 16, 22, 39, 16, 22, 2, 21, 2, 28, 39, 19, 2, 20, 33, 38, 2, 22, 39]
    Edit distance: 8/34
  Sample 3:
    TRUE: [20, 3, 27, 17, 37, 39, 19, 0, 28, 30, 33, 21, 39, 22, 17, 8, 2, 8, 39, 6, 20, 1, 19, 39, 14, 20, 2, 34, 37, 39, 30, 33, 39, 6, 17, 39, 19, 2, 21, 26, 20, 17, 30, 20, 17, 39, 10, 20, 2, 14, 2, 22, 30, 39]
    PRED: [27, 3, 27, 39, 19, 0, 28, 33, 21, 37, 39, 22, 17, 8, 39, 6, 27, 1, 19, 39, 20, 2, 34, 37, 39, 30, 33, 39, 6, 17, 39, 19, 2, 21, 26, 33, 30, 20, 11, 39, 16, 20, 2, 22, 8, 39]
    Edit distance: 16/54
  Sample 4:
    TRUE: [9, 2, 39, 30, 33, 31, 39, 13, 10, 27, 17, 39, 13, 11, 14, 0, 30, 39, 30, 33, 39, 19, 2, 21, 39, 35, 10, 22, 39, 27, 0, 18, 11, 37, 39, 30, 33, 31, 39, 13, 10, 20, 39, 4, 30, 39]
    PRED: [9, 2, 39, 30, 33, 31, 39, 34, 10, 27, 17, 39, 26, 27, 17, 19, 0, 19, 30, 22, 39, 30, 33, 39, 19, 2, 21, 39, 35, 2, 22, 8, 39, 35, 5, 8, 11, 37, 39, 30, 33, 31, 39, 13, 10, 20, 39, 4, 30, 39]
    Edit distance: 12/46

============================================================
Batch 103500 | Val PER: 0.1717
============================================================
  Sample 0:
    TRUE: [31, 17, 0, 19, 27, 2, 28, 17, 39, 27, 17, 19, 2, 22, 28, 16, 8, 11, 8, 39]
    PRED: [8, 5, 0, 19, 27, 2, 28, 39, 17, 14, 0, 22, 30, 2, 8, 39]
    Edit distance: 10/20
  Sample 1:
    TRUE: [27, 16, 7, 39, 26, 11, 7, 2, 28, 30, 39, 28, 10, 34, 27, 2, 20, 39, 28, 5, 22, 8, 39, 20, 16, 31, 2, 14, 27, 1, 13, 28, 39]
    PRED: [27, 12, 19, 39, 26, 0, 27, 7, 2, 39, 28, 10, 34, 2, 20, 39, 5, 22, 37, 39, 20, 16, 0, 13, 39]
    Edit distance: 15/33
  Sample 2:
    TRUE: [28, 24, 39, 27, 33, 20, 37, 39, 35, 17, 39, 21, 12, 8, 39, 16, 22, 39, 2, 22, 2, 6, 1, 29, 30, 39, 19, 2, 20, 33, 38, 2, 22, 39]
    PRED: [15, 2, 39, 27, 17, 20, 37, 39, 35, 17, 39, 21, 12, 8, 39, 16, 22, 39, 16, 22, 2, 21, 2, 28, 39, 19, 2, 20, 33, 38, 2, 22, 39]
    Edit distance: 8/34
  Sample 3:
    TRUE: [20, 3, 27, 17, 37, 39, 19, 0, 28, 30, 33, 21, 39, 22, 17, 8, 2, 8, 39, 6, 20, 1, 19, 39, 14, 20, 2, 34, 37, 39, 30, 33, 39, 6, 17, 39, 19, 2, 21, 26, 20, 17, 30, 20, 17, 39, 10, 20, 2, 14, 2, 22, 30, 39]
    PRED: [27, 3, 27, 39, 19, 0, 28, 33, 21, 37, 39, 22, 17, 8, 39, 6, 27, 1, 19, 39, 20, 2, 34, 37, 39, 30, 33, 39, 6, 17, 39, 19, 2, 21, 26, 33, 30, 20, 39, 16, 20, 2, 22, 39]
    Edit distance: 16/54
  Sample 4:
    TRUE: [9, 2, 39, 30, 33, 31, 39, 13, 10, 27, 17, 39, 13, 11, 14, 0, 30, 39, 30, 33, 39, 19, 2, 21, 39, 35, 10, 22, 39, 27, 0, 18, 11, 37, 39, 30, 33, 31, 39, 13, 10, 20, 39, 4, 30, 39]
    PRED: [9, 2, 39, 30, 33, 31, 39, 34, 10, 27, 17, 39, 26, 27, 17, 19, 0, 19, 30, 22, 39, 30, 33, 39, 19, 2, 21, 39, 35, 2, 22, 39, 35, 5, 8, 11, 37, 39, 30, 33, 31, 39, 13, 10, 20, 39, 4, 30, 39]
    Edit distance: 11/46

============================================================
Batch 104000 | Val PER: 0.1717
============================================================
  Sample 0:
    TRUE: [31, 17, 0, 19, 27, 2, 28, 17, 39, 27, 17, 19, 2, 22, 28, 16, 8, 11, 8, 39]
    PRED: [8, 0, 19, 27, 2, 28, 39, 17, 14, 0, 22, 30, 2, 8, 39]
    Edit distance: 10/20
  Sample 1:
    TRUE: [27, 16, 7, 39, 26, 11, 7, 2, 28, 30, 39, 28, 10, 34, 27, 2, 20, 39, 28, 5, 22, 8, 39, 20, 16, 31, 2, 14, 27, 1, 13, 28, 39]
    PRED: [27, 12, 19, 39, 26, 0, 27, 7, 2, 39, 28, 10, 34, 2, 20, 39, 5, 22, 37, 39, 20, 16, 0, 13, 39]
    Edit distance: 15/33
  Sample 2:
    TRUE: [28, 24, 39, 27, 33, 20, 37, 39, 35, 17, 39, 21, 12, 8, 39, 16, 22, 39, 2, 22, 2, 6, 1, 29, 30, 39, 19, 2, 20, 33, 38, 2, 22, 39]
    PRED: [15, 2, 39, 27, 17, 20, 37, 39, 35, 17, 39, 21, 12, 8, 39, 16, 22, 39, 16, 22, 2, 21, 2, 28, 39, 19, 2, 20, 33, 38, 2, 22, 39]
    Edit distance: 8/34
  Sample 3:
    TRUE: [20, 3, 27, 17, 37, 39, 19, 0, 28, 30, 33, 21, 39, 22, 17, 8, 2, 8, 39, 6, 20, 1, 19, 39, 14, 20, 2, 34, 37, 39, 30, 33, 39, 6, 17, 39, 19, 2, 21, 26, 20, 17, 30, 20, 17, 39, 10, 20, 2, 14, 2, 22, 30, 39]
    PRED: [27, 3, 27, 39, 19, 0, 28, 33, 21, 37, 39, 22, 17, 8, 39, 6, 27, 1, 19, 39, 20, 2, 34, 37, 39, 30, 33, 39, 6, 17, 39, 19, 2, 21, 26, 33, 30, 20, 11, 39, 10, 20, 2, 22, 8, 39]
    Edit distance: 15/54
  Sample 4:
    TRUE: [9, 2, 39, 30, 33, 31, 39, 13, 10, 27, 17, 39, 13, 11, 14, 0, 30, 39, 30, 33, 39, 19, 2, 21, 39, 35, 10, 22, 39, 27, 0, 18, 11, 37, 39, 30, 33, 31, 39, 13, 10, 20, 39, 4, 30, 39]
    PRED: [9, 2, 39, 30, 33, 31, 39, 34, 10, 27, 17, 39, 26, 27, 17, 19, 0, 19, 30, 22, 39, 30, 33, 39, 19, 2, 21, 39, 35, 2, 22, 8, 39, 35, 3, 8, 11, 37, 39, 30, 33, 31, 39, 13, 10, 20, 39, 4, 30, 39]
    Edit distance: 12/46

============================================================
Batch 104500 | Val PER: 0.1721
============================================================
  Sample 0:
    TRUE: [31, 17, 0, 19, 27, 2, 28, 17, 39, 27, 17, 19, 2, 22, 28, 16, 8, 11, 8, 39]
    PRED: [8, 0, 19, 27, 2, 28, 39, 17, 14, 0, 22, 30, 2, 8, 39]
    Edit distance: 10/20
  Sample 1:
    TRUE: [27, 16, 7, 39, 26, 11, 7, 2, 28, 30, 39, 28, 10, 34, 27, 2, 20, 39, 28, 5, 22, 8, 39, 20, 16, 31, 2, 14, 27, 1, 13, 28, 39]
    PRED: [27, 12, 19, 39, 26, 0, 27, 7, 2, 37, 39, 28, 10, 34, 2, 20, 39, 5, 22, 37, 39, 20, 16, 27, 0, 13, 39]
    Edit distance: 14/33
  Sample 2:
    TRUE: [28, 24, 39, 27, 33, 20, 37, 39, 35, 17, 39, 21, 12, 8, 39, 16, 22, 39, 2, 22, 2, 6, 1, 29, 30, 39, 19, 2, 20, 33, 38, 2, 22, 39]
    PRED: [15, 2, 39, 27, 17, 20, 37, 39, 35, 17, 39, 21, 12, 8, 39, 16, 22, 39, 16, 22, 2, 21, 2, 28, 39, 19, 2, 20, 33, 38, 2, 22, 39]
    Edit distance: 8/34
  Sample 3:
    TRUE: [20, 3, 27, 17, 37, 39, 19, 0, 28, 30, 33, 21, 39, 22, 17, 8, 2, 8, 39, 6, 20, 1, 19, 39, 14, 20, 2, 34, 37, 39, 30, 33, 39, 6, 17, 39, 19, 2, 21, 26, 20, 17, 30, 20, 17, 39, 10, 20, 2, 14, 2, 22, 30, 39]
    PRED: [27, 3, 27, 39, 19, 0, 28, 33, 21, 37, 39, 22, 17, 8, 39, 6, 27, 2, 19, 39, 20, 2, 34, 37, 39, 30, 33, 39, 6, 17, 39, 19, 2, 21, 26, 33, 30, 20, 11, 39, 16, 20, 2, 22, 8, 39]
    Edit distance: 17/54
  Sample 4:
    TRUE: [9, 2, 39, 30, 33, 31, 39, 13, 10, 27, 17, 39, 13, 11, 14, 0, 30, 39, 30, 33, 39, 19, 2, 21, 39, 35, 10, 22, 39, 27, 0, 18, 11, 37, 39, 30, 33, 31, 39, 13, 10, 20, 39, 4, 30, 39]
    PRED: [9, 2, 39, 30, 33, 31, 39, 34, 10, 27, 17, 39, 26, 27, 17, 19, 0, 19, 30, 22, 39, 30, 33, 39, 19, 2, 21, 39, 35, 2, 22, 39, 35, 3, 8, 11, 37, 39, 30, 33, 31, 39, 13, 10, 20, 39, 4, 30, 39]
    Edit distance: 11/46

============================================================
Batch 105000 | Val PER: 0.1723
============================================================
  Sample 0:
    TRUE: [31, 17, 0, 19, 27, 2, 28, 17, 39, 27, 17, 19, 2, 22, 28, 16, 8, 11, 8, 39]
    PRED: [8, 5, 0, 19, 27, 2, 28, 39, 17, 14, 0, 22, 30, 2, 8, 39]
    Edit distance: 10/20
  Sample 1:
    TRUE: [27, 16, 7, 39, 26, 11, 7, 2, 28, 30, 39, 28, 10, 34, 27, 2, 20, 39, 28, 5, 22, 8, 39, 20, 16, 31, 2, 14, 27, 1, 13, 28, 39]
    PRED: [27, 12, 19, 39, 26, 0, 27, 7, 2, 37, 39, 28, 10, 34, 2, 20, 39, 5, 22, 37, 39, 20, 16, 27, 0, 13, 39]
    Edit distance: 14/33
  Sample 2:
    TRUE: [28, 24, 39, 27, 33, 20, 37, 39, 35, 17, 39, 21, 12, 8, 39, 16, 22, 39, 2, 22, 2, 6, 1, 29, 30, 39, 19, 2, 20, 33, 38, 2, 22, 39]
    PRED: [15, 4, 39, 27, 17, 20, 37, 39, 35, 17, 39, 21, 12, 8, 39, 16, 22, 39, 16, 22, 2, 21, 2, 28, 39, 19, 2, 20, 33, 38, 2, 22, 39]
    Edit distance: 8/34
  Sample 3:
    TRUE: [20, 3, 27, 17, 37, 39, 19, 0, 28, 30, 33, 21, 39, 22, 17, 8, 2, 8, 39, 6, 20, 1, 19, 39, 14, 20, 2, 34, 37, 39, 30, 33, 39, 6, 17, 39, 19, 2, 21, 26, 20, 17, 30, 20, 17, 39, 10, 20, 2, 14, 2, 22, 30, 39]
    PRED: [27, 3, 27, 39, 19, 1, 28, 33, 21, 37, 39, 22, 17, 8, 39, 6, 27, 2, 19, 39, 20, 2, 34, 37, 39, 30, 33, 39, 6, 17, 39, 19, 2, 21, 26, 33, 30, 20, 11, 39, 16, 20, 2, 22, 8, 39]
    Edit distance: 18/54
  Sample 4:
    TRUE: [9, 2, 39, 30, 33, 31, 39, 13, 10, 27, 17, 39, 13, 11, 14, 0, 30, 39, 30, 33, 39, 19, 2, 21, 39, 35, 10, 22, 39, 27, 0, 18, 11, 37, 39, 30, 33, 31, 39, 13, 10, 20, 39, 4, 30, 39]
    PRED: [9, 2, 39, 30, 33, 31, 39, 34, 10, 27, 17, 39, 26, 27, 17, 19, 0, 19, 30, 22, 39, 30, 33, 39, 19, 2, 21, 39, 35, 2, 22, 8, 39, 35, 3, 8, 11, 37, 39, 30, 33, 31, 39, 13, 10, 20, 39, 4, 30, 39]
    Edit distance: 12/46

============================================================
Batch 105500 | Val PER: 0.1715
============================================================
  Sample 0:
    TRUE: [31, 17, 0, 19, 27, 2, 28, 17, 39, 27, 17, 19, 2, 22, 28, 16, 8, 11, 8, 39]
    PRED: [8, 5, 0, 19, 27, 2, 28, 39, 17, 14, 0, 22, 30, 2, 8, 39]
    Edit distance: 10/20
  Sample 1:
    TRUE: [27, 16, 7, 39, 26, 11, 7, 2, 28, 30, 39, 28, 10, 34, 27, 2, 20, 39, 28, 5, 22, 8, 39, 20, 16, 31, 2, 14, 27, 1, 13, 28, 39]
    PRED: [27, 12, 19, 39, 26, 0, 27, 7, 2, 37, 39, 28, 10, 34, 2, 20, 39, 5, 22, 37, 39, 20, 16, 27, 0, 13, 39]
    Edit distance: 14/33
  Sample 2:
    TRUE: [28, 24, 39, 27, 33, 20, 37, 39, 35, 17, 39, 21, 12, 8, 39, 16, 22, 39, 2, 22, 2, 6, 1, 29, 30, 39, 19, 2, 20, 33, 38, 2, 22, 39]
    PRED: [15, 4, 39, 27, 17, 20, 37, 39, 35, 17, 39, 21, 12, 8, 39, 16, 22, 39, 16, 22, 2, 21, 2, 28, 39, 19, 2, 20, 33, 38, 2, 22, 39]
    Edit distance: 8/34
  Sample 3:
    TRUE: [20, 3, 27, 17, 37, 39, 19, 0, 28, 30, 33, 21, 39, 22, 17, 8, 2, 8, 39, 6, 20, 1, 19, 39, 14, 20, 2, 34, 37, 39, 30, 33, 39, 6, 17, 39, 19, 2, 21, 26, 20, 17, 30, 20, 17, 39, 10, 20, 2, 14, 2, 22, 30, 39]
    PRED: [27, 3, 27, 39, 19, 1, 28, 33, 21, 37, 39, 22, 17, 8, 39, 6, 27, 2, 19, 39, 20, 2, 34, 37, 39, 30, 33, 39, 6, 17, 39, 19, 2, 21, 26, 17, 30, 20, 11, 39, 16, 20, 2, 22, 8, 39]
    Edit distance: 17/54
  Sample 4:
    TRUE: [9, 2, 39, 30, 33, 31, 39, 13, 10, 27, 17, 39, 13, 11, 14, 0, 30, 39, 30, 33, 39, 19, 2, 21, 39, 35, 10, 22, 39, 27, 0, 18, 11, 37, 39, 30, 33, 31, 39, 13, 10, 20, 39, 4, 30, 39]
    PRED: [9, 2, 39, 30, 33, 31, 39, 34, 10, 27, 17, 2, 39, 26, 27, 17, 19, 0, 19, 30, 22, 39, 30, 33, 39, 19, 2, 21, 39, 35, 2, 22, 8, 39, 35, 3, 8, 11, 37, 39, 36, 33, 31, 39, 13, 10, 20, 39, 4, 30, 39]
    Edit distance: 14/46

============================================================
Batch 106000 | Val PER: 0.1724
============================================================
  Sample 0:
    TRUE: [31, 17, 0, 19, 27, 2, 28, 17, 39, 27, 17, 19, 2, 22, 28, 16, 8, 11, 8, 39]
    PRED: [8, 0, 19, 27, 2, 28, 39, 17, 14, 0, 22, 8, 30, 2, 8, 39]
    Edit distance: 10/20
  Sample 1:
    TRUE: [27, 16, 7, 39, 26, 11, 7, 2, 28, 30, 39, 28, 10, 34, 27, 2, 20, 39, 28, 5, 22, 8, 39, 20, 16, 31, 2, 14, 27, 1, 13, 28, 39]
    PRED: [27, 12, 7, 39, 26, 0, 27, 7, 2, 37, 39, 28, 10, 34, 2, 20, 39, 5, 22, 37, 39, 20, 16, 34, 27, 0, 13, 39]
    Edit distance: 13/33
  Sample 2:
    TRUE: [28, 24, 39, 27, 33, 20, 37, 39, 35, 17, 39, 21, 12, 8, 39, 16, 22, 39, 2, 22, 2, 6, 1, 29, 30, 39, 19, 2, 20, 33, 38, 2, 22, 39]
    PRED: [15, 4, 39, 27, 17, 20, 37, 39, 35, 17, 39, 21, 12, 8, 39, 16, 22, 39, 16, 22, 2, 21, 2, 28, 39, 19, 2, 20, 33, 38, 2, 22, 39]
    Edit distance: 8/34
  Sample 3:
    TRUE: [20, 3, 27, 17, 37, 39, 19, 0, 28, 30, 33, 21, 39, 22, 17, 8, 2, 8, 39, 6, 20, 1, 19, 39, 14, 20, 2, 34, 37, 39, 30, 33, 39, 6, 17, 39, 19, 2, 21, 26, 20, 17, 30, 20, 17, 39, 10, 20, 2, 14, 2, 22, 30, 39]
    PRED: [27, 3, 27, 39, 19, 1, 28, 33, 21, 37, 39, 22, 17, 8, 39, 6, 20, 1, 19, 39, 20, 2, 34, 37, 39, 30, 33, 39, 6, 17, 39, 19, 2, 21, 26, 33, 30, 20, 11, 39, 16, 20, 2, 22, 8, 39]
    Edit distance: 16/54
  Sample 4:
    TRUE: [9, 2, 39, 30, 33, 31, 39, 13, 10, 27, 17, 39, 13, 11, 14, 0, 30, 39, 30, 33, 39, 19, 2, 21, 39, 35, 10, 22, 39, 27, 0, 18, 11, 37, 39, 30, 33, 31, 39, 13, 10, 20, 39, 4, 30, 39]
    PRED: [9, 2, 39, 30, 33, 31, 39, 34, 10, 27, 17, 2, 39, 26, 27, 17, 30, 19, 0, 19, 30, 22, 39, 30, 33, 39, 19, 2, 21, 39, 35, 2, 22, 8, 39, 35, 3, 8, 11, 37, 39, 36, 33, 31, 39, 13, 10, 20, 39, 4, 30, 39]
    Edit distance: 15/46

============================================================
Batch 106500 | Val PER: 0.1732
============================================================
  Sample 0:
    TRUE: [31, 17, 0, 19, 27, 2, 28, 17, 39, 27, 17, 19, 2, 22, 28, 16, 8, 11, 8, 39]
    PRED: [8, 5, 0, 19, 27, 2, 28, 39, 17, 14, 0, 22, 8, 2, 8, 39]
    Edit distance: 9/20
  Sample 1:
    TRUE: [27, 16, 7, 39, 26, 11, 7, 2, 28, 30, 39, 28, 10, 34, 27, 2, 20, 39, 28, 5, 22, 8, 39, 20, 16, 31, 2, 14, 27, 1, 13, 28, 39]
    PRED: [27, 17, 7, 39, 26, 0, 27, 7, 2, 37, 39, 28, 10, 34, 2, 20, 39, 5, 22, 37, 39, 20, 16, 27, 0, 13, 39]
    Edit distance: 13/33
  Sample 2:
    TRUE: [28, 24, 39, 27, 33, 20, 37, 39, 35, 17, 39, 21, 12, 8, 39, 16, 22, 39, 2, 22, 2, 6, 1, 29, 30, 39, 19, 2, 20, 33, 38, 2, 22, 39]
    PRED: [15, 2, 39, 27, 17, 20, 37, 39, 35, 17, 39, 21, 12, 8, 39, 16, 22, 39, 16, 22, 2, 21, 2, 28, 39, 19, 2, 20, 33, 38, 2, 22, 39]
    Edit distance: 8/34
  Sample 3:
    TRUE: [20, 3, 27, 17, 37, 39, 19, 0, 28, 30, 33, 21, 39, 22, 17, 8, 2, 8, 39, 6, 20, 1, 19, 39, 14, 20, 2, 34, 37, 39, 30, 33, 39, 6, 17, 39, 19, 2, 21, 26, 20, 17, 30, 20, 17, 39, 10, 20, 2, 14, 2, 22, 30, 39]
    PRED: [27, 3, 27, 39, 19, 1, 28, 33, 21, 37, 39, 22, 17, 8, 39, 6, 20, 1, 19, 39, 20, 2, 34, 37, 39, 30, 33, 39, 6, 17, 39, 19, 2, 21, 26, 33, 30, 20, 11, 39, 16, 20, 2, 22, 8, 39]
    Edit distance: 16/54
  Sample 4:
    TRUE: [9, 2, 39, 30, 33, 31, 39, 13, 10, 27, 17, 39, 13, 11, 14, 0, 30, 39, 30, 33, 39, 19, 2, 21, 39, 35, 10, 22, 39, 27, 0, 18, 11, 37, 39, 30, 33, 31, 39, 13, 10, 20, 39, 4, 30, 39]
    PRED: [9, 2, 39, 30, 33, 31, 39, 34, 10, 27, 17, 2, 39, 26, 27, 17, 30, 19, 0, 19, 30, 22, 39, 30, 33, 39, 19, 2, 21, 39, 35, 2, 22, 8, 39, 35, 3, 8, 11, 37, 39, 30, 33, 31, 39, 13, 10, 20, 39, 4, 30, 39]
    Edit distance: 14/46

============================================================
Batch 107000 | Val PER: 0.1727
============================================================
  Sample 0:
    TRUE: [31, 17, 0, 19, 27, 2, 28, 17, 39, 27, 17, 19, 2, 22, 28, 16, 8, 11, 8, 39]
    PRED: [8, 5, 0, 19, 27, 2, 28, 39, 17, 14, 0, 22, 8, 30, 2, 8, 39]
    Edit distance: 10/20
  Sample 1:
    TRUE: [27, 16, 7, 39, 26, 11, 7, 2, 28, 30, 39, 28, 10, 34, 27, 2, 20, 39, 28, 5, 22, 8, 39, 20, 16, 31, 2, 14, 27, 1, 13, 28, 39]
    PRED: [27, 17, 7, 39, 26, 0, 27, 7, 2, 37, 39, 28, 10, 34, 2, 20, 39, 5, 22, 37, 39, 20, 16, 27, 0, 13, 39]
    Edit distance: 13/33
  Sample 2:
    TRUE: [28, 24, 39, 27, 33, 20, 37, 39, 35, 17, 39, 21, 12, 8, 39, 16, 22, 39, 2, 22, 2, 6, 1, 29, 30, 39, 19, 2, 20, 33, 38, 2, 22, 39]
    PRED: [15, 4, 39, 27, 17, 20, 37, 39, 35, 17, 39, 21, 12, 8, 39, 16, 22, 39, 16, 22, 2, 21, 2, 28, 39, 19, 2, 20, 33, 38, 2, 22, 39]
    Edit distance: 8/34
  Sample 3:
    TRUE: [20, 3, 27, 17, 37, 39, 19, 0, 28, 30, 33, 21, 39, 22, 17, 8, 2, 8, 39, 6, 20, 1, 19, 39, 14, 20, 2, 34, 37, 39, 30, 33, 39, 6, 17, 39, 19, 2, 21, 26, 20, 17, 30, 20, 17, 39, 10, 20, 2, 14, 2, 22, 30, 39]
    PRED: [27, 3, 27, 39, 19, 0, 28, 33, 21, 37, 39, 22, 17, 8, 39, 6, 27, 1, 19, 39, 20, 2, 34, 37, 39, 30, 33, 39, 6, 17, 39, 19, 2, 21, 26, 33, 30, 20, 11, 39, 10, 20, 2, 22, 8, 39]
    Edit distance: 15/54
  Sample 4:
    TRUE: [9, 2, 39, 30, 33, 31, 39, 13, 10, 27, 17, 39, 13, 11, 14, 0, 30, 39, 30, 33, 39, 19, 2, 21, 39, 35, 10, 22, 39, 27, 0, 18, 11, 37, 39, 30, 33, 31, 39, 13, 10, 20, 39, 4, 30, 39]
    PRED: [9, 2, 39, 30, 33, 31, 39, 34, 10, 27, 17, 2, 39, 26, 27, 17, 30, 19, 19, 30, 22, 39, 30, 33, 39, 19, 2, 21, 39, 35, 2, 22, 39, 35, 5, 8, 11, 37, 39, 30, 33, 31, 39, 13, 10, 20, 39, 4, 30, 39]
    Edit distance: 13/46

============================================================
Batch 107500 | Val PER: 0.1716
============================================================
  Sample 0:
    TRUE: [31, 17, 0, 19, 27, 2, 28, 17, 39, 27, 17, 19, 2, 22, 28, 16, 8, 11, 8, 39]
    PRED: [8, 5, 0, 19, 27, 2, 28, 39, 17, 14, 0, 22, 8, 30, 2, 8, 39]
    Edit distance: 10/20
  Sample 1:
    TRUE: [27, 16, 7, 39, 26, 11, 7, 2, 28, 30, 39, 28, 10, 34, 27, 2, 20, 39, 28, 5, 22, 8, 39, 20, 16, 31, 2, 14, 27, 1, 13, 28, 39]
    PRED: [27, 17, 7, 39, 26, 0, 27, 7, 2, 37, 39, 28, 10, 34, 2, 20, 39, 5, 22, 37, 39, 20, 16, 27, 0, 13, 39]
    Edit distance: 13/33
  Sample 2:
    TRUE: [28, 24, 39, 27, 33, 20, 37, 39, 35, 17, 39, 21, 12, 8, 39, 16, 22, 39, 2, 22, 2, 6, 1, 29, 30, 39, 19, 2, 20, 33, 38, 2, 22, 39]
    PRED: [15, 2, 39, 27, 17, 20, 37, 39, 35, 17, 39, 21, 12, 8, 39, 16, 22, 39, 16, 22, 2, 21, 2, 28, 39, 19, 2, 20, 33, 38, 2, 22, 39]
    Edit distance: 8/34
  Sample 3:
    TRUE: [20, 3, 27, 17, 37, 39, 19, 0, 28, 30, 33, 21, 39, 22, 17, 8, 2, 8, 39, 6, 20, 1, 19, 39, 14, 20, 2, 34, 37, 39, 30, 33, 39, 6, 17, 39, 19, 2, 21, 26, 20, 17, 30, 20, 17, 39, 10, 20, 2, 14, 2, 22, 30, 39]
    PRED: [27, 3, 27, 39, 19, 1, 28, 33, 21, 37, 39, 22, 17, 8, 39, 6, 27, 1, 19, 39, 20, 2, 34, 37, 39, 30, 33, 39, 6, 17, 39, 19, 2, 21, 26, 33, 30, 20, 11, 39, 10, 20, 2, 22, 8, 39]
    Edit distance: 16/54
  Sample 4:
    TRUE: [9, 2, 39, 30, 33, 31, 39, 13, 10, 27, 17, 39, 13, 11, 14, 0, 30, 39, 30, 33, 39, 19, 2, 21, 39, 35, 10, 22, 39, 27, 0, 18, 11, 37, 39, 30, 33, 31, 39, 13, 10, 20, 39, 4, 30, 39]
    PRED: [9, 2, 39, 30, 33, 31, 39, 34, 10, 27, 17, 2, 39, 26, 27, 17, 19, 0, 19, 30, 22, 39, 30, 33, 39, 19, 2, 21, 39, 35, 2, 22, 39, 35, 5, 3, 8, 11, 37, 39, 30, 33, 31, 39, 13, 10, 20, 39, 4, 30, 39]
    Edit distance: 13/46

============================================================
Batch 108000 | Val PER: 0.1727
============================================================
  Sample 0:
    TRUE: [31, 17, 0, 19, 27, 2, 28, 17, 39, 27, 17, 19, 2, 22, 28, 16, 8, 11, 8, 39]
    PRED: [8, 5, 0, 19, 27, 2, 28, 39, 17, 14, 0, 22, 8, 30, 2, 8, 39]
    Edit distance: 10/20
  Sample 1:
    TRUE: [27, 16, 7, 39, 26, 11, 7, 2, 28, 30, 39, 28, 10, 34, 27, 2, 20, 39, 28, 5, 22, 8, 39, 20, 16, 31, 2, 14, 27, 1, 13, 28, 39]
    PRED: [27, 17, 19, 39, 26, 0, 27, 7, 2, 37, 39, 28, 10, 34, 2, 20, 39, 5, 22, 37, 39, 20, 16, 0, 13, 39]
    Edit distance: 15/33
  Sample 2:
    TRUE: [28, 24, 39, 27, 33, 20, 37, 39, 35, 17, 39, 21, 12, 8, 39, 16, 22, 39, 2, 22, 2, 6, 1, 29, 30, 39, 19, 2, 20, 33, 38, 2, 22, 39]
    PRED: [15, 4, 39, 27, 33, 20, 37, 39, 35, 17, 39, 21, 12, 8, 39, 16, 22, 39, 16, 22, 2, 21, 2, 28, 39, 19, 2, 20, 33, 38, 2, 22, 39]
    Edit distance: 7/34
  Sample 3:
    TRUE: [20, 3, 27, 17, 37, 39, 19, 0, 28, 30, 33, 21, 39, 22, 17, 8, 2, 8, 39, 6, 20, 1, 19, 39, 14, 20, 2, 34, 37, 39, 30, 33, 39, 6, 17, 39, 19, 2, 21, 26, 20, 17, 30, 20, 17, 39, 10, 20, 2, 14, 2, 22, 30, 39]
    PRED: [27, 3, 27, 39, 19, 1, 28, 33, 21, 37, 39, 22, 17, 8, 39, 6, 20, 1, 19, 39, 20, 2, 34, 37, 39, 30, 33, 39, 6, 17, 39, 19, 2, 21, 26, 33, 30, 20, 11, 39, 10, 20, 2, 22, 8, 39]
    Edit distance: 15/54
  Sample 4:
    TRUE: [9, 2, 39, 30, 33, 31, 39, 13, 10, 27, 17, 39, 13, 11, 14, 0, 30, 39, 30, 33, 39, 19, 2, 21, 39, 35, 10, 22, 39, 27, 0, 18, 11, 37, 39, 30, 33, 31, 39, 13, 10, 20, 39, 4, 30, 39]
    PRED: [9, 2, 39, 30, 33, 31, 39, 34, 10, 27, 17, 2, 39, 26, 27, 17, 19, 19, 30, 22, 39, 30, 33, 39, 19, 2, 21, 39, 35, 2, 22, 8, 39, 35, 3, 8, 11, 37, 39, 30, 33, 31, 39, 13, 10, 20, 39, 4, 30, 39]
    Edit distance: 13/46

============================================================
Batch 108500 | Val PER: 0.1724
============================================================
  Sample 0:
    TRUE: [31, 17, 0, 19, 27, 2, 28, 17, 39, 27, 17, 19, 2, 22, 28, 16, 8, 11, 8, 39]
    PRED: [8, 5, 0, 19, 27, 2, 28, 39, 27, 17, 14, 0, 22, 8, 30, 2, 8, 39]
    Edit distance: 9/20
  Sample 1:
    TRUE: [27, 16, 7, 39, 26, 11, 7, 2, 28, 30, 39, 28, 10, 34, 27, 2, 20, 39, 28, 5, 22, 8, 39, 20, 16, 31, 2, 14, 27, 1, 13, 28, 39]
    PRED: [27, 12, 7, 39, 26, 0, 27, 7, 2, 37, 39, 28, 10, 34, 2, 20, 39, 13, 5, 22, 37, 39, 20, 16, 0, 13, 39]
    Edit distance: 14/33
  Sample 2:
    TRUE: [28, 24, 39, 27, 33, 20, 37, 39, 35, 17, 39, 21, 12, 8, 39, 16, 22, 39, 2, 22, 2, 6, 1, 29, 30, 39, 19, 2, 20, 33, 38, 2, 22, 39]
    PRED: [15, 4, 39, 27, 24, 20, 37, 39, 35, 17, 39, 21, 12, 8, 39, 16, 22, 39, 16, 22, 2, 21, 2, 28, 39, 19, 2, 20, 33, 38, 2, 22, 39]
    Edit distance: 8/34
  Sample 3:
    TRUE: [20, 3, 27, 17, 37, 39, 19, 0, 28, 30, 33, 21, 39, 22, 17, 8, 2, 8, 39, 6, 20, 1, 19, 39, 14, 20, 2, 34, 37, 39, 30, 33, 39, 6, 17, 39, 19, 2, 21, 26, 20, 17, 30, 20, 17, 39, 10, 20, 2, 14, 2, 22, 30, 39]
    PRED: [27, 3, 27, 39, 19, 1, 28, 33, 21, 37, 39, 22, 17, 8, 39, 6, 27, 1, 19, 39, 20, 16, 34, 37, 39, 30, 33, 39, 6, 17, 39, 19, 2, 21, 26, 36, 33, 30, 20, 11, 39, 10, 20, 2, 22, 8, 39]
    Edit distance: 17/54
  Sample 4:
    TRUE: [9, 2, 39, 30, 33, 31, 39, 13, 10, 27, 17, 39, 13, 11, 14, 0, 30, 39, 30, 33, 39, 19, 2, 21, 39, 35, 10, 22, 39, 27, 0, 18, 11, 37, 39, 30, 33, 31, 39, 13, 10, 20, 39, 4, 30, 39]
    PRED: [9, 2, 39, 30, 33, 31, 39, 34, 10, 27, 17, 2, 39, 26, 27, 17, 19, 0, 19, 30, 22, 39, 30, 33, 39, 19, 2, 21, 39, 35, 2, 22, 8, 39, 35, 3, 8, 11, 37, 39, 30, 33, 31, 39, 13, 10, 20, 39, 4, 30, 39]
    Edit distance: 13/46

============================================================
Batch 109000 | Val PER: 0.1705
============================================================
  Sample 0:
    TRUE: [31, 17, 0, 19, 27, 2, 28, 17, 39, 27, 17, 19, 2, 22, 28, 16, 8, 11, 8, 39]
    PRED: [8, 5, 0, 19, 27, 2, 28, 39, 27, 17, 14, 0, 22, 8, 30, 2, 8, 39]
    Edit distance: 9/20
  Sample 1:
    TRUE: [27, 16, 7, 39, 26, 11, 7, 2, 28, 30, 39, 28, 10, 34, 27, 2, 20, 39, 28, 5, 22, 8, 39, 20, 16, 31, 2, 14, 27, 1, 13, 28, 39]
    PRED: [27, 12, 19, 39, 26, 0, 27, 7, 2, 37, 39, 28, 10, 34, 2, 20, 39, 13, 5, 22, 37, 39, 20, 16, 27, 0, 13, 39]
    Edit distance: 14/33
  Sample 2:
    TRUE: [28, 24, 39, 27, 33, 20, 37, 39, 35, 17, 39, 21, 12, 8, 39, 16, 22, 39, 2, 22, 2, 6, 1, 29, 30, 39, 19, 2, 20, 33, 38, 2, 22, 39]
    PRED: [15, 4, 39, 27, 33, 20, 37, 39, 35, 17, 39, 21, 12, 8, 39, 16, 22, 39, 16, 22, 2, 21, 2, 28, 39, 19, 2, 20, 33, 38, 2, 22, 39]
    Edit distance: 7/34
  Sample 3:
    TRUE: [20, 3, 27, 17, 37, 39, 19, 0, 28, 30, 33, 21, 39, 22, 17, 8, 2, 8, 39, 6, 20, 1, 19, 39, 14, 20, 2, 34, 37, 39, 30, 33, 39, 6, 17, 39, 19, 2, 21, 26, 20, 17, 30, 20, 17, 39, 10, 20, 2, 14, 2, 22, 30, 39]
    PRED: [27, 3, 27, 39, 19, 0, 28, 33, 21, 39, 22, 17, 8, 39, 6, 27, 1, 19, 39, 20, 16, 34, 37, 39, 30, 33, 39, 6, 17, 39, 19, 2, 21, 26, 36, 33, 30, 20, 11, 39, 10, 20, 2, 22, 8, 39]
    Edit distance: 15/54
  Sample 4:
    TRUE: [9, 2, 39, 30, 33, 31, 39, 13, 10, 27, 17, 39, 13, 11, 14, 0, 30, 39, 30, 33, 39, 19, 2, 21, 39, 35, 10, 22, 39, 27, 0, 18, 11, 37, 39, 30, 33, 31, 39, 13, 10, 20, 39, 4, 30, 39]
    PRED: [9, 2, 39, 30, 33, 31, 39, 34, 10, 27, 17, 2, 39, 26, 27, 17, 19, 0, 19, 30, 22, 39, 30, 33, 39, 19, 2, 21, 39, 35, 2, 22, 8, 39, 35, 3, 8, 11, 37, 39, 30, 33, 31, 39, 13, 10, 20, 39, 4, 30, 39]
    Edit distance: 13/46

============================================================
Batch 109500 | Val PER: 0.1721
============================================================
  Sample 0:
    TRUE: [31, 17, 0, 19, 27, 2, 28, 17, 39, 27, 17, 19, 2, 22, 28, 16, 8, 11, 8, 39]
    PRED: [8, 5, 0, 19, 27, 2, 28, 39, 17, 14, 0, 22, 30, 2, 8, 39]
    Edit distance: 10/20
  Sample 1:
    TRUE: [27, 16, 7, 39, 26, 11, 7, 2, 28, 30, 39, 28, 10, 34, 27, 2, 20, 39, 28, 5, 22, 8, 39, 20, 16, 31, 2, 14, 27, 1, 13, 28, 39]
    PRED: [27, 12, 19, 39, 26, 0, 27, 7, 2, 37, 39, 28, 10, 34, 2, 20, 39, 13, 5, 22, 37, 39, 20, 16, 27, 0, 13, 39]
    Edit distance: 14/33
  Sample 2:
    TRUE: [28, 24, 39, 27, 33, 20, 37, 39, 35, 17, 39, 21, 12, 8, 39, 16, 22, 39, 2, 22, 2, 6, 1, 29, 30, 39, 19, 2, 20, 33, 38, 2, 22, 39]
    PRED: [15, 4, 39, 27, 17, 20, 37, 39, 35, 17, 39, 21, 12, 8, 39, 16, 22, 39, 16, 22, 2, 21, 2, 28, 39, 19, 2, 20, 33, 38, 2, 22, 39]
    Edit distance: 8/34
  Sample 3:
    TRUE: [20, 3, 27, 17, 37, 39, 19, 0, 28, 30, 33, 21, 39, 22, 17, 8, 2, 8, 39, 6, 20, 1, 19, 39, 14, 20, 2, 34, 37, 39, 30, 33, 39, 6, 17, 39, 19, 2, 21, 26, 20, 17, 30, 20, 17, 39, 10, 20, 2, 14, 2, 22, 30, 39]
    PRED: [27, 3, 27, 39, 19, 0, 28, 33, 21, 39, 22, 17, 8, 39, 6, 27, 1, 19, 39, 20, 16, 34, 37, 39, 30, 33, 39, 6, 17, 39, 19, 2, 21, 26, 33, 30, 20, 11, 39, 16, 20, 2, 22, 8, 39]
    Edit distance: 16/54
  Sample 4:
    TRUE: [9, 2, 39, 30, 33, 31, 39, 13, 10, 27, 17, 39, 13, 11, 14, 0, 30, 39, 30, 33, 39, 19, 2, 21, 39, 35, 10, 22, 39, 27, 0, 18, 11, 37, 39, 30, 33, 31, 39, 13, 10, 20, 39, 4, 30, 39]
    PRED: [9, 2, 39, 30, 33, 31, 39, 34, 10, 27, 17, 2, 39, 26, 27, 17, 19, 0, 19, 30, 22, 39, 30, 33, 39, 19, 2, 21, 39, 35, 2, 22, 8, 39, 35, 3, 8, 11, 37, 39, 36, 33, 31, 39, 13, 10, 20, 39, 4, 30, 39]
    Edit distance: 14/46

============================================================
Batch 110000 | Val PER: 0.1726
============================================================
  Sample 0:
    TRUE: [31, 17, 0, 19, 27, 2, 28, 17, 39, 27, 17, 19, 2, 22, 28, 16, 8, 11, 8, 39]
    PRED: [8, 5, 0, 19, 27, 2, 28, 39, 17, 14, 0, 22, 30, 2, 8, 39]
    Edit distance: 10/20
  Sample 1:
    TRUE: [27, 16, 7, 39, 26, 11, 7, 2, 28, 30, 39, 28, 10, 34, 27, 2, 20, 39, 28, 5, 22, 8, 39, 20, 16, 31, 2, 14, 27, 1, 13, 28, 39]
    PRED: [27, 12, 19, 39, 26, 0, 27, 7, 2, 37, 39, 28, 10, 34, 2, 20, 39, 13, 5, 22, 37, 39, 20, 16, 27, 0, 13, 39]
    Edit distance: 14/33
  Sample 2:
    TRUE: [28, 24, 39, 27, 33, 20, 37, 39, 35, 17, 39, 21, 12, 8, 39, 16, 22, 39, 2, 22, 2, 6, 1, 29, 30, 39, 19, 2, 20, 33, 38, 2, 22, 39]
    PRED: [15, 4, 39, 27, 33, 20, 37, 39, 35, 17, 39, 21, 12, 8, 39, 16, 22, 39, 16, 22, 2, 21, 2, 28, 39, 19, 2, 20, 33, 38, 2, 22, 39]
    Edit distance: 7/34
  Sample 3:
    TRUE: [20, 3, 27, 17, 37, 39, 19, 0, 28, 30, 33, 21, 39, 22, 17, 8, 2, 8, 39, 6, 20, 1, 19, 39, 14, 20, 2, 34, 37, 39, 30, 33, 39, 6, 17, 39, 19, 2, 21, 26, 20, 17, 30, 20, 17, 39, 10, 20, 2, 14, 2, 22, 30, 39]
    PRED: [27, 3, 27, 39, 19, 1, 28, 33, 21, 39, 22, 17, 8, 39, 6, 27, 1, 19, 39, 20, 1, 34, 37, 39, 30, 33, 39, 6, 17, 39, 19, 2, 21, 26, 33, 30, 20, 11, 39, 16, 20, 2, 22, 8, 39]
    Edit distance: 17/54
  Sample 4:
    TRUE: [9, 2, 39, 30, 33, 31, 39, 13, 10, 27, 17, 39, 13, 11, 14, 0, 30, 39, 30, 33, 39, 19, 2, 21, 39, 35, 10, 22, 39, 27, 0, 18, 11, 37, 39, 30, 33, 31, 39, 13, 10, 20, 39, 4, 30, 39]
    PRED: [9, 2, 39, 30, 33, 31, 39, 34, 10, 27, 17, 2, 39, 26, 27, 17, 30, 0, 19, 30, 22, 39, 30, 33, 39, 19, 2, 21, 39, 35, 2, 22, 8, 39, 35, 3, 8, 11, 37, 39, 30, 33, 31, 39, 13, 10, 20, 39, 4, 30, 39]
    Edit distance: 13/46

============================================================
Batch 110500 | Val PER: 0.1719
============================================================
  Sample 0:
    TRUE: [31, 17, 0, 19, 27, 2, 28, 17, 39, 27, 17, 19, 2, 22, 28, 16, 8, 11, 8, 39]
    PRED: [8, 5, 0, 19, 27, 2, 28, 39, 17, 14, 0, 22, 30, 2, 8, 39]
    Edit distance: 10/20
  Sample 1:
    TRUE: [27, 16, 7, 39, 26, 11, 7, 2, 28, 30, 39, 28, 10, 34, 27, 2, 20, 39, 28, 5, 22, 8, 39, 20, 16, 31, 2, 14, 27, 1, 13, 28, 39]
    PRED: [27, 12, 19, 39, 26, 0, 27, 7, 2, 37, 39, 28, 10, 34, 2, 20, 39, 13, 5, 22, 37, 39, 20, 16, 34, 27, 0, 13, 39]
    Edit distance: 14/33
  Sample 2:
    TRUE: [28, 24, 39, 27, 33, 20, 37, 39, 35, 17, 39, 21, 12, 8, 39, 16, 22, 39, 2, 22, 2, 6, 1, 29, 30, 39, 19, 2, 20, 33, 38, 2, 22, 39]
    PRED: [15, 4, 39, 27, 17, 20, 37, 39, 35, 17, 39, 21, 12, 8, 39, 16, 22, 39, 16, 22, 2, 21, 2, 28, 39, 19, 2, 20, 33, 38, 2, 22, 39]
    Edit distance: 8/34
  Sample 3:
    TRUE: [20, 3, 27, 17, 37, 39, 19, 0, 28, 30, 33, 21, 39, 22, 17, 8, 2, 8, 39, 6, 20, 1, 19, 39, 14, 20, 2, 34, 37, 39, 30, 33, 39, 6, 17, 39, 19, 2, 21, 26, 20, 17, 30, 20, 17, 39, 10, 20, 2, 14, 2, 22, 30, 39]
    PRED: [27, 3, 27, 39, 19, 0, 28, 33, 21, 39, 22, 17, 8, 39, 6, 20, 1, 19, 39, 20, 1, 34, 37, 39, 30, 33, 39, 6, 17, 39, 19, 2, 21, 26, 33, 30, 20, 11, 39, 16, 20, 2, 22, 8, 39]
    Edit distance: 15/54
  Sample 4:
    TRUE: [9, 2, 39, 30, 33, 31, 39, 13, 10, 27, 17, 39, 13, 11, 14, 0, 30, 39, 30, 33, 39, 19, 2, 21, 39, 35, 10, 22, 39, 27, 0, 18, 11, 37, 39, 30, 33, 31, 39, 13, 10, 20, 39, 4, 30, 39]
    PRED: [9, 2, 39, 30, 33, 31, 39, 34, 10, 27, 17, 2, 39, 26, 27, 17, 19, 0, 19, 30, 22, 39, 30, 33, 39, 19, 2, 21, 39, 35, 2, 22, 8, 39, 35, 3, 8, 11, 37, 39, 30, 33, 31, 39, 13, 10, 20, 39, 4, 30, 39]
    Edit distance: 13/46

============================================================
Batch 111000 | Val PER: 0.1715
============================================================
  Sample 0:
    TRUE: [31, 17, 0, 19, 27, 2, 28, 17, 39, 27, 17, 19, 2, 22, 28, 16, 8, 11, 8, 39]
    PRED: [8, 0, 19, 27, 2, 28, 39, 27, 17, 14, 0, 22, 30, 2, 8, 39]
    Edit distance: 9/20
  Sample 1:
    TRUE: [27, 16, 7, 39, 26, 11, 7, 2, 28, 30, 39, 28, 10, 34, 27, 2, 20, 39, 28, 5, 22, 8, 39, 20, 16, 31, 2, 14, 27, 1, 13, 28, 39]
    PRED: [27, 12, 19, 39, 26, 0, 27, 7, 2, 37, 39, 28, 10, 34, 2, 20, 39, 13, 5, 22, 37, 39, 20, 16, 27, 27, 0, 13, 39]
    Edit distance: 14/33
  Sample 2:
    TRUE: [28, 24, 39, 27, 33, 20, 37, 39, 35, 17, 39, 21, 12, 8, 39, 16, 22, 39, 2, 22, 2, 6, 1, 29, 30, 39, 19, 2, 20, 33, 38, 2, 22, 39]
    PRED: [15, 4, 39, 27, 17, 20, 37, 39, 35, 17, 39, 21, 12, 8, 39, 16, 22, 39, 16, 22, 2, 21, 2, 28, 39, 19, 2, 20, 33, 38, 2, 22, 39]
    Edit distance: 8/34
  Sample 3:
    TRUE: [20, 3, 27, 17, 37, 39, 19, 0, 28, 30, 33, 21, 39, 22, 17, 8, 2, 8, 39, 6, 20, 1, 19, 39, 14, 20, 2, 34, 37, 39, 30, 33, 39, 6, 17, 39, 19, 2, 21, 26, 20, 17, 30, 20, 17, 39, 10, 20, 2, 14, 2, 22, 30, 39]
    PRED: [27, 3, 27, 39, 19, 0, 28, 33, 21, 37, 39, 22, 17, 8, 39, 6, 27, 1, 19, 39, 20, 16, 34, 37, 39, 30, 33, 39, 6, 17, 39, 19, 2, 21, 26, 17, 30, 20, 11, 39, 16, 20, 2, 22, 8, 39]
    Edit distance: 16/54
  Sample 4:
    TRUE: [9, 2, 39, 30, 33, 31, 39, 13, 10, 27, 17, 39, 13, 11, 14, 0, 30, 39, 30, 33, 39, 19, 2, 21, 39, 35, 10, 22, 39, 27, 0, 18, 11, 37, 39, 30, 33, 31, 39, 13, 10, 20, 39, 4, 30, 39]
    PRED: [9, 2, 39, 30, 33, 31, 39, 34, 10, 27, 17, 39, 26, 27, 17, 30, 0, 19, 30, 22, 39, 30, 33, 39, 19, 2, 21, 39, 35, 2, 22, 8, 39, 35, 3, 8, 11, 37, 39, 36, 33, 31, 39, 13, 10, 20, 39, 4, 30, 39]
    Edit distance: 13/46

============================================================
Batch 111500 | Val PER: 0.1716
============================================================
  Sample 0:
    TRUE: [31, 17, 0, 19, 27, 2, 28, 17, 39, 27, 17, 19, 2, 22, 28, 16, 8, 11, 8, 39]
    PRED: [8, 16, 0, 19, 27, 2, 28, 39, 27, 17, 14, 0, 22, 30, 2, 8, 39]
    Edit distance: 9/20
  Sample 1:
    TRUE: [27, 16, 7, 39, 26, 11, 7, 2, 28, 30, 39, 28, 10, 34, 27, 2, 20, 39, 28, 5, 22, 8, 39, 20, 16, 31, 2, 14, 27, 1, 13, 28, 39]
    PRED: [27, 12, 19, 39, 26, 0, 27, 7, 2, 37, 39, 28, 10, 34, 2, 20, 39, 13, 5, 22, 37, 39, 20, 16, 27, 27, 0, 13, 39]
    Edit distance: 14/33
  Sample 2:
    TRUE: [28, 24, 39, 27, 33, 20, 37, 39, 35, 17, 39, 21, 12, 8, 39, 16, 22, 39, 2, 22, 2, 6, 1, 29, 30, 39, 19, 2, 20, 33, 38, 2, 22, 39]
    PRED: [15, 4, 39, 27, 17, 20, 37, 39, 35, 17, 39, 21, 12, 8, 39, 16, 22, 39, 16, 22, 2, 21, 2, 28, 39, 19, 2, 20, 33, 38, 2, 22, 39]
    Edit distance: 8/34
  Sample 3:
    TRUE: [20, 3, 27, 17, 37, 39, 19, 0, 28, 30, 33, 21, 39, 22, 17, 8, 2, 8, 39, 6, 20, 1, 19, 39, 14, 20, 2, 34, 37, 39, 30, 33, 39, 6, 17, 39, 19, 2, 21, 26, 20, 17, 30, 20, 17, 39, 10, 20, 2, 14, 2, 22, 30, 39]
    PRED: [27, 3, 27, 39, 19, 0, 28, 33, 21, 37, 39, 22, 17, 8, 2, 8, 39, 6, 20, 2, 19, 39, 20, 2, 34, 37, 39, 30, 33, 39, 6, 17, 39, 19, 2, 21, 26, 36, 33, 30, 20, 11, 39, 16, 20, 2, 22, 8, 39]
    Edit distance: 14/54
  Sample 4:
    TRUE: [9, 2, 39, 30, 33, 31, 39, 13, 10, 27, 17, 39, 13, 11, 14, 0, 30, 39, 30, 33, 39, 19, 2, 21, 39, 35, 10, 22, 39, 27, 0, 18, 11, 37, 39, 30, 33, 31, 39, 13, 10, 20, 39, 4, 30, 39]
    PRED: [9, 2, 39, 30, 33, 31, 39, 34, 10, 27, 17, 2, 39, 26, 27, 17, 30, 0, 19, 30, 39, 30, 33, 39, 19, 2, 21, 39, 35, 2, 22, 8, 39, 35, 5, 3, 8, 11, 37, 39, 36, 33, 31, 39, 13, 10, 20, 39, 4, 30, 39]
    Edit distance: 14/46

============================================================
Batch 112000 | Val PER: 0.1714
============================================================
  Sample 0:
    TRUE: [31, 17, 0, 19, 27, 2, 28, 17, 39, 27, 17, 19, 2, 22, 28, 16, 8, 11, 8, 39]
    PRED: [8, 16, 0, 19, 27, 2, 28, 39, 27, 17, 14, 0, 22, 30, 2, 8, 39]
    Edit distance: 9/20
  Sample 1:
    TRUE: [27, 16, 7, 39, 26, 11, 7, 2, 28, 30, 39, 28, 10, 34, 27, 2, 20, 39, 28, 5, 22, 8, 39, 20, 16, 31, 2, 14, 27, 1, 13, 28, 39]
    PRED: [27, 12, 19, 39, 26, 0, 27, 7, 2, 37, 39, 28, 10, 34, 2, 20, 39, 13, 5, 22, 37, 39, 20, 16, 27, 27, 0, 13, 39]
    Edit distance: 14/33
  Sample 2:
    TRUE: [28, 24, 39, 27, 33, 20, 37, 39, 35, 17, 39, 21, 12, 8, 39, 16, 22, 39, 2, 22, 2, 6, 1, 29, 30, 39, 19, 2, 20, 33, 38, 2, 22, 39]
    PRED: [15, 4, 39, 27, 17, 20, 37, 39, 35, 17, 39, 21, 12, 8, 39, 16, 22, 39, 16, 22, 2, 21, 2, 28, 39, 19, 2, 20, 33, 38, 2, 22, 39]
    Edit distance: 8/34
  Sample 3:
    TRUE: [20, 3, 27, 17, 37, 39, 19, 0, 28, 30, 33, 21, 39, 22, 17, 8, 2, 8, 39, 6, 20, 1, 19, 39, 14, 20, 2, 34, 37, 39, 30, 33, 39, 6, 17, 39, 19, 2, 21, 26, 20, 17, 30, 20, 17, 39, 10, 20, 2, 14, 2, 22, 30, 39]
    PRED: [27, 3, 27, 39, 19, 0, 28, 33, 21, 37, 39, 22, 17, 8, 2, 8, 39, 6, 27, 2, 19, 39, 20, 16, 34, 37, 39, 30, 33, 39, 6, 17, 39, 19, 2, 21, 26, 36, 33, 30, 20, 11, 39, 16, 20, 2, 22, 8, 39]
    Edit distance: 16/54
  Sample 4:
    TRUE: [9, 2, 39, 30, 33, 31, 39, 13, 10, 27, 17, 39, 13, 11, 14, 0, 30, 39, 30, 33, 39, 19, 2, 21, 39, 35, 10, 22, 39, 27, 0, 18, 11, 37, 39, 30, 33, 31, 39, 13, 10, 20, 39, 4, 30, 39]
    PRED: [9, 2, 39, 30, 33, 31, 39, 34, 10, 27, 17, 39, 26, 27, 17, 30, 0, 19, 30, 39, 30, 33, 39, 19, 2, 21, 39, 35, 2, 22, 8, 39, 35, 3, 8, 11, 37, 39, 30, 33, 31, 39, 13, 10, 20, 39, 4, 30, 39]
    Edit distance: 11/46

============================================================
Batch 112500 | Val PER: 0.1723
============================================================
  Sample 0:
    TRUE: [31, 17, 0, 19, 27, 2, 28, 17, 39, 27, 17, 19, 2, 22, 28, 16, 8, 11, 8, 39]
    PRED: [8, 5, 0, 19, 27, 2, 28, 39, 27, 17, 14, 0, 22, 30, 2, 8, 39]
    Edit distance: 9/20
  Sample 1:
    TRUE: [27, 16, 7, 39, 26, 11, 7, 2, 28, 30, 39, 28, 10, 34, 27, 2, 20, 39, 28, 5, 22, 8, 39, 20, 16, 31, 2, 14, 27, 1, 13, 28, 39]
    PRED: [27, 12, 7, 39, 26, 0, 27, 7, 2, 37, 39, 28, 10, 34, 2, 20, 39, 13, 5, 22, 37, 39, 20, 16, 27, 27, 0, 13, 39]
    Edit distance: 13/33
  Sample 2:
    TRUE: [28, 24, 39, 27, 33, 20, 37, 39, 35, 17, 39, 21, 12, 8, 39, 16, 22, 39, 2, 22, 2, 6, 1, 29, 30, 39, 19, 2, 20, 33, 38, 2, 22, 39]
    PRED: [15, 4, 39, 27, 17, 20, 37, 39, 35, 17, 39, 21, 12, 8, 39, 16, 22, 39, 16, 22, 2, 21, 2, 28, 39, 19, 2, 20, 33, 38, 2, 22, 39]
    Edit distance: 8/34
  Sample 3:
    TRUE: [20, 3, 27, 17, 37, 39, 19, 0, 28, 30, 33, 21, 39, 22, 17, 8, 2, 8, 39, 6, 20, 1, 19, 39, 14, 20, 2, 34, 37, 39, 30, 33, 39, 6, 17, 39, 19, 2, 21, 26, 20, 17, 30, 20, 17, 39, 10, 20, 2, 14, 2, 22, 30, 39]
    PRED: [27, 3, 27, 39, 19, 0, 28, 33, 21, 39, 22, 17, 8, 2, 8, 39, 6, 27, 2, 19, 39, 20, 16, 34, 37, 39, 30, 33, 39, 6, 17, 39, 19, 2, 21, 26, 36, 33, 30, 20, 11, 39, 16, 20, 2, 22, 8, 39]
    Edit distance: 15/54
  Sample 4:
    TRUE: [9, 2, 39, 30, 33, 31, 39, 13, 10, 27, 17, 39, 13, 11, 14, 0, 30, 39, 30, 33, 39, 19, 2, 21, 39, 35, 10, 22, 39, 27, 0, 18, 11, 37, 39, 30, 33, 31, 39, 13, 10, 20, 39, 4, 30, 39]
    PRED: [9, 2, 39, 30, 33, 31, 39, 34, 10, 27, 17, 2, 39, 26, 27, 17, 30, 0, 19, 30, 39, 30, 33, 39, 19, 2, 21, 39, 35, 2, 22, 39, 35, 3, 8, 11, 37, 39, 36, 33, 31, 39, 13, 10, 20, 39, 4, 30, 39]
    Edit distance: 12/46

============================================================
Batch 113000 | Val PER: 0.1708
============================================================
  Sample 0:
    TRUE: [31, 17, 0, 19, 27, 2, 28, 17, 39, 27, 17, 19, 2, 22, 28, 16, 8, 11, 8, 39]
    PRED: [8, 5, 0, 19, 27, 2, 28, 39, 27, 17, 14, 0, 22, 30, 2, 8, 39]
    Edit distance: 9/20
  Sample 1:
    TRUE: [27, 16, 7, 39, 26, 11, 7, 2, 28, 30, 39, 28, 10, 34, 27, 2, 20, 39, 28, 5, 22, 8, 39, 20, 16, 31, 2, 14, 27, 1, 13, 28, 39]
    PRED: [27, 12, 7, 39, 26, 0, 27, 7, 2, 37, 39, 28, 10, 34, 2, 20, 39, 13, 5, 22, 37, 39, 20, 16, 27, 0, 13, 39]
    Edit distance: 13/33
  Sample 2:
    TRUE: [28, 24, 39, 27, 33, 20, 37, 39, 35, 17, 39, 21, 12, 8, 39, 16, 22, 39, 2, 22, 2, 6, 1, 29, 30, 39, 19, 2, 20, 33, 38, 2, 22, 39]
    PRED: [15, 4, 39, 27, 17, 20, 37, 39, 35, 17, 39, 21, 12, 8, 39, 16, 22, 39, 16, 22, 2, 21, 2, 28, 39, 19, 2, 20, 33, 38, 2, 22, 39]
    Edit distance: 8/34
  Sample 3:
    TRUE: [20, 3, 27, 17, 37, 39, 19, 0, 28, 30, 33, 21, 39, 22, 17, 8, 2, 8, 39, 6, 20, 1, 19, 39, 14, 20, 2, 34, 37, 39, 30, 33, 39, 6, 17, 39, 19, 2, 21, 26, 20, 17, 30, 20, 17, 39, 10, 20, 2, 14, 2, 22, 30, 39]
    PRED: [27, 3, 27, 39, 19, 0, 28, 33, 21, 39, 22, 17, 8, 2, 8, 39, 6, 20, 2, 19, 39, 20, 16, 34, 37, 39, 30, 33, 39, 6, 17, 39, 19, 2, 21, 26, 36, 33, 30, 20, 11, 39, 16, 20, 2, 22, 8, 39]
    Edit distance: 14/54
  Sample 4:
    TRUE: [9, 2, 39, 30, 33, 31, 39, 13, 10, 27, 17, 39, 13, 11, 14, 0, 30, 39, 30, 33, 39, 19, 2, 21, 39, 35, 10, 22, 39, 27, 0, 18, 11, 37, 39, 30, 33, 31, 39, 13, 10, 20, 39, 4, 30, 39]
    PRED: [9, 2, 39, 30, 33, 31, 39, 34, 10, 27, 17, 2, 39, 26, 27, 17, 19, 0, 19, 30, 22, 39, 30, 33, 39, 19, 2, 21, 39, 35, 2, 22, 39, 35, 3, 8, 11, 37, 39, 36, 33, 31, 39, 13, 10, 20, 39, 4, 30, 39]
    Edit distance: 13/46

============================================================
Batch 113500 | Val PER: 0.1709
============================================================
  Sample 0:
    TRUE: [31, 17, 0, 19, 27, 2, 28, 17, 39, 27, 17, 19, 2, 22, 28, 16, 8, 11, 8, 39]
    PRED: [8, 5, 19, 27, 2, 28, 39, 27, 17, 14, 0, 22, 30, 2, 8, 39]
    Edit distance: 10/20
  Sample 1:
    TRUE: [27, 16, 7, 39, 26, 11, 7, 2, 28, 30, 39, 28, 10, 34, 27, 2, 20, 39, 28, 5, 22, 8, 39, 20, 16, 31, 2, 14, 27, 1, 13, 28, 39]
    PRED: [27, 12, 7, 39, 26, 0, 27, 7, 2, 37, 39, 28, 10, 34, 2, 20, 39, 13, 5, 22, 37, 39, 20, 16, 27, 0, 13, 39]
    Edit distance: 13/33
  Sample 2:
    TRUE: [28, 24, 39, 27, 33, 20, 37, 39, 35, 17, 39, 21, 12, 8, 39, 16, 22, 39, 2, 22, 2, 6, 1, 29, 30, 39, 19, 2, 20, 33, 38, 2, 22, 39]
    PRED: [15, 4, 39, 27, 17, 20, 37, 39, 35, 17, 39, 21, 12, 8, 39, 16, 22, 39, 16, 22, 2, 21, 2, 28, 39, 19, 2, 20, 33, 38, 2, 22, 39]
    Edit distance: 8/34
  Sample 3:
    TRUE: [20, 3, 27, 17, 37, 39, 19, 0, 28, 30, 33, 21, 39, 22, 17, 8, 2, 8, 39, 6, 20, 1, 19, 39, 14, 20, 2, 34, 37, 39, 30, 33, 39, 6, 17, 39, 19, 2, 21, 26, 20, 17, 30, 20, 17, 39, 10, 20, 2, 14, 2, 22, 30, 39]
    PRED: [27, 3, 27, 39, 19, 0, 28, 33, 21, 39, 22, 17, 8, 2, 8, 39, 6, 20, 2, 19, 39, 20, 2, 34, 37, 39, 30, 33, 39, 6, 17, 39, 19, 2, 21, 26, 36, 17, 30, 20, 11, 39, 16, 20, 2, 22, 8, 39]
    Edit distance: 12/54
  Sample 4:
    TRUE: [9, 2, 39, 30, 33, 31, 39, 13, 10, 27, 17, 39, 13, 11, 14, 0, 30, 39, 30, 33, 39, 19, 2, 21, 39, 35, 10, 22, 39, 27, 0, 18, 11, 37, 39, 30, 33, 31, 39, 13, 10, 20, 39, 4, 30, 39]
    PRED: [9, 2, 39, 30, 33, 31, 39, 34, 10, 27, 17, 2, 39, 26, 27, 17, 19, 30, 22, 39, 30, 33, 39, 19, 2, 21, 39, 35, 2, 22, 39, 35, 3, 8, 11, 37, 39, 36, 33, 31, 39, 13, 10, 20, 39, 4, 30, 39]
    Edit distance: 12/46

============================================================
Batch 114000 | Val PER: 0.1706
============================================================
  Sample 0:
    TRUE: [31, 17, 0, 19, 27, 2, 28, 17, 39, 27, 17, 19, 2, 22, 28, 16, 8, 11, 8, 39]
    PRED: [8, 0, 19, 27, 2, 28, 39, 27, 17, 14, 0, 22, 30, 2, 8, 39]
    Edit distance: 9/20
  Sample 1:
    TRUE: [27, 16, 7, 39, 26, 11, 7, 2, 28, 30, 39, 28, 10, 34, 27, 2, 20, 39, 28, 5, 22, 8, 39, 20, 16, 31, 2, 14, 27, 1, 13, 28, 39]
    PRED: [27, 12, 19, 39, 26, 0, 27, 7, 2, 37, 39, 28, 10, 34, 2, 20, 39, 13, 5, 22, 37, 39, 20, 16, 27, 0, 13, 39]
    Edit distance: 14/33
  Sample 2:
    TRUE: [28, 24, 39, 27, 33, 20, 37, 39, 35, 17, 39, 21, 12, 8, 39, 16, 22, 39, 2, 22, 2, 6, 1, 29, 30, 39, 19, 2, 20, 33, 38, 2, 22, 39]
    PRED: [15, 4, 39, 27, 17, 20, 37, 39, 35, 17, 39, 21, 12, 8, 39, 16, 22, 39, 16, 22, 2, 21, 2, 28, 39, 19, 2, 20, 33, 38, 2, 22, 39]
    Edit distance: 8/34
  Sample 3:
    TRUE: [20, 3, 27, 17, 37, 39, 19, 0, 28, 30, 33, 21, 39, 22, 17, 8, 2, 8, 39, 6, 20, 1, 19, 39, 14, 20, 2, 34, 37, 39, 30, 33, 39, 6, 17, 39, 19, 2, 21, 26, 20, 17, 30, 20, 17, 39, 10, 20, 2, 14, 2, 22, 30, 39]
    PRED: [27, 3, 27, 39, 19, 0, 28, 33, 21, 39, 22, 17, 8, 2, 8, 39, 6, 20, 2, 19, 39, 20, 2, 34, 37, 39, 30, 33, 39, 6, 17, 39, 19, 2, 21, 26, 36, 33, 30, 20, 11, 39, 16, 20, 2, 22, 8, 39]
    Edit distance: 13/54
  Sample 4:
    TRUE: [9, 2, 39, 30, 33, 31, 39, 13, 10, 27, 17, 39, 13, 11, 14, 0, 30, 39, 30, 33, 39, 19, 2, 21, 39, 35, 10, 22, 39, 27, 0, 18, 11, 37, 39, 30, 33, 31, 39, 13, 10, 20, 39, 4, 30, 39]
    PRED: [9, 2, 39, 30, 33, 31, 39, 34, 10, 27, 17, 2, 39, 26, 27, 17, 19, 30, 22, 39, 30, 33, 39, 19, 2, 21, 39, 35, 2, 22, 39, 35, 3, 8, 11, 37, 39, 36, 33, 31, 39, 13, 10, 20, 39, 4, 30, 39]
    Edit distance: 12/46

============================================================
Batch 114500 | Val PER: 0.1716
============================================================
  Sample 0:
    TRUE: [31, 17, 0, 19, 27, 2, 28, 17, 39, 27, 17, 19, 2, 22, 28, 16, 8, 11, 8, 39]
    PRED: [8, 0, 19, 27, 2, 28, 39, 17, 14, 0, 22, 30, 2, 8, 39]
    Edit distance: 10/20
  Sample 1:
    TRUE: [27, 16, 7, 39, 26, 11, 7, 2, 28, 30, 39, 28, 10, 34, 27, 2, 20, 39, 28, 5, 22, 8, 39, 20, 16, 31, 2, 14, 27, 1, 13, 28, 39]
    PRED: [27, 12, 7, 39, 26, 0, 27, 7, 2, 37, 39, 28, 10, 34, 2, 20, 39, 13, 5, 22, 37, 39, 20, 16, 27, 0, 13, 39]
    Edit distance: 13/33
  Sample 2:
    TRUE: [28, 24, 39, 27, 33, 20, 37, 39, 35, 17, 39, 21, 12, 8, 39, 16, 22, 39, 2, 22, 2, 6, 1, 29, 30, 39, 19, 2, 20, 33, 38, 2, 22, 39]
    PRED: [15, 4, 39, 27, 17, 20, 37, 39, 35, 17, 39, 21, 12, 8, 39, 16, 22, 39, 16, 22, 2, 21, 2, 28, 39, 19, 2, 20, 33, 38, 2, 22, 39]
    Edit distance: 8/34
  Sample 3:
    TRUE: [20, 3, 27, 17, 37, 39, 19, 0, 28, 30, 33, 21, 39, 22, 17, 8, 2, 8, 39, 6, 20, 1, 19, 39, 14, 20, 2, 34, 37, 39, 30, 33, 39, 6, 17, 39, 19, 2, 21, 26, 20, 17, 30, 20, 17, 39, 10, 20, 2, 14, 2, 22, 30, 39]
    PRED: [27, 3, 27, 39, 19, 0, 28, 33, 21, 37, 39, 22, 17, 8, 2, 8, 39, 6, 20, 1, 19, 39, 20, 2, 34, 37, 39, 30, 33, 39, 6, 17, 39, 19, 2, 21, 26, 36, 33, 30, 20, 11, 39, 16, 20, 2, 22, 8, 39]
    Edit distance: 13/54
  Sample 4:
    TRUE: [9, 2, 39, 30, 33, 31, 39, 13, 10, 27, 17, 39, 13, 11, 14, 0, 30, 39, 30, 33, 39, 19, 2, 21, 39, 35, 10, 22, 39, 27, 0, 18, 11, 37, 39, 30, 33, 31, 39, 13, 10, 20, 39, 4, 30, 39]
    PRED: [9, 2, 39, 30, 33, 31, 39, 34, 10, 27, 17, 2, 39, 26, 27, 17, 19, 30, 22, 39, 30, 33, 39, 19, 2, 21, 39, 35, 2, 22, 8, 39, 35, 3, 8, 11, 37, 39, 36, 33, 31, 39, 13, 10, 20, 39, 4, 30, 39]
    Edit distance: 13/46

============================================================
Batch 115000 | Val PER: 0.1705
============================================================
  Sample 0:
    TRUE: [31, 17, 0, 19, 27, 2, 28, 17, 39, 27, 17, 19, 2, 22, 28, 16, 8, 11, 8, 39]
    PRED: [8, 0, 19, 27, 2, 28, 39, 27, 17, 14, 0, 22, 30, 2, 8, 39]
    Edit distance: 9/20
  Sample 1:
    TRUE: [27, 16, 7, 39, 26, 11, 7, 2, 28, 30, 39, 28, 10, 34, 27, 2, 20, 39, 28, 5, 22, 8, 39, 20, 16, 31, 2, 14, 27, 1, 13, 28, 39]
    PRED: [27, 12, 7, 39, 26, 0, 27, 7, 2, 37, 39, 28, 10, 34, 2, 20, 39, 5, 22, 37, 39, 20, 16, 27, 0, 13, 39]
    Edit distance: 13/33
  Sample 2:
    TRUE: [28, 24, 39, 27, 33, 20, 37, 39, 35, 17, 39, 21, 12, 8, 39, 16, 22, 39, 2, 22, 2, 6, 1, 29, 30, 39, 19, 2, 20, 33, 38, 2, 22, 39]
    PRED: [15, 4, 39, 27, 17, 20, 37, 39, 35, 17, 39, 21, 12, 8, 39, 16, 22, 39, 16, 22, 16, 2, 21, 2, 28, 39, 19, 2, 20, 33, 38, 2, 22, 39]
    Edit distance: 9/34
  Sample 3:
    TRUE: [20, 3, 27, 17, 37, 39, 19, 0, 28, 30, 33, 21, 39, 22, 17, 8, 2, 8, 39, 6, 20, 1, 19, 39, 14, 20, 2, 34, 37, 39, 30, 33, 39, 6, 17, 39, 19, 2, 21, 26, 20, 17, 30, 20, 17, 39, 10, 20, 2, 14, 2, 22, 30, 39]
    PRED: [27, 3, 27, 39, 19, 0, 28, 33, 21, 39, 22, 17, 8, 2, 8, 39, 6, 20, 1, 19, 39, 20, 2, 34, 37, 39, 30, 33, 39, 6, 17, 39, 19, 2, 21, 26, 36, 33, 30, 20, 11, 39, 16, 20, 2, 22, 8, 39]
    Edit distance: 12/54
  Sample 4:
    TRUE: [9, 2, 39, 30, 33, 31, 39, 13, 10, 27, 17, 39, 13, 11, 14, 0, 30, 39, 30, 33, 39, 19, 2, 21, 39, 35, 10, 22, 39, 27, 0, 18, 11, 37, 39, 30, 33, 31, 39, 13, 10, 20, 39, 4, 30, 39]
    PRED: [9, 2, 39, 30, 33, 31, 39, 34, 10, 27, 17, 2, 39, 26, 27, 17, 19, 0, 19, 30, 22, 39, 30, 33, 39, 19, 2, 21, 39, 35, 2, 22, 8, 39, 35, 3, 8, 11, 37, 39, 30, 33, 31, 39, 13, 10, 20, 39, 4, 30, 39]
    Edit distance: 13/46

============================================================
Batch 115500 | Val PER: 0.1704
============================================================
  Sample 0:
    TRUE: [31, 17, 0, 19, 27, 2, 28, 17, 39, 27, 17, 19, 2, 22, 28, 16, 8, 11, 8, 39]
    PRED: [8, 0, 19, 27, 2, 28, 39, 27, 17, 14, 0, 22, 30, 2, 8, 39]
    Edit distance: 9/20
  Sample 1:
    TRUE: [27, 16, 7, 39, 26, 11, 7, 2, 28, 30, 39, 28, 10, 34, 27, 2, 20, 39, 28, 5, 22, 8, 39, 20, 16, 31, 2, 14, 27, 1, 13, 28, 39]
    PRED: [27, 17, 7, 39, 26, 0, 27, 7, 2, 37, 39, 28, 10, 34, 2, 20, 39, 5, 22, 37, 39, 20, 16, 27, 0, 13, 39]
    Edit distance: 13/33
  Sample 2:
    TRUE: [28, 24, 39, 27, 33, 20, 37, 39, 35, 17, 39, 21, 12, 8, 39, 16, 22, 39, 2, 22, 2, 6, 1, 29, 30, 39, 19, 2, 20, 33, 38, 2, 22, 39]
    PRED: [15, 4, 39, 27, 17, 20, 37, 39, 35, 17, 39, 21, 12, 8, 39, 16, 22, 39, 16, 22, 2, 34, 21, 2, 28, 39, 19, 2, 20, 33, 38, 2, 22, 39]
    Edit distance: 8/34
  Sample 3:
    TRUE: [20, 3, 27, 17, 37, 39, 19, 0, 28, 30, 33, 21, 39, 22, 17, 8, 2, 8, 39, 6, 20, 1, 19, 39, 14, 20, 2, 34, 37, 39, 30, 33, 39, 6, 17, 39, 19, 2, 21, 26, 20, 17, 30, 20, 17, 39, 10, 20, 2, 14, 2, 22, 30, 39]
    PRED: [27, 3, 27, 39, 19, 0, 28, 33, 21, 37, 39, 22, 17, 8, 2, 8, 39, 6, 27, 1, 19, 39, 20, 2, 34, 37, 39, 30, 33, 39, 6, 17, 39, 19, 2, 21, 26, 36, 33, 30, 20, 11, 39, 16, 20, 2, 22, 8, 39]
    Edit distance: 14/54
  Sample 4:
    TRUE: [9, 2, 39, 30, 33, 31, 39, 13, 10, 27, 17, 39, 13, 11, 14, 0, 30, 39, 30, 33, 39, 19, 2, 21, 39, 35, 10, 22, 39, 27, 0, 18, 11, 37, 39, 30, 33, 31, 39, 13, 10, 20, 39, 4, 30, 39]
    PRED: [9, 2, 39, 30, 33, 31, 39, 34, 10, 27, 17, 2, 39, 26, 27, 17, 19, 0, 19, 30, 22, 39, 30, 33, 39, 19, 2, 21, 39, 35, 2, 22, 39, 35, 3, 8, 11, 37, 39, 30, 33, 31, 39, 13, 10, 20, 39, 4, 30, 39]
    Edit distance: 12/46

============================================================
Batch 116000 | Val PER: 0.1706
============================================================
  Sample 0:
    TRUE: [31, 17, 0, 19, 27, 2, 28, 17, 39, 27, 17, 19, 2, 22, 28, 16, 8, 11, 8, 39]
    PRED: [8, 0, 19, 27, 2, 28, 39, 17, 14, 0, 22, 30, 2, 8, 39]
    Edit distance: 10/20
  Sample 1:
    TRUE: [27, 16, 7, 39, 26, 11, 7, 2, 28, 30, 39, 28, 10, 34, 27, 2, 20, 39, 28, 5, 22, 8, 39, 20, 16, 31, 2, 14, 27, 1, 13, 28, 39]
    PRED: [27, 12, 7, 39, 26, 0, 27, 7, 2, 37, 39, 28, 10, 34, 2, 20, 39, 5, 22, 37, 39, 20, 16, 0, 13, 39]
    Edit distance: 14/33
  Sample 2:
    TRUE: [28, 24, 39, 27, 33, 20, 37, 39, 35, 17, 39, 21, 12, 8, 39, 16, 22, 39, 2, 22, 2, 6, 1, 29, 30, 39, 19, 2, 20, 33, 38, 2, 22, 39]
    PRED: [15, 4, 39, 27, 17, 20, 37, 39, 35, 17, 39, 21, 12, 8, 39, 16, 22, 39, 16, 22, 2, 21, 2, 28, 39, 19, 2, 20, 33, 38, 2, 22, 39]
    Edit distance: 8/34
  Sample 3:
    TRUE: [20, 3, 27, 17, 37, 39, 19, 0, 28, 30, 33, 21, 39, 22, 17, 8, 2, 8, 39, 6, 20, 1, 19, 39, 14, 20, 2, 34, 37, 39, 30, 33, 39, 6, 17, 39, 19, 2, 21, 26, 20, 17, 30, 20, 17, 39, 10, 20, 2, 14, 2, 22, 30, 39]
    PRED: [27, 3, 27, 39, 19, 0, 28, 33, 21, 39, 22, 17, 8, 2, 8, 39, 6, 20, 2, 19, 39, 20, 2, 34, 37, 39, 30, 33, 39, 6, 17, 39, 19, 2, 21, 26, 36, 33, 30, 20, 11, 39, 16, 20, 2, 22, 8, 39]
    Edit distance: 13/54
  Sample 4:
    TRUE: [9, 2, 39, 30, 33, 31, 39, 13, 10, 27, 17, 39, 13, 11, 14, 0, 30, 39, 30, 33, 39, 19, 2, 21, 39, 35, 10, 22, 39, 27, 0, 18, 11, 37, 39, 30, 33, 31, 39, 13, 10, 20, 39, 4, 30, 39]
    PRED: [9, 2, 39, 30, 33, 31, 39, 34, 10, 27, 17, 2, 39, 26, 27, 17, 19, 0, 19, 30, 22, 39, 30, 33, 39, 19, 2, 21, 39, 35, 2, 22, 39, 35, 3, 8, 11, 37, 39, 30, 33, 31, 39, 13, 10, 20, 39, 4, 30, 39]
    Edit distance: 12/46

============================================================
Batch 116500 | Val PER: 0.1700
============================================================
  Sample 0:
    TRUE: [31, 17, 0, 19, 27, 2, 28, 17, 39, 27, 17, 19, 2, 22, 28, 16, 8, 11, 8, 39]
    PRED: [8, 5, 0, 19, 27, 2, 28, 39, 27, 17, 14, 0, 22, 30, 2, 8, 39]
    Edit distance: 9/20
  Sample 1:
    TRUE: [27, 16, 7, 39, 26, 11, 7, 2, 28, 30, 39, 28, 10, 34, 27, 2, 20, 39, 28, 5, 22, 8, 39, 20, 16, 31, 2, 14, 27, 1, 13, 28, 39]
    PRED: [27, 17, 7, 39, 26, 0, 27, 7, 2, 37, 39, 28, 10, 34, 2, 20, 39, 5, 22, 37, 39, 20, 16, 27, 0, 13, 39]
    Edit distance: 13/33
  Sample 2:
    TRUE: [28, 24, 39, 27, 33, 20, 37, 39, 35, 17, 39, 21, 12, 8, 39, 16, 22, 39, 2, 22, 2, 6, 1, 29, 30, 39, 19, 2, 20, 33, 38, 2, 22, 39]
    PRED: [15, 4, 39, 27, 17, 20, 37, 39, 35, 17, 39, 21, 12, 8, 39, 16, 22, 39, 16, 22, 2, 21, 2, 28, 39, 19, 2, 20, 33, 38, 2, 22, 39]
    Edit distance: 8/34
  Sample 3:
    TRUE: [20, 3, 27, 17, 37, 39, 19, 0, 28, 30, 33, 21, 39, 22, 17, 8, 2, 8, 39, 6, 20, 1, 19, 39, 14, 20, 2, 34, 37, 39, 30, 33, 39, 6, 17, 39, 19, 2, 21, 26, 20, 17, 30, 20, 17, 39, 10, 20, 2, 14, 2, 22, 30, 39]
    PRED: [27, 3, 27, 39, 19, 0, 28, 33, 21, 39, 22, 17, 8, 2, 8, 39, 6, 20, 2, 19, 39, 20, 2, 34, 37, 39, 30, 33, 39, 6, 17, 39, 19, 2, 21, 26, 36, 33, 30, 20, 39, 16, 20, 2, 22, 8, 39]
    Edit distance: 13/54
  Sample 4:
    TRUE: [9, 2, 39, 30, 33, 31, 39, 13, 10, 27, 17, 39, 13, 11, 14, 0, 30, 39, 30, 33, 39, 19, 2, 21, 39, 35, 10, 22, 39, 27, 0, 18, 11, 37, 39, 30, 33, 31, 39, 13, 10, 20, 39, 4, 30, 39]
    PRED: [9, 2, 39, 30, 33, 31, 39, 34, 10, 27, 17, 39, 26, 27, 17, 30, 0, 19, 30, 39, 30, 33, 39, 19, 2, 21, 39, 35, 2, 22, 39, 35, 3, 8, 11, 37, 39, 30, 33, 31, 39, 13, 10, 20, 39, 4, 30, 39]
    Edit distance: 10/46

============================================================
Batch 117000 | Val PER: 0.1704
============================================================
  Sample 0:
    TRUE: [31, 17, 0, 19, 27, 2, 28, 17, 39, 27, 17, 19, 2, 22, 28, 16, 8, 11, 8, 39]
    PRED: [8, 16, 19, 27, 2, 28, 39, 27, 17, 14, 0, 22, 30, 2, 8, 39]
    Edit distance: 10/20
  Sample 1:
    TRUE: [27, 16, 7, 39, 26, 11, 7, 2, 28, 30, 39, 28, 10, 34, 27, 2, 20, 39, 28, 5, 22, 8, 39, 20, 16, 31, 2, 14, 27, 1, 13, 28, 39]
    PRED: [27, 17, 7, 39, 26, 0, 27, 7, 2, 37, 39, 28, 10, 34, 2, 20, 39, 5, 22, 37, 39, 20, 16, 27, 0, 13, 39]
    Edit distance: 13/33
  Sample 2:
    TRUE: [28, 24, 39, 27, 33, 20, 37, 39, 35, 17, 39, 21, 12, 8, 39, 16, 22, 39, 2, 22, 2, 6, 1, 29, 30, 39, 19, 2, 20, 33, 38, 2, 22, 39]
    PRED: [15, 4, 39, 27, 33, 20, 37, 39, 35, 17, 39, 21, 12, 8, 39, 16, 22, 39, 16, 22, 2, 21, 2, 28, 39, 19, 2, 20, 33, 38, 2, 22, 39]
    Edit distance: 7/34
  Sample 3:
    TRUE: [20, 3, 27, 17, 37, 39, 19, 0, 28, 30, 33, 21, 39, 22, 17, 8, 2, 8, 39, 6, 20, 1, 19, 39, 14, 20, 2, 34, 37, 39, 30, 33, 39, 6, 17, 39, 19, 2, 21, 26, 20, 17, 30, 20, 17, 39, 10, 20, 2, 14, 2, 22, 30, 39]
    PRED: [27, 3, 27, 39, 19, 0, 28, 33, 21, 39, 22, 17, 8, 2, 8, 39, 6, 27, 2, 19, 39, 20, 2, 34, 37, 39, 30, 33, 39, 6, 17, 39, 19, 2, 21, 26, 36, 33, 30, 20, 11, 39, 16, 20, 2, 22, 8, 39]
    Edit distance: 14/54
  Sample 4:
    TRUE: [9, 2, 39, 30, 33, 31, 39, 13, 10, 27, 17, 39, 13, 11, 14, 0, 30, 39, 30, 33, 39, 19, 2, 21, 39, 35, 10, 22, 39, 27, 0, 18, 11, 37, 39, 30, 33, 31, 39, 13, 10, 20, 39, 4, 30, 39]
    PRED: [9, 2, 39, 30, 33, 31, 39, 34, 10, 27, 17, 39, 26, 27, 17, 30, 0, 19, 30, 22, 39, 30, 33, 39, 19, 2, 21, 39, 35, 2, 22, 39, 35, 3, 8, 11, 37, 39, 30, 33, 31, 39, 13, 10, 20, 39, 4, 30, 39]
    Edit distance: 11/46

============================================================
Batch 117500 | Val PER: 0.1704
============================================================
  Sample 0:
    TRUE: [31, 17, 0, 19, 27, 2, 28, 17, 39, 27, 17, 19, 2, 22, 28, 16, 8, 11, 8, 39]
    PRED: [8, 5, 19, 27, 2, 28, 39, 17, 14, 0, 22, 30, 2, 8, 39]
    Edit distance: 11/20
  Sample 1:
    TRUE: [27, 16, 7, 39, 26, 11, 7, 2, 28, 30, 39, 28, 10, 34, 27, 2, 20, 39, 28, 5, 22, 8, 39, 20, 16, 31, 2, 14, 27, 1, 13, 28, 39]
    PRED: [27, 17, 7, 39, 26, 0, 27, 7, 2, 37, 39, 28, 10, 34, 2, 20, 39, 5, 22, 37, 39, 20, 16, 27, 0, 13, 39]
    Edit distance: 13/33
  Sample 2:
    TRUE: [28, 24, 39, 27, 33, 20, 37, 39, 35, 17, 39, 21, 12, 8, 39, 16, 22, 39, 2, 22, 2, 6, 1, 29, 30, 39, 19, 2, 20, 33, 38, 2, 22, 39]
    PRED: [15, 4, 39, 27, 17, 20, 37, 39, 35, 17, 39, 21, 12, 8, 39, 16, 22, 39, 16, 22, 2, 21, 2, 28, 39, 19, 2, 20, 33, 38, 2, 22, 39]
    Edit distance: 8/34
  Sample 3:
    TRUE: [20, 3, 27, 17, 37, 39, 19, 0, 28, 30, 33, 21, 39, 22, 17, 8, 2, 8, 39, 6, 20, 1, 19, 39, 14, 20, 2, 34, 37, 39, 30, 33, 39, 6, 17, 39, 19, 2, 21, 26, 20, 17, 30, 20, 17, 39, 10, 20, 2, 14, 2, 22, 30, 39]
    PRED: [27, 3, 27, 39, 19, 0, 28, 33, 21, 39, 22, 17, 8, 2, 8, 39, 6, 20, 1, 19, 39, 20, 2, 34, 37, 39, 30, 33, 39, 6, 17, 39, 19, 2, 21, 26, 36, 33, 30, 20, 11, 39, 16, 20, 2, 22, 8, 39]
    Edit distance: 12/54
  Sample 4:
    TRUE: [9, 2, 39, 30, 33, 31, 39, 13, 10, 27, 17, 39, 13, 11, 14, 0, 30, 39, 30, 33, 39, 19, 2, 21, 39, 35, 10, 22, 39, 27, 0, 18, 11, 37, 39, 30, 33, 31, 39, 13, 10, 20, 39, 4, 30, 39]
    PRED: [9, 2, 39, 30, 33, 31, 39, 34, 10, 27, 17, 39, 26, 27, 17, 30, 0, 19, 30, 39, 30, 33, 39, 19, 2, 21, 39, 35, 2, 22, 39, 35, 3, 8, 11, 37, 39, 30, 33, 31, 39, 13, 10, 20, 39, 4, 30, 39]
    Edit distance: 10/46

============================================================
Batch 118000 | Val PER: 0.1706
============================================================
  Sample 0:
    TRUE: [31, 17, 0, 19, 27, 2, 28, 17, 39, 27, 17, 19, 2, 22, 28, 16, 8, 11, 8, 39]
    PRED: [8, 5, 19, 27, 2, 28, 39, 17, 14, 0, 22, 30, 2, 8, 39]
    Edit distance: 11/20
  Sample 1:
    TRUE: [27, 16, 7, 39, 26, 11, 7, 2, 28, 30, 39, 28, 10, 34, 27, 2, 20, 39, 28, 5, 22, 8, 39, 20, 16, 31, 2, 14, 27, 1, 13, 28, 39]
    PRED: [27, 17, 7, 39, 26, 0, 27, 7, 2, 37, 39, 28, 10, 34, 2, 20, 39, 5, 22, 37, 39, 20, 16, 27, 0, 13, 39]
    Edit distance: 13/33
  Sample 2:
    TRUE: [28, 24, 39, 27, 33, 20, 37, 39, 35, 17, 39, 21, 12, 8, 39, 16, 22, 39, 2, 22, 2, 6, 1, 29, 30, 39, 19, 2, 20, 33, 38, 2, 22, 39]
    PRED: [15, 4, 39, 27, 33, 20, 37, 39, 35, 17, 39, 21, 12, 8, 39, 16, 22, 39, 16, 22, 2, 34, 21, 2, 28, 39, 19, 2, 20, 33, 38, 2, 22, 39]
    Edit distance: 7/34
  Sample 3:
    TRUE: [20, 3, 27, 17, 37, 39, 19, 0, 28, 30, 33, 21, 39, 22, 17, 8, 2, 8, 39, 6, 20, 1, 19, 39, 14, 20, 2, 34, 37, 39, 30, 33, 39, 6, 17, 39, 19, 2, 21, 26, 20, 17, 30, 20, 17, 39, 10, 20, 2, 14, 2, 22, 30, 39]
    PRED: [27, 3, 27, 39, 19, 0, 28, 33, 21, 39, 22, 17, 8, 2, 8, 39, 6, 27, 2, 19, 39, 20, 2, 34, 37, 39, 30, 33, 39, 6, 17, 39, 19, 2, 21, 26, 36, 33, 30, 20, 11, 39, 16, 20, 2, 22, 8, 39]
    Edit distance: 14/54
  Sample 4:
    TRUE: [9, 2, 39, 30, 33, 31, 39, 13, 10, 27, 17, 39, 13, 11, 14, 0, 30, 39, 30, 33, 39, 19, 2, 21, 39, 35, 10, 22, 39, 27, 0, 18, 11, 37, 39, 30, 33, 31, 39, 13, 10, 20, 39, 4, 30, 39]
    PRED: [9, 2, 39, 30, 33, 31, 39, 34, 10, 27, 17, 39, 26, 27, 17, 30, 0, 19, 30, 22, 39, 30, 33, 39, 19, 2, 21, 39, 35, 2, 22, 39, 35, 3, 8, 11, 37, 39, 30, 33, 31, 39, 13, 10, 20, 39, 4, 30, 39]
    Edit distance: 11/46

============================================================
Batch 118500 | Val PER: 0.1717
============================================================
  Sample 0:
    TRUE: [31, 17, 0, 19, 27, 2, 28, 17, 39, 27, 17, 19, 2, 22, 28, 16, 8, 11, 8, 39]
    PRED: [8, 16, 19, 27, 2, 28, 39, 17, 14, 0, 22, 30, 2, 8, 39]
    Edit distance: 11/20
  Sample 1:
    TRUE: [27, 16, 7, 39, 26, 11, 7, 2, 28, 30, 39, 28, 10, 34, 27, 2, 20, 39, 28, 5, 22, 8, 39, 20, 16, 31, 2, 14, 27, 1, 13, 28, 39]
    PRED: [27, 12, 7, 39, 26, 0, 27, 7, 2, 37, 39, 28, 10, 34, 2, 20, 39, 5, 22, 37, 39, 20, 16, 27, 0, 13, 39]
    Edit distance: 13/33
  Sample 2:
    TRUE: [28, 24, 39, 27, 33, 20, 37, 39, 35, 17, 39, 21, 12, 8, 39, 16, 22, 39, 2, 22, 2, 6, 1, 29, 30, 39, 19, 2, 20, 33, 38, 2, 22, 39]
    PRED: [15, 4, 39, 27, 17, 20, 37, 39, 35, 17, 39, 21, 12, 8, 39, 16, 22, 39, 16, 22, 2, 34, 21, 2, 28, 39, 19, 2, 20, 33, 38, 2, 22, 39]
    Edit distance: 8/34
  Sample 3:
    TRUE: [20, 3, 27, 17, 37, 39, 19, 0, 28, 30, 33, 21, 39, 22, 17, 8, 2, 8, 39, 6, 20, 1, 19, 39, 14, 20, 2, 34, 37, 39, 30, 33, 39, 6, 17, 39, 19, 2, 21, 26, 20, 17, 30, 20, 17, 39, 10, 20, 2, 14, 2, 22, 30, 39]
    PRED: [27, 3, 27, 39, 19, 0, 28, 33, 21, 39, 22, 17, 8, 2, 8, 39, 6, 27, 1, 19, 39, 20, 2, 34, 37, 39, 30, 33, 39, 6, 17, 39, 19, 2, 21, 26, 36, 33, 30, 20, 11, 39, 16, 20, 2, 22, 8, 39]
    Edit distance: 13/54
  Sample 4:
    TRUE: [9, 2, 39, 30, 33, 31, 39, 13, 10, 27, 17, 39, 13, 11, 14, 0, 30, 39, 30, 33, 39, 19, 2, 21, 39, 35, 10, 22, 39, 27, 0, 18, 11, 37, 39, 30, 33, 31, 39, 13, 10, 20, 39, 4, 30, 39]
    PRED: [9, 2, 39, 30, 33, 31, 39, 34, 10, 27, 17, 39, 26, 27, 17, 30, 0, 19, 30, 39, 30, 33, 39, 19, 2, 21, 39, 35, 2, 22, 39, 35, 3, 8, 11, 37, 39, 36, 33, 31, 39, 13, 10, 20, 39, 4, 30, 39]
    Edit distance: 11/46

============================================================
Batch 119000 | Val PER: 0.1705
============================================================
  Sample 0:
    TRUE: [31, 17, 0, 19, 27, 2, 28, 17, 39, 27, 17, 19, 2, 22, 28, 16, 8, 11, 8, 39]
    PRED: [8, 16, 19, 27, 2, 28, 39, 27, 17, 14, 0, 22, 30, 2, 8, 39]
    Edit distance: 10/20
  Sample 1:
    TRUE: [27, 16, 7, 39, 26, 11, 7, 2, 28, 30, 39, 28, 10, 34, 27, 2, 20, 39, 28, 5, 22, 8, 39, 20, 16, 31, 2, 14, 27, 1, 13, 28, 39]
    PRED: [27, 12, 7, 39, 26, 0, 27, 7, 2, 37, 39, 28, 10, 34, 2, 20, 39, 5, 22, 37, 39, 20, 16, 27, 0, 13, 39]
    Edit distance: 13/33
  Sample 2:
    TRUE: [28, 24, 39, 27, 33, 20, 37, 39, 35, 17, 39, 21, 12, 8, 39, 16, 22, 39, 2, 22, 2, 6, 1, 29, 30, 39, 19, 2, 20, 33, 38, 2, 22, 39]
    PRED: [15, 4, 39, 27, 33, 20, 37, 39, 35, 17, 39, 21, 12, 8, 39, 16, 22, 39, 16, 22, 2, 34, 21, 2, 28, 39, 19, 2, 20, 33, 38, 2, 22, 39]
    Edit distance: 7/34
  Sample 3:
    TRUE: [20, 3, 27, 17, 37, 39, 19, 0, 28, 30, 33, 21, 39, 22, 17, 8, 2, 8, 39, 6, 20, 1, 19, 39, 14, 20, 2, 34, 37, 39, 30, 33, 39, 6, 17, 39, 19, 2, 21, 26, 20, 17, 30, 20, 17, 39, 10, 20, 2, 14, 2, 22, 30, 39]
    PRED: [27, 3, 27, 39, 19, 0, 28, 33, 21, 39, 22, 17, 8, 2, 8, 39, 6, 27, 2, 19, 39, 20, 2, 34, 37, 39, 30, 33, 39, 6, 17, 39, 19, 2, 21, 26, 36, 33, 30, 20, 11, 39, 16, 20, 2, 22, 8, 39]
    Edit distance: 14/54
  Sample 4:
    TRUE: [9, 2, 39, 30, 33, 31, 39, 13, 10, 27, 17, 39, 13, 11, 14, 0, 30, 39, 30, 33, 39, 19, 2, 21, 39, 35, 10, 22, 39, 27, 0, 18, 11, 37, 39, 30, 33, 31, 39, 13, 10, 20, 39, 4, 30, 39]
    PRED: [9, 2, 39, 30, 33, 31, 39, 34, 10, 27, 17, 39, 26, 27, 17, 30, 0, 19, 30, 39, 30, 33, 39, 19, 2, 21, 39, 35, 2, 22, 39, 35, 3, 8, 11, 37, 39, 30, 33, 31, 39, 13, 10, 20, 39, 4, 30, 39]
    Edit distance: 10/46

============================================================
Batch 119500 | Val PER: 0.1727
============================================================
  Sample 0:
    TRUE: [31, 17, 0, 19, 27, 2, 28, 17, 39, 27, 17, 19, 2, 22, 28, 16, 8, 11, 8, 39]
    PRED: [8, 10, 19, 27, 2, 28, 39, 17, 14, 0, 22, 30, 2, 8, 39]
    Edit distance: 11/20
  Sample 1:
    TRUE: [27, 16, 7, 39, 26, 11, 7, 2, 28, 30, 39, 28, 10, 34, 27, 2, 20, 39, 28, 5, 22, 8, 39, 20, 16, 31, 2, 14, 27, 1, 13, 28, 39]
    PRED: [27, 12, 19, 39, 26, 0, 27, 7, 2, 37, 39, 28, 10, 34, 2, 20, 39, 13, 5, 22, 37, 39, 20, 16, 27, 0, 13, 39]
    Edit distance: 14/33
  Sample 2:
    TRUE: [28, 24, 39, 27, 33, 20, 37, 39, 35, 17, 39, 21, 12, 8, 39, 16, 22, 39, 2, 22, 2, 6, 1, 29, 30, 39, 19, 2, 20, 33, 38, 2, 22, 39]
    PRED: [15, 2, 39, 27, 33, 20, 37, 39, 35, 17, 39, 21, 12, 8, 39, 16, 22, 39, 16, 22, 2, 34, 21, 2, 28, 39, 19, 2, 20, 33, 38, 2, 22, 39]
    Edit distance: 7/34
  Sample 3:
    TRUE: [20, 3, 27, 17, 37, 39, 19, 0, 28, 30, 33, 21, 39, 22, 17, 8, 2, 8, 39, 6, 20, 1, 19, 39, 14, 20, 2, 34, 37, 39, 30, 33, 39, 6, 17, 39, 19, 2, 21, 26, 20, 17, 30, 20, 17, 39, 10, 20, 2, 14, 2, 22, 30, 39]
    PRED: [27, 3, 27, 39, 19, 0, 28, 33, 21, 39, 22, 17, 8, 2, 8, 39, 6, 27, 2, 19, 39, 20, 2, 34, 37, 39, 30, 33, 39, 6, 17, 39, 19, 2, 21, 26, 36, 33, 30, 20, 11, 39, 10, 20, 2, 22, 8, 39]
    Edit distance: 13/54
  Sample 4:
    TRUE: [9, 2, 39, 30, 33, 31, 39, 13, 10, 27, 17, 39, 13, 11, 14, 0, 30, 39, 30, 33, 39, 19, 2, 21, 39, 35, 10, 22, 39, 27, 0, 18, 11, 37, 39, 30, 33, 31, 39, 13, 10, 20, 39, 4, 30, 39]
    PRED: [9, 2, 39, 30, 33, 31, 39, 34, 10, 27, 17, 2, 39, 26, 27, 17, 30, 0, 19, 30, 39, 30, 33, 39, 19, 2, 21, 39, 35, 2, 22, 39, 35, 3, 8, 11, 37, 39, 36, 33, 31, 39, 13, 10, 20, 39, 4, 30, 39]
    Edit distance: 12/46

============================================================
Batch 120000 | Val PER: 0.1731
============================================================
  Sample 0:
    TRUE: [31, 17, 0, 19, 27, 2, 28, 17, 39, 27, 17, 19, 2, 22, 28, 16, 8, 11, 8, 39]
    PRED: [8, 10, 0, 8, 19, 27, 2, 28, 39, 17, 14, 0, 22, 30, 2, 8, 39]
    Edit distance: 11/20
  Sample 1:
    TRUE: [27, 16, 7, 39, 26, 11, 7, 2, 28, 30, 39, 28, 10, 34, 27, 2, 20, 39, 28, 5, 22, 8, 39, 20, 16, 31, 2, 14, 27, 1, 13, 28, 39]
    PRED: [27, 17, 7, 39, 26, 0, 27, 7, 2, 37, 39, 28, 10, 34, 2, 20, 39, 13, 5, 22, 37, 39, 20, 16, 27, 0, 13, 39]
    Edit distance: 13/33
  Sample 2:
    TRUE: [28, 24, 39, 27, 33, 20, 37, 39, 35, 17, 39, 21, 12, 8, 39, 16, 22, 39, 2, 22, 2, 6, 1, 29, 30, 39, 19, 2, 20, 33, 38, 2, 22, 39]
    PRED: [15, 2, 39, 27, 33, 20, 37, 39, 35, 17, 39, 21, 12, 8, 39, 16, 22, 39, 16, 22, 2, 34, 21, 2, 28, 39, 19, 2, 20, 33, 38, 2, 22, 39]
    Edit distance: 7/34
  Sample 3:
    TRUE: [20, 3, 27, 17, 37, 39, 19, 0, 28, 30, 33, 21, 39, 22, 17, 8, 2, 8, 39, 6, 20, 1, 19, 39, 14, 20, 2, 34, 37, 39, 30, 33, 39, 6, 17, 39, 19, 2, 21, 26, 20, 17, 30, 20, 17, 39, 10, 20, 2, 14, 2, 22, 30, 39]
    PRED: [27, 3, 27, 39, 19, 0, 28, 33, 21, 39, 22, 17, 8, 2, 8, 39, 6, 27, 1, 19, 39, 20, 2, 34, 37, 39, 30, 33, 39, 6, 17, 39, 19, 2, 21, 26, 36, 33, 30, 20, 39, 16, 20, 2, 22, 8, 39]
    Edit distance: 13/54
  Sample 4:
    TRUE: [9, 2, 39, 30, 33, 31, 39, 13, 10, 27, 17, 39, 13, 11, 14, 0, 30, 39, 30, 33, 39, 19, 2, 21, 39, 35, 10, 22, 39, 27, 0, 18, 11, 37, 39, 30, 33, 31, 39, 13, 10, 20, 39, 4, 30, 39]
    PRED: [9, 2, 39, 30, 33, 31, 39, 34, 10, 27, 17, 2, 39, 26, 27, 17, 30, 0, 19, 30, 22, 39, 30, 33, 39, 19, 2, 21, 39, 35, 2, 22, 39, 35, 3, 8, 11, 37, 39, 30, 33, 31, 39, 13, 10, 20, 39, 4, 30, 39]
    Edit distance: 12/46

============================================================
Batch 120500 | Val PER: 0.1715
============================================================
  Sample 0:
    TRUE: [31, 17, 0, 19, 27, 2, 28, 17, 39, 27, 17, 19, 2, 22, 28, 16, 8, 11, 8, 39]
    PRED: [8, 16, 19, 27, 2, 28, 39, 17, 14, 0, 22, 30, 2, 8, 39]
    Edit distance: 11/20
  Sample 1:
    TRUE: [27, 16, 7, 39, 26, 11, 7, 2, 28, 30, 39, 28, 10, 34, 27, 2, 20, 39, 28, 5, 22, 8, 39, 20, 16, 31, 2, 14, 27, 1, 13, 28, 39]
    PRED: [27, 17, 7, 39, 26, 0, 27, 7, 2, 37, 39, 28, 10, 34, 2, 20, 39, 13, 5, 22, 37, 39, 20, 16, 27, 0, 13, 39]
    Edit distance: 13/33
  Sample 2:
    TRUE: [28, 24, 39, 27, 33, 20, 37, 39, 35, 17, 39, 21, 12, 8, 39, 16, 22, 39, 2, 22, 2, 6, 1, 29, 30, 39, 19, 2, 20, 33, 38, 2, 22, 39]
    PRED: [15, 2, 39, 27, 33, 20, 37, 39, 35, 17, 39, 21, 12, 8, 39, 16, 22, 39, 16, 22, 2, 21, 2, 28, 39, 19, 2, 20, 33, 38, 2, 22, 39]
    Edit distance: 7/34
  Sample 3:
    TRUE: [20, 3, 27, 17, 37, 39, 19, 0, 28, 30, 33, 21, 39, 22, 17, 8, 2, 8, 39, 6, 20, 1, 19, 39, 14, 20, 2, 34, 37, 39, 30, 33, 39, 6, 17, 39, 19, 2, 21, 26, 20, 17, 30, 20, 17, 39, 10, 20, 2, 14, 2, 22, 30, 39]
    PRED: [27, 3, 27, 39, 19, 0, 28, 33, 21, 39, 22, 17, 8, 2, 8, 39, 6, 20, 2, 19, 39, 20, 2, 34, 37, 39, 30, 33, 39, 6, 17, 39, 19, 2, 21, 26, 36, 33, 30, 20, 20, 39, 16, 20, 2, 22, 8, 39]
    Edit distance: 13/54
  Sample 4:
    TRUE: [9, 2, 39, 30, 33, 31, 39, 13, 10, 27, 17, 39, 13, 11, 14, 0, 30, 39, 30, 33, 39, 19, 2, 21, 39, 35, 10, 22, 39, 27, 0, 18, 11, 37, 39, 30, 33, 31, 39, 13, 10, 20, 39, 4, 30, 39]
    PRED: [9, 2, 39, 30, 33, 31, 39, 34, 10, 27, 17, 2, 39, 26, 27, 17, 30, 0, 19, 30, 22, 39, 30, 33, 39, 19, 2, 21, 39, 35, 2, 22, 39, 35, 3, 8, 11, 37, 39, 30, 33, 31, 39, 13, 10, 20, 39, 4, 30, 39]
    Edit distance: 12/46

============================================================
Batch 121000 | Val PER: 0.1725
============================================================
  Sample 0:
    TRUE: [31, 17, 0, 19, 27, 2, 28, 17, 39, 27, 17, 19, 2, 22, 28, 16, 8, 11, 8, 39]
    PRED: [8, 16, 19, 27, 2, 28, 39, 17, 14, 0, 22, 30, 2, 8, 39]
    Edit distance: 11/20
  Sample 1:
    TRUE: [27, 16, 7, 39, 26, 11, 7, 2, 28, 30, 39, 28, 10, 34, 27, 2, 20, 39, 28, 5, 22, 8, 39, 20, 16, 31, 2, 14, 27, 1, 13, 28, 39]
    PRED: [27, 17, 7, 39, 26, 0, 27, 7, 2, 37, 39, 28, 10, 34, 2, 20, 39, 13, 5, 22, 37, 39, 20, 16, 27, 0, 13, 39]
    Edit distance: 13/33
  Sample 2:
    TRUE: [28, 24, 39, 27, 33, 20, 37, 39, 35, 17, 39, 21, 12, 8, 39, 16, 22, 39, 2, 22, 2, 6, 1, 29, 30, 39, 19, 2, 20, 33, 38, 2, 22, 39]
    PRED: [15, 4, 39, 27, 17, 20, 37, 39, 35, 17, 39, 21, 12, 8, 39, 16, 22, 39, 16, 22, 2, 21, 2, 28, 39, 19, 2, 20, 33, 38, 2, 22, 39]
    Edit distance: 8/34
  Sample 3:
    TRUE: [20, 3, 27, 17, 37, 39, 19, 0, 28, 30, 33, 21, 39, 22, 17, 8, 2, 8, 39, 6, 20, 1, 19, 39, 14, 20, 2, 34, 37, 39, 30, 33, 39, 6, 17, 39, 19, 2, 21, 26, 20, 17, 30, 20, 17, 39, 10, 20, 2, 14, 2, 22, 30, 39]
    PRED: [27, 3, 27, 39, 19, 0, 28, 33, 21, 39, 22, 17, 8, 2, 8, 39, 6, 20, 1, 19, 39, 20, 1, 34, 37, 39, 30, 33, 39, 6, 17, 39, 19, 2, 21, 26, 36, 33, 30, 20, 39, 16, 20, 2, 22, 8, 39]
    Edit distance: 13/54
  Sample 4:
    TRUE: [9, 2, 39, 30, 33, 31, 39, 13, 10, 27, 17, 39, 13, 11, 14, 0, 30, 39, 30, 33, 39, 19, 2, 21, 39, 35, 10, 22, 39, 27, 0, 18, 11, 37, 39, 30, 33, 31, 39, 13, 10, 20, 39, 4, 30, 39]
    PRED: [9, 2, 39, 30, 33, 31, 39, 34, 10, 27, 17, 2, 39, 26, 27, 17, 30, 0, 19, 30, 22, 39, 30, 33, 39, 19, 2, 21, 39, 35, 2, 22, 39, 35, 3, 8, 11, 37, 39, 30, 33, 31, 39, 13, 10, 20, 39, 4, 30, 39]
    Edit distance: 12/46

============================================================
Batch 121500 | Val PER: 0.1715
============================================================
  Sample 0:
    TRUE: [31, 17, 0, 19, 27, 2, 28, 17, 39, 27, 17, 19, 2, 22, 28, 16, 8, 11, 8, 39]
    PRED: [8, 16, 0, 19, 27, 2, 28, 39, 17, 14, 0, 22, 30, 2, 8, 39]
    Edit distance: 10/20
  Sample 1:
    TRUE: [27, 16, 7, 39, 26, 11, 7, 2, 28, 30, 39, 28, 10, 34, 27, 2, 20, 39, 28, 5, 22, 8, 39, 20, 16, 31, 2, 14, 27, 1, 13, 28, 39]
    PRED: [27, 17, 7, 39, 26, 0, 27, 7, 2, 37, 39, 28, 10, 34, 2, 20, 39, 13, 5, 22, 37, 39, 20, 16, 27, 0, 13, 39]
    Edit distance: 13/33
  Sample 2:
    TRUE: [28, 24, 39, 27, 33, 20, 37, 39, 35, 17, 39, 21, 12, 8, 39, 16, 22, 39, 2, 22, 2, 6, 1, 29, 30, 39, 19, 2, 20, 33, 38, 2, 22, 39]
    PRED: [15, 4, 39, 27, 17, 20, 37, 39, 35, 17, 39, 21, 12, 8, 39, 16, 22, 39, 16, 22, 2, 21, 2, 28, 39, 19, 2, 20, 33, 38, 2, 22, 39]
    Edit distance: 8/34
  Sample 3:
    TRUE: [20, 3, 27, 17, 37, 39, 19, 0, 28, 30, 33, 21, 39, 22, 17, 8, 2, 8, 39, 6, 20, 1, 19, 39, 14, 20, 2, 34, 37, 39, 30, 33, 39, 6, 17, 39, 19, 2, 21, 26, 20, 17, 30, 20, 17, 39, 10, 20, 2, 14, 2, 22, 30, 39]
    PRED: [27, 3, 27, 39, 19, 0, 28, 33, 21, 39, 22, 17, 8, 2, 8, 39, 6, 20, 1, 19, 39, 20, 1, 34, 37, 39, 30, 33, 39, 6, 17, 39, 19, 2, 21, 26, 36, 33, 30, 20, 11, 39, 16, 20, 2, 22, 8, 39]
    Edit distance: 13/54
  Sample 4:
    TRUE: [9, 2, 39, 30, 33, 31, 39, 13, 10, 27, 17, 39, 13, 11, 14, 0, 30, 39, 30, 33, 39, 19, 2, 21, 39, 35, 10, 22, 39, 27, 0, 18, 11, 37, 39, 30, 33, 31, 39, 13, 10, 20, 39, 4, 30, 39]
    PRED: [9, 2, 39, 30, 33, 31, 39, 34, 10, 27, 17, 2, 39, 26, 27, 17, 30, 0, 19, 30, 22, 39, 30, 33, 39, 19, 2, 21, 39, 35, 2, 22, 39, 35, 3, 8, 11, 37, 39, 30, 33, 31, 39, 13, 10, 20, 39, 4, 30, 39]
    Edit distance: 12/46

============================================================
Batch 122000 | Val PER: 0.1728
============================================================
  Sample 0:
    TRUE: [31, 17, 0, 19, 27, 2, 28, 17, 39, 27, 17, 19, 2, 22, 28, 16, 8, 11, 8, 39]
    PRED: [8, 16, 8, 19, 27, 2, 28, 39, 17, 14, 0, 22, 8, 30, 2, 8, 39]
    Edit distance: 11/20
  Sample 1:
    TRUE: [27, 16, 7, 39, 26, 11, 7, 2, 28, 30, 39, 28, 10, 34, 27, 2, 20, 39, 28, 5, 22, 8, 39, 20, 16, 31, 2, 14, 27, 1, 13, 28, 39]
    PRED: [27, 17, 7, 39, 26, 0, 27, 7, 2, 37, 39, 28, 10, 34, 2, 20, 39, 13, 5, 22, 37, 39, 20, 16, 27, 0, 13, 39]
    Edit distance: 13/33
  Sample 2:
    TRUE: [28, 24, 39, 27, 33, 20, 37, 39, 35, 17, 39, 21, 12, 8, 39, 16, 22, 39, 2, 22, 2, 6, 1, 29, 30, 39, 19, 2, 20, 33, 38, 2, 22, 39]
    PRED: [15, 4, 39, 27, 24, 20, 37, 39, 35, 17, 39, 21, 12, 8, 39, 16, 22, 39, 16, 22, 2, 34, 21, 2, 28, 39, 19, 2, 20, 33, 38, 2, 22, 39]
    Edit distance: 8/34
  Sample 3:
    TRUE: [20, 3, 27, 17, 37, 39, 19, 0, 28, 30, 33, 21, 39, 22, 17, 8, 2, 8, 39, 6, 20, 1, 19, 39, 14, 20, 2, 34, 37, 39, 30, 33, 39, 6, 17, 39, 19, 2, 21, 26, 20, 17, 30, 20, 17, 39, 10, 20, 2, 14, 2, 22, 30, 39]
    PRED: [27, 3, 27, 39, 19, 0, 28, 33, 21, 39, 22, 17, 8, 39, 6, 20, 1, 19, 39, 20, 1, 34, 37, 39, 30, 33, 39, 6, 17, 39, 19, 2, 21, 26, 36, 33, 30, 20, 11, 39, 16, 20, 2, 22, 8, 39]
    Edit distance: 15/54
  Sample 4:
    TRUE: [9, 2, 39, 30, 33, 31, 39, 13, 10, 27, 17, 39, 13, 11, 14, 0, 30, 39, 30, 33, 39, 19, 2, 21, 39, 35, 10, 22, 39, 27, 0, 18, 11, 37, 39, 30, 33, 31, 39, 13, 10, 20, 39, 4, 30, 39]
    PRED: [9, 2, 39, 30, 33, 31, 39, 34, 10, 27, 17, 39, 26, 27, 17, 30, 0, 19, 30, 22, 39, 30, 33, 39, 19, 2, 21, 39, 35, 2, 22, 8, 39, 35, 3, 8, 11, 37, 39, 30, 33, 31, 39, 13, 10, 20, 39, 4, 30, 39]
    Edit distance: 12/46

============================================================
Batch 122500 | Val PER: 0.1721
============================================================
  Sample 0:
    TRUE: [31, 17, 0, 19, 27, 2, 28, 17, 39, 27, 17, 19, 2, 22, 28, 16, 8, 11, 8, 39]
    PRED: [8, 16, 0, 8, 14, 27, 2, 28, 39, 27, 17, 14, 0, 22, 30, 2, 8, 39]
    Edit distance: 11/20
  Sample 1:
    TRUE: [27, 16, 7, 39, 26, 11, 7, 2, 28, 30, 39, 28, 10, 34, 27, 2, 20, 39, 28, 5, 22, 8, 39, 20, 16, 31, 2, 14, 27, 1, 13, 28, 39]
    PRED: [27, 17, 7, 39, 26, 0, 27, 7, 2, 37, 39, 28, 10, 34, 2, 20, 39, 13, 5, 22, 37, 39, 20, 16, 27, 0, 13, 39]
    Edit distance: 13/33
  Sample 2:
    TRUE: [28, 24, 39, 27, 33, 20, 37, 39, 35, 17, 39, 21, 12, 8, 39, 16, 22, 39, 2, 22, 2, 6, 1, 29, 30, 39, 19, 2, 20, 33, 38, 2, 22, 39]
    PRED: [15, 4, 39, 27, 33, 20, 37, 39, 35, 17, 39, 21, 12, 8, 39, 16, 22, 39, 16, 22, 2, 21, 2, 28, 39, 19, 2, 20, 33, 38, 2, 22, 39]
    Edit distance: 7/34
  Sample 3:
    TRUE: [20, 3, 27, 17, 37, 39, 19, 0, 28, 30, 33, 21, 39, 22, 17, 8, 2, 8, 39, 6, 20, 1, 19, 39, 14, 20, 2, 34, 37, 39, 30, 33, 39, 6, 17, 39, 19, 2, 21, 26, 20, 17, 30, 20, 17, 39, 10, 20, 2, 14, 2, 22, 30, 39]
    PRED: [27, 3, 27, 39, 19, 0, 28, 33, 21, 39, 22, 17, 8, 2, 8, 39, 6, 20, 1, 19, 39, 20, 1, 34, 37, 39, 30, 33, 39, 6, 17, 39, 19, 2, 21, 26, 36, 33, 30, 20, 11, 39, 16, 20, 2, 22, 8, 39]
    Edit distance: 13/54
  Sample 4:
    TRUE: [9, 2, 39, 30, 33, 31, 39, 13, 10, 27, 17, 39, 13, 11, 14, 0, 30, 39, 30, 33, 39, 19, 2, 21, 39, 35, 10, 22, 39, 27, 0, 18, 11, 37, 39, 30, 33, 31, 39, 13, 10, 20, 39, 4, 30, 39]
    PRED: [9, 2, 39, 30, 33, 31, 39, 34, 10, 27, 17, 39, 26, 27, 17, 30, 0, 19, 30, 22, 39, 30, 33, 39, 19, 2, 21, 39, 35, 2, 22, 39, 35, 3, 8, 11, 37, 39, 30, 33, 31, 39, 13, 10, 20, 39, 4, 30, 39]
    Edit distance: 11/46

============================================================
Batch 123000 | Val PER: 0.1728
============================================================
  Sample 0:
    TRUE: [31, 17, 0, 19, 27, 2, 28, 17, 39, 27, 17, 19, 2, 22, 28, 16, 8, 11, 8, 39]
    PRED: [8, 16, 8, 19, 27, 2, 28, 39, 17, 14, 0, 22, 30, 2, 8, 39]
    Edit distance: 11/20
  Sample 1:
    TRUE: [27, 16, 7, 39, 26, 11, 7, 2, 28, 30, 39, 28, 10, 34, 27, 2, 20, 39, 28, 5, 22, 8, 39, 20, 16, 31, 2, 14, 27, 1, 13, 28, 39]
    PRED: [27, 17, 7, 39, 26, 0, 27, 7, 2, 37, 39, 28, 10, 34, 2, 20, 39, 13, 5, 22, 37, 39, 20, 16, 27, 0, 13, 39]
    Edit distance: 13/33
  Sample 2:
    TRUE: [28, 24, 39, 27, 33, 20, 37, 39, 35, 17, 39, 21, 12, 8, 39, 16, 22, 39, 2, 22, 2, 6, 1, 29, 30, 39, 19, 2, 20, 33, 38, 2, 22, 39]
    PRED: [15, 2, 39, 27, 17, 20, 37, 39, 35, 17, 39, 21, 12, 8, 39, 16, 22, 39, 16, 22, 2, 34, 21, 2, 28, 39, 19, 2, 20, 33, 38, 2, 22, 39]
    Edit distance: 8/34
  Sample 3:
    TRUE: [20, 3, 27, 17, 37, 39, 19, 0, 28, 30, 33, 21, 39, 22, 17, 8, 2, 8, 39, 6, 20, 1, 19, 39, 14, 20, 2, 34, 37, 39, 30, 33, 39, 6, 17, 39, 19, 2, 21, 26, 20, 17, 30, 20, 17, 39, 10, 20, 2, 14, 2, 22, 30, 39]
    PRED: [27, 3, 27, 39, 19, 0, 28, 33, 21, 39, 22, 17, 8, 2, 8, 39, 6, 20, 1, 19, 39, 20, 2, 34, 37, 39, 30, 33, 39, 6, 17, 39, 19, 2, 21, 26, 36, 33, 30, 20, 11, 39, 16, 20, 2, 22, 8, 39]
    Edit distance: 12/54
  Sample 4:
    TRUE: [9, 2, 39, 30, 33, 31, 39, 13, 10, 27, 17, 39, 13, 11, 14, 0, 30, 39, 30, 33, 39, 19, 2, 21, 39, 35, 10, 22, 39, 27, 0, 18, 11, 37, 39, 30, 33, 31, 39, 13, 10, 20, 39, 4, 30, 39]
    PRED: [9, 2, 39, 30, 33, 31, 39, 34, 10, 27, 17, 39, 26, 27, 17, 30, 0, 19, 30, 22, 39, 30, 33, 39, 19, 2, 21, 39, 35, 2, 22, 8, 39, 35, 3, 8, 11, 37, 39, 36, 33, 31, 39, 13, 10, 20, 39, 4, 30, 39]
    Edit distance: 13/46

============================================================
Batch 123500 | Val PER: 0.1720
============================================================
  Sample 0:
    TRUE: [31, 17, 0, 19, 27, 2, 28, 17, 39, 27, 17, 19, 2, 22, 28, 16, 8, 11, 8, 39]
    PRED: [8, 10, 19, 14, 27, 2, 28, 39, 27, 17, 14, 0, 22, 30, 2, 8, 39]
    Edit distance: 11/20
  Sample 1:
    TRUE: [27, 16, 7, 39, 26, 11, 7, 2, 28, 30, 39, 28, 10, 34, 27, 2, 20, 39, 28, 5, 22, 8, 39, 20, 16, 31, 2, 14, 27, 1, 13, 28, 39]
    PRED: [27, 12, 7, 39, 26, 0, 27, 7, 2, 37, 39, 28, 10, 34, 2, 20, 39, 13, 5, 22, 37, 39, 20, 16, 27, 0, 13, 39]
    Edit distance: 13/33
  Sample 2:
    TRUE: [28, 24, 39, 27, 33, 20, 37, 39, 35, 17, 39, 21, 12, 8, 39, 16, 22, 39, 2, 22, 2, 6, 1, 29, 30, 39, 19, 2, 20, 33, 38, 2, 22, 39]
    PRED: [15, 4, 39, 27, 17, 20, 37, 39, 35, 17, 39, 21, 12, 8, 39, 16, 22, 39, 16, 22, 2, 21, 2, 28, 39, 19, 2, 20, 33, 38, 2, 22, 39]
    Edit distance: 8/34
  Sample 3:
    TRUE: [20, 3, 27, 17, 37, 39, 19, 0, 28, 30, 33, 21, 39, 22, 17, 8, 2, 8, 39, 6, 20, 1, 19, 39, 14, 20, 2, 34, 37, 39, 30, 33, 39, 6, 17, 39, 19, 2, 21, 26, 20, 17, 30, 20, 17, 39, 10, 20, 2, 14, 2, 22, 30, 39]
    PRED: [27, 3, 27, 39, 19, 0, 28, 33, 21, 39, 22, 17, 8, 2, 8, 39, 6, 20, 1, 19, 39, 20, 16, 34, 37, 39, 30, 33, 39, 6, 17, 39, 19, 2, 21, 26, 36, 33, 30, 20, 11, 39, 16, 20, 2, 22, 8, 39]
    Edit distance: 13/54
  Sample 4:
    TRUE: [9, 2, 39, 30, 33, 31, 39, 13, 10, 27, 17, 39, 13, 11, 14, 0, 30, 39, 30, 33, 39, 19, 2, 21, 39, 35, 10, 22, 39, 27, 0, 18, 11, 37, 39, 30, 33, 31, 39, 13, 10, 20, 39, 4, 30, 39]
    PRED: [9, 2, 39, 30, 33, 31, 39, 34, 10, 27, 17, 39, 26, 27, 17, 30, 0, 30, 22, 39, 30, 33, 39, 19, 2, 21, 39, 35, 2, 22, 8, 39, 35, 3, 8, 11, 37, 39, 30, 33, 31, 39, 13, 10, 20, 39, 4, 30, 39]
    Edit distance: 11/46

============================================================
Batch 124000 | Val PER: 0.1727
============================================================
  Sample 0:
    TRUE: [31, 17, 0, 19, 27, 2, 28, 17, 39, 27, 17, 19, 2, 22, 28, 16, 8, 11, 8, 39]
    PRED: [8, 16, 19, 27, 2, 28, 39, 27, 17, 14, 0, 22, 30, 2, 8, 39]
    Edit distance: 10/20
  Sample 1:
    TRUE: [27, 16, 7, 39, 26, 11, 7, 2, 28, 30, 39, 28, 10, 34, 27, 2, 20, 39, 28, 5, 22, 8, 39, 20, 16, 31, 2, 14, 27, 1, 13, 28, 39]
    PRED: [27, 12, 19, 39, 26, 0, 27, 7, 2, 37, 39, 28, 10, 34, 2, 20, 39, 13, 5, 22, 37, 39, 20, 16, 27, 0, 13, 39]
    Edit distance: 14/33
  Sample 2:
    TRUE: [28, 24, 39, 27, 33, 20, 37, 39, 35, 17, 39, 21, 12, 8, 39, 16, 22, 39, 2, 22, 2, 6, 1, 29, 30, 39, 19, 2, 20, 33, 38, 2, 22, 39]
    PRED: [15, 4, 39, 27, 17, 20, 37, 39, 35, 17, 39, 21, 12, 8, 39, 16, 22, 39, 16, 22, 2, 21, 2, 28, 39, 19, 2, 20, 33, 38, 2, 22, 39]
    Edit distance: 8/34
  Sample 3:
    TRUE: [20, 3, 27, 17, 37, 39, 19, 0, 28, 30, 33, 21, 39, 22, 17, 8, 2, 8, 39, 6, 20, 1, 19, 39, 14, 20, 2, 34, 37, 39, 30, 33, 39, 6, 17, 39, 19, 2, 21, 26, 20, 17, 30, 20, 17, 39, 10, 20, 2, 14, 2, 22, 30, 39]
    PRED: [27, 3, 27, 39, 19, 0, 28, 33, 21, 39, 22, 17, 8, 2, 8, 39, 6, 20, 1, 19, 39, 20, 16, 34, 37, 39, 30, 33, 39, 6, 17, 39, 19, 2, 21, 26, 36, 33, 30, 20, 39, 16, 20, 2, 22, 8, 39]
    Edit distance: 13/54
  Sample 4:
    TRUE: [9, 2, 39, 30, 33, 31, 39, 13, 10, 27, 17, 39, 13, 11, 14, 0, 30, 39, 30, 33, 39, 19, 2, 21, 39, 35, 10, 22, 39, 27, 0, 18, 11, 37, 39, 30, 33, 31, 39, 13, 10, 20, 39, 4, 30, 39]
    PRED: [9, 2, 39, 30, 33, 31, 39, 34, 10, 27, 17, 39, 26, 27, 17, 30, 0, 30, 22, 39, 30, 33, 39, 19, 2, 21, 39, 35, 2, 22, 8, 39, 35, 3, 8, 11, 37, 39, 30, 33, 31, 39, 13, 10, 20, 39, 4, 30, 39]
    Edit distance: 11/46

============================================================
Batch 124500 | Val PER: 0.1713
============================================================
  Sample 0:
    TRUE: [31, 17, 0, 19, 27, 2, 28, 17, 39, 27, 17, 19, 2, 22, 28, 16, 8, 11, 8, 39]
    PRED: [8, 16, 19, 27, 2, 28, 39, 27, 17, 14, 0, 22, 30, 2, 8, 39]
    Edit distance: 10/20
  Sample 1:
    TRUE: [27, 16, 7, 39, 26, 11, 7, 2, 28, 30, 39, 28, 10, 34, 27, 2, 20, 39, 28, 5, 22, 8, 39, 20, 16, 31, 2, 14, 27, 1, 13, 28, 39]
    PRED: [27, 12, 7, 39, 26, 0, 27, 7, 2, 37, 39, 28, 10, 34, 2, 20, 39, 13, 5, 22, 37, 39, 20, 16, 27, 0, 13, 39]
    Edit distance: 13/33
  Sample 2:
    TRUE: [28, 24, 39, 27, 33, 20, 37, 39, 35, 17, 39, 21, 12, 8, 39, 16, 22, 39, 2, 22, 2, 6, 1, 29, 30, 39, 19, 2, 20, 33, 38, 2, 22, 39]
    PRED: [15, 4, 39, 27, 17, 20, 37, 39, 35, 17, 39, 21, 12, 8, 39, 16, 22, 39, 16, 22, 2, 21, 2, 28, 39, 19, 2, 20, 33, 38, 2, 22, 39]
    Edit distance: 8/34
  Sample 3:
    TRUE: [20, 3, 27, 17, 37, 39, 19, 0, 28, 30, 33, 21, 39, 22, 17, 8, 2, 8, 39, 6, 20, 1, 19, 39, 14, 20, 2, 34, 37, 39, 30, 33, 39, 6, 17, 39, 19, 2, 21, 26, 20, 17, 30, 20, 17, 39, 10, 20, 2, 14, 2, 22, 30, 39]
    PRED: [27, 3, 27, 39, 19, 0, 28, 33, 21, 37, 39, 22, 17, 8, 2, 8, 39, 6, 20, 1, 19, 39, 20, 1, 34, 37, 39, 30, 33, 39, 6, 17, 39, 19, 2, 21, 26, 36, 33, 30, 20, 39, 16, 20, 2, 22, 8, 39]
    Edit distance: 14/54
  Sample 4:
    TRUE: [9, 2, 39, 30, 33, 31, 39, 13, 10, 27, 17, 39, 13, 11, 14, 0, 30, 39, 30, 33, 39, 19, 2, 21, 39, 35, 10, 22, 39, 27, 0, 18, 11, 37, 39, 30, 33, 31, 39, 13, 10, 20, 39, 4, 30, 39]
    PRED: [9, 2, 39, 30, 33, 31, 39, 34, 10, 27, 17, 39, 26, 27, 17, 30, 0, 30, 22, 39, 30, 33, 39, 19, 2, 21, 39, 35, 2, 22, 39, 35, 3, 8, 11, 37, 39, 36, 33, 31, 39, 13, 10, 20, 39, 4, 30, 39]
    Edit distance: 11/46

============================================================
Batch 125000 | Val PER: 0.1723
============================================================
  Sample 0:
    TRUE: [31, 17, 0, 19, 27, 2, 28, 17, 39, 27, 17, 19, 2, 22, 28, 16, 8, 11, 8, 39]
    PRED: [8, 0, 19, 27, 2, 28, 39, 27, 17, 14, 0, 22, 30, 2, 8, 39]
    Edit distance: 9/20
  Sample 1:
    TRUE: [27, 16, 7, 39, 26, 11, 7, 2, 28, 30, 39, 28, 10, 34, 27, 2, 20, 39, 28, 5, 22, 8, 39, 20, 16, 31, 2, 14, 27, 1, 13, 28, 39]
    PRED: [27, 17, 7, 39, 26, 0, 27, 7, 2, 37, 39, 28, 10, 34, 2, 20, 39, 13, 5, 22, 37, 39, 20, 16, 27, 0, 13, 39]
    Edit distance: 13/33
  Sample 2:
    TRUE: [28, 24, 39, 27, 33, 20, 37, 39, 35, 17, 39, 21, 12, 8, 39, 16, 22, 39, 2, 22, 2, 6, 1, 29, 30, 39, 19, 2, 20, 33, 38, 2, 22, 39]
    PRED: [15, 4, 39, 27, 33, 20, 37, 39, 35, 17, 39, 21, 12, 8, 39, 16, 22, 39, 16, 22, 2, 34, 21, 2, 28, 39, 19, 2, 20, 33, 38, 2, 22, 39]
    Edit distance: 7/34
  Sample 3:
    TRUE: [20, 3, 27, 17, 37, 39, 19, 0, 28, 30, 33, 21, 39, 22, 17, 8, 2, 8, 39, 6, 20, 1, 19, 39, 14, 20, 2, 34, 37, 39, 30, 33, 39, 6, 17, 39, 19, 2, 21, 26, 20, 17, 30, 20, 17, 39, 10, 20, 2, 14, 2, 22, 30, 39]
    PRED: [27, 3, 27, 39, 19, 0, 28, 33, 21, 39, 22, 17, 8, 39, 6, 27, 1, 19, 39, 20, 2, 34, 37, 39, 30, 33, 39, 6, 17, 39, 19, 2, 21, 26, 36, 33, 30, 20, 11, 39, 16, 20, 2, 22, 8, 39]
    Edit distance: 15/54
  Sample 4:
    TRUE: [9, 2, 39, 30, 33, 31, 39, 13, 10, 27, 17, 39, 13, 11, 14, 0, 30, 39, 30, 33, 39, 19, 2, 21, 39, 35, 10, 22, 39, 27, 0, 18, 11, 37, 39, 30, 33, 31, 39, 13, 10, 20, 39, 4, 30, 39]
    PRED: [9, 2, 39, 30, 33, 31, 39, 34, 10, 27, 17, 39, 26, 27, 17, 30, 0, 30, 22, 39, 30, 33, 39, 19, 2, 21, 39, 35, 2, 22, 39, 35, 3, 8, 11, 37, 39, 36, 33, 31, 39, 13, 10, 20, 39, 4, 30, 39]
    Edit distance: 11/46

============================================================
Batch 125500 | Val PER: 0.1714
============================================================
  Sample 0:
    TRUE: [31, 17, 0, 19, 27, 2, 28, 17, 39, 27, 17, 19, 2, 22, 28, 16, 8, 11, 8, 39]
    PRED: [8, 0, 8, 19, 27, 2, 28, 39, 27, 17, 14, 0, 22, 30, 2, 8, 39]
    Edit distance: 10/20
  Sample 1:
    TRUE: [27, 16, 7, 39, 26, 11, 7, 2, 28, 30, 39, 28, 10, 34, 27, 2, 20, 39, 28, 5, 22, 8, 39, 20, 16, 31, 2, 14, 27, 1, 13, 28, 39]
    PRED: [27, 17, 7, 39, 26, 0, 27, 7, 2, 37, 39, 28, 10, 34, 2, 20, 39, 13, 5, 22, 37, 39, 20, 16, 27, 0, 13, 39]
    Edit distance: 13/33
  Sample 2:
    TRUE: [28, 24, 39, 27, 33, 20, 37, 39, 35, 17, 39, 21, 12, 8, 39, 16, 22, 39, 2, 22, 2, 6, 1, 29, 30, 39, 19, 2, 20, 33, 38, 2, 22, 39]
    PRED: [15, 4, 39, 27, 33, 20, 37, 39, 35, 17, 39, 21, 12, 8, 39, 16, 22, 39, 16, 22, 2, 34, 21, 2, 28, 39, 19, 2, 20, 33, 38, 2, 22, 39]
    Edit distance: 7/34
  Sample 3:
    TRUE: [20, 3, 27, 17, 37, 39, 19, 0, 28, 30, 33, 21, 39, 22, 17, 8, 2, 8, 39, 6, 20, 1, 19, 39, 14, 20, 2, 34, 37, 39, 30, 33, 39, 6, 17, 39, 19, 2, 21, 26, 20, 17, 30, 20, 17, 39, 10, 20, 2, 14, 2, 22, 30, 39]
    PRED: [27, 3, 27, 39, 19, 0, 28, 33, 21, 39, 22, 17, 8, 2, 8, 39, 6, 27, 1, 19, 39, 20, 1, 34, 37, 39, 30, 33, 39, 6, 17, 39, 19, 2, 21, 26, 36, 33, 30, 20, 39, 16, 20, 2, 22, 8, 39]
    Edit distance: 14/54
  Sample 4:
    TRUE: [9, 2, 39, 30, 33, 31, 39, 13, 10, 27, 17, 39, 13, 11, 14, 0, 30, 39, 30, 33, 39, 19, 2, 21, 39, 35, 10, 22, 39, 27, 0, 18, 11, 37, 39, 30, 33, 31, 39, 13, 10, 20, 39, 4, 30, 39]
    PRED: [9, 2, 39, 30, 33, 31, 39, 34, 10, 27, 17, 39, 26, 27, 17, 30, 0, 19, 30, 22, 39, 30, 33, 39, 19, 2, 21, 39, 35, 2, 22, 8, 39, 35, 3, 8, 11, 37, 39, 36, 33, 31, 39, 13, 10, 20, 39, 4, 30, 39]
    Edit distance: 13/46

============================================================
Batch 126000 | Val PER: 0.1715
============================================================
  Sample 0:
    TRUE: [31, 17, 0, 19, 27, 2, 28, 17, 39, 27, 17, 19, 2, 22, 28, 16, 8, 11, 8, 39]
    PRED: [8, 16, 0, 8, 19, 27, 2, 28, 39, 17, 14, 0, 22, 30, 2, 8, 39]
    Edit distance: 11/20
  Sample 1:
    TRUE: [27, 16, 7, 39, 26, 11, 7, 2, 28, 30, 39, 28, 10, 34, 27, 2, 20, 39, 28, 5, 22, 8, 39, 20, 16, 31, 2, 14, 27, 1, 13, 28, 39]
    PRED: [27, 17, 7, 39, 26, 0, 27, 7, 2, 37, 39, 28, 10, 34, 2, 20, 39, 13, 5, 22, 37, 39, 20, 16, 27, 0, 13, 39]
    Edit distance: 13/33
  Sample 2:
    TRUE: [28, 24, 39, 27, 33, 20, 37, 39, 35, 17, 39, 21, 12, 8, 39, 16, 22, 39, 2, 22, 2, 6, 1, 29, 30, 39, 19, 2, 20, 33, 38, 2, 22, 39]
    PRED: [15, 4, 39, 27, 33, 20, 37, 39, 35, 17, 39, 21, 12, 8, 39, 16, 22, 39, 16, 22, 2, 21, 2, 28, 39, 19, 2, 20, 33, 38, 2, 22, 39]
    Edit distance: 7/34
  Sample 3:
    TRUE: [20, 3, 27, 17, 37, 39, 19, 0, 28, 30, 33, 21, 39, 22, 17, 8, 2, 8, 39, 6, 20, 1, 19, 39, 14, 20, 2, 34, 37, 39, 30, 33, 39, 6, 17, 39, 19, 2, 21, 26, 20, 17, 30, 20, 17, 39, 10, 20, 2, 14, 2, 22, 30, 39]
    PRED: [27, 3, 27, 39, 19, 0, 28, 33, 21, 39, 22, 17, 8, 2, 8, 39, 6, 27, 1, 19, 39, 20, 1, 34, 37, 39, 30, 33, 39, 6, 17, 39, 19, 2, 21, 26, 36, 33, 30, 20, 39, 16, 20, 2, 22, 8, 39]
    Edit distance: 14/54
  Sample 4:
    TRUE: [9, 2, 39, 30, 33, 31, 39, 13, 10, 27, 17, 39, 13, 11, 14, 0, 30, 39, 30, 33, 39, 19, 2, 21, 39, 35, 10, 22, 39, 27, 0, 18, 11, 37, 39, 30, 33, 31, 39, 13, 10, 20, 39, 4, 30, 39]
    PRED: [9, 2, 39, 30, 33, 31, 39, 34, 10, 27, 17, 39, 26, 27, 17, 30, 0, 30, 22, 39, 30, 33, 39, 19, 2, 21, 39, 35, 2, 22, 8, 39, 35, 3, 8, 11, 37, 39, 36, 33, 31, 39, 13, 10, 20, 39, 4, 30, 39]
    Edit distance: 12/46

============================================================
Batch 126500 | Val PER: 0.1722
============================================================
  Sample 0:
    TRUE: [31, 17, 0, 19, 27, 2, 28, 17, 39, 27, 17, 19, 2, 22, 28, 16, 8, 11, 8, 39]
    PRED: [8, 16, 19, 27, 2, 28, 39, 17, 14, 0, 22, 30, 2, 8, 39]
    Edit distance: 11/20
  Sample 1:
    TRUE: [27, 16, 7, 39, 26, 11, 7, 2, 28, 30, 39, 28, 10, 34, 27, 2, 20, 39, 28, 5, 22, 8, 39, 20, 16, 31, 2, 14, 27, 1, 13, 28, 39]
    PRED: [27, 17, 7, 39, 26, 0, 27, 7, 2, 37, 39, 28, 10, 34, 2, 20, 39, 13, 5, 22, 37, 39, 20, 16, 27, 0, 13, 39]
    Edit distance: 13/33
  Sample 2:
    TRUE: [28, 24, 39, 27, 33, 20, 37, 39, 35, 17, 39, 21, 12, 8, 39, 16, 22, 39, 2, 22, 2, 6, 1, 29, 30, 39, 19, 2, 20, 33, 38, 2, 22, 39]
    PRED: [15, 4, 39, 27, 33, 20, 37, 39, 35, 17, 39, 21, 12, 8, 39, 16, 22, 39, 16, 22, 2, 21, 2, 28, 39, 19, 2, 20, 33, 38, 2, 22, 39]
    Edit distance: 7/34
  Sample 3:
    TRUE: [20, 3, 27, 17, 37, 39, 19, 0, 28, 30, 33, 21, 39, 22, 17, 8, 2, 8, 39, 6, 20, 1, 19, 39, 14, 20, 2, 34, 37, 39, 30, 33, 39, 6, 17, 39, 19, 2, 21, 26, 20, 17, 30, 20, 17, 39, 10, 20, 2, 14, 2, 22, 30, 39]
    PRED: [27, 3, 27, 39, 19, 0, 28, 33, 21, 39, 22, 17, 8, 2, 8, 39, 6, 27, 1, 19, 39, 20, 1, 34, 37, 39, 30, 33, 39, 6, 17, 39, 19, 2, 21, 26, 36, 33, 30, 20, 39, 16, 20, 2, 22, 8, 39]
    Edit distance: 14/54
  Sample 4:
    TRUE: [9, 2, 39, 30, 33, 31, 39, 13, 10, 27, 17, 39, 13, 11, 14, 0, 30, 39, 30, 33, 39, 19, 2, 21, 39, 35, 10, 22, 39, 27, 0, 18, 11, 37, 39, 30, 33, 31, 39, 13, 10, 20, 39, 4, 30, 39]
    PRED: [9, 2, 39, 30, 33, 31, 39, 34, 10, 27, 17, 39, 27, 17, 30, 0, 30, 2, 22, 39, 30, 33, 39, 19, 2, 21, 39, 35, 2, 22, 8, 39, 35, 5, 3, 8, 11, 37, 39, 36, 33, 31, 39, 13, 10, 20, 39, 4, 30, 39]
    Edit distance: 13/46

============================================================
Batch 127000 | Val PER: 0.1718
============================================================
  Sample 0:
    TRUE: [31, 17, 0, 19, 27, 2, 28, 17, 39, 27, 17, 19, 2, 22, 28, 16, 8, 11, 8, 39]
    PRED: [8, 5, 19, 27, 2, 28, 39, 17, 14, 0, 22, 30, 2, 8, 39]
    Edit distance: 11/20
  Sample 1:
    TRUE: [27, 16, 7, 39, 26, 11, 7, 2, 28, 30, 39, 28, 10, 34, 27, 2, 20, 39, 28, 5, 22, 8, 39, 20, 16, 31, 2, 14, 27, 1, 13, 28, 39]
    PRED: [27, 17, 7, 39, 26, 0, 27, 7, 2, 37, 39, 28, 10, 34, 2, 20, 39, 13, 5, 22, 37, 39, 20, 16, 27, 0, 13, 39]
    Edit distance: 13/33
  Sample 2:
    TRUE: [28, 24, 39, 27, 33, 20, 37, 39, 35, 17, 39, 21, 12, 8, 39, 16, 22, 39, 2, 22, 2, 6, 1, 29, 30, 39, 19, 2, 20, 33, 38, 2, 22, 39]
    PRED: [15, 4, 39, 27, 33, 20, 37, 39, 35, 17, 39, 21, 12, 8, 39, 16, 22, 39, 16, 22, 2, 21, 2, 28, 39, 19, 2, 20, 33, 38, 2, 22, 39]
    Edit distance: 7/34
  Sample 3:
    TRUE: [20, 3, 27, 17, 37, 39, 19, 0, 28, 30, 33, 21, 39, 22, 17, 8, 2, 8, 39, 6, 20, 1, 19, 39, 14, 20, 2, 34, 37, 39, 30, 33, 39, 6, 17, 39, 19, 2, 21, 26, 20, 17, 30, 20, 17, 39, 10, 20, 2, 14, 2, 22, 30, 39]
    PRED: [27, 3, 27, 39, 19, 0, 28, 33, 21, 39, 22, 17, 8, 2, 8, 39, 6, 27, 1, 19, 39, 20, 1, 34, 37, 39, 30, 33, 39, 6, 17, 39, 19, 2, 21, 26, 36, 33, 30, 20, 11, 39, 16, 20, 2, 22, 8, 39]
    Edit distance: 14/54
  Sample 4:
    TRUE: [9, 2, 39, 30, 33, 31, 39, 13, 10, 27, 17, 39, 13, 11, 14, 0, 30, 39, 30, 33, 39, 19, 2, 21, 39, 35, 10, 22, 39, 27, 0, 18, 11, 37, 39, 30, 33, 31, 39, 13, 10, 20, 39, 4, 30, 39]
    PRED: [9, 2, 39, 30, 33, 31, 39, 34, 10, 27, 17, 39, 27, 17, 30, 0, 30, 22, 39, 30, 33, 39, 19, 2, 21, 39, 35, 2, 22, 8, 39, 35, 3, 8, 11, 37, 39, 36, 33, 31, 39, 13, 10, 20, 39, 4, 30, 39]
    Edit distance: 11/46

============================================================
Batch 127500 | Val PER: 0.1719
============================================================
  Sample 0:
    TRUE: [31, 17, 0, 19, 27, 2, 28, 17, 39, 27, 17, 19, 2, 22, 28, 16, 8, 11, 8, 39]
    PRED: [8, 0, 19, 27, 2, 28, 39, 17, 14, 0, 22, 8, 30, 2, 8, 39]
    Edit distance: 10/20
  Sample 1:
    TRUE: [27, 16, 7, 39, 26, 11, 7, 2, 28, 30, 39, 28, 10, 34, 27, 2, 20, 39, 28, 5, 22, 8, 39, 20, 16, 31, 2, 14, 27, 1, 13, 28, 39]
    PRED: [27, 17, 7, 39, 26, 0, 27, 7, 2, 37, 39, 28, 10, 34, 2, 20, 39, 13, 5, 22, 37, 39, 20, 16, 27, 0, 13, 39]
    Edit distance: 13/33
  Sample 2:
    TRUE: [28, 24, 39, 27, 33, 20, 37, 39, 35, 17, 39, 21, 12, 8, 39, 16, 22, 39, 2, 22, 2, 6, 1, 29, 30, 39, 19, 2, 20, 33, 38, 2, 22, 39]
    PRED: [15, 4, 39, 27, 33, 20, 37, 39, 35, 17, 39, 21, 12, 8, 39, 16, 22, 39, 16, 22, 2, 21, 2, 28, 39, 19, 2, 20, 33, 38, 2, 22, 39]
    Edit distance: 7/34
  Sample 3:
    TRUE: [20, 3, 27, 17, 37, 39, 19, 0, 28, 30, 33, 21, 39, 22, 17, 8, 2, 8, 39, 6, 20, 1, 19, 39, 14, 20, 2, 34, 37, 39, 30, 33, 39, 6, 17, 39, 19, 2, 21, 26, 20, 17, 30, 20, 17, 39, 10, 20, 2, 14, 2, 22, 30, 39]
    PRED: [27, 3, 27, 39, 19, 0, 28, 33, 21, 39, 22, 17, 8, 2, 8, 39, 6, 27, 1, 19, 39, 20, 1, 34, 37, 39, 30, 33, 39, 6, 17, 39, 19, 2, 21, 26, 36, 33, 30, 20, 11, 39, 16, 20, 2, 22, 8, 39]
    Edit distance: 14/54
  Sample 4:
    TRUE: [9, 2, 39, 30, 33, 31, 39, 13, 10, 27, 17, 39, 13, 11, 14, 0, 30, 39, 30, 33, 39, 19, 2, 21, 39, 35, 10, 22, 39, 27, 0, 18, 11, 37, 39, 30, 33, 31, 39, 13, 10, 20, 39, 4, 30, 39]
    PRED: [9, 2, 39, 30, 33, 31, 39, 34, 10, 27, 17, 2, 39, 27, 17, 30, 0, 30, 22, 39, 30, 33, 39, 19, 2, 21, 39, 35, 2, 22, 8, 39, 35, 3, 8, 11, 37, 39, 36, 33, 31, 39, 13, 10, 20, 39, 4, 30, 39]
    Edit distance: 12/46

============================================================
Batch 128000 | Val PER: 0.1722
============================================================
  Sample 0:
    TRUE: [31, 17, 0, 19, 27, 2, 28, 17, 39, 27, 17, 19, 2, 22, 28, 16, 8, 11, 8, 39]
    PRED: [8, 16, 19, 27, 2, 28, 39, 17, 14, 0, 22, 8, 30, 2, 8, 39]
    Edit distance: 11/20
  Sample 1:
    TRUE: [27, 16, 7, 39, 26, 11, 7, 2, 28, 30, 39, 28, 10, 34, 27, 2, 20, 39, 28, 5, 22, 8, 39, 20, 16, 31, 2, 14, 27, 1, 13, 28, 39]
    PRED: [27, 17, 7, 39, 26, 0, 27, 7, 2, 37, 39, 28, 10, 34, 2, 20, 39, 13, 5, 22, 37, 39, 20, 16, 27, 0, 13, 39]
    Edit distance: 13/33
  Sample 2:
    TRUE: [28, 24, 39, 27, 33, 20, 37, 39, 35, 17, 39, 21, 12, 8, 39, 16, 22, 39, 2, 22, 2, 6, 1, 29, 30, 39, 19, 2, 20, 33, 38, 2, 22, 39]
    PRED: [15, 4, 39, 27, 33, 20, 37, 39, 35, 17, 39, 21, 12, 8, 39, 16, 22, 39, 16, 22, 2, 21, 2, 28, 39, 19, 2, 20, 33, 38, 2, 22, 39]
    Edit distance: 7/34
  Sample 3:
    TRUE: [20, 3, 27, 17, 37, 39, 19, 0, 28, 30, 33, 21, 39, 22, 17, 8, 2, 8, 39, 6, 20, 1, 19, 39, 14, 20, 2, 34, 37, 39, 30, 33, 39, 6, 17, 39, 19, 2, 21, 26, 20, 17, 30, 20, 17, 39, 10, 20, 2, 14, 2, 22, 30, 39]
    PRED: [27, 3, 27, 39, 19, 0, 28, 33, 21, 39, 22, 17, 8, 2, 8, 39, 6, 27, 2, 19, 39, 20, 1, 34, 37, 39, 30, 33, 39, 6, 17, 39, 19, 2, 21, 26, 36, 33, 30, 20, 11, 39, 16, 20, 2, 22, 8, 39]
    Edit distance: 15/54
  Sample 4:
    TRUE: [9, 2, 39, 30, 33, 31, 39, 13, 10, 27, 17, 39, 13, 11, 14, 0, 30, 39, 30, 33, 39, 19, 2, 21, 39, 35, 10, 22, 39, 27, 0, 18, 11, 37, 39, 30, 33, 31, 39, 13, 10, 20, 39, 4, 30, 39]
    PRED: [9, 2, 39, 30, 33, 31, 39, 34, 10, 27, 17, 2, 39, 27, 17, 30, 0, 30, 22, 39, 30, 33, 39, 19, 2, 21, 39, 35, 2, 22, 39, 35, 3, 8, 11, 37, 39, 36, 33, 31, 39, 13, 10, 20, 39, 4, 30, 39]
    Edit distance: 11/46

============================================================
Batch 128500 | Val PER: 0.1723
============================================================
  Sample 0:
    TRUE: [31, 17, 0, 19, 27, 2, 28, 17, 39, 27, 17, 19, 2, 22, 28, 16, 8, 11, 8, 39]
    PRED: [8, 16, 19, 27, 2, 28, 39, 27, 17, 14, 0, 22, 30, 2, 8, 39]
    Edit distance: 10/20
  Sample 1:
    TRUE: [27, 16, 7, 39, 26, 11, 7, 2, 28, 30, 39, 28, 10, 34, 27, 2, 20, 39, 28, 5, 22, 8, 39, 20, 16, 31, 2, 14, 27, 1, 13, 28, 39]
    PRED: [27, 17, 19, 39, 26, 0, 27, 7, 2, 37, 39, 28, 10, 34, 2, 20, 39, 13, 5, 22, 37, 39, 20, 16, 27, 1, 13, 39]
    Edit distance: 13/33
  Sample 2:
    TRUE: [28, 24, 39, 27, 33, 20, 37, 39, 35, 17, 39, 21, 12, 8, 39, 16, 22, 39, 2, 22, 2, 6, 1, 29, 30, 39, 19, 2, 20, 33, 38, 2, 22, 39]
    PRED: [15, 4, 39, 27, 33, 20, 37, 39, 35, 17, 39, 21, 12, 8, 39, 16, 22, 39, 16, 22, 2, 21, 2, 28, 39, 19, 2, 20, 33, 38, 2, 22, 39]
    Edit distance: 7/34
  Sample 3:
    TRUE: [20, 3, 27, 17, 37, 39, 19, 0, 28, 30, 33, 21, 39, 22, 17, 8, 2, 8, 39, 6, 20, 1, 19, 39, 14, 20, 2, 34, 37, 39, 30, 33, 39, 6, 17, 39, 19, 2, 21, 26, 20, 17, 30, 20, 17, 39, 10, 20, 2, 14, 2, 22, 30, 39]
    PRED: [27, 3, 27, 39, 19, 1, 28, 33, 21, 39, 22, 17, 8, 2, 8, 39, 6, 27, 2, 19, 39, 20, 1, 34, 37, 39, 30, 33, 39, 6, 17, 39, 19, 2, 21, 26, 36, 33, 30, 20, 11, 39, 16, 20, 2, 22, 8, 39]
    Edit distance: 16/54
  Sample 4:
    TRUE: [9, 2, 39, 30, 33, 31, 39, 13, 10, 27, 17, 39, 13, 11, 14, 0, 30, 39, 30, 33, 39, 19, 2, 21, 39, 35, 10, 22, 39, 27, 0, 18, 11, 37, 39, 30, 33, 31, 39, 13, 10, 20, 39, 4, 30, 39]
    PRED: [9, 2, 39, 30, 33, 31, 39, 34, 10, 27, 17, 2, 39, 27, 17, 30, 0, 30, 22, 39, 30, 33, 39, 19, 2, 21, 39, 35, 2, 22, 39, 35, 3, 8, 11, 37, 39, 36, 33, 31, 39, 13, 10, 20, 39, 4, 30, 39]
    Edit distance: 11/46

============================================================
Batch 129000 | Val PER: 0.1722
============================================================
  Sample 0:
    TRUE: [31, 17, 0, 19, 27, 2, 28, 17, 39, 27, 17, 19, 2, 22, 28, 16, 8, 11, 8, 39]
    PRED: [8, 10, 19, 27, 2, 28, 39, 27, 17, 14, 0, 22, 30, 2, 8, 39]
    Edit distance: 10/20
  Sample 1:
    TRUE: [27, 16, 7, 39, 26, 11, 7, 2, 28, 30, 39, 28, 10, 34, 27, 2, 20, 39, 28, 5, 22, 8, 39, 20, 16, 31, 2, 14, 27, 1, 13, 28, 39]
    PRED: [27, 17, 7, 39, 26, 0, 27, 7, 2, 37, 39, 28, 10, 34, 2, 20, 39, 13, 5, 22, 37, 39, 20, 16, 27, 1, 13, 39]
    Edit distance: 12/33
  Sample 2:
    TRUE: [28, 24, 39, 27, 33, 20, 37, 39, 35, 17, 39, 21, 12, 8, 39, 16, 22, 39, 2, 22, 2, 6, 1, 29, 30, 39, 19, 2, 20, 33, 38, 2, 22, 39]
    PRED: [15, 4, 39, 27, 33, 20, 37, 39, 35, 17, 39, 21, 12, 8, 39, 16, 22, 39, 16, 22, 2, 21, 2, 28, 39, 19, 2, 20, 33, 38, 2, 22, 39]
    Edit distance: 7/34
  Sample 3:
    TRUE: [20, 3, 27, 17, 37, 39, 19, 0, 28, 30, 33, 21, 39, 22, 17, 8, 2, 8, 39, 6, 20, 1, 19, 39, 14, 20, 2, 34, 37, 39, 30, 33, 39, 6, 17, 39, 19, 2, 21, 26, 20, 17, 30, 20, 17, 39, 10, 20, 2, 14, 2, 22, 30, 39]
    PRED: [27, 3, 27, 39, 19, 1, 28, 33, 21, 39, 22, 17, 8, 2, 8, 39, 6, 20, 2, 19, 39, 20, 1, 34, 37, 39, 30, 33, 39, 6, 17, 39, 19, 2, 21, 26, 36, 33, 30, 20, 11, 39, 16, 20, 2, 22, 8, 39]
    Edit distance: 15/54
  Sample 4:
    TRUE: [9, 2, 39, 30, 33, 31, 39, 13, 10, 27, 17, 39, 13, 11, 14, 0, 30, 39, 30, 33, 39, 19, 2, 21, 39, 35, 10, 22, 39, 27, 0, 18, 11, 37, 39, 30, 33, 31, 39, 13, 10, 20, 39, 4, 30, 39]
    PRED: [9, 2, 39, 30, 33, 31, 39, 34, 10, 27, 17, 2, 39, 27, 17, 30, 0, 30, 22, 39, 30, 33, 39, 19, 2, 21, 39, 35, 2, 22, 8, 39, 35, 3, 8, 11, 37, 39, 36, 33, 31, 39, 13, 10, 20, 39, 4, 30, 39]
    Edit distance: 12/46

============================================================
Batch 129500 | Val PER: 0.1718
============================================================
  Sample 0:
    TRUE: [31, 17, 0, 19, 27, 2, 28, 17, 39, 27, 17, 19, 2, 22, 28, 16, 8, 11, 8, 39]
    PRED: [8, 10, 19, 27, 2, 28, 39, 27, 17, 14, 0, 22, 30, 2, 8, 39]
    Edit distance: 10/20
  Sample 1:
    TRUE: [27, 16, 7, 39, 26, 11, 7, 2, 28, 30, 39, 28, 10, 34, 27, 2, 20, 39, 28, 5, 22, 8, 39, 20, 16, 31, 2, 14, 27, 1, 13, 28, 39]
    PRED: [27, 17, 7, 39, 26, 0, 27, 7, 2, 37, 39, 28, 10, 34, 2, 20, 39, 5, 22, 37, 39, 20, 16, 27, 1, 13, 39]
    Edit distance: 12/33
  Sample 2:
    TRUE: [28, 24, 39, 27, 33, 20, 37, 39, 35, 17, 39, 21, 12, 8, 39, 16, 22, 39, 2, 22, 2, 6, 1, 29, 30, 39, 19, 2, 20, 33, 38, 2, 22, 39]
    PRED: [15, 2, 39, 27, 25, 20, 37, 39, 35, 17, 39, 21, 12, 8, 39, 16, 22, 39, 16, 22, 2, 21, 2, 28, 39, 19, 2, 20, 33, 38, 2, 22, 39]
    Edit distance: 8/34
  Sample 3:
    TRUE: [20, 3, 27, 17, 37, 39, 19, 0, 28, 30, 33, 21, 39, 22, 17, 8, 2, 8, 39, 6, 20, 1, 19, 39, 14, 20, 2, 34, 37, 39, 30, 33, 39, 6, 17, 39, 19, 2, 21, 26, 20, 17, 30, 20, 17, 39, 10, 20, 2, 14, 2, 22, 30, 39]
    PRED: [27, 3, 27, 39, 19, 0, 28, 33, 21, 39, 22, 17, 8, 39, 6, 27, 2, 19, 39, 20, 1, 34, 37, 39, 30, 33, 39, 6, 17, 39, 19, 2, 21, 26, 36, 33, 30, 20, 11, 39, 16, 20, 2, 22, 8, 39]
    Edit distance: 17/54
  Sample 4:
    TRUE: [9, 2, 39, 30, 33, 31, 39, 13, 10, 27, 17, 39, 13, 11, 14, 0, 30, 39, 30, 33, 39, 19, 2, 21, 39, 35, 10, 22, 39, 27, 0, 18, 11, 37, 39, 30, 33, 31, 39, 13, 10, 20, 39, 4, 30, 39]
    PRED: [9, 2, 39, 30, 33, 31, 39, 34, 10, 27, 17, 39, 26, 27, 17, 30, 0, 30, 22, 39, 30, 33, 39, 19, 2, 21, 39, 35, 2, 22, 8, 39, 35, 3, 8, 11, 37, 39, 30, 33, 31, 39, 13, 10, 20, 39, 4, 30, 39]
    Edit distance: 11/46

============================================================
Batch 130000 | Val PER: 0.1719
============================================================
  Sample 0:
    TRUE: [31, 17, 0, 19, 27, 2, 28, 17, 39, 27, 17, 19, 2, 22, 28, 16, 8, 11, 8, 39]
    PRED: [8, 10, 19, 27, 2, 28, 39, 27, 17, 14, 0, 22, 30, 2, 8, 39]
    Edit distance: 10/20
  Sample 1:
    TRUE: [27, 16, 7, 39, 26, 11, 7, 2, 28, 30, 39, 28, 10, 34, 27, 2, 20, 39, 28, 5, 22, 8, 39, 20, 16, 31, 2, 14, 27, 1, 13, 28, 39]
    PRED: [27, 17, 19, 39, 26, 0, 27, 7, 2, 37, 39, 28, 10, 34, 2, 20, 39, 5, 22, 37, 39, 20, 16, 27, 1, 13, 39]
    Edit distance: 13/33
  Sample 2:
    TRUE: [28, 24, 39, 27, 33, 20, 37, 39, 35, 17, 39, 21, 12, 8, 39, 16, 22, 39, 2, 22, 2, 6, 1, 29, 30, 39, 19, 2, 20, 33, 38, 2, 22, 39]
    PRED: [15, 4, 39, 27, 17, 20, 37, 39, 35, 17, 39, 21, 12, 8, 39, 16, 22, 39, 16, 22, 2, 21, 2, 28, 39, 19, 2, 20, 33, 38, 2, 22, 39]
    Edit distance: 8/34
  Sample 3:
    TRUE: [20, 3, 27, 17, 37, 39, 19, 0, 28, 30, 33, 21, 39, 22, 17, 8, 2, 8, 39, 6, 20, 1, 19, 39, 14, 20, 2, 34, 37, 39, 30, 33, 39, 6, 17, 39, 19, 2, 21, 26, 20, 17, 30, 20, 17, 39, 10, 20, 2, 14, 2, 22, 30, 39]
    PRED: [27, 3, 27, 39, 19, 0, 28, 33, 21, 39, 22, 17, 8, 39, 6, 27, 2, 19, 39, 20, 1, 34, 37, 39, 30, 33, 39, 6, 17, 39, 19, 2, 21, 26, 36, 33, 30, 20, 11, 39, 16, 20, 2, 22, 8, 39]
    Edit distance: 17/54
  Sample 4:
    TRUE: [9, 2, 39, 30, 33, 31, 39, 13, 10, 27, 17, 39, 13, 11, 14, 0, 30, 39, 30, 33, 39, 19, 2, 21, 39, 35, 10, 22, 39, 27, 0, 18, 11, 37, 39, 30, 33, 31, 39, 13, 10, 20, 39, 4, 30, 39]
    PRED: [9, 2, 39, 30, 33, 31, 39, 34, 10, 27, 17, 39, 26, 27, 17, 30, 0, 30, 22, 39, 30, 33, 39, 19, 2, 21, 39, 35, 2, 22, 8, 39, 35, 3, 8, 11, 37, 39, 30, 33, 31, 39, 13, 10, 20, 39, 4, 30, 39]
    Edit distance: 11/46

============================================================
Batch 130500 | Val PER: 0.1723
============================================================
  Sample 0:
    TRUE: [31, 17, 0, 19, 27, 2, 28, 17, 39, 27, 17, 19, 2, 22, 28, 16, 8, 11, 8, 39]
    PRED: [8, 16, 8, 19, 27, 2, 28, 39, 27, 17, 14, 0, 22, 30, 2, 8, 39]
    Edit distance: 10/20
  Sample 1:
    TRUE: [27, 16, 7, 39, 26, 11, 7, 2, 28, 30, 39, 28, 10, 34, 27, 2, 20, 39, 28, 5, 22, 8, 39, 20, 16, 31, 2, 14, 27, 1, 13, 28, 39]
    PRED: [27, 17, 19, 39, 26, 0, 27, 7, 2, 37, 39, 28, 10, 34, 2, 20, 39, 13, 5, 22, 37, 39, 20, 16, 27, 0, 13, 39]
    Edit distance: 14/33
  Sample 2:
    TRUE: [28, 24, 39, 27, 33, 20, 37, 39, 35, 17, 39, 21, 12, 8, 39, 16, 22, 39, 2, 22, 2, 6, 1, 29, 30, 39, 19, 2, 20, 33, 38, 2, 22, 39]
    PRED: [15, 2, 39, 27, 33, 20, 37, 39, 35, 17, 39, 21, 12, 8, 39, 16, 22, 39, 16, 22, 2, 21, 2, 28, 39, 19, 2, 20, 33, 38, 2, 22, 39]
    Edit distance: 7/34
  Sample 3:
    TRUE: [20, 3, 27, 17, 37, 39, 19, 0, 28, 30, 33, 21, 39, 22, 17, 8, 2, 8, 39, 6, 20, 1, 19, 39, 14, 20, 2, 34, 37, 39, 30, 33, 39, 6, 17, 39, 19, 2, 21, 26, 20, 17, 30, 20, 17, 39, 10, 20, 2, 14, 2, 22, 30, 39]
    PRED: [27, 3, 27, 39, 19, 0, 28, 33, 21, 39, 22, 17, 8, 39, 6, 27, 2, 19, 39, 20, 2, 34, 37, 39, 30, 33, 39, 6, 17, 39, 19, 2, 21, 26, 36, 17, 30, 20, 11, 39, 16, 20, 2, 22, 8, 39]
    Edit distance: 15/54
  Sample 4:
    TRUE: [9, 2, 39, 30, 33, 31, 39, 13, 10, 27, 17, 39, 13, 11, 14, 0, 30, 39, 30, 33, 39, 19, 2, 21, 39, 35, 10, 22, 39, 27, 0, 18, 11, 37, 39, 30, 33, 31, 39, 13, 10, 20, 39, 4, 30, 39]
    PRED: [9, 2, 39, 30, 33, 31, 39, 34, 10, 27, 17, 39, 26, 27, 17, 30, 19, 0, 30, 22, 39, 30, 33, 39, 19, 2, 21, 39, 35, 2, 22, 8, 39, 35, 3, 8, 11, 37, 39, 30, 33, 31, 39, 13, 10, 20, 39, 4, 30, 39]
    Edit distance: 12/46

============================================================
Batch 131000 | Val PER: 0.1725
============================================================
  Sample 0:
    TRUE: [31, 17, 0, 19, 27, 2, 28, 17, 39, 27, 17, 19, 2, 22, 28, 16, 8, 11, 8, 39]
    PRED: [8, 0, 8, 19, 27, 2, 28, 39, 17, 14, 0, 22, 30, 2, 8, 39]
    Edit distance: 11/20
  Sample 1:
    TRUE: [27, 16, 7, 39, 26, 11, 7, 2, 28, 30, 39, 28, 10, 34, 27, 2, 20, 39, 28, 5, 22, 8, 39, 20, 16, 31, 2, 14, 27, 1, 13, 28, 39]
    PRED: [27, 17, 7, 39, 26, 0, 27, 7, 2, 37, 39, 28, 10, 34, 2, 20, 39, 7, 5, 22, 37, 39, 20, 16, 9, 27, 0, 13, 39]
    Edit distance: 13/33
  Sample 2:
    TRUE: [28, 24, 39, 27, 33, 20, 37, 39, 35, 17, 39, 21, 12, 8, 39, 16, 22, 39, 2, 22, 2, 6, 1, 29, 30, 39, 19, 2, 20, 33, 38, 2, 22, 39]
    PRED: [15, 4, 39, 27, 33, 20, 37, 39, 35, 17, 39, 21, 12, 8, 39, 16, 22, 39, 16, 22, 2, 21, 2, 28, 39, 19, 2, 20, 33, 38, 2, 22, 39]
    Edit distance: 7/34
  Sample 3:
    TRUE: [20, 3, 27, 17, 37, 39, 19, 0, 28, 30, 33, 21, 39, 22, 17, 8, 2, 8, 39, 6, 20, 1, 19, 39, 14, 20, 2, 34, 37, 39, 30, 33, 39, 6, 17, 39, 19, 2, 21, 26, 20, 17, 30, 20, 17, 39, 10, 20, 2, 14, 2, 22, 30, 39]
    PRED: [27, 3, 27, 39, 19, 0, 28, 33, 21, 39, 22, 17, 8, 39, 6, 27, 2, 19, 39, 20, 1, 34, 37, 39, 30, 33, 39, 6, 17, 39, 19, 2, 21, 26, 36, 17, 30, 20, 11, 39, 16, 20, 2, 22, 8, 39]
    Edit distance: 16/54
  Sample 4:
    TRUE: [9, 2, 39, 30, 33, 31, 39, 13, 10, 27, 17, 39, 13, 11, 14, 0, 30, 39, 30, 33, 39, 19, 2, 21, 39, 35, 10, 22, 39, 27, 0, 18, 11, 37, 39, 30, 33, 31, 39, 13, 10, 20, 39, 4, 30, 39]
    PRED: [9, 2, 39, 30, 33, 31, 39, 34, 10, 27, 17, 39, 26, 27, 17, 30, 0, 30, 22, 39, 30, 33, 39, 19, 2, 21, 39, 35, 2, 22, 8, 39, 35, 3, 8, 11, 37, 39, 36, 33, 31, 39, 13, 10, 20, 39, 4, 30, 39]
    Edit distance: 12/46

============================================================
Batch 131500 | Val PER: 0.1724
============================================================
  Sample 0:
    TRUE: [31, 17, 0, 19, 27, 2, 28, 17, 39, 27, 17, 19, 2, 22, 28, 16, 8, 11, 8, 39]
    PRED: [8, 0, 8, 19, 27, 2, 28, 39, 27, 17, 14, 0, 22, 30, 2, 8, 39]
    Edit distance: 10/20
  Sample 1:
    TRUE: [27, 16, 7, 39, 26, 11, 7, 2, 28, 30, 39, 28, 10, 34, 27, 2, 20, 39, 28, 5, 22, 8, 39, 20, 16, 31, 2, 14, 27, 1, 13, 28, 39]
    PRED: [27, 17, 7, 39, 26, 0, 27, 7, 2, 37, 39, 28, 10, 34, 2, 20, 39, 5, 22, 37, 39, 20, 16, 9, 27, 0, 13, 39]
    Edit distance: 13/33
  Sample 2:
    TRUE: [28, 24, 39, 27, 33, 20, 37, 39, 35, 17, 39, 21, 12, 8, 39, 16, 22, 39, 2, 22, 2, 6, 1, 29, 30, 39, 19, 2, 20, 33, 38, 2, 22, 39]
    PRED: [15, 4, 39, 27, 33, 20, 37, 39, 35, 17, 39, 21, 12, 8, 39, 16, 22, 39, 16, 22, 2, 21, 2, 28, 39, 19, 2, 20, 33, 38, 2, 22, 39]
    Edit distance: 7/34
  Sample 3:
    TRUE: [20, 3, 27, 17, 37, 39, 19, 0, 28, 30, 33, 21, 39, 22, 17, 8, 2, 8, 39, 6, 20, 1, 19, 39, 14, 20, 2, 34, 37, 39, 30, 33, 39, 6, 17, 39, 19, 2, 21, 26, 20, 17, 30, 20, 17, 39, 10, 20, 2, 14, 2, 22, 30, 39]
    PRED: [27, 3, 27, 39, 19, 1, 0, 28, 33, 21, 39, 22, 17, 8, 39, 6, 20, 2, 19, 39, 20, 2, 34, 37, 39, 30, 33, 39, 6, 17, 39, 19, 2, 21, 26, 36, 33, 30, 20, 11, 39, 16, 20, 2, 22, 8, 39]
    Edit distance: 16/54
  Sample 4:
    TRUE: [9, 2, 39, 30, 33, 31, 39, 13, 10, 27, 17, 39, 13, 11, 14, 0, 30, 39, 30, 33, 39, 19, 2, 21, 39, 35, 10, 22, 39, 27, 0, 18, 11, 37, 39, 30, 33, 31, 39, 13, 10, 20, 39, 4, 30, 39]
    PRED: [9, 2, 39, 30, 33, 31, 39, 34, 10, 27, 17, 39, 26, 27, 17, 30, 0, 30, 22, 39, 30, 33, 39, 19, 2, 21, 39, 35, 2, 22, 8, 39, 35, 3, 8, 11, 37, 39, 30, 33, 31, 39, 13, 10, 20, 39, 4, 30, 39]
    Edit distance: 11/46

============================================================
Batch 132000 | Val PER: 0.1721
============================================================
  Sample 0:
    TRUE: [31, 17, 0, 19, 27, 2, 28, 17, 39, 27, 17, 19, 2, 22, 28, 16, 8, 11, 8, 39]
    PRED: [8, 10, 8, 19, 27, 2, 28, 39, 17, 14, 0, 22, 30, 2, 8, 39]
    Edit distance: 11/20
  Sample 1:
    TRUE: [27, 16, 7, 39, 26, 11, 7, 2, 28, 30, 39, 28, 10, 34, 27, 2, 20, 39, 28, 5, 22, 8, 39, 20, 16, 31, 2, 14, 27, 1, 13, 28, 39]
    PRED: [27, 17, 7, 39, 26, 0, 27, 7, 2, 37, 39, 28, 10, 34, 2, 20, 39, 5, 22, 37, 39, 20, 16, 9, 27, 0, 13, 39]
    Edit distance: 13/33
  Sample 2:
    TRUE: [28, 24, 39, 27, 33, 20, 37, 39, 35, 17, 39, 21, 12, 8, 39, 16, 22, 39, 2, 22, 2, 6, 1, 29, 30, 39, 19, 2, 20, 33, 38, 2, 22, 39]
    PRED: [15, 4, 39, 27, 25, 20, 37, 39, 35, 17, 39, 21, 12, 8, 39, 16, 22, 39, 16, 22, 2, 21, 2, 28, 39, 19, 2, 20, 33, 38, 2, 22, 39]
    Edit distance: 8/34
  Sample 3:
    TRUE: [20, 3, 27, 17, 37, 39, 19, 0, 28, 30, 33, 21, 39, 22, 17, 8, 2, 8, 39, 6, 20, 1, 19, 39, 14, 20, 2, 34, 37, 39, 30, 33, 39, 6, 17, 39, 19, 2, 21, 26, 20, 17, 30, 20, 17, 39, 10, 20, 2, 14, 2, 22, 30, 39]
    PRED: [27, 3, 27, 39, 19, 1, 0, 28, 33, 21, 39, 22, 17, 8, 39, 6, 20, 1, 19, 39, 20, 1, 34, 37, 39, 30, 33, 39, 6, 17, 39, 19, 2, 21, 26, 36, 33, 30, 20, 11, 39, 16, 20, 2, 22, 8, 39]
    Edit distance: 16/54
  Sample 4:
    TRUE: [9, 2, 39, 30, 33, 31, 39, 13, 10, 27, 17, 39, 13, 11, 14, 0, 30, 39, 30, 33, 39, 19, 2, 21, 39, 35, 10, 22, 39, 27, 0, 18, 11, 37, 39, 30, 33, 31, 39, 13, 10, 20, 39, 4, 30, 39]
    PRED: [9, 2, 39, 30, 33, 31, 39, 34, 10, 27, 17, 39, 26, 27, 17, 30, 0, 30, 22, 39, 30, 33, 39, 19, 2, 21, 39, 35, 2, 22, 8, 39, 35, 3, 8, 11, 37, 39, 30, 33, 31, 39, 13, 10, 20, 39, 4, 30, 39]
    Edit distance: 11/46

============================================================
Batch 132500 | Val PER: 0.1724
============================================================
  Sample 0:
    TRUE: [31, 17, 0, 19, 27, 2, 28, 17, 39, 27, 17, 19, 2, 22, 28, 16, 8, 11, 8, 39]
    PRED: [8, 10, 8, 19, 27, 2, 28, 39, 17, 14, 0, 22, 30, 2, 8, 39]
    Edit distance: 11/20
  Sample 1:
    TRUE: [27, 16, 7, 39, 26, 11, 7, 2, 28, 30, 39, 28, 10, 34, 27, 2, 20, 39, 28, 5, 22, 8, 39, 20, 16, 31, 2, 14, 27, 1, 13, 28, 39]
    PRED: [27, 17, 7, 39, 26, 0, 27, 7, 2, 37, 39, 28, 10, 34, 2, 20, 39, 5, 22, 37, 39, 20, 16, 9, 27, 0, 13, 39]
    Edit distance: 13/33
  Sample 2:
    TRUE: [28, 24, 39, 27, 33, 20, 37, 39, 35, 17, 39, 21, 12, 8, 39, 16, 22, 39, 2, 22, 2, 6, 1, 29, 30, 39, 19, 2, 20, 33, 38, 2, 22, 39]
    PRED: [15, 4, 39, 27, 25, 20, 37, 39, 35, 17, 39, 21, 12, 8, 39, 16, 22, 39, 16, 22, 2, 21, 2, 28, 39, 19, 2, 20, 33, 38, 2, 22, 39]
    Edit distance: 8/34
  Sample 3:
    TRUE: [20, 3, 27, 17, 37, 39, 19, 0, 28, 30, 33, 21, 39, 22, 17, 8, 2, 8, 39, 6, 20, 1, 19, 39, 14, 20, 2, 34, 37, 39, 30, 33, 39, 6, 17, 39, 19, 2, 21, 26, 20, 17, 30, 20, 17, 39, 10, 20, 2, 14, 2, 22, 30, 39]
    PRED: [27, 3, 27, 39, 19, 0, 28, 33, 21, 39, 22, 17, 8, 39, 6, 20, 1, 19, 39, 20, 1, 34, 37, 39, 30, 33, 39, 6, 17, 39, 19, 2, 21, 26, 36, 33, 30, 20, 11, 39, 16, 20, 2, 22, 8, 39]
    Edit distance: 15/54
  Sample 4:
    TRUE: [9, 2, 39, 30, 33, 31, 39, 13, 10, 27, 17, 39, 13, 11, 14, 0, 30, 39, 30, 33, 39, 19, 2, 21, 39, 35, 10, 22, 39, 27, 0, 18, 11, 37, 39, 30, 33, 31, 39, 13, 10, 20, 39, 4, 30, 39]
    PRED: [9, 2, 39, 30, 33, 31, 39, 34, 10, 27, 17, 39, 27, 17, 30, 0, 30, 22, 39, 30, 33, 39, 19, 2, 21, 39, 35, 2, 22, 8, 39, 35, 3, 8, 11, 37, 39, 30, 33, 31, 39, 13, 10, 20, 39, 4, 30, 39]
    Edit distance: 10/46

============================================================
Batch 133000 | Val PER: 0.1732
============================================================
  Sample 0:
    TRUE: [31, 17, 0, 19, 27, 2, 28, 17, 39, 27, 17, 19, 2, 22, 28, 16, 8, 11, 8, 39]
    PRED: [8, 10, 19, 27, 2, 28, 39, 17, 14, 0, 22, 30, 2, 8, 39]
    Edit distance: 11/20
  Sample 1:
    TRUE: [27, 16, 7, 39, 26, 11, 7, 2, 28, 30, 39, 28, 10, 34, 27, 2, 20, 39, 28, 5, 22, 8, 39, 20, 16, 31, 2, 14, 27, 1, 13, 28, 39]
    PRED: [27, 17, 7, 39, 26, 0, 27, 7, 2, 37, 39, 28, 10, 34, 2, 20, 39, 7, 5, 22, 37, 39, 20, 16, 9, 27, 0, 13, 39]
    Edit distance: 13/33
  Sample 2:
    TRUE: [28, 24, 39, 27, 33, 20, 37, 39, 35, 17, 39, 21, 12, 8, 39, 16, 22, 39, 2, 22, 2, 6, 1, 29, 30, 39, 19, 2, 20, 33, 38, 2, 22, 39]
    PRED: [15, 2, 39, 27, 25, 20, 37, 39, 35, 17, 39, 21, 12, 8, 39, 16, 22, 39, 16, 22, 2, 21, 2, 28, 39, 19, 2, 20, 33, 38, 2, 22, 39]
    Edit distance: 8/34
  Sample 3:
    TRUE: [20, 3, 27, 17, 37, 39, 19, 0, 28, 30, 33, 21, 39, 22, 17, 8, 2, 8, 39, 6, 20, 1, 19, 39, 14, 20, 2, 34, 37, 39, 30, 33, 39, 6, 17, 39, 19, 2, 21, 26, 20, 17, 30, 20, 17, 39, 10, 20, 2, 14, 2, 22, 30, 39]
    PRED: [27, 3, 27, 39, 19, 1, 28, 33, 21, 39, 22, 17, 8, 2, 8, 39, 6, 20, 1, 19, 39, 20, 1, 34, 37, 39, 30, 33, 39, 6, 17, 39, 19, 2, 21, 26, 36, 17, 30, 20, 11, 39, 16, 20, 2, 22, 8, 39]
    Edit distance: 13/54
  Sample 4:
    TRUE: [9, 2, 39, 30, 33, 31, 39, 13, 10, 27, 17, 39, 13, 11, 14, 0, 30, 39, 30, 33, 39, 19, 2, 21, 39, 35, 10, 22, 39, 27, 0, 18, 11, 37, 39, 30, 33, 31, 39, 13, 10, 20, 39, 4, 30, 39]
    PRED: [9, 2, 39, 30, 33, 31, 39, 34, 10, 27, 17, 2, 39, 27, 17, 30, 0, 19, 30, 22, 39, 30, 33, 39, 19, 2, 21, 39, 35, 2, 22, 8, 39, 35, 3, 8, 11, 37, 39, 30, 33, 31, 39, 13, 10, 20, 39, 4, 30, 39]
    Edit distance: 12/46

============================================================
Batch 133500 | Val PER: 0.1736
============================================================
  Sample 0:
    TRUE: [31, 17, 0, 19, 27, 2, 28, 17, 39, 27, 17, 19, 2, 22, 28, 16, 8, 11, 8, 39]
    PRED: [8, 10, 19, 27, 2, 28, 39, 17, 14, 0, 22, 30, 2, 8, 39]
    Edit distance: 11/20
  Sample 1:
    TRUE: [27, 16, 7, 39, 26, 11, 7, 2, 28, 30, 39, 28, 10, 34, 27, 2, 20, 39, 28, 5, 22, 8, 39, 20, 16, 31, 2, 14, 27, 1, 13, 28, 39]
    PRED: [27, 17, 7, 39, 26, 0, 27, 7, 2, 37, 39, 28, 10, 34, 2, 20, 39, 5, 22, 37, 39, 20, 16, 27, 0, 13, 39]
    Edit distance: 13/33
  Sample 2:
    TRUE: [28, 24, 39, 27, 33, 20, 37, 39, 35, 17, 39, 21, 12, 8, 39, 16, 22, 39, 2, 22, 2, 6, 1, 29, 30, 39, 19, 2, 20, 33, 38, 2, 22, 39]
    PRED: [15, 4, 39, 27, 25, 20, 37, 39, 35, 17, 39, 21, 12, 8, 39, 16, 22, 39, 16, 22, 2, 21, 2, 28, 39, 19, 2, 20, 33, 38, 2, 22, 39]
    Edit distance: 8/34
  Sample 3:
    TRUE: [20, 3, 27, 17, 37, 39, 19, 0, 28, 30, 33, 21, 39, 22, 17, 8, 2, 8, 39, 6, 20, 1, 19, 39, 14, 20, 2, 34, 37, 39, 30, 33, 39, 6, 17, 39, 19, 2, 21, 26, 20, 17, 30, 20, 17, 39, 10, 20, 2, 14, 2, 22, 30, 39]
    PRED: [27, 3, 27, 39, 19, 0, 28, 33, 21, 39, 22, 17, 8, 39, 6, 20, 1, 19, 39, 20, 1, 34, 37, 39, 30, 33, 39, 6, 17, 39, 19, 2, 21, 26, 36, 17, 30, 20, 11, 39, 16, 20, 2, 22, 39]
    Edit distance: 14/54
  Sample 4:
    TRUE: [9, 2, 39, 30, 33, 31, 39, 13, 10, 27, 17, 39, 13, 11, 14, 0, 30, 39, 30, 33, 39, 19, 2, 21, 39, 35, 10, 22, 39, 27, 0, 18, 11, 37, 39, 30, 33, 31, 39, 13, 10, 20, 39, 4, 30, 39]
    PRED: [9, 2, 39, 30, 33, 31, 39, 34, 10, 27, 17, 2, 39, 27, 17, 30, 0, 30, 22, 39, 30, 33, 39, 19, 2, 21, 39, 35, 2, 22, 39, 35, 3, 8, 11, 37, 39, 30, 33, 31, 39, 13, 10, 20, 39, 4, 30, 39]
    Edit distance: 10/46

============================================================
Batch 134000 | Val PER: 0.1729
============================================================
  Sample 0:
    TRUE: [31, 17, 0, 19, 27, 2, 28, 17, 39, 27, 17, 19, 2, 22, 28, 16, 8, 11, 8, 39]
    PRED: [8, 16, 19, 27, 2, 28, 39, 17, 14, 0, 22, 30, 2, 8, 39]
    Edit distance: 11/20
  Sample 1:
    TRUE: [27, 16, 7, 39, 26, 11, 7, 2, 28, 30, 39, 28, 10, 34, 27, 2, 20, 39, 28, 5, 22, 8, 39, 20, 16, 31, 2, 14, 27, 1, 13, 28, 39]
    PRED: [27, 17, 7, 39, 26, 0, 27, 7, 2, 37, 39, 28, 10, 34, 2, 20, 39, 7, 5, 22, 37, 39, 20, 16, 27, 0, 13, 39]
    Edit distance: 13/33
  Sample 2:
    TRUE: [28, 24, 39, 27, 33, 20, 37, 39, 35, 17, 39, 21, 12, 8, 39, 16, 22, 39, 2, 22, 2, 6, 1, 29, 30, 39, 19, 2, 20, 33, 38, 2, 22, 39]
    PRED: [15, 4, 39, 27, 17, 20, 37, 39, 35, 17, 39, 21, 12, 8, 39, 16, 22, 39, 16, 22, 2, 21, 2, 28, 39, 19, 2, 20, 33, 38, 2, 22, 39]
    Edit distance: 8/34
  Sample 3:
    TRUE: [20, 3, 27, 17, 37, 39, 19, 0, 28, 30, 33, 21, 39, 22, 17, 8, 2, 8, 39, 6, 20, 1, 19, 39, 14, 20, 2, 34, 37, 39, 30, 33, 39, 6, 17, 39, 19, 2, 21, 26, 20, 17, 30, 20, 17, 39, 10, 20, 2, 14, 2, 22, 30, 39]
    PRED: [27, 3, 27, 39, 19, 0, 28, 33, 21, 39, 22, 17, 8, 39, 6, 20, 1, 19, 39, 20, 1, 34, 37, 39, 30, 33, 39, 6, 17, 39, 19, 2, 21, 26, 36, 17, 30, 20, 11, 39, 16, 20, 2, 22, 8, 39]
    Edit distance: 14/54
  Sample 4:
    TRUE: [9, 2, 39, 30, 33, 31, 39, 13, 10, 27, 17, 39, 13, 11, 14, 0, 30, 39, 30, 33, 39, 19, 2, 21, 39, 35, 10, 22, 39, 27, 0, 18, 11, 37, 39, 30, 33, 31, 39, 13, 10, 20, 39, 4, 30, 39]
    PRED: [9, 2, 39, 30, 33, 31, 39, 13, 10, 27, 17, 39, 27, 17, 30, 0, 30, 22, 39, 30, 33, 39, 19, 2, 21, 39, 35, 2, 22, 39, 35, 3, 8, 11, 37, 39, 30, 33, 31, 39, 13, 10, 20, 39, 4, 30, 39]
    Edit distance: 8/46

============================================================
Batch 134500 | Val PER: 0.1717
============================================================
  Sample 0:
    TRUE: [31, 17, 0, 19, 27, 2, 28, 17, 39, 27, 17, 19, 2, 22, 28, 16, 8, 11, 8, 39]
    PRED: [8, 10, 8, 19, 27, 2, 28, 39, 17, 14, 0, 22, 30, 2, 8, 39]
    Edit distance: 11/20
  Sample 1:
    TRUE: [27, 16, 7, 39, 26, 11, 7, 2, 28, 30, 39, 28, 10, 34, 27, 2, 20, 39, 28, 5, 22, 8, 39, 20, 16, 31, 2, 14, 27, 1, 13, 28, 39]
    PRED: [27, 17, 7, 39, 26, 0, 27, 7, 2, 37, 39, 28, 10, 34, 2, 20, 39, 7, 5, 22, 37, 39, 20, 16, 27, 0, 13, 39]
    Edit distance: 13/33
  Sample 2:
    TRUE: [28, 24, 39, 27, 33, 20, 37, 39, 35, 17, 39, 21, 12, 8, 39, 16, 22, 39, 2, 22, 2, 6, 1, 29, 30, 39, 19, 2, 20, 33, 38, 2, 22, 39]
    PRED: [15, 4, 39, 27, 17, 20, 37, 39, 35, 17, 39, 21, 12, 8, 39, 16, 22, 39, 16, 22, 2, 21, 2, 28, 39, 19, 2, 20, 33, 38, 2, 22, 39]
    Edit distance: 8/34
  Sample 3:
    TRUE: [20, 3, 27, 17, 37, 39, 19, 0, 28, 30, 33, 21, 39, 22, 17, 8, 2, 8, 39, 6, 20, 1, 19, 39, 14, 20, 2, 34, 37, 39, 30, 33, 39, 6, 17, 39, 19, 2, 21, 26, 20, 17, 30, 20, 17, 39, 10, 20, 2, 14, 2, 22, 30, 39]
    PRED: [27, 3, 27, 39, 19, 0, 28, 33, 21, 39, 22, 17, 8, 2, 8, 39, 6, 20, 1, 19, 39, 20, 1, 34, 37, 39, 30, 33, 39, 6, 17, 39, 19, 2, 21, 26, 36, 17, 30, 20, 11, 39, 16, 20, 2, 22, 8, 39]
    Edit distance: 12/54
  Sample 4:
    TRUE: [9, 2, 39, 30, 33, 31, 39, 13, 10, 27, 17, 39, 13, 11, 14, 0, 30, 39, 30, 33, 39, 19, 2, 21, 39, 35, 10, 22, 39, 27, 0, 18, 11, 37, 39, 30, 33, 31, 39, 13, 10, 20, 39, 4, 30, 39]
    PRED: [9, 2, 39, 30, 33, 31, 39, 13, 10, 27, 17, 39, 27, 17, 30, 0, 30, 22, 39, 30, 33, 39, 19, 2, 21, 39, 35, 2, 22, 39, 35, 3, 8, 11, 37, 39, 36, 33, 31, 39, 13, 10, 20, 39, 4, 30, 39]
    Edit distance: 9/46

============================================================
Batch 135000 | Val PER: 0.1727
============================================================
  Sample 0:
    TRUE: [31, 17, 0, 19, 27, 2, 28, 17, 39, 27, 17, 19, 2, 22, 28, 16, 8, 11, 8, 39]
    PRED: [8, 10, 19, 27, 2, 28, 39, 17, 14, 0, 22, 30, 2, 8, 39]
    Edit distance: 11/20
  Sample 1:
    TRUE: [27, 16, 7, 39, 26, 11, 7, 2, 28, 30, 39, 28, 10, 34, 27, 2, 20, 39, 28, 5, 22, 8, 39, 20, 16, 31, 2, 14, 27, 1, 13, 28, 39]
    PRED: [27, 17, 19, 39, 26, 0, 27, 7, 2, 37, 39, 28, 10, 34, 2, 20, 39, 7, 5, 22, 37, 39, 20, 16, 27, 0, 13, 39]
    Edit distance: 14/33
  Sample 2:
    TRUE: [28, 24, 39, 27, 33, 20, 37, 39, 35, 17, 39, 21, 12, 8, 39, 16, 22, 39, 2, 22, 2, 6, 1, 29, 30, 39, 19, 2, 20, 33, 38, 2, 22, 39]
    PRED: [15, 4, 39, 27, 17, 20, 37, 39, 35, 17, 39, 21, 12, 8, 39, 16, 22, 39, 16, 22, 2, 21, 2, 28, 39, 19, 2, 20, 33, 38, 2, 22, 39]
    Edit distance: 8/34
  Sample 3:
    TRUE: [20, 3, 27, 17, 37, 39, 19, 0, 28, 30, 33, 21, 39, 22, 17, 8, 2, 8, 39, 6, 20, 1, 19, 39, 14, 20, 2, 34, 37, 39, 30, 33, 39, 6, 17, 39, 19, 2, 21, 26, 20, 17, 30, 20, 17, 39, 10, 20, 2, 14, 2, 22, 30, 39]
    PRED: [27, 3, 27, 39, 19, 1, 28, 33, 21, 39, 22, 17, 8, 39, 6, 20, 1, 19, 39, 20, 2, 34, 37, 39, 30, 33, 39, 6, 17, 39, 19, 2, 21, 26, 36, 17, 30, 20, 11, 39, 16, 20, 2, 22, 8, 39]
    Edit distance: 14/54
  Sample 4:
    TRUE: [9, 2, 39, 30, 33, 31, 39, 13, 10, 27, 17, 39, 13, 11, 14, 0, 30, 39, 30, 33, 39, 19, 2, 21, 39, 35, 10, 22, 39, 27, 0, 18, 11, 37, 39, 30, 33, 31, 39, 13, 10, 20, 39, 4, 30, 39]
    PRED: [9, 2, 39, 30, 33, 31, 39, 34, 10, 27, 17, 39, 27, 17, 30, 0, 19, 30, 2, 22, 39, 30, 33, 39, 19, 2, 21, 39, 35, 2, 22, 39, 35, 3, 8, 11, 37, 39, 36, 33, 31, 39, 13, 10, 20, 39, 4, 30, 39]
    Edit distance: 12/46

============================================================
Batch 135500 | Val PER: 0.1729
============================================================
  Sample 0:
    TRUE: [31, 17, 0, 19, 27, 2, 28, 17, 39, 27, 17, 19, 2, 22, 28, 16, 8, 11, 8, 39]
    PRED: [8, 10, 8, 19, 27, 2, 28, 39, 27, 17, 14, 0, 22, 30, 2, 8, 39]
    Edit distance: 10/20
  Sample 1:
    TRUE: [27, 16, 7, 39, 26, 11, 7, 2, 28, 30, 39, 28, 10, 34, 27, 2, 20, 39, 28, 5, 22, 8, 39, 20, 16, 31, 2, 14, 27, 1, 13, 28, 39]
    PRED: [27, 17, 7, 39, 26, 0, 27, 7, 2, 37, 39, 28, 10, 34, 2, 20, 39, 7, 5, 22, 37, 39, 20, 16, 27, 0, 13, 39]
    Edit distance: 13/33
  Sample 2:
    TRUE: [28, 24, 39, 27, 33, 20, 37, 39, 35, 17, 39, 21, 12, 8, 39, 16, 22, 39, 2, 22, 2, 6, 1, 29, 30, 39, 19, 2, 20, 33, 38, 2, 22, 39]
    PRED: [15, 2, 39, 27, 17, 20, 37, 39, 35, 17, 39, 21, 12, 8, 39, 16, 22, 39, 16, 22, 2, 21, 2, 28, 39, 19, 2, 20, 33, 38, 2, 22, 39]
    Edit distance: 8/34
  Sample 3:
    TRUE: [20, 3, 27, 17, 37, 39, 19, 0, 28, 30, 33, 21, 39, 22, 17, 8, 2, 8, 39, 6, 20, 1, 19, 39, 14, 20, 2, 34, 37, 39, 30, 33, 39, 6, 17, 39, 19, 2, 21, 26, 20, 17, 30, 20, 17, 39, 10, 20, 2, 14, 2, 22, 30, 39]
    PRED: [27, 3, 27, 39, 19, 1, 28, 33, 21, 39, 22, 17, 8, 39, 6, 20, 1, 19, 39, 20, 1, 34, 37, 39, 30, 33, 39, 6, 17, 39, 19, 2, 21, 26, 36, 30, 20, 11, 39, 16, 20, 2, 22, 8, 39]
    Edit distance: 16/54
  Sample 4:
    TRUE: [9, 2, 39, 30, 33, 31, 39, 13, 10, 27, 17, 39, 13, 11, 14, 0, 30, 39, 30, 33, 39, 19, 2, 21, 39, 35, 10, 22, 39, 27, 0, 18, 11, 37, 39, 30, 33, 31, 39, 13, 10, 20, 39, 4, 30, 39]
    PRED: [9, 2, 39, 30, 33, 31, 39, 34, 10, 27, 17, 39, 27, 17, 30, 0, 19, 30, 2, 22, 39, 30, 33, 39, 19, 2, 21, 39, 35, 2, 22, 39, 35, 3, 8, 11, 37, 39, 30, 33, 31, 39, 13, 10, 20, 39, 4, 30, 39]
    Edit distance: 11/46

============================================================
Batch 136000 | Val PER: 0.1733
============================================================
  Sample 0:
    TRUE: [31, 17, 0, 19, 27, 2, 28, 17, 39, 27, 17, 19, 2, 22, 28, 16, 8, 11, 8, 39]
    PRED: [8, 0, 8, 19, 27, 2, 28, 39, 27, 17, 14, 0, 22, 30, 2, 8, 39]
    Edit distance: 10/20
  Sample 1:
    TRUE: [27, 16, 7, 39, 26, 11, 7, 2, 28, 30, 39, 28, 10, 34, 27, 2, 20, 39, 28, 5, 22, 8, 39, 20, 16, 31, 2, 14, 27, 1, 13, 28, 39]
    PRED: [27, 17, 7, 39, 26, 0, 27, 7, 2, 37, 39, 28, 10, 34, 2, 20, 39, 7, 5, 22, 37, 39, 20, 16, 27, 0, 13, 39]
    Edit distance: 13/33
  Sample 2:
    TRUE: [28, 24, 39, 27, 33, 20, 37, 39, 35, 17, 39, 21, 12, 8, 39, 16, 22, 39, 2, 22, 2, 6, 1, 29, 30, 39, 19, 2, 20, 33, 38, 2, 22, 39]
    PRED: [15, 2, 39, 27, 17, 20, 37, 39, 35, 17, 39, 21, 12, 8, 39, 16, 22, 39, 16, 22, 2, 21, 2, 28, 39, 19, 2, 20, 33, 38, 2, 22, 39]
    Edit distance: 8/34
  Sample 3:
    TRUE: [20, 3, 27, 17, 37, 39, 19, 0, 28, 30, 33, 21, 39, 22, 17, 8, 2, 8, 39, 6, 20, 1, 19, 39, 14, 20, 2, 34, 37, 39, 30, 33, 39, 6, 17, 39, 19, 2, 21, 26, 20, 17, 30, 20, 17, 39, 10, 20, 2, 14, 2, 22, 30, 39]
    PRED: [27, 3, 27, 39, 19, 1, 28, 33, 21, 39, 22, 17, 8, 39, 6, 20, 1, 19, 39, 20, 1, 34, 37, 39, 30, 33, 39, 6, 17, 39, 19, 2, 21, 26, 36, 30, 20, 11, 39, 16, 20, 2, 22, 8, 39]
    Edit distance: 16/54
  Sample 4:
    TRUE: [9, 2, 39, 30, 33, 31, 39, 13, 10, 27, 17, 39, 13, 11, 14, 0, 30, 39, 30, 33, 39, 19, 2, 21, 39, 35, 10, 22, 39, 27, 0, 18, 11, 37, 39, 30, 33, 31, 39, 13, 10, 20, 39, 4, 30, 39]
    PRED: [9, 2, 39, 30, 33, 31, 39, 13, 10, 27, 17, 39, 27, 17, 30, 0, 19, 30, 2, 22, 39, 30, 33, 39, 19, 2, 21, 39, 35, 2, 22, 39, 35, 3, 8, 11, 37, 39, 30, 33, 31, 39, 13, 10, 20, 39, 4, 30, 39]
    Edit distance: 10/46

============================================================
Batch 136500 | Val PER: 0.1724
============================================================
  Sample 0:
    TRUE: [31, 17, 0, 19, 27, 2, 28, 17, 39, 27, 17, 19, 2, 22, 28, 16, 8, 11, 8, 39]
    PRED: [8, 0, 19, 27, 2, 28, 39, 27, 17, 14, 0, 22, 30, 2, 8, 39]
    Edit distance: 9/20
  Sample 1:
    TRUE: [27, 16, 7, 39, 26, 11, 7, 2, 28, 30, 39, 28, 10, 34, 27, 2, 20, 39, 28, 5, 22, 8, 39, 20, 16, 31, 2, 14, 27, 1, 13, 28, 39]
    PRED: [27, 17, 7, 39, 26, 0, 27, 7, 2, 37, 39, 28, 10, 34, 2, 20, 39, 7, 5, 22, 37, 39, 20, 16, 27, 0, 13, 39]
    Edit distance: 13/33
  Sample 2:
    TRUE: [28, 24, 39, 27, 33, 20, 37, 39, 35, 17, 39, 21, 12, 8, 39, 16, 22, 39, 2, 22, 2, 6, 1, 29, 30, 39, 19, 2, 20, 33, 38, 2, 22, 39]
    PRED: [15, 2, 39, 27, 17, 20, 37, 39, 35, 17, 39, 21, 12, 8, 39, 16, 22, 39, 16, 22, 2, 34, 21, 2, 28, 39, 19, 2, 20, 33, 38, 2, 22, 39]
    Edit distance: 8/34
  Sample 3:
    TRUE: [20, 3, 27, 17, 37, 39, 19, 0, 28, 30, 33, 21, 39, 22, 17, 8, 2, 8, 39, 6, 20, 1, 19, 39, 14, 20, 2, 34, 37, 39, 30, 33, 39, 6, 17, 39, 19, 2, 21, 26, 20, 17, 30, 20, 17, 39, 10, 20, 2, 14, 2, 22, 30, 39]
    PRED: [27, 3, 27, 39, 19, 1, 28, 33, 21, 39, 22, 17, 8, 2, 8, 39, 6, 20, 1, 19, 39, 20, 1, 34, 37, 39, 30, 33, 39, 6, 17, 39, 19, 2, 21, 26, 36, 30, 20, 11, 39, 16, 20, 2, 22, 8, 39]
    Edit distance: 14/54
  Sample 4:
    TRUE: [9, 2, 39, 30, 33, 31, 39, 13, 10, 27, 17, 39, 13, 11, 14, 0, 30, 39, 30, 33, 39, 19, 2, 21, 39, 35, 10, 22, 39, 27, 0, 18, 11, 37, 39, 30, 33, 31, 39, 13, 10, 20, 39, 4, 30, 39]
    PRED: [9, 2, 39, 30, 33, 31, 39, 13, 10, 27, 17, 39, 27, 17, 30, 0, 19, 30, 22, 39, 30, 33, 39, 19, 2, 21, 39, 35, 2, 22, 39, 35, 3, 8, 11, 37, 39, 30, 33, 31, 39, 13, 10, 20, 39, 4, 30, 39]
    Edit distance: 9/46

============================================================
Batch 137000 | Val PER: 0.1729
============================================================
  Sample 0:
    TRUE: [31, 17, 0, 19, 27, 2, 28, 17, 39, 27, 17, 19, 2, 22, 28, 16, 8, 11, 8, 39]
    PRED: [8, 5, 19, 27, 2, 28, 39, 27, 17, 14, 0, 22, 30, 2, 8, 39]
    Edit distance: 10/20
  Sample 1:
    TRUE: [27, 16, 7, 39, 26, 11, 7, 2, 28, 30, 39, 28, 10, 34, 27, 2, 20, 39, 28, 5, 22, 8, 39, 20, 16, 31, 2, 14, 27, 1, 13, 28, 39]
    PRED: [27, 17, 7, 39, 26, 0, 27, 7, 2, 37, 39, 28, 10, 34, 2, 20, 39, 7, 5, 22, 37, 39, 20, 16, 27, 0, 13, 39]
    Edit distance: 13/33
  Sample 2:
    TRUE: [28, 24, 39, 27, 33, 20, 37, 39, 35, 17, 39, 21, 12, 8, 39, 16, 22, 39, 2, 22, 2, 6, 1, 29, 30, 39, 19, 2, 20, 33, 38, 2, 22, 39]
    PRED: [15, 4, 39, 27, 17, 20, 37, 39, 35, 17, 39, 21, 12, 8, 39, 16, 22, 39, 16, 22, 2, 34, 21, 2, 28, 39, 19, 2, 20, 33, 38, 2, 22, 39]
    Edit distance: 8/34
  Sample 3:
    TRUE: [20, 3, 27, 17, 37, 39, 19, 0, 28, 30, 33, 21, 39, 22, 17, 8, 2, 8, 39, 6, 20, 1, 19, 39, 14, 20, 2, 34, 37, 39, 30, 33, 39, 6, 17, 39, 19, 2, 21, 26, 20, 17, 30, 20, 17, 39, 10, 20, 2, 14, 2, 22, 30, 39]
    PRED: [27, 3, 27, 39, 19, 1, 28, 33, 21, 39, 22, 17, 8, 2, 8, 39, 6, 20, 1, 19, 39, 20, 1, 34, 37, 39, 30, 33, 39, 6, 17, 39, 19, 2, 21, 26, 36, 30, 20, 11, 39, 16, 20, 2, 22, 8, 39]
    Edit distance: 14/54
  Sample 4:
    TRUE: [9, 2, 39, 30, 33, 31, 39, 13, 10, 27, 17, 39, 13, 11, 14, 0, 30, 39, 30, 33, 39, 19, 2, 21, 39, 35, 10, 22, 39, 27, 0, 18, 11, 37, 39, 30, 33, 31, 39, 13, 10, 20, 39, 4, 30, 39]
    PRED: [9, 2, 39, 30, 33, 31, 39, 13, 10, 27, 17, 39, 27, 17, 30, 0, 19, 30, 2, 22, 39, 30, 33, 39, 19, 2, 21, 39, 35, 2, 22, 39, 35, 3, 8, 11, 37, 39, 36, 33, 31, 39, 13, 10, 20, 39, 4, 30, 39]
    Edit distance: 11/46

============================================================
Batch 137500 | Val PER: 0.1727
============================================================
  Sample 0:
    TRUE: [31, 17, 0, 19, 27, 2, 28, 17, 39, 27, 17, 19, 2, 22, 28, 16, 8, 11, 8, 39]
    PRED: [8, 5, 19, 27, 2, 28, 39, 27, 17, 14, 0, 22, 30, 2, 8, 39]
    Edit distance: 10/20
  Sample 1:
    TRUE: [27, 16, 7, 39, 26, 11, 7, 2, 28, 30, 39, 28, 10, 34, 27, 2, 20, 39, 28, 5, 22, 8, 39, 20, 16, 31, 2, 14, 27, 1, 13, 28, 39]
    PRED: [27, 17, 7, 39, 26, 0, 27, 7, 2, 37, 39, 28, 10, 34, 2, 20, 39, 7, 5, 22, 39, 20, 16, 27, 0, 13, 39]
    Edit distance: 13/33
  Sample 2:
    TRUE: [28, 24, 39, 27, 33, 20, 37, 39, 35, 17, 39, 21, 12, 8, 39, 16, 22, 39, 2, 22, 2, 6, 1, 29, 30, 39, 19, 2, 20, 33, 38, 2, 22, 39]
    PRED: [15, 2, 39, 27, 17, 20, 37, 39, 35, 17, 39, 21, 12, 8, 39, 16, 22, 39, 16, 22, 2, 34, 21, 2, 28, 39, 19, 2, 20, 33, 38, 2, 22, 39]
    Edit distance: 8/34
  Sample 3:
    TRUE: [20, 3, 27, 17, 37, 39, 19, 0, 28, 30, 33, 21, 39, 22, 17, 8, 2, 8, 39, 6, 20, 1, 19, 39, 14, 20, 2, 34, 37, 39, 30, 33, 39, 6, 17, 39, 19, 2, 21, 26, 20, 17, 30, 20, 17, 39, 10, 20, 2, 14, 2, 22, 30, 39]
    PRED: [27, 3, 27, 39, 19, 0, 28, 33, 21, 39, 22, 17, 8, 2, 8, 39, 6, 20, 1, 19, 39, 20, 1, 34, 37, 39, 30, 33, 39, 6, 17, 39, 19, 2, 21, 26, 36, 33, 30, 20, 11, 39, 16, 20, 2, 22, 8, 39]
    Edit distance: 13/54
  Sample 4:
    TRUE: [9, 2, 39, 30, 33, 31, 39, 13, 10, 27, 17, 39, 13, 11, 14, 0, 30, 39, 30, 33, 39, 19, 2, 21, 39, 35, 10, 22, 39, 27, 0, 18, 11, 37, 39, 30, 33, 31, 39, 13, 10, 20, 39, 4, 30, 39]
    PRED: [9, 2, 39, 30, 33, 31, 39, 13, 10, 27, 17, 39, 27, 17, 30, 0, 19, 30, 2, 22, 39, 30, 33, 39, 19, 2, 21, 39, 35, 2, 22, 8, 39, 35, 3, 8, 11, 37, 39, 30, 33, 31, 39, 13, 10, 20, 39, 4, 30, 39]
    Edit distance: 11/46

============================================================
Batch 138000 | Val PER: 0.1731
============================================================
  Sample 0:
    TRUE: [31, 17, 0, 19, 27, 2, 28, 17, 39, 27, 17, 19, 2, 22, 28, 16, 8, 11, 8, 39]
    PRED: [8, 10, 19, 14, 27, 2, 28, 39, 27, 17, 14, 0, 22, 30, 2, 8, 39]
    Edit distance: 11/20
  Sample 1:
    TRUE: [27, 16, 7, 39, 26, 11, 7, 2, 28, 30, 39, 28, 10, 34, 27, 2, 20, 39, 28, 5, 22, 8, 39, 20, 16, 31, 2, 14, 27, 1, 13, 28, 39]
    PRED: [27, 17, 7, 39, 26, 0, 27, 7, 2, 37, 39, 28, 10, 34, 2, 20, 39, 7, 5, 22, 39, 20, 16, 27, 0, 13, 39]
    Edit distance: 13/33
  Sample 2:
    TRUE: [28, 24, 39, 27, 33, 20, 37, 39, 35, 17, 39, 21, 12, 8, 39, 16, 22, 39, 2, 22, 2, 6, 1, 29, 30, 39, 19, 2, 20, 33, 38, 2, 22, 39]
    PRED: [15, 2, 39, 27, 17, 20, 37, 39, 35, 17, 39, 21, 12, 8, 39, 16, 22, 39, 16, 22, 2, 34, 21, 2, 28, 39, 19, 2, 20, 33, 38, 2, 22, 39]
    Edit distance: 8/34
  Sample 3:
    TRUE: [20, 3, 27, 17, 37, 39, 19, 0, 28, 30, 33, 21, 39, 22, 17, 8, 2, 8, 39, 6, 20, 1, 19, 39, 14, 20, 2, 34, 37, 39, 30, 33, 39, 6, 17, 39, 19, 2, 21, 26, 20, 17, 30, 20, 17, 39, 10, 20, 2, 14, 2, 22, 30, 39]
    PRED: [27, 3, 27, 39, 19, 1, 28, 33, 21, 39, 22, 17, 8, 2, 8, 39, 6, 20, 2, 19, 39, 20, 1, 34, 37, 39, 30, 33, 39, 6, 17, 39, 19, 2, 21, 26, 36, 33, 30, 20, 11, 39, 16, 20, 2, 22, 8, 39]
    Edit distance: 15/54
  Sample 4:
    TRUE: [9, 2, 39, 30, 33, 31, 39, 13, 10, 27, 17, 39, 13, 11, 14, 0, 30, 39, 30, 33, 39, 19, 2, 21, 39, 35, 10, 22, 39, 27, 0, 18, 11, 37, 39, 30, 33, 31, 39, 13, 10, 20, 39, 4, 30, 39]
    PRED: [9, 2, 39, 30, 33, 31, 39, 13, 10, 27, 17, 39, 27, 17, 30, 19, 0, 19, 30, 2, 22, 39, 30, 33, 39, 19, 2, 21, 39, 35, 2, 22, 8, 39, 35, 3, 8, 11, 37, 39, 30, 33, 31, 39, 13, 10, 20, 39, 4, 30, 39]
    Edit distance: 12/46

============================================================
Batch 138500 | Val PER: 0.1723
============================================================
  Sample 0:
    TRUE: [31, 17, 0, 19, 27, 2, 28, 17, 39, 27, 17, 19, 2, 22, 28, 16, 8, 11, 8, 39]
    PRED: [8, 10, 19, 14, 27, 2, 28, 39, 17, 14, 0, 22, 30, 2, 8, 39]
    Edit distance: 12/20
  Sample 1:
    TRUE: [27, 16, 7, 39, 26, 11, 7, 2, 28, 30, 39, 28, 10, 34, 27, 2, 20, 39, 28, 5, 22, 8, 39, 20, 16, 31, 2, 14, 27, 1, 13, 28, 39]
    PRED: [27, 17, 7, 39, 26, 0, 27, 7, 2, 37, 39, 28, 10, 34, 2, 20, 39, 7, 5, 22, 39, 20, 16, 27, 0, 13, 39]
    Edit distance: 13/33
  Sample 2:
    TRUE: [28, 24, 39, 27, 33, 20, 37, 39, 35, 17, 39, 21, 12, 8, 39, 16, 22, 39, 2, 22, 2, 6, 1, 29, 30, 39, 19, 2, 20, 33, 38, 2, 22, 39]
    PRED: [15, 2, 39, 27, 17, 20, 37, 39, 35, 17, 39, 21, 12, 8, 39, 16, 22, 39, 16, 22, 2, 34, 21, 2, 28, 39, 19, 2, 20, 33, 38, 2, 22, 39]
    Edit distance: 8/34
  Sample 3:
    TRUE: [20, 3, 27, 17, 37, 39, 19, 0, 28, 30, 33, 21, 39, 22, 17, 8, 2, 8, 39, 6, 20, 1, 19, 39, 14, 20, 2, 34, 37, 39, 30, 33, 39, 6, 17, 39, 19, 2, 21, 26, 20, 17, 30, 20, 17, 39, 10, 20, 2, 14, 2, 22, 30, 39]
    PRED: [27, 3, 27, 39, 19, 1, 28, 33, 21, 39, 22, 17, 8, 2, 8, 39, 6, 20, 2, 19, 39, 20, 1, 34, 37, 39, 30, 33, 39, 6, 17, 39, 19, 2, 21, 26, 36, 33, 30, 20, 11, 39, 16, 20, 2, 22, 8, 39]
    Edit distance: 15/54
  Sample 4:
    TRUE: [9, 2, 39, 30, 33, 31, 39, 13, 10, 27, 17, 39, 13, 11, 14, 0, 30, 39, 30, 33, 39, 19, 2, 21, 39, 35, 10, 22, 39, 27, 0, 18, 11, 37, 39, 30, 33, 31, 39, 13, 10, 20, 39, 4, 30, 39]
    PRED: [9, 2, 39, 30, 33, 31, 39, 13, 10, 27, 17, 39, 27, 17, 30, 19, 30, 2, 22, 39, 30, 33, 39, 19, 2, 21, 39, 35, 2, 22, 8, 39, 35, 3, 8, 11, 37, 39, 30, 33, 31, 39, 13, 10, 20, 39, 4, 30, 39]
    Edit distance: 11/46

============================================================
Batch 139000 | Val PER: 0.1724
============================================================
  Sample 0:
    TRUE: [31, 17, 0, 19, 27, 2, 28, 17, 39, 27, 17, 19, 2, 22, 28, 16, 8, 11, 8, 39]
    PRED: [8, 5, 19, 27, 2, 28, 39, 27, 17, 14, 0, 22, 30, 2, 8, 39]
    Edit distance: 10/20
  Sample 1:
    TRUE: [27, 16, 7, 39, 26, 11, 7, 2, 28, 30, 39, 28, 10, 34, 27, 2, 20, 39, 28, 5, 22, 8, 39, 20, 16, 31, 2, 14, 27, 1, 13, 28, 39]
    PRED: [27, 17, 7, 39, 26, 0, 27, 7, 2, 37, 39, 28, 10, 34, 2, 20, 39, 7, 5, 22, 37, 39, 20, 16, 27, 27, 0, 13, 39]
    Edit distance: 13/33
  Sample 2:
    TRUE: [28, 24, 39, 27, 33, 20, 37, 39, 35, 17, 39, 21, 12, 8, 39, 16, 22, 39, 2, 22, 2, 6, 1, 29, 30, 39, 19, 2, 20, 33, 38, 2, 22, 39]
    PRED: [15, 2, 39, 27, 17, 20, 37, 39, 35, 17, 39, 21, 12, 8, 39, 16, 22, 39, 16, 22, 2, 21, 2, 28, 39, 19, 2, 20, 33, 38, 2, 22, 39]
    Edit distance: 8/34
  Sample 3:
    TRUE: [20, 3, 27, 17, 37, 39, 19, 0, 28, 30, 33, 21, 39, 22, 17, 8, 2, 8, 39, 6, 20, 1, 19, 39, 14, 20, 2, 34, 37, 39, 30, 33, 39, 6, 17, 39, 19, 2, 21, 26, 20, 17, 30, 20, 17, 39, 10, 20, 2, 14, 2, 22, 30, 39]
    PRED: [27, 3, 27, 39, 19, 1, 28, 33, 21, 39, 22, 17, 8, 2, 8, 39, 6, 20, 2, 19, 39, 20, 2, 34, 37, 39, 30, 33, 39, 6, 17, 39, 19, 2, 21, 26, 36, 17, 30, 20, 11, 39, 16, 20, 2, 22, 8, 39]
    Edit distance: 13/54
  Sample 4:
    TRUE: [9, 2, 39, 30, 33, 31, 39, 13, 10, 27, 17, 39, 13, 11, 14, 0, 30, 39, 30, 33, 39, 19, 2, 21, 39, 35, 10, 22, 39, 27, 0, 18, 11, 37, 39, 30, 33, 31, 39, 13, 10, 20, 39, 4, 30, 39]
    PRED: [9, 2, 39, 30, 33, 31, 39, 13, 10, 27, 17, 39, 27, 17, 30, 19, 2, 22, 39, 30, 33, 39, 19, 2, 21, 39, 35, 2, 22, 8, 39, 35, 3, 8, 11, 37, 39, 30, 33, 31, 39, 13, 10, 20, 39, 4, 30, 39]
    Edit distance: 11/46

============================================================
Batch 139500 | Val PER: 0.1730
============================================================
  Sample 0:
    TRUE: [31, 17, 0, 19, 27, 2, 28, 17, 39, 27, 17, 19, 2, 22, 28, 16, 8, 11, 8, 39]
    PRED: [8, 10, 19, 27, 2, 28, 39, 27, 17, 14, 0, 22, 30, 2, 8, 39]
    Edit distance: 10/20
  Sample 1:
    TRUE: [27, 16, 7, 39, 26, 11, 7, 2, 28, 30, 39, 28, 10, 34, 27, 2, 20, 39, 28, 5, 22, 8, 39, 20, 16, 31, 2, 14, 27, 1, 13, 28, 39]
    PRED: [27, 17, 7, 39, 26, 0, 27, 7, 2, 37, 39, 28, 10, 34, 2, 20, 39, 7, 5, 22, 37, 39, 20, 16, 27, 1, 13, 39]
    Edit distance: 12/33
  Sample 2:
    TRUE: [28, 24, 39, 27, 33, 20, 37, 39, 35, 17, 39, 21, 12, 8, 39, 16, 22, 39, 2, 22, 2, 6, 1, 29, 30, 39, 19, 2, 20, 33, 38, 2, 22, 39]
    PRED: [15, 2, 39, 27, 17, 20, 37, 39, 35, 17, 39, 21, 12, 8, 39, 16, 22, 39, 16, 22, 2, 34, 21, 2, 28, 39, 19, 2, 20, 33, 38, 2, 22, 39]
    Edit distance: 8/34
  Sample 3:
    TRUE: [20, 3, 27, 17, 37, 39, 19, 0, 28, 30, 33, 21, 39, 22, 17, 8, 2, 8, 39, 6, 20, 1, 19, 39, 14, 20, 2, 34, 37, 39, 30, 33, 39, 6, 17, 39, 19, 2, 21, 26, 20, 17, 30, 20, 17, 39, 10, 20, 2, 14, 2, 22, 30, 39]
    PRED: [27, 3, 27, 39, 19, 1, 28, 33, 21, 39, 22, 17, 8, 2, 8, 39, 6, 20, 1, 19, 39, 20, 2, 34, 37, 39, 30, 33, 39, 6, 17, 39, 19, 2, 21, 26, 36, 17, 30, 20, 11, 39, 16, 20, 2, 22, 8, 39]
    Edit distance: 12/54
  Sample 4:
    TRUE: [9, 2, 39, 30, 33, 31, 39, 13, 10, 27, 17, 39, 13, 11, 14, 0, 30, 39, 30, 33, 39, 19, 2, 21, 39, 35, 10, 22, 39, 27, 0, 18, 11, 37, 39, 30, 33, 31, 39, 13, 10, 20, 39, 4, 30, 39]
    PRED: [9, 2, 39, 30, 33, 31, 39, 13, 10, 27, 17, 39, 27, 17, 30, 0, 19, 30, 2, 22, 39, 30, 33, 39, 19, 2, 21, 39, 35, 2, 22, 39, 35, 3, 8, 11, 37, 39, 30, 33, 31, 39, 13, 10, 20, 39, 4, 30, 39]
    Edit distance: 10/46

============================================================
Batch 140000 | Val PER: 0.1710
============================================================
  Sample 0:
    TRUE: [31, 17, 0, 19, 27, 2, 28, 17, 39, 27, 17, 19, 2, 22, 28, 16, 8, 11, 8, 39]
    PRED: [8, 0, 19, 27, 2, 28, 39, 27, 17, 14, 0, 22, 30, 2, 8, 39]
    Edit distance: 9/20
  Sample 1:
    TRUE: [27, 16, 7, 39, 26, 11, 7, 2, 28, 30, 39, 28, 10, 34, 27, 2, 20, 39, 28, 5, 22, 8, 39, 20, 16, 31, 2, 14, 27, 1, 13, 28, 39]
    PRED: [27, 17, 7, 39, 26, 0, 27, 7, 2, 37, 39, 28, 10, 34, 2, 20, 39, 7, 5, 22, 37, 39, 20, 16, 27, 0, 13, 39]
    Edit distance: 13/33
  Sample 2:
    TRUE: [28, 24, 39, 27, 33, 20, 37, 39, 35, 17, 39, 21, 12, 8, 39, 16, 22, 39, 2, 22, 2, 6, 1, 29, 30, 39, 19, 2, 20, 33, 38, 2, 22, 39]
    PRED: [15, 2, 39, 27, 17, 20, 37, 39, 35, 17, 39, 21, 12, 8, 39, 16, 22, 39, 16, 22, 2, 34, 21, 2, 28, 39, 19, 2, 20, 33, 38, 2, 22, 39]
    Edit distance: 8/34
  Sample 3:
    TRUE: [20, 3, 27, 17, 37, 39, 19, 0, 28, 30, 33, 21, 39, 22, 17, 8, 2, 8, 39, 6, 20, 1, 19, 39, 14, 20, 2, 34, 37, 39, 30, 33, 39, 6, 17, 39, 19, 2, 21, 26, 20, 17, 30, 20, 17, 39, 10, 20, 2, 14, 2, 22, 30, 39]
    PRED: [27, 3, 27, 39, 19, 1, 28, 33, 21, 39, 22, 17, 8, 2, 8, 39, 6, 20, 1, 19, 39, 20, 2, 34, 37, 39, 30, 33, 39, 6, 17, 39, 19, 2, 21, 26, 36, 33, 30, 20, 11, 39, 16, 20, 2, 22, 39]
    Edit distance: 13/54
  Sample 4:
    TRUE: [9, 2, 39, 30, 33, 31, 39, 13, 10, 27, 17, 39, 13, 11, 14, 0, 30, 39, 30, 33, 39, 19, 2, 21, 39, 35, 10, 22, 39, 27, 0, 18, 11, 37, 39, 30, 33, 31, 39, 13, 10, 20, 39, 4, 30, 39]
    PRED: [9, 2, 39, 30, 33, 31, 39, 34, 10, 27, 17, 39, 27, 17, 30, 0, 19, 30, 22, 39, 30, 33, 39, 19, 2, 21, 39, 35, 2, 22, 39, 35, 3, 8, 11, 37, 39, 30, 33, 31, 39, 13, 10, 20, 39, 4, 30, 39]
    Edit distance: 10/46

============================================================
Batch 140500 | Val PER: 0.1705
============================================================
  Sample 0:
    TRUE: [31, 17, 0, 19, 27, 2, 28, 17, 39, 27, 17, 19, 2, 22, 28, 16, 8, 11, 8, 39]
    PRED: [8, 10, 0, 19, 27, 2, 28, 39, 27, 17, 14, 0, 22, 30, 2, 8, 39]
    Edit distance: 9/20
  Sample 1:
    TRUE: [27, 16, 7, 39, 26, 11, 7, 2, 28, 30, 39, 28, 10, 34, 27, 2, 20, 39, 28, 5, 22, 8, 39, 20, 16, 31, 2, 14, 27, 1, 13, 28, 39]
    PRED: [27, 17, 7, 39, 26, 0, 27, 7, 2, 37, 39, 28, 10, 34, 2, 20, 39, 7, 5, 22, 37, 39, 20, 16, 27, 0, 13, 39]
    Edit distance: 13/33
  Sample 2:
    TRUE: [28, 24, 39, 27, 33, 20, 37, 39, 35, 17, 39, 21, 12, 8, 39, 16, 22, 39, 2, 22, 2, 6, 1, 29, 30, 39, 19, 2, 20, 33, 38, 2, 22, 39]
    PRED: [15, 4, 39, 27, 17, 20, 37, 39, 35, 17, 39, 21, 12, 8, 39, 16, 22, 39, 16, 22, 2, 34, 21, 2, 28, 39, 19, 2, 20, 33, 38, 2, 22, 39]
    Edit distance: 8/34
  Sample 3:
    TRUE: [20, 3, 27, 17, 37, 39, 19, 0, 28, 30, 33, 21, 39, 22, 17, 8, 2, 8, 39, 6, 20, 1, 19, 39, 14, 20, 2, 34, 37, 39, 30, 33, 39, 6, 17, 39, 19, 2, 21, 26, 20, 17, 30, 20, 17, 39, 10, 20, 2, 14, 2, 22, 30, 39]
    PRED: [27, 3, 27, 39, 19, 1, 28, 33, 21, 37, 39, 22, 17, 8, 2, 8, 39, 6, 20, 1, 19, 39, 20, 1, 34, 37, 39, 30, 33, 39, 6, 17, 39, 19, 2, 21, 26, 36, 33, 30, 20, 11, 39, 16, 20, 2, 22, 8, 39]
    Edit distance: 15/54
  Sample 4:
    TRUE: [9, 2, 39, 30, 33, 31, 39, 13, 10, 27, 17, 39, 13, 11, 14, 0, 30, 39, 30, 33, 39, 19, 2, 21, 39, 35, 10, 22, 39, 27, 0, 18, 11, 37, 39, 30, 33, 31, 39, 13, 10, 20, 39, 4, 30, 39]
    PRED: [9, 2, 39, 30, 33, 31, 39, 34, 10, 27, 17, 39, 27, 17, 30, 0, 19, 30, 22, 39, 30, 33, 39, 19, 2, 21, 39, 35, 2, 22, 8, 39, 35, 3, 8, 11, 37, 39, 30, 33, 31, 39, 13, 10, 20, 39, 4, 30, 39]
    Edit distance: 11/46

============================================================
Batch 141000 | Val PER: 0.1709
============================================================
  Sample 0:
    TRUE: [31, 17, 0, 19, 27, 2, 28, 17, 39, 27, 17, 19, 2, 22, 28, 16, 8, 11, 8, 39]
    PRED: [8, 10, 8, 27, 19, 27, 2, 28, 39, 27, 17, 14, 0, 22, 30, 2, 8, 39]
    Edit distance: 11/20
  Sample 1:
    TRUE: [27, 16, 7, 39, 26, 11, 7, 2, 28, 30, 39, 28, 10, 34, 27, 2, 20, 39, 28, 5, 22, 8, 39, 20, 16, 31, 2, 14, 27, 1, 13, 28, 39]
    PRED: [27, 17, 7, 39, 26, 0, 27, 7, 2, 37, 39, 28, 10, 34, 2, 20, 39, 7, 5, 22, 37, 39, 20, 16, 27, 1, 13, 39]
    Edit distance: 12/33
  Sample 2:
    TRUE: [28, 24, 39, 27, 33, 20, 37, 39, 35, 17, 39, 21, 12, 8, 39, 16, 22, 39, 2, 22, 2, 6, 1, 29, 30, 39, 19, 2, 20, 33, 38, 2, 22, 39]
    PRED: [15, 4, 39, 27, 17, 20, 37, 39, 35, 17, 39, 21, 12, 8, 39, 16, 22, 39, 16, 22, 2, 21, 2, 28, 39, 19, 2, 20, 33, 38, 2, 22, 39]
    Edit distance: 8/34
  Sample 3:
    TRUE: [20, 3, 27, 17, 37, 39, 19, 0, 28, 30, 33, 21, 39, 22, 17, 8, 2, 8, 39, 6, 20, 1, 19, 39, 14, 20, 2, 34, 37, 39, 30, 33, 39, 6, 17, 39, 19, 2, 21, 26, 20, 17, 30, 20, 17, 39, 10, 20, 2, 14, 2, 22, 30, 39]
    PRED: [27, 3, 27, 39, 19, 1, 28, 33, 21, 37, 39, 22, 17, 8, 2, 8, 39, 6, 20, 1, 19, 39, 20, 2, 34, 37, 39, 30, 33, 39, 6, 17, 39, 19, 2, 21, 26, 36, 33, 30, 20, 11, 39, 16, 20, 2, 22, 8, 39]
    Edit distance: 14/54
  Sample 4:
    TRUE: [9, 2, 39, 30, 33, 31, 39, 13, 10, 27, 17, 39, 13, 11, 14, 0, 30, 39, 30, 33, 39, 19, 2, 21, 39, 35, 10, 22, 39, 27, 0, 18, 11, 37, 39, 30, 33, 31, 39, 13, 10, 20, 39, 4, 30, 39]
    PRED: [9, 2, 39, 30, 33, 31, 39, 34, 10, 27, 17, 39, 27, 17, 30, 0, 30, 39, 30, 33, 39, 19, 2, 21, 39, 35, 2, 22, 39, 35, 3, 8, 11, 37, 39, 30, 33, 31, 39, 13, 10, 20, 39, 4, 30, 39]
    Edit distance: 8/46

============================================================
Batch 141500 | Val PER: 0.1719
============================================================
  Sample 0:
    TRUE: [31, 17, 0, 19, 27, 2, 28, 17, 39, 27, 17, 19, 2, 22, 28, 16, 8, 11, 8, 39]
    PRED: [8, 5, 0, 19, 27, 2, 28, 39, 27, 17, 14, 0, 22, 30, 2, 8, 39]
    Edit distance: 9/20
  Sample 1:
    TRUE: [27, 16, 7, 39, 26, 11, 7, 2, 28, 30, 39, 28, 10, 34, 27, 2, 20, 39, 28, 5, 22, 8, 39, 20, 16, 31, 2, 14, 27, 1, 13, 28, 39]
    PRED: [27, 17, 7, 19, 39, 26, 0, 27, 7, 2, 37, 39, 28, 10, 34, 2, 20, 39, 7, 5, 22, 37, 39, 20, 16, 27, 0, 13, 39]
    Edit distance: 14/33
  Sample 2:
    TRUE: [28, 24, 39, 27, 33, 20, 37, 39, 35, 17, 39, 21, 12, 8, 39, 16, 22, 39, 2, 22, 2, 6, 1, 29, 30, 39, 19, 2, 20, 33, 38, 2, 22, 39]
    PRED: [15, 4, 39, 27, 17, 20, 37, 39, 35, 17, 39, 21, 12, 8, 39, 16, 22, 39, 16, 22, 2, 21, 2, 28, 39, 19, 2, 20, 33, 38, 2, 22, 39]
    Edit distance: 8/34
  Sample 3:
    TRUE: [20, 3, 27, 17, 37, 39, 19, 0, 28, 30, 33, 21, 39, 22, 17, 8, 2, 8, 39, 6, 20, 1, 19, 39, 14, 20, 2, 34, 37, 39, 30, 33, 39, 6, 17, 39, 19, 2, 21, 26, 20, 17, 30, 20, 17, 39, 10, 20, 2, 14, 2, 22, 30, 39]
    PRED: [27, 3, 27, 39, 19, 1, 28, 33, 21, 39, 22, 17, 8, 2, 8, 39, 6, 20, 1, 19, 39, 20, 1, 34, 37, 39, 30, 33, 39, 6, 17, 39, 19, 2, 21, 26, 36, 33, 30, 20, 11, 39, 16, 20, 2, 22, 8, 39]
    Edit distance: 14/54
  Sample 4:
    TRUE: [9, 2, 39, 30, 33, 31, 39, 13, 10, 27, 17, 39, 13, 11, 14, 0, 30, 39, 30, 33, 39, 19, 2, 21, 39, 35, 10, 22, 39, 27, 0, 18, 11, 37, 39, 30, 33, 31, 39, 13, 10, 20, 39, 4, 30, 39]
    PRED: [9, 2, 39, 30, 33, 31, 39, 34, 10, 27, 17, 2, 39, 27, 17, 30, 0, 19, 30, 39, 30, 33, 39, 19, 2, 21, 39, 35, 2, 22, 8, 39, 35, 3, 8, 11, 37, 39, 30, 33, 31, 39, 13, 10, 20, 39, 4, 30, 39]
    Edit distance: 11/46
