
============================================================
Batch 0 | Val PER: 1.6701
============================================================
  Sample 0:
    TRUE: [31, 17, 0, 19, 27, 2, 28, 17, 39, 27, 17, 19, 2, 22, 28, 16, 8, 11, 8, 39]
    PRED: [2, 14, 11, 34, 15, 29, 31, 38, 16, 15, 1, 38, 29, 36, 38, 29, 14, 34, 0, 28, 10, 4, 34, 28, 38, 26, 37, 24, 28, 31, 4, 0, 34, 0, 26, 3, 37, 3, 36, 0, 9, 13, 19, 24, 26, 11, 31, 37, 19, 2, 19]
    Edit distance: 47/20
  Sample 1:
    TRUE: [27, 16, 7, 39, 26, 11, 7, 2, 28, 30, 39, 28, 10, 34, 27, 2, 20, 39, 28, 5, 22, 8, 39, 20, 16, 31, 2, 14, 27, 1, 13, 28, 39]
    PRED: [6, 3, 38, 11, 28, 38, 16, 7, 1, 25, 15, 10, 21, 22, 29, 17, 29, 30, 29, 34, 10, 31, 29, 14, 27, 11, 14, 25, 14, 33, 34, 21, 28, 39, 29, 14, 3, 38, 14, 0, 7, 24, 38, 4, 14, 37, 4, 37, 29, 38, 24, 30, 27, 1, 28, 24, 1, 4, 19, 4, 19, 18, 14, 9, 19, 37, 5, 19, 20]
    Edit distance: 60/33
  Sample 2:
    TRUE: [28, 24, 39, 27, 33, 20, 37, 39, 35, 17, 39, 21, 12, 8, 39, 16, 22, 39, 2, 22, 2, 6, 1, 29, 30, 39, 19, 2, 20, 33, 38, 2, 22, 39]
    PRED: [37, 30, 38, 20, 38, 25, 32, 29, 25, 32, 6, 27, 23, 29, 1, 14, 36, 25, 14, 30, 38, 22, 26, 36, 38, 28, 3, 13, 29, 34, 36, 25, 31, 36, 25, 14, 23, 3, 33, 21, 3, 25, 4, 21, 28, 3, 11, 23, 34, 4, 15, 0, 29, 15, 4, 38, 10, 13, 22, 7, 14, 0, 31, 25, 34, 22, 7, 9, 18, 19, 18, 38, 24, 14, 10, 14, 21, 18, 14, 37, 19, 24]
    Edit distance: 77/34
  Sample 3:
    TRUE: [20, 3, 27, 17, 37, 39, 19, 0, 28, 30, 33, 21, 39, 22, 17, 8, 2, 8, 39, 6, 20, 1, 19, 39, 14, 20, 2, 34, 37, 39, 30, 33, 39, 6, 17, 39, 19, 2, 21, 26, 20, 17, 30, 20, 17, 39, 10, 20, 2, 14, 2, 22, 30, 39]
    PRED: [27, 14, 38, 37, 20, 4, 15, 23, 4, 23, 34, 23, 36, 1, 38, 34, 16, 30, 22, 34, 30, 22, 1, 25, 38, 0, 23, 4, 1, 32, 28, 1, 7, 6, 8, 35, 17, 21, 38, 30, 4, 30, 38, 35, 38, 13, 38, 7, 33, 38, 11, 2, 34, 38, 31, 28, 22, 27, 7, 21, 31, 21, 13, 3, 21, 1, 33, 1, 21, 17, 4, 34, 6, 34, 35, 6, 5, 13, 21, 19, 24, 2, 17, 26, 18, 39, 26, 34, 18, 19, 24, 19, 15, 14, 18, 10, 9, 19, 10, 19, 37, 31, 19, 10, 35, 19]
    Edit distance: 94/54
  Sample 4:
    TRUE: [9, 2, 39, 30, 33, 31, 39, 13, 10, 27, 17, 39, 13, 11, 14, 0, 30, 39, 30, 33, 39, 19, 2, 21, 39, 35, 10, 22, 39, 27, 0, 18, 11, 37, 39, 30, 33, 31, 39, 13, 10, 20, 39, 4, 30, 39]
    PRED: [34, 3, 30, 4, 17, 4, 13, 32, 18, 6, 30, 20, 38, 4, 22, 10, 8, 25, 32, 36, 11, 4, 19, 22, 36, 21, 28, 14, 13, 4, 30, 21, 6, 32, 26, 37, 31, 37, 38, 1, 16, 0, 37, 2, 6, 20, 4, 26, 21, 33, 4, 21, 36, 15, 9, 1, 38, 30, 18, 39, 22, 14, 37, 33, 15, 27, 35, 10, 3, 39, 14, 27, 28, 16, 10, 22, 19, 14, 11, 1, 32, 19, 30, 17, 21, 38, 16, 0, 31, 0, 24, 33, 32, 0, 4, 25, 19, 2, 26, 17, 13, 30, 31, 9, 14, 19, 9, 19, 31, 22, 19, 35, 19, 32, 19, 24, 19, 8, 19, 35, 17]
    Edit distance: 104/46

============================================================
Batch 500 | Val PER: 0.4661
============================================================
  Sample 0:
    TRUE: [31, 17, 0, 19, 27, 2, 28, 17, 39, 27, 17, 19, 2, 22, 28, 16, 8, 11, 8, 39]
    PRED: [9, 5, 39, 14, 19, 2, 22, 28, 39, 35, 16, 39, 8, 39, 39]
    Edit distance: 15/20
  Sample 1:
    TRUE: [27, 16, 7, 39, 26, 11, 7, 2, 28, 30, 39, 28, 10, 34, 27, 2, 20, 39, 28, 5, 22, 8, 39, 20, 16, 31, 2, 14, 27, 1, 13, 28, 39]
    PRED: [5, 19, 39, 26, 27, 7, 19, 30, 39, 34, 39, 1, 8, 22, 39, 16, 30, 28, 39]
    Edit distance: 21/33
  Sample 2:
    TRUE: [28, 24, 39, 27, 33, 20, 37, 39, 35, 17, 39, 21, 12, 8, 39, 16, 22, 39, 2, 22, 2, 6, 1, 29, 30, 39, 19, 2, 20, 33, 38, 2, 22, 39]
    PRED: [2, 39, 20, 39, 35, 17, 39, 21, 22, 8, 39, 16, 22, 30, 39, 10, 28, 39, 39]
    Edit distance: 20/34
  Sample 3:
    TRUE: [20, 3, 27, 17, 37, 39, 19, 0, 28, 30, 33, 21, 39, 22, 17, 8, 2, 8, 39, 6, 20, 1, 19, 39, 14, 20, 2, 34, 37, 39, 30, 33, 39, 6, 17, 39, 19, 2, 21, 26, 20, 17, 30, 20, 17, 39, 10, 20, 2, 14, 2, 22, 30, 39]
    PRED: [35, 39, 19, 1, 19, 2, 21, 39, 9, 16, 22, 39, 21, 19, 39, 19, 20, 8, 39, 30, 33, 39, 33, 39, 9, 30, 2, 20, 39, 8, 39]
    Edit distance: 38/54
  Sample 4:
    TRUE: [9, 2, 39, 30, 33, 31, 39, 13, 10, 27, 17, 39, 13, 11, 14, 0, 30, 39, 30, 33, 39, 19, 2, 21, 39, 35, 10, 22, 39, 27, 0, 18, 11, 37, 39, 30, 33, 31, 39, 13, 10, 20, 39, 4, 30, 39]
    PRED: [9, 2, 39, 15, 33, 39, 17, 2, 39, 26, 16, 39, 14, 30, 39, 30, 3, 39, 21, 39, 22, 39, 35, 2, 39, 30, 36, 33, 39, 39, 30, 39]
    Edit distance: 26/46

============================================================
Batch 1000 | Val PER: 0.3959
============================================================
  Sample 0:
    TRUE: [31, 17, 0, 19, 27, 2, 28, 17, 39, 27, 17, 19, 2, 22, 28, 16, 8, 11, 8, 39]
    PRED: [19, 10, 28, 39, 27, 16, 2, 8, 39]
    Edit distance: 13/20
  Sample 1:
    TRUE: [27, 16, 7, 39, 26, 11, 7, 2, 28, 30, 39, 28, 10, 34, 27, 2, 20, 39, 28, 5, 22, 8, 39, 20, 16, 31, 2, 14, 27, 1, 13, 28, 39]
    PRED: [27, 12, 28, 39, 26, 27, 12, 39, 1, 34, 11, 39, 14, 1, 22, 8, 39, 16, 2, 5, 13, 39]
    Edit distance: 20/33
  Sample 2:
    TRUE: [28, 24, 39, 27, 33, 20, 37, 39, 35, 17, 39, 21, 12, 8, 39, 16, 22, 39, 2, 22, 2, 6, 1, 29, 30, 39, 19, 2, 20, 33, 38, 2, 22, 39]
    PRED: [15, 4, 39, 35, 16, 20, 39, 6, 17, 39, 21, 12, 8, 39, 16, 22, 39, 2, 22, 6, 12, 28, 39, 19, 2, 33, 16, 22, 39]
    Edit distance: 13/34
  Sample 3:
    TRUE: [20, 3, 27, 17, 37, 39, 19, 0, 28, 30, 33, 21, 39, 22, 17, 8, 2, 8, 39, 6, 20, 1, 19, 39, 14, 20, 2, 34, 37, 39, 30, 33, 39, 6, 17, 39, 19, 2, 21, 26, 20, 17, 30, 20, 17, 39, 10, 20, 2, 14, 2, 22, 30, 39]
    PRED: [35, 17, 17, 39, 19, 1, 15, 2, 21, 39, 22, 16, 8, 39, 6, 12, 19, 39, 22, 5, 34, 39, 30, 33, 2, 39, 6, 17, 39, 2, 21, 26, 39, 16, 2, 22, 8, 39]
    Edit distance: 29/54
  Sample 4:
    TRUE: [9, 2, 39, 30, 33, 31, 39, 13, 10, 27, 17, 39, 13, 11, 14, 0, 30, 39, 30, 33, 39, 19, 2, 21, 39, 35, 10, 22, 39, 27, 0, 18, 11, 37, 39, 30, 33, 31, 39, 13, 10, 20, 39, 4, 30, 39]
    PRED: [9, 2, 39, 28, 2, 34, 39, 34, 12, 39, 26, 16, 2, 39, 30, 33, 39, 15, 2, 21, 39, 13, 2, 22, 39, 27, 16, 39, 30, 28, 2, 28, 39, 34, 10, 4, 30, 39]
    Edit distance: 25/46

============================================================
Batch 1500 | Val PER: 0.3601
============================================================
  Sample 0:
    TRUE: [31, 17, 0, 19, 27, 2, 28, 17, 39, 27, 17, 19, 2, 22, 28, 16, 8, 11, 8, 39]
    PRED: [1, 19, 28, 39, 27, 16, 14, 2, 39]
    Edit distance: 14/20
  Sample 1:
    TRUE: [27, 16, 7, 39, 26, 11, 7, 2, 28, 30, 39, 28, 10, 34, 27, 2, 20, 39, 28, 5, 22, 8, 39, 20, 16, 31, 2, 14, 27, 1, 13, 28, 39]
    PRED: [27, 2, 39, 26, 11, 2, 39, 1, 34, 2, 20, 39, 19, 1, 2, 8, 39, 8, 16, 10, 13, 39]
    Edit distance: 18/33
  Sample 2:
    TRUE: [28, 24, 39, 27, 33, 20, 37, 39, 35, 17, 39, 21, 12, 8, 39, 16, 22, 39, 2, 22, 2, 6, 1, 29, 30, 39, 19, 2, 20, 33, 38, 2, 22, 39]
    PRED: [2, 39, 27, 17, 20, 37, 39, 35, 17, 39, 21, 12, 8, 39, 16, 22, 39, 2, 22, 1, 28, 39, 19, 2, 20, 20, 33, 2, 22, 39]
    Edit distance: 9/34
  Sample 3:
    TRUE: [20, 3, 27, 17, 37, 39, 19, 0, 28, 30, 33, 21, 39, 22, 17, 8, 2, 8, 39, 6, 20, 1, 19, 39, 14, 20, 2, 34, 37, 39, 30, 33, 39, 6, 17, 39, 19, 2, 21, 26, 20, 17, 30, 20, 17, 39, 10, 20, 2, 14, 2, 22, 30, 39]
    PRED: [27, 10, 39, 19, 1, 2, 21, 39, 21, 16, 8, 2, 20, 39, 6, 1, 19, 39, 20, 2, 34, 37, 39, 30, 33, 39, 6, 17, 39, 2, 2, 21, 2, 20, 17, 39, 1, 20, 2, 22, 39]
    Edit distance: 22/54
  Sample 4:
    TRUE: [9, 2, 39, 30, 33, 31, 39, 13, 10, 27, 17, 39, 13, 11, 14, 0, 30, 39, 30, 33, 39, 19, 2, 21, 39, 35, 10, 22, 39, 27, 0, 18, 11, 37, 39, 30, 33, 31, 39, 13, 10, 20, 39, 4, 30, 39]
    PRED: [9, 2, 39, 27, 33, 28, 39, 10, 17, 39, 27, 17, 39, 30, 33, 39, 19, 2, 21, 39, 13, 2, 22, 39, 27, 17, 20, 11, 39, 30, 33, 39, 13, 16, 20, 39, 4, 30, 39]
    Edit distance: 16/46

============================================================
Batch 2000 | Val PER: 0.3490
============================================================
  Sample 0:
    TRUE: [31, 17, 0, 19, 27, 2, 28, 17, 39, 27, 17, 19, 2, 22, 28, 16, 8, 11, 8, 39]
    PRED: [1, 19, 28, 39, 16, 39]
    Edit distance: 15/20
  Sample 1:
    TRUE: [27, 16, 7, 39, 26, 11, 7, 2, 28, 30, 39, 28, 10, 34, 27, 2, 20, 39, 28, 5, 22, 8, 39, 20, 16, 31, 2, 14, 27, 1, 13, 28, 39]
    PRED: [10, 7, 39, 26, 0, 7, 39, 2, 34, 11, 39, 2, 22, 8, 39, 16, 2, 20, 5, 13, 39]
    Edit distance: 19/33
  Sample 2:
    TRUE: [28, 24, 39, 27, 33, 20, 37, 39, 35, 17, 39, 21, 12, 8, 39, 16, 22, 39, 2, 22, 2, 6, 1, 29, 30, 39, 19, 2, 20, 33, 38, 2, 22, 39]
    PRED: [2, 39, 27, 11, 20, 37, 39, 17, 39, 21, 2, 22, 39, 16, 22, 39, 2, 22, 21, 2, 28, 39, 19, 20, 38, 2, 22, 39]
    Edit distance: 13/34
  Sample 3:
    TRUE: [20, 3, 27, 17, 37, 39, 19, 0, 28, 30, 33, 21, 39, 22, 17, 8, 2, 8, 39, 6, 20, 1, 19, 39, 14, 20, 2, 34, 37, 39, 30, 33, 39, 6, 17, 39, 19, 2, 21, 26, 20, 17, 30, 20, 17, 39, 10, 20, 2, 14, 2, 22, 30, 39]
    PRED: [35, 16, 39, 19, 5, 2, 21, 39, 22, 16, 8, 39, 6, 1, 19, 39, 20, 2, 8, 39, 30, 33, 39, 21, 16, 39, 2, 21, 33, 20, 39, 1, 20, 2, 22, 39]
    Edit distance: 28/54
  Sample 4:
    TRUE: [9, 2, 39, 30, 33, 31, 39, 13, 10, 27, 17, 39, 13, 11, 14, 0, 30, 39, 30, 33, 39, 19, 2, 21, 39, 35, 10, 22, 39, 27, 0, 18, 11, 37, 39, 30, 33, 31, 39, 13, 10, 20, 39, 4, 30, 39]
    PRED: [9, 2, 39, 36, 33, 28, 39, 10, 39, 16, 0, 16, 39, 30, 33, 39, 19, 2, 21, 39, 2, 22, 39, 35, 11, 11, 37, 39, 30, 33, 31, 39, 13, 20, 4, 30, 39]
    Edit distance: 16/46

============================================================
Batch 2500 | Val PER: 0.3099
============================================================
  Sample 0:
    TRUE: [31, 17, 0, 19, 27, 2, 28, 17, 39, 27, 17, 19, 2, 22, 28, 16, 8, 11, 8, 39]
    PRED: [1, 19, 2, 39, 27, 2, 2, 22, 39]
    Edit distance: 13/20
  Sample 1:
    TRUE: [27, 16, 7, 39, 26, 11, 7, 2, 28, 30, 39, 28, 10, 34, 27, 2, 20, 39, 28, 5, 22, 8, 39, 20, 16, 31, 2, 14, 27, 1, 13, 28, 39]
    PRED: [27, 12, 39, 26, 21, 2, 29, 39, 10, 34, 2, 20, 39, 1, 22, 39, 8, 16, 2, 27, 2, 13, 30, 39]
    Edit distance: 16/33
  Sample 2:
    TRUE: [28, 24, 39, 27, 33, 20, 37, 39, 35, 17, 39, 21, 12, 8, 39, 16, 22, 39, 2, 22, 2, 6, 1, 29, 30, 39, 19, 2, 20, 33, 38, 2, 22, 39]
    PRED: [9, 2, 39, 24, 20, 37, 39, 35, 17, 39, 21, 12, 22, 39, 16, 22, 39, 2, 22, 11, 27, 1, 28, 30, 39, 30, 20, 33, 38, 2, 22, 39]
    Edit distance: 10/34
  Sample 3:
    TRUE: [20, 3, 27, 17, 37, 39, 19, 0, 28, 30, 33, 21, 39, 22, 17, 8, 2, 8, 39, 6, 20, 1, 19, 39, 14, 20, 2, 34, 37, 39, 30, 33, 39, 6, 17, 39, 19, 2, 21, 26, 20, 17, 30, 20, 17, 39, 10, 20, 2, 14, 2, 22, 30, 39]
    PRED: [27, 11, 37, 39, 19, 5, 2, 21, 39, 22, 12, 8, 8, 39, 6, 1, 19, 39, 20, 2, 37, 39, 30, 33, 39, 21, 17, 39, 2, 21, 26, 16, 30, 39, 1, 20, 2, 22, 30, 39]
    Edit distance: 21/54
  Sample 4:
    TRUE: [9, 2, 39, 30, 33, 31, 39, 13, 10, 27, 17, 39, 13, 11, 14, 0, 30, 39, 30, 33, 39, 19, 2, 21, 39, 35, 10, 22, 39, 27, 0, 18, 11, 37, 39, 30, 33, 31, 39, 13, 10, 20, 39, 4, 30, 39]
    PRED: [9, 2, 39, 27, 33, 31, 39, 34, 10, 27, 17, 39, 27, 2, 19, 2, 22, 39, 30, 33, 39, 30, 2, 21, 39, 13, 27, 2, 22, 39, 35, 2, 18, 11, 39, 31, 27, 33, 31, 39, 13, 34, 5, 20, 39, 4, 30, 39]
    Edit distance: 18/46

============================================================
Batch 3000 | Val PER: 0.2862
============================================================
  Sample 0:
    TRUE: [31, 17, 0, 19, 27, 2, 28, 17, 39, 27, 17, 19, 2, 22, 28, 16, 8, 11, 8, 39]
    PRED: [15, 4, 19, 36, 39, 2, 30, 39]
    Edit distance: 16/20
  Sample 1:
    TRUE: [27, 16, 7, 39, 26, 11, 7, 2, 28, 30, 39, 28, 10, 34, 27, 2, 20, 39, 28, 5, 22, 8, 39, 20, 16, 31, 2, 14, 27, 1, 13, 28, 39]
    PRED: [27, 16, 7, 39, 26, 0, 29, 2, 39, 10, 34, 2, 20, 39, 15, 4, 22, 8, 39, 20, 16, 2, 0, 13, 39]
    Edit distance: 13/33
  Sample 2:
    TRUE: [28, 24, 39, 27, 33, 20, 37, 39, 35, 17, 39, 21, 12, 8, 39, 16, 22, 39, 2, 22, 2, 6, 1, 29, 30, 39, 19, 2, 20, 33, 38, 2, 22, 39]
    PRED: [15, 2, 39, 35, 10, 20, 37, 39, 35, 17, 39, 21, 2, 22, 8, 39, 16, 22, 39, 2, 22, 34, 1, 29, 39, 19, 2, 20, 33, 38, 2, 22, 39]
    Edit distance: 9/34
  Sample 3:
    TRUE: [20, 3, 27, 17, 37, 39, 19, 0, 28, 30, 33, 21, 39, 22, 17, 8, 2, 8, 39, 6, 20, 1, 19, 39, 14, 20, 2, 34, 37, 39, 30, 33, 39, 6, 17, 39, 19, 2, 21, 26, 20, 17, 30, 20, 17, 39, 10, 20, 2, 14, 2, 22, 30, 39]
    PRED: [19, 27, 3, 39, 19, 0, 21, 39, 22, 17, 8, 2, 8, 39, 6, 0, 19, 39, 20, 0, 34, 37, 39, 30, 33, 39, 6, 17, 39, 19, 2, 21, 26, 20, 16, 30, 39, 10, 20, 2, 22, 8, 39]
    Edit distance: 17/54
  Sample 4:
    TRUE: [9, 2, 39, 30, 33, 31, 39, 13, 10, 27, 17, 39, 13, 11, 14, 0, 30, 39, 30, 33, 39, 19, 2, 21, 39, 35, 10, 22, 39, 27, 0, 18, 11, 37, 39, 30, 33, 31, 39, 13, 10, 20, 39, 4, 30, 39]
    PRED: [9, 2, 39, 36, 33, 31, 39, 34, 10, 17, 39, 26, 2, 0, 19, 30, 2, 30, 39, 30, 33, 39, 19, 2, 21, 39, 27, 2, 22, 39, 35, 10, 11, 39, 27, 33, 31, 39, 13, 5, 4, 30, 39]
    Edit distance: 19/46

============================================================
Batch 3500 | Val PER: 0.2795
============================================================
  Sample 0:
    TRUE: [31, 17, 0, 19, 27, 2, 28, 17, 39, 27, 17, 19, 2, 22, 28, 16, 8, 11, 8, 39]
    PRED: [0, 19, 2, 39, 27, 2, 19, 0, 11, 39]
    Edit distance: 12/20
  Sample 1:
    TRUE: [27, 16, 7, 39, 26, 11, 7, 2, 28, 30, 39, 28, 10, 34, 27, 2, 20, 39, 28, 5, 22, 8, 39, 20, 16, 31, 2, 14, 27, 1, 13, 28, 39]
    PRED: [35, 12, 7, 39, 26, 3, 39, 10, 34, 2, 20, 39, 1, 22, 39, 20, 16, 11, 0, 13, 39]
    Edit distance: 18/33
  Sample 2:
    TRUE: [28, 24, 39, 27, 33, 20, 37, 39, 35, 17, 39, 21, 12, 8, 39, 16, 22, 39, 2, 22, 2, 6, 1, 29, 30, 39, 19, 2, 20, 33, 38, 2, 22, 39]
    PRED: [9, 2, 39, 35, 25, 20, 39, 35, 17, 39, 21, 10, 30, 8, 39, 16, 22, 39, 2, 22, 11, 21, 1, 29, 39, 19, 2, 20, 33, 38, 2, 22, 39]
    Edit distance: 10/34
  Sample 3:
    TRUE: [20, 3, 27, 17, 37, 39, 19, 0, 28, 30, 33, 21, 39, 22, 17, 8, 2, 8, 39, 6, 20, 1, 19, 39, 14, 20, 2, 34, 37, 39, 30, 33, 39, 6, 17, 39, 19, 2, 21, 26, 20, 17, 30, 20, 17, 39, 10, 20, 2, 14, 2, 22, 30, 39]
    PRED: [35, 10, 39, 15, 5, 2, 21, 39, 22, 12, 8, 39, 6, 1, 19, 39, 20, 0, 34, 39, 30, 33, 39, 6, 17, 39, 19, 2, 21, 26, 11, 39, 1, 20, 2, 8, 39]
    Edit distance: 27/54
  Sample 4:
    TRUE: [9, 2, 39, 30, 33, 31, 39, 13, 10, 27, 17, 39, 13, 11, 14, 0, 30, 39, 30, 33, 39, 19, 2, 21, 39, 35, 10, 22, 39, 27, 0, 18, 11, 37, 39, 30, 33, 31, 39, 13, 10, 20, 39, 4, 30, 39]
    PRED: [9, 2, 39, 27, 33, 31, 39, 34, 10, 11, 39, 26, 27, 0, 0, 30, 39, 30, 33, 39, 19, 2, 21, 39, 27, 2, 22, 39, 35, 0, 11, 39, 33, 31, 39, 13, 10, 4, 30, 39]
    Edit distance: 15/46

============================================================
Batch 4000 | Val PER: 0.2652
============================================================
  Sample 0:
    TRUE: [31, 17, 0, 19, 27, 2, 28, 17, 39, 27, 17, 19, 2, 22, 28, 16, 8, 11, 8, 39]
    PRED: [10, 19, 39, 27, 16, 0, 2, 2, 39]
    Edit distance: 15/20
  Sample 1:
    TRUE: [27, 16, 7, 39, 26, 11, 7, 2, 28, 30, 39, 28, 10, 34, 27, 2, 20, 39, 28, 5, 22, 8, 39, 20, 16, 31, 2, 14, 27, 1, 13, 28, 39]
    PRED: [27, 16, 26, 24, 39, 28, 10, 2, 20, 39, 28, 4, 22, 39, 16, 20, 0, 13, 39]
    Edit distance: 18/33
  Sample 2:
    TRUE: [28, 24, 39, 27, 33, 20, 37, 39, 35, 17, 39, 21, 12, 8, 39, 16, 22, 39, 2, 22, 2, 6, 1, 29, 30, 39, 19, 2, 20, 33, 38, 2, 22, 39]
    PRED: [15, 24, 39, 11, 20, 28, 37, 39, 35, 17, 39, 21, 10, 22, 39, 16, 22, 39, 2, 22, 27, 0, 28, 39, 19, 2, 20, 33, 38, 2, 22, 39]
    Edit distance: 11/34
  Sample 3:
    TRUE: [20, 3, 27, 17, 37, 39, 19, 0, 28, 30, 33, 21, 39, 22, 17, 8, 2, 8, 39, 6, 20, 1, 19, 39, 14, 20, 2, 34, 37, 39, 30, 33, 39, 6, 17, 39, 19, 2, 21, 26, 20, 17, 30, 20, 17, 39, 10, 20, 2, 14, 2, 22, 30, 39]
    PRED: [19, 3, 39, 19, 0, 0, 21, 39, 22, 17, 8, 39, 6, 27, 16, 19, 39, 20, 0, 37, 39, 30, 33, 20, 39, 6, 17, 39, 19, 0, 21, 26, 16, 20, 39, 16, 20, 2, 22, 8, 39]
    Edit distance: 24/54
  Sample 4:
    TRUE: [9, 2, 39, 30, 33, 31, 39, 13, 10, 27, 17, 39, 13, 11, 14, 0, 30, 39, 30, 33, 39, 19, 2, 21, 39, 35, 10, 22, 39, 27, 0, 18, 11, 37, 39, 30, 33, 31, 39, 13, 10, 20, 39, 4, 30, 39]
    PRED: [9, 2, 39, 30, 33, 31, 39, 34, 16, 17, 39, 26, 27, 0, 0, 19, 30, 2, 22, 39, 30, 33, 39, 15, 0, 21, 39, 27, 22, 39, 27, 0, 11, 39, 31, 9, 33, 31, 39, 13, 10, 20, 4, 30, 39]
    Edit distance: 18/46

============================================================
Batch 4500 | Val PER: 0.2573
============================================================
  Sample 0:
    TRUE: [31, 17, 0, 19, 27, 2, 28, 17, 39, 27, 17, 19, 2, 22, 28, 16, 8, 11, 8, 39]
    PRED: [0, 19, 11, 39, 2, 11, 8, 39]
    Edit distance: 13/20
  Sample 1:
    TRUE: [27, 16, 7, 39, 26, 11, 7, 2, 28, 30, 39, 28, 10, 34, 27, 2, 20, 39, 28, 5, 22, 8, 39, 20, 16, 31, 2, 14, 27, 1, 13, 28, 39]
    PRED: [27, 1, 19, 39, 26, 11, 7, 39, 10, 34, 2, 11, 20, 39, 15, 1, 22, 8, 39, 16, 14, 1, 13, 39]
    Edit distance: 15/33
  Sample 2:
    TRUE: [28, 24, 39, 27, 33, 20, 37, 39, 35, 17, 39, 21, 12, 8, 39, 16, 22, 39, 2, 22, 2, 6, 1, 29, 30, 39, 19, 2, 20, 33, 38, 2, 22, 39]
    PRED: [15, 4, 39, 27, 17, 20, 37, 39, 35, 17, 39, 21, 12, 8, 39, 16, 22, 39, 2, 22, 6, 1, 28, 30, 39, 2, 19, 20, 33, 38, 2, 22, 39]
    Edit distance: 7/34
  Sample 3:
    TRUE: [20, 3, 27, 17, 37, 39, 19, 0, 28, 30, 33, 21, 39, 22, 17, 8, 2, 8, 39, 6, 20, 1, 19, 39, 14, 20, 2, 34, 37, 39, 30, 33, 39, 6, 17, 39, 19, 2, 21, 26, 20, 17, 30, 20, 17, 39, 10, 20, 2, 14, 2, 22, 30, 39]
    PRED: [19, 27, 3, 39, 19, 5, 15, 0, 21, 39, 17, 8, 39, 6, 2, 19, 39, 20, 2, 34, 39, 32, 39, 6, 17, 39, 19, 0, 21, 26, 16, 30, 17, 39, 1, 20, 2, 22, 8, 39]
    Edit distance: 25/54
  Sample 4:
    TRUE: [9, 2, 39, 30, 33, 31, 39, 13, 10, 27, 17, 39, 13, 11, 14, 0, 30, 39, 30, 33, 39, 19, 2, 21, 39, 35, 10, 22, 39, 27, 0, 18, 11, 37, 39, 30, 33, 31, 39, 13, 10, 20, 39, 4, 30, 39]
    PRED: [9, 2, 39, 36, 33, 31, 39, 34, 10, 27, 17, 39, 26, 27, 2, 30, 8, 39, 30, 33, 39, 30, 5, 21, 39, 27, 10, 22, 39, 27, 10, 30, 11, 39, 30, 33, 31, 39, 13, 16, 39, 4, 30, 39]
    Edit distance: 15/46

============================================================
Batch 5000 | Val PER: 0.2561
============================================================
  Sample 0:
    TRUE: [31, 17, 0, 19, 27, 2, 28, 17, 39, 27, 17, 19, 2, 22, 28, 16, 8, 11, 8, 39]
    PRED: [4, 19, 28, 39, 27, 16, 14, 0, 11, 39]
    Edit distance: 14/20
  Sample 1:
    TRUE: [27, 16, 7, 39, 26, 11, 7, 2, 28, 30, 39, 28, 10, 34, 27, 2, 20, 39, 28, 5, 22, 8, 39, 20, 16, 31, 2, 14, 27, 1, 13, 28, 39]
    PRED: [27, 10, 28, 39, 26, 27, 24, 37, 39, 10, 34, 27, 2, 20, 39, 1, 22, 39, 14, 1, 13, 39]
    Edit distance: 17/33
  Sample 2:
    TRUE: [28, 24, 39, 27, 33, 20, 37, 39, 35, 17, 39, 21, 12, 8, 39, 16, 22, 39, 2, 22, 2, 6, 1, 29, 30, 39, 19, 2, 20, 33, 38, 2, 22, 39]
    PRED: [15, 2, 39, 27, 17, 20, 37, 39, 35, 17, 39, 21, 10, 22, 8, 39, 16, 22, 39, 16, 22, 11, 1, 28, 39, 19, 2, 20, 33, 38, 2, 22, 39]
    Edit distance: 10/34
  Sample 3:
    TRUE: [20, 3, 27, 17, 37, 39, 19, 0, 28, 30, 33, 21, 39, 22, 17, 8, 2, 8, 39, 6, 20, 1, 19, 39, 14, 20, 2, 34, 37, 39, 30, 33, 39, 6, 17, 39, 19, 2, 21, 26, 20, 17, 30, 20, 17, 39, 10, 20, 2, 14, 2, 22, 30, 39]
    PRED: [19, 27, 24, 39, 19, 15, 0, 21, 39, 22, 17, 8, 39, 6, 0, 19, 39, 14, 2, 13, 39, 30, 33, 39, 6, 17, 39, 19, 2, 21, 26, 11, 39, 1, 20, 2, 22, 39]
    Edit distance: 24/54
  Sample 4:
    TRUE: [9, 2, 39, 30, 33, 31, 39, 13, 10, 27, 17, 39, 13, 11, 14, 0, 30, 39, 30, 33, 39, 19, 2, 21, 39, 35, 10, 22, 39, 27, 0, 18, 11, 37, 39, 30, 33, 31, 39, 13, 10, 20, 39, 4, 30, 39]
    PRED: [9, 2, 39, 28, 24, 31, 39, 34, 10, 17, 39, 26, 27, 17, 0, 19, 14, 16, 39, 30, 33, 39, 19, 2, 21, 39, 27, 2, 22, 39, 35, 5, 11, 39, 27, 33, 31, 39, 13, 1, 20, 39, 4, 30, 39]
    Edit distance: 18/46

============================================================
Batch 5500 | Val PER: 0.2508
============================================================
  Sample 0:
    TRUE: [31, 17, 0, 19, 27, 2, 28, 17, 39, 27, 17, 19, 2, 22, 28, 16, 8, 11, 8, 39]
    PRED: [24, 19, 28, 39, 2, 14, 0, 11, 8, 39]
    Edit distance: 13/20
  Sample 1:
    TRUE: [27, 16, 7, 39, 26, 11, 7, 2, 28, 30, 39, 28, 10, 34, 27, 2, 20, 39, 28, 5, 22, 8, 39, 20, 16, 31, 2, 14, 27, 1, 13, 28, 39]
    PRED: [35, 16, 7, 39, 26, 11, 29, 16, 39, 10, 34, 2, 20, 39, 15, 1, 8, 39, 20, 16, 2, 14, 27, 0, 13, 39]
    Edit distance: 13/33
  Sample 2:
    TRUE: [28, 24, 39, 27, 33, 20, 37, 39, 35, 17, 39, 21, 12, 8, 39, 16, 22, 39, 2, 22, 2, 6, 1, 29, 30, 39, 19, 2, 20, 33, 38, 2, 22, 39]
    PRED: [9, 24, 39, 35, 17, 20, 37, 39, 35, 17, 39, 21, 17, 8, 39, 16, 22, 39, 2, 22, 11, 0, 28, 30, 39, 19, 2, 20, 33, 29, 2, 22, 39]
    Edit distance: 9/34
  Sample 3:
    TRUE: [20, 3, 27, 17, 37, 39, 19, 0, 28, 30, 33, 21, 39, 22, 17, 8, 2, 8, 39, 6, 20, 1, 19, 39, 14, 20, 2, 34, 37, 39, 30, 33, 39, 6, 17, 39, 19, 2, 21, 26, 20, 17, 30, 20, 17, 39, 10, 20, 2, 14, 2, 22, 30, 39]
    PRED: [19, 35, 5, 37, 39, 19, 0, 33, 21, 39, 8, 17, 8, 39, 6, 2, 19, 39, 20, 0, 34, 37, 39, 30, 33, 39, 6, 17, 39, 19, 2, 21, 26, 11, 30, 11, 39, 16, 20, 2, 22, 8, 39]
    Edit distance: 21/54
  Sample 4:
    TRUE: [9, 2, 39, 30, 33, 31, 39, 13, 10, 27, 17, 39, 13, 11, 14, 0, 30, 39, 30, 33, 39, 19, 2, 21, 39, 35, 10, 22, 39, 27, 0, 18, 11, 37, 39, 30, 33, 31, 39, 13, 10, 20, 39, 4, 30, 39]
    PRED: [9, 2, 39, 27, 33, 31, 39, 10, 11, 2, 39, 26, 2, 0, 19, 30, 2, 8, 39, 30, 33, 39, 19, 2, 21, 39, 27, 2, 22, 8, 39, 35, 5, 7, 11, 39, 9, 33, 31, 39, 13, 10, 20, 39, 4, 30, 39]
    Edit distance: 18/46

============================================================
Batch 6000 | Val PER: 0.2416
============================================================
  Sample 0:
    TRUE: [31, 17, 0, 19, 27, 2, 28, 17, 39, 27, 17, 19, 2, 22, 28, 16, 8, 11, 8, 39]
    PRED: [19, 27, 0, 19, 2, 28, 39, 27, 2, 0, 22, 30, 2, 8, 39]
    Edit distance: 11/20
  Sample 1:
    TRUE: [27, 16, 7, 39, 26, 11, 7, 2, 28, 30, 39, 28, 10, 34, 27, 2, 20, 39, 28, 5, 22, 8, 39, 20, 16, 31, 2, 14, 27, 1, 13, 28, 39]
    PRED: [27, 1, 7, 39, 26, 0, 27, 7, 39, 1, 34, 2, 20, 39, 15, 4, 22, 8, 39, 27, 2, 20, 14, 27, 0, 13, 39]
    Edit distance: 17/33
  Sample 2:
    TRUE: [28, 24, 39, 27, 33, 20, 37, 39, 35, 17, 39, 21, 12, 8, 39, 16, 22, 39, 2, 22, 2, 6, 1, 29, 30, 39, 19, 2, 20, 33, 38, 2, 22, 39]
    PRED: [15, 4, 39, 27, 17, 20, 37, 39, 35, 17, 39, 21, 12, 22, 8, 39, 16, 22, 39, 16, 22, 11, 21, 2, 29, 39, 19, 2, 20, 24, 38, 2, 22, 39]
    Edit distance: 10/34
  Sample 3:
    TRUE: [20, 3, 27, 17, 37, 39, 19, 0, 28, 30, 33, 21, 39, 22, 17, 8, 2, 8, 39, 6, 20, 1, 19, 39, 14, 20, 2, 34, 37, 39, 30, 33, 39, 6, 17, 39, 19, 2, 21, 26, 20, 17, 30, 20, 17, 39, 10, 20, 2, 14, 2, 22, 30, 39]
    PRED: [27, 25, 37, 39, 19, 0, 0, 21, 39, 22, 12, 8, 39, 6, 27, 2, 19, 39, 20, 2, 34, 37, 39, 30, 33, 39, 6, 17, 39, 19, 2, 21, 26, 20, 16, 7, 20, 39, 1, 20, 2, 22, 8, 39]
    Edit distance: 19/54
  Sample 4:
    TRUE: [9, 2, 39, 30, 33, 31, 39, 13, 10, 27, 17, 39, 13, 11, 14, 0, 30, 39, 30, 33, 39, 19, 2, 21, 39, 35, 10, 22, 39, 27, 0, 18, 11, 37, 39, 30, 33, 31, 39, 13, 10, 20, 39, 4, 30, 39]
    PRED: [9, 2, 39, 27, 33, 31, 39, 34, 10, 11, 39, 27, 0, 0, 2, 30, 39, 30, 33, 39, 30, 2, 21, 39, 27, 2, 22, 39, 35, 5, 7, 11, 37, 39, 30, 33, 31, 39, 13, 12, 20, 39, 4, 30, 39]
    Edit distance: 15/46

============================================================
Batch 6500 | Val PER: 0.2423
============================================================
  Sample 0:
    TRUE: [31, 17, 0, 19, 27, 2, 28, 17, 39, 27, 17, 19, 2, 22, 28, 16, 8, 11, 8, 39]
    PRED: [0, 19, 2, 28, 39, 2, 0, 22, 2, 39]
    Edit distance: 13/20
  Sample 1:
    TRUE: [27, 16, 7, 39, 26, 11, 7, 2, 28, 30, 39, 28, 10, 34, 27, 2, 20, 39, 28, 5, 22, 8, 39, 20, 16, 31, 2, 14, 27, 1, 13, 28, 39]
    PRED: [27, 1, 19, 39, 26, 3, 7, 16, 39, 1, 34, 2, 20, 39, 15, 1, 22, 8, 37, 39, 20, 0, 13, 39]
    Edit distance: 19/33
  Sample 2:
    TRUE: [28, 24, 39, 27, 33, 20, 37, 39, 35, 17, 39, 21, 12, 8, 39, 16, 22, 39, 2, 22, 2, 6, 1, 29, 30, 39, 19, 2, 20, 33, 38, 2, 22, 39]
    PRED: [9, 24, 39, 27, 17, 20, 37, 39, 21, 17, 39, 21, 12, 8, 39, 16, 22, 39, 2, 22, 11, 21, 1, 29, 39, 19, 2, 20, 24, 38, 2, 22, 39]
    Edit distance: 7/34
  Sample 3:
    TRUE: [20, 3, 27, 17, 37, 39, 19, 0, 28, 30, 33, 21, 39, 22, 17, 8, 2, 8, 39, 6, 20, 1, 19, 39, 14, 20, 2, 34, 37, 39, 30, 33, 39, 6, 17, 39, 19, 2, 21, 26, 20, 17, 30, 20, 17, 39, 10, 20, 2, 14, 2, 22, 30, 39]
    PRED: [19, 27, 5, 37, 39, 19, 5, 21, 39, 22, 12, 8, 39, 6, 2, 19, 39, 20, 2, 13, 39, 30, 33, 39, 6, 17, 39, 19, 0, 26, 16, 20, 11, 39, 1, 20, 2, 8, 39]
    Edit distance: 26/54
  Sample 4:
    TRUE: [9, 2, 39, 30, 33, 31, 39, 13, 10, 27, 17, 39, 13, 11, 14, 0, 30, 39, 30, 33, 39, 19, 2, 21, 39, 35, 10, 22, 39, 27, 0, 18, 11, 37, 39, 30, 33, 31, 39, 13, 10, 20, 39, 4, 30, 39]
    PRED: [9, 2, 39, 27, 33, 31, 39, 10, 27, 11, 2, 39, 26, 27, 2, 0, 19, 30, 2, 8, 39, 30, 33, 39, 30, 2, 21, 39, 27, 1, 22, 39, 27, 5, 11, 39, 30, 33, 31, 39, 13, 3, 20, 39, 4, 30, 39]
    Edit distance: 17/46

============================================================
Batch 7000 | Val PER: 0.2379
============================================================
  Sample 0:
    TRUE: [31, 17, 0, 19, 27, 2, 28, 17, 39, 27, 17, 19, 2, 22, 28, 16, 8, 11, 8, 39]
    PRED: [29, 0, 19, 2, 39, 2, 14, 0, 39]
    Edit distance: 14/20
  Sample 1:
    TRUE: [27, 16, 7, 39, 26, 11, 7, 2, 28, 30, 39, 28, 10, 34, 27, 2, 20, 39, 28, 5, 22, 8, 39, 20, 16, 31, 2, 14, 27, 1, 13, 28, 39]
    PRED: [27, 1, 19, 26, 0, 27, 16, 37, 39, 10, 34, 2, 20, 39, 1, 8, 37, 39, 20, 14, 27, 16, 13, 39]
    Edit distance: 19/33
  Sample 2:
    TRUE: [28, 24, 39, 27, 33, 20, 37, 39, 35, 17, 39, 21, 12, 8, 39, 16, 22, 39, 2, 22, 2, 6, 1, 29, 30, 39, 19, 2, 20, 33, 38, 2, 22, 39]
    PRED: [9, 24, 39, 27, 17, 20, 37, 39, 35, 17, 39, 21, 12, 8, 39, 16, 22, 39, 16, 22, 11, 27, 1, 29, 39, 19, 2, 20, 33, 38, 2, 22, 39]
    Edit distance: 6/34
  Sample 3:
    TRUE: [20, 3, 27, 17, 37, 39, 19, 0, 28, 30, 33, 21, 39, 22, 17, 8, 2, 8, 39, 6, 20, 1, 19, 39, 14, 20, 2, 34, 37, 39, 30, 33, 39, 6, 17, 39, 19, 2, 21, 26, 20, 17, 30, 20, 17, 39, 10, 20, 2, 14, 2, 22, 30, 39]
    PRED: [19, 35, 17, 39, 19, 0, 21, 39, 12, 8, 39, 6, 2, 19, 39, 20, 0, 34, 37, 39, 30, 33, 39, 6, 17, 39, 19, 2, 21, 6, 16, 7, 20, 17, 11, 39, 16, 20, 2, 22, 37, 39]
    Edit distance: 24/54
  Sample 4:
    TRUE: [9, 2, 39, 30, 33, 31, 39, 13, 10, 27, 17, 39, 13, 11, 14, 0, 30, 39, 30, 33, 39, 19, 2, 21, 39, 35, 10, 22, 39, 27, 0, 18, 11, 37, 39, 30, 33, 31, 39, 13, 10, 20, 39, 4, 30, 39]
    PRED: [9, 2, 39, 30, 33, 31, 39, 34, 10, 27, 17, 2, 39, 27, 24, 14, 19, 2, 8, 39, 30, 33, 39, 30, 5, 21, 39, 27, 2, 22, 39, 35, 5, 18, 11, 39, 30, 33, 31, 39, 13, 1, 20, 39, 4, 30, 39]
    Edit distance: 15/46

============================================================
Batch 7500 | Val PER: 0.2335
============================================================
  Sample 0:
    TRUE: [31, 17, 0, 19, 27, 2, 28, 17, 39, 27, 17, 19, 2, 22, 28, 16, 8, 11, 8, 39]
    PRED: [30, 0, 19, 2, 28, 39, 2, 19, 2, 30, 8, 39]
    Edit distance: 11/20
  Sample 1:
    TRUE: [27, 16, 7, 39, 26, 11, 7, 2, 28, 30, 39, 28, 10, 34, 27, 2, 20, 39, 28, 5, 22, 8, 39, 20, 16, 31, 2, 14, 27, 1, 13, 28, 39]
    PRED: [27, 17, 19, 39, 26, 0, 19, 39, 27, 10, 13, 2, 20, 39, 19, 4, 22, 37, 39, 19, 16, 24, 14, 5, 13, 39]
    Edit distance: 19/33
  Sample 2:
    TRUE: [28, 24, 39, 27, 33, 20, 37, 39, 35, 17, 39, 21, 12, 8, 39, 16, 22, 39, 2, 22, 2, 6, 1, 29, 30, 39, 19, 2, 20, 33, 38, 2, 22, 39]
    PRED: [15, 24, 39, 27, 17, 20, 37, 39, 6, 17, 39, 21, 12, 8, 39, 16, 22, 39, 2, 22, 8, 11, 6, 27, 1, 28, 39, 19, 2, 20, 33, 38, 2, 22, 39]
    Edit distance: 8/34
  Sample 3:
    TRUE: [20, 3, 27, 17, 37, 39, 19, 0, 28, 30, 33, 21, 39, 22, 17, 8, 2, 8, 39, 6, 20, 1, 19, 39, 14, 20, 2, 34, 37, 39, 30, 33, 39, 6, 17, 39, 19, 2, 21, 26, 20, 17, 30, 20, 17, 39, 10, 20, 2, 14, 2, 22, 30, 39]
    PRED: [19, 27, 24, 37, 39, 19, 24, 33, 21, 39, 8, 12, 8, 39, 6, 27, 1, 19, 39, 20, 5, 34, 39, 30, 33, 39, 6, 17, 39, 19, 2, 21, 26, 33, 19, 30, 20, 39, 1, 20, 2, 8, 39]
    Edit distance: 21/54
  Sample 4:
    TRUE: [9, 2, 39, 30, 33, 31, 39, 13, 10, 27, 17, 39, 13, 11, 14, 0, 30, 39, 30, 33, 39, 19, 2, 21, 39, 35, 10, 22, 39, 27, 0, 18, 11, 37, 39, 30, 33, 31, 39, 13, 10, 20, 39, 4, 30, 39]
    PRED: [9, 2, 39, 30, 33, 31, 39, 34, 10, 27, 17, 39, 27, 2, 0, 19, 30, 2, 8, 39, 30, 33, 39, 30, 2, 21, 39, 27, 1, 22, 8, 39, 11, 5, 18, 11, 39, 30, 33, 31, 39, 13, 12, 20, 39, 4, 30, 39]
    Edit distance: 15/46

============================================================
Batch 8000 | Val PER: 0.2310
============================================================
  Sample 0:
    TRUE: [31, 17, 0, 19, 27, 2, 28, 17, 39, 27, 17, 19, 2, 22, 28, 16, 8, 11, 8, 39]
    PRED: [1, 19, 2, 28, 39, 27, 16, 14, 27, 0, 12, 30, 16, 8, 39]
    Edit distance: 13/20
  Sample 1:
    TRUE: [27, 16, 7, 39, 26, 11, 7, 2, 28, 30, 39, 28, 10, 34, 27, 2, 20, 39, 28, 5, 22, 8, 39, 20, 16, 31, 2, 14, 27, 1, 13, 28, 39]
    PRED: [19, 27, 1, 29, 39, 26, 29, 16, 19, 39, 10, 34, 2, 20, 39, 19, 4, 22, 8, 37, 39, 20, 16, 14, 20, 14, 0, 13, 39]
    Edit distance: 18/33
  Sample 2:
    TRUE: [28, 24, 39, 27, 33, 20, 37, 39, 35, 17, 39, 21, 12, 8, 39, 16, 22, 39, 2, 22, 2, 6, 1, 29, 30, 39, 19, 2, 20, 33, 38, 2, 22, 39]
    PRED: [15, 4, 39, 27, 17, 20, 37, 39, 35, 17, 39, 21, 12, 8, 39, 16, 22, 39, 16, 22, 11, 21, 1, 29, 28, 39, 19, 2, 20, 33, 38, 2, 22, 39]
    Edit distance: 7/34
  Sample 3:
    TRUE: [20, 3, 27, 17, 37, 39, 19, 0, 28, 30, 33, 21, 39, 22, 17, 8, 2, 8, 39, 6, 20, 1, 19, 39, 14, 20, 2, 34, 37, 39, 30, 33, 39, 6, 17, 39, 19, 2, 21, 26, 20, 17, 30, 20, 17, 39, 10, 20, 2, 14, 2, 22, 30, 39]
    PRED: [19, 27, 3, 27, 17, 39, 19, 0, 28, 2, 21, 39, 8, 17, 8, 37, 39, 6, 20, 1, 19, 39, 20, 2, 13, 37, 39, 30, 33, 39, 6, 17, 39, 19, 2, 21, 26, 17, 19, 20, 11, 39, 10, 20, 2, 22, 8, 39]
    Edit distance: 16/54
  Sample 4:
    TRUE: [9, 2, 39, 30, 33, 31, 39, 13, 10, 27, 17, 39, 13, 11, 14, 0, 30, 39, 30, 33, 39, 19, 2, 21, 39, 35, 10, 22, 39, 27, 0, 18, 11, 37, 39, 30, 33, 31, 39, 13, 10, 20, 39, 4, 30, 39]
    PRED: [9, 2, 39, 30, 27, 33, 31, 39, 34, 10, 27, 17, 39, 26, 27, 2, 0, 19, 30, 2, 8, 39, 30, 33, 39, 30, 5, 21, 39, 27, 10, 22, 39, 27, 10, 29, 11, 37, 39, 30, 33, 31, 39, 13, 1, 20, 4, 30, 39]
    Edit distance: 15/46

============================================================
Batch 8500 | Val PER: 0.2280
============================================================
  Sample 0:
    TRUE: [31, 17, 0, 19, 27, 2, 28, 17, 39, 27, 17, 19, 2, 22, 28, 16, 8, 11, 8, 39]
    PRED: [27, 17, 19, 2, 28, 39, 27, 16, 14, 0, 30, 2, 39]
    Edit distance: 13/20
  Sample 1:
    TRUE: [27, 16, 7, 39, 26, 11, 7, 2, 28, 30, 39, 28, 10, 34, 27, 2, 20, 39, 28, 5, 22, 8, 39, 20, 16, 31, 2, 14, 27, 1, 13, 28, 39]
    PRED: [27, 1, 19, 39, 26, 0, 29, 2, 37, 39, 28, 10, 34, 2, 20, 39, 19, 1, 22, 37, 39, 20, 16, 2, 14, 27, 1, 13, 30, 39]
    Edit distance: 12/33
  Sample 2:
    TRUE: [28, 24, 39, 27, 33, 20, 37, 39, 35, 17, 39, 21, 12, 8, 39, 16, 22, 39, 2, 22, 2, 6, 1, 29, 30, 39, 19, 2, 20, 33, 38, 2, 22, 39]
    PRED: [15, 2, 39, 27, 17, 20, 37, 39, 35, 17, 39, 21, 12, 22, 8, 39, 16, 22, 39, 16, 22, 8, 16, 21, 1, 28, 39, 19, 2, 20, 33, 29, 2, 22, 39]
    Edit distance: 11/34
  Sample 3:
    TRUE: [20, 3, 27, 17, 37, 39, 19, 0, 28, 30, 33, 21, 39, 22, 17, 8, 2, 8, 39, 6, 20, 1, 19, 39, 14, 20, 2, 34, 37, 39, 30, 33, 39, 6, 17, 39, 19, 2, 21, 26, 20, 17, 30, 20, 17, 39, 10, 20, 2, 14, 2, 22, 30, 39]
    PRED: [19, 27, 25, 17, 39, 19, 0, 0, 21, 37, 39, 22, 10, 8, 39, 6, 20, 0, 19, 39, 20, 5, 34, 37, 39, 30, 33, 39, 6, 17, 39, 19, 0, 21, 26, 16, 19, 30, 20, 2, 39, 10, 20, 2, 22, 8, 39]
    Edit distance: 21/54
  Sample 4:
    TRUE: [9, 2, 39, 30, 33, 31, 39, 13, 10, 27, 17, 39, 13, 11, 14, 0, 30, 39, 30, 33, 39, 19, 2, 21, 39, 35, 10, 22, 39, 27, 0, 18, 11, 37, 39, 30, 33, 31, 39, 13, 10, 20, 39, 4, 30, 39]
    PRED: [9, 2, 39, 30, 27, 33, 31, 39, 34, 10, 27, 17, 39, 26, 27, 2, 14, 0, 19, 30, 2, 8, 39, 30, 33, 39, 19, 0, 21, 39, 27, 2, 22, 21, 39, 27, 5, 18, 11, 39, 31, 27, 33, 31, 39, 13, 1, 20, 4, 30, 39]
    Edit distance: 18/46

============================================================
Batch 9000 | Val PER: 0.2325
============================================================
  Sample 0:
    TRUE: [31, 17, 0, 19, 27, 2, 28, 17, 39, 27, 17, 19, 2, 22, 28, 16, 8, 11, 8, 39]
    PRED: [1, 19, 14, 28, 39, 27, 16, 14, 0, 30, 24, 39]
    Edit distance: 15/20
  Sample 1:
    TRUE: [27, 16, 7, 39, 26, 11, 7, 2, 28, 30, 39, 28, 10, 34, 27, 2, 20, 39, 28, 5, 22, 8, 39, 20, 16, 31, 2, 14, 27, 1, 13, 28, 39]
    PRED: [27, 1, 19, 39, 26, 0, 27, 18, 16, 37, 39, 10, 6, 2, 20, 39, 14, 4, 22, 37, 39, 8, 16, 10, 14, 27, 0, 13, 39]
    Edit distance: 18/33
  Sample 2:
    TRUE: [28, 24, 39, 27, 33, 20, 37, 39, 35, 17, 39, 21, 12, 8, 39, 16, 22, 39, 2, 22, 2, 6, 1, 29, 30, 39, 19, 2, 20, 33, 38, 2, 22, 39]
    PRED: [9, 2, 39, 27, 25, 20, 37, 39, 0, 27, 39, 21, 1, 22, 8, 39, 16, 22, 39, 16, 22, 11, 27, 1, 29, 39, 19, 2, 20, 33, 38, 2, 22, 39]
    Edit distance: 11/34
  Sample 3:
    TRUE: [20, 3, 27, 17, 37, 39, 19, 0, 28, 30, 33, 21, 39, 22, 17, 8, 2, 8, 39, 6, 20, 1, 19, 39, 14, 20, 2, 34, 37, 39, 30, 33, 39, 6, 17, 39, 19, 2, 21, 26, 20, 17, 30, 20, 17, 39, 10, 20, 2, 14, 2, 22, 30, 39]
    PRED: [19, 27, 25, 39, 19, 1, 0, 21, 39, 22, 1, 8, 39, 6, 0, 19, 39, 20, 0, 6, 37, 39, 30, 33, 39, 6, 17, 39, 19, 0, 21, 26, 33, 20, 11, 39, 1, 20, 2, 22, 8, 39]
    Edit distance: 25/54
  Sample 4:
    TRUE: [9, 2, 39, 30, 33, 31, 39, 13, 10, 27, 17, 39, 13, 11, 14, 0, 30, 39, 30, 33, 39, 19, 2, 21, 39, 35, 10, 22, 39, 27, 0, 18, 11, 37, 39, 30, 33, 31, 39, 13, 10, 20, 39, 4, 30, 39]
    PRED: [9, 2, 39, 30, 27, 33, 31, 39, 34, 10, 27, 17, 39, 13, 27, 16, 14, 0, 30, 39, 30, 33, 39, 19, 0, 21, 39, 27, 12, 22, 39, 27, 5, 18, 11, 37, 39, 31, 36, 33, 31, 39, 13, 12, 20, 4, 30, 39]
    Edit distance: 12/46

============================================================
Batch 9500 | Val PER: 0.2224
============================================================
  Sample 0:
    TRUE: [31, 17, 0, 19, 27, 2, 28, 17, 39, 27, 17, 19, 2, 22, 28, 16, 8, 11, 8, 39]
    PRED: [5, 19, 2, 39, 27, 14, 0, 30, 16, 8, 39]
    Edit distance: 13/20
  Sample 1:
    TRUE: [27, 16, 7, 39, 26, 11, 7, 2, 28, 30, 39, 28, 10, 34, 27, 2, 20, 39, 28, 5, 22, 8, 39, 20, 16, 31, 2, 14, 27, 1, 13, 28, 39]
    PRED: [27, 17, 7, 39, 26, 0, 29, 16, 39, 12, 6, 2, 20, 39, 30, 4, 22, 37, 39, 20, 16, 27, 0, 13, 28, 39]
    Edit distance: 17/33
  Sample 2:
    TRUE: [28, 24, 39, 27, 33, 20, 37, 39, 35, 17, 39, 21, 12, 8, 39, 16, 22, 39, 2, 22, 2, 6, 1, 29, 30, 39, 19, 2, 20, 33, 38, 2, 22, 39]
    PRED: [15, 4, 39, 27, 17, 20, 39, 35, 17, 39, 21, 12, 22, 8, 39, 16, 22, 39, 2, 22, 11, 1, 29, 39, 19, 2, 20, 33, 38, 2, 22, 39]
    Edit distance: 8/34
  Sample 3:
    TRUE: [20, 3, 27, 17, 37, 39, 19, 0, 28, 30, 33, 21, 39, 22, 17, 8, 2, 8, 39, 6, 20, 1, 19, 39, 14, 20, 2, 34, 37, 39, 30, 33, 39, 6, 17, 39, 19, 2, 21, 26, 20, 17, 30, 20, 17, 39, 10, 20, 2, 14, 2, 22, 30, 39]
    PRED: [35, 3, 39, 19, 0, 21, 39, 8, 22, 17, 8, 39, 6, 27, 0, 19, 39, 20, 2, 6, 37, 39, 30, 33, 39, 6, 17, 39, 19, 2, 21, 26, 20, 17, 39, 10, 20, 2, 22, 39]
    Edit distance: 20/54
  Sample 4:
    TRUE: [9, 2, 39, 30, 33, 31, 39, 13, 10, 27, 17, 39, 13, 11, 14, 0, 30, 39, 30, 33, 39, 19, 2, 21, 39, 35, 10, 22, 39, 27, 0, 18, 11, 37, 39, 30, 33, 31, 39, 13, 10, 20, 39, 4, 30, 39]
    PRED: [9, 2, 39, 30, 27, 33, 31, 39, 34, 10, 27, 17, 39, 26, 27, 0, 0, 30, 2, 8, 39, 30, 33, 39, 19, 2, 21, 39, 27, 2, 21, 39, 27, 0, 18, 11, 39, 27, 33, 31, 39, 13, 12, 20, 39, 4, 30, 39]
    Edit distance: 13/46

============================================================
Batch 10000 | Val PER: 0.2239
============================================================
  Sample 0:
    TRUE: [31, 17, 0, 19, 27, 2, 28, 17, 39, 27, 17, 19, 2, 22, 28, 16, 8, 11, 8, 39]
    PRED: [19, 27, 0, 19, 39, 27, 10, 19, 0, 30, 2, 8, 39]
    Edit distance: 13/20
  Sample 1:
    TRUE: [27, 16, 7, 39, 26, 11, 7, 2, 28, 30, 39, 28, 10, 34, 27, 2, 20, 39, 28, 5, 22, 8, 39, 20, 16, 31, 2, 14, 27, 1, 13, 28, 39]
    PRED: [27, 16, 26, 0, 7, 39, 12, 6, 2, 20, 39, 19, 4, 8, 37, 39, 19, 20, 16, 14, 27, 0, 13, 30, 39]
    Edit distance: 19/33
  Sample 2:
    TRUE: [28, 24, 39, 27, 33, 20, 37, 39, 35, 17, 39, 21, 12, 8, 39, 16, 22, 39, 2, 22, 2, 6, 1, 29, 30, 39, 19, 2, 20, 33, 38, 2, 22, 39]
    PRED: [15, 4, 39, 27, 33, 20, 37, 39, 35, 17, 39, 21, 12, 8, 39, 16, 22, 39, 2, 22, 11, 13, 0, 29, 39, 19, 2, 20, 33, 38, 2, 22, 39]
    Edit distance: 6/34
  Sample 3:
    TRUE: [20, 3, 27, 17, 37, 39, 19, 0, 28, 30, 33, 21, 39, 22, 17, 8, 2, 8, 39, 6, 20, 1, 19, 39, 14, 20, 2, 34, 37, 39, 30, 33, 39, 6, 17, 39, 19, 2, 21, 26, 20, 17, 30, 20, 17, 39, 10, 20, 2, 14, 2, 22, 30, 39]
    PRED: [19, 27, 3, 17, 28, 39, 19, 0, 0, 0, 21, 39, 22, 12, 8, 39, 6, 20, 0, 19, 39, 20, 0, 6, 39, 30, 33, 39, 6, 17, 39, 19, 2, 21, 26, 20, 33, 20, 39, 10, 20, 2, 22, 8, 39]
    Edit distance: 21/54
  Sample 4:
    TRUE: [9, 2, 39, 30, 33, 31, 39, 13, 10, 27, 17, 39, 13, 11, 14, 0, 30, 39, 30, 33, 39, 19, 2, 21, 39, 35, 10, 22, 39, 27, 0, 18, 11, 37, 39, 30, 33, 31, 39, 13, 10, 20, 39, 4, 30, 39]
    PRED: [9, 2, 39, 30, 27, 33, 31, 39, 13, 10, 27, 17, 39, 26, 27, 2, 0, 19, 30, 39, 30, 33, 39, 30, 2, 21, 39, 27, 12, 21, 39, 27, 0, 7, 11, 37, 39, 30, 27, 33, 31, 39, 13, 10, 20, 39, 4, 30, 39]
    Edit distance: 11/46

============================================================
Batch 10500 | Val PER: 0.2192
============================================================
  Sample 0:
    TRUE: [31, 17, 0, 19, 27, 2, 28, 17, 39, 27, 17, 19, 2, 22, 28, 16, 8, 11, 8, 39]
    PRED: [19, 27, 0, 19, 28, 39, 27, 16, 24, 30, 30, 2, 8, 39]
    Edit distance: 13/20
  Sample 1:
    TRUE: [27, 16, 7, 39, 26, 11, 7, 2, 28, 30, 39, 28, 10, 34, 27, 2, 20, 39, 28, 5, 22, 8, 39, 20, 16, 31, 2, 14, 27, 1, 13, 28, 39]
    PRED: [27, 1, 19, 39, 26, 32, 16, 29, 39, 10, 6, 2, 20, 39, 19, 4, 22, 39, 19, 20, 16, 31, 24, 0, 13, 39]
    Edit distance: 19/33
  Sample 2:
    TRUE: [28, 24, 39, 27, 33, 20, 37, 39, 35, 17, 39, 21, 12, 8, 39, 16, 22, 39, 2, 22, 2, 6, 1, 29, 30, 39, 19, 2, 20, 33, 38, 2, 22, 39]
    PRED: [15, 24, 39, 27, 25, 20, 37, 39, 35, 17, 39, 21, 10, 22, 8, 39, 16, 22, 39, 16, 22, 11, 0, 28, 39, 19, 2, 20, 33, 38, 2, 22, 39]
    Edit distance: 10/34
  Sample 3:
    TRUE: [20, 3, 27, 17, 37, 39, 19, 0, 28, 30, 33, 21, 39, 22, 17, 8, 2, 8, 39, 6, 20, 1, 19, 39, 14, 20, 2, 34, 37, 39, 30, 33, 39, 6, 17, 39, 19, 2, 21, 26, 20, 17, 30, 20, 17, 39, 10, 20, 2, 14, 2, 22, 30, 39]
    PRED: [19, 27, 25, 39, 19, 0, 19, 0, 21, 39, 27, 4, 8, 39, 6, 2, 19, 39, 20, 0, 6, 39, 30, 33, 39, 6, 17, 39, 19, 2, 21, 26, 20, 33, 30, 39, 10, 20, 2, 22, 8, 39]
    Edit distance: 23/54
  Sample 4:
    TRUE: [9, 2, 39, 30, 33, 31, 39, 13, 10, 27, 17, 39, 13, 11, 14, 0, 30, 39, 30, 33, 39, 19, 2, 21, 39, 35, 10, 22, 39, 27, 0, 18, 11, 37, 39, 30, 33, 31, 39, 13, 10, 20, 39, 4, 30, 39]
    PRED: [9, 2, 39, 27, 33, 31, 39, 34, 10, 27, 17, 39, 26, 27, 17, 0, 19, 30, 8, 39, 30, 33, 39, 19, 2, 21, 39, 27, 2, 22, 39, 27, 5, 11, 39, 30, 33, 31, 39, 13, 1, 20, 39, 4, 30, 39]
    Edit distance: 13/46

============================================================
Batch 11000 | Val PER: 0.2174
============================================================
  Sample 0:
    TRUE: [31, 17, 0, 19, 27, 2, 28, 17, 39, 27, 17, 19, 2, 22, 28, 16, 8, 11, 8, 39]
    PRED: [27, 0, 19, 11, 39, 16, 0, 8, 16, 16, 8, 39]
    Edit distance: 14/20
  Sample 1:
    TRUE: [27, 16, 7, 39, 26, 11, 7, 2, 28, 30, 39, 28, 10, 34, 27, 2, 20, 39, 28, 5, 22, 8, 39, 20, 16, 31, 2, 14, 27, 1, 13, 28, 39]
    PRED: [27, 17, 19, 28, 28, 26, 3, 18, 16, 18, 39, 28, 10, 34, 2, 20, 39, 19, 4, 22, 39, 19, 20, 16, 24, 24, 13, 39]
    Edit distance: 20/33
  Sample 2:
    TRUE: [28, 24, 39, 27, 33, 20, 37, 39, 35, 17, 39, 21, 12, 8, 39, 16, 22, 39, 2, 22, 2, 6, 1, 29, 30, 39, 19, 2, 20, 33, 38, 2, 22, 39]
    PRED: [15, 4, 39, 27, 25, 20, 39, 35, 17, 39, 21, 4, 22, 8, 39, 16, 22, 39, 16, 22, 8, 11, 34, 5, 28, 39, 19, 2, 20, 33, 38, 2, 22, 39]
    Edit distance: 12/34
  Sample 3:
    TRUE: [20, 3, 27, 17, 37, 39, 19, 0, 28, 30, 33, 21, 39, 22, 17, 8, 2, 8, 39, 6, 20, 1, 19, 39, 14, 20, 2, 34, 37, 39, 30, 33, 39, 6, 17, 39, 19, 2, 21, 26, 20, 17, 30, 20, 17, 39, 10, 20, 2, 14, 2, 22, 30, 39]
    PRED: [19, 35, 5, 27, 39, 19, 5, 28, 0, 21, 39, 22, 17, 8, 39, 6, 20, 2, 19, 39, 20, 2, 34, 39, 30, 33, 39, 6, 17, 39, 19, 2, 21, 26, 33, 20, 17, 39, 10, 20, 24, 22, 8, 39]
    Edit distance: 20/54
  Sample 4:
    TRUE: [9, 2, 39, 30, 33, 31, 39, 13, 10, 27, 17, 39, 13, 11, 14, 0, 30, 39, 30, 33, 39, 19, 2, 21, 39, 35, 10, 22, 39, 27, 0, 18, 11, 37, 39, 30, 33, 31, 39, 13, 10, 20, 39, 4, 30, 39]
    PRED: [9, 2, 39, 33, 31, 39, 34, 10, 27, 17, 39, 27, 16, 0, 19, 30, 39, 30, 33, 39, 28, 2, 21, 39, 27, 2, 22, 39, 27, 10, 18, 11, 39, 30, 33, 31, 39, 13, 1, 20, 39, 4, 30, 39]
    Edit distance: 12/46

============================================================
Batch 11500 | Val PER: 0.2184
============================================================
  Sample 0:
    TRUE: [31, 17, 0, 19, 27, 2, 28, 17, 39, 27, 17, 19, 2, 22, 28, 16, 8, 11, 8, 39]
    PRED: [27, 17, 0, 19, 2, 28, 39, 27, 16, 14, 27, 0, 22, 16, 2, 8, 39]
    Edit distance: 10/20
  Sample 1:
    TRUE: [27, 16, 7, 39, 26, 11, 7, 2, 28, 30, 39, 28, 10, 34, 27, 2, 20, 39, 28, 5, 22, 8, 39, 20, 16, 31, 2, 14, 27, 1, 13, 28, 39]
    PRED: [27, 17, 19, 39, 26, 0, 27, 7, 39, 10, 34, 2, 20, 39, 19, 1, 22, 8, 39, 19, 20, 16, 2, 3, 13, 39]
    Edit distance: 17/33
  Sample 2:
    TRUE: [28, 24, 39, 27, 33, 20, 37, 39, 35, 17, 39, 21, 12, 8, 39, 16, 22, 39, 2, 22, 2, 6, 1, 29, 30, 39, 19, 2, 20, 33, 38, 2, 22, 39]
    PRED: [15, 2, 39, 27, 17, 20, 37, 39, 35, 17, 39, 16, 21, 10, 22, 8, 39, 16, 22, 39, 16, 22, 8, 11, 34, 0, 28, 39, 19, 2, 20, 33, 38, 29, 2, 22, 39]
    Edit distance: 13/34
  Sample 3:
    TRUE: [20, 3, 27, 17, 37, 39, 19, 0, 28, 30, 33, 21, 39, 22, 17, 8, 2, 8, 39, 6, 20, 1, 19, 39, 14, 20, 2, 34, 37, 39, 30, 33, 39, 6, 17, 39, 19, 2, 21, 26, 20, 17, 30, 20, 17, 39, 10, 20, 2, 14, 2, 22, 30, 39]
    PRED: [19, 35, 3, 27, 39, 19, 0, 19, 0, 21, 39, 22, 17, 8, 39, 6, 27, 24, 19, 39, 20, 0, 34, 37, 39, 30, 33, 39, 6, 17, 39, 19, 0, 21, 26, 17, 30, 17, 39, 17, 20, 2, 22, 8, 39]
    Edit distance: 20/54
  Sample 4:
    TRUE: [9, 2, 39, 30, 33, 31, 39, 13, 10, 27, 17, 39, 13, 11, 14, 0, 30, 39, 30, 33, 39, 19, 2, 21, 39, 35, 10, 22, 39, 27, 0, 18, 11, 37, 39, 30, 33, 31, 39, 13, 10, 20, 39, 4, 30, 39]
    PRED: [9, 2, 39, 27, 33, 31, 39, 34, 10, 27, 17, 39, 27, 17, 0, 8, 39, 30, 33, 39, 19, 2, 21, 39, 27, 2, 22, 39, 27, 3, 18, 11, 39, 30, 33, 31, 39, 13, 10, 20, 39, 4, 30, 39]
    Edit distance: 10/46

============================================================
Batch 12000 | Val PER: 0.2106
============================================================
  Sample 0:
    TRUE: [31, 17, 0, 19, 27, 2, 28, 17, 39, 27, 17, 19, 2, 22, 28, 16, 8, 11, 8, 39]
    PRED: [27, 0, 19, 2, 39, 27, 17, 14, 2, 22, 30, 30, 2, 8, 39]
    Edit distance: 10/20
  Sample 1:
    TRUE: [27, 16, 7, 39, 26, 11, 7, 2, 28, 30, 39, 28, 10, 34, 27, 2, 20, 39, 28, 5, 22, 8, 39, 20, 16, 31, 2, 14, 27, 1, 13, 28, 39]
    PRED: [27, 1, 19, 39, 26, 0, 18, 30, 39, 10, 6, 34, 2, 20, 39, 28, 1, 22, 8, 37, 39, 20, 16, 14, 2, 14, 27, 24, 13, 39]
    Edit distance: 14/33
  Sample 2:
    TRUE: [28, 24, 39, 27, 33, 20, 37, 39, 35, 17, 39, 21, 12, 8, 39, 16, 22, 39, 2, 22, 2, 6, 1, 29, 30, 39, 19, 2, 20, 33, 38, 2, 22, 39]
    PRED: [28, 4, 39, 27, 25, 20, 39, 35, 17, 39, 16, 21, 12, 8, 39, 16, 22, 39, 16, 22, 8, 11, 34, 5, 28, 30, 39, 19, 2, 20, 33, 38, 29, 2, 22, 39]
    Edit distance: 11/34
  Sample 3:
    TRUE: [20, 3, 27, 17, 37, 39, 19, 0, 28, 30, 33, 21, 39, 22, 17, 8, 2, 8, 39, 6, 20, 1, 19, 39, 14, 20, 2, 34, 37, 39, 30, 33, 39, 6, 17, 39, 19, 2, 21, 26, 20, 17, 30, 20, 17, 39, 10, 20, 2, 14, 2, 22, 30, 39]
    PRED: [27, 25, 39, 19, 1, 15, 0, 21, 39, 22, 17, 8, 39, 6, 27, 2, 19, 39, 20, 5, 6, 37, 39, 30, 33, 39, 6, 17, 39, 19, 2, 21, 26, 16, 19, 36, 11, 39, 10, 20, 2, 22, 8, 39]
    Edit distance: 23/54
  Sample 4:
    TRUE: [9, 2, 39, 30, 33, 31, 39, 13, 10, 27, 17, 39, 13, 11, 14, 0, 30, 39, 30, 33, 39, 19, 2, 21, 39, 35, 10, 22, 39, 27, 0, 18, 11, 37, 39, 30, 33, 31, 39, 13, 10, 20, 39, 4, 30, 39]
    PRED: [9, 2, 39, 27, 33, 31, 39, 34, 10, 27, 17, 39, 27, 2, 0, 19, 30, 2, 8, 39, 30, 33, 39, 19, 2, 21, 39, 35, 2, 22, 39, 27, 10, 18, 11, 39, 31, 11, 31, 39, 13, 10, 20, 39, 4, 30, 39]
    Edit distance: 13/46

============================================================
Batch 12500 | Val PER: 0.2202
============================================================
  Sample 0:
    TRUE: [31, 17, 0, 19, 27, 2, 28, 17, 39, 27, 17, 19, 2, 22, 28, 16, 8, 11, 8, 39]
    PRED: [27, 0, 0, 19, 24, 39, 27, 16, 27, 1, 22, 30, 2, 8, 39]
    Edit distance: 13/20
  Sample 1:
    TRUE: [27, 16, 7, 39, 26, 11, 7, 2, 28, 30, 39, 28, 10, 34, 27, 2, 20, 39, 28, 5, 22, 8, 39, 20, 16, 31, 2, 14, 27, 1, 13, 28, 39]
    PRED: [27, 17, 19, 26, 0, 27, 18, 2, 10, 6, 2, 20, 39, 28, 5, 22, 39, 19, 20, 16, 14, 24, 0, 13, 39]
    Edit distance: 19/33
  Sample 2:
    TRUE: [28, 24, 39, 27, 33, 20, 37, 39, 35, 17, 39, 21, 12, 8, 39, 16, 22, 39, 2, 22, 2, 6, 1, 29, 30, 39, 19, 2, 20, 33, 38, 2, 22, 39]
    PRED: [28, 24, 39, 27, 25, 20, 37, 39, 21, 17, 39, 17, 21, 5, 22, 8, 39, 16, 22, 39, 16, 22, 11, 13, 0, 29, 39, 19, 2, 20, 33, 38, 2, 22, 39]
    Edit distance: 10/34
  Sample 3:
    TRUE: [20, 3, 27, 17, 37, 39, 19, 0, 28, 30, 33, 21, 39, 22, 17, 8, 2, 8, 39, 6, 20, 1, 19, 39, 14, 20, 2, 34, 37, 39, 30, 33, 39, 6, 17, 39, 19, 2, 21, 26, 20, 17, 30, 20, 17, 39, 10, 20, 2, 14, 2, 22, 30, 39]
    PRED: [30, 27, 25, 27, 39, 5, 21, 39, 22, 17, 8, 39, 6, 27, 0, 19, 39, 20, 0, 6, 37, 39, 30, 33, 39, 6, 17, 39, 19, 0, 21, 26, 16, 30, 20, 11, 39, 10, 20, 2, 22, 8, 39]
    Edit distance: 23/54
  Sample 4:
    TRUE: [9, 2, 39, 30, 33, 31, 39, 13, 10, 27, 17, 39, 13, 11, 14, 0, 30, 39, 30, 33, 39, 19, 2, 21, 39, 35, 10, 22, 39, 27, 0, 18, 11, 37, 39, 30, 33, 31, 39, 13, 10, 20, 39, 4, 30, 39]
    PRED: [9, 2, 39, 30, 33, 31, 39, 34, 10, 17, 39, 26, 27, 0, 0, 19, 30, 2, 8, 39, 30, 33, 39, 19, 2, 21, 39, 27, 2, 22, 39, 27, 3, 18, 11, 37, 39, 31, 33, 31, 39, 13, 10, 20, 4, 30, 39]
    Edit distance: 13/46

============================================================
Batch 13000 | Val PER: 0.2116
============================================================
  Sample 0:
    TRUE: [31, 17, 0, 19, 27, 2, 28, 17, 39, 27, 17, 19, 2, 22, 28, 16, 8, 11, 8, 39]
    PRED: [19, 27, 0, 0, 19, 2, 39, 27, 16, 19, 1, 22, 8, 2, 8, 39]
    Edit distance: 11/20
  Sample 1:
    TRUE: [27, 16, 7, 39, 26, 11, 7, 2, 28, 30, 39, 28, 10, 34, 27, 2, 20, 39, 28, 5, 22, 8, 39, 20, 16, 31, 2, 14, 27, 1, 13, 28, 39]
    PRED: [10, 19, 26, 0, 27, 7, 19, 39, 10, 34, 2, 20, 39, 19, 1, 22, 8, 39, 19, 20, 16, 14, 24, 14, 27, 0, 13, 39]
    Edit distance: 18/33
  Sample 2:
    TRUE: [28, 24, 39, 27, 33, 20, 37, 39, 35, 17, 39, 21, 12, 8, 39, 16, 22, 39, 2, 22, 2, 6, 1, 29, 30, 39, 19, 2, 20, 33, 38, 2, 22, 39]
    PRED: [28, 24, 39, 27, 33, 20, 37, 39, 35, 17, 39, 16, 21, 10, 22, 8, 39, 16, 22, 39, 2, 22, 8, 11, 13, 27, 5, 28, 30, 39, 19, 2, 20, 33, 38, 2, 22, 39]
    Edit distance: 9/34
  Sample 3:
    TRUE: [20, 3, 27, 17, 37, 39, 19, 0, 28, 30, 33, 21, 39, 22, 17, 8, 2, 8, 39, 6, 20, 1, 19, 39, 14, 20, 2, 34, 37, 39, 30, 33, 39, 6, 17, 39, 19, 2, 21, 26, 20, 17, 30, 20, 17, 39, 10, 20, 2, 14, 2, 22, 30, 39]
    PRED: [19, 27, 3, 27, 12, 39, 19, 0, 24, 21, 39, 22, 10, 8, 2, 8, 39, 6, 0, 19, 39, 20, 2, 6, 39, 30, 33, 39, 6, 17, 39, 19, 2, 21, 26, 20, 33, 20, 11, 39, 10, 20, 2, 22, 8, 39]
    Edit distance: 19/54
  Sample 4:
    TRUE: [9, 2, 39, 30, 33, 31, 39, 13, 10, 27, 17, 39, 13, 11, 14, 0, 30, 39, 30, 33, 39, 19, 2, 21, 39, 35, 10, 22, 39, 27, 0, 18, 11, 37, 39, 30, 33, 31, 39, 13, 10, 20, 39, 4, 30, 39]
    PRED: [9, 2, 39, 30, 33, 31, 39, 34, 10, 27, 35, 17, 39, 27, 2, 30, 0, 19, 2, 8, 39, 30, 33, 39, 19, 2, 21, 39, 27, 2, 22, 39, 27, 10, 18, 11, 37, 39, 30, 33, 31, 39, 13, 10, 20, 39, 4, 30, 39]
    Edit distance: 11/46

============================================================
Batch 13500 | Val PER: 0.2139
============================================================
  Sample 0:
    TRUE: [31, 17, 0, 19, 27, 2, 28, 17, 39, 27, 17, 19, 2, 22, 28, 16, 8, 11, 8, 39]
    PRED: [19, 27, 0, 19, 28, 39, 27, 16, 1, 27, 30, 8, 39]
    Edit distance: 13/20
  Sample 1:
    TRUE: [27, 16, 7, 39, 26, 11, 7, 2, 28, 30, 39, 28, 10, 34, 27, 2, 20, 39, 28, 5, 22, 8, 39, 20, 16, 31, 2, 14, 27, 1, 13, 28, 39]
    PRED: [1, 19, 39, 26, 0, 27, 18, 30, 39, 1, 34, 2, 20, 39, 15, 1, 8, 39, 20, 16, 24, 1, 13, 39]
    Edit distance: 18/33
  Sample 2:
    TRUE: [28, 24, 39, 27, 33, 20, 37, 39, 35, 17, 39, 21, 12, 8, 39, 16, 22, 39, 2, 22, 2, 6, 1, 29, 30, 39, 19, 2, 20, 33, 38, 2, 22, 39]
    PRED: [28, 24, 39, 27, 25, 20, 37, 39, 35, 17, 39, 21, 12, 8, 39, 16, 22, 39, 16, 22, 8, 11, 13, 34, 1, 29, 28, 39, 19, 2, 20, 33, 38, 2, 22, 39]
    Edit distance: 7/34
  Sample 3:
    TRUE: [20, 3, 27, 17, 37, 39, 19, 0, 28, 30, 33, 21, 39, 22, 17, 8, 2, 8, 39, 6, 20, 1, 19, 39, 14, 20, 2, 34, 37, 39, 30, 33, 39, 6, 17, 39, 19, 2, 21, 26, 20, 17, 30, 20, 17, 39, 10, 20, 2, 14, 2, 22, 30, 39]
    PRED: [30, 27, 3, 11, 39, 15, 1, 28, 0, 21, 39, 8, 12, 8, 39, 6, 1, 19, 39, 20, 0, 34, 8, 37, 39, 30, 33, 39, 6, 17, 39, 19, 2, 21, 26, 36, 2, 19, 20, 39, 10, 20, 3, 22, 8, 39]
    Edit distance: 23/54
  Sample 4:
    TRUE: [9, 2, 39, 30, 33, 31, 39, 13, 10, 27, 17, 39, 13, 11, 14, 0, 30, 39, 30, 33, 39, 19, 2, 21, 39, 35, 10, 22, 39, 27, 0, 18, 11, 37, 39, 30, 33, 31, 39, 13, 10, 20, 39, 4, 30, 39]
    PRED: [9, 2, 39, 27, 33, 31, 39, 34, 10, 27, 17, 39, 27, 16, 0, 19, 30, 39, 30, 33, 39, 19, 2, 21, 39, 27, 10, 22, 39, 27, 5, 18, 11, 39, 30, 33, 31, 39, 13, 10, 20, 39, 4, 30, 39]
    Edit distance: 9/46

============================================================
Batch 14000 | Val PER: 0.2103
============================================================
  Sample 0:
    TRUE: [31, 17, 0, 19, 27, 2, 28, 17, 39, 27, 17, 19, 2, 22, 28, 16, 8, 11, 8, 39]
    PRED: [27, 0, 19, 11, 28, 39, 27, 16, 14, 2, 30, 2, 8, 39]
    Edit distance: 12/20
  Sample 1:
    TRUE: [27, 16, 7, 39, 26, 11, 7, 2, 28, 30, 39, 28, 10, 34, 27, 2, 20, 39, 28, 5, 22, 8, 39, 20, 16, 31, 2, 14, 27, 1, 13, 28, 39]
    PRED: [27, 17, 19, 39, 26, 2, 29, 16, 37, 39, 28, 10, 34, 2, 20, 39, 28, 5, 8, 39, 19, 20, 16, 14, 14, 27, 2, 13, 39]
    Edit distance: 14/33
  Sample 2:
    TRUE: [28, 24, 39, 27, 33, 20, 37, 39, 35, 17, 39, 21, 12, 8, 39, 16, 22, 39, 2, 22, 2, 6, 1, 29, 30, 39, 19, 2, 20, 33, 38, 2, 22, 39]
    PRED: [28, 24, 39, 27, 25, 20, 37, 39, 35, 17, 39, 21, 10, 22, 8, 39, 16, 22, 39, 16, 22, 2, 11, 34, 5, 29, 39, 19, 2, 20, 33, 33, 29, 2, 22, 39]
    Edit distance: 10/34
  Sample 3:
    TRUE: [20, 3, 27, 17, 37, 39, 19, 0, 28, 30, 33, 21, 39, 22, 17, 8, 2, 8, 39, 6, 20, 1, 19, 39, 14, 20, 2, 34, 37, 39, 30, 33, 39, 6, 17, 39, 19, 2, 21, 26, 20, 17, 30, 20, 17, 39, 10, 20, 2, 14, 2, 22, 30, 39]
    PRED: [27, 25, 11, 39, 19, 1, 19, 24, 21, 39, 22, 17, 8, 2, 8, 39, 6, 2, 19, 39, 20, 16, 34, 37, 39, 30, 33, 39, 6, 17, 39, 19, 0, 21, 26, 11, 30, 20, 17, 39, 10, 20, 2, 22, 39]
    Edit distance: 18/54
  Sample 4:
    TRUE: [9, 2, 39, 30, 33, 31, 39, 13, 10, 27, 17, 39, 13, 11, 14, 0, 30, 39, 30, 33, 39, 19, 2, 21, 39, 35, 10, 22, 39, 27, 0, 18, 11, 37, 39, 30, 33, 31, 39, 13, 10, 20, 39, 4, 30, 39]
    PRED: [9, 2, 39, 30, 33, 31, 39, 34, 10, 27, 17, 39, 27, 16, 0, 19, 30, 8, 39, 30, 33, 39, 19, 2, 21, 39, 27, 10, 22, 39, 27, 10, 20, 18, 11, 37, 39, 30, 33, 31, 39, 13, 1, 20, 39, 4, 30, 39]
    Edit distance: 10/46

============================================================
Batch 14500 | Val PER: 0.2153
============================================================
  Sample 0:
    TRUE: [31, 17, 0, 19, 27, 2, 28, 17, 39, 27, 17, 19, 2, 22, 28, 16, 8, 11, 8, 39]
    PRED: [19, 27, 1, 0, 19, 27, 2, 28, 30, 39, 16, 14, 27, 12, 12, 30, 12, 30, 2, 8, 39]
    Edit distance: 13/20
  Sample 1:
    TRUE: [27, 16, 7, 39, 26, 11, 7, 2, 28, 30, 39, 28, 10, 34, 27, 2, 20, 39, 28, 5, 22, 8, 39, 20, 16, 31, 2, 14, 27, 1, 13, 28, 39]
    PRED: [27, 1, 19, 39, 26, 0, 29, 16, 30, 39, 10, 34, 2, 20, 39, 14, 1, 22, 8, 39, 8, 10, 14, 24, 14, 1, 13, 39]
    Edit distance: 16/33
  Sample 2:
    TRUE: [28, 24, 39, 27, 33, 20, 37, 39, 35, 17, 39, 21, 12, 8, 39, 16, 22, 39, 2, 22, 2, 6, 1, 29, 30, 39, 19, 2, 20, 33, 38, 2, 22, 39]
    PRED: [28, 24, 39, 27, 25, 33, 20, 37, 39, 35, 17, 39, 16, 21, 12, 22, 8, 39, 16, 22, 39, 16, 22, 8, 11, 34, 1, 28, 39, 19, 2, 20, 33, 38, 2, 22, 39]
    Edit distance: 9/34
  Sample 3:
    TRUE: [20, 3, 27, 17, 37, 39, 19, 0, 28, 30, 33, 21, 39, 22, 17, 8, 2, 8, 39, 6, 20, 1, 19, 39, 14, 20, 2, 34, 37, 39, 30, 33, 39, 6, 17, 39, 19, 2, 21, 26, 20, 17, 30, 20, 17, 39, 10, 20, 2, 14, 2, 22, 30, 39]
    PRED: [19, 27, 3, 27, 11, 39, 19, 1, 21, 39, 22, 12, 8, 39, 6, 1, 19, 39, 20, 5, 34, 39, 30, 33, 39, 6, 17, 39, 19, 2, 21, 26, 17, 26, 20, 17, 39, 10, 20, 2, 22, 8, 39]
    Edit distance: 20/54
  Sample 4:
    TRUE: [9, 2, 39, 30, 33, 31, 39, 13, 10, 27, 17, 39, 13, 11, 14, 0, 30, 39, 30, 33, 39, 19, 2, 21, 39, 35, 10, 22, 39, 27, 0, 18, 11, 37, 39, 30, 33, 31, 39, 13, 10, 20, 39, 4, 30, 39]
    PRED: [9, 2, 39, 30, 27, 33, 31, 39, 34, 10, 27, 17, 39, 27, 2, 1, 19, 16, 30, 39, 30, 33, 39, 19, 2, 21, 39, 27, 10, 22, 39, 27, 10, 18, 11, 37, 39, 30, 33, 31, 39, 13, 10, 20, 2, 4, 30, 39]
    Edit distance: 10/46

============================================================
Batch 15000 | Val PER: 0.2158
============================================================
  Sample 0:
    TRUE: [31, 17, 0, 19, 27, 2, 28, 17, 39, 27, 17, 19, 2, 22, 28, 16, 8, 11, 8, 39]
    PRED: [27, 0, 19, 2, 28, 39, 16, 2, 30, 12, 30, 8, 39]
    Edit distance: 12/20
  Sample 1:
    TRUE: [27, 16, 7, 39, 26, 11, 7, 2, 28, 30, 39, 28, 10, 34, 27, 2, 20, 39, 28, 5, 22, 8, 39, 20, 16, 31, 2, 14, 27, 1, 13, 28, 39]
    PRED: [27, 17, 39, 26, 0, 29, 2, 37, 39, 30, 27, 10, 34, 2, 20, 39, 28, 30, 1, 22, 8, 39, 20, 10, 2, 0, 13, 39]
    Edit distance: 17/33
  Sample 2:
    TRUE: [28, 24, 39, 27, 33, 20, 37, 39, 35, 17, 39, 21, 12, 8, 39, 16, 22, 39, 2, 22, 2, 6, 1, 29, 30, 39, 19, 2, 20, 33, 38, 2, 22, 39]
    PRED: [28, 24, 39, 27, 33, 20, 37, 39, 35, 17, 39, 21, 10, 22, 8, 39, 16, 22, 39, 16, 22, 11, 21, 2, 28, 39, 19, 2, 20, 33, 38, 2, 22, 39]
    Edit distance: 8/34
  Sample 3:
    TRUE: [20, 3, 27, 17, 37, 39, 19, 0, 28, 30, 33, 21, 39, 22, 17, 8, 2, 8, 39, 6, 20, 1, 19, 39, 14, 20, 2, 34, 37, 39, 30, 33, 39, 6, 17, 39, 19, 2, 21, 26, 20, 17, 30, 20, 17, 39, 10, 20, 2, 14, 2, 22, 30, 39]
    PRED: [35, 24, 11, 37, 39, 19, 4, 28, 33, 21, 39, 22, 10, 8, 39, 6, 20, 0, 19, 39, 20, 16, 34, 37, 39, 30, 33, 39, 6, 17, 39, 19, 0, 21, 26, 11, 30, 20, 11, 17, 39, 10, 20, 2, 22, 39]
    Edit distance: 19/54
  Sample 4:
    TRUE: [9, 2, 39, 30, 33, 31, 39, 13, 10, 27, 17, 39, 13, 11, 14, 0, 30, 39, 30, 33, 39, 19, 2, 21, 39, 35, 10, 22, 39, 27, 0, 18, 11, 37, 39, 30, 33, 31, 39, 13, 10, 20, 39, 4, 30, 39]
    PRED: [9, 2, 39, 30, 27, 33, 31, 39, 34, 10, 27, 17, 39, 26, 27, 17, 0, 0, 19, 30, 2, 8, 39, 30, 33, 39, 28, 2, 21, 39, 27, 10, 22, 39, 27, 10, 11, 37, 39, 30, 33, 37, 39, 13, 1, 20, 39, 4, 30, 39]
    Edit distance: 15/46

============================================================
Batch 15500 | Val PER: 0.2101
============================================================
  Sample 0:
    TRUE: [31, 17, 0, 19, 27, 2, 28, 17, 39, 27, 17, 19, 2, 22, 28, 16, 8, 11, 8, 39]
    PRED: [27, 0, 19, 2, 28, 39, 27, 16, 14, 27, 12, 30, 2, 8, 39]
    Edit distance: 12/20
  Sample 1:
    TRUE: [27, 16, 7, 39, 26, 11, 7, 2, 28, 30, 39, 28, 10, 34, 27, 2, 20, 39, 28, 5, 22, 8, 39, 20, 16, 31, 2, 14, 27, 1, 13, 28, 39]
    PRED: [27, 1, 19, 28, 26, 11, 29, 2, 29, 37, 30, 39, 28, 10, 34, 2, 20, 39, 28, 1, 22, 8, 37, 39, 28, 20, 16, 2, 14, 27, 16, 13, 28, 39]
    Edit distance: 12/33
  Sample 2:
    TRUE: [28, 24, 39, 27, 33, 20, 37, 39, 35, 17, 39, 21, 12, 8, 39, 16, 22, 39, 2, 22, 2, 6, 1, 29, 30, 39, 19, 2, 20, 33, 38, 2, 22, 39]
    PRED: [28, 24, 39, 27, 33, 20, 37, 39, 35, 17, 39, 16, 21, 12, 8, 39, 16, 22, 39, 16, 22, 30, 16, 21, 1, 28, 39, 28, 19, 2, 20, 33, 29, 2, 22, 39]
    Edit distance: 9/34
  Sample 3:
    TRUE: [20, 3, 27, 17, 37, 39, 19, 0, 28, 30, 33, 21, 39, 22, 17, 8, 2, 8, 39, 6, 20, 1, 19, 39, 14, 20, 2, 34, 37, 39, 30, 33, 39, 6, 17, 39, 19, 2, 21, 26, 20, 17, 30, 20, 17, 39, 10, 20, 2, 14, 2, 22, 30, 39]
    PRED: [19, 27, 25, 27, 39, 15, 0, 28, 19, 33, 21, 39, 22, 10, 8, 39, 6, 27, 0, 19, 39, 20, 16, 34, 37, 39, 30, 33, 39, 6, 17, 39, 19, 2, 21, 26, 16, 30, 20, 17, 39, 16, 20, 2, 22, 8, 39]
    Edit distance: 19/54
  Sample 4:
    TRUE: [9, 2, 39, 30, 33, 31, 39, 13, 10, 27, 17, 39, 13, 11, 14, 0, 30, 39, 30, 33, 39, 19, 2, 21, 39, 35, 10, 22, 39, 27, 0, 18, 11, 37, 39, 30, 33, 31, 39, 13, 10, 20, 39, 4, 30, 39]
    PRED: [9, 2, 39, 30, 33, 31, 39, 34, 10, 27, 17, 39, 13, 27, 17, 26, 0, 19, 30, 2, 8, 39, 30, 33, 39, 28, 30, 2, 21, 39, 27, 10, 22, 39, 27, 10, 18, 11, 37, 39, 28, 31, 33, 31, 39, 13, 12, 20, 39, 4, 30, 39]
    Edit distance: 14/46

============================================================
Batch 16000 | Val PER: 0.2115
============================================================
  Sample 0:
    TRUE: [31, 17, 0, 19, 27, 2, 28, 17, 39, 27, 17, 19, 2, 22, 28, 16, 8, 11, 8, 39]
    PRED: [27, 2, 0, 19, 2, 28, 39, 27, 16, 27, 14, 30, 16, 30, 2, 8, 39]
    Edit distance: 11/20
  Sample 1:
    TRUE: [27, 16, 7, 39, 26, 11, 7, 2, 28, 30, 39, 28, 10, 34, 27, 2, 20, 39, 28, 5, 22, 8, 39, 20, 16, 31, 2, 14, 27, 1, 13, 28, 39]
    PRED: [27, 10, 19, 39, 26, 11, 29, 39, 10, 34, 2, 20, 39, 28, 4, 22, 8, 37, 39, 19, 20, 10, 2, 14, 16, 13, 30, 28, 39]
    Edit distance: 16/33
  Sample 2:
    TRUE: [28, 24, 39, 27, 33, 20, 37, 39, 35, 17, 39, 21, 12, 8, 39, 16, 22, 39, 2, 22, 2, 6, 1, 29, 30, 39, 19, 2, 20, 33, 38, 2, 22, 39]
    PRED: [15, 4, 39, 27, 25, 20, 39, 35, 17, 39, 16, 21, 10, 8, 39, 16, 22, 39, 16, 22, 8, 11, 34, 1, 28, 39, 19, 2, 20, 33, 38, 2, 22, 39]
    Edit distance: 12/34
  Sample 3:
    TRUE: [20, 3, 27, 17, 37, 39, 19, 0, 28, 30, 33, 21, 39, 22, 17, 8, 2, 8, 39, 6, 20, 1, 19, 39, 14, 20, 2, 34, 37, 39, 30, 33, 39, 6, 17, 39, 19, 2, 21, 26, 20, 17, 30, 20, 17, 39, 10, 20, 2, 14, 2, 22, 30, 39]
    PRED: [27, 25, 27, 39, 19, 1, 15, 24, 21, 39, 22, 10, 8, 39, 6, 2, 19, 39, 14, 2, 6, 37, 39, 30, 33, 39, 6, 17, 39, 19, 2, 21, 26, 16, 30, 20, 11, 39, 10, 20, 2, 22, 30, 39]
    Edit distance: 20/54
  Sample 4:
    TRUE: [9, 2, 39, 30, 33, 31, 39, 13, 10, 27, 17, 39, 13, 11, 14, 0, 30, 39, 30, 33, 39, 19, 2, 21, 39, 35, 10, 22, 39, 27, 0, 18, 11, 37, 39, 30, 33, 31, 39, 13, 10, 20, 39, 4, 30, 39]
    PRED: [9, 2, 39, 27, 33, 31, 39, 34, 10, 27, 17, 39, 27, 16, 0, 19, 30, 39, 30, 33, 39, 19, 2, 21, 39, 27, 2, 22, 39, 35, 10, 18, 11, 39, 28, 33, 31, 39, 13, 10, 20, 39, 4, 30, 39]
    Edit distance: 12/46

============================================================
Batch 16500 | Val PER: 0.2088
============================================================
  Sample 0:
    TRUE: [31, 17, 0, 19, 27, 2, 28, 17, 39, 27, 17, 19, 2, 22, 28, 16, 8, 11, 8, 39]
    PRED: [27, 0, 0, 19, 28, 28, 39, 16, 14, 5, 8, 30, 2, 8, 39]
    Edit distance: 14/20
  Sample 1:
    TRUE: [27, 16, 7, 39, 26, 11, 7, 2, 28, 30, 39, 28, 10, 34, 27, 2, 20, 39, 28, 5, 22, 8, 39, 20, 16, 31, 2, 14, 27, 1, 13, 28, 39]
    PRED: [27, 17, 19, 39, 26, 0, 27, 29, 2, 30, 39, 28, 30, 10, 34, 2, 20, 39, 28, 1, 22, 8, 39, 8, 16, 14, 19, 14, 9, 2, 39, 14, 10, 13, 30, 39]
    Edit distance: 18/33
  Sample 2:
    TRUE: [28, 24, 39, 27, 33, 20, 37, 39, 35, 17, 39, 21, 12, 8, 39, 16, 22, 39, 2, 22, 2, 6, 1, 29, 30, 39, 19, 2, 20, 33, 38, 2, 22, 39]
    PRED: [28, 24, 39, 27, 25, 20, 37, 39, 35, 17, 39, 21, 10, 22, 39, 16, 22, 39, 16, 22, 11, 34, 2, 29, 28, 39, 19, 2, 20, 33, 38, 2, 22, 39]
    Edit distance: 8/34
  Sample 3:
    TRUE: [20, 3, 27, 17, 37, 39, 19, 0, 28, 30, 33, 21, 39, 22, 17, 8, 2, 8, 39, 6, 20, 1, 19, 39, 14, 20, 2, 34, 37, 39, 30, 33, 39, 6, 17, 39, 19, 2, 21, 26, 20, 17, 30, 20, 17, 39, 10, 20, 2, 14, 2, 22, 30, 39]
    PRED: [19, 27, 5, 27, 17, 37, 39, 19, 5, 28, 36, 33, 21, 39, 22, 17, 8, 39, 6, 2, 19, 39, 20, 2, 34, 37, 39, 30, 33, 39, 6, 17, 39, 19, 2, 21, 26, 17, 19, 36, 20, 17, 39, 10, 20, 2, 22, 8, 39]
    Edit distance: 16/54
  Sample 4:
    TRUE: [9, 2, 39, 30, 33, 31, 39, 13, 10, 27, 17, 39, 13, 11, 14, 0, 30, 39, 30, 33, 39, 19, 2, 21, 39, 35, 10, 22, 39, 27, 0, 18, 11, 37, 39, 30, 33, 31, 39, 13, 10, 20, 39, 4, 30, 39]
    PRED: [9, 2, 39, 36, 33, 31, 39, 34, 10, 27, 17, 39, 27, 16, 0, 19, 30, 39, 30, 33, 39, 19, 2, 21, 39, 27, 10, 22, 39, 27, 10, 18, 11, 37, 39, 31, 33, 31, 39, 13, 5, 20, 39, 4, 30, 39]
    Edit distance: 10/46

============================================================
Batch 17000 | Val PER: 0.2064
============================================================
  Sample 0:
    TRUE: [31, 17, 0, 19, 27, 2, 28, 17, 39, 27, 17, 19, 2, 22, 28, 16, 8, 11, 8, 39]
    PRED: [29, 12, 19, 30, 28, 39, 27, 16, 14, 10, 12, 16, 16, 8, 39]
    Edit distance: 13/20
  Sample 1:
    TRUE: [27, 16, 7, 39, 26, 11, 7, 2, 28, 30, 39, 28, 10, 34, 27, 2, 20, 39, 28, 5, 22, 8, 39, 20, 16, 31, 2, 14, 27, 1, 13, 28, 39]
    PRED: [27, 17, 19, 39, 26, 0, 27, 7, 2, 29, 39, 28, 10, 34, 2, 20, 39, 28, 1, 8, 39, 19, 20, 10, 14, 10, 0, 13, 30, 39]
    Edit distance: 16/33
  Sample 2:
    TRUE: [28, 24, 39, 27, 33, 20, 37, 39, 35, 17, 39, 21, 12, 8, 39, 16, 22, 39, 2, 22, 2, 6, 1, 29, 30, 39, 19, 2, 20, 33, 38, 2, 22, 39]
    PRED: [9, 2, 39, 27, 17, 20, 37, 39, 35, 17, 39, 21, 10, 8, 39, 16, 22, 39, 16, 22, 16, 11, 34, 1, 28, 39, 19, 2, 20, 33, 38, 2, 22, 39]
    Edit distance: 10/34
  Sample 3:
    TRUE: [20, 3, 27, 17, 37, 39, 19, 0, 28, 30, 33, 21, 39, 22, 17, 8, 2, 8, 39, 6, 20, 1, 19, 39, 14, 20, 2, 34, 37, 39, 30, 33, 39, 6, 17, 39, 19, 2, 21, 26, 20, 17, 30, 20, 17, 39, 10, 20, 2, 14, 2, 22, 30, 39]
    PRED: [19, 27, 25, 27, 11, 39, 19, 1, 29, 15, 0, 21, 39, 22, 10, 8, 11, 8, 39, 6, 27, 1, 19, 39, 20, 5, 6, 37, 39, 30, 33, 39, 6, 17, 39, 0, 21, 26, 16, 18, 2, 20, 17, 39, 10, 20, 2, 22, 8, 39]
    Edit distance: 23/54
  Sample 4:
    TRUE: [9, 2, 39, 30, 33, 31, 39, 13, 10, 27, 17, 39, 13, 11, 14, 0, 30, 39, 30, 33, 39, 19, 2, 21, 39, 35, 10, 22, 39, 27, 0, 18, 11, 37, 39, 30, 33, 31, 39, 13, 10, 20, 39, 4, 30, 39]
    PRED: [9, 2, 39, 30, 35, 33, 31, 39, 34, 10, 27, 17, 39, 27, 16, 0, 30, 2, 19, 39, 30, 33, 39, 19, 2, 21, 39, 35, 2, 22, 39, 27, 10, 18, 11, 39, 31, 33, 39, 13, 10, 20, 39, 4, 30, 39]
    Edit distance: 12/46

============================================================
Batch 17500 | Val PER: 0.2049
============================================================
  Sample 0:
    TRUE: [31, 17, 0, 19, 27, 2, 28, 17, 39, 27, 17, 19, 2, 22, 28, 16, 8, 11, 8, 39]
    PRED: [29, 2, 19, 28, 2, 28, 39, 16, 14, 2, 30, 16, 8, 39]
    Edit distance: 12/20
  Sample 1:
    TRUE: [27, 16, 7, 39, 26, 11, 7, 2, 28, 30, 39, 28, 10, 34, 27, 2, 20, 39, 28, 5, 22, 8, 39, 20, 16, 31, 2, 14, 27, 1, 13, 28, 39]
    PRED: [27, 17, 7, 28, 39, 26, 2, 7, 16, 18, 30, 39, 28, 10, 34, 2, 20, 39, 15, 1, 8, 39, 8, 16, 31, 11, 14, 27, 2, 13, 28, 39]
    Edit distance: 12/33
  Sample 2:
    TRUE: [28, 24, 39, 27, 33, 20, 37, 39, 35, 17, 39, 21, 12, 8, 39, 16, 22, 39, 2, 22, 2, 6, 1, 29, 30, 39, 19, 2, 20, 33, 38, 2, 22, 39]
    PRED: [15, 4, 39, 27, 17, 20, 37, 39, 35, 17, 39, 21, 12, 22, 8, 39, 16, 22, 39, 16, 22, 8, 11, 34, 1, 28, 30, 39, 2, 20, 33, 38, 2, 22, 39]
    Edit distance: 10/34
  Sample 3:
    TRUE: [20, 3, 27, 17, 37, 39, 19, 0, 28, 30, 33, 21, 39, 22, 17, 8, 2, 8, 39, 6, 20, 1, 19, 39, 14, 20, 2, 34, 37, 39, 30, 33, 39, 6, 17, 39, 19, 2, 21, 26, 20, 17, 30, 20, 17, 39, 10, 20, 2, 14, 2, 22, 30, 39]
    PRED: [19, 3, 27, 17, 39, 15, 1, 28, 15, 33, 21, 39, 22, 10, 8, 39, 6, 27, 0, 19, 39, 20, 5, 34, 6, 39, 30, 33, 39, 6, 17, 39, 19, 2, 21, 26, 20, 25, 30, 20, 39, 10, 20, 2, 22, 8, 30, 39]
    Edit distance: 18/54
  Sample 4:
    TRUE: [9, 2, 39, 30, 33, 31, 39, 13, 10, 27, 17, 39, 13, 11, 14, 0, 30, 39, 30, 33, 39, 19, 2, 21, 39, 35, 10, 22, 39, 27, 0, 18, 11, 37, 39, 30, 33, 31, 39, 13, 10, 20, 39, 4, 30, 39]
    PRED: [9, 2, 39, 30, 33, 31, 39, 34, 10, 27, 17, 39, 27, 16, 0, 19, 30, 8, 39, 30, 33, 39, 19, 2, 21, 39, 27, 2, 22, 39, 27, 3, 18, 11, 37, 39, 31, 33, 31, 39, 13, 10, 20, 39, 4, 30, 39]
    Edit distance: 10/46

============================================================
Batch 18000 | Val PER: 0.2073
============================================================
  Sample 0:
    TRUE: [31, 17, 0, 19, 27, 2, 28, 17, 39, 27, 17, 19, 2, 22, 28, 16, 8, 11, 8, 39]
    PRED: [29, 17, 0, 19, 2, 28, 39, 16, 14, 2, 12, 30, 2, 8, 39]
    Edit distance: 11/20
  Sample 1:
    TRUE: [27, 16, 7, 39, 26, 11, 7, 2, 28, 30, 39, 28, 10, 34, 27, 2, 20, 39, 28, 5, 22, 8, 39, 20, 16, 31, 2, 14, 27, 1, 13, 28, 39]
    PRED: [27, 10, 19, 28, 39, 26, 0, 7, 30, 39, 10, 34, 2, 20, 39, 28, 1, 22, 39, 20, 10, 2, 1, 13, 39]
    Edit distance: 15/33
  Sample 2:
    TRUE: [28, 24, 39, 27, 33, 20, 37, 39, 35, 17, 39, 21, 12, 8, 39, 16, 22, 39, 2, 22, 2, 6, 1, 29, 30, 39, 19, 2, 20, 33, 38, 2, 22, 39]
    PRED: [15, 24, 39, 27, 25, 20, 37, 39, 35, 17, 39, 27, 21, 10, 8, 39, 16, 22, 39, 16, 22, 11, 34, 28, 39, 2, 20, 33, 38, 2, 22, 39]
    Edit distance: 11/34
  Sample 3:
    TRUE: [20, 3, 27, 17, 37, 39, 19, 0, 28, 30, 33, 21, 39, 22, 17, 8, 2, 8, 39, 6, 20, 1, 19, 39, 14, 20, 2, 34, 37, 39, 30, 33, 39, 6, 17, 39, 19, 2, 21, 26, 20, 17, 30, 20, 17, 39, 10, 20, 2, 14, 2, 22, 30, 39]
    PRED: [27, 25, 27, 11, 39, 19, 1, 21, 39, 22, 10, 8, 39, 6, 27, 0, 19, 39, 20, 2, 6, 37, 39, 30, 33, 39, 6, 17, 39, 19, 0, 21, 26, 11, 34, 11, 39, 10, 20, 2, 22, 8, 39]
    Edit distance: 24/54
  Sample 4:
    TRUE: [9, 2, 39, 30, 33, 31, 39, 13, 10, 27, 17, 39, 13, 11, 14, 0, 30, 39, 30, 33, 39, 19, 2, 21, 39, 35, 10, 22, 39, 27, 0, 18, 11, 37, 39, 30, 33, 31, 39, 13, 10, 20, 39, 4, 30, 39]
    PRED: [9, 2, 39, 15, 33, 31, 39, 34, 10, 27, 17, 39, 27, 16, 0, 19, 30, 39, 30, 33, 39, 19, 2, 21, 39, 27, 10, 22, 39, 27, 10, 8, 11, 37, 39, 9, 11, 31, 39, 13, 1, 20, 39, 4, 30, 39]
    Edit distance: 12/46

============================================================
Batch 18500 | Val PER: 0.2068
============================================================
  Sample 0:
    TRUE: [31, 17, 0, 19, 27, 2, 28, 17, 39, 27, 17, 19, 2, 22, 28, 16, 8, 11, 8, 39]
    PRED: [29, 5, 0, 19, 2, 28, 39, 27, 16, 14, 2, 22, 30, 16, 2, 8, 39]
    Edit distance: 9/20
  Sample 1:
    TRUE: [27, 16, 7, 39, 26, 11, 7, 2, 28, 30, 39, 28, 10, 34, 27, 2, 20, 39, 28, 5, 22, 8, 39, 20, 16, 31, 2, 14, 27, 1, 13, 28, 39]
    PRED: [27, 10, 19, 28, 39, 26, 2, 7, 39, 30, 10, 34, 2, 20, 39, 28, 5, 22, 8, 39, 19, 20, 16, 2, 2, 13, 28, 39]
    Edit distance: 14/33
  Sample 2:
    TRUE: [28, 24, 39, 27, 33, 20, 37, 39, 35, 17, 39, 21, 12, 8, 39, 16, 22, 39, 2, 22, 2, 6, 1, 29, 30, 39, 19, 2, 20, 33, 38, 2, 22, 39]
    PRED: [28, 24, 39, 27, 25, 20, 37, 39, 35, 17, 39, 21, 10, 22, 8, 39, 16, 22, 39, 16, 22, 8, 16, 11, 34, 1, 28, 39, 19, 16, 20, 33, 38, 2, 22, 39]
    Edit distance: 11/34
  Sample 3:
    TRUE: [20, 3, 27, 17, 37, 39, 19, 0, 28, 30, 33, 21, 39, 22, 17, 8, 2, 8, 39, 6, 20, 1, 19, 39, 14, 20, 2, 34, 37, 39, 30, 33, 39, 6, 17, 39, 19, 2, 21, 26, 20, 17, 30, 20, 17, 39, 10, 20, 2, 14, 2, 22, 30, 39]
    PRED: [19, 35, 3, 27, 39, 19, 2, 15, 24, 21, 39, 22, 17, 8, 39, 6, 20, 0, 19, 39, 20, 2, 6, 37, 39, 30, 33, 39, 6, 17, 39, 19, 2, 21, 26, 33, 30, 11, 39, 16, 20, 2, 22, 8, 39]
    Edit distance: 21/54
  Sample 4:
    TRUE: [9, 2, 39, 30, 33, 31, 39, 13, 10, 27, 17, 39, 13, 11, 14, 0, 30, 39, 30, 33, 39, 19, 2, 21, 39, 35, 10, 22, 39, 27, 0, 18, 11, 37, 39, 30, 33, 31, 39, 13, 10, 20, 39, 4, 30, 39]
    PRED: [9, 2, 39, 30, 33, 31, 39, 34, 10, 27, 17, 39, 27, 16, 0, 19, 2, 19, 39, 30, 33, 39, 19, 2, 21, 39, 27, 10, 22, 39, 27, 0, 18, 11, 37, 39, 30, 33, 31, 39, 13, 10, 20, 30, 39, 4, 30, 39]
    Edit distance: 9/46

============================================================
Batch 19000 | Val PER: 0.2044
============================================================
  Sample 0:
    TRUE: [31, 17, 0, 19, 27, 2, 28, 17, 39, 27, 17, 19, 2, 22, 28, 16, 8, 11, 8, 39]
    PRED: [0, 19, 2, 28, 39, 16, 14, 12, 30, 16, 8, 39]
    Edit distance: 12/20
  Sample 1:
    TRUE: [27, 16, 7, 39, 26, 11, 7, 2, 28, 30, 39, 28, 10, 34, 27, 2, 20, 39, 28, 5, 22, 8, 39, 20, 16, 31, 2, 14, 27, 1, 13, 28, 39]
    PRED: [27, 10, 19, 39, 26, 0, 27, 18, 39, 10, 34, 2, 20, 39, 28, 1, 22, 39, 20, 16, 3, 13, 30, 28, 39]
    Edit distance: 17/33
  Sample 2:
    TRUE: [28, 24, 39, 27, 33, 20, 37, 39, 35, 17, 39, 21, 12, 8, 39, 16, 22, 39, 2, 22, 2, 6, 1, 29, 30, 39, 19, 2, 20, 33, 38, 2, 22, 39]
    PRED: [28, 24, 39, 27, 33, 20, 37, 39, 35, 17, 39, 16, 21, 12, 22, 39, 16, 22, 39, 2, 22, 16, 16, 34, 1, 10, 28, 30, 28, 39, 2, 20, 33, 38, 2, 22, 39]
    Edit distance: 9/34
  Sample 3:
    TRUE: [20, 3, 27, 17, 37, 39, 19, 0, 28, 30, 33, 21, 39, 22, 17, 8, 2, 8, 39, 6, 20, 1, 19, 39, 14, 20, 2, 34, 37, 39, 30, 33, 39, 6, 17, 39, 19, 2, 21, 26, 20, 17, 30, 20, 17, 39, 10, 20, 2, 14, 2, 22, 30, 39]
    PRED: [19, 35, 3, 27, 11, 39, 19, 1, 30, 33, 21, 39, 22, 17, 8, 39, 6, 1, 19, 39, 27, 5, 6, 37, 39, 30, 33, 39, 6, 17, 39, 19, 2, 21, 26, 17, 30, 20, 11, 39, 10, 20, 2, 22, 39]
    Edit distance: 18/54
  Sample 4:
    TRUE: [9, 2, 39, 30, 33, 31, 39, 13, 10, 27, 17, 39, 13, 11, 14, 0, 30, 39, 30, 33, 39, 19, 2, 21, 39, 35, 10, 22, 39, 27, 0, 18, 11, 37, 39, 30, 33, 31, 39, 13, 10, 20, 39, 4, 30, 39]
    PRED: [9, 2, 39, 27, 33, 31, 39, 34, 10, 27, 17, 39, 26, 27, 17, 0, 19, 30, 2, 39, 30, 33, 39, 19, 2, 21, 39, 35, 10, 22, 39, 27, 10, 11, 37, 39, 22, 33, 31, 39, 13, 1, 20, 39, 4, 30, 39]
    Edit distance: 11/46

============================================================
Batch 19500 | Val PER: 0.1993
============================================================
  Sample 0:
    TRUE: [31, 17, 0, 19, 27, 2, 28, 17, 39, 27, 17, 19, 2, 22, 28, 16, 8, 11, 8, 39]
    PRED: [19, 27, 0, 19, 2, 28, 39, 16, 14, 10, 30, 2, 8, 39]
    Edit distance: 13/20
  Sample 1:
    TRUE: [27, 16, 7, 39, 26, 11, 7, 2, 28, 30, 39, 28, 10, 34, 27, 2, 20, 39, 28, 5, 22, 8, 39, 20, 16, 31, 2, 14, 27, 1, 13, 28, 39]
    PRED: [27, 5, 7, 39, 26, 2, 18, 7, 30, 39, 30, 10, 34, 2, 20, 39, 28, 5, 22, 8, 39, 19, 10, 31, 2, 2, 13, 28, 39]
    Edit distance: 12/33
  Sample 2:
    TRUE: [28, 24, 39, 27, 33, 20, 37, 39, 35, 17, 39, 21, 12, 8, 39, 16, 22, 39, 2, 22, 2, 6, 1, 29, 30, 39, 19, 2, 20, 33, 38, 2, 22, 39]
    PRED: [15, 24, 39, 27, 33, 20, 37, 39, 35, 17, 39, 21, 10, 22, 39, 16, 22, 39, 16, 22, 2, 21, 1, 28, 30, 39, 19, 2, 20, 33, 38, 37, 2, 22, 39]
    Edit distance: 7/34
  Sample 3:
    TRUE: [20, 3, 27, 17, 37, 39, 19, 0, 28, 30, 33, 21, 39, 22, 17, 8, 2, 8, 39, 6, 20, 1, 19, 39, 14, 20, 2, 34, 37, 39, 30, 33, 39, 6, 17, 39, 19, 2, 21, 26, 20, 17, 30, 20, 17, 39, 10, 20, 2, 14, 2, 22, 30, 39]
    PRED: [19, 35, 25, 37, 39, 19, 1, 28, 30, 5, 33, 21, 39, 22, 10, 8, 39, 6, 27, 0, 19, 39, 19, 20, 5, 6, 37, 39, 30, 33, 39, 6, 17, 39, 19, 2, 21, 26, 17, 30, 2, 20, 17, 39, 16, 20, 2, 22, 8, 39]
    Edit distance: 20/54
  Sample 4:
    TRUE: [9, 2, 39, 30, 33, 31, 39, 13, 10, 27, 17, 39, 13, 11, 14, 0, 30, 39, 30, 33, 39, 19, 2, 21, 39, 35, 10, 22, 39, 27, 0, 18, 11, 37, 39, 30, 33, 31, 39, 13, 10, 20, 39, 4, 30, 39]
    PRED: [9, 2, 39, 30, 33, 31, 39, 34, 10, 27, 17, 39, 26, 27, 16, 0, 19, 30, 2, 8, 39, 30, 33, 39, 19, 2, 21, 39, 27, 10, 22, 39, 27, 10, 18, 11, 37, 39, 30, 33, 31, 39, 13, 10, 20, 36, 39, 4, 30, 39]
    Edit distance: 10/46

============================================================
Batch 20000 | Val PER: 0.2000
============================================================
  Sample 0:
    TRUE: [31, 17, 0, 19, 27, 2, 28, 17, 39, 27, 17, 19, 2, 22, 28, 16, 8, 11, 8, 39]
    PRED: [19, 27, 0, 19, 30, 2, 28, 39, 10, 14, 27, 0, 12, 30, 2, 8, 39]
    Edit distance: 13/20
  Sample 1:
    TRUE: [27, 16, 7, 39, 26, 11, 7, 2, 28, 30, 39, 28, 10, 34, 27, 2, 20, 39, 28, 5, 22, 8, 39, 20, 16, 31, 2, 14, 27, 1, 13, 28, 39]
    PRED: [27, 10, 19, 28, 39, 26, 0, 27, 18, 2, 30, 39, 10, 34, 11, 39, 28, 5, 22, 37, 39, 8, 10, 28, 31, 24, 1, 13, 39]
    Edit distance: 19/33
  Sample 2:
    TRUE: [28, 24, 39, 27, 33, 20, 37, 39, 35, 17, 39, 21, 12, 8, 39, 16, 22, 39, 2, 22, 2, 6, 1, 29, 30, 39, 19, 2, 20, 33, 38, 2, 22, 39]
    PRED: [9, 24, 39, 27, 25, 20, 37, 39, 35, 11, 39, 21, 12, 22, 39, 16, 22, 39, 2, 22, 11, 13, 34, 1, 28, 30, 39, 28, 19, 2, 20, 33, 38, 2, 22, 39]
    Edit distance: 9/34
  Sample 3:
    TRUE: [20, 3, 27, 17, 37, 39, 19, 0, 28, 30, 33, 21, 39, 22, 17, 8, 2, 8, 39, 6, 20, 1, 19, 39, 14, 20, 2, 34, 37, 39, 30, 33, 39, 6, 17, 39, 19, 2, 21, 26, 20, 17, 30, 20, 17, 39, 10, 20, 2, 14, 2, 22, 30, 39]
    PRED: [27, 5, 27, 39, 19, 1, 28, 30, 33, 21, 39, 22, 17, 8, 39, 6, 20, 5, 19, 39, 20, 5, 13, 6, 39, 30, 33, 39, 6, 17, 39, 19, 2, 21, 26, 36, 33, 30, 20, 11, 39, 10, 20, 2, 22, 30, 39]
    Edit distance: 17/54
  Sample 4:
    TRUE: [9, 2, 39, 30, 33, 31, 39, 13, 10, 27, 17, 39, 13, 11, 14, 0, 30, 39, 30, 33, 39, 19, 2, 21, 39, 35, 10, 22, 39, 27, 0, 18, 11, 37, 39, 30, 33, 31, 39, 13, 10, 20, 39, 4, 30, 39]
    PRED: [9, 2, 39, 30, 33, 31, 39, 34, 10, 27, 17, 39, 26, 27, 17, 0, 19, 30, 2, 30, 39, 30, 33, 39, 19, 2, 21, 39, 27, 10, 22, 39, 27, 10, 18, 11, 37, 39, 30, 33, 31, 39, 13, 10, 20, 36, 39, 4, 30, 39]
    Edit distance: 10/46

============================================================
Batch 20500 | Val PER: 0.2048
============================================================
  Sample 0:
    TRUE: [31, 17, 0, 19, 27, 2, 28, 17, 39, 27, 17, 19, 2, 22, 28, 16, 8, 11, 8, 39]
    PRED: [19, 27, 0, 0, 19, 2, 10, 28, 30, 39, 27, 16, 19, 10, 30, 8, 39]
    Edit distance: 13/20
  Sample 1:
    TRUE: [27, 16, 7, 39, 26, 11, 7, 2, 28, 30, 39, 28, 10, 34, 27, 2, 20, 39, 28, 5, 22, 8, 39, 20, 16, 31, 2, 14, 27, 1, 13, 28, 39]
    PRED: [27, 10, 19, 28, 39, 26, 11, 29, 30, 39, 30, 10, 34, 2, 20, 39, 28, 5, 22, 39, 19, 8, 10, 31, 27, 16, 13, 39]
    Edit distance: 16/33
  Sample 2:
    TRUE: [28, 24, 39, 27, 33, 20, 37, 39, 35, 17, 39, 21, 12, 8, 39, 16, 22, 39, 2, 22, 2, 6, 1, 29, 30, 39, 19, 2, 20, 33, 38, 2, 22, 39]
    PRED: [15, 24, 39, 27, 25, 20, 37, 39, 35, 17, 39, 27, 17, 21, 17, 22, 8, 39, 16, 22, 39, 16, 22, 16, 11, 34, 10, 28, 30, 39, 19, 2, 20, 33, 38, 2, 22, 39]
    Edit distance: 12/34
  Sample 3:
    TRUE: [20, 3, 27, 17, 37, 39, 19, 0, 28, 30, 33, 21, 39, 22, 17, 8, 2, 8, 39, 6, 20, 1, 19, 39, 14, 20, 2, 34, 37, 39, 30, 33, 39, 6, 17, 39, 19, 2, 21, 26, 20, 17, 30, 20, 17, 39, 10, 20, 2, 14, 2, 22, 30, 39]
    PRED: [19, 35, 3, 27, 17, 19, 39, 19, 0, 28, 30, 21, 39, 22, 10, 8, 2, 8, 39, 6, 2, 19, 39, 20, 2, 6, 37, 39, 30, 33, 39, 6, 17, 39, 19, 2, 21, 26, 16, 30, 20, 17, 39, 10, 20, 2, 2, 22, 30, 39]
    Edit distance: 12/54
  Sample 4:
    TRUE: [9, 2, 39, 30, 33, 31, 39, 13, 10, 27, 17, 39, 13, 11, 14, 0, 30, 39, 30, 33, 39, 19, 2, 21, 39, 35, 10, 22, 39, 27, 0, 18, 11, 37, 39, 30, 33, 31, 39, 13, 10, 20, 39, 4, 30, 39]
    PRED: [9, 2, 39, 30, 33, 31, 39, 34, 10, 27, 17, 39, 26, 27, 17, 0, 19, 30, 39, 30, 33, 39, 19, 2, 21, 39, 27, 10, 22, 39, 27, 10, 18, 11, 37, 39, 30, 11, 31, 39, 13, 12, 20, 39, 4, 30, 39]
    Edit distance: 9/46

============================================================
Batch 21000 | Val PER: 0.1997
============================================================
  Sample 0:
    TRUE: [31, 17, 0, 19, 27, 2, 28, 17, 39, 27, 17, 19, 2, 22, 28, 16, 8, 11, 8, 39]
    PRED: [19, 0, 19, 2, 28, 39, 27, 16, 14, 17, 8, 16, 30, 2, 8, 39]
    Edit distance: 11/20
  Sample 1:
    TRUE: [27, 16, 7, 39, 26, 11, 7, 2, 28, 30, 39, 28, 10, 34, 27, 2, 20, 39, 28, 5, 22, 8, 39, 20, 16, 31, 2, 14, 27, 1, 13, 28, 39]
    PRED: [27, 10, 19, 39, 26, 0, 7, 39, 10, 34, 2, 20, 39, 28, 5, 22, 39, 20, 16, 31, 1, 13, 39]
    Edit distance: 13/33
  Sample 2:
    TRUE: [28, 24, 39, 27, 33, 20, 37, 39, 35, 17, 39, 21, 12, 8, 39, 16, 22, 39, 2, 22, 2, 6, 1, 29, 30, 39, 19, 2, 20, 33, 38, 2, 22, 39]
    PRED: [9, 2, 39, 27, 17, 20, 37, 39, 35, 17, 39, 16, 21, 12, 22, 39, 16, 22, 39, 16, 22, 16, 13, 34, 2, 28, 39, 19, 2, 20, 33, 38, 2, 22, 39]
    Edit distance: 11/34
  Sample 3:
    TRUE: [20, 3, 27, 17, 37, 39, 19, 0, 28, 30, 33, 21, 39, 22, 17, 8, 2, 8, 39, 6, 20, 1, 19, 39, 14, 20, 2, 34, 37, 39, 30, 33, 39, 6, 17, 39, 19, 2, 21, 26, 20, 17, 30, 20, 17, 39, 10, 20, 2, 14, 2, 22, 30, 39]
    PRED: [19, 3, 27, 11, 39, 19, 1, 30, 2, 33, 21, 39, 22, 17, 8, 39, 6, 1, 19, 39, 20, 16, 34, 6, 37, 39, 30, 33, 39, 6, 17, 39, 19, 2, 21, 26, 16, 30, 2, 20, 39, 16, 20, 2, 22, 39]
    Edit distance: 20/54
  Sample 4:
    TRUE: [9, 2, 39, 30, 33, 31, 39, 13, 10, 27, 17, 39, 13, 11, 14, 0, 30, 39, 30, 33, 39, 19, 2, 21, 39, 35, 10, 22, 39, 27, 0, 18, 11, 37, 39, 30, 33, 31, 39, 13, 10, 20, 39, 4, 30, 39]
    PRED: [9, 2, 39, 8, 33, 31, 39, 34, 10, 27, 17, 39, 27, 2, 0, 19, 30, 39, 30, 33, 39, 19, 2, 21, 39, 27, 10, 22, 39, 27, 10, 18, 11, 39, 31, 33, 31, 39, 13, 10, 20, 39, 4, 30, 39]
    Edit distance: 10/46

============================================================
Batch 21500 | Val PER: 0.2013
============================================================
  Sample 0:
    TRUE: [31, 17, 0, 19, 27, 2, 28, 17, 39, 27, 17, 19, 2, 22, 28, 16, 8, 11, 8, 39]
    PRED: [0, 19, 2, 28, 30, 39, 16, 14, 1, 30, 16, 30, 2, 8, 39]
    Edit distance: 12/20
  Sample 1:
    TRUE: [27, 16, 7, 39, 26, 11, 7, 2, 28, 30, 39, 28, 10, 34, 27, 2, 20, 39, 28, 5, 22, 8, 39, 20, 16, 31, 2, 14, 27, 1, 13, 28, 39]
    PRED: [27, 5, 19, 39, 26, 0, 27, 7, 39, 10, 34, 2, 20, 39, 28, 1, 22, 8, 39, 20, 10, 31, 24, 1, 13, 39]
    Edit distance: 15/33
  Sample 2:
    TRUE: [28, 24, 39, 27, 33, 20, 37, 39, 35, 17, 39, 21, 12, 8, 39, 16, 22, 39, 2, 22, 2, 6, 1, 29, 30, 39, 19, 2, 20, 33, 38, 2, 22, 39]
    PRED: [9, 2, 39, 27, 17, 20, 37, 39, 35, 17, 39, 21, 12, 22, 39, 16, 22, 39, 16, 22, 16, 11, 34, 1, 28, 39, 19, 2, 20, 33, 38, 2, 22, 39]
    Edit distance: 10/34
  Sample 3:
    TRUE: [20, 3, 27, 17, 37, 39, 19, 0, 28, 30, 33, 21, 39, 22, 17, 8, 2, 8, 39, 6, 20, 1, 19, 39, 14, 20, 2, 34, 37, 39, 30, 33, 39, 6, 17, 39, 19, 2, 21, 26, 20, 17, 30, 20, 17, 39, 10, 20, 2, 14, 2, 22, 30, 39]
    PRED: [35, 3, 27, 39, 19, 1, 0, 21, 39, 22, 17, 8, 39, 6, 27, 1, 19, 39, 14, 20, 0, 34, 6, 37, 39, 30, 33, 39, 6, 17, 39, 19, 2, 21, 26, 17, 30, 11, 39, 10, 20, 2, 22, 8, 39]
    Edit distance: 18/54
  Sample 4:
    TRUE: [9, 2, 39, 30, 33, 31, 39, 13, 10, 27, 17, 39, 13, 11, 14, 0, 30, 39, 30, 33, 39, 19, 2, 21, 39, 35, 10, 22, 39, 27, 0, 18, 11, 37, 39, 30, 33, 31, 39, 13, 10, 20, 39, 4, 30, 39]
    PRED: [9, 2, 39, 30, 33, 31, 39, 34, 10, 27, 17, 39, 27, 16, 0, 19, 30, 39, 30, 33, 39, 19, 2, 21, 39, 27, 10, 22, 39, 35, 10, 30, 11, 39, 31, 33, 31, 39, 13, 4, 20, 11, 39, 4, 30, 39]
    Edit distance: 13/46

============================================================
Batch 22000 | Val PER: 0.2006
============================================================
  Sample 0:
    TRUE: [31, 17, 0, 19, 27, 2, 28, 17, 39, 27, 17, 19, 2, 22, 28, 16, 8, 11, 8, 39]
    PRED: [19, 27, 17, 19, 11, 28, 39, 2, 14, 17, 22, 30, 12, 16, 30, 16, 8, 39]
    Edit distance: 14/20
  Sample 1:
    TRUE: [27, 16, 7, 39, 26, 11, 7, 2, 28, 30, 39, 28, 10, 34, 27, 2, 20, 39, 28, 5, 22, 8, 39, 20, 16, 31, 2, 14, 27, 1, 13, 28, 39]
    PRED: [27, 5, 19, 28, 39, 26, 0, 29, 16, 30, 39, 10, 34, 11, 39, 28, 5, 22, 8, 39, 19, 20, 10, 2, 2, 13, 39]
    Edit distance: 18/33
  Sample 2:
    TRUE: [28, 24, 39, 27, 33, 20, 37, 39, 35, 17, 39, 21, 12, 8, 39, 16, 22, 39, 2, 22, 2, 6, 1, 29, 30, 39, 19, 2, 20, 33, 38, 2, 22, 39]
    PRED: [28, 24, 39, 35, 33, 20, 37, 39, 35, 17, 39, 21, 12, 22, 39, 16, 22, 39, 16, 22, 11, 34, 1, 28, 39, 19, 2, 20, 33, 38, 2, 22, 39]
    Edit distance: 7/34
  Sample 3:
    TRUE: [20, 3, 27, 17, 37, 39, 19, 0, 28, 30, 33, 21, 39, 22, 17, 8, 2, 8, 39, 6, 20, 1, 19, 39, 14, 20, 2, 34, 37, 39, 30, 33, 39, 6, 17, 39, 19, 2, 21, 26, 20, 17, 30, 20, 17, 39, 10, 20, 2, 14, 2, 22, 30, 39]
    PRED: [35, 5, 27, 16, 39, 19, 1, 28, 30, 2, 21, 39, 22, 12, 8, 39, 6, 2, 19, 39, 14, 0, 6, 37, 39, 30, 33, 39, 6, 17, 39, 19, 2, 21, 26, 16, 30, 20, 11, 39, 10, 20, 2, 22, 8, 39]
    Edit distance: 20/54
  Sample 4:
    TRUE: [9, 2, 39, 30, 33, 31, 39, 13, 10, 27, 17, 39, 13, 11, 14, 0, 30, 39, 30, 33, 39, 19, 2, 21, 39, 35, 10, 22, 39, 27, 0, 18, 11, 37, 39, 30, 33, 31, 39, 13, 10, 20, 39, 4, 30, 39]
    PRED: [9, 2, 39, 30, 33, 31, 39, 34, 10, 27, 17, 39, 26, 27, 17, 0, 19, 30, 2, 8, 39, 30, 33, 39, 19, 2, 21, 39, 35, 10, 22, 39, 27, 10, 8, 11, 37, 39, 30, 33, 31, 39, 13, 12, 20, 39, 4, 30, 39]
    Edit distance: 10/46

============================================================
Batch 22500 | Val PER: 0.2023
============================================================
  Sample 0:
    TRUE: [31, 17, 0, 19, 27, 2, 28, 17, 39, 27, 17, 19, 2, 22, 28, 16, 8, 11, 8, 39]
    PRED: [19, 27, 0, 19, 30, 2, 28, 30, 39, 27, 17, 14, 0, 22, 16, 30, 2, 8, 39]
    Edit distance: 9/20
  Sample 1:
    TRUE: [27, 16, 7, 39, 26, 11, 7, 2, 28, 30, 39, 28, 10, 34, 27, 2, 20, 39, 28, 5, 22, 8, 39, 20, 16, 31, 2, 14, 27, 1, 13, 28, 39]
    PRED: [27, 5, 19, 28, 39, 26, 3, 27, 7, 2, 37, 39, 28, 10, 34, 2, 20, 39, 28, 5, 22, 39, 19, 20, 10, 28, 24, 1, 13, 39]
    Edit distance: 16/33
  Sample 2:
    TRUE: [28, 24, 39, 27, 33, 20, 37, 39, 35, 17, 39, 21, 12, 8, 39, 16, 22, 39, 2, 22, 2, 6, 1, 29, 30, 39, 19, 2, 20, 33, 38, 2, 22, 39]
    PRED: [28, 24, 39, 27, 33, 20, 37, 39, 35, 17, 39, 21, 10, 8, 39, 16, 22, 39, 16, 22, 30, 11, 34, 1, 29, 39, 19, 2, 20, 24, 33, 38, 2, 22, 39]
    Edit distance: 7/34
  Sample 3:
    TRUE: [20, 3, 27, 17, 37, 39, 19, 0, 28, 30, 33, 21, 39, 22, 17, 8, 2, 8, 39, 6, 20, 1, 19, 39, 14, 20, 2, 34, 37, 39, 30, 33, 39, 6, 17, 39, 19, 2, 21, 26, 20, 17, 30, 20, 17, 39, 10, 20, 2, 14, 2, 22, 30, 39]
    PRED: [19, 35, 5, 28, 39, 19, 1, 28, 30, 5, 21, 39, 22, 17, 8, 39, 6, 1, 19, 39, 20, 2, 6, 39, 30, 33, 39, 6, 17, 39, 19, 2, 21, 26, 36, 33, 30, 2, 30, 20, 17, 39, 10, 20, 2, 22, 8, 39]
    Edit distance: 20/54
  Sample 4:
    TRUE: [9, 2, 39, 30, 33, 31, 39, 13, 10, 27, 17, 39, 13, 11, 14, 0, 30, 39, 30, 33, 39, 19, 2, 21, 39, 35, 10, 22, 39, 27, 0, 18, 11, 37, 39, 30, 33, 31, 39, 13, 10, 20, 39, 4, 30, 39]
    PRED: [9, 2, 39, 30, 33, 31, 39, 34, 10, 27, 17, 39, 27, 17, 19, 0, 19, 30, 8, 39, 30, 33, 39, 19, 2, 21, 39, 27, 1, 22, 39, 27, 10, 19, 11, 39, 30, 33, 31, 39, 13, 1, 20, 39, 4, 30, 39]
    Edit distance: 12/46

============================================================
Batch 23000 | Val PER: 0.2052
============================================================
  Sample 0:
    TRUE: [31, 17, 0, 19, 27, 2, 28, 17, 39, 27, 17, 19, 2, 22, 28, 16, 8, 11, 8, 39]
    PRED: [19, 27, 0, 28, 19, 2, 28, 39, 27, 17, 14, 17, 30, 2, 8, 39]
    Edit distance: 12/20
  Sample 1:
    TRUE: [27, 16, 7, 39, 26, 11, 7, 2, 28, 30, 39, 28, 10, 34, 27, 2, 20, 39, 28, 5, 22, 8, 39, 20, 16, 31, 2, 14, 27, 1, 13, 28, 39]
    PRED: [27, 5, 19, 28, 39, 26, 3, 27, 29, 2, 37, 39, 28, 10, 34, 11, 39, 28, 5, 22, 39, 19, 20, 10, 20, 2, 13, 39]
    Edit distance: 19/33
  Sample 2:
    TRUE: [28, 24, 39, 27, 33, 20, 37, 39, 35, 17, 39, 21, 12, 8, 39, 16, 22, 39, 2, 22, 2, 6, 1, 29, 30, 39, 19, 2, 20, 33, 38, 2, 22, 39]
    PRED: [9, 24, 39, 27, 33, 37, 39, 35, 11, 39, 21, 17, 22, 8, 39, 16, 22, 39, 16, 22, 11, 34, 2, 28, 30, 39, 19, 2, 20, 33, 38, 2, 22, 39]
    Edit distance: 10/34
  Sample 3:
    TRUE: [20, 3, 27, 17, 37, 39, 19, 0, 28, 30, 33, 21, 39, 22, 17, 8, 2, 8, 39, 6, 20, 1, 19, 39, 14, 20, 2, 34, 37, 39, 30, 33, 39, 6, 17, 39, 19, 2, 21, 26, 20, 17, 30, 20, 17, 39, 10, 20, 2, 14, 2, 22, 30, 39]
    PRED: [27, 25, 27, 2, 39, 19, 1, 28, 30, 33, 21, 39, 22, 17, 8, 39, 6, 2, 19, 39, 20, 5, 34, 39, 30, 33, 39, 6, 17, 39, 19, 2, 21, 26, 36, 16, 30, 2, 20, 39, 10, 20, 2, 22, 8, 39]
    Edit distance: 19/54
  Sample 4:
    TRUE: [9, 2, 39, 30, 33, 31, 39, 13, 10, 27, 17, 39, 13, 11, 14, 0, 30, 39, 30, 33, 39, 19, 2, 21, 39, 35, 10, 22, 39, 27, 0, 18, 11, 37, 39, 30, 33, 31, 39, 13, 10, 20, 39, 4, 30, 39]
    PRED: [9, 2, 39, 30, 36, 33, 31, 39, 13, 10, 27, 17, 39, 26, 27, 2, 0, 19, 30, 2, 8, 39, 30, 33, 39, 19, 2, 21, 39, 27, 2, 22, 39, 27, 5, 18, 11, 37, 39, 27, 33, 31, 39, 13, 16, 20, 39, 4, 30, 39]
    Edit distance: 12/46

============================================================
Batch 23500 | Val PER: 0.1985
============================================================
  Sample 0:
    TRUE: [31, 17, 0, 19, 27, 2, 28, 17, 39, 27, 17, 19, 2, 22, 28, 16, 8, 11, 8, 39]
    PRED: [19, 27, 0, 19, 28, 39, 17, 19, 2, 22, 30, 8, 2, 8, 39]
    Edit distance: 9/20
  Sample 1:
    TRUE: [27, 16, 7, 39, 26, 11, 7, 2, 28, 30, 39, 28, 10, 34, 27, 2, 20, 39, 28, 5, 22, 8, 39, 20, 16, 31, 2, 14, 27, 1, 13, 28, 39]
    PRED: [27, 12, 19, 39, 26, 0, 27, 29, 7, 39, 28, 10, 34, 2, 20, 39, 28, 5, 22, 8, 39, 20, 10, 2, 13, 39]
    Edit distance: 14/33
  Sample 2:
    TRUE: [28, 24, 39, 27, 33, 20, 37, 39, 35, 17, 39, 21, 12, 8, 39, 16, 22, 39, 2, 22, 2, 6, 1, 29, 30, 39, 19, 2, 20, 33, 38, 2, 22, 39]
    PRED: [28, 24, 39, 27, 33, 20, 37, 39, 35, 17, 39, 21, 10, 22, 39, 16, 22, 39, 16, 22, 16, 11, 34, 1, 28, 30, 39, 19, 2, 20, 33, 38, 2, 22, 39]
    Edit distance: 7/34
  Sample 3:
    TRUE: [20, 3, 27, 17, 37, 39, 19, 0, 28, 30, 33, 21, 39, 22, 17, 8, 2, 8, 39, 6, 20, 1, 19, 39, 14, 20, 2, 34, 37, 39, 30, 33, 39, 6, 17, 39, 19, 2, 21, 26, 20, 17, 30, 20, 17, 39, 10, 20, 2, 14, 2, 22, 30, 39]
    PRED: [27, 5, 39, 19, 1, 28, 30, 33, 21, 39, 22, 17, 8, 39, 6, 1, 19, 39, 14, 20, 0, 6, 37, 39, 30, 33, 39, 6, 17, 39, 19, 2, 21, 26, 16, 17, 19, 30, 2, 20, 39, 10, 20, 2, 22, 8, 39]
    Edit distance: 17/54
  Sample 4:
    TRUE: [9, 2, 39, 30, 33, 31, 39, 13, 10, 27, 17, 39, 13, 11, 14, 0, 30, 39, 30, 33, 39, 19, 2, 21, 39, 35, 10, 22, 39, 27, 0, 18, 11, 37, 39, 30, 33, 31, 39, 13, 10, 20, 39, 4, 30, 39]
    PRED: [9, 2, 39, 30, 33, 31, 39, 34, 10, 27, 17, 39, 26, 27, 17, 0, 19, 30, 2, 30, 8, 39, 30, 33, 39, 19, 2, 21, 39, 35, 1, 22, 39, 27, 10, 18, 11, 37, 39, 30, 33, 31, 39, 13, 10, 20, 39, 4, 30, 39]
    Edit distance: 10/46

============================================================
Batch 24000 | Val PER: 0.1967
============================================================
  Sample 0:
    TRUE: [31, 17, 0, 19, 27, 2, 28, 17, 39, 27, 17, 19, 2, 22, 28, 16, 8, 11, 8, 39]
    PRED: [19, 27, 0, 19, 2, 28, 39, 27, 16, 17, 2, 22, 30, 30, 2, 8, 39]
    Edit distance: 10/20
  Sample 1:
    TRUE: [27, 16, 7, 39, 26, 11, 7, 2, 28, 30, 39, 28, 10, 34, 27, 2, 20, 39, 28, 5, 22, 8, 39, 20, 16, 31, 2, 14, 27, 1, 13, 28, 39]
    PRED: [27, 5, 19, 39, 26, 25, 27, 7, 16, 17, 30, 39, 30, 10, 34, 2, 20, 39, 28, 5, 22, 8, 39, 19, 20, 16, 31, 2, 13, 39]
    Edit distance: 13/33
  Sample 2:
    TRUE: [28, 24, 39, 27, 33, 20, 37, 39, 35, 17, 39, 21, 12, 8, 39, 16, 22, 39, 2, 22, 2, 6, 1, 29, 30, 39, 19, 2, 20, 33, 38, 2, 22, 39]
    PRED: [9, 24, 39, 27, 33, 20, 37, 39, 35, 17, 39, 17, 21, 17, 8, 39, 16, 22, 39, 16, 22, 11, 6, 21, 1, 29, 39, 19, 2, 20, 33, 38, 2, 22, 39]
    Edit distance: 7/34
  Sample 3:
    TRUE: [20, 3, 27, 17, 37, 39, 19, 0, 28, 30, 33, 21, 39, 22, 17, 8, 2, 8, 39, 6, 20, 1, 19, 39, 14, 20, 2, 34, 37, 39, 30, 33, 39, 6, 17, 39, 19, 2, 21, 26, 20, 17, 30, 20, 17, 39, 10, 20, 2, 14, 2, 22, 30, 39]
    PRED: [27, 25, 27, 17, 39, 19, 1, 28, 30, 33, 21, 39, 22, 17, 8, 2, 8, 39, 6, 20, 2, 19, 39, 20, 5, 6, 37, 39, 30, 33, 39, 6, 17, 39, 19, 2, 21, 26, 17, 30, 2, 20, 39, 17, 20, 2, 22, 39]
    Edit distance: 15/54
  Sample 4:
    TRUE: [9, 2, 39, 30, 33, 31, 39, 13, 10, 27, 17, 39, 13, 11, 14, 0, 30, 39, 30, 33, 39, 19, 2, 21, 39, 35, 10, 22, 39, 27, 0, 18, 11, 37, 39, 30, 33, 31, 39, 13, 10, 20, 39, 4, 30, 39]
    PRED: [9, 2, 39, 30, 33, 31, 39, 34, 10, 27, 17, 39, 26, 27, 16, 3, 19, 30, 39, 30, 33, 39, 19, 2, 21, 39, 35, 1, 22, 39, 27, 5, 20, 18, 11, 37, 39, 31, 33, 31, 39, 13, 12, 20, 39, 4, 30, 39]
    Edit distance: 11/46

============================================================
Batch 24500 | Val PER: 0.2010
============================================================
  Sample 0:
    TRUE: [31, 17, 0, 19, 27, 2, 28, 17, 39, 27, 17, 19, 2, 22, 28, 16, 8, 11, 8, 39]
    PRED: [19, 27, 0, 19, 11, 30, 39, 16, 19, 35, 22, 16, 2, 8, 39]
    Edit distance: 12/20
  Sample 1:
    TRUE: [27, 16, 7, 39, 26, 11, 7, 2, 28, 30, 39, 28, 10, 34, 27, 2, 20, 39, 28, 5, 22, 8, 39, 20, 16, 31, 2, 14, 27, 1, 13, 28, 39]
    PRED: [27, 12, 19, 28, 39, 26, 0, 27, 29, 30, 39, 10, 34, 2, 20, 39, 15, 5, 22, 37, 39, 19, 20, 16, 24, 2, 13, 30, 39]
    Edit distance: 17/33
  Sample 2:
    TRUE: [28, 24, 39, 27, 33, 20, 37, 39, 35, 17, 39, 21, 12, 8, 39, 16, 22, 39, 2, 22, 2, 6, 1, 29, 30, 39, 19, 2, 20, 33, 38, 2, 22, 39]
    PRED: [28, 24, 39, 27, 33, 37, 39, 35, 17, 39, 21, 10, 22, 8, 39, 16, 22, 39, 16, 22, 11, 1, 28, 39, 19, 2, 20, 33, 38, 2, 22, 39]
    Edit distance: 8/34
  Sample 3:
    TRUE: [20, 3, 27, 17, 37, 39, 19, 0, 28, 30, 33, 21, 39, 22, 17, 8, 2, 8, 39, 6, 20, 1, 19, 39, 14, 20, 2, 34, 37, 39, 30, 33, 39, 6, 17, 39, 19, 2, 21, 26, 20, 17, 30, 20, 17, 39, 10, 20, 2, 14, 2, 22, 30, 39]
    PRED: [27, 5, 27, 39, 19, 1, 28, 30, 2, 21, 37, 39, 22, 17, 8, 39, 6, 2, 19, 39, 20, 5, 6, 37, 39, 30, 33, 39, 6, 17, 39, 19, 2, 21, 26, 17, 30, 20, 17, 39, 16, 20, 2, 22, 39]
    Edit distance: 19/54
  Sample 4:
    TRUE: [9, 2, 39, 30, 33, 31, 39, 13, 10, 27, 17, 39, 13, 11, 14, 0, 30, 39, 30, 33, 39, 19, 2, 21, 39, 35, 10, 22, 39, 27, 0, 18, 11, 37, 39, 30, 33, 31, 39, 13, 10, 20, 39, 4, 30, 39]
    PRED: [9, 2, 39, 30, 33, 31, 39, 34, 10, 27, 17, 39, 26, 27, 16, 3, 30, 39, 30, 33, 39, 19, 2, 21, 39, 27, 10, 22, 39, 27, 0, 18, 11, 37, 39, 30, 33, 31, 39, 13, 16, 20, 39, 4, 30, 39]
    Edit distance: 7/46

============================================================
Batch 25000 | Val PER: 0.2035
============================================================
  Sample 0:
    TRUE: [31, 17, 0, 19, 27, 2, 28, 17, 39, 27, 17, 19, 2, 22, 28, 16, 8, 11, 8, 39]
    PRED: [27, 0, 19, 28, 39, 27, 10, 19, 17, 3, 22, 16, 2, 8, 39]
    Edit distance: 11/20
  Sample 1:
    TRUE: [27, 16, 7, 39, 26, 11, 7, 2, 28, 30, 39, 28, 10, 34, 27, 2, 20, 39, 28, 5, 22, 8, 39, 20, 16, 31, 2, 14, 27, 1, 13, 28, 39]
    PRED: [27, 10, 19, 28, 39, 26, 0, 27, 29, 8, 39, 10, 34, 11, 20, 39, 28, 5, 22, 8, 39, 19, 27, 10, 24, 3, 13, 39]
    Edit distance: 19/33
  Sample 2:
    TRUE: [28, 24, 39, 27, 33, 20, 37, 39, 35, 17, 39, 21, 12, 8, 39, 16, 22, 39, 2, 22, 2, 6, 1, 29, 30, 39, 19, 2, 20, 33, 38, 2, 22, 39]
    PRED: [9, 24, 39, 27, 33, 20, 37, 39, 35, 0, 39, 21, 10, 22, 8, 39, 16, 22, 39, 16, 22, 11, 34, 0, 29, 39, 19, 2, 20, 33, 38, 2, 22, 39]
    Edit distance: 9/34
  Sample 3:
    TRUE: [20, 3, 27, 17, 37, 39, 19, 0, 28, 30, 33, 21, 39, 22, 17, 8, 2, 8, 39, 6, 20, 1, 19, 39, 14, 20, 2, 34, 37, 39, 30, 33, 39, 6, 17, 39, 19, 2, 21, 26, 20, 17, 30, 20, 17, 39, 10, 20, 2, 14, 2, 22, 30, 39]
    PRED: [19, 35, 3, 27, 11, 39, 19, 3, 28, 19, 2, 21, 39, 22, 17, 8, 11, 8, 39, 6, 0, 19, 39, 20, 0, 6, 37, 39, 30, 33, 39, 6, 17, 39, 19, 2, 21, 26, 17, 30, 17, 39, 10, 20, 2, 22, 8, 39]
    Edit distance: 18/54
  Sample 4:
    TRUE: [9, 2, 39, 30, 33, 31, 39, 13, 10, 27, 17, 39, 13, 11, 14, 0, 30, 39, 30, 33, 39, 19, 2, 21, 39, 35, 10, 22, 39, 27, 0, 18, 11, 37, 39, 30, 33, 31, 39, 13, 10, 20, 39, 4, 30, 39]
    PRED: [9, 2, 39, 36, 33, 31, 39, 34, 10, 27, 17, 39, 27, 16, 30, 0, 19, 30, 8, 39, 30, 33, 39, 19, 2, 21, 39, 27, 10, 22, 39, 27, 10, 18, 11, 37, 39, 31, 33, 31, 39, 13, 10, 20, 39, 4, 30, 39]
    Edit distance: 10/46

============================================================
Batch 25500 | Val PER: 0.2001
============================================================
  Sample 0:
    TRUE: [31, 17, 0, 19, 27, 2, 28, 17, 39, 27, 17, 19, 2, 22, 28, 16, 8, 11, 8, 39]
    PRED: [0, 19, 2, 28, 30, 39, 27, 16, 17, 22, 30, 12, 30, 2, 8, 39]
    Edit distance: 11/20
  Sample 1:
    TRUE: [27, 16, 7, 39, 26, 11, 7, 2, 28, 30, 39, 28, 10, 34, 27, 2, 20, 39, 28, 5, 22, 8, 39, 20, 16, 31, 2, 14, 27, 1, 13, 28, 39]
    PRED: [27, 12, 26, 39, 26, 0, 29, 7, 30, 39, 28, 10, 34, 2, 20, 39, 28, 5, 22, 37, 39, 20, 10, 1, 13, 39]
    Edit distance: 14/33
  Sample 2:
    TRUE: [28, 24, 39, 27, 33, 20, 37, 39, 35, 17, 39, 21, 12, 8, 39, 16, 22, 39, 2, 22, 2, 6, 1, 29, 30, 39, 19, 2, 20, 33, 38, 2, 22, 39]
    PRED: [9, 24, 39, 27, 33, 37, 39, 35, 11, 39, 21, 12, 22, 39, 16, 22, 39, 16, 22, 11, 6, 1, 10, 28, 30, 39, 19, 2, 20, 33, 38, 2, 22, 39]
    Edit distance: 8/34
  Sample 3:
    TRUE: [20, 3, 27, 17, 37, 39, 19, 0, 28, 30, 33, 21, 39, 22, 17, 8, 2, 8, 39, 6, 20, 1, 19, 39, 14, 20, 2, 34, 37, 39, 30, 33, 39, 6, 17, 39, 19, 2, 21, 26, 20, 17, 30, 20, 17, 39, 10, 20, 2, 14, 2, 22, 30, 39]
    PRED: [19, 27, 25, 39, 19, 0, 28, 19, 2, 21, 39, 22, 17, 8, 39, 6, 2, 19, 39, 20, 0, 34, 39, 30, 33, 39, 6, 17, 39, 19, 2, 21, 26, 20, 17, 20, 17, 39, 2, 20, 2, 22, 8, 39]
    Edit distance: 18/54
  Sample 4:
    TRUE: [9, 2, 39, 30, 33, 31, 39, 13, 10, 27, 17, 39, 13, 11, 14, 0, 30, 39, 30, 33, 39, 19, 2, 21, 39, 35, 10, 22, 39, 27, 0, 18, 11, 37, 39, 30, 33, 31, 39, 13, 10, 20, 39, 4, 30, 39]
    PRED: [9, 2, 39, 30, 33, 31, 39, 34, 10, 27, 17, 39, 27, 16, 0, 19, 30, 39, 30, 33, 39, 19, 2, 21, 39, 35, 12, 22, 39, 27, 10, 18, 17, 11, 37, 39, 31, 11, 31, 39, 13, 10, 20, 4, 30, 39]
    Edit distance: 11/46

============================================================
Batch 26000 | Val PER: 0.2009
============================================================
  Sample 0:
    TRUE: [31, 17, 0, 19, 27, 2, 28, 17, 39, 27, 17, 19, 2, 22, 28, 16, 8, 11, 8, 39]
    PRED: [27, 0, 19, 28, 39, 27, 10, 19, 0, 30, 2, 8, 39]
    Edit distance: 12/20
  Sample 1:
    TRUE: [27, 16, 7, 39, 26, 11, 7, 2, 28, 30, 39, 28, 10, 34, 27, 2, 20, 39, 28, 5, 22, 8, 39, 20, 16, 31, 2, 14, 27, 1, 13, 28, 39]
    PRED: [27, 12, 19, 39, 26, 3, 27, 7, 2, 7, 8, 39, 10, 34, 11, 2, 20, 39, 28, 5, 22, 8, 39, 19, 20, 16, 0, 13, 39]
    Edit distance: 15/33
  Sample 2:
    TRUE: [28, 24, 39, 27, 33, 20, 37, 39, 35, 17, 39, 21, 12, 8, 39, 16, 22, 39, 2, 22, 2, 6, 1, 29, 30, 39, 19, 2, 20, 33, 38, 2, 22, 39]
    PRED: [9, 24, 39, 27, 33, 20, 37, 39, 35, 11, 39, 21, 12, 8, 39, 16, 22, 39, 16, 22, 11, 34, 1, 29, 39, 19, 2, 20, 33, 38, 2, 22, 39]
    Edit distance: 6/34
  Sample 3:
    TRUE: [20, 3, 27, 17, 37, 39, 19, 0, 28, 30, 33, 21, 39, 22, 17, 8, 2, 8, 39, 6, 20, 1, 19, 39, 14, 20, 2, 34, 37, 39, 30, 33, 39, 6, 17, 39, 19, 2, 21, 26, 20, 17, 30, 20, 17, 39, 10, 20, 2, 14, 2, 22, 30, 39]
    PRED: [27, 3, 27, 39, 19, 1, 28, 2, 33, 21, 39, 22, 17, 8, 11, 8, 39, 6, 0, 19, 39, 20, 5, 2, 34, 37, 39, 30, 33, 39, 6, 17, 39, 19, 2, 21, 26, 17, 30, 20, 17, 39, 10, 20, 2, 22, 8, 39]
    Edit distance: 14/54
  Sample 4:
    TRUE: [9, 2, 39, 30, 33, 31, 39, 13, 10, 27, 17, 39, 13, 11, 14, 0, 30, 39, 30, 33, 39, 19, 2, 21, 39, 35, 10, 22, 39, 27, 0, 18, 11, 37, 39, 30, 33, 31, 39, 13, 10, 20, 39, 4, 30, 39]
    PRED: [9, 2, 39, 30, 33, 31, 39, 34, 10, 27, 17, 39, 27, 16, 19, 30, 39, 30, 33, 39, 19, 2, 21, 39, 27, 1, 22, 39, 27, 10, 18, 11, 39, 11, 31, 39, 13, 16, 20, 39, 4, 30, 39]
    Edit distance: 12/46

============================================================
Batch 26500 | Val PER: 0.1976
============================================================
  Sample 0:
    TRUE: [31, 17, 0, 19, 27, 2, 28, 17, 39, 27, 17, 19, 2, 22, 28, 16, 8, 11, 8, 39]
    PRED: [9, 19, 2, 28, 30, 39, 27, 10, 14, 0, 30, 16, 2, 8, 39]
    Edit distance: 12/20
  Sample 1:
    TRUE: [27, 16, 7, 39, 26, 11, 7, 2, 28, 30, 39, 28, 10, 34, 27, 2, 20, 39, 28, 5, 22, 8, 39, 20, 16, 31, 2, 14, 27, 1, 13, 28, 39]
    PRED: [27, 12, 19, 28, 39, 26, 0, 27, 29, 2, 30, 39, 30, 10, 34, 2, 20, 39, 28, 5, 22, 37, 39, 19, 20, 10, 10, 16, 13, 39]
    Edit distance: 18/33
  Sample 2:
    TRUE: [28, 24, 39, 27, 33, 20, 37, 39, 35, 17, 39, 21, 12, 8, 39, 16, 22, 39, 2, 22, 2, 6, 1, 29, 30, 39, 19, 2, 20, 33, 38, 2, 22, 39]
    PRED: [9, 2, 39, 27, 33, 37, 39, 35, 17, 39, 21, 12, 8, 22, 39, 16, 22, 39, 16, 22, 11, 34, 10, 29, 39, 19, 2, 20, 33, 38, 2, 22, 39]
    Edit distance: 9/34
  Sample 3:
    TRUE: [20, 3, 27, 17, 37, 39, 19, 0, 28, 30, 33, 21, 39, 22, 17, 8, 2, 8, 39, 6, 20, 1, 19, 39, 14, 20, 2, 34, 37, 39, 30, 33, 39, 6, 17, 39, 19, 2, 21, 26, 20, 17, 30, 20, 17, 39, 10, 20, 2, 14, 2, 22, 30, 39]
    PRED: [19, 27, 3, 39, 19, 1, 28, 2, 21, 39, 22, 17, 8, 39, 6, 20, 2, 19, 39, 20, 2, 34, 37, 39, 30, 33, 39, 6, 17, 39, 19, 2, 21, 26, 17, 29, 2, 20, 39, 10, 20, 2, 22, 30, 39]
    Edit distance: 17/54
  Sample 4:
    TRUE: [9, 2, 39, 30, 33, 31, 39, 13, 10, 27, 17, 39, 13, 11, 14, 0, 30, 39, 30, 33, 39, 19, 2, 21, 39, 35, 10, 22, 39, 27, 0, 18, 11, 37, 39, 30, 33, 31, 39, 13, 10, 20, 39, 4, 30, 39]
    PRED: [9, 2, 39, 30, 33, 31, 39, 13, 10, 17, 39, 27, 16, 0, 19, 30, 39, 30, 33, 39, 19, 2, 21, 39, 13, 27, 10, 22, 39, 35, 10, 18, 11, 37, 39, 31, 11, 31, 13, 10, 20, 30, 39, 4, 30, 39]
    Edit distance: 13/46

============================================================
Batch 27000 | Val PER: 0.1924
============================================================
  Sample 0:
    TRUE: [31, 17, 0, 19, 27, 2, 28, 17, 39, 27, 17, 19, 2, 22, 28, 16, 8, 11, 8, 39]
    PRED: [19, 10, 0, 0, 19, 30, 10, 28, 39, 27, 10, 19, 0, 22, 16, 30, 16, 8, 39]
    Edit distance: 11/20
  Sample 1:
    TRUE: [27, 16, 7, 39, 26, 11, 7, 2, 28, 30, 39, 28, 10, 34, 27, 2, 20, 39, 28, 5, 22, 8, 39, 20, 16, 31, 2, 14, 27, 1, 13, 28, 39]
    PRED: [27, 1, 19, 28, 39, 26, 0, 27, 7, 2, 37, 39, 20, 10, 34, 11, 39, 28, 5, 22, 37, 39, 20, 10, 10, 1, 13, 28, 39]
    Edit distance: 17/33
  Sample 2:
    TRUE: [28, 24, 39, 27, 33, 20, 37, 39, 35, 17, 39, 21, 12, 8, 39, 16, 22, 39, 2, 22, 2, 6, 1, 29, 30, 39, 19, 2, 20, 33, 38, 2, 22, 39]
    PRED: [9, 24, 39, 27, 33, 37, 39, 35, 17, 39, 21, 12, 22, 39, 16, 22, 39, 16, 22, 11, 34, 1, 28, 39, 19, 2, 20, 33, 38, 2, 22, 39]
    Edit distance: 8/34
  Sample 3:
    TRUE: [20, 3, 27, 17, 37, 39, 19, 0, 28, 30, 33, 21, 39, 22, 17, 8, 2, 8, 39, 6, 20, 1, 19, 39, 14, 20, 2, 34, 37, 39, 30, 33, 39, 6, 17, 39, 19, 2, 21, 26, 20, 17, 30, 20, 17, 39, 10, 20, 2, 14, 2, 22, 30, 39]
    PRED: [27, 3, 27, 39, 19, 1, 28, 30, 2, 21, 37, 39, 22, 17, 8, 39, 6, 1, 19, 39, 20, 5, 6, 37, 39, 30, 33, 39, 6, 17, 39, 19, 2, 21, 26, 20, 17, 30, 20, 17, 39, 10, 20, 2, 22, 30, 39]
    Edit distance: 14/54
  Sample 4:
    TRUE: [9, 2, 39, 30, 33, 31, 39, 13, 10, 27, 17, 39, 13, 11, 14, 0, 30, 39, 30, 33, 39, 19, 2, 21, 39, 35, 10, 22, 39, 27, 0, 18, 11, 37, 39, 30, 33, 31, 39, 13, 10, 20, 39, 4, 30, 39]
    PRED: [9, 2, 39, 30, 33, 31, 39, 34, 10, 27, 17, 39, 27, 16, 0, 19, 30, 39, 30, 33, 39, 19, 2, 21, 37, 39, 13, 27, 10, 22, 39, 35, 10, 18, 11, 37, 39, 31, 11, 31, 39, 13, 10, 20, 39, 4, 30, 39]
    Edit distance: 12/46

============================================================
Batch 27500 | Val PER: 0.1990
============================================================
  Sample 0:
    TRUE: [31, 17, 0, 19, 27, 2, 28, 17, 39, 27, 17, 19, 2, 22, 28, 16, 8, 11, 8, 39]
    PRED: [0, 19, 14, 2, 28, 39, 27, 10, 14, 30, 2, 8, 39]
    Edit distance: 12/20
  Sample 1:
    TRUE: [27, 16, 7, 39, 26, 11, 7, 2, 28, 30, 39, 28, 10, 34, 27, 2, 20, 39, 28, 5, 22, 8, 39, 20, 16, 31, 2, 14, 27, 1, 13, 28, 39]
    PRED: [27, 10, 19, 39, 26, 0, 27, 18, 2, 37, 39, 20, 10, 34, 20, 39, 28, 5, 22, 37, 8, 39, 20, 10, 20, 27, 24, 24, 13, 28, 39]
    Edit distance: 17/33
  Sample 2:
    TRUE: [28, 24, 39, 27, 33, 20, 37, 39, 35, 17, 39, 21, 12, 8, 39, 16, 22, 39, 2, 22, 2, 6, 1, 29, 30, 39, 19, 2, 20, 33, 38, 2, 22, 39]
    PRED: [9, 2, 39, 35, 25, 20, 37, 39, 35, 17, 39, 21, 12, 22, 8, 39, 16, 22, 39, 16, 22, 11, 34, 2, 28, 39, 19, 2, 20, 33, 29, 2, 22, 39]
    Edit distance: 12/34
  Sample 3:
    TRUE: [20, 3, 27, 17, 37, 39, 19, 0, 28, 30, 33, 21, 39, 22, 17, 8, 2, 8, 39, 6, 20, 1, 19, 39, 14, 20, 2, 34, 37, 39, 30, 33, 39, 6, 17, 39, 19, 2, 21, 26, 20, 17, 30, 20, 17, 39, 10, 20, 2, 14, 2, 22, 30, 39]
    PRED: [19, 35, 10, 27, 39, 19, 0, 28, 2, 21, 39, 22, 17, 8, 39, 6, 20, 2, 19, 39, 20, 0, 6, 37, 39, 30, 33, 39, 6, 17, 39, 19, 2, 21, 26, 16, 30, 20, 17, 39, 10, 20, 2, 22, 8, 39]
    Edit distance: 18/54
  Sample 4:
    TRUE: [9, 2, 39, 30, 33, 31, 39, 13, 10, 27, 17, 39, 13, 11, 14, 0, 30, 39, 30, 33, 39, 19, 2, 21, 39, 35, 10, 22, 39, 27, 0, 18, 11, 37, 39, 30, 33, 31, 39, 13, 10, 20, 39, 4, 30, 39]
    PRED: [9, 2, 39, 30, 33, 31, 39, 34, 10, 27, 17, 39, 27, 16, 0, 19, 2, 8, 39, 30, 33, 39, 19, 2, 21, 39, 13, 27, 10, 22, 39, 35, 10, 20, 18, 11, 37, 39, 31, 11, 31, 39, 13, 10, 20, 39, 4, 30, 39]
    Edit distance: 14/46

============================================================
Batch 28000 | Val PER: 0.1964
============================================================
  Sample 0:
    TRUE: [31, 17, 0, 19, 27, 2, 28, 17, 39, 27, 17, 19, 2, 22, 28, 16, 8, 11, 8, 39]
    PRED: [30, 0, 19, 2, 28, 39, 27, 16, 19, 0, 22, 30, 2, 8, 39]
    Edit distance: 10/20
  Sample 1:
    TRUE: [27, 16, 7, 39, 26, 11, 7, 2, 28, 30, 39, 28, 10, 34, 27, 2, 20, 39, 28, 5, 22, 8, 39, 20, 16, 31, 2, 14, 27, 1, 13, 28, 39]
    PRED: [27, 10, 19, 28, 39, 26, 0, 27, 7, 2, 37, 39, 28, 10, 34, 2, 20, 39, 28, 4, 22, 8, 39, 19, 20, 16, 31, 27, 0, 13, 39]
    Edit distance: 14/33
  Sample 2:
    TRUE: [28, 24, 39, 27, 33, 20, 37, 39, 35, 17, 39, 21, 12, 8, 39, 16, 22, 39, 2, 22, 2, 6, 1, 29, 30, 39, 19, 2, 20, 33, 38, 2, 22, 39]
    PRED: [28, 24, 39, 27, 33, 20, 37, 39, 35, 17, 39, 16, 21, 10, 22, 39, 16, 22, 39, 16, 22, 11, 34, 10, 16, 29, 39, 19, 2, 20, 33, 38, 2, 22, 39]
    Edit distance: 9/34
  Sample 3:
    TRUE: [20, 3, 27, 17, 37, 39, 19, 0, 28, 30, 33, 21, 39, 22, 17, 8, 2, 8, 39, 6, 20, 1, 19, 39, 14, 20, 2, 34, 37, 39, 30, 33, 39, 6, 17, 39, 19, 2, 21, 26, 20, 17, 30, 20, 17, 39, 10, 20, 2, 14, 2, 22, 30, 39]
    PRED: [19, 27, 3, 27, 39, 19, 0, 28, 30, 2, 33, 21, 39, 22, 17, 8, 39, 6, 0, 19, 39, 20, 0, 6, 39, 30, 33, 39, 6, 17, 39, 19, 2, 21, 26, 17, 30, 20, 17, 39, 10, 20, 2, 22, 8, 39]
    Edit distance: 17/54
  Sample 4:
    TRUE: [9, 2, 39, 30, 33, 31, 39, 13, 10, 27, 17, 39, 13, 11, 14, 0, 30, 39, 30, 33, 39, 19, 2, 21, 39, 35, 10, 22, 39, 27, 0, 18, 11, 37, 39, 30, 33, 31, 39, 13, 10, 20, 39, 4, 30, 39]
    PRED: [9, 2, 39, 30, 33, 31, 39, 34, 10, 27, 17, 39, 27, 16, 3, 19, 2, 8, 39, 30, 33, 39, 19, 2, 21, 39, 27, 2, 22, 39, 27, 3, 11, 37, 39, 31, 11, 31, 39, 13, 16, 20, 39, 4, 30, 39]
    Edit distance: 14/46

============================================================
Batch 28500 | Val PER: 0.1986
============================================================
  Sample 0:
    TRUE: [31, 17, 0, 19, 27, 2, 28, 17, 39, 27, 17, 19, 2, 22, 28, 16, 8, 11, 8, 39]
    PRED: [0, 2, 28, 30, 28, 39, 27, 16, 14, 27, 12, 30, 2, 8, 39]
    Edit distance: 14/20
  Sample 1:
    TRUE: [27, 16, 7, 39, 26, 11, 7, 2, 28, 30, 39, 28, 10, 34, 27, 2, 20, 39, 28, 5, 22, 8, 39, 20, 16, 31, 2, 14, 27, 1, 13, 28, 39]
    PRED: [27, 10, 19, 28, 39, 26, 0, 27, 7, 29, 30, 39, 10, 34, 11, 20, 39, 15, 5, 22, 39, 20, 10, 27, 24, 1, 13, 39]
    Edit distance: 18/33
  Sample 2:
    TRUE: [28, 24, 39, 27, 33, 20, 37, 39, 35, 17, 39, 21, 12, 8, 39, 16, 22, 39, 2, 22, 2, 6, 1, 29, 30, 39, 19, 2, 20, 33, 38, 2, 22, 39]
    PRED: [9, 2, 39, 27, 33, 20, 37, 39, 35, 17, 39, 21, 12, 22, 8, 39, 16, 22, 39, 16, 22, 11, 34, 1, 10, 28, 30, 39, 19, 2, 20, 33, 38, 2, 22, 39]
    Edit distance: 8/34
  Sample 3:
    TRUE: [20, 3, 27, 17, 37, 39, 19, 0, 28, 30, 33, 21, 39, 22, 17, 8, 2, 8, 39, 6, 20, 1, 19, 39, 14, 20, 2, 34, 37, 39, 30, 33, 39, 6, 17, 39, 19, 2, 21, 26, 20, 17, 30, 20, 17, 39, 10, 20, 2, 14, 2, 22, 30, 39]
    PRED: [19, 27, 16, 27, 16, 37, 39, 19, 1, 28, 30, 2, 21, 37, 39, 22, 17, 8, 39, 6, 2, 19, 39, 20, 0, 6, 37, 39, 30, 33, 39, 6, 17, 39, 19, 2, 21, 26, 17, 30, 20, 17, 39, 10, 20, 2, 22, 8, 39]
    Edit distance: 18/54
  Sample 4:
    TRUE: [9, 2, 39, 30, 33, 31, 39, 13, 10, 27, 17, 39, 13, 11, 14, 0, 30, 39, 30, 33, 39, 19, 2, 21, 39, 35, 10, 22, 39, 27, 0, 18, 11, 37, 39, 30, 33, 31, 39, 13, 10, 20, 39, 4, 30, 39]
    PRED: [9, 2, 39, 27, 33, 31, 39, 34, 10, 27, 17, 39, 27, 16, 0, 30, 39, 30, 33, 39, 19, 2, 21, 39, 27, 1, 22, 39, 27, 10, 18, 11, 37, 39, 31, 11, 31, 8, 39, 13, 16, 20, 39, 4, 8, 39]
    Edit distance: 13/46

============================================================
Batch 29000 | Val PER: 0.1957
============================================================
  Sample 0:
    TRUE: [31, 17, 0, 19, 27, 2, 28, 17, 39, 27, 17, 19, 2, 22, 28, 16, 8, 11, 8, 39]
    PRED: [27, 0, 0, 19, 2, 28, 39, 27, 10, 14, 12, 30, 2, 8, 39]
    Edit distance: 12/20
  Sample 1:
    TRUE: [27, 16, 7, 39, 26, 11, 7, 2, 28, 30, 39, 28, 10, 34, 27, 2, 20, 39, 28, 5, 22, 8, 39, 20, 16, 31, 2, 14, 27, 1, 13, 28, 39]
    PRED: [27, 10, 19, 28, 39, 26, 0, 27, 7, 2, 30, 39, 20, 10, 34, 2, 20, 39, 28, 4, 22, 39, 20, 10, 14, 27, 1, 13, 39]
    Edit distance: 14/33
  Sample 2:
    TRUE: [28, 24, 39, 27, 33, 20, 37, 39, 35, 17, 39, 21, 12, 8, 39, 16, 22, 39, 2, 22, 2, 6, 1, 29, 30, 39, 19, 2, 20, 33, 38, 2, 22, 39]
    PRED: [28, 24, 39, 27, 25, 20, 37, 39, 35, 17, 39, 21, 12, 8, 39, 16, 22, 39, 22, 11, 21, 10, 29, 39, 19, 2, 20, 33, 38, 2, 22, 39]
    Edit distance: 6/34
  Sample 3:
    TRUE: [20, 3, 27, 17, 37, 39, 19, 0, 28, 30, 33, 21, 39, 22, 17, 8, 2, 8, 39, 6, 20, 1, 19, 39, 14, 20, 2, 34, 37, 39, 30, 33, 39, 6, 17, 39, 19, 2, 21, 26, 20, 17, 30, 20, 17, 39, 10, 20, 2, 14, 2, 22, 30, 39]
    PRED: [35, 3, 27, 39, 19, 1, 28, 2, 21, 39, 22, 12, 8, 39, 6, 20, 2, 19, 39, 20, 0, 6, 37, 39, 30, 33, 39, 6, 17, 39, 19, 0, 21, 26, 20, 17, 20, 17, 39, 10, 20, 2, 22, 8, 39]
    Edit distance: 18/54
  Sample 4:
    TRUE: [9, 2, 39, 30, 33, 31, 39, 13, 10, 27, 17, 39, 13, 11, 14, 0, 30, 39, 30, 33, 39, 19, 2, 21, 39, 35, 10, 22, 39, 27, 0, 18, 11, 37, 39, 30, 33, 31, 39, 13, 10, 20, 39, 4, 30, 39]
    PRED: [9, 2, 39, 36, 33, 34, 31, 39, 34, 10, 27, 17, 2, 39, 27, 16, 0, 30, 39, 30, 33, 39, 19, 2, 21, 39, 27, 1, 22, 39, 27, 5, 18, 11, 39, 22, 33, 31, 39, 13, 5, 20, 39, 4, 30, 39]
    Edit distance: 13/46

============================================================
Batch 29500 | Val PER: 0.1964
============================================================
  Sample 0:
    TRUE: [31, 17, 0, 19, 27, 2, 28, 17, 39, 27, 17, 19, 2, 22, 28, 16, 8, 11, 8, 39]
    PRED: [27, 0, 0, 19, 2, 28, 30, 39, 27, 10, 19, 10, 30, 2, 8, 39]
    Edit distance: 11/20
  Sample 1:
    TRUE: [27, 16, 7, 39, 26, 11, 7, 2, 28, 30, 39, 28, 10, 34, 27, 2, 20, 39, 28, 5, 22, 8, 39, 20, 16, 31, 2, 14, 27, 1, 13, 28, 39]
    PRED: [27, 10, 19, 28, 39, 26, 0, 27, 7, 30, 39, 20, 10, 34, 2, 20, 39, 28, 5, 22, 39, 20, 10, 27, 3, 13, 39]
    Edit distance: 16/33
  Sample 2:
    TRUE: [28, 24, 39, 27, 33, 20, 37, 39, 35, 17, 39, 21, 12, 8, 39, 16, 22, 39, 2, 22, 2, 6, 1, 29, 30, 39, 19, 2, 20, 33, 38, 2, 22, 39]
    PRED: [28, 24, 39, 27, 25, 20, 37, 39, 35, 17, 39, 21, 12, 22, 39, 16, 22, 39, 2, 22, 11, 34, 29, 39, 19, 2, 20, 33, 38, 2, 22, 39]
    Edit distance: 6/34
  Sample 3:
    TRUE: [20, 3, 27, 17, 37, 39, 19, 0, 28, 30, 33, 21, 39, 22, 17, 8, 2, 8, 39, 6, 20, 1, 19, 39, 14, 20, 2, 34, 37, 39, 30, 33, 39, 6, 17, 39, 19, 2, 21, 26, 20, 17, 30, 20, 17, 39, 10, 20, 2, 14, 2, 22, 30, 39]
    PRED: [27, 5, 27, 16, 17, 39, 19, 0, 28, 30, 2, 21, 39, 22, 17, 8, 39, 6, 20, 2, 19, 39, 20, 2, 34, 37, 39, 30, 33, 39, 6, 17, 39, 19, 2, 21, 26, 17, 30, 20, 39, 10, 20, 2, 22, 39]
    Edit distance: 14/54
  Sample 4:
    TRUE: [9, 2, 39, 30, 33, 31, 39, 13, 10, 27, 17, 39, 13, 11, 14, 0, 30, 39, 30, 33, 39, 19, 2, 21, 39, 35, 10, 22, 39, 27, 0, 18, 11, 37, 39, 30, 33, 31, 39, 13, 10, 20, 39, 4, 30, 39]
    PRED: [9, 2, 39, 30, 33, 13, 31, 39, 34, 10, 27, 17, 39, 27, 16, 17, 0, 30, 39, 30, 33, 39, 19, 2, 21, 39, 27, 1, 22, 39, 27, 10, 26, 7, 11, 39, 22, 33, 31, 39, 13, 10, 20, 39, 4, 30, 39]
    Edit distance: 12/46

============================================================
Batch 30000 | Val PER: 0.1961
============================================================
  Sample 0:
    TRUE: [31, 17, 0, 19, 27, 2, 28, 17, 39, 27, 17, 19, 2, 22, 28, 16, 8, 11, 8, 39]
    PRED: [19, 27, 0, 19, 27, 2, 28, 39, 27, 10, 14, 19, 10, 8, 30, 2, 8, 39]
    Edit distance: 11/20
  Sample 1:
    TRUE: [27, 16, 7, 39, 26, 11, 7, 2, 28, 30, 39, 28, 10, 34, 27, 2, 20, 39, 28, 5, 22, 8, 39, 20, 16, 31, 2, 14, 27, 1, 13, 28, 39]
    PRED: [27, 10, 19, 39, 26, 0, 27, 7, 2, 39, 28, 10, 34, 2, 20, 39, 28, 5, 8, 37, 39, 20, 10, 27, 24, 13, 39]
    Edit distance: 15/33
  Sample 2:
    TRUE: [28, 24, 39, 27, 33, 20, 37, 39, 35, 17, 39, 21, 12, 8, 39, 16, 22, 39, 2, 22, 2, 6, 1, 29, 30, 39, 19, 2, 20, 33, 38, 2, 22, 39]
    PRED: [9, 2, 39, 27, 25, 20, 37, 39, 35, 17, 39, 21, 12, 22, 39, 16, 22, 39, 16, 22, 8, 11, 21, 34, 1, 28, 29, 39, 19, 2, 20, 24, 38, 2, 22, 39]
    Edit distance: 12/34
  Sample 3:
    TRUE: [20, 3, 27, 17, 37, 39, 19, 0, 28, 30, 33, 21, 39, 22, 17, 8, 2, 8, 39, 6, 20, 1, 19, 39, 14, 20, 2, 34, 37, 39, 30, 33, 39, 6, 17, 39, 19, 2, 21, 26, 20, 17, 30, 20, 17, 39, 10, 20, 2, 14, 2, 22, 30, 39]
    PRED: [27, 25, 27, 16, 39, 19, 0, 28, 30, 21, 39, 22, 17, 8, 39, 6, 2, 19, 39, 20, 0, 6, 37, 39, 30, 33, 39, 6, 17, 39, 19, 0, 21, 26, 17, 20, 11, 39, 10, 20, 2, 22, 8, 39]
    Edit distance: 19/54
  Sample 4:
    TRUE: [9, 2, 39, 30, 33, 31, 39, 13, 10, 27, 17, 39, 13, 11, 14, 0, 30, 39, 30, 33, 39, 19, 2, 21, 39, 35, 10, 22, 39, 27, 0, 18, 11, 37, 39, 30, 33, 31, 39, 13, 10, 20, 39, 4, 30, 39]
    PRED: [9, 2, 39, 30, 27, 33, 31, 39, 34, 10, 27, 17, 39, 27, 16, 0, 30, 8, 39, 30, 33, 39, 19, 2, 21, 39, 27, 1, 22, 39, 27, 10, 18, 11, 39, 31, 33, 8, 39, 13, 10, 20, 39, 4, 30, 39]
    Edit distance: 12/46

============================================================
Batch 30500 | Val PER: 0.1984
============================================================
  Sample 0:
    TRUE: [31, 17, 0, 19, 27, 2, 28, 17, 39, 27, 17, 19, 2, 22, 28, 16, 8, 11, 8, 39]
    PRED: [19, 27, 0, 19, 11, 28, 39, 27, 10, 14, 10, 27, 30, 2, 8, 39]
    Edit distance: 13/20
  Sample 1:
    TRUE: [27, 16, 7, 39, 26, 11, 7, 2, 28, 30, 39, 28, 10, 34, 27, 2, 20, 39, 28, 5, 22, 8, 39, 20, 16, 31, 2, 14, 27, 1, 13, 28, 39]
    PRED: [27, 10, 19, 39, 26, 0, 27, 7, 2, 7, 30, 39, 28, 10, 34, 2, 20, 39, 28, 5, 22, 8, 39, 20, 10, 27, 11, 39, 24, 13, 39]
    Edit distance: 13/33
  Sample 2:
    TRUE: [28, 24, 39, 27, 33, 20, 37, 39, 35, 17, 39, 21, 12, 8, 39, 16, 22, 39, 2, 22, 2, 6, 1, 29, 30, 39, 19, 2, 20, 33, 38, 2, 22, 39]
    PRED: [15, 4, 39, 27, 25, 20, 37, 39, 35, 17, 39, 21, 10, 8, 39, 16, 22, 39, 16, 22, 11, 34, 1, 28, 39, 19, 2, 20, 33, 38, 2, 22, 39]
    Edit distance: 9/34
  Sample 3:
    TRUE: [20, 3, 27, 17, 37, 39, 19, 0, 28, 30, 33, 21, 39, 22, 17, 8, 2, 8, 39, 6, 20, 1, 19, 39, 14, 20, 2, 34, 37, 39, 30, 33, 39, 6, 17, 39, 19, 2, 21, 26, 20, 17, 30, 20, 17, 39, 10, 20, 2, 14, 2, 22, 30, 39]
    PRED: [27, 33, 16, 39, 19, 1, 28, 27, 21, 37, 39, 22, 17, 8, 39, 6, 20, 1, 19, 39, 20, 5, 13, 39, 30, 33, 39, 6, 17, 39, 19, 0, 21, 26, 17, 30, 20, 17, 39, 10, 20, 2, 22, 39]
    Edit distance: 19/54
  Sample 4:
    TRUE: [9, 2, 39, 30, 33, 31, 39, 13, 10, 27, 17, 39, 13, 11, 14, 0, 30, 39, 30, 33, 39, 19, 2, 21, 39, 35, 10, 22, 39, 27, 0, 18, 11, 37, 39, 30, 33, 31, 39, 13, 10, 20, 39, 4, 30, 39]
    PRED: [9, 2, 39, 30, 33, 31, 39, 34, 10, 27, 17, 39, 27, 16, 0, 19, 30, 39, 30, 33, 39, 19, 2, 21, 39, 27, 1, 22, 8, 39, 27, 3, 20, 18, 11, 37, 39, 31, 33, 31, 39, 13, 10, 20, 39, 4, 30, 39]
    Edit distance: 11/46

============================================================
Batch 31000 | Val PER: 0.1933
============================================================
  Sample 0:
    TRUE: [31, 17, 0, 19, 27, 2, 28, 17, 39, 27, 17, 19, 2, 22, 28, 16, 8, 11, 8, 39]
    PRED: [19, 0, 0, 19, 16, 28, 19, 39, 27, 10, 19, 0, 10, 30, 2, 8, 39]
    Edit distance: 12/20
  Sample 1:
    TRUE: [27, 16, 7, 39, 26, 11, 7, 2, 28, 30, 39, 28, 10, 34, 27, 2, 20, 39, 28, 5, 22, 8, 39, 20, 16, 31, 2, 14, 27, 1, 13, 28, 39]
    PRED: [27, 10, 19, 39, 26, 3, 27, 7, 29, 30, 39, 10, 34, 2, 20, 39, 28, 4, 22, 39, 20, 10, 2, 0, 13, 39]
    Edit distance: 16/33
  Sample 2:
    TRUE: [28, 24, 39, 27, 33, 20, 37, 39, 35, 17, 39, 21, 12, 8, 39, 16, 22, 39, 2, 22, 2, 6, 1, 29, 30, 39, 19, 2, 20, 33, 38, 2, 22, 39]
    PRED: [9, 2, 39, 27, 25, 20, 37, 39, 35, 17, 39, 21, 12, 8, 39, 16, 22, 39, 16, 22, 8, 11, 34, 21, 1, 29, 39, 19, 2, 20, 33, 38, 2, 22, 39]
    Edit distance: 9/34
  Sample 3:
    TRUE: [20, 3, 27, 17, 37, 39, 19, 0, 28, 30, 33, 21, 39, 22, 17, 8, 2, 8, 39, 6, 20, 1, 19, 39, 14, 20, 2, 34, 37, 39, 30, 33, 39, 6, 17, 39, 19, 2, 21, 26, 20, 17, 30, 20, 17, 39, 10, 20, 2, 14, 2, 22, 30, 39]
    PRED: [19, 27, 3, 3, 39, 19, 0, 28, 30, 33, 21, 39, 22, 17, 8, 39, 6, 0, 19, 39, 20, 0, 6, 37, 39, 30, 33, 39, 6, 17, 39, 19, 0, 21, 26, 17, 30, 20, 17, 39, 10, 20, 2, 22, 30, 39]
    Edit distance: 15/54
  Sample 4:
    TRUE: [9, 2, 39, 30, 33, 31, 39, 13, 10, 27, 17, 39, 13, 11, 14, 0, 30, 39, 30, 33, 39, 19, 2, 21, 39, 35, 10, 22, 39, 27, 0, 18, 11, 37, 39, 30, 33, 31, 39, 13, 10, 20, 39, 4, 30, 39]
    PRED: [9, 2, 39, 30, 33, 31, 39, 34, 10, 27, 17, 39, 27, 16, 30, 0, 30, 39, 30, 33, 39, 19, 2, 21, 39, 27, 1, 22, 39, 27, 3, 18, 11, 39, 31, 33, 31, 39, 13, 16, 20, 39, 4, 30, 39]
    Edit distance: 10/46

============================================================
Batch 31500 | Val PER: 0.1978
============================================================
  Sample 0:
    TRUE: [31, 17, 0, 19, 27, 2, 28, 17, 39, 27, 17, 19, 2, 22, 28, 16, 8, 11, 8, 39]
    PRED: [19, 0, 19, 14, 2, 28, 19, 39, 27, 10, 14, 0, 8, 16, 30, 2, 8, 39]
    Edit distance: 11/20
  Sample 1:
    TRUE: [27, 16, 7, 39, 26, 11, 7, 2, 28, 30, 39, 28, 10, 34, 27, 2, 20, 39, 28, 5, 22, 8, 39, 20, 16, 31, 2, 14, 27, 1, 13, 28, 39]
    PRED: [35, 10, 19, 39, 26, 0, 27, 7, 30, 39, 10, 34, 2, 20, 39, 28, 5, 22, 37, 39, 20, 10, 20, 24, 24, 13, 39]
    Edit distance: 17/33
  Sample 2:
    TRUE: [28, 24, 39, 27, 33, 20, 37, 39, 35, 17, 39, 21, 12, 8, 39, 16, 22, 39, 2, 22, 2, 6, 1, 29, 30, 39, 19, 2, 20, 33, 38, 2, 22, 39]
    PRED: [9, 2, 39, 27, 33, 20, 37, 39, 35, 17, 39, 21, 12, 8, 39, 16, 22, 39, 2, 22, 8, 11, 21, 2, 29, 39, 19, 2, 20, 33, 38, 2, 22, 39]
    Edit distance: 7/34
  Sample 3:
    TRUE: [20, 3, 27, 17, 37, 39, 19, 0, 28, 30, 33, 21, 39, 22, 17, 8, 2, 8, 39, 6, 20, 1, 19, 39, 14, 20, 2, 34, 37, 39, 30, 33, 39, 6, 17, 39, 19, 2, 21, 26, 20, 17, 30, 20, 17, 39, 10, 20, 2, 14, 2, 22, 30, 39]
    PRED: [27, 3, 27, 16, 39, 19, 2, 28, 30, 33, 21, 39, 22, 17, 8, 39, 6, 27, 2, 19, 39, 20, 0, 6, 37, 39, 30, 33, 39, 6, 17, 39, 0, 21, 26, 17, 20, 11, 39, 10, 20, 2, 22, 39]
    Edit distance: 19/54
  Sample 4:
    TRUE: [9, 2, 39, 30, 33, 31, 39, 13, 10, 27, 17, 39, 13, 11, 14, 0, 30, 39, 30, 33, 39, 19, 2, 21, 39, 35, 10, 22, 39, 27, 0, 18, 11, 37, 39, 30, 33, 31, 39, 13, 10, 20, 39, 4, 30, 39]
    PRED: [9, 2, 39, 30, 36, 33, 31, 39, 34, 10, 27, 36, 2, 39, 27, 16, 0, 30, 39, 30, 33, 39, 19, 2, 21, 39, 27, 2, 22, 39, 35, 0, 7, 11, 39, 30, 33, 31, 39, 13, 12, 20, 39, 4, 30, 39]
    Edit distance: 13/46

============================================================
Batch 32000 | Val PER: 0.1955
============================================================
  Sample 0:
    TRUE: [31, 17, 0, 19, 27, 2, 28, 17, 39, 27, 17, 19, 2, 22, 28, 16, 8, 11, 8, 39]
    PRED: [17, 0, 19, 28, 39, 27, 16, 19, 24, 30, 16, 8, 39]
    Edit distance: 10/20
  Sample 1:
    TRUE: [27, 16, 7, 39, 26, 11, 7, 2, 28, 30, 39, 28, 10, 34, 27, 2, 20, 39, 28, 5, 22, 8, 39, 20, 16, 31, 2, 14, 27, 1, 13, 28, 39]
    PRED: [27, 10, 19, 28, 39, 26, 3, 27, 7, 2, 39, 10, 34, 2, 20, 39, 28, 5, 22, 37, 39, 10, 2, 14, 27, 1, 13, 39]
    Edit distance: 14/33
  Sample 2:
    TRUE: [28, 24, 39, 27, 33, 20, 37, 39, 35, 17, 39, 21, 12, 8, 39, 16, 22, 39, 2, 22, 2, 6, 1, 29, 30, 39, 19, 2, 20, 33, 38, 2, 22, 39]
    PRED: [9, 2, 39, 27, 25, 20, 37, 39, 35, 17, 39, 27, 17, 21, 10, 22, 8, 39, 16, 22, 39, 16, 22, 11, 34, 21, 2, 28, 39, 2, 20, 33, 38, 2, 22, 39]
    Edit distance: 14/34
  Sample 3:
    TRUE: [20, 3, 27, 17, 37, 39, 19, 0, 28, 30, 33, 21, 39, 22, 17, 8, 2, 8, 39, 6, 20, 1, 19, 39, 14, 20, 2, 34, 37, 39, 30, 33, 39, 6, 17, 39, 19, 2, 21, 26, 20, 17, 30, 20, 17, 39, 10, 20, 2, 14, 2, 22, 30, 39]
    PRED: [27, 33, 27, 17, 39, 19, 1, 30, 33, 21, 39, 22, 17, 8, 39, 6, 1, 19, 39, 20, 2, 34, 37, 39, 30, 33, 39, 6, 17, 39, 19, 0, 21, 26, 17, 30, 20, 17, 39, 10, 20, 2, 22, 8, 39]
    Edit distance: 14/54
  Sample 4:
    TRUE: [9, 2, 39, 30, 33, 31, 39, 13, 10, 27, 17, 39, 13, 11, 14, 0, 30, 39, 30, 33, 39, 19, 2, 21, 39, 35, 10, 22, 39, 27, 0, 18, 11, 37, 39, 30, 33, 31, 39, 13, 10, 20, 39, 4, 30, 39]
    PRED: [9, 2, 39, 36, 33, 31, 39, 34, 10, 27, 17, 39, 27, 16, 30, 0, 19, 30, 39, 30, 33, 39, 19, 2, 21, 39, 27, 1, 22, 8, 39, 27, 10, 7, 11, 39, 36, 33, 31, 39, 13, 10, 20, 39, 4, 30, 39]
    Edit distance: 13/46

============================================================
Batch 32500 | Val PER: 0.1943
============================================================
  Sample 0:
    TRUE: [31, 17, 0, 19, 27, 2, 28, 17, 39, 27, 17, 19, 2, 22, 28, 16, 8, 11, 8, 39]
    PRED: [27, 0, 19, 10, 28, 39, 27, 16, 14, 19, 0, 30, 2, 8, 39]
    Edit distance: 13/20
  Sample 1:
    TRUE: [27, 16, 7, 39, 26, 11, 7, 2, 28, 30, 39, 28, 10, 34, 27, 2, 20, 39, 28, 5, 22, 8, 39, 20, 16, 31, 2, 14, 27, 1, 13, 28, 39]
    PRED: [27, 10, 19, 28, 39, 26, 0, 27, 7, 39, 20, 10, 34, 2, 20, 39, 28, 5, 8, 37, 39, 20, 10, 20, 2, 1, 13, 39]
    Edit distance: 17/33
  Sample 2:
    TRUE: [28, 24, 39, 27, 33, 20, 37, 39, 35, 17, 39, 21, 12, 8, 39, 16, 22, 39, 2, 22, 2, 6, 1, 29, 30, 39, 19, 2, 20, 33, 38, 2, 22, 39]
    PRED: [15, 2, 39, 27, 25, 20, 37, 39, 35, 17, 39, 27, 21, 12, 8, 39, 16, 22, 39, 16, 22, 8, 11, 21, 2, 28, 30, 39, 15, 2, 20, 33, 38, 2, 22, 39]
    Edit distance: 11/34
  Sample 3:
    TRUE: [20, 3, 27, 17, 37, 39, 19, 0, 28, 30, 33, 21, 39, 22, 17, 8, 2, 8, 39, 6, 20, 1, 19, 39, 14, 20, 2, 34, 37, 39, 30, 33, 39, 6, 17, 39, 19, 2, 21, 26, 20, 17, 30, 20, 17, 39, 10, 20, 2, 14, 2, 22, 30, 39]
    PRED: [19, 3, 27, 17, 39, 19, 0, 28, 30, 33, 21, 37, 39, 22, 17, 8, 39, 6, 20, 5, 19, 39, 20, 5, 34, 37, 39, 30, 33, 39, 6, 17, 39, 19, 2, 21, 26, 17, 30, 20, 11, 17, 39, 10, 20, 2, 22, 39]
    Edit distance: 13/54
  Sample 4:
    TRUE: [9, 2, 39, 30, 33, 31, 39, 13, 10, 27, 17, 39, 13, 11, 14, 0, 30, 39, 30, 33, 39, 19, 2, 21, 39, 35, 10, 22, 39, 27, 0, 18, 11, 37, 39, 30, 33, 31, 39, 13, 10, 20, 39, 4, 30, 39]
    PRED: [9, 2, 39, 30, 33, 31, 39, 34, 10, 27, 17, 39, 27, 16, 30, 0, 19, 30, 39, 30, 33, 39, 19, 2, 21, 39, 27, 2, 22, 39, 35, 10, 18, 11, 39, 31, 11, 31, 39, 13, 12, 20, 39, 4, 30, 39]
    Edit distance: 13/46

============================================================
Batch 33000 | Val PER: 0.1952
============================================================
  Sample 0:
    TRUE: [31, 17, 0, 19, 27, 2, 28, 17, 39, 27, 17, 19, 2, 22, 28, 16, 8, 11, 8, 39]
    PRED: [19, 0, 28, 19, 28, 39, 27, 16, 14, 17, 30, 2, 8, 39]
    Edit distance: 14/20
  Sample 1:
    TRUE: [27, 16, 7, 39, 26, 11, 7, 2, 28, 30, 39, 28, 10, 34, 27, 2, 20, 39, 28, 5, 22, 8, 39, 20, 16, 31, 2, 14, 27, 1, 13, 28, 39]
    PRED: [27, 10, 19, 39, 26, 0, 27, 7, 39, 28, 10, 34, 11, 2, 20, 39, 28, 5, 22, 39, 20, 10, 20, 27, 1, 13, 39]
    Edit distance: 14/33
  Sample 2:
    TRUE: [28, 24, 39, 27, 33, 20, 37, 39, 35, 17, 39, 21, 12, 8, 39, 16, 22, 39, 2, 22, 2, 6, 1, 29, 30, 39, 19, 2, 20, 33, 38, 2, 22, 39]
    PRED: [9, 2, 39, 27, 25, 20, 37, 39, 35, 17, 39, 27, 16, 21, 10, 22, 8, 39, 16, 22, 39, 16, 22, 8, 11, 21, 2, 28, 29, 39, 19, 2, 20, 33, 38, 2, 22, 39]
    Edit distance: 14/34
  Sample 3:
    TRUE: [20, 3, 27, 17, 37, 39, 19, 0, 28, 30, 33, 21, 39, 22, 17, 8, 2, 8, 39, 6, 20, 1, 19, 39, 14, 20, 2, 34, 37, 39, 30, 33, 39, 6, 17, 39, 19, 2, 21, 26, 20, 17, 30, 20, 17, 39, 10, 20, 2, 14, 2, 22, 30, 39]
    PRED: [27, 33, 27, 16, 28, 39, 19, 1, 28, 30, 0, 21, 39, 22, 17, 8, 39, 21, 2, 19, 39, 20, 27, 2, 6, 37, 39, 30, 33, 39, 6, 17, 39, 19, 2, 21, 26, 17, 30, 20, 17, 39, 10, 20, 2, 22, 8, 39]
    Edit distance: 18/54
  Sample 4:
    TRUE: [9, 2, 39, 30, 33, 31, 39, 13, 10, 27, 17, 39, 13, 11, 14, 0, 30, 39, 30, 33, 39, 19, 2, 21, 39, 35, 10, 22, 39, 27, 0, 18, 11, 37, 39, 30, 33, 31, 39, 13, 10, 20, 39, 4, 30, 39]
    PRED: [9, 2, 39, 30, 36, 33, 31, 39, 34, 1, 20, 36, 17, 2, 39, 27, 16, 30, 0, 19, 30, 39, 30, 33, 39, 19, 2, 21, 39, 27, 10, 22, 39, 27, 12, 7, 18, 11, 39, 31, 33, 31, 39, 13, 10, 20, 39, 4, 30, 39]
    Edit distance: 15/46

============================================================
Batch 33500 | Val PER: 0.1978
============================================================
  Sample 0:
    TRUE: [31, 17, 0, 19, 27, 2, 28, 17, 39, 27, 17, 19, 2, 22, 28, 16, 8, 11, 8, 39]
    PRED: [17, 0, 19, 2, 28, 39, 16, 14, 1, 22, 12, 30, 16, 8, 39]
    Edit distance: 11/20
  Sample 1:
    TRUE: [27, 16, 7, 39, 26, 11, 7, 2, 28, 30, 39, 28, 10, 34, 27, 2, 20, 39, 28, 5, 22, 8, 39, 20, 16, 31, 2, 14, 27, 1, 13, 28, 39]
    PRED: [27, 12, 19, 28, 39, 26, 0, 27, 7, 2, 39, 28, 10, 34, 2, 20, 39, 28, 5, 22, 39, 20, 16, 27, 24, 39, 27, 24, 13, 39]
    Edit distance: 14/33
  Sample 2:
    TRUE: [28, 24, 39, 27, 33, 20, 37, 39, 35, 17, 39, 21, 12, 8, 39, 16, 22, 39, 2, 22, 2, 6, 1, 29, 30, 39, 19, 2, 20, 33, 38, 2, 22, 39]
    PRED: [9, 2, 39, 27, 25, 20, 37, 39, 35, 17, 39, 27, 21, 10, 22, 39, 16, 22, 39, 16, 22, 8, 11, 6, 21, 12, 28, 30, 39, 15, 2, 20, 33, 38, 2, 22, 39]
    Edit distance: 13/34
  Sample 3:
    TRUE: [20, 3, 27, 17, 37, 39, 19, 0, 28, 30, 33, 21, 39, 22, 17, 8, 2, 8, 39, 6, 20, 1, 19, 39, 14, 20, 2, 34, 37, 39, 30, 33, 39, 6, 17, 39, 19, 2, 21, 26, 20, 17, 30, 20, 17, 39, 10, 20, 2, 14, 2, 22, 30, 39]
    PRED: [35, 3, 27, 11, 39, 19, 0, 30, 0, 21, 39, 22, 17, 8, 39, 6, 0, 19, 39, 20, 27, 0, 13, 37, 39, 30, 33, 39, 6, 17, 39, 19, 2, 21, 26, 17, 30, 20, 17, 39, 10, 20, 2, 22, 39]
    Edit distance: 17/54
  Sample 4:
    TRUE: [9, 2, 39, 30, 33, 31, 39, 13, 10, 27, 17, 39, 13, 11, 14, 0, 30, 39, 30, 33, 39, 19, 2, 21, 39, 35, 10, 22, 39, 27, 0, 18, 11, 37, 39, 30, 33, 31, 39, 13, 10, 20, 39, 4, 30, 39]
    PRED: [9, 2, 39, 28, 33, 31, 39, 34, 10, 27, 35, 17, 39, 27, 16, 3, 0, 19, 30, 19, 39, 30, 33, 39, 19, 2, 21, 39, 27, 1, 22, 39, 35, 12, 7, 18, 11, 37, 39, 28, 33, 31, 39, 13, 12, 20, 39, 4, 30, 39]
    Edit distance: 15/46

============================================================
Batch 34000 | Val PER: 0.1930
============================================================
  Sample 0:
    TRUE: [31, 17, 0, 19, 27, 2, 28, 17, 39, 27, 17, 19, 2, 22, 28, 16, 8, 11, 8, 39]
    PRED: [27, 0, 19, 2, 28, 39, 10, 14, 1, 12, 30, 2, 8, 39]
    Edit distance: 13/20
  Sample 1:
    TRUE: [27, 16, 7, 39, 26, 11, 7, 2, 28, 30, 39, 28, 10, 34, 27, 2, 20, 39, 28, 5, 22, 8, 39, 20, 16, 31, 2, 14, 27, 1, 13, 28, 39]
    PRED: [27, 10, 19, 28, 39, 26, 0, 27, 7, 39, 27, 10, 34, 2, 20, 39, 28, 5, 22, 37, 39, 20, 16, 20, 2, 1, 13, 39]
    Edit distance: 15/33
  Sample 2:
    TRUE: [28, 24, 39, 27, 33, 20, 37, 39, 35, 17, 39, 21, 12, 8, 39, 16, 22, 39, 2, 22, 2, 6, 1, 29, 30, 39, 19, 2, 20, 33, 38, 2, 22, 39]
    PRED: [9, 2, 39, 27, 33, 20, 37, 39, 35, 17, 39, 27, 17, 21, 12, 8, 39, 16, 22, 39, 2, 22, 11, 21, 2, 28, 29, 39, 19, 2, 20, 33, 38, 2, 22, 39]
    Edit distance: 9/34
  Sample 3:
    TRUE: [20, 3, 27, 17, 37, 39, 19, 0, 28, 30, 33, 21, 39, 22, 17, 8, 2, 8, 39, 6, 20, 1, 19, 39, 14, 20, 2, 34, 37, 39, 30, 33, 39, 6, 17, 39, 19, 2, 21, 26, 20, 17, 30, 20, 17, 39, 10, 20, 2, 14, 2, 22, 30, 39]
    PRED: [27, 5, 27, 17, 11, 39, 19, 0, 28, 30, 24, 21, 39, 22, 17, 8, 39, 6, 5, 19, 39, 27, 2, 6, 37, 39, 30, 33, 39, 6, 17, 39, 19, 2, 21, 26, 36, 17, 20, 11, 39, 10, 20, 2, 22, 8, 39]
    Edit distance: 17/54
  Sample 4:
    TRUE: [9, 2, 39, 30, 33, 31, 39, 13, 10, 27, 17, 39, 13, 11, 14, 0, 30, 39, 30, 33, 39, 19, 2, 21, 39, 35, 10, 22, 39, 27, 0, 18, 11, 37, 39, 30, 33, 31, 39, 13, 10, 20, 39, 4, 30, 39]
    PRED: [9, 2, 39, 36, 33, 31, 39, 34, 10, 35, 17, 2, 39, 27, 16, 0, 19, 30, 2, 30, 39, 30, 33, 39, 19, 2, 21, 39, 27, 10, 22, 39, 27, 10, 18, 11, 39, 36, 33, 31, 39, 13, 12, 20, 39, 4, 8, 39]
    Edit distance: 16/46

============================================================
Batch 34500 | Val PER: 0.1922
============================================================
  Sample 0:
    TRUE: [31, 17, 0, 19, 27, 2, 28, 17, 39, 27, 17, 19, 2, 22, 28, 16, 8, 11, 8, 39]
    PRED: [27, 0, 14, 27, 2, 28, 39, 24, 17, 30, 2, 8, 39]
    Edit distance: 11/20
  Sample 1:
    TRUE: [27, 16, 7, 39, 26, 11, 7, 2, 28, 30, 39, 28, 10, 34, 27, 2, 20, 39, 28, 5, 22, 8, 39, 20, 16, 31, 2, 14, 27, 1, 13, 28, 39]
    PRED: [27, 10, 19, 39, 26, 0, 7, 39, 28, 10, 34, 2, 20, 39, 28, 5, 8, 37, 39, 20, 10, 31, 20, 24, 39, 3, 13, 39]
    Edit distance: 15/33
  Sample 2:
    TRUE: [28, 24, 39, 27, 33, 20, 37, 39, 35, 17, 39, 21, 12, 8, 39, 16, 22, 39, 2, 22, 2, 6, 1, 29, 30, 39, 19, 2, 20, 33, 38, 2, 22, 39]
    PRED: [9, 24, 39, 27, 25, 20, 37, 39, 35, 17, 39, 21, 12, 8, 39, 16, 22, 39, 16, 22, 8, 11, 34, 2, 28, 30, 39, 30, 2, 20, 33, 38, 2, 22, 39]
    Edit distance: 9/34
  Sample 3:
    TRUE: [20, 3, 27, 17, 37, 39, 19, 0, 28, 30, 33, 21, 39, 22, 17, 8, 2, 8, 39, 6, 20, 1, 19, 39, 14, 20, 2, 34, 37, 39, 30, 33, 39, 6, 17, 39, 19, 2, 21, 26, 20, 17, 30, 20, 17, 39, 10, 20, 2, 14, 2, 22, 30, 39]
    PRED: [27, 3, 27, 16, 11, 39, 19, 0, 28, 33, 21, 39, 22, 17, 8, 39, 6, 0, 19, 39, 27, 2, 6, 37, 39, 30, 33, 39, 6, 17, 39, 19, 2, 21, 26, 17, 20, 17, 39, 10, 20, 2, 22, 39]
    Edit distance: 16/54
  Sample 4:
    TRUE: [9, 2, 39, 30, 33, 31, 39, 13, 10, 27, 17, 39, 13, 11, 14, 0, 30, 39, 30, 33, 39, 19, 2, 21, 39, 35, 10, 22, 39, 27, 0, 18, 11, 37, 39, 30, 33, 31, 39, 13, 10, 20, 39, 4, 30, 39]
    PRED: [9, 2, 39, 36, 33, 31, 39, 34, 4, 17, 39, 27, 16, 0, 19, 30, 39, 30, 33, 39, 19, 2, 21, 39, 27, 10, 22, 39, 27, 3, 11, 39, 31, 33, 31, 39, 13, 12, 20, 39, 4, 30, 39]
    Edit distance: 14/46

============================================================
Batch 35000 | Val PER: 0.1906
============================================================
  Sample 0:
    TRUE: [31, 17, 0, 19, 27, 2, 28, 17, 39, 27, 17, 19, 2, 22, 28, 16, 8, 11, 8, 39]
    PRED: [0, 19, 29, 39, 27, 16, 19, 33, 30, 2, 8, 39]
    Edit distance: 13/20
  Sample 1:
    TRUE: [27, 16, 7, 39, 26, 11, 7, 2, 28, 30, 39, 28, 10, 34, 27, 2, 20, 39, 28, 5, 22, 8, 39, 20, 16, 31, 2, 14, 27, 1, 13, 28, 39]
    PRED: [27, 10, 19, 28, 39, 26, 0, 27, 29, 2, 37, 39, 28, 10, 34, 2, 20, 39, 28, 5, 22, 37, 39, 8, 16, 2, 14, 27, 1, 13, 39]
    Edit distance: 13/33
  Sample 2:
    TRUE: [28, 24, 39, 27, 33, 20, 37, 39, 35, 17, 39, 21, 12, 8, 39, 16, 22, 39, 2, 22, 2, 6, 1, 29, 30, 39, 19, 2, 20, 33, 38, 2, 22, 39]
    PRED: [28, 24, 39, 27, 33, 20, 37, 39, 35, 17, 39, 21, 12, 8, 39, 16, 22, 39, 16, 22, 16, 11, 34, 2, 29, 39, 19, 2, 20, 33, 38, 2, 22, 39]
    Edit distance: 6/34
  Sample 3:
    TRUE: [20, 3, 27, 17, 37, 39, 19, 0, 28, 30, 33, 21, 39, 22, 17, 8, 2, 8, 39, 6, 20, 1, 19, 39, 14, 20, 2, 34, 37, 39, 30, 33, 39, 6, 17, 39, 19, 2, 21, 26, 20, 17, 30, 20, 17, 39, 10, 20, 2, 14, 2, 22, 30, 39]
    PRED: [27, 3, 27, 16, 17, 39, 19, 0, 28, 2, 21, 39, 22, 17, 8, 39, 6, 21, 0, 19, 39, 20, 2, 34, 37, 39, 30, 33, 39, 6, 17, 39, 19, 2, 21, 26, 17, 36, 20, 11, 39, 10, 20, 2, 22, 39]
    Edit distance: 16/54
  Sample 4:
    TRUE: [9, 2, 39, 30, 33, 31, 39, 13, 10, 27, 17, 39, 13, 11, 14, 0, 30, 39, 30, 33, 39, 19, 2, 21, 39, 35, 10, 22, 39, 27, 0, 18, 11, 37, 39, 30, 33, 31, 39, 13, 10, 20, 39, 4, 30, 39]
    PRED: [9, 2, 39, 36, 33, 31, 39, 34, 10, 27, 17, 39, 27, 16, 0, 19, 30, 39, 30, 33, 39, 19, 2, 21, 39, 27, 2, 22, 39, 27, 10, 18, 11, 2, 39, 36, 33, 31, 13, 12, 20, 39, 4, 30, 39]
    Edit distance: 13/46

============================================================
Batch 35500 | Val PER: 0.1918
============================================================
  Sample 0:
    TRUE: [31, 17, 0, 19, 27, 2, 28, 17, 39, 27, 17, 19, 2, 22, 28, 16, 8, 11, 8, 39]
    PRED: [27, 0, 0, 19, 30, 10, 28, 30, 39, 27, 10, 0, 30, 16, 8, 39]
    Edit distance: 12/20
  Sample 1:
    TRUE: [27, 16, 7, 39, 26, 11, 7, 2, 28, 30, 39, 28, 10, 34, 27, 2, 20, 39, 28, 5, 22, 8, 39, 20, 16, 31, 2, 14, 27, 1, 13, 28, 39]
    PRED: [27, 10, 19, 28, 39, 26, 0, 27, 18, 2, 39, 28, 10, 34, 2, 20, 39, 28, 4, 22, 37, 39, 28, 10, 20, 2, 27, 1, 13, 39]
    Edit distance: 16/33
  Sample 2:
    TRUE: [28, 24, 39, 27, 33, 20, 37, 39, 35, 17, 39, 21, 12, 8, 39, 16, 22, 39, 2, 22, 2, 6, 1, 29, 30, 39, 19, 2, 20, 33, 38, 2, 22, 39]
    PRED: [28, 24, 39, 27, 33, 20, 37, 39, 35, 17, 39, 21, 12, 8, 39, 16, 22, 39, 16, 22, 8, 11, 21, 2, 28, 39, 19, 2, 20, 33, 38, 2, 22, 39]
    Edit distance: 6/34
  Sample 3:
    TRUE: [20, 3, 27, 17, 37, 39, 19, 0, 28, 30, 33, 21, 39, 22, 17, 8, 2, 8, 39, 6, 20, 1, 19, 39, 14, 20, 2, 34, 37, 39, 30, 33, 39, 6, 17, 39, 19, 2, 21, 26, 20, 17, 30, 20, 17, 39, 10, 20, 2, 14, 2, 22, 30, 39]
    PRED: [27, 3, 27, 35, 16, 37, 39, 19, 2, 28, 33, 21, 39, 22, 17, 8, 39, 6, 21, 0, 19, 39, 20, 2, 34, 6, 37, 39, 30, 33, 39, 6, 17, 39, 19, 0, 21, 26, 17, 20, 17, 39, 10, 20, 2, 22, 39]
    Edit distance: 17/54
  Sample 4:
    TRUE: [9, 2, 39, 30, 33, 31, 39, 13, 10, 27, 17, 39, 13, 11, 14, 0, 30, 39, 30, 33, 39, 19, 2, 21, 39, 35, 10, 22, 39, 27, 0, 18, 11, 37, 39, 30, 33, 31, 39, 13, 10, 20, 39, 4, 30, 39]
    PRED: [9, 2, 39, 36, 33, 31, 39, 34, 1, 20, 36, 17, 39, 26, 27, 17, 0, 19, 30, 39, 30, 33, 39, 19, 2, 21, 39, 27, 1, 22, 39, 27, 10, 18, 11, 37, 39, 22, 33, 31, 39, 13, 12, 20, 39, 4, 30, 39]
    Edit distance: 14/46

============================================================
Batch 36000 | Val PER: 0.1916
============================================================
  Sample 0:
    TRUE: [31, 17, 0, 19, 27, 2, 28, 17, 39, 27, 17, 19, 2, 22, 28, 16, 8, 11, 8, 39]
    PRED: [0, 19, 28, 39, 16, 19, 0, 30, 16, 8, 39]
    Edit distance: 12/20
  Sample 1:
    TRUE: [27, 16, 7, 39, 26, 11, 7, 2, 28, 30, 39, 28, 10, 34, 27, 2, 20, 39, 28, 5, 22, 8, 39, 20, 16, 31, 2, 14, 27, 1, 13, 28, 39]
    PRED: [35, 17, 19, 39, 26, 0, 27, 18, 2, 37, 30, 39, 10, 34, 2, 20, 39, 28, 5, 8, 37, 39, 20, 16, 20, 27, 24, 13, 39]
    Edit distance: 16/33
  Sample 2:
    TRUE: [28, 24, 39, 27, 33, 20, 37, 39, 35, 17, 39, 21, 12, 8, 39, 16, 22, 39, 2, 22, 2, 6, 1, 29, 30, 39, 19, 2, 20, 33, 38, 2, 22, 39]
    PRED: [9, 2, 39, 27, 33, 20, 37, 39, 35, 17, 39, 21, 10, 8, 39, 16, 22, 39, 16, 22, 8, 11, 34, 0, 2, 28, 39, 19, 2, 20, 33, 38, 2, 22, 39]
    Edit distance: 10/34
  Sample 3:
    TRUE: [20, 3, 27, 17, 37, 39, 19, 0, 28, 30, 33, 21, 39, 22, 17, 8, 2, 8, 39, 6, 20, 1, 19, 39, 14, 20, 2, 34, 37, 39, 30, 33, 39, 6, 17, 39, 19, 2, 21, 26, 20, 17, 30, 20, 17, 39, 10, 20, 2, 14, 2, 22, 30, 39]
    PRED: [27, 3, 16, 28, 39, 19, 2, 28, 30, 33, 21, 37, 39, 22, 17, 8, 39, 6, 2, 19, 39, 20, 0, 34, 37, 39, 30, 33, 39, 6, 17, 39, 19, 2, 21, 26, 17, 30, 20, 17, 39, 2, 20, 2, 22, 39]
    Edit distance: 17/54
  Sample 4:
    TRUE: [9, 2, 39, 30, 33, 31, 39, 13, 10, 27, 17, 39, 13, 11, 14, 0, 30, 39, 30, 33, 39, 19, 2, 21, 39, 35, 10, 22, 39, 27, 0, 18, 11, 37, 39, 30, 33, 31, 39, 13, 10, 20, 39, 4, 30, 39]
    PRED: [9, 2, 39, 27, 33, 31, 39, 34, 1, 27, 35, 17, 39, 27, 16, 30, 39, 30, 33, 39, 19, 2, 21, 39, 27, 2, 22, 39, 35, 10, 7, 11, 37, 39, 31, 33, 8, 39, 13, 12, 20, 39, 4, 30, 39]
    Edit distance: 16/46

============================================================
Batch 36500 | Val PER: 0.1914
============================================================
  Sample 0:
    TRUE: [31, 17, 0, 19, 27, 2, 28, 17, 39, 27, 17, 19, 2, 22, 28, 16, 8, 11, 8, 39]
    PRED: [19, 27, 0, 19, 2, 28, 30, 39, 27, 24, 19, 27, 10, 22, 30, 2, 8, 39]
    Edit distance: 11/20
  Sample 1:
    TRUE: [27, 16, 7, 39, 26, 11, 7, 2, 28, 30, 39, 28, 10, 34, 27, 2, 20, 39, 28, 5, 22, 8, 39, 20, 16, 31, 2, 14, 27, 1, 13, 28, 39]
    PRED: [27, 10, 19, 28, 39, 26, 0, 27, 7, 2, 7, 30, 39, 27, 10, 34, 2, 20, 39, 28, 5, 22, 37, 39, 20, 10, 10, 20, 2, 14, 27, 24, 13, 28, 39]
    Edit distance: 13/33
  Sample 2:
    TRUE: [28, 24, 39, 27, 33, 20, 37, 39, 35, 17, 39, 21, 12, 8, 39, 16, 22, 39, 2, 22, 2, 6, 1, 29, 30, 39, 19, 2, 20, 33, 38, 2, 22, 39]
    PRED: [28, 24, 39, 27, 33, 20, 37, 39, 35, 17, 39, 17, 21, 12, 22, 8, 39, 16, 22, 39, 16, 22, 27, 11, 34, 2, 28, 30, 39, 19, 2, 20, 33, 38, 2, 22, 39]
    Edit distance: 8/34
  Sample 3:
    TRUE: [20, 3, 27, 17, 37, 39, 19, 0, 28, 30, 33, 21, 39, 22, 17, 8, 2, 8, 39, 6, 20, 1, 19, 39, 14, 20, 2, 34, 37, 39, 30, 33, 39, 6, 17, 39, 19, 2, 21, 26, 20, 17, 30, 20, 17, 39, 10, 20, 2, 14, 2, 22, 30, 39]
    PRED: [27, 3, 27, 12, 37, 39, 19, 2, 28, 30, 33, 21, 39, 22, 17, 8, 39, 6, 2, 19, 39, 20, 0, 6, 37, 39, 30, 33, 39, 6, 17, 39, 19, 2, 21, 26, 17, 30, 20, 17, 39, 10, 20, 2, 22, 39]
    Edit distance: 14/54
  Sample 4:
    TRUE: [9, 2, 39, 30, 33, 31, 39, 13, 10, 27, 17, 39, 13, 11, 14, 0, 30, 39, 30, 33, 39, 19, 2, 21, 39, 35, 10, 22, 39, 27, 0, 18, 11, 37, 39, 30, 33, 31, 39, 13, 10, 20, 39, 4, 30, 39]
    PRED: [9, 2, 39, 27, 33, 31, 39, 34, 10, 27, 17, 2, 39, 27, 17, 0, 19, 30, 2, 30, 39, 30, 33, 39, 19, 2, 21, 39, 27, 10, 22, 8, 39, 27, 18, 2, 37, 39, 31, 33, 31, 39, 13, 12, 20, 39, 4, 30, 39]
    Edit distance: 15/46

============================================================
Batch 37000 | Val PER: 0.1907
============================================================
  Sample 0:
    TRUE: [31, 17, 0, 19, 27, 2, 28, 17, 39, 27, 17, 19, 2, 22, 28, 16, 8, 11, 8, 39]
    PRED: [27, 0, 14, 11, 28, 39, 27, 16, 1, 22, 30, 2, 8, 39]
    Edit distance: 13/20
  Sample 1:
    TRUE: [27, 16, 7, 39, 26, 11, 7, 2, 28, 30, 39, 28, 10, 34, 27, 2, 20, 39, 28, 5, 22, 8, 39, 20, 16, 31, 2, 14, 27, 1, 13, 28, 39]
    PRED: [27, 10, 19, 39, 26, 0, 27, 7, 2, 37, 39, 10, 34, 2, 20, 39, 28, 5, 22, 37, 39, 20, 10, 20, 2, 39, 27, 2, 13, 39]
    Edit distance: 14/33
  Sample 2:
    TRUE: [28, 24, 39, 27, 33, 20, 37, 39, 35, 17, 39, 21, 12, 8, 39, 16, 22, 39, 2, 22, 2, 6, 1, 29, 30, 39, 19, 2, 20, 33, 38, 2, 22, 39]
    PRED: [15, 24, 39, 27, 33, 20, 37, 39, 35, 17, 39, 21, 12, 8, 39, 16, 22, 39, 16, 22, 11, 2, 34, 1, 28, 39, 19, 2, 20, 33, 38, 2, 22, 39]
    Edit distance: 6/34
  Sample 3:
    TRUE: [20, 3, 27, 17, 37, 39, 19, 0, 28, 30, 33, 21, 39, 22, 17, 8, 2, 8, 39, 6, 20, 1, 19, 39, 14, 20, 2, 34, 37, 39, 30, 33, 39, 6, 17, 39, 19, 2, 21, 26, 20, 17, 30, 20, 17, 39, 10, 20, 2, 14, 2, 22, 30, 39]
    PRED: [27, 3, 27, 16, 11, 39, 19, 1, 28, 30, 2, 21, 39, 22, 17, 8, 37, 39, 6, 2, 19, 39, 20, 0, 6, 37, 39, 30, 33, 39, 6, 17, 39, 19, 2, 21, 26, 17, 30, 20, 11, 39, 10, 20, 2, 22, 39]
    Edit distance: 17/54
  Sample 4:
    TRUE: [9, 2, 39, 30, 33, 31, 39, 13, 10, 27, 17, 39, 13, 11, 14, 0, 30, 39, 30, 33, 39, 19, 2, 21, 39, 35, 10, 22, 39, 27, 0, 18, 11, 37, 39, 30, 33, 31, 39, 13, 10, 20, 39, 4, 30, 39]
    PRED: [9, 2, 39, 27, 33, 31, 39, 34, 4, 27, 2, 39, 27, 16, 30, 3, 19, 30, 39, 30, 33, 39, 19, 2, 21, 39, 27, 1, 22, 39, 27, 10, 7, 11, 37, 39, 31, 33, 31, 39, 13, 4, 20, 39, 4, 30, 39]
    Edit distance: 15/46

============================================================
Batch 37500 | Val PER: 0.1882
============================================================
  Sample 0:
    TRUE: [31, 17, 0, 19, 27, 2, 28, 17, 39, 27, 17, 19, 2, 22, 28, 16, 8, 11, 8, 39]
    PRED: [19, 27, 10, 0, 0, 14, 2, 28, 39, 27, 16, 14, 27, 0, 22, 30, 16, 8, 39]
    Edit distance: 13/20
  Sample 1:
    TRUE: [27, 16, 7, 39, 26, 11, 7, 2, 28, 30, 39, 28, 10, 34, 27, 2, 20, 39, 28, 5, 22, 8, 39, 20, 16, 31, 2, 14, 27, 1, 13, 28, 39]
    PRED: [27, 17, 19, 39, 26, 0, 27, 7, 2, 37, 39, 30, 1, 34, 2, 20, 39, 28, 5, 22, 8, 39, 20, 10, 20, 14, 27, 1, 13, 39]
    Edit distance: 13/33
  Sample 2:
    TRUE: [28, 24, 39, 27, 33, 20, 37, 39, 35, 17, 39, 21, 12, 8, 39, 16, 22, 39, 2, 22, 2, 6, 1, 29, 30, 39, 19, 2, 20, 33, 38, 2, 22, 39]
    PRED: [9, 24, 39, 27, 33, 20, 37, 39, 35, 17, 39, 27, 21, 12, 22, 8, 39, 16, 22, 39, 16, 22, 16, 11, 2, 34, 2, 28, 39, 19, 2, 20, 33, 38, 2, 22, 39]
    Edit distance: 10/34
  Sample 3:
    TRUE: [20, 3, 27, 17, 37, 39, 19, 0, 28, 30, 33, 21, 39, 22, 17, 8, 2, 8, 39, 6, 20, 1, 19, 39, 14, 20, 2, 34, 37, 39, 30, 33, 39, 6, 17, 39, 19, 2, 21, 26, 20, 17, 30, 20, 17, 39, 10, 20, 2, 14, 2, 22, 30, 39]
    PRED: [27, 3, 27, 39, 19, 1, 28, 30, 2, 21, 39, 22, 17, 8, 39, 6, 20, 0, 19, 39, 20, 0, 6, 37, 39, 30, 33, 39, 6, 17, 39, 19, 2, 21, 26, 17, 30, 20, 39, 10, 20, 2, 22, 39]
    Edit distance: 16/54
  Sample 4:
    TRUE: [9, 2, 39, 30, 33, 31, 39, 13, 10, 27, 17, 39, 13, 11, 14, 0, 30, 39, 30, 33, 39, 19, 2, 21, 39, 35, 10, 22, 39, 27, 0, 18, 11, 37, 39, 30, 33, 31, 39, 13, 10, 20, 39, 4, 30, 39]
    PRED: [9, 2, 39, 30, 27, 33, 31, 39, 34, 12, 27, 36, 2, 39, 27, 16, 0, 19, 30, 2, 39, 30, 33, 39, 19, 2, 21, 39, 27, 10, 22, 39, 27, 10, 18, 11, 37, 39, 30, 33, 31, 39, 13, 10, 20, 39, 4, 30, 39]
    Edit distance: 12/46

============================================================
Batch 38000 | Val PER: 0.1888
============================================================
  Sample 0:
    TRUE: [31, 17, 0, 19, 27, 2, 28, 17, 39, 27, 17, 19, 2, 22, 28, 16, 8, 11, 8, 39]
    PRED: [27, 0, 14, 2, 28, 30, 39, 27, 10, 19, 27, 0, 30, 2, 8, 39]
    Edit distance: 12/20
  Sample 1:
    TRUE: [27, 16, 7, 39, 26, 11, 7, 2, 28, 30, 39, 28, 10, 34, 27, 2, 20, 39, 28, 5, 22, 8, 39, 20, 16, 31, 2, 14, 27, 1, 13, 28, 39]
    PRED: [27, 10, 19, 39, 26, 0, 27, 7, 2, 7, 37, 39, 27, 10, 34, 11, 39, 14, 4, 22, 37, 39, 8, 10, 10, 20, 27, 1, 13, 39]
    Edit distance: 19/33
  Sample 2:
    TRUE: [28, 24, 39, 27, 33, 20, 37, 39, 35, 17, 39, 21, 12, 8, 39, 16, 22, 39, 2, 22, 2, 6, 1, 29, 30, 39, 19, 2, 20, 33, 38, 2, 22, 39]
    PRED: [9, 2, 39, 27, 33, 20, 37, 39, 35, 17, 39, 27, 21, 17, 22, 8, 39, 16, 22, 39, 2, 22, 11, 34, 6, 10, 28, 39, 19, 2, 20, 33, 38, 2, 22, 39]
    Edit distance: 10/34
  Sample 3:
    TRUE: [20, 3, 27, 17, 37, 39, 19, 0, 28, 30, 33, 21, 39, 22, 17, 8, 2, 8, 39, 6, 20, 1, 19, 39, 14, 20, 2, 34, 37, 39, 30, 33, 39, 6, 17, 39, 19, 2, 21, 26, 20, 17, 30, 20, 17, 39, 10, 20, 2, 14, 2, 22, 30, 39]
    PRED: [27, 25, 27, 16, 39, 19, 1, 28, 30, 2, 21, 39, 22, 17, 8, 39, 6, 27, 2, 19, 39, 27, 0, 6, 37, 39, 30, 33, 39, 6, 17, 39, 19, 2, 21, 26, 17, 30, 20, 11, 39, 10, 20, 2, 22, 39]
    Edit distance: 19/54
  Sample 4:
    TRUE: [9, 2, 39, 30, 33, 31, 39, 13, 10, 27, 17, 39, 13, 11, 14, 0, 30, 39, 30, 33, 39, 19, 2, 21, 39, 35, 10, 22, 39, 27, 0, 18, 11, 37, 39, 30, 33, 31, 39, 13, 10, 20, 39, 4, 30, 39]
    PRED: [9, 2, 39, 36, 33, 31, 39, 34, 1, 20, 36, 33, 2, 39, 27, 16, 0, 19, 30, 39, 30, 33, 39, 19, 2, 21, 39, 35, 10, 22, 39, 27, 10, 18, 11, 37, 39, 33, 31, 39, 13, 10, 20, 39, 4, 30, 39]
    Edit distance: 13/46

============================================================
Batch 38500 | Val PER: 0.1912
============================================================
  Sample 0:
    TRUE: [31, 17, 0, 19, 27, 2, 28, 17, 39, 27, 17, 19, 2, 22, 28, 16, 8, 11, 8, 39]
    PRED: [27, 0, 0, 19, 2, 28, 30, 39, 27, 16, 19, 5, 30, 2, 8, 39]
    Edit distance: 11/20
  Sample 1:
    TRUE: [27, 16, 7, 39, 26, 11, 7, 2, 28, 30, 39, 28, 10, 34, 27, 2, 20, 39, 28, 5, 22, 8, 39, 20, 16, 31, 2, 14, 27, 1, 13, 28, 39]
    PRED: [27, 10, 19, 39, 26, 25, 28, 7, 30, 39, 10, 34, 2, 20, 39, 28, 5, 22, 8, 39, 20, 10, 20, 2, 14, 27, 1, 13, 39]
    Edit distance: 11/33
  Sample 2:
    TRUE: [28, 24, 39, 27, 33, 20, 37, 39, 35, 17, 39, 21, 12, 8, 39, 16, 22, 39, 2, 22, 2, 6, 1, 29, 30, 39, 19, 2, 20, 33, 38, 2, 22, 39]
    PRED: [9, 2, 39, 27, 33, 20, 37, 39, 35, 17, 39, 27, 21, 12, 22, 8, 39, 16, 22, 39, 16, 22, 3, 11, 34, 21, 2, 28, 39, 19, 2, 20, 33, 38, 2, 22, 39]
    Edit distance: 11/34
  Sample 3:
    TRUE: [20, 3, 27, 17, 37, 39, 19, 0, 28, 30, 33, 21, 39, 22, 17, 8, 2, 8, 39, 6, 20, 1, 19, 39, 14, 20, 2, 34, 37, 39, 30, 33, 39, 6, 17, 39, 19, 2, 21, 26, 20, 17, 30, 20, 17, 39, 10, 20, 2, 14, 2, 22, 30, 39]
    PRED: [19, 27, 3, 27, 16, 39, 19, 1, 28, 30, 33, 21, 39, 22, 17, 8, 39, 6, 20, 2, 19, 39, 20, 0, 6, 37, 39, 30, 33, 39, 6, 17, 39, 19, 0, 21, 26, 17, 30, 20, 17, 39, 10, 20, 2, 22, 39]
    Edit distance: 16/54
  Sample 4:
    TRUE: [9, 2, 39, 30, 33, 31, 39, 13, 10, 27, 17, 39, 13, 11, 14, 0, 30, 39, 30, 33, 39, 19, 2, 21, 39, 35, 10, 22, 39, 27, 0, 18, 11, 37, 39, 30, 33, 31, 39, 13, 10, 20, 39, 4, 30, 39]
    PRED: [9, 2, 39, 36, 33, 31, 39, 34, 1, 20, 36, 17, 39, 27, 16, 0, 19, 30, 2, 8, 39, 30, 33, 39, 19, 2, 21, 39, 27, 1, 22, 39, 27, 10, 18, 11, 37, 39, 31, 11, 31, 39, 13, 12, 20, 39, 4, 30, 39]
    Edit distance: 17/46

============================================================
Batch 39000 | Val PER: 0.1934
============================================================
  Sample 0:
    TRUE: [31, 17, 0, 19, 27, 2, 28, 17, 39, 27, 17, 19, 2, 22, 28, 16, 8, 11, 8, 39]
    PRED: [30, 0, 28, 19, 2, 28, 30, 39, 27, 16, 19, 0, 30, 2, 8, 39]
    Edit distance: 12/20
  Sample 1:
    TRUE: [27, 16, 7, 39, 26, 11, 7, 2, 28, 30, 39, 28, 10, 34, 27, 2, 20, 39, 28, 5, 22, 8, 39, 20, 16, 31, 2, 14, 27, 1, 13, 28, 39]
    PRED: [27, 10, 19, 39, 26, 25, 27, 7, 2, 37, 39, 28, 10, 34, 2, 20, 39, 15, 4, 22, 37, 8, 39, 8, 16, 10, 20, 2, 3, 13, 39]
    Edit distance: 17/33
  Sample 2:
    TRUE: [28, 24, 39, 27, 33, 20, 37, 39, 35, 17, 39, 21, 12, 8, 39, 16, 22, 39, 2, 22, 2, 6, 1, 29, 30, 39, 19, 2, 20, 33, 38, 2, 22, 39]
    PRED: [28, 4, 39, 27, 25, 20, 37, 39, 35, 17, 39, 27, 17, 21, 12, 22, 8, 39, 16, 22, 39, 16, 22, 11, 34, 2, 28, 39, 19, 2, 20, 33, 38, 2, 22, 39]
    Edit distance: 11/34
  Sample 3:
    TRUE: [20, 3, 27, 17, 37, 39, 19, 0, 28, 30, 33, 21, 39, 22, 17, 8, 2, 8, 39, 6, 20, 1, 19, 39, 14, 20, 2, 34, 37, 39, 30, 33, 39, 6, 17, 39, 19, 2, 21, 26, 20, 17, 30, 20, 17, 39, 10, 20, 2, 14, 2, 22, 30, 39]
    PRED: [19, 3, 27, 16, 11, 39, 19, 4, 28, 30, 21, 39, 22, 17, 8, 39, 6, 27, 2, 19, 39, 20, 0, 13, 37, 39, 30, 33, 39, 6, 17, 39, 19, 2, 21, 26, 17, 30, 20, 11, 39, 10, 20, 2, 22, 30, 39]
    Edit distance: 16/54
  Sample 4:
    TRUE: [9, 2, 39, 30, 33, 31, 39, 13, 10, 27, 17, 39, 13, 11, 14, 0, 30, 39, 30, 33, 39, 19, 2, 21, 39, 35, 10, 22, 39, 27, 0, 18, 11, 37, 39, 30, 33, 31, 39, 13, 10, 20, 39, 4, 30, 39]
    PRED: [9, 2, 39, 30, 27, 33, 31, 39, 34, 10, 27, 17, 2, 39, 26, 27, 16, 0, 30, 2, 39, 30, 33, 39, 19, 2, 21, 39, 27, 2, 22, 39, 27, 10, 18, 11, 37, 39, 13, 33, 31, 39, 13, 4, 20, 39, 4, 30, 39]
    Edit distance: 12/46

============================================================
Batch 39500 | Val PER: 0.1914
============================================================
  Sample 0:
    TRUE: [31, 17, 0, 19, 27, 2, 28, 17, 39, 27, 17, 19, 2, 22, 28, 16, 8, 11, 8, 39]
    PRED: [27, 10, 0, 19, 2, 28, 39, 27, 10, 10, 30, 2, 8, 39]
    Edit distance: 12/20
  Sample 1:
    TRUE: [27, 16, 7, 39, 26, 11, 7, 2, 28, 30, 39, 28, 10, 34, 27, 2, 20, 39, 28, 5, 22, 8, 39, 20, 16, 31, 2, 14, 27, 1, 13, 28, 39]
    PRED: [35, 17, 19, 28, 39, 26, 3, 28, 7, 39, 10, 34, 2, 20, 39, 5, 22, 37, 8, 39, 28, 10, 20, 2, 24, 13, 30, 39]
    Edit distance: 19/33
  Sample 2:
    TRUE: [28, 24, 39, 27, 33, 20, 37, 39, 35, 17, 39, 21, 12, 8, 39, 16, 22, 39, 2, 22, 2, 6, 1, 29, 30, 39, 19, 2, 20, 33, 38, 2, 22, 39]
    PRED: [9, 2, 39, 27, 33, 20, 37, 39, 35, 17, 39, 17, 21, 10, 22, 39, 16, 22, 39, 16, 22, 16, 34, 10, 28, 30, 39, 19, 2, 20, 33, 38, 2, 22, 39]
    Edit distance: 10/34
  Sample 3:
    TRUE: [20, 3, 27, 17, 37, 39, 19, 0, 28, 30, 33, 21, 39, 22, 17, 8, 2, 8, 39, 6, 20, 1, 19, 39, 14, 20, 2, 34, 37, 39, 30, 33, 39, 6, 17, 39, 19, 2, 21, 26, 20, 17, 30, 20, 17, 39, 10, 20, 2, 14, 2, 22, 30, 39]
    PRED: [19, 27, 3, 27, 28, 39, 19, 1, 28, 30, 33, 21, 39, 22, 17, 8, 39, 6, 21, 0, 19, 39, 20, 0, 6, 37, 39, 30, 33, 39, 6, 17, 39, 19, 0, 21, 26, 17, 30, 20, 11, 39, 10, 20, 2, 22, 30, 39]
    Edit distance: 17/54
  Sample 4:
    TRUE: [9, 2, 39, 30, 33, 31, 39, 13, 10, 27, 17, 39, 13, 11, 14, 0, 30, 39, 30, 33, 39, 19, 2, 21, 39, 35, 10, 22, 39, 27, 0, 18, 11, 37, 39, 30, 33, 31, 39, 13, 10, 20, 39, 4, 30, 39]
    PRED: [9, 2, 39, 27, 33, 31, 39, 34, 10, 27, 17, 39, 27, 17, 0, 19, 30, 2, 8, 39, 30, 33, 39, 19, 2, 21, 39, 35, 10, 22, 39, 27, 10, 18, 11, 37, 39, 31, 11, 31, 39, 13, 12, 20, 39, 4, 30, 39]
    Edit distance: 12/46

============================================================
Batch 40000 | Val PER: 0.1893
============================================================
  Sample 0:
    TRUE: [31, 17, 0, 19, 27, 2, 28, 17, 39, 27, 17, 19, 2, 22, 28, 16, 8, 11, 8, 39]
    PRED: [19, 27, 0, 19, 2, 28, 39, 27, 10, 19, 0, 30, 2, 8, 39]
    Edit distance: 11/20
  Sample 1:
    TRUE: [27, 16, 7, 39, 26, 11, 7, 2, 28, 30, 39, 28, 10, 34, 27, 2, 20, 39, 28, 5, 22, 8, 39, 20, 16, 31, 2, 14, 27, 1, 13, 28, 39]
    PRED: [27, 10, 19, 28, 39, 26, 25, 27, 7, 2, 39, 27, 10, 34, 2, 20, 39, 28, 5, 22, 37, 8, 39, 28, 10, 20, 3, 13, 39]
    Edit distance: 18/33
  Sample 2:
    TRUE: [28, 24, 39, 27, 33, 20, 37, 39, 35, 17, 39, 21, 12, 8, 39, 16, 22, 39, 2, 22, 2, 6, 1, 29, 30, 39, 19, 2, 20, 33, 38, 2, 22, 39]
    PRED: [9, 2, 39, 27, 33, 20, 37, 39, 35, 17, 39, 21, 12, 22, 2, 8, 39, 16, 22, 39, 16, 22, 16, 11, 34, 2, 28, 39, 19, 2, 20, 33, 38, 2, 22, 39]
    Edit distance: 10/34
  Sample 3:
    TRUE: [20, 3, 27, 17, 37, 39, 19, 0, 28, 30, 33, 21, 39, 22, 17, 8, 2, 8, 39, 6, 20, 1, 19, 39, 14, 20, 2, 34, 37, 39, 30, 33, 39, 6, 17, 39, 19, 2, 21, 26, 20, 17, 30, 20, 17, 39, 10, 20, 2, 14, 2, 22, 30, 39]
    PRED: [19, 3, 27, 16, 3, 39, 19, 1, 28, 30, 2, 21, 39, 22, 17, 8, 39, 6, 2, 19, 39, 20, 10, 6, 37, 39, 30, 33, 39, 6, 17, 39, 19, 2, 21, 26, 17, 20, 11, 39, 10, 20, 2, 22, 39]
    Edit distance: 18/54
  Sample 4:
    TRUE: [9, 2, 39, 30, 33, 31, 39, 13, 10, 27, 17, 39, 13, 11, 14, 0, 30, 39, 30, 33, 39, 19, 2, 21, 39, 35, 10, 22, 39, 27, 0, 18, 11, 37, 39, 30, 33, 31, 39, 13, 10, 20, 39, 4, 30, 39]
    PRED: [9, 2, 39, 30, 33, 31, 39, 34, 1, 20, 36, 17, 39, 27, 16, 0, 19, 30, 2, 39, 30, 33, 39, 19, 2, 21, 39, 35, 2, 22, 39, 35, 10, 14, 11, 37, 39, 31, 33, 31, 39, 13, 12, 20, 39, 4, 30, 39]
    Edit distance: 15/46

============================================================
Batch 40500 | Val PER: 0.1880
============================================================
  Sample 0:
    TRUE: [31, 17, 0, 19, 27, 2, 28, 17, 39, 27, 17, 19, 2, 22, 28, 16, 8, 11, 8, 39]
    PRED: [19, 0, 0, 19, 11, 28, 39, 27, 10, 19, 12, 30, 16, 8, 39]
    Edit distance: 11/20
  Sample 1:
    TRUE: [27, 16, 7, 39, 26, 11, 7, 2, 28, 30, 39, 28, 10, 34, 27, 2, 20, 39, 28, 5, 22, 8, 39, 20, 16, 31, 2, 14, 27, 1, 13, 28, 39]
    PRED: [35, 10, 19, 28, 39, 26, 25, 27, 29, 7, 2, 39, 30, 27, 10, 34, 2, 20, 39, 28, 5, 22, 37, 39, 20, 16, 10, 20, 16, 13, 39]
    Edit distance: 18/33
  Sample 2:
    TRUE: [28, 24, 39, 27, 33, 20, 37, 39, 35, 17, 39, 21, 12, 8, 39, 16, 22, 39, 2, 22, 2, 6, 1, 29, 30, 39, 19, 2, 20, 33, 38, 2, 22, 39]
    PRED: [9, 2, 39, 27, 33, 20, 37, 39, 35, 17, 39, 27, 21, 12, 22, 8, 39, 16, 22, 39, 16, 22, 16, 34, 2, 28, 39, 19, 2, 20, 33, 38, 2, 22, 39]
    Edit distance: 10/34
  Sample 3:
    TRUE: [20, 3, 27, 17, 37, 39, 19, 0, 28, 30, 33, 21, 39, 22, 17, 8, 2, 8, 39, 6, 20, 1, 19, 39, 14, 20, 2, 34, 37, 39, 30, 33, 39, 6, 17, 39, 19, 2, 21, 26, 20, 17, 30, 20, 17, 39, 10, 20, 2, 14, 2, 22, 30, 39]
    PRED: [19, 27, 3, 27, 16, 39, 19, 1, 28, 30, 2, 21, 39, 22, 17, 8, 39, 6, 21, 0, 19, 39, 20, 2, 34, 37, 39, 30, 33, 39, 6, 17, 39, 19, 2, 21, 26, 17, 30, 20, 17, 39, 10, 20, 2, 22, 39]
    Edit distance: 15/54
  Sample 4:
    TRUE: [9, 2, 39, 30, 33, 31, 39, 13, 10, 27, 17, 39, 13, 11, 14, 0, 30, 39, 30, 33, 39, 19, 2, 21, 39, 35, 10, 22, 39, 27, 0, 18, 11, 37, 39, 30, 33, 31, 39, 13, 10, 20, 39, 4, 30, 39]
    PRED: [9, 2, 39, 30, 33, 31, 39, 34, 10, 17, 39, 27, 16, 0, 19, 30, 39, 30, 33, 39, 19, 2, 21, 39, 35, 2, 22, 39, 27, 10, 11, 37, 39, 31, 33, 31, 39, 13, 12, 20, 39, 4, 30, 39]
    Edit distance: 11/46

============================================================
Batch 41000 | Val PER: 0.1898
============================================================
  Sample 0:
    TRUE: [31, 17, 0, 19, 27, 2, 28, 17, 39, 27, 17, 19, 2, 22, 28, 16, 8, 11, 8, 39]
    PRED: [19, 27, 0, 19, 2, 28, 39, 27, 10, 30, 16, 8, 39]
    Edit distance: 11/20
  Sample 1:
    TRUE: [27, 16, 7, 39, 26, 11, 7, 2, 28, 30, 39, 28, 10, 34, 27, 2, 20, 39, 28, 5, 22, 8, 39, 20, 16, 31, 2, 14, 27, 1, 13, 28, 39]
    PRED: [27, 5, 28, 39, 26, 0, 28, 7, 2, 37, 39, 10, 34, 2, 20, 39, 28, 5, 22, 8, 39, 20, 10, 20, 2, 1, 13, 39]
    Edit distance: 13/33
  Sample 2:
    TRUE: [28, 24, 39, 27, 33, 20, 37, 39, 35, 17, 39, 21, 12, 8, 39, 16, 22, 39, 2, 22, 2, 6, 1, 29, 30, 39, 19, 2, 20, 33, 38, 2, 22, 39]
    PRED: [9, 2, 39, 27, 33, 20, 37, 39, 35, 17, 39, 21, 12, 22, 8, 39, 16, 22, 39, 16, 22, 16, 34, 2, 28, 39, 19, 2, 20, 33, 38, 2, 22, 39]
    Edit distance: 9/34
  Sample 3:
    TRUE: [20, 3, 27, 17, 37, 39, 19, 0, 28, 30, 33, 21, 39, 22, 17, 8, 2, 8, 39, 6, 20, 1, 19, 39, 14, 20, 2, 34, 37, 39, 30, 33, 39, 6, 17, 39, 19, 2, 21, 26, 20, 17, 30, 20, 17, 39, 10, 20, 2, 14, 2, 22, 30, 39]
    PRED: [19, 27, 3, 27, 16, 11, 39, 19, 1, 28, 2, 21, 39, 22, 17, 8, 39, 6, 0, 19, 39, 20, 5, 34, 37, 39, 30, 33, 39, 6, 17, 39, 19, 0, 21, 26, 2, 30, 20, 11, 39, 16, 20, 2, 22, 30, 39]
    Edit distance: 20/54
  Sample 4:
    TRUE: [9, 2, 39, 30, 33, 31, 39, 13, 10, 27, 17, 39, 13, 11, 14, 0, 30, 39, 30, 33, 39, 19, 2, 21, 39, 35, 10, 22, 39, 27, 0, 18, 11, 37, 39, 30, 33, 31, 39, 13, 10, 20, 39, 4, 30, 39]
    PRED: [9, 2, 39, 30, 33, 31, 39, 34, 10, 17, 39, 27, 16, 30, 3, 19, 30, 39, 30, 33, 39, 19, 2, 21, 39, 35, 10, 22, 39, 27, 10, 18, 11, 37, 39, 31, 11, 31, 39, 13, 12, 20, 39, 4, 30, 39]
    Edit distance: 11/46

============================================================
Batch 41500 | Val PER: 0.1943
============================================================
  Sample 0:
    TRUE: [31, 17, 0, 19, 27, 2, 28, 17, 39, 27, 17, 19, 2, 22, 28, 16, 8, 11, 8, 39]
    PRED: [9, 0, 19, 2, 28, 39, 27, 10, 14, 5, 22, 30, 16, 8, 39]
    Edit distance: 10/20
  Sample 1:
    TRUE: [27, 16, 7, 39, 26, 11, 7, 2, 28, 30, 39, 28, 10, 34, 27, 2, 20, 39, 28, 5, 22, 8, 39, 20, 16, 31, 2, 14, 27, 1, 13, 28, 39]
    PRED: [35, 17, 19, 39, 26, 0, 27, 7, 2, 37, 39, 20, 10, 34, 11, 39, 28, 4, 22, 37, 39, 28, 10, 20, 2, 24, 13, 39]
    Edit distance: 20/33
  Sample 2:
    TRUE: [28, 24, 39, 27, 33, 20, 37, 39, 35, 17, 39, 21, 12, 8, 39, 16, 22, 39, 2, 22, 2, 6, 1, 29, 30, 39, 19, 2, 20, 33, 38, 2, 22, 39]
    PRED: [9, 2, 39, 25, 20, 37, 39, 35, 17, 39, 21, 10, 22, 8, 39, 16, 22, 39, 16, 22, 2, 34, 2, 28, 39, 19, 2, 20, 33, 38, 2, 22, 39]
    Edit distance: 11/34
  Sample 3:
    TRUE: [20, 3, 27, 17, 37, 39, 19, 0, 28, 30, 33, 21, 39, 22, 17, 8, 2, 8, 39, 6, 20, 1, 19, 39, 14, 20, 2, 34, 37, 39, 30, 33, 39, 6, 17, 39, 19, 2, 21, 26, 20, 17, 30, 20, 17, 39, 10, 20, 2, 14, 2, 22, 30, 39]
    PRED: [27, 3, 27, 39, 19, 1, 28, 0, 21, 39, 22, 17, 8, 39, 6, 2, 19, 39, 20, 0, 34, 6, 37, 39, 30, 33, 39, 6, 17, 39, 19, 2, 21, 26, 17, 20, 11, 39, 17, 20, 2, 22, 39]
    Edit distance: 20/54
  Sample 4:
    TRUE: [9, 2, 39, 30, 33, 31, 39, 13, 10, 27, 17, 39, 13, 11, 14, 0, 30, 39, 30, 33, 39, 19, 2, 21, 39, 35, 10, 22, 39, 27, 0, 18, 11, 37, 39, 30, 33, 31, 39, 13, 10, 20, 39, 4, 30, 39]
    PRED: [9, 2, 39, 30, 33, 31, 39, 34, 1, 27, 17, 39, 27, 16, 0, 30, 39, 30, 33, 39, 19, 2, 21, 39, 35, 2, 22, 39, 35, 10, 11, 37, 39, 31, 11, 31, 39, 13, 12, 20, 39, 4, 30, 39]
    Edit distance: 12/46

============================================================
Batch 42000 | Val PER: 0.1905
============================================================
  Sample 0:
    TRUE: [31, 17, 0, 19, 27, 2, 28, 17, 39, 27, 17, 19, 2, 22, 28, 16, 8, 11, 8, 39]
    PRED: [19, 27, 0, 19, 30, 2, 28, 39, 27, 10, 19, 0, 30, 8, 39]
    Edit distance: 11/20
  Sample 1:
    TRUE: [27, 16, 7, 39, 26, 11, 7, 2, 28, 30, 39, 28, 10, 34, 27, 2, 20, 39, 28, 5, 22, 8, 39, 20, 16, 31, 2, 14, 27, 1, 13, 28, 39]
    PRED: [35, 10, 19, 28, 39, 26, 0, 27, 7, 2, 37, 30, 39, 30, 27, 10, 34, 2, 20, 39, 28, 5, 8, 39, 8, 10, 20, 2, 27, 1, 13, 39]
    Edit distance: 16/33
  Sample 2:
    TRUE: [28, 24, 39, 27, 33, 20, 37, 39, 35, 17, 39, 21, 12, 8, 39, 16, 22, 39, 2, 22, 2, 6, 1, 29, 30, 39, 19, 2, 20, 33, 38, 2, 22, 39]
    PRED: [9, 4, 39, 25, 20, 37, 39, 35, 17, 39, 21, 12, 22, 39, 16, 22, 39, 16, 22, 16, 2, 11, 2, 28, 39, 19, 2, 20, 33, 38, 2, 22, 39]
    Edit distance: 11/34
  Sample 3:
    TRUE: [20, 3, 27, 17, 37, 39, 19, 0, 28, 30, 33, 21, 39, 22, 17, 8, 2, 8, 39, 6, 20, 1, 19, 39, 14, 20, 2, 34, 37, 39, 30, 33, 39, 6, 17, 39, 19, 2, 21, 26, 20, 17, 30, 20, 17, 39, 10, 20, 2, 14, 2, 22, 30, 39]
    PRED: [19, 27, 3, 27, 16, 39, 19, 1, 30, 33, 21, 39, 22, 17, 8, 39, 6, 2, 19, 39, 20, 2, 34, 39, 30, 33, 39, 6, 17, 39, 19, 2, 21, 26, 17, 30, 20, 11, 39, 10, 20, 14, 2, 22, 39]
    Edit distance: 16/54
  Sample 4:
    TRUE: [9, 2, 39, 30, 33, 31, 39, 13, 10, 27, 17, 39, 13, 11, 14, 0, 30, 39, 30, 33, 39, 19, 2, 21, 39, 35, 10, 22, 39, 27, 0, 18, 11, 37, 39, 30, 33, 31, 39, 13, 10, 20, 39, 4, 30, 39]
    PRED: [9, 2, 39, 30, 27, 33, 31, 39, 34, 1, 35, 2, 39, 27, 16, 30, 19, 30, 39, 30, 33, 39, 19, 2, 21, 39, 35, 10, 22, 39, 35, 10, 11, 37, 39, 31, 11, 31, 39, 13, 12, 20, 39, 4, 30, 39]
    Edit distance: 15/46

============================================================
Batch 42500 | Val PER: 0.1874
============================================================
  Sample 0:
    TRUE: [31, 17, 0, 19, 27, 2, 28, 17, 39, 27, 17, 19, 2, 22, 28, 16, 8, 11, 8, 39]
    PRED: [27, 10, 0, 19, 11, 28, 39, 27, 10, 19, 0, 30, 16, 8, 39]
    Edit distance: 11/20
  Sample 1:
    TRUE: [27, 16, 7, 39, 26, 11, 7, 2, 28, 30, 39, 28, 10, 34, 27, 2, 20, 39, 28, 5, 22, 8, 39, 20, 16, 31, 2, 14, 27, 1, 13, 28, 39]
    PRED: [1, 19, 28, 39, 26, 0, 27, 7, 2, 30, 39, 28, 10, 34, 11, 20, 39, 28, 5, 22, 37, 39, 20, 10, 20, 11, 39, 27, 0, 13, 39]
    Edit distance: 15/33
  Sample 2:
    TRUE: [28, 24, 39, 27, 33, 20, 37, 39, 35, 17, 39, 21, 12, 8, 39, 16, 22, 39, 2, 22, 2, 6, 1, 29, 30, 39, 19, 2, 20, 33, 38, 2, 22, 39]
    PRED: [9, 2, 39, 27, 33, 20, 37, 39, 35, 17, 39, 21, 12, 22, 8, 39, 16, 22, 39, 16, 22, 11, 2, 28, 39, 19, 2, 20, 33, 38, 2, 22, 39]
    Edit distance: 9/34
  Sample 3:
    TRUE: [20, 3, 27, 17, 37, 39, 19, 0, 28, 30, 33, 21, 39, 22, 17, 8, 2, 8, 39, 6, 20, 1, 19, 39, 14, 20, 2, 34, 37, 39, 30, 33, 39, 6, 17, 39, 19, 2, 21, 26, 20, 17, 30, 20, 17, 39, 10, 20, 2, 14, 2, 22, 30, 39]
    PRED: [19, 27, 3, 27, 16, 39, 19, 1, 28, 33, 21, 39, 22, 17, 8, 39, 6, 21, 2, 19, 39, 20, 0, 6, 37, 39, 30, 33, 39, 6, 17, 39, 19, 2, 21, 26, 17, 30, 36, 11, 39, 10, 20, 2, 22, 39]
    Edit distance: 19/54
  Sample 4:
    TRUE: [9, 2, 39, 30, 33, 31, 39, 13, 10, 27, 17, 39, 13, 11, 14, 0, 30, 39, 30, 33, 39, 19, 2, 21, 39, 35, 10, 22, 39, 27, 0, 18, 11, 37, 39, 30, 33, 31, 39, 13, 10, 20, 39, 4, 30, 39]
    PRED: [9, 2, 39, 30, 33, 31, 39, 34, 10, 27, 17, 39, 27, 16, 17, 19, 30, 2, 8, 39, 30, 33, 39, 19, 2, 21, 39, 35, 2, 22, 39, 35, 10, 19, 11, 37, 39, 31, 11, 31, 39, 13, 10, 20, 39, 4, 30, 39]
    Edit distance: 13/46

============================================================
Batch 43000 | Val PER: 0.1881
============================================================
  Sample 0:
    TRUE: [31, 17, 0, 19, 27, 2, 28, 17, 39, 27, 17, 19, 2, 22, 28, 16, 8, 11, 8, 39]
    PRED: [27, 0, 0, 19, 30, 11, 28, 39, 27, 10, 19, 0, 10, 30, 16, 8, 39]
    Edit distance: 11/20
  Sample 1:
    TRUE: [27, 16, 7, 39, 26, 11, 7, 2, 28, 30, 39, 28, 10, 34, 27, 2, 20, 39, 28, 5, 22, 8, 39, 20, 16, 31, 2, 14, 27, 1, 13, 28, 39]
    PRED: [10, 19, 28, 39, 26, 0, 27, 29, 2, 30, 39, 10, 34, 11, 39, 5, 22, 37, 39, 20, 10, 20, 11, 0, 13, 39]
    Edit distance: 20/33
  Sample 2:
    TRUE: [28, 24, 39, 27, 33, 20, 37, 39, 35, 17, 39, 21, 12, 8, 39, 16, 22, 39, 2, 22, 2, 6, 1, 29, 30, 39, 19, 2, 20, 33, 38, 2, 22, 39]
    PRED: [9, 24, 39, 27, 33, 20, 37, 39, 35, 17, 39, 21, 10, 22, 8, 39, 16, 22, 39, 16, 22, 11, 34, 0, 2, 2, 19, 39, 19, 2, 20, 33, 38, 2, 22, 39]
    Edit distance: 10/34
  Sample 3:
    TRUE: [20, 3, 27, 17, 37, 39, 19, 0, 28, 30, 33, 21, 39, 22, 17, 8, 2, 8, 39, 6, 20, 1, 19, 39, 14, 20, 2, 34, 37, 39, 30, 33, 39, 6, 17, 39, 19, 2, 21, 26, 20, 17, 30, 20, 17, 39, 10, 20, 2, 14, 2, 22, 30, 39]
    PRED: [19, 3, 27, 11, 28, 39, 19, 1, 28, 30, 33, 21, 39, 22, 17, 34, 8, 39, 6, 2, 19, 39, 20, 2, 13, 39, 30, 33, 39, 6, 17, 39, 19, 0, 21, 26, 17, 30, 20, 11, 39, 10, 20, 2, 22, 39]
    Edit distance: 17/54
  Sample 4:
    TRUE: [9, 2, 39, 30, 33, 31, 39, 13, 10, 27, 17, 39, 13, 11, 14, 0, 30, 39, 30, 33, 39, 19, 2, 21, 39, 35, 10, 22, 39, 27, 0, 18, 11, 37, 39, 30, 33, 31, 39, 13, 10, 20, 39, 4, 30, 39]
    PRED: [9, 2, 39, 30, 33, 31, 39, 34, 4, 20, 11, 39, 27, 16, 30, 0, 19, 30, 39, 30, 33, 39, 19, 2, 21, 39, 35, 10, 22, 39, 35, 0, 7, 11, 37, 39, 31, 11, 31, 39, 13, 12, 20, 39, 4, 30, 39]
    Edit distance: 13/46

============================================================
Batch 43500 | Val PER: 0.1861
============================================================
  Sample 0:
    TRUE: [31, 17, 0, 19, 27, 2, 28, 17, 39, 27, 17, 19, 2, 22, 28, 16, 8, 11, 8, 39]
    PRED: [27, 0, 19, 14, 2, 28, 39, 27, 16, 19, 0, 22, 28, 30, 16, 8, 39]
    Edit distance: 9/20
  Sample 1:
    TRUE: [27, 16, 7, 39, 26, 11, 7, 2, 28, 30, 39, 28, 10, 34, 27, 2, 20, 39, 28, 5, 22, 8, 39, 20, 16, 31, 2, 14, 27, 1, 13, 28, 39]
    PRED: [1, 19, 28, 39, 26, 3, 27, 7, 2, 30, 39, 28, 10, 34, 2, 20, 39, 28, 5, 22, 37, 39, 20, 16, 20, 2, 39, 0, 13, 39]
    Edit distance: 13/33
  Sample 2:
    TRUE: [28, 24, 39, 27, 33, 20, 37, 39, 35, 17, 39, 21, 12, 8, 39, 16, 22, 39, 2, 22, 2, 6, 1, 29, 30, 39, 19, 2, 20, 33, 38, 2, 22, 39]
    PRED: [28, 24, 39, 27, 33, 20, 37, 39, 35, 17, 39, 21, 12, 22, 39, 16, 22, 39, 16, 22, 16, 34, 10, 2, 28, 39, 19, 2, 20, 33, 38, 2, 22, 39]
    Edit distance: 7/34
  Sample 3:
    TRUE: [20, 3, 27, 17, 37, 39, 19, 0, 28, 30, 33, 21, 39, 22, 17, 8, 2, 8, 39, 6, 20, 1, 19, 39, 14, 20, 2, 34, 37, 39, 30, 33, 39, 6, 17, 39, 19, 2, 21, 26, 20, 17, 30, 20, 17, 39, 10, 20, 2, 14, 2, 22, 30, 39]
    PRED: [27, 3, 27, 28, 16, 39, 19, 1, 28, 30, 27, 33, 21, 39, 22, 17, 8, 39, 6, 2, 19, 39, 20, 2, 13, 39, 30, 33, 39, 6, 17, 39, 19, 2, 21, 26, 17, 7, 11, 39, 10, 20, 2, 22, 39]
    Edit distance: 19/54
  Sample 4:
    TRUE: [9, 2, 39, 30, 33, 31, 39, 13, 10, 27, 17, 39, 13, 11, 14, 0, 30, 39, 30, 33, 39, 19, 2, 21, 39, 35, 10, 22, 39, 27, 0, 18, 11, 37, 39, 30, 33, 31, 39, 13, 10, 20, 39, 4, 30, 39]
    PRED: [9, 2, 39, 30, 33, 31, 39, 34, 4, 2, 39, 27, 16, 30, 0, 19, 30, 2, 30, 39, 30, 33, 39, 19, 2, 21, 39, 35, 10, 22, 39, 27, 0, 18, 11, 39, 31, 11, 31, 39, 13, 12, 20, 39, 4, 30, 39]
    Edit distance: 14/46

============================================================
Batch 44000 | Val PER: 0.1897
============================================================
  Sample 0:
    TRUE: [31, 17, 0, 19, 27, 2, 28, 17, 39, 27, 17, 19, 2, 22, 28, 16, 8, 11, 8, 39]
    PRED: [19, 27, 17, 0, 19, 11, 28, 39, 27, 10, 19, 0, 22, 28, 30, 16, 8, 39]
    Edit distance: 10/20
  Sample 1:
    TRUE: [27, 16, 7, 39, 26, 11, 7, 2, 28, 30, 39, 28, 10, 34, 27, 2, 20, 39, 28, 5, 22, 8, 39, 20, 16, 31, 2, 14, 27, 1, 13, 28, 39]
    PRED: [27, 5, 19, 28, 39, 26, 0, 27, 7, 2, 30, 39, 10, 34, 2, 20, 39, 28, 4, 22, 8, 39, 19, 20, 16, 20, 39, 27, 0, 13, 39]
    Edit distance: 15/33
  Sample 2:
    TRUE: [28, 24, 39, 27, 33, 20, 37, 39, 35, 17, 39, 21, 12, 8, 39, 16, 22, 39, 2, 22, 2, 6, 1, 29, 30, 39, 19, 2, 20, 33, 38, 2, 22, 39]
    PRED: [9, 4, 39, 27, 33, 20, 37, 39, 35, 17, 39, 21, 12, 22, 8, 39, 16, 22, 39, 16, 22, 11, 34, 2, 28, 19, 39, 19, 2, 20, 33, 38, 2, 22, 39]
    Edit distance: 9/34
  Sample 3:
    TRUE: [20, 3, 27, 17, 37, 39, 19, 0, 28, 30, 33, 21, 39, 22, 17, 8, 2, 8, 39, 6, 20, 1, 19, 39, 14, 20, 2, 34, 37, 39, 30, 33, 39, 6, 17, 39, 19, 2, 21, 26, 20, 17, 30, 20, 17, 39, 10, 20, 2, 14, 2, 22, 30, 39]
    PRED: [19, 27, 5, 27, 28, 39, 19, 1, 28, 15, 33, 21, 39, 22, 17, 8, 39, 6, 20, 2, 19, 39, 20, 0, 13, 39, 30, 33, 39, 6, 17, 39, 19, 2, 21, 26, 17, 30, 20, 11, 39, 10, 20, 2, 22, 39]
    Edit distance: 19/54
  Sample 4:
    TRUE: [9, 2, 39, 30, 33, 31, 39, 13, 10, 27, 17, 39, 13, 11, 14, 0, 30, 39, 30, 33, 39, 19, 2, 21, 39, 35, 10, 22, 39, 27, 0, 18, 11, 37, 39, 30, 33, 31, 39, 13, 10, 20, 39, 4, 30, 39]
    PRED: [9, 2, 39, 30, 27, 33, 31, 39, 34, 4, 20, 11, 39, 27, 16, 30, 19, 30, 2, 8, 39, 30, 33, 39, 19, 2, 21, 39, 27, 10, 22, 39, 27, 10, 19, 11, 39, 31, 33, 31, 39, 13, 12, 20, 39, 4, 30, 39]
    Edit distance: 17/46

============================================================
Batch 44500 | Val PER: 0.1868
============================================================
  Sample 0:
    TRUE: [31, 17, 0, 19, 27, 2, 28, 17, 39, 27, 17, 19, 2, 22, 28, 16, 8, 11, 8, 39]
    PRED: [19, 27, 0, 19, 30, 11, 28, 39, 27, 10, 19, 0, 22, 28, 30, 16, 8, 39]
    Edit distance: 10/20
  Sample 1:
    TRUE: [27, 16, 7, 39, 26, 11, 7, 2, 28, 30, 39, 28, 10, 34, 27, 2, 20, 39, 28, 5, 22, 8, 39, 20, 16, 31, 2, 14, 27, 1, 13, 28, 39]
    PRED: [27, 10, 19, 28, 39, 26, 0, 27, 7, 2, 30, 39, 28, 10, 34, 2, 20, 39, 28, 4, 8, 39, 19, 20, 10, 20, 2, 14, 24, 13, 39]
    Edit distance: 15/33
  Sample 2:
    TRUE: [28, 24, 39, 27, 33, 20, 37, 39, 35, 17, 39, 21, 12, 8, 39, 16, 22, 39, 2, 22, 2, 6, 1, 29, 30, 39, 19, 2, 20, 33, 38, 2, 22, 39]
    PRED: [28, 24, 39, 27, 33, 20, 37, 39, 35, 17, 39, 21, 12, 8, 39, 16, 22, 39, 16, 22, 16, 11, 34, 10, 28, 19, 39, 19, 2, 20, 33, 38, 2, 22, 39]
    Edit distance: 7/34
  Sample 3:
    TRUE: [20, 3, 27, 17, 37, 39, 19, 0, 28, 30, 33, 21, 39, 22, 17, 8, 2, 8, 39, 6, 20, 1, 19, 39, 14, 20, 2, 34, 37, 39, 30, 33, 39, 6, 17, 39, 19, 2, 21, 26, 20, 17, 30, 20, 17, 39, 10, 20, 2, 14, 2, 22, 30, 39]
    PRED: [27, 3, 27, 11, 39, 19, 2, 28, 33, 21, 39, 22, 17, 8, 39, 6, 2, 19, 39, 20, 0, 13, 39, 30, 33, 39, 6, 17, 39, 19, 2, 21, 26, 17, 20, 11, 39, 10, 20, 2, 22, 39]
    Edit distance: 19/54
  Sample 4:
    TRUE: [9, 2, 39, 30, 33, 31, 39, 13, 10, 27, 17, 39, 13, 11, 14, 0, 30, 39, 30, 33, 39, 19, 2, 21, 39, 35, 10, 22, 39, 27, 0, 18, 11, 37, 39, 30, 33, 31, 39, 13, 10, 20, 39, 4, 30, 39]
    PRED: [9, 2, 39, 30, 27, 33, 31, 39, 34, 10, 27, 17, 11, 39, 26, 27, 16, 15, 0, 14, 30, 39, 30, 33, 39, 19, 2, 21, 39, 35, 10, 22, 39, 27, 10, 19, 18, 11, 39, 31, 33, 31, 39, 13, 12, 20, 39, 4, 30, 39]
    Edit distance: 13/46

============================================================
Batch 45000 | Val PER: 0.1891
============================================================
  Sample 0:
    TRUE: [31, 17, 0, 19, 27, 2, 28, 17, 39, 27, 17, 19, 2, 22, 28, 16, 8, 11, 8, 39]
    PRED: [27, 0, 0, 19, 2, 28, 39, 27, 17, 19, 3, 22, 30, 2, 16, 8, 39]
    Edit distance: 9/20
  Sample 1:
    TRUE: [27, 16, 7, 39, 26, 11, 7, 2, 28, 30, 39, 28, 10, 34, 27, 2, 20, 39, 28, 5, 22, 8, 39, 20, 16, 31, 2, 14, 27, 1, 13, 28, 39]
    PRED: [5, 19, 28, 39, 26, 0, 27, 7, 2, 37, 39, 20, 1, 34, 2, 20, 39, 28, 4, 8, 39, 19, 20, 10, 20, 2, 39, 14, 27, 3, 13, 39]
    Edit distance: 18/33
  Sample 2:
    TRUE: [28, 24, 39, 27, 33, 20, 37, 39, 35, 17, 39, 21, 12, 8, 39, 16, 22, 39, 2, 22, 2, 6, 1, 29, 30, 39, 19, 2, 20, 33, 38, 2, 22, 39]
    PRED: [28, 24, 39, 27, 33, 20, 37, 39, 35, 17, 39, 21, 12, 22, 8, 39, 16, 22, 39, 16, 22, 27, 16, 13, 21, 2, 28, 39, 19, 2, 20, 33, 38, 2, 22, 39]
    Edit distance: 8/34
  Sample 3:
    TRUE: [20, 3, 27, 17, 37, 39, 19, 0, 28, 30, 33, 21, 39, 22, 17, 8, 2, 8, 39, 6, 20, 1, 19, 39, 14, 20, 2, 34, 37, 39, 30, 33, 39, 6, 17, 39, 19, 2, 21, 26, 20, 17, 30, 20, 17, 39, 10, 20, 2, 14, 2, 22, 30, 39]
    PRED: [27, 5, 27, 16, 28, 39, 19, 3, 28, 15, 0, 21, 39, 22, 17, 8, 39, 6, 2, 19, 39, 20, 0, 13, 39, 30, 33, 39, 6, 17, 39, 19, 0, 21, 26, 17, 19, 20, 11, 39, 10, 20, 2, 22, 39]
    Edit distance: 22/54
  Sample 4:
    TRUE: [9, 2, 39, 30, 33, 31, 39, 13, 10, 27, 17, 39, 13, 11, 14, 0, 30, 39, 30, 33, 39, 19, 2, 21, 39, 35, 10, 22, 39, 27, 0, 18, 11, 37, 39, 30, 33, 31, 39, 13, 10, 20, 39, 4, 30, 39]
    PRED: [9, 2, 39, 30, 33, 31, 39, 34, 1, 27, 2, 39, 26, 27, 2, 0, 19, 30, 2, 39, 30, 33, 39, 19, 2, 21, 39, 35, 1, 22, 39, 27, 0, 19, 7, 11, 20, 39, 31, 33, 31, 39, 13, 12, 20, 39, 4, 30, 39]
    Edit distance: 14/46

============================================================
Batch 45500 | Val PER: 0.1886
============================================================
  Sample 0:
    TRUE: [31, 17, 0, 19, 27, 2, 28, 17, 39, 27, 17, 19, 2, 22, 28, 16, 8, 11, 8, 39]
    PRED: [19, 27, 0, 0, 19, 16, 11, 28, 39, 27, 10, 19, 27, 0, 30, 16, 8, 39]
    Edit distance: 12/20
  Sample 1:
    TRUE: [27, 16, 7, 39, 26, 11, 7, 2, 28, 30, 39, 28, 10, 34, 27, 2, 20, 39, 28, 5, 22, 8, 39, 20, 16, 31, 2, 14, 27, 1, 13, 28, 39]
    PRED: [27, 10, 19, 28, 39, 26, 0, 27, 7, 2, 30, 39, 10, 34, 11, 20, 39, 28, 5, 8, 39, 20, 10, 20, 24, 3, 13, 39]
    Edit distance: 17/33
  Sample 2:
    TRUE: [28, 24, 39, 27, 33, 20, 37, 39, 35, 17, 39, 21, 12, 8, 39, 16, 22, 39, 2, 22, 2, 6, 1, 29, 30, 39, 19, 2, 20, 33, 38, 2, 22, 39]
    PRED: [28, 24, 39, 27, 25, 20, 37, 39, 35, 17, 39, 21, 12, 8, 39, 16, 22, 39, 16, 22, 27, 11, 34, 21, 10, 28, 39, 19, 2, 20, 33, 38, 2, 22, 39]
    Edit distance: 8/34
  Sample 3:
    TRUE: [20, 3, 27, 17, 37, 39, 19, 0, 28, 30, 33, 21, 39, 22, 17, 8, 2, 8, 39, 6, 20, 1, 19, 39, 14, 20, 2, 34, 37, 39, 30, 33, 39, 6, 17, 39, 19, 2, 21, 26, 20, 17, 30, 20, 17, 39, 10, 20, 2, 14, 2, 22, 30, 39]
    PRED: [27, 5, 27, 39, 19, 4, 28, 30, 2, 21, 39, 22, 17, 8, 39, 6, 5, 19, 39, 20, 5, 34, 37, 39, 30, 33, 39, 6, 17, 39, 19, 0, 21, 26, 17, 30, 20, 17, 39, 10, 20, 2, 22, 39]
    Edit distance: 17/54
  Sample 4:
    TRUE: [9, 2, 39, 30, 33, 31, 39, 13, 10, 27, 17, 39, 13, 11, 14, 0, 30, 39, 30, 33, 39, 19, 2, 21, 39, 35, 10, 22, 39, 27, 0, 18, 11, 37, 39, 30, 33, 31, 39, 13, 10, 20, 39, 4, 30, 39]
    PRED: [9, 2, 39, 30, 27, 33, 31, 39, 34, 12, 27, 17, 39, 27, 16, 0, 19, 30, 2, 8, 39, 30, 33, 39, 19, 2, 21, 39, 35, 5, 22, 39, 27, 10, 18, 33, 20, 39, 31, 11, 31, 39, 13, 12, 20, 39, 4, 30, 39]
    Edit distance: 16/46

============================================================
Batch 46000 | Val PER: 0.1874
============================================================
  Sample 0:
    TRUE: [31, 17, 0, 19, 27, 2, 28, 17, 39, 27, 17, 19, 2, 22, 28, 16, 8, 11, 8, 39]
    PRED: [27, 0, 0, 19, 16, 11, 30, 28, 39, 27, 10, 19, 35, 0, 22, 16, 8, 39]
    Edit distance: 12/20
  Sample 1:
    TRUE: [27, 16, 7, 39, 26, 11, 7, 2, 28, 30, 39, 28, 10, 34, 27, 2, 20, 39, 28, 5, 22, 8, 39, 20, 16, 31, 2, 14, 27, 1, 13, 28, 39]
    PRED: [27, 17, 19, 39, 26, 0, 27, 29, 2, 37, 39, 27, 10, 34, 2, 20, 39, 28, 5, 22, 8, 39, 20, 10, 20, 2, 27, 24, 13, 39]
    Edit distance: 14/33
  Sample 2:
    TRUE: [28, 24, 39, 27, 33, 20, 37, 39, 35, 17, 39, 21, 12, 8, 39, 16, 22, 39, 2, 22, 2, 6, 1, 29, 30, 39, 19, 2, 20, 33, 38, 2, 22, 39]
    PRED: [28, 24, 39, 27, 33, 20, 37, 39, 35, 17, 39, 21, 12, 22, 8, 39, 16, 22, 39, 16, 22, 16, 11, 13, 21, 10, 2, 28, 39, 19, 2, 20, 33, 38, 2, 22, 39]
    Edit distance: 9/34
  Sample 3:
    TRUE: [20, 3, 27, 17, 37, 39, 19, 0, 28, 30, 33, 21, 39, 22, 17, 8, 2, 8, 39, 6, 20, 1, 19, 39, 14, 20, 2, 34, 37, 39, 30, 33, 39, 6, 17, 39, 19, 2, 21, 26, 20, 17, 30, 20, 17, 39, 10, 20, 2, 14, 2, 22, 30, 39]
    PRED: [27, 5, 27, 16, 39, 19, 3, 28, 30, 33, 21, 39, 22, 17, 8, 39, 6, 2, 19, 39, 20, 0, 34, 37, 39, 30, 33, 39, 6, 17, 39, 19, 2, 21, 26, 16, 30, 20, 11, 39, 10, 20, 2, 22, 39]
    Edit distance: 17/54
  Sample 4:
    TRUE: [9, 2, 39, 30, 33, 31, 39, 13, 10, 27, 17, 39, 13, 11, 14, 0, 30, 39, 30, 33, 39, 19, 2, 21, 39, 35, 10, 22, 39, 27, 0, 18, 11, 37, 39, 30, 33, 31, 39, 13, 10, 20, 39, 4, 30, 39]
    PRED: [9, 2, 39, 30, 33, 31, 39, 34, 10, 27, 11, 39, 35, 16, 0, 30, 39, 30, 33, 39, 19, 2, 21, 39, 35, 10, 22, 39, 27, 10, 18, 11, 37, 39, 31, 33, 31, 39, 13, 12, 20, 39, 4, 30, 39]
    Edit distance: 8/46

============================================================
Batch 46500 | Val PER: 0.1862
============================================================
  Sample 0:
    TRUE: [31, 17, 0, 19, 27, 2, 28, 17, 39, 27, 17, 19, 2, 22, 28, 16, 8, 11, 8, 39]
    PRED: [19, 27, 0, 0, 19, 2, 28, 30, 28, 39, 27, 16, 19, 0, 22, 16, 16, 8, 39]
    Edit distance: 11/20
  Sample 1:
    TRUE: [27, 16, 7, 39, 26, 11, 7, 2, 28, 30, 39, 28, 10, 34, 27, 2, 20, 39, 28, 5, 22, 8, 39, 20, 16, 31, 2, 14, 27, 1, 13, 28, 39]
    PRED: [27, 10, 19, 39, 26, 0, 27, 7, 2, 30, 39, 30, 10, 34, 2, 20, 39, 28, 5, 22, 8, 39, 19, 20, 10, 20, 2, 14, 27, 1, 13, 39]
    Edit distance: 11/33
  Sample 2:
    TRUE: [28, 24, 39, 27, 33, 20, 37, 39, 35, 17, 39, 21, 12, 8, 39, 16, 22, 39, 2, 22, 2, 6, 1, 29, 30, 39, 19, 2, 20, 33, 38, 2, 22, 39]
    PRED: [9, 24, 39, 27, 33, 20, 37, 39, 35, 17, 39, 21, 12, 22, 8, 39, 16, 22, 39, 16, 22, 11, 13, 21, 2, 28, 30, 39, 19, 2, 20, 33, 38, 2, 22, 39]
    Edit distance: 8/34
  Sample 3:
    TRUE: [20, 3, 27, 17, 37, 39, 19, 0, 28, 30, 33, 21, 39, 22, 17, 8, 2, 8, 39, 6, 20, 1, 19, 39, 14, 20, 2, 34, 37, 39, 30, 33, 39, 6, 17, 39, 19, 2, 21, 26, 20, 17, 30, 20, 17, 39, 10, 20, 2, 14, 2, 22, 30, 39]
    PRED: [19, 27, 3, 27, 16, 17, 39, 19, 1, 28, 30, 2, 21, 39, 22, 17, 8, 39, 21, 5, 19, 39, 20, 0, 34, 37, 39, 30, 33, 39, 6, 17, 39, 19, 2, 21, 26, 17, 30, 36, 11, 39, 10, 20, 2, 22, 8, 39]
    Edit distance: 19/54
  Sample 4:
    TRUE: [9, 2, 39, 30, 33, 31, 39, 13, 10, 27, 17, 39, 13, 11, 14, 0, 30, 39, 30, 33, 39, 19, 2, 21, 39, 35, 10, 22, 39, 27, 0, 18, 11, 37, 39, 30, 33, 31, 39, 13, 10, 20, 39, 4, 30, 39]
    PRED: [9, 2, 39, 30, 33, 31, 39, 34, 1, 20, 39, 35, 16, 0, 14, 30, 39, 30, 33, 39, 19, 2, 21, 39, 35, 10, 22, 39, 27, 10, 18, 11, 39, 31, 11, 31, 39, 13, 12, 20, 39, 4, 30, 39]
    Edit distance: 13/46

============================================================
Batch 47000 | Val PER: 0.1848
============================================================
  Sample 0:
    TRUE: [31, 17, 0, 19, 27, 2, 28, 17, 39, 27, 17, 19, 2, 22, 28, 16, 8, 11, 8, 39]
    PRED: [27, 0, 0, 19, 2, 28, 30, 28, 39, 27, 10, 19, 3, 5, 27, 22, 30, 16, 8, 39]
    Edit distance: 12/20
  Sample 1:
    TRUE: [27, 16, 7, 39, 26, 11, 7, 2, 28, 30, 39, 28, 10, 34, 27, 2, 20, 39, 28, 5, 22, 8, 39, 20, 16, 31, 2, 14, 27, 1, 13, 28, 39]
    PRED: [27, 10, 19, 39, 26, 0, 27, 29, 2, 30, 39, 30, 1, 34, 2, 20, 39, 28, 5, 8, 37, 8, 39, 19, 20, 10, 20, 2, 1, 13, 39]
    Edit distance: 17/33
  Sample 2:
    TRUE: [28, 24, 39, 27, 33, 20, 37, 39, 35, 17, 39, 21, 12, 8, 39, 16, 22, 39, 2, 22, 2, 6, 1, 29, 30, 39, 19, 2, 20, 33, 38, 2, 22, 39]
    PRED: [28, 24, 39, 27, 33, 20, 37, 39, 35, 17, 39, 16, 17, 21, 12, 8, 39, 16, 22, 39, 16, 22, 11, 13, 21, 2, 28, 39, 19, 2, 20, 33, 38, 2, 22, 39]
    Edit distance: 8/34
  Sample 3:
    TRUE: [20, 3, 27, 17, 37, 39, 19, 0, 28, 30, 33, 21, 39, 22, 17, 8, 2, 8, 39, 6, 20, 1, 19, 39, 14, 20, 2, 34, 37, 39, 30, 33, 39, 6, 17, 39, 19, 2, 21, 26, 20, 17, 30, 20, 17, 39, 10, 20, 2, 14, 2, 22, 30, 39]
    PRED: [27, 5, 27, 39, 19, 1, 28, 30, 2, 21, 39, 22, 17, 8, 39, 6, 5, 19, 39, 20, 0, 34, 37, 39, 30, 33, 39, 6, 17, 39, 19, 2, 21, 26, 17, 30, 36, 11, 39, 10, 20, 2, 22, 30, 39]
    Edit distance: 17/54
  Sample 4:
    TRUE: [9, 2, 39, 30, 33, 31, 39, 13, 10, 27, 17, 39, 13, 11, 14, 0, 30, 39, 30, 33, 39, 19, 2, 21, 39, 35, 10, 22, 39, 27, 0, 18, 11, 37, 39, 30, 33, 31, 39, 13, 10, 20, 39, 4, 30, 39]
    PRED: [9, 2, 39, 30, 27, 33, 31, 39, 34, 1, 20, 36, 11, 39, 27, 17, 3, 19, 30, 39, 30, 33, 39, 19, 2, 21, 39, 35, 10, 22, 39, 27, 10, 18, 11, 27, 39, 31, 11, 31, 39, 13, 12, 20, 39, 4, 30, 39]
    Edit distance: 15/46

============================================================
Batch 47500 | Val PER: 0.1896
============================================================
  Sample 0:
    TRUE: [31, 17, 0, 19, 27, 2, 28, 17, 39, 27, 17, 19, 2, 22, 28, 16, 8, 11, 8, 39]
    PRED: [27, 0, 0, 19, 2, 11, 28, 39, 27, 10, 19, 0, 30, 16, 8, 39]
    Edit distance: 11/20
  Sample 1:
    TRUE: [27, 16, 7, 39, 26, 11, 7, 2, 28, 30, 39, 28, 10, 34, 27, 2, 20, 39, 28, 5, 22, 8, 39, 20, 16, 31, 2, 14, 27, 1, 13, 28, 39]
    PRED: [27, 10, 19, 28, 39, 26, 0, 27, 18, 2, 39, 30, 10, 34, 2, 20, 39, 28, 5, 8, 39, 20, 10, 20, 2, 13, 39]
    Edit distance: 17/33
  Sample 2:
    TRUE: [28, 24, 39, 27, 33, 20, 37, 39, 35, 17, 39, 21, 12, 8, 39, 16, 22, 39, 2, 22, 2, 6, 1, 29, 30, 39, 19, 2, 20, 33, 38, 2, 22, 39]
    PRED: [28, 24, 39, 27, 33, 20, 37, 39, 35, 17, 39, 21, 12, 8, 39, 16, 22, 39, 16, 22, 16, 13, 10, 28, 30, 39, 19, 2, 20, 33, 38, 2, 22, 39]
    Edit distance: 5/34
  Sample 3:
    TRUE: [20, 3, 27, 17, 37, 39, 19, 0, 28, 30, 33, 21, 39, 22, 17, 8, 2, 8, 39, 6, 20, 1, 19, 39, 14, 20, 2, 34, 37, 39, 30, 33, 39, 6, 17, 39, 19, 2, 21, 26, 20, 17, 30, 20, 17, 39, 10, 20, 2, 14, 2, 22, 30, 39]
    PRED: [19, 27, 5, 27, 16, 28, 39, 19, 1, 28, 30, 2, 21, 39, 22, 17, 8, 39, 6, 5, 19, 39, 20, 0, 34, 37, 39, 30, 33, 39, 6, 17, 39, 19, 2, 21, 26, 17, 30, 20, 11, 39, 10, 20, 2, 22, 8, 39]
    Edit distance: 18/54
  Sample 4:
    TRUE: [9, 2, 39, 30, 33, 31, 39, 13, 10, 27, 17, 39, 13, 11, 14, 0, 30, 39, 30, 33, 39, 19, 2, 21, 39, 35, 10, 22, 39, 27, 0, 18, 11, 37, 39, 30, 33, 31, 39, 13, 10, 20, 39, 4, 30, 39]
    PRED: [9, 2, 39, 30, 27, 33, 31, 39, 34, 10, 20, 36, 33, 11, 39, 27, 16, 0, 19, 30, 39, 30, 33, 39, 19, 2, 21, 39, 35, 10, 22, 39, 35, 10, 18, 11, 39, 31, 33, 31, 39, 13, 16, 20, 39, 4, 30, 39]
    Edit distance: 15/46

============================================================
Batch 48000 | Val PER: 0.1866
============================================================
  Sample 0:
    TRUE: [31, 17, 0, 19, 27, 2, 28, 17, 39, 27, 17, 19, 2, 22, 28, 16, 8, 11, 8, 39]
    PRED: [27, 0, 0, 19, 11, 30, 28, 39, 27, 10, 19, 12, 8, 30, 16, 8, 39]
    Edit distance: 11/20
  Sample 1:
    TRUE: [27, 16, 7, 39, 26, 11, 7, 2, 28, 30, 39, 28, 10, 34, 27, 2, 20, 39, 28, 5, 22, 8, 39, 20, 16, 31, 2, 14, 27, 1, 13, 28, 39]
    PRED: [27, 1, 19, 39, 26, 0, 27, 18, 2, 39, 28, 10, 34, 2, 20, 39, 28, 5, 8, 39, 19, 20, 10, 31, 20, 2, 27, 24, 13, 39]
    Edit distance: 15/33
  Sample 2:
    TRUE: [28, 24, 39, 27, 33, 20, 37, 39, 35, 17, 39, 21, 12, 8, 39, 16, 22, 39, 2, 22, 2, 6, 1, 29, 30, 39, 19, 2, 20, 33, 38, 2, 22, 39]
    PRED: [15, 24, 39, 27, 33, 20, 37, 39, 35, 17, 39, 27, 17, 21, 12, 8, 39, 16, 22, 39, 16, 22, 27, 13, 10, 28, 19, 39, 19, 2, 20, 33, 38, 2, 22, 39]
    Edit distance: 9/34
  Sample 3:
    TRUE: [20, 3, 27, 17, 37, 39, 19, 0, 28, 30, 33, 21, 39, 22, 17, 8, 2, 8, 39, 6, 20, 1, 19, 39, 14, 20, 2, 34, 37, 39, 30, 33, 39, 6, 17, 39, 19, 2, 21, 26, 20, 17, 30, 20, 17, 39, 10, 20, 2, 14, 2, 22, 30, 39]
    PRED: [19, 27, 3, 27, 39, 19, 1, 28, 30, 2, 21, 39, 22, 17, 8, 39, 6, 2, 19, 39, 20, 0, 34, 37, 39, 30, 33, 39, 6, 17, 39, 19, 2, 21, 26, 17, 30, 36, 11, 39, 10, 20, 2, 20, 2, 22, 39]
    Edit distance: 17/54
  Sample 4:
    TRUE: [9, 2, 39, 30, 33, 31, 39, 13, 10, 27, 17, 39, 13, 11, 14, 0, 30, 39, 30, 33, 39, 19, 2, 21, 39, 35, 10, 22, 39, 27, 0, 18, 11, 37, 39, 30, 33, 31, 39, 13, 10, 20, 39, 4, 30, 39]
    PRED: [9, 2, 39, 30, 27, 33, 31, 39, 34, 1, 9, 35, 11, 17, 39, 27, 17, 0, 19, 30, 39, 30, 33, 39, 19, 2, 21, 39, 27, 35, 10, 22, 39, 35, 0, 14, 11, 39, 31, 11, 31, 39, 13, 10, 20, 39, 4, 30, 39]
    Edit distance: 16/46

============================================================
Batch 48500 | Val PER: 0.1851
============================================================
  Sample 0:
    TRUE: [31, 17, 0, 19, 27, 2, 28, 17, 39, 27, 17, 19, 2, 22, 28, 16, 8, 11, 8, 39]
    PRED: [27, 0, 19, 11, 28, 39, 27, 10, 19, 12, 27, 8, 30, 16, 8, 39]
    Edit distance: 12/20
  Sample 1:
    TRUE: [27, 16, 7, 39, 26, 11, 7, 2, 28, 30, 39, 28, 10, 34, 27, 2, 20, 39, 28, 5, 22, 8, 39, 20, 16, 31, 2, 14, 27, 1, 13, 28, 39]
    PRED: [27, 1, 19, 28, 39, 26, 0, 27, 7, 2, 30, 39, 10, 34, 2, 20, 39, 28, 5, 22, 37, 8, 39, 20, 10, 20, 27, 1, 13, 39]
    Edit distance: 14/33
  Sample 2:
    TRUE: [28, 24, 39, 27, 33, 20, 37, 39, 35, 17, 39, 21, 12, 8, 39, 16, 22, 39, 2, 22, 2, 6, 1, 29, 30, 39, 19, 2, 20, 33, 38, 2, 22, 39]
    PRED: [9, 2, 39, 27, 33, 20, 37, 39, 35, 17, 39, 21, 12, 22, 8, 39, 16, 22, 39, 2, 22, 27, 11, 34, 1, 28, 16, 30, 39, 19, 2, 20, 33, 38, 2, 22, 39]
    Edit distance: 8/34
  Sample 3:
    TRUE: [20, 3, 27, 17, 37, 39, 19, 0, 28, 30, 33, 21, 39, 22, 17, 8, 2, 8, 39, 6, 20, 1, 19, 39, 14, 20, 2, 34, 37, 39, 30, 33, 39, 6, 17, 39, 19, 2, 21, 26, 20, 17, 30, 20, 17, 39, 10, 20, 2, 14, 2, 22, 30, 39]
    PRED: [19, 27, 3, 27, 16, 11, 39, 19, 1, 28, 30, 33, 21, 39, 22, 17, 8, 39, 6, 32, 19, 39, 20, 0, 34, 37, 39, 30, 33, 39, 6, 17, 39, 19, 2, 21, 26, 36, 17, 30, 20, 17, 39, 10, 20, 2, 22, 39]
    Edit distance: 15/54
  Sample 4:
    TRUE: [9, 2, 39, 30, 33, 31, 39, 13, 10, 27, 17, 39, 13, 11, 14, 0, 30, 39, 30, 33, 39, 19, 2, 21, 39, 35, 10, 22, 39, 27, 0, 18, 11, 37, 39, 30, 33, 31, 39, 13, 10, 20, 39, 4, 30, 39]
    PRED: [9, 2, 39, 30, 27, 33, 31, 39, 34, 4, 20, 36, 39, 26, 27, 17, 0, 19, 30, 8, 39, 30, 33, 39, 19, 2, 21, 39, 27, 2, 22, 39, 27, 0, 18, 11, 39, 31, 11, 31, 39, 13, 12, 20, 39, 4, 30, 39]
    Edit distance: 16/46

============================================================
Batch 49000 | Val PER: 0.1886
============================================================
  Sample 0:
    TRUE: [31, 17, 0, 19, 27, 2, 28, 17, 39, 27, 17, 19, 2, 22, 28, 16, 8, 11, 8, 39]
    PRED: [27, 0, 19, 11, 39, 27, 10, 19, 10, 22, 30, 16, 8, 39]
    Edit distance: 11/20
  Sample 1:
    TRUE: [27, 16, 7, 39, 26, 11, 7, 2, 28, 30, 39, 28, 10, 34, 27, 2, 20, 39, 28, 5, 22, 8, 39, 20, 16, 31, 2, 14, 27, 1, 13, 28, 39]
    PRED: [1, 19, 39, 26, 0, 29, 2, 39, 10, 34, 2, 20, 39, 28, 5, 22, 37, 8, 39, 20, 10, 20, 1, 13, 39]
    Edit distance: 16/33
  Sample 2:
    TRUE: [28, 24, 39, 27, 33, 20, 37, 39, 35, 17, 39, 21, 12, 8, 39, 16, 22, 39, 2, 22, 2, 6, 1, 29, 30, 39, 19, 2, 20, 33, 38, 2, 22, 39]
    PRED: [9, 2, 39, 27, 33, 20, 37, 39, 35, 17, 39, 21, 10, 22, 8, 39, 16, 22, 39, 16, 22, 11, 34, 0, 28, 16, 30, 39, 19, 2, 20, 33, 38, 2, 22, 39]
    Edit distance: 10/34
  Sample 3:
    TRUE: [20, 3, 27, 17, 37, 39, 19, 0, 28, 30, 33, 21, 39, 22, 17, 8, 2, 8, 39, 6, 20, 1, 19, 39, 14, 20, 2, 34, 37, 39, 30, 33, 39, 6, 17, 39, 19, 2, 21, 26, 20, 17, 30, 20, 17, 39, 10, 20, 2, 14, 2, 22, 30, 39]
    PRED: [19, 27, 3, 27, 28, 39, 19, 1, 28, 30, 2, 21, 39, 22, 17, 8, 39, 6, 5, 19, 39, 20, 5, 13, 39, 30, 33, 39, 6, 17, 39, 19, 2, 21, 26, 17, 30, 36, 20, 11, 39, 10, 20, 2, 22, 39]
    Edit distance: 20/54
  Sample 4:
    TRUE: [9, 2, 39, 30, 33, 31, 39, 13, 10, 27, 17, 39, 13, 11, 14, 0, 30, 39, 30, 33, 39, 19, 2, 21, 39, 35, 10, 22, 39, 27, 0, 18, 11, 37, 39, 30, 33, 31, 39, 13, 10, 20, 39, 4, 30, 39]
    PRED: [9, 2, 39, 27, 33, 31, 39, 34, 10, 20, 11, 39, 27, 17, 0, 19, 30, 39, 30, 33, 39, 19, 2, 21, 39, 27, 1, 22, 39, 35, 10, 18, 11, 39, 31, 11, 31, 39, 13, 12, 20, 39, 4, 30, 39]
    Edit distance: 16/46

============================================================
Batch 49500 | Val PER: 0.1887
============================================================
  Sample 0:
    TRUE: [31, 17, 0, 19, 27, 2, 28, 17, 39, 27, 17, 19, 2, 22, 28, 16, 8, 11, 8, 39]
    PRED: [27, 0, 0, 19, 11, 30, 28, 39, 27, 10, 19, 0, 22, 30, 16, 8, 39]
    Edit distance: 10/20
  Sample 1:
    TRUE: [27, 16, 7, 39, 26, 11, 7, 2, 28, 30, 39, 28, 10, 34, 27, 2, 20, 39, 28, 5, 22, 8, 39, 20, 16, 31, 2, 14, 27, 1, 13, 28, 39]
    PRED: [17, 19, 39, 26, 0, 27, 2, 37, 39, 28, 10, 34, 2, 20, 39, 28, 5, 22, 8, 37, 8, 39, 8, 10, 20, 27, 1, 13, 28, 39]
    Edit distance: 14/33
  Sample 2:
    TRUE: [28, 24, 39, 27, 33, 20, 37, 39, 35, 17, 39, 21, 12, 8, 39, 16, 22, 39, 2, 22, 2, 6, 1, 29, 30, 39, 19, 2, 20, 33, 38, 2, 22, 39]
    PRED: [9, 2, 39, 27, 25, 20, 37, 39, 35, 17, 39, 21, 10, 22, 8, 39, 16, 22, 39, 16, 22, 11, 34, 21, 2, 28, 30, 39, 19, 2, 20, 33, 38, 2, 22, 39]
    Edit distance: 11/34
  Sample 3:
    TRUE: [20, 3, 27, 17, 37, 39, 19, 0, 28, 30, 33, 21, 39, 22, 17, 8, 2, 8, 39, 6, 20, 1, 19, 39, 14, 20, 2, 34, 37, 39, 30, 33, 39, 6, 17, 39, 19, 2, 21, 26, 20, 17, 30, 20, 17, 39, 10, 20, 2, 14, 2, 22, 30, 39]
    PRED: [19, 3, 27, 16, 28, 39, 19, 1, 28, 30, 33, 21, 39, 22, 17, 8, 39, 6, 5, 19, 39, 27, 0, 6, 37, 39, 30, 33, 39, 6, 17, 39, 19, 2, 21, 26, 17, 19, 30, 36, 20, 11, 39, 10, 20, 2, 22, 30, 39]
    Edit distance: 18/54
  Sample 4:
    TRUE: [9, 2, 39, 30, 33, 31, 39, 13, 10, 27, 17, 39, 13, 11, 14, 0, 30, 39, 30, 33, 39, 19, 2, 21, 39, 35, 10, 22, 39, 27, 0, 18, 11, 37, 39, 30, 33, 31, 39, 13, 10, 20, 39, 4, 30, 39]
    PRED: [9, 2, 39, 30, 27, 33, 31, 39, 34, 1, 20, 11, 39, 27, 16, 0, 19, 30, 39, 30, 33, 39, 19, 2, 21, 39, 27, 2, 22, 39, 35, 27, 0, 7, 11, 20, 39, 31, 11, 31, 39, 13, 10, 20, 39, 4, 30, 39]
    Edit distance: 16/46

============================================================
Batch 50000 | Val PER: 0.1823
============================================================
  Sample 0:
    TRUE: [31, 17, 0, 19, 27, 2, 28, 17, 39, 27, 17, 19, 2, 22, 28, 16, 8, 11, 8, 39]
    PRED: [27, 0, 0, 19, 11, 30, 28, 39, 27, 16, 19, 0, 22, 30, 16, 8, 39]
    Edit distance: 10/20
  Sample 1:
    TRUE: [27, 16, 7, 39, 26, 11, 7, 2, 28, 30, 39, 28, 10, 34, 27, 2, 20, 39, 28, 5, 22, 8, 39, 20, 16, 31, 2, 14, 27, 1, 13, 28, 39]
    PRED: [27, 17, 19, 39, 26, 0, 27, 18, 2, 30, 39, 30, 27, 10, 34, 2, 20, 39, 28, 5, 22, 37, 8, 39, 20, 10, 31, 20, 27, 5, 13, 39]
    Edit distance: 15/33
  Sample 2:
    TRUE: [28, 24, 39, 27, 33, 20, 37, 39, 35, 17, 39, 21, 12, 8, 39, 16, 22, 39, 2, 22, 2, 6, 1, 29, 30, 39, 19, 2, 20, 33, 38, 2, 22, 39]
    PRED: [9, 2, 39, 27, 25, 20, 37, 39, 35, 17, 39, 27, 21, 12, 22, 8, 39, 16, 22, 39, 2, 22, 27, 11, 6, 21, 5, 28, 30, 19, 39, 19, 2, 20, 33, 38, 2, 22, 39]
    Edit distance: 11/34
  Sample 3:
    TRUE: [20, 3, 27, 17, 37, 39, 19, 0, 28, 30, 33, 21, 39, 22, 17, 8, 2, 8, 39, 6, 20, 1, 19, 39, 14, 20, 2, 34, 37, 39, 30, 33, 39, 6, 17, 39, 19, 2, 21, 26, 20, 17, 30, 20, 17, 39, 10, 20, 2, 14, 2, 22, 30, 39]
    PRED: [19, 27, 3, 27, 16, 39, 19, 1, 28, 30, 2, 21, 39, 22, 17, 8, 39, 6, 2, 19, 39, 27, 0, 34, 37, 39, 30, 33, 39, 6, 17, 39, 19, 2, 21, 26, 17, 20, 11, 39, 10, 20, 2, 22, 39]
    Edit distance: 19/54
  Sample 4:
    TRUE: [9, 2, 39, 30, 33, 31, 39, 13, 10, 27, 17, 39, 13, 11, 14, 0, 30, 39, 30, 33, 39, 19, 2, 21, 39, 35, 10, 22, 39, 27, 0, 18, 11, 37, 39, 30, 33, 31, 39, 13, 10, 20, 39, 4, 30, 39]
    PRED: [9, 2, 39, 30, 27, 33, 31, 39, 34, 4, 20, 36, 17, 39, 27, 16, 0, 19, 30, 2, 8, 39, 30, 33, 39, 19, 2, 21, 39, 27, 10, 22, 39, 27, 10, 18, 11, 27, 39, 31, 11, 31, 39, 13, 10, 20, 39, 4, 30, 39]
    Edit distance: 16/46

============================================================
Batch 50500 | Val PER: 0.1865
============================================================
  Sample 0:
    TRUE: [31, 17, 0, 19, 27, 2, 28, 17, 39, 27, 17, 19, 2, 22, 28, 16, 8, 11, 8, 39]
    PRED: [27, 0, 0, 19, 11, 30, 28, 39, 27, 16, 19, 0, 22, 30, 16, 8, 39]
    Edit distance: 10/20
  Sample 1:
    TRUE: [27, 16, 7, 39, 26, 11, 7, 2, 28, 30, 39, 28, 10, 34, 27, 2, 20, 39, 28, 5, 22, 8, 39, 20, 16, 31, 2, 14, 27, 1, 13, 28, 39]
    PRED: [27, 17, 19, 28, 39, 26, 0, 27, 29, 30, 39, 10, 34, 2, 20, 39, 28, 5, 22, 8, 37, 8, 39, 19, 20, 10, 31, 20, 12, 14, 27, 24, 13, 28, 39]
    Edit distance: 16/33
  Sample 2:
    TRUE: [28, 24, 39, 27, 33, 20, 37, 39, 35, 17, 39, 21, 12, 8, 39, 16, 22, 39, 2, 22, 2, 6, 1, 29, 30, 39, 19, 2, 20, 33, 38, 2, 22, 39]
    PRED: [9, 2, 39, 27, 25, 20, 37, 39, 35, 17, 39, 21, 12, 8, 39, 16, 22, 39, 16, 22, 2, 21, 2, 28, 30, 39, 19, 2, 20, 33, 38, 2, 22, 39]
    Edit distance: 7/34
  Sample 3:
    TRUE: [20, 3, 27, 17, 37, 39, 19, 0, 28, 30, 33, 21, 39, 22, 17, 8, 2, 8, 39, 6, 20, 1, 19, 39, 14, 20, 2, 34, 37, 39, 30, 33, 39, 6, 17, 39, 19, 2, 21, 26, 20, 17, 30, 20, 17, 39, 10, 20, 2, 14, 2, 22, 30, 39]
    PRED: [19, 3, 27, 16, 28, 39, 19, 1, 28, 30, 2, 21, 39, 22, 17, 8, 39, 6, 27, 0, 19, 39, 20, 0, 34, 37, 39, 30, 33, 39, 6, 17, 39, 19, 2, 21, 26, 36, 17, 20, 11, 39, 10, 20, 2, 22, 39]
    Edit distance: 17/54
  Sample 4:
    TRUE: [9, 2, 39, 30, 33, 31, 39, 13, 10, 27, 17, 39, 13, 11, 14, 0, 30, 39, 30, 33, 39, 19, 2, 21, 39, 35, 10, 22, 39, 27, 0, 18, 11, 37, 39, 30, 33, 31, 39, 13, 10, 20, 39, 4, 30, 39]
    PRED: [9, 2, 39, 30, 27, 33, 31, 39, 34, 1, 27, 35, 17, 39, 27, 2, 30, 0, 14, 30, 8, 39, 30, 33, 39, 19, 2, 21, 39, 35, 10, 22, 39, 27, 10, 14, 11, 39, 31, 11, 31, 39, 13, 1, 20, 39, 4, 30, 39]
    Edit distance: 15/46

============================================================
Batch 51000 | Val PER: 0.1862
============================================================
  Sample 0:
    TRUE: [31, 17, 0, 19, 27, 2, 28, 17, 39, 27, 17, 19, 2, 22, 28, 16, 8, 11, 8, 39]
    PRED: [27, 0, 0, 19, 14, 11, 28, 39, 16, 19, 0, 22, 30, 16, 8, 39]
    Edit distance: 11/20
  Sample 1:
    TRUE: [27, 16, 7, 39, 26, 11, 7, 2, 28, 30, 39, 28, 10, 34, 27, 2, 20, 39, 28, 5, 22, 8, 39, 20, 16, 31, 2, 14, 27, 1, 13, 28, 39]
    PRED: [27, 17, 19, 39, 26, 0, 27, 18, 2, 39, 10, 34, 2, 20, 39, 28, 5, 22, 37, 8, 39, 20, 10, 20, 2, 39, 3, 13, 39]
    Edit distance: 16/33
  Sample 2:
    TRUE: [28, 24, 39, 27, 33, 20, 37, 39, 35, 17, 39, 21, 12, 8, 39, 16, 22, 39, 2, 22, 2, 6, 1, 29, 30, 39, 19, 2, 20, 33, 38, 2, 22, 39]
    PRED: [9, 2, 39, 27, 33, 20, 37, 39, 35, 17, 39, 21, 12, 22, 8, 39, 16, 22, 39, 16, 22, 11, 34, 0, 28, 16, 30, 39, 19, 2, 20, 33, 38, 2, 22, 39]
    Edit distance: 9/34
  Sample 3:
    TRUE: [20, 3, 27, 17, 37, 39, 19, 0, 28, 30, 33, 21, 39, 22, 17, 8, 2, 8, 39, 6, 20, 1, 19, 39, 14, 20, 2, 34, 37, 39, 30, 33, 39, 6, 17, 39, 19, 2, 21, 26, 20, 17, 30, 20, 17, 39, 10, 20, 2, 14, 2, 22, 30, 39]
    PRED: [19, 27, 3, 27, 16, 39, 19, 1, 28, 30, 33, 21, 39, 22, 17, 8, 39, 6, 2, 19, 39, 20, 0, 34, 37, 39, 30, 33, 39, 6, 17, 39, 19, 2, 21, 26, 16, 20, 11, 39, 10, 20, 2, 22, 39]
    Edit distance: 18/54
  Sample 4:
    TRUE: [9, 2, 39, 30, 33, 31, 39, 13, 10, 27, 17, 39, 13, 11, 14, 0, 30, 39, 30, 33, 39, 19, 2, 21, 39, 35, 10, 22, 39, 27, 0, 18, 11, 37, 39, 30, 33, 31, 39, 13, 10, 20, 39, 4, 30, 39]
    PRED: [9, 2, 39, 30, 27, 33, 31, 39, 34, 10, 27, 36, 17, 39, 27, 16, 30, 14, 30, 39, 30, 33, 39, 19, 2, 21, 39, 35, 10, 22, 39, 27, 10, 18, 11, 37, 39, 31, 33, 31, 39, 13, 1, 20, 39, 4, 30, 39]
    Edit distance: 10/46

============================================================
Batch 51500 | Val PER: 0.1817
============================================================
  Sample 0:
    TRUE: [31, 17, 0, 19, 27, 2, 28, 17, 39, 27, 17, 19, 2, 22, 28, 16, 8, 11, 8, 39]
    PRED: [27, 0, 0, 19, 10, 28, 39, 27, 10, 19, 12, 0, 22, 30, 2, 8, 39]
    Edit distance: 12/20
  Sample 1:
    TRUE: [27, 16, 7, 39, 26, 11, 7, 2, 28, 30, 39, 28, 10, 34, 27, 2, 20, 39, 28, 5, 22, 8, 39, 20, 16, 31, 2, 14, 27, 1, 13, 28, 39]
    PRED: [27, 17, 19, 28, 39, 26, 0, 27, 29, 2, 30, 39, 30, 27, 10, 34, 2, 20, 39, 28, 5, 22, 37, 8, 39, 8, 10, 20, 2, 27, 5, 13, 39]
    Edit distance: 17/33
  Sample 2:
    TRUE: [28, 24, 39, 27, 33, 20, 37, 39, 35, 17, 39, 21, 12, 8, 39, 16, 22, 39, 2, 22, 2, 6, 1, 29, 30, 39, 19, 2, 20, 33, 38, 2, 22, 39]
    PRED: [9, 2, 39, 27, 25, 20, 37, 39, 35, 17, 39, 21, 12, 8, 39, 16, 22, 39, 16, 22, 8, 11, 13, 1, 28, 30, 39, 19, 2, 20, 33, 38, 2, 22, 39]
    Edit distance: 8/34
  Sample 3:
    TRUE: [20, 3, 27, 17, 37, 39, 19, 0, 28, 30, 33, 21, 39, 22, 17, 8, 2, 8, 39, 6, 20, 1, 19, 39, 14, 20, 2, 34, 37, 39, 30, 33, 39, 6, 17, 39, 19, 2, 21, 26, 20, 17, 30, 20, 17, 39, 10, 20, 2, 14, 2, 22, 30, 39]
    PRED: [19, 27, 5, 27, 16, 39, 19, 1, 28, 2, 21, 39, 22, 17, 8, 39, 6, 0, 19, 39, 20, 0, 34, 37, 39, 30, 33, 39, 6, 17, 39, 19, 2, 21, 26, 17, 20, 11, 39, 10, 20, 2, 22, 39]
    Edit distance: 20/54
  Sample 4:
    TRUE: [9, 2, 39, 30, 33, 31, 39, 13, 10, 27, 17, 39, 13, 11, 14, 0, 30, 39, 30, 33, 39, 19, 2, 21, 39, 35, 10, 22, 39, 27, 0, 18, 11, 37, 39, 30, 33, 31, 39, 13, 10, 20, 39, 4, 30, 39]
    PRED: [9, 2, 39, 30, 27, 33, 31, 39, 34, 10, 27, 35, 17, 39, 27, 17, 30, 3, 19, 14, 2, 8, 39, 30, 33, 39, 19, 2, 21, 39, 35, 10, 22, 39, 27, 10, 18, 11, 39, 31, 33, 31, 39, 13, 12, 20, 39, 4, 30, 39]
    Edit distance: 14/46

============================================================
Batch 52000 | Val PER: 0.1829
============================================================
  Sample 0:
    TRUE: [31, 17, 0, 19, 27, 2, 28, 17, 39, 27, 17, 19, 2, 22, 28, 16, 8, 11, 8, 39]
    PRED: [19, 27, 0, 0, 19, 2, 11, 28, 39, 27, 10, 19, 0, 22, 30, 16, 8, 39]
    Edit distance: 11/20
  Sample 1:
    TRUE: [27, 16, 7, 39, 26, 11, 7, 2, 28, 30, 39, 28, 10, 34, 27, 2, 20, 39, 28, 5, 22, 8, 39, 20, 16, 31, 2, 14, 27, 1, 13, 28, 39]
    PRED: [27, 5, 19, 28, 39, 26, 0, 27, 18, 2, 37, 39, 30, 27, 10, 34, 2, 20, 39, 28, 5, 22, 37, 39, 19, 20, 10, 20, 14, 27, 5, 13, 28, 39]
    Edit distance: 17/33
  Sample 2:
    TRUE: [28, 24, 39, 27, 33, 20, 37, 39, 35, 17, 39, 21, 12, 8, 39, 16, 22, 39, 2, 22, 2, 6, 1, 29, 30, 39, 19, 2, 20, 33, 38, 2, 22, 39]
    PRED: [9, 24, 39, 27, 33, 20, 37, 39, 35, 17, 39, 21, 10, 22, 8, 39, 16, 22, 39, 16, 22, 16, 34, 10, 28, 30, 39, 19, 2, 20, 33, 38, 2, 22, 39]
    Edit distance: 8/34
  Sample 3:
    TRUE: [20, 3, 27, 17, 37, 39, 19, 0, 28, 30, 33, 21, 39, 22, 17, 8, 2, 8, 39, 6, 20, 1, 19, 39, 14, 20, 2, 34, 37, 39, 30, 33, 39, 6, 17, 39, 19, 2, 21, 26, 20, 17, 30, 20, 17, 39, 10, 20, 2, 14, 2, 22, 30, 39]
    PRED: [19, 27, 5, 27, 16, 39, 19, 1, 28, 2, 21, 39, 22, 17, 8, 39, 6, 0, 19, 39, 20, 5, 34, 37, 39, 30, 33, 39, 6, 17, 39, 19, 2, 21, 26, 17, 30, 20, 11, 39, 10, 20, 2, 22, 39]
    Edit distance: 19/54
  Sample 4:
    TRUE: [9, 2, 39, 30, 33, 31, 39, 13, 10, 27, 17, 39, 13, 11, 14, 0, 30, 39, 30, 33, 39, 19, 2, 21, 39, 35, 10, 22, 39, 27, 0, 18, 11, 37, 39, 30, 33, 31, 39, 13, 10, 20, 39, 4, 30, 39]
    PRED: [9, 2, 39, 30, 27, 33, 31, 39, 34, 10, 27, 17, 39, 27, 17, 30, 19, 2, 8, 39, 30, 33, 39, 19, 2, 21, 39, 27, 2, 22, 39, 27, 10, 19, 7, 11, 37, 39, 31, 33, 31, 39, 13, 12, 20, 39, 4, 30, 39]
    Edit distance: 15/46

============================================================
Batch 52500 | Val PER: 0.1834
============================================================
  Sample 0:
    TRUE: [31, 17, 0, 19, 27, 2, 28, 17, 39, 27, 17, 19, 2, 22, 28, 16, 8, 11, 8, 39]
    PRED: [19, 27, 0, 19, 28, 39, 27, 16, 14, 19, 0, 22, 8, 30, 16, 8, 39]
    Edit distance: 12/20
  Sample 1:
    TRUE: [27, 16, 7, 39, 26, 11, 7, 2, 28, 30, 39, 28, 10, 34, 27, 2, 20, 39, 28, 5, 22, 8, 39, 20, 16, 31, 2, 14, 27, 1, 13, 28, 39]
    PRED: [27, 17, 19, 39, 26, 3, 27, 18, 2, 30, 39, 30, 27, 10, 34, 2, 20, 39, 28, 5, 22, 8, 39, 19, 20, 10, 20, 2, 39, 14, 27, 1, 13, 39]
    Edit distance: 14/33
  Sample 2:
    TRUE: [28, 24, 39, 27, 33, 20, 37, 39, 35, 17, 39, 21, 12, 8, 39, 16, 22, 39, 2, 22, 2, 6, 1, 29, 30, 39, 19, 2, 20, 33, 38, 2, 22, 39]
    PRED: [9, 2, 39, 27, 33, 20, 37, 39, 35, 17, 39, 21, 12, 22, 8, 39, 16, 22, 39, 16, 22, 2, 13, 10, 28, 19, 39, 19, 2, 20, 33, 38, 2, 22, 39]
    Edit distance: 8/34
  Sample 3:
    TRUE: [20, 3, 27, 17, 37, 39, 19, 0, 28, 30, 33, 21, 39, 22, 17, 8, 2, 8, 39, 6, 20, 1, 19, 39, 14, 20, 2, 34, 37, 39, 30, 33, 39, 6, 17, 39, 19, 2, 21, 26, 20, 17, 30, 20, 17, 39, 10, 20, 2, 14, 2, 22, 30, 39]
    PRED: [19, 27, 5, 27, 39, 19, 1, 28, 30, 2, 21, 39, 22, 17, 8, 39, 6, 2, 19, 39, 20, 0, 6, 37, 39, 30, 33, 39, 6, 17, 39, 19, 2, 21, 26, 17, 30, 20, 11, 39, 10, 20, 2, 22, 8, 39]
    Edit distance: 18/54
  Sample 4:
    TRUE: [9, 2, 39, 30, 33, 31, 39, 13, 10, 27, 17, 39, 13, 11, 14, 0, 30, 39, 30, 33, 39, 19, 2, 21, 39, 35, 10, 22, 39, 27, 0, 18, 11, 37, 39, 30, 33, 31, 39, 13, 10, 20, 39, 4, 30, 39]
    PRED: [9, 2, 39, 30, 27, 33, 31, 39, 34, 4, 27, 35, 17, 39, 27, 11, 30, 14, 8, 39, 30, 33, 39, 19, 2, 21, 39, 35, 10, 22, 39, 27, 10, 19, 7, 11, 20, 39, 31, 33, 31, 39, 13, 1, 20, 39, 4, 8, 39]
    Edit distance: 15/46

============================================================
Batch 53000 | Val PER: 0.1818
============================================================
  Sample 0:
    TRUE: [31, 17, 0, 19, 27, 2, 28, 17, 39, 27, 17, 19, 2, 22, 28, 16, 8, 11, 8, 39]
    PRED: [27, 0, 0, 19, 11, 28, 39, 27, 10, 19, 0, 22, 30, 2, 8, 39]
    Edit distance: 11/20
  Sample 1:
    TRUE: [27, 16, 7, 39, 26, 11, 7, 2, 28, 30, 39, 28, 10, 34, 27, 2, 20, 39, 28, 5, 22, 8, 39, 20, 16, 31, 2, 14, 27, 1, 13, 28, 39]
    PRED: [17, 19, 28, 39, 26, 3, 27, 29, 30, 39, 20, 10, 34, 2, 20, 39, 28, 5, 22, 37, 39, 19, 20, 10, 20, 39, 27, 1, 13, 39]
    Edit distance: 16/33
  Sample 2:
    TRUE: [28, 24, 39, 27, 33, 20, 37, 39, 35, 17, 39, 21, 12, 8, 39, 16, 22, 39, 2, 22, 2, 6, 1, 29, 30, 39, 19, 2, 20, 33, 38, 2, 22, 39]
    PRED: [9, 4, 39, 27, 33, 20, 37, 39, 35, 17, 39, 21, 12, 8, 39, 16, 22, 39, 16, 22, 11, 34, 10, 28, 30, 39, 19, 2, 20, 33, 38, 2, 22, 39]
    Edit distance: 7/34
  Sample 3:
    TRUE: [20, 3, 27, 17, 37, 39, 19, 0, 28, 30, 33, 21, 39, 22, 17, 8, 2, 8, 39, 6, 20, 1, 19, 39, 14, 20, 2, 34, 37, 39, 30, 33, 39, 6, 17, 39, 19, 2, 21, 26, 20, 17, 30, 20, 17, 39, 10, 20, 2, 14, 2, 22, 30, 39]
    PRED: [19, 27, 3, 27, 16, 39, 19, 1, 28, 30, 2, 21, 39, 22, 17, 8, 39, 6, 0, 19, 39, 20, 0, 6, 37, 39, 30, 33, 39, 6, 17, 39, 19, 2, 0, 21, 26, 17, 30, 7, 11, 39, 10, 20, 2, 22, 39]
    Edit distance: 20/54
  Sample 4:
    TRUE: [9, 2, 39, 30, 33, 31, 39, 13, 10, 27, 17, 39, 13, 11, 14, 0, 30, 39, 30, 33, 39, 19, 2, 21, 39, 35, 10, 22, 39, 27, 0, 18, 11, 37, 39, 30, 33, 31, 39, 13, 10, 20, 39, 4, 30, 39]
    PRED: [9, 2, 39, 30, 27, 33, 31, 39, 34, 1, 27, 35, 11, 39, 27, 11, 30, 14, 19, 30, 8, 39, 30, 33, 39, 19, 2, 21, 39, 35, 10, 22, 39, 27, 10, 7, 11, 39, 31, 33, 31, 39, 13, 1, 20, 39, 4, 30, 39]
    Edit distance: 14/46

============================================================
Batch 53500 | Val PER: 0.1832
============================================================
  Sample 0:
    TRUE: [31, 17, 0, 19, 27, 2, 28, 17, 39, 27, 17, 19, 2, 22, 28, 16, 8, 11, 8, 39]
    PRED: [19, 0, 19, 11, 28, 39, 27, 16, 19, 0, 22, 30, 16, 8, 39]
    Edit distance: 10/20
  Sample 1:
    TRUE: [27, 16, 7, 39, 26, 11, 7, 2, 28, 30, 39, 28, 10, 34, 27, 2, 20, 39, 28, 5, 22, 8, 39, 20, 16, 31, 2, 14, 27, 1, 13, 28, 39]
    PRED: [27, 5, 19, 39, 26, 3, 27, 29, 2, 37, 39, 28, 10, 34, 2, 20, 39, 28, 5, 22, 37, 39, 8, 10, 20, 24, 39, 27, 24, 13, 39]
    Edit distance: 16/33
  Sample 2:
    TRUE: [28, 24, 39, 27, 33, 20, 37, 39, 35, 17, 39, 21, 12, 8, 39, 16, 22, 39, 2, 22, 2, 6, 1, 29, 30, 39, 19, 2, 20, 33, 38, 2, 22, 39]
    PRED: [9, 24, 39, 27, 33, 20, 37, 39, 35, 17, 39, 21, 10, 8, 39, 16, 22, 39, 16, 22, 11, 34, 10, 28, 39, 19, 2, 20, 33, 38, 2, 22, 39]
    Edit distance: 8/34
  Sample 3:
    TRUE: [20, 3, 27, 17, 37, 39, 19, 0, 28, 30, 33, 21, 39, 22, 17, 8, 2, 8, 39, 6, 20, 1, 19, 39, 14, 20, 2, 34, 37, 39, 30, 33, 39, 6, 17, 39, 19, 2, 21, 26, 20, 17, 30, 20, 17, 39, 10, 20, 2, 14, 2, 22, 30, 39]
    PRED: [19, 27, 3, 27, 39, 19, 1, 28, 30, 33, 21, 39, 22, 17, 8, 39, 6, 2, 19, 39, 20, 0, 34, 37, 39, 30, 33, 39, 6, 17, 39, 19, 2, 21, 26, 17, 30, 7, 11, 39, 10, 20, 2, 22, 39]
    Edit distance: 17/54
  Sample 4:
    TRUE: [9, 2, 39, 30, 33, 31, 39, 13, 10, 27, 17, 39, 13, 11, 14, 0, 30, 39, 30, 33, 39, 19, 2, 21, 39, 35, 10, 22, 39, 27, 0, 18, 11, 37, 39, 30, 33, 31, 39, 13, 10, 20, 39, 4, 30, 39]
    PRED: [9, 2, 39, 30, 27, 33, 31, 39, 34, 1, 20, 36, 11, 39, 27, 16, 30, 19, 30, 39, 30, 33, 39, 19, 2, 21, 39, 35, 10, 22, 39, 27, 10, 7, 11, 39, 31, 11, 31, 39, 13, 12, 20, 39, 4, 30, 39]
    Edit distance: 16/46

============================================================
Batch 54000 | Val PER: 0.1796
============================================================
  Sample 0:
    TRUE: [31, 17, 0, 19, 27, 2, 28, 17, 39, 27, 17, 19, 2, 22, 28, 16, 8, 11, 8, 39]
    PRED: [27, 0, 0, 19, 11, 28, 39, 27, 16, 19, 0, 22, 30, 16, 8, 39]
    Edit distance: 10/20
  Sample 1:
    TRUE: [27, 16, 7, 39, 26, 11, 7, 2, 28, 30, 39, 28, 10, 34, 27, 2, 20, 39, 28, 5, 22, 8, 39, 20, 16, 31, 2, 14, 27, 1, 13, 28, 39]
    PRED: [27, 10, 19, 39, 26, 0, 27, 7, 39, 10, 34, 2, 20, 39, 28, 5, 22, 39, 20, 16, 20, 31, 20, 39, 27, 1, 13, 39]
    Edit distance: 14/33
  Sample 2:
    TRUE: [28, 24, 39, 27, 33, 20, 37, 39, 35, 17, 39, 21, 12, 8, 39, 16, 22, 39, 2, 22, 2, 6, 1, 29, 30, 39, 19, 2, 20, 33, 38, 2, 22, 39]
    PRED: [9, 2, 39, 27, 33, 20, 37, 39, 35, 17, 39, 21, 12, 8, 39, 16, 22, 39, 16, 22, 11, 34, 10, 28, 19, 39, 19, 2, 20, 33, 38, 2, 22, 39]
    Edit distance: 8/34
  Sample 3:
    TRUE: [20, 3, 27, 17, 37, 39, 19, 0, 28, 30, 33, 21, 39, 22, 17, 8, 2, 8, 39, 6, 20, 1, 19, 39, 14, 20, 2, 34, 37, 39, 30, 33, 39, 6, 17, 39, 19, 2, 21, 26, 20, 17, 30, 20, 17, 39, 10, 20, 2, 14, 2, 22, 30, 39]
    PRED: [19, 27, 5, 27, 16, 39, 19, 1, 28, 30, 33, 21, 39, 22, 17, 8, 39, 6, 2, 19, 39, 27, 0, 34, 37, 39, 30, 33, 39, 6, 17, 39, 19, 2, 21, 26, 17, 30, 20, 11, 39, 10, 20, 2, 22, 39]
    Edit distance: 18/54
  Sample 4:
    TRUE: [9, 2, 39, 30, 33, 31, 39, 13, 10, 27, 17, 39, 13, 11, 14, 0, 30, 39, 30, 33, 39, 19, 2, 21, 39, 35, 10, 22, 39, 27, 0, 18, 11, 37, 39, 30, 33, 31, 39, 13, 10, 20, 39, 4, 30, 39]
    PRED: [9, 2, 39, 30, 27, 33, 31, 39, 34, 1, 20, 11, 39, 27, 16, 0, 19, 30, 8, 39, 30, 33, 39, 19, 2, 21, 39, 35, 10, 22, 39, 27, 10, 19, 7, 11, 39, 31, 11, 31, 39, 13, 12, 20, 39, 4, 30, 39]
    Edit distance: 17/46

============================================================
Batch 54500 | Val PER: 0.1808
============================================================
  Sample 0:
    TRUE: [31, 17, 0, 19, 27, 2, 28, 17, 39, 27, 17, 19, 2, 22, 28, 16, 8, 11, 8, 39]
    PRED: [27, 0, 0, 19, 11, 28, 39, 27, 16, 14, 0, 22, 30, 16, 8, 39]
    Edit distance: 11/20
  Sample 1:
    TRUE: [27, 16, 7, 39, 26, 11, 7, 2, 28, 30, 39, 28, 10, 34, 27, 2, 20, 39, 28, 5, 22, 8, 39, 20, 16, 31, 2, 14, 27, 1, 13, 28, 39]
    PRED: [27, 10, 19, 28, 39, 26, 3, 27, 7, 2, 37, 39, 10, 34, 2, 20, 39, 28, 5, 22, 37, 8, 39, 20, 16, 20, 24, 39, 24, 13, 39]
    Edit distance: 16/33
  Sample 2:
    TRUE: [28, 24, 39, 27, 33, 20, 37, 39, 35, 17, 39, 21, 12, 8, 39, 16, 22, 39, 2, 22, 2, 6, 1, 29, 30, 39, 19, 2, 20, 33, 38, 2, 22, 39]
    PRED: [9, 4, 39, 27, 25, 20, 37, 39, 35, 17, 39, 21, 12, 8, 39, 16, 22, 39, 16, 22, 8, 11, 34, 10, 28, 39, 19, 2, 20, 33, 38, 2, 22, 39]
    Edit distance: 9/34
  Sample 3:
    TRUE: [20, 3, 27, 17, 37, 39, 19, 0, 28, 30, 33, 21, 39, 22, 17, 8, 2, 8, 39, 6, 20, 1, 19, 39, 14, 20, 2, 34, 37, 39, 30, 33, 39, 6, 17, 39, 19, 2, 21, 26, 20, 17, 30, 20, 17, 39, 10, 20, 2, 14, 2, 22, 30, 39]
    PRED: [19, 27, 3, 27, 16, 39, 19, 1, 28, 30, 2, 21, 39, 22, 17, 8, 39, 6, 2, 19, 39, 27, 0, 6, 39, 30, 33, 39, 6, 17, 39, 19, 2, 21, 26, 17, 30, 7, 36, 11, 39, 10, 20, 2, 22, 39]
    Edit distance: 22/54
  Sample 4:
    TRUE: [9, 2, 39, 30, 33, 31, 39, 13, 10, 27, 17, 39, 13, 11, 14, 0, 30, 39, 30, 33, 39, 19, 2, 21, 39, 35, 10, 22, 39, 27, 0, 18, 11, 37, 39, 30, 33, 31, 39, 13, 10, 20, 39, 4, 30, 39]
    PRED: [9, 2, 39, 30, 27, 33, 31, 39, 34, 1, 27, 11, 39, 27, 11, 30, 19, 30, 39, 30, 33, 39, 19, 2, 21, 39, 27, 10, 22, 39, 27, 10, 7, 11, 39, 31, 11, 31, 39, 13, 12, 20, 39, 4, 30, 39]
    Edit distance: 14/46

============================================================
Batch 55000 | Val PER: 0.1825
============================================================
  Sample 0:
    TRUE: [31, 17, 0, 19, 27, 2, 28, 17, 39, 27, 17, 19, 2, 22, 28, 16, 8, 11, 8, 39]
    PRED: [27, 0, 0, 19, 11, 28, 39, 27, 16, 19, 0, 22, 30, 16, 8, 39]
    Edit distance: 10/20
  Sample 1:
    TRUE: [27, 16, 7, 39, 26, 11, 7, 2, 28, 30, 39, 28, 10, 34, 27, 2, 20, 39, 28, 5, 22, 8, 39, 20, 16, 31, 2, 14, 27, 1, 13, 28, 39]
    PRED: [27, 1, 19, 28, 39, 26, 0, 27, 7, 2, 37, 39, 20, 10, 34, 2, 20, 39, 28, 5, 22, 37, 8, 39, 20, 10, 20, 24, 39, 27, 1, 13, 39]
    Edit distance: 15/33
  Sample 2:
    TRUE: [28, 24, 39, 27, 33, 20, 37, 39, 35, 17, 39, 21, 12, 8, 39, 16, 22, 39, 2, 22, 2, 6, 1, 29, 30, 39, 19, 2, 20, 33, 38, 2, 22, 39]
    PRED: [15, 4, 39, 27, 33, 20, 37, 39, 35, 17, 39, 21, 12, 22, 8, 39, 16, 22, 39, 16, 22, 11, 34, 10, 28, 39, 19, 2, 20, 33, 38, 2, 22, 39]
    Edit distance: 9/34
  Sample 3:
    TRUE: [20, 3, 27, 17, 37, 39, 19, 0, 28, 30, 33, 21, 39, 22, 17, 8, 2, 8, 39, 6, 20, 1, 19, 39, 14, 20, 2, 34, 37, 39, 30, 33, 39, 6, 17, 39, 19, 2, 21, 26, 20, 17, 30, 20, 17, 39, 10, 20, 2, 14, 2, 22, 30, 39]
    PRED: [19, 27, 3, 27, 16, 39, 19, 1, 28, 2, 21, 39, 22, 17, 8, 39, 6, 21, 2, 19, 39, 20, 0, 34, 37, 39, 30, 33, 39, 6, 17, 39, 19, 2, 21, 26, 17, 30, 11, 39, 10, 20, 2, 22, 39]
    Edit distance: 19/54
  Sample 4:
    TRUE: [9, 2, 39, 30, 33, 31, 39, 13, 10, 27, 17, 39, 13, 11, 14, 0, 30, 39, 30, 33, 39, 19, 2, 21, 39, 35, 10, 22, 39, 27, 0, 18, 11, 37, 39, 30, 33, 31, 39, 13, 10, 20, 39, 4, 30, 39]
    PRED: [9, 2, 39, 30, 27, 33, 31, 39, 34, 1, 20, 11, 39, 27, 16, 0, 19, 30, 39, 30, 33, 39, 19, 2, 21, 39, 27, 10, 22, 39, 27, 10, 18, 11, 20, 37, 39, 31, 33, 31, 39, 13, 12, 20, 28, 39, 4, 30, 39]
    Edit distance: 15/46

============================================================
Batch 55500 | Val PER: 0.1815
============================================================
  Sample 0:
    TRUE: [31, 17, 0, 19, 27, 2, 28, 17, 39, 27, 17, 19, 2, 22, 28, 16, 8, 11, 8, 39]
    PRED: [27, 1, 0, 19, 14, 11, 28, 39, 27, 17, 16, 14, 0, 22, 30, 16, 8, 39]
    Edit distance: 11/20
  Sample 1:
    TRUE: [27, 16, 7, 39, 26, 11, 7, 2, 28, 30, 39, 28, 10, 34, 27, 2, 20, 39, 28, 5, 22, 8, 39, 20, 16, 31, 2, 14, 27, 1, 13, 28, 39]
    PRED: [27, 5, 19, 39, 26, 0, 27, 7, 2, 30, 39, 10, 34, 2, 20, 39, 28, 1, 22, 8, 39, 20, 10, 31, 20, 24, 39, 27, 1, 13, 39]
    Edit distance: 13/33
  Sample 2:
    TRUE: [28, 24, 39, 27, 33, 20, 37, 39, 35, 17, 39, 21, 12, 8, 39, 16, 22, 39, 2, 22, 2, 6, 1, 29, 30, 39, 19, 2, 20, 33, 38, 2, 22, 39]
    PRED: [9, 2, 39, 27, 33, 20, 37, 39, 35, 17, 39, 21, 12, 8, 39, 16, 22, 39, 16, 22, 8, 11, 34, 10, 28, 39, 19, 2, 20, 33, 38, 2, 22, 39]
    Edit distance: 8/34
  Sample 3:
    TRUE: [20, 3, 27, 17, 37, 39, 19, 0, 28, 30, 33, 21, 39, 22, 17, 8, 2, 8, 39, 6, 20, 1, 19, 39, 14, 20, 2, 34, 37, 39, 30, 33, 39, 6, 17, 39, 19, 2, 21, 26, 20, 17, 30, 20, 17, 39, 10, 20, 2, 14, 2, 22, 30, 39]
    PRED: [19, 27, 3, 27, 39, 19, 1, 28, 2, 21, 39, 22, 17, 8, 39, 6, 2, 19, 39, 27, 0, 6, 39, 30, 33, 39, 6, 17, 39, 19, 2, 21, 26, 17, 30, 7, 20, 11, 39, 10, 20, 2, 22, 39]
    Edit distance: 22/54
  Sample 4:
    TRUE: [9, 2, 39, 30, 33, 31, 39, 13, 10, 27, 17, 39, 13, 11, 14, 0, 30, 39, 30, 33, 39, 19, 2, 21, 39, 35, 10, 22, 39, 27, 0, 18, 11, 37, 39, 30, 33, 31, 39, 13, 10, 20, 39, 4, 30, 39]
    PRED: [9, 2, 39, 30, 27, 33, 31, 39, 34, 1, 20, 11, 39, 27, 16, 3, 14, 30, 39, 30, 33, 39, 19, 2, 21, 39, 35, 10, 22, 39, 27, 3, 14, 7, 11, 20, 39, 31, 33, 31, 39, 13, 12, 20, 39, 4, 30, 39]
    Edit distance: 15/46

============================================================
Batch 56000 | Val PER: 0.1796
============================================================
  Sample 0:
    TRUE: [31, 17, 0, 19, 27, 2, 28, 17, 39, 27, 17, 19, 2, 22, 28, 16, 8, 11, 8, 39]
    PRED: [27, 0, 0, 19, 11, 28, 39, 27, 10, 14, 19, 0, 22, 30, 2, 8, 39]
    Edit distance: 12/20
  Sample 1:
    TRUE: [27, 16, 7, 39, 26, 11, 7, 2, 28, 30, 39, 28, 10, 34, 27, 2, 20, 39, 28, 5, 22, 8, 39, 20, 16, 31, 2, 14, 27, 1, 13, 28, 39]
    PRED: [5, 19, 28, 39, 26, 0, 27, 7, 2, 30, 39, 10, 34, 2, 20, 39, 28, 5, 22, 8, 39, 8, 10, 20, 24, 39, 27, 24, 13, 39]
    Edit distance: 15/33
  Sample 2:
    TRUE: [28, 24, 39, 27, 33, 20, 37, 39, 35, 17, 39, 21, 12, 8, 39, 16, 22, 39, 2, 22, 2, 6, 1, 29, 30, 39, 19, 2, 20, 33, 38, 2, 22, 39]
    PRED: [9, 2, 39, 27, 33, 20, 37, 39, 35, 17, 39, 21, 12, 22, 8, 39, 16, 22, 39, 16, 22, 2, 34, 10, 28, 39, 19, 2, 20, 33, 38, 2, 22, 39]
    Edit distance: 8/34
  Sample 3:
    TRUE: [20, 3, 27, 17, 37, 39, 19, 0, 28, 30, 33, 21, 39, 22, 17, 8, 2, 8, 39, 6, 20, 1, 19, 39, 14, 20, 2, 34, 37, 39, 30, 33, 39, 6, 17, 39, 19, 2, 21, 26, 20, 17, 30, 20, 17, 39, 10, 20, 2, 14, 2, 22, 30, 39]
    PRED: [27, 5, 27, 16, 39, 19, 1, 28, 2, 21, 39, 22, 17, 8, 39, 6, 2, 19, 39, 27, 2, 34, 37, 39, 30, 33, 39, 6, 17, 39, 19, 2, 21, 26, 17, 30, 20, 11, 39, 10, 20, 2, 22, 39]
    Edit distance: 18/54
  Sample 4:
    TRUE: [9, 2, 39, 30, 33, 31, 39, 13, 10, 27, 17, 39, 13, 11, 14, 0, 30, 39, 30, 33, 39, 19, 2, 21, 39, 35, 10, 22, 39, 27, 0, 18, 11, 37, 39, 30, 33, 31, 39, 13, 10, 20, 39, 4, 30, 39]
    PRED: [9, 2, 39, 27, 33, 31, 39, 34, 1, 20, 11, 2, 39, 27, 16, 30, 3, 19, 30, 2, 8, 39, 30, 33, 39, 19, 2, 21, 39, 35, 10, 22, 39, 27, 10, 19, 7, 11, 37, 39, 31, 33, 31, 39, 13, 1, 20, 39, 4, 30, 39]
    Edit distance: 18/46

============================================================
Batch 56500 | Val PER: 0.1833
============================================================
  Sample 0:
    TRUE: [31, 17, 0, 19, 27, 2, 28, 17, 39, 27, 17, 19, 2, 22, 28, 16, 8, 11, 8, 39]
    PRED: [27, 0, 0, 19, 11, 28, 39, 27, 10, 14, 10, 22, 30, 16, 8, 39]
    Edit distance: 11/20
  Sample 1:
    TRUE: [27, 16, 7, 39, 26, 11, 7, 2, 28, 30, 39, 28, 10, 34, 27, 2, 20, 39, 28, 5, 22, 8, 39, 20, 16, 31, 2, 14, 27, 1, 13, 28, 39]
    PRED: [27, 10, 19, 28, 39, 26, 3, 27, 7, 2, 30, 39, 10, 34, 2, 20, 39, 28, 5, 22, 8, 39, 8, 16, 20, 24, 13, 39]
    Edit distance: 15/33
  Sample 2:
    TRUE: [28, 24, 39, 27, 33, 20, 37, 39, 35, 17, 39, 21, 12, 8, 39, 16, 22, 39, 2, 22, 2, 6, 1, 29, 30, 39, 19, 2, 20, 33, 38, 2, 22, 39]
    PRED: [9, 2, 39, 27, 33, 20, 37, 39, 35, 17, 39, 21, 12, 22, 8, 39, 16, 22, 39, 16, 22, 11, 34, 5, 28, 39, 19, 2, 20, 33, 38, 2, 22, 39]
    Edit distance: 9/34
  Sample 3:
    TRUE: [20, 3, 27, 17, 37, 39, 19, 0, 28, 30, 33, 21, 39, 22, 17, 8, 2, 8, 39, 6, 20, 1, 19, 39, 14, 20, 2, 34, 37, 39, 30, 33, 39, 6, 17, 39, 19, 2, 21, 26, 20, 17, 30, 20, 17, 39, 10, 20, 2, 14, 2, 22, 30, 39]
    PRED: [27, 5, 27, 28, 39, 19, 1, 28, 2, 21, 39, 22, 17, 8, 39, 6, 2, 19, 39, 20, 5, 6, 37, 39, 30, 33, 39, 6, 17, 39, 19, 2, 21, 26, 17, 30, 20, 11, 39, 10, 20, 2, 22, 39]
    Edit distance: 19/54
  Sample 4:
    TRUE: [9, 2, 39, 30, 33, 31, 39, 13, 10, 27, 17, 39, 13, 11, 14, 0, 30, 39, 30, 33, 39, 19, 2, 21, 39, 35, 10, 22, 39, 27, 0, 18, 11, 37, 39, 30, 33, 31, 39, 13, 10, 20, 39, 4, 30, 39]
    PRED: [9, 2, 39, 30, 27, 33, 31, 39, 34, 4, 20, 11, 17, 39, 27, 17, 3, 19, 30, 2, 8, 39, 30, 33, 39, 19, 2, 21, 39, 35, 10, 22, 39, 27, 10, 20, 18, 11, 37, 39, 31, 33, 31, 39, 13, 12, 20, 39, 4, 30, 39]
    Edit distance: 15/46

============================================================
Batch 57000 | Val PER: 0.1820
============================================================
  Sample 0:
    TRUE: [31, 17, 0, 19, 27, 2, 28, 17, 39, 27, 17, 19, 2, 22, 28, 16, 8, 11, 8, 39]
    PRED: [27, 0, 0, 19, 2, 11, 28, 39, 27, 16, 14, 10, 22, 30, 2, 16, 8, 39]
    Edit distance: 12/20
  Sample 1:
    TRUE: [27, 16, 7, 39, 26, 11, 7, 2, 28, 30, 39, 28, 10, 34, 27, 2, 20, 39, 28, 5, 22, 8, 39, 20, 16, 31, 2, 14, 27, 1, 13, 28, 39]
    PRED: [27, 5, 19, 28, 39, 26, 3, 27, 7, 2, 30, 39, 10, 34, 2, 20, 39, 28, 5, 22, 8, 39, 8, 10, 31, 20, 39, 27, 24, 13, 39]
    Edit distance: 14/33
  Sample 2:
    TRUE: [28, 24, 39, 27, 33, 20, 37, 39, 35, 17, 39, 21, 12, 8, 39, 16, 22, 39, 2, 22, 2, 6, 1, 29, 30, 39, 19, 2, 20, 33, 38, 2, 22, 39]
    PRED: [9, 2, 39, 27, 33, 20, 37, 39, 35, 17, 39, 21, 12, 8, 39, 16, 22, 39, 16, 22, 11, 34, 5, 28, 39, 19, 2, 20, 33, 38, 2, 22, 39]
    Edit distance: 8/34
  Sample 3:
    TRUE: [20, 3, 27, 17, 37, 39, 19, 0, 28, 30, 33, 21, 39, 22, 17, 8, 2, 8, 39, 6, 20, 1, 19, 39, 14, 20, 2, 34, 37, 39, 30, 33, 39, 6, 17, 39, 19, 2, 21, 26, 20, 17, 30, 20, 17, 39, 10, 20, 2, 14, 2, 22, 30, 39]
    PRED: [27, 5, 27, 39, 19, 1, 28, 15, 2, 21, 39, 22, 17, 8, 39, 6, 0, 19, 39, 20, 5, 34, 37, 39, 30, 33, 39, 6, 17, 39, 19, 2, 21, 26, 17, 30, 20, 11, 39, 10, 20, 2, 22, 39]
    Edit distance: 18/54
  Sample 4:
    TRUE: [9, 2, 39, 30, 33, 31, 39, 13, 10, 27, 17, 39, 13, 11, 14, 0, 30, 39, 30, 33, 39, 19, 2, 21, 39, 35, 10, 22, 39, 27, 0, 18, 11, 37, 39, 30, 33, 31, 39, 13, 10, 20, 39, 4, 30, 39]
    PRED: [9, 2, 39, 36, 33, 31, 39, 34, 10, 27, 11, 39, 27, 16, 3, 19, 30, 2, 8, 39, 30, 33, 39, 19, 2, 21, 39, 35, 10, 22, 39, 27, 10, 7, 11, 39, 31, 11, 31, 39, 13, 12, 20, 39, 4, 30, 39]
    Edit distance: 15/46

============================================================
Batch 57500 | Val PER: 0.1794
============================================================
  Sample 0:
    TRUE: [31, 17, 0, 19, 27, 2, 28, 17, 39, 27, 17, 19, 2, 22, 28, 16, 8, 11, 8, 39]
    PRED: [29, 0, 0, 19, 2, 28, 39, 27, 10, 19, 10, 22, 30, 2, 8, 39]
    Edit distance: 10/20
  Sample 1:
    TRUE: [27, 16, 7, 39, 26, 11, 7, 2, 28, 30, 39, 28, 10, 34, 27, 2, 20, 39, 28, 5, 22, 8, 39, 20, 16, 31, 2, 14, 27, 1, 13, 28, 39]
    PRED: [10, 19, 28, 39, 26, 3, 27, 30, 2, 30, 39, 1, 34, 2, 20, 39, 28, 5, 22, 8, 39, 8, 16, 20, 24, 13, 39]
    Edit distance: 17/33
  Sample 2:
    TRUE: [28, 24, 39, 27, 33, 20, 37, 39, 35, 17, 39, 21, 12, 8, 39, 16, 22, 39, 2, 22, 2, 6, 1, 29, 30, 39, 19, 2, 20, 33, 38, 2, 22, 39]
    PRED: [9, 24, 39, 27, 33, 20, 37, 39, 35, 17, 39, 21, 12, 22, 8, 39, 16, 22, 39, 16, 22, 11, 34, 1, 28, 19, 39, 19, 2, 20, 33, 38, 2, 22, 39]
    Edit distance: 7/34
  Sample 3:
    TRUE: [20, 3, 27, 17, 37, 39, 19, 0, 28, 30, 33, 21, 39, 22, 17, 8, 2, 8, 39, 6, 20, 1, 19, 39, 14, 20, 2, 34, 37, 39, 30, 33, 39, 6, 17, 39, 19, 2, 21, 26, 20, 17, 30, 20, 17, 39, 10, 20, 2, 14, 2, 22, 30, 39]
    PRED: [19, 27, 3, 27, 39, 19, 1, 28, 2, 21, 39, 22, 17, 8, 39, 6, 0, 19, 39, 20, 5, 6, 37, 39, 30, 33, 39, 6, 17, 39, 19, 2, 21, 26, 17, 30, 20, 11, 39, 10, 20, 2, 22, 39]
    Edit distance: 19/54
  Sample 4:
    TRUE: [9, 2, 39, 30, 33, 31, 39, 13, 10, 27, 17, 39, 13, 11, 14, 0, 30, 39, 30, 33, 39, 19, 2, 21, 39, 35, 10, 22, 39, 27, 0, 18, 11, 37, 39, 30, 33, 31, 39, 13, 10, 20, 39, 4, 30, 39]
    PRED: [9, 2, 39, 30, 27, 33, 31, 39, 34, 1, 27, 36, 11, 39, 27, 16, 30, 14, 3, 14, 30, 8, 39, 30, 33, 39, 19, 2, 21, 39, 35, 1, 22, 8, 39, 27, 10, 18, 11, 20, 39, 31, 33, 31, 39, 13, 12, 20, 39, 4, 30, 39]
    Edit distance: 17/46

============================================================
Batch 58000 | Val PER: 0.1792
============================================================
  Sample 0:
    TRUE: [31, 17, 0, 19, 27, 2, 28, 17, 39, 27, 17, 19, 2, 22, 28, 16, 8, 11, 8, 39]
    PRED: [27, 0, 0, 19, 11, 28, 39, 27, 24, 19, 14, 10, 22, 30, 2, 8, 39]
    Edit distance: 12/20
  Sample 1:
    TRUE: [27, 16, 7, 39, 26, 11, 7, 2, 28, 30, 39, 28, 10, 34, 27, 2, 20, 39, 28, 5, 22, 8, 39, 20, 16, 31, 2, 14, 27, 1, 13, 28, 39]
    PRED: [27, 10, 19, 28, 39, 26, 3, 27, 7, 2, 30, 39, 10, 34, 2, 20, 39, 28, 5, 22, 8, 39, 8, 10, 20, 2, 39, 24, 13, 39]
    Edit distance: 15/33
  Sample 2:
    TRUE: [28, 24, 39, 27, 33, 20, 37, 39, 35, 17, 39, 21, 12, 8, 39, 16, 22, 39, 2, 22, 2, 6, 1, 29, 30, 39, 19, 2, 20, 33, 38, 2, 22, 39]
    PRED: [9, 24, 39, 27, 33, 20, 37, 39, 35, 17, 39, 21, 12, 22, 30, 8, 39, 16, 22, 39, 16, 22, 11, 34, 1, 28, 19, 39, 19, 2, 20, 33, 38, 2, 22, 39]
    Edit distance: 8/34
  Sample 3:
    TRUE: [20, 3, 27, 17, 37, 39, 19, 0, 28, 30, 33, 21, 39, 22, 17, 8, 2, 8, 39, 6, 20, 1, 19, 39, 14, 20, 2, 34, 37, 39, 30, 33, 39, 6, 17, 39, 19, 2, 21, 26, 20, 17, 30, 20, 17, 39, 10, 20, 2, 14, 2, 22, 30, 39]
    PRED: [27, 3, 27, 39, 19, 1, 28, 30, 2, 21, 39, 22, 17, 8, 39, 6, 2, 19, 39, 27, 5, 34, 39, 30, 33, 39, 6, 17, 39, 19, 2, 21, 26, 17, 30, 20, 11, 39, 10, 20, 2, 22, 39]
    Edit distance: 18/54
  Sample 4:
    TRUE: [9, 2, 39, 30, 33, 31, 39, 13, 10, 27, 17, 39, 13, 11, 14, 0, 30, 39, 30, 33, 39, 19, 2, 21, 39, 35, 10, 22, 39, 27, 0, 18, 11, 37, 39, 30, 33, 31, 39, 13, 10, 20, 39, 4, 30, 39]
    PRED: [9, 2, 39, 30, 27, 33, 31, 39, 34, 10, 27, 11, 39, 27, 16, 30, 19, 30, 2, 8, 39, 30, 33, 39, 19, 2, 21, 39, 35, 1, 22, 8, 39, 27, 10, 7, 11, 39, 31, 11, 31, 39, 13, 12, 20, 39, 4, 30, 39]
    Edit distance: 17/46

============================================================
Batch 58500 | Val PER: 0.1806
============================================================
  Sample 0:
    TRUE: [31, 17, 0, 19, 27, 2, 28, 17, 39, 27, 17, 19, 2, 22, 28, 16, 8, 11, 8, 39]
    PRED: [19, 27, 0, 0, 19, 2, 28, 39, 27, 10, 19, 14, 0, 22, 30, 2, 8, 39]
    Edit distance: 12/20
  Sample 1:
    TRUE: [27, 16, 7, 39, 26, 11, 7, 2, 28, 30, 39, 28, 10, 34, 27, 2, 20, 39, 28, 5, 22, 8, 39, 20, 16, 31, 2, 14, 27, 1, 13, 28, 39]
    PRED: [27, 10, 19, 39, 26, 0, 27, 29, 2, 30, 39, 10, 34, 2, 20, 39, 5, 22, 8, 39, 20, 10, 31, 20, 2, 24, 13, 39]
    Edit distance: 15/33
  Sample 2:
    TRUE: [28, 24, 39, 27, 33, 20, 37, 39, 35, 17, 39, 21, 12, 8, 39, 16, 22, 39, 2, 22, 2, 6, 1, 29, 30, 39, 19, 2, 20, 33, 38, 2, 22, 39]
    PRED: [9, 24, 39, 27, 33, 20, 37, 39, 35, 17, 39, 21, 12, 22, 8, 39, 16, 22, 39, 16, 22, 11, 34, 5, 28, 19, 39, 19, 2, 20, 33, 38, 2, 22, 39]
    Edit distance: 8/34
  Sample 3:
    TRUE: [20, 3, 27, 17, 37, 39, 19, 0, 28, 30, 33, 21, 39, 22, 17, 8, 2, 8, 39, 6, 20, 1, 19, 39, 14, 20, 2, 34, 37, 39, 30, 33, 39, 6, 17, 39, 19, 2, 21, 26, 20, 17, 30, 20, 17, 39, 10, 20, 2, 14, 2, 22, 30, 39]
    PRED: [19, 27, 3, 27, 17, 39, 19, 1, 28, 30, 2, 21, 39, 22, 17, 8, 39, 6, 0, 19, 39, 27, 5, 13, 6, 39, 30, 33, 39, 6, 17, 39, 19, 0, 21, 26, 17, 30, 20, 11, 39, 10, 20, 2, 22, 8, 39]
    Edit distance: 20/54
  Sample 4:
    TRUE: [9, 2, 39, 30, 33, 31, 39, 13, 10, 27, 17, 39, 13, 11, 14, 0, 30, 39, 30, 33, 39, 19, 2, 21, 39, 35, 10, 22, 39, 27, 0, 18, 11, 37, 39, 30, 33, 31, 39, 13, 10, 20, 39, 4, 30, 39]
    PRED: [9, 2, 39, 36, 33, 31, 39, 34, 10, 27, 35, 17, 39, 27, 16, 19, 30, 39, 30, 33, 39, 19, 2, 21, 39, 35, 10, 22, 8, 39, 27, 10, 18, 11, 20, 39, 31, 11, 31, 39, 13, 12, 20, 39, 4, 30, 39]
    Edit distance: 13/46

============================================================
Batch 59000 | Val PER: 0.1811
============================================================
  Sample 0:
    TRUE: [31, 17, 0, 19, 27, 2, 28, 17, 39, 27, 17, 19, 2, 22, 28, 16, 8, 11, 8, 39]
    PRED: [27, 0, 19, 28, 39, 27, 24, 19, 14, 0, 30, 16, 8, 39]
    Edit distance: 11/20
  Sample 1:
    TRUE: [27, 16, 7, 39, 26, 11, 7, 2, 28, 30, 39, 28, 10, 34, 27, 2, 20, 39, 28, 5, 22, 8, 39, 20, 16, 31, 2, 14, 27, 1, 13, 28, 39]
    PRED: [27, 5, 19, 28, 39, 26, 0, 27, 29, 2, 30, 39, 10, 34, 2, 20, 39, 28, 5, 22, 8, 39, 8, 10, 20, 2, 39, 24, 13, 39]
    Edit distance: 16/33
  Sample 2:
    TRUE: [28, 24, 39, 27, 33, 20, 37, 39, 35, 17, 39, 21, 12, 8, 39, 16, 22, 39, 2, 22, 2, 6, 1, 29, 30, 39, 19, 2, 20, 33, 38, 2, 22, 39]
    PRED: [9, 4, 39, 27, 25, 20, 37, 39, 35, 17, 39, 21, 12, 22, 30, 8, 39, 16, 22, 39, 16, 22, 11, 34, 5, 28, 39, 19, 2, 20, 33, 38, 2, 22, 39]
    Edit distance: 11/34
  Sample 3:
    TRUE: [20, 3, 27, 17, 37, 39, 19, 0, 28, 30, 33, 21, 39, 22, 17, 8, 2, 8, 39, 6, 20, 1, 19, 39, 14, 20, 2, 34, 37, 39, 30, 33, 39, 6, 17, 39, 19, 2, 21, 26, 20, 17, 30, 20, 17, 39, 10, 20, 2, 14, 2, 22, 30, 39]
    PRED: [27, 5, 27, 39, 19, 1, 28, 30, 2, 21, 39, 22, 17, 8, 39, 6, 2, 19, 39, 20, 5, 13, 39, 30, 33, 39, 6, 17, 39, 19, 2, 21, 26, 17, 30, 20, 11, 39, 10, 20, 2, 22, 39]
    Edit distance: 19/54
  Sample 4:
    TRUE: [9, 2, 39, 30, 33, 31, 39, 13, 10, 27, 17, 39, 13, 11, 14, 0, 30, 39, 30, 33, 39, 19, 2, 21, 39, 35, 10, 22, 39, 27, 0, 18, 11, 37, 39, 30, 33, 31, 39, 13, 10, 20, 39, 4, 30, 39]
    PRED: [9, 2, 39, 27, 33, 31, 39, 34, 4, 11, 39, 27, 16, 30, 19, 30, 2, 8, 39, 30, 33, 39, 19, 2, 21, 39, 35, 10, 22, 39, 27, 10, 18, 11, 39, 31, 11, 31, 39, 13, 10, 20, 39, 4, 30, 39]
    Edit distance: 15/46

============================================================
Batch 59500 | Val PER: 0.1807
============================================================
  Sample 0:
    TRUE: [31, 17, 0, 19, 27, 2, 28, 17, 39, 27, 17, 19, 2, 22, 28, 16, 8, 11, 8, 39]
    PRED: [27, 0, 0, 19, 28, 39, 27, 16, 14, 0, 22, 30, 2, 16, 8, 39]
    Edit distance: 12/20
  Sample 1:
    TRUE: [27, 16, 7, 39, 26, 11, 7, 2, 28, 30, 39, 28, 10, 34, 27, 2, 20, 39, 28, 5, 22, 8, 39, 20, 16, 31, 2, 14, 27, 1, 13, 28, 39]
    PRED: [27, 10, 19, 28, 39, 26, 3, 27, 29, 2, 30, 39, 10, 34, 2, 20, 39, 28, 5, 22, 8, 39, 8, 10, 20, 24, 13, 39]
    Edit distance: 17/33
  Sample 2:
    TRUE: [28, 24, 39, 27, 33, 20, 37, 39, 35, 17, 39, 21, 12, 8, 39, 16, 22, 39, 2, 22, 2, 6, 1, 29, 30, 39, 19, 2, 20, 33, 38, 2, 22, 39]
    PRED: [9, 2, 39, 27, 33, 20, 37, 39, 35, 17, 39, 21, 12, 22, 8, 39, 16, 22, 39, 16, 22, 11, 34, 10, 28, 19, 39, 19, 2, 20, 33, 38, 2, 22, 39]
    Edit distance: 9/34
  Sample 3:
    TRUE: [20, 3, 27, 17, 37, 39, 19, 0, 28, 30, 33, 21, 39, 22, 17, 8, 2, 8, 39, 6, 20, 1, 19, 39, 14, 20, 2, 34, 37, 39, 30, 33, 39, 6, 17, 39, 19, 2, 21, 26, 20, 17, 30, 20, 17, 39, 10, 20, 2, 14, 2, 22, 30, 39]
    PRED: [27, 5, 27, 28, 39, 19, 1, 28, 30, 2, 21, 39, 22, 17, 8, 39, 6, 2, 19, 39, 20, 5, 34, 37, 39, 30, 33, 39, 6, 17, 39, 19, 2, 21, 26, 17, 30, 20, 11, 39, 10, 20, 2, 22, 39]
    Edit distance: 17/54
  Sample 4:
    TRUE: [9, 2, 39, 30, 33, 31, 39, 13, 10, 27, 17, 39, 13, 11, 14, 0, 30, 39, 30, 33, 39, 19, 2, 21, 39, 35, 10, 22, 39, 27, 0, 18, 11, 37, 39, 30, 33, 31, 39, 13, 10, 20, 39, 4, 30, 39]
    PRED: [9, 2, 39, 27, 33, 31, 39, 34, 4, 27, 35, 2, 39, 27, 16, 14, 30, 2, 8, 39, 30, 33, 39, 19, 2, 21, 39, 35, 10, 22, 39, 27, 10, 18, 11, 37, 39, 31, 11, 31, 39, 13, 12, 20, 39, 4, 30, 39]
    Edit distance: 14/46

============================================================
Batch 60000 | Val PER: 0.1795
============================================================
  Sample 0:
    TRUE: [31, 17, 0, 19, 27, 2, 28, 17, 39, 27, 17, 19, 2, 22, 28, 16, 8, 11, 8, 39]
    PRED: [27, 0, 0, 19, 28, 39, 27, 24, 14, 0, 30, 2, 8, 39]
    Edit distance: 13/20
  Sample 1:
    TRUE: [27, 16, 7, 39, 26, 11, 7, 2, 28, 30, 39, 28, 10, 34, 27, 2, 20, 39, 28, 5, 22, 8, 39, 20, 16, 31, 2, 14, 27, 1, 13, 28, 39]
    PRED: [27, 10, 19, 39, 26, 3, 27, 29, 2, 30, 39, 10, 34, 2, 20, 39, 5, 22, 8, 39, 8, 10, 20, 1, 13, 39]
    Edit distance: 16/33
  Sample 2:
    TRUE: [28, 24, 39, 27, 33, 20, 37, 39, 35, 17, 39, 21, 12, 8, 39, 16, 22, 39, 2, 22, 2, 6, 1, 29, 30, 39, 19, 2, 20, 33, 38, 2, 22, 39]
    PRED: [9, 2, 39, 27, 25, 20, 37, 39, 35, 17, 39, 21, 12, 22, 8, 39, 16, 22, 39, 16, 22, 11, 34, 1, 28, 39, 19, 2, 20, 33, 38, 2, 22, 39]
    Edit distance: 9/34
  Sample 3:
    TRUE: [20, 3, 27, 17, 37, 39, 19, 0, 28, 30, 33, 21, 39, 22, 17, 8, 2, 8, 39, 6, 20, 1, 19, 39, 14, 20, 2, 34, 37, 39, 30, 33, 39, 6, 17, 39, 19, 2, 21, 26, 20, 17, 30, 20, 17, 39, 10, 20, 2, 14, 2, 22, 30, 39]
    PRED: [27, 5, 27, 39, 19, 1, 28, 2, 21, 39, 22, 17, 8, 39, 6, 2, 19, 39, 20, 5, 13, 37, 39, 30, 33, 39, 6, 17, 39, 19, 2, 21, 26, 17, 30, 20, 11, 39, 10, 20, 2, 22, 39]
    Edit distance: 19/54
  Sample 4:
    TRUE: [9, 2, 39, 30, 33, 31, 39, 13, 10, 27, 17, 39, 13, 11, 14, 0, 30, 39, 30, 33, 39, 19, 2, 21, 39, 35, 10, 22, 39, 27, 0, 18, 11, 37, 39, 30, 33, 31, 39, 13, 10, 20, 39, 4, 30, 39]
    PRED: [9, 2, 39, 27, 33, 31, 39, 34, 10, 27, 39, 27, 16, 3, 19, 30, 2, 8, 39, 30, 33, 39, 19, 2, 21, 39, 35, 10, 22, 8, 39, 27, 10, 18, 11, 37, 39, 31, 33, 31, 39, 13, 12, 20, 39, 4, 8, 39]
    Edit distance: 14/46

============================================================
Batch 60500 | Val PER: 0.1808
============================================================
  Sample 0:
    TRUE: [31, 17, 0, 19, 27, 2, 28, 17, 39, 27, 17, 19, 2, 22, 28, 16, 8, 11, 8, 39]
    PRED: [0, 19, 2, 28, 39, 27, 10, 14, 0, 8, 30, 2, 8, 39]
    Edit distance: 12/20
  Sample 1:
    TRUE: [27, 16, 7, 39, 26, 11, 7, 2, 28, 30, 39, 28, 10, 34, 27, 2, 20, 39, 28, 5, 22, 8, 39, 20, 16, 31, 2, 14, 27, 1, 13, 28, 39]
    PRED: [12, 19, 39, 26, 3, 27, 29, 2, 30, 39, 1, 34, 2, 20, 39, 28, 5, 22, 8, 39, 20, 10, 20, 24, 13, 39]
    Edit distance: 17/33
  Sample 2:
    TRUE: [28, 24, 39, 27, 33, 20, 37, 39, 35, 17, 39, 21, 12, 8, 39, 16, 22, 39, 2, 22, 2, 6, 1, 29, 30, 39, 19, 2, 20, 33, 38, 2, 22, 39]
    PRED: [9, 24, 39, 27, 25, 20, 37, 39, 35, 17, 39, 21, 12, 8, 39, 16, 22, 39, 16, 22, 11, 34, 11, 28, 39, 19, 2, 20, 33, 38, 2, 22, 39]
    Edit distance: 8/34
  Sample 3:
    TRUE: [20, 3, 27, 17, 37, 39, 19, 0, 28, 30, 33, 21, 39, 22, 17, 8, 2, 8, 39, 6, 20, 1, 19, 39, 14, 20, 2, 34, 37, 39, 30, 33, 39, 6, 17, 39, 19, 2, 21, 26, 20, 17, 30, 20, 17, 39, 10, 20, 2, 14, 2, 22, 30, 39]
    PRED: [27, 3, 27, 39, 19, 1, 30, 2, 21, 39, 22, 17, 8, 39, 6, 2, 19, 39, 20, 5, 13, 37, 39, 30, 33, 39, 6, 17, 39, 19, 2, 21, 26, 17, 30, 20, 11, 39, 10, 20, 2, 22, 39]
    Edit distance: 18/54
  Sample 4:
    TRUE: [9, 2, 39, 30, 33, 31, 39, 13, 10, 27, 17, 39, 13, 11, 14, 0, 30, 39, 30, 33, 39, 19, 2, 21, 39, 35, 10, 22, 39, 27, 0, 18, 11, 37, 39, 30, 33, 31, 39, 13, 10, 20, 39, 4, 30, 39]
    PRED: [9, 2, 39, 27, 33, 31, 39, 34, 4, 27, 35, 39, 27, 16, 3, 19, 30, 2, 30, 39, 30, 33, 39, 19, 2, 21, 39, 35, 2, 22, 8, 39, 27, 0, 18, 11, 39, 31, 11, 31, 39, 13, 12, 20, 39, 4, 30, 39]
    Edit distance: 16/46

============================================================
Batch 61000 | Val PER: 0.1791
============================================================
  Sample 0:
    TRUE: [31, 17, 0, 19, 27, 2, 28, 17, 39, 27, 17, 19, 2, 22, 28, 16, 8, 11, 8, 39]
    PRED: [0, 19, 11, 28, 39, 27, 10, 14, 0, 30, 2, 8, 39]
    Edit distance: 13/20
  Sample 1:
    TRUE: [27, 16, 7, 39, 26, 11, 7, 2, 28, 30, 39, 28, 10, 34, 27, 2, 20, 39, 28, 5, 22, 8, 39, 20, 16, 31, 2, 14, 27, 1, 13, 28, 39]
    PRED: [1, 19, 39, 26, 3, 27, 29, 2, 30, 39, 20, 10, 34, 2, 20, 39, 28, 5, 22, 8, 39, 20, 10, 20, 24, 13, 39]
    Edit distance: 16/33
  Sample 2:
    TRUE: [28, 24, 39, 27, 33, 20, 37, 39, 35, 17, 39, 21, 12, 8, 39, 16, 22, 39, 2, 22, 2, 6, 1, 29, 30, 39, 19, 2, 20, 33, 38, 2, 22, 39]
    PRED: [9, 24, 39, 27, 33, 20, 37, 39, 35, 17, 39, 21, 12, 8, 39, 16, 22, 39, 16, 22, 11, 34, 10, 28, 39, 19, 2, 20, 33, 38, 2, 22, 39]
    Edit distance: 7/34
  Sample 3:
    TRUE: [20, 3, 27, 17, 37, 39, 19, 0, 28, 30, 33, 21, 39, 22, 17, 8, 2, 8, 39, 6, 20, 1, 19, 39, 14, 20, 2, 34, 37, 39, 30, 33, 39, 6, 17, 39, 19, 2, 21, 26, 20, 17, 30, 20, 17, 39, 10, 20, 2, 14, 2, 22, 30, 39]
    PRED: [27, 3, 27, 39, 19, 1, 28, 2, 21, 39, 22, 17, 8, 39, 6, 2, 19, 39, 20, 5, 13, 39, 30, 33, 39, 6, 17, 39, 19, 2, 21, 26, 17, 30, 36, 11, 39, 10, 20, 2, 22, 39]
    Edit distance: 20/54
  Sample 4:
    TRUE: [9, 2, 39, 30, 33, 31, 39, 13, 10, 27, 17, 39, 13, 11, 14, 0, 30, 39, 30, 33, 39, 19, 2, 21, 39, 35, 10, 22, 39, 27, 0, 18, 11, 37, 39, 30, 33, 31, 39, 13, 10, 20, 39, 4, 30, 39]
    PRED: [9, 2, 39, 27, 33, 31, 39, 34, 4, 35, 2, 39, 27, 16, 3, 19, 30, 2, 30, 39, 30, 33, 39, 19, 2, 21, 39, 27, 2, 22, 8, 39, 27, 10, 18, 11, 37, 39, 31, 11, 31, 39, 13, 12, 20, 39, 4, 30, 39]
    Edit distance: 18/46

============================================================
Batch 61500 | Val PER: 0.1801
============================================================
  Sample 0:
    TRUE: [31, 17, 0, 19, 27, 2, 28, 17, 39, 27, 17, 19, 2, 22, 28, 16, 8, 11, 8, 39]
    PRED: [0, 19, 11, 28, 39, 27, 10, 14, 0, 27, 30, 2, 16, 8, 39]
    Edit distance: 13/20
  Sample 1:
    TRUE: [27, 16, 7, 39, 26, 11, 7, 2, 28, 30, 39, 28, 10, 34, 27, 2, 20, 39, 28, 5, 22, 8, 39, 20, 16, 31, 2, 14, 27, 1, 13, 28, 39]
    PRED: [10, 19, 28, 39, 26, 3, 27, 18, 2, 30, 39, 20, 1, 34, 2, 20, 39, 28, 5, 22, 8, 39, 20, 10, 20, 1, 13, 39]
    Edit distance: 16/33
  Sample 2:
    TRUE: [28, 24, 39, 27, 33, 20, 37, 39, 35, 17, 39, 21, 12, 8, 39, 16, 22, 39, 2, 22, 2, 6, 1, 29, 30, 39, 19, 2, 20, 33, 38, 2, 22, 39]
    PRED: [9, 2, 39, 27, 33, 20, 37, 39, 35, 17, 39, 21, 12, 8, 39, 16, 22, 39, 16, 22, 11, 34, 5, 28, 39, 19, 2, 20, 33, 38, 2, 22, 39]
    Edit distance: 8/34
  Sample 3:
    TRUE: [20, 3, 27, 17, 37, 39, 19, 0, 28, 30, 33, 21, 39, 22, 17, 8, 2, 8, 39, 6, 20, 1, 19, 39, 14, 20, 2, 34, 37, 39, 30, 33, 39, 6, 17, 39, 19, 2, 21, 26, 20, 17, 30, 20, 17, 39, 10, 20, 2, 14, 2, 22, 30, 39]
    PRED: [19, 27, 3, 27, 28, 39, 19, 1, 28, 2, 21, 39, 22, 17, 8, 39, 6, 2, 19, 39, 27, 5, 13, 39, 30, 33, 39, 6, 17, 39, 19, 2, 21, 26, 17, 30, 2, 11, 39, 10, 20, 2, 22, 8, 39]
    Edit distance: 22/54
  Sample 4:
    TRUE: [9, 2, 39, 30, 33, 31, 39, 13, 10, 27, 17, 39, 13, 11, 14, 0, 30, 39, 30, 33, 39, 19, 2, 21, 39, 35, 10, 22, 39, 27, 0, 18, 11, 37, 39, 30, 33, 31, 39, 13, 10, 20, 39, 4, 30, 39]
    PRED: [9, 2, 39, 27, 33, 31, 39, 34, 4, 27, 35, 17, 39, 27, 16, 30, 0, 19, 30, 2, 8, 39, 30, 33, 39, 19, 2, 21, 39, 35, 10, 22, 39, 27, 3, 7, 11, 39, 31, 11, 31, 39, 13, 12, 20, 39, 4, 30, 39]
    Edit distance: 16/46

============================================================
Batch 62000 | Val PER: 0.1801
============================================================
  Sample 0:
    TRUE: [31, 17, 0, 19, 27, 2, 28, 17, 39, 27, 17, 19, 2, 22, 28, 16, 8, 11, 8, 39]
    PRED: [0, 19, 11, 28, 39, 27, 10, 19, 0, 8, 30, 16, 8, 39]
    Edit distance: 11/20
  Sample 1:
    TRUE: [27, 16, 7, 39, 26, 11, 7, 2, 28, 30, 39, 28, 10, 34, 27, 2, 20, 39, 28, 5, 22, 8, 39, 20, 16, 31, 2, 14, 27, 1, 13, 28, 39]
    PRED: [10, 19, 39, 26, 3, 27, 18, 2, 30, 39, 10, 34, 2, 20, 39, 28, 5, 22, 8, 39, 20, 10, 20, 39, 24, 13, 39]
    Edit distance: 16/33
  Sample 2:
    TRUE: [28, 24, 39, 27, 33, 20, 37, 39, 35, 17, 39, 21, 12, 8, 39, 16, 22, 39, 2, 22, 2, 6, 1, 29, 30, 39, 19, 2, 20, 33, 38, 2, 22, 39]
    PRED: [9, 24, 39, 27, 33, 20, 37, 39, 35, 17, 39, 21, 12, 8, 39, 16, 22, 39, 16, 22, 11, 34, 11, 28, 19, 39, 19, 2, 20, 33, 38, 2, 22, 39]
    Edit distance: 7/34
  Sample 3:
    TRUE: [20, 3, 27, 17, 37, 39, 19, 0, 28, 30, 33, 21, 39, 22, 17, 8, 2, 8, 39, 6, 20, 1, 19, 39, 14, 20, 2, 34, 37, 39, 30, 33, 39, 6, 17, 39, 19, 2, 21, 26, 20, 17, 30, 20, 17, 39, 10, 20, 2, 14, 2, 22, 30, 39]
    PRED: [27, 3, 27, 39, 19, 1, 28, 2, 21, 39, 22, 17, 8, 39, 6, 2, 19, 39, 20, 5, 13, 39, 30, 33, 39, 6, 17, 39, 19, 2, 21, 26, 17, 30, 11, 39, 10, 20, 2, 22, 39]
    Edit distance: 20/54
  Sample 4:
    TRUE: [9, 2, 39, 30, 33, 31, 39, 13, 10, 27, 17, 39, 13, 11, 14, 0, 30, 39, 30, 33, 39, 19, 2, 21, 39, 35, 10, 22, 39, 27, 0, 18, 11, 37, 39, 30, 33, 31, 39, 13, 10, 20, 39, 4, 30, 39]
    PRED: [9, 2, 39, 30, 27, 33, 31, 39, 34, 4, 27, 17, 39, 27, 16, 30, 3, 19, 2, 30, 39, 30, 33, 39, 19, 2, 21, 39, 35, 2, 22, 39, 27, 3, 20, 7, 11, 37, 39, 31, 11, 31, 39, 13, 12, 20, 39, 4, 30, 39]
    Edit distance: 16/46

============================================================
Batch 62500 | Val PER: 0.1793
============================================================
  Sample 0:
    TRUE: [31, 17, 0, 19, 27, 2, 28, 17, 39, 27, 17, 19, 2, 22, 28, 16, 8, 11, 8, 39]
    PRED: [0, 19, 11, 28, 39, 27, 10, 19, 0, 30, 2, 16, 8, 39]
    Edit distance: 11/20
  Sample 1:
    TRUE: [27, 16, 7, 39, 26, 11, 7, 2, 28, 30, 39, 28, 10, 34, 27, 2, 20, 39, 28, 5, 22, 8, 39, 20, 16, 31, 2, 14, 27, 1, 13, 28, 39]
    PRED: [27, 5, 19, 28, 39, 26, 3, 27, 18, 2, 30, 39, 1, 34, 2, 20, 39, 28, 5, 22, 8, 39, 20, 10, 20, 2, 39, 1, 13, 39]
    Edit distance: 15/33
  Sample 2:
    TRUE: [28, 24, 39, 27, 33, 20, 37, 39, 35, 17, 39, 21, 12, 8, 39, 16, 22, 39, 2, 22, 2, 6, 1, 29, 30, 39, 19, 2, 20, 33, 38, 2, 22, 39]
    PRED: [9, 24, 39, 27, 33, 20, 37, 39, 35, 17, 39, 21, 12, 22, 8, 39, 16, 22, 39, 16, 22, 11, 34, 11, 28, 39, 19, 2, 20, 33, 38, 2, 22, 39]
    Edit distance: 8/34
  Sample 3:
    TRUE: [20, 3, 27, 17, 37, 39, 19, 0, 28, 30, 33, 21, 39, 22, 17, 8, 2, 8, 39, 6, 20, 1, 19, 39, 14, 20, 2, 34, 37, 39, 30, 33, 39, 6, 17, 39, 19, 2, 21, 26, 20, 17, 30, 20, 17, 39, 10, 20, 2, 14, 2, 22, 30, 39]
    PRED: [27, 5, 27, 28, 39, 19, 1, 28, 2, 21, 39, 22, 17, 8, 39, 6, 0, 19, 39, 20, 5, 34, 37, 39, 30, 33, 39, 6, 17, 39, 19, 2, 21, 26, 17, 30, 36, 11, 39, 10, 20, 2, 22, 39]
    Edit distance: 19/54
  Sample 4:
    TRUE: [9, 2, 39, 30, 33, 31, 39, 13, 10, 27, 17, 39, 13, 11, 14, 0, 30, 39, 30, 33, 39, 19, 2, 21, 39, 35, 10, 22, 39, 27, 0, 18, 11, 37, 39, 30, 33, 31, 39, 13, 10, 20, 39, 4, 30, 39]
    PRED: [9, 2, 39, 30, 27, 33, 31, 39, 34, 1, 27, 17, 2, 39, 27, 16, 30, 3, 19, 30, 2, 8, 39, 30, 33, 39, 19, 2, 21, 39, 35, 1, 22, 39, 27, 3, 18, 11, 20, 39, 31, 11, 31, 39, 13, 12, 20, 39, 4, 30, 39]
    Edit distance: 17/46

============================================================
Batch 63000 | Val PER: 0.1812
============================================================
  Sample 0:
    TRUE: [31, 17, 0, 19, 27, 2, 28, 17, 39, 27, 17, 19, 2, 22, 28, 16, 8, 11, 8, 39]
    PRED: [0, 19, 11, 28, 39, 27, 16, 19, 0, 8, 30, 16, 8, 39]
    Edit distance: 11/20
  Sample 1:
    TRUE: [27, 16, 7, 39, 26, 11, 7, 2, 28, 30, 39, 28, 10, 34, 27, 2, 20, 39, 28, 5, 22, 8, 39, 20, 16, 31, 2, 14, 27, 1, 13, 28, 39]
    PRED: [5, 19, 39, 26, 3, 27, 29, 2, 30, 39, 10, 34, 2, 20, 39, 28, 5, 22, 8, 39, 20, 10, 20, 39, 1, 13, 39]
    Edit distance: 15/33
  Sample 2:
    TRUE: [28, 24, 39, 27, 33, 20, 37, 39, 35, 17, 39, 21, 12, 8, 39, 16, 22, 39, 2, 22, 2, 6, 1, 29, 30, 39, 19, 2, 20, 33, 38, 2, 22, 39]
    PRED: [9, 4, 39, 27, 33, 20, 37, 39, 35, 17, 39, 21, 12, 8, 39, 16, 22, 39, 16, 22, 11, 34, 1, 28, 19, 39, 19, 2, 20, 33, 38, 2, 22, 39]
    Edit distance: 7/34
  Sample 3:
    TRUE: [20, 3, 27, 17, 37, 39, 19, 0, 28, 30, 33, 21, 39, 22, 17, 8, 2, 8, 39, 6, 20, 1, 19, 39, 14, 20, 2, 34, 37, 39, 30, 33, 39, 6, 17, 39, 19, 2, 21, 26, 20, 17, 30, 20, 17, 39, 10, 20, 2, 14, 2, 22, 30, 39]
    PRED: [27, 5, 27, 39, 19, 1, 28, 33, 21, 39, 22, 17, 8, 39, 6, 5, 19, 39, 20, 5, 34, 39, 30, 33, 39, 6, 17, 39, 19, 2, 21, 26, 17, 30, 36, 11, 39, 10, 20, 2, 22, 39]
    Edit distance: 19/54
  Sample 4:
    TRUE: [9, 2, 39, 30, 33, 31, 39, 13, 10, 27, 17, 39, 13, 11, 14, 0, 30, 39, 30, 33, 39, 19, 2, 21, 39, 35, 10, 22, 39, 27, 0, 18, 11, 37, 39, 30, 33, 31, 39, 13, 10, 20, 39, 4, 30, 39]
    PRED: [9, 2, 39, 36, 33, 31, 39, 34, 1, 27, 2, 39, 27, 16, 30, 19, 30, 2, 8, 39, 30, 33, 39, 19, 2, 21, 39, 35, 10, 22, 39, 27, 10, 18, 11, 20, 39, 31, 11, 31, 39, 13, 12, 20, 39, 4, 30, 39]
    Edit distance: 15/46

============================================================
Batch 63500 | Val PER: 0.1798
============================================================
  Sample 0:
    TRUE: [31, 17, 0, 19, 27, 2, 28, 17, 39, 27, 17, 19, 2, 22, 28, 16, 8, 11, 8, 39]
    PRED: [0, 0, 19, 11, 28, 39, 27, 16, 19, 0, 30, 2, 8, 39]
    Edit distance: 12/20
  Sample 1:
    TRUE: [27, 16, 7, 39, 26, 11, 7, 2, 28, 30, 39, 28, 10, 34, 27, 2, 20, 39, 28, 5, 22, 8, 39, 20, 16, 31, 2, 14, 27, 1, 13, 28, 39]
    PRED: [1, 19, 39, 26, 0, 27, 29, 2, 30, 39, 10, 34, 2, 20, 39, 28, 5, 22, 39, 20, 10, 20, 39, 1, 13, 39]
    Edit distance: 16/33
  Sample 2:
    TRUE: [28, 24, 39, 27, 33, 20, 37, 39, 35, 17, 39, 21, 12, 8, 39, 16, 22, 39, 2, 22, 2, 6, 1, 29, 30, 39, 19, 2, 20, 33, 38, 2, 22, 39]
    PRED: [9, 24, 39, 27, 33, 20, 37, 39, 35, 17, 39, 21, 12, 22, 8, 39, 16, 22, 39, 16, 22, 11, 34, 11, 28, 19, 39, 19, 2, 20, 33, 38, 2, 22, 39]
    Edit distance: 8/34
  Sample 3:
    TRUE: [20, 3, 27, 17, 37, 39, 19, 0, 28, 30, 33, 21, 39, 22, 17, 8, 2, 8, 39, 6, 20, 1, 19, 39, 14, 20, 2, 34, 37, 39, 30, 33, 39, 6, 17, 39, 19, 2, 21, 26, 20, 17, 30, 20, 17, 39, 10, 20, 2, 14, 2, 22, 30, 39]
    PRED: [19, 3, 27, 28, 39, 19, 1, 28, 15, 33, 21, 39, 22, 17, 8, 39, 6, 0, 19, 39, 20, 5, 34, 39, 30, 33, 39, 6, 17, 39, 19, 2, 21, 26, 17, 30, 7, 11, 39, 10, 20, 2, 22, 39]
    Edit distance: 18/54
  Sample 4:
    TRUE: [9, 2, 39, 30, 33, 31, 39, 13, 10, 27, 17, 39, 13, 11, 14, 0, 30, 39, 30, 33, 39, 19, 2, 21, 39, 35, 10, 22, 39, 27, 0, 18, 11, 37, 39, 30, 33, 31, 39, 13, 10, 20, 39, 4, 30, 39]
    PRED: [9, 2, 39, 36, 33, 31, 39, 34, 1, 27, 20, 17, 39, 27, 16, 0, 19, 30, 2, 30, 39, 30, 33, 39, 19, 2, 21, 39, 35, 10, 22, 39, 27, 0, 18, 11, 20, 39, 31, 11, 31, 39, 13, 12, 20, 39, 4, 30, 39]
    Edit distance: 14/46

============================================================
Batch 64000 | Val PER: 0.1793
============================================================
  Sample 0:
    TRUE: [31, 17, 0, 19, 27, 2, 28, 17, 39, 27, 17, 19, 2, 22, 28, 16, 8, 11, 8, 39]
    PRED: [0, 19, 11, 28, 39, 27, 16, 19, 0, 30, 16, 8, 39]
    Edit distance: 11/20
  Sample 1:
    TRUE: [27, 16, 7, 39, 26, 11, 7, 2, 28, 30, 39, 28, 10, 34, 27, 2, 20, 39, 28, 5, 22, 8, 39, 20, 16, 31, 2, 14, 27, 1, 13, 28, 39]
    PRED: [27, 5, 19, 39, 26, 0, 27, 29, 2, 39, 10, 34, 2, 20, 39, 28, 5, 22, 8, 39, 20, 10, 20, 2, 39, 1, 13, 39]
    Edit distance: 14/33
  Sample 2:
    TRUE: [28, 24, 39, 27, 33, 20, 37, 39, 35, 17, 39, 21, 12, 8, 39, 16, 22, 39, 2, 22, 2, 6, 1, 29, 30, 39, 19, 2, 20, 33, 38, 2, 22, 39]
    PRED: [9, 24, 39, 27, 33, 20, 37, 39, 35, 17, 39, 21, 12, 8, 39, 16, 22, 39, 16, 22, 11, 34, 11, 28, 19, 39, 19, 2, 20, 33, 38, 2, 22, 39]
    Edit distance: 7/34
  Sample 3:
    TRUE: [20, 3, 27, 17, 37, 39, 19, 0, 28, 30, 33, 21, 39, 22, 17, 8, 2, 8, 39, 6, 20, 1, 19, 39, 14, 20, 2, 34, 37, 39, 30, 33, 39, 6, 17, 39, 19, 2, 21, 26, 20, 17, 30, 20, 17, 39, 10, 20, 2, 14, 2, 22, 30, 39]
    PRED: [27, 3, 27, 39, 19, 1, 28, 2, 33, 21, 39, 22, 17, 8, 39, 6, 5, 19, 39, 20, 5, 34, 37, 39, 30, 33, 39, 6, 17, 39, 19, 2, 21, 26, 17, 30, 20, 11, 39, 10, 20, 2, 22, 39]
    Edit distance: 16/54
  Sample 4:
    TRUE: [9, 2, 39, 30, 33, 31, 39, 13, 10, 27, 17, 39, 13, 11, 14, 0, 30, 39, 30, 33, 39, 19, 2, 21, 39, 35, 10, 22, 39, 27, 0, 18, 11, 37, 39, 30, 33, 31, 39, 13, 10, 20, 39, 4, 30, 39]
    PRED: [9, 2, 39, 30, 27, 33, 31, 39, 34, 1, 27, 20, 17, 39, 27, 16, 24, 19, 30, 2, 8, 39, 30, 33, 39, 19, 2, 21, 39, 27, 10, 22, 39, 27, 10, 18, 11, 39, 31, 11, 31, 39, 13, 12, 20, 39, 4, 30, 39]
    Edit distance: 16/46

============================================================
Batch 64500 | Val PER: 0.1785
============================================================
  Sample 0:
    TRUE: [31, 17, 0, 19, 27, 2, 28, 17, 39, 27, 17, 19, 2, 22, 28, 16, 8, 11, 8, 39]
    PRED: [27, 0, 0, 19, 11, 28, 39, 27, 16, 19, 0, 30, 2, 8, 39]
    Edit distance: 12/20
  Sample 1:
    TRUE: [27, 16, 7, 39, 26, 11, 7, 2, 28, 30, 39, 28, 10, 34, 27, 2, 20, 39, 28, 5, 22, 8, 39, 20, 16, 31, 2, 14, 27, 1, 13, 28, 39]
    PRED: [1, 19, 39, 26, 0, 27, 7, 2, 30, 39, 10, 34, 2, 20, 39, 28, 5, 22, 8, 39, 20, 10, 20, 2, 1, 13, 39]
    Edit distance: 13/33
  Sample 2:
    TRUE: [28, 24, 39, 27, 33, 20, 37, 39, 35, 17, 39, 21, 12, 8, 39, 16, 22, 39, 2, 22, 2, 6, 1, 29, 30, 39, 19, 2, 20, 33, 38, 2, 22, 39]
    PRED: [9, 24, 39, 27, 33, 20, 37, 39, 35, 17, 39, 21, 12, 8, 39, 16, 22, 39, 16, 22, 11, 34, 11, 28, 19, 39, 19, 2, 20, 33, 38, 2, 22, 39]
    Edit distance: 7/34
  Sample 3:
    TRUE: [20, 3, 27, 17, 37, 39, 19, 0, 28, 30, 33, 21, 39, 22, 17, 8, 2, 8, 39, 6, 20, 1, 19, 39, 14, 20, 2, 34, 37, 39, 30, 33, 39, 6, 17, 39, 19, 2, 21, 26, 20, 17, 30, 20, 17, 39, 10, 20, 2, 14, 2, 22, 30, 39]
    PRED: [27, 3, 27, 39, 19, 1, 28, 2, 21, 39, 22, 17, 8, 39, 6, 5, 19, 39, 20, 5, 13, 39, 30, 33, 39, 6, 17, 39, 19, 2, 21, 26, 17, 30, 20, 11, 39, 10, 20, 2, 22, 39]
    Edit distance: 19/54
  Sample 4:
    TRUE: [9, 2, 39, 30, 33, 31, 39, 13, 10, 27, 17, 39, 13, 11, 14, 0, 30, 39, 30, 33, 39, 19, 2, 21, 39, 35, 10, 22, 39, 27, 0, 18, 11, 37, 39, 30, 33, 31, 39, 13, 10, 20, 39, 4, 30, 39]
    PRED: [9, 2, 39, 36, 33, 31, 39, 34, 4, 27, 2, 39, 27, 16, 3, 19, 30, 2, 8, 39, 30, 33, 39, 19, 2, 21, 39, 27, 1, 22, 39, 27, 10, 18, 11, 39, 31, 11, 31, 39, 13, 10, 20, 39, 4, 30, 39]
    Edit distance: 16/46

============================================================
Batch 65000 | Val PER: 0.1794
============================================================
  Sample 0:
    TRUE: [31, 17, 0, 19, 27, 2, 28, 17, 39, 27, 17, 19, 2, 22, 28, 16, 8, 11, 8, 39]
    PRED: [27, 0, 0, 19, 11, 28, 39, 27, 16, 14, 19, 0, 30, 2, 8, 39]
    Edit distance: 13/20
  Sample 1:
    TRUE: [27, 16, 7, 39, 26, 11, 7, 2, 28, 30, 39, 28, 10, 34, 27, 2, 20, 39, 28, 5, 22, 8, 39, 20, 16, 31, 2, 14, 27, 1, 13, 28, 39]
    PRED: [5, 19, 39, 26, 3, 27, 29, 2, 30, 39, 10, 34, 2, 20, 39, 28, 5, 22, 8, 39, 20, 10, 20, 2, 39, 1, 13, 39]
    Edit distance: 14/33
  Sample 2:
    TRUE: [28, 24, 39, 27, 33, 20, 37, 39, 35, 17, 39, 21, 12, 8, 39, 16, 22, 39, 2, 22, 2, 6, 1, 29, 30, 39, 19, 2, 20, 33, 38, 2, 22, 39]
    PRED: [9, 2, 39, 27, 33, 20, 37, 39, 35, 17, 39, 21, 12, 8, 39, 16, 22, 39, 16, 22, 11, 34, 1, 28, 19, 39, 19, 2, 20, 33, 38, 2, 22, 39]
    Edit distance: 7/34
  Sample 3:
    TRUE: [20, 3, 27, 17, 37, 39, 19, 0, 28, 30, 33, 21, 39, 22, 17, 8, 2, 8, 39, 6, 20, 1, 19, 39, 14, 20, 2, 34, 37, 39, 30, 33, 39, 6, 17, 39, 19, 2, 21, 26, 20, 17, 30, 20, 17, 39, 10, 20, 2, 14, 2, 22, 30, 39]
    PRED: [27, 3, 27, 28, 39, 19, 1, 28, 2, 21, 39, 22, 17, 8, 39, 6, 2, 19, 39, 20, 5, 13, 39, 30, 33, 39, 6, 17, 39, 19, 2, 21, 26, 17, 30, 36, 11, 39, 10, 20, 2, 22, 39]
    Edit distance: 20/54
  Sample 4:
    TRUE: [9, 2, 39, 30, 33, 31, 39, 13, 10, 27, 17, 39, 13, 11, 14, 0, 30, 39, 30, 33, 39, 19, 2, 21, 39, 35, 10, 22, 39, 27, 0, 18, 11, 37, 39, 30, 33, 31, 39, 13, 10, 20, 39, 4, 30, 39]
    PRED: [9, 2, 39, 30, 27, 33, 31, 39, 34, 10, 27, 35, 17, 39, 27, 17, 0, 19, 30, 39, 30, 33, 39, 19, 2, 21, 39, 27, 10, 22, 39, 27, 10, 18, 11, 20, 37, 39, 31, 11, 31, 39, 13, 12, 20, 39, 4, 30, 39]
    Edit distance: 13/46

============================================================
Batch 65500 | Val PER: 0.1785
============================================================
  Sample 0:
    TRUE: [31, 17, 0, 19, 27, 2, 28, 17, 39, 27, 17, 19, 2, 22, 28, 16, 8, 11, 8, 39]
    PRED: [27, 0, 0, 19, 16, 28, 30, 39, 27, 16, 14, 19, 0, 30, 16, 8, 39]
    Edit distance: 12/20
  Sample 1:
    TRUE: [27, 16, 7, 39, 26, 11, 7, 2, 28, 30, 39, 28, 10, 34, 27, 2, 20, 39, 28, 5, 22, 8, 39, 20, 16, 31, 2, 14, 27, 1, 13, 28, 39]
    PRED: [27, 5, 19, 39, 26, 0, 27, 7, 2, 30, 39, 10, 34, 2, 20, 39, 28, 5, 22, 8, 39, 20, 10, 20, 39, 1, 13, 39]
    Edit distance: 13/33
  Sample 2:
    TRUE: [28, 24, 39, 27, 33, 20, 37, 39, 35, 17, 39, 21, 12, 8, 39, 16, 22, 39, 2, 22, 2, 6, 1, 29, 30, 39, 19, 2, 20, 33, 38, 2, 22, 39]
    PRED: [9, 24, 39, 27, 33, 20, 37, 39, 35, 17, 39, 21, 12, 22, 8, 39, 16, 22, 39, 16, 22, 11, 34, 1, 28, 30, 39, 19, 2, 20, 33, 38, 2, 22, 39]
    Edit distance: 6/34
  Sample 3:
    TRUE: [20, 3, 27, 17, 37, 39, 19, 0, 28, 30, 33, 21, 39, 22, 17, 8, 2, 8, 39, 6, 20, 1, 19, 39, 14, 20, 2, 34, 37, 39, 30, 33, 39, 6, 17, 39, 19, 2, 21, 26, 20, 17, 30, 20, 17, 39, 10, 20, 2, 14, 2, 22, 30, 39]
    PRED: [27, 5, 27, 28, 39, 19, 1, 28, 30, 2, 21, 39, 22, 17, 8, 39, 6, 5, 19, 39, 20, 5, 6, 39, 30, 33, 39, 6, 17, 39, 19, 2, 21, 26, 17, 30, 20, 36, 11, 39, 10, 20, 2, 22, 39]
    Edit distance: 20/54
  Sample 4:
    TRUE: [9, 2, 39, 30, 33, 31, 39, 13, 10, 27, 17, 39, 13, 11, 14, 0, 30, 39, 30, 33, 39, 19, 2, 21, 39, 35, 10, 22, 39, 27, 0, 18, 11, 37, 39, 30, 33, 31, 39, 13, 10, 20, 39, 4, 30, 39]
    PRED: [9, 2, 39, 27, 33, 31, 39, 34, 10, 27, 17, 39, 27, 16, 30, 14, 19, 30, 39, 30, 33, 39, 19, 2, 21, 39, 27, 10, 22, 39, 27, 10, 18, 11, 20, 37, 39, 31, 11, 31, 39, 13, 10, 20, 39, 4, 30, 39]
    Edit distance: 11/46

============================================================
Batch 66000 | Val PER: 0.1784
============================================================
  Sample 0:
    TRUE: [31, 17, 0, 19, 27, 2, 28, 17, 39, 27, 17, 19, 2, 22, 28, 16, 8, 11, 8, 39]
    PRED: [27, 0, 0, 19, 10, 28, 39, 27, 16, 14, 19, 0, 30, 16, 2, 16, 8, 39]
    Edit distance: 12/20
  Sample 1:
    TRUE: [27, 16, 7, 39, 26, 11, 7, 2, 28, 30, 39, 28, 10, 34, 27, 2, 20, 39, 28, 5, 22, 8, 39, 20, 16, 31, 2, 14, 27, 1, 13, 28, 39]
    PRED: [27, 10, 19, 39, 26, 0, 27, 29, 2, 30, 39, 10, 34, 2, 20, 39, 28, 5, 22, 8, 39, 20, 10, 20, 11, 1, 13, 39]
    Edit distance: 14/33
  Sample 2:
    TRUE: [28, 24, 39, 27, 33, 20, 37, 39, 35, 17, 39, 21, 12, 8, 39, 16, 22, 39, 2, 22, 2, 6, 1, 29, 30, 39, 19, 2, 20, 33, 38, 2, 22, 39]
    PRED: [9, 2, 39, 27, 33, 20, 37, 39, 35, 17, 39, 21, 12, 8, 39, 16, 22, 39, 16, 22, 11, 34, 1, 28, 30, 39, 19, 2, 20, 33, 38, 2, 22, 39]
    Edit distance: 6/34
  Sample 3:
    TRUE: [20, 3, 27, 17, 37, 39, 19, 0, 28, 30, 33, 21, 39, 22, 17, 8, 2, 8, 39, 6, 20, 1, 19, 39, 14, 20, 2, 34, 37, 39, 30, 33, 39, 6, 17, 39, 19, 2, 21, 26, 20, 17, 30, 20, 17, 39, 10, 20, 2, 14, 2, 22, 30, 39]
    PRED: [27, 3, 27, 28, 39, 19, 1, 28, 30, 2, 21, 39, 22, 17, 8, 39, 6, 2, 19, 39, 20, 5, 13, 39, 30, 33, 39, 6, 17, 39, 19, 2, 21, 26, 17, 30, 20, 11, 39, 10, 20, 2, 22, 39]
    Edit distance: 18/54
  Sample 4:
    TRUE: [9, 2, 39, 30, 33, 31, 39, 13, 10, 27, 17, 39, 13, 11, 14, 0, 30, 39, 30, 33, 39, 19, 2, 21, 39, 35, 10, 22, 39, 27, 0, 18, 11, 37, 39, 30, 33, 31, 39, 13, 10, 20, 39, 4, 30, 39]
    PRED: [9, 2, 39, 30, 33, 31, 39, 34, 10, 27, 17, 39, 27, 16, 30, 3, 19, 30, 8, 39, 30, 33, 39, 19, 2, 21, 39, 35, 10, 22, 39, 27, 10, 18, 11, 20, 39, 31, 11, 31, 39, 13, 10, 20, 39, 4, 30, 39]
    Edit distance: 11/46

============================================================
Batch 66500 | Val PER: 0.1775
============================================================
  Sample 0:
    TRUE: [31, 17, 0, 19, 27, 2, 28, 17, 39, 27, 17, 19, 2, 22, 28, 16, 8, 11, 8, 39]
    PRED: [27, 0, 0, 19, 11, 28, 30, 39, 27, 10, 14, 0, 30, 2, 16, 8, 39]
    Edit distance: 12/20
  Sample 1:
    TRUE: [27, 16, 7, 39, 26, 11, 7, 2, 28, 30, 39, 28, 10, 34, 27, 2, 20, 39, 28, 5, 22, 8, 39, 20, 16, 31, 2, 14, 27, 1, 13, 28, 39]
    PRED: [27, 5, 19, 28, 39, 26, 0, 27, 29, 2, 30, 39, 10, 34, 2, 20, 39, 28, 5, 22, 8, 39, 20, 10, 20, 11, 1, 13, 39]
    Edit distance: 15/33
  Sample 2:
    TRUE: [28, 24, 39, 27, 33, 20, 37, 39, 35, 17, 39, 21, 12, 8, 39, 16, 22, 39, 2, 22, 2, 6, 1, 29, 30, 39, 19, 2, 20, 33, 38, 2, 22, 39]
    PRED: [9, 2, 39, 27, 33, 20, 37, 39, 35, 17, 39, 21, 12, 22, 8, 39, 16, 22, 39, 16, 22, 11, 34, 1, 28, 30, 39, 19, 2, 20, 33, 38, 2, 22, 39]
    Edit distance: 7/34
  Sample 3:
    TRUE: [20, 3, 27, 17, 37, 39, 19, 0, 28, 30, 33, 21, 39, 22, 17, 8, 2, 8, 39, 6, 20, 1, 19, 39, 14, 20, 2, 34, 37, 39, 30, 33, 39, 6, 17, 39, 19, 2, 21, 26, 20, 17, 30, 20, 17, 39, 10, 20, 2, 14, 2, 22, 30, 39]
    PRED: [27, 3, 27, 28, 39, 19, 1, 28, 30, 2, 21, 39, 22, 17, 8, 39, 6, 5, 19, 39, 20, 5, 13, 6, 39, 30, 33, 39, 6, 17, 39, 19, 2, 21, 26, 17, 30, 11, 39, 10, 20, 2, 22, 39]
    Edit distance: 19/54
  Sample 4:
    TRUE: [9, 2, 39, 30, 33, 31, 39, 13, 10, 27, 17, 39, 13, 11, 14, 0, 30, 39, 30, 33, 39, 19, 2, 21, 39, 35, 10, 22, 39, 27, 0, 18, 11, 37, 39, 30, 33, 31, 39, 13, 10, 20, 39, 4, 30, 39]
    PRED: [9, 2, 39, 30, 27, 33, 31, 39, 34, 10, 27, 17, 39, 27, 16, 30, 3, 19, 30, 39, 30, 33, 39, 19, 2, 21, 39, 35, 1, 22, 39, 27, 10, 18, 11, 39, 31, 11, 31, 39, 13, 10, 20, 39, 4, 30, 39]
    Edit distance: 12/46

============================================================
Batch 67000 | Val PER: 0.1818
============================================================
  Sample 0:
    TRUE: [31, 17, 0, 19, 27, 2, 28, 17, 39, 27, 17, 19, 2, 22, 28, 16, 8, 11, 8, 39]
    PRED: [27, 0, 19, 11, 28, 30, 39, 27, 16, 14, 19, 0, 22, 30, 16, 8, 39]
    Edit distance: 11/20
  Sample 1:
    TRUE: [27, 16, 7, 39, 26, 11, 7, 2, 28, 30, 39, 28, 10, 34, 27, 2, 20, 39, 28, 5, 22, 8, 39, 20, 16, 31, 2, 14, 27, 1, 13, 28, 39]
    PRED: [1, 19, 28, 39, 26, 0, 27, 29, 2, 37, 39, 10, 34, 2, 20, 39, 28, 5, 22, 37, 39, 20, 10, 20, 11, 39, 1, 13, 39]
    Edit distance: 17/33
  Sample 2:
    TRUE: [28, 24, 39, 27, 33, 20, 37, 39, 35, 17, 39, 21, 12, 8, 39, 16, 22, 39, 2, 22, 2, 6, 1, 29, 30, 39, 19, 2, 20, 33, 38, 2, 22, 39]
    PRED: [9, 2, 39, 27, 33, 20, 37, 39, 35, 17, 39, 21, 12, 22, 8, 39, 16, 22, 39, 16, 22, 11, 34, 1, 28, 19, 39, 19, 2, 20, 33, 38, 2, 22, 39]
    Edit distance: 8/34
  Sample 3:
    TRUE: [20, 3, 27, 17, 37, 39, 19, 0, 28, 30, 33, 21, 39, 22, 17, 8, 2, 8, 39, 6, 20, 1, 19, 39, 14, 20, 2, 34, 37, 39, 30, 33, 39, 6, 17, 39, 19, 2, 21, 26, 20, 17, 30, 20, 17, 39, 10, 20, 2, 14, 2, 22, 30, 39]
    PRED: [27, 5, 27, 28, 39, 19, 1, 28, 30, 2, 21, 39, 22, 17, 8, 39, 6, 5, 19, 39, 20, 5, 34, 6, 39, 30, 33, 39, 6, 17, 39, 19, 2, 21, 26, 17, 20, 11, 39, 10, 20, 2, 22, 39]
    Edit distance: 19/54
  Sample 4:
    TRUE: [9, 2, 39, 30, 33, 31, 39, 13, 10, 27, 17, 39, 13, 11, 14, 0, 30, 39, 30, 33, 39, 19, 2, 21, 39, 35, 10, 22, 39, 27, 0, 18, 11, 37, 39, 30, 33, 31, 39, 13, 10, 20, 39, 4, 30, 39]
    PRED: [9, 2, 39, 27, 33, 31, 39, 34, 1, 27, 17, 39, 27, 16, 30, 0, 19, 30, 2, 39, 30, 33, 39, 19, 2, 21, 39, 27, 1, 22, 8, 39, 27, 0, 18, 11, 37, 39, 31, 11, 31, 39, 13, 16, 20, 39, 4, 30, 39]
    Edit distance: 14/46

============================================================
Batch 67500 | Val PER: 0.1799
============================================================
  Sample 0:
    TRUE: [31, 17, 0, 19, 27, 2, 28, 17, 39, 27, 17, 19, 2, 22, 28, 16, 8, 11, 8, 39]
    PRED: [0, 19, 11, 28, 39, 27, 16, 14, 19, 0, 22, 30, 16, 2, 8, 39]
    Edit distance: 11/20
  Sample 1:
    TRUE: [27, 16, 7, 39, 26, 11, 7, 2, 28, 30, 39, 28, 10, 34, 27, 2, 20, 39, 28, 5, 22, 8, 39, 20, 16, 31, 2, 14, 27, 1, 13, 28, 39]
    PRED: [17, 19, 39, 26, 0, 27, 7, 2, 30, 39, 10, 34, 2, 20, 39, 28, 5, 22, 8, 39, 20, 10, 20, 39, 1, 13, 39]
    Edit distance: 14/33
  Sample 2:
    TRUE: [28, 24, 39, 27, 33, 20, 37, 39, 35, 17, 39, 21, 12, 8, 39, 16, 22, 39, 2, 22, 2, 6, 1, 29, 30, 39, 19, 2, 20, 33, 38, 2, 22, 39]
    PRED: [9, 24, 39, 27, 33, 20, 37, 39, 35, 17, 39, 21, 12, 22, 8, 39, 16, 22, 39, 16, 22, 11, 34, 1, 28, 19, 39, 19, 2, 20, 33, 38, 2, 22, 39]
    Edit distance: 7/34
  Sample 3:
    TRUE: [20, 3, 27, 17, 37, 39, 19, 0, 28, 30, 33, 21, 39, 22, 17, 8, 2, 8, 39, 6, 20, 1, 19, 39, 14, 20, 2, 34, 37, 39, 30, 33, 39, 6, 17, 39, 19, 2, 21, 26, 20, 17, 30, 20, 17, 39, 10, 20, 2, 14, 2, 22, 30, 39]
    PRED: [27, 5, 27, 28, 39, 19, 1, 28, 30, 2, 21, 39, 22, 17, 8, 39, 6, 5, 19, 39, 20, 0, 13, 39, 30, 33, 39, 6, 17, 39, 19, 2, 21, 26, 17, 20, 11, 39, 10, 20, 2, 22, 39]
    Edit distance: 20/54
  Sample 4:
    TRUE: [9, 2, 39, 30, 33, 31, 39, 13, 10, 27, 17, 39, 13, 11, 14, 0, 30, 39, 30, 33, 39, 19, 2, 21, 39, 35, 10, 22, 39, 27, 0, 18, 11, 37, 39, 30, 33, 31, 39, 13, 10, 20, 39, 4, 30, 39]
    PRED: [9, 2, 39, 27, 33, 31, 39, 34, 1, 27, 17, 39, 27, 16, 30, 19, 19, 30, 39, 30, 33, 39, 19, 2, 21, 39, 27, 1, 22, 39, 27, 0, 18, 11, 37, 39, 31, 11, 31, 39, 13, 12, 20, 39, 4, 30, 39]
    Edit distance: 13/46

============================================================
Batch 68000 | Val PER: 0.1775
============================================================
  Sample 0:
    TRUE: [31, 17, 0, 19, 27, 2, 28, 17, 39, 27, 17, 19, 2, 22, 28, 16, 8, 11, 8, 39]
    PRED: [27, 0, 0, 19, 11, 28, 30, 39, 27, 10, 14, 19, 0, 22, 30, 2, 16, 8, 39]
    Edit distance: 12/20
  Sample 1:
    TRUE: [27, 16, 7, 39, 26, 11, 7, 2, 28, 30, 39, 28, 10, 34, 27, 2, 20, 39, 28, 5, 22, 8, 39, 20, 16, 31, 2, 14, 27, 1, 13, 28, 39]
    PRED: [27, 5, 19, 28, 39, 26, 0, 27, 7, 2, 30, 39, 10, 34, 2, 20, 39, 5, 22, 37, 39, 20, 10, 20, 11, 1, 13, 39]
    Edit distance: 16/33
  Sample 2:
    TRUE: [28, 24, 39, 27, 33, 20, 37, 39, 35, 17, 39, 21, 12, 8, 39, 16, 22, 39, 2, 22, 2, 6, 1, 29, 30, 39, 19, 2, 20, 33, 38, 2, 22, 39]
    PRED: [9, 2, 39, 27, 33, 20, 37, 39, 35, 17, 39, 21, 12, 22, 8, 39, 16, 22, 39, 16, 22, 11, 34, 1, 28, 19, 39, 19, 2, 20, 33, 38, 2, 22, 39]
    Edit distance: 8/34
  Sample 3:
    TRUE: [20, 3, 27, 17, 37, 39, 19, 0, 28, 30, 33, 21, 39, 22, 17, 8, 2, 8, 39, 6, 20, 1, 19, 39, 14, 20, 2, 34, 37, 39, 30, 33, 39, 6, 17, 39, 19, 2, 21, 26, 20, 17, 30, 20, 17, 39, 10, 20, 2, 14, 2, 22, 30, 39]
    PRED: [27, 3, 27, 28, 39, 19, 1, 28, 30, 2, 21, 39, 22, 17, 8, 39, 6, 0, 19, 39, 20, 5, 13, 39, 30, 33, 39, 6, 17, 39, 19, 2, 21, 26, 17, 20, 11, 39, 10, 20, 2, 22, 39]
    Edit distance: 19/54
  Sample 4:
    TRUE: [9, 2, 39, 30, 33, 31, 39, 13, 10, 27, 17, 39, 13, 11, 14, 0, 30, 39, 30, 33, 39, 19, 2, 21, 39, 35, 10, 22, 39, 27, 0, 18, 11, 37, 39, 30, 33, 31, 39, 13, 10, 20, 39, 4, 30, 39]
    PRED: [9, 2, 39, 30, 27, 33, 31, 39, 34, 4, 11, 39, 27, 16, 30, 19, 30, 39, 30, 33, 39, 19, 2, 21, 39, 27, 1, 22, 39, 27, 10, 18, 11, 37, 39, 31, 11, 31, 39, 13, 10, 20, 39, 4, 30, 39]
    Edit distance: 14/46

============================================================
Batch 68500 | Val PER: 0.1806
============================================================
  Sample 0:
    TRUE: [31, 17, 0, 19, 27, 2, 28, 17, 39, 27, 17, 19, 2, 22, 28, 16, 8, 11, 8, 39]
    PRED: [27, 0, 19, 11, 28, 39, 27, 10, 19, 0, 22, 30, 16, 8, 39]
    Edit distance: 10/20
  Sample 1:
    TRUE: [27, 16, 7, 39, 26, 11, 7, 2, 28, 30, 39, 28, 10, 34, 27, 2, 20, 39, 28, 5, 22, 8, 39, 20, 16, 31, 2, 14, 27, 1, 13, 28, 39]
    PRED: [27, 5, 19, 28, 39, 26, 0, 27, 7, 2, 37, 39, 10, 34, 2, 20, 39, 28, 5, 22, 8, 39, 20, 10, 20, 11, 39, 3, 13, 39]
    Edit distance: 16/33
  Sample 2:
    TRUE: [28, 24, 39, 27, 33, 20, 37, 39, 35, 17, 39, 21, 12, 8, 39, 16, 22, 39, 2, 22, 2, 6, 1, 29, 30, 39, 19, 2, 20, 33, 38, 2, 22, 39]
    PRED: [9, 24, 39, 27, 33, 20, 37, 39, 35, 17, 39, 21, 12, 22, 8, 39, 16, 22, 39, 16, 22, 11, 34, 1, 28, 19, 39, 19, 2, 20, 33, 38, 2, 22, 39]
    Edit distance: 7/34
  Sample 3:
    TRUE: [20, 3, 27, 17, 37, 39, 19, 0, 28, 30, 33, 21, 39, 22, 17, 8, 2, 8, 39, 6, 20, 1, 19, 39, 14, 20, 2, 34, 37, 39, 30, 33, 39, 6, 17, 39, 19, 2, 21, 26, 20, 17, 30, 20, 17, 39, 10, 20, 2, 14, 2, 22, 30, 39]
    PRED: [27, 3, 27, 28, 39, 19, 1, 28, 30, 2, 21, 39, 22, 17, 8, 39, 6, 0, 19, 39, 20, 5, 34, 39, 30, 33, 39, 6, 17, 39, 19, 2, 21, 26, 17, 20, 11, 39, 10, 20, 2, 22, 39]
    Edit distance: 18/54
  Sample 4:
    TRUE: [9, 2, 39, 30, 33, 31, 39, 13, 10, 27, 17, 39, 13, 11, 14, 0, 30, 39, 30, 33, 39, 19, 2, 21, 39, 35, 10, 22, 39, 27, 0, 18, 11, 37, 39, 30, 33, 31, 39, 13, 10, 20, 39, 4, 30, 39]
    PRED: [9, 2, 39, 30, 27, 33, 31, 39, 34, 1, 27, 35, 17, 39, 27, 16, 30, 3, 19, 30, 2, 8, 39, 30, 33, 39, 19, 2, 21, 39, 27, 1, 22, 39, 27, 10, 18, 11, 37, 39, 31, 11, 31, 39, 13, 12, 20, 39, 4, 30, 39]
    Edit distance: 17/46

============================================================
Batch 69000 | Val PER: 0.1783
============================================================
  Sample 0:
    TRUE: [31, 17, 0, 19, 27, 2, 28, 17, 39, 27, 17, 19, 2, 22, 28, 16, 8, 11, 8, 39]
    PRED: [0, 0, 19, 11, 37, 39, 16, 19, 0, 22, 30, 2, 16, 8, 39]
    Edit distance: 13/20
  Sample 1:
    TRUE: [27, 16, 7, 39, 26, 11, 7, 2, 28, 30, 39, 28, 10, 34, 27, 2, 20, 39, 28, 5, 22, 8, 39, 20, 16, 31, 2, 14, 27, 1, 13, 28, 39]
    PRED: [27, 5, 19, 39, 26, 0, 27, 7, 2, 37, 39, 10, 34, 2, 20, 39, 15, 5, 22, 37, 8, 39, 20, 10, 20, 39, 3, 13, 39]
    Edit distance: 17/33
  Sample 2:
    TRUE: [28, 24, 39, 27, 33, 20, 37, 39, 35, 17, 39, 21, 12, 8, 39, 16, 22, 39, 2, 22, 2, 6, 1, 29, 30, 39, 19, 2, 20, 33, 38, 2, 22, 39]
    PRED: [15, 4, 39, 27, 33, 20, 37, 39, 35, 17, 39, 21, 12, 22, 8, 39, 16, 22, 39, 16, 22, 11, 34, 5, 28, 19, 39, 19, 2, 20, 33, 38, 2, 22, 39]
    Edit distance: 9/34
  Sample 3:
    TRUE: [20, 3, 27, 17, 37, 39, 19, 0, 28, 30, 33, 21, 39, 22, 17, 8, 2, 8, 39, 6, 20, 1, 19, 39, 14, 20, 2, 34, 37, 39, 30, 33, 39, 6, 17, 39, 19, 2, 21, 26, 20, 17, 30, 20, 17, 39, 10, 20, 2, 14, 2, 22, 30, 39]
    PRED: [27, 5, 27, 28, 39, 19, 1, 28, 30, 2, 21, 39, 22, 17, 8, 39, 6, 0, 19, 39, 20, 2, 34, 37, 39, 30, 33, 39, 6, 17, 39, 19, 2, 21, 26, 17, 20, 11, 39, 10, 20, 2, 22, 39]
    Edit distance: 17/54
  Sample 4:
    TRUE: [9, 2, 39, 30, 33, 31, 39, 13, 10, 27, 17, 39, 13, 11, 14, 0, 30, 39, 30, 33, 39, 19, 2, 21, 39, 35, 10, 22, 39, 27, 0, 18, 11, 37, 39, 30, 33, 31, 39, 13, 10, 20, 39, 4, 30, 39]
    PRED: [9, 2, 39, 30, 27, 33, 31, 39, 34, 1, 20, 11, 17, 39, 27, 16, 30, 19, 30, 2, 8, 39, 30, 33, 39, 19, 2, 21, 39, 35, 1, 22, 39, 27, 10, 18, 11, 37, 39, 31, 11, 31, 39, 13, 12, 20, 39, 4, 30, 39]
    Edit distance: 16/46

============================================================
Batch 69500 | Val PER: 0.1788
============================================================
  Sample 0:
    TRUE: [31, 17, 0, 19, 27, 2, 28, 17, 39, 27, 17, 19, 2, 22, 28, 16, 8, 11, 8, 39]
    PRED: [27, 0, 19, 11, 39, 27, 10, 14, 19, 0, 30, 2, 8, 39]
    Edit distance: 14/20
  Sample 1:
    TRUE: [27, 16, 7, 39, 26, 11, 7, 2, 28, 30, 39, 28, 10, 34, 27, 2, 20, 39, 28, 5, 22, 8, 39, 20, 16, 31, 2, 14, 27, 1, 13, 28, 39]
    PRED: [27, 17, 19, 28, 39, 26, 0, 27, 7, 2, 37, 39, 20, 10, 34, 2, 20, 39, 28, 5, 22, 37, 8, 39, 20, 10, 20, 39, 3, 13, 39]
    Edit distance: 17/33
  Sample 2:
    TRUE: [28, 24, 39, 27, 33, 20, 37, 39, 35, 17, 39, 21, 12, 8, 39, 16, 22, 39, 2, 22, 2, 6, 1, 29, 30, 39, 19, 2, 20, 33, 38, 2, 22, 39]
    PRED: [9, 2, 39, 27, 33, 20, 37, 39, 35, 17, 39, 21, 12, 22, 8, 39, 16, 22, 39, 16, 22, 11, 34, 1, 28, 19, 39, 19, 2, 20, 33, 38, 2, 22, 39]
    Edit distance: 8/34
  Sample 3:
    TRUE: [20, 3, 27, 17, 37, 39, 19, 0, 28, 30, 33, 21, 39, 22, 17, 8, 2, 8, 39, 6, 20, 1, 19, 39, 14, 20, 2, 34, 37, 39, 30, 33, 39, 6, 17, 39, 19, 2, 21, 26, 20, 17, 30, 20, 17, 39, 10, 20, 2, 14, 2, 22, 30, 39]
    PRED: [27, 5, 27, 28, 39, 19, 1, 28, 2, 21, 39, 22, 17, 8, 39, 6, 2, 19, 39, 20, 5, 13, 39, 30, 33, 39, 6, 17, 39, 19, 2, 21, 26, 17, 20, 11, 39, 10, 20, 2, 22, 39]
    Edit distance: 21/54
  Sample 4:
    TRUE: [9, 2, 39, 30, 33, 31, 39, 13, 10, 27, 17, 39, 13, 11, 14, 0, 30, 39, 30, 33, 39, 19, 2, 21, 39, 35, 10, 22, 39, 27, 0, 18, 11, 37, 39, 30, 33, 31, 39, 13, 10, 20, 39, 4, 30, 39]
    PRED: [9, 2, 39, 30, 27, 33, 31, 39, 34, 1, 20, 36, 11, 39, 27, 16, 30, 0, 19, 30, 2, 39, 30, 33, 39, 19, 2, 21, 39, 35, 1, 22, 39, 27, 10, 11, 37, 39, 31, 11, 31, 39, 13, 12, 20, 39, 4, 30, 39]
    Edit distance: 17/46

============================================================
Batch 70000 | Val PER: 0.1779
============================================================
  Sample 0:
    TRUE: [31, 17, 0, 19, 27, 2, 28, 17, 39, 27, 17, 19, 2, 22, 28, 16, 8, 11, 8, 39]
    PRED: [0, 0, 19, 11, 39, 27, 10, 14, 19, 0, 22, 30, 16, 8, 39]
    Edit distance: 12/20
  Sample 1:
    TRUE: [27, 16, 7, 39, 26, 11, 7, 2, 28, 30, 39, 28, 10, 34, 27, 2, 20, 39, 28, 5, 22, 8, 39, 20, 16, 31, 2, 14, 27, 1, 13, 28, 39]
    PRED: [27, 5, 19, 39, 26, 0, 27, 29, 2, 37, 39, 10, 34, 2, 20, 39, 28, 5, 22, 37, 8, 39, 20, 10, 20, 1, 13, 39]
    Edit distance: 16/33
  Sample 2:
    TRUE: [28, 24, 39, 27, 33, 20, 37, 39, 35, 17, 39, 21, 12, 8, 39, 16, 22, 39, 2, 22, 2, 6, 1, 29, 30, 39, 19, 2, 20, 33, 38, 2, 22, 39]
    PRED: [9, 2, 39, 27, 33, 20, 37, 39, 35, 17, 39, 21, 12, 22, 8, 39, 16, 22, 39, 16, 22, 11, 34, 1, 28, 16, 19, 39, 19, 2, 20, 33, 38, 2, 22, 39]
    Edit distance: 9/34
  Sample 3:
    TRUE: [20, 3, 27, 17, 37, 39, 19, 0, 28, 30, 33, 21, 39, 22, 17, 8, 2, 8, 39, 6, 20, 1, 19, 39, 14, 20, 2, 34, 37, 39, 30, 33, 39, 6, 17, 39, 19, 2, 21, 26, 20, 17, 30, 20, 17, 39, 10, 20, 2, 14, 2, 22, 30, 39]
    PRED: [27, 3, 27, 28, 39, 19, 1, 28, 30, 2, 21, 39, 22, 17, 8, 39, 6, 2, 19, 39, 20, 2, 6, 39, 30, 33, 39, 6, 17, 39, 19, 2, 21, 26, 17, 20, 11, 39, 10, 20, 2, 22, 39]
    Edit distance: 18/54
  Sample 4:
    TRUE: [9, 2, 39, 30, 33, 31, 39, 13, 10, 27, 17, 39, 13, 11, 14, 0, 30, 39, 30, 33, 39, 19, 2, 21, 39, 35, 10, 22, 39, 27, 0, 18, 11, 37, 39, 30, 33, 31, 39, 13, 10, 20, 39, 4, 30, 39]
    PRED: [9, 2, 39, 30, 27, 33, 31, 39, 34, 4, 20, 35, 17, 39, 27, 16, 0, 19, 30, 2, 39, 30, 33, 39, 19, 2, 21, 39, 35, 1, 22, 39, 27, 0, 11, 37, 39, 31, 11, 31, 39, 13, 12, 20, 39, 4, 30, 39]
    Edit distance: 15/46

============================================================
Batch 70500 | Val PER: 0.1757
============================================================
  Sample 0:
    TRUE: [31, 17, 0, 19, 27, 2, 28, 17, 39, 27, 17, 19, 2, 22, 28, 16, 8, 11, 8, 39]
    PRED: [0, 0, 19, 11, 39, 27, 10, 14, 19, 0, 22, 30, 16, 8, 39]
    Edit distance: 12/20
  Sample 1:
    TRUE: [27, 16, 7, 39, 26, 11, 7, 2, 28, 30, 39, 28, 10, 34, 27, 2, 20, 39, 28, 5, 22, 8, 39, 20, 16, 31, 2, 14, 27, 1, 13, 28, 39]
    PRED: [27, 17, 19, 39, 26, 0, 27, 7, 2, 37, 39, 10, 34, 2, 20, 39, 28, 5, 22, 37, 8, 39, 20, 10, 20, 39, 1, 13, 39]
    Edit distance: 15/33
  Sample 2:
    TRUE: [28, 24, 39, 27, 33, 20, 37, 39, 35, 17, 39, 21, 12, 8, 39, 16, 22, 39, 2, 22, 2, 6, 1, 29, 30, 39, 19, 2, 20, 33, 38, 2, 22, 39]
    PRED: [9, 2, 39, 27, 33, 20, 37, 39, 35, 17, 39, 21, 12, 22, 8, 39, 16, 22, 39, 16, 22, 11, 34, 1, 28, 16, 19, 39, 19, 2, 20, 33, 38, 2, 22, 39]
    Edit distance: 9/34
  Sample 3:
    TRUE: [20, 3, 27, 17, 37, 39, 19, 0, 28, 30, 33, 21, 39, 22, 17, 8, 2, 8, 39, 6, 20, 1, 19, 39, 14, 20, 2, 34, 37, 39, 30, 33, 39, 6, 17, 39, 19, 2, 21, 26, 20, 17, 30, 20, 17, 39, 10, 20, 2, 14, 2, 22, 30, 39]
    PRED: [27, 5, 27, 28, 39, 19, 1, 28, 30, 2, 21, 39, 22, 17, 8, 39, 6, 5, 19, 39, 20, 5, 13, 39, 30, 33, 39, 6, 17, 39, 19, 2, 21, 26, 17, 30, 20, 11, 39, 10, 20, 2, 22, 8, 39]
    Edit distance: 19/54
  Sample 4:
    TRUE: [9, 2, 39, 30, 33, 31, 39, 13, 10, 27, 17, 39, 13, 11, 14, 0, 30, 39, 30, 33, 39, 19, 2, 21, 39, 35, 10, 22, 39, 27, 0, 18, 11, 37, 39, 30, 33, 31, 39, 13, 10, 20, 39, 4, 30, 39]
    PRED: [9, 2, 39, 30, 27, 33, 31, 39, 34, 1, 27, 35, 17, 39, 27, 16, 0, 19, 30, 2, 39, 30, 33, 39, 19, 2, 21, 39, 35, 10, 22, 39, 27, 0, 7, 11, 37, 39, 31, 11, 31, 39, 13, 12, 20, 39, 4, 30, 39]
    Edit distance: 13/46

============================================================
Batch 71000 | Val PER: 0.1754
============================================================
  Sample 0:
    TRUE: [31, 17, 0, 19, 27, 2, 28, 17, 39, 27, 17, 19, 2, 22, 28, 16, 8, 11, 8, 39]
    PRED: [0, 19, 11, 39, 27, 10, 19, 0, 22, 30, 16, 8, 39]
    Edit distance: 11/20
  Sample 1:
    TRUE: [27, 16, 7, 39, 26, 11, 7, 2, 28, 30, 39, 28, 10, 34, 27, 2, 20, 39, 28, 5, 22, 8, 39, 20, 16, 31, 2, 14, 27, 1, 13, 28, 39]
    PRED: [27, 17, 19, 39, 26, 0, 27, 7, 2, 37, 39, 10, 34, 2, 20, 39, 28, 5, 22, 37, 8, 39, 20, 10, 20, 2, 39, 27, 1, 13, 39]
    Edit distance: 13/33
  Sample 2:
    TRUE: [28, 24, 39, 27, 33, 20, 37, 39, 35, 17, 39, 21, 12, 8, 39, 16, 22, 39, 2, 22, 2, 6, 1, 29, 30, 39, 19, 2, 20, 33, 38, 2, 22, 39]
    PRED: [9, 24, 39, 27, 33, 20, 37, 39, 35, 17, 39, 21, 12, 22, 8, 39, 16, 22, 39, 16, 22, 11, 34, 1, 28, 16, 19, 39, 19, 2, 20, 33, 38, 2, 22, 39]
    Edit distance: 8/34
  Sample 3:
    TRUE: [20, 3, 27, 17, 37, 39, 19, 0, 28, 30, 33, 21, 39, 22, 17, 8, 2, 8, 39, 6, 20, 1, 19, 39, 14, 20, 2, 34, 37, 39, 30, 33, 39, 6, 17, 39, 19, 2, 21, 26, 20, 17, 30, 20, 17, 39, 10, 20, 2, 14, 2, 22, 30, 39]
    PRED: [27, 3, 27, 28, 39, 19, 1, 28, 30, 2, 21, 39, 22, 17, 8, 39, 6, 2, 19, 39, 20, 2, 34, 6, 39, 30, 33, 39, 6, 17, 39, 19, 2, 21, 26, 17, 30, 20, 11, 39, 10, 20, 2, 22, 8, 39]
    Edit distance: 16/54
  Sample 4:
    TRUE: [9, 2, 39, 30, 33, 31, 39, 13, 10, 27, 17, 39, 13, 11, 14, 0, 30, 39, 30, 33, 39, 19, 2, 21, 39, 35, 10, 22, 39, 27, 0, 18, 11, 37, 39, 30, 33, 31, 39, 13, 10, 20, 39, 4, 30, 39]
    PRED: [9, 2, 39, 30, 27, 33, 31, 39, 34, 1, 27, 33, 2, 39, 27, 16, 30, 19, 30, 2, 39, 30, 33, 39, 19, 2, 21, 39, 27, 10, 22, 39, 27, 0, 7, 11, 37, 39, 31, 11, 31, 39, 13, 12, 20, 39, 4, 30, 39]
    Edit distance: 15/46

============================================================
Batch 71500 | Val PER: 0.1757
============================================================
  Sample 0:
    TRUE: [31, 17, 0, 19, 27, 2, 28, 17, 39, 27, 17, 19, 2, 22, 28, 16, 8, 11, 8, 39]
    PRED: [27, 0, 19, 11, 28, 39, 27, 10, 19, 0, 22, 30, 2, 16, 8, 39]
    Edit distance: 11/20
  Sample 1:
    TRUE: [27, 16, 7, 39, 26, 11, 7, 2, 28, 30, 39, 28, 10, 34, 27, 2, 20, 39, 28, 5, 22, 8, 39, 20, 16, 31, 2, 14, 27, 1, 13, 28, 39]
    PRED: [27, 5, 19, 39, 26, 3, 27, 29, 2, 37, 39, 10, 34, 2, 20, 39, 28, 5, 8, 37, 8, 39, 20, 10, 20, 39, 1, 13, 39]
    Edit distance: 17/33
  Sample 2:
    TRUE: [28, 24, 39, 27, 33, 20, 37, 39, 35, 17, 39, 21, 12, 8, 39, 16, 22, 39, 2, 22, 2, 6, 1, 29, 30, 39, 19, 2, 20, 33, 38, 2, 22, 39]
    PRED: [9, 24, 39, 27, 33, 20, 37, 39, 35, 17, 39, 21, 12, 22, 8, 39, 16, 22, 39, 16, 22, 11, 34, 1, 28, 19, 39, 19, 2, 20, 33, 38, 2, 22, 39]
    Edit distance: 7/34
  Sample 3:
    TRUE: [20, 3, 27, 17, 37, 39, 19, 0, 28, 30, 33, 21, 39, 22, 17, 8, 2, 8, 39, 6, 20, 1, 19, 39, 14, 20, 2, 34, 37, 39, 30, 33, 39, 6, 17, 39, 19, 2, 21, 26, 20, 17, 30, 20, 17, 39, 10, 20, 2, 14, 2, 22, 30, 39]
    PRED: [27, 5, 27, 28, 39, 19, 1, 28, 2, 33, 21, 39, 22, 17, 8, 39, 6, 5, 19, 39, 20, 5, 34, 6, 39, 30, 33, 39, 6, 17, 39, 19, 2, 21, 26, 17, 20, 11, 39, 10, 20, 2, 22, 39]
    Edit distance: 19/54
  Sample 4:
    TRUE: [9, 2, 39, 30, 33, 31, 39, 13, 10, 27, 17, 39, 13, 11, 14, 0, 30, 39, 30, 33, 39, 19, 2, 21, 39, 35, 10, 22, 39, 27, 0, 18, 11, 37, 39, 30, 33, 31, 39, 13, 10, 20, 39, 4, 30, 39]
    PRED: [9, 2, 39, 30, 27, 33, 31, 39, 34, 4, 27, 17, 39, 27, 16, 30, 19, 30, 2, 39, 30, 33, 39, 19, 2, 21, 39, 27, 10, 22, 39, 27, 0, 11, 37, 39, 31, 11, 31, 39, 13, 12, 20, 39, 4, 30, 39]
    Edit distance: 13/46

============================================================
Batch 72000 | Val PER: 0.1743
============================================================
  Sample 0:
    TRUE: [31, 17, 0, 19, 27, 2, 28, 17, 39, 27, 17, 19, 2, 22, 28, 16, 8, 11, 8, 39]
    PRED: [27, 0, 19, 11, 39, 27, 10, 19, 0, 22, 30, 16, 8, 39]
    Edit distance: 11/20
  Sample 1:
    TRUE: [27, 16, 7, 39, 26, 11, 7, 2, 28, 30, 39, 28, 10, 34, 27, 2, 20, 39, 28, 5, 22, 8, 39, 20, 16, 31, 2, 14, 27, 1, 13, 28, 39]
    PRED: [27, 5, 19, 39, 26, 3, 27, 7, 2, 37, 39, 10, 34, 2, 20, 39, 28, 5, 8, 37, 39, 20, 10, 20, 2, 39, 3, 13, 39]
    Edit distance: 16/33
  Sample 2:
    TRUE: [28, 24, 39, 27, 33, 20, 37, 39, 35, 17, 39, 21, 12, 8, 39, 16, 22, 39, 2, 22, 2, 6, 1, 29, 30, 39, 19, 2, 20, 33, 38, 2, 22, 39]
    PRED: [9, 2, 39, 27, 33, 20, 37, 39, 35, 17, 39, 21, 12, 22, 8, 39, 16, 22, 39, 16, 22, 11, 34, 1, 28, 19, 39, 19, 2, 20, 33, 38, 2, 22, 39]
    Edit distance: 8/34
  Sample 3:
    TRUE: [20, 3, 27, 17, 37, 39, 19, 0, 28, 30, 33, 21, 39, 22, 17, 8, 2, 8, 39, 6, 20, 1, 19, 39, 14, 20, 2, 34, 37, 39, 30, 33, 39, 6, 17, 39, 19, 2, 21, 26, 20, 17, 30, 20, 17, 39, 10, 20, 2, 14, 2, 22, 30, 39]
    PRED: [27, 3, 27, 28, 39, 19, 1, 28, 30, 2, 21, 39, 22, 17, 8, 39, 6, 5, 19, 39, 20, 5, 13, 6, 39, 30, 33, 39, 6, 17, 39, 19, 2, 21, 26, 17, 30, 20, 11, 39, 10, 20, 2, 22, 39]
    Edit distance: 18/54
  Sample 4:
    TRUE: [9, 2, 39, 30, 33, 31, 39, 13, 10, 27, 17, 39, 13, 11, 14, 0, 30, 39, 30, 33, 39, 19, 2, 21, 39, 35, 10, 22, 39, 27, 0, 18, 11, 37, 39, 30, 33, 31, 39, 13, 10, 20, 39, 4, 30, 39]
    PRED: [9, 2, 39, 30, 27, 33, 31, 39, 34, 4, 27, 35, 17, 39, 27, 16, 30, 0, 19, 30, 2, 39, 30, 33, 39, 19, 2, 21, 39, 27, 10, 22, 39, 27, 0, 7, 11, 37, 39, 31, 11, 31, 39, 13, 12, 20, 39, 4, 30, 39]
    Edit distance: 14/46

============================================================
Batch 72500 | Val PER: 0.1761
============================================================
  Sample 0:
    TRUE: [31, 17, 0, 19, 27, 2, 28, 17, 39, 27, 17, 19, 2, 22, 28, 16, 8, 11, 8, 39]
    PRED: [0, 0, 19, 11, 28, 39, 27, 10, 19, 0, 30, 2, 8, 39]
    Edit distance: 12/20
  Sample 1:
    TRUE: [27, 16, 7, 39, 26, 11, 7, 2, 28, 30, 39, 28, 10, 34, 27, 2, 20, 39, 28, 5, 22, 8, 39, 20, 16, 31, 2, 14, 27, 1, 13, 28, 39]
    PRED: [27, 17, 19, 39, 26, 0, 27, 7, 2, 37, 39, 10, 34, 2, 20, 39, 28, 5, 22, 37, 39, 20, 10, 20, 2, 1, 13, 39]
    Edit distance: 14/33
  Sample 2:
    TRUE: [28, 24, 39, 27, 33, 20, 37, 39, 35, 17, 39, 21, 12, 8, 39, 16, 22, 39, 2, 22, 2, 6, 1, 29, 30, 39, 19, 2, 20, 33, 38, 2, 22, 39]
    PRED: [9, 24, 39, 27, 33, 20, 37, 39, 35, 17, 39, 21, 12, 22, 8, 39, 16, 22, 39, 16, 22, 11, 34, 1, 28, 19, 39, 19, 2, 20, 33, 38, 2, 22, 39]
    Edit distance: 7/34
  Sample 3:
    TRUE: [20, 3, 27, 17, 37, 39, 19, 0, 28, 30, 33, 21, 39, 22, 17, 8, 2, 8, 39, 6, 20, 1, 19, 39, 14, 20, 2, 34, 37, 39, 30, 33, 39, 6, 17, 39, 19, 2, 21, 26, 20, 17, 30, 20, 17, 39, 10, 20, 2, 14, 2, 22, 30, 39]
    PRED: [27, 3, 27, 28, 39, 19, 1, 28, 2, 21, 39, 22, 17, 8, 39, 6, 5, 19, 39, 20, 5, 13, 39, 30, 33, 39, 6, 17, 39, 19, 2, 21, 26, 17, 30, 20, 11, 39, 10, 20, 2, 22, 39]
    Edit distance: 19/54
  Sample 4:
    TRUE: [9, 2, 39, 30, 33, 31, 39, 13, 10, 27, 17, 39, 13, 11, 14, 0, 30, 39, 30, 33, 39, 19, 2, 21, 39, 35, 10, 22, 39, 27, 0, 18, 11, 37, 39, 30, 33, 31, 39, 13, 10, 20, 39, 4, 30, 39]
    PRED: [9, 2, 39, 30, 27, 33, 31, 39, 34, 1, 27, 17, 39, 27, 16, 19, 30, 2, 39, 30, 33, 39, 19, 2, 21, 39, 27, 10, 22, 39, 27, 0, 7, 11, 37, 39, 31, 11, 31, 39, 13, 12, 20, 39, 4, 30, 39]
    Edit distance: 13/46

============================================================
Batch 73000 | Val PER: 0.1745
============================================================
  Sample 0:
    TRUE: [31, 17, 0, 19, 27, 2, 28, 17, 39, 27, 17, 19, 2, 22, 28, 16, 8, 11, 8, 39]
    PRED: [0, 19, 11, 39, 27, 16, 19, 0, 30, 2, 16, 8, 39]
    Edit distance: 12/20
  Sample 1:
    TRUE: [27, 16, 7, 39, 26, 11, 7, 2, 28, 30, 39, 28, 10, 34, 27, 2, 20, 39, 28, 5, 22, 8, 39, 20, 16, 31, 2, 14, 27, 1, 13, 28, 39]
    PRED: [5, 19, 39, 26, 3, 27, 7, 2, 37, 39, 10, 34, 2, 20, 39, 28, 5, 22, 37, 8, 39, 20, 10, 20, 39, 1, 13, 39]
    Edit distance: 16/33
  Sample 2:
    TRUE: [28, 24, 39, 27, 33, 20, 37, 39, 35, 17, 39, 21, 12, 8, 39, 16, 22, 39, 2, 22, 2, 6, 1, 29, 30, 39, 19, 2, 20, 33, 38, 2, 22, 39]
    PRED: [9, 24, 39, 27, 33, 20, 37, 39, 35, 17, 39, 21, 12, 22, 8, 39, 16, 22, 39, 16, 22, 11, 34, 1, 28, 19, 39, 19, 2, 20, 33, 38, 2, 22, 39]
    Edit distance: 7/34
  Sample 3:
    TRUE: [20, 3, 27, 17, 37, 39, 19, 0, 28, 30, 33, 21, 39, 22, 17, 8, 2, 8, 39, 6, 20, 1, 19, 39, 14, 20, 2, 34, 37, 39, 30, 33, 39, 6, 17, 39, 19, 2, 21, 26, 20, 17, 30, 20, 17, 39, 10, 20, 2, 14, 2, 22, 30, 39]
    PRED: [27, 3, 27, 28, 39, 19, 1, 28, 30, 2, 21, 39, 22, 17, 8, 39, 6, 5, 19, 39, 20, 5, 13, 39, 30, 33, 39, 6, 17, 39, 19, 2, 21, 26, 17, 30, 20, 11, 39, 10, 20, 2, 22, 39]
    Edit distance: 18/54
  Sample 4:
    TRUE: [9, 2, 39, 30, 33, 31, 39, 13, 10, 27, 17, 39, 13, 11, 14, 0, 30, 39, 30, 33, 39, 19, 2, 21, 39, 35, 10, 22, 39, 27, 0, 18, 11, 37, 39, 30, 33, 31, 39, 13, 10, 20, 39, 4, 30, 39]
    PRED: [9, 2, 39, 30, 27, 33, 31, 39, 34, 1, 27, 20, 17, 39, 27, 16, 0, 19, 30, 2, 39, 30, 33, 39, 19, 2, 21, 39, 27, 10, 22, 39, 27, 0, 7, 11, 37, 39, 31, 11, 31, 39, 13, 12, 20, 39, 4, 30, 39]
    Edit distance: 14/46

============================================================
Batch 73500 | Val PER: 0.1754
============================================================
  Sample 0:
    TRUE: [31, 17, 0, 19, 27, 2, 28, 17, 39, 27, 17, 19, 2, 22, 28, 16, 8, 11, 8, 39]
    PRED: [0, 19, 11, 39, 27, 10, 19, 0, 30, 2, 16, 8, 39]
    Edit distance: 12/20
  Sample 1:
    TRUE: [27, 16, 7, 39, 26, 11, 7, 2, 28, 30, 39, 28, 10, 34, 27, 2, 20, 39, 28, 5, 22, 8, 39, 20, 16, 31, 2, 14, 27, 1, 13, 28, 39]
    PRED: [17, 19, 39, 26, 3, 27, 7, 2, 37, 39, 10, 34, 2, 20, 39, 28, 5, 22, 37, 39, 20, 10, 20, 1, 13, 39]
    Edit distance: 16/33
  Sample 2:
    TRUE: [28, 24, 39, 27, 33, 20, 37, 39, 35, 17, 39, 21, 12, 8, 39, 16, 22, 39, 2, 22, 2, 6, 1, 29, 30, 39, 19, 2, 20, 33, 38, 2, 22, 39]
    PRED: [9, 24, 39, 27, 33, 20, 37, 39, 35, 17, 39, 21, 12, 22, 8, 39, 16, 22, 39, 16, 22, 11, 34, 1, 28, 19, 39, 19, 2, 20, 33, 38, 2, 22, 39]
    Edit distance: 7/34
  Sample 3:
    TRUE: [20, 3, 27, 17, 37, 39, 19, 0, 28, 30, 33, 21, 39, 22, 17, 8, 2, 8, 39, 6, 20, 1, 19, 39, 14, 20, 2, 34, 37, 39, 30, 33, 39, 6, 17, 39, 19, 2, 21, 26, 20, 17, 30, 20, 17, 39, 10, 20, 2, 14, 2, 22, 30, 39]
    PRED: [27, 3, 27, 28, 39, 19, 1, 28, 30, 2, 21, 39, 22, 17, 8, 39, 6, 5, 19, 39, 20, 5, 34, 39, 30, 33, 39, 6, 17, 39, 19, 2, 21, 26, 17, 30, 20, 11, 39, 10, 20, 2, 22, 39]
    Edit distance: 17/54
  Sample 4:
    TRUE: [9, 2, 39, 30, 33, 31, 39, 13, 10, 27, 17, 39, 13, 11, 14, 0, 30, 39, 30, 33, 39, 19, 2, 21, 39, 35, 10, 22, 39, 27, 0, 18, 11, 37, 39, 30, 33, 31, 39, 13, 10, 20, 39, 4, 30, 39]
    PRED: [9, 2, 39, 30, 27, 33, 31, 39, 34, 1, 27, 33, 17, 39, 27, 16, 0, 19, 30, 2, 39, 30, 33, 39, 19, 2, 21, 39, 27, 10, 22, 39, 27, 10, 7, 11, 37, 39, 31, 11, 31, 39, 13, 12, 20, 39, 4, 30, 39]
    Edit distance: 15/46

============================================================
Batch 74000 | Val PER: 0.1749
============================================================
  Sample 0:
    TRUE: [31, 17, 0, 19, 27, 2, 28, 17, 39, 27, 17, 19, 2, 22, 28, 16, 8, 11, 8, 39]
    PRED: [0, 0, 19, 11, 39, 27, 10, 19, 0, 30, 2, 8, 39]
    Edit distance: 13/20
  Sample 1:
    TRUE: [27, 16, 7, 39, 26, 11, 7, 2, 28, 30, 39, 28, 10, 34, 27, 2, 20, 39, 28, 5, 22, 8, 39, 20, 16, 31, 2, 14, 27, 1, 13, 28, 39]
    PRED: [27, 5, 19, 39, 26, 3, 27, 29, 2, 37, 39, 10, 34, 2, 20, 39, 28, 5, 22, 37, 39, 20, 10, 20, 39, 1, 13, 39]
    Edit distance: 16/33
  Sample 2:
    TRUE: [28, 24, 39, 27, 33, 20, 37, 39, 35, 17, 39, 21, 12, 8, 39, 16, 22, 39, 2, 22, 2, 6, 1, 29, 30, 39, 19, 2, 20, 33, 38, 2, 22, 39]
    PRED: [9, 2, 39, 27, 33, 20, 37, 39, 35, 17, 39, 21, 12, 8, 39, 16, 22, 39, 16, 22, 11, 34, 1, 28, 19, 39, 19, 2, 20, 33, 38, 2, 22, 39]
    Edit distance: 7/34
  Sample 3:
    TRUE: [20, 3, 27, 17, 37, 39, 19, 0, 28, 30, 33, 21, 39, 22, 17, 8, 2, 8, 39, 6, 20, 1, 19, 39, 14, 20, 2, 34, 37, 39, 30, 33, 39, 6, 17, 39, 19, 2, 21, 26, 20, 17, 30, 20, 17, 39, 10, 20, 2, 14, 2, 22, 30, 39]
    PRED: [27, 3, 27, 28, 39, 19, 1, 28, 30, 2, 21, 39, 22, 17, 8, 39, 6, 2, 19, 39, 20, 5, 13, 39, 30, 33, 39, 6, 17, 39, 19, 2, 21, 26, 17, 30, 20, 11, 39, 10, 20, 2, 22, 39]
    Edit distance: 18/54
  Sample 4:
    TRUE: [9, 2, 39, 30, 33, 31, 39, 13, 10, 27, 17, 39, 13, 11, 14, 0, 30, 39, 30, 33, 39, 19, 2, 21, 39, 35, 10, 22, 39, 27, 0, 18, 11, 37, 39, 30, 33, 31, 39, 13, 10, 20, 39, 4, 30, 39]
    PRED: [9, 2, 39, 30, 27, 33, 31, 39, 34, 1, 27, 35, 33, 17, 39, 27, 16, 0, 19, 30, 2, 39, 30, 33, 39, 19, 2, 21, 39, 35, 10, 22, 39, 27, 10, 20, 11, 37, 39, 31, 11, 31, 39, 13, 12, 20, 39, 4, 30, 39]
    Edit distance: 15/46

============================================================
Batch 74500 | Val PER: 0.1742
============================================================
  Sample 0:
    TRUE: [31, 17, 0, 19, 27, 2, 28, 17, 39, 27, 17, 19, 2, 22, 28, 16, 8, 11, 8, 39]
    PRED: [0, 19, 11, 28, 39, 27, 10, 19, 0, 22, 30, 2, 16, 8, 39]
    Edit distance: 11/20
  Sample 1:
    TRUE: [27, 16, 7, 39, 26, 11, 7, 2, 28, 30, 39, 28, 10, 34, 27, 2, 20, 39, 28, 5, 22, 8, 39, 20, 16, 31, 2, 14, 27, 1, 13, 28, 39]
    PRED: [27, 5, 19, 39, 26, 3, 27, 29, 2, 37, 39, 10, 34, 2, 20, 39, 28, 5, 22, 37, 39, 20, 10, 20, 3, 13, 39]
    Edit distance: 17/33
  Sample 2:
    TRUE: [28, 24, 39, 27, 33, 20, 37, 39, 35, 17, 39, 21, 12, 8, 39, 16, 22, 39, 2, 22, 2, 6, 1, 29, 30, 39, 19, 2, 20, 33, 38, 2, 22, 39]
    PRED: [9, 2, 39, 27, 33, 20, 37, 39, 35, 17, 39, 21, 12, 8, 39, 16, 22, 39, 16, 22, 11, 34, 1, 28, 30, 39, 19, 2, 20, 33, 38, 2, 22, 39]
    Edit distance: 6/34
  Sample 3:
    TRUE: [20, 3, 27, 17, 37, 39, 19, 0, 28, 30, 33, 21, 39, 22, 17, 8, 2, 8, 39, 6, 20, 1, 19, 39, 14, 20, 2, 34, 37, 39, 30, 33, 39, 6, 17, 39, 19, 2, 21, 26, 20, 17, 30, 20, 17, 39, 10, 20, 2, 14, 2, 22, 30, 39]
    PRED: [27, 3, 27, 28, 39, 19, 1, 28, 30, 2, 21, 39, 22, 17, 8, 39, 6, 2, 19, 39, 20, 5, 13, 39, 30, 33, 39, 6, 17, 39, 19, 2, 21, 26, 17, 30, 20, 11, 39, 10, 20, 2, 22, 39]
    Edit distance: 18/54
  Sample 4:
    TRUE: [9, 2, 39, 30, 33, 31, 39, 13, 10, 27, 17, 39, 13, 11, 14, 0, 30, 39, 30, 33, 39, 19, 2, 21, 39, 35, 10, 22, 39, 27, 0, 18, 11, 37, 39, 30, 33, 31, 39, 13, 10, 20, 39, 4, 30, 39]
    PRED: [9, 2, 39, 30, 27, 33, 31, 39, 34, 1, 27, 20, 33, 17, 39, 27, 16, 0, 19, 30, 2, 39, 30, 33, 39, 19, 2, 21, 39, 35, 10, 22, 39, 27, 10, 7, 11, 37, 39, 31, 11, 31, 39, 13, 1, 20, 39, 4, 30, 39]
    Edit distance: 15/46

============================================================
Batch 75000 | Val PER: 0.1746
============================================================
  Sample 0:
    TRUE: [31, 17, 0, 19, 27, 2, 28, 17, 39, 27, 17, 19, 2, 22, 28, 16, 8, 11, 8, 39]
    PRED: [0, 19, 11, 28, 39, 27, 10, 14, 0, 22, 30, 2, 16, 8, 39]
    Edit distance: 12/20
  Sample 1:
    TRUE: [27, 16, 7, 39, 26, 11, 7, 2, 28, 30, 39, 28, 10, 34, 27, 2, 20, 39, 28, 5, 22, 8, 39, 20, 16, 31, 2, 14, 27, 1, 13, 28, 39]
    PRED: [27, 5, 19, 39, 26, 0, 27, 29, 2, 37, 39, 1, 34, 2, 20, 39, 28, 5, 22, 37, 39, 20, 10, 20, 2, 39, 1, 13, 39]
    Edit distance: 16/33
  Sample 2:
    TRUE: [28, 24, 39, 27, 33, 20, 37, 39, 35, 17, 39, 21, 12, 8, 39, 16, 22, 39, 2, 22, 2, 6, 1, 29, 30, 39, 19, 2, 20, 33, 38, 2, 22, 39]
    PRED: [9, 2, 39, 27, 33, 20, 37, 39, 35, 17, 39, 21, 12, 8, 39, 16, 22, 39, 16, 22, 11, 34, 10, 28, 19, 39, 19, 2, 20, 33, 38, 2, 22, 39]
    Edit distance: 8/34
  Sample 3:
    TRUE: [20, 3, 27, 17, 37, 39, 19, 0, 28, 30, 33, 21, 39, 22, 17, 8, 2, 8, 39, 6, 20, 1, 19, 39, 14, 20, 2, 34, 37, 39, 30, 33, 39, 6, 17, 39, 19, 2, 21, 26, 20, 17, 30, 20, 17, 39, 10, 20, 2, 14, 2, 22, 30, 39]
    PRED: [27, 3, 27, 28, 39, 19, 1, 28, 30, 2, 21, 39, 22, 17, 8, 39, 6, 2, 19, 39, 27, 5, 13, 39, 30, 33, 39, 6, 17, 39, 19, 2, 21, 26, 17, 30, 20, 11, 39, 10, 20, 2, 22, 39]
    Edit distance: 19/54
  Sample 4:
    TRUE: [9, 2, 39, 30, 33, 31, 39, 13, 10, 27, 17, 39, 13, 11, 14, 0, 30, 39, 30, 33, 39, 19, 2, 21, 39, 35, 10, 22, 39, 27, 0, 18, 11, 37, 39, 30, 33, 31, 39, 13, 10, 20, 39, 4, 30, 39]
    PRED: [9, 2, 39, 30, 27, 33, 31, 39, 34, 1, 27, 35, 17, 39, 27, 16, 14, 19, 30, 2, 39, 30, 33, 39, 19, 2, 21, 39, 35, 10, 22, 39, 27, 10, 7, 11, 37, 39, 31, 11, 31, 39, 13, 12, 20, 39, 4, 30, 39]
    Edit distance: 13/46

============================================================
Batch 75500 | Val PER: 0.1731
============================================================
  Sample 0:
    TRUE: [31, 17, 0, 19, 27, 2, 28, 17, 39, 27, 17, 19, 2, 22, 28, 16, 8, 11, 8, 39]
    PRED: [0, 0, 19, 11, 28, 39, 27, 10, 19, 0, 30, 2, 16, 8, 39]
    Edit distance: 11/20
  Sample 1:
    TRUE: [27, 16, 7, 39, 26, 11, 7, 2, 28, 30, 39, 28, 10, 34, 27, 2, 20, 39, 28, 5, 22, 8, 39, 20, 16, 31, 2, 14, 27, 1, 13, 28, 39]
    PRED: [35, 17, 19, 39, 26, 0, 27, 29, 2, 37, 39, 10, 34, 2, 20, 39, 28, 5, 22, 37, 39, 20, 10, 20, 2, 39, 1, 13, 39]
    Edit distance: 16/33
  Sample 2:
    TRUE: [28, 24, 39, 27, 33, 20, 37, 39, 35, 17, 39, 21, 12, 8, 39, 16, 22, 39, 2, 22, 2, 6, 1, 29, 30, 39, 19, 2, 20, 33, 38, 2, 22, 39]
    PRED: [9, 24, 39, 27, 33, 20, 37, 39, 35, 17, 39, 21, 12, 8, 39, 16, 22, 39, 16, 22, 11, 34, 1, 28, 19, 39, 19, 2, 20, 33, 38, 2, 22, 39]
    Edit distance: 6/34
  Sample 3:
    TRUE: [20, 3, 27, 17, 37, 39, 19, 0, 28, 30, 33, 21, 39, 22, 17, 8, 2, 8, 39, 6, 20, 1, 19, 39, 14, 20, 2, 34, 37, 39, 30, 33, 39, 6, 17, 39, 19, 2, 21, 26, 20, 17, 30, 20, 17, 39, 10, 20, 2, 14, 2, 22, 30, 39]
    PRED: [27, 3, 27, 28, 39, 19, 1, 28, 2, 21, 39, 22, 17, 8, 39, 6, 2, 19, 39, 20, 2, 13, 39, 30, 33, 39, 6, 17, 39, 19, 2, 21, 26, 17, 30, 20, 11, 39, 10, 20, 2, 22, 39]
    Edit distance: 18/54
  Sample 4:
    TRUE: [9, 2, 39, 30, 33, 31, 39, 13, 10, 27, 17, 39, 13, 11, 14, 0, 30, 39, 30, 33, 39, 19, 2, 21, 39, 35, 10, 22, 39, 27, 0, 18, 11, 37, 39, 30, 33, 31, 39, 13, 10, 20, 39, 4, 30, 39]
    PRED: [9, 2, 39, 30, 27, 33, 31, 39, 34, 4, 27, 35, 17, 39, 27, 16, 0, 19, 30, 2, 39, 30, 33, 39, 19, 2, 21, 39, 35, 10, 22, 39, 27, 10, 7, 11, 37, 39, 31, 11, 31, 39, 13, 12, 20, 39, 4, 30, 39]
    Edit distance: 14/46

============================================================
Batch 76000 | Val PER: 0.1756
============================================================
  Sample 0:
    TRUE: [31, 17, 0, 19, 27, 2, 28, 17, 39, 27, 17, 19, 2, 22, 28, 16, 8, 11, 8, 39]
    PRED: [0, 0, 19, 11, 28, 39, 27, 10, 19, 0, 30, 2, 16, 8, 39]
    Edit distance: 11/20
  Sample 1:
    TRUE: [27, 16, 7, 39, 26, 11, 7, 2, 28, 30, 39, 28, 10, 34, 27, 2, 20, 39, 28, 5, 22, 8, 39, 20, 16, 31, 2, 14, 27, 1, 13, 28, 39]
    PRED: [35, 5, 19, 39, 26, 3, 27, 29, 2, 30, 39, 10, 34, 2, 20, 39, 28, 5, 22, 37, 39, 20, 10, 20, 2, 1, 13, 39]
    Edit distance: 15/33
  Sample 2:
    TRUE: [28, 24, 39, 27, 33, 20, 37, 39, 35, 17, 39, 21, 12, 8, 39, 16, 22, 39, 2, 22, 2, 6, 1, 29, 30, 39, 19, 2, 20, 33, 38, 2, 22, 39]
    PRED: [9, 2, 39, 27, 33, 20, 37, 39, 35, 17, 39, 21, 12, 8, 39, 16, 22, 39, 16, 22, 11, 34, 10, 28, 19, 39, 19, 2, 20, 33, 38, 2, 22, 39]
    Edit distance: 8/34
  Sample 3:
    TRUE: [20, 3, 27, 17, 37, 39, 19, 0, 28, 30, 33, 21, 39, 22, 17, 8, 2, 8, 39, 6, 20, 1, 19, 39, 14, 20, 2, 34, 37, 39, 30, 33, 39, 6, 17, 39, 19, 2, 21, 26, 20, 17, 30, 20, 17, 39, 10, 20, 2, 14, 2, 22, 30, 39]
    PRED: [27, 3, 27, 28, 39, 19, 1, 28, 2, 21, 39, 22, 17, 8, 39, 6, 2, 19, 39, 27, 5, 13, 39, 30, 33, 39, 6, 17, 39, 19, 2, 21, 26, 17, 30, 20, 11, 39, 10, 20, 2, 22, 39]
    Edit distance: 20/54
  Sample 4:
    TRUE: [9, 2, 39, 30, 33, 31, 39, 13, 10, 27, 17, 39, 13, 11, 14, 0, 30, 39, 30, 33, 39, 19, 2, 21, 39, 35, 10, 22, 39, 27, 0, 18, 11, 37, 39, 30, 33, 31, 39, 13, 10, 20, 39, 4, 30, 39]
    PRED: [9, 2, 39, 30, 27, 33, 31, 39, 34, 4, 27, 35, 17, 39, 27, 16, 0, 19, 30, 2, 39, 30, 33, 39, 19, 2, 21, 39, 35, 10, 22, 39, 27, 10, 7, 11, 37, 39, 31, 11, 31, 39, 13, 12, 20, 39, 4, 30, 39]
    Edit distance: 14/46

============================================================
Batch 76500 | Val PER: 0.1746
============================================================
  Sample 0:
    TRUE: [31, 17, 0, 19, 27, 2, 28, 17, 39, 27, 17, 19, 2, 22, 28, 16, 8, 11, 8, 39]
    PRED: [0, 0, 19, 11, 28, 39, 27, 10, 19, 0, 22, 30, 2, 16, 8, 39]
    Edit distance: 11/20
  Sample 1:
    TRUE: [27, 16, 7, 39, 26, 11, 7, 2, 28, 30, 39, 28, 10, 34, 27, 2, 20, 39, 28, 5, 22, 8, 39, 20, 16, 31, 2, 14, 27, 1, 13, 28, 39]
    PRED: [35, 5, 19, 39, 26, 3, 27, 29, 2, 37, 39, 10, 34, 2, 20, 39, 28, 5, 22, 37, 39, 20, 10, 20, 2, 1, 13, 39]
    Edit distance: 16/33
  Sample 2:
    TRUE: [28, 24, 39, 27, 33, 20, 37, 39, 35, 17, 39, 21, 12, 8, 39, 16, 22, 39, 2, 22, 2, 6, 1, 29, 30, 39, 19, 2, 20, 33, 38, 2, 22, 39]
    PRED: [9, 24, 39, 27, 33, 20, 37, 39, 35, 17, 39, 21, 12, 8, 39, 16, 22, 39, 16, 22, 11, 34, 10, 28, 39, 19, 2, 20, 33, 38, 2, 22, 39]
    Edit distance: 7/34
  Sample 3:
    TRUE: [20, 3, 27, 17, 37, 39, 19, 0, 28, 30, 33, 21, 39, 22, 17, 8, 2, 8, 39, 6, 20, 1, 19, 39, 14, 20, 2, 34, 37, 39, 30, 33, 39, 6, 17, 39, 19, 2, 21, 26, 20, 17, 30, 20, 17, 39, 10, 20, 2, 14, 2, 22, 30, 39]
    PRED: [27, 3, 27, 28, 39, 19, 1, 28, 2, 21, 39, 22, 17, 8, 39, 6, 2, 19, 39, 27, 5, 13, 39, 30, 33, 39, 6, 17, 39, 19, 2, 21, 26, 17, 30, 20, 11, 39, 10, 20, 2, 22, 39]
    Edit distance: 20/54
  Sample 4:
    TRUE: [9, 2, 39, 30, 33, 31, 39, 13, 10, 27, 17, 39, 13, 11, 14, 0, 30, 39, 30, 33, 39, 19, 2, 21, 39, 35, 10, 22, 39, 27, 0, 18, 11, 37, 39, 30, 33, 31, 39, 13, 10, 20, 39, 4, 30, 39]
    PRED: [9, 2, 39, 30, 27, 33, 31, 39, 34, 4, 27, 35, 33, 2, 39, 27, 16, 0, 19, 30, 2, 39, 30, 33, 39, 19, 2, 21, 39, 35, 10, 22, 39, 27, 10, 7, 11, 37, 39, 31, 33, 31, 39, 13, 12, 20, 39, 4, 30, 39]
    Edit distance: 15/46

============================================================
Batch 77000 | Val PER: 0.1739
============================================================
  Sample 0:
    TRUE: [31, 17, 0, 19, 27, 2, 28, 17, 39, 27, 17, 19, 2, 22, 28, 16, 8, 11, 8, 39]
    PRED: [27, 0, 0, 19, 11, 28, 39, 27, 10, 14, 19, 0, 22, 30, 2, 16, 8, 39]
    Edit distance: 12/20
  Sample 1:
    TRUE: [27, 16, 7, 39, 26, 11, 7, 2, 28, 30, 39, 28, 10, 34, 27, 2, 20, 39, 28, 5, 22, 8, 39, 20, 16, 31, 2, 14, 27, 1, 13, 28, 39]
    PRED: [5, 19, 39, 26, 3, 27, 29, 2, 30, 39, 10, 34, 2, 20, 39, 28, 5, 22, 37, 39, 20, 10, 20, 2, 39, 1, 13, 39]
    Edit distance: 15/33
  Sample 2:
    TRUE: [28, 24, 39, 27, 33, 20, 37, 39, 35, 17, 39, 21, 12, 8, 39, 16, 22, 39, 2, 22, 2, 6, 1, 29, 30, 39, 19, 2, 20, 33, 38, 2, 22, 39]
    PRED: [9, 24, 39, 27, 33, 20, 37, 39, 35, 17, 39, 21, 12, 8, 39, 16, 22, 39, 16, 22, 11, 34, 10, 28, 39, 19, 2, 20, 33, 38, 2, 22, 39]
    Edit distance: 7/34
  Sample 3:
    TRUE: [20, 3, 27, 17, 37, 39, 19, 0, 28, 30, 33, 21, 39, 22, 17, 8, 2, 8, 39, 6, 20, 1, 19, 39, 14, 20, 2, 34, 37, 39, 30, 33, 39, 6, 17, 39, 19, 2, 21, 26, 20, 17, 30, 20, 17, 39, 10, 20, 2, 14, 2, 22, 30, 39]
    PRED: [27, 5, 27, 28, 39, 19, 1, 28, 2, 21, 39, 22, 17, 8, 39, 6, 5, 19, 39, 27, 5, 13, 39, 30, 33, 39, 6, 17, 39, 19, 2, 21, 26, 17, 30, 20, 11, 39, 10, 20, 2, 22, 39]
    Edit distance: 21/54
  Sample 4:
    TRUE: [9, 2, 39, 30, 33, 31, 39, 13, 10, 27, 17, 39, 13, 11, 14, 0, 30, 39, 30, 33, 39, 19, 2, 21, 39, 35, 10, 22, 39, 27, 0, 18, 11, 37, 39, 30, 33, 31, 39, 13, 10, 20, 39, 4, 30, 39]
    PRED: [9, 2, 39, 30, 27, 33, 31, 39, 34, 10, 27, 35, 2, 39, 27, 16, 0, 19, 30, 2, 39, 30, 33, 39, 19, 2, 21, 39, 35, 10, 22, 39, 27, 10, 7, 11, 37, 39, 31, 11, 31, 39, 13, 12, 20, 39, 4, 30, 39]
    Edit distance: 14/46

============================================================
Batch 77500 | Val PER: 0.1732
============================================================
  Sample 0:
    TRUE: [31, 17, 0, 19, 27, 2, 28, 17, 39, 27, 17, 19, 2, 22, 28, 16, 8, 11, 8, 39]
    PRED: [27, 0, 0, 19, 11, 28, 39, 27, 10, 14, 19, 0, 30, 2, 16, 8, 39]
    Edit distance: 12/20
  Sample 1:
    TRUE: [27, 16, 7, 39, 26, 11, 7, 2, 28, 30, 39, 28, 10, 34, 27, 2, 20, 39, 28, 5, 22, 8, 39, 20, 16, 31, 2, 14, 27, 1, 13, 28, 39]
    PRED: [5, 19, 39, 26, 3, 27, 7, 2, 37, 39, 10, 34, 2, 20, 39, 28, 5, 22, 37, 39, 20, 10, 20, 39, 1, 13, 39]
    Edit distance: 16/33
  Sample 2:
    TRUE: [28, 24, 39, 27, 33, 20, 37, 39, 35, 17, 39, 21, 12, 8, 39, 16, 22, 39, 2, 22, 2, 6, 1, 29, 30, 39, 19, 2, 20, 33, 38, 2, 22, 39]
    PRED: [9, 2, 39, 27, 33, 20, 37, 39, 35, 17, 39, 21, 12, 8, 39, 16, 22, 39, 16, 22, 11, 34, 1, 28, 39, 19, 2, 20, 33, 38, 2, 22, 39]
    Edit distance: 7/34
  Sample 3:
    TRUE: [20, 3, 27, 17, 37, 39, 19, 0, 28, 30, 33, 21, 39, 22, 17, 8, 2, 8, 39, 6, 20, 1, 19, 39, 14, 20, 2, 34, 37, 39, 30, 33, 39, 6, 17, 39, 19, 2, 21, 26, 20, 17, 30, 20, 17, 39, 10, 20, 2, 14, 2, 22, 30, 39]
    PRED: [27, 3, 27, 28, 39, 19, 1, 28, 30, 2, 21, 39, 22, 17, 8, 39, 6, 5, 19, 39, 20, 5, 13, 39, 30, 33, 39, 6, 17, 39, 19, 2, 21, 26, 17, 30, 20, 11, 39, 10, 20, 2, 22, 39]
    Edit distance: 18/54
  Sample 4:
    TRUE: [9, 2, 39, 30, 33, 31, 39, 13, 10, 27, 17, 39, 13, 11, 14, 0, 30, 39, 30, 33, 39, 19, 2, 21, 39, 35, 10, 22, 39, 27, 0, 18, 11, 37, 39, 30, 33, 31, 39, 13, 10, 20, 39, 4, 30, 39]
    PRED: [9, 2, 39, 30, 27, 33, 31, 39, 34, 10, 27, 35, 17, 39, 27, 16, 0, 19, 30, 2, 39, 30, 33, 39, 19, 2, 21, 39, 35, 10, 22, 39, 27, 10, 7, 11, 37, 39, 31, 33, 31, 39, 13, 12, 20, 39, 4, 30, 39]
    Edit distance: 12/46

============================================================
Batch 78000 | Val PER: 0.1718
============================================================
  Sample 0:
    TRUE: [31, 17, 0, 19, 27, 2, 28, 17, 39, 27, 17, 19, 2, 22, 28, 16, 8, 11, 8, 39]
    PRED: [0, 0, 19, 11, 28, 39, 27, 10, 14, 19, 0, 30, 2, 16, 8, 39]
    Edit distance: 12/20
  Sample 1:
    TRUE: [27, 16, 7, 39, 26, 11, 7, 2, 28, 30, 39, 28, 10, 34, 27, 2, 20, 39, 28, 5, 22, 8, 39, 20, 16, 31, 2, 14, 27, 1, 13, 28, 39]
    PRED: [35, 5, 19, 39, 26, 0, 27, 7, 2, 30, 39, 10, 34, 2, 20, 39, 28, 5, 22, 37, 39, 20, 10, 20, 2, 39, 1, 13, 39]
    Edit distance: 14/33
  Sample 2:
    TRUE: [28, 24, 39, 27, 33, 20, 37, 39, 35, 17, 39, 21, 12, 8, 39, 16, 22, 39, 2, 22, 2, 6, 1, 29, 30, 39, 19, 2, 20, 33, 38, 2, 22, 39]
    PRED: [9, 2, 39, 27, 33, 20, 37, 39, 35, 17, 39, 21, 12, 8, 39, 16, 22, 39, 16, 22, 11, 34, 1, 28, 39, 19, 2, 20, 33, 38, 2, 22, 39]
    Edit distance: 7/34
  Sample 3:
    TRUE: [20, 3, 27, 17, 37, 39, 19, 0, 28, 30, 33, 21, 39, 22, 17, 8, 2, 8, 39, 6, 20, 1, 19, 39, 14, 20, 2, 34, 37, 39, 30, 33, 39, 6, 17, 39, 19, 2, 21, 26, 20, 17, 30, 20, 17, 39, 10, 20, 2, 14, 2, 22, 30, 39]
    PRED: [27, 3, 27, 28, 39, 19, 1, 28, 2, 21, 39, 22, 17, 8, 39, 6, 0, 19, 39, 27, 5, 13, 39, 30, 33, 39, 6, 17, 39, 19, 2, 21, 26, 17, 30, 20, 11, 39, 10, 20, 2, 22, 39]
    Edit distance: 20/54
  Sample 4:
    TRUE: [9, 2, 39, 30, 33, 31, 39, 13, 10, 27, 17, 39, 13, 11, 14, 0, 30, 39, 30, 33, 39, 19, 2, 21, 39, 35, 10, 22, 39, 27, 0, 18, 11, 37, 39, 30, 33, 31, 39, 13, 10, 20, 39, 4, 30, 39]
    PRED: [9, 2, 39, 30, 27, 33, 31, 39, 34, 1, 27, 35, 17, 39, 27, 16, 30, 0, 19, 30, 2, 39, 30, 33, 39, 19, 2, 21, 39, 35, 10, 22, 39, 27, 10, 7, 11, 37, 39, 31, 33, 31, 39, 13, 12, 20, 39, 4, 30, 39]
    Edit distance: 13/46

============================================================
Batch 78500 | Val PER: 0.1718
============================================================
  Sample 0:
    TRUE: [31, 17, 0, 19, 27, 2, 28, 17, 39, 27, 17, 19, 2, 22, 28, 16, 8, 11, 8, 39]
    PRED: [0, 0, 19, 11, 28, 39, 27, 10, 14, 19, 0, 30, 2, 8, 39]
    Edit distance: 13/20
  Sample 1:
    TRUE: [27, 16, 7, 39, 26, 11, 7, 2, 28, 30, 39, 28, 10, 34, 27, 2, 20, 39, 28, 5, 22, 8, 39, 20, 16, 31, 2, 14, 27, 1, 13, 28, 39]
    PRED: [5, 19, 39, 26, 3, 27, 7, 2, 37, 39, 10, 34, 2, 20, 39, 28, 5, 22, 37, 39, 20, 10, 20, 2, 39, 1, 13, 39]
    Edit distance: 15/33
  Sample 2:
    TRUE: [28, 24, 39, 27, 33, 20, 37, 39, 35, 17, 39, 21, 12, 8, 39, 16, 22, 39, 2, 22, 2, 6, 1, 29, 30, 39, 19, 2, 20, 33, 38, 2, 22, 39]
    PRED: [9, 2, 39, 27, 33, 20, 37, 39, 35, 17, 39, 21, 12, 8, 39, 16, 22, 39, 16, 22, 11, 34, 1, 28, 39, 19, 2, 20, 33, 38, 2, 22, 39]
    Edit distance: 7/34
  Sample 3:
    TRUE: [20, 3, 27, 17, 37, 39, 19, 0, 28, 30, 33, 21, 39, 22, 17, 8, 2, 8, 39, 6, 20, 1, 19, 39, 14, 20, 2, 34, 37, 39, 30, 33, 39, 6, 17, 39, 19, 2, 21, 26, 20, 17, 30, 20, 17, 39, 10, 20, 2, 14, 2, 22, 30, 39]
    PRED: [27, 3, 27, 28, 39, 19, 1, 28, 30, 2, 21, 39, 22, 17, 8, 39, 6, 5, 19, 39, 20, 5, 13, 37, 39, 30, 33, 39, 6, 17, 39, 19, 2, 21, 26, 17, 30, 20, 11, 39, 10, 20, 2, 22, 39]
    Edit distance: 17/54
  Sample 4:
    TRUE: [9, 2, 39, 30, 33, 31, 39, 13, 10, 27, 17, 39, 13, 11, 14, 0, 30, 39, 30, 33, 39, 19, 2, 21, 39, 35, 10, 22, 39, 27, 0, 18, 11, 37, 39, 30, 33, 31, 39, 13, 10, 20, 39, 4, 30, 39]
    PRED: [9, 2, 39, 30, 27, 33, 31, 39, 34, 10, 27, 35, 33, 17, 39, 27, 16, 30, 0, 19, 30, 2, 39, 30, 33, 39, 19, 2, 21, 39, 35, 10, 22, 39, 27, 10, 7, 11, 37, 39, 31, 33, 31, 39, 13, 12, 20, 39, 4, 30, 39]
    Edit distance: 13/46

============================================================
Batch 79000 | Val PER: 0.1726
============================================================
  Sample 0:
    TRUE: [31, 17, 0, 19, 27, 2, 28, 17, 39, 27, 17, 19, 2, 22, 28, 16, 8, 11, 8, 39]
    PRED: [0, 19, 11, 28, 39, 27, 10, 14, 19, 0, 30, 2, 16, 8, 39]
    Edit distance: 12/20
  Sample 1:
    TRUE: [27, 16, 7, 39, 26, 11, 7, 2, 28, 30, 39, 28, 10, 34, 27, 2, 20, 39, 28, 5, 22, 8, 39, 20, 16, 31, 2, 14, 27, 1, 13, 28, 39]
    PRED: [5, 19, 28, 39, 26, 0, 27, 7, 2, 30, 39, 10, 34, 2, 20, 39, 28, 5, 22, 37, 39, 20, 10, 20, 39, 1, 13, 39]
    Edit distance: 15/33
  Sample 2:
    TRUE: [28, 24, 39, 27, 33, 20, 37, 39, 35, 17, 39, 21, 12, 8, 39, 16, 22, 39, 2, 22, 2, 6, 1, 29, 30, 39, 19, 2, 20, 33, 38, 2, 22, 39]
    PRED: [9, 2, 39, 27, 33, 20, 37, 39, 35, 17, 39, 21, 12, 8, 39, 16, 22, 39, 16, 22, 11, 34, 1, 28, 39, 19, 2, 20, 33, 38, 2, 22, 39]
    Edit distance: 7/34
  Sample 3:
    TRUE: [20, 3, 27, 17, 37, 39, 19, 0, 28, 30, 33, 21, 39, 22, 17, 8, 2, 8, 39, 6, 20, 1, 19, 39, 14, 20, 2, 34, 37, 39, 30, 33, 39, 6, 17, 39, 19, 2, 21, 26, 20, 17, 30, 20, 17, 39, 10, 20, 2, 14, 2, 22, 30, 39]
    PRED: [27, 3, 27, 28, 39, 19, 1, 28, 30, 2, 21, 39, 22, 17, 8, 39, 6, 0, 19, 39, 27, 5, 13, 37, 39, 30, 33, 39, 6, 17, 39, 19, 2, 21, 26, 17, 30, 20, 11, 39, 10, 20, 2, 22, 39]
    Edit distance: 18/54
  Sample 4:
    TRUE: [9, 2, 39, 30, 33, 31, 39, 13, 10, 27, 17, 39, 13, 11, 14, 0, 30, 39, 30, 33, 39, 19, 2, 21, 39, 35, 10, 22, 39, 27, 0, 18, 11, 37, 39, 30, 33, 31, 39, 13, 10, 20, 39, 4, 30, 39]
    PRED: [9, 2, 39, 30, 27, 33, 31, 39, 34, 1, 27, 35, 33, 17, 39, 27, 16, 30, 0, 19, 30, 2, 39, 30, 33, 39, 19, 2, 21, 39, 35, 10, 22, 39, 27, 10, 7, 11, 37, 39, 31, 11, 31, 39, 13, 12, 20, 39, 4, 30, 39]
    Edit distance: 15/46

============================================================
Batch 79500 | Val PER: 0.1735
============================================================
  Sample 0:
    TRUE: [31, 17, 0, 19, 27, 2, 28, 17, 39, 27, 17, 19, 2, 22, 28, 16, 8, 11, 8, 39]
    PRED: [0, 19, 11, 28, 39, 27, 10, 14, 19, 0, 30, 2, 8, 39]
    Edit distance: 13/20
  Sample 1:
    TRUE: [27, 16, 7, 39, 26, 11, 7, 2, 28, 30, 39, 28, 10, 34, 27, 2, 20, 39, 28, 5, 22, 8, 39, 20, 16, 31, 2, 14, 27, 1, 13, 28, 39]
    PRED: [35, 5, 19, 39, 26, 3, 27, 7, 2, 30, 39, 10, 34, 2, 20, 39, 28, 5, 22, 37, 39, 20, 10, 20, 39, 1, 13, 39]
    Edit distance: 15/33
  Sample 2:
    TRUE: [28, 24, 39, 27, 33, 20, 37, 39, 35, 17, 39, 21, 12, 8, 39, 16, 22, 39, 2, 22, 2, 6, 1, 29, 30, 39, 19, 2, 20, 33, 38, 2, 22, 39]
    PRED: [9, 2, 39, 27, 33, 20, 37, 39, 35, 17, 39, 21, 12, 8, 39, 16, 22, 39, 16, 22, 11, 34, 1, 28, 19, 39, 19, 2, 20, 33, 38, 2, 22, 39]
    Edit distance: 7/34
  Sample 3:
    TRUE: [20, 3, 27, 17, 37, 39, 19, 0, 28, 30, 33, 21, 39, 22, 17, 8, 2, 8, 39, 6, 20, 1, 19, 39, 14, 20, 2, 34, 37, 39, 30, 33, 39, 6, 17, 39, 19, 2, 21, 26, 20, 17, 30, 20, 17, 39, 10, 20, 2, 14, 2, 22, 30, 39]
    PRED: [27, 5, 27, 28, 39, 19, 1, 28, 2, 21, 39, 22, 17, 8, 39, 6, 5, 19, 39, 20, 5, 13, 39, 30, 33, 39, 6, 17, 39, 19, 2, 21, 26, 17, 30, 20, 11, 39, 10, 20, 2, 22, 39]
    Edit distance: 20/54
  Sample 4:
    TRUE: [9, 2, 39, 30, 33, 31, 39, 13, 10, 27, 17, 39, 13, 11, 14, 0, 30, 39, 30, 33, 39, 19, 2, 21, 39, 35, 10, 22, 39, 27, 0, 18, 11, 37, 39, 30, 33, 31, 39, 13, 10, 20, 39, 4, 30, 39]
    PRED: [9, 2, 39, 30, 27, 33, 31, 39, 34, 1, 27, 17, 39, 27, 16, 30, 19, 30, 2, 39, 30, 33, 39, 19, 2, 21, 39, 35, 10, 22, 39, 27, 10, 7, 11, 37, 39, 31, 33, 31, 39, 13, 12, 20, 39, 4, 30, 39]
    Edit distance: 12/46

============================================================
Batch 80000 | Val PER: 0.1723
============================================================
  Sample 0:
    TRUE: [31, 17, 0, 19, 27, 2, 28, 17, 39, 27, 17, 19, 2, 22, 28, 16, 8, 11, 8, 39]
    PRED: [0, 19, 11, 28, 39, 27, 10, 14, 19, 0, 30, 2, 8, 39]
    Edit distance: 13/20
  Sample 1:
    TRUE: [27, 16, 7, 39, 26, 11, 7, 2, 28, 30, 39, 28, 10, 34, 27, 2, 20, 39, 28, 5, 22, 8, 39, 20, 16, 31, 2, 14, 27, 1, 13, 28, 39]
    PRED: [35, 17, 19, 39, 26, 3, 27, 7, 2, 30, 39, 10, 34, 2, 20, 39, 28, 5, 8, 37, 39, 20, 10, 20, 39, 1, 13, 39]
    Edit distance: 16/33
  Sample 2:
    TRUE: [28, 24, 39, 27, 33, 20, 37, 39, 35, 17, 39, 21, 12, 8, 39, 16, 22, 39, 2, 22, 2, 6, 1, 29, 30, 39, 19, 2, 20, 33, 38, 2, 22, 39]
    PRED: [9, 24, 39, 27, 33, 20, 37, 39, 35, 17, 39, 21, 12, 8, 39, 16, 22, 39, 16, 22, 11, 34, 1, 28, 39, 19, 2, 20, 33, 38, 2, 22, 39]
    Edit distance: 6/34
  Sample 3:
    TRUE: [20, 3, 27, 17, 37, 39, 19, 0, 28, 30, 33, 21, 39, 22, 17, 8, 2, 8, 39, 6, 20, 1, 19, 39, 14, 20, 2, 34, 37, 39, 30, 33, 39, 6, 17, 39, 19, 2, 21, 26, 20, 17, 30, 20, 17, 39, 10, 20, 2, 14, 2, 22, 30, 39]
    PRED: [27, 5, 27, 28, 39, 19, 1, 28, 2, 21, 39, 22, 17, 8, 39, 6, 5, 19, 39, 27, 5, 34, 39, 30, 33, 39, 6, 17, 39, 19, 2, 21, 26, 17, 30, 20, 11, 39, 10, 20, 2, 22, 39]
    Edit distance: 20/54
  Sample 4:
    TRUE: [9, 2, 39, 30, 33, 31, 39, 13, 10, 27, 17, 39, 13, 11, 14, 0, 30, 39, 30, 33, 39, 19, 2, 21, 39, 35, 10, 22, 39, 27, 0, 18, 11, 37, 39, 30, 33, 31, 39, 13, 10, 20, 39, 4, 30, 39]
    PRED: [9, 2, 39, 30, 27, 33, 31, 39, 34, 1, 27, 17, 39, 27, 16, 30, 0, 19, 30, 2, 8, 39, 30, 33, 39, 19, 2, 21, 39, 35, 10, 22, 39, 27, 10, 7, 11, 37, 39, 31, 33, 31, 39, 13, 12, 20, 39, 4, 30, 39]
    Edit distance: 13/46

============================================================
Batch 80500 | Val PER: 0.1744
============================================================
  Sample 0:
    TRUE: [31, 17, 0, 19, 27, 2, 28, 17, 39, 27, 17, 19, 2, 22, 28, 16, 8, 11, 8, 39]
    PRED: [0, 19, 11, 28, 39, 27, 10, 14, 19, 0, 30, 2, 8, 39]
    Edit distance: 13/20
  Sample 1:
    TRUE: [27, 16, 7, 39, 26, 11, 7, 2, 28, 30, 39, 28, 10, 34, 27, 2, 20, 39, 28, 5, 22, 8, 39, 20, 16, 31, 2, 14, 27, 1, 13, 28, 39]
    PRED: [35, 5, 19, 39, 26, 0, 27, 7, 2, 30, 39, 10, 34, 2, 20, 39, 28, 5, 22, 37, 39, 20, 10, 20, 2, 39, 27, 1, 13, 39]
    Edit distance: 13/33
  Sample 2:
    TRUE: [28, 24, 39, 27, 33, 20, 37, 39, 35, 17, 39, 21, 12, 8, 39, 16, 22, 39, 2, 22, 2, 6, 1, 29, 30, 39, 19, 2, 20, 33, 38, 2, 22, 39]
    PRED: [9, 24, 39, 27, 33, 20, 37, 39, 35, 17, 39, 21, 12, 8, 39, 16, 22, 39, 16, 22, 11, 34, 1, 28, 19, 39, 19, 2, 20, 33, 38, 2, 22, 39]
    Edit distance: 6/34
  Sample 3:
    TRUE: [20, 3, 27, 17, 37, 39, 19, 0, 28, 30, 33, 21, 39, 22, 17, 8, 2, 8, 39, 6, 20, 1, 19, 39, 14, 20, 2, 34, 37, 39, 30, 33, 39, 6, 17, 39, 19, 2, 21, 26, 20, 17, 30, 20, 17, 39, 10, 20, 2, 14, 2, 22, 30, 39]
    PRED: [27, 5, 27, 28, 39, 19, 1, 28, 30, 28, 2, 21, 39, 22, 17, 8, 39, 6, 5, 19, 39, 27, 5, 34, 39, 30, 33, 39, 6, 17, 39, 19, 2, 21, 26, 17, 30, 20, 11, 39, 10, 20, 2, 22, 39]
    Edit distance: 20/54
  Sample 4:
    TRUE: [9, 2, 39, 30, 33, 31, 39, 13, 10, 27, 17, 39, 13, 11, 14, 0, 30, 39, 30, 33, 39, 19, 2, 21, 39, 35, 10, 22, 39, 27, 0, 18, 11, 37, 39, 30, 33, 31, 39, 13, 10, 20, 39, 4, 30, 39]
    PRED: [9, 2, 39, 30, 27, 33, 31, 39, 34, 1, 27, 17, 39, 27, 16, 30, 0, 19, 30, 2, 8, 39, 30, 33, 39, 19, 2, 21, 39, 35, 10, 22, 39, 27, 0, 7, 11, 37, 39, 31, 11, 31, 39, 13, 12, 20, 39, 4, 30, 39]
    Edit distance: 13/46

============================================================
Batch 81000 | Val PER: 0.1733
============================================================
  Sample 0:
    TRUE: [31, 17, 0, 19, 27, 2, 28, 17, 39, 27, 17, 19, 2, 22, 28, 16, 8, 11, 8, 39]
    PRED: [0, 19, 11, 28, 39, 27, 10, 14, 0, 30, 2, 16, 8, 39]
    Edit distance: 12/20
  Sample 1:
    TRUE: [27, 16, 7, 39, 26, 11, 7, 2, 28, 30, 39, 28, 10, 34, 27, 2, 20, 39, 28, 5, 22, 8, 39, 20, 16, 31, 2, 14, 27, 1, 13, 28, 39]
    PRED: [35, 17, 19, 39, 26, 3, 27, 7, 2, 30, 39, 10, 34, 2, 20, 39, 28, 5, 22, 37, 39, 20, 10, 20, 39, 1, 13, 39]
    Edit distance: 15/33
  Sample 2:
    TRUE: [28, 24, 39, 27, 33, 20, 37, 39, 35, 17, 39, 21, 12, 8, 39, 16, 22, 39, 2, 22, 2, 6, 1, 29, 30, 39, 19, 2, 20, 33, 38, 2, 22, 39]
    PRED: [9, 24, 39, 27, 33, 20, 37, 39, 35, 17, 39, 21, 12, 8, 39, 16, 22, 39, 16, 22, 11, 34, 1, 28, 19, 39, 19, 2, 20, 33, 38, 2, 22, 39]
    Edit distance: 6/34
  Sample 3:
    TRUE: [20, 3, 27, 17, 37, 39, 19, 0, 28, 30, 33, 21, 39, 22, 17, 8, 2, 8, 39, 6, 20, 1, 19, 39, 14, 20, 2, 34, 37, 39, 30, 33, 39, 6, 17, 39, 19, 2, 21, 26, 20, 17, 30, 20, 17, 39, 10, 20, 2, 14, 2, 22, 30, 39]
    PRED: [27, 5, 27, 28, 39, 19, 1, 28, 2, 21, 39, 22, 17, 8, 39, 6, 5, 19, 39, 27, 5, 34, 39, 30, 33, 39, 6, 17, 39, 19, 2, 21, 26, 17, 30, 20, 11, 39, 10, 20, 2, 22, 39]
    Edit distance: 20/54
  Sample 4:
    TRUE: [9, 2, 39, 30, 33, 31, 39, 13, 10, 27, 17, 39, 13, 11, 14, 0, 30, 39, 30, 33, 39, 19, 2, 21, 39, 35, 10, 22, 39, 27, 0, 18, 11, 37, 39, 30, 33, 31, 39, 13, 10, 20, 39, 4, 30, 39]
    PRED: [9, 2, 39, 30, 27, 33, 31, 39, 34, 1, 27, 20, 17, 39, 27, 16, 30, 0, 19, 30, 2, 8, 39, 30, 33, 39, 19, 2, 21, 39, 35, 10, 22, 39, 27, 10, 7, 11, 37, 39, 31, 11, 31, 39, 13, 12, 20, 39, 4, 30, 39]
    Edit distance: 15/46

============================================================
Batch 81500 | Val PER: 0.1723
============================================================
  Sample 0:
    TRUE: [31, 17, 0, 19, 27, 2, 28, 17, 39, 27, 17, 19, 2, 22, 28, 16, 8, 11, 8, 39]
    PRED: [0, 0, 19, 11, 28, 39, 27, 10, 14, 0, 30, 2, 16, 8, 39]
    Edit distance: 12/20
  Sample 1:
    TRUE: [27, 16, 7, 39, 26, 11, 7, 2, 28, 30, 39, 28, 10, 34, 27, 2, 20, 39, 28, 5, 22, 8, 39, 20, 16, 31, 2, 14, 27, 1, 13, 28, 39]
    PRED: [35, 17, 19, 39, 26, 3, 27, 7, 2, 30, 39, 10, 34, 2, 20, 39, 28, 5, 22, 37, 39, 20, 10, 20, 39, 1, 13, 39]
    Edit distance: 15/33
  Sample 2:
    TRUE: [28, 24, 39, 27, 33, 20, 37, 39, 35, 17, 39, 21, 12, 8, 39, 16, 22, 39, 2, 22, 2, 6, 1, 29, 30, 39, 19, 2, 20, 33, 38, 2, 22, 39]
    PRED: [9, 24, 39, 27, 33, 20, 37, 39, 35, 17, 39, 21, 12, 8, 39, 16, 22, 39, 16, 22, 11, 34, 1, 28, 19, 39, 19, 2, 20, 33, 38, 2, 22, 39]
    Edit distance: 6/34
  Sample 3:
    TRUE: [20, 3, 27, 17, 37, 39, 19, 0, 28, 30, 33, 21, 39, 22, 17, 8, 2, 8, 39, 6, 20, 1, 19, 39, 14, 20, 2, 34, 37, 39, 30, 33, 39, 6, 17, 39, 19, 2, 21, 26, 20, 17, 30, 20, 17, 39, 10, 20, 2, 14, 2, 22, 30, 39]
    PRED: [27, 5, 27, 28, 39, 19, 1, 28, 30, 2, 21, 39, 22, 17, 8, 39, 6, 0, 19, 39, 27, 5, 13, 39, 30, 33, 39, 6, 17, 39, 19, 2, 21, 26, 17, 30, 20, 11, 39, 10, 20, 2, 22, 39]
    Edit distance: 20/54
  Sample 4:
    TRUE: [9, 2, 39, 30, 33, 31, 39, 13, 10, 27, 17, 39, 13, 11, 14, 0, 30, 39, 30, 33, 39, 19, 2, 21, 39, 35, 10, 22, 39, 27, 0, 18, 11, 37, 39, 30, 33, 31, 39, 13, 10, 20, 39, 4, 30, 39]
    PRED: [9, 2, 39, 30, 27, 33, 31, 39, 34, 4, 27, 17, 39, 27, 16, 30, 19, 30, 2, 8, 39, 30, 33, 39, 19, 2, 21, 39, 35, 10, 22, 39, 27, 0, 7, 11, 37, 39, 31, 11, 31, 39, 13, 12, 20, 39, 4, 30, 39]
    Edit distance: 13/46

============================================================
Batch 82000 | Val PER: 0.1732
============================================================
  Sample 0:
    TRUE: [31, 17, 0, 19, 27, 2, 28, 17, 39, 27, 17, 19, 2, 22, 28, 16, 8, 11, 8, 39]
    PRED: [0, 0, 19, 11, 28, 39, 27, 10, 14, 0, 30, 2, 16, 8, 39]
    Edit distance: 12/20
  Sample 1:
    TRUE: [27, 16, 7, 39, 26, 11, 7, 2, 28, 30, 39, 28, 10, 34, 27, 2, 20, 39, 28, 5, 22, 8, 39, 20, 16, 31, 2, 14, 27, 1, 13, 28, 39]
    PRED: [17, 19, 39, 26, 3, 27, 7, 2, 30, 39, 10, 34, 2, 20, 39, 28, 5, 22, 37, 39, 20, 10, 20, 2, 39, 1, 13, 39]
    Edit distance: 14/33
  Sample 2:
    TRUE: [28, 24, 39, 27, 33, 20, 37, 39, 35, 17, 39, 21, 12, 8, 39, 16, 22, 39, 2, 22, 2, 6, 1, 29, 30, 39, 19, 2, 20, 33, 38, 2, 22, 39]
    PRED: [9, 2, 39, 27, 33, 20, 37, 39, 35, 17, 39, 21, 12, 8, 39, 16, 22, 39, 16, 22, 11, 34, 1, 28, 19, 39, 19, 2, 20, 33, 38, 2, 22, 39]
    Edit distance: 7/34
  Sample 3:
    TRUE: [20, 3, 27, 17, 37, 39, 19, 0, 28, 30, 33, 21, 39, 22, 17, 8, 2, 8, 39, 6, 20, 1, 19, 39, 14, 20, 2, 34, 37, 39, 30, 33, 39, 6, 17, 39, 19, 2, 21, 26, 20, 17, 30, 20, 17, 39, 10, 20, 2, 14, 2, 22, 30, 39]
    PRED: [27, 5, 27, 28, 39, 19, 1, 28, 30, 2, 21, 39, 22, 17, 8, 39, 6, 0, 19, 39, 20, 5, 34, 39, 30, 33, 39, 6, 17, 39, 19, 2, 21, 26, 17, 30, 20, 11, 39, 10, 20, 2, 22, 39]
    Edit distance: 18/54
  Sample 4:
    TRUE: [9, 2, 39, 30, 33, 31, 39, 13, 10, 27, 17, 39, 13, 11, 14, 0, 30, 39, 30, 33, 39, 19, 2, 21, 39, 35, 10, 22, 39, 27, 0, 18, 11, 37, 39, 30, 33, 31, 39, 13, 10, 20, 39, 4, 30, 39]
    PRED: [9, 2, 39, 30, 27, 33, 31, 39, 34, 4, 27, 17, 39, 27, 16, 30, 19, 30, 2, 39, 30, 33, 39, 19, 2, 21, 39, 35, 10, 22, 39, 27, 10, 7, 11, 37, 39, 31, 11, 31, 39, 13, 12, 20, 39, 4, 30, 39]
    Edit distance: 13/46

============================================================
Batch 82500 | Val PER: 0.1743
============================================================
  Sample 0:
    TRUE: [31, 17, 0, 19, 27, 2, 28, 17, 39, 27, 17, 19, 2, 22, 28, 16, 8, 11, 8, 39]
    PRED: [0, 0, 19, 11, 28, 39, 27, 10, 14, 0, 30, 2, 16, 8, 39]
    Edit distance: 12/20
  Sample 1:
    TRUE: [27, 16, 7, 39, 26, 11, 7, 2, 28, 30, 39, 28, 10, 34, 27, 2, 20, 39, 28, 5, 22, 8, 39, 20, 16, 31, 2, 14, 27, 1, 13, 28, 39]
    PRED: [35, 17, 19, 39, 26, 3, 27, 7, 2, 30, 39, 10, 34, 2, 20, 39, 28, 5, 22, 37, 39, 20, 10, 20, 2, 39, 1, 13, 39]
    Edit distance: 14/33
  Sample 2:
    TRUE: [28, 24, 39, 27, 33, 20, 37, 39, 35, 17, 39, 21, 12, 8, 39, 16, 22, 39, 2, 22, 2, 6, 1, 29, 30, 39, 19, 2, 20, 33, 38, 2, 22, 39]
    PRED: [9, 24, 39, 27, 33, 20, 37, 39, 35, 17, 39, 21, 12, 8, 39, 16, 22, 39, 16, 22, 11, 34, 1, 28, 19, 39, 19, 2, 20, 33, 38, 2, 22, 39]
    Edit distance: 6/34
  Sample 3:
    TRUE: [20, 3, 27, 17, 37, 39, 19, 0, 28, 30, 33, 21, 39, 22, 17, 8, 2, 8, 39, 6, 20, 1, 19, 39, 14, 20, 2, 34, 37, 39, 30, 33, 39, 6, 17, 39, 19, 2, 21, 26, 20, 17, 30, 20, 17, 39, 10, 20, 2, 14, 2, 22, 30, 39]
    PRED: [27, 5, 27, 28, 39, 19, 1, 28, 30, 2, 21, 39, 22, 17, 8, 39, 6, 0, 19, 39, 27, 5, 34, 37, 39, 30, 33, 39, 6, 17, 39, 19, 2, 21, 26, 17, 30, 20, 11, 39, 10, 20, 2, 22, 8, 39]
    Edit distance: 18/54
  Sample 4:
    TRUE: [9, 2, 39, 30, 33, 31, 39, 13, 10, 27, 17, 39, 13, 11, 14, 0, 30, 39, 30, 33, 39, 19, 2, 21, 39, 35, 10, 22, 39, 27, 0, 18, 11, 37, 39, 30, 33, 31, 39, 13, 10, 20, 39, 4, 30, 39]
    PRED: [9, 2, 39, 30, 27, 33, 31, 39, 34, 4, 27, 17, 39, 27, 16, 30, 19, 30, 2, 8, 39, 30, 33, 39, 19, 2, 21, 39, 35, 10, 22, 39, 27, 10, 7, 11, 37, 39, 31, 11, 31, 39, 13, 12, 20, 39, 4, 30, 39]
    Edit distance: 14/46

============================================================
Batch 83000 | Val PER: 0.1737
============================================================
  Sample 0:
    TRUE: [31, 17, 0, 19, 27, 2, 28, 17, 39, 27, 17, 19, 2, 22, 28, 16, 8, 11, 8, 39]
    PRED: [0, 0, 19, 11, 28, 39, 27, 10, 14, 0, 30, 2, 16, 8, 39]
    Edit distance: 12/20
  Sample 1:
    TRUE: [27, 16, 7, 39, 26, 11, 7, 2, 28, 30, 39, 28, 10, 34, 27, 2, 20, 39, 28, 5, 22, 8, 39, 20, 16, 31, 2, 14, 27, 1, 13, 28, 39]
    PRED: [35, 5, 19, 28, 39, 26, 3, 27, 7, 2, 30, 39, 10, 34, 2, 20, 39, 28, 5, 22, 37, 39, 20, 10, 20, 2, 39, 1, 13, 39]
    Edit distance: 15/33
  Sample 2:
    TRUE: [28, 24, 39, 27, 33, 20, 37, 39, 35, 17, 39, 21, 12, 8, 39, 16, 22, 39, 2, 22, 2, 6, 1, 29, 30, 39, 19, 2, 20, 33, 38, 2, 22, 39]
    PRED: [9, 24, 39, 27, 33, 20, 37, 39, 35, 17, 39, 21, 12, 8, 39, 16, 22, 39, 16, 22, 11, 34, 1, 28, 19, 39, 19, 2, 20, 33, 38, 2, 22, 39]
    Edit distance: 6/34
  Sample 3:
    TRUE: [20, 3, 27, 17, 37, 39, 19, 0, 28, 30, 33, 21, 39, 22, 17, 8, 2, 8, 39, 6, 20, 1, 19, 39, 14, 20, 2, 34, 37, 39, 30, 33, 39, 6, 17, 39, 19, 2, 21, 26, 20, 17, 30, 20, 17, 39, 10, 20, 2, 14, 2, 22, 30, 39]
    PRED: [27, 5, 27, 28, 39, 19, 1, 28, 30, 2, 21, 39, 22, 17, 8, 39, 6, 0, 19, 39, 27, 5, 34, 39, 30, 33, 39, 6, 17, 39, 19, 2, 21, 26, 17, 30, 20, 11, 39, 10, 20, 2, 22, 8, 39]
    Edit distance: 19/54
  Sample 4:
    TRUE: [9, 2, 39, 30, 33, 31, 39, 13, 10, 27, 17, 39, 13, 11, 14, 0, 30, 39, 30, 33, 39, 19, 2, 21, 39, 35, 10, 22, 39, 27, 0, 18, 11, 37, 39, 30, 33, 31, 39, 13, 10, 20, 39, 4, 30, 39]
    PRED: [9, 2, 39, 30, 27, 33, 31, 39, 34, 4, 27, 17, 39, 27, 16, 30, 19, 30, 2, 8, 39, 30, 33, 39, 19, 2, 21, 39, 35, 10, 22, 39, 27, 10, 7, 11, 37, 39, 31, 11, 31, 39, 13, 12, 20, 39, 4, 30, 39]
    Edit distance: 14/46

============================================================
Batch 83500 | Val PER: 0.1747
============================================================
  Sample 0:
    TRUE: [31, 17, 0, 19, 27, 2, 28, 17, 39, 27, 17, 19, 2, 22, 28, 16, 8, 11, 8, 39]
    PRED: [0, 19, 11, 28, 39, 27, 10, 14, 0, 30, 2, 16, 8, 39]
    Edit distance: 12/20
  Sample 1:
    TRUE: [27, 16, 7, 39, 26, 11, 7, 2, 28, 30, 39, 28, 10, 34, 27, 2, 20, 39, 28, 5, 22, 8, 39, 20, 16, 31, 2, 14, 27, 1, 13, 28, 39]
    PRED: [35, 5, 19, 39, 26, 0, 27, 7, 2, 30, 39, 1, 34, 2, 20, 39, 28, 5, 22, 37, 39, 20, 10, 20, 2, 39, 1, 13, 39]
    Edit distance: 15/33
  Sample 2:
    TRUE: [28, 24, 39, 27, 33, 20, 37, 39, 35, 17, 39, 21, 12, 8, 39, 16, 22, 39, 2, 22, 2, 6, 1, 29, 30, 39, 19, 2, 20, 33, 38, 2, 22, 39]
    PRED: [9, 24, 39, 27, 33, 20, 37, 39, 35, 17, 39, 21, 12, 8, 39, 16, 22, 39, 16, 22, 11, 34, 1, 28, 39, 19, 2, 20, 33, 38, 2, 22, 39]
    Edit distance: 6/34
  Sample 3:
    TRUE: [20, 3, 27, 17, 37, 39, 19, 0, 28, 30, 33, 21, 39, 22, 17, 8, 2, 8, 39, 6, 20, 1, 19, 39, 14, 20, 2, 34, 37, 39, 30, 33, 39, 6, 17, 39, 19, 2, 21, 26, 20, 17, 30, 20, 17, 39, 10, 20, 2, 14, 2, 22, 30, 39]
    PRED: [27, 5, 27, 28, 39, 19, 1, 28, 2, 21, 39, 22, 17, 8, 39, 6, 0, 19, 39, 20, 5, 13, 39, 30, 33, 39, 6, 17, 39, 19, 2, 21, 26, 17, 30, 20, 11, 39, 10, 20, 2, 22, 8, 39]
    Edit distance: 20/54
  Sample 4:
    TRUE: [9, 2, 39, 30, 33, 31, 39, 13, 10, 27, 17, 39, 13, 11, 14, 0, 30, 39, 30, 33, 39, 19, 2, 21, 39, 35, 10, 22, 39, 27, 0, 18, 11, 37, 39, 30, 33, 31, 39, 13, 10, 20, 39, 4, 30, 39]
    PRED: [9, 2, 39, 30, 27, 33, 31, 39, 34, 4, 27, 39, 27, 16, 30, 19, 30, 2, 39, 30, 33, 39, 19, 2, 21, 39, 35, 10, 22, 39, 27, 0, 7, 11, 37, 39, 31, 33, 31, 39, 13, 12, 20, 39, 4, 30, 39]
    Edit distance: 12/46

============================================================
Batch 84000 | Val PER: 0.1750
============================================================
  Sample 0:
    TRUE: [31, 17, 0, 19, 27, 2, 28, 17, 39, 27, 17, 19, 2, 22, 28, 16, 8, 11, 8, 39]
    PRED: [0, 0, 19, 11, 28, 39, 27, 10, 14, 0, 30, 2, 16, 8, 39]
    Edit distance: 12/20
  Sample 1:
    TRUE: [27, 16, 7, 39, 26, 11, 7, 2, 28, 30, 39, 28, 10, 34, 27, 2, 20, 39, 28, 5, 22, 8, 39, 20, 16, 31, 2, 14, 27, 1, 13, 28, 39]
    PRED: [35, 5, 19, 28, 39, 26, 0, 27, 7, 2, 30, 39, 10, 34, 2, 20, 39, 28, 5, 22, 37, 39, 20, 10, 20, 2, 39, 1, 13, 39]
    Edit distance: 15/33
  Sample 2:
    TRUE: [28, 24, 39, 27, 33, 20, 37, 39, 35, 17, 39, 21, 12, 8, 39, 16, 22, 39, 2, 22, 2, 6, 1, 29, 30, 39, 19, 2, 20, 33, 38, 2, 22, 39]
    PRED: [9, 4, 39, 27, 33, 20, 37, 39, 35, 17, 39, 21, 12, 8, 39, 16, 22, 39, 16, 22, 11, 34, 1, 28, 39, 19, 2, 20, 33, 38, 2, 22, 39]
    Edit distance: 7/34
  Sample 3:
    TRUE: [20, 3, 27, 17, 37, 39, 19, 0, 28, 30, 33, 21, 39, 22, 17, 8, 2, 8, 39, 6, 20, 1, 19, 39, 14, 20, 2, 34, 37, 39, 30, 33, 39, 6, 17, 39, 19, 2, 21, 26, 20, 17, 30, 20, 17, 39, 10, 20, 2, 14, 2, 22, 30, 39]
    PRED: [27, 5, 27, 28, 39, 19, 1, 28, 2, 21, 39, 22, 17, 8, 39, 6, 0, 19, 39, 20, 5, 13, 39, 30, 33, 39, 6, 17, 39, 19, 2, 21, 26, 17, 30, 20, 11, 39, 10, 20, 2, 22, 8, 39]
    Edit distance: 20/54
  Sample 4:
    TRUE: [9, 2, 39, 30, 33, 31, 39, 13, 10, 27, 17, 39, 13, 11, 14, 0, 30, 39, 30, 33, 39, 19, 2, 21, 39, 35, 10, 22, 39, 27, 0, 18, 11, 37, 39, 30, 33, 31, 39, 13, 10, 20, 39, 4, 30, 39]
    PRED: [9, 2, 39, 30, 27, 33, 31, 39, 34, 4, 27, 17, 39, 27, 16, 30, 3, 19, 30, 2, 39, 30, 33, 39, 19, 2, 21, 39, 35, 10, 22, 39, 27, 0, 7, 11, 37, 39, 31, 11, 31, 39, 13, 12, 20, 39, 4, 30, 39]
    Edit distance: 13/46

============================================================
Batch 84500 | Val PER: 0.1746
============================================================
  Sample 0:
    TRUE: [31, 17, 0, 19, 27, 2, 28, 17, 39, 27, 17, 19, 2, 22, 28, 16, 8, 11, 8, 39]
    PRED: [0, 0, 19, 11, 28, 39, 27, 10, 14, 19, 0, 30, 2, 16, 8, 39]
    Edit distance: 12/20
  Sample 1:
    TRUE: [27, 16, 7, 39, 26, 11, 7, 2, 28, 30, 39, 28, 10, 34, 27, 2, 20, 39, 28, 5, 22, 8, 39, 20, 16, 31, 2, 14, 27, 1, 13, 28, 39]
    PRED: [35, 17, 19, 28, 39, 26, 0, 27, 7, 2, 37, 39, 10, 34, 2, 20, 39, 28, 5, 22, 37, 39, 20, 10, 20, 2, 39, 1, 13, 39]
    Edit distance: 16/33
  Sample 2:
    TRUE: [28, 24, 39, 27, 33, 20, 37, 39, 35, 17, 39, 21, 12, 8, 39, 16, 22, 39, 2, 22, 2, 6, 1, 29, 30, 39, 19, 2, 20, 33, 38, 2, 22, 39]
    PRED: [9, 4, 39, 27, 33, 20, 37, 39, 35, 17, 39, 21, 12, 22, 8, 39, 16, 22, 39, 16, 22, 11, 34, 1, 28, 39, 19, 2, 20, 33, 38, 2, 22, 39]
    Edit distance: 8/34
  Sample 3:
    TRUE: [20, 3, 27, 17, 37, 39, 19, 0, 28, 30, 33, 21, 39, 22, 17, 8, 2, 8, 39, 6, 20, 1, 19, 39, 14, 20, 2, 34, 37, 39, 30, 33, 39, 6, 17, 39, 19, 2, 21, 26, 20, 17, 30, 20, 17, 39, 10, 20, 2, 14, 2, 22, 30, 39]
    PRED: [27, 5, 27, 28, 39, 19, 1, 28, 2, 21, 39, 22, 17, 8, 39, 6, 0, 19, 39, 20, 5, 13, 39, 30, 33, 39, 6, 17, 39, 19, 2, 21, 26, 17, 30, 20, 11, 39, 10, 20, 2, 22, 8, 39]
    Edit distance: 20/54
  Sample 4:
    TRUE: [9, 2, 39, 30, 33, 31, 39, 13, 10, 27, 17, 39, 13, 11, 14, 0, 30, 39, 30, 33, 39, 19, 2, 21, 39, 35, 10, 22, 39, 27, 0, 18, 11, 37, 39, 30, 33, 31, 39, 13, 10, 20, 39, 4, 30, 39]
    PRED: [9, 2, 39, 30, 27, 33, 31, 39, 34, 4, 27, 35, 17, 39, 27, 16, 30, 3, 19, 30, 2, 8, 39, 30, 33, 39, 19, 2, 21, 39, 35, 10, 22, 39, 27, 10, 7, 11, 37, 39, 31, 11, 31, 39, 13, 12, 20, 39, 4, 30, 39]
    Edit distance: 16/46

============================================================
Batch 85000 | Val PER: 0.1748
============================================================
  Sample 0:
    TRUE: [31, 17, 0, 19, 27, 2, 28, 17, 39, 27, 17, 19, 2, 22, 28, 16, 8, 11, 8, 39]
    PRED: [0, 0, 19, 11, 28, 39, 27, 10, 14, 0, 30, 2, 16, 8, 39]
    Edit distance: 12/20
  Sample 1:
    TRUE: [27, 16, 7, 39, 26, 11, 7, 2, 28, 30, 39, 28, 10, 34, 27, 2, 20, 39, 28, 5, 22, 8, 39, 20, 16, 31, 2, 14, 27, 1, 13, 28, 39]
    PRED: [35, 5, 19, 28, 39, 26, 0, 27, 7, 2, 37, 39, 20, 1, 34, 2, 20, 39, 28, 5, 22, 37, 39, 20, 10, 20, 2, 39, 1, 13, 39]
    Edit distance: 17/33
  Sample 2:
    TRUE: [28, 24, 39, 27, 33, 20, 37, 39, 35, 17, 39, 21, 12, 8, 39, 16, 22, 39, 2, 22, 2, 6, 1, 29, 30, 39, 19, 2, 20, 33, 38, 2, 22, 39]
    PRED: [9, 4, 39, 27, 33, 20, 37, 39, 35, 17, 39, 21, 12, 22, 8, 39, 16, 22, 39, 16, 22, 11, 34, 1, 28, 19, 39, 19, 2, 20, 33, 38, 2, 22, 39]
    Edit distance: 8/34
  Sample 3:
    TRUE: [20, 3, 27, 17, 37, 39, 19, 0, 28, 30, 33, 21, 39, 22, 17, 8, 2, 8, 39, 6, 20, 1, 19, 39, 14, 20, 2, 34, 37, 39, 30, 33, 39, 6, 17, 39, 19, 2, 21, 26, 20, 17, 30, 20, 17, 39, 10, 20, 2, 14, 2, 22, 30, 39]
    PRED: [27, 5, 27, 28, 39, 19, 1, 28, 30, 2, 21, 39, 22, 17, 8, 39, 6, 0, 19, 39, 20, 5, 13, 39, 30, 33, 39, 6, 17, 39, 19, 2, 21, 26, 17, 30, 20, 11, 39, 10, 20, 2, 22, 39]
    Edit distance: 19/54
  Sample 4:
    TRUE: [9, 2, 39, 30, 33, 31, 39, 13, 10, 27, 17, 39, 13, 11, 14, 0, 30, 39, 30, 33, 39, 19, 2, 21, 39, 35, 10, 22, 39, 27, 0, 18, 11, 37, 39, 30, 33, 31, 39, 13, 10, 20, 39, 4, 30, 39]
    PRED: [9, 2, 39, 30, 27, 33, 31, 39, 34, 1, 27, 35, 17, 39, 27, 16, 30, 19, 30, 2, 39, 30, 33, 39, 19, 2, 21, 39, 35, 10, 22, 39, 27, 10, 7, 11, 37, 39, 31, 11, 31, 39, 13, 12, 20, 39, 4, 30, 39]
    Edit distance: 14/46

============================================================
Batch 85500 | Val PER: 0.1735
============================================================
  Sample 0:
    TRUE: [31, 17, 0, 19, 27, 2, 28, 17, 39, 27, 17, 19, 2, 22, 28, 16, 8, 11, 8, 39]
    PRED: [0, 0, 19, 11, 28, 39, 27, 10, 14, 19, 0, 30, 2, 16, 8, 39]
    Edit distance: 12/20
  Sample 1:
    TRUE: [27, 16, 7, 39, 26, 11, 7, 2, 28, 30, 39, 28, 10, 34, 27, 2, 20, 39, 28, 5, 22, 8, 39, 20, 16, 31, 2, 14, 27, 1, 13, 28, 39]
    PRED: [35, 17, 19, 39, 26, 3, 27, 7, 2, 37, 39, 10, 34, 2, 20, 39, 28, 5, 22, 37, 39, 20, 10, 20, 2, 39, 1, 13, 39]
    Edit distance: 15/33
  Sample 2:
    TRUE: [28, 24, 39, 27, 33, 20, 37, 39, 35, 17, 39, 21, 12, 8, 39, 16, 22, 39, 2, 22, 2, 6, 1, 29, 30, 39, 19, 2, 20, 33, 38, 2, 22, 39]
    PRED: [9, 4, 39, 27, 33, 20, 37, 39, 35, 17, 39, 21, 12, 8, 39, 16, 22, 39, 16, 22, 11, 34, 1, 28, 19, 39, 19, 2, 20, 33, 38, 2, 22, 39]
    Edit distance: 7/34
  Sample 3:
    TRUE: [20, 3, 27, 17, 37, 39, 19, 0, 28, 30, 33, 21, 39, 22, 17, 8, 2, 8, 39, 6, 20, 1, 19, 39, 14, 20, 2, 34, 37, 39, 30, 33, 39, 6, 17, 39, 19, 2, 21, 26, 20, 17, 30, 20, 17, 39, 10, 20, 2, 14, 2, 22, 30, 39]
    PRED: [27, 5, 27, 28, 39, 19, 1, 28, 30, 2, 21, 39, 22, 17, 8, 39, 6, 0, 19, 39, 27, 5, 13, 39, 30, 33, 39, 6, 17, 39, 19, 2, 21, 26, 17, 30, 20, 11, 39, 10, 20, 2, 22, 8, 39]
    Edit distance: 20/54
  Sample 4:
    TRUE: [9, 2, 39, 30, 33, 31, 39, 13, 10, 27, 17, 39, 13, 11, 14, 0, 30, 39, 30, 33, 39, 19, 2, 21, 39, 35, 10, 22, 39, 27, 0, 18, 11, 37, 39, 30, 33, 31, 39, 13, 10, 20, 39, 4, 30, 39]
    PRED: [9, 2, 39, 30, 27, 33, 31, 39, 34, 1, 27, 35, 17, 39, 27, 16, 30, 0, 19, 30, 2, 39, 30, 33, 39, 19, 2, 21, 39, 35, 10, 22, 39, 27, 10, 7, 11, 37, 39, 31, 11, 31, 39, 13, 12, 20, 39, 4, 30, 39]
    Edit distance: 14/46

============================================================
Batch 86000 | Val PER: 0.1744
============================================================
  Sample 0:
    TRUE: [31, 17, 0, 19, 27, 2, 28, 17, 39, 27, 17, 19, 2, 22, 28, 16, 8, 11, 8, 39]
    PRED: [0, 0, 19, 11, 28, 39, 27, 10, 14, 19, 0, 30, 2, 8, 39]
    Edit distance: 13/20
  Sample 1:
    TRUE: [27, 16, 7, 39, 26, 11, 7, 2, 28, 30, 39, 28, 10, 34, 27, 2, 20, 39, 28, 5, 22, 8, 39, 20, 16, 31, 2, 14, 27, 1, 13, 28, 39]
    PRED: [35, 17, 19, 28, 39, 26, 3, 27, 7, 2, 30, 39, 1, 34, 2, 20, 39, 28, 5, 22, 37, 39, 20, 10, 20, 2, 39, 27, 1, 13, 39]
    Edit distance: 15/33
  Sample 2:
    TRUE: [28, 24, 39, 27, 33, 20, 37, 39, 35, 17, 39, 21, 12, 8, 39, 16, 22, 39, 2, 22, 2, 6, 1, 29, 30, 39, 19, 2, 20, 33, 38, 2, 22, 39]
    PRED: [9, 2, 39, 27, 33, 20, 37, 39, 35, 17, 39, 21, 12, 8, 39, 16, 22, 39, 16, 22, 11, 34, 1, 28, 19, 39, 19, 2, 20, 33, 38, 2, 22, 39]
    Edit distance: 7/34
  Sample 3:
    TRUE: [20, 3, 27, 17, 37, 39, 19, 0, 28, 30, 33, 21, 39, 22, 17, 8, 2, 8, 39, 6, 20, 1, 19, 39, 14, 20, 2, 34, 37, 39, 30, 33, 39, 6, 17, 39, 19, 2, 21, 26, 20, 17, 30, 20, 17, 39, 10, 20, 2, 14, 2, 22, 30, 39]
    PRED: [27, 5, 27, 28, 39, 19, 1, 28, 30, 2, 21, 39, 22, 17, 8, 39, 6, 0, 19, 39, 20, 5, 13, 39, 30, 33, 39, 6, 17, 39, 19, 2, 21, 26, 17, 30, 20, 11, 39, 10, 20, 2, 22, 8, 39]
    Edit distance: 19/54
  Sample 4:
    TRUE: [9, 2, 39, 30, 33, 31, 39, 13, 10, 27, 17, 39, 13, 11, 14, 0, 30, 39, 30, 33, 39, 19, 2, 21, 39, 35, 10, 22, 39, 27, 0, 18, 11, 37, 39, 30, 33, 31, 39, 13, 10, 20, 39, 4, 30, 39]
    PRED: [9, 2, 39, 30, 27, 33, 31, 39, 34, 1, 27, 35, 17, 39, 27, 16, 30, 0, 19, 30, 2, 39, 30, 33, 39, 19, 2, 21, 39, 35, 10, 22, 39, 27, 10, 7, 11, 37, 39, 31, 11, 31, 39, 13, 12, 20, 39, 4, 30, 39]
    Edit distance: 14/46

============================================================
Batch 86500 | Val PER: 0.1745
============================================================
  Sample 0:
    TRUE: [31, 17, 0, 19, 27, 2, 28, 17, 39, 27, 17, 19, 2, 22, 28, 16, 8, 11, 8, 39]
    PRED: [0, 0, 19, 11, 28, 39, 27, 10, 14, 19, 0, 30, 2, 16, 8, 39]
    Edit distance: 12/20
  Sample 1:
    TRUE: [27, 16, 7, 39, 26, 11, 7, 2, 28, 30, 39, 28, 10, 34, 27, 2, 20, 39, 28, 5, 22, 8, 39, 20, 16, 31, 2, 14, 27, 1, 13, 28, 39]
    PRED: [35, 17, 19, 28, 39, 26, 3, 27, 7, 2, 37, 39, 1, 34, 2, 20, 39, 28, 5, 22, 37, 39, 20, 10, 20, 2, 39, 27, 1, 13, 39]
    Edit distance: 16/33
  Sample 2:
    TRUE: [28, 24, 39, 27, 33, 20, 37, 39, 35, 17, 39, 21, 12, 8, 39, 16, 22, 39, 2, 22, 2, 6, 1, 29, 30, 39, 19, 2, 20, 33, 38, 2, 22, 39]
    PRED: [9, 4, 39, 27, 33, 20, 37, 39, 35, 17, 39, 21, 12, 8, 39, 16, 22, 39, 16, 22, 11, 34, 1, 28, 19, 39, 19, 2, 20, 33, 38, 2, 22, 39]
    Edit distance: 7/34
  Sample 3:
    TRUE: [20, 3, 27, 17, 37, 39, 19, 0, 28, 30, 33, 21, 39, 22, 17, 8, 2, 8, 39, 6, 20, 1, 19, 39, 14, 20, 2, 34, 37, 39, 30, 33, 39, 6, 17, 39, 19, 2, 21, 26, 20, 17, 30, 20, 17, 39, 10, 20, 2, 14, 2, 22, 30, 39]
    PRED: [27, 5, 27, 28, 39, 19, 1, 28, 30, 2, 21, 39, 22, 17, 8, 39, 6, 0, 19, 39, 20, 5, 13, 39, 30, 33, 39, 6, 17, 39, 19, 2, 21, 26, 17, 30, 20, 11, 39, 10, 20, 2, 22, 8, 39]
    Edit distance: 19/54
  Sample 4:
    TRUE: [9, 2, 39, 30, 33, 31, 39, 13, 10, 27, 17, 39, 13, 11, 14, 0, 30, 39, 30, 33, 39, 19, 2, 21, 39, 35, 10, 22, 39, 27, 0, 18, 11, 37, 39, 30, 33, 31, 39, 13, 10, 20, 39, 4, 30, 39]
    PRED: [9, 2, 39, 30, 27, 33, 31, 39, 34, 1, 27, 35, 17, 39, 27, 16, 30, 0, 19, 30, 2, 39, 30, 33, 39, 19, 2, 21, 39, 35, 10, 22, 39, 27, 10, 7, 11, 37, 39, 31, 11, 31, 39, 13, 12, 20, 39, 4, 30, 39]
    Edit distance: 14/46

============================================================
Batch 87000 | Val PER: 0.1744
============================================================
  Sample 0:
    TRUE: [31, 17, 0, 19, 27, 2, 28, 17, 39, 27, 17, 19, 2, 22, 28, 16, 8, 11, 8, 39]
    PRED: [0, 0, 19, 11, 28, 39, 27, 10, 14, 19, 0, 30, 2, 16, 8, 39]
    Edit distance: 12/20
  Sample 1:
    TRUE: [27, 16, 7, 39, 26, 11, 7, 2, 28, 30, 39, 28, 10, 34, 27, 2, 20, 39, 28, 5, 22, 8, 39, 20, 16, 31, 2, 14, 27, 1, 13, 28, 39]
    PRED: [35, 17, 19, 39, 26, 3, 27, 7, 2, 37, 39, 1, 34, 2, 20, 39, 28, 5, 22, 37, 39, 20, 10, 20, 2, 39, 1, 13, 39]
    Edit distance: 16/33
  Sample 2:
    TRUE: [28, 24, 39, 27, 33, 20, 37, 39, 35, 17, 39, 21, 12, 8, 39, 16, 22, 39, 2, 22, 2, 6, 1, 29, 30, 39, 19, 2, 20, 33, 38, 2, 22, 39]
    PRED: [9, 4, 39, 27, 33, 20, 37, 39, 35, 17, 39, 21, 12, 8, 39, 16, 22, 39, 16, 22, 11, 34, 1, 28, 19, 39, 19, 2, 20, 33, 38, 2, 22, 39]
    Edit distance: 7/34
  Sample 3:
    TRUE: [20, 3, 27, 17, 37, 39, 19, 0, 28, 30, 33, 21, 39, 22, 17, 8, 2, 8, 39, 6, 20, 1, 19, 39, 14, 20, 2, 34, 37, 39, 30, 33, 39, 6, 17, 39, 19, 2, 21, 26, 20, 17, 30, 20, 17, 39, 10, 20, 2, 14, 2, 22, 30, 39]
    PRED: [27, 5, 27, 28, 39, 19, 1, 28, 30, 2, 21, 39, 22, 17, 8, 39, 6, 0, 19, 39, 20, 5, 34, 13, 39, 30, 33, 39, 6, 17, 39, 19, 2, 21, 26, 17, 30, 20, 11, 39, 10, 20, 2, 22, 8, 39]
    Edit distance: 18/54
  Sample 4:
    TRUE: [9, 2, 39, 30, 33, 31, 39, 13, 10, 27, 17, 39, 13, 11, 14, 0, 30, 39, 30, 33, 39, 19, 2, 21, 39, 35, 10, 22, 39, 27, 0, 18, 11, 37, 39, 30, 33, 31, 39, 13, 10, 20, 39, 4, 30, 39]
    PRED: [9, 2, 39, 30, 27, 33, 31, 39, 34, 1, 20, 35, 17, 39, 27, 16, 30, 0, 19, 30, 2, 39, 30, 33, 39, 19, 2, 21, 39, 35, 10, 22, 39, 27, 0, 7, 11, 37, 39, 31, 11, 31, 39, 13, 12, 20, 39, 4, 30, 39]
    Edit distance: 14/46

============================================================
Batch 87500 | Val PER: 0.1748
============================================================
  Sample 0:
    TRUE: [31, 17, 0, 19, 27, 2, 28, 17, 39, 27, 17, 19, 2, 22, 28, 16, 8, 11, 8, 39]
    PRED: [0, 0, 19, 11, 28, 39, 27, 10, 14, 0, 30, 2, 16, 8, 39]
    Edit distance: 12/20
  Sample 1:
    TRUE: [27, 16, 7, 39, 26, 11, 7, 2, 28, 30, 39, 28, 10, 34, 27, 2, 20, 39, 28, 5, 22, 8, 39, 20, 16, 31, 2, 14, 27, 1, 13, 28, 39]
    PRED: [35, 17, 19, 28, 39, 26, 3, 27, 7, 2, 37, 39, 1, 34, 2, 20, 39, 28, 5, 22, 37, 39, 20, 10, 20, 2, 39, 1, 13, 39]
    Edit distance: 17/33
  Sample 2:
    TRUE: [28, 24, 39, 27, 33, 20, 37, 39, 35, 17, 39, 21, 12, 8, 39, 16, 22, 39, 2, 22, 2, 6, 1, 29, 30, 39, 19, 2, 20, 33, 38, 2, 22, 39]
    PRED: [9, 2, 39, 27, 33, 20, 37, 39, 35, 17, 39, 21, 12, 8, 39, 16, 22, 39, 16, 22, 11, 34, 1, 28, 39, 19, 2, 20, 33, 38, 2, 22, 39]
    Edit distance: 7/34
  Sample 3:
    TRUE: [20, 3, 27, 17, 37, 39, 19, 0, 28, 30, 33, 21, 39, 22, 17, 8, 2, 8, 39, 6, 20, 1, 19, 39, 14, 20, 2, 34, 37, 39, 30, 33, 39, 6, 17, 39, 19, 2, 21, 26, 20, 17, 30, 20, 17, 39, 10, 20, 2, 14, 2, 22, 30, 39]
    PRED: [27, 5, 27, 28, 39, 19, 1, 28, 30, 2, 21, 39, 22, 17, 8, 39, 6, 0, 19, 39, 27, 5, 34, 13, 39, 30, 33, 39, 6, 17, 39, 19, 2, 21, 26, 17, 30, 20, 11, 39, 10, 20, 2, 22, 8, 39]
    Edit distance: 19/54
  Sample 4:
    TRUE: [9, 2, 39, 30, 33, 31, 39, 13, 10, 27, 17, 39, 13, 11, 14, 0, 30, 39, 30, 33, 39, 19, 2, 21, 39, 35, 10, 22, 39, 27, 0, 18, 11, 37, 39, 30, 33, 31, 39, 13, 10, 20, 39, 4, 30, 39]
    PRED: [9, 2, 39, 30, 27, 33, 31, 39, 34, 1, 27, 35, 17, 39, 27, 16, 30, 0, 19, 30, 2, 39, 30, 33, 39, 19, 2, 21, 39, 35, 10, 22, 39, 27, 0, 7, 17, 11, 37, 39, 31, 33, 31, 39, 13, 12, 20, 39, 4, 30, 39]
    Edit distance: 13/46

============================================================
Batch 88000 | Val PER: 0.1747
============================================================
  Sample 0:
    TRUE: [31, 17, 0, 19, 27, 2, 28, 17, 39, 27, 17, 19, 2, 22, 28, 16, 8, 11, 8, 39]
    PRED: [0, 0, 19, 11, 28, 39, 27, 10, 14, 19, 0, 30, 2, 8, 39]
    Edit distance: 13/20
  Sample 1:
    TRUE: [27, 16, 7, 39, 26, 11, 7, 2, 28, 30, 39, 28, 10, 34, 27, 2, 20, 39, 28, 5, 22, 8, 39, 20, 16, 31, 2, 14, 27, 1, 13, 28, 39]
    PRED: [35, 17, 19, 39, 26, 3, 27, 7, 2, 37, 39, 1, 34, 2, 20, 39, 28, 5, 22, 37, 39, 20, 10, 20, 2, 39, 1, 13, 39]
    Edit distance: 16/33
  Sample 2:
    TRUE: [28, 24, 39, 27, 33, 20, 37, 39, 35, 17, 39, 21, 12, 8, 39, 16, 22, 39, 2, 22, 2, 6, 1, 29, 30, 39, 19, 2, 20, 33, 38, 2, 22, 39]
    PRED: [9, 2, 39, 27, 33, 20, 37, 39, 35, 17, 39, 21, 12, 8, 39, 16, 22, 39, 16, 22, 11, 34, 1, 28, 39, 19, 2, 20, 33, 38, 2, 22, 39]
    Edit distance: 7/34
  Sample 3:
    TRUE: [20, 3, 27, 17, 37, 39, 19, 0, 28, 30, 33, 21, 39, 22, 17, 8, 2, 8, 39, 6, 20, 1, 19, 39, 14, 20, 2, 34, 37, 39, 30, 33, 39, 6, 17, 39, 19, 2, 21, 26, 20, 17, 30, 20, 17, 39, 10, 20, 2, 14, 2, 22, 30, 39]
    PRED: [27, 5, 27, 28, 39, 19, 1, 28, 30, 2, 21, 39, 22, 17, 8, 39, 6, 0, 19, 39, 27, 5, 34, 6, 39, 30, 33, 39, 6, 17, 39, 19, 2, 21, 26, 17, 30, 20, 11, 39, 10, 20, 2, 22, 8, 39]
    Edit distance: 19/54
  Sample 4:
    TRUE: [9, 2, 39, 30, 33, 31, 39, 13, 10, 27, 17, 39, 13, 11, 14, 0, 30, 39, 30, 33, 39, 19, 2, 21, 39, 35, 10, 22, 39, 27, 0, 18, 11, 37, 39, 30, 33, 31, 39, 13, 10, 20, 39, 4, 30, 39]
    PRED: [9, 2, 39, 30, 27, 33, 31, 39, 34, 4, 27, 35, 17, 39, 27, 16, 30, 0, 19, 30, 2, 39, 30, 33, 39, 19, 2, 21, 39, 35, 10, 22, 39, 27, 0, 18, 17, 11, 37, 39, 31, 11, 31, 39, 13, 12, 20, 39, 4, 30, 39]
    Edit distance: 13/46

============================================================
Batch 88500 | Val PER: 0.1749
============================================================
  Sample 0:
    TRUE: [31, 17, 0, 19, 27, 2, 28, 17, 39, 27, 17, 19, 2, 22, 28, 16, 8, 11, 8, 39]
    PRED: [0, 0, 19, 11, 28, 39, 27, 10, 14, 19, 0, 30, 2, 8, 39]
    Edit distance: 13/20
  Sample 1:
    TRUE: [27, 16, 7, 39, 26, 11, 7, 2, 28, 30, 39, 28, 10, 34, 27, 2, 20, 39, 28, 5, 22, 8, 39, 20, 16, 31, 2, 14, 27, 1, 13, 28, 39]
    PRED: [35, 17, 19, 39, 26, 3, 27, 7, 2, 37, 39, 10, 34, 2, 20, 39, 28, 5, 22, 37, 39, 20, 10, 20, 2, 39, 1, 13, 39]
    Edit distance: 15/33
  Sample 2:
    TRUE: [28, 24, 39, 27, 33, 20, 37, 39, 35, 17, 39, 21, 12, 8, 39, 16, 22, 39, 2, 22, 2, 6, 1, 29, 30, 39, 19, 2, 20, 33, 38, 2, 22, 39]
    PRED: [9, 4, 39, 27, 33, 20, 37, 39, 35, 17, 39, 21, 12, 8, 39, 16, 22, 39, 16, 22, 11, 34, 1, 28, 19, 39, 19, 2, 20, 33, 38, 2, 22, 39]
    Edit distance: 7/34
  Sample 3:
    TRUE: [20, 3, 27, 17, 37, 39, 19, 0, 28, 30, 33, 21, 39, 22, 17, 8, 2, 8, 39, 6, 20, 1, 19, 39, 14, 20, 2, 34, 37, 39, 30, 33, 39, 6, 17, 39, 19, 2, 21, 26, 20, 17, 30, 20, 17, 39, 10, 20, 2, 14, 2, 22, 30, 39]
    PRED: [27, 5, 27, 28, 39, 19, 1, 28, 30, 2, 21, 39, 22, 17, 8, 39, 6, 0, 19, 39, 27, 5, 34, 6, 39, 30, 33, 39, 6, 17, 39, 19, 2, 21, 26, 17, 30, 20, 11, 39, 10, 20, 2, 22, 8, 39]
    Edit distance: 19/54
  Sample 4:
    TRUE: [9, 2, 39, 30, 33, 31, 39, 13, 10, 27, 17, 39, 13, 11, 14, 0, 30, 39, 30, 33, 39, 19, 2, 21, 39, 35, 10, 22, 39, 27, 0, 18, 11, 37, 39, 30, 33, 31, 39, 13, 10, 20, 39, 4, 30, 39]
    PRED: [9, 2, 39, 30, 27, 33, 31, 39, 34, 4, 27, 35, 17, 39, 27, 16, 0, 19, 30, 2, 8, 39, 30, 33, 39, 19, 2, 21, 39, 35, 10, 22, 39, 27, 10, 18, 17, 11, 37, 39, 31, 11, 31, 39, 13, 12, 20, 39, 4, 30, 39]
    Edit distance: 15/46

============================================================
Batch 89000 | Val PER: 0.1742
============================================================
  Sample 0:
    TRUE: [31, 17, 0, 19, 27, 2, 28, 17, 39, 27, 17, 19, 2, 22, 28, 16, 8, 11, 8, 39]
    PRED: [27, 0, 0, 19, 11, 28, 39, 27, 10, 14, 0, 30, 2, 16, 8, 39]
    Edit distance: 12/20
  Sample 1:
    TRUE: [27, 16, 7, 39, 26, 11, 7, 2, 28, 30, 39, 28, 10, 34, 27, 2, 20, 39, 28, 5, 22, 8, 39, 20, 16, 31, 2, 14, 27, 1, 13, 28, 39]
    PRED: [35, 17, 19, 39, 26, 3, 27, 7, 2, 30, 39, 10, 34, 2, 20, 39, 28, 5, 22, 37, 39, 20, 10, 20, 2, 39, 1, 13, 39]
    Edit distance: 14/33
  Sample 2:
    TRUE: [28, 24, 39, 27, 33, 20, 37, 39, 35, 17, 39, 21, 12, 8, 39, 16, 22, 39, 2, 22, 2, 6, 1, 29, 30, 39, 19, 2, 20, 33, 38, 2, 22, 39]
    PRED: [9, 4, 39, 27, 33, 20, 37, 39, 35, 17, 39, 21, 12, 8, 39, 16, 22, 39, 16, 22, 11, 34, 1, 28, 39, 19, 2, 20, 33, 38, 2, 22, 39]
    Edit distance: 7/34
  Sample 3:
    TRUE: [20, 3, 27, 17, 37, 39, 19, 0, 28, 30, 33, 21, 39, 22, 17, 8, 2, 8, 39, 6, 20, 1, 19, 39, 14, 20, 2, 34, 37, 39, 30, 33, 39, 6, 17, 39, 19, 2, 21, 26, 20, 17, 30, 20, 17, 39, 10, 20, 2, 14, 2, 22, 30, 39]
    PRED: [27, 5, 27, 28, 39, 19, 1, 28, 30, 2, 21, 39, 22, 17, 8, 39, 6, 0, 19, 39, 27, 5, 13, 6, 39, 30, 33, 39, 6, 17, 39, 19, 2, 21, 26, 17, 30, 20, 11, 39, 10, 20, 2, 22, 8, 39]
    Edit distance: 20/54
  Sample 4:
    TRUE: [9, 2, 39, 30, 33, 31, 39, 13, 10, 27, 17, 39, 13, 11, 14, 0, 30, 39, 30, 33, 39, 19, 2, 21, 39, 35, 10, 22, 39, 27, 0, 18, 11, 37, 39, 30, 33, 31, 39, 13, 10, 20, 39, 4, 30, 39]
    PRED: [9, 2, 39, 30, 27, 33, 31, 39, 34, 1, 27, 35, 17, 39, 27, 16, 30, 0, 19, 30, 2, 39, 30, 33, 39, 19, 2, 21, 39, 35, 10, 22, 39, 27, 0, 7, 17, 11, 37, 39, 31, 11, 31, 39, 13, 12, 20, 39, 4, 30, 39]
    Edit distance: 14/46

============================================================
Batch 89500 | Val PER: 0.1737
============================================================
  Sample 0:
    TRUE: [31, 17, 0, 19, 27, 2, 28, 17, 39, 27, 17, 19, 2, 22, 28, 16, 8, 11, 8, 39]
    PRED: [0, 19, 11, 28, 39, 27, 10, 14, 19, 0, 30, 2, 16, 8, 39]
    Edit distance: 12/20
  Sample 1:
    TRUE: [27, 16, 7, 39, 26, 11, 7, 2, 28, 30, 39, 28, 10, 34, 27, 2, 20, 39, 28, 5, 22, 8, 39, 20, 16, 31, 2, 14, 27, 1, 13, 28, 39]
    PRED: [35, 17, 19, 39, 26, 3, 27, 7, 2, 30, 39, 10, 34, 2, 20, 39, 28, 5, 22, 37, 39, 20, 10, 20, 2, 1, 13, 39]
    Edit distance: 14/33
  Sample 2:
    TRUE: [28, 24, 39, 27, 33, 20, 37, 39, 35, 17, 39, 21, 12, 8, 39, 16, 22, 39, 2, 22, 2, 6, 1, 29, 30, 39, 19, 2, 20, 33, 38, 2, 22, 39]
    PRED: [9, 4, 39, 27, 33, 20, 37, 39, 35, 17, 39, 21, 12, 8, 39, 16, 22, 39, 16, 22, 11, 34, 1, 28, 39, 19, 2, 20, 33, 38, 2, 22, 39]
    Edit distance: 7/34
  Sample 3:
    TRUE: [20, 3, 27, 17, 37, 39, 19, 0, 28, 30, 33, 21, 39, 22, 17, 8, 2, 8, 39, 6, 20, 1, 19, 39, 14, 20, 2, 34, 37, 39, 30, 33, 39, 6, 17, 39, 19, 2, 21, 26, 20, 17, 30, 20, 17, 39, 10, 20, 2, 14, 2, 22, 30, 39]
    PRED: [27, 5, 27, 28, 39, 19, 1, 28, 30, 2, 21, 39, 22, 17, 8, 39, 6, 0, 19, 39, 27, 5, 13, 37, 39, 30, 33, 39, 6, 17, 39, 19, 2, 21, 26, 17, 30, 20, 11, 39, 10, 20, 2, 22, 8, 39]
    Edit distance: 19/54
  Sample 4:
    TRUE: [9, 2, 39, 30, 33, 31, 39, 13, 10, 27, 17, 39, 13, 11, 14, 0, 30, 39, 30, 33, 39, 19, 2, 21, 39, 35, 10, 22, 39, 27, 0, 18, 11, 37, 39, 30, 33, 31, 39, 13, 10, 20, 39, 4, 30, 39]
    PRED: [9, 2, 39, 30, 27, 33, 31, 39, 34, 1, 27, 17, 39, 27, 16, 30, 0, 19, 30, 2, 39, 30, 33, 39, 19, 2, 21, 39, 35, 10, 22, 39, 27, 0, 7, 17, 11, 37, 39, 31, 11, 31, 39, 13, 12, 20, 39, 4, 30, 39]
    Edit distance: 13/46

============================================================
Batch 90000 | Val PER: 0.1742
============================================================
  Sample 0:
    TRUE: [31, 17, 0, 19, 27, 2, 28, 17, 39, 27, 17, 19, 2, 22, 28, 16, 8, 11, 8, 39]
    PRED: [0, 19, 11, 28, 39, 27, 10, 14, 19, 0, 30, 2, 16, 8, 39]
    Edit distance: 12/20
  Sample 1:
    TRUE: [27, 16, 7, 39, 26, 11, 7, 2, 28, 30, 39, 28, 10, 34, 27, 2, 20, 39, 28, 5, 22, 8, 39, 20, 16, 31, 2, 14, 27, 1, 13, 28, 39]
    PRED: [35, 17, 19, 39, 26, 3, 27, 7, 2, 30, 39, 10, 34, 2, 20, 39, 28, 5, 22, 37, 39, 20, 10, 20, 2, 1, 13, 39]
    Edit distance: 14/33
  Sample 2:
    TRUE: [28, 24, 39, 27, 33, 20, 37, 39, 35, 17, 39, 21, 12, 8, 39, 16, 22, 39, 2, 22, 2, 6, 1, 29, 30, 39, 19, 2, 20, 33, 38, 2, 22, 39]
    PRED: [9, 4, 39, 27, 33, 20, 37, 39, 35, 17, 39, 21, 12, 8, 39, 16, 22, 39, 16, 22, 11, 34, 1, 28, 39, 19, 2, 20, 33, 38, 2, 22, 39]
    Edit distance: 7/34
  Sample 3:
    TRUE: [20, 3, 27, 17, 37, 39, 19, 0, 28, 30, 33, 21, 39, 22, 17, 8, 2, 8, 39, 6, 20, 1, 19, 39, 14, 20, 2, 34, 37, 39, 30, 33, 39, 6, 17, 39, 19, 2, 21, 26, 20, 17, 30, 20, 17, 39, 10, 20, 2, 14, 2, 22, 30, 39]
    PRED: [27, 5, 27, 28, 39, 19, 1, 28, 30, 2, 21, 39, 22, 17, 8, 39, 6, 0, 19, 39, 27, 5, 13, 37, 39, 30, 33, 39, 6, 17, 39, 19, 2, 21, 26, 17, 30, 20, 11, 39, 10, 20, 2, 22, 8, 39]
    Edit distance: 19/54
  Sample 4:
    TRUE: [9, 2, 39, 30, 33, 31, 39, 13, 10, 27, 17, 39, 13, 11, 14, 0, 30, 39, 30, 33, 39, 19, 2, 21, 39, 35, 10, 22, 39, 27, 0, 18, 11, 37, 39, 30, 33, 31, 39, 13, 10, 20, 39, 4, 30, 39]
    PRED: [9, 2, 39, 30, 27, 33, 31, 39, 34, 1, 27, 20, 17, 39, 27, 16, 30, 0, 19, 30, 2, 39, 30, 33, 39, 19, 2, 21, 39, 35, 10, 22, 39, 27, 0, 17, 11, 37, 39, 31, 11, 31, 39, 13, 12, 20, 39, 4, 30, 39]
    Edit distance: 13/46

============================================================
Batch 90500 | Val PER: 0.1734
============================================================
  Sample 0:
    TRUE: [31, 17, 0, 19, 27, 2, 28, 17, 39, 27, 17, 19, 2, 22, 28, 16, 8, 11, 8, 39]
    PRED: [27, 0, 19, 11, 28, 39, 27, 10, 14, 19, 0, 30, 2, 16, 8, 39]
    Edit distance: 12/20
  Sample 1:
    TRUE: [27, 16, 7, 39, 26, 11, 7, 2, 28, 30, 39, 28, 10, 34, 27, 2, 20, 39, 28, 5, 22, 8, 39, 20, 16, 31, 2, 14, 27, 1, 13, 28, 39]
    PRED: [35, 17, 19, 39, 26, 3, 27, 7, 2, 30, 39, 10, 34, 2, 20, 39, 28, 5, 22, 37, 39, 20, 10, 20, 2, 39, 1, 13, 39]
    Edit distance: 14/33
  Sample 2:
    TRUE: [28, 24, 39, 27, 33, 20, 37, 39, 35, 17, 39, 21, 12, 8, 39, 16, 22, 39, 2, 22, 2, 6, 1, 29, 30, 39, 19, 2, 20, 33, 38, 2, 22, 39]
    PRED: [9, 4, 39, 27, 33, 20, 37, 39, 35, 17, 39, 21, 12, 8, 39, 16, 22, 39, 16, 22, 11, 34, 1, 28, 39, 19, 2, 20, 33, 38, 2, 22, 39]
    Edit distance: 7/34
  Sample 3:
    TRUE: [20, 3, 27, 17, 37, 39, 19, 0, 28, 30, 33, 21, 39, 22, 17, 8, 2, 8, 39, 6, 20, 1, 19, 39, 14, 20, 2, 34, 37, 39, 30, 33, 39, 6, 17, 39, 19, 2, 21, 26, 20, 17, 30, 20, 17, 39, 10, 20, 2, 14, 2, 22, 30, 39]
    PRED: [27, 5, 27, 28, 39, 19, 1, 28, 30, 2, 21, 39, 22, 17, 8, 39, 6, 0, 19, 39, 27, 5, 13, 6, 39, 30, 33, 39, 6, 17, 39, 19, 2, 21, 26, 17, 30, 20, 11, 39, 10, 20, 2, 22, 8, 39]
    Edit distance: 20/54
  Sample 4:
    TRUE: [9, 2, 39, 30, 33, 31, 39, 13, 10, 27, 17, 39, 13, 11, 14, 0, 30, 39, 30, 33, 39, 19, 2, 21, 39, 35, 10, 22, 39, 27, 0, 18, 11, 37, 39, 30, 33, 31, 39, 13, 10, 20, 39, 4, 30, 39]
    PRED: [9, 2, 39, 30, 27, 33, 31, 39, 34, 1, 27, 17, 39, 27, 16, 30, 0, 19, 30, 2, 39, 30, 33, 39, 19, 2, 21, 39, 35, 10, 22, 39, 27, 0, 17, 11, 37, 39, 31, 11, 31, 39, 13, 12, 20, 39, 4, 30, 39]
    Edit distance: 12/46

============================================================
Batch 91000 | Val PER: 0.1731
============================================================
  Sample 0:
    TRUE: [31, 17, 0, 19, 27, 2, 28, 17, 39, 27, 17, 19, 2, 22, 28, 16, 8, 11, 8, 39]
    PRED: [0, 0, 19, 11, 28, 39, 27, 16, 14, 19, 0, 30, 2, 16, 8, 39]
    Edit distance: 12/20
  Sample 1:
    TRUE: [27, 16, 7, 39, 26, 11, 7, 2, 28, 30, 39, 28, 10, 34, 27, 2, 20, 39, 28, 5, 22, 8, 39, 20, 16, 31, 2, 14, 27, 1, 13, 28, 39]
    PRED: [35, 17, 19, 39, 26, 3, 27, 7, 2, 30, 39, 10, 34, 2, 20, 39, 28, 5, 22, 37, 39, 20, 10, 20, 2, 39, 1, 13, 39]
    Edit distance: 14/33
  Sample 2:
    TRUE: [28, 24, 39, 27, 33, 20, 37, 39, 35, 17, 39, 21, 12, 8, 39, 16, 22, 39, 2, 22, 2, 6, 1, 29, 30, 39, 19, 2, 20, 33, 38, 2, 22, 39]
    PRED: [9, 4, 39, 27, 33, 20, 37, 39, 35, 17, 39, 21, 12, 8, 39, 16, 22, 39, 16, 22, 11, 34, 1, 28, 39, 19, 2, 20, 33, 38, 2, 22, 39]
    Edit distance: 7/34
  Sample 3:
    TRUE: [20, 3, 27, 17, 37, 39, 19, 0, 28, 30, 33, 21, 39, 22, 17, 8, 2, 8, 39, 6, 20, 1, 19, 39, 14, 20, 2, 34, 37, 39, 30, 33, 39, 6, 17, 39, 19, 2, 21, 26, 20, 17, 30, 20, 17, 39, 10, 20, 2, 14, 2, 22, 30, 39]
    PRED: [27, 5, 27, 28, 39, 19, 1, 28, 30, 2, 21, 39, 22, 17, 8, 39, 6, 0, 19, 39, 27, 5, 13, 6, 39, 30, 33, 39, 6, 17, 39, 19, 2, 21, 26, 17, 30, 20, 11, 39, 10, 20, 2, 22, 8, 39]
    Edit distance: 20/54
  Sample 4:
    TRUE: [9, 2, 39, 30, 33, 31, 39, 13, 10, 27, 17, 39, 13, 11, 14, 0, 30, 39, 30, 33, 39, 19, 2, 21, 39, 35, 10, 22, 39, 27, 0, 18, 11, 37, 39, 30, 33, 31, 39, 13, 10, 20, 39, 4, 30, 39]
    PRED: [9, 2, 39, 30, 27, 33, 31, 39, 34, 1, 27, 17, 39, 27, 16, 30, 0, 19, 30, 2, 39, 30, 33, 39, 19, 2, 21, 39, 35, 10, 22, 39, 27, 0, 7, 17, 11, 37, 39, 31, 11, 31, 39, 13, 12, 20, 39, 4, 30, 39]
    Edit distance: 13/46

============================================================
Batch 91500 | Val PER: 0.1731
============================================================
  Sample 0:
    TRUE: [31, 17, 0, 19, 27, 2, 28, 17, 39, 27, 17, 19, 2, 22, 28, 16, 8, 11, 8, 39]
    PRED: [0, 0, 19, 11, 28, 39, 27, 16, 14, 0, 30, 2, 16, 8, 39]
    Edit distance: 12/20
  Sample 1:
    TRUE: [27, 16, 7, 39, 26, 11, 7, 2, 28, 30, 39, 28, 10, 34, 27, 2, 20, 39, 28, 5, 22, 8, 39, 20, 16, 31, 2, 14, 27, 1, 13, 28, 39]
    PRED: [35, 17, 19, 39, 26, 3, 27, 7, 2, 37, 39, 10, 34, 2, 20, 39, 28, 5, 22, 37, 39, 20, 10, 20, 2, 39, 27, 1, 13, 39]
    Edit distance: 14/33
  Sample 2:
    TRUE: [28, 24, 39, 27, 33, 20, 37, 39, 35, 17, 39, 21, 12, 8, 39, 16, 22, 39, 2, 22, 2, 6, 1, 29, 30, 39, 19, 2, 20, 33, 38, 2, 22, 39]
    PRED: [9, 4, 39, 27, 33, 20, 37, 39, 35, 17, 39, 21, 12, 8, 39, 16, 22, 39, 16, 22, 11, 34, 1, 28, 39, 19, 2, 20, 33, 38, 2, 22, 39]
    Edit distance: 7/34
  Sample 3:
    TRUE: [20, 3, 27, 17, 37, 39, 19, 0, 28, 30, 33, 21, 39, 22, 17, 8, 2, 8, 39, 6, 20, 1, 19, 39, 14, 20, 2, 34, 37, 39, 30, 33, 39, 6, 17, 39, 19, 2, 21, 26, 20, 17, 30, 20, 17, 39, 10, 20, 2, 14, 2, 22, 30, 39]
    PRED: [27, 5, 27, 28, 39, 19, 1, 28, 30, 2, 21, 39, 22, 17, 8, 39, 6, 0, 19, 39, 27, 5, 13, 6, 39, 30, 33, 39, 6, 17, 39, 19, 2, 21, 26, 17, 30, 20, 11, 39, 10, 20, 2, 22, 8, 39]
    Edit distance: 20/54
  Sample 4:
    TRUE: [9, 2, 39, 30, 33, 31, 39, 13, 10, 27, 17, 39, 13, 11, 14, 0, 30, 39, 30, 33, 39, 19, 2, 21, 39, 35, 10, 22, 39, 27, 0, 18, 11, 37, 39, 30, 33, 31, 39, 13, 10, 20, 39, 4, 30, 39]
    PRED: [9, 2, 39, 30, 27, 33, 31, 39, 34, 1, 27, 17, 39, 27, 16, 30, 0, 19, 30, 2, 8, 39, 30, 33, 39, 19, 2, 21, 39, 35, 10, 22, 39, 27, 0, 7, 17, 11, 37, 39, 31, 11, 31, 39, 13, 12, 20, 39, 4, 30, 39]
    Edit distance: 14/46

============================================================
Batch 92000 | Val PER: 0.1721
============================================================
  Sample 0:
    TRUE: [31, 17, 0, 19, 27, 2, 28, 17, 39, 27, 17, 19, 2, 22, 28, 16, 8, 11, 8, 39]
    PRED: [0, 0, 19, 11, 28, 39, 27, 10, 14, 0, 30, 2, 16, 8, 39]
    Edit distance: 12/20
  Sample 1:
    TRUE: [27, 16, 7, 39, 26, 11, 7, 2, 28, 30, 39, 28, 10, 34, 27, 2, 20, 39, 28, 5, 22, 8, 39, 20, 16, 31, 2, 14, 27, 1, 13, 28, 39]
    PRED: [35, 17, 19, 39, 26, 3, 27, 7, 2, 37, 39, 10, 34, 2, 20, 39, 28, 5, 22, 37, 39, 20, 10, 20, 2, 39, 27, 1, 13, 39]
    Edit distance: 14/33
  Sample 2:
    TRUE: [28, 24, 39, 27, 33, 20, 37, 39, 35, 17, 39, 21, 12, 8, 39, 16, 22, 39, 2, 22, 2, 6, 1, 29, 30, 39, 19, 2, 20, 33, 38, 2, 22, 39]
    PRED: [9, 4, 39, 27, 33, 20, 37, 39, 35, 17, 39, 21, 12, 8, 39, 16, 22, 39, 16, 22, 11, 34, 1, 28, 39, 19, 2, 20, 33, 38, 2, 22, 39]
    Edit distance: 7/34
  Sample 3:
    TRUE: [20, 3, 27, 17, 37, 39, 19, 0, 28, 30, 33, 21, 39, 22, 17, 8, 2, 8, 39, 6, 20, 1, 19, 39, 14, 20, 2, 34, 37, 39, 30, 33, 39, 6, 17, 39, 19, 2, 21, 26, 20, 17, 30, 20, 17, 39, 10, 20, 2, 14, 2, 22, 30, 39]
    PRED: [27, 5, 27, 28, 39, 19, 1, 28, 30, 2, 21, 39, 22, 17, 8, 39, 6, 0, 19, 39, 27, 5, 13, 6, 39, 30, 33, 39, 6, 17, 39, 19, 2, 21, 26, 17, 30, 20, 11, 39, 10, 20, 2, 22, 8, 39]
    Edit distance: 20/54
  Sample 4:
    TRUE: [9, 2, 39, 30, 33, 31, 39, 13, 10, 27, 17, 39, 13, 11, 14, 0, 30, 39, 30, 33, 39, 19, 2, 21, 39, 35, 10, 22, 39, 27, 0, 18, 11, 37, 39, 30, 33, 31, 39, 13, 10, 20, 39, 4, 30, 39]
    PRED: [9, 2, 39, 30, 27, 33, 31, 39, 34, 1, 27, 17, 39, 27, 16, 30, 0, 19, 30, 2, 8, 39, 30, 33, 39, 19, 2, 21, 39, 35, 10, 22, 39, 27, 0, 17, 11, 37, 39, 31, 11, 31, 39, 13, 12, 20, 39, 4, 30, 39]
    Edit distance: 13/46

============================================================
Batch 92500 | Val PER: 0.1721
============================================================
  Sample 0:
    TRUE: [31, 17, 0, 19, 27, 2, 28, 17, 39, 27, 17, 19, 2, 22, 28, 16, 8, 11, 8, 39]
    PRED: [0, 0, 19, 11, 28, 39, 27, 16, 14, 0, 30, 2, 8, 39]
    Edit distance: 13/20
  Sample 1:
    TRUE: [27, 16, 7, 39, 26, 11, 7, 2, 28, 30, 39, 28, 10, 34, 27, 2, 20, 39, 28, 5, 22, 8, 39, 20, 16, 31, 2, 14, 27, 1, 13, 28, 39]
    PRED: [35, 17, 19, 39, 26, 3, 27, 7, 2, 37, 39, 10, 34, 2, 20, 39, 28, 5, 22, 37, 39, 20, 10, 20, 2, 39, 27, 1, 13, 39]
    Edit distance: 14/33
  Sample 2:
    TRUE: [28, 24, 39, 27, 33, 20, 37, 39, 35, 17, 39, 21, 12, 8, 39, 16, 22, 39, 2, 22, 2, 6, 1, 29, 30, 39, 19, 2, 20, 33, 38, 2, 22, 39]
    PRED: [9, 24, 39, 27, 33, 20, 37, 39, 35, 17, 39, 21, 12, 8, 39, 16, 22, 39, 16, 22, 11, 34, 1, 28, 39, 19, 2, 20, 33, 38, 2, 22, 39]
    Edit distance: 6/34
  Sample 3:
    TRUE: [20, 3, 27, 17, 37, 39, 19, 0, 28, 30, 33, 21, 39, 22, 17, 8, 2, 8, 39, 6, 20, 1, 19, 39, 14, 20, 2, 34, 37, 39, 30, 33, 39, 6, 17, 39, 19, 2, 21, 26, 20, 17, 30, 20, 17, 39, 10, 20, 2, 14, 2, 22, 30, 39]
    PRED: [27, 5, 27, 28, 39, 19, 1, 28, 30, 2, 21, 39, 22, 17, 8, 39, 6, 0, 19, 39, 27, 5, 13, 6, 39, 30, 33, 39, 6, 17, 39, 19, 2, 21, 26, 17, 30, 20, 11, 39, 10, 20, 2, 22, 8, 39]
    Edit distance: 20/54
  Sample 4:
    TRUE: [9, 2, 39, 30, 33, 31, 39, 13, 10, 27, 17, 39, 13, 11, 14, 0, 30, 39, 30, 33, 39, 19, 2, 21, 39, 35, 10, 22, 39, 27, 0, 18, 11, 37, 39, 30, 33, 31, 39, 13, 10, 20, 39, 4, 30, 39]
    PRED: [9, 2, 39, 30, 27, 33, 31, 39, 34, 10, 27, 17, 39, 27, 16, 30, 0, 19, 30, 2, 8, 39, 30, 33, 39, 19, 2, 21, 39, 35, 10, 22, 39, 27, 0, 17, 11, 37, 39, 31, 11, 31, 39, 13, 12, 20, 39, 4, 30, 39]
    Edit distance: 12/46

============================================================
Batch 93000 | Val PER: 0.1725
============================================================
  Sample 0:
    TRUE: [31, 17, 0, 19, 27, 2, 28, 17, 39, 27, 17, 19, 2, 22, 28, 16, 8, 11, 8, 39]
    PRED: [0, 0, 19, 11, 28, 39, 27, 10, 14, 0, 30, 2, 8, 39]
    Edit distance: 13/20
  Sample 1:
    TRUE: [27, 16, 7, 39, 26, 11, 7, 2, 28, 30, 39, 28, 10, 34, 27, 2, 20, 39, 28, 5, 22, 8, 39, 20, 16, 31, 2, 14, 27, 1, 13, 28, 39]
    PRED: [35, 17, 19, 39, 26, 3, 27, 7, 2, 37, 39, 10, 34, 2, 20, 39, 28, 5, 22, 37, 39, 20, 10, 20, 2, 39, 27, 1, 13, 39]
    Edit distance: 14/33
  Sample 2:
    TRUE: [28, 24, 39, 27, 33, 20, 37, 39, 35, 17, 39, 21, 12, 8, 39, 16, 22, 39, 2, 22, 2, 6, 1, 29, 30, 39, 19, 2, 20, 33, 38, 2, 22, 39]
    PRED: [9, 4, 39, 27, 33, 20, 37, 39, 35, 17, 39, 21, 12, 8, 39, 16, 22, 39, 16, 22, 11, 34, 1, 28, 39, 19, 2, 20, 33, 38, 2, 22, 39]
    Edit distance: 7/34
  Sample 3:
    TRUE: [20, 3, 27, 17, 37, 39, 19, 0, 28, 30, 33, 21, 39, 22, 17, 8, 2, 8, 39, 6, 20, 1, 19, 39, 14, 20, 2, 34, 37, 39, 30, 33, 39, 6, 17, 39, 19, 2, 21, 26, 20, 17, 30, 20, 17, 39, 10, 20, 2, 14, 2, 22, 30, 39]
    PRED: [27, 5, 27, 28, 39, 19, 1, 28, 30, 2, 21, 39, 22, 17, 8, 39, 6, 0, 19, 39, 27, 5, 13, 6, 39, 30, 33, 39, 6, 17, 39, 19, 2, 21, 26, 17, 30, 20, 11, 39, 10, 20, 2, 22, 8, 39]
    Edit distance: 20/54
  Sample 4:
    TRUE: [9, 2, 39, 30, 33, 31, 39, 13, 10, 27, 17, 39, 13, 11, 14, 0, 30, 39, 30, 33, 39, 19, 2, 21, 39, 35, 10, 22, 39, 27, 0, 18, 11, 37, 39, 30, 33, 31, 39, 13, 10, 20, 39, 4, 30, 39]
    PRED: [9, 2, 39, 30, 27, 33, 31, 39, 34, 4, 27, 17, 39, 27, 16, 0, 19, 30, 2, 8, 39, 30, 33, 39, 19, 2, 21, 39, 35, 10, 22, 39, 27, 0, 7, 17, 11, 37, 39, 31, 11, 31, 39, 13, 12, 20, 39, 4, 30, 39]
    Edit distance: 14/46

============================================================
Batch 93500 | Val PER: 0.1719
============================================================
  Sample 0:
    TRUE: [31, 17, 0, 19, 27, 2, 28, 17, 39, 27, 17, 19, 2, 22, 28, 16, 8, 11, 8, 39]
    PRED: [0, 0, 19, 11, 28, 39, 27, 10, 14, 0, 30, 2, 8, 39]
    Edit distance: 13/20
  Sample 1:
    TRUE: [27, 16, 7, 39, 26, 11, 7, 2, 28, 30, 39, 28, 10, 34, 27, 2, 20, 39, 28, 5, 22, 8, 39, 20, 16, 31, 2, 14, 27, 1, 13, 28, 39]
    PRED: [35, 17, 19, 39, 26, 3, 27, 7, 2, 37, 39, 10, 34, 2, 20, 39, 28, 5, 22, 37, 39, 20, 10, 20, 2, 39, 27, 1, 13, 39]
    Edit distance: 14/33
  Sample 2:
    TRUE: [28, 24, 39, 27, 33, 20, 37, 39, 35, 17, 39, 21, 12, 8, 39, 16, 22, 39, 2, 22, 2, 6, 1, 29, 30, 39, 19, 2, 20, 33, 38, 2, 22, 39]
    PRED: [9, 4, 39, 27, 33, 20, 37, 39, 35, 17, 39, 21, 12, 8, 39, 16, 22, 39, 16, 22, 11, 34, 1, 28, 39, 19, 2, 20, 33, 38, 2, 22, 39]
    Edit distance: 7/34
  Sample 3:
    TRUE: [20, 3, 27, 17, 37, 39, 19, 0, 28, 30, 33, 21, 39, 22, 17, 8, 2, 8, 39, 6, 20, 1, 19, 39, 14, 20, 2, 34, 37, 39, 30, 33, 39, 6, 17, 39, 19, 2, 21, 26, 20, 17, 30, 20, 17, 39, 10, 20, 2, 14, 2, 22, 30, 39]
    PRED: [27, 5, 27, 28, 39, 19, 1, 28, 30, 2, 21, 39, 22, 17, 8, 39, 6, 0, 19, 39, 27, 5, 13, 6, 39, 30, 33, 39, 6, 17, 39, 19, 2, 21, 26, 17, 30, 20, 11, 39, 10, 20, 2, 22, 8, 39]
    Edit distance: 20/54
  Sample 4:
    TRUE: [9, 2, 39, 30, 33, 31, 39, 13, 10, 27, 17, 39, 13, 11, 14, 0, 30, 39, 30, 33, 39, 19, 2, 21, 39, 35, 10, 22, 39, 27, 0, 18, 11, 37, 39, 30, 33, 31, 39, 13, 10, 20, 39, 4, 30, 39]
    PRED: [9, 2, 39, 30, 27, 33, 31, 39, 34, 4, 27, 17, 39, 27, 16, 0, 19, 30, 2, 8, 39, 30, 33, 39, 19, 2, 21, 39, 35, 10, 22, 39, 27, 0, 17, 11, 37, 39, 31, 11, 31, 39, 13, 12, 20, 39, 4, 30, 39]
    Edit distance: 13/46

============================================================
Batch 94000 | Val PER: 0.1728
============================================================
  Sample 0:
    TRUE: [31, 17, 0, 19, 27, 2, 28, 17, 39, 27, 17, 19, 2, 22, 28, 16, 8, 11, 8, 39]
    PRED: [0, 19, 11, 28, 39, 27, 10, 14, 19, 0, 22, 30, 2, 8, 39]
    Edit distance: 12/20
  Sample 1:
    TRUE: [27, 16, 7, 39, 26, 11, 7, 2, 28, 30, 39, 28, 10, 34, 27, 2, 20, 39, 28, 5, 22, 8, 39, 20, 16, 31, 2, 14, 27, 1, 13, 28, 39]
    PRED: [35, 17, 19, 39, 26, 3, 27, 7, 2, 30, 39, 10, 34, 2, 20, 39, 28, 5, 22, 37, 39, 20, 10, 20, 2, 39, 27, 1, 13, 39]
    Edit distance: 13/33
  Sample 2:
    TRUE: [28, 24, 39, 27, 33, 20, 37, 39, 35, 17, 39, 21, 12, 8, 39, 16, 22, 39, 2, 22, 2, 6, 1, 29, 30, 39, 19, 2, 20, 33, 38, 2, 22, 39]
    PRED: [9, 4, 39, 27, 33, 20, 37, 39, 35, 17, 39, 21, 12, 8, 39, 16, 22, 39, 16, 22, 11, 34, 1, 28, 39, 19, 2, 20, 33, 38, 2, 22, 39]
    Edit distance: 7/34
  Sample 3:
    TRUE: [20, 3, 27, 17, 37, 39, 19, 0, 28, 30, 33, 21, 39, 22, 17, 8, 2, 8, 39, 6, 20, 1, 19, 39, 14, 20, 2, 34, 37, 39, 30, 33, 39, 6, 17, 39, 19, 2, 21, 26, 20, 17, 30, 20, 17, 39, 10, 20, 2, 14, 2, 22, 30, 39]
    PRED: [27, 5, 27, 28, 39, 19, 1, 28, 30, 2, 21, 39, 22, 17, 8, 39, 6, 0, 19, 39, 27, 5, 13, 39, 30, 33, 39, 6, 17, 39, 19, 2, 21, 26, 17, 30, 20, 11, 39, 10, 20, 2, 22, 8, 39]
    Edit distance: 20/54
  Sample 4:
    TRUE: [9, 2, 39, 30, 33, 31, 39, 13, 10, 27, 17, 39, 13, 11, 14, 0, 30, 39, 30, 33, 39, 19, 2, 21, 39, 35, 10, 22, 39, 27, 0, 18, 11, 37, 39, 30, 33, 31, 39, 13, 10, 20, 39, 4, 30, 39]
    PRED: [9, 2, 39, 30, 27, 33, 31, 39, 34, 4, 27, 17, 39, 27, 16, 30, 0, 19, 30, 2, 39, 30, 33, 39, 19, 2, 21, 39, 35, 10, 22, 39, 27, 10, 17, 11, 37, 39, 31, 11, 31, 39, 13, 12, 20, 39, 4, 30, 39]
    Edit distance: 13/46

============================================================
Batch 94500 | Val PER: 0.1734
============================================================
  Sample 0:
    TRUE: [31, 17, 0, 19, 27, 2, 28, 17, 39, 27, 17, 19, 2, 22, 28, 16, 8, 11, 8, 39]
    PRED: [0, 0, 19, 11, 28, 39, 27, 10, 14, 0, 22, 30, 2, 8, 39]
    Edit distance: 12/20
  Sample 1:
    TRUE: [27, 16, 7, 39, 26, 11, 7, 2, 28, 30, 39, 28, 10, 34, 27, 2, 20, 39, 28, 5, 22, 8, 39, 20, 16, 31, 2, 14, 27, 1, 13, 28, 39]
    PRED: [35, 17, 19, 39, 26, 3, 27, 7, 2, 30, 39, 10, 34, 2, 20, 39, 28, 5, 22, 37, 39, 20, 10, 20, 2, 39, 27, 1, 13, 39]
    Edit distance: 13/33
  Sample 2:
    TRUE: [28, 24, 39, 27, 33, 20, 37, 39, 35, 17, 39, 21, 12, 8, 39, 16, 22, 39, 2, 22, 2, 6, 1, 29, 30, 39, 19, 2, 20, 33, 38, 2, 22, 39]
    PRED: [9, 4, 39, 27, 33, 20, 37, 39, 35, 17, 39, 21, 12, 8, 39, 16, 22, 39, 16, 22, 11, 34, 10, 28, 39, 19, 2, 20, 33, 38, 2, 22, 39]
    Edit distance: 8/34
  Sample 3:
    TRUE: [20, 3, 27, 17, 37, 39, 19, 0, 28, 30, 33, 21, 39, 22, 17, 8, 2, 8, 39, 6, 20, 1, 19, 39, 14, 20, 2, 34, 37, 39, 30, 33, 39, 6, 17, 39, 19, 2, 21, 26, 20, 17, 30, 20, 17, 39, 10, 20, 2, 14, 2, 22, 30, 39]
    PRED: [27, 5, 27, 28, 39, 19, 1, 28, 30, 2, 21, 39, 22, 17, 8, 39, 6, 0, 19, 39, 27, 5, 13, 39, 30, 33, 39, 6, 17, 39, 19, 2, 21, 26, 17, 30, 20, 11, 39, 10, 20, 2, 22, 8, 39]
    Edit distance: 20/54
  Sample 4:
    TRUE: [9, 2, 39, 30, 33, 31, 39, 13, 10, 27, 17, 39, 13, 11, 14, 0, 30, 39, 30, 33, 39, 19, 2, 21, 39, 35, 10, 22, 39, 27, 0, 18, 11, 37, 39, 30, 33, 31, 39, 13, 10, 20, 39, 4, 30, 39]
    PRED: [9, 2, 39, 30, 27, 33, 31, 39, 34, 4, 27, 17, 39, 27, 16, 30, 0, 19, 30, 2, 8, 39, 30, 33, 39, 19, 2, 21, 39, 35, 10, 22, 39, 27, 0, 17, 11, 37, 39, 31, 11, 31, 39, 13, 12, 20, 39, 4, 30, 39]
    Edit distance: 13/46

============================================================
Batch 95000 | Val PER: 0.1724
============================================================
  Sample 0:
    TRUE: [31, 17, 0, 19, 27, 2, 28, 17, 39, 27, 17, 19, 2, 22, 28, 16, 8, 11, 8, 39]
    PRED: [0, 0, 19, 11, 28, 39, 27, 10, 14, 19, 0, 22, 30, 2, 8, 39]
    Edit distance: 12/20
  Sample 1:
    TRUE: [27, 16, 7, 39, 26, 11, 7, 2, 28, 30, 39, 28, 10, 34, 27, 2, 20, 39, 28, 5, 22, 8, 39, 20, 16, 31, 2, 14, 27, 1, 13, 28, 39]
    PRED: [35, 17, 19, 39, 26, 3, 27, 7, 2, 37, 39, 10, 34, 2, 20, 39, 28, 5, 22, 37, 39, 20, 10, 20, 2, 27, 1, 13, 39]
    Edit distance: 14/33
  Sample 2:
    TRUE: [28, 24, 39, 27, 33, 20, 37, 39, 35, 17, 39, 21, 12, 8, 39, 16, 22, 39, 2, 22, 2, 6, 1, 29, 30, 39, 19, 2, 20, 33, 38, 2, 22, 39]
    PRED: [9, 4, 39, 27, 33, 20, 37, 39, 35, 17, 39, 21, 12, 8, 39, 16, 22, 39, 16, 22, 11, 34, 1, 28, 39, 19, 2, 20, 33, 38, 2, 22, 39]
    Edit distance: 7/34
  Sample 3:
    TRUE: [20, 3, 27, 17, 37, 39, 19, 0, 28, 30, 33, 21, 39, 22, 17, 8, 2, 8, 39, 6, 20, 1, 19, 39, 14, 20, 2, 34, 37, 39, 30, 33, 39, 6, 17, 39, 19, 2, 21, 26, 20, 17, 30, 20, 17, 39, 10, 20, 2, 14, 2, 22, 30, 39]
    PRED: [27, 5, 27, 28, 39, 19, 1, 28, 30, 28, 2, 21, 39, 22, 17, 8, 39, 6, 0, 19, 39, 27, 5, 13, 39, 30, 33, 39, 6, 17, 39, 19, 2, 21, 26, 17, 30, 20, 11, 39, 10, 20, 2, 22, 8, 39]
    Edit distance: 21/54
  Sample 4:
    TRUE: [9, 2, 39, 30, 33, 31, 39, 13, 10, 27, 17, 39, 13, 11, 14, 0, 30, 39, 30, 33, 39, 19, 2, 21, 39, 35, 10, 22, 39, 27, 0, 18, 11, 37, 39, 30, 33, 31, 39, 13, 10, 20, 39, 4, 30, 39]
    PRED: [9, 2, 39, 30, 27, 33, 31, 39, 34, 4, 27, 17, 39, 27, 16, 30, 0, 19, 30, 2, 8, 39, 30, 33, 39, 19, 2, 21, 39, 35, 10, 22, 39, 27, 0, 7, 11, 37, 39, 31, 11, 31, 39, 13, 12, 20, 39, 4, 30, 39]
    Edit distance: 13/46

============================================================
Batch 95500 | Val PER: 0.1718
============================================================
  Sample 0:
    TRUE: [31, 17, 0, 19, 27, 2, 28, 17, 39, 27, 17, 19, 2, 22, 28, 16, 8, 11, 8, 39]
    PRED: [0, 19, 11, 28, 39, 27, 10, 14, 19, 0, 22, 30, 2, 8, 39]
    Edit distance: 12/20
  Sample 1:
    TRUE: [27, 16, 7, 39, 26, 11, 7, 2, 28, 30, 39, 28, 10, 34, 27, 2, 20, 39, 28, 5, 22, 8, 39, 20, 16, 31, 2, 14, 27, 1, 13, 28, 39]
    PRED: [35, 17, 19, 39, 26, 3, 27, 7, 2, 37, 39, 10, 34, 2, 20, 39, 28, 5, 22, 37, 39, 20, 10, 20, 2, 27, 1, 13, 39]
    Edit distance: 14/33
  Sample 2:
    TRUE: [28, 24, 39, 27, 33, 20, 37, 39, 35, 17, 39, 21, 12, 8, 39, 16, 22, 39, 2, 22, 2, 6, 1, 29, 30, 39, 19, 2, 20, 33, 38, 2, 22, 39]
    PRED: [9, 4, 39, 27, 33, 20, 37, 39, 35, 17, 39, 21, 12, 8, 39, 16, 22, 39, 16, 22, 11, 34, 10, 28, 19, 39, 19, 2, 20, 33, 38, 2, 22, 39]
    Edit distance: 8/34
  Sample 3:
    TRUE: [20, 3, 27, 17, 37, 39, 19, 0, 28, 30, 33, 21, 39, 22, 17, 8, 2, 8, 39, 6, 20, 1, 19, 39, 14, 20, 2, 34, 37, 39, 30, 33, 39, 6, 17, 39, 19, 2, 21, 26, 20, 17, 30, 20, 17, 39, 10, 20, 2, 14, 2, 22, 30, 39]
    PRED: [27, 5, 27, 28, 39, 19, 1, 28, 30, 2, 21, 39, 22, 17, 8, 39, 6, 0, 19, 39, 27, 5, 13, 39, 30, 33, 39, 6, 17, 39, 19, 2, 21, 26, 17, 30, 20, 11, 39, 10, 20, 2, 22, 8, 39]
    Edit distance: 20/54
  Sample 4:
    TRUE: [9, 2, 39, 30, 33, 31, 39, 13, 10, 27, 17, 39, 13, 11, 14, 0, 30, 39, 30, 33, 39, 19, 2, 21, 39, 35, 10, 22, 39, 27, 0, 18, 11, 37, 39, 30, 33, 31, 39, 13, 10, 20, 39, 4, 30, 39]
    PRED: [9, 2, 39, 30, 27, 33, 31, 39, 34, 4, 27, 17, 39, 27, 16, 30, 0, 19, 30, 2, 8, 39, 30, 33, 39, 19, 2, 21, 39, 35, 10, 22, 39, 27, 0, 8, 11, 37, 39, 31, 11, 31, 39, 13, 12, 20, 39, 4, 30, 39]
    Edit distance: 13/46

============================================================
Batch 96000 | Val PER: 0.1718
============================================================
  Sample 0:
    TRUE: [31, 17, 0, 19, 27, 2, 28, 17, 39, 27, 17, 19, 2, 22, 28, 16, 8, 11, 8, 39]
    PRED: [0, 19, 11, 28, 39, 27, 10, 14, 19, 0, 22, 30, 2, 8, 39]
    Edit distance: 12/20
  Sample 1:
    TRUE: [27, 16, 7, 39, 26, 11, 7, 2, 28, 30, 39, 28, 10, 34, 27, 2, 20, 39, 28, 5, 22, 8, 39, 20, 16, 31, 2, 14, 27, 1, 13, 28, 39]
    PRED: [35, 17, 19, 39, 26, 3, 27, 7, 2, 37, 39, 10, 34, 2, 20, 39, 28, 5, 22, 37, 39, 20, 10, 20, 2, 39, 27, 1, 13, 39]
    Edit distance: 14/33
  Sample 2:
    TRUE: [28, 24, 39, 27, 33, 20, 37, 39, 35, 17, 39, 21, 12, 8, 39, 16, 22, 39, 2, 22, 2, 6, 1, 29, 30, 39, 19, 2, 20, 33, 38, 2, 22, 39]
    PRED: [9, 4, 39, 27, 33, 20, 37, 39, 35, 17, 39, 21, 12, 8, 39, 16, 22, 39, 16, 22, 11, 34, 10, 28, 39, 19, 2, 20, 33, 38, 2, 22, 39]
    Edit distance: 8/34
  Sample 3:
    TRUE: [20, 3, 27, 17, 37, 39, 19, 0, 28, 30, 33, 21, 39, 22, 17, 8, 2, 8, 39, 6, 20, 1, 19, 39, 14, 20, 2, 34, 37, 39, 30, 33, 39, 6, 17, 39, 19, 2, 21, 26, 20, 17, 30, 20, 17, 39, 10, 20, 2, 14, 2, 22, 30, 39]
    PRED: [27, 5, 27, 28, 39, 19, 1, 28, 30, 2, 21, 39, 22, 17, 8, 39, 6, 0, 19, 39, 27, 5, 13, 6, 39, 30, 33, 39, 6, 17, 39, 19, 2, 21, 26, 17, 30, 20, 11, 39, 10, 20, 2, 22, 8, 39]
    Edit distance: 20/54
  Sample 4:
    TRUE: [9, 2, 39, 30, 33, 31, 39, 13, 10, 27, 17, 39, 13, 11, 14, 0, 30, 39, 30, 33, 39, 19, 2, 21, 39, 35, 10, 22, 39, 27, 0, 18, 11, 37, 39, 30, 33, 31, 39, 13, 10, 20, 39, 4, 30, 39]
    PRED: [9, 2, 39, 30, 27, 33, 31, 39, 34, 4, 27, 17, 39, 27, 16, 30, 0, 19, 30, 2, 8, 39, 30, 33, 39, 19, 2, 21, 39, 35, 10, 22, 39, 27, 0, 11, 37, 39, 31, 11, 31, 39, 13, 12, 20, 39, 4, 30, 39]
    Edit distance: 13/46

============================================================
Batch 96500 | Val PER: 0.1721
============================================================
  Sample 0:
    TRUE: [31, 17, 0, 19, 27, 2, 28, 17, 39, 27, 17, 19, 2, 22, 28, 16, 8, 11, 8, 39]
    PRED: [0, 0, 19, 11, 28, 39, 27, 10, 14, 19, 0, 22, 30, 2, 8, 39]
    Edit distance: 12/20
  Sample 1:
    TRUE: [27, 16, 7, 39, 26, 11, 7, 2, 28, 30, 39, 28, 10, 34, 27, 2, 20, 39, 28, 5, 22, 8, 39, 20, 16, 31, 2, 14, 27, 1, 13, 28, 39]
    PRED: [35, 17, 19, 39, 26, 3, 27, 7, 2, 30, 39, 10, 34, 2, 20, 39, 28, 5, 22, 37, 39, 20, 10, 20, 2, 1, 13, 39]
    Edit distance: 14/33
  Sample 2:
    TRUE: [28, 24, 39, 27, 33, 20, 37, 39, 35, 17, 39, 21, 12, 8, 39, 16, 22, 39, 2, 22, 2, 6, 1, 29, 30, 39, 19, 2, 20, 33, 38, 2, 22, 39]
    PRED: [9, 4, 39, 27, 33, 20, 37, 39, 35, 17, 39, 21, 12, 8, 39, 16, 22, 39, 16, 22, 11, 34, 10, 28, 39, 19, 2, 20, 33, 38, 2, 22, 39]
    Edit distance: 8/34
  Sample 3:
    TRUE: [20, 3, 27, 17, 37, 39, 19, 0, 28, 30, 33, 21, 39, 22, 17, 8, 2, 8, 39, 6, 20, 1, 19, 39, 14, 20, 2, 34, 37, 39, 30, 33, 39, 6, 17, 39, 19, 2, 21, 26, 20, 17, 30, 20, 17, 39, 10, 20, 2, 14, 2, 22, 30, 39]
    PRED: [27, 5, 27, 28, 39, 19, 1, 28, 30, 2, 21, 39, 22, 17, 8, 39, 6, 0, 19, 39, 27, 5, 13, 6, 39, 30, 33, 39, 6, 17, 39, 19, 2, 21, 26, 17, 30, 20, 11, 39, 10, 20, 2, 22, 8, 39]
    Edit distance: 20/54
  Sample 4:
    TRUE: [9, 2, 39, 30, 33, 31, 39, 13, 10, 27, 17, 39, 13, 11, 14, 0, 30, 39, 30, 33, 39, 19, 2, 21, 39, 35, 10, 22, 39, 27, 0, 18, 11, 37, 39, 30, 33, 31, 39, 13, 10, 20, 39, 4, 30, 39]
    PRED: [9, 2, 39, 30, 27, 33, 31, 39, 34, 4, 27, 17, 39, 27, 16, 30, 0, 19, 30, 2, 39, 30, 33, 39, 19, 2, 21, 39, 35, 10, 22, 39, 27, 0, 11, 37, 39, 31, 11, 31, 39, 13, 12, 20, 39, 4, 30, 39]
    Edit distance: 12/46

============================================================
Batch 97000 | Val PER: 0.1728
============================================================
  Sample 0:
    TRUE: [31, 17, 0, 19, 27, 2, 28, 17, 39, 27, 17, 19, 2, 22, 28, 16, 8, 11, 8, 39]
    PRED: [0, 19, 11, 28, 39, 27, 10, 14, 19, 0, 22, 30, 2, 8, 39]
    Edit distance: 12/20
  Sample 1:
    TRUE: [27, 16, 7, 39, 26, 11, 7, 2, 28, 30, 39, 28, 10, 34, 27, 2, 20, 39, 28, 5, 22, 8, 39, 20, 16, 31, 2, 14, 27, 1, 13, 28, 39]
    PRED: [35, 17, 19, 39, 26, 3, 27, 7, 2, 37, 39, 10, 34, 2, 20, 39, 28, 5, 22, 37, 39, 20, 10, 20, 2, 39, 1, 13, 39]
    Edit distance: 15/33
  Sample 2:
    TRUE: [28, 24, 39, 27, 33, 20, 37, 39, 35, 17, 39, 21, 12, 8, 39, 16, 22, 39, 2, 22, 2, 6, 1, 29, 30, 39, 19, 2, 20, 33, 38, 2, 22, 39]
    PRED: [9, 4, 39, 27, 33, 20, 37, 39, 35, 17, 39, 21, 12, 8, 39, 16, 22, 39, 16, 22, 11, 34, 1, 28, 19, 39, 19, 2, 20, 33, 38, 2, 22, 39]
    Edit distance: 7/34
  Sample 3:
    TRUE: [20, 3, 27, 17, 37, 39, 19, 0, 28, 30, 33, 21, 39, 22, 17, 8, 2, 8, 39, 6, 20, 1, 19, 39, 14, 20, 2, 34, 37, 39, 30, 33, 39, 6, 17, 39, 19, 2, 21, 26, 20, 17, 30, 20, 17, 39, 10, 20, 2, 14, 2, 22, 30, 39]
    PRED: [27, 5, 27, 28, 39, 19, 1, 28, 30, 2, 21, 39, 22, 17, 8, 39, 6, 0, 19, 39, 27, 5, 13, 6, 39, 30, 33, 39, 6, 17, 39, 19, 2, 21, 26, 17, 30, 20, 11, 39, 10, 20, 2, 22, 8, 39]
    Edit distance: 20/54
  Sample 4:
    TRUE: [9, 2, 39, 30, 33, 31, 39, 13, 10, 27, 17, 39, 13, 11, 14, 0, 30, 39, 30, 33, 39, 19, 2, 21, 39, 35, 10, 22, 39, 27, 0, 18, 11, 37, 39, 30, 33, 31, 39, 13, 10, 20, 39, 4, 30, 39]
    PRED: [9, 2, 39, 30, 27, 33, 31, 39, 34, 4, 27, 17, 39, 27, 16, 30, 0, 19, 30, 2, 8, 39, 30, 33, 39, 19, 2, 21, 39, 35, 10, 22, 39, 27, 0, 11, 37, 39, 31, 11, 31, 39, 13, 12, 20, 39, 4, 30, 39]
    Edit distance: 13/46

============================================================
Batch 97500 | Val PER: 0.1725
============================================================
  Sample 0:
    TRUE: [31, 17, 0, 19, 27, 2, 28, 17, 39, 27, 17, 19, 2, 22, 28, 16, 8, 11, 8, 39]
    PRED: [0, 0, 19, 11, 28, 39, 27, 10, 14, 19, 0, 22, 30, 2, 8, 39]
    Edit distance: 12/20
  Sample 1:
    TRUE: [27, 16, 7, 39, 26, 11, 7, 2, 28, 30, 39, 28, 10, 34, 27, 2, 20, 39, 28, 5, 22, 8, 39, 20, 16, 31, 2, 14, 27, 1, 13, 28, 39]
    PRED: [35, 17, 19, 39, 26, 3, 27, 7, 2, 37, 39, 10, 34, 2, 20, 39, 28, 5, 22, 37, 39, 20, 10, 20, 2, 1, 13, 39]
    Edit distance: 15/33
  Sample 2:
    TRUE: [28, 24, 39, 27, 33, 20, 37, 39, 35, 17, 39, 21, 12, 8, 39, 16, 22, 39, 2, 22, 2, 6, 1, 29, 30, 39, 19, 2, 20, 33, 38, 2, 22, 39]
    PRED: [9, 4, 39, 27, 33, 20, 37, 39, 35, 17, 39, 21, 12, 8, 39, 16, 22, 39, 16, 22, 11, 34, 1, 28, 19, 39, 19, 2, 20, 33, 38, 2, 22, 39]
    Edit distance: 7/34
  Sample 3:
    TRUE: [20, 3, 27, 17, 37, 39, 19, 0, 28, 30, 33, 21, 39, 22, 17, 8, 2, 8, 39, 6, 20, 1, 19, 39, 14, 20, 2, 34, 37, 39, 30, 33, 39, 6, 17, 39, 19, 2, 21, 26, 20, 17, 30, 20, 17, 39, 10, 20, 2, 14, 2, 22, 30, 39]
    PRED: [27, 5, 27, 28, 39, 19, 1, 28, 30, 2, 21, 39, 22, 17, 8, 39, 6, 2, 19, 39, 27, 5, 13, 6, 39, 30, 33, 39, 6, 17, 39, 19, 2, 21, 26, 17, 30, 20, 11, 39, 10, 20, 2, 22, 8, 39]
    Edit distance: 20/54
  Sample 4:
    TRUE: [9, 2, 39, 30, 33, 31, 39, 13, 10, 27, 17, 39, 13, 11, 14, 0, 30, 39, 30, 33, 39, 19, 2, 21, 39, 35, 10, 22, 39, 27, 0, 18, 11, 37, 39, 30, 33, 31, 39, 13, 10, 20, 39, 4, 30, 39]
    PRED: [9, 2, 39, 30, 27, 33, 31, 39, 34, 4, 27, 17, 39, 27, 16, 30, 0, 19, 30, 2, 39, 30, 33, 39, 19, 2, 21, 39, 35, 10, 22, 39, 27, 10, 11, 37, 39, 31, 11, 31, 39, 13, 12, 20, 39, 4, 30, 39]
    Edit distance: 13/46

============================================================
Batch 98000 | Val PER: 0.1723
============================================================
  Sample 0:
    TRUE: [31, 17, 0, 19, 27, 2, 28, 17, 39, 27, 17, 19, 2, 22, 28, 16, 8, 11, 8, 39]
    PRED: [0, 0, 19, 11, 28, 39, 27, 10, 14, 0, 22, 30, 2, 8, 39]
    Edit distance: 12/20
  Sample 1:
    TRUE: [27, 16, 7, 39, 26, 11, 7, 2, 28, 30, 39, 28, 10, 34, 27, 2, 20, 39, 28, 5, 22, 8, 39, 20, 16, 31, 2, 14, 27, 1, 13, 28, 39]
    PRED: [35, 17, 19, 39, 26, 3, 27, 7, 2, 30, 39, 10, 34, 2, 20, 39, 28, 5, 22, 37, 39, 20, 10, 20, 2, 39, 27, 1, 13, 39]
    Edit distance: 13/33
  Sample 2:
    TRUE: [28, 24, 39, 27, 33, 20, 37, 39, 35, 17, 39, 21, 12, 8, 39, 16, 22, 39, 2, 22, 2, 6, 1, 29, 30, 39, 19, 2, 20, 33, 38, 2, 22, 39]
    PRED: [9, 4, 39, 27, 33, 20, 37, 39, 35, 17, 39, 21, 12, 8, 39, 16, 22, 39, 16, 22, 11, 34, 1, 28, 19, 39, 19, 2, 20, 33, 38, 2, 22, 39]
    Edit distance: 7/34
  Sample 3:
    TRUE: [20, 3, 27, 17, 37, 39, 19, 0, 28, 30, 33, 21, 39, 22, 17, 8, 2, 8, 39, 6, 20, 1, 19, 39, 14, 20, 2, 34, 37, 39, 30, 33, 39, 6, 17, 39, 19, 2, 21, 26, 20, 17, 30, 20, 17, 39, 10, 20, 2, 14, 2, 22, 30, 39]
    PRED: [27, 5, 27, 28, 39, 19, 1, 28, 30, 2, 21, 39, 22, 17, 8, 39, 6, 0, 19, 39, 27, 5, 13, 6, 39, 30, 33, 39, 6, 17, 39, 19, 2, 21, 26, 17, 30, 20, 11, 39, 10, 20, 2, 22, 8, 39]
    Edit distance: 20/54
  Sample 4:
    TRUE: [9, 2, 39, 30, 33, 31, 39, 13, 10, 27, 17, 39, 13, 11, 14, 0, 30, 39, 30, 33, 39, 19, 2, 21, 39, 35, 10, 22, 39, 27, 0, 18, 11, 37, 39, 30, 33, 31, 39, 13, 10, 20, 39, 4, 30, 39]
    PRED: [9, 2, 39, 30, 27, 33, 31, 39, 34, 4, 27, 17, 39, 27, 16, 30, 0, 19, 30, 2, 39, 30, 33, 39, 19, 2, 21, 39, 35, 10, 22, 39, 27, 10, 17, 11, 37, 39, 31, 11, 31, 39, 13, 12, 20, 39, 4, 30, 39]
    Edit distance: 13/46

============================================================
Batch 98500 | Val PER: 0.1722
============================================================
  Sample 0:
    TRUE: [31, 17, 0, 19, 27, 2, 28, 17, 39, 27, 17, 19, 2, 22, 28, 16, 8, 11, 8, 39]
    PRED: [0, 0, 19, 11, 28, 39, 27, 10, 14, 0, 22, 30, 2, 8, 39]
    Edit distance: 12/20
  Sample 1:
    TRUE: [27, 16, 7, 39, 26, 11, 7, 2, 28, 30, 39, 28, 10, 34, 27, 2, 20, 39, 28, 5, 22, 8, 39, 20, 16, 31, 2, 14, 27, 1, 13, 28, 39]
    PRED: [35, 17, 19, 39, 26, 3, 27, 7, 2, 37, 39, 10, 34, 2, 20, 39, 28, 5, 22, 37, 39, 20, 10, 20, 2, 1, 13, 39]
    Edit distance: 15/33
  Sample 2:
    TRUE: [28, 24, 39, 27, 33, 20, 37, 39, 35, 17, 39, 21, 12, 8, 39, 16, 22, 39, 2, 22, 2, 6, 1, 29, 30, 39, 19, 2, 20, 33, 38, 2, 22, 39]
    PRED: [9, 4, 39, 27, 33, 20, 37, 39, 35, 17, 39, 21, 12, 8, 39, 16, 22, 39, 16, 22, 11, 34, 1, 28, 19, 39, 19, 2, 20, 33, 38, 2, 22, 39]
    Edit distance: 7/34
  Sample 3:
    TRUE: [20, 3, 27, 17, 37, 39, 19, 0, 28, 30, 33, 21, 39, 22, 17, 8, 2, 8, 39, 6, 20, 1, 19, 39, 14, 20, 2, 34, 37, 39, 30, 33, 39, 6, 17, 39, 19, 2, 21, 26, 20, 17, 30, 20, 17, 39, 10, 20, 2, 14, 2, 22, 30, 39]
    PRED: [27, 5, 27, 28, 39, 19, 1, 28, 30, 2, 21, 39, 22, 17, 8, 39, 6, 2, 19, 39, 27, 5, 13, 6, 39, 30, 33, 39, 6, 17, 39, 19, 2, 21, 26, 17, 30, 20, 11, 39, 10, 20, 2, 22, 8, 39]
    Edit distance: 20/54
  Sample 4:
    TRUE: [9, 2, 39, 30, 33, 31, 39, 13, 10, 27, 17, 39, 13, 11, 14, 0, 30, 39, 30, 33, 39, 19, 2, 21, 39, 35, 10, 22, 39, 27, 0, 18, 11, 37, 39, 30, 33, 31, 39, 13, 10, 20, 39, 4, 30, 39]
    PRED: [9, 2, 39, 30, 27, 33, 31, 39, 34, 4, 27, 17, 39, 27, 16, 30, 0, 19, 30, 2, 39, 30, 33, 39, 19, 2, 21, 39, 35, 10, 22, 39, 27, 10, 11, 37, 39, 31, 11, 31, 39, 13, 12, 20, 39, 4, 30, 39]
    Edit distance: 13/46

============================================================
Batch 99000 | Val PER: 0.1726
============================================================
  Sample 0:
    TRUE: [31, 17, 0, 19, 27, 2, 28, 17, 39, 27, 17, 19, 2, 22, 28, 16, 8, 11, 8, 39]
    PRED: [0, 0, 19, 11, 28, 39, 27, 10, 14, 0, 22, 30, 2, 8, 39]
    Edit distance: 12/20
  Sample 1:
    TRUE: [27, 16, 7, 39, 26, 11, 7, 2, 28, 30, 39, 28, 10, 34, 27, 2, 20, 39, 28, 5, 22, 8, 39, 20, 16, 31, 2, 14, 27, 1, 13, 28, 39]
    PRED: [35, 17, 19, 39, 26, 3, 27, 7, 2, 37, 39, 10, 34, 2, 20, 39, 28, 5, 22, 37, 39, 20, 10, 20, 2, 39, 1, 13, 39]
    Edit distance: 15/33
  Sample 2:
    TRUE: [28, 24, 39, 27, 33, 20, 37, 39, 35, 17, 39, 21, 12, 8, 39, 16, 22, 39, 2, 22, 2, 6, 1, 29, 30, 39, 19, 2, 20, 33, 38, 2, 22, 39]
    PRED: [9, 4, 39, 27, 33, 20, 37, 39, 35, 17, 39, 21, 12, 8, 39, 16, 22, 39, 16, 22, 11, 34, 10, 28, 19, 39, 19, 2, 20, 33, 38, 2, 22, 39]
    Edit distance: 8/34
  Sample 3:
    TRUE: [20, 3, 27, 17, 37, 39, 19, 0, 28, 30, 33, 21, 39, 22, 17, 8, 2, 8, 39, 6, 20, 1, 19, 39, 14, 20, 2, 34, 37, 39, 30, 33, 39, 6, 17, 39, 19, 2, 21, 26, 20, 17, 30, 20, 17, 39, 10, 20, 2, 14, 2, 22, 30, 39]
    PRED: [27, 5, 27, 28, 39, 19, 1, 28, 30, 2, 21, 39, 22, 17, 8, 39, 6, 0, 19, 39, 20, 5, 13, 6, 39, 30, 33, 39, 6, 17, 39, 19, 2, 21, 26, 17, 30, 20, 11, 39, 10, 20, 2, 22, 8, 39]
    Edit distance: 19/54
  Sample 4:
    TRUE: [9, 2, 39, 30, 33, 31, 39, 13, 10, 27, 17, 39, 13, 11, 14, 0, 30, 39, 30, 33, 39, 19, 2, 21, 39, 35, 10, 22, 39, 27, 0, 18, 11, 37, 39, 30, 33, 31, 39, 13, 10, 20, 39, 4, 30, 39]
    PRED: [9, 2, 39, 30, 27, 33, 31, 39, 34, 4, 27, 17, 39, 27, 16, 30, 0, 19, 30, 2, 39, 30, 33, 39, 19, 2, 21, 39, 35, 10, 22, 39, 27, 10, 11, 37, 39, 31, 11, 31, 39, 13, 12, 20, 39, 4, 30, 39]
    Edit distance: 13/46

============================================================
Batch 99500 | Val PER: 0.1731
============================================================
  Sample 0:
    TRUE: [31, 17, 0, 19, 27, 2, 28, 17, 39, 27, 17, 19, 2, 22, 28, 16, 8, 11, 8, 39]
    PRED: [0, 0, 19, 11, 28, 39, 27, 10, 14, 19, 0, 22, 30, 2, 16, 8, 39]
    Edit distance: 12/20
  Sample 1:
    TRUE: [27, 16, 7, 39, 26, 11, 7, 2, 28, 30, 39, 28, 10, 34, 27, 2, 20, 39, 28, 5, 22, 8, 39, 20, 16, 31, 2, 14, 27, 1, 13, 28, 39]
    PRED: [35, 17, 19, 39, 26, 3, 27, 7, 2, 30, 39, 10, 34, 2, 20, 39, 28, 5, 22, 37, 39, 20, 10, 20, 2, 39, 1, 13, 39]
    Edit distance: 14/33
  Sample 2:
    TRUE: [28, 24, 39, 27, 33, 20, 37, 39, 35, 17, 39, 21, 12, 8, 39, 16, 22, 39, 2, 22, 2, 6, 1, 29, 30, 39, 19, 2, 20, 33, 38, 2, 22, 39]
    PRED: [9, 4, 39, 27, 33, 20, 37, 39, 35, 17, 39, 21, 12, 8, 39, 16, 22, 39, 16, 22, 11, 34, 1, 28, 39, 19, 2, 20, 33, 38, 2, 22, 39]
    Edit distance: 7/34
  Sample 3:
    TRUE: [20, 3, 27, 17, 37, 39, 19, 0, 28, 30, 33, 21, 39, 22, 17, 8, 2, 8, 39, 6, 20, 1, 19, 39, 14, 20, 2, 34, 37, 39, 30, 33, 39, 6, 17, 39, 19, 2, 21, 26, 20, 17, 30, 20, 17, 39, 10, 20, 2, 14, 2, 22, 30, 39]
    PRED: [27, 5, 27, 28, 39, 19, 1, 28, 30, 2, 21, 39, 22, 17, 8, 39, 6, 0, 19, 39, 20, 5, 13, 6, 39, 30, 33, 39, 6, 17, 39, 19, 2, 21, 26, 17, 30, 20, 11, 39, 10, 20, 2, 22, 8, 39]
    Edit distance: 19/54
  Sample 4:
    TRUE: [9, 2, 39, 30, 33, 31, 39, 13, 10, 27, 17, 39, 13, 11, 14, 0, 30, 39, 30, 33, 39, 19, 2, 21, 39, 35, 10, 22, 39, 27, 0, 18, 11, 37, 39, 30, 33, 31, 39, 13, 10, 20, 39, 4, 30, 39]
    PRED: [9, 2, 39, 30, 27, 33, 31, 39, 34, 4, 27, 17, 39, 27, 16, 30, 0, 19, 30, 2, 39, 30, 33, 39, 19, 2, 21, 39, 35, 10, 22, 39, 27, 10, 11, 37, 39, 31, 11, 31, 39, 13, 12, 20, 39, 4, 30, 39]
    Edit distance: 13/46

============================================================
Batch 100000 | Val PER: 0.1721
============================================================
  Sample 0:
    TRUE: [31, 17, 0, 19, 27, 2, 28, 17, 39, 27, 17, 19, 2, 22, 28, 16, 8, 11, 8, 39]
    PRED: [0, 0, 19, 11, 28, 39, 27, 10, 14, 19, 0, 22, 30, 2, 16, 8, 39]
    Edit distance: 12/20
  Sample 1:
    TRUE: [27, 16, 7, 39, 26, 11, 7, 2, 28, 30, 39, 28, 10, 34, 27, 2, 20, 39, 28, 5, 22, 8, 39, 20, 16, 31, 2, 14, 27, 1, 13, 28, 39]
    PRED: [35, 17, 19, 39, 26, 3, 27, 7, 2, 30, 39, 10, 34, 2, 20, 39, 28, 5, 22, 37, 39, 20, 10, 20, 2, 39, 27, 1, 13, 39]
    Edit distance: 13/33
  Sample 2:
    TRUE: [28, 24, 39, 27, 33, 20, 37, 39, 35, 17, 39, 21, 12, 8, 39, 16, 22, 39, 2, 22, 2, 6, 1, 29, 30, 39, 19, 2, 20, 33, 38, 2, 22, 39]
    PRED: [9, 2, 39, 27, 33, 20, 37, 39, 35, 17, 39, 21, 12, 8, 39, 16, 22, 39, 16, 22, 11, 34, 1, 28, 19, 39, 19, 2, 20, 33, 38, 2, 22, 39]
    Edit distance: 7/34
  Sample 3:
    TRUE: [20, 3, 27, 17, 37, 39, 19, 0, 28, 30, 33, 21, 39, 22, 17, 8, 2, 8, 39, 6, 20, 1, 19, 39, 14, 20, 2, 34, 37, 39, 30, 33, 39, 6, 17, 39, 19, 2, 21, 26, 20, 17, 30, 20, 17, 39, 10, 20, 2, 14, 2, 22, 30, 39]
    PRED: [27, 5, 27, 28, 39, 19, 1, 28, 30, 2, 21, 39, 22, 17, 8, 39, 6, 0, 19, 39, 20, 5, 13, 6, 39, 30, 33, 39, 6, 17, 39, 19, 2, 21, 26, 17, 30, 20, 11, 39, 10, 20, 2, 22, 8, 39]
    Edit distance: 19/54
  Sample 4:
    TRUE: [9, 2, 39, 30, 33, 31, 39, 13, 10, 27, 17, 39, 13, 11, 14, 0, 30, 39, 30, 33, 39, 19, 2, 21, 39, 35, 10, 22, 39, 27, 0, 18, 11, 37, 39, 30, 33, 31, 39, 13, 10, 20, 39, 4, 30, 39]
    PRED: [9, 2, 39, 30, 27, 33, 31, 39, 34, 4, 27, 17, 39, 27, 16, 30, 0, 19, 30, 2, 39, 30, 33, 39, 19, 2, 21, 39, 35, 10, 22, 39, 27, 10, 11, 37, 39, 31, 11, 31, 39, 13, 12, 20, 39, 4, 30, 39]
    Edit distance: 13/46

============================================================
Batch 100500 | Val PER: 0.1722
============================================================
  Sample 0:
    TRUE: [31, 17, 0, 19, 27, 2, 28, 17, 39, 27, 17, 19, 2, 22, 28, 16, 8, 11, 8, 39]
    PRED: [0, 0, 19, 11, 28, 39, 27, 10, 14, 19, 0, 22, 30, 2, 8, 39]
    Edit distance: 12/20
  Sample 1:
    TRUE: [27, 16, 7, 39, 26, 11, 7, 2, 28, 30, 39, 28, 10, 34, 27, 2, 20, 39, 28, 5, 22, 8, 39, 20, 16, 31, 2, 14, 27, 1, 13, 28, 39]
    PRED: [35, 17, 19, 39, 26, 3, 27, 7, 2, 30, 39, 10, 34, 2, 20, 39, 28, 5, 22, 37, 39, 20, 10, 20, 2, 39, 1, 13, 39]
    Edit distance: 14/33
  Sample 2:
    TRUE: [28, 24, 39, 27, 33, 20, 37, 39, 35, 17, 39, 21, 12, 8, 39, 16, 22, 39, 2, 22, 2, 6, 1, 29, 30, 39, 19, 2, 20, 33, 38, 2, 22, 39]
    PRED: [9, 4, 39, 27, 33, 20, 37, 39, 35, 17, 39, 21, 12, 8, 39, 16, 22, 39, 16, 22, 11, 34, 1, 28, 39, 19, 2, 20, 33, 38, 2, 22, 39]
    Edit distance: 7/34
  Sample 3:
    TRUE: [20, 3, 27, 17, 37, 39, 19, 0, 28, 30, 33, 21, 39, 22, 17, 8, 2, 8, 39, 6, 20, 1, 19, 39, 14, 20, 2, 34, 37, 39, 30, 33, 39, 6, 17, 39, 19, 2, 21, 26, 20, 17, 30, 20, 17, 39, 10, 20, 2, 14, 2, 22, 30, 39]
    PRED: [27, 5, 27, 28, 39, 19, 1, 28, 30, 2, 21, 39, 22, 17, 8, 39, 6, 0, 19, 39, 20, 5, 13, 39, 30, 33, 39, 6, 17, 39, 19, 2, 21, 26, 17, 30, 20, 11, 39, 10, 20, 2, 22, 8, 39]
    Edit distance: 19/54
  Sample 4:
    TRUE: [9, 2, 39, 30, 33, 31, 39, 13, 10, 27, 17, 39, 13, 11, 14, 0, 30, 39, 30, 33, 39, 19, 2, 21, 39, 35, 10, 22, 39, 27, 0, 18, 11, 37, 39, 30, 33, 31, 39, 13, 10, 20, 39, 4, 30, 39]
    PRED: [9, 2, 39, 30, 27, 33, 31, 39, 34, 4, 27, 17, 39, 27, 16, 30, 0, 19, 30, 2, 39, 30, 33, 39, 19, 2, 21, 39, 35, 10, 22, 39, 27, 10, 7, 11, 37, 39, 31, 11, 31, 39, 13, 12, 20, 39, 4, 30, 39]
    Edit distance: 13/46

============================================================
Batch 101000 | Val PER: 0.1719
============================================================
  Sample 0:
    TRUE: [31, 17, 0, 19, 27, 2, 28, 17, 39, 27, 17, 19, 2, 22, 28, 16, 8, 11, 8, 39]
    PRED: [0, 0, 19, 11, 28, 39, 27, 10, 14, 19, 0, 22, 30, 2, 16, 8, 39]
    Edit distance: 12/20
  Sample 1:
    TRUE: [27, 16, 7, 39, 26, 11, 7, 2, 28, 30, 39, 28, 10, 34, 27, 2, 20, 39, 28, 5, 22, 8, 39, 20, 16, 31, 2, 14, 27, 1, 13, 28, 39]
    PRED: [35, 17, 19, 39, 26, 3, 27, 7, 2, 30, 39, 10, 34, 2, 20, 39, 28, 5, 22, 37, 39, 20, 10, 20, 2, 39, 1, 13, 39]
    Edit distance: 14/33
  Sample 2:
    TRUE: [28, 24, 39, 27, 33, 20, 37, 39, 35, 17, 39, 21, 12, 8, 39, 16, 22, 39, 2, 22, 2, 6, 1, 29, 30, 39, 19, 2, 20, 33, 38, 2, 22, 39]
    PRED: [9, 4, 39, 27, 33, 20, 37, 39, 35, 17, 39, 21, 12, 8, 39, 16, 22, 39, 16, 22, 11, 34, 1, 28, 19, 39, 19, 2, 20, 33, 38, 2, 22, 39]
    Edit distance: 7/34
  Sample 3:
    TRUE: [20, 3, 27, 17, 37, 39, 19, 0, 28, 30, 33, 21, 39, 22, 17, 8, 2, 8, 39, 6, 20, 1, 19, 39, 14, 20, 2, 34, 37, 39, 30, 33, 39, 6, 17, 39, 19, 2, 21, 26, 20, 17, 30, 20, 17, 39, 10, 20, 2, 14, 2, 22, 30, 39]
    PRED: [27, 5, 27, 28, 39, 19, 1, 28, 30, 2, 21, 39, 22, 17, 8, 39, 6, 0, 19, 39, 20, 5, 13, 39, 30, 33, 39, 6, 17, 39, 19, 2, 21, 26, 17, 30, 20, 11, 39, 10, 20, 2, 22, 8, 39]
    Edit distance: 19/54
  Sample 4:
    TRUE: [9, 2, 39, 30, 33, 31, 39, 13, 10, 27, 17, 39, 13, 11, 14, 0, 30, 39, 30, 33, 39, 19, 2, 21, 39, 35, 10, 22, 39, 27, 0, 18, 11, 37, 39, 30, 33, 31, 39, 13, 10, 20, 39, 4, 30, 39]
    PRED: [9, 2, 39, 30, 27, 33, 31, 39, 34, 4, 27, 17, 39, 27, 16, 30, 0, 19, 30, 2, 39, 30, 33, 39, 19, 2, 21, 39, 35, 10, 22, 39, 27, 10, 7, 17, 11, 37, 39, 31, 11, 31, 39, 13, 12, 20, 39, 4, 30, 39]
    Edit distance: 14/46

============================================================
Batch 101500 | Val PER: 0.1725
============================================================
  Sample 0:
    TRUE: [31, 17, 0, 19, 27, 2, 28, 17, 39, 27, 17, 19, 2, 22, 28, 16, 8, 11, 8, 39]
    PRED: [27, 0, 0, 19, 11, 28, 39, 27, 10, 14, 19, 0, 22, 30, 2, 8, 39]
    Edit distance: 12/20
  Sample 1:
    TRUE: [27, 16, 7, 39, 26, 11, 7, 2, 28, 30, 39, 28, 10, 34, 27, 2, 20, 39, 28, 5, 22, 8, 39, 20, 16, 31, 2, 14, 27, 1, 13, 28, 39]
    PRED: [35, 17, 19, 39, 26, 3, 27, 7, 2, 30, 39, 10, 34, 2, 20, 39, 28, 5, 22, 37, 39, 20, 10, 20, 2, 39, 1, 13, 39]
    Edit distance: 14/33
  Sample 2:
    TRUE: [28, 24, 39, 27, 33, 20, 37, 39, 35, 17, 39, 21, 12, 8, 39, 16, 22, 39, 2, 22, 2, 6, 1, 29, 30, 39, 19, 2, 20, 33, 38, 2, 22, 39]
    PRED: [9, 4, 39, 27, 33, 20, 37, 39, 35, 17, 39, 21, 12, 8, 39, 16, 22, 39, 16, 22, 11, 34, 1, 28, 39, 19, 2, 20, 33, 38, 2, 22, 39]
    Edit distance: 7/34
  Sample 3:
    TRUE: [20, 3, 27, 17, 37, 39, 19, 0, 28, 30, 33, 21, 39, 22, 17, 8, 2, 8, 39, 6, 20, 1, 19, 39, 14, 20, 2, 34, 37, 39, 30, 33, 39, 6, 17, 39, 19, 2, 21, 26, 20, 17, 30, 20, 17, 39, 10, 20, 2, 14, 2, 22, 30, 39]
    PRED: [27, 5, 27, 28, 39, 19, 1, 28, 30, 2, 21, 39, 22, 17, 8, 39, 6, 0, 19, 39, 20, 5, 13, 39, 30, 33, 39, 6, 17, 39, 19, 2, 21, 26, 17, 30, 20, 11, 39, 10, 20, 2, 22, 8, 39]
    Edit distance: 19/54
  Sample 4:
    TRUE: [9, 2, 39, 30, 33, 31, 39, 13, 10, 27, 17, 39, 13, 11, 14, 0, 30, 39, 30, 33, 39, 19, 2, 21, 39, 35, 10, 22, 39, 27, 0, 18, 11, 37, 39, 30, 33, 31, 39, 13, 10, 20, 39, 4, 30, 39]
    PRED: [9, 2, 39, 30, 27, 33, 31, 39, 34, 4, 27, 17, 39, 27, 16, 30, 0, 19, 30, 2, 39, 30, 33, 39, 19, 2, 21, 39, 35, 10, 22, 39, 27, 10, 7, 17, 11, 37, 39, 31, 11, 31, 39, 13, 12, 20, 39, 4, 30, 39]
    Edit distance: 14/46

============================================================
Batch 102000 | Val PER: 0.1720
============================================================
  Sample 0:
    TRUE: [31, 17, 0, 19, 27, 2, 28, 17, 39, 27, 17, 19, 2, 22, 28, 16, 8, 11, 8, 39]
    PRED: [27, 0, 0, 19, 11, 28, 39, 27, 10, 14, 19, 0, 22, 30, 2, 8, 39]
    Edit distance: 12/20
  Sample 1:
    TRUE: [27, 16, 7, 39, 26, 11, 7, 2, 28, 30, 39, 28, 10, 34, 27, 2, 20, 39, 28, 5, 22, 8, 39, 20, 16, 31, 2, 14, 27, 1, 13, 28, 39]
    PRED: [35, 17, 19, 39, 26, 0, 27, 7, 2, 30, 39, 10, 34, 2, 20, 39, 28, 5, 22, 37, 39, 20, 10, 20, 2, 39, 1, 13, 39]
    Edit distance: 14/33
  Sample 2:
    TRUE: [28, 24, 39, 27, 33, 20, 37, 39, 35, 17, 39, 21, 12, 8, 39, 16, 22, 39, 2, 22, 2, 6, 1, 29, 30, 39, 19, 2, 20, 33, 38, 2, 22, 39]
    PRED: [9, 4, 39, 27, 33, 20, 37, 39, 35, 17, 39, 21, 12, 8, 39, 16, 22, 39, 16, 22, 11, 34, 1, 28, 39, 19, 2, 20, 33, 38, 2, 22, 39]
    Edit distance: 7/34
  Sample 3:
    TRUE: [20, 3, 27, 17, 37, 39, 19, 0, 28, 30, 33, 21, 39, 22, 17, 8, 2, 8, 39, 6, 20, 1, 19, 39, 14, 20, 2, 34, 37, 39, 30, 33, 39, 6, 17, 39, 19, 2, 21, 26, 20, 17, 30, 20, 17, 39, 10, 20, 2, 14, 2, 22, 30, 39]
    PRED: [27, 5, 27, 28, 39, 19, 1, 28, 30, 2, 21, 39, 22, 17, 8, 39, 6, 0, 19, 39, 20, 5, 13, 6, 39, 30, 33, 39, 6, 17, 39, 19, 2, 21, 26, 17, 30, 20, 11, 39, 10, 20, 2, 22, 39]
    Edit distance: 19/54
  Sample 4:
    TRUE: [9, 2, 39, 30, 33, 31, 39, 13, 10, 27, 17, 39, 13, 11, 14, 0, 30, 39, 30, 33, 39, 19, 2, 21, 39, 35, 10, 22, 39, 27, 0, 18, 11, 37, 39, 30, 33, 31, 39, 13, 10, 20, 39, 4, 30, 39]
    PRED: [9, 2, 39, 30, 27, 33, 31, 39, 34, 4, 27, 17, 39, 27, 16, 30, 0, 19, 30, 2, 39, 30, 33, 39, 19, 2, 21, 39, 35, 10, 22, 39, 27, 10, 17, 11, 37, 39, 31, 11, 31, 39, 13, 12, 20, 39, 4, 30, 39]
    Edit distance: 13/46

============================================================
Batch 102500 | Val PER: 0.1723
============================================================
  Sample 0:
    TRUE: [31, 17, 0, 19, 27, 2, 28, 17, 39, 27, 17, 19, 2, 22, 28, 16, 8, 11, 8, 39]
    PRED: [27, 0, 0, 19, 11, 28, 39, 27, 10, 14, 19, 0, 22, 30, 2, 8, 39]
    Edit distance: 12/20
  Sample 1:
    TRUE: [27, 16, 7, 39, 26, 11, 7, 2, 28, 30, 39, 28, 10, 34, 27, 2, 20, 39, 28, 5, 22, 8, 39, 20, 16, 31, 2, 14, 27, 1, 13, 28, 39]
    PRED: [35, 17, 19, 39, 26, 3, 27, 7, 2, 30, 39, 10, 34, 2, 20, 39, 28, 5, 22, 37, 39, 20, 10, 20, 2, 39, 1, 13, 39]
    Edit distance: 14/33
  Sample 2:
    TRUE: [28, 24, 39, 27, 33, 20, 37, 39, 35, 17, 39, 21, 12, 8, 39, 16, 22, 39, 2, 22, 2, 6, 1, 29, 30, 39, 19, 2, 20, 33, 38, 2, 22, 39]
    PRED: [9, 4, 39, 27, 33, 20, 37, 39, 35, 17, 39, 21, 12, 8, 39, 16, 22, 39, 16, 22, 11, 34, 1, 28, 39, 19, 2, 20, 33, 38, 2, 22, 39]
    Edit distance: 7/34
  Sample 3:
    TRUE: [20, 3, 27, 17, 37, 39, 19, 0, 28, 30, 33, 21, 39, 22, 17, 8, 2, 8, 39, 6, 20, 1, 19, 39, 14, 20, 2, 34, 37, 39, 30, 33, 39, 6, 17, 39, 19, 2, 21, 26, 20, 17, 30, 20, 17, 39, 10, 20, 2, 14, 2, 22, 30, 39]
    PRED: [27, 5, 27, 28, 39, 19, 1, 28, 30, 2, 21, 39, 22, 17, 8, 39, 6, 0, 19, 39, 20, 5, 13, 6, 39, 30, 33, 39, 6, 17, 39, 19, 2, 21, 26, 17, 30, 20, 11, 39, 10, 20, 2, 22, 8, 39]
    Edit distance: 19/54
  Sample 4:
    TRUE: [9, 2, 39, 30, 33, 31, 39, 13, 10, 27, 17, 39, 13, 11, 14, 0, 30, 39, 30, 33, 39, 19, 2, 21, 39, 35, 10, 22, 39, 27, 0, 18, 11, 37, 39, 30, 33, 31, 39, 13, 10, 20, 39, 4, 30, 39]
    PRED: [9, 2, 39, 30, 27, 33, 31, 39, 34, 4, 27, 17, 39, 27, 16, 30, 0, 19, 30, 2, 39, 30, 33, 39, 19, 2, 21, 39, 35, 10, 22, 39, 27, 10, 17, 11, 37, 39, 31, 11, 31, 39, 13, 12, 20, 39, 4, 30, 39]
    Edit distance: 13/46

============================================================
Batch 103000 | Val PER: 0.1727
============================================================
  Sample 0:
    TRUE: [31, 17, 0, 19, 27, 2, 28, 17, 39, 27, 17, 19, 2, 22, 28, 16, 8, 11, 8, 39]
    PRED: [27, 0, 0, 19, 11, 28, 39, 27, 10, 14, 19, 0, 22, 30, 2, 16, 8, 39]
    Edit distance: 12/20
  Sample 1:
    TRUE: [27, 16, 7, 39, 26, 11, 7, 2, 28, 30, 39, 28, 10, 34, 27, 2, 20, 39, 28, 5, 22, 8, 39, 20, 16, 31, 2, 14, 27, 1, 13, 28, 39]
    PRED: [35, 17, 19, 39, 26, 3, 27, 7, 2, 30, 39, 10, 34, 2, 20, 39, 28, 5, 22, 37, 39, 20, 10, 20, 2, 39, 1, 13, 39]
    Edit distance: 14/33
  Sample 2:
    TRUE: [28, 24, 39, 27, 33, 20, 37, 39, 35, 17, 39, 21, 12, 8, 39, 16, 22, 39, 2, 22, 2, 6, 1, 29, 30, 39, 19, 2, 20, 33, 38, 2, 22, 39]
    PRED: [9, 4, 39, 27, 33, 20, 37, 39, 35, 17, 39, 21, 12, 8, 39, 16, 22, 39, 16, 22, 11, 34, 1, 28, 39, 19, 2, 20, 33, 38, 2, 22, 39]
    Edit distance: 7/34
  Sample 3:
    TRUE: [20, 3, 27, 17, 37, 39, 19, 0, 28, 30, 33, 21, 39, 22, 17, 8, 2, 8, 39, 6, 20, 1, 19, 39, 14, 20, 2, 34, 37, 39, 30, 33, 39, 6, 17, 39, 19, 2, 21, 26, 20, 17, 30, 20, 17, 39, 10, 20, 2, 14, 2, 22, 30, 39]
    PRED: [27, 5, 27, 28, 39, 19, 1, 28, 30, 2, 21, 39, 22, 17, 8, 39, 6, 0, 19, 39, 20, 5, 13, 39, 30, 33, 39, 6, 17, 39, 19, 2, 21, 26, 17, 30, 20, 11, 39, 10, 20, 2, 22, 8, 39]
    Edit distance: 19/54
  Sample 4:
    TRUE: [9, 2, 39, 30, 33, 31, 39, 13, 10, 27, 17, 39, 13, 11, 14, 0, 30, 39, 30, 33, 39, 19, 2, 21, 39, 35, 10, 22, 39, 27, 0, 18, 11, 37, 39, 30, 33, 31, 39, 13, 10, 20, 39, 4, 30, 39]
    PRED: [9, 2, 39, 30, 27, 33, 31, 39, 34, 4, 27, 17, 39, 27, 16, 30, 0, 19, 30, 2, 39, 30, 33, 39, 19, 2, 21, 39, 35, 10, 22, 39, 27, 10, 17, 11, 37, 39, 31, 11, 31, 39, 13, 12, 20, 39, 4, 30, 39]
    Edit distance: 13/46
