
============================================================
Batch 0 | Val PER: 1.7085
============================================================
  Sample 0:
    TRUE: [31, 17, 0, 19, 27, 2, 28, 17, 39, 27, 17, 19, 2, 22, 28, 16, 8, 11, 8, 39]
    PRED: [37, 13, 31, 13, 32, 35, 22, 25, 22, 13, 22, 16, 28, 18, 37, 32, 0, 10, 26, 29, 35, 14, 26, 12, 25, 33, 25, 10, 29, 17, 1, 10, 17, 13, 17, 29, 17, 9, 28, 39, 0]
    Edit distance: 37/20
  Sample 1:
    TRUE: [27, 16, 7, 39, 26, 11, 7, 2, 28, 30, 39, 28, 10, 34, 27, 2, 20, 39, 28, 5, 22, 8, 39, 20, 16, 31, 2, 14, 27, 1, 13, 28, 39]
    PRED: [6, 32, 21, 7, 22, 28, 14, 5, 26, 6, 32, 34, 25, 6, 23, 27, 3, 32, 32, 27, 22, 37, 26, 30, 38, 30, 10, 27, 25, 5, 36, 9, 0, 32, 6, 27, 32, 10, 35, 27, 34, 27, 32, 27, 3, 18, 38, 6, 25, 7, 25, 10, 25, 37, 10, 0, 26, 15, 0, 36, 31, 15]
    Edit distance: 56/33
  Sample 2:
    TRUE: [28, 24, 39, 27, 33, 20, 37, 39, 35, 17, 39, 21, 12, 8, 39, 16, 22, 39, 2, 22, 2, 6, 1, 29, 30, 39, 19, 2, 20, 33, 38, 2, 22, 39]
    PRED: [6, 12, 2, 20, 2, 30, 22, 36, 32, 16, 27, 4, 32, 16, 34, 38, 32, 35, 7, 18, 36, 6, 23, 22, 5, 9, 5, 27, 16, 32, 30, 22, 9, 38, 7, 33, 37, 29, 6, 25, 6, 29, 9, 32, 22, 9, 22, 10, 27, 38, 27, 9, 29, 9, 30, 25, 9, 25, 23, 36, 17, 33, 29, 33, 32, 28, 17, 13, 28, 36, 6, 37, 11, 33, 36, 13, 17, 31, 17]
    Edit distance: 71/34
  Sample 3:
    TRUE: [20, 3, 27, 17, 37, 39, 19, 0, 28, 30, 33, 21, 39, 22, 17, 8, 2, 8, 39, 6, 20, 1, 19, 39, 14, 20, 2, 34, 37, 39, 30, 33, 39, 6, 17, 39, 19, 2, 21, 26, 20, 17, 30, 20, 17, 39, 10, 20, 2, 14, 2, 22, 30, 39]
    PRED: [13, 30, 31, 28, 32, 13, 32, 13, 16, 22, 20, 33, 22, 32, 6, 7, 12, 22, 30, 35, 23, 10, 22, 23, 9, 7, 33, 1, 32, 38, 39, 7, 38, 32, 9, 5, 20, 5, 29, 6, 30, 33, 5, 9, 12, 9, 19, 9, 38, 7, 27, 6, 30, 27, 38, 22, 26, 22, 2, 34, 20, 21, 30, 34, 22, 38, 1, 30, 3, 6, 7, 16, 10, 32, 10, 22, 32, 2, 0, 17, 11, 37, 25, 36, 14, 27, 32, 27, 16, 32, 16, 9, 35, 9, 25, 19, 25, 36, 17, 11, 13, 28, 17, 36, 11]
    Edit distance: 92/54
  Sample 4:
    TRUE: [9, 2, 39, 30, 33, 31, 39, 13, 10, 27, 17, 39, 13, 11, 14, 0, 30, 39, 30, 33, 39, 19, 2, 21, 39, 35, 10, 22, 39, 27, 0, 18, 11, 37, 39, 30, 33, 31, 39, 13, 10, 20, 39, 4, 30, 39]
    PRED: [36, 14, 33, 32, 35, 27, 22, 8, 39, 26, 31, 8, 31, 32, 7, 20, 39, 23, 15, 37, 17, 3, 19, 26, 32, 29, 34, 32, 30, 32, 36, 20, 30, 1, 30, 10, 32, 7, 27, 32, 38, 39, 9, 2, 16, 34, 30, 34, 28, 7, 9, 28, 32, 11, 1, 26, 22, 30, 6, 30, 7, 25, 5, 9, 0, 36, 14, 26, 14, 31, 16, 14, 29, 5, 15, 14, 17, 32, 26, 14, 32, 9, 22, 14, 17, 37, 9, 29, 36, 11, 9, 30, 37, 26, 22, 8, 20, 2, 23, 28, 11, 28, 26, 25, 22, 32, 25, 18, 37, 3, 25, 17, 10, 17, 30, 17, 15, 30, 13, 36, 13, 15, 36, 11]
    Edit distance: 110/46

============================================================
Batch 0 | Val PER: 1.6768
============================================================
  Sample 0:
    TRUE: [31, 17, 0, 19, 27, 2, 28, 17, 39, 27, 17, 19, 2, 22, 28, 16, 8, 11, 8, 39]
    PRED: [30, 26, 25, 5, 26, 30, 12, 10, 25, 29, 12, 0, 9, 12, 38, 25, 20, 38, 36, 12, 38, 5, 36, 26, 4, 9, 14, 18, 15, 18, 15, 20, 36, 7, 36, 39, 15, 20, 36]
    Edit distance: 37/20
  Sample 1:
    TRUE: [27, 16, 7, 39, 26, 11, 7, 2, 28, 30, 39, 28, 10, 34, 27, 2, 20, 39, 28, 5, 22, 8, 39, 20, 16, 31, 2, 14, 27, 1, 13, 28, 39]
    PRED: [35, 30, 1, 14, 30, 6, 20, 30, 6, 38, 27, 11, 35, 16, 12, 10, 8, 12, 16, 17, 16, 29, 8, 5, 29, 4, 16, 9, 16, 20, 18, 20, 35, 11, 12, 31, 15, 8, 21, 29, 3, 12, 3, 2, 5, 3, 38, 19, 18, 0, 7, 38, 20, 0, 5, 38, 3, 13, 23, 13, 21, 16, 32, 29, 19, 14, 19, 34, 17, 36, 15, 36, 15]
    Edit distance: 66/33
  Sample 2:
    TRUE: [28, 24, 39, 27, 33, 20, 37, 39, 35, 17, 39, 21, 12, 8, 39, 16, 22, 39, 2, 22, 2, 6, 1, 29, 30, 39, 19, 2, 20, 33, 38, 2, 22, 39]
    PRED: [20, 11, 22, 30, 1, 26, 0, 12, 7, 30, 3, 34, 8, 7, 11, 0, 10, 12, 11, 16, 20, 16, 8, 27, 1, 26, 30, 10, 25, 30, 27, 8, 16, 20, 16, 10, 13, 20, 12, 29, 20, 16, 21, 32, 10, 13, 8, 13, 12, 30, 7, 32, 30, 24, 24, 21, 11, 17, 31, 17, 31, 19, 3, 1, 15, 24, 6, 32, 20, 0, 20, 38, 27, 26, 6, 20, 19, 17, 6, 36, 15]
    Edit distance: 74/34
  Sample 3:
    TRUE: [20, 3, 27, 17, 37, 39, 19, 0, 28, 30, 33, 21, 39, 22, 17, 8, 2, 8, 39, 6, 20, 1, 19, 39, 14, 20, 2, 34, 37, 39, 30, 33, 39, 6, 17, 39, 19, 2, 21, 26, 20, 17, 30, 20, 17, 39, 10, 20, 2, 14, 2, 22, 30, 39]
    PRED: [17, 25, 13, 21, 5, 6, 3, 1, 32, 21, 7, 12, 8, 12, 14, 12, 26, 10, 30, 8, 16, 8, 12, 30, 11, 8, 25, 3, 5, 19, 3, 20, 30, 24, 20, 30, 24, 3, 7, 26, 19, 4, 30, 11, 12, 38, 9, 24, 34, 37, 14, 34, 21, 12, 1, 11, 25, 11, 16, 13, 20, 13, 14, 10, 30, 20, 0, 20, 16, 20, 12, 20, 24, 20, 28, 30, 34, 1, 7, 30, 13, 27, 20, 22, 38, 10, 19, 2, 31, 18, 31, 5, 1, 29, 5, 0, 21, 7, 23, 0, 10, 29, 21, 14, 31, 4, 15, 4, 15, 4, 15]
    Edit distance: 98/54
  Sample 4:
    TRUE: [9, 2, 39, 30, 33, 31, 39, 13, 10, 27, 17, 39, 13, 11, 14, 0, 30, 39, 30, 33, 39, 19, 2, 21, 39, 35, 10, 22, 39, 27, 0, 18, 11, 37, 39, 30, 33, 31, 39, 13, 10, 20, 39, 4, 30, 39]
    PRED: [17, 3, 29, 5, 28, 14, 36, 2, 38, 1, 21, 13, 14, 5, 16, 12, 38, 18, 2, 32, 18, 32, 20, 28, 39, 15, 12, 22, 33, 31, 37, 1, 39, 13, 10, 30, 0, 33, 36, 37, 12, 6, 6, 20, 3, 12, 13, 31, 24, 3, 2, 24, 12, 37, 20, 21, 14, 8, 35, 14, 31, 29, 10, 13, 20, 13, 20, 12, 24, 34, 7, 3, 36, 6, 13, 15, 1, 33, 3, 37, 28, 8, 10, 12, 36, 29, 19, 39, 31, 5, 23, 38, 39, 35, 6, 38, 36, 20, 35, 38, 36, 20, 23, 32, 18, 0, 7, 2, 20, 29, 18, 15, 24, 15, 19]
    Edit distance: 100/46

============================================================
Batch 500 | Val PER: 0.6472
============================================================
  Sample 0:
    TRUE: [31, 17, 0, 19, 27, 2, 28, 17, 39, 27, 17, 19, 2, 22, 28, 16, 8, 11, 8, 39]
    PRED: [28, 39, 39, 39]
    Edit distance: 17/20
  Sample 1:
    TRUE: [27, 16, 7, 39, 26, 11, 7, 2, 28, 30, 39, 28, 10, 34, 27, 2, 20, 39, 28, 5, 22, 8, 39, 20, 16, 31, 2, 14, 27, 1, 13, 28, 39]
    PRED: [30, 39, 39, 39]
    Edit distance: 29/33
  Sample 2:
    TRUE: [28, 24, 39, 27, 33, 20, 37, 39, 35, 17, 39, 21, 12, 8, 39, 16, 22, 39, 2, 22, 2, 6, 1, 29, 30, 39, 19, 2, 20, 33, 38, 2, 22, 39]
    PRED: [39, 39, 21, 39, 39, 39, 27, 39, 39]
    Edit distance: 27/34
  Sample 3:
    TRUE: [20, 3, 27, 17, 37, 39, 19, 0, 28, 30, 33, 21, 39, 22, 17, 8, 2, 8, 39, 6, 20, 1, 19, 39, 14, 20, 2, 34, 37, 39, 30, 33, 39, 6, 17, 39, 19, 2, 21, 26, 20, 17, 30, 20, 17, 39, 10, 20, 2, 14, 2, 22, 30, 39]
    PRED: [39, 39, 30, 39, 39, 39, 39, 39, 9, 39, 39]
    Edit distance: 45/54
  Sample 4:
    TRUE: [9, 2, 39, 30, 33, 31, 39, 13, 10, 27, 17, 39, 13, 11, 14, 0, 30, 39, 30, 33, 39, 19, 2, 21, 39, 35, 10, 22, 39, 27, 0, 18, 11, 37, 39, 30, 33, 31, 39, 13, 10, 20, 39, 4, 30, 39]
    PRED: [39, 39, 39, 11, 30, 19, 30, 39, 39, 21, 39, 39, 39, 39, 39, 39]
    Edit distance: 32/46

============================================================
Batch 1000 | Val PER: 0.5617
============================================================
  Sample 0:
    TRUE: [31, 17, 0, 19, 27, 2, 28, 17, 39, 27, 17, 19, 2, 22, 28, 16, 8, 11, 8, 39]
    PRED: [39, 39]
    Edit distance: 18/20
  Sample 1:
    TRUE: [27, 16, 7, 39, 26, 11, 7, 2, 28, 30, 39, 28, 10, 34, 27, 2, 20, 39, 28, 5, 22, 8, 39, 20, 16, 31, 2, 14, 27, 1, 13, 28, 39]
    PRED: [19, 37, 39, 34, 39, 1, 8, 39, 16, 11, 39]
    Edit distance: 26/33
  Sample 2:
    TRUE: [28, 24, 39, 27, 33, 20, 37, 39, 35, 17, 39, 21, 12, 8, 39, 16, 22, 39, 2, 22, 2, 6, 1, 29, 30, 39, 19, 2, 20, 33, 38, 2, 22, 39]
    PRED: [39, 39, 20, 39, 39, 21, 22, 39, 22, 39, 37, 39, 22, 39]
    Edit distance: 23/34
  Sample 3:
    TRUE: [20, 3, 27, 17, 37, 39, 19, 0, 28, 30, 33, 21, 39, 22, 17, 8, 2, 8, 39, 6, 20, 1, 19, 39, 14, 20, 2, 34, 37, 39, 30, 33, 39, 6, 17, 39, 19, 2, 21, 26, 20, 17, 30, 20, 17, 39, 10, 20, 2, 14, 2, 22, 30, 39]
    PRED: [39, 1, 39, 39, 26, 19, 39, 37, 39, 39, 6, 39, 21, 39, 22, 8, 39]
    Edit distance: 40/54
  Sample 4:
    TRUE: [9, 2, 39, 30, 33, 31, 39, 13, 10, 27, 17, 39, 13, 11, 14, 0, 30, 39, 30, 33, 39, 19, 2, 21, 39, 35, 10, 22, 39, 27, 0, 18, 11, 37, 39, 30, 33, 31, 39, 13, 10, 20, 39, 4, 30, 39]
    PRED: [9, 39, 39, 39, 6, 30, 39, 39, 21, 39, 22, 39, 35, 39, 39, 33, 39, 39, 30, 39]
    Edit distance: 29/46

============================================================
Batch 1500 | Val PER: 0.5245
============================================================
  Sample 0:
    TRUE: [31, 17, 0, 19, 27, 2, 28, 17, 39, 27, 17, 19, 2, 22, 28, 16, 8, 11, 8, 39]
    PRED: [28, 30, 23, 39, 16, 8, 39]
    Edit distance: 16/20
  Sample 1:
    TRUE: [27, 16, 7, 39, 26, 11, 7, 2, 28, 30, 39, 28, 10, 34, 27, 2, 20, 39, 28, 5, 22, 8, 39, 20, 16, 31, 2, 14, 27, 1, 13, 28, 39]
    PRED: [28, 30, 39, 34, 39, 1, 22, 8, 39, 16, 39]
    Edit distance: 23/33
  Sample 2:
    TRUE: [28, 24, 39, 27, 33, 20, 37, 39, 35, 17, 39, 21, 12, 8, 39, 16, 22, 39, 2, 22, 2, 6, 1, 29, 30, 39, 19, 2, 20, 33, 38, 2, 22, 39]
    PRED: [39, 20, 37, 39, 6, 17, 39, 21, 22, 39, 22, 39, 22, 37, 28, 39, 22, 39]
    Edit distance: 20/34
  Sample 3:
    TRUE: [20, 3, 27, 17, 37, 39, 19, 0, 28, 30, 33, 21, 39, 22, 17, 8, 2, 8, 39, 6, 20, 1, 19, 39, 14, 20, 2, 34, 37, 39, 30, 33, 39, 6, 17, 39, 19, 2, 21, 26, 20, 17, 30, 20, 17, 39, 10, 20, 2, 14, 2, 22, 30, 39]
    PRED: [27, 39, 15, 1, 2, 21, 39, 16, 39, 6, 19, 39, 39, 33, 39, 6, 39, 21, 26, 9, 39, 22, 39]
    Edit distance: 36/54
  Sample 4:
    TRUE: [9, 2, 39, 30, 33, 31, 39, 13, 10, 27, 17, 39, 13, 11, 14, 0, 30, 39, 30, 33, 39, 19, 2, 21, 39, 35, 10, 22, 39, 27, 0, 18, 11, 37, 39, 30, 33, 31, 39, 13, 10, 20, 39, 4, 30, 39]
    PRED: [9, 39, 39, 9, 37, 39, 19, 30, 39, 39, 21, 39, 22, 39, 35, 39, 33, 39, 39, 4, 30, 39]
    Edit distance: 28/46

============================================================
Batch 2000 | Val PER: 0.5161
============================================================
  Sample 0:
    TRUE: [31, 17, 0, 19, 27, 2, 28, 17, 39, 27, 17, 19, 2, 22, 28, 16, 8, 11, 8, 39]
    PRED: [39, 8, 39]
    Edit distance: 17/20
  Sample 1:
    TRUE: [27, 16, 7, 39, 26, 11, 7, 2, 28, 30, 39, 28, 10, 34, 27, 2, 20, 39, 28, 5, 22, 8, 39, 20, 16, 31, 2, 14, 27, 1, 13, 28, 39]
    PRED: [19, 39, 30, 39, 34, 39, 1, 22, 22, 8, 39, 16, 39]
    Edit distance: 23/33
  Sample 2:
    TRUE: [28, 24, 39, 27, 33, 20, 37, 39, 35, 17, 39, 21, 12, 8, 39, 16, 22, 39, 2, 22, 2, 6, 1, 29, 30, 39, 19, 2, 20, 33, 38, 2, 22, 39]
    PRED: [39, 39, 20, 37, 39, 39, 21, 22, 8, 39, 22, 39, 22, 10, 30, 28, 39, 22, 39]
    Edit distance: 20/34
  Sample 3:
    TRUE: [20, 3, 27, 17, 37, 39, 19, 0, 28, 30, 33, 21, 39, 22, 17, 8, 2, 8, 39, 6, 20, 1, 19, 39, 14, 20, 2, 34, 37, 39, 30, 33, 39, 6, 17, 39, 19, 2, 21, 26, 20, 17, 30, 20, 17, 39, 10, 20, 2, 14, 2, 22, 30, 39]
    PRED: [39, 15, 2, 39, 16, 39, 6, 19, 39, 20, 34, 39, 33, 39, 6, 39, 21, 26, 9, 39, 22, 39]
    Edit distance: 36/54
  Sample 4:
    TRUE: [9, 2, 39, 30, 33, 31, 39, 13, 10, 27, 17, 39, 13, 11, 14, 0, 30, 39, 30, 33, 39, 19, 2, 21, 39, 35, 10, 22, 39, 27, 0, 18, 11, 37, 39, 30, 33, 31, 39, 13, 10, 20, 39, 4, 30, 39]
    PRED: [9, 2, 39, 33, 34, 39, 9, 39, 30, 39, 39, 21, 39, 22, 39, 35, 39, 33, 39, 39, 4, 30, 39]
    Edit distance: 26/46

============================================================
Batch 2500 | Val PER: 0.4813
============================================================
  Sample 0:
    TRUE: [31, 17, 0, 19, 27, 2, 28, 17, 39, 27, 17, 19, 2, 22, 28, 16, 8, 11, 8, 39]
    PRED: [2, 28, 28, 39, 22, 8, 39]
    Edit distance: 14/20
  Sample 1:
    TRUE: [27, 16, 7, 39, 26, 11, 7, 2, 28, 30, 39, 28, 10, 34, 27, 2, 20, 39, 28, 5, 22, 8, 39, 20, 16, 31, 2, 14, 27, 1, 13, 28, 39]
    PRED: [19, 39, 26, 25, 30, 39, 34, 39, 28, 1, 22, 8, 39, 16, 28, 28, 39]
    Edit distance: 20/33
  Sample 2:
    TRUE: [28, 24, 39, 27, 33, 20, 37, 39, 35, 17, 39, 21, 12, 8, 39, 16, 22, 39, 2, 22, 2, 6, 1, 29, 30, 39, 19, 2, 20, 33, 38, 2, 22, 39]
    PRED: [24, 39, 20, 37, 39, 6, 17, 39, 21, 22, 8, 39, 22, 39, 22, 2, 10, 1, 37, 39, 2, 22, 39]
    Edit distance: 15/34
  Sample 3:
    TRUE: [20, 3, 27, 17, 37, 39, 19, 0, 28, 30, 33, 21, 39, 22, 17, 8, 2, 8, 39, 6, 20, 1, 19, 39, 14, 20, 2, 34, 37, 39, 30, 33, 39, 6, 17, 39, 19, 2, 21, 26, 20, 17, 30, 20, 17, 39, 10, 20, 2, 14, 2, 22, 30, 39]
    PRED: [27, 39, 15, 1, 19, 2, 39, 17, 39, 6, 19, 39, 2, 37, 39, 33, 39, 6, 17, 20, 39, 21, 26, 2, 39, 20, 22, 39]
    Edit distance: 33/54
  Sample 4:
    TRUE: [9, 2, 39, 30, 33, 31, 39, 13, 10, 27, 17, 39, 13, 11, 14, 0, 30, 39, 30, 33, 39, 19, 2, 21, 39, 35, 10, 22, 39, 27, 0, 18, 11, 37, 39, 30, 33, 31, 39, 13, 10, 20, 39, 4, 30, 39]
    PRED: [9, 2, 39, 33, 37, 39, 37, 39, 13, 30, 2, 30, 39, 33, 39, 21, 39, 22, 39, 35, 39, 33, 39, 39, 4, 30, 39]
    Edit distance: 24/46

============================================================
Batch 3000 | Val PER: 0.4770
============================================================
  Sample 0:
    TRUE: [31, 17, 0, 19, 27, 2, 28, 17, 39, 27, 17, 19, 2, 22, 28, 16, 8, 11, 8, 39]
    PRED: [28, 39, 39]
    Edit distance: 17/20
  Sample 1:
    TRUE: [27, 16, 7, 39, 26, 11, 7, 2, 28, 30, 39, 28, 10, 34, 27, 2, 20, 39, 28, 5, 22, 8, 39, 20, 16, 31, 2, 14, 27, 1, 13, 28, 39]
    PRED: [28, 39, 26, 28, 39, 34, 39, 1, 22, 8, 39, 16, 13, 39]
    Edit distance: 21/33
  Sample 2:
    TRUE: [28, 24, 39, 27, 33, 20, 37, 39, 35, 17, 39, 21, 12, 8, 39, 16, 22, 39, 2, 22, 2, 6, 1, 29, 30, 39, 19, 2, 20, 33, 38, 2, 22, 39]
    PRED: [39, 39, 20, 37, 39, 6, 17, 39, 21, 22, 8, 39, 22, 39, 22, 28, 39, 22, 39]
    Edit distance: 19/34
  Sample 3:
    TRUE: [20, 3, 27, 17, 37, 39, 19, 0, 28, 30, 33, 21, 39, 22, 17, 8, 2, 8, 39, 6, 20, 1, 19, 39, 14, 20, 2, 34, 37, 39, 30, 33, 39, 6, 17, 39, 19, 2, 21, 26, 20, 17, 30, 20, 17, 39, 10, 20, 2, 14, 2, 22, 30, 39]
    PRED: [27, 39, 19, 15, 28, 1, 2, 39, 17, 39, 6, 19, 39, 19, 37, 39, 33, 39, 6, 17, 39, 21, 26, 39, 22, 39]
    Edit distance: 32/54
  Sample 4:
    TRUE: [9, 2, 39, 30, 33, 31, 39, 13, 10, 27, 17, 39, 13, 11, 14, 0, 30, 39, 30, 33, 39, 19, 2, 21, 39, 35, 10, 22, 39, 27, 0, 18, 11, 37, 39, 30, 33, 31, 39, 13, 10, 20, 39, 4, 30, 39]
    PRED: [9, 2, 39, 30, 33, 31, 39, 10, 37, 39, 13, 22, 30, 39, 33, 39, 21, 39, 22, 39, 35, 39, 33, 39, 39, 4, 30, 39]
    Edit distance: 21/46

============================================================
Batch 3500 | Val PER: 0.4670
============================================================
  Sample 0:
    TRUE: [31, 17, 0, 19, 27, 2, 28, 17, 39, 27, 17, 19, 2, 22, 28, 16, 8, 11, 8, 39]
    PRED: [19, 28, 39, 8, 39]
    Edit distance: 15/20
  Sample 1:
    TRUE: [27, 16, 7, 39, 26, 11, 7, 2, 28, 30, 39, 28, 10, 34, 27, 2, 20, 39, 28, 5, 22, 8, 39, 20, 16, 31, 2, 14, 27, 1, 13, 28, 39]
    PRED: [19, 28, 39, 26, 27, 30, 39, 34, 39, 1, 22, 8, 39, 16, 13, 28, 39]
    Edit distance: 20/33
  Sample 2:
    TRUE: [28, 24, 39, 27, 33, 20, 37, 39, 35, 17, 39, 21, 12, 8, 39, 16, 22, 39, 2, 22, 2, 6, 1, 29, 30, 39, 19, 2, 20, 33, 38, 2, 22, 39]
    PRED: [39, 20, 37, 39, 6, 17, 39, 21, 22, 8, 39, 22, 39, 22, 10, 1, 28, 39, 19, 2, 22, 39]
    Edit distance: 16/34
  Sample 3:
    TRUE: [20, 3, 27, 17, 37, 39, 19, 0, 28, 30, 33, 21, 39, 22, 17, 8, 2, 8, 39, 6, 20, 1, 19, 39, 14, 20, 2, 34, 37, 39, 30, 33, 39, 6, 17, 39, 19, 2, 21, 26, 20, 17, 30, 20, 17, 39, 10, 20, 2, 14, 2, 22, 30, 39]
    PRED: [27, 39, 19, 15, 2, 21, 39, 22, 17, 39, 6, 19, 39, 19, 37, 39, 33, 39, 6, 17, 39, 21, 26, 2, 39, 1, 22, 39]
    Edit distance: 31/54
  Sample 4:
    TRUE: [9, 2, 39, 30, 33, 31, 39, 13, 10, 27, 17, 39, 13, 11, 14, 0, 30, 39, 30, 33, 39, 19, 2, 21, 39, 35, 10, 22, 39, 27, 0, 18, 11, 37, 39, 30, 33, 31, 39, 13, 10, 20, 39, 4, 30, 39]
    PRED: [9, 2, 39, 30, 33, 28, 39, 13, 39, 13, 2, 30, 39, 39, 21, 39, 22, 39, 35, 39, 33, 31, 39, 39, 4, 30, 39]
    Edit distance: 22/46

============================================================
Batch 4000 | Val PER: 0.4479
============================================================
  Sample 0:
    TRUE: [31, 17, 0, 19, 27, 2, 28, 17, 39, 27, 17, 19, 2, 22, 28, 16, 8, 11, 8, 39]
    PRED: [2, 28, 39, 8, 39]
    Edit distance: 15/20
  Sample 1:
    TRUE: [27, 16, 7, 39, 26, 11, 7, 2, 28, 30, 39, 28, 10, 34, 27, 2, 20, 39, 28, 5, 22, 8, 39, 20, 16, 31, 2, 14, 27, 1, 13, 28, 39]
    PRED: [12, 19, 28, 39, 26, 30, 39, 34, 39, 5, 22, 8, 39, 16, 39]
    Edit distance: 21/33
  Sample 2:
    TRUE: [28, 24, 39, 27, 33, 20, 37, 39, 35, 17, 39, 21, 12, 8, 39, 16, 22, 39, 2, 22, 2, 6, 1, 29, 30, 39, 19, 2, 20, 33, 38, 2, 22, 39]
    PRED: [39, 20, 37, 39, 39, 21, 22, 8, 39, 22, 39, 22, 1, 28, 39, 19, 2, 22, 39]
    Edit distance: 17/34
  Sample 3:
    TRUE: [20, 3, 27, 17, 37, 39, 19, 0, 28, 30, 33, 21, 39, 22, 17, 8, 2, 8, 39, 6, 20, 1, 19, 39, 14, 20, 2, 34, 37, 39, 30, 33, 39, 6, 17, 39, 19, 2, 21, 26, 20, 17, 30, 20, 17, 39, 10, 20, 2, 14, 2, 22, 30, 39]
    PRED: [35, 27, 39, 19, 15, 2, 21, 39, 22, 17, 8, 39, 6, 19, 39, 19, 37, 39, 33, 39, 6, 17, 39, 21, 26, 2, 39, 10, 22, 8, 39]
    Edit distance: 29/54
  Sample 4:
    TRUE: [9, 2, 39, 30, 33, 31, 39, 13, 10, 27, 17, 39, 13, 11, 14, 0, 30, 39, 30, 33, 39, 19, 2, 21, 39, 35, 10, 22, 39, 27, 0, 18, 11, 37, 39, 30, 33, 31, 39, 13, 10, 20, 39, 4, 30, 39]
    PRED: [9, 2, 39, 30, 33, 28, 39, 10, 17, 39, 13, 35, 2, 30, 39, 30, 33, 39, 19, 21, 39, 10, 22, 39, 35, 39, 33, 39, 34, 39, 4, 30, 39]
    Edit distance: 18/46

============================================================
Batch 4500 | Val PER: 0.4480
============================================================
  Sample 0:
    TRUE: [31, 17, 0, 19, 27, 2, 28, 17, 39, 27, 17, 19, 2, 22, 28, 16, 8, 11, 8, 39]
    PRED: [9, 19, 39, 39]
    Edit distance: 17/20
  Sample 1:
    TRUE: [27, 16, 7, 39, 26, 11, 7, 2, 28, 30, 39, 28, 10, 34, 27, 2, 20, 39, 28, 5, 22, 8, 39, 20, 16, 31, 2, 14, 27, 1, 13, 28, 39]
    PRED: [12, 19, 39, 26, 27, 39, 34, 39, 5, 22, 8, 39, 16, 39]
    Edit distance: 22/33
  Sample 2:
    TRUE: [28, 24, 39, 27, 33, 20, 37, 39, 35, 17, 39, 21, 12, 8, 39, 16, 22, 39, 2, 22, 2, 6, 1, 29, 30, 39, 19, 2, 20, 33, 38, 2, 22, 39]
    PRED: [24, 39, 20, 37, 39, 21, 17, 39, 21, 22, 8, 39, 16, 22, 39, 22, 28, 39, 19, 2, 22, 39]
    Edit distance: 15/34
  Sample 3:
    TRUE: [20, 3, 27, 17, 37, 39, 19, 0, 28, 30, 33, 21, 39, 22, 17, 8, 2, 8, 39, 6, 20, 1, 19, 39, 14, 20, 2, 34, 37, 39, 30, 33, 39, 6, 17, 39, 19, 2, 21, 26, 20, 17, 30, 20, 17, 39, 10, 20, 2, 14, 2, 22, 30, 39]
    PRED: [35, 27, 39, 19, 15, 1, 4, 21, 39, 22, 17, 8, 39, 6, 19, 39, 14, 2, 34, 37, 39, 33, 39, 6, 17, 39, 21, 26, 2, 39, 10, 20, 20, 22, 39]
    Edit distance: 25/54
  Sample 4:
    TRUE: [9, 2, 39, 30, 33, 31, 39, 13, 10, 27, 17, 39, 13, 11, 14, 0, 30, 39, 30, 33, 39, 19, 2, 21, 39, 35, 10, 22, 39, 27, 0, 18, 11, 37, 39, 30, 33, 31, 39, 13, 10, 20, 39, 4, 30, 39]
    PRED: [9, 2, 39, 30, 33, 37, 39, 10, 17, 39, 13, 35, 22, 19, 39, 30, 33, 39, 19, 21, 39, 10, 22, 39, 35, 39, 33, 39, 34, 39, 4, 30, 39]
    Edit distance: 19/46

============================================================
Batch 5000 | Val PER: 0.4254
============================================================
  Sample 0:
    TRUE: [31, 17, 0, 19, 27, 2, 28, 17, 39, 27, 17, 19, 2, 22, 28, 16, 8, 11, 8, 39]
    PRED: [19, 30, 39, 8, 8, 39]
    Edit distance: 15/20
  Sample 1:
    TRUE: [27, 16, 7, 39, 26, 11, 7, 2, 28, 30, 39, 28, 10, 34, 27, 2, 20, 39, 28, 5, 22, 8, 39, 20, 16, 31, 2, 14, 27, 1, 13, 28, 39]
    PRED: [12, 19, 39, 26, 27, 25, 37, 39, 1, 34, 20, 39, 1, 5, 22, 8, 39, 16, 16, 39, 13, 39]
    Edit distance: 20/33
  Sample 2:
    TRUE: [28, 24, 39, 27, 33, 20, 37, 39, 35, 17, 39, 21, 12, 8, 39, 16, 22, 39, 2, 22, 2, 6, 1, 29, 30, 39, 19, 2, 20, 33, 38, 2, 22, 39]
    PRED: [24, 39, 35, 20, 37, 39, 6, 27, 17, 39, 21, 22, 30, 8, 39, 16, 22, 39, 22, 4, 30, 28, 39, 19, 2, 22, 39]
    Edit distance: 17/34
  Sample 3:
    TRUE: [20, 3, 27, 17, 37, 39, 19, 0, 28, 30, 33, 21, 39, 22, 17, 8, 2, 8, 39, 6, 20, 1, 19, 39, 14, 20, 2, 34, 37, 39, 30, 33, 39, 6, 17, 39, 19, 2, 21, 26, 20, 17, 30, 20, 17, 39, 10, 20, 2, 14, 2, 22, 30, 39]
    PRED: [35, 27, 39, 15, 1, 2, 21, 39, 8, 16, 8, 39, 6, 19, 39, 14, 20, 2, 34, 37, 39, 33, 39, 6, 17, 39, 2, 21, 26, 30, 39, 20, 20, 22, 39]
    Edit distance: 25/54
  Sample 4:
    TRUE: [9, 2, 39, 30, 33, 31, 39, 13, 10, 27, 17, 39, 13, 11, 14, 0, 30, 39, 30, 33, 39, 19, 2, 21, 39, 35, 10, 22, 39, 27, 0, 18, 11, 37, 39, 30, 33, 31, 39, 13, 10, 20, 39, 4, 30, 39]
    PRED: [9, 2, 39, 30, 33, 37, 39, 10, 17, 37, 39, 13, 35, 19, 30, 2, 30, 19, 39, 30, 33, 39, 0, 21, 39, 10, 22, 39, 35, 11, 39, 33, 31, 39, 34, 39, 4, 30, 39]
    Edit distance: 20/46

============================================================
Batch 5500 | Val PER: 0.4264
============================================================
  Sample 0:
    TRUE: [31, 17, 0, 19, 27, 2, 28, 17, 39, 27, 17, 19, 2, 22, 28, 16, 8, 11, 8, 39]
    PRED: [9, 19, 28, 2, 28, 39, 8, 39]
    Edit distance: 14/20
  Sample 1:
    TRUE: [27, 16, 7, 39, 26, 11, 7, 2, 28, 30, 39, 28, 10, 34, 27, 2, 20, 39, 28, 5, 22, 8, 39, 20, 16, 31, 2, 14, 27, 1, 13, 28, 39]
    PRED: [27, 12, 19, 39, 26, 27, 25, 2, 39, 1, 34, 2, 39, 5, 22, 8, 39, 16, 39, 13, 39]
    Edit distance: 18/33
  Sample 2:
    TRUE: [28, 24, 39, 27, 33, 20, 37, 39, 35, 17, 39, 21, 12, 8, 39, 16, 22, 39, 2, 22, 2, 6, 1, 29, 30, 39, 19, 2, 20, 33, 38, 2, 22, 39]
    PRED: [24, 39, 35, 20, 37, 39, 6, 17, 39, 21, 25, 22, 8, 39, 16, 22, 39, 22, 4, 28, 39, 2, 22, 39]
    Edit distance: 17/34
  Sample 3:
    TRUE: [20, 3, 27, 17, 37, 39, 19, 0, 28, 30, 33, 21, 39, 22, 17, 8, 2, 8, 39, 6, 20, 1, 19, 39, 14, 20, 2, 34, 37, 39, 30, 33, 39, 6, 17, 39, 19, 2, 21, 26, 20, 17, 30, 20, 17, 39, 10, 20, 2, 14, 2, 22, 30, 39]
    PRED: [35, 27, 39, 19, 15, 1, 2, 21, 39, 22, 8, 16, 8, 39, 6, 10, 19, 39, 2, 37, 39, 33, 39, 6, 17, 39, 2, 21, 26, 2, 39, 2, 22, 8, 39]
    Edit distance: 27/54
  Sample 4:
    TRUE: [9, 2, 39, 30, 33, 31, 39, 13, 10, 27, 17, 39, 13, 11, 14, 0, 30, 39, 30, 33, 39, 19, 2, 21, 39, 35, 10, 22, 39, 27, 0, 18, 11, 37, 39, 30, 33, 31, 39, 13, 10, 20, 39, 4, 30, 39]
    PRED: [9, 2, 39, 30, 33, 28, 39, 10, 17, 39, 13, 3, 2, 22, 19, 39, 30, 33, 39, 2, 21, 39, 10, 22, 39, 35, 39, 33, 39, 34, 39, 4, 30, 39]
    Edit distance: 19/46

============================================================
Batch 6000 | Val PER: 0.4266
============================================================
  Sample 0:
    TRUE: [31, 17, 0, 19, 27, 2, 28, 17, 39, 27, 17, 19, 2, 22, 28, 16, 8, 11, 8, 39]
    PRED: [9, 19, 28, 39, 27, 39]
    Edit distance: 15/20
  Sample 1:
    TRUE: [27, 16, 7, 39, 26, 11, 7, 2, 28, 30, 39, 28, 10, 34, 27, 2, 20, 39, 28, 5, 22, 8, 39, 20, 16, 31, 2, 14, 27, 1, 13, 28, 39]
    PRED: [27, 12, 19, 39, 26, 27, 25, 2, 39, 1, 34, 39, 1, 5, 22, 8, 39, 16, 39, 13, 28, 39]
    Edit distance: 18/33
  Sample 2:
    TRUE: [28, 24, 39, 27, 33, 20, 37, 39, 35, 17, 39, 21, 12, 8, 39, 16, 22, 39, 2, 22, 2, 6, 1, 29, 30, 39, 19, 2, 20, 33, 38, 2, 22, 39]
    PRED: [24, 39, 20, 37, 39, 17, 39, 21, 22, 8, 39, 16, 22, 39, 22, 4, 28, 39, 2, 22, 39]
    Edit distance: 16/34
  Sample 3:
    TRUE: [20, 3, 27, 17, 37, 39, 19, 0, 28, 30, 33, 21, 39, 22, 17, 8, 2, 8, 39, 6, 20, 1, 19, 39, 14, 20, 2, 34, 37, 39, 30, 33, 39, 6, 17, 39, 19, 2, 21, 26, 20, 17, 30, 20, 17, 39, 10, 20, 2, 14, 2, 22, 30, 39]
    PRED: [27, 39, 15, 1, 26, 21, 39, 8, 16, 8, 39, 6, 20, 16, 19, 39, 14, 20, 2, 37, 39, 33, 39, 6, 17, 39, 2, 21, 26, 2, 39, 20, 22, 8, 39]
    Edit distance: 26/54
  Sample 4:
    TRUE: [9, 2, 39, 30, 33, 31, 39, 13, 10, 27, 17, 39, 13, 11, 14, 0, 30, 39, 30, 33, 39, 19, 2, 21, 39, 35, 10, 22, 39, 27, 0, 18, 11, 37, 39, 30, 33, 31, 39, 13, 10, 20, 39, 4, 30, 39]
    PRED: [9, 2, 39, 30, 33, 28, 39, 13, 9, 17, 39, 13, 30, 19, 39, 30, 33, 39, 2, 21, 39, 10, 22, 39, 33, 31, 39, 34, 39, 4, 30, 39]
    Edit distance: 19/46

============================================================
Batch 6500 | Val PER: 0.4131
============================================================
  Sample 0:
    TRUE: [31, 17, 0, 19, 27, 2, 28, 17, 39, 27, 17, 19, 2, 22, 28, 16, 8, 11, 8, 39]
    PRED: [9, 39, 27, 39]
    Edit distance: 17/20
  Sample 1:
    TRUE: [27, 16, 7, 39, 26, 11, 7, 2, 28, 30, 39, 28, 10, 34, 27, 2, 20, 39, 28, 5, 22, 8, 39, 20, 16, 31, 2, 14, 27, 1, 13, 28, 39]
    PRED: [27, 12, 19, 39, 26, 27, 25, 7, 2, 39, 1, 34, 11, 39, 1, 5, 22, 8, 39, 16, 39, 9, 2, 39, 14, 10, 39]
    Edit distance: 20/33
  Sample 2:
    TRUE: [28, 24, 39, 27, 33, 20, 37, 39, 35, 17, 39, 21, 12, 8, 39, 16, 22, 39, 2, 22, 2, 6, 1, 29, 30, 39, 19, 2, 20, 33, 38, 2, 22, 39]
    PRED: [24, 39, 20, 37, 39, 21, 27, 17, 39, 21, 25, 22, 8, 39, 16, 22, 39, 22, 4, 28, 39, 19, 0, 2, 22, 39]
    Edit distance: 17/34
  Sample 3:
    TRUE: [20, 3, 27, 17, 37, 39, 19, 0, 28, 30, 33, 21, 39, 22, 17, 8, 2, 8, 39, 6, 20, 1, 19, 39, 14, 20, 2, 34, 37, 39, 30, 33, 39, 6, 17, 39, 19, 2, 21, 26, 20, 17, 30, 20, 17, 39, 10, 20, 2, 14, 2, 22, 30, 39]
    PRED: [27, 39, 15, 1, 21, 39, 8, 10, 8, 39, 6, 19, 39, 14, 2, 34, 37, 39, 30, 33, 39, 6, 17, 39, 2, 21, 26, 2, 39, 10, 20, 2, 22, 39]
    Edit distance: 24/54
  Sample 4:
    TRUE: [9, 2, 39, 30, 33, 31, 39, 13, 10, 27, 17, 39, 13, 11, 14, 0, 30, 39, 30, 33, 39, 19, 2, 21, 39, 35, 10, 22, 39, 27, 0, 18, 11, 37, 39, 30, 33, 31, 39, 13, 10, 20, 39, 4, 30, 39]
    PRED: [9, 2, 39, 30, 33, 31, 28, 39, 9, 10, 17, 39, 13, 3, 30, 2, 22, 39, 30, 33, 39, 19, 2, 21, 39, 35, 0, 22, 39, 33, 31, 39, 34, 20, 39, 4, 30, 39]
    Edit distance: 17/46

============================================================
Batch 7000 | Val PER: 0.4099
============================================================
  Sample 0:
    TRUE: [31, 17, 0, 19, 27, 2, 28, 17, 39, 27, 17, 19, 2, 22, 28, 16, 8, 11, 8, 39]
    PRED: [9, 19, 39, 16, 8, 39]
    Edit distance: 15/20
  Sample 1:
    TRUE: [27, 16, 7, 39, 26, 11, 7, 2, 28, 30, 39, 28, 10, 34, 27, 2, 20, 39, 28, 5, 22, 8, 39, 20, 16, 31, 2, 14, 27, 1, 13, 28, 39]
    PRED: [27, 12, 19, 39, 26, 27, 2, 39, 1, 34, 2, 20, 39, 5, 22, 8, 39, 16, 31, 39, 9, 39, 14, 28, 39]
    Edit distance: 16/33
  Sample 2:
    TRUE: [28, 24, 39, 27, 33, 20, 37, 39, 35, 17, 39, 21, 12, 8, 39, 16, 22, 39, 2, 22, 2, 6, 1, 29, 30, 39, 19, 2, 20, 33, 38, 2, 22, 39]
    PRED: [24, 39, 35, 20, 37, 39, 6, 17, 39, 21, 22, 8, 39, 16, 22, 39, 22, 4, 28, 39, 2, 22, 39]
    Edit distance: 16/34
  Sample 3:
    TRUE: [20, 3, 27, 17, 37, 39, 19, 0, 28, 30, 33, 21, 39, 22, 17, 8, 2, 8, 39, 6, 20, 1, 19, 39, 14, 20, 2, 34, 37, 39, 30, 33, 39, 6, 17, 39, 19, 2, 21, 26, 20, 17, 30, 20, 17, 39, 10, 20, 2, 14, 2, 22, 30, 39]
    PRED: [35, 27, 39, 15, 1, 21, 39, 8, 17, 8, 39, 6, 19, 39, 14, 20, 2, 37, 39, 30, 33, 39, 6, 17, 39, 2, 21, 26, 17, 39, 20, 22, 30, 39]
    Edit distance: 24/54
  Sample 4:
    TRUE: [9, 2, 39, 30, 33, 31, 39, 13, 10, 27, 17, 39, 13, 11, 14, 0, 30, 39, 30, 33, 39, 19, 2, 21, 39, 35, 10, 22, 39, 27, 0, 18, 11, 37, 39, 30, 33, 31, 39, 13, 10, 20, 39, 4, 30, 39]
    PRED: [9, 2, 39, 30, 33, 31, 28, 39, 13, 9, 39, 13, 35, 19, 30, 19, 39, 30, 33, 39, 21, 39, 35, 10, 22, 39, 35, 11, 17, 33, 31, 39, 34, 10, 39, 4, 30, 39]
    Edit distance: 18/46

============================================================
Batch 7500 | Val PER: 0.4055
============================================================
  Sample 0:
    TRUE: [31, 17, 0, 19, 27, 2, 28, 17, 39, 27, 17, 19, 2, 22, 28, 16, 8, 11, 8, 39]
    PRED: [9, 19, 28, 28, 39, 27, 16, 22, 8, 8, 39]
    Edit distance: 12/20
  Sample 1:
    TRUE: [27, 16, 7, 39, 26, 11, 7, 2, 28, 30, 39, 28, 10, 34, 27, 2, 20, 39, 28, 5, 22, 8, 39, 20, 16, 31, 2, 14, 27, 1, 13, 28, 39]
    PRED: [27, 10, 28, 19, 28, 39, 26, 27, 25, 2, 37, 39, 1, 34, 20, 39, 1, 5, 22, 8, 39, 16, 31, 9, 2, 39, 1, 13, 39]
    Edit distance: 18/33
  Sample 2:
    TRUE: [28, 24, 39, 27, 33, 20, 37, 39, 35, 17, 39, 21, 12, 8, 39, 16, 22, 39, 2, 22, 2, 6, 1, 29, 30, 39, 19, 2, 20, 33, 38, 2, 22, 39]
    PRED: [24, 39, 20, 37, 39, 27, 17, 39, 21, 25, 22, 8, 39, 16, 22, 39, 22, 4, 28, 39, 19, 2, 22, 39]
    Edit distance: 16/34
  Sample 3:
    TRUE: [20, 3, 27, 17, 37, 39, 19, 0, 28, 30, 33, 21, 39, 22, 17, 8, 2, 8, 39, 6, 20, 1, 19, 39, 14, 20, 2, 34, 37, 39, 30, 33, 39, 6, 17, 39, 19, 2, 21, 26, 20, 17, 30, 20, 17, 39, 10, 20, 2, 14, 2, 22, 30, 39]
    PRED: [27, 39, 15, 1, 21, 39, 8, 16, 8, 39, 6, 19, 39, 14, 20, 2, 34, 37, 39, 30, 33, 39, 6, 17, 39, 2, 21, 26, 39, 1, 20, 20, 22, 39]
    Edit distance: 25/54
  Sample 4:
    TRUE: [9, 2, 39, 30, 33, 31, 39, 13, 10, 27, 17, 39, 13, 11, 14, 0, 30, 39, 30, 33, 39, 19, 2, 21, 39, 35, 10, 22, 39, 27, 0, 18, 11, 37, 39, 30, 33, 31, 39, 13, 10, 20, 39, 4, 30, 39]
    PRED: [9, 2, 39, 30, 33, 31, 28, 39, 13, 9, 10, 17, 39, 13, 3, 22, 19, 39, 30, 33, 39, 30, 2, 21, 39, 35, 10, 22, 39, 35, 11, 39, 33, 31, 39, 13, 0, 39, 4, 30, 39]
    Edit distance: 15/46

============================================================
Batch 8000 | Val PER: 0.4029
============================================================
  Sample 0:
    TRUE: [31, 17, 0, 19, 27, 2, 28, 17, 39, 27, 17, 19, 2, 22, 28, 16, 8, 11, 8, 39]
    PRED: [9, 19, 2, 39, 27, 16, 8, 8, 39]
    Edit distance: 12/20
  Sample 1:
    TRUE: [27, 16, 7, 39, 26, 11, 7, 2, 28, 30, 39, 28, 10, 34, 27, 2, 20, 39, 28, 5, 22, 8, 39, 20, 16, 31, 2, 14, 27, 1, 13, 28, 39]
    PRED: [27, 10, 19, 39, 26, 27, 25, 2, 39, 1, 34, 20, 39, 5, 22, 8, 39, 16, 31, 39, 9, 2, 39, 34, 13, 39]
    Edit distance: 18/33
  Sample 2:
    TRUE: [28, 24, 39, 27, 33, 20, 37, 39, 35, 17, 39, 21, 12, 8, 39, 16, 22, 39, 2, 22, 2, 6, 1, 29, 30, 39, 19, 2, 20, 33, 38, 2, 22, 39]
    PRED: [24, 39, 35, 20, 37, 39, 27, 17, 39, 21, 25, 22, 8, 39, 16, 22, 39, 2, 22, 5, 28, 39, 19, 2, 22, 39]
    Edit distance: 15/34
  Sample 3:
    TRUE: [20, 3, 27, 17, 37, 39, 19, 0, 28, 30, 33, 21, 39, 22, 17, 8, 2, 8, 39, 6, 20, 1, 19, 39, 14, 20, 2, 34, 37, 39, 30, 33, 39, 6, 17, 39, 19, 2, 21, 26, 20, 17, 30, 20, 17, 39, 10, 20, 2, 14, 2, 22, 30, 39]
    PRED: [27, 3, 27, 39, 15, 1, 21, 39, 8, 12, 8, 39, 6, 19, 39, 14, 20, 2, 34, 37, 39, 30, 33, 39, 6, 17, 39, 2, 21, 26, 20, 39, 20, 2, 22, 8, 39]
    Edit distance: 22/54
  Sample 4:
    TRUE: [9, 2, 39, 30, 33, 31, 39, 13, 10, 27, 17, 39, 13, 11, 14, 0, 30, 39, 30, 33, 39, 19, 2, 21, 39, 35, 10, 22, 39, 27, 0, 18, 11, 37, 39, 30, 33, 31, 39, 13, 10, 20, 39, 4, 30, 39]
    PRED: [9, 2, 39, 30, 33, 28, 39, 9, 10, 17, 39, 13, 3, 2, 39, 30, 33, 39, 2, 21, 39, 35, 10, 22, 39, 11, 9, 33, 13, 39, 5, 39, 4, 30, 39]
    Edit distance: 18/46

============================================================
Batch 8500 | Val PER: 0.4032
============================================================
  Sample 0:
    TRUE: [31, 17, 0, 19, 27, 2, 28, 17, 39, 27, 17, 19, 2, 22, 28, 16, 8, 11, 8, 39]
    PRED: [9, 1, 19, 28, 39, 27, 16, 8, 8, 39]
    Edit distance: 12/20
  Sample 1:
    TRUE: [27, 16, 7, 39, 26, 11, 7, 2, 28, 30, 39, 28, 10, 34, 27, 2, 20, 39, 28, 5, 22, 8, 39, 20, 16, 31, 2, 14, 27, 1, 13, 28, 39]
    PRED: [27, 12, 19, 28, 39, 26, 11, 25, 2, 39, 1, 34, 20, 39, 1, 5, 22, 8, 39, 16, 31, 39, 9, 2, 39, 10, 34, 13, 39]
    Edit distance: 18/33
  Sample 2:
    TRUE: [28, 24, 39, 27, 33, 20, 37, 39, 35, 17, 39, 21, 12, 8, 39, 16, 22, 39, 2, 22, 2, 6, 1, 29, 30, 39, 19, 2, 20, 33, 38, 2, 22, 39]
    PRED: [24, 39, 35, 17, 20, 37, 39, 27, 17, 39, 21, 25, 22, 8, 39, 16, 22, 39, 22, 4, 28, 39, 19, 2, 22, 39]
    Edit distance: 16/34
  Sample 3:
    TRUE: [20, 3, 27, 17, 37, 39, 19, 0, 28, 30, 33, 21, 39, 22, 17, 8, 2, 8, 39, 6, 20, 1, 19, 39, 14, 20, 2, 34, 37, 39, 30, 33, 39, 6, 17, 39, 19, 2, 21, 26, 20, 17, 30, 20, 17, 39, 10, 20, 2, 14, 2, 22, 30, 39]
    PRED: [27, 3, 27, 39, 15, 1, 21, 39, 8, 16, 8, 39, 6, 0, 19, 39, 14, 20, 2, 34, 37, 39, 30, 33, 39, 6, 17, 39, 2, 21, 26, 20, 39, 20, 20, 22, 39]
    Edit distance: 23/54
  Sample 4:
    TRUE: [9, 2, 39, 30, 33, 31, 39, 13, 10, 27, 17, 39, 13, 11, 14, 0, 30, 39, 30, 33, 39, 19, 2, 21, 39, 35, 10, 22, 39, 27, 0, 18, 11, 37, 39, 30, 33, 31, 39, 13, 10, 20, 39, 4, 30, 39]
    PRED: [9, 2, 39, 30, 33, 31, 28, 39, 13, 10, 17, 39, 13, 39, 30, 33, 39, 30, 2, 21, 39, 35, 0, 22, 39, 35, 11, 39, 9, 33, 31, 39, 13, 0, 20, 39, 4, 30, 39]
    Edit distance: 14/46

============================================================
Batch 9000 | Val PER: 0.3993
============================================================
  Sample 0:
    TRUE: [31, 17, 0, 19, 27, 2, 28, 17, 39, 27, 17, 19, 2, 22, 28, 16, 8, 11, 8, 39]
    PRED: [9, 19, 28, 28, 39, 27, 16, 8, 39]
    Edit distance: 13/20
  Sample 1:
    TRUE: [27, 16, 7, 39, 26, 11, 7, 2, 28, 30, 39, 28, 10, 34, 27, 2, 20, 39, 28, 5, 22, 8, 39, 20, 16, 31, 2, 14, 27, 1, 13, 28, 39]
    PRED: [27, 10, 28, 39, 26, 11, 25, 2, 39, 1, 34, 20, 39, 1, 5, 22, 8, 39, 31, 16, 31, 39, 9, 39, 14, 34, 13, 39]
    Edit distance: 17/33
  Sample 2:
    TRUE: [28, 24, 39, 27, 33, 20, 37, 39, 35, 17, 39, 21, 12, 8, 39, 16, 22, 39, 2, 22, 2, 6, 1, 29, 30, 39, 19, 2, 20, 33, 38, 2, 22, 39]
    PRED: [24, 39, 17, 20, 39, 17, 39, 21, 25, 22, 8, 39, 16, 22, 39, 22, 5, 4, 28, 39, 19, 2, 22, 39]
    Edit distance: 17/34
  Sample 3:
    TRUE: [20, 3, 27, 17, 37, 39, 19, 0, 28, 30, 33, 21, 39, 22, 17, 8, 2, 8, 39, 6, 20, 1, 19, 39, 14, 20, 2, 34, 37, 39, 30, 33, 39, 6, 17, 39, 19, 2, 21, 26, 20, 17, 30, 20, 17, 39, 10, 20, 2, 14, 2, 22, 30, 39]
    PRED: [32, 27, 39, 19, 15, 1, 26, 21, 39, 8, 16, 8, 39, 6, 21, 19, 39, 14, 20, 2, 34, 37, 39, 30, 33, 39, 6, 17, 39, 2, 21, 26, 20, 39, 20, 20, 22, 8, 39]
    Edit distance: 23/54
  Sample 4:
    TRUE: [9, 2, 39, 30, 33, 31, 39, 13, 10, 27, 17, 39, 13, 11, 14, 0, 30, 39, 30, 33, 39, 19, 2, 21, 39, 35, 10, 22, 39, 27, 0, 18, 11, 37, 39, 30, 33, 31, 39, 13, 10, 20, 39, 4, 30, 39]
    PRED: [9, 2, 39, 30, 33, 28, 39, 9, 10, 17, 39, 13, 19, 39, 30, 33, 39, 30, 2, 21, 39, 35, 10, 22, 39, 35, 11, 39, 9, 33, 9, 31, 39, 5, 39, 4, 30, 39]
    Edit distance: 17/46

============================================================
Batch 9500 | Val PER: 0.3980
============================================================
  Sample 0:
    TRUE: [31, 17, 0, 19, 27, 2, 28, 17, 39, 27, 17, 19, 2, 22, 28, 16, 8, 11, 8, 39]
    PRED: [9, 2, 19, 2, 28, 39, 27, 16, 30, 8, 30, 8, 39]
    Edit distance: 12/20
  Sample 1:
    TRUE: [27, 16, 7, 39, 26, 11, 7, 2, 28, 30, 39, 28, 10, 34, 27, 2, 20, 39, 28, 5, 22, 8, 39, 20, 16, 31, 2, 14, 27, 1, 13, 28, 39]
    PRED: [35, 10, 28, 39, 26, 27, 25, 7, 2, 37, 39, 1, 10, 34, 20, 39, 5, 22, 8, 39, 16, 31, 39, 9, 2, 39, 10, 34, 13, 39]
    Edit distance: 18/33
  Sample 2:
    TRUE: [28, 24, 39, 27, 33, 20, 37, 39, 35, 17, 39, 21, 12, 8, 39, 16, 22, 39, 2, 22, 2, 6, 1, 29, 30, 39, 19, 2, 20, 33, 38, 2, 22, 39]
    PRED: [24, 39, 17, 20, 37, 39, 27, 17, 39, 21, 25, 22, 8, 39, 16, 22, 39, 22, 5, 4, 28, 39, 19, 2, 22, 39]
    Edit distance: 16/34
  Sample 3:
    TRUE: [20, 3, 27, 17, 37, 39, 19, 0, 28, 30, 33, 21, 39, 22, 17, 8, 2, 8, 39, 6, 20, 1, 19, 39, 14, 20, 2, 34, 37, 39, 30, 33, 39, 6, 17, 39, 19, 2, 21, 26, 20, 17, 30, 20, 17, 39, 10, 20, 2, 14, 2, 22, 30, 39]
    PRED: [35, 3, 27, 39, 15, 1, 21, 39, 8, 16, 8, 39, 6, 21, 0, 19, 39, 14, 20, 2, 34, 37, 39, 30, 33, 39, 6, 17, 39, 2, 21, 26, 20, 2, 39, 20, 20, 2, 22, 39]
    Edit distance: 22/54
  Sample 4:
    TRUE: [9, 2, 39, 30, 33, 31, 39, 13, 10, 27, 17, 39, 13, 11, 14, 0, 30, 39, 30, 33, 39, 19, 2, 21, 39, 35, 10, 22, 39, 27, 0, 18, 11, 37, 39, 30, 33, 31, 39, 13, 10, 20, 39, 4, 30, 39]
    PRED: [9, 2, 39, 30, 33, 28, 39, 13, 10, 17, 39, 13, 27, 3, 30, 22, 39, 30, 33, 39, 30, 2, 21, 39, 35, 10, 22, 39, 35, 11, 39, 9, 33, 31, 39, 5, 39, 4, 30, 39]
    Edit distance: 15/46

============================================================
Batch 10000 | Val PER: 0.3968
============================================================
  Sample 0:
    TRUE: [31, 17, 0, 19, 27, 2, 28, 17, 39, 27, 17, 19, 2, 22, 28, 16, 8, 11, 8, 39]
    PRED: [9, 19, 28, 39, 14, 17, 8, 8, 39]
    Edit distance: 13/20
  Sample 1:
    TRUE: [27, 16, 7, 39, 26, 11, 7, 2, 28, 30, 39, 28, 10, 34, 27, 2, 20, 39, 28, 5, 22, 8, 39, 20, 16, 31, 2, 14, 27, 1, 13, 28, 39]
    PRED: [35, 10, 28, 39, 26, 11, 25, 7, 2, 37, 39, 1, 34, 20, 39, 1, 5, 22, 8, 39, 9, 16, 31, 9, 2, 39, 10, 34, 13, 39]
    Edit distance: 17/33
  Sample 2:
    TRUE: [28, 24, 39, 27, 33, 20, 37, 39, 35, 17, 39, 21, 12, 8, 39, 16, 22, 39, 2, 22, 2, 6, 1, 29, 30, 39, 19, 2, 20, 33, 38, 2, 22, 39]
    PRED: [24, 39, 17, 20, 37, 39, 27, 17, 39, 21, 25, 22, 8, 39, 16, 22, 39, 2, 22, 5, 28, 39, 19, 2, 22, 39]
    Edit distance: 15/34
  Sample 3:
    TRUE: [20, 3, 27, 17, 37, 39, 19, 0, 28, 30, 33, 21, 39, 22, 17, 8, 2, 8, 39, 6, 20, 1, 19, 39, 14, 20, 2, 34, 37, 39, 30, 33, 39, 6, 17, 39, 19, 2, 21, 26, 20, 17, 30, 20, 17, 39, 10, 20, 2, 14, 2, 22, 30, 39]
    PRED: [35, 32, 27, 39, 15, 1, 21, 39, 8, 16, 8, 39, 6, 0, 19, 39, 14, 20, 2, 34, 37, 39, 30, 33, 39, 6, 17, 39, 2, 21, 26, 20, 39, 20, 20, 22, 39]
    Edit distance: 24/54
  Sample 4:
    TRUE: [9, 2, 39, 30, 33, 31, 39, 13, 10, 27, 17, 39, 13, 11, 14, 0, 30, 39, 30, 33, 39, 19, 2, 21, 39, 35, 10, 22, 39, 27, 0, 18, 11, 37, 39, 30, 33, 31, 39, 13, 10, 20, 39, 4, 30, 39]
    PRED: [9, 2, 39, 30, 33, 28, 39, 13, 10, 17, 39, 13, 3, 19, 39, 30, 33, 39, 30, 2, 21, 39, 35, 10, 22, 39, 0, 11, 39, 9, 33, 31, 39, 5, 39, 4, 30, 39]
    Edit distance: 14/46

============================================================
Batch 10500 | Val PER: 0.3952
============================================================
  Sample 0:
    TRUE: [31, 17, 0, 19, 27, 2, 28, 17, 39, 27, 17, 19, 2, 22, 28, 16, 8, 11, 8, 39]
    PRED: [9, 19, 2, 28, 39, 14, 16, 8, 39]
    Edit distance: 13/20
  Sample 1:
    TRUE: [27, 16, 7, 39, 26, 11, 7, 2, 28, 30, 39, 28, 10, 34, 27, 2, 20, 39, 28, 5, 22, 8, 39, 20, 16, 31, 2, 14, 27, 1, 13, 28, 39]
    PRED: [35, 12, 19, 28, 39, 26, 27, 25, 7, 2, 37, 39, 1, 10, 34, 20, 39, 1, 5, 22, 8, 39, 9, 16, 31, 39, 9, 2, 39, 10, 34, 13, 39]
    Edit distance: 19/33
  Sample 2:
    TRUE: [28, 24, 39, 27, 33, 20, 37, 39, 35, 17, 39, 21, 12, 8, 39, 16, 22, 39, 2, 22, 2, 6, 1, 29, 30, 39, 19, 2, 20, 33, 38, 2, 22, 39]
    PRED: [9, 33, 39, 17, 20, 37, 39, 21, 17, 39, 21, 25, 22, 8, 39, 16, 22, 39, 2, 22, 5, 28, 39, 19, 2, 22, 39]
    Edit distance: 16/34
  Sample 3:
    TRUE: [20, 3, 27, 17, 37, 39, 19, 0, 28, 30, 33, 21, 39, 22, 17, 8, 2, 8, 39, 6, 20, 1, 19, 39, 14, 20, 2, 34, 37, 39, 30, 33, 39, 6, 17, 39, 19, 2, 21, 26, 20, 17, 30, 20, 17, 39, 10, 20, 2, 14, 2, 22, 30, 39]
    PRED: [32, 27, 39, 15, 1, 21, 39, 8, 12, 8, 39, 6, 21, 20, 0, 19, 39, 14, 20, 2, 34, 37, 39, 30, 33, 39, 6, 17, 39, 2, 21, 26, 20, 39, 20, 20, 22, 39]
    Edit distance: 24/54
  Sample 4:
    TRUE: [9, 2, 39, 30, 33, 31, 39, 13, 10, 27, 17, 39, 13, 11, 14, 0, 30, 39, 30, 33, 39, 19, 2, 21, 39, 35, 10, 22, 39, 27, 0, 18, 11, 37, 39, 30, 33, 31, 39, 13, 10, 20, 39, 4, 30, 39]
    PRED: [9, 2, 39, 30, 33, 31, 28, 39, 9, 10, 17, 39, 13, 27, 3, 19, 19, 19, 39, 30, 33, 39, 30, 2, 21, 39, 35, 10, 22, 39, 35, 11, 39, 9, 33, 9, 31, 39, 5, 20, 39, 4, 30, 39]
    Edit distance: 17/46

============================================================
Batch 11000 | Val PER: 0.3950
============================================================
  Sample 0:
    TRUE: [31, 17, 0, 19, 27, 2, 28, 17, 39, 27, 17, 19, 2, 22, 28, 16, 8, 11, 8, 39]
    PRED: [9, 19, 28, 39, 27, 16, 8, 8, 39]
    Edit distance: 12/20
  Sample 1:
    TRUE: [27, 16, 7, 39, 26, 11, 7, 2, 28, 30, 39, 28, 10, 34, 27, 2, 20, 39, 28, 5, 22, 8, 39, 20, 16, 31, 2, 14, 27, 1, 13, 28, 39]
    PRED: [35, 10, 19, 28, 39, 26, 27, 25, 7, 2, 37, 39, 1, 10, 34, 20, 39, 28, 5, 22, 8, 39, 31, 16, 31, 9, 2, 39, 14, 10, 34, 13, 39]
    Edit distance: 17/33
  Sample 2:
    TRUE: [28, 24, 39, 27, 33, 20, 37, 39, 35, 17, 39, 21, 12, 8, 39, 16, 22, 39, 2, 22, 2, 6, 1, 29, 30, 39, 19, 2, 20, 33, 38, 2, 22, 39]
    PRED: [9, 2, 39, 35, 16, 17, 20, 37, 39, 6, 27, 17, 39, 21, 25, 22, 8, 39, 16, 22, 39, 2, 22, 27, 5, 4, 28, 39, 19, 20, 33, 2, 22, 39]
    Edit distance: 16/34
  Sample 3:
    TRUE: [20, 3, 27, 17, 37, 39, 19, 0, 28, 30, 33, 21, 39, 22, 17, 8, 2, 8, 39, 6, 20, 1, 19, 39, 14, 20, 2, 34, 37, 39, 30, 33, 39, 6, 17, 39, 19, 2, 21, 26, 20, 17, 30, 20, 17, 39, 10, 20, 2, 14, 2, 22, 30, 39]
    PRED: [27, 3, 27, 39, 15, 1, 28, 26, 21, 39, 8, 17, 8, 39, 6, 0, 19, 39, 14, 20, 2, 34, 37, 39, 30, 33, 39, 6, 17, 39, 2, 21, 26, 20, 39, 20, 20, 2, 22, 39]
    Edit distance: 21/54
  Sample 4:
    TRUE: [9, 2, 39, 30, 33, 31, 39, 13, 10, 27, 17, 39, 13, 11, 14, 0, 30, 39, 30, 33, 39, 19, 2, 21, 39, 35, 10, 22, 39, 27, 0, 18, 11, 37, 39, 30, 33, 31, 39, 13, 10, 20, 39, 4, 30, 39]
    PRED: [9, 2, 39, 30, 33, 31, 28, 39, 10, 17, 39, 13, 27, 3, 19, 19, 22, 39, 30, 33, 39, 30, 2, 21, 39, 35, 10, 22, 39, 35, 11, 39, 9, 33, 31, 39, 13, 10, 20, 39, 4, 30, 39]
    Edit distance: 14/46

============================================================
Batch 11500 | Val PER: 0.3922
============================================================
  Sample 0:
    TRUE: [31, 17, 0, 19, 27, 2, 28, 17, 39, 27, 17, 19, 2, 22, 28, 16, 8, 11, 8, 39]
    PRED: [9, 19, 28, 39, 14, 27, 14, 8, 8, 39]
    Edit distance: 14/20
  Sample 1:
    TRUE: [27, 16, 7, 39, 26, 11, 7, 2, 28, 30, 39, 28, 10, 34, 27, 2, 20, 39, 28, 5, 22, 8, 39, 20, 16, 31, 2, 14, 27, 1, 13, 28, 39]
    PRED: [27, 10, 28, 39, 26, 27, 2, 37, 39, 1, 34, 20, 39, 5, 22, 8, 39, 31, 16, 31, 39, 9, 2, 39, 14, 10, 34, 13, 39]
    Edit distance: 18/33
  Sample 2:
    TRUE: [28, 24, 39, 27, 33, 20, 37, 39, 35, 17, 39, 21, 12, 8, 39, 16, 22, 39, 2, 22, 2, 6, 1, 29, 30, 39, 19, 2, 20, 33, 38, 2, 22, 39]
    PRED: [9, 24, 39, 27, 16, 20, 37, 39, 27, 17, 39, 21, 25, 22, 8, 39, 16, 22, 39, 2, 22, 27, 5, 4, 28, 39, 19, 20, 38, 2, 22, 39]
    Edit distance: 12/34
  Sample 3:
    TRUE: [20, 3, 27, 17, 37, 39, 19, 0, 28, 30, 33, 21, 39, 22, 17, 8, 2, 8, 39, 6, 20, 1, 19, 39, 14, 20, 2, 34, 37, 39, 30, 33, 39, 6, 17, 39, 19, 2, 21, 26, 20, 17, 30, 20, 17, 39, 10, 20, 2, 14, 2, 22, 30, 39]
    PRED: [27, 3, 27, 39, 15, 1, 21, 39, 8, 10, 8, 39, 6, 21, 16, 19, 39, 14, 20, 2, 34, 37, 39, 30, 33, 39, 6, 17, 39, 2, 21, 26, 20, 2, 39, 20, 22, 30, 39]
    Edit distance: 22/54
  Sample 4:
    TRUE: [9, 2, 39, 30, 33, 31, 39, 13, 10, 27, 17, 39, 13, 11, 14, 0, 30, 39, 30, 33, 39, 19, 2, 21, 39, 35, 10, 22, 39, 27, 0, 18, 11, 37, 39, 30, 33, 31, 39, 13, 10, 20, 39, 4, 30, 39]
    PRED: [9, 2, 39, 30, 33, 31, 28, 39, 13, 10, 17, 39, 13, 27, 3, 22, 19, 39, 30, 33, 39, 30, 2, 21, 39, 35, 10, 22, 39, 27, 11, 39, 9, 33, 31, 39, 34, 10, 20, 39, 4, 30, 39]
    Edit distance: 12/46

============================================================
Batch 12000 | Val PER: 0.3930
============================================================
  Sample 0:
    TRUE: [31, 17, 0, 19, 27, 2, 28, 17, 39, 27, 17, 19, 2, 22, 28, 16, 8, 11, 8, 39]
    PRED: [9, 19, 28, 39, 27, 8, 8, 39]
    Edit distance: 13/20
  Sample 1:
    TRUE: [27, 16, 7, 39, 26, 11, 7, 2, 28, 30, 39, 28, 10, 34, 27, 2, 20, 39, 28, 5, 22, 8, 39, 20, 16, 31, 2, 14, 27, 1, 13, 28, 39]
    PRED: [27, 10, 28, 39, 26, 11, 25, 2, 37, 39, 1, 34, 2, 20, 39, 37, 5, 22, 8, 39, 16, 31, 39, 9, 2, 39, 10, 34, 13, 39]
    Edit distance: 16/33
  Sample 2:
    TRUE: [28, 24, 39, 27, 33, 20, 37, 39, 35, 17, 39, 21, 12, 8, 39, 16, 22, 39, 2, 22, 2, 6, 1, 29, 30, 39, 19, 2, 20, 33, 38, 2, 22, 39]
    PRED: [9, 33, 39, 34, 17, 20, 37, 39, 17, 39, 21, 12, 25, 22, 8, 39, 16, 22, 39, 2, 22, 27, 5, 4, 28, 39, 19, 24, 20, 2, 22, 39]
    Edit distance: 15/34
  Sample 3:
    TRUE: [20, 3, 27, 17, 37, 39, 19, 0, 28, 30, 33, 21, 39, 22, 17, 8, 2, 8, 39, 6, 20, 1, 19, 39, 14, 20, 2, 34, 37, 39, 30, 33, 39, 6, 17, 39, 19, 2, 21, 26, 20, 17, 30, 20, 17, 39, 10, 20, 2, 14, 2, 22, 30, 39]
    PRED: [27, 24, 27, 39, 15, 1, 28, 26, 21, 39, 8, 22, 10, 8, 39, 6, 21, 0, 19, 39, 14, 20, 2, 34, 37, 39, 30, 33, 39, 6, 17, 39, 2, 21, 26, 20, 2, 39, 20, 22, 39]
    Edit distance: 24/54
  Sample 4:
    TRUE: [9, 2, 39, 30, 33, 31, 39, 13, 10, 27, 17, 39, 13, 11, 14, 0, 30, 39, 30, 33, 39, 19, 2, 21, 39, 35, 10, 22, 39, 27, 0, 18, 11, 37, 39, 30, 33, 31, 39, 13, 10, 20, 39, 4, 30, 39]
    PRED: [9, 2, 39, 30, 33, 31, 28, 39, 10, 17, 39, 13, 27, 3, 19, 19, 39, 30, 33, 39, 30, 2, 21, 39, 35, 2, 22, 39, 27, 11, 39, 9, 33, 31, 39, 13, 10, 20, 39, 4, 30, 39]
    Edit distance: 13/46

============================================================
Batch 12500 | Val PER: 0.3913
============================================================
  Sample 0:
    TRUE: [31, 17, 0, 19, 27, 2, 28, 17, 39, 27, 17, 19, 2, 22, 28, 16, 8, 11, 8, 39]
    PRED: [9, 19, 28, 39, 27, 8, 8, 39]
    Edit distance: 13/20
  Sample 1:
    TRUE: [27, 16, 7, 39, 26, 11, 7, 2, 28, 30, 39, 28, 10, 34, 27, 2, 20, 39, 28, 5, 22, 8, 39, 20, 16, 31, 2, 14, 27, 1, 13, 28, 39]
    PRED: [27, 10, 28, 39, 26, 27, 11, 25, 7, 2, 37, 39, 1, 34, 11, 39, 28, 5, 22, 8, 39, 31, 16, 31, 39, 9, 2, 39, 10, 34, 13, 39]
    Edit distance: 18/33
  Sample 2:
    TRUE: [28, 24, 39, 27, 33, 20, 37, 39, 35, 17, 39, 21, 12, 8, 39, 16, 22, 39, 2, 22, 2, 6, 1, 29, 30, 39, 19, 2, 20, 33, 38, 2, 22, 39]
    PRED: [9, 33, 39, 27, 16, 17, 20, 37, 39, 6, 27, 17, 27, 39, 21, 12, 25, 22, 8, 39, 16, 22, 39, 2, 22, 27, 5, 4, 28, 39, 19, 20, 33, 38, 2, 22, 39]
    Edit distance: 15/34
  Sample 3:
    TRUE: [20, 3, 27, 17, 37, 39, 19, 0, 28, 30, 33, 21, 39, 22, 17, 8, 2, 8, 39, 6, 20, 1, 19, 39, 14, 20, 2, 34, 37, 39, 30, 33, 39, 6, 17, 39, 19, 2, 21, 26, 20, 17, 30, 20, 17, 39, 10, 20, 2, 14, 2, 22, 30, 39]
    PRED: [27, 39, 15, 1, 28, 26, 21, 39, 8, 16, 8, 39, 6, 16, 19, 39, 14, 20, 2, 34, 37, 39, 30, 33, 39, 6, 17, 39, 2, 21, 26, 20, 17, 39, 20, 2, 22, 8, 39]
    Edit distance: 21/54
  Sample 4:
    TRUE: [9, 2, 39, 30, 33, 31, 39, 13, 10, 27, 17, 39, 13, 11, 14, 0, 30, 39, 30, 33, 39, 19, 2, 21, 39, 35, 10, 22, 39, 27, 0, 18, 11, 37, 39, 30, 33, 31, 39, 13, 10, 20, 39, 4, 30, 39]
    PRED: [9, 2, 39, 30, 33, 28, 39, 9, 10, 17, 17, 39, 13, 27, 3, 19, 19, 39, 30, 33, 39, 30, 2, 21, 39, 35, 10, 22, 39, 27, 11, 39, 9, 33, 13, 39, 34, 10, 39, 4, 30, 39]
    Edit distance: 15/46

============================================================
Batch 13000 | Val PER: 0.3899
============================================================
  Sample 0:
    TRUE: [31, 17, 0, 19, 27, 2, 28, 17, 39, 27, 17, 19, 2, 22, 28, 16, 8, 11, 8, 39]
    PRED: [9, 2, 28, 39, 14, 27, 8, 8, 39]
    Edit distance: 14/20
  Sample 1:
    TRUE: [27, 16, 7, 39, 26, 11, 7, 2, 28, 30, 39, 28, 10, 34, 27, 2, 20, 39, 28, 5, 22, 8, 39, 20, 16, 31, 2, 14, 27, 1, 13, 28, 39]
    PRED: [27, 10, 19, 28, 39, 26, 11, 25, 7, 2, 37, 39, 1, 34, 20, 39, 28, 37, 5, 22, 8, 39, 31, 16, 31, 39, 9, 2, 39, 10, 34, 13, 39]
    Edit distance: 18/33
  Sample 2:
    TRUE: [28, 24, 39, 27, 33, 20, 37, 39, 35, 17, 39, 21, 12, 8, 39, 16, 22, 39, 2, 22, 2, 6, 1, 29, 30, 39, 19, 2, 20, 33, 38, 2, 22, 39]
    PRED: [2, 27, 39, 17, 20, 37, 39, 27, 17, 39, 21, 25, 22, 8, 39, 16, 22, 39, 2, 22, 27, 5, 28, 39, 19, 33, 38, 2, 22, 39]
    Edit distance: 14/34
  Sample 3:
    TRUE: [20, 3, 27, 17, 37, 39, 19, 0, 28, 30, 33, 21, 39, 22, 17, 8, 2, 8, 39, 6, 20, 1, 19, 39, 14, 20, 2, 34, 37, 39, 30, 33, 39, 6, 17, 39, 19, 2, 21, 26, 20, 17, 30, 20, 17, 39, 10, 20, 2, 14, 2, 22, 30, 39]
    PRED: [3, 27, 39, 15, 1, 28, 21, 39, 22, 16, 8, 39, 6, 21, 0, 19, 39, 14, 20, 2, 34, 37, 39, 30, 33, 39, 6, 17, 39, 2, 21, 26, 20, 2, 39, 20, 10, 2, 22, 39]
    Edit distance: 21/54
  Sample 4:
    TRUE: [9, 2, 39, 30, 33, 31, 39, 13, 10, 27, 17, 39, 13, 11, 14, 0, 30, 39, 30, 33, 39, 19, 2, 21, 39, 35, 10, 22, 39, 27, 0, 18, 11, 37, 39, 30, 33, 31, 39, 13, 10, 20, 39, 4, 30, 39]
    PRED: [9, 2, 39, 30, 33, 9, 31, 28, 39, 13, 10, 17, 17, 39, 13, 27, 3, 19, 39, 30, 33, 39, 30, 2, 21, 39, 13, 35, 2, 22, 39, 27, 11, 11, 39, 9, 33, 31, 39, 34, 10, 39, 4, 30, 39]
    Edit distance: 16/46

============================================================
Batch 13500 | Val PER: 0.3892
============================================================
  Sample 0:
    TRUE: [31, 17, 0, 19, 27, 2, 28, 17, 39, 27, 17, 19, 2, 22, 28, 16, 8, 11, 8, 39]
    PRED: [9, 2, 19, 28, 17, 39, 14, 27, 8, 8, 39]
    Edit distance: 13/20
  Sample 1:
    TRUE: [27, 16, 7, 39, 26, 11, 7, 2, 28, 30, 39, 28, 10, 34, 27, 2, 20, 39, 28, 5, 22, 8, 39, 20, 16, 31, 2, 14, 27, 1, 13, 28, 39]
    PRED: [35, 10, 19, 28, 30, 39, 26, 27, 25, 7, 2, 37, 39, 1, 10, 34, 20, 39, 5, 22, 8, 39, 31, 16, 31, 9, 2, 39, 10, 34, 13, 39]
    Edit distance: 19/33
  Sample 2:
    TRUE: [28, 24, 39, 27, 33, 20, 37, 39, 35, 17, 39, 21, 12, 8, 39, 16, 22, 39, 2, 22, 2, 6, 1, 29, 30, 39, 19, 2, 20, 33, 38, 2, 22, 39]
    PRED: [9, 33, 39, 27, 17, 20, 37, 39, 27, 17, 39, 21, 25, 22, 8, 39, 16, 22, 39, 2, 22, 27, 5, 28, 39, 19, 20, 33, 38, 2, 22, 39]
    Edit distance: 12/34
  Sample 3:
    TRUE: [20, 3, 27, 17, 37, 39, 19, 0, 28, 30, 33, 21, 39, 22, 17, 8, 2, 8, 39, 6, 20, 1, 19, 39, 14, 20, 2, 34, 37, 39, 30, 33, 39, 6, 17, 39, 19, 2, 21, 26, 20, 17, 30, 20, 17, 39, 10, 20, 2, 14, 2, 22, 30, 39]
    PRED: [27, 3, 27, 39, 15, 1, 28, 26, 21, 39, 8, 10, 8, 39, 6, 21, 0, 19, 39, 14, 20, 2, 34, 37, 39, 30, 33, 39, 6, 17, 39, 2, 21, 26, 20, 39, 20, 22, 8, 39]
    Edit distance: 22/54
  Sample 4:
    TRUE: [9, 2, 39, 30, 33, 31, 39, 13, 10, 27, 17, 39, 13, 11, 14, 0, 30, 39, 30, 33, 39, 19, 2, 21, 39, 35, 10, 22, 39, 27, 0, 18, 11, 37, 39, 30, 33, 31, 39, 13, 10, 20, 39, 4, 30, 39]
    PRED: [9, 2, 39, 30, 33, 9, 31, 28, 39, 13, 10, 17, 39, 13, 27, 3, 39, 30, 33, 39, 30, 2, 21, 39, 35, 10, 22, 39, 27, 11, 39, 9, 33, 31, 39, 13, 10, 39, 4, 30, 39]
    Edit distance: 13/46

============================================================
Batch 14000 | Val PER: 0.3846
============================================================
  Sample 0:
    TRUE: [31, 17, 0, 19, 27, 2, 28, 17, 39, 27, 17, 19, 2, 22, 28, 16, 8, 11, 8, 39]
    PRED: [9, 28, 39, 27, 8, 8, 39]
    Edit distance: 14/20
  Sample 1:
    TRUE: [27, 16, 7, 39, 26, 11, 7, 2, 28, 30, 39, 28, 10, 34, 27, 2, 20, 39, 28, 5, 22, 8, 39, 20, 16, 31, 2, 14, 27, 1, 13, 28, 39]
    PRED: [27, 10, 28, 39, 26, 27, 25, 7, 2, 37, 39, 1, 34, 20, 39, 5, 22, 8, 39, 31, 16, 31, 39, 9, 2, 39, 14, 10, 34, 13, 39]
    Edit distance: 18/33
  Sample 2:
    TRUE: [28, 24, 39, 27, 33, 20, 37, 39, 35, 17, 39, 21, 12, 8, 39, 16, 22, 39, 2, 22, 2, 6, 1, 29, 30, 39, 19, 2, 20, 33, 38, 2, 22, 39]
    PRED: [9, 33, 39, 16, 17, 20, 37, 39, 21, 27, 17, 39, 21, 25, 22, 8, 39, 16, 22, 39, 2, 22, 27, 5, 28, 39, 19, 20, 33, 38, 2, 22, 39]
    Edit distance: 14/34
  Sample 3:
    TRUE: [20, 3, 27, 17, 37, 39, 19, 0, 28, 30, 33, 21, 39, 22, 17, 8, 2, 8, 39, 6, 20, 1, 19, 39, 14, 20, 2, 34, 37, 39, 30, 33, 39, 6, 17, 39, 19, 2, 21, 26, 20, 17, 30, 20, 17, 39, 10, 20, 2, 14, 2, 22, 30, 39]
    PRED: [19, 27, 11, 39, 15, 1, 28, 26, 21, 39, 22, 16, 8, 39, 6, 21, 0, 19, 39, 14, 20, 2, 34, 37, 39, 30, 33, 39, 6, 17, 39, 2, 21, 26, 20, 39, 20, 20, 22, 8, 39]
    Edit distance: 23/54
  Sample 4:
    TRUE: [9, 2, 39, 30, 33, 31, 39, 13, 10, 27, 17, 39, 13, 11, 14, 0, 30, 39, 30, 33, 39, 19, 2, 21, 39, 35, 10, 22, 39, 27, 0, 18, 11, 37, 39, 30, 33, 31, 39, 13, 10, 20, 39, 4, 30, 39]
    PRED: [9, 2, 39, 30, 33, 31, 28, 39, 13, 16, 17, 39, 13, 27, 3, 30, 22, 39, 30, 33, 39, 30, 2, 21, 39, 35, 10, 22, 8, 39, 27, 11, 39, 9, 33, 31, 39, 13, 5, 39, 4, 30, 39]
    Edit distance: 15/46

============================================================
Batch 14500 | Val PER: 0.3876
============================================================
  Sample 0:
    TRUE: [31, 17, 0, 19, 27, 2, 28, 17, 39, 27, 17, 19, 2, 22, 28, 16, 8, 11, 8, 39]
    PRED: [9, 2, 0, 30, 28, 28, 39, 14, 27, 8, 8, 39]
    Edit distance: 14/20
  Sample 1:
    TRUE: [27, 16, 7, 39, 26, 11, 7, 2, 28, 30, 39, 28, 10, 34, 27, 2, 20, 39, 28, 5, 22, 8, 39, 20, 16, 31, 2, 14, 27, 1, 13, 28, 39]
    PRED: [27, 10, 28, 39, 26, 27, 0, 2, 37, 39, 1, 34, 20, 39, 28, 5, 22, 8, 39, 16, 31, 39, 9, 2, 39, 14, 10, 34, 13, 39]
    Edit distance: 17/33
  Sample 2:
    TRUE: [28, 24, 39, 27, 33, 20, 37, 39, 35, 17, 39, 21, 12, 8, 39, 16, 22, 39, 2, 22, 2, 6, 1, 29, 30, 39, 19, 2, 20, 33, 38, 2, 22, 39]
    PRED: [9, 2, 39, 34, 16, 17, 20, 37, 39, 27, 17, 39, 21, 25, 22, 8, 39, 16, 22, 39, 2, 22, 27, 5, 28, 39, 19, 20, 33, 2, 22, 39]
    Edit distance: 15/34
  Sample 3:
    TRUE: [20, 3, 27, 17, 37, 39, 19, 0, 28, 30, 33, 21, 39, 22, 17, 8, 2, 8, 39, 6, 20, 1, 19, 39, 14, 20, 2, 34, 37, 39, 30, 33, 39, 6, 17, 39, 19, 2, 21, 26, 20, 17, 30, 20, 17, 39, 10, 20, 2, 14, 2, 22, 30, 39]
    PRED: [27, 3, 27, 39, 15, 1, 21, 39, 8, 22, 16, 8, 39, 6, 21, 0, 19, 39, 14, 20, 2, 34, 37, 39, 30, 33, 39, 6, 17, 39, 2, 21, 26, 20, 2, 39, 20, 20, 22, 8, 39]
    Edit distance: 24/54
  Sample 4:
    TRUE: [9, 2, 39, 30, 33, 31, 39, 13, 10, 27, 17, 39, 13, 11, 14, 0, 30, 39, 30, 33, 39, 19, 2, 21, 39, 35, 10, 22, 39, 27, 0, 18, 11, 37, 39, 30, 33, 31, 39, 13, 10, 20, 39, 4, 30, 39]
    PRED: [9, 2, 39, 30, 33, 31, 28, 39, 16, 17, 17, 39, 13, 27, 3, 19, 0, 0, 8, 39, 30, 33, 39, 19, 2, 21, 39, 35, 10, 22, 39, 27, 11, 39, 9, 33, 31, 13, 39, 13, 10, 20, 39, 4, 30, 39]
    Edit distance: 14/46

============================================================
Batch 15000 | Val PER: 0.3869
============================================================
  Sample 0:
    TRUE: [31, 17, 0, 19, 27, 2, 28, 17, 39, 27, 17, 19, 2, 22, 28, 16, 8, 11, 8, 39]
    PRED: [9, 28, 39, 27, 8, 8, 39]
    Edit distance: 14/20
  Sample 1:
    TRUE: [27, 16, 7, 39, 26, 11, 7, 2, 28, 30, 39, 28, 10, 34, 27, 2, 20, 39, 28, 5, 22, 8, 39, 20, 16, 31, 2, 14, 27, 1, 13, 28, 39]
    PRED: [27, 10, 28, 39, 26, 11, 25, 2, 8, 37, 39, 2, 10, 34, 20, 39, 5, 22, 8, 39, 31, 16, 31, 9, 2, 39, 10, 13, 39]
    Edit distance: 15/33
  Sample 2:
    TRUE: [28, 24, 39, 27, 33, 20, 37, 39, 35, 17, 39, 21, 12, 8, 39, 16, 22, 39, 2, 22, 2, 6, 1, 29, 30, 39, 19, 2, 20, 33, 38, 2, 22, 39]
    PRED: [9, 33, 39, 16, 20, 37, 39, 27, 17, 39, 21, 25, 22, 8, 39, 16, 22, 39, 2, 22, 27, 1, 28, 39, 19, 20, 33, 38, 2, 22, 39]
    Edit distance: 12/34
  Sample 3:
    TRUE: [20, 3, 27, 17, 37, 39, 19, 0, 28, 30, 33, 21, 39, 22, 17, 8, 2, 8, 39, 6, 20, 1, 19, 39, 14, 20, 2, 34, 37, 39, 30, 33, 39, 6, 17, 39, 19, 2, 21, 26, 20, 17, 30, 20, 17, 39, 10, 20, 2, 14, 2, 22, 30, 39]
    PRED: [27, 3, 39, 15, 1, 28, 26, 21, 39, 22, 16, 8, 39, 6, 21, 0, 19, 39, 14, 20, 2, 34, 37, 39, 30, 33, 39, 6, 17, 39, 2, 21, 26, 20, 17, 2, 39, 20, 20, 22, 8, 39]
    Edit distance: 22/54
  Sample 4:
    TRUE: [9, 2, 39, 30, 33, 31, 39, 13, 10, 27, 17, 39, 13, 11, 14, 0, 30, 39, 30, 33, 39, 19, 2, 21, 39, 35, 10, 22, 39, 27, 0, 18, 11, 37, 39, 30, 33, 31, 39, 13, 10, 20, 39, 4, 30, 39]
    PRED: [9, 2, 39, 30, 33, 28, 39, 10, 17, 17, 39, 13, 27, 3, 19, 39, 30, 33, 39, 19, 2, 21, 39, 35, 10, 22, 39, 27, 11, 39, 9, 33, 31, 39, 13, 10, 20, 39, 4, 30, 39]
    Edit distance: 11/46

============================================================
Batch 15500 | Val PER: 0.3867
============================================================
  Sample 0:
    TRUE: [31, 17, 0, 19, 27, 2, 28, 17, 39, 27, 17, 19, 2, 22, 28, 16, 8, 11, 8, 39]
    PRED: [9, 30, 28, 39, 27, 8, 8, 39]
    Edit distance: 14/20
  Sample 1:
    TRUE: [27, 16, 7, 39, 26, 11, 7, 2, 28, 30, 39, 28, 10, 34, 27, 2, 20, 39, 28, 5, 22, 8, 39, 20, 16, 31, 2, 14, 27, 1, 13, 28, 39]
    PRED: [35, 10, 28, 19, 28, 39, 26, 27, 25, 7, 2, 37, 39, 1, 34, 20, 39, 28, 5, 22, 8, 39, 31, 16, 31, 9, 2, 39, 14, 10, 13, 39]
    Edit distance: 19/33
  Sample 2:
    TRUE: [28, 24, 39, 27, 33, 20, 37, 39, 35, 17, 39, 21, 12, 8, 39, 16, 22, 39, 2, 22, 2, 6, 1, 29, 30, 39, 19, 2, 20, 33, 38, 2, 22, 39]
    PRED: [9, 24, 39, 27, 25, 33, 20, 37, 39, 6, 27, 5, 39, 21, 25, 22, 8, 39, 16, 22, 39, 2, 22, 27, 5, 28, 39, 19, 20, 33, 2, 22, 39]
    Edit distance: 14/34
  Sample 3:
    TRUE: [20, 3, 27, 17, 37, 39, 19, 0, 28, 30, 33, 21, 39, 22, 17, 8, 2, 8, 39, 6, 20, 1, 19, 39, 14, 20, 2, 34, 37, 39, 30, 33, 39, 6, 17, 39, 19, 2, 21, 26, 20, 17, 30, 20, 17, 39, 10, 20, 2, 14, 2, 22, 30, 39]
    PRED: [30, 27, 11, 39, 28, 15, 1, 28, 21, 39, 22, 10, 8, 39, 6, 21, 0, 19, 39, 14, 20, 2, 34, 37, 39, 30, 33, 39, 6, 17, 39, 2, 21, 26, 20, 17, 39, 20, 20, 22, 8, 39]
    Edit distance: 23/54
  Sample 4:
    TRUE: [9, 2, 39, 30, 33, 31, 39, 13, 10, 27, 17, 39, 13, 11, 14, 0, 30, 39, 30, 33, 39, 19, 2, 21, 39, 35, 10, 22, 39, 27, 0, 18, 11, 37, 39, 30, 33, 31, 39, 13, 10, 20, 39, 4, 30, 39]
    PRED: [9, 2, 39, 30, 33, 28, 39, 13, 10, 17, 17, 39, 13, 27, 3, 30, 10, 39, 30, 33, 39, 30, 19, 2, 21, 39, 35, 10, 22, 39, 35, 27, 11, 39, 9, 33, 31, 39, 13, 10, 20, 39, 4, 30, 39]
    Edit distance: 12/46

============================================================
Batch 16000 | Val PER: 0.3820
============================================================
  Sample 0:
    TRUE: [31, 17, 0, 19, 27, 2, 28, 17, 39, 27, 17, 19, 2, 22, 28, 16, 8, 11, 8, 39]
    PRED: [9, 2, 19, 28, 39, 27, 8, 8, 39]
    Edit distance: 13/20
  Sample 1:
    TRUE: [27, 16, 7, 39, 26, 11, 7, 2, 28, 30, 39, 28, 10, 34, 27, 2, 20, 39, 28, 5, 22, 8, 39, 20, 16, 31, 2, 14, 27, 1, 13, 28, 39]
    PRED: [27, 10, 19, 39, 26, 27, 0, 7, 2, 37, 39, 1, 34, 20, 39, 37, 5, 22, 8, 39, 31, 16, 31, 39, 9, 2, 39, 10, 34, 13, 39]
    Edit distance: 18/33
  Sample 2:
    TRUE: [28, 24, 39, 27, 33, 20, 37, 39, 35, 17, 39, 21, 12, 8, 39, 16, 22, 39, 2, 22, 2, 6, 1, 29, 30, 39, 19, 2, 20, 33, 38, 2, 22, 39]
    PRED: [9, 2, 39, 34, 17, 20, 37, 39, 6, 21, 17, 39, 21, 25, 8, 39, 16, 22, 39, 2, 22, 27, 1, 28, 39, 19, 20, 33, 38, 2, 22, 39]
    Edit distance: 12/34
  Sample 3:
    TRUE: [20, 3, 27, 17, 37, 39, 19, 0, 28, 30, 33, 21, 39, 22, 17, 8, 2, 8, 39, 6, 20, 1, 19, 39, 14, 20, 2, 34, 37, 39, 30, 33, 39, 6, 17, 39, 19, 2, 21, 26, 20, 17, 30, 20, 17, 39, 10, 20, 2, 14, 2, 22, 30, 39]
    PRED: [24, 39, 28, 15, 1, 28, 26, 21, 39, 22, 10, 8, 39, 21, 0, 19, 39, 14, 20, 2, 34, 37, 39, 30, 33, 39, 6, 17, 39, 2, 21, 26, 20, 17, 39, 20, 20, 2, 22, 39]
    Edit distance: 24/54
  Sample 4:
    TRUE: [9, 2, 39, 30, 33, 31, 39, 13, 10, 27, 17, 39, 13, 11, 14, 0, 30, 39, 30, 33, 39, 19, 2, 21, 39, 35, 10, 22, 39, 27, 0, 18, 11, 37, 39, 30, 33, 31, 39, 13, 10, 20, 39, 4, 30, 39]
    PRED: [9, 2, 39, 30, 33, 31, 28, 39, 13, 10, 17, 39, 13, 27, 16, 19, 39, 30, 33, 39, 30, 2, 21, 39, 35, 10, 22, 39, 35, 11, 39, 9, 33, 31, 39, 13, 5, 20, 39, 4, 30, 39]
    Edit distance: 13/46

============================================================
Batch 16500 | Val PER: 0.3842
============================================================
  Sample 0:
    TRUE: [31, 17, 0, 19, 27, 2, 28, 17, 39, 27, 17, 19, 2, 22, 28, 16, 8, 11, 8, 39]
    PRED: [9, 2, 19, 28, 28, 39, 27, 8, 39]
    Edit distance: 14/20
  Sample 1:
    TRUE: [27, 16, 7, 39, 26, 11, 7, 2, 28, 30, 39, 28, 10, 34, 27, 2, 20, 39, 28, 5, 22, 8, 39, 20, 16, 31, 2, 14, 27, 1, 13, 28, 39]
    PRED: [35, 10, 28, 39, 26, 27, 25, 7, 2, 37, 39, 1, 34, 20, 39, 28, 5, 22, 8, 39, 31, 16, 31, 39, 9, 39, 10, 13, 39]
    Edit distance: 17/33
  Sample 2:
    TRUE: [28, 24, 39, 27, 33, 20, 37, 39, 35, 17, 39, 21, 12, 8, 39, 16, 22, 39, 2, 22, 2, 6, 1, 29, 30, 39, 19, 2, 20, 33, 38, 2, 22, 39]
    PRED: [9, 2, 39, 35, 33, 20, 37, 39, 27, 17, 39, 21, 25, 8, 39, 16, 22, 39, 2, 22, 27, 1, 28, 39, 19, 20, 33, 2, 22, 39]
    Edit distance: 11/34
  Sample 3:
    TRUE: [20, 3, 27, 17, 37, 39, 19, 0, 28, 30, 33, 21, 39, 22, 17, 8, 2, 8, 39, 6, 20, 1, 19, 39, 14, 20, 2, 34, 37, 39, 30, 33, 39, 6, 17, 39, 19, 2, 21, 26, 20, 17, 30, 20, 17, 39, 10, 20, 2, 14, 2, 22, 30, 39]
    PRED: [27, 3, 27, 39, 28, 15, 1, 28, 26, 21, 39, 22, 10, 8, 39, 21, 0, 19, 39, 14, 20, 2, 34, 37, 39, 30, 33, 39, 6, 17, 39, 2, 21, 26, 20, 17, 39, 20, 20, 2, 22, 8, 39]
    Edit distance: 22/54
  Sample 4:
    TRUE: [9, 2, 39, 30, 33, 31, 39, 13, 10, 27, 17, 39, 13, 11, 14, 0, 30, 39, 30, 33, 39, 19, 2, 21, 39, 35, 10, 22, 39, 27, 0, 18, 11, 37, 39, 30, 33, 31, 39, 13, 10, 20, 39, 4, 30, 39]
    PRED: [9, 2, 39, 30, 33, 9, 31, 28, 39, 16, 17, 39, 13, 27, 3, 19, 39, 30, 33, 39, 19, 2, 21, 39, 35, 2, 22, 39, 35, 27, 11, 39, 9, 33, 31, 39, 13, 5, 20, 39, 4, 30, 39]
    Edit distance: 16/46

============================================================
Batch 17000 | Val PER: 0.3839
============================================================
  Sample 0:
    TRUE: [31, 17, 0, 19, 27, 2, 28, 17, 39, 27, 17, 19, 2, 22, 28, 16, 8, 11, 8, 39]
    PRED: [9, 2, 19, 28, 39, 27, 30, 8, 8, 39]
    Edit distance: 13/20
  Sample 1:
    TRUE: [27, 16, 7, 39, 26, 11, 7, 2, 28, 30, 39, 28, 10, 34, 27, 2, 20, 39, 28, 5, 22, 8, 39, 20, 16, 31, 2, 14, 27, 1, 13, 28, 39]
    PRED: [27, 10, 19, 39, 26, 27, 25, 29, 2, 8, 37, 39, 1, 34, 20, 39, 28, 5, 22, 8, 39, 20, 16, 31, 39, 9, 2, 39, 10, 13, 39]
    Edit distance: 17/33
  Sample 2:
    TRUE: [28, 24, 39, 27, 33, 20, 37, 39, 35, 17, 39, 21, 12, 8, 39, 16, 22, 39, 2, 22, 2, 6, 1, 29, 30, 39, 19, 2, 20, 33, 38, 2, 22, 39]
    PRED: [9, 2, 39, 35, 16, 17, 20, 37, 39, 27, 17, 39, 21, 25, 8, 39, 16, 22, 39, 2, 22, 27, 1, 28, 39, 19, 20, 2, 22, 39]
    Edit distance: 14/34
  Sample 3:
    TRUE: [20, 3, 27, 17, 37, 39, 19, 0, 28, 30, 33, 21, 39, 22, 17, 8, 2, 8, 39, 6, 20, 1, 19, 39, 14, 20, 2, 34, 37, 39, 30, 33, 39, 6, 17, 39, 19, 2, 21, 26, 20, 17, 30, 20, 17, 39, 10, 20, 2, 14, 2, 22, 30, 39]
    PRED: [27, 11, 39, 15, 1, 28, 26, 21, 39, 22, 16, 8, 39, 6, 21, 0, 19, 39, 14, 20, 2, 34, 37, 39, 30, 33, 39, 6, 17, 20, 39, 20, 2, 21, 26, 20, 17, 39, 20, 20, 22, 39]
    Edit distance: 23/54
  Sample 4:
    TRUE: [9, 2, 39, 30, 33, 31, 39, 13, 10, 27, 17, 39, 13, 11, 14, 0, 30, 39, 30, 33, 39, 19, 2, 21, 39, 35, 10, 22, 39, 27, 0, 18, 11, 37, 39, 30, 33, 31, 39, 13, 10, 20, 39, 4, 30, 39]
    PRED: [9, 2, 39, 30, 33, 31, 28, 39, 13, 16, 17, 39, 13, 27, 3, 39, 30, 33, 39, 28, 19, 2, 21, 39, 13, 35, 10, 22, 8, 39, 27, 11, 39, 9, 33, 31, 39, 13, 10, 20, 39, 4, 30, 39]
    Edit distance: 14/46

============================================================
Batch 17500 | Val PER: 0.3774
============================================================
  Sample 0:
    TRUE: [31, 17, 0, 19, 27, 2, 28, 17, 39, 27, 17, 19, 2, 22, 28, 16, 8, 11, 8, 39]
    PRED: [9, 2, 28, 39, 27, 8, 39]
    Edit distance: 14/20
  Sample 1:
    TRUE: [27, 16, 7, 39, 26, 11, 7, 2, 28, 30, 39, 28, 10, 34, 27, 2, 20, 39, 28, 5, 22, 8, 39, 20, 16, 31, 2, 14, 27, 1, 13, 28, 39]
    PRED: [27, 10, 19, 39, 26, 27, 25, 2, 37, 39, 1, 2, 34, 20, 39, 5, 22, 8, 39, 9, 16, 31, 39, 9, 2, 39, 10, 34, 13, 39]
    Edit distance: 18/33
  Sample 2:
    TRUE: [28, 24, 39, 27, 33, 20, 37, 39, 35, 17, 39, 21, 12, 8, 39, 16, 22, 39, 2, 22, 2, 6, 1, 29, 30, 39, 19, 2, 20, 33, 38, 2, 22, 39]
    PRED: [9, 2, 39, 35, 17, 20, 37, 39, 27, 17, 39, 21, 25, 8, 39, 16, 22, 8, 39, 2, 22, 27, 5, 28, 39, 19, 20, 33, 2, 22, 39]
    Edit distance: 14/34
  Sample 3:
    TRUE: [20, 3, 27, 17, 37, 39, 19, 0, 28, 30, 33, 21, 39, 22, 17, 8, 2, 8, 39, 6, 20, 1, 19, 39, 14, 20, 2, 34, 37, 39, 30, 33, 39, 6, 17, 39, 19, 2, 21, 26, 20, 17, 30, 20, 17, 39, 10, 20, 2, 14, 2, 22, 30, 39]
    PRED: [27, 3, 39, 15, 1, 21, 39, 22, 10, 8, 39, 21, 0, 19, 39, 14, 20, 2, 34, 37, 39, 30, 33, 39, 6, 17, 39, 2, 21, 26, 20, 17, 39, 10, 20, 20, 22, 8, 39]
    Edit distance: 23/54
  Sample 4:
    TRUE: [9, 2, 39, 30, 33, 31, 39, 13, 10, 27, 17, 39, 13, 11, 14, 0, 30, 39, 30, 33, 39, 19, 2, 21, 39, 35, 10, 22, 39, 27, 0, 18, 11, 37, 39, 30, 33, 31, 39, 13, 10, 20, 39, 4, 30, 39]
    PRED: [9, 2, 39, 30, 33, 31, 28, 39, 16, 17, 39, 13, 27, 3, 39, 30, 33, 39, 30, 2, 21, 39, 35, 10, 22, 39, 27, 16, 11, 39, 9, 33, 13, 39, 13, 10, 39, 4, 30, 39]
    Edit distance: 15/46

============================================================
Batch 18000 | Val PER: 0.3805
============================================================
  Sample 0:
    TRUE: [31, 17, 0, 19, 27, 2, 28, 17, 39, 27, 17, 19, 2, 22, 28, 16, 8, 11, 8, 39]
    PRED: [9, 2, 30, 28, 39, 14, 27, 8, 16, 8, 39]
    Edit distance: 15/20
  Sample 1:
    TRUE: [27, 16, 7, 39, 26, 11, 7, 2, 28, 30, 39, 28, 10, 34, 27, 2, 20, 39, 28, 5, 22, 8, 39, 20, 16, 31, 2, 14, 27, 1, 13, 28, 39]
    PRED: [35, 10, 19, 39, 26, 27, 25, 7, 2, 37, 39, 1, 34, 20, 39, 5, 22, 8, 39, 20, 16, 31, 9, 2, 39, 10, 34, 13, 39]
    Edit distance: 17/33
  Sample 2:
    TRUE: [28, 24, 39, 27, 33, 20, 37, 39, 35, 17, 39, 21, 12, 8, 39, 16, 22, 39, 2, 22, 2, 6, 1, 29, 30, 39, 19, 2, 20, 33, 38, 2, 22, 39]
    PRED: [9, 33, 39, 27, 16, 33, 20, 37, 39, 27, 17, 39, 21, 25, 8, 39, 16, 22, 39, 2, 22, 27, 1, 28, 39, 19, 20, 33, 2, 22, 39]
    Edit distance: 11/34
  Sample 3:
    TRUE: [20, 3, 27, 17, 37, 39, 19, 0, 28, 30, 33, 21, 39, 22, 17, 8, 2, 8, 39, 6, 20, 1, 19, 39, 14, 20, 2, 34, 37, 39, 30, 33, 39, 6, 17, 39, 19, 2, 21, 26, 20, 17, 30, 20, 17, 39, 10, 20, 2, 14, 2, 22, 30, 39]
    PRED: [19, 27, 16, 27, 39, 15, 1, 21, 39, 22, 16, 8, 39, 6, 21, 0, 19, 39, 14, 20, 2, 34, 37, 39, 30, 33, 39, 6, 17, 39, 2, 21, 26, 20, 17, 39, 20, 20, 2, 22, 8, 39]
    Edit distance: 22/54
  Sample 4:
    TRUE: [9, 2, 39, 30, 33, 31, 39, 13, 10, 27, 17, 39, 13, 11, 14, 0, 30, 39, 30, 33, 39, 19, 2, 21, 39, 35, 10, 22, 39, 27, 0, 18, 11, 37, 39, 30, 33, 31, 39, 13, 10, 20, 39, 4, 30, 39]
    PRED: [9, 2, 39, 30, 33, 31, 28, 39, 13, 8, 16, 17, 39, 13, 27, 3, 39, 30, 33, 39, 19, 2, 21, 39, 35, 10, 22, 39, 27, 11, 39, 9, 33, 31, 39, 13, 10, 39, 4, 30, 39]
    Edit distance: 12/46

============================================================
Batch 18500 | Val PER: 0.3812
============================================================
  Sample 0:
    TRUE: [31, 17, 0, 19, 27, 2, 28, 17, 39, 27, 17, 19, 2, 22, 28, 16, 8, 11, 8, 39]
    PRED: [9, 2, 39, 30, 28, 39, 14, 27, 14, 8, 8, 39]
    Edit distance: 15/20
  Sample 1:
    TRUE: [27, 16, 7, 39, 26, 11, 7, 2, 28, 30, 39, 28, 10, 34, 27, 2, 20, 39, 28, 5, 22, 8, 39, 20, 16, 31, 2, 14, 27, 1, 13, 28, 39]
    PRED: [30, 35, 10, 19, 28, 39, 26, 27, 25, 7, 2, 37, 39, 10, 34, 2, 20, 39, 5, 22, 8, 39, 31, 16, 31, 39, 9, 39, 10, 13, 39]
    Edit distance: 18/33
  Sample 2:
    TRUE: [28, 24, 39, 27, 33, 20, 37, 39, 35, 17, 39, 21, 12, 8, 39, 16, 22, 39, 2, 22, 2, 6, 1, 29, 30, 39, 19, 2, 20, 33, 38, 2, 22, 39]
    PRED: [9, 24, 39, 27, 16, 33, 20, 37, 39, 27, 5, 39, 21, 25, 8, 39, 16, 22, 39, 2, 22, 27, 1, 28, 39, 19, 20, 33, 2, 22, 39]
    Edit distance: 11/34
  Sample 3:
    TRUE: [20, 3, 27, 17, 37, 39, 19, 0, 28, 30, 33, 21, 39, 22, 17, 8, 2, 8, 39, 6, 20, 1, 19, 39, 14, 20, 2, 34, 37, 39, 30, 33, 39, 6, 17, 39, 19, 2, 21, 26, 20, 17, 30, 20, 17, 39, 10, 20, 2, 14, 2, 22, 30, 39]
    PRED: [27, 24, 39, 15, 1, 28, 26, 21, 39, 22, 10, 8, 39, 6, 21, 5, 19, 39, 14, 20, 2, 34, 37, 39, 30, 33, 39, 6, 17, 39, 2, 21, 26, 20, 17, 39, 20, 20, 2, 22, 39]
    Edit distance: 21/54
  Sample 4:
    TRUE: [9, 2, 39, 30, 33, 31, 39, 13, 10, 27, 17, 39, 13, 11, 14, 0, 30, 39, 30, 33, 39, 19, 2, 21, 39, 35, 10, 22, 39, 27, 0, 18, 11, 37, 39, 30, 33, 31, 39, 13, 10, 20, 39, 4, 30, 39]
    PRED: [9, 2, 39, 30, 33, 9, 28, 39, 8, 16, 17, 39, 13, 27, 3, 19, 39, 30, 33, 39, 30, 2, 21, 39, 35, 10, 2, 22, 39, 27, 11, 39, 9, 33, 31, 13, 39, 13, 10, 39, 4, 30, 39]
    Edit distance: 17/46

============================================================
Batch 19000 | Val PER: 0.3790
============================================================
  Sample 0:
    TRUE: [31, 17, 0, 19, 27, 2, 28, 17, 39, 27, 17, 19, 2, 22, 28, 16, 8, 11, 8, 39]
    PRED: [9, 2, 28, 17, 39, 27, 17, 8, 8, 39]
    Edit distance: 11/20
  Sample 1:
    TRUE: [27, 16, 7, 39, 26, 11, 7, 2, 28, 30, 39, 28, 10, 34, 27, 2, 20, 39, 28, 5, 22, 8, 39, 20, 16, 31, 2, 14, 27, 1, 13, 28, 39]
    PRED: [30, 27, 10, 28, 39, 26, 11, 25, 7, 2, 37, 39, 1, 34, 20, 39, 28, 37, 5, 22, 8, 39, 31, 16, 31, 39, 9, 39, 10, 13, 39]
    Edit distance: 17/33
  Sample 2:
    TRUE: [28, 24, 39, 27, 33, 20, 37, 39, 35, 17, 39, 21, 12, 8, 39, 16, 22, 39, 2, 22, 2, 6, 1, 29, 30, 39, 19, 2, 20, 33, 38, 2, 22, 39]
    PRED: [9, 33, 27, 39, 27, 16, 33, 20, 37, 39, 27, 17, 39, 21, 25, 8, 39, 16, 22, 8, 39, 2, 22, 27, 1, 28, 39, 19, 20, 33, 38, 2, 22, 39]
    Edit distance: 12/34
  Sample 3:
    TRUE: [20, 3, 27, 17, 37, 39, 19, 0, 28, 30, 33, 21, 39, 22, 17, 8, 2, 8, 39, 6, 20, 1, 19, 39, 14, 20, 2, 34, 37, 39, 30, 33, 39, 6, 17, 39, 19, 2, 21, 26, 20, 17, 30, 20, 17, 39, 10, 20, 2, 14, 2, 22, 30, 39]
    PRED: [19, 27, 24, 27, 39, 19, 15, 1, 28, 21, 39, 22, 16, 8, 39, 6, 21, 0, 19, 39, 14, 20, 2, 34, 37, 39, 30, 33, 39, 6, 17, 39, 2, 21, 26, 20, 17, 39, 20, 20, 2, 22, 39]
    Edit distance: 21/54
  Sample 4:
    TRUE: [9, 2, 39, 30, 33, 31, 39, 13, 10, 27, 17, 39, 13, 11, 14, 0, 30, 39, 30, 33, 39, 19, 2, 21, 39, 35, 10, 22, 39, 27, 0, 18, 11, 37, 39, 30, 33, 31, 39, 13, 10, 20, 39, 4, 30, 39]
    PRED: [9, 2, 39, 30, 33, 9, 28, 39, 8, 16, 17, 17, 39, 13, 27, 3, 19, 39, 30, 33, 39, 28, 30, 2, 21, 39, 35, 10, 22, 8, 39, 27, 11, 39, 9, 33, 31, 13, 39, 13, 10, 39, 4, 30, 39]
    Edit distance: 18/46

============================================================
Batch 19500 | Val PER: 0.3804
============================================================
  Sample 0:
    TRUE: [31, 17, 0, 19, 27, 2, 28, 17, 39, 27, 17, 19, 2, 22, 28, 16, 8, 11, 8, 39]
    PRED: [9, 2, 19, 28, 39, 27, 8, 8, 39]
    Edit distance: 13/20
  Sample 1:
    TRUE: [27, 16, 7, 39, 26, 11, 7, 2, 28, 30, 39, 28, 10, 34, 27, 2, 20, 39, 28, 5, 22, 8, 39, 20, 16, 31, 2, 14, 27, 1, 13, 28, 39]
    PRED: [35, 10, 28, 39, 26, 27, 25, 7, 2, 37, 39, 1, 34, 20, 39, 37, 5, 22, 8, 39, 31, 20, 16, 31, 9, 39, 10, 13, 39]
    Edit distance: 18/33
  Sample 2:
    TRUE: [28, 24, 39, 27, 33, 20, 37, 39, 35, 17, 39, 21, 12, 8, 39, 16, 22, 39, 2, 22, 2, 6, 1, 29, 30, 39, 19, 2, 20, 33, 38, 2, 22, 39]
    PRED: [9, 33, 39, 27, 33, 20, 37, 39, 27, 17, 39, 21, 12, 25, 8, 39, 16, 22, 39, 2, 22, 27, 5, 28, 39, 19, 20, 33, 2, 22, 39]
    Edit distance: 11/34
  Sample 3:
    TRUE: [20, 3, 27, 17, 37, 39, 19, 0, 28, 30, 33, 21, 39, 22, 17, 8, 2, 8, 39, 6, 20, 1, 19, 39, 14, 20, 2, 34, 37, 39, 30, 33, 39, 6, 17, 39, 19, 2, 21, 26, 20, 17, 30, 20, 17, 39, 10, 20, 2, 14, 2, 22, 30, 39]
    PRED: [27, 24, 27, 39, 15, 1, 28, 21, 39, 22, 10, 8, 39, 6, 21, 0, 19, 39, 14, 20, 2, 34, 37, 39, 30, 33, 39, 6, 17, 39, 2, 21, 26, 20, 17, 39, 20, 2, 22, 39]
    Edit distance: 21/54
  Sample 4:
    TRUE: [9, 2, 39, 30, 33, 31, 39, 13, 10, 27, 17, 39, 13, 11, 14, 0, 30, 39, 30, 33, 39, 19, 2, 21, 39, 35, 10, 22, 39, 27, 0, 18, 11, 37, 39, 30, 33, 31, 39, 13, 10, 20, 39, 4, 30, 39]
    PRED: [9, 2, 39, 30, 33, 9, 31, 28, 39, 16, 17, 37, 39, 13, 27, 3, 39, 30, 33, 39, 28, 30, 2, 21, 39, 35, 2, 22, 39, 27, 11, 11, 39, 9, 33, 31, 13, 39, 13, 5, 39, 4, 30, 39]
    Edit distance: 20/46

============================================================
Batch 20000 | Val PER: 0.3780
============================================================
  Sample 0:
    TRUE: [31, 17, 0, 19, 27, 2, 28, 17, 39, 27, 17, 19, 2, 22, 28, 16, 8, 11, 8, 39]
    PRED: [9, 2, 19, 28, 17, 39, 14, 27, 8, 8, 39]
    Edit distance: 13/20
  Sample 1:
    TRUE: [27, 16, 7, 39, 26, 11, 7, 2, 28, 30, 39, 28, 10, 34, 27, 2, 20, 39, 28, 5, 22, 8, 39, 20, 16, 31, 2, 14, 27, 1, 13, 28, 39]
    PRED: [30, 35, 10, 19, 30, 39, 26, 11, 25, 7, 2, 37, 39, 1, 34, 20, 39, 5, 22, 8, 39, 31, 16, 31, 9, 2, 39, 14, 10, 13, 39]
    Edit distance: 19/33
  Sample 2:
    TRUE: [28, 24, 39, 27, 33, 20, 37, 39, 35, 17, 39, 21, 12, 8, 39, 16, 22, 39, 2, 22, 2, 6, 1, 29, 30, 39, 19, 2, 20, 33, 38, 2, 22, 39]
    PRED: [9, 33, 39, 16, 33, 20, 37, 39, 27, 17, 39, 21, 25, 8, 39, 16, 22, 8, 39, 2, 22, 27, 5, 28, 39, 19, 20, 20, 33, 33, 38, 2, 22, 39]
    Edit distance: 13/34
  Sample 3:
    TRUE: [20, 3, 27, 17, 37, 39, 19, 0, 28, 30, 33, 21, 39, 22, 17, 8, 2, 8, 39, 6, 20, 1, 19, 39, 14, 20, 2, 34, 37, 39, 30, 33, 39, 6, 17, 39, 19, 2, 21, 26, 20, 17, 30, 20, 17, 39, 10, 20, 2, 14, 2, 22, 30, 39]
    PRED: [24, 39, 15, 1, 28, 26, 21, 39, 22, 10, 8, 39, 6, 21, 1, 19, 39, 14, 20, 2, 34, 37, 39, 30, 33, 39, 6, 17, 39, 2, 21, 26, 20, 17, 2, 39, 20, 20, 2, 22, 39]
    Edit distance: 21/54
  Sample 4:
    TRUE: [9, 2, 39, 30, 33, 31, 39, 13, 10, 27, 17, 39, 13, 11, 14, 0, 30, 39, 30, 33, 39, 19, 2, 21, 39, 35, 10, 22, 39, 27, 0, 18, 11, 37, 39, 30, 33, 31, 39, 13, 10, 20, 39, 4, 30, 39]
    PRED: [9, 2, 39, 30, 33, 28, 39, 16, 17, 39, 13, 27, 3, 19, 10, 19, 39, 30, 33, 39, 30, 2, 21, 39, 35, 2, 22, 39, 27, 11, 39, 9, 33, 31, 13, 39, 13, 10, 20, 39, 4, 30, 39]
    Edit distance: 16/46

============================================================
Batch 20500 | Val PER: 0.3760
============================================================
  Sample 0:
    TRUE: [31, 17, 0, 19, 27, 2, 28, 17, 39, 27, 17, 19, 2, 22, 28, 16, 8, 11, 8, 39]
    PRED: [9, 12, 30, 28, 39, 27, 8, 39]
    Edit distance: 15/20
  Sample 1:
    TRUE: [27, 16, 7, 39, 26, 11, 7, 2, 28, 30, 39, 28, 10, 34, 27, 2, 20, 39, 28, 5, 22, 8, 39, 20, 16, 31, 2, 14, 27, 1, 13, 28, 39]
    PRED: [30, 35, 10, 19, 39, 26, 27, 25, 2, 8, 37, 39, 1, 34, 20, 39, 5, 22, 8, 39, 31, 16, 9, 2, 39, 14, 10, 13, 39]
    Edit distance: 19/33
  Sample 2:
    TRUE: [28, 24, 39, 27, 33, 20, 37, 39, 35, 17, 39, 21, 12, 8, 39, 16, 22, 39, 2, 22, 2, 6, 1, 29, 30, 39, 19, 2, 20, 33, 38, 2, 22, 39]
    PRED: [9, 33, 39, 35, 16, 33, 20, 37, 39, 27, 17, 39, 21, 25, 8, 39, 16, 22, 8, 39, 2, 22, 27, 5, 28, 39, 19, 20, 2, 22, 39]
    Edit distance: 15/34
  Sample 3:
    TRUE: [20, 3, 27, 17, 37, 39, 19, 0, 28, 30, 33, 21, 39, 22, 17, 8, 2, 8, 39, 6, 20, 1, 19, 39, 14, 20, 2, 34, 37, 39, 30, 33, 39, 6, 17, 39, 19, 2, 21, 26, 20, 17, 30, 20, 17, 39, 10, 20, 2, 14, 2, 22, 30, 39]
    PRED: [19, 27, 11, 27, 39, 19, 15, 1, 28, 21, 39, 22, 10, 8, 39, 6, 21, 5, 19, 39, 14, 20, 2, 34, 37, 39, 30, 33, 39, 6, 17, 39, 20, 2, 21, 26, 20, 17, 39, 20, 20, 2, 22, 39]
    Edit distance: 21/54
  Sample 4:
    TRUE: [9, 2, 39, 30, 33, 31, 39, 13, 10, 27, 17, 39, 13, 11, 14, 0, 30, 39, 30, 33, 39, 19, 2, 21, 39, 35, 10, 22, 39, 27, 0, 18, 11, 37, 39, 30, 33, 31, 39, 13, 10, 20, 39, 4, 30, 39]
    PRED: [9, 2, 39, 30, 33, 9, 28, 39, 27, 16, 17, 39, 13, 27, 3, 10, 19, 39, 30, 33, 39, 28, 30, 2, 21, 39, 35, 10, 22, 39, 27, 11, 39, 9, 33, 31, 39, 13, 5, 20, 39, 4, 30, 39]
    Edit distance: 16/46

============================================================
Batch 21000 | Val PER: 0.3770
============================================================
  Sample 0:
    TRUE: [31, 17, 0, 19, 27, 2, 28, 17, 39, 27, 17, 19, 2, 22, 28, 16, 8, 11, 8, 39]
    PRED: [9, 2, 28, 39, 27, 14, 8, 39]
    Edit distance: 14/20
  Sample 1:
    TRUE: [27, 16, 7, 39, 26, 11, 7, 2, 28, 30, 39, 28, 10, 34, 27, 2, 20, 39, 28, 5, 22, 8, 39, 20, 16, 31, 2, 14, 27, 1, 13, 28, 39]
    PRED: [30, 27, 10, 19, 30, 39, 26, 27, 11, 7, 2, 8, 37, 39, 10, 34, 20, 39, 5, 22, 8, 39, 31, 16, 31, 9, 2, 39, 14, 10, 13, 39]
    Edit distance: 17/33
  Sample 2:
    TRUE: [28, 24, 39, 27, 33, 20, 37, 39, 35, 17, 39, 21, 12, 8, 39, 16, 22, 39, 2, 22, 2, 6, 1, 29, 30, 39, 19, 2, 20, 33, 38, 2, 22, 39]
    PRED: [9, 33, 39, 27, 16, 33, 20, 37, 39, 27, 5, 39, 21, 25, 8, 39, 16, 22, 39, 2, 22, 27, 5, 28, 39, 19, 20, 33, 38, 2, 22, 39]
    Edit distance: 12/34
  Sample 3:
    TRUE: [20, 3, 27, 17, 37, 39, 19, 0, 28, 30, 33, 21, 39, 22, 17, 8, 2, 8, 39, 6, 20, 1, 19, 39, 14, 20, 2, 34, 37, 39, 30, 33, 39, 6, 17, 39, 19, 2, 21, 26, 20, 17, 30, 20, 17, 39, 10, 20, 2, 14, 2, 22, 30, 39]
    PRED: [10, 39, 19, 15, 1, 21, 39, 22, 10, 8, 39, 21, 0, 19, 39, 14, 20, 2, 34, 37, 39, 30, 33, 39, 6, 17, 39, 20, 2, 21, 26, 20, 17, 2, 39, 10, 20, 2, 22, 39]
    Edit distance: 22/54
  Sample 4:
    TRUE: [9, 2, 39, 30, 33, 31, 39, 13, 10, 27, 17, 39, 13, 11, 14, 0, 30, 39, 30, 33, 39, 19, 2, 21, 39, 35, 10, 22, 39, 27, 0, 18, 11, 37, 39, 30, 33, 31, 39, 13, 10, 20, 39, 4, 30, 39]
    PRED: [9, 2, 39, 30, 33, 9, 28, 39, 16, 17, 39, 13, 27, 3, 19, 39, 30, 33, 39, 28, 30, 2, 21, 39, 35, 10, 22, 39, 27, 11, 39, 9, 33, 13, 39, 13, 5, 20, 39, 4, 30, 39]
    Edit distance: 17/46

============================================================
Batch 21500 | Val PER: 0.3739
============================================================
  Sample 0:
    TRUE: [31, 17, 0, 19, 27, 2, 28, 17, 39, 27, 17, 19, 2, 22, 28, 16, 8, 11, 8, 39]
    PRED: [9, 2, 30, 28, 30, 39, 8, 27, 14, 8, 17, 30, 8, 39]
    Edit distance: 16/20
  Sample 1:
    TRUE: [27, 16, 7, 39, 26, 11, 7, 2, 28, 30, 39, 28, 10, 34, 27, 2, 20, 39, 28, 5, 22, 8, 39, 20, 16, 31, 2, 14, 27, 1, 13, 28, 39]
    PRED: [30, 27, 10, 30, 39, 26, 11, 2, 8, 37, 39, 10, 34, 20, 39, 28, 5, 22, 8, 39, 31, 16, 31, 9, 2, 39, 8, 10, 13, 39]
    Edit distance: 15/33
  Sample 2:
    TRUE: [28, 24, 39, 27, 33, 20, 37, 39, 35, 17, 39, 21, 12, 8, 39, 16, 22, 39, 2, 22, 2, 6, 1, 29, 30, 39, 19, 2, 20, 33, 38, 2, 22, 39]
    PRED: [9, 33, 39, 27, 33, 20, 37, 39, 6, 27, 17, 39, 21, 25, 8, 39, 16, 22, 8, 39, 2, 22, 27, 0, 28, 39, 19, 20, 20, 33, 33, 38, 2, 22, 39]
    Edit distance: 13/34
  Sample 3:
    TRUE: [20, 3, 27, 17, 37, 39, 19, 0, 28, 30, 33, 21, 39, 22, 17, 8, 2, 8, 39, 6, 20, 1, 19, 39, 14, 20, 2, 34, 37, 39, 30, 33, 39, 6, 17, 39, 19, 2, 21, 26, 20, 17, 30, 20, 17, 39, 10, 20, 2, 14, 2, 22, 30, 39]
    PRED: [19, 32, 24, 37, 39, 28, 15, 1, 28, 21, 39, 22, 16, 8, 39, 6, 21, 0, 19, 39, 14, 20, 2, 34, 37, 39, 30, 33, 39, 6, 17, 39, 20, 2, 21, 26, 20, 17, 2, 39, 20, 2, 22, 39]
    Edit distance: 22/54
  Sample 4:
    TRUE: [9, 2, 39, 30, 33, 31, 39, 13, 10, 27, 17, 39, 13, 11, 14, 0, 30, 39, 30, 33, 39, 19, 2, 21, 39, 35, 10, 22, 39, 27, 0, 18, 11, 37, 39, 30, 33, 31, 39, 13, 10, 20, 39, 4, 30, 39]
    PRED: [9, 2, 39, 30, 33, 9, 28, 39, 13, 16, 17, 39, 13, 27, 3, 19, 39, 30, 33, 39, 28, 30, 2, 21, 39, 35, 2, 22, 39, 27, 11, 39, 9, 33, 31, 39, 13, 5, 20, 39, 4, 30, 39]
    Edit distance: 16/46

============================================================
Batch 22000 | Val PER: 0.3733
============================================================
  Sample 0:
    TRUE: [31, 17, 0, 19, 27, 2, 28, 17, 39, 27, 17, 19, 2, 22, 28, 16, 8, 11, 8, 39]
    PRED: [9, 2, 30, 28, 39, 27, 17, 8, 16, 30, 8, 39]
    Edit distance: 13/20
  Sample 1:
    TRUE: [27, 16, 7, 39, 26, 11, 7, 2, 28, 30, 39, 28, 10, 34, 27, 2, 20, 39, 28, 5, 22, 8, 39, 20, 16, 31, 2, 14, 27, 1, 13, 28, 39]
    PRED: [30, 35, 10, 30, 39, 26, 11, 25, 19, 2, 37, 39, 10, 34, 20, 39, 37, 5, 22, 8, 39, 31, 20, 16, 31, 39, 9, 39, 10, 13, 39]
    Edit distance: 18/33
  Sample 2:
    TRUE: [28, 24, 39, 27, 33, 20, 37, 39, 35, 17, 39, 21, 12, 8, 39, 16, 22, 39, 2, 22, 2, 6, 1, 29, 30, 39, 19, 2, 20, 33, 38, 2, 22, 39]
    PRED: [9, 33, 39, 27, 16, 33, 20, 37, 39, 27, 17, 39, 21, 25, 8, 39, 16, 22, 8, 39, 2, 22, 27, 0, 28, 30, 39, 19, 20, 20, 33, 38, 38, 2, 22, 39]
    Edit distance: 12/34
  Sample 3:
    TRUE: [20, 3, 27, 17, 37, 39, 19, 0, 28, 30, 33, 21, 39, 22, 17, 8, 2, 8, 39, 6, 20, 1, 19, 39, 14, 20, 2, 34, 37, 39, 30, 33, 39, 6, 17, 39, 19, 2, 21, 26, 20, 17, 30, 20, 17, 39, 10, 20, 2, 14, 2, 22, 30, 39]
    PRED: [19, 27, 24, 27, 39, 19, 15, 1, 28, 21, 39, 22, 10, 8, 39, 21, 0, 19, 39, 14, 20, 2, 34, 37, 39, 30, 33, 39, 6, 17, 39, 2, 21, 26, 20, 17, 2, 39, 20, 2, 22, 39]
    Edit distance: 22/54
  Sample 4:
    TRUE: [9, 2, 39, 30, 33, 31, 39, 13, 10, 27, 17, 39, 13, 11, 14, 0, 30, 39, 30, 33, 39, 19, 2, 21, 39, 35, 10, 22, 39, 27, 0, 18, 11, 37, 39, 30, 33, 31, 39, 13, 10, 20, 39, 4, 30, 39]
    PRED: [9, 2, 39, 30, 33, 28, 39, 16, 17, 39, 13, 27, 3, 19, 19, 39, 30, 33, 39, 28, 30, 2, 21, 39, 35, 2, 22, 39, 27, 11, 37, 39, 9, 33, 13, 39, 13, 12, 20, 39, 4, 30, 39]
    Edit distance: 16/46

============================================================
Batch 22500 | Val PER: 0.3682
============================================================
  Sample 0:
    TRUE: [31, 17, 0, 19, 27, 2, 28, 17, 39, 27, 17, 19, 2, 22, 28, 16, 8, 11, 8, 39]
    PRED: [9, 2, 19, 28, 39, 27, 30, 8, 39]
    Edit distance: 14/20
  Sample 1:
    TRUE: [27, 16, 7, 39, 26, 11, 7, 2, 28, 30, 39, 28, 10, 34, 27, 2, 20, 39, 28, 5, 22, 8, 39, 20, 16, 31, 2, 14, 27, 1, 13, 28, 39]
    PRED: [30, 27, 10, 19, 39, 26, 27, 25, 2, 37, 39, 10, 34, 20, 39, 5, 22, 8, 39, 31, 16, 31, 9, 2, 39, 10, 34, 13, 39]
    Edit distance: 17/33
  Sample 2:
    TRUE: [28, 24, 39, 27, 33, 20, 37, 39, 35, 17, 39, 21, 12, 8, 39, 16, 22, 39, 2, 22, 2, 6, 1, 29, 30, 39, 19, 2, 20, 33, 38, 2, 22, 39]
    PRED: [33, 39, 27, 16, 33, 20, 37, 39, 27, 17, 39, 21, 12, 8, 39, 16, 22, 8, 39, 2, 22, 27, 0, 28, 39, 19, 20, 33, 38, 2, 22, 39]
    Edit distance: 11/34
  Sample 3:
    TRUE: [20, 3, 27, 17, 37, 39, 19, 0, 28, 30, 33, 21, 39, 22, 17, 8, 2, 8, 39, 6, 20, 1, 19, 39, 14, 20, 2, 34, 37, 39, 30, 33, 39, 6, 17, 39, 19, 2, 21, 26, 20, 17, 30, 20, 17, 39, 10, 20, 2, 14, 2, 22, 30, 39]
    PRED: [27, 24, 39, 28, 15, 1, 28, 21, 6, 21, 39, 22, 16, 8, 39, 21, 0, 19, 39, 14, 20, 2, 34, 37, 39, 30, 33, 39, 6, 17, 39, 20, 2, 21, 26, 20, 17, 2, 39, 20, 2, 22, 39]
    Edit distance: 23/54
  Sample 4:
    TRUE: [9, 2, 39, 30, 33, 31, 39, 13, 10, 27, 17, 39, 13, 11, 14, 0, 30, 39, 30, 33, 39, 19, 2, 21, 39, 35, 10, 22, 39, 27, 0, 18, 11, 37, 39, 30, 33, 31, 39, 13, 10, 20, 39, 4, 30, 39]
    PRED: [9, 2, 39, 30, 33, 9, 28, 39, 16, 17, 39, 13, 27, 3, 39, 30, 33, 39, 28, 30, 2, 21, 39, 35, 10, 22, 39, 27, 11, 11, 39, 9, 33, 31, 13, 39, 13, 5, 20, 39, 4, 30, 39]
    Edit distance: 17/46

============================================================
Batch 23000 | Val PER: 0.3744
============================================================
  Sample 0:
    TRUE: [31, 17, 0, 19, 27, 2, 28, 17, 39, 27, 17, 19, 2, 22, 28, 16, 8, 11, 8, 39]
    PRED: [9, 2, 0, 30, 28, 39, 14, 27, 30, 8, 39]
    Edit distance: 15/20
  Sample 1:
    TRUE: [27, 16, 7, 39, 26, 11, 7, 2, 28, 30, 39, 28, 10, 34, 27, 2, 20, 39, 28, 5, 22, 8, 39, 20, 16, 31, 2, 14, 27, 1, 13, 28, 39]
    PRED: [35, 10, 30, 19, 39, 26, 27, 11, 29, 2, 37, 39, 10, 34, 20, 39, 28, 5, 22, 8, 39, 31, 20, 16, 31, 9, 2, 39, 14, 10, 13, 39]
    Edit distance: 17/33
  Sample 2:
    TRUE: [28, 24, 39, 27, 33, 20, 37, 39, 35, 17, 39, 21, 12, 8, 39, 16, 22, 39, 2, 22, 2, 6, 1, 29, 30, 39, 19, 2, 20, 33, 38, 2, 22, 39]
    PRED: [9, 33, 39, 27, 33, 20, 37, 39, 27, 17, 39, 21, 12, 8, 39, 16, 22, 8, 39, 10, 22, 27, 0, 28, 39, 19, 24, 20, 33, 38, 38, 2, 22, 39]
    Edit distance: 12/34
  Sample 3:
    TRUE: [20, 3, 27, 17, 37, 39, 19, 0, 28, 30, 33, 21, 39, 22, 17, 8, 2, 8, 39, 6, 20, 1, 19, 39, 14, 20, 2, 34, 37, 39, 30, 33, 39, 6, 17, 39, 19, 2, 21, 26, 20, 17, 30, 20, 17, 39, 10, 20, 2, 14, 2, 22, 30, 39]
    PRED: [30, 27, 10, 39, 28, 15, 1, 28, 21, 6, 21, 39, 22, 10, 8, 39, 6, 21, 0, 19, 39, 14, 20, 0, 34, 37, 39, 30, 33, 39, 6, 17, 39, 2, 26, 20, 17, 2, 39, 20, 2, 22, 39]
    Edit distance: 24/54
  Sample 4:
    TRUE: [9, 2, 39, 30, 33, 31, 39, 13, 10, 27, 17, 39, 13, 11, 14, 0, 30, 39, 30, 33, 39, 19, 2, 21, 39, 35, 10, 22, 39, 27, 0, 18, 11, 37, 39, 30, 33, 31, 39, 13, 10, 20, 39, 4, 30, 39]
    PRED: [9, 2, 39, 30, 33, 9, 28, 39, 16, 17, 39, 13, 27, 3, 39, 30, 33, 39, 28, 30, 2, 21, 39, 35, 10, 22, 39, 27, 11, 11, 39, 9, 33, 31, 39, 13, 10, 20, 39, 4, 30, 39]
    Edit distance: 15/46

============================================================
Batch 23500 | Val PER: 0.3725
============================================================
  Sample 0:
    TRUE: [31, 17, 0, 19, 27, 2, 28, 17, 39, 27, 17, 19, 2, 22, 28, 16, 8, 11, 8, 39]
    PRED: [9, 2, 0, 28, 39, 27, 14, 30, 8, 39]
    Edit distance: 14/20
  Sample 1:
    TRUE: [27, 16, 7, 39, 26, 11, 7, 2, 28, 30, 39, 28, 10, 34, 27, 2, 20, 39, 28, 5, 22, 8, 39, 20, 16, 31, 2, 14, 27, 1, 13, 28, 39]
    PRED: [35, 10, 19, 39, 26, 27, 25, 2, 37, 39, 10, 34, 20, 39, 5, 22, 8, 39, 31, 16, 31, 39, 9, 39, 14, 10, 13, 39]
    Edit distance: 18/33
  Sample 2:
    TRUE: [28, 24, 39, 27, 33, 20, 37, 39, 35, 17, 39, 21, 12, 8, 39, 16, 22, 39, 2, 22, 2, 6, 1, 29, 30, 39, 19, 2, 20, 33, 38, 2, 22, 39]
    PRED: [9, 33, 39, 27, 33, 20, 37, 39, 27, 17, 39, 21, 25, 8, 39, 16, 22, 39, 16, 22, 27, 0, 28, 39, 19, 24, 20, 33, 38, 38, 2, 22, 39]
    Edit distance: 12/34
  Sample 3:
    TRUE: [20, 3, 27, 17, 37, 39, 19, 0, 28, 30, 33, 21, 39, 22, 17, 8, 2, 8, 39, 6, 20, 1, 19, 39, 14, 20, 2, 34, 37, 39, 30, 33, 39, 6, 17, 39, 19, 2, 21, 26, 20, 17, 30, 20, 17, 39, 10, 20, 2, 14, 2, 22, 30, 39]
    PRED: [9, 27, 10, 17, 39, 19, 1, 21, 6, 21, 39, 22, 10, 8, 39, 21, 0, 19, 39, 14, 20, 2, 34, 37, 39, 30, 33, 39, 6, 17, 39, 2, 21, 26, 20, 17, 2, 39, 20, 20, 2, 22, 39]
    Edit distance: 22/54
  Sample 4:
    TRUE: [9, 2, 39, 30, 33, 31, 39, 13, 10, 27, 17, 39, 13, 11, 14, 0, 30, 39, 30, 33, 39, 19, 2, 21, 39, 35, 10, 22, 39, 27, 0, 18, 11, 37, 39, 30, 33, 31, 39, 13, 10, 20, 39, 4, 30, 39]
    PRED: [9, 2, 39, 30, 33, 28, 39, 27, 16, 17, 39, 13, 27, 3, 10, 39, 30, 33, 39, 28, 2, 21, 39, 35, 10, 22, 39, 27, 11, 39, 9, 33, 31, 39, 10, 20, 39, 4, 30, 39]
    Edit distance: 14/46

============================================================
Batch 24000 | Val PER: 0.3708
============================================================
  Sample 0:
    TRUE: [31, 17, 0, 19, 27, 2, 28, 17, 39, 27, 17, 19, 2, 22, 28, 16, 8, 11, 8, 39]
    PRED: [9, 12, 28, 39, 27, 14, 8, 39]
    Edit distance: 15/20
  Sample 1:
    TRUE: [27, 16, 7, 39, 26, 11, 7, 2, 28, 30, 39, 28, 10, 34, 27, 2, 20, 39, 28, 5, 22, 8, 39, 20, 16, 31, 2, 14, 27, 1, 13, 28, 39]
    PRED: [30, 35, 10, 19, 39, 26, 27, 11, 7, 2, 37, 39, 1, 34, 20, 39, 5, 22, 8, 39, 20, 16, 31, 9, 2, 39, 10, 13, 39]
    Edit distance: 17/33
  Sample 2:
    TRUE: [28, 24, 39, 27, 33, 20, 37, 39, 35, 17, 39, 21, 12, 8, 39, 16, 22, 39, 2, 22, 2, 6, 1, 29, 30, 39, 19, 2, 20, 33, 38, 2, 22, 39]
    PRED: [9, 33, 39, 27, 33, 20, 37, 39, 27, 17, 39, 21, 25, 8, 39, 16, 22, 39, 16, 22, 27, 28, 39, 19, 24, 20, 33, 38, 2, 22, 39]
    Edit distance: 11/34
  Sample 3:
    TRUE: [20, 3, 27, 17, 37, 39, 19, 0, 28, 30, 33, 21, 39, 22, 17, 8, 2, 8, 39, 6, 20, 1, 19, 39, 14, 20, 2, 34, 37, 39, 30, 33, 39, 6, 17, 39, 19, 2, 21, 26, 20, 17, 30, 20, 17, 39, 10, 20, 2, 14, 2, 22, 30, 39]
    PRED: [30, 27, 24, 39, 28, 15, 1, 28, 21, 39, 22, 10, 8, 39, 21, 5, 19, 39, 14, 20, 2, 34, 37, 39, 30, 33, 39, 6, 17, 39, 2, 21, 26, 20, 2, 39, 20, 20, 2, 22, 39]
    Edit distance: 24/54
  Sample 4:
    TRUE: [9, 2, 39, 30, 33, 31, 39, 13, 10, 27, 17, 39, 13, 11, 14, 0, 30, 39, 30, 33, 39, 19, 2, 21, 39, 35, 10, 22, 39, 27, 0, 18, 11, 37, 39, 30, 33, 31, 39, 13, 10, 20, 39, 4, 30, 39]
    PRED: [9, 2, 39, 30, 33, 28, 39, 27, 16, 17, 39, 13, 27, 3, 19, 39, 30, 33, 39, 28, 30, 2, 21, 39, 35, 2, 22, 39, 27, 11, 11, 39, 9, 33, 13, 39, 10, 20, 39, 4, 30, 39]
    Edit distance: 17/46

============================================================
Batch 24500 | Val PER: 0.3693
============================================================
  Sample 0:
    TRUE: [31, 17, 0, 19, 27, 2, 28, 17, 39, 27, 17, 19, 2, 22, 28, 16, 8, 11, 8, 39]
    PRED: [9, 2, 12, 28, 28, 39, 8, 27, 8, 39]
    Edit distance: 15/20
  Sample 1:
    TRUE: [27, 16, 7, 39, 26, 11, 7, 2, 28, 30, 39, 28, 10, 34, 27, 2, 20, 39, 28, 5, 22, 8, 39, 20, 16, 31, 2, 14, 27, 1, 13, 28, 39]
    PRED: [35, 10, 19, 39, 26, 27, 25, 7, 2, 37, 39, 10, 34, 20, 39, 5, 22, 8, 39, 31, 16, 31, 9, 2, 39, 10, 13, 39]
    Edit distance: 17/33
  Sample 2:
    TRUE: [28, 24, 39, 27, 33, 20, 37, 39, 35, 17, 39, 21, 12, 8, 39, 16, 22, 39, 2, 22, 2, 6, 1, 29, 30, 39, 19, 2, 20, 33, 38, 2, 22, 39]
    PRED: [9, 33, 39, 27, 16, 33, 20, 37, 39, 27, 17, 39, 21, 25, 8, 39, 16, 22, 8, 39, 16, 22, 27, 28, 39, 19, 24, 20, 33, 38, 2, 22, 39]
    Edit distance: 13/34
  Sample 3:
    TRUE: [20, 3, 27, 17, 37, 39, 19, 0, 28, 30, 33, 21, 39, 22, 17, 8, 2, 8, 39, 6, 20, 1, 19, 39, 14, 20, 2, 34, 37, 39, 30, 33, 39, 6, 17, 39, 19, 2, 21, 26, 20, 17, 30, 20, 17, 39, 10, 20, 2, 14, 2, 22, 30, 39]
    PRED: [35, 27, 24, 37, 39, 28, 1, 28, 21, 6, 21, 39, 22, 10, 8, 39, 21, 20, 1, 19, 39, 14, 20, 2, 34, 37, 39, 30, 33, 39, 6, 17, 39, 2, 26, 20, 17, 2, 39, 20, 2, 22, 39]
    Edit distance: 20/54
  Sample 4:
    TRUE: [9, 2, 39, 30, 33, 31, 39, 13, 10, 27, 17, 39, 13, 11, 14, 0, 30, 39, 30, 33, 39, 19, 2, 21, 39, 35, 10, 22, 39, 27, 0, 18, 11, 37, 39, 30, 33, 31, 39, 13, 10, 20, 39, 4, 30, 39]
    PRED: [9, 2, 39, 30, 27, 33, 28, 39, 16, 17, 39, 13, 27, 3, 39, 30, 33, 39, 28, 2, 21, 39, 35, 10, 22, 39, 27, 11, 11, 37, 39, 9, 33, 13, 39, 13, 12, 39, 4, 30, 39]
    Edit distance: 16/46

============================================================
Batch 25000 | Val PER: 0.3704
============================================================
  Sample 0:
    TRUE: [31, 17, 0, 19, 27, 2, 28, 17, 39, 27, 17, 19, 2, 22, 28, 16, 8, 11, 8, 39]
    PRED: [9, 12, 19, 28, 39, 27, 8, 39]
    Edit distance: 14/20
  Sample 1:
    TRUE: [27, 16, 7, 39, 26, 11, 7, 2, 28, 30, 39, 28, 10, 34, 27, 2, 20, 39, 28, 5, 22, 8, 39, 20, 16, 31, 2, 14, 27, 1, 13, 28, 39]
    PRED: [35, 10, 28, 19, 39, 26, 11, 25, 2, 37, 39, 10, 34, 20, 39, 28, 5, 22, 8, 39, 31, 20, 16, 31, 9, 2, 39, 18, 10, 13, 39]
    Edit distance: 16/33
  Sample 2:
    TRUE: [28, 24, 39, 27, 33, 20, 37, 39, 35, 17, 39, 21, 12, 8, 39, 16, 22, 39, 2, 22, 2, 6, 1, 29, 30, 39, 19, 2, 20, 33, 38, 2, 22, 39]
    PRED: [9, 33, 39, 27, 33, 20, 37, 39, 27, 17, 39, 21, 12, 8, 39, 16, 22, 8, 39, 16, 22, 27, 0, 28, 39, 19, 20, 33, 38, 38, 2, 22, 39]
    Edit distance: 12/34
  Sample 3:
    TRUE: [20, 3, 27, 17, 37, 39, 19, 0, 28, 30, 33, 21, 39, 22, 17, 8, 2, 8, 39, 6, 20, 1, 19, 39, 14, 20, 2, 34, 37, 39, 30, 33, 39, 6, 17, 39, 19, 2, 21, 26, 20, 17, 30, 20, 17, 39, 10, 20, 2, 14, 2, 22, 30, 39]
    PRED: [30, 27, 10, 39, 28, 1, 28, 21, 39, 22, 10, 8, 39, 6, 21, 20, 5, 19, 39, 14, 20, 2, 34, 37, 39, 30, 33, 39, 6, 17, 39, 19, 2, 26, 20, 12, 39, 20, 2, 22, 39]
    Edit distance: 22/54
  Sample 4:
    TRUE: [9, 2, 39, 30, 33, 31, 39, 13, 10, 27, 17, 39, 13, 11, 14, 0, 30, 39, 30, 33, 39, 19, 2, 21, 39, 35, 10, 22, 39, 27, 0, 18, 11, 37, 39, 30, 33, 31, 39, 13, 10, 20, 39, 4, 30, 39]
    PRED: [9, 2, 39, 30, 33, 28, 39, 16, 17, 39, 13, 16, 3, 19, 39, 30, 33, 39, 28, 30, 2, 21, 39, 35, 10, 22, 39, 35, 27, 11, 39, 9, 33, 13, 39, 10, 20, 39, 4, 30, 39]
    Edit distance: 17/46

============================================================
Batch 25500 | Val PER: 0.3678
============================================================
  Sample 0:
    TRUE: [31, 17, 0, 19, 27, 2, 28, 17, 39, 27, 17, 19, 2, 22, 28, 16, 8, 11, 8, 39]
    PRED: [9, 12, 19, 39, 8, 27, 30, 8, 39]
    Edit distance: 16/20
  Sample 1:
    TRUE: [27, 16, 7, 39, 26, 11, 7, 2, 28, 30, 39, 28, 10, 34, 27, 2, 20, 39, 28, 5, 22, 8, 39, 20, 16, 31, 2, 14, 27, 1, 13, 28, 39]
    PRED: [35, 10, 19, 30, 39, 26, 11, 25, 2, 37, 39, 1, 34, 20, 39, 28, 37, 22, 8, 39, 20, 16, 31, 9, 2, 39, 10, 13, 39]
    Edit distance: 17/33
  Sample 2:
    TRUE: [28, 24, 39, 27, 33, 20, 37, 39, 35, 17, 39, 21, 12, 8, 39, 16, 22, 39, 2, 22, 2, 6, 1, 29, 30, 39, 19, 2, 20, 33, 38, 2, 22, 39]
    PRED: [9, 33, 39, 27, 33, 20, 37, 39, 27, 17, 39, 21, 25, 8, 39, 16, 22, 8, 39, 16, 22, 27, 0, 28, 39, 19, 20, 33, 38, 2, 22, 39]
    Edit distance: 12/34
  Sample 3:
    TRUE: [20, 3, 27, 17, 37, 39, 19, 0, 28, 30, 33, 21, 39, 22, 17, 8, 2, 8, 39, 6, 20, 1, 19, 39, 14, 20, 2, 34, 37, 39, 30, 33, 39, 6, 17, 39, 19, 2, 21, 26, 20, 17, 30, 20, 17, 39, 10, 20, 2, 14, 2, 22, 30, 39]
    PRED: [19, 32, 24, 17, 39, 28, 1, 21, 39, 22, 16, 8, 39, 6, 21, 20, 5, 19, 39, 14, 20, 2, 34, 37, 39, 30, 33, 39, 6, 17, 39, 20, 2, 21, 26, 20, 17, 12, 39, 20, 2, 22, 39]
    Edit distance: 21/54
  Sample 4:
    TRUE: [9, 2, 39, 30, 33, 31, 39, 13, 10, 27, 17, 39, 13, 11, 14, 0, 30, 39, 30, 33, 39, 19, 2, 21, 39, 35, 10, 22, 39, 27, 0, 18, 11, 37, 39, 30, 33, 31, 39, 13, 10, 20, 39, 4, 30, 39]
    PRED: [9, 2, 39, 30, 33, 31, 28, 39, 13, 16, 17, 39, 13, 3, 19, 39, 30, 33, 39, 28, 30, 2, 21, 39, 35, 2, 22, 39, 27, 11, 11, 39, 9, 33, 31, 13, 39, 13, 5, 20, 39, 4, 30, 39]
    Edit distance: 16/46

============================================================
Batch 26000 | Val PER: 0.3666
============================================================
  Sample 0:
    TRUE: [31, 17, 0, 19, 27, 2, 28, 17, 39, 27, 17, 19, 2, 22, 28, 16, 8, 11, 8, 39]
    PRED: [9, 12, 30, 28, 30, 28, 39, 8, 27, 30, 8, 39]
    Edit distance: 16/20
  Sample 1:
    TRUE: [27, 16, 7, 39, 26, 11, 7, 2, 28, 30, 39, 28, 10, 34, 27, 2, 20, 39, 28, 5, 22, 8, 39, 20, 16, 31, 2, 14, 27, 1, 13, 28, 39]
    PRED: [35, 10, 30, 19, 30, 39, 26, 27, 25, 7, 2, 37, 39, 10, 34, 20, 39, 5, 22, 8, 39, 20, 16, 31, 30, 39, 9, 2, 39, 10, 13, 39]
    Edit distance: 20/33
  Sample 2:
    TRUE: [28, 24, 39, 27, 33, 20, 37, 39, 35, 17, 39, 21, 12, 8, 39, 16, 22, 39, 2, 22, 2, 6, 1, 29, 30, 39, 19, 2, 20, 33, 38, 2, 22, 39]
    PRED: [9, 33, 39, 27, 33, 20, 37, 39, 27, 17, 39, 21, 12, 8, 39, 16, 22, 8, 39, 10, 22, 27, 28, 39, 19, 24, 20, 33, 33, 2, 22, 39]
    Edit distance: 12/34
  Sample 3:
    TRUE: [20, 3, 27, 17, 37, 39, 19, 0, 28, 30, 33, 21, 39, 22, 17, 8, 2, 8, 39, 6, 20, 1, 19, 39, 14, 20, 2, 34, 37, 39, 30, 33, 39, 6, 17, 39, 19, 2, 21, 26, 20, 17, 30, 20, 17, 39, 10, 20, 2, 14, 2, 22, 30, 39]
    PRED: [19, 27, 24, 17, 39, 28, 1, 28, 21, 6, 21, 39, 22, 16, 8, 39, 21, 0, 19, 39, 14, 20, 2, 34, 37, 39, 30, 33, 39, 6, 17, 39, 20, 2, 21, 26, 20, 17, 39, 20, 2, 22, 39]
    Edit distance: 22/54
  Sample 4:
    TRUE: [9, 2, 39, 30, 33, 31, 39, 13, 10, 27, 17, 39, 13, 11, 14, 0, 30, 39, 30, 33, 39, 19, 2, 21, 39, 35, 10, 22, 39, 27, 0, 18, 11, 37, 39, 30, 33, 31, 39, 13, 10, 20, 39, 4, 30, 39]
    PRED: [9, 2, 39, 30, 33, 28, 39, 10, 17, 39, 13, 27, 3, 19, 39, 30, 33, 39, 28, 30, 2, 21, 39, 35, 10, 22, 39, 27, 11, 39, 9, 33, 31, 39, 5, 20, 39, 4, 30, 39]
    Edit distance: 15/46

============================================================
Batch 26500 | Val PER: 0.3679
============================================================
  Sample 0:
    TRUE: [31, 17, 0, 19, 27, 2, 28, 17, 39, 27, 17, 19, 2, 22, 28, 16, 8, 11, 8, 39]
    PRED: [9, 12, 19, 28, 39, 8, 27, 12, 30, 8, 39]
    Edit distance: 15/20
  Sample 1:
    TRUE: [27, 16, 7, 39, 26, 11, 7, 2, 28, 30, 39, 28, 10, 34, 27, 2, 20, 39, 28, 5, 22, 8, 39, 20, 16, 31, 2, 14, 27, 1, 13, 28, 39]
    PRED: [27, 10, 19, 39, 26, 27, 25, 28, 2, 37, 39, 10, 34, 20, 39, 28, 5, 22, 8, 39, 31, 16, 31, 30, 9, 2, 39, 8, 10, 13, 39]
    Edit distance: 17/33
  Sample 2:
    TRUE: [28, 24, 39, 27, 33, 20, 37, 39, 35, 17, 39, 21, 12, 8, 39, 16, 22, 39, 2, 22, 2, 6, 1, 29, 30, 39, 19, 2, 20, 33, 38, 2, 22, 39]
    PRED: [9, 33, 39, 27, 33, 20, 37, 39, 27, 17, 39, 21, 25, 8, 39, 16, 22, 8, 39, 16, 22, 27, 1, 28, 39, 19, 24, 20, 33, 38, 38, 2, 22, 39]
    Edit distance: 12/34
  Sample 3:
    TRUE: [20, 3, 27, 17, 37, 39, 19, 0, 28, 30, 33, 21, 39, 22, 17, 8, 2, 8, 39, 6, 20, 1, 19, 39, 14, 20, 2, 34, 37, 39, 30, 33, 39, 6, 17, 39, 19, 2, 21, 26, 20, 17, 30, 20, 17, 39, 10, 20, 2, 14, 2, 22, 30, 39]
    PRED: [30, 27, 24, 27, 37, 39, 28, 1, 28, 21, 39, 22, 10, 8, 39, 21, 0, 19, 39, 14, 20, 2, 34, 37, 39, 30, 33, 39, 6, 17, 33, 20, 39, 20, 2, 21, 26, 20, 17, 2, 39, 10, 20, 10, 2, 22, 39]
    Edit distance: 23/54
  Sample 4:
    TRUE: [9, 2, 39, 30, 33, 31, 39, 13, 10, 27, 17, 39, 13, 11, 14, 0, 30, 39, 30, 33, 39, 19, 2, 21, 39, 35, 10, 22, 39, 27, 0, 18, 11, 37, 39, 30, 33, 31, 39, 13, 10, 20, 39, 4, 30, 39]
    PRED: [9, 2, 39, 30, 33, 31, 28, 39, 16, 17, 39, 13, 27, 3, 19, 0, 39, 30, 33, 39, 28, 2, 21, 39, 35, 10, 22, 39, 27, 11, 39, 9, 33, 31, 39, 13, 10, 20, 39, 4, 30, 39]
    Edit distance: 13/46

============================================================
Batch 27000 | Val PER: 0.3671
============================================================
  Sample 0:
    TRUE: [31, 17, 0, 19, 27, 2, 28, 17, 39, 27, 17, 19, 2, 22, 28, 16, 8, 11, 8, 39]
    PRED: [9, 12, 30, 28, 28, 39, 27, 30, 8, 39]
    Edit distance: 15/20
  Sample 1:
    TRUE: [27, 16, 7, 39, 26, 11, 7, 2, 28, 30, 39, 28, 10, 34, 27, 2, 20, 39, 28, 5, 22, 8, 39, 20, 16, 31, 2, 14, 27, 1, 13, 28, 39]
    PRED: [35, 10, 30, 19, 30, 39, 26, 27, 25, 28, 2, 37, 39, 1, 34, 20, 39, 37, 5, 22, 8, 39, 31, 20, 16, 31, 9, 2, 39, 1, 13, 39]
    Edit distance: 20/33
  Sample 2:
    TRUE: [28, 24, 39, 27, 33, 20, 37, 39, 35, 17, 39, 21, 12, 8, 39, 16, 22, 39, 2, 22, 2, 6, 1, 29, 30, 39, 19, 2, 20, 33, 38, 2, 22, 39]
    PRED: [9, 33, 39, 27, 33, 20, 37, 39, 27, 17, 39, 21, 25, 8, 39, 16, 22, 39, 1, 22, 27, 1, 28, 39, 19, 24, 20, 33, 33, 2, 22, 39]
    Edit distance: 11/34
  Sample 3:
    TRUE: [20, 3, 27, 17, 37, 39, 19, 0, 28, 30, 33, 21, 39, 22, 17, 8, 2, 8, 39, 6, 20, 1, 19, 39, 14, 20, 2, 34, 37, 39, 30, 33, 39, 6, 17, 39, 19, 2, 21, 26, 20, 17, 30, 20, 17, 39, 10, 20, 2, 14, 2, 22, 30, 39]
    PRED: [30, 27, 24, 37, 39, 28, 1, 28, 21, 39, 22, 16, 8, 39, 21, 0, 19, 39, 20, 2, 34, 37, 39, 30, 33, 39, 6, 17, 39, 20, 2, 21, 26, 20, 17, 2, 39, 20, 2, 20, 2, 22, 39]
    Edit distance: 21/54
  Sample 4:
    TRUE: [9, 2, 39, 30, 33, 31, 39, 13, 10, 27, 17, 39, 13, 11, 14, 0, 30, 39, 30, 33, 39, 19, 2, 21, 39, 35, 10, 22, 39, 27, 0, 18, 11, 37, 39, 30, 33, 31, 39, 13, 10, 20, 39, 4, 30, 39]
    PRED: [9, 2, 39, 8, 33, 28, 39, 13, 27, 16, 17, 39, 13, 27, 3, 19, 39, 30, 33, 39, 28, 2, 21, 39, 35, 10, 22, 39, 27, 11, 39, 9, 33, 13, 31, 39, 13, 10, 20, 39, 4, 30, 39]
    Edit distance: 14/46

============================================================
Batch 27500 | Val PER: 0.3667
============================================================
  Sample 0:
    TRUE: [31, 17, 0, 19, 27, 2, 28, 17, 39, 27, 17, 19, 2, 22, 28, 16, 8, 11, 8, 39]
    PRED: [9, 12, 19, 28, 39, 8, 27, 14, 12, 30, 8, 39]
    Edit distance: 15/20
  Sample 1:
    TRUE: [27, 16, 7, 39, 26, 11, 7, 2, 28, 30, 39, 28, 10, 34, 27, 2, 20, 39, 28, 5, 22, 8, 39, 20, 16, 31, 2, 14, 27, 1, 13, 28, 39]
    PRED: [35, 10, 19, 30, 39, 26, 27, 11, 25, 19, 2, 37, 39, 10, 34, 20, 39, 28, 37, 5, 22, 8, 39, 20, 16, 17, 31, 9, 2, 39, 14, 10, 13, 39]
    Edit distance: 19/33
  Sample 2:
    TRUE: [28, 24, 39, 27, 33, 20, 37, 39, 35, 17, 39, 21, 12, 8, 39, 16, 22, 39, 2, 22, 2, 6, 1, 29, 30, 39, 19, 2, 20, 33, 38, 2, 22, 39]
    PRED: [9, 33, 39, 27, 33, 20, 37, 39, 27, 17, 39, 21, 12, 8, 39, 16, 22, 39, 10, 22, 27, 1, 28, 39, 24, 20, 33, 38, 38, 2, 22, 39]
    Edit distance: 11/34
  Sample 3:
    TRUE: [20, 3, 27, 17, 37, 39, 19, 0, 28, 30, 33, 21, 39, 22, 17, 8, 2, 8, 39, 6, 20, 1, 19, 39, 14, 20, 2, 34, 37, 39, 30, 33, 39, 6, 17, 39, 19, 2, 21, 26, 20, 17, 30, 20, 17, 39, 10, 20, 2, 14, 2, 22, 30, 39]
    PRED: [30, 27, 32, 24, 37, 17, 39, 1, 28, 21, 39, 22, 10, 8, 39, 21, 20, 1, 19, 39, 14, 20, 2, 34, 37, 39, 30, 33, 39, 6, 17, 39, 20, 2, 21, 26, 20, 17, 39, 20, 10, 2, 22, 39]
    Edit distance: 21/54
  Sample 4:
    TRUE: [9, 2, 39, 30, 33, 31, 39, 13, 10, 27, 17, 39, 13, 11, 14, 0, 30, 39, 30, 33, 39, 19, 2, 21, 39, 35, 10, 22, 39, 27, 0, 18, 11, 37, 39, 30, 33, 31, 39, 13, 10, 20, 39, 4, 30, 39]
    PRED: [9, 2, 39, 30, 33, 28, 39, 13, 27, 16, 17, 39, 26, 27, 3, 19, 19, 39, 30, 33, 39, 28, 2, 21, 39, 35, 10, 22, 39, 35, 27, 11, 39, 9, 33, 13, 31, 39, 10, 20, 39, 4, 30, 39]
    Edit distance: 16/46

============================================================
Batch 28000 | Val PER: 0.3638
============================================================
  Sample 0:
    TRUE: [31, 17, 0, 19, 27, 2, 28, 17, 39, 27, 17, 19, 2, 22, 28, 16, 8, 11, 8, 39]
    PRED: [9, 2, 19, 28, 39, 27, 8, 8, 39]
    Edit distance: 13/20
  Sample 1:
    TRUE: [27, 16, 7, 39, 26, 11, 7, 2, 28, 30, 39, 28, 10, 34, 27, 2, 20, 39, 28, 5, 22, 8, 39, 20, 16, 31, 2, 14, 27, 1, 13, 28, 39]
    PRED: [35, 10, 19, 30, 39, 26, 27, 25, 29, 2, 37, 39, 10, 34, 2, 20, 39, 5, 22, 8, 39, 20, 16, 31, 9, 2, 39, 10, 13, 39]
    Edit distance: 17/33
  Sample 2:
    TRUE: [28, 24, 39, 27, 33, 20, 37, 39, 35, 17, 39, 21, 12, 8, 39, 16, 22, 39, 2, 22, 2, 6, 1, 29, 30, 39, 19, 2, 20, 33, 38, 2, 22, 39]
    PRED: [9, 33, 39, 27, 33, 20, 37, 39, 35, 17, 39, 21, 25, 8, 39, 16, 22, 39, 10, 22, 27, 0, 28, 39, 19, 24, 20, 33, 33, 38, 2, 22, 39]
    Edit distance: 11/34
  Sample 3:
    TRUE: [20, 3, 27, 17, 37, 39, 19, 0, 28, 30, 33, 21, 39, 22, 17, 8, 2, 8, 39, 6, 20, 1, 19, 39, 14, 20, 2, 34, 37, 39, 30, 33, 39, 6, 17, 39, 19, 2, 21, 26, 20, 17, 30, 20, 17, 39, 10, 20, 2, 14, 2, 22, 30, 39]
    PRED: [19, 27, 24, 17, 39, 19, 1, 28, 21, 39, 22, 10, 8, 39, 21, 0, 19, 39, 20, 16, 34, 37, 39, 30, 33, 39, 6, 17, 39, 19, 2, 21, 26, 20, 17, 2, 39, 20, 2, 22, 39]
    Edit distance: 22/54
  Sample 4:
    TRUE: [9, 2, 39, 30, 33, 31, 39, 13, 10, 27, 17, 39, 13, 11, 14, 0, 30, 39, 30, 33, 39, 19, 2, 21, 39, 35, 10, 22, 39, 27, 0, 18, 11, 37, 39, 30, 33, 31, 39, 13, 10, 20, 39, 4, 30, 39]
    PRED: [9, 2, 39, 30, 33, 28, 39, 27, 16, 17, 39, 34, 16, 3, 19, 39, 30, 33, 39, 28, 30, 2, 21, 39, 35, 10, 22, 39, 35, 27, 11, 39, 9, 33, 31, 13, 39, 13, 5, 20, 39, 4, 30, 39]
    Edit distance: 18/46

============================================================
Batch 28500 | Val PER: 0.3662
============================================================
  Sample 0:
    TRUE: [31, 17, 0, 19, 27, 2, 28, 17, 39, 27, 17, 19, 2, 22, 28, 16, 8, 11, 8, 39]
    PRED: [9, 2, 19, 39, 27, 2, 12, 8, 39]
    Edit distance: 14/20
  Sample 1:
    TRUE: [27, 16, 7, 39, 26, 11, 7, 2, 28, 30, 39, 28, 10, 34, 27, 2, 20, 39, 28, 5, 22, 8, 39, 20, 16, 31, 2, 14, 27, 1, 13, 28, 39]
    PRED: [35, 10, 19, 39, 26, 27, 25, 7, 2, 37, 39, 10, 34, 20, 39, 37, 5, 22, 8, 39, 31, 20, 16, 31, 9, 2, 39, 10, 13, 39]
    Edit distance: 17/33
  Sample 2:
    TRUE: [28, 24, 39, 27, 33, 20, 37, 39, 35, 17, 39, 21, 12, 8, 39, 16, 22, 39, 2, 22, 2, 6, 1, 29, 30, 39, 19, 2, 20, 33, 38, 2, 22, 39]
    PRED: [9, 33, 39, 27, 33, 20, 37, 39, 35, 17, 39, 21, 25, 8, 39, 16, 22, 39, 1, 22, 27, 1, 28, 39, 20, 33, 33, 2, 22, 39]
    Edit distance: 11/34
  Sample 3:
    TRUE: [20, 3, 27, 17, 37, 39, 19, 0, 28, 30, 33, 21, 39, 22, 17, 8, 2, 8, 39, 6, 20, 1, 19, 39, 14, 20, 2, 34, 37, 39, 30, 33, 39, 6, 17, 39, 19, 2, 21, 26, 20, 17, 30, 20, 17, 39, 10, 20, 2, 14, 2, 22, 30, 39]
    PRED: [30, 20, 27, 24, 17, 39, 1, 21, 39, 22, 10, 8, 39, 21, 5, 19, 39, 20, 2, 34, 8, 39, 30, 33, 39, 6, 17, 39, 20, 2, 21, 26, 20, 17, 2, 39, 20, 2, 22, 39]
    Edit distance: 25/54
  Sample 4:
    TRUE: [9, 2, 39, 30, 33, 31, 39, 13, 10, 27, 17, 39, 13, 11, 14, 0, 30, 39, 30, 33, 39, 19, 2, 21, 39, 35, 10, 22, 39, 27, 0, 18, 11, 37, 39, 30, 33, 31, 39, 13, 10, 20, 39, 4, 30, 39]
    PRED: [9, 2, 39, 30, 33, 31, 39, 16, 17, 39, 13, 16, 3, 19, 0, 39, 30, 33, 39, 28, 30, 2, 21, 39, 35, 10, 22, 39, 35, 27, 11, 11, 39, 9, 33, 31, 39, 13, 10, 20, 39, 4, 30, 39]
    Edit distance: 14/46

============================================================
Batch 29000 | Val PER: 0.3638
============================================================
  Sample 0:
    TRUE: [31, 17, 0, 19, 27, 2, 28, 17, 39, 27, 17, 19, 2, 22, 28, 16, 8, 11, 8, 39]
    PRED: [9, 2, 12, 19, 28, 30, 28, 39, 27, 30, 39]
    Edit distance: 15/20
  Sample 1:
    TRUE: [27, 16, 7, 39, 26, 11, 7, 2, 28, 30, 39, 28, 10, 34, 27, 2, 20, 39, 28, 5, 22, 8, 39, 20, 16, 31, 2, 14, 27, 1, 13, 28, 39]
    PRED: [35, 10, 19, 30, 39, 26, 27, 25, 7, 2, 37, 39, 10, 34, 20, 39, 5, 22, 8, 39, 20, 16, 31, 9, 39, 10, 13, 39]
    Edit distance: 17/33
  Sample 2:
    TRUE: [28, 24, 39, 27, 33, 20, 37, 39, 35, 17, 39, 21, 12, 8, 39, 16, 22, 39, 2, 22, 2, 6, 1, 29, 30, 39, 19, 2, 20, 33, 38, 2, 22, 39]
    PRED: [9, 33, 39, 27, 33, 20, 37, 39, 35, 17, 39, 21, 25, 8, 39, 16, 22, 39, 10, 22, 27, 29, 28, 39, 19, 24, 20, 33, 33, 38, 2, 22, 39]
    Edit distance: 10/34
  Sample 3:
    TRUE: [20, 3, 27, 17, 37, 39, 19, 0, 28, 30, 33, 21, 39, 22, 17, 8, 2, 8, 39, 6, 20, 1, 19, 39, 14, 20, 2, 34, 37, 39, 30, 33, 39, 6, 17, 39, 19, 2, 21, 26, 20, 17, 30, 20, 17, 39, 10, 20, 2, 14, 2, 22, 30, 39]
    PRED: [30, 27, 24, 17, 39, 28, 1, 28, 21, 39, 22, 10, 8, 39, 21, 5, 19, 39, 14, 20, 2, 34, 37, 39, 30, 33, 39, 6, 17, 39, 20, 2, 21, 26, 20, 17, 2, 39, 20, 2, 22, 39]
    Edit distance: 22/54
  Sample 4:
    TRUE: [9, 2, 39, 30, 33, 31, 39, 13, 10, 27, 17, 39, 13, 11, 14, 0, 30, 39, 30, 33, 39, 19, 2, 21, 39, 35, 10, 22, 39, 27, 0, 18, 11, 37, 39, 30, 33, 31, 39, 13, 10, 20, 39, 4, 30, 39]
    PRED: [9, 2, 39, 8, 33, 31, 28, 39, 13, 16, 17, 39, 13, 16, 3, 19, 0, 39, 30, 33, 39, 28, 30, 2, 21, 39, 35, 10, 22, 39, 35, 11, 39, 9, 33, 31, 13, 39, 13, 5, 20, 39, 4, 30, 39]
    Edit distance: 17/46

============================================================
Batch 29500 | Val PER: 0.3665
============================================================
  Sample 0:
    TRUE: [31, 17, 0, 19, 27, 2, 28, 17, 39, 27, 17, 19, 2, 22, 28, 16, 8, 11, 8, 39]
    PRED: [9, 12, 28, 28, 39, 27, 30, 8, 39]
    Edit distance: 15/20
  Sample 1:
    TRUE: [27, 16, 7, 39, 26, 11, 7, 2, 28, 30, 39, 28, 10, 34, 27, 2, 20, 39, 28, 5, 22, 8, 39, 20, 16, 31, 2, 14, 27, 1, 13, 28, 39]
    PRED: [27, 10, 28, 19, 30, 39, 26, 27, 25, 7, 2, 37, 39, 10, 34, 20, 39, 5, 22, 8, 39, 20, 16, 31, 9, 2, 39, 10, 13, 39]
    Edit distance: 17/33
  Sample 2:
    TRUE: [28, 24, 39, 27, 33, 20, 37, 39, 35, 17, 39, 21, 12, 8, 39, 16, 22, 39, 2, 22, 2, 6, 1, 29, 30, 39, 19, 2, 20, 33, 38, 2, 22, 39]
    PRED: [9, 33, 39, 27, 33, 20, 37, 39, 27, 17, 39, 21, 25, 8, 39, 16, 22, 39, 10, 22, 27, 1, 28, 39, 24, 20, 33, 33, 38, 2, 22, 39]
    Edit distance: 12/34
  Sample 3:
    TRUE: [20, 3, 27, 17, 37, 39, 19, 0, 28, 30, 33, 21, 39, 22, 17, 8, 2, 8, 39, 6, 20, 1, 19, 39, 14, 20, 2, 34, 37, 39, 30, 33, 39, 6, 17, 39, 19, 2, 21, 26, 20, 17, 30, 20, 17, 39, 10, 20, 2, 14, 2, 22, 30, 39]
    PRED: [30, 27, 24, 17, 39, 1, 28, 21, 6, 21, 39, 22, 16, 8, 39, 21, 0, 19, 39, 20, 2, 34, 8, 39, 30, 33, 39, 6, 17, 39, 19, 2, 26, 20, 17, 39, 20, 22, 39]
    Edit distance: 25/54
  Sample 4:
    TRUE: [9, 2, 39, 30, 33, 31, 39, 13, 10, 27, 17, 39, 13, 11, 14, 0, 30, 39, 30, 33, 39, 19, 2, 21, 39, 35, 10, 22, 39, 27, 0, 18, 11, 37, 39, 30, 33, 31, 39, 13, 10, 20, 39, 4, 30, 39]
    PRED: [9, 2, 39, 8, 27, 33, 31, 28, 39, 16, 17, 39, 13, 27, 3, 19, 39, 30, 33, 39, 28, 30, 2, 21, 39, 35, 10, 22, 39, 27, 11, 39, 9, 33, 31, 13, 39, 13, 10, 20, 39, 4, 30, 39]
    Edit distance: 17/46

============================================================
Batch 30000 | Val PER: 0.3649
============================================================
  Sample 0:
    TRUE: [31, 17, 0, 19, 27, 2, 28, 17, 39, 27, 17, 19, 2, 22, 28, 16, 8, 11, 8, 39]
    PRED: [9, 12, 28, 11, 39, 8, 27, 11, 8, 39]
    Edit distance: 15/20
  Sample 1:
    TRUE: [27, 16, 7, 39, 26, 11, 7, 2, 28, 30, 39, 28, 10, 34, 27, 2, 20, 39, 28, 5, 22, 8, 39, 20, 16, 31, 2, 14, 27, 1, 13, 28, 39]
    PRED: [27, 10, 30, 19, 30, 39, 26, 27, 25, 2, 37, 39, 10, 34, 20, 39, 37, 5, 22, 8, 39, 31, 20, 16, 31, 9, 39, 14, 10, 13, 39]
    Edit distance: 18/33
  Sample 2:
    TRUE: [28, 24, 39, 27, 33, 20, 37, 39, 35, 17, 39, 21, 12, 8, 39, 16, 22, 39, 2, 22, 2, 6, 1, 29, 30, 39, 19, 2, 20, 33, 38, 2, 22, 39]
    PRED: [9, 33, 39, 27, 33, 20, 37, 39, 27, 17, 39, 21, 25, 8, 39, 16, 22, 8, 39, 1, 22, 27, 0, 28, 39, 24, 20, 33, 38, 2, 22, 39]
    Edit distance: 13/34
  Sample 3:
    TRUE: [20, 3, 27, 17, 37, 39, 19, 0, 28, 30, 33, 21, 39, 22, 17, 8, 2, 8, 39, 6, 20, 1, 19, 39, 14, 20, 2, 34, 37, 39, 30, 33, 39, 6, 17, 39, 19, 2, 21, 26, 20, 17, 30, 20, 17, 39, 10, 20, 2, 14, 2, 22, 30, 39]
    PRED: [30, 27, 24, 39, 1, 28, 21, 6, 21, 39, 22, 10, 8, 39, 21, 0, 19, 39, 14, 20, 2, 34, 8, 39, 30, 33, 39, 6, 17, 33, 39, 19, 2, 21, 26, 20, 17, 39, 20, 22, 39]
    Edit distance: 24/54
  Sample 4:
    TRUE: [9, 2, 39, 30, 33, 31, 39, 13, 10, 27, 17, 39, 13, 11, 14, 0, 30, 39, 30, 33, 39, 19, 2, 21, 39, 35, 10, 22, 39, 27, 0, 18, 11, 37, 39, 30, 33, 31, 39, 13, 10, 20, 39, 4, 30, 39]
    PRED: [9, 2, 39, 8, 27, 33, 31, 28, 39, 13, 16, 17, 39, 13, 16, 3, 19, 39, 30, 33, 39, 28, 30, 2, 21, 39, 35, 10, 22, 39, 27, 11, 39, 9, 33, 31, 13, 39, 13, 10, 20, 39, 4, 30, 39]
    Edit distance: 16/46

============================================================
Batch 30500 | Val PER: 0.3707
============================================================
  Sample 0:
    TRUE: [31, 17, 0, 19, 27, 2, 28, 17, 39, 27, 17, 19, 2, 22, 28, 16, 8, 11, 8, 39]
    PRED: [9, 12, 19, 28, 28, 39, 8, 27, 16, 30, 8, 39]
    Edit distance: 14/20
  Sample 1:
    TRUE: [27, 16, 7, 39, 26, 11, 7, 2, 28, 30, 39, 28, 10, 34, 27, 2, 20, 39, 28, 5, 22, 8, 39, 20, 16, 31, 2, 14, 27, 1, 13, 28, 39]
    PRED: [35, 10, 28, 30, 39, 26, 27, 25, 28, 2, 37, 39, 10, 34, 20, 39, 5, 22, 8, 39, 31, 20, 16, 31, 9, 2, 39, 14, 10, 13, 39]
    Edit distance: 19/33
  Sample 2:
    TRUE: [28, 24, 39, 27, 33, 20, 37, 39, 35, 17, 39, 21, 12, 8, 39, 16, 22, 39, 2, 22, 2, 6, 1, 29, 30, 39, 19, 2, 20, 33, 38, 2, 22, 39]
    PRED: [9, 33, 39, 27, 33, 20, 37, 39, 27, 17, 39, 21, 25, 8, 39, 16, 22, 39, 1, 22, 27, 0, 28, 39, 19, 20, 33, 38, 2, 22, 39]
    Edit distance: 11/34
  Sample 3:
    TRUE: [20, 3, 27, 17, 37, 39, 19, 0, 28, 30, 33, 21, 39, 22, 17, 8, 2, 8, 39, 6, 20, 1, 19, 39, 14, 20, 2, 34, 37, 39, 30, 33, 39, 6, 17, 39, 19, 2, 21, 26, 20, 17, 30, 20, 17, 39, 10, 20, 2, 14, 2, 22, 30, 39]
    PRED: [35, 27, 32, 24, 37, 17, 39, 19, 1, 28, 21, 39, 22, 16, 8, 39, 21, 20, 0, 19, 39, 20, 16, 34, 8, 39, 30, 33, 39, 6, 17, 39, 20, 2, 21, 26, 20, 17, 39, 20, 10, 2, 22, 39]
    Edit distance: 24/54
  Sample 4:
    TRUE: [9, 2, 39, 30, 33, 31, 39, 13, 10, 27, 17, 39, 13, 11, 14, 0, 30, 39, 30, 33, 39, 19, 2, 21, 39, 35, 10, 22, 39, 27, 0, 18, 11, 37, 39, 30, 33, 31, 39, 13, 10, 20, 39, 4, 30, 39]
    PRED: [9, 2, 39, 8, 33, 9, 31, 28, 39, 13, 16, 17, 39, 13, 16, 3, 19, 39, 30, 33, 39, 28, 30, 2, 21, 39, 35, 10, 22, 39, 35, 27, 11, 11, 39, 9, 33, 31, 13, 39, 13, 5, 20, 39, 4, 30, 39]
    Edit distance: 18/46

============================================================
Batch 31000 | Val PER: 0.3651
============================================================
  Sample 0:
    TRUE: [31, 17, 0, 19, 27, 2, 28, 17, 39, 27, 17, 19, 2, 22, 28, 16, 8, 11, 8, 39]
    PRED: [9, 2, 28, 28, 39, 27, 30, 8, 39]
    Edit distance: 14/20
  Sample 1:
    TRUE: [27, 16, 7, 39, 26, 11, 7, 2, 28, 30, 39, 28, 10, 34, 27, 2, 20, 39, 28, 5, 22, 8, 39, 20, 16, 31, 2, 14, 27, 1, 13, 28, 39]
    PRED: [35, 10, 28, 30, 39, 26, 27, 25, 28, 2, 37, 39, 10, 34, 20, 39, 5, 22, 8, 39, 31, 20, 16, 31, 31, 9, 2, 39, 14, 8, 10, 13, 39]
    Edit distance: 20/33
  Sample 2:
    TRUE: [28, 24, 39, 27, 33, 20, 37, 39, 35, 17, 39, 21, 12, 8, 39, 16, 22, 39, 2, 22, 2, 6, 1, 29, 30, 39, 19, 2, 20, 33, 38, 2, 22, 39]
    PRED: [33, 39, 27, 33, 20, 37, 39, 35, 17, 39, 21, 25, 8, 39, 16, 22, 39, 1, 22, 27, 0, 28, 30, 39, 19, 20, 33, 33, 38, 2, 22, 39]
    Edit distance: 10/34
  Sample 3:
    TRUE: [20, 3, 27, 17, 37, 39, 19, 0, 28, 30, 33, 21, 39, 22, 17, 8, 2, 8, 39, 6, 20, 1, 19, 39, 14, 20, 2, 34, 37, 39, 30, 33, 39, 6, 17, 39, 19, 2, 21, 26, 20, 17, 30, 20, 17, 39, 10, 20, 2, 14, 2, 22, 30, 39]
    PRED: [19, 27, 24, 37, 17, 39, 1, 28, 21, 34, 21, 39, 22, 16, 8, 39, 21, 0, 19, 39, 14, 20, 2, 34, 8, 39, 30, 33, 39, 6, 17, 33, 39, 2, 26, 20, 17, 39, 20, 2, 22, 39]
    Edit distance: 25/54
  Sample 4:
    TRUE: [9, 2, 39, 30, 33, 31, 39, 13, 10, 27, 17, 39, 13, 11, 14, 0, 30, 39, 30, 33, 39, 19, 2, 21, 39, 35, 10, 22, 39, 27, 0, 18, 11, 37, 39, 30, 33, 31, 39, 13, 10, 20, 39, 4, 30, 39]
    PRED: [9, 2, 39, 8, 33, 31, 28, 39, 13, 16, 17, 39, 13, 27, 3, 19, 39, 30, 33, 39, 28, 2, 21, 39, 35, 10, 22, 39, 27, 11, 11, 39, 9, 33, 31, 13, 39, 5, 39, 4, 30, 39]
    Edit distance: 16/46

============================================================
Batch 31500 | Val PER: 0.3621
============================================================
  Sample 0:
    TRUE: [31, 17, 0, 19, 27, 2, 28, 17, 39, 27, 17, 19, 2, 22, 28, 16, 8, 11, 8, 39]
    PRED: [9, 2, 11, 39, 14, 27, 39]
    Edit distance: 17/20
  Sample 1:
    TRUE: [27, 16, 7, 39, 26, 11, 7, 2, 28, 30, 39, 28, 10, 34, 27, 2, 20, 39, 28, 5, 22, 8, 39, 20, 16, 31, 2, 14, 27, 1, 13, 28, 39]
    PRED: [27, 10, 28, 19, 30, 39, 26, 27, 25, 7, 2, 37, 39, 1, 34, 20, 39, 5, 22, 8, 39, 20, 16, 31, 39, 9, 2, 39, 14, 1, 13, 39]
    Edit distance: 18/33
  Sample 2:
    TRUE: [28, 24, 39, 27, 33, 20, 37, 39, 35, 17, 39, 21, 12, 8, 39, 16, 22, 39, 2, 22, 2, 6, 1, 29, 30, 39, 19, 2, 20, 33, 38, 2, 22, 39]
    PRED: [9, 33, 39, 27, 33, 20, 37, 39, 27, 17, 39, 21, 12, 8, 39, 16, 22, 39, 10, 22, 27, 1, 28, 39, 19, 24, 20, 33, 38, 2, 22, 39]
    Edit distance: 9/34
  Sample 3:
    TRUE: [20, 3, 27, 17, 37, 39, 19, 0, 28, 30, 33, 21, 39, 22, 17, 8, 2, 8, 39, 6, 20, 1, 19, 39, 14, 20, 2, 34, 37, 39, 30, 33, 39, 6, 17, 39, 19, 2, 21, 26, 20, 17, 30, 20, 17, 39, 10, 20, 2, 14, 2, 22, 30, 39]
    PRED: [35, 27, 24, 27, 37, 17, 39, 19, 1, 28, 21, 39, 22, 16, 8, 39, 21, 1, 19, 39, 14, 20, 2, 34, 37, 39, 30, 33, 39, 6, 17, 33, 39, 19, 2, 26, 20, 17, 12, 39, 20, 10, 22, 39]
    Edit distance: 23/54
  Sample 4:
    TRUE: [9, 2, 39, 30, 33, 31, 39, 13, 10, 27, 17, 39, 13, 11, 14, 0, 30, 39, 30, 33, 39, 19, 2, 21, 39, 35, 10, 22, 39, 27, 0, 18, 11, 37, 39, 30, 33, 31, 39, 13, 10, 20, 39, 4, 30, 39]
    PRED: [9, 2, 39, 8, 33, 31, 28, 39, 13, 16, 17, 39, 13, 16, 3, 19, 0, 39, 30, 33, 39, 28, 30, 2, 21, 39, 35, 10, 22, 39, 27, 11, 11, 39, 9, 33, 13, 39, 13, 5, 20, 39, 4, 30, 39]
    Edit distance: 16/46

============================================================
Batch 32000 | Val PER: 0.3647
============================================================
  Sample 0:
    TRUE: [31, 17, 0, 19, 27, 2, 28, 17, 39, 27, 17, 19, 2, 22, 28, 16, 8, 11, 8, 39]
    PRED: [9, 2, 39, 8, 27, 8, 39]
    Edit distance: 15/20
  Sample 1:
    TRUE: [27, 16, 7, 39, 26, 11, 7, 2, 28, 30, 39, 28, 10, 34, 27, 2, 20, 39, 28, 5, 22, 8, 39, 20, 16, 31, 2, 14, 27, 1, 13, 28, 39]
    PRED: [35, 10, 28, 19, 30, 39, 26, 27, 11, 28, 2, 37, 39, 10, 34, 20, 39, 5, 22, 8, 39, 20, 16, 2, 39, 8, 27, 10, 13, 39]
    Edit distance: 18/33
  Sample 2:
    TRUE: [28, 24, 39, 27, 33, 20, 37, 39, 35, 17, 39, 21, 12, 8, 39, 16, 22, 39, 2, 22, 2, 6, 1, 29, 30, 39, 19, 2, 20, 33, 38, 2, 22, 39]
    PRED: [9, 33, 39, 27, 33, 20, 37, 39, 27, 17, 39, 21, 25, 8, 39, 16, 22, 8, 39, 16, 22, 27, 0, 28, 39, 19, 24, 20, 33, 33, 38, 2, 22, 39]
    Edit distance: 13/34
  Sample 3:
    TRUE: [20, 3, 27, 17, 37, 39, 19, 0, 28, 30, 33, 21, 39, 22, 17, 8, 2, 8, 39, 6, 20, 1, 19, 39, 14, 20, 2, 34, 37, 39, 30, 33, 39, 6, 17, 39, 19, 2, 21, 26, 20, 17, 30, 20, 17, 39, 10, 20, 2, 14, 2, 22, 30, 39]
    PRED: [30, 24, 37, 17, 39, 1, 28, 21, 39, 22, 16, 8, 39, 6, 21, 16, 19, 39, 20, 2, 34, 37, 39, 30, 33, 39, 6, 17, 33, 39, 19, 2, 21, 26, 20, 17, 39, 20, 10, 2, 22, 39]
    Edit distance: 22/54
  Sample 4:
    TRUE: [9, 2, 39, 30, 33, 31, 39, 13, 10, 27, 17, 39, 13, 11, 14, 0, 30, 39, 30, 33, 39, 19, 2, 21, 39, 35, 10, 22, 39, 27, 0, 18, 11, 37, 39, 30, 33, 31, 39, 13, 10, 20, 39, 4, 30, 39]
    PRED: [9, 2, 39, 8, 33, 28, 39, 16, 17, 39, 13, 16, 3, 19, 10, 39, 30, 33, 39, 28, 30, 2, 21, 39, 35, 10, 22, 39, 27, 11, 11, 39, 9, 33, 13, 39, 13, 20, 39, 4, 30, 39]
    Edit distance: 17/46

============================================================
Batch 32500 | Val PER: 0.3657
============================================================
  Sample 0:
    TRUE: [31, 17, 0, 19, 27, 2, 28, 17, 39, 27, 17, 19, 2, 22, 28, 16, 8, 11, 8, 39]
    PRED: [9, 12, 28, 28, 39, 27, 30, 8, 39]
    Edit distance: 15/20
  Sample 1:
    TRUE: [27, 16, 7, 39, 26, 11, 7, 2, 28, 30, 39, 28, 10, 34, 27, 2, 20, 39, 28, 5, 22, 8, 39, 20, 16, 31, 2, 14, 27, 1, 13, 28, 39]
    PRED: [35, 16, 7, 19, 30, 39, 26, 27, 25, 7, 2, 37, 39, 10, 34, 20, 39, 28, 5, 22, 8, 39, 20, 16, 31, 9, 39, 14, 27, 1, 13, 39]
    Edit distance: 13/33
  Sample 2:
    TRUE: [28, 24, 39, 27, 33, 20, 37, 39, 35, 17, 39, 21, 12, 8, 39, 16, 22, 39, 2, 22, 2, 6, 1, 29, 30, 39, 19, 2, 20, 33, 38, 2, 22, 39]
    PRED: [9, 33, 39, 27, 33, 20, 37, 39, 35, 17, 39, 21, 12, 8, 39, 16, 22, 39, 1, 22, 27, 0, 29, 28, 39, 19, 24, 20, 33, 38, 2, 22, 39]
    Edit distance: 8/34
  Sample 3:
    TRUE: [20, 3, 27, 17, 37, 39, 19, 0, 28, 30, 33, 21, 39, 22, 17, 8, 2, 8, 39, 6, 20, 1, 19, 39, 14, 20, 2, 34, 37, 39, 30, 33, 39, 6, 17, 39, 19, 2, 21, 26, 20, 17, 30, 20, 17, 39, 10, 20, 2, 14, 2, 22, 30, 39]
    PRED: [35, 27, 24, 17, 39, 1, 28, 21, 39, 22, 16, 8, 39, 21, 0, 19, 39, 20, 16, 34, 37, 39, 30, 33, 39, 6, 17, 33, 39, 19, 2, 26, 20, 17, 39, 20, 10, 22, 39]
    Edit distance: 26/54
  Sample 4:
    TRUE: [9, 2, 39, 30, 33, 31, 39, 13, 10, 27, 17, 39, 13, 11, 14, 0, 30, 39, 30, 33, 39, 19, 2, 21, 39, 35, 10, 22, 39, 27, 0, 18, 11, 37, 39, 30, 33, 31, 39, 13, 10, 20, 39, 4, 30, 39]
    PRED: [9, 2, 39, 8, 33, 31, 28, 39, 13, 16, 17, 17, 39, 13, 16, 3, 19, 0, 39, 30, 33, 39, 28, 30, 2, 21, 39, 35, 10, 22, 39, 35, 27, 11, 11, 39, 9, 33, 31, 39, 13, 5, 20, 39, 4, 30, 39]
    Edit distance: 16/46

============================================================
Batch 33000 | Val PER: 0.3660
============================================================
  Sample 0:
    TRUE: [31, 17, 0, 19, 27, 2, 28, 17, 39, 27, 17, 19, 2, 22, 28, 16, 8, 11, 8, 39]
    PRED: [9, 12, 28, 39, 27, 30, 8, 39]
    Edit distance: 15/20
  Sample 1:
    TRUE: [27, 16, 7, 39, 26, 11, 7, 2, 28, 30, 39, 28, 10, 34, 27, 2, 20, 39, 28, 5, 22, 8, 39, 20, 16, 31, 2, 14, 27, 1, 13, 28, 39]
    PRED: [35, 16, 30, 19, 30, 39, 26, 27, 25, 29, 2, 37, 39, 10, 34, 20, 39, 5, 22, 8, 39, 20, 16, 39, 1, 13, 39]
    Edit distance: 18/33
  Sample 2:
    TRUE: [28, 24, 39, 27, 33, 20, 37, 39, 35, 17, 39, 21, 12, 8, 39, 16, 22, 39, 2, 22, 2, 6, 1, 29, 30, 39, 19, 2, 20, 33, 38, 2, 22, 39]
    PRED: [9, 33, 39, 27, 33, 20, 37, 39, 35, 17, 39, 21, 5, 8, 39, 16, 22, 39, 1, 22, 27, 0, 29, 28, 39, 24, 20, 33, 33, 38, 2, 22, 39]
    Edit distance: 11/34
  Sample 3:
    TRUE: [20, 3, 27, 17, 37, 39, 19, 0, 28, 30, 33, 21, 39, 22, 17, 8, 2, 8, 39, 6, 20, 1, 19, 39, 14, 20, 2, 34, 37, 39, 30, 33, 39, 6, 17, 39, 19, 2, 21, 26, 20, 17, 30, 20, 17, 39, 10, 20, 2, 14, 2, 22, 30, 39]
    PRED: [19, 24, 37, 17, 39, 1, 28, 21, 39, 22, 16, 8, 39, 21, 0, 19, 39, 14, 20, 16, 34, 37, 39, 30, 33, 39, 6, 17, 33, 39, 19, 2, 21, 26, 20, 17, 39, 20, 10, 22, 39]
    Edit distance: 24/54
  Sample 4:
    TRUE: [9, 2, 39, 30, 33, 31, 39, 13, 10, 27, 17, 39, 13, 11, 14, 0, 30, 39, 30, 33, 39, 19, 2, 21, 39, 35, 10, 22, 39, 27, 0, 18, 11, 37, 39, 30, 33, 31, 39, 13, 10, 20, 39, 4, 30, 39]
    PRED: [9, 2, 39, 30, 33, 31, 39, 16, 17, 39, 13, 16, 3, 19, 39, 30, 33, 39, 28, 2, 21, 39, 35, 10, 22, 39, 27, 11, 39, 9, 33, 31, 39, 5, 20, 39, 4, 30, 39]
    Edit distance: 14/46

============================================================
Batch 33500 | Val PER: 0.3591
============================================================
  Sample 0:
    TRUE: [31, 17, 0, 19, 27, 2, 28, 17, 39, 27, 17, 19, 2, 22, 28, 16, 8, 11, 8, 39]
    PRED: [9, 12, 28, 39, 27, 8, 39]
    Edit distance: 15/20
  Sample 1:
    TRUE: [27, 16, 7, 39, 26, 11, 7, 2, 28, 30, 39, 28, 10, 34, 27, 2, 20, 39, 28, 5, 22, 8, 39, 20, 16, 31, 2, 14, 27, 1, 13, 28, 39]
    PRED: [35, 16, 19, 30, 39, 26, 27, 25, 29, 2, 37, 39, 10, 34, 20, 39, 5, 22, 8, 39, 31, 20, 16, 9, 39, 1, 13, 39]
    Edit distance: 18/33
  Sample 2:
    TRUE: [28, 24, 39, 27, 33, 20, 37, 39, 35, 17, 39, 21, 12, 8, 39, 16, 22, 39, 2, 22, 2, 6, 1, 29, 30, 39, 19, 2, 20, 33, 38, 2, 22, 39]
    PRED: [9, 33, 39, 27, 33, 20, 37, 39, 27, 17, 39, 21, 25, 8, 39, 16, 22, 39, 1, 22, 27, 5, 28, 39, 24, 20, 33, 33, 38, 2, 22, 39]
    Edit distance: 13/34
  Sample 3:
    TRUE: [20, 3, 27, 17, 37, 39, 19, 0, 28, 30, 33, 21, 39, 22, 17, 8, 2, 8, 39, 6, 20, 1, 19, 39, 14, 20, 2, 34, 37, 39, 30, 33, 39, 6, 17, 39, 19, 2, 21, 26, 20, 17, 30, 20, 17, 39, 10, 20, 2, 14, 2, 22, 30, 39]
    PRED: [30, 27, 24, 17, 39, 1, 28, 21, 6, 21, 39, 22, 16, 8, 39, 21, 1, 19, 39, 14, 20, 16, 34, 37, 39, 30, 33, 39, 6, 17, 33, 39, 19, 2, 26, 20, 39, 20, 10, 2, 22, 39]
    Edit distance: 24/54
  Sample 4:
    TRUE: [9, 2, 39, 30, 33, 31, 39, 13, 10, 27, 17, 39, 13, 11, 14, 0, 30, 39, 30, 33, 39, 19, 2, 21, 39, 35, 10, 22, 39, 27, 0, 18, 11, 37, 39, 30, 33, 31, 39, 13, 10, 20, 39, 4, 30, 39]
    PRED: [9, 2, 39, 30, 33, 31, 30, 39, 34, 16, 17, 39, 13, 16, 3, 19, 0, 39, 30, 33, 39, 28, 2, 21, 39, 35, 10, 22, 39, 27, 11, 11, 39, 9, 33, 31, 13, 31, 39, 13, 5, 20, 39, 4, 30, 39]
    Edit distance: 16/46

============================================================
Batch 34000 | Val PER: 0.3621
============================================================
  Sample 0:
    TRUE: [31, 17, 0, 19, 27, 2, 28, 17, 39, 27, 17, 19, 2, 22, 28, 16, 8, 11, 8, 39]
    PRED: [9, 12, 28, 39, 8, 20, 27, 30, 8, 39]
    Edit distance: 16/20
  Sample 1:
    TRUE: [27, 16, 7, 39, 26, 11, 7, 2, 28, 30, 39, 28, 10, 34, 27, 2, 20, 39, 28, 5, 22, 8, 39, 20, 16, 31, 2, 14, 27, 1, 13, 28, 39]
    PRED: [35, 10, 28, 19, 30, 39, 26, 27, 25, 28, 2, 37, 39, 1, 34, 20, 39, 5, 22, 8, 39, 20, 16, 9, 2, 39, 14, 8, 1, 13, 39]
    Edit distance: 19/33
  Sample 2:
    TRUE: [28, 24, 39, 27, 33, 20, 37, 39, 35, 17, 39, 21, 12, 8, 39, 16, 22, 39, 2, 22, 2, 6, 1, 29, 30, 39, 19, 2, 20, 33, 38, 2, 22, 39]
    PRED: [9, 33, 39, 27, 33, 20, 24, 37, 39, 21, 17, 39, 21, 25, 8, 39, 16, 22, 39, 1, 22, 27, 28, 39, 24, 20, 33, 33, 38, 2, 22, 39]
    Edit distance: 14/34
  Sample 3:
    TRUE: [20, 3, 27, 17, 37, 39, 19, 0, 28, 30, 33, 21, 39, 22, 17, 8, 2, 8, 39, 6, 20, 1, 19, 39, 14, 20, 2, 34, 37, 39, 30, 33, 39, 6, 17, 39, 19, 2, 21, 26, 20, 17, 30, 20, 17, 39, 10, 20, 2, 14, 2, 22, 30, 39]
    PRED: [35, 27, 32, 24, 39, 1, 28, 21, 6, 21, 39, 22, 16, 8, 39, 21, 20, 1, 19, 39, 14, 20, 16, 34, 37, 39, 30, 33, 39, 6, 17, 33, 39, 19, 2, 26, 20, 39, 20, 2, 22, 39]
    Edit distance: 23/54
  Sample 4:
    TRUE: [9, 2, 39, 30, 33, 31, 39, 13, 10, 27, 17, 39, 13, 11, 14, 0, 30, 39, 30, 33, 39, 19, 2, 21, 39, 35, 10, 22, 39, 27, 0, 18, 11, 37, 39, 30, 33, 31, 39, 13, 10, 20, 39, 4, 30, 39]
    PRED: [9, 2, 39, 8, 33, 9, 31, 39, 13, 16, 17, 39, 13, 16, 3, 19, 39, 30, 33, 39, 28, 30, 2, 21, 39, 35, 16, 22, 39, 27, 11, 11, 39, 9, 33, 31, 39, 13, 5, 20, 39, 4, 30, 39]
    Edit distance: 16/46

============================================================
Batch 34500 | Val PER: 0.3651
============================================================
  Sample 0:
    TRUE: [31, 17, 0, 19, 27, 2, 28, 17, 39, 27, 17, 19, 2, 22, 28, 16, 8, 11, 8, 39]
    PRED: [9, 2, 28, 39, 27, 30, 39]
    Edit distance: 15/20
  Sample 1:
    TRUE: [27, 16, 7, 39, 26, 11, 7, 2, 28, 30, 39, 28, 10, 34, 27, 2, 20, 39, 28, 5, 22, 8, 39, 20, 16, 31, 2, 14, 27, 1, 13, 28, 39]
    PRED: [35, 10, 19, 30, 39, 26, 27, 25, 29, 2, 37, 39, 10, 34, 20, 39, 5, 22, 8, 39, 20, 16, 2, 39, 14, 27, 1, 13, 39]
    Edit distance: 16/33
  Sample 2:
    TRUE: [28, 24, 39, 27, 33, 20, 37, 39, 35, 17, 39, 21, 12, 8, 39, 16, 22, 39, 2, 22, 2, 6, 1, 29, 30, 39, 19, 2, 20, 33, 38, 2, 22, 39]
    PRED: [9, 33, 39, 27, 33, 20, 24, 37, 39, 35, 17, 39, 21, 25, 8, 39, 16, 22, 39, 1, 22, 27, 0, 28, 39, 20, 33, 33, 2, 22, 39]
    Edit distance: 13/34
  Sample 3:
    TRUE: [20, 3, 27, 17, 37, 39, 19, 0, 28, 30, 33, 21, 39, 22, 17, 8, 2, 8, 39, 6, 20, 1, 19, 39, 14, 20, 2, 34, 37, 39, 30, 33, 39, 6, 17, 39, 19, 2, 21, 26, 20, 17, 30, 20, 17, 39, 10, 20, 2, 14, 2, 22, 30, 39]
    PRED: [35, 27, 32, 24, 17, 39, 1, 28, 2, 21, 6, 21, 39, 22, 16, 8, 39, 21, 0, 19, 39, 14, 20, 16, 34, 37, 39, 30, 33, 39, 6, 17, 33, 39, 19, 2, 26, 20, 17, 30, 39, 20, 10, 22, 39]
    Edit distance: 26/54
  Sample 4:
    TRUE: [9, 2, 39, 30, 33, 31, 39, 13, 10, 27, 17, 39, 13, 11, 14, 0, 30, 39, 30, 33, 39, 19, 2, 21, 39, 35, 10, 22, 39, 27, 0, 18, 11, 37, 39, 30, 33, 31, 39, 13, 10, 20, 39, 4, 30, 39]
    PRED: [9, 2, 39, 8, 33, 9, 31, 39, 13, 16, 27, 17, 39, 13, 16, 3, 19, 0, 39, 30, 33, 39, 28, 30, 2, 21, 39, 35, 10, 22, 39, 35, 27, 11, 39, 9, 33, 31, 39, 13, 5, 20, 4, 30, 39]
    Edit distance: 16/46

============================================================
Batch 35000 | Val PER: 0.3633
============================================================
  Sample 0:
    TRUE: [31, 17, 0, 19, 27, 2, 28, 17, 39, 27, 17, 19, 2, 22, 28, 16, 8, 11, 8, 39]
    PRED: [9, 12, 28, 39, 8, 27, 39]
    Edit distance: 16/20
  Sample 1:
    TRUE: [27, 16, 7, 39, 26, 11, 7, 2, 28, 30, 39, 28, 10, 34, 27, 2, 20, 39, 28, 5, 22, 8, 39, 20, 16, 31, 2, 14, 27, 1, 13, 28, 39]
    PRED: [35, 10, 19, 30, 39, 26, 27, 1, 29, 2, 37, 39, 1, 34, 20, 39, 28, 5, 8, 39, 20, 16, 9, 2, 39, 8, 1, 13, 39]
    Edit distance: 18/33
  Sample 2:
    TRUE: [28, 24, 39, 27, 33, 20, 37, 39, 35, 17, 39, 21, 12, 8, 39, 16, 22, 39, 2, 22, 2, 6, 1, 29, 30, 39, 19, 2, 20, 33, 38, 2, 22, 39]
    PRED: [9, 33, 39, 27, 33, 20, 37, 39, 35, 17, 39, 21, 25, 8, 39, 16, 22, 39, 10, 22, 30, 27, 0, 29, 28, 39, 33, 20, 33, 38, 2, 22, 39]
    Edit distance: 10/34
  Sample 3:
    TRUE: [20, 3, 27, 17, 37, 39, 19, 0, 28, 30, 33, 21, 39, 22, 17, 8, 2, 8, 39, 6, 20, 1, 19, 39, 14, 20, 2, 34, 37, 39, 30, 33, 39, 6, 17, 39, 19, 2, 21, 26, 20, 17, 30, 20, 17, 39, 10, 20, 2, 14, 2, 22, 30, 39]
    PRED: [35, 27, 32, 24, 37, 17, 39, 28, 1, 28, 21, 6, 21, 39, 22, 16, 8, 39, 6, 21, 0, 19, 39, 14, 20, 16, 34, 37, 39, 30, 33, 39, 6, 17, 33, 39, 19, 2, 26, 20, 17, 39, 20, 10, 22, 39]
    Edit distance: 25/54
  Sample 4:
    TRUE: [9, 2, 39, 30, 33, 31, 39, 13, 10, 27, 17, 39, 13, 11, 14, 0, 30, 39, 30, 33, 39, 19, 2, 21, 39, 35, 10, 22, 39, 27, 0, 18, 11, 37, 39, 30, 33, 31, 39, 13, 10, 20, 39, 4, 30, 39]
    PRED: [9, 2, 39, 8, 33, 31, 39, 13, 16, 17, 39, 13, 16, 3, 19, 0, 39, 30, 33, 39, 28, 2, 21, 39, 35, 10, 22, 39, 27, 11, 11, 39, 9, 33, 31, 13, 31, 39, 34, 12, 20, 4, 30, 39]
    Edit distance: 17/46

============================================================
Batch 35500 | Val PER: 0.3698
============================================================
  Sample 0:
    TRUE: [31, 17, 0, 19, 27, 2, 28, 17, 39, 27, 17, 19, 2, 22, 28, 16, 8, 11, 8, 39]
    PRED: [9, 12, 30, 19, 28, 39, 27, 14, 8, 30, 39]
    Edit distance: 14/20
  Sample 1:
    TRUE: [27, 16, 7, 39, 26, 11, 7, 2, 28, 30, 39, 28, 10, 34, 27, 2, 20, 39, 28, 5, 22, 8, 39, 20, 16, 31, 2, 14, 27, 1, 13, 28, 39]
    PRED: [35, 16, 19, 30, 39, 26, 27, 25, 7, 2, 37, 39, 1, 34, 20, 39, 28, 5, 22, 8, 39, 20, 16, 9, 2, 39, 8, 1, 13, 39]
    Edit distance: 15/33
  Sample 2:
    TRUE: [28, 24, 39, 27, 33, 20, 37, 39, 35, 17, 39, 21, 12, 8, 39, 16, 22, 39, 2, 22, 2, 6, 1, 29, 30, 39, 19, 2, 20, 33, 38, 2, 22, 39]
    PRED: [9, 33, 39, 27, 33, 20, 37, 39, 35, 17, 39, 21, 25, 8, 39, 16, 22, 39, 1, 22, 30, 27, 1, 28, 39, 19, 24, 20, 33, 38, 2, 22, 39]
    Edit distance: 9/34
  Sample 3:
    TRUE: [20, 3, 27, 17, 37, 39, 19, 0, 28, 30, 33, 21, 39, 22, 17, 8, 2, 8, 39, 6, 20, 1, 19, 39, 14, 20, 2, 34, 37, 39, 30, 33, 39, 6, 17, 39, 19, 2, 21, 26, 20, 17, 30, 20, 17, 39, 10, 20, 2, 14, 2, 22, 30, 39]
    PRED: [35, 27, 24, 37, 17, 39, 1, 28, 21, 6, 21, 39, 22, 16, 8, 39, 21, 20, 1, 19, 39, 14, 20, 16, 34, 37, 39, 30, 33, 39, 6, 17, 33, 39, 19, 2, 26, 20, 17, 39, 20, 10, 2, 22, 39]
    Edit distance: 22/54
  Sample 4:
    TRUE: [9, 2, 39, 30, 33, 31, 39, 13, 10, 27, 17, 39, 13, 11, 14, 0, 30, 39, 30, 33, 39, 19, 2, 21, 39, 35, 10, 22, 39, 27, 0, 18, 11, 37, 39, 30, 33, 31, 39, 13, 10, 20, 39, 4, 30, 39]
    PRED: [9, 2, 39, 8, 33, 31, 39, 13, 16, 27, 17, 39, 13, 16, 3, 19, 0, 39, 30, 33, 39, 28, 2, 21, 39, 35, 10, 22, 39, 35, 27, 11, 11, 39, 9, 33, 31, 13, 39, 13, 5, 20, 4, 30, 39]
    Edit distance: 15/46

============================================================
Batch 36000 | Val PER: 0.3626
============================================================
  Sample 0:
    TRUE: [31, 17, 0, 19, 27, 2, 28, 17, 39, 27, 17, 19, 2, 22, 28, 16, 8, 11, 8, 39]
    PRED: [9, 12, 28, 39, 27, 39]
    Edit distance: 16/20
  Sample 1:
    TRUE: [27, 16, 7, 39, 26, 11, 7, 2, 28, 30, 39, 28, 10, 34, 27, 2, 20, 39, 28, 5, 22, 8, 39, 20, 16, 31, 2, 14, 27, 1, 13, 28, 39]
    PRED: [35, 10, 28, 30, 39, 26, 11, 1, 28, 2, 37, 39, 1, 34, 20, 39, 5, 22, 8, 39, 20, 16, 39, 9, 2, 39, 1, 13, 39]
    Edit distance: 18/33
  Sample 2:
    TRUE: [28, 24, 39, 27, 33, 20, 37, 39, 35, 17, 39, 21, 12, 8, 39, 16, 22, 39, 2, 22, 2, 6, 1, 29, 30, 39, 19, 2, 20, 33, 38, 2, 22, 39]
    PRED: [9, 33, 39, 27, 33, 20, 37, 39, 35, 17, 39, 21, 25, 8, 39, 16, 22, 39, 1, 22, 27, 1, 29, 39, 19, 33, 20, 33, 33, 38, 2, 22, 39]
    Edit distance: 9/34
  Sample 3:
    TRUE: [20, 3, 27, 17, 37, 39, 19, 0, 28, 30, 33, 21, 39, 22, 17, 8, 2, 8, 39, 6, 20, 1, 19, 39, 14, 20, 2, 34, 37, 39, 30, 33, 39, 6, 17, 39, 19, 2, 21, 26, 20, 17, 30, 20, 17, 39, 10, 20, 2, 14, 2, 22, 30, 39]
    PRED: [35, 27, 24, 17, 39, 1, 28, 21, 6, 21, 39, 22, 16, 8, 39, 21, 0, 19, 39, 14, 20, 16, 34, 8, 39, 30, 33, 39, 6, 17, 33, 39, 19, 2, 26, 20, 39, 20, 22, 39]
    Edit distance: 27/54
  Sample 4:
    TRUE: [9, 2, 39, 30, 33, 31, 39, 13, 10, 27, 17, 39, 13, 11, 14, 0, 30, 39, 30, 33, 39, 19, 2, 21, 39, 35, 10, 22, 39, 27, 0, 18, 11, 37, 39, 30, 33, 31, 39, 13, 10, 20, 39, 4, 30, 39]
    PRED: [9, 2, 39, 8, 27, 33, 31, 39, 16, 17, 39, 13, 16, 3, 0, 39, 30, 33, 39, 28, 2, 21, 39, 35, 10, 22, 39, 35, 27, 11, 11, 39, 9, 33, 31, 39, 5, 20, 39, 4, 30, 39]
    Edit distance: 16/46

============================================================
Batch 36500 | Val PER: 0.3649
============================================================
  Sample 0:
    TRUE: [31, 17, 0, 19, 27, 2, 28, 17, 39, 27, 17, 19, 2, 22, 28, 16, 8, 11, 8, 39]
    PRED: [9, 2, 28, 20, 28, 39, 8, 27, 17, 30, 39]
    Edit distance: 16/20
  Sample 1:
    TRUE: [27, 16, 7, 39, 26, 11, 7, 2, 28, 30, 39, 28, 10, 34, 27, 2, 20, 39, 28, 5, 22, 8, 39, 20, 16, 31, 2, 14, 27, 1, 13, 28, 39]
    PRED: [27, 10, 28, 30, 39, 26, 27, 1, 7, 2, 37, 39, 10, 34, 20, 39, 5, 2, 8, 39, 20, 16, 31, 2, 39, 10, 13, 39]
    Edit distance: 16/33
  Sample 2:
    TRUE: [28, 24, 39, 27, 33, 20, 37, 39, 35, 17, 39, 21, 12, 8, 39, 16, 22, 39, 2, 22, 2, 6, 1, 29, 30, 39, 19, 2, 20, 33, 38, 2, 22, 39]
    PRED: [9, 33, 39, 27, 33, 20, 37, 39, 21, 17, 39, 21, 25, 8, 39, 16, 22, 39, 1, 22, 27, 0, 29, 39, 19, 33, 20, 33, 33, 38, 2, 22, 39]
    Edit distance: 11/34
  Sample 3:
    TRUE: [20, 3, 27, 17, 37, 39, 19, 0, 28, 30, 33, 21, 39, 22, 17, 8, 2, 8, 39, 6, 20, 1, 19, 39, 14, 20, 2, 34, 37, 39, 30, 33, 39, 6, 17, 39, 19, 2, 21, 26, 20, 17, 30, 20, 17, 39, 10, 20, 2, 14, 2, 22, 30, 39]
    PRED: [35, 27, 10, 24, 37, 17, 39, 1, 28, 21, 6, 21, 39, 22, 16, 8, 39, 21, 0, 19, 39, 14, 20, 16, 34, 8, 39, 30, 33, 39, 6, 17, 33, 39, 19, 2, 26, 20, 17, 39, 20, 10, 2, 22, 39]
    Edit distance: 26/54
  Sample 4:
    TRUE: [9, 2, 39, 30, 33, 31, 39, 13, 10, 27, 17, 39, 13, 11, 14, 0, 30, 39, 30, 33, 39, 19, 2, 21, 39, 35, 10, 22, 39, 27, 0, 18, 11, 37, 39, 30, 33, 31, 39, 13, 10, 20, 39, 4, 30, 39]
    PRED: [9, 2, 39, 8, 33, 9, 31, 39, 13, 16, 17, 39, 13, 16, 3, 19, 0, 2, 39, 30, 33, 39, 28, 2, 21, 39, 35, 10, 22, 39, 27, 11, 11, 39, 9, 33, 31, 13, 39, 13, 5, 20, 4, 30, 39]
    Edit distance: 16/46

============================================================
Batch 37000 | Val PER: 0.3581
============================================================
  Sample 0:
    TRUE: [31, 17, 0, 19, 27, 2, 28, 17, 39, 27, 17, 19, 2, 22, 28, 16, 8, 11, 8, 39]
    PRED: [9, 12, 30, 28, 39, 27, 12, 39]
    Edit distance: 16/20
  Sample 1:
    TRUE: [27, 16, 7, 39, 26, 11, 7, 2, 28, 30, 39, 28, 10, 34, 27, 2, 20, 39, 28, 5, 22, 8, 39, 20, 16, 31, 2, 14, 27, 1, 13, 28, 39]
    PRED: [27, 10, 28, 30, 39, 26, 27, 1, 7, 2, 37, 39, 10, 34, 20, 39, 5, 8, 39, 20, 16, 39, 2, 39, 27, 1, 13, 39]
    Edit distance: 15/33
  Sample 2:
    TRUE: [28, 24, 39, 27, 33, 20, 37, 39, 35, 17, 39, 21, 12, 8, 39, 16, 22, 39, 2, 22, 2, 6, 1, 29, 30, 39, 19, 2, 20, 33, 38, 2, 22, 39]
    PRED: [9, 33, 39, 27, 33, 20, 37, 39, 35, 17, 39, 21, 25, 8, 39, 16, 22, 39, 1, 22, 27, 1, 29, 28, 39, 33, 20, 33, 38, 2, 22, 39]
    Edit distance: 9/34
  Sample 3:
    TRUE: [20, 3, 27, 17, 37, 39, 19, 0, 28, 30, 33, 21, 39, 22, 17, 8, 2, 8, 39, 6, 20, 1, 19, 39, 14, 20, 2, 34, 37, 39, 30, 33, 39, 6, 17, 39, 19, 2, 21, 26, 20, 17, 30, 20, 17, 39, 10, 20, 2, 14, 2, 22, 30, 39]
    PRED: [19, 27, 10, 37, 39, 1, 28, 21, 39, 22, 10, 8, 39, 21, 16, 19, 39, 14, 20, 16, 34, 37, 39, 30, 33, 39, 6, 17, 33, 39, 19, 2, 26, 20, 17, 39, 4, 20, 10, 2, 22, 39]
    Edit distance: 23/54
  Sample 4:
    TRUE: [9, 2, 39, 30, 33, 31, 39, 13, 10, 27, 17, 39, 13, 11, 14, 0, 30, 39, 30, 33, 39, 19, 2, 21, 39, 35, 10, 22, 39, 27, 0, 18, 11, 37, 39, 30, 33, 31, 39, 13, 10, 20, 39, 4, 30, 39]
    PRED: [9, 2, 39, 8, 33, 9, 31, 30, 39, 13, 16, 17, 39, 13, 16, 3, 19, 0, 39, 30, 33, 39, 28, 2, 21, 39, 35, 10, 22, 39, 27, 11, 11, 39, 9, 33, 13, 39, 13, 5, 20, 39, 4, 30, 39]
    Edit distance: 16/46

============================================================
Batch 37500 | Val PER: 0.3626
============================================================
  Sample 0:
    TRUE: [31, 17, 0, 19, 27, 2, 28, 17, 39, 27, 17, 19, 2, 22, 28, 16, 8, 11, 8, 39]
    PRED: [9, 30, 28, 39, 27, 17, 12, 39]
    Edit distance: 15/20
  Sample 1:
    TRUE: [27, 16, 7, 39, 26, 11, 7, 2, 28, 30, 39, 28, 10, 34, 27, 2, 20, 39, 28, 5, 22, 8, 39, 20, 16, 31, 2, 14, 27, 1, 13, 28, 39]
    PRED: [35, 10, 28, 30, 39, 26, 27, 1, 28, 2, 37, 39, 10, 34, 20, 39, 5, 22, 8, 39, 20, 16, 2, 39, 10, 13, 39]
    Edit distance: 18/33
  Sample 2:
    TRUE: [28, 24, 39, 27, 33, 20, 37, 39, 35, 17, 39, 21, 12, 8, 39, 16, 22, 39, 2, 22, 2, 6, 1, 29, 30, 39, 19, 2, 20, 33, 38, 2, 22, 39]
    PRED: [9, 33, 39, 27, 33, 20, 37, 39, 35, 17, 39, 21, 25, 8, 39, 16, 22, 39, 10, 22, 27, 10, 29, 18, 39, 19, 33, 20, 33, 33, 2, 22, 39]
    Edit distance: 10/34
  Sample 3:
    TRUE: [20, 3, 27, 17, 37, 39, 19, 0, 28, 30, 33, 21, 39, 22, 17, 8, 2, 8, 39, 6, 20, 1, 19, 39, 14, 20, 2, 34, 37, 39, 30, 33, 39, 6, 17, 39, 19, 2, 21, 26, 20, 17, 30, 20, 17, 39, 10, 20, 2, 14, 2, 22, 30, 39]
    PRED: [35, 27, 10, 17, 39, 1, 28, 21, 6, 21, 39, 22, 10, 8, 39, 21, 0, 19, 39, 20, 16, 34, 8, 39, 30, 33, 39, 6, 17, 39, 19, 26, 20, 17, 39, 20, 10, 2, 22, 39]
    Edit distance: 26/54
  Sample 4:
    TRUE: [9, 2, 39, 30, 33, 31, 39, 13, 10, 27, 17, 39, 13, 11, 14, 0, 30, 39, 30, 33, 39, 19, 2, 21, 39, 35, 10, 22, 39, 27, 0, 18, 11, 37, 39, 30, 33, 31, 39, 13, 10, 20, 39, 4, 30, 39]
    PRED: [9, 2, 39, 8, 33, 31, 39, 13, 16, 17, 39, 13, 16, 19, 19, 0, 39, 30, 33, 39, 28, 2, 21, 39, 35, 10, 22, 39, 35, 27, 11, 39, 9, 33, 31, 39, 13, 5, 20, 39, 4, 30, 39]
    Edit distance: 14/46

============================================================
Batch 38000 | Val PER: 0.3614
============================================================
  Sample 0:
    TRUE: [31, 17, 0, 19, 27, 2, 28, 17, 39, 27, 17, 19, 2, 22, 28, 16, 8, 11, 8, 39]
    PRED: [9, 12, 28, 39, 27, 12, 39]
    Edit distance: 16/20
  Sample 1:
    TRUE: [27, 16, 7, 39, 26, 11, 7, 2, 28, 30, 39, 28, 10, 34, 27, 2, 20, 39, 28, 5, 22, 8, 39, 20, 16, 31, 2, 14, 27, 1, 13, 28, 39]
    PRED: [35, 10, 28, 30, 39, 26, 27, 1, 28, 2, 8, 37, 39, 10, 34, 20, 39, 5, 8, 39, 20, 16, 39, 9, 39, 10, 13, 39]
    Edit distance: 20/33
  Sample 2:
    TRUE: [28, 24, 39, 27, 33, 20, 37, 39, 35, 17, 39, 21, 12, 8, 39, 16, 22, 39, 2, 22, 2, 6, 1, 29, 30, 39, 19, 2, 20, 33, 38, 2, 22, 39]
    PRED: [13, 9, 33, 39, 27, 33, 20, 37, 39, 35, 17, 39, 21, 25, 8, 39, 16, 22, 39, 1, 22, 30, 27, 1, 28, 39, 20, 33, 33, 38, 2, 22, 39]
    Edit distance: 12/34
  Sample 3:
    TRUE: [20, 3, 27, 17, 37, 39, 19, 0, 28, 30, 33, 21, 39, 22, 17, 8, 2, 8, 39, 6, 20, 1, 19, 39, 14, 20, 2, 34, 37, 39, 30, 33, 39, 6, 17, 39, 19, 2, 21, 26, 20, 17, 30, 20, 17, 39, 10, 20, 2, 14, 2, 22, 30, 39]
    PRED: [35, 27, 24, 37, 17, 39, 1, 28, 21, 6, 21, 39, 22, 16, 8, 39, 21, 0, 19, 39, 14, 20, 16, 34, 37, 39, 30, 33, 39, 6, 17, 39, 19, 2, 26, 20, 17, 39, 20, 10, 2, 22, 39]
    Edit distance: 23/54
  Sample 4:
    TRUE: [9, 2, 39, 30, 33, 31, 39, 13, 10, 27, 17, 39, 13, 11, 14, 0, 30, 39, 30, 33, 39, 19, 2, 21, 39, 35, 10, 22, 39, 27, 0, 18, 11, 37, 39, 30, 33, 31, 39, 13, 10, 20, 39, 4, 30, 39]
    PRED: [9, 2, 39, 8, 33, 31, 39, 13, 16, 17, 39, 13, 16, 3, 0, 39, 30, 33, 39, 28, 2, 21, 39, 35, 10, 22, 39, 27, 11, 11, 39, 9, 33, 13, 39, 12, 20, 39, 4, 30, 39]
    Edit distance: 14/46

============================================================
Batch 38500 | Val PER: 0.3610
============================================================
  Sample 0:
    TRUE: [31, 17, 0, 19, 27, 2, 28, 17, 39, 27, 17, 19, 2, 22, 28, 16, 8, 11, 8, 39]
    PRED: [9, 12, 28, 39, 27, 12, 39]
    Edit distance: 16/20
  Sample 1:
    TRUE: [27, 16, 7, 39, 26, 11, 7, 2, 28, 30, 39, 28, 10, 34, 27, 2, 20, 39, 28, 5, 22, 8, 39, 20, 16, 31, 2, 14, 27, 1, 13, 28, 39]
    PRED: [27, 10, 19, 30, 39, 26, 27, 1, 7, 2, 37, 39, 10, 34, 20, 39, 5, 22, 8, 39, 20, 16, 39, 2, 39, 14, 1, 13, 39]
    Edit distance: 15/33
  Sample 2:
    TRUE: [28, 24, 39, 27, 33, 20, 37, 39, 35, 17, 39, 21, 12, 8, 39, 16, 22, 39, 2, 22, 2, 6, 1, 29, 30, 39, 19, 2, 20, 33, 38, 2, 22, 39]
    PRED: [9, 33, 39, 27, 33, 20, 37, 39, 35, 17, 39, 21, 25, 8, 39, 16, 22, 39, 1, 22, 27, 1, 29, 28, 39, 33, 20, 33, 33, 38, 2, 22, 39]
    Edit distance: 10/34
  Sample 3:
    TRUE: [20, 3, 27, 17, 37, 39, 19, 0, 28, 30, 33, 21, 39, 22, 17, 8, 2, 8, 39, 6, 20, 1, 19, 39, 14, 20, 2, 34, 37, 39, 30, 33, 39, 6, 17, 39, 19, 2, 21, 26, 20, 17, 30, 20, 17, 39, 10, 20, 2, 14, 2, 22, 30, 39]
    PRED: [35, 27, 24, 37, 39, 1, 28, 21, 6, 21, 39, 22, 16, 8, 39, 21, 5, 19, 39, 14, 20, 16, 34, 37, 39, 30, 33, 39, 6, 17, 33, 39, 19, 2, 26, 20, 39, 1, 20, 10, 2, 22, 39]
    Edit distance: 24/54
  Sample 4:
    TRUE: [9, 2, 39, 30, 33, 31, 39, 13, 10, 27, 17, 39, 13, 11, 14, 0, 30, 39, 30, 33, 39, 19, 2, 21, 39, 35, 10, 22, 39, 27, 0, 18, 11, 37, 39, 30, 33, 31, 39, 13, 10, 20, 39, 4, 30, 39]
    PRED: [9, 2, 39, 27, 33, 31, 39, 13, 16, 17, 39, 13, 16, 19, 30, 39, 30, 33, 39, 28, 30, 2, 21, 39, 35, 10, 22, 39, 27, 11, 11, 39, 9, 33, 13, 31, 13, 39, 5, 20, 39, 4, 30, 39]
    Edit distance: 16/46

============================================================
Batch 39000 | Val PER: 0.3644
============================================================
  Sample 0:
    TRUE: [31, 17, 0, 19, 27, 2, 28, 17, 39, 27, 17, 19, 2, 22, 28, 16, 8, 11, 8, 39]
    PRED: [9, 2, 19, 28, 39, 8, 27, 30, 39]
    Edit distance: 15/20
  Sample 1:
    TRUE: [27, 16, 7, 39, 26, 11, 7, 2, 28, 30, 39, 28, 10, 34, 27, 2, 20, 39, 28, 5, 22, 8, 39, 20, 16, 31, 2, 14, 27, 1, 13, 28, 39]
    PRED: [27, 10, 28, 30, 39, 26, 27, 1, 7, 2, 37, 39, 10, 34, 20, 39, 5, 22, 8, 39, 20, 16, 2, 39, 14, 10, 13, 39]
    Edit distance: 16/33
  Sample 2:
    TRUE: [28, 24, 39, 27, 33, 20, 37, 39, 35, 17, 39, 21, 12, 8, 39, 16, 22, 39, 2, 22, 2, 6, 1, 29, 30, 39, 19, 2, 20, 33, 38, 2, 22, 39]
    PRED: [9, 24, 39, 27, 33, 20, 37, 39, 21, 17, 39, 21, 25, 8, 39, 16, 22, 39, 1, 22, 27, 1, 28, 39, 33, 20, 33, 33, 38, 2, 22, 39]
    Edit distance: 11/34
  Sample 3:
    TRUE: [20, 3, 27, 17, 37, 39, 19, 0, 28, 30, 33, 21, 39, 22, 17, 8, 2, 8, 39, 6, 20, 1, 19, 39, 14, 20, 2, 34, 37, 39, 30, 33, 39, 6, 17, 39, 19, 2, 21, 26, 20, 17, 30, 20, 17, 39, 10, 20, 2, 14, 2, 22, 30, 39]
    PRED: [19, 27, 24, 37, 39, 1, 28, 21, 6, 21, 39, 22, 16, 8, 39, 21, 1, 19, 39, 20, 16, 34, 37, 39, 30, 33, 39, 6, 17, 33, 39, 19, 2, 26, 20, 39, 10, 20, 10, 2, 22, 39]
    Edit distance: 23/54
  Sample 4:
    TRUE: [9, 2, 39, 30, 33, 31, 39, 13, 10, 27, 17, 39, 13, 11, 14, 0, 30, 39, 30, 33, 39, 19, 2, 21, 39, 35, 10, 22, 39, 27, 0, 18, 11, 37, 39, 30, 33, 31, 39, 13, 10, 20, 39, 4, 30, 39]
    PRED: [9, 2, 39, 8, 33, 31, 39, 13, 16, 17, 39, 13, 16, 3, 19, 0, 39, 30, 33, 39, 28, 2, 21, 39, 35, 10, 22, 39, 35, 27, 11, 11, 39, 9, 33, 13, 31, 39, 5, 20, 39, 4, 30, 39]
    Edit distance: 16/46

============================================================
Batch 39500 | Val PER: 0.3622
============================================================
  Sample 0:
    TRUE: [31, 17, 0, 19, 27, 2, 28, 17, 39, 27, 17, 19, 2, 22, 28, 16, 8, 11, 8, 39]
    PRED: [9, 12, 19, 28, 39, 27, 30, 39]
    Edit distance: 15/20
  Sample 1:
    TRUE: [27, 16, 7, 39, 26, 11, 7, 2, 28, 30, 39, 28, 10, 34, 27, 2, 20, 39, 28, 5, 22, 8, 39, 20, 16, 31, 2, 14, 27, 1, 13, 28, 39]
    PRED: [27, 10, 28, 30, 39, 26, 27, 1, 29, 2, 37, 39, 10, 34, 20, 39, 28, 5, 22, 8, 39, 20, 16, 39, 9, 39, 14, 10, 13, 39]
    Edit distance: 17/33
  Sample 2:
    TRUE: [28, 24, 39, 27, 33, 20, 37, 39, 35, 17, 39, 21, 12, 8, 39, 16, 22, 39, 2, 22, 2, 6, 1, 29, 30, 39, 19, 2, 20, 33, 38, 2, 22, 39]
    PRED: [30, 9, 33, 39, 27, 33, 20, 37, 39, 27, 17, 39, 21, 25, 8, 39, 16, 22, 39, 1, 22, 27, 29, 28, 39, 20, 33, 33, 2, 22, 39]
    Edit distance: 13/34
  Sample 3:
    TRUE: [20, 3, 27, 17, 37, 39, 19, 0, 28, 30, 33, 21, 39, 22, 17, 8, 2, 8, 39, 6, 20, 1, 19, 39, 14, 20, 2, 34, 37, 39, 30, 33, 39, 6, 17, 39, 19, 2, 21, 26, 20, 17, 30, 20, 17, 39, 10, 20, 2, 14, 2, 22, 30, 39]
    PRED: [35, 27, 24, 37, 17, 39, 30, 1, 28, 21, 6, 39, 22, 16, 8, 2, 8, 39, 6, 21, 0, 19, 39, 14, 20, 16, 34, 37, 39, 30, 33, 39, 6, 17, 39, 19, 2, 26, 20, 39, 20, 10, 2, 22, 39]
    Edit distance: 22/54
  Sample 4:
    TRUE: [9, 2, 39, 30, 33, 31, 39, 13, 10, 27, 17, 39, 13, 11, 14, 0, 30, 39, 30, 33, 39, 19, 2, 21, 39, 35, 10, 22, 39, 27, 0, 18, 11, 37, 39, 30, 33, 31, 39, 13, 10, 20, 39, 4, 30, 39]
    PRED: [9, 2, 39, 8, 33, 31, 39, 13, 16, 17, 39, 13, 16, 3, 19, 0, 30, 39, 30, 33, 39, 28, 30, 2, 21, 39, 35, 10, 22, 39, 35, 27, 11, 11, 39, 9, 33, 13, 39, 20, 39, 4, 30, 39]
    Edit distance: 16/46

============================================================
Batch 40000 | Val PER: 0.3646
============================================================
  Sample 0:
    TRUE: [31, 17, 0, 19, 27, 2, 28, 17, 39, 27, 17, 19, 2, 22, 28, 16, 8, 11, 8, 39]
    PRED: [9, 12, 19, 30, 28, 39, 8, 27, 2, 30, 39]
    Edit distance: 15/20
  Sample 1:
    TRUE: [27, 16, 7, 39, 26, 11, 7, 2, 28, 30, 39, 28, 10, 34, 27, 2, 20, 39, 28, 5, 22, 8, 39, 20, 16, 31, 2, 14, 27, 1, 13, 28, 39]
    PRED: [27, 10, 28, 30, 39, 26, 27, 1, 28, 2, 37, 39, 10, 34, 20, 39, 28, 5, 22, 8, 39, 20, 16, 9, 39, 10, 13, 39]
    Edit distance: 17/33
  Sample 2:
    TRUE: [28, 24, 39, 27, 33, 20, 37, 39, 35, 17, 39, 21, 12, 8, 39, 16, 22, 39, 2, 22, 2, 6, 1, 29, 30, 39, 19, 2, 20, 33, 38, 2, 22, 39]
    PRED: [9, 33, 39, 27, 33, 20, 37, 39, 35, 17, 39, 21, 12, 8, 39, 16, 22, 39, 1, 22, 27, 1, 29, 28, 39, 33, 20, 33, 38, 2, 22, 39]
    Edit distance: 8/34
  Sample 3:
    TRUE: [20, 3, 27, 17, 37, 39, 19, 0, 28, 30, 33, 21, 39, 22, 17, 8, 2, 8, 39, 6, 20, 1, 19, 39, 14, 20, 2, 34, 37, 39, 30, 33, 39, 6, 17, 39, 19, 2, 21, 26, 20, 17, 30, 20, 17, 39, 10, 20, 2, 14, 2, 22, 30, 39]
    PRED: [35, 27, 24, 37, 39, 1, 28, 21, 34, 21, 39, 22, 16, 8, 39, 21, 0, 19, 39, 14, 20, 16, 34, 8, 39, 30, 33, 39, 6, 17, 39, 19, 2, 26, 20, 39, 20, 10, 2, 22, 39]
    Edit distance: 24/54
  Sample 4:
    TRUE: [9, 2, 39, 30, 33, 31, 39, 13, 10, 27, 17, 39, 13, 11, 14, 0, 30, 39, 30, 33, 39, 19, 2, 21, 39, 35, 10, 22, 39, 27, 0, 18, 11, 37, 39, 30, 33, 31, 39, 13, 10, 20, 39, 4, 30, 39]
    PRED: [9, 2, 39, 8, 33, 31, 39, 16, 17, 39, 13, 16, 3, 19, 30, 39, 30, 33, 39, 28, 2, 21, 39, 35, 10, 22, 39, 35, 27, 11, 11, 39, 9, 33, 13, 39, 5, 12, 20, 4, 30, 39]
    Edit distance: 17/46

============================================================
Batch 40500 | Val PER: 0.3626
============================================================
  Sample 0:
    TRUE: [31, 17, 0, 19, 27, 2, 28, 17, 39, 27, 17, 19, 2, 22, 28, 16, 8, 11, 8, 39]
    PRED: [9, 12, 28, 39, 8, 27, 8, 39]
    Edit distance: 15/20
  Sample 1:
    TRUE: [27, 16, 7, 39, 26, 11, 7, 2, 28, 30, 39, 28, 10, 34, 27, 2, 20, 39, 28, 5, 22, 8, 39, 20, 16, 31, 2, 14, 27, 1, 13, 28, 39]
    PRED: [27, 10, 28, 30, 39, 26, 27, 1, 28, 2, 37, 39, 10, 34, 20, 39, 28, 5, 22, 8, 39, 20, 16, 39, 9, 2, 39, 1, 13, 39]
    Edit distance: 16/33
  Sample 2:
    TRUE: [28, 24, 39, 27, 33, 20, 37, 39, 35, 17, 39, 21, 12, 8, 39, 16, 22, 39, 2, 22, 2, 6, 1, 29, 30, 39, 19, 2, 20, 33, 38, 2, 22, 39]
    PRED: [30, 9, 24, 39, 27, 33, 20, 37, 39, 27, 17, 39, 21, 25, 8, 39, 16, 22, 39, 1, 22, 27, 1, 29, 18, 39, 19, 33, 20, 33, 33, 2, 22, 39]
    Edit distance: 10/34
  Sample 3:
    TRUE: [20, 3, 27, 17, 37, 39, 19, 0, 28, 30, 33, 21, 39, 22, 17, 8, 2, 8, 39, 6, 20, 1, 19, 39, 14, 20, 2, 34, 37, 39, 30, 33, 39, 6, 17, 39, 19, 2, 21, 26, 20, 17, 30, 20, 17, 39, 10, 20, 2, 14, 2, 22, 30, 39]
    PRED: [35, 27, 24, 37, 39, 1, 28, 21, 6, 21, 39, 22, 16, 8, 39, 21, 1, 19, 39, 14, 20, 16, 34, 37, 39, 30, 33, 39, 6, 17, 39, 19, 2, 26, 20, 39, 20, 10, 22, 8, 39]
    Edit distance: 23/54
  Sample 4:
    TRUE: [9, 2, 39, 30, 33, 31, 39, 13, 10, 27, 17, 39, 13, 11, 14, 0, 30, 39, 30, 33, 39, 19, 2, 21, 39, 35, 10, 22, 39, 27, 0, 18, 11, 37, 39, 30, 33, 31, 39, 13, 10, 20, 39, 4, 30, 39]
    PRED: [9, 2, 39, 8, 33, 31, 39, 13, 16, 27, 17, 39, 13, 16, 3, 19, 39, 30, 33, 39, 28, 2, 21, 39, 35, 10, 22, 39, 35, 27, 11, 11, 37, 39, 9, 33, 13, 39, 20, 39, 4, 30, 39]
    Edit distance: 14/46

============================================================
Batch 41000 | Val PER: 0.3597
============================================================
  Sample 0:
    TRUE: [31, 17, 0, 19, 27, 2, 28, 17, 39, 27, 17, 19, 2, 22, 28, 16, 8, 11, 8, 39]
    PRED: [9, 12, 19, 28, 39, 8, 27, 30, 8, 39]
    Edit distance: 15/20
  Sample 1:
    TRUE: [27, 16, 7, 39, 26, 11, 7, 2, 28, 30, 39, 28, 10, 34, 27, 2, 20, 39, 28, 5, 22, 8, 39, 20, 16, 31, 2, 14, 27, 1, 13, 28, 39]
    PRED: [27, 10, 28, 19, 30, 39, 26, 27, 11, 1, 28, 2, 37, 39, 10, 34, 20, 39, 28, 5, 22, 8, 39, 20, 16, 39, 1, 13, 39]
    Edit distance: 17/33
  Sample 2:
    TRUE: [28, 24, 39, 27, 33, 20, 37, 39, 35, 17, 39, 21, 12, 8, 39, 16, 22, 39, 2, 22, 2, 6, 1, 29, 30, 39, 19, 2, 20, 33, 38, 2, 22, 39]
    PRED: [9, 33, 39, 27, 33, 20, 37, 39, 27, 17, 39, 21, 25, 8, 39, 16, 22, 39, 0, 22, 27, 1, 28, 39, 33, 20, 33, 33, 38, 2, 22, 39]
    Edit distance: 12/34
  Sample 3:
    TRUE: [20, 3, 27, 17, 37, 39, 19, 0, 28, 30, 33, 21, 39, 22, 17, 8, 2, 8, 39, 6, 20, 1, 19, 39, 14, 20, 2, 34, 37, 39, 30, 33, 39, 6, 17, 39, 19, 2, 21, 26, 20, 17, 30, 20, 17, 39, 10, 20, 2, 14, 2, 22, 30, 39]
    PRED: [35, 27, 24, 39, 1, 28, 21, 6, 21, 39, 22, 16, 8, 39, 21, 1, 19, 39, 14, 20, 16, 34, 37, 39, 30, 33, 39, 6, 17, 39, 19, 2, 26, 20, 39, 20, 10, 22, 39]
    Edit distance: 24/54
  Sample 4:
    TRUE: [9, 2, 39, 30, 33, 31, 39, 13, 10, 27, 17, 39, 13, 11, 14, 0, 30, 39, 30, 33, 39, 19, 2, 21, 39, 35, 10, 22, 39, 27, 0, 18, 11, 37, 39, 30, 33, 31, 39, 13, 10, 20, 39, 4, 30, 39]
    PRED: [9, 2, 39, 27, 33, 31, 39, 13, 16, 39, 13, 16, 3, 19, 30, 39, 30, 33, 39, 28, 2, 21, 39, 35, 10, 22, 39, 35, 27, 11, 11, 39, 9, 33, 13, 31, 39, 20, 4, 30, 39]
    Edit distance: 17/46

============================================================
Batch 41500 | Val PER: 0.3629
============================================================
  Sample 0:
    TRUE: [31, 17, 0, 19, 27, 2, 28, 17, 39, 27, 17, 19, 2, 22, 28, 16, 8, 11, 8, 39]
    PRED: [9, 12, 28, 39, 8, 27, 28, 30, 8, 39]
    Edit distance: 15/20
  Sample 1:
    TRUE: [27, 16, 7, 39, 26, 11, 7, 2, 28, 30, 39, 28, 10, 34, 27, 2, 20, 39, 28, 5, 22, 8, 39, 20, 16, 31, 2, 14, 27, 1, 13, 28, 39]
    PRED: [27, 16, 28, 30, 39, 26, 27, 1, 28, 2, 37, 39, 10, 34, 20, 39, 28, 5, 8, 39, 20, 16, 39, 9, 39, 10, 13, 39]
    Edit distance: 17/33
  Sample 2:
    TRUE: [28, 24, 39, 27, 33, 20, 37, 39, 35, 17, 39, 21, 12, 8, 39, 16, 22, 39, 2, 22, 2, 6, 1, 29, 30, 39, 19, 2, 20, 33, 38, 2, 22, 39]
    PRED: [30, 9, 33, 39, 27, 33, 20, 37, 39, 35, 17, 39, 21, 25, 8, 39, 16, 22, 39, 1, 22, 27, 1, 29, 28, 39, 33, 20, 33, 38, 2, 22, 39]
    Edit distance: 10/34
  Sample 3:
    TRUE: [20, 3, 27, 17, 37, 39, 19, 0, 28, 30, 33, 21, 39, 22, 17, 8, 2, 8, 39, 6, 20, 1, 19, 39, 14, 20, 2, 34, 37, 39, 30, 33, 39, 6, 17, 39, 19, 2, 21, 26, 20, 17, 30, 20, 17, 39, 10, 20, 2, 14, 2, 22, 30, 39]
    PRED: [35, 27, 24, 37, 17, 39, 1, 28, 5, 21, 6, 39, 22, 16, 8, 39, 21, 1, 19, 39, 20, 16, 34, 37, 39, 30, 33, 39, 6, 17, 33, 39, 19, 2, 26, 20, 17, 30, 39, 1, 20, 10, 2, 22, 39]
    Edit distance: 24/54
  Sample 4:
    TRUE: [9, 2, 39, 30, 33, 31, 39, 13, 10, 27, 17, 39, 13, 11, 14, 0, 30, 39, 30, 33, 39, 19, 2, 21, 39, 35, 10, 22, 39, 27, 0, 18, 11, 37, 39, 30, 33, 31, 39, 13, 10, 20, 39, 4, 30, 39]
    PRED: [9, 2, 39, 30, 33, 31, 39, 13, 16, 27, 17, 39, 13, 16, 3, 30, 39, 30, 33, 39, 28, 2, 21, 39, 35, 10, 22, 39, 35, 27, 11, 39, 31, 33, 31, 13, 39, 13, 20, 39, 4, 30, 39]
    Edit distance: 12/46

============================================================
Batch 42000 | Val PER: 0.3579
============================================================
  Sample 0:
    TRUE: [31, 17, 0, 19, 27, 2, 28, 17, 39, 27, 17, 19, 2, 22, 28, 16, 8, 11, 8, 39]
    PRED: [9, 17, 19, 28, 39, 8, 27, 17, 12, 39]
    Edit distance: 14/20
  Sample 1:
    TRUE: [27, 16, 7, 39, 26, 11, 7, 2, 28, 30, 39, 28, 10, 34, 27, 2, 20, 39, 28, 5, 22, 8, 39, 20, 16, 31, 2, 14, 27, 1, 13, 28, 39]
    PRED: [27, 10, 28, 19, 30, 39, 26, 27, 1, 28, 2, 37, 39, 10, 34, 20, 39, 28, 5, 22, 8, 39, 20, 16, 17, 2, 39, 10, 13, 39]
    Edit distance: 17/33
  Sample 2:
    TRUE: [28, 24, 39, 27, 33, 20, 37, 39, 35, 17, 39, 21, 12, 8, 39, 16, 22, 39, 2, 22, 2, 6, 1, 29, 30, 39, 19, 2, 20, 33, 38, 2, 22, 39]
    PRED: [30, 9, 33, 39, 27, 33, 20, 37, 39, 35, 17, 39, 21, 25, 8, 39, 16, 22, 39, 1, 22, 27, 1, 28, 39, 33, 20, 33, 33, 38, 2, 22, 39]
    Edit distance: 12/34
  Sample 3:
    TRUE: [20, 3, 27, 17, 37, 39, 19, 0, 28, 30, 33, 21, 39, 22, 17, 8, 2, 8, 39, 6, 20, 1, 19, 39, 14, 20, 2, 34, 37, 39, 30, 33, 39, 6, 17, 39, 19, 2, 21, 26, 20, 17, 30, 20, 17, 39, 10, 20, 2, 14, 2, 22, 30, 39]
    PRED: [30, 27, 24, 37, 17, 39, 1, 28, 5, 21, 6, 21, 39, 22, 10, 8, 39, 21, 1, 19, 39, 20, 16, 34, 37, 39, 30, 33, 39, 6, 17, 39, 19, 2, 26, 20, 39, 20, 10, 2, 22, 39]
    Edit distance: 25/54
  Sample 4:
    TRUE: [9, 2, 39, 30, 33, 31, 39, 13, 10, 27, 17, 39, 13, 11, 14, 0, 30, 39, 30, 33, 39, 19, 2, 21, 39, 35, 10, 22, 39, 27, 0, 18, 11, 37, 39, 30, 33, 31, 39, 13, 10, 20, 39, 4, 30, 39]
    PRED: [9, 2, 39, 30, 27, 33, 31, 39, 34, 16, 17, 39, 13, 16, 17, 0, 30, 39, 30, 33, 39, 28, 2, 21, 39, 35, 10, 22, 39, 35, 27, 11, 39, 31, 9, 33, 31, 13, 39, 20, 39, 4, 30, 39]
    Edit distance: 15/46

============================================================
Batch 42500 | Val PER: 0.3546
============================================================
  Sample 0:
    TRUE: [31, 17, 0, 19, 27, 2, 28, 17, 39, 27, 17, 19, 2, 22, 28, 16, 8, 11, 8, 39]
    PRED: [9, 2, 12, 28, 39, 8, 27, 2, 28, 30, 8, 39]
    Edit distance: 14/20
  Sample 1:
    TRUE: [27, 16, 7, 39, 26, 11, 7, 2, 28, 30, 39, 28, 10, 34, 27, 2, 20, 39, 28, 5, 22, 8, 39, 20, 16, 31, 2, 14, 27, 1, 13, 28, 39]
    PRED: [27, 10, 28, 30, 39, 26, 27, 11, 28, 2, 37, 39, 1, 34, 20, 39, 28, 5, 8, 39, 20, 16, 39, 1, 13, 39]
    Edit distance: 17/33
  Sample 2:
    TRUE: [28, 24, 39, 27, 33, 20, 37, 39, 35, 17, 39, 21, 12, 8, 39, 16, 22, 39, 2, 22, 2, 6, 1, 29, 30, 39, 19, 2, 20, 33, 38, 2, 22, 39]
    PRED: [9, 33, 39, 27, 33, 20, 37, 39, 35, 17, 39, 21, 25, 8, 39, 16, 22, 39, 1, 22, 27, 1, 28, 39, 33, 20, 33, 33, 2, 22, 39]
    Edit distance: 11/34
  Sample 3:
    TRUE: [20, 3, 27, 17, 37, 39, 19, 0, 28, 30, 33, 21, 39, 22, 17, 8, 2, 8, 39, 6, 20, 1, 19, 39, 14, 20, 2, 34, 37, 39, 30, 33, 39, 6, 17, 39, 19, 2, 21, 26, 20, 17, 30, 20, 17, 39, 10, 20, 2, 14, 2, 22, 30, 39]
    PRED: [30, 27, 24, 37, 39, 1, 28, 21, 6, 21, 39, 22, 16, 8, 39, 21, 0, 19, 39, 14, 20, 2, 34, 8, 39, 30, 33, 39, 6, 17, 39, 19, 2, 21, 26, 20, 39, 4, 20, 10, 2, 22, 39]
    Edit distance: 22/54
  Sample 4:
    TRUE: [9, 2, 39, 30, 33, 31, 39, 13, 10, 27, 17, 39, 13, 11, 14, 0, 30, 39, 30, 33, 39, 19, 2, 21, 39, 35, 10, 22, 39, 27, 0, 18, 11, 37, 39, 30, 33, 31, 39, 13, 10, 20, 39, 4, 30, 39]
    PRED: [9, 2, 39, 30, 33, 31, 30, 39, 8, 16, 27, 17, 39, 13, 16, 3, 19, 0, 30, 39, 30, 33, 39, 28, 2, 21, 39, 35, 10, 22, 39, 35, 27, 11, 11, 39, 9, 33, 13, 31, 39, 20, 4, 30, 39]
    Edit distance: 16/46

============================================================
Batch 43000 | Val PER: 0.3561
============================================================
  Sample 0:
    TRUE: [31, 17, 0, 19, 27, 2, 28, 17, 39, 27, 17, 19, 2, 22, 28, 16, 8, 11, 8, 39]
    PRED: [9, 2, 19, 28, 39, 8, 27, 28, 30, 8, 39]
    Edit distance: 14/20
  Sample 1:
    TRUE: [27, 16, 7, 39, 26, 11, 7, 2, 28, 30, 39, 28, 10, 34, 27, 2, 20, 39, 28, 5, 22, 8, 39, 20, 16, 31, 2, 14, 27, 1, 13, 28, 39]
    PRED: [27, 10, 28, 19, 30, 39, 26, 27, 1, 28, 2, 37, 39, 10, 34, 20, 39, 5, 8, 39, 20, 16, 9, 39, 10, 13, 31, 39]
    Edit distance: 20/33
  Sample 2:
    TRUE: [28, 24, 39, 27, 33, 20, 37, 39, 35, 17, 39, 21, 12, 8, 39, 16, 22, 39, 2, 22, 2, 6, 1, 29, 30, 39, 19, 2, 20, 33, 38, 2, 22, 39]
    PRED: [9, 33, 39, 27, 33, 20, 37, 39, 35, 17, 39, 21, 25, 8, 39, 16, 22, 39, 1, 22, 27, 0, 29, 18, 39, 19, 33, 20, 33, 33, 38, 2, 22, 39]
    Edit distance: 10/34
  Sample 3:
    TRUE: [20, 3, 27, 17, 37, 39, 19, 0, 28, 30, 33, 21, 39, 22, 17, 8, 2, 8, 39, 6, 20, 1, 19, 39, 14, 20, 2, 34, 37, 39, 30, 33, 39, 6, 17, 39, 19, 2, 21, 26, 20, 17, 30, 20, 17, 39, 10, 20, 2, 14, 2, 22, 30, 39]
    PRED: [8, 27, 24, 37, 17, 39, 5, 28, 2, 6, 39, 22, 16, 8, 39, 21, 0, 19, 39, 14, 20, 2, 34, 37, 39, 30, 33, 39, 6, 17, 39, 19, 2, 26, 20, 39, 20, 10, 2, 22, 39]
    Edit distance: 24/54
  Sample 4:
    TRUE: [9, 2, 39, 30, 33, 31, 39, 13, 10, 27, 17, 39, 13, 11, 14, 0, 30, 39, 30, 33, 39, 19, 2, 21, 39, 35, 10, 22, 39, 27, 0, 18, 11, 37, 39, 30, 33, 31, 39, 13, 10, 20, 39, 4, 30, 39]
    PRED: [9, 2, 39, 8, 33, 31, 30, 39, 13, 16, 17, 39, 13, 16, 3, 19, 0, 30, 2, 39, 30, 33, 39, 28, 30, 2, 21, 39, 35, 10, 22, 39, 35, 27, 11, 0, 11, 39, 31, 9, 33, 13, 39, 13, 20, 4, 30, 39]
    Edit distance: 19/46

============================================================
Batch 43500 | Val PER: 0.3544
============================================================
  Sample 0:
    TRUE: [31, 17, 0, 19, 27, 2, 28, 17, 39, 27, 17, 19, 2, 22, 28, 16, 8, 11, 8, 39]
    PRED: [9, 2, 12, 19, 28, 39, 8, 27, 28, 8, 39]
    Edit distance: 14/20
  Sample 1:
    TRUE: [27, 16, 7, 39, 26, 11, 7, 2, 28, 30, 39, 28, 10, 34, 27, 2, 20, 39, 28, 5, 22, 8, 39, 20, 16, 31, 2, 14, 27, 1, 13, 28, 39]
    PRED: [27, 10, 28, 19, 30, 39, 26, 27, 11, 1, 28, 2, 37, 39, 10, 34, 20, 39, 5, 8, 39, 20, 16, 9, 39, 1, 13, 39]
    Edit distance: 19/33
  Sample 2:
    TRUE: [28, 24, 39, 27, 33, 20, 37, 39, 35, 17, 39, 21, 12, 8, 39, 16, 22, 39, 2, 22, 2, 6, 1, 29, 30, 39, 19, 2, 20, 33, 38, 2, 22, 39]
    PRED: [9, 33, 39, 27, 33, 20, 37, 39, 35, 17, 39, 21, 25, 8, 39, 16, 22, 39, 1, 22, 27, 0, 29, 39, 33, 20, 33, 33, 38, 2, 22, 39]
    Edit distance: 11/34
  Sample 3:
    TRUE: [20, 3, 27, 17, 37, 39, 19, 0, 28, 30, 33, 21, 39, 22, 17, 8, 2, 8, 39, 6, 20, 1, 19, 39, 14, 20, 2, 34, 37, 39, 30, 33, 39, 6, 17, 39, 19, 2, 21, 26, 20, 17, 30, 20, 17, 39, 10, 20, 2, 14, 2, 22, 30, 39]
    PRED: [35, 27, 24, 37, 39, 1, 28, 2, 21, 6, 21, 39, 22, 16, 8, 39, 21, 0, 19, 39, 20, 2, 34, 37, 39, 30, 33, 39, 6, 17, 39, 19, 2, 26, 20, 39, 20, 10, 2, 22, 39]
    Edit distance: 24/54
  Sample 4:
    TRUE: [9, 2, 39, 30, 33, 31, 39, 13, 10, 27, 17, 39, 13, 11, 14, 0, 30, 39, 30, 33, 39, 19, 2, 21, 39, 35, 10, 22, 39, 27, 0, 18, 11, 37, 39, 30, 33, 31, 39, 13, 10, 20, 39, 4, 30, 39]
    PRED: [9, 2, 39, 8, 33, 31, 39, 13, 16, 27, 39, 13, 16, 3, 19, 39, 30, 33, 39, 28, 2, 21, 39, 35, 10, 22, 39, 35, 27, 11, 11, 39, 31, 33, 31, 13, 39, 13, 20, 4, 30, 39]
    Edit distance: 16/46

============================================================
Batch 44000 | Val PER: 0.3598
============================================================
  Sample 0:
    TRUE: [31, 17, 0, 19, 27, 2, 28, 17, 39, 27, 17, 19, 2, 22, 28, 16, 8, 11, 8, 39]
    PRED: [9, 12, 19, 28, 39, 8, 27, 30, 30, 8, 39]
    Edit distance: 15/20
  Sample 1:
    TRUE: [27, 16, 7, 39, 26, 11, 7, 2, 28, 30, 39, 28, 10, 34, 27, 2, 20, 39, 28, 5, 22, 8, 39, 20, 16, 31, 2, 14, 27, 1, 13, 28, 39]
    PRED: [27, 10, 28, 30, 39, 26, 27, 1, 28, 2, 37, 39, 10, 34, 20, 39, 5, 8, 39, 20, 16, 9, 39, 10, 13, 39]
    Edit distance: 19/33
  Sample 2:
    TRUE: [28, 24, 39, 27, 33, 20, 37, 39, 35, 17, 39, 21, 12, 8, 39, 16, 22, 39, 2, 22, 2, 6, 1, 29, 30, 39, 19, 2, 20, 33, 38, 2, 22, 39]
    PRED: [9, 33, 39, 27, 33, 20, 37, 39, 35, 17, 39, 21, 25, 8, 39, 16, 22, 39, 1, 22, 27, 0, 28, 18, 39, 33, 20, 33, 38, 2, 22, 39]
    Edit distance: 11/34
  Sample 3:
    TRUE: [20, 3, 27, 17, 37, 39, 19, 0, 28, 30, 33, 21, 39, 22, 17, 8, 2, 8, 39, 6, 20, 1, 19, 39, 14, 20, 2, 34, 37, 39, 30, 33, 39, 6, 17, 39, 19, 2, 21, 26, 20, 17, 30, 20, 17, 39, 10, 20, 2, 14, 2, 22, 30, 39]
    PRED: [35, 27, 10, 37, 39, 1, 28, 21, 6, 21, 39, 22, 10, 8, 39, 21, 1, 19, 39, 14, 20, 2, 34, 37, 39, 30, 33, 39, 6, 17, 39, 19, 2, 26, 20, 30, 39, 20, 10, 2, 22, 39]
    Edit distance: 20/54
  Sample 4:
    TRUE: [9, 2, 39, 30, 33, 31, 39, 13, 10, 27, 17, 39, 13, 11, 14, 0, 30, 39, 30, 33, 39, 19, 2, 21, 39, 35, 10, 22, 39, 27, 0, 18, 11, 37, 39, 30, 33, 31, 39, 13, 10, 20, 39, 4, 30, 39]
    PRED: [9, 2, 39, 8, 33, 31, 39, 13, 8, 16, 27, 17, 39, 13, 16, 3, 19, 0, 30, 39, 30, 33, 39, 28, 30, 2, 21, 39, 35, 10, 22, 39, 35, 11, 11, 39, 9, 33, 31, 13, 39, 13, 20, 39, 4, 30, 39]
    Edit distance: 15/46

============================================================
Batch 44500 | Val PER: 0.3560
============================================================
  Sample 0:
    TRUE: [31, 17, 0, 19, 27, 2, 28, 17, 39, 27, 17, 19, 2, 22, 28, 16, 8, 11, 8, 39]
    PRED: [9, 2, 12, 19, 28, 39, 8, 27, 39]
    Edit distance: 15/20
  Sample 1:
    TRUE: [27, 16, 7, 39, 26, 11, 7, 2, 28, 30, 39, 28, 10, 34, 27, 2, 20, 39, 28, 5, 22, 8, 39, 20, 16, 31, 2, 14, 27, 1, 13, 28, 39]
    PRED: [27, 10, 28, 30, 39, 26, 27, 1, 28, 2, 8, 37, 39, 10, 34, 20, 39, 5, 8, 39, 20, 16, 39, 10, 13, 39]
    Edit distance: 19/33
  Sample 2:
    TRUE: [28, 24, 39, 27, 33, 20, 37, 39, 35, 17, 39, 21, 12, 8, 39, 16, 22, 39, 2, 22, 2, 6, 1, 29, 30, 39, 19, 2, 20, 33, 38, 2, 22, 39]
    PRED: [30, 9, 33, 39, 27, 33, 20, 37, 39, 21, 17, 39, 21, 25, 8, 39, 16, 22, 39, 10, 22, 27, 29, 28, 39, 33, 20, 33, 38, 2, 22, 39]
    Edit distance: 12/34
  Sample 3:
    TRUE: [20, 3, 27, 17, 37, 39, 19, 0, 28, 30, 33, 21, 39, 22, 17, 8, 2, 8, 39, 6, 20, 1, 19, 39, 14, 20, 2, 34, 37, 39, 30, 33, 39, 6, 17, 39, 19, 2, 21, 26, 20, 17, 30, 20, 17, 39, 10, 20, 2, 14, 2, 22, 30, 39]
    PRED: [35, 27, 24, 37, 17, 39, 5, 28, 21, 6, 21, 39, 22, 10, 8, 39, 21, 0, 19, 39, 20, 16, 34, 8, 39, 30, 33, 39, 6, 17, 39, 19, 2, 21, 26, 20, 39, 20, 10, 22, 39]
    Edit distance: 26/54
  Sample 4:
    TRUE: [9, 2, 39, 30, 33, 31, 39, 13, 10, 27, 17, 39, 13, 11, 14, 0, 30, 39, 30, 33, 39, 19, 2, 21, 39, 35, 10, 22, 39, 27, 0, 18, 11, 37, 39, 30, 33, 31, 39, 13, 10, 20, 39, 4, 30, 39]
    PRED: [9, 2, 39, 27, 33, 31, 39, 13, 8, 10, 17, 39, 13, 3, 19, 0, 39, 30, 33, 39, 28, 2, 21, 39, 35, 10, 22, 39, 35, 27, 11, 11, 37, 39, 31, 9, 33, 13, 39, 20, 4, 30, 39]
    Edit distance: 16/46

============================================================
Batch 45000 | Val PER: 0.3559
============================================================
  Sample 0:
    TRUE: [31, 17, 0, 19, 27, 2, 28, 17, 39, 27, 17, 19, 2, 22, 28, 16, 8, 11, 8, 39]
    PRED: [9, 19, 28, 39, 8, 27, 30, 17, 8, 39]
    Edit distance: 15/20
  Sample 1:
    TRUE: [27, 16, 7, 39, 26, 11, 7, 2, 28, 30, 39, 28, 10, 34, 27, 2, 20, 39, 28, 5, 22, 8, 39, 20, 16, 31, 2, 14, 27, 1, 13, 28, 39]
    PRED: [27, 10, 28, 30, 39, 26, 27, 11, 28, 2, 37, 39, 10, 34, 20, 39, 5, 8, 39, 20, 16, 9, 39, 10, 13, 39]
    Edit distance: 18/33
  Sample 2:
    TRUE: [28, 24, 39, 27, 33, 20, 37, 39, 35, 17, 39, 21, 12, 8, 39, 16, 22, 39, 2, 22, 2, 6, 1, 29, 30, 39, 19, 2, 20, 33, 38, 2, 22, 39]
    PRED: [30, 33, 39, 27, 33, 20, 37, 39, 21, 17, 39, 21, 25, 8, 39, 16, 22, 39, 10, 22, 27, 0, 29, 28, 39, 33, 20, 33, 38, 2, 22, 39]
    Edit distance: 11/34
  Sample 3:
    TRUE: [20, 3, 27, 17, 37, 39, 19, 0, 28, 30, 33, 21, 39, 22, 17, 8, 2, 8, 39, 6, 20, 1, 19, 39, 14, 20, 2, 34, 37, 39, 30, 33, 39, 6, 17, 39, 19, 2, 21, 26, 20, 17, 30, 20, 17, 39, 10, 20, 2, 14, 2, 22, 30, 39]
    PRED: [35, 27, 24, 37, 17, 39, 5, 28, 21, 6, 39, 22, 16, 8, 39, 21, 1, 19, 39, 14, 20, 16, 34, 39, 30, 33, 39, 6, 17, 39, 19, 2, 26, 20, 17, 39, 1, 20, 10, 8, 39]
    Edit distance: 26/54
  Sample 4:
    TRUE: [9, 2, 39, 30, 33, 31, 39, 13, 10, 27, 17, 39, 13, 11, 14, 0, 30, 39, 30, 33, 39, 19, 2, 21, 39, 35, 10, 22, 39, 27, 0, 18, 11, 37, 39, 30, 33, 31, 39, 13, 10, 20, 39, 4, 30, 39]
    PRED: [9, 2, 39, 30, 33, 31, 30, 39, 34, 16, 27, 17, 17, 39, 13, 16, 19, 0, 30, 39, 30, 33, 39, 28, 2, 21, 39, 35, 10, 22, 39, 27, 11, 11, 39, 31, 9, 33, 31, 13, 39, 13, 20, 4, 30, 39]
    Edit distance: 15/46

============================================================
Batch 45500 | Val PER: 0.3608
============================================================
  Sample 0:
    TRUE: [31, 17, 0, 19, 27, 2, 28, 17, 39, 27, 17, 19, 2, 22, 28, 16, 8, 11, 8, 39]
    PRED: [9, 2, 12, 19, 28, 39, 8, 27, 17, 28, 30, 8, 39]
    Edit distance: 13/20
  Sample 1:
    TRUE: [27, 16, 7, 39, 26, 11, 7, 2, 28, 30, 39, 28, 10, 34, 27, 2, 20, 39, 28, 5, 22, 8, 39, 20, 16, 31, 2, 14, 27, 1, 13, 28, 39]
    PRED: [27, 10, 30, 39, 26, 27, 11, 1, 28, 2, 37, 39, 10, 34, 20, 39, 5, 22, 8, 39, 20, 16, 2, 39, 1, 13, 30, 39]
    Edit distance: 15/33
  Sample 2:
    TRUE: [28, 24, 39, 27, 33, 20, 37, 39, 35, 17, 39, 21, 12, 8, 39, 16, 22, 39, 2, 22, 2, 6, 1, 29, 30, 39, 19, 2, 20, 33, 38, 2, 22, 39]
    PRED: [30, 9, 33, 39, 27, 33, 20, 37, 39, 35, 17, 39, 21, 25, 8, 39, 16, 22, 39, 1, 22, 27, 1, 29, 28, 39, 19, 33, 20, 33, 38, 2, 22, 39]
    Edit distance: 9/34
  Sample 3:
    TRUE: [20, 3, 27, 17, 37, 39, 19, 0, 28, 30, 33, 21, 39, 22, 17, 8, 2, 8, 39, 6, 20, 1, 19, 39, 14, 20, 2, 34, 37, 39, 30, 33, 39, 6, 17, 39, 19, 2, 21, 26, 20, 17, 30, 20, 17, 39, 10, 20, 2, 14, 2, 22, 30, 39]
    PRED: [35, 27, 32, 24, 37, 39, 1, 28, 5, 21, 6, 21, 39, 22, 16, 8, 39, 21, 1, 19, 39, 14, 20, 16, 34, 8, 39, 30, 33, 39, 6, 17, 39, 19, 2, 21, 26, 20, 39, 1, 20, 10, 22, 39]
    Edit distance: 25/54
  Sample 4:
    TRUE: [9, 2, 39, 30, 33, 31, 39, 13, 10, 27, 17, 39, 13, 11, 14, 0, 30, 39, 30, 33, 39, 19, 2, 21, 39, 35, 10, 22, 39, 27, 0, 18, 11, 37, 39, 30, 33, 31, 39, 13, 10, 20, 39, 4, 30, 39]
    PRED: [9, 2, 39, 30, 33, 31, 39, 13, 8, 16, 17, 39, 13, 17, 19, 0, 39, 30, 33, 39, 28, 2, 21, 39, 35, 10, 22, 39, 35, 27, 11, 11, 39, 31, 9, 33, 31, 13, 39, 13, 20, 39, 4, 30, 39]
    Edit distance: 14/46

============================================================
Batch 46000 | Val PER: 0.3543
============================================================
  Sample 0:
    TRUE: [31, 17, 0, 19, 27, 2, 28, 17, 39, 27, 17, 19, 2, 22, 28, 16, 8, 11, 8, 39]
    PRED: [9, 2, 19, 28, 39, 8, 27, 28, 30, 39]
    Edit distance: 15/20
  Sample 1:
    TRUE: [27, 16, 7, 39, 26, 11, 7, 2, 28, 30, 39, 28, 10, 34, 27, 2, 20, 39, 28, 5, 22, 8, 39, 20, 16, 31, 2, 14, 27, 1, 13, 28, 39]
    PRED: [27, 10, 19, 30, 39, 26, 27, 11, 1, 28, 2, 37, 39, 10, 34, 20, 39, 5, 8, 22, 8, 39, 20, 16, 2, 39, 10, 13, 39]
    Edit distance: 18/33
  Sample 2:
    TRUE: [28, 24, 39, 27, 33, 20, 37, 39, 35, 17, 39, 21, 12, 8, 39, 16, 22, 39, 2, 22, 2, 6, 1, 29, 30, 39, 19, 2, 20, 33, 38, 2, 22, 39]
    PRED: [9, 33, 39, 27, 33, 20, 37, 39, 21, 17, 39, 21, 25, 8, 39, 16, 22, 39, 1, 22, 27, 1, 29, 39, 33, 20, 33, 38, 2, 22, 39]
    Edit distance: 10/34
  Sample 3:
    TRUE: [20, 3, 27, 17, 37, 39, 19, 0, 28, 30, 33, 21, 39, 22, 17, 8, 2, 8, 39, 6, 20, 1, 19, 39, 14, 20, 2, 34, 37, 39, 30, 33, 39, 6, 17, 39, 19, 2, 21, 26, 20, 17, 30, 20, 17, 39, 10, 20, 2, 14, 2, 22, 30, 39]
    PRED: [35, 27, 32, 24, 37, 17, 39, 19, 1, 28, 5, 21, 6, 39, 22, 16, 8, 39, 21, 1, 19, 39, 14, 20, 16, 34, 39, 30, 33, 39, 6, 17, 39, 19, 2, 26, 20, 39, 20, 10, 2, 22, 39]
    Edit distance: 25/54
  Sample 4:
    TRUE: [9, 2, 39, 30, 33, 31, 39, 13, 10, 27, 17, 39, 13, 11, 14, 0, 30, 39, 30, 33, 39, 19, 2, 21, 39, 35, 10, 22, 39, 27, 0, 18, 11, 37, 39, 30, 33, 31, 39, 13, 10, 20, 39, 4, 30, 39]
    PRED: [9, 2, 39, 27, 33, 31, 39, 8, 16, 27, 17, 39, 13, 16, 19, 0, 39, 30, 33, 39, 28, 2, 21, 39, 35, 10, 22, 39, 27, 11, 11, 39, 31, 9, 33, 31, 13, 39, 20, 39, 4, 30, 39]
    Edit distance: 14/46

============================================================
Batch 46500 | Val PER: 0.3571
============================================================
  Sample 0:
    TRUE: [31, 17, 0, 19, 27, 2, 28, 17, 39, 27, 17, 19, 2, 22, 28, 16, 8, 11, 8, 39]
    PRED: [9, 2, 19, 28, 39, 8, 27, 17, 30, 8, 39]
    Edit distance: 14/20
  Sample 1:
    TRUE: [27, 16, 7, 39, 26, 11, 7, 2, 28, 30, 39, 28, 10, 34, 27, 2, 20, 39, 28, 5, 22, 8, 39, 20, 16, 31, 2, 14, 27, 1, 13, 28, 39]
    PRED: [27, 10, 19, 30, 39, 26, 27, 11, 1, 28, 2, 8, 37, 39, 10, 34, 2, 20, 39, 5, 22, 8, 39, 20, 16, 9, 39, 18, 1, 13, 39]
    Edit distance: 16/33
  Sample 2:
    TRUE: [28, 24, 39, 27, 33, 20, 37, 39, 35, 17, 39, 21, 12, 8, 39, 16, 22, 39, 2, 22, 2, 6, 1, 29, 30, 39, 19, 2, 20, 33, 38, 2, 22, 39]
    PRED: [9, 33, 39, 27, 33, 20, 37, 39, 21, 17, 39, 21, 25, 8, 39, 16, 22, 39, 1, 22, 27, 0, 29, 28, 39, 19, 24, 20, 33, 38, 2, 22, 39]
    Edit distance: 10/34
  Sample 3:
    TRUE: [20, 3, 27, 17, 37, 39, 19, 0, 28, 30, 33, 21, 39, 22, 17, 8, 2, 8, 39, 6, 20, 1, 19, 39, 14, 20, 2, 34, 37, 39, 30, 33, 39, 6, 17, 39, 19, 2, 21, 26, 20, 17, 30, 20, 17, 39, 10, 20, 2, 14, 2, 22, 30, 39]
    PRED: [35, 27, 24, 37, 17, 39, 1, 28, 5, 21, 6, 39, 22, 16, 8, 39, 21, 0, 19, 39, 20, 16, 34, 39, 30, 33, 39, 6, 17, 39, 19, 2, 21, 26, 20, 39, 20, 10, 2, 22, 39]
    Edit distance: 26/54
  Sample 4:
    TRUE: [9, 2, 39, 30, 33, 31, 39, 13, 10, 27, 17, 39, 13, 11, 14, 0, 30, 39, 30, 33, 39, 19, 2, 21, 39, 35, 10, 22, 39, 27, 0, 18, 11, 37, 39, 30, 33, 31, 39, 13, 10, 20, 39, 4, 30, 39]
    PRED: [9, 2, 39, 27, 33, 31, 39, 13, 16, 27, 17, 39, 13, 16, 3, 19, 0, 30, 39, 30, 33, 39, 28, 0, 21, 39, 35, 10, 22, 39, 35, 27, 11, 11, 39, 31, 9, 33, 31, 13, 39, 5, 20, 39, 4, 30, 39]
    Edit distance: 16/46

============================================================
Batch 47000 | Val PER: 0.3581
============================================================
  Sample 0:
    TRUE: [31, 17, 0, 19, 27, 2, 28, 17, 39, 27, 17, 19, 2, 22, 28, 16, 8, 11, 8, 39]
    PRED: [9, 2, 19, 28, 39, 8, 27, 17, 30, 17, 8, 39]
    Edit distance: 14/20
  Sample 1:
    TRUE: [27, 16, 7, 39, 26, 11, 7, 2, 28, 30, 39, 28, 10, 34, 27, 2, 20, 39, 28, 5, 22, 8, 39, 20, 16, 31, 2, 14, 27, 1, 13, 28, 39]
    PRED: [27, 10, 28, 30, 39, 26, 27, 1, 28, 2, 37, 39, 10, 34, 20, 39, 28, 5, 22, 8, 39, 20, 16, 9, 39, 10, 13, 39]
    Edit distance: 17/33
  Sample 2:
    TRUE: [28, 24, 39, 27, 33, 20, 37, 39, 35, 17, 39, 21, 12, 8, 39, 16, 22, 39, 2, 22, 2, 6, 1, 29, 30, 39, 19, 2, 20, 33, 38, 2, 22, 39]
    PRED: [9, 33, 39, 27, 33, 20, 37, 39, 35, 17, 39, 21, 25, 8, 39, 16, 22, 39, 1, 22, 27, 1, 28, 39, 33, 20, 33, 33, 38, 2, 22, 39]
    Edit distance: 11/34
  Sample 3:
    TRUE: [20, 3, 27, 17, 37, 39, 19, 0, 28, 30, 33, 21, 39, 22, 17, 8, 2, 8, 39, 6, 20, 1, 19, 39, 14, 20, 2, 34, 37, 39, 30, 33, 39, 6, 17, 39, 19, 2, 21, 26, 20, 17, 30, 20, 17, 39, 10, 20, 2, 14, 2, 22, 30, 39]
    PRED: [35, 27, 24, 37, 17, 39, 1, 28, 21, 2, 6, 39, 22, 16, 8, 39, 21, 1, 19, 39, 20, 16, 34, 8, 39, 30, 33, 39, 6, 17, 39, 19, 2, 26, 20, 39, 20, 10, 2, 22, 39]
    Edit distance: 26/54
  Sample 4:
    TRUE: [9, 2, 39, 30, 33, 31, 39, 13, 10, 27, 17, 39, 13, 11, 14, 0, 30, 39, 30, 33, 39, 19, 2, 21, 39, 35, 10, 22, 39, 27, 0, 18, 11, 37, 39, 30, 33, 31, 39, 13, 10, 20, 39, 4, 30, 39]
    PRED: [9, 2, 39, 27, 33, 31, 39, 13, 8, 16, 17, 39, 13, 16, 17, 19, 0, 39, 30, 33, 39, 28, 2, 21, 39, 35, 10, 22, 39, 35, 27, 11, 11, 39, 9, 33, 31, 13, 39, 20, 4, 30, 39]
    Edit distance: 16/46

============================================================
Batch 47500 | Val PER: 0.3497
============================================================
  Sample 0:
    TRUE: [31, 17, 0, 19, 27, 2, 28, 17, 39, 27, 17, 19, 2, 22, 28, 16, 8, 11, 8, 39]
    PRED: [9, 2, 0, 19, 28, 39, 8, 27, 30, 39]
    Edit distance: 14/20
  Sample 1:
    TRUE: [27, 16, 7, 39, 26, 11, 7, 2, 28, 30, 39, 28, 10, 34, 27, 2, 20, 39, 28, 5, 22, 8, 39, 20, 16, 31, 2, 14, 27, 1, 13, 28, 39]
    PRED: [27, 10, 30, 19, 30, 39, 26, 27, 1, 28, 2, 8, 37, 39, 10, 34, 20, 39, 28, 5, 22, 8, 39, 20, 16, 9, 39, 1, 13, 39]
    Edit distance: 17/33
  Sample 2:
    TRUE: [28, 24, 39, 27, 33, 20, 37, 39, 35, 17, 39, 21, 12, 8, 39, 16, 22, 39, 2, 22, 2, 6, 1, 29, 30, 39, 19, 2, 20, 33, 38, 2, 22, 39]
    PRED: [9, 33, 39, 27, 33, 20, 37, 39, 21, 17, 39, 21, 5, 8, 39, 16, 22, 39, 1, 22, 27, 1, 29, 30, 39, 19, 33, 20, 33, 38, 2, 22, 39]
    Edit distance: 8/34
  Sample 3:
    TRUE: [20, 3, 27, 17, 37, 39, 19, 0, 28, 30, 33, 21, 39, 22, 17, 8, 2, 8, 39, 6, 20, 1, 19, 39, 14, 20, 2, 34, 37, 39, 30, 33, 39, 6, 17, 39, 19, 2, 21, 26, 20, 17, 30, 20, 17, 39, 10, 20, 2, 14, 2, 22, 30, 39]
    PRED: [35, 27, 24, 37, 17, 39, 5, 1, 28, 5, 21, 6, 39, 22, 10, 8, 39, 21, 1, 19, 39, 20, 2, 34, 37, 39, 30, 33, 39, 6, 17, 39, 19, 2, 21, 26, 20, 39, 4, 20, 10, 8, 39]
    Edit distance: 25/54
  Sample 4:
    TRUE: [9, 2, 39, 30, 33, 31, 39, 13, 10, 27, 17, 39, 13, 11, 14, 0, 30, 39, 30, 33, 39, 19, 2, 21, 39, 35, 10, 22, 39, 27, 0, 18, 11, 37, 39, 30, 33, 31, 39, 13, 10, 20, 39, 4, 30, 39]
    PRED: [9, 2, 39, 30, 33, 31, 39, 13, 16, 17, 39, 13, 16, 3, 19, 0, 30, 39, 30, 33, 39, 28, 2, 21, 39, 35, 10, 22, 39, 27, 11, 11, 39, 9, 33, 31, 13, 39, 13, 20, 20, 4, 30, 39]
    Edit distance: 13/46

============================================================
Batch 48000 | Val PER: 0.3554
============================================================
  Sample 0:
    TRUE: [31, 17, 0, 19, 27, 2, 28, 17, 39, 27, 17, 19, 2, 22, 28, 16, 8, 11, 8, 39]
    PRED: [9, 19, 28, 39, 8, 27, 17, 30, 17, 8, 39]
    Edit distance: 14/20
  Sample 1:
    TRUE: [27, 16, 7, 39, 26, 11, 7, 2, 28, 30, 39, 28, 10, 34, 27, 2, 20, 39, 28, 5, 22, 8, 39, 20, 16, 31, 2, 14, 27, 1, 13, 28, 39]
    PRED: [27, 10, 19, 30, 39, 26, 27, 1, 28, 2, 37, 39, 10, 34, 20, 39, 28, 5, 8, 39, 20, 16, 9, 39, 10, 13, 39]
    Edit distance: 18/33
  Sample 2:
    TRUE: [28, 24, 39, 27, 33, 20, 37, 39, 35, 17, 39, 21, 12, 8, 39, 16, 22, 39, 2, 22, 2, 6, 1, 29, 30, 39, 19, 2, 20, 33, 38, 2, 22, 39]
    PRED: [9, 33, 39, 27, 33, 20, 37, 39, 21, 17, 39, 21, 25, 8, 39, 16, 22, 39, 1, 22, 27, 1, 29, 28, 39, 19, 33, 20, 33, 38, 2, 22, 39]
    Edit distance: 9/34
  Sample 3:
    TRUE: [20, 3, 27, 17, 37, 39, 19, 0, 28, 30, 33, 21, 39, 22, 17, 8, 2, 8, 39, 6, 20, 1, 19, 39, 14, 20, 2, 34, 37, 39, 30, 33, 39, 6, 17, 39, 19, 2, 21, 26, 20, 17, 30, 20, 17, 39, 10, 20, 2, 14, 2, 22, 30, 39]
    PRED: [35, 27, 32, 24, 37, 17, 39, 1, 28, 5, 21, 6, 21, 39, 22, 16, 8, 39, 21, 27, 0, 19, 39, 20, 16, 34, 28, 39, 30, 33, 39, 6, 17, 39, 19, 2, 21, 26, 20, 39, 20, 10, 8, 39]
    Edit distance: 29/54
  Sample 4:
    TRUE: [9, 2, 39, 30, 33, 31, 39, 13, 10, 27, 17, 39, 13, 11, 14, 0, 30, 39, 30, 33, 39, 19, 2, 21, 39, 35, 10, 22, 39, 27, 0, 18, 11, 37, 39, 30, 33, 31, 39, 13, 10, 20, 39, 4, 30, 39]
    PRED: [9, 2, 39, 27, 33, 31, 39, 13, 16, 17, 39, 13, 16, 3, 19, 0, 30, 39, 30, 33, 39, 28, 2, 21, 37, 39, 35, 10, 22, 39, 27, 11, 11, 39, 9, 33, 31, 13, 39, 13, 20, 20, 39, 4, 30, 39]
    Edit distance: 14/46

============================================================
Batch 48500 | Val PER: 0.3511
============================================================
  Sample 0:
    TRUE: [31, 17, 0, 19, 27, 2, 28, 17, 39, 27, 17, 19, 2, 22, 28, 16, 8, 11, 8, 39]
    PRED: [9, 2, 0, 19, 28, 39, 8, 27, 2, 28, 30, 8, 39]
    Edit distance: 12/20
  Sample 1:
    TRUE: [27, 16, 7, 39, 26, 11, 7, 2, 28, 30, 39, 28, 10, 34, 27, 2, 20, 39, 28, 5, 22, 8, 39, 20, 16, 31, 2, 14, 27, 1, 13, 28, 39]
    PRED: [27, 16, 28, 30, 39, 26, 27, 11, 1, 28, 2, 37, 39, 10, 34, 20, 39, 5, 8, 22, 8, 39, 20, 16, 39, 9, 39, 1, 13, 39]
    Edit distance: 17/33
  Sample 2:
    TRUE: [28, 24, 39, 27, 33, 20, 37, 39, 35, 17, 39, 21, 12, 8, 39, 16, 22, 39, 2, 22, 2, 6, 1, 29, 30, 39, 19, 2, 20, 33, 38, 2, 22, 39]
    PRED: [9, 24, 39, 27, 33, 20, 37, 39, 21, 17, 39, 21, 25, 8, 39, 16, 22, 39, 1, 22, 27, 1, 28, 29, 39, 19, 33, 20, 33, 2, 22, 39]
    Edit distance: 10/34
  Sample 3:
    TRUE: [20, 3, 27, 17, 37, 39, 19, 0, 28, 30, 33, 21, 39, 22, 17, 8, 2, 8, 39, 6, 20, 1, 19, 39, 14, 20, 2, 34, 37, 39, 30, 33, 39, 6, 17, 39, 19, 2, 21, 26, 20, 17, 30, 20, 17, 39, 10, 20, 2, 14, 2, 22, 30, 39]
    PRED: [35, 27, 24, 37, 17, 39, 5, 28, 21, 6, 39, 22, 16, 8, 39, 21, 1, 19, 39, 20, 2, 34, 28, 39, 30, 33, 39, 6, 17, 39, 19, 2, 21, 26, 20, 39, 20, 10, 8, 39]
    Edit distance: 26/54
  Sample 4:
    TRUE: [9, 2, 39, 30, 33, 31, 39, 13, 10, 27, 17, 39, 13, 11, 14, 0, 30, 39, 30, 33, 39, 19, 2, 21, 39, 35, 10, 22, 39, 27, 0, 18, 11, 37, 39, 30, 33, 31, 39, 13, 10, 20, 39, 4, 30, 39]
    PRED: [9, 2, 39, 30, 33, 31, 30, 39, 13, 16, 27, 39, 13, 16, 3, 19, 0, 30, 39, 30, 33, 39, 28, 2, 21, 39, 35, 10, 22, 39, 27, 11, 11, 39, 31, 9, 33, 31, 13, 39, 20, 39, 4, 30, 39]
    Edit distance: 14/46

============================================================
Batch 49000 | Val PER: 0.3511
============================================================
  Sample 0:
    TRUE: [31, 17, 0, 19, 27, 2, 28, 17, 39, 27, 17, 19, 2, 22, 28, 16, 8, 11, 8, 39]
    PRED: [9, 17, 28, 39, 8, 27, 30, 8, 39]
    Edit distance: 15/20
  Sample 1:
    TRUE: [27, 16, 7, 39, 26, 11, 7, 2, 28, 30, 39, 28, 10, 34, 27, 2, 20, 39, 28, 5, 22, 8, 39, 20, 16, 31, 2, 14, 27, 1, 13, 28, 39]
    PRED: [27, 10, 30, 39, 26, 27, 25, 7, 2, 37, 39, 10, 34, 20, 39, 5, 8, 22, 8, 39, 20, 16, 9, 1, 13, 39]
    Edit distance: 16/33
  Sample 2:
    TRUE: [28, 24, 39, 27, 33, 20, 37, 39, 35, 17, 39, 21, 12, 8, 39, 16, 22, 39, 2, 22, 2, 6, 1, 29, 30, 39, 19, 2, 20, 33, 38, 2, 22, 39]
    PRED: [9, 33, 39, 27, 33, 20, 37, 39, 21, 17, 39, 21, 25, 8, 39, 16, 22, 39, 1, 22, 27, 1, 29, 39, 28, 33, 20, 33, 33, 2, 22, 39]
    Edit distance: 11/34
  Sample 3:
    TRUE: [20, 3, 27, 17, 37, 39, 19, 0, 28, 30, 33, 21, 39, 22, 17, 8, 2, 8, 39, 6, 20, 1, 19, 39, 14, 20, 2, 34, 37, 39, 30, 33, 39, 6, 17, 39, 19, 2, 21, 26, 20, 17, 30, 20, 17, 39, 10, 20, 2, 14, 2, 22, 30, 39]
    PRED: [35, 27, 24, 17, 39, 5, 28, 5, 21, 6, 21, 39, 22, 10, 8, 39, 21, 27, 1, 19, 39, 20, 16, 34, 39, 30, 33, 39, 6, 17, 39, 19, 2, 26, 20, 39, 1, 20, 10, 22, 39]
    Edit distance: 27/54
  Sample 4:
    TRUE: [9, 2, 39, 30, 33, 31, 39, 13, 10, 27, 17, 39, 13, 11, 14, 0, 30, 39, 30, 33, 39, 19, 2, 21, 39, 35, 10, 22, 39, 27, 0, 18, 11, 37, 39, 30, 33, 31, 39, 13, 10, 20, 39, 4, 30, 39]
    PRED: [9, 2, 39, 27, 33, 31, 39, 13, 16, 27, 39, 13, 16, 17, 19, 0, 30, 39, 30, 33, 39, 28, 2, 21, 39, 35, 10, 22, 39, 27, 11, 11, 39, 31, 9, 33, 31, 13, 39, 20, 4, 30, 39]
    Edit distance: 15/46

============================================================
Batch 49500 | Val PER: 0.3512
============================================================
  Sample 0:
    TRUE: [31, 17, 0, 19, 27, 2, 28, 17, 39, 27, 17, 19, 2, 22, 28, 16, 8, 11, 8, 39]
    PRED: [9, 2, 19, 28, 39, 8, 27, 30, 8, 39]
    Edit distance: 15/20
  Sample 1:
    TRUE: [27, 16, 7, 39, 26, 11, 7, 2, 28, 30, 39, 28, 10, 34, 27, 2, 20, 39, 28, 5, 22, 8, 39, 20, 16, 31, 2, 14, 27, 1, 13, 28, 39]
    PRED: [27, 10, 28, 30, 39, 26, 27, 1, 28, 2, 37, 39, 10, 34, 20, 39, 5, 8, 39, 20, 16, 9, 39, 5, 13, 39]
    Edit distance: 19/33
  Sample 2:
    TRUE: [28, 24, 39, 27, 33, 20, 37, 39, 35, 17, 39, 21, 12, 8, 39, 16, 22, 39, 2, 22, 2, 6, 1, 29, 30, 39, 19, 2, 20, 33, 38, 2, 22, 39]
    PRED: [9, 24, 39, 27, 33, 20, 37, 39, 36, 17, 39, 21, 5, 8, 39, 16, 22, 39, 1, 22, 27, 1, 29, 39, 33, 20, 33, 38, 2, 22, 39]
    Edit distance: 9/34
  Sample 3:
    TRUE: [20, 3, 27, 17, 37, 39, 19, 0, 28, 30, 33, 21, 39, 22, 17, 8, 2, 8, 39, 6, 20, 1, 19, 39, 14, 20, 2, 34, 37, 39, 30, 33, 39, 6, 17, 39, 19, 2, 21, 26, 20, 17, 30, 20, 17, 39, 10, 20, 2, 14, 2, 22, 30, 39]
    PRED: [19, 27, 24, 37, 39, 19, 5, 1, 28, 5, 21, 6, 21, 39, 22, 10, 8, 39, 21, 1, 19, 39, 20, 2, 34, 39, 30, 33, 39, 6, 17, 39, 19, 2, 21, 26, 20, 39, 20, 10, 22, 39]
    Edit distance: 24/54
  Sample 4:
    TRUE: [9, 2, 39, 30, 33, 31, 39, 13, 10, 27, 17, 39, 13, 11, 14, 0, 30, 39, 30, 33, 39, 19, 2, 21, 39, 35, 10, 22, 39, 27, 0, 18, 11, 37, 39, 30, 33, 31, 39, 13, 10, 20, 39, 4, 30, 39]
    PRED: [9, 2, 39, 30, 33, 31, 39, 13, 16, 39, 13, 3, 19, 0, 39, 30, 33, 39, 28, 2, 21, 39, 35, 22, 39, 27, 11, 11, 39, 9, 33, 31, 13, 39, 13, 12, 20, 20, 39, 4, 30, 39]
    Edit distance: 15/46

============================================================
Batch 50000 | Val PER: 0.3524
============================================================
  Sample 0:
    TRUE: [31, 17, 0, 19, 27, 2, 28, 17, 39, 27, 17, 19, 2, 22, 28, 16, 8, 11, 8, 39]
    PRED: [9, 2, 12, 28, 39, 8, 27, 16, 12, 17, 8, 39]
    Edit distance: 15/20
  Sample 1:
    TRUE: [27, 16, 7, 39, 26, 11, 7, 2, 28, 30, 39, 28, 10, 34, 27, 2, 20, 39, 28, 5, 22, 8, 39, 20, 16, 31, 2, 14, 27, 1, 13, 28, 39]
    PRED: [27, 10, 28, 19, 30, 39, 26, 27, 25, 7, 2, 37, 39, 10, 34, 20, 39, 5, 22, 8, 39, 20, 16, 9, 39, 1, 13, 39]
    Edit distance: 17/33
  Sample 2:
    TRUE: [28, 24, 39, 27, 33, 20, 37, 39, 35, 17, 39, 21, 12, 8, 39, 16, 22, 39, 2, 22, 2, 6, 1, 29, 30, 39, 19, 2, 20, 33, 38, 2, 22, 39]
    PRED: [9, 24, 39, 27, 33, 20, 37, 39, 35, 17, 39, 21, 5, 8, 39, 16, 22, 39, 1, 22, 27, 1, 29, 39, 33, 20, 33, 38, 2, 22, 39]
    Edit distance: 8/34
  Sample 3:
    TRUE: [20, 3, 27, 17, 37, 39, 19, 0, 28, 30, 33, 21, 39, 22, 17, 8, 2, 8, 39, 6, 20, 1, 19, 39, 14, 20, 2, 34, 37, 39, 30, 33, 39, 6, 17, 39, 19, 2, 21, 26, 20, 17, 30, 20, 17, 39, 10, 20, 2, 14, 2, 22, 30, 39]
    PRED: [19, 27, 24, 37, 17, 39, 19, 1, 28, 5, 21, 6, 21, 39, 22, 10, 8, 39, 21, 1, 19, 39, 14, 20, 2, 34, 37, 39, 30, 33, 39, 6, 17, 39, 19, 2, 21, 26, 20, 39, 1, 20, 10, 2, 8, 39]
    Edit distance: 22/54
  Sample 4:
    TRUE: [9, 2, 39, 30, 33, 31, 39, 13, 10, 27, 17, 39, 13, 11, 14, 0, 30, 39, 30, 33, 39, 19, 2, 21, 39, 35, 10, 22, 39, 27, 0, 18, 11, 37, 39, 30, 33, 31, 39, 13, 10, 20, 39, 4, 30, 39]
    PRED: [9, 2, 39, 30, 33, 31, 39, 13, 8, 16, 27, 17, 39, 13, 16, 3, 19, 0, 39, 30, 33, 39, 28, 30, 2, 21, 39, 35, 10, 22, 39, 27, 11, 11, 39, 31, 9, 33, 31, 13, 39, 13, 12, 20, 20, 39, 4, 30, 39]
    Edit distance: 16/46

============================================================
Batch 50500 | Val PER: 0.3497
============================================================
  Sample 0:
    TRUE: [31, 17, 0, 19, 27, 2, 28, 17, 39, 27, 17, 19, 2, 22, 28, 16, 8, 11, 8, 39]
    PRED: [9, 2, 28, 39, 8, 27, 2, 28, 30, 17, 8, 39]
    Edit distance: 13/20
  Sample 1:
    TRUE: [27, 16, 7, 39, 26, 11, 7, 2, 28, 30, 39, 28, 10, 34, 27, 2, 20, 39, 28, 5, 22, 8, 39, 20, 16, 31, 2, 14, 27, 1, 13, 28, 39]
    PRED: [27, 10, 28, 30, 39, 26, 27, 1, 28, 2, 37, 39, 10, 34, 20, 39, 28, 5, 2, 8, 39, 20, 16, 9, 39, 5, 13, 39]
    Edit distance: 18/33
  Sample 2:
    TRUE: [28, 24, 39, 27, 33, 20, 37, 39, 35, 17, 39, 21, 12, 8, 39, 16, 22, 39, 2, 22, 2, 6, 1, 29, 30, 39, 19, 2, 20, 33, 38, 2, 22, 39]
    PRED: [9, 33, 39, 27, 33, 20, 37, 39, 21, 17, 39, 21, 5, 8, 39, 16, 22, 39, 1, 22, 27, 1, 29, 39, 19, 33, 20, 33, 2, 22, 39]
    Edit distance: 10/34
  Sample 3:
    TRUE: [20, 3, 27, 17, 37, 39, 19, 0, 28, 30, 33, 21, 39, 22, 17, 8, 2, 8, 39, 6, 20, 1, 19, 39, 14, 20, 2, 34, 37, 39, 30, 33, 39, 6, 17, 39, 19, 2, 21, 26, 20, 17, 30, 20, 17, 39, 10, 20, 2, 14, 2, 22, 30, 39]
    PRED: [35, 27, 24, 37, 17, 39, 5, 28, 5, 21, 39, 22, 10, 8, 39, 21, 1, 19, 39, 14, 20, 2, 34, 37, 39, 30, 33, 39, 21, 17, 39, 19, 2, 26, 20, 39, 10, 20, 10, 8, 39]
    Edit distance: 24/54
  Sample 4:
    TRUE: [9, 2, 39, 30, 33, 31, 39, 13, 10, 27, 17, 39, 13, 11, 14, 0, 30, 39, 30, 33, 39, 19, 2, 21, 39, 35, 10, 22, 39, 27, 0, 18, 11, 37, 39, 30, 33, 31, 39, 13, 10, 20, 39, 4, 30, 39]
    PRED: [9, 2, 39, 36, 33, 31, 30, 39, 13, 8, 10, 27, 17, 39, 13, 16, 3, 19, 0, 39, 30, 33, 39, 28, 2, 21, 39, 35, 10, 22, 39, 27, 11, 11, 39, 9, 33, 31, 13, 39, 13, 20, 20, 39, 4, 30, 39]
    Edit distance: 14/46

============================================================
Batch 51000 | Val PER: 0.3505
============================================================
  Sample 0:
    TRUE: [31, 17, 0, 19, 27, 2, 28, 17, 39, 27, 17, 19, 2, 22, 28, 16, 8, 11, 8, 39]
    PRED: [9, 2, 0, 28, 39, 8, 27, 16, 28, 30, 17, 8, 39]
    Edit distance: 14/20
  Sample 1:
    TRUE: [27, 16, 7, 39, 26, 11, 7, 2, 28, 30, 39, 28, 10, 34, 27, 2, 20, 39, 28, 5, 22, 8, 39, 20, 16, 31, 2, 14, 27, 1, 13, 28, 39]
    PRED: [27, 10, 19, 30, 39, 26, 27, 1, 28, 2, 8, 37, 39, 10, 34, 20, 39, 5, 8, 39, 20, 16, 9, 39, 5, 13, 39]
    Edit distance: 19/33
  Sample 2:
    TRUE: [28, 24, 39, 27, 33, 20, 37, 39, 35, 17, 39, 21, 12, 8, 39, 16, 22, 39, 2, 22, 2, 6, 1, 29, 30, 39, 19, 2, 20, 33, 38, 2, 22, 39]
    PRED: [9, 33, 39, 27, 33, 20, 37, 39, 21, 17, 39, 21, 5, 8, 39, 16, 22, 39, 1, 22, 27, 1, 29, 39, 19, 33, 20, 33, 38, 2, 22, 39]
    Edit distance: 9/34
  Sample 3:
    TRUE: [20, 3, 27, 17, 37, 39, 19, 0, 28, 30, 33, 21, 39, 22, 17, 8, 2, 8, 39, 6, 20, 1, 19, 39, 14, 20, 2, 34, 37, 39, 30, 33, 39, 6, 17, 39, 19, 2, 21, 26, 20, 17, 30, 20, 17, 39, 10, 20, 2, 14, 2, 22, 30, 39]
    PRED: [35, 27, 24, 20, 37, 39, 19, 5, 1, 28, 5, 21, 6, 21, 39, 22, 10, 8, 39, 21, 1, 19, 39, 14, 20, 2, 34, 39, 30, 33, 39, 6, 17, 39, 19, 2, 21, 26, 20, 39, 1, 20, 10, 2, 8, 39]
    Edit distance: 24/54
  Sample 4:
    TRUE: [9, 2, 39, 30, 33, 31, 39, 13, 10, 27, 17, 39, 13, 11, 14, 0, 30, 39, 30, 33, 39, 19, 2, 21, 39, 35, 10, 22, 39, 27, 0, 18, 11, 37, 39, 30, 33, 31, 39, 13, 10, 20, 39, 4, 30, 39]
    PRED: [9, 2, 39, 36, 33, 31, 30, 39, 8, 10, 27, 17, 17, 39, 13, 16, 17, 19, 0, 39, 30, 33, 39, 28, 2, 21, 39, 35, 10, 22, 39, 35, 27, 11, 0, 11, 39, 9, 33, 31, 13, 39, 20, 39, 4, 30, 39]
    Edit distance: 16/46

============================================================
Batch 51500 | Val PER: 0.3471
============================================================
  Sample 0:
    TRUE: [31, 17, 0, 19, 27, 2, 28, 17, 39, 27, 17, 19, 2, 22, 28, 16, 8, 11, 8, 39]
    PRED: [9, 2, 28, 39, 8, 27, 16, 30, 39]
    Edit distance: 15/20
  Sample 1:
    TRUE: [27, 16, 7, 39, 26, 11, 7, 2, 28, 30, 39, 28, 10, 34, 27, 2, 20, 39, 28, 5, 22, 8, 39, 20, 16, 31, 2, 14, 27, 1, 13, 28, 39]
    PRED: [27, 10, 19, 30, 39, 26, 27, 11, 1, 28, 2, 37, 39, 10, 34, 20, 39, 5, 8, 39, 20, 16, 9, 39, 10, 13, 39]
    Edit distance: 19/33
  Sample 2:
    TRUE: [28, 24, 39, 27, 33, 20, 37, 39, 35, 17, 39, 21, 12, 8, 39, 16, 22, 39, 2, 22, 2, 6, 1, 29, 30, 39, 19, 2, 20, 33, 38, 2, 22, 39]
    PRED: [9, 33, 39, 27, 33, 20, 37, 39, 21, 17, 39, 21, 5, 8, 39, 16, 22, 39, 1, 22, 27, 1, 29, 39, 33, 20, 33, 33, 38, 2, 22, 39]
    Edit distance: 11/34
  Sample 3:
    TRUE: [20, 3, 27, 17, 37, 39, 19, 0, 28, 30, 33, 21, 39, 22, 17, 8, 2, 8, 39, 6, 20, 1, 19, 39, 14, 20, 2, 34, 37, 39, 30, 33, 39, 6, 17, 39, 19, 2, 21, 26, 20, 17, 30, 20, 17, 39, 10, 20, 2, 14, 2, 22, 30, 39]
    PRED: [35, 27, 24, 37, 17, 39, 5, 1, 28, 5, 21, 6, 39, 22, 10, 8, 39, 21, 1, 19, 39, 20, 2, 34, 39, 30, 33, 39, 6, 17, 39, 19, 2, 26, 20, 39, 1, 20, 10, 22, 39]
    Edit distance: 26/54
  Sample 4:
    TRUE: [9, 2, 39, 30, 33, 31, 39, 13, 10, 27, 17, 39, 13, 11, 14, 0, 30, 39, 30, 33, 39, 19, 2, 21, 39, 35, 10, 22, 39, 27, 0, 18, 11, 37, 39, 30, 33, 31, 39, 13, 10, 20, 39, 4, 30, 39]
    PRED: [9, 2, 39, 36, 33, 31, 39, 13, 8, 16, 27, 39, 13, 16, 17, 19, 0, 39, 30, 33, 39, 28, 2, 21, 39, 35, 10, 22, 39, 27, 11, 11, 39, 31, 9, 33, 13, 39, 13, 20, 4, 30, 39]
    Edit distance: 17/46

============================================================
Batch 52000 | Val PER: 0.3483
============================================================
  Sample 0:
    TRUE: [31, 17, 0, 19, 27, 2, 28, 17, 39, 27, 17, 19, 2, 22, 28, 16, 8, 11, 8, 39]
    PRED: [9, 12, 0, 19, 28, 39, 8, 27, 16, 30, 8, 39]
    Edit distance: 13/20
  Sample 1:
    TRUE: [27, 16, 7, 39, 26, 11, 7, 2, 28, 30, 39, 28, 10, 34, 27, 2, 20, 39, 28, 5, 22, 8, 39, 20, 16, 31, 2, 14, 27, 1, 13, 28, 39]
    PRED: [27, 10, 19, 30, 39, 26, 27, 1, 28, 2, 37, 39, 10, 34, 20, 39, 5, 8, 39, 20, 16, 39, 9, 39, 1, 13, 39]
    Edit distance: 18/33
  Sample 2:
    TRUE: [28, 24, 39, 27, 33, 20, 37, 39, 35, 17, 39, 21, 12, 8, 39, 16, 22, 39, 2, 22, 2, 6, 1, 29, 30, 39, 19, 2, 20, 33, 38, 2, 22, 39]
    PRED: [9, 24, 39, 27, 33, 20, 37, 39, 21, 17, 39, 21, 5, 8, 39, 16, 22, 39, 0, 22, 27, 1, 29, 39, 33, 20, 33, 33, 38, 2, 22, 39]
    Edit distance: 10/34
  Sample 3:
    TRUE: [20, 3, 27, 17, 37, 39, 19, 0, 28, 30, 33, 21, 39, 22, 17, 8, 2, 8, 39, 6, 20, 1, 19, 39, 14, 20, 2, 34, 37, 39, 30, 33, 39, 6, 17, 39, 19, 2, 21, 26, 20, 17, 30, 20, 17, 39, 10, 20, 2, 14, 2, 22, 30, 39]
    PRED: [19, 27, 24, 37, 39, 5, 1, 28, 5, 21, 6, 39, 22, 10, 8, 39, 21, 0, 19, 39, 20, 2, 34, 39, 30, 33, 39, 6, 17, 39, 19, 2, 21, 26, 20, 39, 1, 20, 10, 8, 39]
    Edit distance: 26/54
  Sample 4:
    TRUE: [9, 2, 39, 30, 33, 31, 39, 13, 10, 27, 17, 39, 13, 11, 14, 0, 30, 39, 30, 33, 39, 19, 2, 21, 39, 35, 10, 22, 39, 27, 0, 18, 11, 37, 39, 30, 33, 31, 39, 13, 10, 20, 39, 4, 30, 39]
    PRED: [9, 2, 39, 27, 33, 31, 30, 39, 13, 16, 27, 39, 13, 16, 3, 19, 0, 39, 30, 33, 39, 28, 30, 2, 21, 39, 35, 10, 22, 39, 35, 27, 11, 11, 39, 9, 33, 13, 39, 13, 20, 20, 39, 4, 30, 39]
    Edit distance: 17/46

============================================================
Batch 52500 | Val PER: 0.3482
============================================================
  Sample 0:
    TRUE: [31, 17, 0, 19, 27, 2, 28, 17, 39, 27, 17, 19, 2, 22, 28, 16, 8, 11, 8, 39]
    PRED: [9, 2, 19, 28, 39, 8, 27, 16, 22, 28, 30, 39]
    Edit distance: 14/20
  Sample 1:
    TRUE: [27, 16, 7, 39, 26, 11, 7, 2, 28, 30, 39, 28, 10, 34, 27, 2, 20, 39, 28, 5, 22, 8, 39, 20, 16, 31, 2, 14, 27, 1, 13, 28, 39]
    PRED: [27, 10, 28, 30, 39, 26, 27, 1, 28, 2, 8, 37, 39, 10, 34, 20, 39, 5, 8, 39, 20, 16, 39, 5, 13, 39]
    Edit distance: 19/33
  Sample 2:
    TRUE: [28, 24, 39, 27, 33, 20, 37, 39, 35, 17, 39, 21, 12, 8, 39, 16, 22, 39, 2, 22, 2, 6, 1, 29, 30, 39, 19, 2, 20, 33, 38, 2, 22, 39]
    PRED: [9, 24, 39, 27, 33, 20, 37, 39, 21, 17, 39, 21, 12, 8, 39, 16, 22, 39, 0, 22, 27, 1, 29, 18, 39, 33, 20, 33, 33, 38, 2, 22, 39]
    Edit distance: 9/34
  Sample 3:
    TRUE: [20, 3, 27, 17, 37, 39, 19, 0, 28, 30, 33, 21, 39, 22, 17, 8, 2, 8, 39, 6, 20, 1, 19, 39, 14, 20, 2, 34, 37, 39, 30, 33, 39, 6, 17, 39, 19, 2, 21, 26, 20, 17, 30, 20, 17, 39, 10, 20, 2, 14, 2, 22, 30, 39]
    PRED: [35, 27, 24, 37, 17, 39, 19, 5, 28, 5, 21, 2, 6, 39, 22, 10, 8, 39, 21, 0, 19, 39, 20, 2, 34, 39, 30, 33, 39, 6, 17, 39, 19, 2, 26, 20, 39, 20, 10, 22, 39]
    Edit distance: 27/54
  Sample 4:
    TRUE: [9, 2, 39, 30, 33, 31, 39, 13, 10, 27, 17, 39, 13, 11, 14, 0, 30, 39, 30, 33, 39, 19, 2, 21, 39, 35, 10, 22, 39, 27, 0, 18, 11, 37, 39, 30, 33, 31, 39, 13, 10, 20, 39, 4, 30, 39]
    PRED: [9, 2, 39, 27, 33, 31, 30, 39, 8, 16, 27, 17, 39, 13, 16, 3, 19, 0, 39, 30, 33, 39, 28, 2, 21, 39, 35, 10, 22, 39, 27, 11, 11, 39, 31, 9, 33, 31, 13, 39, 13, 20, 20, 39, 4, 30, 39]
    Edit distance: 16/46

============================================================
Batch 53000 | Val PER: 0.3448
============================================================
  Sample 0:
    TRUE: [31, 17, 0, 19, 27, 2, 28, 17, 39, 27, 17, 19, 2, 22, 28, 16, 8, 11, 8, 39]
    PRED: [9, 2, 0, 19, 28, 39, 8, 27, 16, 22, 28, 30, 39]
    Edit distance: 13/20
  Sample 1:
    TRUE: [27, 16, 7, 39, 26, 11, 7, 2, 28, 30, 39, 28, 10, 34, 27, 2, 20, 39, 28, 5, 22, 8, 39, 20, 16, 31, 2, 14, 27, 1, 13, 28, 39]
    PRED: [27, 10, 28, 30, 39, 26, 27, 1, 7, 2, 8, 37, 39, 10, 34, 20, 39, 5, 22, 8, 30, 39, 20, 16, 39, 5, 13, 39]
    Edit distance: 18/33
  Sample 2:
    TRUE: [28, 24, 39, 27, 33, 20, 37, 39, 35, 17, 39, 21, 12, 8, 39, 16, 22, 39, 2, 22, 2, 6, 1, 29, 30, 39, 19, 2, 20, 33, 38, 2, 22, 39]
    PRED: [9, 24, 39, 27, 33, 20, 37, 39, 21, 17, 39, 21, 5, 8, 39, 16, 22, 39, 1, 22, 27, 1, 29, 30, 39, 33, 20, 33, 33, 38, 2, 22, 39]
    Edit distance: 9/34
  Sample 3:
    TRUE: [20, 3, 27, 17, 37, 39, 19, 0, 28, 30, 33, 21, 39, 22, 17, 8, 2, 8, 39, 6, 20, 1, 19, 39, 14, 20, 2, 34, 37, 39, 30, 33, 39, 6, 17, 39, 19, 2, 21, 26, 20, 17, 30, 20, 17, 39, 10, 20, 2, 14, 2, 22, 30, 39]
    PRED: [19, 27, 24, 37, 17, 39, 19, 5, 1, 28, 5, 21, 6, 21, 39, 22, 10, 8, 39, 21, 1, 19, 39, 20, 16, 34, 39, 30, 33, 39, 6, 17, 39, 19, 2, 21, 26, 20, 39, 1, 20, 10, 22, 39]
    Edit distance: 26/54
  Sample 4:
    TRUE: [9, 2, 39, 30, 33, 31, 39, 13, 10, 27, 17, 39, 13, 11, 14, 0, 30, 39, 30, 33, 39, 19, 2, 21, 39, 35, 10, 22, 39, 27, 0, 18, 11, 37, 39, 30, 33, 31, 39, 13, 10, 20, 39, 4, 30, 39]
    PRED: [9, 2, 39, 30, 33, 31, 30, 39, 13, 16, 27, 39, 13, 17, 19, 0, 39, 30, 33, 39, 28, 2, 21, 39, 35, 10, 22, 39, 35, 27, 11, 11, 39, 31, 9, 33, 31, 13, 31, 39, 13, 20, 20, 4, 30, 39]
    Edit distance: 17/46

============================================================
Batch 53500 | Val PER: 0.3510
============================================================
  Sample 0:
    TRUE: [31, 17, 0, 19, 27, 2, 28, 17, 39, 27, 17, 19, 2, 22, 28, 16, 8, 11, 8, 39]
    PRED: [9, 17, 2, 0, 28, 39, 8, 27, 16, 28, 30, 8, 39]
    Edit distance: 14/20
  Sample 1:
    TRUE: [27, 16, 7, 39, 26, 11, 7, 2, 28, 30, 39, 28, 10, 34, 27, 2, 20, 39, 28, 5, 22, 8, 39, 20, 16, 31, 2, 14, 27, 1, 13, 28, 39]
    PRED: [27, 10, 28, 30, 39, 26, 27, 11, 1, 28, 2, 8, 37, 39, 10, 34, 20, 39, 5, 8, 22, 8, 30, 39, 20, 16, 9, 39, 5, 13, 39]
    Edit distance: 20/33
  Sample 2:
    TRUE: [28, 24, 39, 27, 33, 20, 37, 39, 35, 17, 39, 21, 12, 8, 39, 16, 22, 39, 2, 22, 2, 6, 1, 29, 30, 39, 19, 2, 20, 33, 38, 2, 22, 39]
    PRED: [9, 24, 39, 27, 33, 20, 37, 39, 21, 17, 39, 21, 5, 8, 39, 16, 22, 39, 1, 22, 27, 1, 29, 39, 33, 20, 33, 38, 2, 22, 39]
    Edit distance: 9/34
  Sample 3:
    TRUE: [20, 3, 27, 17, 37, 39, 19, 0, 28, 30, 33, 21, 39, 22, 17, 8, 2, 8, 39, 6, 20, 1, 19, 39, 14, 20, 2, 34, 37, 39, 30, 33, 39, 6, 17, 39, 19, 2, 21, 26, 20, 17, 30, 20, 17, 39, 10, 20, 2, 14, 2, 22, 30, 39]
    PRED: [35, 27, 24, 37, 17, 39, 5, 1, 28, 5, 2, 6, 39, 22, 10, 8, 39, 21, 1, 19, 39, 20, 2, 34, 39, 30, 33, 39, 6, 17, 39, 19, 2, 26, 20, 39, 20, 10, 22, 39]
    Edit distance: 26/54
  Sample 4:
    TRUE: [9, 2, 39, 30, 33, 31, 39, 13, 10, 27, 17, 39, 13, 11, 14, 0, 30, 39, 30, 33, 39, 19, 2, 21, 39, 35, 10, 22, 39, 27, 0, 18, 11, 37, 39, 30, 33, 31, 39, 13, 10, 20, 39, 4, 30, 39]
    PRED: [9, 2, 39, 27, 33, 31, 30, 39, 13, 16, 17, 39, 13, 16, 19, 0, 30, 39, 30, 33, 39, 28, 2, 21, 39, 35, 10, 22, 39, 35, 27, 11, 0, 11, 39, 31, 9, 33, 31, 13, 31, 39, 13, 20, 4, 30, 39]
    Edit distance: 17/46

============================================================
Batch 54000 | Val PER: 0.3443
============================================================
  Sample 0:
    TRUE: [31, 17, 0, 19, 27, 2, 28, 17, 39, 27, 17, 19, 2, 22, 28, 16, 8, 11, 8, 39]
    PRED: [9, 2, 12, 0, 28, 39, 8, 27, 16, 30, 17, 8, 39]
    Edit distance: 15/20
  Sample 1:
    TRUE: [27, 16, 7, 39, 26, 11, 7, 2, 28, 30, 39, 28, 10, 34, 27, 2, 20, 39, 28, 5, 22, 8, 39, 20, 16, 31, 2, 14, 27, 1, 13, 28, 39]
    PRED: [27, 10, 28, 30, 39, 26, 27, 1, 28, 2, 37, 39, 10, 34, 20, 39, 28, 5, 8, 39, 20, 16, 39, 5, 13, 39]
    Edit distance: 18/33
  Sample 2:
    TRUE: [28, 24, 39, 27, 33, 20, 37, 39, 35, 17, 39, 21, 12, 8, 39, 16, 22, 39, 2, 22, 2, 6, 1, 29, 30, 39, 19, 2, 20, 33, 38, 2, 22, 39]
    PRED: [9, 24, 39, 27, 33, 20, 37, 39, 21, 17, 39, 21, 5, 8, 39, 16, 22, 39, 1, 22, 27, 0, 29, 28, 39, 33, 20, 33, 38, 2, 22, 39]
    Edit distance: 10/34
  Sample 3:
    TRUE: [20, 3, 27, 17, 37, 39, 19, 0, 28, 30, 33, 21, 39, 22, 17, 8, 2, 8, 39, 6, 20, 1, 19, 39, 14, 20, 2, 34, 37, 39, 30, 33, 39, 6, 17, 39, 19, 2, 21, 26, 20, 17, 30, 20, 17, 39, 10, 20, 2, 14, 2, 22, 30, 39]
    PRED: [35, 27, 24, 17, 39, 19, 1, 28, 5, 21, 2, 6, 39, 22, 10, 8, 39, 21, 1, 19, 39, 20, 16, 34, 39, 30, 33, 39, 6, 17, 39, 19, 2, 21, 26, 20, 39, 1, 20, 10, 8, 39]
    Edit distance: 27/54
  Sample 4:
    TRUE: [9, 2, 39, 30, 33, 31, 39, 13, 10, 27, 17, 39, 13, 11, 14, 0, 30, 39, 30, 33, 39, 19, 2, 21, 39, 35, 10, 22, 39, 27, 0, 18, 11, 37, 39, 30, 33, 31, 39, 13, 10, 20, 39, 4, 30, 39]
    PRED: [9, 2, 39, 8, 33, 31, 30, 39, 13, 16, 27, 17, 39, 13, 16, 17, 19, 0, 39, 30, 33, 39, 28, 2, 21, 39, 35, 10, 22, 39, 35, 27, 11, 0, 8, 11, 39, 31, 9, 33, 31, 13, 39, 13, 20, 4, 30, 39]
    Edit distance: 17/46

============================================================
Batch 54500 | Val PER: 0.3464
============================================================
  Sample 0:
    TRUE: [31, 17, 0, 19, 27, 2, 28, 17, 39, 27, 17, 19, 2, 22, 28, 16, 8, 11, 8, 39]
    PRED: [9, 17, 12, 0, 19, 28, 39, 8, 27, 17, 22, 28, 30, 17, 8, 39]
    Edit distance: 11/20
  Sample 1:
    TRUE: [27, 16, 7, 39, 26, 11, 7, 2, 28, 30, 39, 28, 10, 34, 27, 2, 20, 39, 28, 5, 22, 8, 39, 20, 16, 31, 2, 14, 27, 1, 13, 28, 39]
    PRED: [27, 10, 30, 39, 26, 27, 1, 7, 2, 8, 37, 39, 10, 34, 20, 39, 28, 5, 22, 8, 37, 39, 20, 16, 39, 5, 13, 30, 39]
    Edit distance: 16/33
  Sample 2:
    TRUE: [28, 24, 39, 27, 33, 20, 37, 39, 35, 17, 39, 21, 12, 8, 39, 16, 22, 39, 2, 22, 2, 6, 1, 29, 30, 39, 19, 2, 20, 33, 38, 2, 22, 39]
    PRED: [9, 24, 39, 27, 33, 20, 37, 39, 21, 17, 39, 21, 5, 8, 39, 16, 22, 39, 10, 22, 27, 0, 29, 39, 24, 20, 33, 38, 2, 22, 39]
    Edit distance: 10/34
  Sample 3:
    TRUE: [20, 3, 27, 17, 37, 39, 19, 0, 28, 30, 33, 21, 39, 22, 17, 8, 2, 8, 39, 6, 20, 1, 19, 39, 14, 20, 2, 34, 37, 39, 30, 33, 39, 6, 17, 39, 19, 2, 21, 26, 20, 17, 30, 20, 17, 39, 10, 20, 2, 14, 2, 22, 30, 39]
    PRED: [19, 27, 24, 37, 17, 39, 5, 1, 28, 5, 21, 2, 21, 39, 22, 10, 8, 39, 21, 0, 19, 39, 20, 2, 34, 39, 30, 33, 39, 6, 17, 39, 19, 2, 26, 20, 39, 20, 10, 30, 39]
    Edit distance: 27/54
  Sample 4:
    TRUE: [9, 2, 39, 30, 33, 31, 39, 13, 10, 27, 17, 39, 13, 11, 14, 0, 30, 39, 30, 33, 39, 19, 2, 21, 39, 35, 10, 22, 39, 27, 0, 18, 11, 37, 39, 30, 33, 31, 39, 13, 10, 20, 39, 4, 30, 39]
    PRED: [9, 2, 39, 30, 27, 33, 31, 30, 39, 13, 16, 39, 13, 16, 3, 19, 0, 30, 2, 39, 30, 33, 39, 28, 2, 21, 39, 35, 2, 22, 39, 35, 27, 11, 11, 39, 30, 9, 33, 31, 13, 39, 13, 20, 20, 4, 30, 39]
    Edit distance: 19/46

============================================================
Batch 55000 | Val PER: 0.3476
============================================================
  Sample 0:
    TRUE: [31, 17, 0, 19, 27, 2, 28, 17, 39, 27, 17, 19, 2, 22, 28, 16, 8, 11, 8, 39]
    PRED: [9, 2, 0, 19, 28, 39, 8, 27, 16, 22, 28, 30, 8, 39]
    Edit distance: 12/20
  Sample 1:
    TRUE: [27, 16, 7, 39, 26, 11, 7, 2, 28, 30, 39, 28, 10, 34, 27, 2, 20, 39, 28, 5, 22, 8, 39, 20, 16, 31, 2, 14, 27, 1, 13, 28, 39]
    PRED: [27, 10, 28, 30, 39, 26, 27, 1, 28, 2, 37, 39, 10, 34, 20, 39, 5, 2, 8, 37, 39, 20, 16, 39, 5, 13, 39]
    Edit distance: 20/33
  Sample 2:
    TRUE: [28, 24, 39, 27, 33, 20, 37, 39, 35, 17, 39, 21, 12, 8, 39, 16, 22, 39, 2, 22, 2, 6, 1, 29, 30, 39, 19, 2, 20, 33, 38, 2, 22, 39]
    PRED: [9, 33, 39, 27, 33, 20, 37, 39, 21, 17, 39, 21, 5, 8, 39, 16, 22, 39, 2, 22, 27, 1, 29, 39, 33, 20, 33, 38, 2, 22, 39]
    Edit distance: 9/34
  Sample 3:
    TRUE: [20, 3, 27, 17, 37, 39, 19, 0, 28, 30, 33, 21, 39, 22, 17, 8, 2, 8, 39, 6, 20, 1, 19, 39, 14, 20, 2, 34, 37, 39, 30, 33, 39, 6, 17, 39, 19, 2, 21, 26, 20, 17, 30, 20, 17, 39, 10, 20, 2, 14, 2, 22, 30, 39]
    PRED: [35, 27, 24, 37, 17, 39, 19, 5, 1, 28, 5, 21, 2, 21, 39, 22, 10, 8, 39, 21, 1, 19, 39, 20, 2, 34, 37, 39, 30, 33, 39, 21, 17, 39, 19, 2, 26, 20, 30, 39, 1, 20, 10, 8, 39]
    Edit distance: 26/54
  Sample 4:
    TRUE: [9, 2, 39, 30, 33, 31, 39, 13, 10, 27, 17, 39, 13, 11, 14, 0, 30, 39, 30, 33, 39, 19, 2, 21, 39, 35, 10, 22, 39, 27, 0, 18, 11, 37, 39, 30, 33, 31, 39, 13, 10, 20, 39, 4, 30, 39]
    PRED: [9, 2, 39, 30, 33, 31, 30, 39, 13, 10, 27, 39, 13, 16, 3, 19, 0, 2, 39, 30, 33, 39, 28, 30, 2, 21, 39, 35, 10, 22, 39, 35, 27, 11, 8, 11, 39, 9, 33, 31, 13, 39, 13, 20, 4, 30, 39]
    Edit distance: 16/46

============================================================
Batch 55500 | Val PER: 0.3454
============================================================
  Sample 0:
    TRUE: [31, 17, 0, 19, 27, 2, 28, 17, 39, 27, 17, 19, 2, 22, 28, 16, 8, 11, 8, 39]
    PRED: [9, 2, 0, 19, 28, 39, 8, 27, 28, 30, 8, 39]
    Edit distance: 13/20
  Sample 1:
    TRUE: [27, 16, 7, 39, 26, 11, 7, 2, 28, 30, 39, 28, 10, 34, 27, 2, 20, 39, 28, 5, 22, 8, 39, 20, 16, 31, 2, 14, 27, 1, 13, 28, 39]
    PRED: [27, 10, 30, 39, 26, 27, 11, 1, 28, 2, 8, 37, 39, 10, 34, 20, 39, 5, 37, 8, 2, 8, 30, 39, 20, 16, 2, 39, 5, 13, 39]
    Edit distance: 20/33
  Sample 2:
    TRUE: [28, 24, 39, 27, 33, 20, 37, 39, 35, 17, 39, 21, 12, 8, 39, 16, 22, 39, 2, 22, 2, 6, 1, 29, 30, 39, 19, 2, 20, 33, 38, 2, 22, 39]
    PRED: [9, 24, 39, 33, 20, 37, 39, 21, 17, 39, 21, 12, 8, 39, 16, 22, 39, 1, 22, 27, 1, 29, 39, 33, 20, 33, 38, 2, 22, 39]
    Edit distance: 9/34
  Sample 3:
    TRUE: [20, 3, 27, 17, 37, 39, 19, 0, 28, 30, 33, 21, 39, 22, 17, 8, 2, 8, 39, 6, 20, 1, 19, 39, 14, 20, 2, 34, 37, 39, 30, 33, 39, 6, 17, 39, 19, 2, 21, 26, 20, 17, 30, 20, 17, 39, 10, 20, 2, 14, 2, 22, 30, 39]
    PRED: [35, 27, 24, 37, 17, 39, 19, 5, 1, 28, 5, 21, 34, 6, 39, 22, 10, 8, 39, 21, 0, 19, 39, 20, 16, 34, 37, 39, 30, 33, 39, 6, 17, 39, 19, 2, 26, 20, 39, 1, 20, 10, 8, 39]
    Edit distance: 29/54
  Sample 4:
    TRUE: [9, 2, 39, 30, 33, 31, 39, 13, 10, 27, 17, 39, 13, 11, 14, 0, 30, 39, 30, 33, 39, 19, 2, 21, 39, 35, 10, 22, 39, 27, 0, 18, 11, 37, 39, 30, 33, 31, 39, 13, 10, 20, 39, 4, 30, 39]
    PRED: [9, 2, 39, 30, 27, 33, 31, 30, 39, 13, 10, 11, 39, 13, 3, 19, 0, 30, 39, 30, 33, 39, 28, 0, 2, 21, 39, 35, 10, 22, 39, 27, 11, 11, 39, 31, 9, 33, 31, 13, 39, 13, 20, 4, 30, 39]
    Edit distance: 16/46

============================================================
Batch 56000 | Val PER: 0.3462
============================================================
  Sample 0:
    TRUE: [31, 17, 0, 19, 27, 2, 28, 17, 39, 27, 17, 19, 2, 22, 28, 16, 8, 11, 8, 39]
    PRED: [9, 2, 0, 28, 28, 39, 8, 27, 16, 28, 30, 17, 8, 39]
    Edit distance: 14/20
  Sample 1:
    TRUE: [27, 16, 7, 39, 26, 11, 7, 2, 28, 30, 39, 28, 10, 34, 27, 2, 20, 39, 28, 5, 22, 8, 39, 20, 16, 31, 2, 14, 27, 1, 13, 28, 39]
    PRED: [27, 10, 28, 30, 39, 26, 27, 1, 28, 2, 8, 37, 39, 10, 34, 20, 39, 5, 22, 8, 37, 39, 20, 16, 2, 39, 8, 5, 13, 39]
    Edit distance: 18/33
  Sample 2:
    TRUE: [28, 24, 39, 27, 33, 20, 37, 39, 35, 17, 39, 21, 12, 8, 39, 16, 22, 39, 2, 22, 2, 6, 1, 29, 30, 39, 19, 2, 20, 33, 38, 2, 22, 39]
    PRED: [9, 33, 39, 27, 33, 20, 37, 39, 35, 17, 39, 21, 10, 8, 39, 16, 22, 39, 16, 22, 27, 1, 29, 39, 33, 20, 33, 38, 2, 22, 39]
    Edit distance: 9/34
  Sample 3:
    TRUE: [20, 3, 27, 17, 37, 39, 19, 0, 28, 30, 33, 21, 39, 22, 17, 8, 2, 8, 39, 6, 20, 1, 19, 39, 14, 20, 2, 34, 37, 39, 30, 33, 39, 6, 17, 39, 19, 2, 21, 26, 20, 17, 30, 20, 17, 39, 10, 20, 2, 14, 2, 22, 30, 39]
    PRED: [35, 27, 24, 37, 17, 39, 19, 5, 1, 28, 5, 24, 34, 21, 39, 22, 10, 8, 39, 21, 1, 19, 39, 20, 16, 34, 39, 30, 33, 39, 6, 17, 39, 19, 2, 21, 26, 20, 39, 20, 10, 2, 22, 39]
    Edit distance: 25/54
  Sample 4:
    TRUE: [9, 2, 39, 30, 33, 31, 39, 13, 10, 27, 17, 39, 13, 11, 14, 0, 30, 39, 30, 33, 39, 19, 2, 21, 39, 35, 10, 22, 39, 27, 0, 18, 11, 37, 39, 30, 33, 31, 39, 13, 10, 20, 39, 4, 30, 39]
    PRED: [9, 2, 39, 8, 33, 31, 30, 39, 16, 11, 39, 13, 16, 3, 19, 0, 30, 2, 39, 30, 33, 39, 28, 0, 21, 39, 35, 10, 22, 39, 27, 11, 11, 39, 9, 33, 31, 13, 39, 13, 5, 20, 39, 4, 30, 39]
    Edit distance: 18/46

============================================================
Batch 56500 | Val PER: 0.3459
============================================================
  Sample 0:
    TRUE: [31, 17, 0, 19, 27, 2, 28, 17, 39, 27, 17, 19, 2, 22, 28, 16, 8, 11, 8, 39]
    PRED: [9, 12, 39, 28, 39, 8, 27, 16, 22, 28, 30, 8, 39]
    Edit distance: 14/20
  Sample 1:
    TRUE: [27, 16, 7, 39, 26, 11, 7, 2, 28, 30, 39, 28, 10, 34, 27, 2, 20, 39, 28, 5, 22, 8, 39, 20, 16, 31, 2, 14, 27, 1, 13, 28, 39]
    PRED: [27, 10, 28, 30, 39, 26, 27, 11, 1, 28, 2, 8, 37, 39, 10, 34, 20, 39, 28, 5, 8, 22, 8, 37, 39, 20, 16, 9, 33, 39, 5, 13, 39]
    Edit distance: 19/33
  Sample 2:
    TRUE: [28, 24, 39, 27, 33, 20, 37, 39, 35, 17, 39, 21, 12, 8, 39, 16, 22, 39, 2, 22, 2, 6, 1, 29, 30, 39, 19, 2, 20, 33, 38, 2, 22, 39]
    PRED: [9, 33, 39, 27, 33, 20, 37, 39, 21, 17, 39, 21, 10, 8, 39, 16, 22, 39, 10, 22, 27, 5, 29, 39, 33, 20, 33, 38, 2, 22, 39]
    Edit distance: 11/34
  Sample 3:
    TRUE: [20, 3, 27, 17, 37, 39, 19, 0, 28, 30, 33, 21, 39, 22, 17, 8, 2, 8, 39, 6, 20, 1, 19, 39, 14, 20, 2, 34, 37, 39, 30, 33, 39, 6, 17, 39, 19, 2, 21, 26, 20, 17, 30, 20, 17, 39, 10, 20, 2, 14, 2, 22, 30, 39]
    PRED: [35, 27, 24, 37, 17, 39, 28, 5, 28, 5, 21, 6, 39, 22, 10, 8, 39, 21, 0, 19, 39, 20, 16, 34, 39, 30, 33, 39, 6, 17, 39, 19, 0, 26, 20, 39, 20, 2, 10, 2, 22, 39]
    Edit distance: 27/54
  Sample 4:
    TRUE: [9, 2, 39, 30, 33, 31, 39, 13, 10, 27, 17, 39, 13, 11, 14, 0, 30, 39, 30, 33, 39, 19, 2, 21, 39, 35, 10, 22, 39, 27, 0, 18, 11, 37, 39, 30, 33, 31, 39, 13, 10, 20, 39, 4, 30, 39]
    PRED: [9, 2, 39, 30, 33, 31, 30, 39, 13, 10, 27, 17, 17, 39, 13, 16, 3, 19, 0, 30, 39, 30, 33, 39, 28, 33, 21, 39, 35, 10, 22, 39, 35, 27, 11, 11, 39, 9, 33, 31, 13, 39, 13, 20, 39, 4, 30, 39]
    Edit distance: 14/46

============================================================
Batch 57000 | Val PER: 0.3444
============================================================
  Sample 0:
    TRUE: [31, 17, 0, 19, 27, 2, 28, 17, 39, 27, 17, 19, 2, 22, 28, 16, 8, 11, 8, 39]
    PRED: [9, 2, 12, 0, 19, 28, 39, 8, 27, 16, 22, 28, 30, 8, 39]
    Edit distance: 13/20
  Sample 1:
    TRUE: [27, 16, 7, 39, 26, 11, 7, 2, 28, 30, 39, 28, 10, 34, 27, 2, 20, 39, 28, 5, 22, 8, 39, 20, 16, 31, 2, 14, 27, 1, 13, 28, 39]
    PRED: [27, 10, 28, 30, 39, 26, 27, 11, 1, 28, 2, 37, 39, 10, 34, 20, 39, 5, 8, 22, 8, 37, 39, 20, 16, 5, 13, 39]
    Edit distance: 20/33
  Sample 2:
    TRUE: [28, 24, 39, 27, 33, 20, 37, 39, 35, 17, 39, 21, 12, 8, 39, 16, 22, 39, 2, 22, 2, 6, 1, 29, 30, 39, 19, 2, 20, 33, 38, 2, 22, 39]
    PRED: [9, 24, 39, 33, 20, 37, 39, 21, 17, 39, 21, 5, 8, 39, 16, 22, 39, 0, 22, 27, 0, 29, 39, 33, 20, 33, 38, 2, 22, 39]
    Edit distance: 11/34
  Sample 3:
    TRUE: [20, 3, 27, 17, 37, 39, 19, 0, 28, 30, 33, 21, 39, 22, 17, 8, 2, 8, 39, 6, 20, 1, 19, 39, 14, 20, 2, 34, 37, 39, 30, 33, 39, 6, 17, 39, 19, 2, 21, 26, 20, 17, 30, 20, 17, 39, 10, 20, 2, 14, 2, 22, 30, 39]
    PRED: [35, 27, 24, 17, 39, 5, 5, 21, 6, 21, 39, 22, 10, 8, 39, 21, 0, 19, 39, 20, 2, 34, 8, 39, 30, 33, 39, 6, 17, 39, 19, 0, 26, 20, 39, 4, 20, 10, 2, 22, 39]
    Edit distance: 27/54
  Sample 4:
    TRUE: [9, 2, 39, 30, 33, 31, 39, 13, 10, 27, 17, 39, 13, 11, 14, 0, 30, 39, 30, 33, 39, 19, 2, 21, 39, 35, 10, 22, 39, 27, 0, 18, 11, 37, 39, 30, 33, 31, 39, 13, 10, 20, 39, 4, 30, 39]
    PRED: [9, 2, 39, 36, 27, 33, 31, 30, 39, 13, 10, 39, 13, 3, 19, 0, 30, 39, 30, 33, 39, 28, 0, 21, 39, 35, 10, 22, 39, 27, 11, 11, 39, 9, 33, 31, 13, 39, 13, 20, 20, 39, 4, 30, 39]
    Edit distance: 15/46

============================================================
Batch 57500 | Val PER: 0.3410
============================================================
  Sample 0:
    TRUE: [31, 17, 0, 19, 27, 2, 28, 17, 39, 27, 17, 19, 2, 22, 28, 16, 8, 11, 8, 39]
    PRED: [9, 2, 0, 19, 28, 28, 39, 8, 27, 16, 28, 30, 8, 39]
    Edit distance: 13/20
  Sample 1:
    TRUE: [27, 16, 7, 39, 26, 11, 7, 2, 28, 30, 39, 28, 10, 34, 27, 2, 20, 39, 28, 5, 22, 8, 39, 20, 16, 31, 2, 14, 27, 1, 13, 28, 39]
    PRED: [27, 10, 28, 30, 39, 26, 27, 11, 1, 7, 2, 8, 37, 39, 10, 34, 20, 39, 5, 8, 39, 20, 16, 39, 5, 13, 39]
    Edit distance: 18/33
  Sample 2:
    TRUE: [28, 24, 39, 27, 33, 20, 37, 39, 35, 17, 39, 21, 12, 8, 39, 16, 22, 39, 2, 22, 2, 6, 1, 29, 30, 39, 19, 2, 20, 33, 38, 2, 22, 39]
    PRED: [9, 24, 39, 27, 33, 20, 37, 39, 21, 17, 39, 21, 12, 8, 39, 16, 22, 39, 1, 22, 27, 1, 29, 39, 33, 20, 33, 38, 2, 22, 39]
    Edit distance: 8/34
  Sample 3:
    TRUE: [20, 3, 27, 17, 37, 39, 19, 0, 28, 30, 33, 21, 39, 22, 17, 8, 2, 8, 39, 6, 20, 1, 19, 39, 14, 20, 2, 34, 37, 39, 30, 33, 39, 6, 17, 39, 19, 2, 21, 26, 20, 17, 30, 20, 17, 39, 10, 20, 2, 14, 2, 22, 30, 39]
    PRED: [35, 27, 24, 37, 17, 39, 5, 28, 5, 21, 6, 21, 39, 22, 10, 8, 39, 21, 0, 19, 39, 20, 2, 34, 8, 39, 30, 33, 39, 6, 17, 39, 19, 2, 26, 20, 39, 4, 20, 10, 30, 39]
    Edit distance: 27/54
  Sample 4:
    TRUE: [9, 2, 39, 30, 33, 31, 39, 13, 10, 27, 17, 39, 13, 11, 14, 0, 30, 39, 30, 33, 39, 19, 2, 21, 39, 35, 10, 22, 39, 27, 0, 18, 11, 37, 39, 30, 33, 31, 39, 13, 10, 20, 39, 4, 30, 39]
    PRED: [9, 2, 39, 8, 33, 31, 30, 39, 13, 16, 11, 39, 13, 16, 17, 19, 0, 30, 39, 30, 33, 39, 28, 2, 21, 39, 35, 2, 22, 39, 27, 11, 11, 39, 31, 9, 33, 31, 13, 39, 13, 20, 4, 30, 39]
    Edit distance: 18/46

============================================================
Batch 58000 | Val PER: 0.3408
============================================================
  Sample 0:
    TRUE: [31, 17, 0, 19, 27, 2, 28, 17, 39, 27, 17, 19, 2, 22, 28, 16, 8, 11, 8, 39]
    PRED: [9, 17, 0, 19, 28, 39, 8, 27, 17, 28, 30, 8, 39]
    Edit distance: 11/20
  Sample 1:
    TRUE: [27, 16, 7, 39, 26, 11, 7, 2, 28, 30, 39, 28, 10, 34, 27, 2, 20, 39, 28, 5, 22, 8, 39, 20, 16, 31, 2, 14, 27, 1, 13, 28, 39]
    PRED: [27, 10, 28, 30, 39, 26, 27, 11, 1, 7, 2, 8, 37, 39, 10, 34, 20, 39, 5, 22, 8, 39, 20, 16, 39, 9, 39, 5, 13, 39]
    Edit distance: 17/33
  Sample 2:
    TRUE: [28, 24, 39, 27, 33, 20, 37, 39, 35, 17, 39, 21, 12, 8, 39, 16, 22, 39, 2, 22, 2, 6, 1, 29, 30, 39, 19, 2, 20, 33, 38, 2, 22, 39]
    PRED: [9, 24, 39, 27, 33, 20, 37, 39, 21, 17, 39, 21, 5, 8, 39, 16, 22, 39, 1, 22, 27, 1, 29, 39, 19, 33, 20, 33, 38, 2, 22, 39]
    Edit distance: 8/34
  Sample 3:
    TRUE: [20, 3, 27, 17, 37, 39, 19, 0, 28, 30, 33, 21, 39, 22, 17, 8, 2, 8, 39, 6, 20, 1, 19, 39, 14, 20, 2, 34, 37, 39, 30, 33, 39, 6, 17, 39, 19, 2, 21, 26, 20, 17, 30, 20, 17, 39, 10, 20, 2, 14, 2, 22, 30, 39]
    PRED: [19, 27, 24, 37, 17, 39, 19, 5, 28, 5, 21, 6, 21, 39, 22, 10, 8, 39, 21, 1, 19, 39, 20, 2, 34, 37, 39, 30, 33, 39, 6, 17, 39, 19, 2, 26, 20, 39, 20, 10, 22, 39]
    Edit distance: 24/54
  Sample 4:
    TRUE: [9, 2, 39, 30, 33, 31, 39, 13, 10, 27, 17, 39, 13, 11, 14, 0, 30, 39, 30, 33, 39, 19, 2, 21, 39, 35, 10, 22, 39, 27, 0, 18, 11, 37, 39, 30, 33, 31, 39, 13, 10, 20, 39, 4, 30, 39]
    PRED: [9, 2, 39, 8, 27, 33, 31, 30, 39, 13, 10, 11, 39, 13, 17, 19, 0, 30, 39, 30, 33, 39, 28, 5, 21, 39, 35, 10, 22, 39, 35, 27, 11, 11, 39, 31, 9, 33, 31, 13, 39, 13, 20, 39, 4, 30, 39]
    Edit distance: 17/46

============================================================
Batch 58500 | Val PER: 0.3415
============================================================
  Sample 0:
    TRUE: [31, 17, 0, 19, 27, 2, 28, 17, 39, 27, 17, 19, 2, 22, 28, 16, 8, 11, 8, 39]
    PRED: [9, 2, 12, 0, 19, 28, 39, 8, 27, 16, 22, 30, 17, 8, 39]
    Edit distance: 14/20
  Sample 1:
    TRUE: [27, 16, 7, 39, 26, 11, 7, 2, 28, 30, 39, 28, 10, 34, 27, 2, 20, 39, 28, 5, 22, 8, 39, 20, 16, 31, 2, 14, 27, 1, 13, 28, 39]
    PRED: [27, 10, 28, 30, 39, 26, 27, 11, 1, 7, 2, 8, 37, 39, 10, 34, 2, 20, 39, 28, 5, 8, 39, 20, 16, 9, 28, 39, 1, 13, 30, 39]
    Edit distance: 15/33
  Sample 2:
    TRUE: [28, 24, 39, 27, 33, 20, 37, 39, 35, 17, 39, 21, 12, 8, 39, 16, 22, 39, 2, 22, 2, 6, 1, 29, 30, 39, 19, 2, 20, 33, 38, 2, 22, 39]
    PRED: [9, 33, 39, 27, 33, 20, 37, 39, 21, 17, 39, 21, 12, 8, 39, 16, 22, 39, 1, 22, 27, 1, 29, 30, 39, 33, 20, 33, 38, 2, 22, 39]
    Edit distance: 8/34
  Sample 3:
    TRUE: [20, 3, 27, 17, 37, 39, 19, 0, 28, 30, 33, 21, 39, 22, 17, 8, 2, 8, 39, 6, 20, 1, 19, 39, 14, 20, 2, 34, 37, 39, 30, 33, 39, 6, 17, 39, 19, 2, 21, 26, 20, 17, 30, 20, 17, 39, 10, 20, 2, 14, 2, 22, 30, 39]
    PRED: [19, 27, 24, 37, 17, 39, 19, 1, 28, 5, 21, 39, 22, 10, 8, 39, 21, 0, 19, 39, 20, 16, 34, 37, 39, 30, 33, 39, 6, 17, 39, 19, 26, 20, 39, 20, 10, 8, 39]
    Edit distance: 27/54
  Sample 4:
    TRUE: [9, 2, 39, 30, 33, 31, 39, 13, 10, 27, 17, 39, 13, 11, 14, 0, 30, 39, 30, 33, 39, 19, 2, 21, 39, 35, 10, 22, 39, 27, 0, 18, 11, 37, 39, 30, 33, 31, 39, 13, 10, 20, 39, 4, 30, 39]
    PRED: [9, 2, 39, 36, 27, 33, 31, 30, 39, 13, 10, 27, 17, 39, 13, 16, 3, 19, 0, 30, 39, 30, 33, 39, 28, 5, 21, 39, 35, 10, 22, 39, 27, 11, 11, 39, 31, 9, 33, 31, 13, 39, 5, 20, 20, 39, 4, 30, 39]
    Edit distance: 16/46

============================================================
Batch 59000 | Val PER: 0.3402
============================================================
  Sample 0:
    TRUE: [31, 17, 0, 19, 27, 2, 28, 17, 39, 27, 17, 19, 2, 22, 28, 16, 8, 11, 8, 39]
    PRED: [9, 2, 12, 28, 39, 27, 16, 28, 30, 8, 39]
    Edit distance: 14/20
  Sample 1:
    TRUE: [27, 16, 7, 39, 26, 11, 7, 2, 28, 30, 39, 28, 10, 34, 27, 2, 20, 39, 28, 5, 22, 8, 39, 20, 16, 31, 2, 14, 27, 1, 13, 28, 39]
    PRED: [10, 28, 30, 39, 26, 27, 11, 1, 28, 2, 8, 37, 39, 10, 34, 20, 39, 5, 8, 39, 20, 16, 9, 39, 10, 13, 28, 39]
    Edit distance: 18/33
  Sample 2:
    TRUE: [28, 24, 39, 27, 33, 20, 37, 39, 35, 17, 39, 21, 12, 8, 39, 16, 22, 39, 2, 22, 2, 6, 1, 29, 30, 39, 19, 2, 20, 33, 38, 2, 22, 39]
    PRED: [9, 24, 39, 33, 20, 24, 37, 39, 21, 17, 39, 21, 5, 8, 39, 16, 22, 39, 1, 22, 27, 1, 29, 39, 33, 20, 33, 38, 2, 22, 8, 39]
    Edit distance: 12/34
  Sample 3:
    TRUE: [20, 3, 27, 17, 37, 39, 19, 0, 28, 30, 33, 21, 39, 22, 17, 8, 2, 8, 39, 6, 20, 1, 19, 39, 14, 20, 2, 34, 37, 39, 30, 33, 39, 6, 17, 39, 19, 2, 21, 26, 20, 17, 30, 20, 17, 39, 10, 20, 2, 14, 2, 22, 30, 39]
    PRED: [35, 27, 24, 17, 39, 5, 5, 21, 6, 21, 39, 22, 10, 8, 39, 21, 0, 19, 39, 20, 2, 34, 37, 39, 30, 33, 39, 6, 17, 39, 19, 2, 21, 26, 20, 39, 20, 10, 8, 39]
    Edit distance: 26/54
  Sample 4:
    TRUE: [9, 2, 39, 30, 33, 31, 39, 13, 10, 27, 17, 39, 13, 11, 14, 0, 30, 39, 30, 33, 39, 19, 2, 21, 39, 35, 10, 22, 39, 27, 0, 18, 11, 37, 39, 30, 33, 31, 39, 13, 10, 20, 39, 4, 30, 39]
    PRED: [9, 2, 39, 27, 33, 31, 30, 39, 13, 10, 39, 13, 3, 19, 0, 39, 30, 33, 39, 28, 2, 21, 39, 35, 10, 22, 39, 35, 27, 11, 11, 39, 31, 9, 33, 31, 13, 39, 13, 20, 20, 39, 4, 30, 39]
    Edit distance: 16/46

============================================================
Batch 59500 | Val PER: 0.3450
============================================================
  Sample 0:
    TRUE: [31, 17, 0, 19, 27, 2, 28, 17, 39, 27, 17, 19, 2, 22, 28, 16, 8, 11, 8, 39]
    PRED: [9, 2, 0, 19, 28, 39, 8, 27, 16, 22, 30, 8, 39]
    Edit distance: 13/20
  Sample 1:
    TRUE: [27, 16, 7, 39, 26, 11, 7, 2, 28, 30, 39, 28, 10, 34, 27, 2, 20, 39, 28, 5, 22, 8, 39, 20, 16, 31, 2, 14, 27, 1, 13, 28, 39]
    PRED: [27, 10, 28, 30, 39, 26, 27, 25, 1, 7, 2, 8, 37, 39, 10, 34, 20, 39, 5, 8, 39, 20, 16, 9, 39, 5, 13, 39]
    Edit distance: 19/33
  Sample 2:
    TRUE: [28, 24, 39, 27, 33, 20, 37, 39, 35, 17, 39, 21, 12, 8, 39, 16, 22, 39, 2, 22, 2, 6, 1, 29, 30, 39, 19, 2, 20, 33, 38, 2, 22, 39]
    PRED: [9, 24, 39, 27, 33, 20, 37, 39, 21, 17, 39, 21, 5, 8, 39, 16, 22, 39, 1, 22, 27, 1, 29, 39, 33, 20, 33, 38, 2, 22, 8, 39]
    Edit distance: 10/34
  Sample 3:
    TRUE: [20, 3, 27, 17, 37, 39, 19, 0, 28, 30, 33, 21, 39, 22, 17, 8, 2, 8, 39, 6, 20, 1, 19, 39, 14, 20, 2, 34, 37, 39, 30, 33, 39, 6, 17, 39, 19, 2, 21, 26, 20, 17, 30, 20, 17, 39, 10, 20, 2, 14, 2, 22, 30, 39]
    PRED: [35, 27, 24, 37, 17, 39, 5, 5, 34, 21, 39, 22, 10, 8, 39, 21, 0, 19, 39, 20, 2, 34, 8, 39, 30, 33, 39, 6, 17, 39, 20, 2, 26, 20, 17, 39, 20, 2, 10, 8, 39]
    Edit distance: 27/54
  Sample 4:
    TRUE: [9, 2, 39, 30, 33, 31, 39, 13, 10, 27, 17, 39, 13, 11, 14, 0, 30, 39, 30, 33, 39, 19, 2, 21, 39, 35, 10, 22, 39, 27, 0, 18, 11, 37, 39, 30, 33, 31, 39, 13, 10, 20, 39, 4, 30, 39]
    PRED: [9, 2, 39, 8, 27, 33, 31, 39, 13, 8, 16, 27, 11, 39, 13, 3, 19, 0, 39, 30, 33, 39, 28, 2, 21, 39, 35, 2, 22, 39, 35, 27, 11, 11, 39, 9, 33, 31, 13, 39, 13, 5, 20, 20, 39, 4, 30, 39]
    Edit distance: 18/46

============================================================
Batch 60000 | Val PER: 0.3383
============================================================
  Sample 0:
    TRUE: [31, 17, 0, 19, 27, 2, 28, 17, 39, 27, 17, 19, 2, 22, 28, 16, 8, 11, 8, 39]
    PRED: [9, 2, 19, 28, 28, 39, 8, 27, 16, 22, 28, 30, 8, 39]
    Edit distance: 13/20
  Sample 1:
    TRUE: [27, 16, 7, 39, 26, 11, 7, 2, 28, 30, 39, 28, 10, 34, 27, 2, 20, 39, 28, 5, 22, 8, 39, 20, 16, 31, 2, 14, 27, 1, 13, 28, 39]
    PRED: [27, 10, 30, 39, 26, 27, 11, 1, 7, 2, 8, 37, 39, 10, 34, 20, 39, 5, 8, 39, 20, 16, 9, 39, 5, 13, 39]
    Edit distance: 17/33
  Sample 2:
    TRUE: [28, 24, 39, 27, 33, 20, 37, 39, 35, 17, 39, 21, 12, 8, 39, 16, 22, 39, 2, 22, 2, 6, 1, 29, 30, 39, 19, 2, 20, 33, 38, 2, 22, 39]
    PRED: [9, 24, 39, 27, 33, 20, 24, 37, 39, 21, 17, 39, 21, 5, 8, 39, 16, 22, 39, 1, 22, 27, 1, 29, 39, 33, 20, 33, 38, 2, 22, 39]
    Edit distance: 10/34
  Sample 3:
    TRUE: [20, 3, 27, 17, 37, 39, 19, 0, 28, 30, 33, 21, 39, 22, 17, 8, 2, 8, 39, 6, 20, 1, 19, 39, 14, 20, 2, 34, 37, 39, 30, 33, 39, 6, 17, 39, 19, 2, 21, 26, 20, 17, 30, 20, 17, 39, 10, 20, 2, 14, 2, 22, 30, 39]
    PRED: [35, 27, 24, 17, 39, 5, 1, 28, 5, 6, 39, 22, 10, 8, 39, 21, 0, 19, 39, 20, 2, 34, 8, 39, 30, 33, 39, 6, 17, 39, 20, 2, 26, 20, 30, 39, 20, 10, 8, 39]
    Edit distance: 28/54
  Sample 4:
    TRUE: [9, 2, 39, 30, 33, 31, 39, 13, 10, 27, 17, 39, 13, 11, 14, 0, 30, 39, 30, 33, 39, 19, 2, 21, 39, 35, 10, 22, 39, 27, 0, 18, 11, 37, 39, 30, 33, 31, 39, 13, 10, 20, 39, 4, 30, 39]
    PRED: [9, 2, 39, 8, 27, 33, 31, 30, 39, 10, 27, 11, 39, 3, 19, 0, 30, 39, 30, 33, 39, 28, 2, 21, 39, 35, 2, 22, 39, 27, 11, 8, 11, 39, 31, 9, 33, 31, 13, 39, 13, 20, 4, 30, 39]
    Edit distance: 18/46

============================================================
Batch 60500 | Val PER: 0.3434
============================================================
  Sample 0:
    TRUE: [31, 17, 0, 19, 27, 2, 28, 17, 39, 27, 17, 19, 2, 22, 28, 16, 8, 11, 8, 39]
    PRED: [9, 17, 0, 19, 28, 39, 8, 27, 16, 22, 2, 30, 8, 39]
    Edit distance: 12/20
  Sample 1:
    TRUE: [27, 16, 7, 39, 26, 11, 7, 2, 28, 30, 39, 28, 10, 34, 27, 2, 20, 39, 28, 5, 22, 8, 39, 20, 16, 31, 2, 14, 27, 1, 13, 28, 39]
    PRED: [27, 10, 19, 30, 39, 26, 27, 25, 1, 28, 2, 8, 37, 39, 10, 34, 20, 39, 28, 5, 22, 8, 39, 20, 16, 9, 14, 5, 13, 39]
    Edit distance: 17/33
  Sample 2:
    TRUE: [28, 24, 39, 27, 33, 20, 37, 39, 35, 17, 39, 21, 12, 8, 39, 16, 22, 39, 2, 22, 2, 6, 1, 29, 30, 39, 19, 2, 20, 33, 38, 2, 22, 39]
    PRED: [9, 24, 39, 27, 33, 20, 24, 37, 39, 21, 5, 39, 21, 25, 8, 39, 16, 22, 39, 1, 22, 27, 5, 29, 39, 33, 20, 33, 38, 2, 22, 39]
    Edit distance: 12/34
  Sample 3:
    TRUE: [20, 3, 27, 17, 37, 39, 19, 0, 28, 30, 33, 21, 39, 22, 17, 8, 2, 8, 39, 6, 20, 1, 19, 39, 14, 20, 2, 34, 37, 39, 30, 33, 39, 6, 17, 39, 19, 2, 21, 26, 20, 17, 30, 20, 17, 39, 10, 20, 2, 14, 2, 22, 30, 39]
    PRED: [35, 27, 24, 37, 17, 39, 5, 28, 29, 5, 2, 6, 39, 22, 12, 8, 39, 21, 1, 19, 39, 20, 2, 34, 37, 39, 30, 33, 39, 6, 17, 39, 19, 2, 26, 20, 17, 39, 1, 20, 2, 10, 8, 39]
    Edit distance: 25/54
  Sample 4:
    TRUE: [9, 2, 39, 30, 33, 31, 39, 13, 10, 27, 17, 39, 13, 11, 14, 0, 30, 39, 30, 33, 39, 19, 2, 21, 39, 35, 10, 22, 39, 27, 0, 18, 11, 37, 39, 30, 33, 31, 39, 13, 10, 20, 39, 4, 30, 39]
    PRED: [9, 2, 39, 27, 33, 31, 39, 13, 16, 27, 17, 39, 13, 16, 3, 19, 0, 30, 39, 30, 33, 39, 28, 2, 21, 39, 35, 2, 22, 39, 35, 27, 11, 11, 39, 31, 9, 33, 31, 13, 39, 13, 20, 4, 30, 39]
    Edit distance: 16/46

============================================================
Batch 61000 | Val PER: 0.3403
============================================================
  Sample 0:
    TRUE: [31, 17, 0, 19, 27, 2, 28, 17, 39, 27, 17, 19, 2, 22, 28, 16, 8, 11, 8, 39]
    PRED: [9, 2, 0, 19, 28, 39, 8, 27, 17, 22, 30, 8, 39]
    Edit distance: 12/20
  Sample 1:
    TRUE: [27, 16, 7, 39, 26, 11, 7, 2, 28, 30, 39, 28, 10, 34, 27, 2, 20, 39, 28, 5, 22, 8, 39, 20, 16, 31, 2, 14, 27, 1, 13, 28, 39]
    PRED: [27, 10, 7, 19, 30, 39, 26, 27, 25, 1, 7, 2, 8, 37, 39, 10, 34, 2, 20, 39, 5, 22, 8, 39, 20, 16, 9, 10, 13, 39]
    Edit distance: 17/33
  Sample 2:
    TRUE: [28, 24, 39, 27, 33, 20, 37, 39, 35, 17, 39, 21, 12, 8, 39, 16, 22, 39, 2, 22, 2, 6, 1, 29, 30, 39, 19, 2, 20, 33, 38, 2, 22, 39]
    PRED: [9, 24, 39, 33, 20, 24, 37, 39, 21, 17, 39, 21, 25, 8, 39, 16, 22, 39, 0, 22, 27, 5, 29, 39, 19, 33, 20, 33, 38, 2, 22, 39]
    Edit distance: 11/34
  Sample 3:
    TRUE: [20, 3, 27, 17, 37, 39, 19, 0, 28, 30, 33, 21, 39, 22, 17, 8, 2, 8, 39, 6, 20, 1, 19, 39, 14, 20, 2, 34, 37, 39, 30, 33, 39, 6, 17, 39, 19, 2, 21, 26, 20, 17, 30, 20, 17, 39, 10, 20, 2, 14, 2, 22, 30, 39]
    PRED: [19, 27, 24, 9, 17, 39, 19, 1, 28, 5, 21, 2, 21, 39, 22, 10, 8, 39, 21, 27, 0, 19, 39, 14, 20, 16, 34, 37, 39, 30, 33, 39, 6, 17, 39, 19, 2, 26, 20, 39, 20, 2, 10, 2, 8, 39]
    Edit distance: 25/54
  Sample 4:
    TRUE: [9, 2, 39, 30, 33, 31, 39, 13, 10, 27, 17, 39, 13, 11, 14, 0, 30, 39, 30, 33, 39, 19, 2, 21, 39, 35, 10, 22, 39, 27, 0, 18, 11, 37, 39, 30, 33, 31, 39, 13, 10, 20, 39, 4, 30, 39]
    PRED: [9, 2, 39, 8, 27, 33, 31, 30, 39, 10, 11, 39, 13, 16, 3, 19, 0, 30, 39, 30, 33, 39, 28, 0, 2, 21, 39, 35, 10, 22, 39, 27, 11, 11, 39, 9, 33, 31, 13, 39, 13, 5, 20, 4, 30, 39]
    Edit distance: 18/46

============================================================
Batch 61500 | Val PER: 0.3438
============================================================
  Sample 0:
    TRUE: [31, 17, 0, 19, 27, 2, 28, 17, 39, 27, 17, 19, 2, 22, 28, 16, 8, 11, 8, 39]
    PRED: [9, 17, 19, 28, 39, 8, 27, 17, 22, 28, 30, 8, 39]
    Edit distance: 11/20
  Sample 1:
    TRUE: [27, 16, 7, 39, 26, 11, 7, 2, 28, 30, 39, 28, 10, 34, 27, 2, 20, 39, 28, 5, 22, 8, 39, 20, 16, 31, 2, 14, 27, 1, 13, 28, 39]
    PRED: [27, 10, 19, 30, 39, 26, 27, 25, 1, 28, 2, 37, 39, 10, 34, 20, 39, 5, 8, 2, 8, 37, 39, 20, 16, 28, 5, 13, 31, 39]
    Edit distance: 21/33
  Sample 2:
    TRUE: [28, 24, 39, 27, 33, 20, 37, 39, 35, 17, 39, 21, 12, 8, 39, 16, 22, 39, 2, 22, 2, 6, 1, 29, 30, 39, 19, 2, 20, 33, 38, 2, 22, 39]
    PRED: [9, 24, 39, 33, 20, 24, 37, 39, 21, 5, 39, 21, 25, 8, 39, 16, 22, 39, 0, 22, 27, 5, 29, 30, 39, 33, 20, 33, 38, 2, 22, 8, 39]
    Edit distance: 13/34
  Sample 3:
    TRUE: [20, 3, 27, 17, 37, 39, 19, 0, 28, 30, 33, 21, 39, 22, 17, 8, 2, 8, 39, 6, 20, 1, 19, 39, 14, 20, 2, 34, 37, 39, 30, 33, 39, 6, 17, 39, 19, 2, 21, 26, 20, 17, 30, 20, 17, 39, 10, 20, 2, 14, 2, 22, 30, 39]
    PRED: [35, 27, 24, 37, 17, 39, 5, 28, 5, 2, 21, 39, 22, 12, 8, 39, 21, 0, 19, 39, 20, 16, 34, 37, 39, 30, 33, 39, 6, 17, 39, 19, 2, 26, 20, 39, 1, 20, 10, 8, 39]
    Edit distance: 27/54
  Sample 4:
    TRUE: [9, 2, 39, 30, 33, 31, 39, 13, 10, 27, 17, 39, 13, 11, 14, 0, 30, 39, 30, 33, 39, 19, 2, 21, 39, 35, 10, 22, 39, 27, 0, 18, 11, 37, 39, 30, 33, 31, 39, 13, 10, 20, 39, 4, 30, 39]
    PRED: [9, 2, 39, 30, 27, 33, 31, 30, 39, 16, 11, 17, 39, 13, 16, 3, 19, 0, 30, 39, 30, 33, 39, 28, 30, 2, 21, 39, 35, 2, 22, 39, 35, 27, 11, 11, 39, 9, 33, 31, 13, 39, 5, 20, 4, 30, 39]
    Edit distance: 20/46

============================================================
Batch 62000 | Val PER: 0.3357
============================================================
  Sample 0:
    TRUE: [31, 17, 0, 19, 27, 2, 28, 17, 39, 27, 17, 19, 2, 22, 28, 16, 8, 11, 8, 39]
    PRED: [9, 2, 0, 19, 28, 39, 8, 27, 16, 22, 2, 30, 8, 39]
    Edit distance: 13/20
  Sample 1:
    TRUE: [27, 16, 7, 39, 26, 11, 7, 2, 28, 30, 39, 28, 10, 34, 27, 2, 20, 39, 28, 5, 22, 8, 39, 20, 16, 31, 2, 14, 27, 1, 13, 28, 39]
    PRED: [27, 10, 19, 30, 39, 26, 27, 25, 1, 29, 2, 37, 39, 10, 34, 20, 39, 5, 22, 8, 39, 20, 16, 9, 39, 5, 13, 30, 39]
    Edit distance: 19/33
  Sample 2:
    TRUE: [28, 24, 39, 27, 33, 20, 37, 39, 35, 17, 39, 21, 12, 8, 39, 16, 22, 39, 2, 22, 2, 6, 1, 29, 30, 39, 19, 2, 20, 33, 38, 2, 22, 39]
    PRED: [9, 24, 39, 33, 20, 24, 37, 39, 35, 17, 39, 21, 12, 8, 39, 16, 22, 39, 0, 22, 27, 5, 29, 39, 33, 20, 33, 38, 2, 22, 8, 39]
    Edit distance: 11/34
  Sample 3:
    TRUE: [20, 3, 27, 17, 37, 39, 19, 0, 28, 30, 33, 21, 39, 22, 17, 8, 2, 8, 39, 6, 20, 1, 19, 39, 14, 20, 2, 34, 37, 39, 30, 33, 39, 6, 17, 39, 19, 2, 21, 26, 20, 17, 30, 20, 17, 39, 10, 20, 2, 14, 2, 22, 30, 39]
    PRED: [19, 27, 24, 17, 39, 19, 5, 28, 5, 21, 2, 21, 39, 22, 10, 8, 39, 21, 0, 19, 39, 20, 2, 34, 37, 39, 30, 33, 39, 6, 17, 39, 19, 2, 26, 20, 39, 10, 20, 2, 10, 2, 22, 39]
    Edit distance: 22/54
  Sample 4:
    TRUE: [9, 2, 39, 30, 33, 31, 39, 13, 10, 27, 17, 39, 13, 11, 14, 0, 30, 39, 30, 33, 39, 19, 2, 21, 39, 35, 10, 22, 39, 27, 0, 18, 11, 37, 39, 30, 33, 31, 39, 13, 10, 20, 39, 4, 30, 39]
    PRED: [9, 2, 39, 8, 27, 33, 31, 39, 13, 10, 11, 39, 13, 16, 3, 19, 0, 30, 39, 30, 33, 39, 28, 0, 21, 39, 35, 10, 22, 39, 27, 11, 11, 39, 9, 33, 31, 13, 39, 13, 5, 20, 20, 4, 30, 39]
    Edit distance: 16/46

============================================================
Batch 62500 | Val PER: 0.3392
============================================================
  Sample 0:
    TRUE: [31, 17, 0, 19, 27, 2, 28, 17, 39, 27, 17, 19, 2, 22, 28, 16, 8, 11, 8, 39]
    PRED: [9, 2, 0, 28, 2, 28, 39, 8, 27, 16, 30, 8, 39]
    Edit distance: 13/20
  Sample 1:
    TRUE: [27, 16, 7, 39, 26, 11, 7, 2, 28, 30, 39, 28, 10, 34, 27, 2, 20, 39, 28, 5, 22, 8, 39, 20, 16, 31, 2, 14, 27, 1, 13, 28, 39]
    PRED: [27, 10, 7, 30, 39, 26, 27, 11, 1, 7, 2, 37, 39, 10, 34, 20, 39, 5, 8, 39, 20, 16, 39, 5, 13, 39]
    Edit distance: 17/33
  Sample 2:
    TRUE: [28, 24, 39, 27, 33, 20, 37, 39, 35, 17, 39, 21, 12, 8, 39, 16, 22, 39, 2, 22, 2, 6, 1, 29, 30, 39, 19, 2, 20, 33, 38, 2, 22, 39]
    PRED: [9, 24, 39, 33, 20, 24, 39, 35, 17, 39, 21, 12, 8, 39, 16, 22, 39, 1, 22, 27, 0, 29, 39, 33, 20, 33, 38, 2, 22, 39]
    Edit distance: 10/34
  Sample 3:
    TRUE: [20, 3, 27, 17, 37, 39, 19, 0, 28, 30, 33, 21, 39, 22, 17, 8, 2, 8, 39, 6, 20, 1, 19, 39, 14, 20, 2, 34, 37, 39, 30, 33, 39, 6, 17, 39, 19, 2, 21, 26, 20, 17, 30, 20, 17, 39, 10, 20, 2, 14, 2, 22, 30, 39]
    PRED: [35, 27, 24, 37, 17, 39, 5, 28, 5, 21, 2, 21, 39, 22, 10, 8, 39, 21, 0, 19, 39, 20, 16, 34, 37, 39, 30, 33, 39, 6, 17, 39, 19, 2, 26, 20, 39, 20, 10, 8, 39]
    Edit distance: 28/54
  Sample 4:
    TRUE: [9, 2, 39, 30, 33, 31, 39, 13, 10, 27, 17, 39, 13, 11, 14, 0, 30, 39, 30, 33, 39, 19, 2, 21, 39, 35, 10, 22, 39, 27, 0, 18, 11, 37, 39, 30, 33, 31, 39, 13, 10, 20, 39, 4, 30, 39]
    PRED: [9, 2, 39, 8, 33, 31, 39, 13, 8, 16, 39, 13, 16, 3, 19, 0, 30, 39, 30, 33, 39, 28, 2, 21, 39, 35, 10, 22, 39, 27, 11, 11, 39, 31, 9, 33, 31, 13, 39, 13, 5, 20, 39, 4, 30, 39]
    Edit distance: 15/46

============================================================
Batch 63000 | Val PER: 0.3352
============================================================
  Sample 0:
    TRUE: [31, 17, 0, 19, 27, 2, 28, 17, 39, 27, 17, 19, 2, 22, 28, 16, 8, 11, 8, 39]
    PRED: [20, 2, 19, 28, 2, 28, 39, 8, 27, 17, 22, 28, 30, 8, 39]
    Edit distance: 11/20
  Sample 1:
    TRUE: [27, 16, 7, 39, 26, 11, 7, 2, 28, 30, 39, 28, 10, 34, 27, 2, 20, 39, 28, 5, 22, 8, 39, 20, 16, 31, 2, 14, 27, 1, 13, 28, 39]
    PRED: [27, 10, 28, 30, 39, 26, 27, 25, 1, 28, 2, 8, 37, 39, 10, 34, 20, 39, 28, 5, 22, 8, 39, 20, 16, 18, 5, 13, 39]
    Edit distance: 18/33
  Sample 2:
    TRUE: [28, 24, 39, 27, 33, 20, 37, 39, 35, 17, 39, 21, 12, 8, 39, 16, 22, 39, 2, 22, 2, 6, 1, 29, 30, 39, 19, 2, 20, 33, 38, 2, 22, 39]
    PRED: [36, 33, 24, 39, 33, 20, 37, 39, 35, 17, 39, 21, 25, 8, 39, 16, 22, 39, 0, 22, 27, 5, 29, 39, 33, 20, 33, 38, 2, 22, 8, 39]
    Edit distance: 12/34
  Sample 3:
    TRUE: [20, 3, 27, 17, 37, 39, 19, 0, 28, 30, 33, 21, 39, 22, 17, 8, 2, 8, 39, 6, 20, 1, 19, 39, 14, 20, 2, 34, 37, 39, 30, 33, 39, 6, 17, 39, 19, 2, 21, 26, 20, 17, 30, 20, 17, 39, 10, 20, 2, 14, 2, 22, 30, 39]
    PRED: [35, 27, 24, 37, 17, 39, 19, 5, 28, 5, 21, 2, 21, 39, 22, 10, 8, 39, 21, 20, 1, 19, 39, 20, 16, 34, 37, 39, 30, 33, 39, 6, 17, 39, 19, 2, 21, 26, 20, 39, 10, 20, 10, 8, 39]
    Edit distance: 23/54
  Sample 4:
    TRUE: [9, 2, 39, 30, 33, 31, 39, 13, 10, 27, 17, 39, 13, 11, 14, 0, 30, 39, 30, 33, 39, 19, 2, 21, 39, 35, 10, 22, 39, 27, 0, 18, 11, 37, 39, 30, 33, 31, 39, 13, 10, 20, 39, 4, 30, 39]
    PRED: [9, 2, 39, 27, 33, 31, 39, 13, 16, 11, 39, 13, 16, 3, 19, 0, 30, 39, 30, 33, 39, 28, 2, 21, 39, 35, 2, 22, 39, 27, 11, 11, 39, 31, 9, 33, 31, 39, 20, 39, 4, 30, 39]
    Edit distance: 16/46

============================================================
Batch 63500 | Val PER: 0.3378
============================================================
  Sample 0:
    TRUE: [31, 17, 0, 19, 27, 2, 28, 17, 39, 27, 17, 19, 2, 22, 28, 16, 8, 11, 8, 39]
    PRED: [9, 12, 19, 28, 2, 28, 39, 8, 27, 17, 22, 28, 30, 8, 39]
    Edit distance: 11/20
  Sample 1:
    TRUE: [27, 16, 7, 39, 26, 11, 7, 2, 28, 30, 39, 28, 10, 34, 27, 2, 20, 39, 28, 5, 22, 8, 39, 20, 16, 31, 2, 14, 27, 1, 13, 28, 39]
    PRED: [27, 10, 19, 30, 39, 26, 27, 11, 1, 29, 2, 37, 39, 10, 34, 2, 20, 39, 28, 5, 22, 8, 39, 20, 16, 9, 13, 28, 39]
    Edit distance: 15/33
  Sample 2:
    TRUE: [28, 24, 39, 27, 33, 20, 37, 39, 35, 17, 39, 21, 12, 8, 39, 16, 22, 39, 2, 22, 2, 6, 1, 29, 30, 39, 19, 2, 20, 33, 38, 2, 22, 39]
    PRED: [9, 24, 39, 33, 20, 37, 39, 35, 17, 39, 21, 12, 8, 39, 16, 22, 39, 0, 22, 27, 29, 30, 39, 33, 20, 33, 38, 2, 22, 8, 39]
    Edit distance: 9/34
  Sample 3:
    TRUE: [20, 3, 27, 17, 37, 39, 19, 0, 28, 30, 33, 21, 39, 22, 17, 8, 2, 8, 39, 6, 20, 1, 19, 39, 14, 20, 2, 34, 37, 39, 30, 33, 39, 6, 17, 39, 19, 2, 21, 26, 20, 17, 30, 20, 17, 39, 10, 20, 2, 14, 2, 22, 30, 39]
    PRED: [19, 27, 24, 37, 17, 39, 19, 5, 28, 5, 21, 2, 21, 39, 22, 12, 8, 39, 21, 1, 19, 39, 20, 2, 34, 37, 39, 30, 33, 39, 6, 17, 39, 19, 2, 21, 26, 20, 39, 1, 20, 2, 10, 2, 22, 8, 39]
    Edit distance: 21/54
  Sample 4:
    TRUE: [9, 2, 39, 30, 33, 31, 39, 13, 10, 27, 17, 39, 13, 11, 14, 0, 30, 39, 30, 33, 39, 19, 2, 21, 39, 35, 10, 22, 39, 27, 0, 18, 11, 37, 39, 30, 33, 31, 39, 13, 10, 20, 39, 4, 30, 39]
    PRED: [9, 2, 39, 36, 33, 31, 30, 39, 13, 10, 11, 39, 13, 3, 19, 0, 30, 39, 30, 33, 39, 28, 2, 21, 39, 35, 2, 22, 39, 27, 11, 11, 39, 9, 33, 31, 13, 31, 39, 13, 5, 20, 4, 30, 39]
    Edit distance: 16/46

============================================================
Batch 64000 | Val PER: 0.3371
============================================================
  Sample 0:
    TRUE: [31, 17, 0, 19, 27, 2, 28, 17, 39, 27, 17, 19, 2, 22, 28, 16, 8, 11, 8, 39]
    PRED: [9, 17, 0, 19, 28, 39, 8, 27, 17, 22, 28, 30, 8, 39]
    Edit distance: 10/20
  Sample 1:
    TRUE: [27, 16, 7, 39, 26, 11, 7, 2, 28, 30, 39, 28, 10, 34, 27, 2, 20, 39, 28, 5, 22, 8, 39, 20, 16, 31, 2, 14, 27, 1, 13, 28, 39]
    PRED: [27, 10, 28, 30, 39, 26, 27, 11, 1, 29, 2, 37, 39, 10, 34, 20, 39, 5, 22, 8, 39, 20, 16, 28, 1, 13, 39]
    Edit distance: 17/33
  Sample 2:
    TRUE: [28, 24, 39, 27, 33, 20, 37, 39, 35, 17, 39, 21, 12, 8, 39, 16, 22, 39, 2, 22, 2, 6, 1, 29, 30, 39, 19, 2, 20, 33, 38, 2, 22, 39]
    PRED: [36, 9, 24, 39, 27, 33, 20, 37, 39, 35, 17, 39, 21, 25, 8, 39, 16, 22, 39, 0, 22, 27, 0, 29, 39, 33, 20, 33, 38, 2, 22, 39]
    Edit distance: 10/34
  Sample 3:
    TRUE: [20, 3, 27, 17, 37, 39, 19, 0, 28, 30, 33, 21, 39, 22, 17, 8, 2, 8, 39, 6, 20, 1, 19, 39, 14, 20, 2, 34, 37, 39, 30, 33, 39, 6, 17, 39, 19, 2, 21, 26, 20, 17, 30, 20, 17, 39, 10, 20, 2, 14, 2, 22, 30, 39]
    PRED: [35, 27, 24, 37, 17, 39, 19, 5, 28, 5, 21, 2, 21, 39, 22, 12, 8, 39, 21, 27, 0, 19, 39, 20, 2, 34, 37, 39, 30, 33, 39, 6, 17, 39, 19, 2, 21, 26, 20, 39, 1, 20, 2, 10, 22, 39]
    Edit distance: 23/54
  Sample 4:
    TRUE: [9, 2, 39, 30, 33, 31, 39, 13, 10, 27, 17, 39, 13, 11, 14, 0, 30, 39, 30, 33, 39, 19, 2, 21, 39, 35, 10, 22, 39, 27, 0, 18, 11, 37, 39, 30, 33, 31, 39, 13, 10, 20, 39, 4, 30, 39]
    PRED: [9, 2, 39, 36, 33, 31, 30, 39, 13, 16, 11, 39, 13, 16, 3, 19, 0, 30, 39, 30, 33, 39, 28, 2, 21, 39, 35, 2, 22, 39, 35, 27, 11, 11, 39, 9, 33, 31, 13, 39, 13, 5, 20, 4, 30, 39]
    Edit distance: 18/46

============================================================
Batch 64500 | Val PER: 0.3391
============================================================
  Sample 0:
    TRUE: [31, 17, 0, 19, 27, 2, 28, 17, 39, 27, 17, 19, 2, 22, 28, 16, 8, 11, 8, 39]
    PRED: [9, 12, 0, 19, 2, 28, 39, 8, 27, 16, 22, 28, 30, 8, 39]
    Edit distance: 11/20
  Sample 1:
    TRUE: [27, 16, 7, 39, 26, 11, 7, 2, 28, 30, 39, 28, 10, 34, 27, 2, 20, 39, 28, 5, 22, 8, 39, 20, 16, 31, 2, 14, 27, 1, 13, 28, 39]
    PRED: [10, 7, 30, 39, 26, 27, 11, 1, 29, 2, 8, 37, 39, 10, 34, 20, 39, 5, 22, 8, 39, 20, 16, 9, 1, 13, 31, 39]
    Edit distance: 17/33
  Sample 2:
    TRUE: [28, 24, 39, 27, 33, 20, 37, 39, 35, 17, 39, 21, 12, 8, 39, 16, 22, 39, 2, 22, 2, 6, 1, 29, 30, 39, 19, 2, 20, 33, 38, 2, 22, 39]
    PRED: [9, 33, 39, 27, 33, 20, 24, 37, 39, 35, 17, 39, 21, 25, 8, 39, 16, 22, 39, 0, 22, 27, 1, 29, 39, 33, 20, 33, 38, 2, 22, 8, 39]
    Edit distance: 11/34
  Sample 3:
    TRUE: [20, 3, 27, 17, 37, 39, 19, 0, 28, 30, 33, 21, 39, 22, 17, 8, 2, 8, 39, 6, 20, 1, 19, 39, 14, 20, 2, 34, 37, 39, 30, 33, 39, 6, 17, 39, 19, 2, 21, 26, 20, 17, 30, 20, 17, 39, 10, 20, 2, 14, 2, 22, 30, 39]
    PRED: [35, 27, 24, 37, 39, 19, 5, 1, 28, 5, 21, 2, 21, 39, 22, 12, 8, 39, 21, 1, 19, 39, 14, 20, 2, 34, 39, 30, 33, 39, 6, 17, 39, 19, 2, 21, 26, 20, 30, 39, 4, 20, 2, 10, 22, 39]
    Edit distance: 21/54
  Sample 4:
    TRUE: [9, 2, 39, 30, 33, 31, 39, 13, 10, 27, 17, 39, 13, 11, 14, 0, 30, 39, 30, 33, 39, 19, 2, 21, 39, 35, 10, 22, 39, 27, 0, 18, 11, 37, 39, 30, 33, 31, 39, 13, 10, 20, 39, 4, 30, 39]
    PRED: [9, 2, 39, 8, 33, 31, 30, 39, 13, 16, 11, 39, 13, 16, 3, 19, 30, 39, 30, 33, 39, 28, 2, 21, 39, 35, 2, 22, 39, 27, 11, 8, 11, 39, 9, 33, 31, 13, 39, 13, 5, 20, 39, 4, 30, 39]
    Edit distance: 16/46

============================================================
Batch 65000 | Val PER: 0.3408
============================================================
  Sample 0:
    TRUE: [31, 17, 0, 19, 27, 2, 28, 17, 39, 27, 17, 19, 2, 22, 28, 16, 8, 11, 8, 39]
    PRED: [9, 12, 0, 19, 28, 2, 28, 39, 8, 27, 16, 22, 28, 30, 8, 39]
    Edit distance: 11/20
  Sample 1:
    TRUE: [27, 16, 7, 39, 26, 11, 7, 2, 28, 30, 39, 28, 10, 34, 27, 2, 20, 39, 28, 5, 22, 8, 39, 20, 16, 31, 2, 14, 27, 1, 13, 28, 39]
    PRED: [27, 10, 28, 30, 39, 26, 27, 1, 28, 2, 37, 39, 10, 34, 20, 39, 28, 5, 8, 39, 20, 16, 9, 39, 5, 13, 39]
    Edit distance: 18/33
  Sample 2:
    TRUE: [28, 24, 39, 27, 33, 20, 37, 39, 35, 17, 39, 21, 12, 8, 39, 16, 22, 39, 2, 22, 2, 6, 1, 29, 30, 39, 19, 2, 20, 33, 38, 2, 22, 39]
    PRED: [9, 28, 24, 39, 33, 20, 24, 37, 39, 21, 17, 39, 21, 5, 8, 39, 16, 22, 39, 0, 22, 27, 5, 29, 39, 33, 20, 33, 38, 2, 22, 8, 39]
    Edit distance: 13/34
  Sample 3:
    TRUE: [20, 3, 27, 17, 37, 39, 19, 0, 28, 30, 33, 21, 39, 22, 17, 8, 2, 8, 39, 6, 20, 1, 19, 39, 14, 20, 2, 34, 37, 39, 30, 33, 39, 6, 17, 39, 19, 2, 21, 26, 20, 17, 30, 20, 17, 39, 10, 20, 2, 14, 2, 22, 30, 39]
    PRED: [19, 27, 24, 37, 39, 19, 5, 1, 28, 5, 21, 2, 21, 39, 22, 12, 8, 39, 6, 21, 1, 19, 39, 20, 2, 34, 37, 39, 30, 33, 39, 6, 17, 39, 19, 2, 26, 20, 30, 39, 1, 20, 2, 10, 22, 8, 39]
    Edit distance: 21/54
  Sample 4:
    TRUE: [9, 2, 39, 30, 33, 31, 39, 13, 10, 27, 17, 39, 13, 11, 14, 0, 30, 39, 30, 33, 39, 19, 2, 21, 39, 35, 10, 22, 39, 27, 0, 18, 11, 37, 39, 30, 33, 31, 39, 13, 10, 20, 39, 4, 30, 39]
    PRED: [9, 2, 39, 27, 33, 31, 39, 13, 16, 11, 39, 13, 16, 3, 19, 0, 30, 39, 30, 33, 39, 28, 2, 21, 39, 35, 2, 22, 39, 27, 11, 11, 39, 31, 9, 33, 31, 13, 39, 13, 5, 20, 39, 4, 30, 39]
    Edit distance: 16/46

============================================================
Batch 65500 | Val PER: 0.3385
============================================================
  Sample 0:
    TRUE: [31, 17, 0, 19, 27, 2, 28, 17, 39, 27, 17, 19, 2, 22, 28, 16, 8, 11, 8, 39]
    PRED: [9, 17, 12, 0, 19, 2, 28, 39, 8, 27, 17, 22, 2, 30, 8, 39]
    Edit distance: 11/20
  Sample 1:
    TRUE: [27, 16, 7, 39, 26, 11, 7, 2, 28, 30, 39, 28, 10, 34, 27, 2, 20, 39, 28, 5, 22, 8, 39, 20, 16, 31, 2, 14, 27, 1, 13, 28, 39]
    PRED: [27, 10, 30, 28, 30, 39, 26, 27, 1, 29, 2, 37, 39, 10, 34, 20, 39, 28, 5, 22, 8, 37, 39, 20, 16, 9, 5, 13, 39]
    Edit distance: 19/33
  Sample 2:
    TRUE: [28, 24, 39, 27, 33, 20, 37, 39, 35, 17, 39, 21, 12, 8, 39, 16, 22, 39, 2, 22, 2, 6, 1, 29, 30, 39, 19, 2, 20, 33, 38, 2, 22, 39]
    PRED: [36, 33, 39, 33, 20, 37, 39, 21, 5, 39, 21, 5, 8, 39, 16, 22, 39, 1, 22, 27, 5, 29, 39, 33, 20, 33, 38, 2, 22, 8, 39]
    Edit distance: 14/34
  Sample 3:
    TRUE: [20, 3, 27, 17, 37, 39, 19, 0, 28, 30, 33, 21, 39, 22, 17, 8, 2, 8, 39, 6, 20, 1, 19, 39, 14, 20, 2, 34, 37, 39, 30, 33, 39, 6, 17, 39, 19, 2, 21, 26, 20, 17, 30, 20, 17, 39, 10, 20, 2, 14, 2, 22, 30, 39]
    PRED: [35, 27, 24, 37, 39, 5, 1, 28, 5, 2, 21, 39, 22, 12, 8, 39, 21, 1, 19, 39, 20, 2, 34, 37, 39, 30, 33, 39, 6, 17, 39, 19, 2, 26, 20, 39, 20, 2, 10, 8, 39]
    Edit distance: 23/54
  Sample 4:
    TRUE: [9, 2, 39, 30, 33, 31, 39, 13, 10, 27, 17, 39, 13, 11, 14, 0, 30, 39, 30, 33, 39, 19, 2, 21, 39, 35, 10, 22, 39, 27, 0, 18, 11, 37, 39, 30, 33, 31, 39, 13, 10, 20, 39, 4, 30, 39]
    PRED: [9, 2, 39, 36, 33, 31, 39, 13, 16, 11, 39, 13, 3, 19, 0, 30, 2, 39, 30, 33, 39, 28, 2, 21, 39, 35, 2, 22, 39, 27, 11, 11, 39, 31, 9, 33, 31, 13, 39, 13, 5, 20, 20, 4, 30, 39]
    Edit distance: 17/46

============================================================
Batch 66000 | Val PER: 0.3356
============================================================
  Sample 0:
    TRUE: [31, 17, 0, 19, 27, 2, 28, 17, 39, 27, 17, 19, 2, 22, 28, 16, 8, 11, 8, 39]
    PRED: [9, 17, 12, 0, 19, 2, 28, 39, 27, 17, 22, 2, 30, 8, 39]
    Edit distance: 10/20
  Sample 1:
    TRUE: [27, 16, 7, 39, 26, 11, 7, 2, 28, 30, 39, 28, 10, 34, 27, 2, 20, 39, 28, 5, 22, 8, 39, 20, 16, 31, 2, 14, 27, 1, 13, 28, 39]
    PRED: [27, 10, 30, 39, 26, 27, 1, 29, 2, 8, 37, 39, 10, 34, 20, 39, 28, 5, 8, 2, 8, 39, 20, 16, 9, 39, 5, 13, 28, 39]
    Edit distance: 17/33
  Sample 2:
    TRUE: [28, 24, 39, 27, 33, 20, 37, 39, 35, 17, 39, 21, 12, 8, 39, 16, 22, 39, 2, 22, 2, 6, 1, 29, 30, 39, 19, 2, 20, 33, 38, 2, 22, 39]
    PRED: [9, 33, 39, 33, 20, 24, 39, 35, 17, 39, 21, 12, 8, 39, 16, 22, 39, 1, 22, 27, 5, 29, 39, 33, 20, 33, 2, 22, 8, 39]
    Edit distance: 13/34
  Sample 3:
    TRUE: [20, 3, 27, 17, 37, 39, 19, 0, 28, 30, 33, 21, 39, 22, 17, 8, 2, 8, 39, 6, 20, 1, 19, 39, 14, 20, 2, 34, 37, 39, 30, 33, 39, 6, 17, 39, 19, 2, 21, 26, 20, 17, 30, 20, 17, 39, 10, 20, 2, 14, 2, 22, 30, 39]
    PRED: [19, 27, 24, 37, 17, 39, 19, 5, 1, 28, 5, 21, 2, 21, 39, 22, 12, 8, 39, 21, 1, 19, 39, 14, 20, 2, 34, 37, 39, 30, 33, 39, 6, 17, 39, 19, 2, 21, 26, 20, 30, 39, 20, 2, 10, 30, 39]
    Edit distance: 21/54
  Sample 4:
    TRUE: [9, 2, 39, 30, 33, 31, 39, 13, 10, 27, 17, 39, 13, 11, 14, 0, 30, 39, 30, 33, 39, 19, 2, 21, 39, 35, 10, 22, 39, 27, 0, 18, 11, 37, 39, 30, 33, 31, 39, 13, 10, 20, 39, 4, 30, 39]
    PRED: [9, 2, 39, 36, 33, 31, 39, 13, 16, 39, 13, 3, 19, 0, 30, 39, 30, 33, 39, 28, 2, 21, 39, 35, 2, 22, 39, 27, 11, 8, 11, 39, 36, 9, 33, 31, 13, 39, 13, 20, 20, 4, 30, 39]
    Edit distance: 16/46

============================================================
Batch 66500 | Val PER: 0.3401
============================================================
  Sample 0:
    TRUE: [31, 17, 0, 19, 27, 2, 28, 17, 39, 27, 17, 19, 2, 22, 28, 16, 8, 11, 8, 39]
    PRED: [9, 2, 12, 0, 19, 28, 39, 27, 16, 22, 28, 30, 8, 39]
    Edit distance: 12/20
  Sample 1:
    TRUE: [27, 16, 7, 39, 26, 11, 7, 2, 28, 30, 39, 28, 10, 34, 27, 2, 20, 39, 28, 5, 22, 8, 39, 20, 16, 31, 2, 14, 27, 1, 13, 28, 39]
    PRED: [27, 10, 30, 39, 26, 27, 1, 29, 2, 37, 39, 10, 34, 20, 39, 28, 5, 22, 8, 39, 20, 16, 9, 28, 5, 13, 39]
    Edit distance: 16/33
  Sample 2:
    TRUE: [28, 24, 39, 27, 33, 20, 37, 39, 35, 17, 39, 21, 12, 8, 39, 16, 22, 39, 2, 22, 2, 6, 1, 29, 30, 39, 19, 2, 20, 33, 38, 2, 22, 39]
    PRED: [9, 33, 39, 27, 33, 20, 37, 39, 21, 17, 39, 21, 12, 8, 39, 16, 22, 39, 0, 22, 27, 5, 29, 39, 19, 33, 20, 33, 38, 2, 22, 8, 39]
    Edit distance: 10/34
  Sample 3:
    TRUE: [20, 3, 27, 17, 37, 39, 19, 0, 28, 30, 33, 21, 39, 22, 17, 8, 2, 8, 39, 6, 20, 1, 19, 39, 14, 20, 2, 34, 37, 39, 30, 33, 39, 6, 17, 39, 19, 2, 21, 26, 20, 17, 30, 20, 17, 39, 10, 20, 2, 14, 2, 22, 30, 39]
    PRED: [19, 27, 24, 37, 17, 39, 19, 5, 28, 5, 21, 2, 21, 39, 22, 12, 8, 2, 8, 39, 21, 1, 19, 39, 14, 20, 16, 34, 37, 39, 30, 33, 39, 6, 17, 39, 19, 2, 21, 26, 20, 30, 39, 1, 20, 10, 30, 39]
    Edit distance: 20/54
  Sample 4:
    TRUE: [9, 2, 39, 30, 33, 31, 39, 13, 10, 27, 17, 39, 13, 11, 14, 0, 30, 39, 30, 33, 39, 19, 2, 21, 39, 35, 10, 22, 39, 27, 0, 18, 11, 37, 39, 30, 33, 31, 39, 13, 10, 20, 39, 4, 30, 39]
    PRED: [9, 2, 39, 27, 33, 31, 39, 13, 16, 39, 13, 16, 3, 19, 0, 30, 39, 30, 33, 39, 28, 2, 21, 39, 35, 10, 22, 39, 27, 11, 11, 39, 31, 9, 33, 31, 13, 39, 13, 12, 20, 20, 4, 30, 39]
    Edit distance: 16/46

============================================================
Batch 67000 | Val PER: 0.3401
============================================================
  Sample 0:
    TRUE: [31, 17, 0, 19, 27, 2, 28, 17, 39, 27, 17, 19, 2, 22, 28, 16, 8, 11, 8, 39]
    PRED: [9, 17, 12, 0, 19, 2, 28, 39, 8, 27, 17, 22, 2, 30, 8, 39]
    Edit distance: 11/20
  Sample 1:
    TRUE: [27, 16, 7, 39, 26, 11, 7, 2, 28, 30, 39, 28, 10, 34, 27, 2, 20, 39, 28, 5, 22, 8, 39, 20, 16, 31, 2, 14, 27, 1, 13, 28, 39]
    PRED: [27, 10, 30, 28, 30, 39, 26, 27, 1, 29, 2, 37, 39, 10, 34, 20, 39, 28, 5, 22, 8, 39, 20, 16, 2, 5, 13, 39]
    Edit distance: 17/33
  Sample 2:
    TRUE: [28, 24, 39, 27, 33, 20, 37, 39, 35, 17, 39, 21, 12, 8, 39, 16, 22, 39, 2, 22, 2, 6, 1, 29, 30, 39, 19, 2, 20, 33, 38, 2, 22, 39]
    PRED: [9, 24, 39, 33, 20, 37, 39, 21, 17, 39, 21, 5, 8, 39, 16, 22, 39, 2, 22, 27, 0, 29, 39, 33, 20, 33, 37, 2, 22, 39]
    Edit distance: 11/34
  Sample 3:
    TRUE: [20, 3, 27, 17, 37, 39, 19, 0, 28, 30, 33, 21, 39, 22, 17, 8, 2, 8, 39, 6, 20, 1, 19, 39, 14, 20, 2, 34, 37, 39, 30, 33, 39, 6, 17, 39, 19, 2, 21, 26, 20, 17, 30, 20, 17, 39, 10, 20, 2, 14, 2, 22, 30, 39]
    PRED: [19, 27, 24, 37, 17, 39, 28, 5, 1, 28, 5, 21, 2, 21, 39, 22, 12, 8, 39, 21, 1, 19, 39, 20, 2, 34, 37, 39, 30, 33, 39, 6, 17, 39, 28, 2, 21, 26, 20, 30, 39, 10, 20, 2, 10, 2, 8, 39]
    Edit distance: 23/54
  Sample 4:
    TRUE: [9, 2, 39, 30, 33, 31, 39, 13, 10, 27, 17, 39, 13, 11, 14, 0, 30, 39, 30, 33, 39, 19, 2, 21, 39, 35, 10, 22, 39, 27, 0, 18, 11, 37, 39, 30, 33, 31, 39, 13, 10, 20, 39, 4, 30, 39]
    PRED: [9, 2, 39, 30, 27, 33, 31, 39, 13, 16, 17, 39, 13, 16, 3, 19, 0, 2, 39, 30, 33, 39, 28, 2, 21, 39, 35, 2, 22, 39, 35, 27, 11, 8, 11, 39, 31, 9, 33, 31, 13, 39, 13, 20, 4, 30, 39]
    Edit distance: 18/46

============================================================
Batch 67500 | Val PER: 0.3363
============================================================
  Sample 0:
    TRUE: [31, 17, 0, 19, 27, 2, 28, 17, 39, 27, 17, 19, 2, 22, 28, 16, 8, 11, 8, 39]
    PRED: [9, 17, 12, 0, 19, 28, 2, 28, 39, 8, 27, 17, 22, 2, 30, 8, 39]
    Edit distance: 11/20
  Sample 1:
    TRUE: [27, 16, 7, 39, 26, 11, 7, 2, 28, 30, 39, 28, 10, 34, 27, 2, 20, 39, 28, 5, 22, 8, 39, 20, 16, 31, 2, 14, 27, 1, 13, 28, 39]
    PRED: [27, 10, 30, 28, 30, 39, 26, 27, 1, 7, 2, 37, 39, 10, 34, 20, 39, 28, 5, 22, 8, 39, 20, 16, 28, 5, 13, 28, 39]
    Edit distance: 16/33
  Sample 2:
    TRUE: [28, 24, 39, 27, 33, 20, 37, 39, 35, 17, 39, 21, 12, 8, 39, 16, 22, 39, 2, 22, 2, 6, 1, 29, 30, 39, 19, 2, 20, 33, 38, 2, 22, 39]
    PRED: [9, 24, 39, 33, 20, 37, 39, 21, 17, 39, 21, 12, 8, 39, 16, 22, 39, 1, 22, 27, 1, 29, 39, 33, 20, 33, 38, 2, 22, 39]
    Edit distance: 9/34
  Sample 3:
    TRUE: [20, 3, 27, 17, 37, 39, 19, 0, 28, 30, 33, 21, 39, 22, 17, 8, 2, 8, 39, 6, 20, 1, 19, 39, 14, 20, 2, 34, 37, 39, 30, 33, 39, 6, 17, 39, 19, 2, 21, 26, 20, 17, 30, 20, 17, 39, 10, 20, 2, 14, 2, 22, 30, 39]
    PRED: [19, 27, 24, 37, 17, 39, 19, 5, 28, 5, 21, 2, 21, 39, 22, 10, 8, 39, 21, 1, 19, 39, 20, 2, 34, 37, 39, 30, 33, 39, 6, 17, 39, 19, 2, 26, 20, 30, 39, 10, 20, 2, 10, 8, 39]
    Edit distance: 22/54
  Sample 4:
    TRUE: [9, 2, 39, 30, 33, 31, 39, 13, 10, 27, 17, 39, 13, 11, 14, 0, 30, 39, 30, 33, 39, 19, 2, 21, 39, 35, 10, 22, 39, 27, 0, 18, 11, 37, 39, 30, 33, 31, 39, 13, 10, 20, 39, 4, 30, 39]
    PRED: [9, 2, 39, 36, 27, 33, 31, 39, 12, 11, 39, 13, 16, 17, 19, 0, 30, 39, 30, 33, 39, 28, 2, 21, 39, 35, 2, 22, 39, 27, 11, 8, 11, 39, 31, 33, 31, 13, 39, 13, 20, 4, 30, 39]
    Edit distance: 18/46

============================================================
Batch 68000 | Val PER: 0.3384
============================================================
  Sample 0:
    TRUE: [31, 17, 0, 19, 27, 2, 28, 17, 39, 27, 17, 19, 2, 22, 28, 16, 8, 11, 8, 39]
    PRED: [9, 12, 0, 19, 2, 28, 39, 8, 27, 17, 22, 2, 30, 8, 39]
    Edit distance: 11/20
  Sample 1:
    TRUE: [27, 16, 7, 39, 26, 11, 7, 2, 28, 30, 39, 28, 10, 34, 27, 2, 20, 39, 28, 5, 22, 8, 39, 20, 16, 31, 2, 14, 27, 1, 13, 28, 39]
    PRED: [27, 10, 28, 30, 39, 26, 27, 1, 7, 2, 37, 39, 10, 34, 20, 39, 5, 22, 8, 39, 20, 16, 28, 1, 13, 30, 39]
    Edit distance: 16/33
  Sample 2:
    TRUE: [28, 24, 39, 27, 33, 20, 37, 39, 35, 17, 39, 21, 12, 8, 39, 16, 22, 39, 2, 22, 2, 6, 1, 29, 30, 39, 19, 2, 20, 33, 38, 2, 22, 39]
    PRED: [9, 33, 39, 33, 20, 24, 39, 35, 17, 39, 21, 12, 8, 39, 16, 22, 39, 0, 22, 27, 0, 29, 30, 39, 33, 20, 33, 38, 2, 22, 39]
    Edit distance: 10/34
  Sample 3:
    TRUE: [20, 3, 27, 17, 37, 39, 19, 0, 28, 30, 33, 21, 39, 22, 17, 8, 2, 8, 39, 6, 20, 1, 19, 39, 14, 20, 2, 34, 37, 39, 30, 33, 39, 6, 17, 39, 19, 2, 21, 26, 20, 17, 30, 20, 17, 39, 10, 20, 2, 14, 2, 22, 30, 39]
    PRED: [35, 27, 24, 37, 17, 39, 19, 5, 28, 5, 21, 2, 21, 39, 22, 12, 8, 39, 21, 1, 19, 39, 20, 2, 34, 37, 39, 30, 33, 39, 6, 17, 39, 19, 2, 21, 26, 20, 30, 39, 20, 2, 10, 2, 8, 39]
    Edit distance: 21/54
  Sample 4:
    TRUE: [9, 2, 39, 30, 33, 31, 39, 13, 10, 27, 17, 39, 13, 11, 14, 0, 30, 39, 30, 33, 39, 19, 2, 21, 39, 35, 10, 22, 39, 27, 0, 18, 11, 37, 39, 30, 33, 31, 39, 13, 10, 20, 39, 4, 30, 39]
    PRED: [9, 2, 39, 36, 33, 31, 30, 39, 12, 11, 39, 13, 16, 3, 19, 0, 39, 30, 33, 39, 28, 2, 21, 39, 35, 10, 22, 39, 27, 11, 8, 11, 39, 31, 30, 33, 31, 13, 39, 13, 20, 4, 30, 39]
    Edit distance: 18/46

============================================================
Batch 68500 | Val PER: 0.3334
============================================================
  Sample 0:
    TRUE: [31, 17, 0, 19, 27, 2, 28, 17, 39, 27, 17, 19, 2, 22, 28, 16, 8, 11, 8, 39]
    PRED: [9, 17, 12, 0, 19, 2, 28, 39, 8, 27, 17, 19, 22, 2, 30, 8, 39]
    Edit distance: 10/20
  Sample 1:
    TRUE: [27, 16, 7, 39, 26, 11, 7, 2, 28, 30, 39, 28, 10, 34, 27, 2, 20, 39, 28, 5, 22, 8, 39, 20, 16, 31, 2, 14, 27, 1, 13, 28, 39]
    PRED: [27, 10, 28, 30, 39, 26, 27, 1, 7, 2, 37, 39, 10, 34, 2, 20, 39, 5, 22, 8, 39, 20, 16, 28, 1, 13, 30, 39]
    Edit distance: 15/33
  Sample 2:
    TRUE: [28, 24, 39, 27, 33, 20, 37, 39, 35, 17, 39, 21, 12, 8, 39, 16, 22, 39, 2, 22, 2, 6, 1, 29, 30, 39, 19, 2, 20, 33, 38, 2, 22, 39]
    PRED: [9, 33, 39, 33, 20, 37, 39, 21, 17, 39, 21, 5, 8, 39, 16, 22, 39, 0, 22, 27, 0, 29, 39, 33, 20, 33, 38, 2, 22, 39]
    Edit distance: 12/34
  Sample 3:
    TRUE: [20, 3, 27, 17, 37, 39, 19, 0, 28, 30, 33, 21, 39, 22, 17, 8, 2, 8, 39, 6, 20, 1, 19, 39, 14, 20, 2, 34, 37, 39, 30, 33, 39, 6, 17, 39, 19, 2, 21, 26, 20, 17, 30, 20, 17, 39, 10, 20, 2, 14, 2, 22, 30, 39]
    PRED: [19, 27, 24, 37, 17, 39, 19, 5, 28, 5, 21, 2, 21, 39, 22, 12, 8, 39, 21, 0, 19, 39, 20, 2, 34, 37, 39, 30, 33, 39, 6, 17, 39, 19, 2, 21, 26, 20, 30, 39, 20, 2, 10, 22, 39]
    Edit distance: 22/54
  Sample 4:
    TRUE: [9, 2, 39, 30, 33, 31, 39, 13, 10, 27, 17, 39, 13, 11, 14, 0, 30, 39, 30, 33, 39, 19, 2, 21, 39, 35, 10, 22, 39, 27, 0, 18, 11, 37, 39, 30, 33, 31, 39, 13, 10, 20, 39, 4, 30, 39]
    PRED: [9, 2, 39, 36, 27, 33, 31, 30, 39, 16, 11, 39, 13, 16, 17, 19, 0, 30, 39, 30, 33, 39, 28, 2, 21, 39, 35, 2, 22, 39, 27, 11, 8, 11, 39, 31, 30, 33, 31, 13, 39, 13, 20, 4, 30, 39]
    Edit distance: 19/46

============================================================
Batch 69000 | Val PER: 0.3347
============================================================
  Sample 0:
    TRUE: [31, 17, 0, 19, 27, 2, 28, 17, 39, 27, 17, 19, 2, 22, 28, 16, 8, 11, 8, 39]
    PRED: [9, 12, 0, 19, 28, 2, 28, 39, 27, 16, 19, 22, 2, 30, 8, 39]
    Edit distance: 10/20
  Sample 1:
    TRUE: [27, 16, 7, 39, 26, 11, 7, 2, 28, 30, 39, 28, 10, 34, 27, 2, 20, 39, 28, 5, 22, 8, 39, 20, 16, 31, 2, 14, 27, 1, 13, 28, 39]
    PRED: [27, 10, 30, 19, 30, 39, 26, 27, 1, 7, 2, 8, 37, 39, 10, 34, 2, 20, 39, 5, 22, 8, 39, 20, 16, 9, 5, 13, 28, 39]
    Edit distance: 16/33
  Sample 2:
    TRUE: [28, 24, 39, 27, 33, 20, 37, 39, 35, 17, 39, 21, 12, 8, 39, 16, 22, 39, 2, 22, 2, 6, 1, 29, 30, 39, 19, 2, 20, 33, 38, 2, 22, 39]
    PRED: [9, 24, 39, 33, 20, 37, 39, 36, 17, 39, 21, 12, 8, 39, 16, 22, 39, 1, 22, 27, 1, 29, 39, 33, 20, 33, 38, 2, 22, 39]
    Edit distance: 9/34
  Sample 3:
    TRUE: [20, 3, 27, 17, 37, 39, 19, 0, 28, 30, 33, 21, 39, 22, 17, 8, 2, 8, 39, 6, 20, 1, 19, 39, 14, 20, 2, 34, 37, 39, 30, 33, 39, 6, 17, 39, 19, 2, 21, 26, 20, 17, 30, 20, 17, 39, 10, 20, 2, 14, 2, 22, 30, 39]
    PRED: [19, 27, 24, 37, 17, 39, 19, 5, 28, 5, 2, 21, 39, 22, 12, 8, 39, 21, 1, 19, 39, 20, 2, 34, 37, 39, 30, 33, 39, 6, 17, 39, 19, 2, 21, 26, 20, 30, 39, 20, 2, 10, 2, 8, 39]
    Edit distance: 20/54
  Sample 4:
    TRUE: [9, 2, 39, 30, 33, 31, 39, 13, 10, 27, 17, 39, 13, 11, 14, 0, 30, 39, 30, 33, 39, 19, 2, 21, 39, 35, 10, 22, 39, 27, 0, 18, 11, 37, 39, 30, 33, 31, 39, 13, 10, 20, 39, 4, 30, 39]
    PRED: [9, 2, 39, 30, 27, 33, 31, 39, 16, 11, 39, 13, 3, 19, 0, 30, 39, 30, 33, 39, 28, 2, 21, 39, 35, 10, 22, 39, 27, 11, 11, 39, 31, 9, 33, 31, 13, 39, 13, 20, 20, 4, 30, 39]
    Edit distance: 16/46

============================================================
Batch 69500 | Val PER: 0.3383
============================================================
  Sample 0:
    TRUE: [31, 17, 0, 19, 27, 2, 28, 17, 39, 27, 17, 19, 2, 22, 28, 16, 8, 11, 8, 39]
    PRED: [9, 2, 12, 0, 19, 28, 39, 27, 17, 19, 22, 28, 30, 8, 39]
    Edit distance: 10/20
  Sample 1:
    TRUE: [27, 16, 7, 39, 26, 11, 7, 2, 28, 30, 39, 28, 10, 34, 27, 2, 20, 39, 28, 5, 22, 8, 39, 20, 16, 31, 2, 14, 27, 1, 13, 28, 39]
    PRED: [27, 10, 30, 39, 26, 27, 11, 1, 7, 2, 8, 37, 39, 10, 34, 20, 39, 5, 8, 39, 20, 16, 9, 14, 18, 5, 13, 28, 39]
    Edit distance: 15/33
  Sample 2:
    TRUE: [28, 24, 39, 27, 33, 20, 37, 39, 35, 17, 39, 21, 12, 8, 39, 16, 22, 39, 2, 22, 2, 6, 1, 29, 30, 39, 19, 2, 20, 33, 38, 2, 22, 39]
    PRED: [9, 33, 39, 33, 20, 37, 39, 21, 17, 39, 21, 12, 8, 39, 16, 22, 39, 1, 22, 27, 1, 29, 30, 39, 33, 20, 33, 2, 22, 8, 39]
    Edit distance: 11/34
  Sample 3:
    TRUE: [20, 3, 27, 17, 37, 39, 19, 0, 28, 30, 33, 21, 39, 22, 17, 8, 2, 8, 39, 6, 20, 1, 19, 39, 14, 20, 2, 34, 37, 39, 30, 33, 39, 6, 17, 39, 19, 2, 21, 26, 20, 17, 30, 20, 17, 39, 10, 20, 2, 14, 2, 22, 30, 39]
    PRED: [35, 27, 24, 37, 17, 39, 19, 5, 28, 5, 21, 2, 21, 39, 22, 12, 8, 39, 21, 1, 19, 39, 20, 2, 34, 39, 30, 33, 39, 6, 17, 39, 19, 2, 26, 20, 30, 39, 20, 10, 8, 39]
    Edit distance: 25/54
  Sample 4:
    TRUE: [9, 2, 39, 30, 33, 31, 39, 13, 10, 27, 17, 39, 13, 11, 14, 0, 30, 39, 30, 33, 39, 19, 2, 21, 39, 35, 10, 22, 39, 27, 0, 18, 11, 37, 39, 30, 33, 31, 39, 13, 10, 20, 39, 4, 30, 39]
    PRED: [9, 2, 39, 27, 33, 31, 30, 39, 16, 11, 39, 13, 16, 3, 19, 0, 39, 30, 33, 39, 28, 30, 2, 21, 39, 35, 2, 22, 39, 27, 11, 8, 11, 39, 9, 33, 31, 13, 39, 13, 20, 20, 39, 4, 30, 39]
    Edit distance: 19/46

============================================================
Batch 70000 | Val PER: 0.3340
============================================================
  Sample 0:
    TRUE: [31, 17, 0, 19, 27, 2, 28, 17, 39, 27, 17, 19, 2, 22, 28, 16, 8, 11, 8, 39]
    PRED: [9, 2, 12, 0, 19, 28, 39, 27, 16, 19, 22, 28, 30, 8, 39]
    Edit distance: 11/20
  Sample 1:
    TRUE: [27, 16, 7, 39, 26, 11, 7, 2, 28, 30, 39, 28, 10, 34, 27, 2, 20, 39, 28, 5, 22, 8, 39, 20, 16, 31, 2, 14, 27, 1, 13, 28, 39]
    PRED: [27, 10, 28, 30, 39, 26, 27, 1, 7, 2, 8, 37, 39, 10, 34, 20, 39, 5, 22, 8, 37, 39, 20, 16, 28, 18, 1, 13, 28, 39]
    Edit distance: 16/33
  Sample 2:
    TRUE: [28, 24, 39, 27, 33, 20, 37, 39, 35, 17, 39, 21, 12, 8, 39, 16, 22, 39, 2, 22, 2, 6, 1, 29, 30, 39, 19, 2, 20, 33, 38, 2, 22, 39]
    PRED: [9, 24, 39, 33, 20, 37, 39, 35, 17, 39, 21, 12, 8, 39, 16, 22, 39, 1, 22, 8, 27, 1, 29, 39, 33, 20, 33, 38, 2, 22, 8, 39]
    Edit distance: 9/34
  Sample 3:
    TRUE: [20, 3, 27, 17, 37, 39, 19, 0, 28, 30, 33, 21, 39, 22, 17, 8, 2, 8, 39, 6, 20, 1, 19, 39, 14, 20, 2, 34, 37, 39, 30, 33, 39, 6, 17, 39, 19, 2, 21, 26, 20, 17, 30, 20, 17, 39, 10, 20, 2, 14, 2, 22, 30, 39]
    PRED: [19, 27, 24, 37, 17, 39, 19, 5, 28, 5, 21, 2, 21, 39, 22, 10, 8, 39, 21, 1, 19, 39, 20, 16, 34, 37, 39, 30, 33, 39, 6, 17, 39, 19, 2, 21, 26, 20, 30, 39, 1, 20, 2, 10, 2, 8, 39]
    Edit distance: 22/54
  Sample 4:
    TRUE: [9, 2, 39, 30, 33, 31, 39, 13, 10, 27, 17, 39, 13, 11, 14, 0, 30, 39, 30, 33, 39, 19, 2, 21, 39, 35, 10, 22, 39, 27, 0, 18, 11, 37, 39, 30, 33, 31, 39, 13, 10, 20, 39, 4, 30, 39]
    PRED: [9, 2, 39, 36, 27, 33, 31, 30, 39, 12, 17, 39, 13, 16, 3, 19, 0, 39, 30, 33, 39, 28, 2, 21, 39, 35, 2, 22, 39, 27, 11, 8, 11, 39, 9, 33, 31, 13, 39, 20, 39, 4, 30, 39]
    Edit distance: 18/46

============================================================
Batch 70500 | Val PER: 0.3381
============================================================
  Sample 0:
    TRUE: [31, 17, 0, 19, 27, 2, 28, 17, 39, 27, 17, 19, 2, 22, 28, 16, 8, 11, 8, 39]
    PRED: [9, 2, 12, 0, 19, 28, 39, 8, 27, 16, 22, 2, 30, 8, 39]
    Edit distance: 14/20
  Sample 1:
    TRUE: [27, 16, 7, 39, 26, 11, 7, 2, 28, 30, 39, 28, 10, 34, 27, 2, 20, 39, 28, 5, 22, 8, 39, 20, 16, 31, 2, 14, 27, 1, 13, 28, 39]
    PRED: [27, 10, 28, 30, 39, 26, 27, 11, 1, 29, 2, 37, 39, 10, 34, 20, 39, 5, 22, 8, 22, 8, 39, 20, 16, 28, 8, 5, 13, 28, 39]
    Edit distance: 19/33
  Sample 2:
    TRUE: [28, 24, 39, 27, 33, 20, 37, 39, 35, 17, 39, 21, 12, 8, 39, 16, 22, 39, 2, 22, 2, 6, 1, 29, 30, 39, 19, 2, 20, 33, 38, 2, 22, 39]
    PRED: [9, 24, 39, 27, 33, 20, 24, 37, 39, 35, 17, 39, 21, 12, 8, 39, 16, 22, 39, 1, 22, 8, 27, 1, 29, 39, 19, 33, 20, 33, 38, 2, 22, 8, 39]
    Edit distance: 8/34
  Sample 3:
    TRUE: [20, 3, 27, 17, 37, 39, 19, 0, 28, 30, 33, 21, 39, 22, 17, 8, 2, 8, 39, 6, 20, 1, 19, 39, 14, 20, 2, 34, 37, 39, 30, 33, 39, 6, 17, 39, 19, 2, 21, 26, 20, 17, 30, 20, 17, 39, 10, 20, 2, 14, 2, 22, 30, 39]
    PRED: [19, 27, 24, 17, 39, 19, 5, 28, 5, 21, 2, 21, 39, 22, 12, 8, 39, 21, 0, 19, 39, 20, 2, 34, 37, 39, 30, 33, 39, 6, 17, 39, 19, 2, 21, 26, 20, 30, 39, 20, 2, 10, 2, 22, 8, 39]
    Edit distance: 21/54
  Sample 4:
    TRUE: [9, 2, 39, 30, 33, 31, 39, 13, 10, 27, 17, 39, 13, 11, 14, 0, 30, 39, 30, 33, 39, 19, 2, 21, 39, 35, 10, 22, 39, 27, 0, 18, 11, 37, 39, 30, 33, 31, 39, 13, 10, 20, 39, 4, 30, 39]
    PRED: [9, 2, 39, 30, 27, 33, 31, 39, 13, 10, 11, 39, 13, 16, 3, 19, 0, 30, 8, 39, 30, 33, 39, 28, 30, 2, 21, 39, 35, 2, 22, 39, 27, 11, 8, 11, 39, 31, 9, 33, 31, 13, 39, 13, 20, 39, 4, 30, 39]
    Edit distance: 17/46

============================================================
Batch 71000 | Val PER: 0.3351
============================================================
  Sample 0:
    TRUE: [31, 17, 0, 19, 27, 2, 28, 17, 39, 27, 17, 19, 2, 22, 28, 16, 8, 11, 8, 39]
    PRED: [9, 2, 0, 19, 28, 2, 28, 39, 8, 27, 16, 22, 28, 2, 28, 30, 8, 39]
    Edit distance: 11/20
  Sample 1:
    TRUE: [27, 16, 7, 39, 26, 11, 7, 2, 28, 30, 39, 28, 10, 34, 27, 2, 20, 39, 28, 5, 22, 8, 39, 20, 16, 31, 2, 14, 27, 1, 13, 28, 39]
    PRED: [27, 10, 28, 30, 39, 26, 27, 11, 1, 7, 2, 37, 39, 10, 34, 2, 20, 39, 5, 37, 8, 39, 20, 16, 9, 28, 14, 1, 13, 28, 39]
    Edit distance: 14/33
  Sample 2:
    TRUE: [28, 24, 39, 27, 33, 20, 37, 39, 35, 17, 39, 21, 12, 8, 39, 16, 22, 39, 2, 22, 2, 6, 1, 29, 30, 39, 19, 2, 20, 33, 38, 2, 22, 39]
    PRED: [9, 24, 39, 27, 33, 20, 37, 39, 35, 17, 39, 21, 12, 8, 39, 16, 22, 39, 1, 22, 8, 27, 1, 29, 39, 33, 20, 33, 38, 2, 22, 8, 39]
    Edit distance: 8/34
  Sample 3:
    TRUE: [20, 3, 27, 17, 37, 39, 19, 0, 28, 30, 33, 21, 39, 22, 17, 8, 2, 8, 39, 6, 20, 1, 19, 39, 14, 20, 2, 34, 37, 39, 30, 33, 39, 6, 17, 39, 19, 2, 21, 26, 20, 17, 30, 20, 17, 39, 10, 20, 2, 14, 2, 22, 30, 39]
    PRED: [35, 27, 24, 39, 19, 5, 28, 5, 21, 2, 21, 39, 22, 33, 8, 39, 21, 0, 19, 39, 14, 20, 2, 34, 37, 39, 30, 33, 39, 6, 17, 39, 19, 2, 21, 26, 20, 39, 4, 20, 2, 10, 8, 39]
    Edit distance: 23/54
  Sample 4:
    TRUE: [9, 2, 39, 30, 33, 31, 39, 13, 10, 27, 17, 39, 13, 11, 14, 0, 30, 39, 30, 33, 39, 19, 2, 21, 39, 35, 10, 22, 39, 27, 0, 18, 11, 37, 39, 30, 33, 31, 39, 13, 10, 20, 39, 4, 30, 39]
    PRED: [9, 2, 39, 36, 33, 31, 39, 13, 16, 39, 13, 3, 19, 0, 30, 39, 30, 33, 39, 28, 2, 21, 39, 35, 2, 22, 39, 35, 11, 8, 11, 39, 30, 33, 31, 13, 39, 13, 5, 20, 4, 30, 39]
    Edit distance: 15/46

============================================================
Batch 71500 | Val PER: 0.3300
============================================================
  Sample 0:
    TRUE: [31, 17, 0, 19, 27, 2, 28, 17, 39, 27, 17, 19, 2, 22, 28, 16, 8, 11, 8, 39]
    PRED: [9, 2, 12, 0, 19, 2, 28, 39, 27, 17, 22, 2, 30, 8, 39]
    Edit distance: 11/20
  Sample 1:
    TRUE: [27, 16, 7, 39, 26, 11, 7, 2, 28, 30, 39, 28, 10, 34, 27, 2, 20, 39, 28, 5, 22, 8, 39, 20, 16, 31, 2, 14, 27, 1, 13, 28, 39]
    PRED: [27, 10, 28, 30, 39, 26, 27, 11, 1, 7, 2, 37, 39, 10, 34, 2, 20, 39, 5, 22, 8, 30, 39, 20, 16, 1, 13, 39]
    Edit distance: 16/33
  Sample 2:
    TRUE: [28, 24, 39, 27, 33, 20, 37, 39, 35, 17, 39, 21, 12, 8, 39, 16, 22, 39, 2, 22, 2, 6, 1, 29, 30, 39, 19, 2, 20, 33, 38, 2, 22, 39]
    PRED: [9, 24, 39, 33, 20, 37, 39, 35, 17, 39, 21, 12, 8, 39, 16, 22, 39, 0, 22, 27, 1, 29, 39, 33, 20, 33, 38, 2, 22, 8, 39]
    Edit distance: 9/34
  Sample 3:
    TRUE: [20, 3, 27, 17, 37, 39, 19, 0, 28, 30, 33, 21, 39, 22, 17, 8, 2, 8, 39, 6, 20, 1, 19, 39, 14, 20, 2, 34, 37, 39, 30, 33, 39, 6, 17, 39, 19, 2, 21, 26, 20, 17, 30, 20, 17, 39, 10, 20, 2, 14, 2, 22, 30, 39]
    PRED: [35, 27, 24, 17, 39, 19, 5, 1, 28, 5, 21, 2, 21, 39, 22, 12, 8, 39, 21, 0, 19, 39, 14, 20, 2, 34, 37, 39, 30, 33, 39, 6, 17, 39, 19, 2, 21, 26, 20, 39, 20, 10, 8, 39]
    Edit distance: 25/54
  Sample 4:
    TRUE: [9, 2, 39, 30, 33, 31, 39, 13, 10, 27, 17, 39, 13, 11, 14, 0, 30, 39, 30, 33, 39, 19, 2, 21, 39, 35, 10, 22, 39, 27, 0, 18, 11, 37, 39, 30, 33, 31, 39, 13, 10, 20, 39, 4, 30, 39]
    PRED: [9, 2, 39, 27, 33, 31, 30, 39, 13, 16, 11, 39, 13, 16, 3, 19, 0, 30, 39, 30, 33, 39, 28, 2, 21, 39, 35, 2, 22, 39, 35, 11, 8, 11, 39, 9, 33, 31, 13, 39, 13, 5, 20, 4, 30, 39]
    Edit distance: 18/46

============================================================
Batch 72000 | Val PER: 0.3366
============================================================
  Sample 0:
    TRUE: [31, 17, 0, 19, 27, 2, 28, 17, 39, 27, 17, 19, 2, 22, 28, 16, 8, 11, 8, 39]
    PRED: [9, 2, 12, 0, 19, 2, 28, 39, 8, 27, 16, 22, 2, 30, 8, 39]
    Edit distance: 13/20
  Sample 1:
    TRUE: [27, 16, 7, 39, 26, 11, 7, 2, 28, 30, 39, 28, 10, 34, 27, 2, 20, 39, 28, 5, 22, 8, 39, 20, 16, 31, 2, 14, 27, 1, 13, 28, 39]
    PRED: [27, 10, 30, 19, 30, 39, 26, 27, 11, 1, 7, 2, 37, 39, 10, 34, 20, 39, 5, 22, 8, 39, 20, 16, 9, 1, 13, 30, 39]
    Edit distance: 17/33
  Sample 2:
    TRUE: [28, 24, 39, 27, 33, 20, 37, 39, 35, 17, 39, 21, 12, 8, 39, 16, 22, 39, 2, 22, 2, 6, 1, 29, 30, 39, 19, 2, 20, 33, 38, 2, 22, 39]
    PRED: [9, 28, 24, 39, 33, 20, 37, 39, 35, 17, 39, 21, 12, 8, 39, 16, 22, 39, 1, 22, 8, 27, 1, 29, 39, 19, 33, 20, 33, 38, 2, 22, 8, 39]
    Edit distance: 8/34
  Sample 3:
    TRUE: [20, 3, 27, 17, 37, 39, 19, 0, 28, 30, 33, 21, 39, 22, 17, 8, 2, 8, 39, 6, 20, 1, 19, 39, 14, 20, 2, 34, 37, 39, 30, 33, 39, 6, 17, 39, 19, 2, 21, 26, 20, 17, 30, 20, 17, 39, 10, 20, 2, 14, 2, 22, 30, 39]
    PRED: [19, 27, 24, 39, 19, 5, 1, 28, 5, 21, 2, 21, 39, 22, 12, 8, 2, 8, 39, 21, 1, 19, 39, 14, 20, 2, 34, 37, 39, 30, 33, 39, 6, 17, 39, 19, 2, 21, 26, 20, 30, 39, 10, 20, 2, 10, 2, 22, 39]
    Edit distance: 17/54
  Sample 4:
    TRUE: [9, 2, 39, 30, 33, 31, 39, 13, 10, 27, 17, 39, 13, 11, 14, 0, 30, 39, 30, 33, 39, 19, 2, 21, 39, 35, 10, 22, 39, 27, 0, 18, 11, 37, 39, 30, 33, 31, 39, 13, 10, 20, 39, 4, 30, 39]
    PRED: [9, 2, 39, 27, 33, 31, 30, 39, 13, 10, 11, 39, 13, 16, 3, 19, 0, 30, 8, 39, 30, 33, 39, 28, 2, 21, 39, 35, 2, 22, 39, 35, 11, 0, 8, 11, 39, 31, 9, 33, 31, 13, 31, 39, 13, 5, 20, 4, 30, 39]
    Edit distance: 20/46

============================================================
Batch 72500 | Val PER: 0.3389
============================================================
  Sample 0:
    TRUE: [31, 17, 0, 19, 27, 2, 28, 17, 39, 27, 17, 19, 2, 22, 28, 16, 8, 11, 8, 39]
    PRED: [9, 12, 0, 19, 2, 28, 39, 27, 17, 22, 2, 30, 2, 8, 39]
    Edit distance: 10/20
  Sample 1:
    TRUE: [27, 16, 7, 39, 26, 11, 7, 2, 28, 30, 39, 28, 10, 34, 27, 2, 20, 39, 28, 5, 22, 8, 39, 20, 16, 31, 2, 14, 27, 1, 13, 28, 39]
    PRED: [27, 10, 7, 28, 30, 39, 26, 27, 11, 1, 29, 2, 37, 39, 10, 34, 2, 20, 39, 5, 22, 8, 37, 39, 20, 16, 9, 5, 13, 28, 39]
    Edit distance: 17/33
  Sample 2:
    TRUE: [28, 24, 39, 27, 33, 20, 37, 39, 35, 17, 39, 21, 12, 8, 39, 16, 22, 39, 2, 22, 2, 6, 1, 29, 30, 39, 19, 2, 20, 33, 38, 2, 22, 39]
    PRED: [9, 24, 39, 27, 33, 20, 37, 39, 36, 17, 39, 21, 5, 8, 39, 16, 22, 39, 0, 22, 27, 1, 29, 39, 19, 33, 20, 33, 38, 2, 22, 8, 39]
    Edit distance: 9/34
  Sample 3:
    TRUE: [20, 3, 27, 17, 37, 39, 19, 0, 28, 30, 33, 21, 39, 22, 17, 8, 2, 8, 39, 6, 20, 1, 19, 39, 14, 20, 2, 34, 37, 39, 30, 33, 39, 6, 17, 39, 19, 2, 21, 26, 20, 17, 30, 20, 17, 39, 10, 20, 2, 14, 2, 22, 30, 39]
    PRED: [19, 27, 24, 17, 39, 19, 5, 28, 5, 21, 2, 21, 39, 22, 12, 8, 39, 21, 1, 19, 39, 14, 20, 2, 34, 37, 39, 30, 33, 39, 6, 17, 39, 19, 2, 21, 26, 20, 30, 39, 10, 20, 2, 10, 2, 22, 39]
    Edit distance: 18/54
  Sample 4:
    TRUE: [9, 2, 39, 30, 33, 31, 39, 13, 10, 27, 17, 39, 13, 11, 14, 0, 30, 39, 30, 33, 39, 19, 2, 21, 39, 35, 10, 22, 39, 27, 0, 18, 11, 37, 39, 30, 33, 31, 39, 13, 10, 20, 39, 4, 30, 39]
    PRED: [9, 2, 39, 30, 27, 33, 31, 30, 39, 13, 16, 11, 39, 13, 16, 3, 19, 0, 30, 39, 30, 33, 39, 28, 30, 2, 21, 39, 35, 10, 22, 39, 27, 11, 8, 11, 39, 31, 9, 33, 31, 13, 31, 39, 13, 5, 20, 4, 30, 39]
    Edit distance: 19/46

============================================================
Batch 73000 | Val PER: 0.3319
============================================================
  Sample 0:
    TRUE: [31, 17, 0, 19, 27, 2, 28, 17, 39, 27, 17, 19, 2, 22, 28, 16, 8, 11, 8, 39]
    PRED: [9, 2, 12, 0, 19, 2, 28, 39, 8, 27, 16, 22, 28, 30, 8, 39]
    Edit distance: 12/20
  Sample 1:
    TRUE: [27, 16, 7, 39, 26, 11, 7, 2, 28, 30, 39, 28, 10, 34, 27, 2, 20, 39, 28, 5, 22, 8, 39, 20, 16, 31, 2, 14, 27, 1, 13, 28, 39]
    PRED: [27, 10, 7, 19, 30, 39, 26, 27, 11, 1, 7, 2, 8, 37, 39, 10, 34, 20, 39, 5, 22, 8, 22, 8, 37, 39, 20, 16, 2, 5, 13, 28, 39]
    Edit distance: 18/33
  Sample 2:
    TRUE: [28, 24, 39, 27, 33, 20, 37, 39, 35, 17, 39, 21, 12, 8, 39, 16, 22, 39, 2, 22, 2, 6, 1, 29, 30, 39, 19, 2, 20, 33, 38, 2, 22, 39]
    PRED: [9, 24, 39, 33, 20, 37, 39, 21, 17, 39, 21, 12, 8, 39, 16, 22, 39, 0, 22, 8, 27, 1, 29, 39, 33, 20, 33, 38, 2, 22, 39]
    Edit distance: 9/34
  Sample 3:
    TRUE: [20, 3, 27, 17, 37, 39, 19, 0, 28, 30, 33, 21, 39, 22, 17, 8, 2, 8, 39, 6, 20, 1, 19, 39, 14, 20, 2, 34, 37, 39, 30, 33, 39, 6, 17, 39, 19, 2, 21, 26, 20, 17, 30, 20, 17, 39, 10, 20, 2, 14, 2, 22, 30, 39]
    PRED: [35, 27, 24, 37, 17, 39, 19, 5, 28, 5, 21, 2, 21, 39, 22, 16, 8, 39, 21, 1, 19, 39, 20, 16, 34, 37, 39, 30, 33, 39, 6, 17, 39, 19, 2, 21, 26, 20, 30, 39, 10, 20, 2, 10, 22, 39]
    Edit distance: 21/54
  Sample 4:
    TRUE: [9, 2, 39, 30, 33, 31, 39, 13, 10, 27, 17, 39, 13, 11, 14, 0, 30, 39, 30, 33, 39, 19, 2, 21, 39, 35, 10, 22, 39, 27, 0, 18, 11, 37, 39, 30, 33, 31, 39, 13, 10, 20, 39, 4, 30, 39]
    PRED: [9, 2, 39, 27, 33, 31, 30, 39, 13, 16, 11, 39, 13, 16, 17, 19, 0, 30, 39, 30, 33, 39, 28, 30, 33, 21, 39, 35, 2, 22, 39, 27, 11, 8, 11, 39, 9, 33, 31, 13, 39, 13, 20, 39, 4, 30, 39]
    Edit distance: 18/46

============================================================
Batch 73500 | Val PER: 0.3309
============================================================
  Sample 0:
    TRUE: [31, 17, 0, 19, 27, 2, 28, 17, 39, 27, 17, 19, 2, 22, 28, 16, 8, 11, 8, 39]
    PRED: [9, 12, 0, 28, 2, 28, 39, 27, 16, 22, 28, 2, 30, 8, 39]
    Edit distance: 11/20
  Sample 1:
    TRUE: [27, 16, 7, 39, 26, 11, 7, 2, 28, 30, 39, 28, 10, 34, 27, 2, 20, 39, 28, 5, 22, 8, 39, 20, 16, 31, 2, 14, 27, 1, 13, 28, 39]
    PRED: [27, 10, 7, 28, 30, 39, 26, 27, 11, 1, 7, 2, 8, 37, 39, 10, 34, 20, 39, 5, 22, 8, 22, 8, 39, 20, 16, 9, 28, 18, 5, 13, 30, 39]
    Edit distance: 19/33
  Sample 2:
    TRUE: [28, 24, 39, 27, 33, 20, 37, 39, 35, 17, 39, 21, 12, 8, 39, 16, 22, 39, 2, 22, 2, 6, 1, 29, 30, 39, 19, 2, 20, 33, 38, 2, 22, 39]
    PRED: [9, 33, 39, 33, 20, 37, 39, 21, 17, 39, 21, 12, 8, 39, 16, 22, 39, 2, 22, 27, 1, 29, 39, 33, 20, 33, 38, 2, 22, 39]
    Edit distance: 9/34
  Sample 3:
    TRUE: [20, 3, 27, 17, 37, 39, 19, 0, 28, 30, 33, 21, 39, 22, 17, 8, 2, 8, 39, 6, 20, 1, 19, 39, 14, 20, 2, 34, 37, 39, 30, 33, 39, 6, 17, 39, 19, 2, 21, 26, 20, 17, 30, 20, 17, 39, 10, 20, 2, 14, 2, 22, 30, 39]
    PRED: [19, 27, 24, 37, 17, 39, 19, 5, 28, 5, 2, 21, 2, 21, 39, 22, 12, 8, 39, 21, 1, 19, 39, 20, 2, 34, 37, 39, 30, 33, 39, 6, 17, 39, 19, 2, 21, 26, 20, 30, 39, 10, 20, 2, 10, 22, 39]
    Edit distance: 21/54
  Sample 4:
    TRUE: [9, 2, 39, 30, 33, 31, 39, 13, 10, 27, 17, 39, 13, 11, 14, 0, 30, 39, 30, 33, 39, 19, 2, 21, 39, 35, 10, 22, 39, 27, 0, 18, 11, 37, 39, 30, 33, 31, 39, 13, 10, 20, 39, 4, 30, 39]
    PRED: [9, 2, 39, 36, 33, 31, 30, 39, 13, 16, 11, 39, 13, 16, 3, 0, 30, 39, 30, 33, 39, 28, 2, 21, 39, 35, 2, 22, 39, 27, 11, 8, 11, 39, 9, 33, 31, 13, 39, 13, 20, 39, 4, 30, 39]
    Edit distance: 15/46

============================================================
Batch 74000 | Val PER: 0.3312
============================================================
  Sample 0:
    TRUE: [31, 17, 0, 19, 27, 2, 28, 17, 39, 27, 17, 19, 2, 22, 28, 16, 8, 11, 8, 39]
    PRED: [9, 12, 0, 19, 28, 28, 39, 8, 27, 16, 22, 2, 30, 8, 39]
    Edit distance: 13/20
  Sample 1:
    TRUE: [27, 16, 7, 39, 26, 11, 7, 2, 28, 30, 39, 28, 10, 34, 27, 2, 20, 39, 28, 5, 22, 8, 39, 20, 16, 31, 2, 14, 27, 1, 13, 28, 39]
    PRED: [27, 10, 28, 30, 39, 26, 27, 11, 1, 28, 2, 16, 37, 39, 10, 34, 2, 20, 39, 5, 8, 39, 20, 16, 9, 18, 5, 13, 30, 39]
    Edit distance: 18/33
  Sample 2:
    TRUE: [28, 24, 39, 27, 33, 20, 37, 39, 35, 17, 39, 21, 12, 8, 39, 16, 22, 39, 2, 22, 2, 6, 1, 29, 30, 39, 19, 2, 20, 33, 38, 2, 22, 39]
    PRED: [9, 24, 39, 33, 20, 37, 39, 35, 5, 39, 21, 5, 8, 39, 16, 22, 39, 1, 22, 27, 1, 29, 39, 33, 20, 33, 38, 2, 22, 39]
    Edit distance: 10/34
  Sample 3:
    TRUE: [20, 3, 27, 17, 37, 39, 19, 0, 28, 30, 33, 21, 39, 22, 17, 8, 2, 8, 39, 6, 20, 1, 19, 39, 14, 20, 2, 34, 37, 39, 30, 33, 39, 6, 17, 39, 19, 2, 21, 26, 20, 17, 30, 20, 17, 39, 10, 20, 2, 14, 2, 22, 30, 39]
    PRED: [19, 27, 24, 37, 17, 39, 19, 5, 28, 5, 2, 21, 39, 22, 12, 8, 39, 21, 1, 19, 39, 20, 2, 37, 39, 30, 33, 39, 6, 17, 39, 19, 2, 21, 26, 20, 39, 20, 2, 10, 8, 39]
    Edit distance: 23/54
  Sample 4:
    TRUE: [9, 2, 39, 30, 33, 31, 39, 13, 10, 27, 17, 39, 13, 11, 14, 0, 30, 39, 30, 33, 39, 19, 2, 21, 39, 35, 10, 22, 39, 27, 0, 18, 11, 37, 39, 30, 33, 31, 39, 13, 10, 20, 39, 4, 30, 39]
    PRED: [9, 2, 39, 36, 27, 33, 31, 30, 39, 13, 10, 11, 39, 13, 16, 3, 19, 0, 30, 39, 30, 33, 39, 28, 2, 21, 39, 35, 2, 22, 39, 27, 11, 0, 8, 11, 39, 9, 33, 31, 13, 31, 39, 13, 5, 20, 39, 4, 30, 39]
    Edit distance: 17/46

============================================================
Batch 74500 | Val PER: 0.3325
============================================================
  Sample 0:
    TRUE: [31, 17, 0, 19, 27, 2, 28, 17, 39, 27, 17, 19, 2, 22, 28, 16, 8, 11, 8, 39]
    PRED: [9, 12, 0, 19, 28, 39, 27, 16, 22, 2, 30, 8, 39]
    Edit distance: 12/20
  Sample 1:
    TRUE: [27, 16, 7, 39, 26, 11, 7, 2, 28, 30, 39, 28, 10, 34, 27, 2, 20, 39, 28, 5, 22, 8, 39, 20, 16, 31, 2, 14, 27, 1, 13, 28, 39]
    PRED: [27, 10, 28, 30, 39, 26, 27, 11, 1, 7, 2, 16, 37, 39, 10, 34, 20, 39, 5, 22, 8, 22, 8, 37, 39, 20, 16, 9, 28, 18, 5, 13, 30, 39]
    Edit distance: 20/33
  Sample 2:
    TRUE: [28, 24, 39, 27, 33, 20, 37, 39, 35, 17, 39, 21, 12, 8, 39, 16, 22, 39, 2, 22, 2, 6, 1, 29, 30, 39, 19, 2, 20, 33, 38, 2, 22, 39]
    PRED: [9, 24, 39, 27, 33, 20, 37, 39, 21, 17, 39, 21, 12, 8, 39, 16, 22, 39, 16, 22, 27, 1, 29, 30, 39, 33, 20, 33, 38, 2, 22, 39]
    Edit distance: 7/34
  Sample 3:
    TRUE: [20, 3, 27, 17, 37, 39, 19, 0, 28, 30, 33, 21, 39, 22, 17, 8, 2, 8, 39, 6, 20, 1, 19, 39, 14, 20, 2, 34, 37, 39, 30, 33, 39, 6, 17, 39, 19, 2, 21, 26, 20, 17, 30, 20, 17, 39, 10, 20, 2, 14, 2, 22, 30, 39]
    PRED: [19, 27, 24, 37, 17, 39, 19, 5, 28, 5, 2, 21, 39, 22, 12, 8, 39, 21, 1, 19, 39, 14, 20, 2, 34, 37, 39, 30, 33, 39, 6, 17, 39, 19, 2, 21, 26, 20, 30, 39, 20, 10, 22, 39]
    Edit distance: 20/54
  Sample 4:
    TRUE: [9, 2, 39, 30, 33, 31, 39, 13, 10, 27, 17, 39, 13, 11, 14, 0, 30, 39, 30, 33, 39, 19, 2, 21, 39, 35, 10, 22, 39, 27, 0, 18, 11, 37, 39, 30, 33, 31, 39, 13, 10, 20, 39, 4, 30, 39]
    PRED: [9, 2, 39, 30, 27, 33, 31, 30, 39, 13, 10, 17, 11, 39, 13, 16, 3, 19, 0, 30, 39, 30, 33, 39, 28, 2, 21, 39, 35, 2, 22, 39, 27, 11, 8, 11, 39, 9, 33, 31, 13, 31, 39, 13, 20, 39, 4, 30, 39]
    Edit distance: 16/46

============================================================
Batch 75000 | Val PER: 0.3297
============================================================
  Sample 0:
    TRUE: [31, 17, 0, 19, 27, 2, 28, 17, 39, 27, 17, 19, 2, 22, 28, 16, 8, 11, 8, 39]
    PRED: [9, 2, 12, 0, 19, 30, 19, 28, 39, 27, 17, 22, 2, 30, 8, 39]
    Edit distance: 12/20
  Sample 1:
    TRUE: [27, 16, 7, 39, 26, 11, 7, 2, 28, 30, 39, 28, 10, 34, 27, 2, 20, 39, 28, 5, 22, 8, 39, 20, 16, 31, 2, 14, 27, 1, 13, 28, 39]
    PRED: [27, 10, 28, 30, 39, 26, 27, 11, 1, 7, 2, 8, 37, 39, 10, 34, 20, 39, 5, 22, 8, 39, 20, 16, 9, 28, 5, 13, 39]
    Edit distance: 17/33
  Sample 2:
    TRUE: [28, 24, 39, 27, 33, 20, 37, 39, 35, 17, 39, 21, 12, 8, 39, 16, 22, 39, 2, 22, 2, 6, 1, 29, 30, 39, 19, 2, 20, 33, 38, 2, 22, 39]
    PRED: [9, 24, 39, 33, 20, 37, 39, 35, 5, 39, 21, 12, 8, 39, 16, 22, 39, 1, 22, 27, 1, 29, 39, 19, 33, 20, 33, 38, 2, 22, 39]
    Edit distance: 8/34
  Sample 3:
    TRUE: [20, 3, 27, 17, 37, 39, 19, 0, 28, 30, 33, 21, 39, 22, 17, 8, 2, 8, 39, 6, 20, 1, 19, 39, 14, 20, 2, 34, 37, 39, 30, 33, 39, 6, 17, 39, 19, 2, 21, 26, 20, 17, 30, 20, 17, 39, 10, 20, 2, 14, 2, 22, 30, 39]
    PRED: [35, 27, 24, 37, 17, 39, 19, 5, 28, 5, 2, 21, 39, 22, 12, 8, 39, 21, 20, 1, 19, 39, 14, 20, 2, 34, 37, 39, 30, 33, 39, 6, 17, 39, 19, 2, 26, 20, 30, 39, 4, 20, 2, 10, 8, 39]
    Edit distance: 20/54
  Sample 4:
    TRUE: [9, 2, 39, 30, 33, 31, 39, 13, 10, 27, 17, 39, 13, 11, 14, 0, 30, 39, 30, 33, 39, 19, 2, 21, 39, 35, 10, 22, 39, 27, 0, 18, 11, 37, 39, 30, 33, 31, 39, 13, 10, 20, 39, 4, 30, 39]
    PRED: [9, 2, 39, 30, 27, 33, 31, 30, 39, 13, 12, 11, 39, 13, 3, 19, 0, 30, 39, 30, 33, 39, 28, 2, 21, 39, 35, 5, 22, 39, 27, 11, 8, 11, 39, 9, 33, 31, 13, 39, 13, 20, 39, 4, 30, 39]
    Edit distance: 15/46

============================================================
Batch 75500 | Val PER: 0.3319
============================================================
  Sample 0:
    TRUE: [31, 17, 0, 19, 27, 2, 28, 17, 39, 27, 17, 19, 2, 22, 28, 16, 8, 11, 8, 39]
    PRED: [9, 12, 0, 19, 28, 39, 8, 27, 17, 22, 2, 30, 8, 39]
    Edit distance: 12/20
  Sample 1:
    TRUE: [27, 16, 7, 39, 26, 11, 7, 2, 28, 30, 39, 28, 10, 34, 27, 2, 20, 39, 28, 5, 22, 8, 39, 20, 16, 31, 2, 14, 27, 1, 13, 28, 39]
    PRED: [27, 10, 7, 28, 30, 39, 26, 27, 11, 1, 29, 2, 8, 37, 39, 10, 34, 20, 39, 5, 22, 8, 39, 20, 16, 9, 5, 13, 28, 39]
    Edit distance: 17/33
  Sample 2:
    TRUE: [28, 24, 39, 27, 33, 20, 37, 39, 35, 17, 39, 21, 12, 8, 39, 16, 22, 39, 2, 22, 2, 6, 1, 29, 30, 39, 19, 2, 20, 33, 38, 2, 22, 39]
    PRED: [9, 24, 39, 33, 20, 24, 37, 39, 36, 17, 39, 21, 12, 8, 39, 16, 22, 39, 16, 22, 27, 1, 29, 30, 39, 19, 33, 20, 33, 38, 2, 22, 39]
    Edit distance: 8/34
  Sample 3:
    TRUE: [20, 3, 27, 17, 37, 39, 19, 0, 28, 30, 33, 21, 39, 22, 17, 8, 2, 8, 39, 6, 20, 1, 19, 39, 14, 20, 2, 34, 37, 39, 30, 33, 39, 6, 17, 39, 19, 2, 21, 26, 20, 17, 30, 20, 17, 39, 10, 20, 2, 14, 2, 22, 30, 39]
    PRED: [35, 27, 24, 17, 39, 19, 5, 28, 5, 21, 2, 21, 39, 22, 12, 8, 39, 21, 1, 19, 39, 14, 20, 2, 34, 37, 39, 30, 33, 39, 6, 17, 39, 19, 2, 21, 26, 20, 30, 39, 20, 2, 10, 22, 8, 39]
    Edit distance: 20/54
  Sample 4:
    TRUE: [9, 2, 39, 30, 33, 31, 39, 13, 10, 27, 17, 39, 13, 11, 14, 0, 30, 39, 30, 33, 39, 19, 2, 21, 39, 35, 10, 22, 39, 27, 0, 18, 11, 37, 39, 30, 33, 31, 39, 13, 10, 20, 39, 4, 30, 39]
    PRED: [9, 2, 39, 36, 27, 33, 31, 30, 39, 13, 11, 39, 13, 16, 3, 19, 0, 30, 39, 30, 33, 39, 28, 2, 21, 39, 35, 10, 22, 39, 27, 11, 8, 11, 39, 9, 33, 31, 13, 39, 13, 5, 20, 39, 4, 30, 39]
    Edit distance: 16/46

============================================================
Batch 76000 | Val PER: 0.3346
============================================================
  Sample 0:
    TRUE: [31, 17, 0, 19, 27, 2, 28, 17, 39, 27, 17, 19, 2, 22, 28, 16, 8, 11, 8, 39]
    PRED: [9, 12, 0, 19, 28, 39, 8, 27, 16, 22, 2, 30, 8, 39]
    Edit distance: 13/20
  Sample 1:
    TRUE: [27, 16, 7, 39, 26, 11, 7, 2, 28, 30, 39, 28, 10, 34, 27, 2, 20, 39, 28, 5, 22, 8, 39, 20, 16, 31, 2, 14, 27, 1, 13, 28, 39]
    PRED: [27, 10, 7, 30, 39, 26, 27, 11, 1, 7, 2, 8, 37, 39, 10, 34, 20, 39, 5, 22, 8, 39, 20, 16, 9, 5, 13, 28, 39]
    Edit distance: 15/33
  Sample 2:
    TRUE: [28, 24, 39, 27, 33, 20, 37, 39, 35, 17, 39, 21, 12, 8, 39, 16, 22, 39, 2, 22, 2, 6, 1, 29, 30, 39, 19, 2, 20, 33, 38, 2, 22, 39]
    PRED: [9, 24, 39, 27, 33, 20, 37, 39, 35, 17, 39, 21, 12, 8, 39, 16, 22, 39, 16, 22, 27, 1, 29, 30, 39, 19, 33, 20, 33, 38, 2, 22, 39]
    Edit distance: 5/34
  Sample 3:
    TRUE: [20, 3, 27, 17, 37, 39, 19, 0, 28, 30, 33, 21, 39, 22, 17, 8, 2, 8, 39, 6, 20, 1, 19, 39, 14, 20, 2, 34, 37, 39, 30, 33, 39, 6, 17, 39, 19, 2, 21, 26, 20, 17, 30, 20, 17, 39, 10, 20, 2, 14, 2, 22, 30, 39]
    PRED: [35, 27, 24, 37, 17, 37, 19, 5, 28, 5, 21, 2, 21, 39, 22, 16, 8, 39, 21, 0, 19, 39, 14, 20, 2, 34, 37, 39, 30, 33, 39, 6, 17, 39, 19, 2, 26, 20, 39, 20, 2, 10, 8, 39]
    Edit distance: 25/54
  Sample 4:
    TRUE: [9, 2, 39, 30, 33, 31, 39, 13, 10, 27, 17, 39, 13, 11, 14, 0, 30, 39, 30, 33, 39, 19, 2, 21, 39, 35, 10, 22, 39, 27, 0, 18, 11, 37, 39, 30, 33, 31, 39, 13, 10, 20, 39, 4, 30, 39]
    PRED: [9, 2, 39, 27, 33, 31, 30, 39, 13, 17, 11, 39, 13, 16, 17, 19, 0, 30, 39, 30, 33, 39, 28, 2, 21, 39, 35, 5, 22, 39, 27, 11, 8, 11, 39, 31, 9, 33, 31, 13, 39, 13, 5, 20, 39, 4, 30, 39]
    Edit distance: 17/46

============================================================
Batch 76500 | Val PER: 0.3302
============================================================
  Sample 0:
    TRUE: [31, 17, 0, 19, 27, 2, 28, 17, 39, 27, 17, 19, 2, 22, 28, 16, 8, 11, 8, 39]
    PRED: [9, 12, 0, 19, 28, 2, 28, 39, 8, 27, 17, 22, 2, 30, 2, 8, 39]
    Edit distance: 11/20
  Sample 1:
    TRUE: [27, 16, 7, 39, 26, 11, 7, 2, 28, 30, 39, 28, 10, 34, 27, 2, 20, 39, 28, 5, 22, 8, 39, 20, 16, 31, 2, 14, 27, 1, 13, 28, 39]
    PRED: [27, 10, 7, 19, 30, 39, 26, 27, 11, 1, 28, 2, 8, 37, 39, 28, 8, 10, 34, 20, 39, 5, 22, 8, 37, 39, 20, 16, 9, 18, 5, 13, 28, 39]
    Edit distance: 18/33
  Sample 2:
    TRUE: [28, 24, 39, 27, 33, 20, 37, 39, 35, 17, 39, 21, 12, 8, 39, 16, 22, 39, 2, 22, 2, 6, 1, 29, 30, 39, 19, 2, 20, 33, 38, 2, 22, 39]
    PRED: [9, 24, 39, 33, 20, 37, 39, 35, 17, 39, 21, 12, 8, 39, 16, 22, 39, 1, 22, 27, 1, 29, 39, 33, 20, 33, 38, 2, 22, 39]
    Edit distance: 8/34
  Sample 3:
    TRUE: [20, 3, 27, 17, 37, 39, 19, 0, 28, 30, 33, 21, 39, 22, 17, 8, 2, 8, 39, 6, 20, 1, 19, 39, 14, 20, 2, 34, 37, 39, 30, 33, 39, 6, 17, 39, 19, 2, 21, 26, 20, 17, 30, 20, 17, 39, 10, 20, 2, 14, 2, 22, 30, 39]
    PRED: [35, 27, 24, 17, 39, 19, 5, 5, 21, 2, 21, 39, 22, 12, 8, 39, 21, 1, 19, 39, 14, 20, 2, 34, 37, 39, 30, 33, 39, 6, 17, 39, 19, 2, 26, 20, 39, 20, 2, 8, 39]
    Edit distance: 23/54
  Sample 4:
    TRUE: [9, 2, 39, 30, 33, 31, 39, 13, 10, 27, 17, 39, 13, 11, 14, 0, 30, 39, 30, 33, 39, 19, 2, 21, 39, 35, 10, 22, 39, 27, 0, 18, 11, 37, 39, 30, 33, 31, 39, 13, 10, 20, 39, 4, 30, 39]
    PRED: [9, 2, 39, 27, 33, 31, 30, 39, 13, 12, 17, 17, 39, 13, 16, 3, 19, 0, 30, 39, 30, 33, 39, 28, 2, 21, 39, 35, 2, 22, 39, 35, 11, 8, 11, 39, 9, 33, 31, 13, 31, 39, 13, 20, 39, 4, 30, 39]
    Edit distance: 17/46

============================================================
Batch 77000 | Val PER: 0.3276
============================================================
  Sample 0:
    TRUE: [31, 17, 0, 19, 27, 2, 28, 17, 39, 27, 17, 19, 2, 22, 28, 16, 8, 11, 8, 39]
    PRED: [9, 12, 0, 19, 28, 28, 39, 8, 27, 17, 22, 2, 30, 8, 39]
    Edit distance: 12/20
  Sample 1:
    TRUE: [27, 16, 7, 39, 26, 11, 7, 2, 28, 30, 39, 28, 10, 34, 27, 2, 20, 39, 28, 5, 22, 8, 39, 20, 16, 31, 2, 14, 27, 1, 13, 28, 39]
    PRED: [27, 10, 7, 30, 39, 26, 27, 11, 1, 28, 2, 37, 39, 28, 8, 10, 34, 2, 20, 39, 5, 22, 8, 37, 39, 20, 16, 9, 18, 5, 13, 28, 39]
    Edit distance: 16/33
  Sample 2:
    TRUE: [28, 24, 39, 27, 33, 20, 37, 39, 35, 17, 39, 21, 12, 8, 39, 16, 22, 39, 2, 22, 2, 6, 1, 29, 30, 39, 19, 2, 20, 33, 38, 2, 22, 39]
    PRED: [9, 24, 39, 33, 20, 37, 39, 35, 17, 39, 21, 12, 8, 39, 16, 22, 39, 2, 22, 27, 1, 29, 39, 19, 33, 20, 33, 38, 2, 22, 39]
    Edit distance: 6/34
  Sample 3:
    TRUE: [20, 3, 27, 17, 37, 39, 19, 0, 28, 30, 33, 21, 39, 22, 17, 8, 2, 8, 39, 6, 20, 1, 19, 39, 14, 20, 2, 34, 37, 39, 30, 33, 39, 6, 17, 39, 19, 2, 21, 26, 20, 17, 30, 20, 17, 39, 10, 20, 2, 14, 2, 22, 30, 39]
    PRED: [19, 27, 24, 37, 17, 39, 19, 5, 5, 2, 21, 39, 22, 12, 8, 39, 21, 1, 19, 39, 14, 20, 2, 34, 37, 39, 30, 33, 39, 6, 17, 39, 19, 2, 21, 26, 20, 39, 1, 20, 2, 22, 39]
    Edit distance: 21/54
  Sample 4:
    TRUE: [9, 2, 39, 30, 33, 31, 39, 13, 10, 27, 17, 39, 13, 11, 14, 0, 30, 39, 30, 33, 39, 19, 2, 21, 39, 35, 10, 22, 39, 27, 0, 18, 11, 37, 39, 30, 33, 31, 39, 13, 10, 20, 39, 4, 30, 39]
    PRED: [9, 2, 39, 36, 33, 31, 30, 39, 13, 12, 11, 39, 13, 16, 17, 19, 0, 30, 39, 30, 33, 39, 28, 2, 21, 39, 35, 2, 22, 39, 35, 11, 8, 11, 39, 9, 33, 31, 13, 39, 13, 5, 20, 39, 4, 30, 39]
    Edit distance: 17/46

============================================================
Batch 77500 | Val PER: 0.3306
============================================================
  Sample 0:
    TRUE: [31, 17, 0, 19, 27, 2, 28, 17, 39, 27, 17, 19, 2, 22, 28, 16, 8, 11, 8, 39]
    PRED: [9, 12, 0, 19, 2, 28, 39, 8, 27, 16, 22, 2, 30, 8, 39]
    Edit distance: 12/20
  Sample 1:
    TRUE: [27, 16, 7, 39, 26, 11, 7, 2, 28, 30, 39, 28, 10, 34, 27, 2, 20, 39, 28, 5, 22, 8, 39, 20, 16, 31, 2, 14, 27, 1, 13, 28, 39]
    PRED: [27, 10, 28, 19, 30, 39, 26, 27, 0, 1, 7, 2, 37, 39, 10, 34, 20, 39, 5, 22, 8, 37, 39, 20, 16, 2, 28, 14, 18, 5, 13, 28, 39]
    Edit distance: 18/33
  Sample 2:
    TRUE: [28, 24, 39, 27, 33, 20, 37, 39, 35, 17, 39, 21, 12, 8, 39, 16, 22, 39, 2, 22, 2, 6, 1, 29, 30, 39, 19, 2, 20, 33, 38, 2, 22, 39]
    PRED: [9, 24, 39, 33, 20, 37, 39, 21, 17, 39, 21, 12, 8, 39, 16, 22, 39, 1, 22, 8, 27, 1, 29, 30, 39, 19, 33, 20, 33, 38, 2, 22, 39]
    Edit distance: 7/34
  Sample 3:
    TRUE: [20, 3, 27, 17, 37, 39, 19, 0, 28, 30, 33, 21, 39, 22, 17, 8, 2, 8, 39, 6, 20, 1, 19, 39, 14, 20, 2, 34, 37, 39, 30, 33, 39, 6, 17, 39, 19, 2, 21, 26, 20, 17, 30, 20, 17, 39, 10, 20, 2, 14, 2, 22, 30, 39]
    PRED: [19, 27, 24, 17, 39, 19, 5, 28, 5, 21, 2, 21, 39, 22, 12, 8, 39, 21, 1, 19, 39, 14, 20, 2, 34, 37, 39, 30, 33, 39, 6, 17, 39, 19, 2, 26, 20, 11, 39, 20, 2, 22, 39]
    Edit distance: 22/54
  Sample 4:
    TRUE: [9, 2, 39, 30, 33, 31, 39, 13, 10, 27, 17, 39, 13, 11, 14, 0, 30, 39, 30, 33, 39, 19, 2, 21, 39, 35, 10, 22, 39, 27, 0, 18, 11, 37, 39, 30, 33, 31, 39, 13, 10, 20, 39, 4, 30, 39]
    PRED: [9, 2, 39, 36, 33, 31, 30, 39, 13, 12, 17, 11, 39, 13, 16, 3, 19, 0, 30, 39, 30, 33, 39, 28, 5, 21, 39, 35, 10, 22, 39, 35, 11, 8, 11, 39, 9, 33, 31, 13, 39, 13, 5, 20, 39, 4, 30, 39]
    Edit distance: 17/46

============================================================
Batch 78000 | Val PER: 0.3276
============================================================
  Sample 0:
    TRUE: [31, 17, 0, 19, 27, 2, 28, 17, 39, 27, 17, 19, 2, 22, 28, 16, 8, 11, 8, 39]
    PRED: [9, 12, 0, 19, 2, 28, 39, 8, 27, 16, 19, 22, 2, 30, 8, 39]
    Edit distance: 11/20
  Sample 1:
    TRUE: [27, 16, 7, 39, 26, 11, 7, 2, 28, 30, 39, 28, 10, 34, 27, 2, 20, 39, 28, 5, 22, 8, 39, 20, 16, 31, 2, 14, 27, 1, 13, 28, 39]
    PRED: [27, 10, 30, 39, 26, 27, 11, 1, 7, 2, 37, 39, 10, 34, 20, 39, 28, 5, 22, 8, 37, 39, 20, 16, 28, 14, 18, 5, 13, 28, 39]
    Edit distance: 14/33
  Sample 2:
    TRUE: [28, 24, 39, 27, 33, 20, 37, 39, 35, 17, 39, 21, 12, 8, 39, 16, 22, 39, 2, 22, 2, 6, 1, 29, 30, 39, 19, 2, 20, 33, 38, 2, 22, 39]
    PRED: [9, 24, 39, 27, 33, 20, 37, 39, 35, 17, 39, 21, 12, 8, 39, 16, 22, 39, 0, 22, 30, 27, 1, 29, 30, 39, 33, 20, 33, 38, 2, 22, 39]
    Edit distance: 6/34
  Sample 3:
    TRUE: [20, 3, 27, 17, 37, 39, 19, 0, 28, 30, 33, 21, 39, 22, 17, 8, 2, 8, 39, 6, 20, 1, 19, 39, 14, 20, 2, 34, 37, 39, 30, 33, 39, 6, 17, 39, 19, 2, 21, 26, 20, 17, 30, 20, 17, 39, 10, 20, 2, 14, 2, 22, 30, 39]
    PRED: [19, 27, 24, 37, 17, 39, 19, 5, 28, 5, 21, 2, 21, 39, 22, 12, 8, 39, 21, 0, 19, 39, 14, 20, 2, 34, 37, 39, 30, 33, 39, 6, 17, 39, 19, 2, 21, 26, 20, 30, 39, 20, 2, 22, 39]
    Edit distance: 21/54
  Sample 4:
    TRUE: [9, 2, 39, 30, 33, 31, 39, 13, 10, 27, 17, 39, 13, 11, 14, 0, 30, 39, 30, 33, 39, 19, 2, 21, 39, 35, 10, 22, 39, 27, 0, 18, 11, 37, 39, 30, 33, 31, 39, 13, 10, 20, 39, 4, 30, 39]
    PRED: [9, 2, 39, 36, 33, 31, 30, 39, 13, 12, 11, 39, 13, 16, 3, 19, 0, 30, 39, 30, 33, 39, 28, 5, 21, 39, 35, 2, 22, 39, 27, 11, 8, 11, 39, 9, 33, 31, 13, 31, 39, 13, 20, 39, 4, 30, 39]
    Edit distance: 18/46

============================================================
Batch 78500 | Val PER: 0.3308
============================================================
  Sample 0:
    TRUE: [31, 17, 0, 19, 27, 2, 28, 17, 39, 27, 17, 19, 2, 22, 28, 16, 8, 11, 8, 39]
    PRED: [9, 5, 12, 0, 19, 28, 39, 8, 27, 16, 22, 12, 30, 8, 39]
    Edit distance: 14/20
  Sample 1:
    TRUE: [27, 16, 7, 39, 26, 11, 7, 2, 28, 30, 39, 28, 10, 34, 27, 2, 20, 39, 28, 5, 22, 8, 39, 20, 16, 31, 2, 14, 27, 1, 13, 28, 39]
    PRED: [27, 10, 30, 39, 26, 27, 1, 7, 2, 8, 37, 39, 10, 34, 20, 39, 5, 22, 8, 39, 20, 16, 28, 18, 5, 13, 28, 39]
    Edit distance: 15/33
  Sample 2:
    TRUE: [28, 24, 39, 27, 33, 20, 37, 39, 35, 17, 39, 21, 12, 8, 39, 16, 22, 39, 2, 22, 2, 6, 1, 29, 30, 39, 19, 2, 20, 33, 38, 2, 22, 39]
    PRED: [9, 24, 39, 25, 33, 20, 37, 39, 35, 17, 39, 21, 12, 8, 39, 16, 22, 39, 0, 22, 8, 27, 1, 29, 30, 39, 19, 33, 20, 33, 38, 2, 22, 39]
    Edit distance: 6/34
  Sample 3:
    TRUE: [20, 3, 27, 17, 37, 39, 19, 0, 28, 30, 33, 21, 39, 22, 17, 8, 2, 8, 39, 6, 20, 1, 19, 39, 14, 20, 2, 34, 37, 39, 30, 33, 39, 6, 17, 39, 19, 2, 21, 26, 20, 17, 30, 20, 17, 39, 10, 20, 2, 14, 2, 22, 30, 39]
    PRED: [19, 27, 24, 17, 39, 5, 5, 21, 2, 21, 39, 22, 10, 8, 39, 21, 1, 19, 39, 14, 20, 2, 34, 37, 39, 30, 33, 39, 6, 17, 39, 19, 2, 21, 26, 20, 11, 39, 20, 2, 10, 2, 22, 39]
    Edit distance: 21/54
  Sample 4:
    TRUE: [9, 2, 39, 30, 33, 31, 39, 13, 10, 27, 17, 39, 13, 11, 14, 0, 30, 39, 30, 33, 39, 19, 2, 21, 39, 35, 10, 22, 39, 27, 0, 18, 11, 37, 39, 30, 33, 31, 39, 13, 10, 20, 39, 4, 30, 39]
    PRED: [9, 2, 39, 8, 27, 33, 31, 30, 39, 13, 16, 11, 39, 13, 16, 3, 19, 0, 30, 39, 30, 33, 39, 28, 2, 21, 39, 35, 2, 22, 39, 27, 11, 8, 11, 39, 31, 9, 33, 31, 13, 39, 13, 5, 20, 39, 4, 30, 39]
    Edit distance: 18/46

============================================================
Batch 79000 | Val PER: 0.3290
============================================================
  Sample 0:
    TRUE: [31, 17, 0, 19, 27, 2, 28, 17, 39, 27, 17, 19, 2, 22, 28, 16, 8, 11, 8, 39]
    PRED: [9, 12, 0, 19, 2, 28, 39, 8, 27, 17, 22, 2, 30, 8, 39]
    Edit distance: 11/20
  Sample 1:
    TRUE: [27, 16, 7, 39, 26, 11, 7, 2, 28, 30, 39, 28, 10, 34, 27, 2, 20, 39, 28, 5, 22, 8, 39, 20, 16, 31, 2, 14, 27, 1, 13, 28, 39]
    PRED: [27, 10, 30, 39, 26, 27, 11, 1, 7, 2, 16, 37, 39, 10, 34, 2, 20, 39, 5, 22, 8, 39, 20, 16, 18, 5, 13, 28, 39]
    Edit distance: 14/33
  Sample 2:
    TRUE: [28, 24, 39, 27, 33, 20, 37, 39, 35, 17, 39, 21, 12, 8, 39, 16, 22, 39, 2, 22, 2, 6, 1, 29, 30, 39, 19, 2, 20, 33, 38, 2, 22, 39]
    PRED: [9, 24, 39, 25, 33, 20, 37, 39, 35, 17, 39, 21, 12, 8, 39, 16, 22, 39, 0, 22, 8, 27, 1, 29, 39, 33, 20, 33, 38, 2, 22, 39]
    Edit distance: 8/34
  Sample 3:
    TRUE: [20, 3, 27, 17, 37, 39, 19, 0, 28, 30, 33, 21, 39, 22, 17, 8, 2, 8, 39, 6, 20, 1, 19, 39, 14, 20, 2, 34, 37, 39, 30, 33, 39, 6, 17, 39, 19, 2, 21, 26, 20, 17, 30, 20, 17, 39, 10, 20, 2, 14, 2, 22, 30, 39]
    PRED: [35, 27, 24, 39, 5, 28, 5, 21, 2, 21, 39, 22, 10, 8, 39, 21, 1, 19, 39, 14, 20, 0, 34, 37, 39, 30, 33, 39, 6, 17, 39, 19, 2, 26, 20, 30, 39, 1, 20, 2, 10, 8, 39]
    Edit distance: 24/54
  Sample 4:
    TRUE: [9, 2, 39, 30, 33, 31, 39, 13, 10, 27, 17, 39, 13, 11, 14, 0, 30, 39, 30, 33, 39, 19, 2, 21, 39, 35, 10, 22, 39, 27, 0, 18, 11, 37, 39, 30, 33, 31, 39, 13, 10, 20, 39, 4, 30, 39]
    PRED: [9, 2, 39, 36, 27, 33, 31, 30, 39, 13, 16, 11, 39, 13, 16, 3, 0, 30, 39, 30, 33, 39, 28, 2, 21, 39, 35, 2, 22, 39, 35, 11, 8, 11, 39, 36, 9, 33, 31, 13, 39, 13, 20, 39, 4, 30, 39]
    Edit distance: 18/46

============================================================
Batch 79500 | Val PER: 0.3274
============================================================
  Sample 0:
    TRUE: [31, 17, 0, 19, 27, 2, 28, 17, 39, 27, 17, 19, 2, 22, 28, 16, 8, 11, 8, 39]
    PRED: [9, 12, 0, 19, 2, 28, 39, 27, 17, 22, 2, 12, 30, 2, 8, 39]
    Edit distance: 10/20
  Sample 1:
    TRUE: [27, 16, 7, 39, 26, 11, 7, 2, 28, 30, 39, 28, 10, 34, 27, 2, 20, 39, 28, 5, 22, 8, 39, 20, 16, 31, 2, 14, 27, 1, 13, 28, 39]
    PRED: [27, 10, 30, 39, 26, 27, 11, 1, 7, 2, 8, 37, 39, 10, 34, 20, 39, 5, 22, 8, 39, 20, 16, 39, 2, 18, 1, 13, 28, 39]
    Edit distance: 13/33
  Sample 2:
    TRUE: [28, 24, 39, 27, 33, 20, 37, 39, 35, 17, 39, 21, 12, 8, 39, 16, 22, 39, 2, 22, 2, 6, 1, 29, 30, 39, 19, 2, 20, 33, 38, 2, 22, 39]
    PRED: [9, 24, 39, 33, 20, 37, 39, 21, 17, 39, 21, 12, 8, 39, 16, 22, 39, 0, 22, 8, 27, 1, 29, 39, 33, 20, 33, 38, 2, 22, 39]
    Edit distance: 9/34
  Sample 3:
    TRUE: [20, 3, 27, 17, 37, 39, 19, 0, 28, 30, 33, 21, 39, 22, 17, 8, 2, 8, 39, 6, 20, 1, 19, 39, 14, 20, 2, 34, 37, 39, 30, 33, 39, 6, 17, 39, 19, 2, 21, 26, 20, 17, 30, 20, 17, 39, 10, 20, 2, 14, 2, 22, 30, 39]
    PRED: [35, 27, 24, 37, 39, 19, 5, 28, 5, 21, 2, 21, 39, 22, 12, 8, 39, 21, 1, 19, 39, 14, 20, 2, 34, 37, 39, 30, 33, 39, 6, 17, 39, 19, 2, 21, 26, 20, 11, 39, 4, 20, 2, 22, 8, 39]
    Edit distance: 20/54
  Sample 4:
    TRUE: [9, 2, 39, 30, 33, 31, 39, 13, 10, 27, 17, 39, 13, 11, 14, 0, 30, 39, 30, 33, 39, 19, 2, 21, 39, 35, 10, 22, 39, 27, 0, 18, 11, 37, 39, 30, 33, 31, 39, 13, 10, 20, 39, 4, 30, 39]
    PRED: [9, 2, 39, 36, 33, 31, 30, 39, 13, 16, 17, 11, 17, 39, 13, 16, 17, 19, 0, 39, 30, 33, 39, 28, 2, 21, 39, 35, 2, 22, 39, 35, 11, 8, 11, 39, 31, 33, 31, 13, 39, 13, 20, 39, 4, 30, 39]
    Edit distance: 18/46

============================================================
Batch 80000 | Val PER: 0.3287
============================================================
  Sample 0:
    TRUE: [31, 17, 0, 19, 27, 2, 28, 17, 39, 27, 17, 19, 2, 22, 28, 16, 8, 11, 8, 39]
    PRED: [9, 0, 19, 28, 2, 28, 39, 27, 16, 22, 2, 12, 30, 8, 39]
    Edit distance: 11/20
  Sample 1:
    TRUE: [27, 16, 7, 39, 26, 11, 7, 2, 28, 30, 39, 28, 10, 34, 27, 2, 20, 39, 28, 5, 22, 8, 39, 20, 16, 31, 2, 14, 27, 1, 13, 28, 39]
    PRED: [27, 10, 28, 30, 39, 26, 27, 11, 1, 7, 2, 37, 39, 10, 34, 20, 39, 5, 22, 8, 39, 20, 16, 2, 18, 1, 13, 28, 39]
    Edit distance: 14/33
  Sample 2:
    TRUE: [28, 24, 39, 27, 33, 20, 37, 39, 35, 17, 39, 21, 12, 8, 39, 16, 22, 39, 2, 22, 2, 6, 1, 29, 30, 39, 19, 2, 20, 33, 38, 2, 22, 39]
    PRED: [9, 24, 39, 27, 33, 20, 37, 39, 21, 17, 39, 21, 12, 8, 39, 16, 22, 39, 1, 22, 8, 27, 1, 29, 30, 39, 33, 20, 33, 38, 2, 22, 39]
    Edit distance: 7/34
  Sample 3:
    TRUE: [20, 3, 27, 17, 37, 39, 19, 0, 28, 30, 33, 21, 39, 22, 17, 8, 2, 8, 39, 6, 20, 1, 19, 39, 14, 20, 2, 34, 37, 39, 30, 33, 39, 6, 17, 39, 19, 2, 21, 26, 20, 17, 30, 20, 17, 39, 10, 20, 2, 14, 2, 22, 30, 39]
    PRED: [19, 27, 24, 37, 17, 39, 19, 5, 28, 5, 21, 2, 21, 39, 22, 10, 8, 39, 21, 1, 19, 39, 14, 20, 2, 34, 37, 39, 30, 33, 39, 6, 17, 39, 19, 2, 21, 26, 20, 30, 11, 39, 20, 2, 10, 2, 22, 8, 39]
    Edit distance: 19/54
  Sample 4:
    TRUE: [9, 2, 39, 30, 33, 31, 39, 13, 10, 27, 17, 39, 13, 11, 14, 0, 30, 39, 30, 33, 39, 19, 2, 21, 39, 35, 10, 22, 39, 27, 0, 18, 11, 37, 39, 30, 33, 31, 39, 13, 10, 20, 39, 4, 30, 39]
    PRED: [9, 2, 39, 27, 33, 31, 30, 39, 13, 10, 11, 39, 13, 16, 17, 19, 0, 30, 39, 30, 33, 39, 28, 2, 21, 39, 35, 2, 22, 39, 27, 11, 8, 11, 39, 31, 33, 31, 13, 31, 39, 13, 5, 20, 39, 4, 30, 39]
    Edit distance: 16/46

============================================================
Batch 80500 | Val PER: 0.3299
============================================================
  Sample 0:
    TRUE: [31, 17, 0, 19, 27, 2, 28, 17, 39, 27, 17, 19, 2, 22, 28, 16, 8, 11, 8, 39]
    PRED: [9, 12, 0, 19, 28, 2, 28, 39, 27, 16, 22, 2, 12, 30, 8, 39]
    Edit distance: 11/20
  Sample 1:
    TRUE: [27, 16, 7, 39, 26, 11, 7, 2, 28, 30, 39, 28, 10, 34, 27, 2, 20, 39, 28, 5, 22, 8, 39, 20, 16, 31, 2, 14, 27, 1, 13, 28, 39]
    PRED: [27, 10, 7, 30, 39, 26, 27, 1, 7, 2, 37, 39, 10, 34, 20, 39, 5, 22, 8, 30, 39, 20, 16, 39, 18, 5, 13, 28, 39]
    Edit distance: 16/33
  Sample 2:
    TRUE: [28, 24, 39, 27, 33, 20, 37, 39, 35, 17, 39, 21, 12, 8, 39, 16, 22, 39, 2, 22, 2, 6, 1, 29, 30, 39, 19, 2, 20, 33, 38, 2, 22, 39]
    PRED: [9, 24, 39, 33, 20, 37, 39, 21, 17, 39, 21, 12, 8, 39, 16, 22, 39, 0, 22, 27, 1, 29, 30, 39, 19, 33, 20, 33, 38, 2, 22, 39]
    Edit distance: 7/34
  Sample 3:
    TRUE: [20, 3, 27, 17, 37, 39, 19, 0, 28, 30, 33, 21, 39, 22, 17, 8, 2, 8, 39, 6, 20, 1, 19, 39, 14, 20, 2, 34, 37, 39, 30, 33, 39, 6, 17, 39, 19, 2, 21, 26, 20, 17, 30, 20, 17, 39, 10, 20, 2, 14, 2, 22, 30, 39]
    PRED: [19, 27, 24, 37, 39, 19, 5, 28, 5, 21, 2, 21, 39, 22, 12, 8, 39, 21, 1, 19, 39, 14, 20, 2, 34, 37, 39, 30, 33, 39, 6, 17, 39, 19, 2, 21, 26, 20, 39, 20, 2, 10, 22, 39]
    Edit distance: 20/54
  Sample 4:
    TRUE: [9, 2, 39, 30, 33, 31, 39, 13, 10, 27, 17, 39, 13, 11, 14, 0, 30, 39, 30, 33, 39, 19, 2, 21, 39, 35, 10, 22, 39, 27, 0, 18, 11, 37, 39, 30, 33, 31, 39, 13, 10, 20, 39, 4, 30, 39]
    PRED: [9, 2, 39, 36, 27, 33, 31, 30, 39, 13, 12, 11, 39, 13, 16, 19, 0, 30, 39, 30, 33, 39, 28, 5, 21, 39, 35, 2, 22, 39, 35, 11, 8, 11, 39, 9, 33, 31, 13, 39, 13, 5, 20, 39, 4, 30, 39]
    Edit distance: 18/46

============================================================
Batch 81000 | Val PER: 0.3227
============================================================
  Sample 0:
    TRUE: [31, 17, 0, 19, 27, 2, 28, 17, 39, 27, 17, 19, 2, 22, 28, 16, 8, 11, 8, 39]
    PRED: [9, 12, 0, 19, 28, 2, 28, 39, 27, 16, 22, 2, 30, 8, 39]
    Edit distance: 11/20
  Sample 1:
    TRUE: [27, 16, 7, 39, 26, 11, 7, 2, 28, 30, 39, 28, 10, 34, 27, 2, 20, 39, 28, 5, 22, 8, 39, 20, 16, 31, 2, 14, 27, 1, 13, 28, 39]
    PRED: [27, 10, 28, 30, 39, 26, 27, 11, 1, 7, 2, 8, 37, 39, 10, 34, 11, 20, 39, 5, 22, 8, 2, 8, 37, 39, 20, 16, 9, 18, 5, 13, 28, 39]
    Edit distance: 19/33
  Sample 2:
    TRUE: [28, 24, 39, 27, 33, 20, 37, 39, 35, 17, 39, 21, 12, 8, 39, 16, 22, 39, 2, 22, 2, 6, 1, 29, 30, 39, 19, 2, 20, 33, 38, 2, 22, 39]
    PRED: [9, 24, 39, 33, 20, 37, 39, 21, 17, 39, 21, 12, 8, 39, 16, 22, 39, 2, 22, 1, 29, 39, 33, 20, 33, 38, 2, 22, 39]
    Edit distance: 8/34
  Sample 3:
    TRUE: [20, 3, 27, 17, 37, 39, 19, 0, 28, 30, 33, 21, 39, 22, 17, 8, 2, 8, 39, 6, 20, 1, 19, 39, 14, 20, 2, 34, 37, 39, 30, 33, 39, 6, 17, 39, 19, 2, 21, 26, 20, 17, 30, 20, 17, 39, 10, 20, 2, 14, 2, 22, 30, 39]
    PRED: [19, 27, 24, 37, 39, 19, 5, 28, 5, 21, 2, 21, 39, 22, 12, 8, 39, 21, 1, 19, 39, 14, 20, 2, 34, 37, 39, 30, 33, 39, 6, 17, 39, 19, 2, 26, 20, 11, 39, 20, 2, 22, 8, 39]
    Edit distance: 21/54
  Sample 4:
    TRUE: [9, 2, 39, 30, 33, 31, 39, 13, 10, 27, 17, 39, 13, 11, 14, 0, 30, 39, 30, 33, 39, 19, 2, 21, 39, 35, 10, 22, 39, 27, 0, 18, 11, 37, 39, 30, 33, 31, 39, 13, 10, 20, 39, 4, 30, 39]
    PRED: [9, 2, 39, 27, 33, 31, 30, 39, 13, 11, 39, 13, 16, 19, 0, 30, 8, 39, 30, 33, 39, 28, 2, 21, 39, 35, 2, 22, 39, 35, 11, 8, 11, 39, 9, 33, 31, 13, 39, 13, 5, 20, 39, 4, 30, 39]
    Edit distance: 17/46

============================================================
Batch 81500 | Val PER: 0.3303
============================================================
  Sample 0:
    TRUE: [31, 17, 0, 19, 27, 2, 28, 17, 39, 27, 17, 19, 2, 22, 28, 16, 8, 11, 8, 39]
    PRED: [9, 17, 12, 39, 0, 19, 2, 28, 39, 27, 16, 19, 22, 2, 30, 8, 39]
    Edit distance: 11/20
  Sample 1:
    TRUE: [27, 16, 7, 39, 26, 11, 7, 2, 28, 30, 39, 28, 10, 34, 27, 2, 20, 39, 28, 5, 22, 8, 39, 20, 16, 31, 2, 14, 27, 1, 13, 28, 39]
    PRED: [27, 10, 28, 30, 39, 26, 27, 11, 1, 7, 2, 8, 37, 39, 10, 34, 20, 39, 5, 22, 8, 39, 20, 16, 18, 5, 13, 28, 39]
    Edit distance: 16/33
  Sample 2:
    TRUE: [28, 24, 39, 27, 33, 20, 37, 39, 35, 17, 39, 21, 12, 8, 39, 16, 22, 39, 2, 22, 2, 6, 1, 29, 30, 39, 19, 2, 20, 33, 38, 2, 22, 39]
    PRED: [9, 24, 39, 27, 33, 20, 37, 39, 35, 17, 39, 21, 12, 8, 39, 16, 22, 39, 0, 22, 8, 27, 1, 29, 30, 39, 33, 20, 33, 38, 2, 22, 39]
    Edit distance: 6/34
  Sample 3:
    TRUE: [20, 3, 27, 17, 37, 39, 19, 0, 28, 30, 33, 21, 39, 22, 17, 8, 2, 8, 39, 6, 20, 1, 19, 39, 14, 20, 2, 34, 37, 39, 30, 33, 39, 6, 17, 39, 19, 2, 21, 26, 20, 17, 30, 20, 17, 39, 10, 20, 2, 14, 2, 22, 30, 39]
    PRED: [19, 27, 24, 17, 39, 19, 5, 28, 5, 21, 2, 21, 39, 22, 12, 8, 39, 21, 1, 19, 39, 14, 20, 2, 34, 37, 39, 30, 33, 39, 6, 17, 39, 19, 2, 21, 26, 20, 39, 1, 20, 2, 22, 39]
    Edit distance: 21/54
  Sample 4:
    TRUE: [9, 2, 39, 30, 33, 31, 39, 13, 10, 27, 17, 39, 13, 11, 14, 0, 30, 39, 30, 33, 39, 19, 2, 21, 39, 35, 10, 22, 39, 27, 0, 18, 11, 37, 39, 30, 33, 31, 39, 13, 10, 20, 39, 4, 30, 39]
    PRED: [9, 2, 39, 27, 33, 31, 30, 39, 13, 11, 39, 13, 16, 3, 19, 0, 39, 30, 33, 39, 28, 2, 21, 39, 35, 2, 22, 39, 35, 11, 0, 8, 11, 39, 9, 33, 31, 13, 39, 13, 5, 20, 39, 4, 30, 39]
    Edit distance: 18/46

============================================================
Batch 82000 | Val PER: 0.3300
============================================================
  Sample 0:
    TRUE: [31, 17, 0, 19, 27, 2, 28, 17, 39, 27, 17, 19, 2, 22, 28, 16, 8, 11, 8, 39]
    PRED: [9, 12, 0, 19, 2, 28, 39, 8, 16, 22, 2, 30, 8, 39]
    Edit distance: 12/20
  Sample 1:
    TRUE: [27, 16, 7, 39, 26, 11, 7, 2, 28, 30, 39, 28, 10, 34, 27, 2, 20, 39, 28, 5, 22, 8, 39, 20, 16, 31, 2, 14, 27, 1, 13, 28, 39]
    PRED: [27, 10, 28, 30, 39, 26, 27, 11, 1, 2, 37, 39, 10, 34, 2, 20, 39, 5, 22, 8, 39, 20, 16, 18, 5, 13, 28, 39]
    Edit distance: 15/33
  Sample 2:
    TRUE: [28, 24, 39, 27, 33, 20, 37, 39, 35, 17, 39, 21, 12, 8, 39, 16, 22, 39, 2, 22, 2, 6, 1, 29, 30, 39, 19, 2, 20, 33, 38, 2, 22, 39]
    PRED: [9, 24, 39, 27, 25, 20, 37, 39, 21, 17, 39, 21, 12, 8, 39, 16, 22, 39, 16, 22, 8, 27, 1, 29, 30, 39, 33, 20, 33, 38, 2, 22, 39]
    Edit distance: 8/34
  Sample 3:
    TRUE: [20, 3, 27, 17, 37, 39, 19, 0, 28, 30, 33, 21, 39, 22, 17, 8, 2, 8, 39, 6, 20, 1, 19, 39, 14, 20, 2, 34, 37, 39, 30, 33, 39, 6, 17, 39, 19, 2, 21, 26, 20, 17, 30, 20, 17, 39, 10, 20, 2, 14, 2, 22, 30, 39]
    PRED: [19, 27, 24, 17, 39, 19, 5, 28, 5, 21, 2, 21, 39, 22, 12, 8, 39, 21, 1, 19, 39, 14, 20, 2, 34, 37, 39, 30, 33, 39, 6, 17, 39, 19, 2, 21, 26, 20, 11, 39, 20, 2, 22, 39]
    Edit distance: 21/54
  Sample 4:
    TRUE: [9, 2, 39, 30, 33, 31, 39, 13, 10, 27, 17, 39, 13, 11, 14, 0, 30, 39, 30, 33, 39, 19, 2, 21, 39, 35, 10, 22, 39, 27, 0, 18, 11, 37, 39, 30, 33, 31, 39, 13, 10, 20, 39, 4, 30, 39]
    PRED: [9, 2, 39, 27, 33, 31, 30, 39, 11, 39, 13, 16, 17, 19, 0, 39, 30, 33, 39, 28, 2, 21, 39, 35, 10, 22, 39, 35, 11, 8, 11, 39, 9, 33, 31, 13, 39, 13, 5, 20, 39, 4, 30, 39]
    Edit distance: 18/46

============================================================
Batch 82500 | Val PER: 0.3332
============================================================
  Sample 0:
    TRUE: [31, 17, 0, 19, 27, 2, 28, 17, 39, 27, 17, 19, 2, 22, 28, 16, 8, 11, 8, 39]
    PRED: [9, 17, 12, 0, 19, 2, 28, 39, 27, 16, 22, 30, 8, 39]
    Edit distance: 11/20
  Sample 1:
    TRUE: [27, 16, 7, 39, 26, 11, 7, 2, 28, 30, 39, 28, 10, 34, 27, 2, 20, 39, 28, 5, 22, 8, 39, 20, 16, 31, 2, 14, 27, 1, 13, 28, 39]
    PRED: [10, 28, 30, 39, 26, 27, 11, 1, 7, 2, 37, 39, 10, 34, 2, 20, 39, 28, 5, 22, 8, 30, 39, 20, 16, 14, 18, 5, 13, 28, 39]
    Edit distance: 14/33
  Sample 2:
    TRUE: [28, 24, 39, 27, 33, 20, 37, 39, 35, 17, 39, 21, 12, 8, 39, 16, 22, 39, 2, 22, 2, 6, 1, 29, 30, 39, 19, 2, 20, 33, 38, 2, 22, 39]
    PRED: [9, 24, 39, 33, 20, 37, 39, 35, 17, 39, 21, 12, 8, 39, 16, 22, 39, 16, 22, 8, 5, 29, 30, 39, 33, 20, 33, 38, 2, 22, 39]
    Edit distance: 8/34
  Sample 3:
    TRUE: [20, 3, 27, 17, 37, 39, 19, 0, 28, 30, 33, 21, 39, 22, 17, 8, 2, 8, 39, 6, 20, 1, 19, 39, 14, 20, 2, 34, 37, 39, 30, 33, 39, 6, 17, 39, 19, 2, 21, 26, 20, 17, 30, 20, 17, 39, 10, 20, 2, 14, 2, 22, 30, 39]
    PRED: [19, 27, 24, 37, 17, 39, 19, 5, 28, 5, 2, 21, 39, 22, 12, 8, 39, 21, 1, 19, 39, 14, 20, 2, 34, 37, 39, 30, 33, 39, 6, 17, 39, 19, 2, 26, 20, 39, 20, 2, 10, 8, 39]
    Edit distance: 22/54
  Sample 4:
    TRUE: [9, 2, 39, 30, 33, 31, 39, 13, 10, 27, 17, 39, 13, 11, 14, 0, 30, 39, 30, 33, 39, 19, 2, 21, 39, 35, 10, 22, 39, 27, 0, 18, 11, 37, 39, 30, 33, 31, 39, 13, 10, 20, 39, 4, 30, 39]
    PRED: [9, 2, 39, 36, 27, 33, 31, 30, 39, 12, 11, 39, 13, 16, 17, 19, 0, 30, 39, 30, 33, 39, 28, 5, 21, 39, 35, 10, 22, 39, 27, 11, 8, 11, 39, 9, 33, 31, 13, 39, 13, 5, 20, 39, 4, 30, 39]
    Edit distance: 18/46

============================================================
Batch 83000 | Val PER: 0.3264
============================================================
  Sample 0:
    TRUE: [31, 17, 0, 19, 27, 2, 28, 17, 39, 27, 17, 19, 2, 22, 28, 16, 8, 11, 8, 39]
    PRED: [9, 12, 0, 19, 28, 2, 28, 39, 27, 16, 22, 2, 30, 8, 39]
    Edit distance: 11/20
  Sample 1:
    TRUE: [27, 16, 7, 39, 26, 11, 7, 2, 28, 30, 39, 28, 10, 34, 27, 2, 20, 39, 28, 5, 22, 8, 39, 20, 16, 31, 2, 14, 27, 1, 13, 28, 39]
    PRED: [27, 10, 28, 30, 39, 26, 27, 11, 1, 7, 2, 8, 37, 39, 10, 34, 11, 20, 39, 5, 22, 8, 39, 20, 16, 9, 14, 18, 5, 13, 28, 39]
    Edit distance: 15/33
  Sample 2:
    TRUE: [28, 24, 39, 27, 33, 20, 37, 39, 35, 17, 39, 21, 12, 8, 39, 16, 22, 39, 2, 22, 2, 6, 1, 29, 30, 39, 19, 2, 20, 33, 38, 2, 22, 39]
    PRED: [9, 24, 39, 27, 33, 20, 37, 39, 35, 17, 39, 21, 5, 8, 39, 16, 22, 39, 0, 22, 27, 5, 29, 39, 33, 20, 33, 38, 2, 22, 39]
    Edit distance: 9/34
  Sample 3:
    TRUE: [20, 3, 27, 17, 37, 39, 19, 0, 28, 30, 33, 21, 39, 22, 17, 8, 2, 8, 39, 6, 20, 1, 19, 39, 14, 20, 2, 34, 37, 39, 30, 33, 39, 6, 17, 39, 19, 2, 21, 26, 20, 17, 30, 20, 17, 39, 10, 20, 2, 14, 2, 22, 30, 39]
    PRED: [19, 27, 24, 37, 17, 39, 19, 5, 28, 5, 21, 2, 21, 39, 22, 12, 8, 39, 21, 27, 1, 19, 39, 14, 20, 2, 34, 37, 39, 30, 33, 39, 6, 17, 39, 19, 2, 26, 20, 30, 39, 1, 20, 2, 8, 39]
    Edit distance: 22/54
  Sample 4:
    TRUE: [9, 2, 39, 30, 33, 31, 39, 13, 10, 27, 17, 39, 13, 11, 14, 0, 30, 39, 30, 33, 39, 19, 2, 21, 39, 35, 10, 22, 39, 27, 0, 18, 11, 37, 39, 30, 33, 31, 39, 13, 10, 20, 39, 4, 30, 39]
    PRED: [9, 2, 39, 27, 33, 31, 30, 39, 13, 12, 27, 11, 39, 13, 3, 19, 0, 30, 39, 30, 33, 39, 28, 30, 2, 21, 39, 35, 2, 22, 39, 27, 11, 8, 11, 39, 31, 9, 33, 31, 13, 39, 13, 5, 20, 39, 4, 30, 39]
    Edit distance: 16/46

============================================================
Batch 83500 | Val PER: 0.3283
============================================================
  Sample 0:
    TRUE: [31, 17, 0, 19, 27, 2, 28, 17, 39, 27, 17, 19, 2, 22, 28, 16, 8, 11, 8, 39]
    PRED: [9, 12, 0, 19, 2, 28, 39, 27, 17, 22, 2, 30, 8, 39]
    Edit distance: 10/20
  Sample 1:
    TRUE: [27, 16, 7, 39, 26, 11, 7, 2, 28, 30, 39, 28, 10, 34, 27, 2, 20, 39, 28, 5, 22, 8, 39, 20, 16, 31, 2, 14, 27, 1, 13, 28, 39]
    PRED: [27, 10, 28, 30, 39, 26, 11, 1, 7, 2, 8, 37, 39, 10, 34, 2, 20, 39, 28, 5, 22, 8, 39, 20, 16, 9, 18, 5, 13, 28, 39]
    Edit distance: 13/33
  Sample 2:
    TRUE: [28, 24, 39, 27, 33, 20, 37, 39, 35, 17, 39, 21, 12, 8, 39, 16, 22, 39, 2, 22, 2, 6, 1, 29, 30, 39, 19, 2, 20, 33, 38, 2, 22, 39]
    PRED: [9, 24, 39, 33, 20, 37, 39, 21, 17, 39, 21, 12, 8, 39, 16, 22, 39, 0, 22, 8, 27, 1, 29, 39, 28, 19, 33, 20, 33, 38, 2, 22, 39]
    Edit distance: 9/34
  Sample 3:
    TRUE: [20, 3, 27, 17, 37, 39, 19, 0, 28, 30, 33, 21, 39, 22, 17, 8, 2, 8, 39, 6, 20, 1, 19, 39, 14, 20, 2, 34, 37, 39, 30, 33, 39, 6, 17, 39, 19, 2, 21, 26, 20, 17, 30, 20, 17, 39, 10, 20, 2, 14, 2, 22, 30, 39]
    PRED: [19, 27, 24, 37, 17, 39, 19, 5, 28, 5, 2, 21, 39, 22, 12, 8, 39, 21, 1, 19, 39, 14, 20, 2, 34, 37, 39, 30, 33, 39, 6, 17, 39, 19, 2, 21, 26, 20, 11, 39, 20, 2, 10, 2, 22, 8, 39]
    Edit distance: 19/54
  Sample 4:
    TRUE: [9, 2, 39, 30, 33, 31, 39, 13, 10, 27, 17, 39, 13, 11, 14, 0, 30, 39, 30, 33, 39, 19, 2, 21, 39, 35, 10, 22, 39, 27, 0, 18, 11, 37, 39, 30, 33, 31, 39, 13, 10, 20, 39, 4, 30, 39]
    PRED: [9, 2, 39, 36, 33, 31, 30, 39, 13, 10, 11, 39, 13, 17, 19, 0, 2, 39, 30, 33, 39, 28, 2, 21, 39, 35, 2, 22, 39, 27, 11, 18, 11, 39, 9, 33, 31, 13, 39, 13, 5, 20, 39, 4, 30, 39]
    Edit distance: 14/46

============================================================
Batch 84000 | Val PER: 0.3260
============================================================
  Sample 0:
    TRUE: [31, 17, 0, 19, 27, 2, 28, 17, 39, 27, 17, 19, 2, 22, 28, 16, 8, 11, 8, 39]
    PRED: [9, 12, 0, 19, 2, 28, 39, 8, 16, 22, 2, 30, 8, 39]
    Edit distance: 12/20
  Sample 1:
    TRUE: [27, 16, 7, 39, 26, 11, 7, 2, 28, 30, 39, 28, 10, 34, 27, 2, 20, 39, 28, 5, 22, 8, 39, 20, 16, 31, 2, 14, 27, 1, 13, 28, 39]
    PRED: [27, 10, 30, 39, 26, 27, 11, 1, 7, 2, 8, 37, 39, 10, 34, 11, 20, 39, 5, 22, 8, 39, 20, 16, 17, 14, 18, 1, 13, 28, 39]
    Edit distance: 13/33
  Sample 2:
    TRUE: [28, 24, 39, 27, 33, 20, 37, 39, 35, 17, 39, 21, 12, 8, 39, 16, 22, 39, 2, 22, 2, 6, 1, 29, 30, 39, 19, 2, 20, 33, 38, 2, 22, 39]
    PRED: [9, 24, 39, 33, 20, 37, 39, 21, 17, 39, 21, 12, 8, 39, 16, 22, 39, 1, 22, 8, 27, 1, 29, 39, 33, 20, 33, 38, 2, 22, 39]
    Edit distance: 9/34
  Sample 3:
    TRUE: [20, 3, 27, 17, 37, 39, 19, 0, 28, 30, 33, 21, 39, 22, 17, 8, 2, 8, 39, 6, 20, 1, 19, 39, 14, 20, 2, 34, 37, 39, 30, 33, 39, 6, 17, 39, 19, 2, 21, 26, 20, 17, 30, 20, 17, 39, 10, 20, 2, 14, 2, 22, 30, 39]
    PRED: [19, 27, 24, 17, 39, 19, 5, 28, 5, 21, 2, 21, 39, 22, 12, 8, 39, 21, 1, 19, 39, 14, 20, 2, 34, 37, 39, 30, 33, 39, 6, 17, 39, 19, 2, 26, 20, 30, 39, 4, 20, 2, 22, 39]
    Edit distance: 21/54
  Sample 4:
    TRUE: [9, 2, 39, 30, 33, 31, 39, 13, 10, 27, 17, 39, 13, 11, 14, 0, 30, 39, 30, 33, 39, 19, 2, 21, 39, 35, 10, 22, 39, 27, 0, 18, 11, 37, 39, 30, 33, 31, 39, 13, 10, 20, 39, 4, 30, 39]
    PRED: [9, 2, 39, 27, 33, 31, 30, 39, 13, 16, 17, 39, 13, 16, 17, 19, 0, 30, 8, 39, 30, 33, 39, 28, 2, 21, 39, 35, 2, 22, 39, 27, 11, 8, 11, 39, 9, 33, 31, 13, 39, 13, 5, 20, 39, 4, 30, 39]
    Edit distance: 16/46

============================================================
Batch 84500 | Val PER: 0.3276
============================================================
  Sample 0:
    TRUE: [31, 17, 0, 19, 27, 2, 28, 17, 39, 27, 17, 19, 2, 22, 28, 16, 8, 11, 8, 39]
    PRED: [9, 17, 12, 0, 19, 2, 28, 39, 8, 16, 19, 2, 30, 8, 39]
    Edit distance: 11/20
  Sample 1:
    TRUE: [27, 16, 7, 39, 26, 11, 7, 2, 28, 30, 39, 28, 10, 34, 27, 2, 20, 39, 28, 5, 22, 8, 39, 20, 16, 31, 2, 14, 27, 1, 13, 28, 39]
    PRED: [27, 10, 7, 30, 39, 26, 11, 1, 7, 2, 8, 37, 39, 10, 34, 11, 20, 39, 28, 5, 22, 8, 39, 20, 16, 17, 14, 8, 5, 13, 30, 39]
    Edit distance: 13/33
  Sample 2:
    TRUE: [28, 24, 39, 27, 33, 20, 37, 39, 35, 17, 39, 21, 12, 8, 39, 16, 22, 39, 2, 22, 2, 6, 1, 29, 30, 39, 19, 2, 20, 33, 38, 2, 22, 39]
    PRED: [9, 24, 39, 33, 20, 37, 39, 21, 17, 39, 21, 12, 8, 39, 16, 22, 39, 0, 22, 8, 27, 1, 29, 30, 39, 19, 33, 20, 33, 38, 2, 22, 39]
    Edit distance: 7/34
  Sample 3:
    TRUE: [20, 3, 27, 17, 37, 39, 19, 0, 28, 30, 33, 21, 39, 22, 17, 8, 2, 8, 39, 6, 20, 1, 19, 39, 14, 20, 2, 34, 37, 39, 30, 33, 39, 6, 17, 39, 19, 2, 21, 26, 20, 17, 30, 20, 17, 39, 10, 20, 2, 14, 2, 22, 30, 39]
    PRED: [19, 27, 24, 37, 17, 39, 19, 5, 28, 5, 21, 2, 21, 39, 22, 12, 8, 39, 21, 1, 19, 39, 14, 20, 2, 34, 37, 39, 30, 33, 39, 6, 17, 39, 19, 2, 26, 20, 30, 39, 20, 2, 10, 2, 8, 39]
    Edit distance: 21/54
  Sample 4:
    TRUE: [9, 2, 39, 30, 33, 31, 39, 13, 10, 27, 17, 39, 13, 11, 14, 0, 30, 39, 30, 33, 39, 19, 2, 21, 39, 35, 10, 22, 39, 27, 0, 18, 11, 37, 39, 30, 33, 31, 39, 13, 10, 20, 39, 4, 30, 39]
    PRED: [9, 2, 39, 27, 33, 31, 30, 39, 13, 12, 11, 39, 13, 16, 3, 19, 0, 30, 37, 39, 30, 33, 39, 28, 2, 21, 39, 35, 2, 22, 39, 27, 11, 8, 11, 39, 9, 33, 31, 13, 39, 13, 5, 20, 39, 4, 30, 39]
    Edit distance: 17/46

============================================================
Batch 85000 | Val PER: 0.3225
============================================================
  Sample 0:
    TRUE: [31, 17, 0, 19, 27, 2, 28, 17, 39, 27, 17, 19, 2, 22, 28, 16, 8, 11, 8, 39]
    PRED: [9, 12, 0, 19, 2, 28, 39, 27, 16, 2, 30, 2, 8, 39]
    Edit distance: 11/20
  Sample 1:
    TRUE: [27, 16, 7, 39, 26, 11, 7, 2, 28, 30, 39, 28, 10, 34, 27, 2, 20, 39, 28, 5, 22, 8, 39, 20, 16, 31, 2, 14, 27, 1, 13, 28, 39]
    PRED: [27, 10, 28, 30, 39, 26, 11, 1, 28, 2, 8, 37, 39, 28, 10, 34, 2, 20, 39, 28, 5, 22, 8, 22, 8, 39, 20, 16, 14, 18, 5, 13, 28, 39]
    Edit distance: 14/33
  Sample 2:
    TRUE: [28, 24, 39, 27, 33, 20, 37, 39, 35, 17, 39, 21, 12, 8, 39, 16, 22, 39, 2, 22, 2, 6, 1, 29, 30, 39, 19, 2, 20, 33, 38, 2, 22, 39]
    PRED: [9, 24, 39, 33, 25, 20, 37, 39, 21, 17, 39, 21, 12, 8, 39, 16, 22, 39, 16, 22, 27, 1, 29, 30, 39, 33, 20, 33, 38, 2, 22, 39]
    Edit distance: 9/34
  Sample 3:
    TRUE: [20, 3, 27, 17, 37, 39, 19, 0, 28, 30, 33, 21, 39, 22, 17, 8, 2, 8, 39, 6, 20, 1, 19, 39, 14, 20, 2, 34, 37, 39, 30, 33, 39, 6, 17, 39, 19, 2, 21, 26, 20, 17, 30, 20, 17, 39, 10, 20, 2, 14, 2, 22, 30, 39]
    PRED: [19, 27, 24, 39, 19, 5, 28, 5, 21, 2, 21, 39, 22, 12, 8, 39, 21, 1, 19, 39, 14, 20, 2, 34, 37, 39, 30, 33, 39, 6, 17, 39, 19, 2, 21, 26, 20, 30, 39, 20, 2, 22, 39]
    Edit distance: 20/54
  Sample 4:
    TRUE: [9, 2, 39, 30, 33, 31, 39, 13, 10, 27, 17, 39, 13, 11, 14, 0, 30, 39, 30, 33, 39, 19, 2, 21, 39, 35, 10, 22, 39, 27, 0, 18, 11, 37, 39, 30, 33, 31, 39, 13, 10, 20, 39, 4, 30, 39]
    PRED: [9, 2, 39, 27, 33, 31, 30, 39, 13, 12, 11, 39, 16, 17, 19, 0, 30, 8, 39, 30, 33, 39, 28, 2, 21, 39, 35, 2, 22, 39, 27, 11, 11, 39, 9, 33, 31, 13, 39, 13, 5, 20, 39, 4, 30, 39]
    Edit distance: 17/46

============================================================
Batch 85500 | Val PER: 0.3256
============================================================
  Sample 0:
    TRUE: [31, 17, 0, 19, 27, 2, 28, 17, 39, 27, 17, 19, 2, 22, 28, 16, 8, 11, 8, 39]
    PRED: [9, 12, 0, 19, 2, 28, 39, 27, 16, 22, 2, 12, 30, 2, 8, 39]
    Edit distance: 11/20
  Sample 1:
    TRUE: [27, 16, 7, 39, 26, 11, 7, 2, 28, 30, 39, 28, 10, 34, 27, 2, 20, 39, 28, 5, 22, 8, 39, 20, 16, 31, 2, 14, 27, 1, 13, 28, 39]
    PRED: [27, 10, 7, 28, 30, 39, 26, 11, 1, 28, 2, 37, 39, 10, 34, 11, 20, 39, 28, 5, 22, 8, 37, 39, 20, 16, 18, 1, 13, 28, 39]
    Edit distance: 15/33
  Sample 2:
    TRUE: [28, 24, 39, 27, 33, 20, 37, 39, 35, 17, 39, 21, 12, 8, 39, 16, 22, 39, 2, 22, 2, 6, 1, 29, 30, 39, 19, 2, 20, 33, 38, 2, 22, 39]
    PRED: [9, 24, 39, 33, 20, 37, 39, 21, 17, 39, 21, 12, 8, 39, 16, 22, 39, 0, 22, 27, 1, 29, 30, 39, 19, 33, 20, 33, 38, 2, 22, 39]
    Edit distance: 7/34
  Sample 3:
    TRUE: [20, 3, 27, 17, 37, 39, 19, 0, 28, 30, 33, 21, 39, 22, 17, 8, 2, 8, 39, 6, 20, 1, 19, 39, 14, 20, 2, 34, 37, 39, 30, 33, 39, 6, 17, 39, 19, 2, 21, 26, 20, 17, 30, 20, 17, 39, 10, 20, 2, 14, 2, 22, 30, 39]
    PRED: [19, 27, 24, 37, 39, 19, 5, 28, 5, 21, 2, 21, 39, 22, 12, 8, 39, 21, 1, 19, 39, 14, 20, 2, 34, 37, 39, 30, 33, 39, 6, 17, 39, 19, 2, 21, 26, 20, 30, 39, 20, 2, 10, 2, 22, 8, 39]
    Edit distance: 18/54
  Sample 4:
    TRUE: [9, 2, 39, 30, 33, 31, 39, 13, 10, 27, 17, 39, 13, 11, 14, 0, 30, 39, 30, 33, 39, 19, 2, 21, 39, 35, 10, 22, 39, 27, 0, 18, 11, 37, 39, 30, 33, 31, 39, 13, 10, 20, 39, 4, 30, 39]
    PRED: [9, 2, 39, 27, 33, 31, 30, 39, 13, 16, 17, 17, 11, 39, 13, 16, 17, 19, 0, 30, 39, 30, 33, 39, 28, 2, 21, 39, 35, 2, 22, 39, 27, 11, 8, 11, 39, 9, 33, 31, 13, 39, 13, 5, 20, 39, 4, 30, 39]
    Edit distance: 16/46

============================================================
Batch 86000 | Val PER: 0.3272
============================================================
  Sample 0:
    TRUE: [31, 17, 0, 19, 27, 2, 28, 17, 39, 27, 17, 19, 2, 22, 28, 16, 8, 11, 8, 39]
    PRED: [9, 12, 0, 19, 2, 28, 39, 8, 27, 16, 30, 8, 39]
    Edit distance: 12/20
  Sample 1:
    TRUE: [27, 16, 7, 39, 26, 11, 7, 2, 28, 30, 39, 28, 10, 34, 27, 2, 20, 39, 28, 5, 22, 8, 39, 20, 16, 31, 2, 14, 27, 1, 13, 28, 39]
    PRED: [27, 10, 7, 28, 30, 39, 26, 27, 11, 1, 7, 2, 37, 39, 28, 10, 34, 2, 20, 39, 5, 22, 8, 39, 20, 16, 18, 5, 13, 30, 39]
    Edit distance: 15/33
  Sample 2:
    TRUE: [28, 24, 39, 27, 33, 20, 37, 39, 35, 17, 39, 21, 12, 8, 39, 16, 22, 39, 2, 22, 2, 6, 1, 29, 30, 39, 19, 2, 20, 33, 38, 2, 22, 39]
    PRED: [9, 24, 39, 27, 33, 20, 37, 39, 35, 17, 39, 21, 12, 8, 39, 16, 22, 39, 16, 22, 27, 1, 29, 39, 33, 20, 33, 38, 2, 22, 39]
    Edit distance: 7/34
  Sample 3:
    TRUE: [20, 3, 27, 17, 37, 39, 19, 0, 28, 30, 33, 21, 39, 22, 17, 8, 2, 8, 39, 6, 20, 1, 19, 39, 14, 20, 2, 34, 37, 39, 30, 33, 39, 6, 17, 39, 19, 2, 21, 26, 20, 17, 30, 20, 17, 39, 10, 20, 2, 14, 2, 22, 30, 39]
    PRED: [19, 27, 24, 39, 19, 5, 28, 5, 2, 21, 39, 22, 12, 8, 39, 21, 0, 19, 39, 14, 20, 2, 34, 37, 39, 30, 33, 39, 6, 17, 39, 19, 2, 21, 26, 20, 30, 39, 4, 20, 2, 10, 2, 22, 39]
    Edit distance: 19/54
  Sample 4:
    TRUE: [9, 2, 39, 30, 33, 31, 39, 13, 10, 27, 17, 39, 13, 11, 14, 0, 30, 39, 30, 33, 39, 19, 2, 21, 39, 35, 10, 22, 39, 27, 0, 18, 11, 37, 39, 30, 33, 31, 39, 13, 10, 20, 39, 4, 30, 39]
    PRED: [9, 2, 39, 30, 33, 31, 30, 39, 13, 16, 11, 39, 13, 16, 3, 19, 0, 30, 39, 30, 33, 39, 28, 2, 21, 39, 35, 2, 22, 39, 27, 11, 18, 11, 39, 31, 9, 33, 31, 13, 39, 13, 5, 20, 39, 4, 30, 39]
    Edit distance: 15/46

============================================================
Batch 86500 | Val PER: 0.3289
============================================================
  Sample 0:
    TRUE: [31, 17, 0, 19, 27, 2, 28, 17, 39, 27, 17, 19, 2, 22, 28, 16, 8, 11, 8, 39]
    PRED: [9, 17, 12, 0, 19, 2, 28, 39, 8, 16, 30, 8, 39]
    Edit distance: 12/20
  Sample 1:
    TRUE: [27, 16, 7, 39, 26, 11, 7, 2, 28, 30, 39, 28, 10, 34, 27, 2, 20, 39, 28, 5, 22, 8, 39, 20, 16, 31, 2, 14, 27, 1, 13, 28, 39]
    PRED: [27, 10, 7, 28, 30, 39, 26, 11, 1, 28, 2, 8, 37, 8, 39, 28, 10, 34, 2, 20, 39, 5, 22, 8, 37, 39, 20, 16, 5, 13, 30, 39]
    Edit distance: 17/33
  Sample 2:
    TRUE: [28, 24, 39, 27, 33, 20, 37, 39, 35, 17, 39, 21, 12, 8, 39, 16, 22, 39, 2, 22, 2, 6, 1, 29, 30, 39, 19, 2, 20, 33, 38, 2, 22, 39]
    PRED: [9, 24, 39, 33, 20, 37, 39, 21, 17, 39, 21, 12, 8, 39, 16, 22, 39, 16, 22, 27, 1, 29, 30, 39, 33, 20, 33, 38, 2, 22, 39]
    Edit distance: 8/34
  Sample 3:
    TRUE: [20, 3, 27, 17, 37, 39, 19, 0, 28, 30, 33, 21, 39, 22, 17, 8, 2, 8, 39, 6, 20, 1, 19, 39, 14, 20, 2, 34, 37, 39, 30, 33, 39, 6, 17, 39, 19, 2, 21, 26, 20, 17, 30, 20, 17, 39, 10, 20, 2, 14, 2, 22, 30, 39]
    PRED: [19, 27, 24, 39, 19, 5, 28, 5, 2, 21, 39, 22, 12, 8, 39, 21, 1, 19, 39, 14, 20, 2, 34, 37, 39, 30, 33, 39, 6, 17, 39, 19, 2, 21, 26, 20, 30, 11, 39, 4, 20, 2, 10, 2, 22, 8, 39]
    Edit distance: 18/54
  Sample 4:
    TRUE: [9, 2, 39, 30, 33, 31, 39, 13, 10, 27, 17, 39, 13, 11, 14, 0, 30, 39, 30, 33, 39, 19, 2, 21, 39, 35, 10, 22, 39, 27, 0, 18, 11, 37, 39, 30, 33, 31, 39, 13, 10, 20, 39, 4, 30, 39]
    PRED: [9, 2, 39, 30, 33, 31, 30, 39, 13, 10, 17, 39, 13, 16, 17, 19, 0, 30, 8, 39, 30, 33, 39, 28, 2, 21, 39, 35, 2, 22, 39, 27, 11, 8, 11, 39, 9, 33, 31, 13, 39, 13, 20, 39, 4, 30, 39]
    Edit distance: 14/46

============================================================
Batch 87000 | Val PER: 0.3233
============================================================
  Sample 0:
    TRUE: [31, 17, 0, 19, 27, 2, 28, 17, 39, 27, 17, 19, 2, 22, 28, 16, 8, 11, 8, 39]
    PRED: [9, 17, 0, 19, 2, 28, 39, 8, 27, 17, 22, 2, 12, 30, 8, 39]
    Edit distance: 10/20
  Sample 1:
    TRUE: [27, 16, 7, 39, 26, 11, 7, 2, 28, 30, 39, 28, 10, 34, 27, 2, 20, 39, 28, 5, 22, 8, 39, 20, 16, 31, 2, 14, 27, 1, 13, 28, 39]
    PRED: [27, 10, 7, 28, 30, 39, 26, 27, 11, 1, 7, 2, 37, 39, 10, 34, 11, 20, 39, 28, 5, 22, 8, 39, 20, 16, 2, 8, 5, 13, 28, 39]
    Edit distance: 14/33
  Sample 2:
    TRUE: [28, 24, 39, 27, 33, 20, 37, 39, 35, 17, 39, 21, 12, 8, 39, 16, 22, 39, 2, 22, 2, 6, 1, 29, 30, 39, 19, 2, 20, 33, 38, 2, 22, 39]
    PRED: [9, 24, 39, 33, 20, 37, 39, 21, 17, 39, 21, 12, 8, 39, 16, 22, 39, 0, 22, 27, 1, 29, 30, 39, 33, 20, 33, 38, 2, 22, 39]
    Edit distance: 8/34
  Sample 3:
    TRUE: [20, 3, 27, 17, 37, 39, 19, 0, 28, 30, 33, 21, 39, 22, 17, 8, 2, 8, 39, 6, 20, 1, 19, 39, 14, 20, 2, 34, 37, 39, 30, 33, 39, 6, 17, 39, 19, 2, 21, 26, 20, 17, 30, 20, 17, 39, 10, 20, 2, 14, 2, 22, 30, 39]
    PRED: [35, 27, 24, 37, 17, 39, 19, 5, 28, 5, 21, 6, 21, 39, 22, 12, 8, 2, 8, 39, 21, 1, 19, 39, 14, 20, 2, 34, 37, 39, 30, 33, 39, 6, 17, 39, 19, 2, 21, 26, 20, 30, 11, 39, 1, 20, 2, 22, 8, 39]
    Edit distance: 18/54
  Sample 4:
    TRUE: [9, 2, 39, 30, 33, 31, 39, 13, 10, 27, 17, 39, 13, 11, 14, 0, 30, 39, 30, 33, 39, 19, 2, 21, 39, 35, 10, 22, 39, 27, 0, 18, 11, 37, 39, 30, 33, 31, 39, 13, 10, 20, 39, 4, 30, 39]
    PRED: [9, 2, 39, 27, 33, 31, 30, 39, 13, 10, 17, 17, 39, 13, 16, 17, 19, 0, 30, 39, 30, 33, 39, 28, 2, 21, 39, 35, 2, 22, 39, 27, 11, 8, 11, 39, 9, 33, 31, 13, 39, 13, 5, 20, 39, 4, 30, 39]
    Edit distance: 14/46

============================================================
Batch 87500 | Val PER: 0.3264
============================================================
  Sample 0:
    TRUE: [31, 17, 0, 19, 27, 2, 28, 17, 39, 27, 17, 19, 2, 22, 28, 16, 8, 11, 8, 39]
    PRED: [9, 0, 19, 2, 28, 39, 8, 27, 16, 2, 30, 2, 8, 39]
    Edit distance: 12/20
  Sample 1:
    TRUE: [27, 16, 7, 39, 26, 11, 7, 2, 28, 30, 39, 28, 10, 34, 27, 2, 20, 39, 28, 5, 22, 8, 39, 20, 16, 31, 2, 14, 27, 1, 13, 28, 39]
    PRED: [10, 7, 30, 39, 26, 11, 1, 28, 2, 8, 37, 39, 10, 34, 11, 20, 39, 5, 22, 8, 37, 39, 20, 16, 17, 39, 9, 18, 5, 13, 30, 39]
    Edit distance: 18/33
  Sample 2:
    TRUE: [28, 24, 39, 27, 33, 20, 37, 39, 35, 17, 39, 21, 12, 8, 39, 16, 22, 39, 2, 22, 2, 6, 1, 29, 30, 39, 19, 2, 20, 33, 38, 2, 22, 39]
    PRED: [9, 24, 39, 33, 20, 37, 39, 35, 17, 39, 21, 12, 8, 39, 16, 22, 39, 0, 22, 27, 1, 29, 30, 39, 33, 20, 33, 38, 2, 22, 39]
    Edit distance: 7/34
  Sample 3:
    TRUE: [20, 3, 27, 17, 37, 39, 19, 0, 28, 30, 33, 21, 39, 22, 17, 8, 2, 8, 39, 6, 20, 1, 19, 39, 14, 20, 2, 34, 37, 39, 30, 33, 39, 6, 17, 39, 19, 2, 21, 26, 20, 17, 30, 20, 17, 39, 10, 20, 2, 14, 2, 22, 30, 39]
    PRED: [35, 27, 24, 37, 39, 19, 5, 28, 5, 24, 21, 6, 21, 39, 22, 4, 8, 39, 21, 0, 19, 39, 14, 20, 2, 34, 37, 39, 30, 33, 39, 6, 17, 39, 19, 2, 21, 26, 20, 11, 39, 10, 20, 2, 8, 39]
    Edit distance: 22/54
  Sample 4:
    TRUE: [9, 2, 39, 30, 33, 31, 39, 13, 10, 27, 17, 39, 13, 11, 14, 0, 30, 39, 30, 33, 39, 19, 2, 21, 39, 35, 10, 22, 39, 27, 0, 18, 11, 37, 39, 30, 33, 31, 39, 13, 10, 20, 39, 4, 30, 39]
    PRED: [9, 2, 39, 27, 33, 31, 30, 39, 13, 10, 11, 39, 34, 16, 3, 19, 0, 30, 8, 39, 30, 33, 39, 28, 2, 21, 39, 35, 10, 22, 39, 27, 11, 8, 11, 39, 9, 33, 31, 13, 39, 13, 5, 20, 39, 4, 30, 39]
    Edit distance: 16/46

============================================================
Batch 88000 | Val PER: 0.3270
============================================================
  Sample 0:
    TRUE: [31, 17, 0, 19, 27, 2, 28, 17, 39, 27, 17, 19, 2, 22, 28, 16, 8, 11, 8, 39]
    PRED: [9, 17, 0, 19, 2, 28, 39, 8, 16, 17, 22, 30, 8, 39]
    Edit distance: 11/20
  Sample 1:
    TRUE: [27, 16, 7, 39, 26, 11, 7, 2, 28, 30, 39, 28, 10, 34, 27, 2, 20, 39, 28, 5, 22, 8, 39, 20, 16, 31, 2, 14, 27, 1, 13, 28, 39]
    PRED: [10, 28, 30, 39, 26, 27, 11, 1, 28, 2, 37, 39, 10, 34, 11, 20, 39, 5, 22, 8, 39, 20, 16, 17, 5, 13, 39]
    Edit distance: 18/33
  Sample 2:
    TRUE: [28, 24, 39, 27, 33, 20, 37, 39, 35, 17, 39, 21, 12, 8, 39, 16, 22, 39, 2, 22, 2, 6, 1, 29, 30, 39, 19, 2, 20, 33, 38, 2, 22, 39]
    PRED: [9, 24, 39, 33, 25, 20, 37, 39, 35, 17, 39, 21, 12, 8, 39, 16, 22, 39, 16, 22, 27, 1, 29, 39, 28, 19, 33, 20, 33, 38, 2, 22, 39]
    Edit distance: 9/34
  Sample 3:
    TRUE: [20, 3, 27, 17, 37, 39, 19, 0, 28, 30, 33, 21, 39, 22, 17, 8, 2, 8, 39, 6, 20, 1, 19, 39, 14, 20, 2, 34, 37, 39, 30, 33, 39, 6, 17, 39, 19, 2, 21, 26, 20, 17, 30, 20, 17, 39, 10, 20, 2, 14, 2, 22, 30, 39]
    PRED: [19, 27, 24, 17, 39, 19, 5, 28, 5, 2, 21, 39, 22, 12, 8, 39, 21, 27, 1, 19, 39, 14, 20, 2, 34, 37, 39, 30, 33, 39, 6, 17, 39, 19, 2, 21, 26, 20, 11, 39, 1, 20, 2, 8, 39]
    Edit distance: 21/54
  Sample 4:
    TRUE: [9, 2, 39, 30, 33, 31, 39, 13, 10, 27, 17, 39, 13, 11, 14, 0, 30, 39, 30, 33, 39, 19, 2, 21, 39, 35, 10, 22, 39, 27, 0, 18, 11, 37, 39, 30, 33, 31, 39, 13, 10, 20, 39, 4, 30, 39]
    PRED: [9, 2, 39, 36, 33, 31, 30, 39, 13, 12, 17, 17, 11, 39, 34, 16, 17, 19, 0, 30, 2, 39, 30, 33, 39, 28, 2, 21, 39, 35, 2, 22, 39, 35, 11, 8, 11, 39, 9, 33, 31, 13, 39, 13, 5, 20, 39, 4, 30, 39]
    Edit distance: 19/46

============================================================
Batch 88500 | Val PER: 0.3266
============================================================
  Sample 0:
    TRUE: [31, 17, 0, 19, 27, 2, 28, 17, 39, 27, 17, 19, 2, 22, 28, 16, 8, 11, 8, 39]
    PRED: [9, 1, 0, 19, 2, 39, 8, 27, 16, 22, 2, 30, 8, 39]
    Edit distance: 13/20
  Sample 1:
    TRUE: [27, 16, 7, 39, 26, 11, 7, 2, 28, 30, 39, 28, 10, 34, 27, 2, 20, 39, 28, 5, 22, 8, 39, 20, 16, 31, 2, 14, 27, 1, 13, 28, 39]
    PRED: [27, 10, 30, 28, 30, 39, 26, 11, 1, 7, 2, 37, 39, 10, 34, 20, 39, 5, 22, 8, 22, 8, 39, 20, 16, 9, 5, 13, 30, 39]
    Edit distance: 19/33
  Sample 2:
    TRUE: [28, 24, 39, 27, 33, 20, 37, 39, 35, 17, 39, 21, 12, 8, 39, 16, 22, 39, 2, 22, 2, 6, 1, 29, 30, 39, 19, 2, 20, 33, 38, 2, 22, 39]
    PRED: [9, 24, 39, 33, 20, 37, 39, 35, 17, 39, 21, 12, 8, 39, 16, 22, 39, 2, 22, 27, 1, 29, 30, 39, 19, 33, 20, 33, 38, 2, 22, 39]
    Edit distance: 5/34
  Sample 3:
    TRUE: [20, 3, 27, 17, 37, 39, 19, 0, 28, 30, 33, 21, 39, 22, 17, 8, 2, 8, 39, 6, 20, 1, 19, 39, 14, 20, 2, 34, 37, 39, 30, 33, 39, 6, 17, 39, 19, 2, 21, 26, 20, 17, 30, 20, 17, 39, 10, 20, 2, 14, 2, 22, 30, 39]
    PRED: [19, 27, 24, 39, 19, 5, 28, 5, 2, 21, 39, 22, 12, 8, 2, 8, 39, 21, 1, 19, 39, 20, 2, 34, 37, 39, 30, 33, 39, 6, 17, 39, 19, 2, 21, 26, 20, 39, 20, 2, 8, 39]
    Edit distance: 20/54
  Sample 4:
    TRUE: [9, 2, 39, 30, 33, 31, 39, 13, 10, 27, 17, 39, 13, 11, 14, 0, 30, 39, 30, 33, 39, 19, 2, 21, 39, 35, 10, 22, 39, 27, 0, 18, 11, 37, 39, 30, 33, 31, 39, 13, 10, 20, 39, 4, 30, 39]
    PRED: [9, 2, 39, 27, 33, 31, 30, 39, 13, 12, 17, 39, 34, 16, 17, 19, 0, 30, 39, 30, 33, 39, 28, 2, 21, 39, 35, 2, 22, 39, 35, 11, 8, 11, 39, 9, 33, 31, 13, 39, 13, 5, 20, 39, 4, 30, 39]
    Edit distance: 17/46

============================================================
Batch 89000 | Val PER: 0.3239
============================================================
  Sample 0:
    TRUE: [31, 17, 0, 19, 27, 2, 28, 17, 39, 27, 17, 19, 2, 22, 28, 16, 8, 11, 8, 39]
    PRED: [9, 17, 0, 19, 28, 2, 28, 39, 8, 27, 17, 2, 30, 8, 39]
    Edit distance: 10/20
  Sample 1:
    TRUE: [27, 16, 7, 39, 26, 11, 7, 2, 28, 30, 39, 28, 10, 34, 27, 2, 20, 39, 28, 5, 22, 8, 39, 20, 16, 31, 2, 14, 27, 1, 13, 28, 39]
    PRED: [10, 7, 28, 30, 39, 26, 11, 1, 7, 2, 37, 39, 10, 34, 2, 20, 39, 5, 22, 8, 37, 39, 20, 16, 17, 9, 14, 18, 5, 13, 28, 39]
    Edit distance: 15/33
  Sample 2:
    TRUE: [28, 24, 39, 27, 33, 20, 37, 39, 35, 17, 39, 21, 12, 8, 39, 16, 22, 39, 2, 22, 2, 6, 1, 29, 30, 39, 19, 2, 20, 33, 38, 2, 22, 39]
    PRED: [9, 24, 39, 33, 20, 37, 39, 21, 17, 39, 21, 12, 8, 39, 16, 22, 39, 0, 22, 30, 27, 1, 29, 30, 39, 19, 33, 20, 33, 38, 2, 22, 39]
    Edit distance: 7/34
  Sample 3:
    TRUE: [20, 3, 27, 17, 37, 39, 19, 0, 28, 30, 33, 21, 39, 22, 17, 8, 2, 8, 39, 6, 20, 1, 19, 39, 14, 20, 2, 34, 37, 39, 30, 33, 39, 6, 17, 39, 19, 2, 21, 26, 20, 17, 30, 20, 17, 39, 10, 20, 2, 14, 2, 22, 30, 39]
    PRED: [19, 27, 24, 37, 39, 19, 5, 28, 5, 2, 21, 39, 22, 12, 8, 2, 8, 39, 21, 1, 19, 39, 20, 2, 34, 37, 39, 30, 33, 39, 6, 17, 39, 19, 2, 21, 26, 20, 30, 39, 20, 2, 10, 2, 8, 39]
    Edit distance: 17/54
  Sample 4:
    TRUE: [9, 2, 39, 30, 33, 31, 39, 13, 10, 27, 17, 39, 13, 11, 14, 0, 30, 39, 30, 33, 39, 19, 2, 21, 39, 35, 10, 22, 39, 27, 0, 18, 11, 37, 39, 30, 33, 31, 39, 13, 10, 20, 39, 4, 30, 39]
    PRED: [9, 2, 39, 33, 31, 30, 39, 13, 12, 17, 39, 16, 17, 19, 0, 30, 39, 30, 33, 39, 28, 2, 21, 39, 35, 2, 22, 39, 27, 11, 8, 11, 39, 9, 33, 31, 13, 39, 13, 5, 20, 39, 4, 30, 39]
    Edit distance: 15/46

============================================================
Batch 89500 | Val PER: 0.3254
============================================================
  Sample 0:
    TRUE: [31, 17, 0, 19, 27, 2, 28, 17, 39, 27, 17, 19, 2, 22, 28, 16, 8, 11, 8, 39]
    PRED: [9, 0, 19, 2, 39, 27, 16, 30, 8, 39]
    Edit distance: 12/20
  Sample 1:
    TRUE: [27, 16, 7, 39, 26, 11, 7, 2, 28, 30, 39, 28, 10, 34, 27, 2, 20, 39, 28, 5, 22, 8, 39, 20, 16, 31, 2, 14, 27, 1, 13, 28, 39]
    PRED: [27, 10, 7, 30, 39, 26, 11, 1, 7, 2, 37, 39, 10, 34, 2, 11, 20, 39, 5, 37, 22, 8, 37, 39, 20, 16, 17, 9, 18, 5, 13, 30, 39]
    Edit distance: 17/33
  Sample 2:
    TRUE: [28, 24, 39, 27, 33, 20, 37, 39, 35, 17, 39, 21, 12, 8, 39, 16, 22, 39, 2, 22, 2, 6, 1, 29, 30, 39, 19, 2, 20, 33, 38, 2, 22, 39]
    PRED: [9, 24, 39, 33, 20, 37, 39, 35, 17, 39, 21, 12, 8, 39, 16, 22, 39, 2, 22, 27, 1, 29, 30, 39, 19, 33, 20, 33, 38, 2, 22, 39]
    Edit distance: 5/34
  Sample 3:
    TRUE: [20, 3, 27, 17, 37, 39, 19, 0, 28, 30, 33, 21, 39, 22, 17, 8, 2, 8, 39, 6, 20, 1, 19, 39, 14, 20, 2, 34, 37, 39, 30, 33, 39, 6, 17, 39, 19, 2, 21, 26, 20, 17, 30, 20, 17, 39, 10, 20, 2, 14, 2, 22, 30, 39]
    PRED: [19, 27, 24, 37, 39, 19, 5, 28, 5, 2, 21, 39, 22, 12, 8, 2, 8, 39, 21, 1, 19, 39, 14, 20, 2, 37, 39, 30, 33, 39, 6, 17, 39, 19, 2, 21, 26, 20, 30, 11, 39, 1, 20, 2, 8, 39]
    Edit distance: 18/54
  Sample 4:
    TRUE: [9, 2, 39, 30, 33, 31, 39, 13, 10, 27, 17, 39, 13, 11, 14, 0, 30, 39, 30, 33, 39, 19, 2, 21, 39, 35, 10, 22, 39, 27, 0, 18, 11, 37, 39, 30, 33, 31, 39, 13, 10, 20, 39, 4, 30, 39]
    PRED: [9, 2, 39, 30, 27, 33, 31, 30, 39, 12, 11, 39, 34, 16, 3, 19, 0, 30, 2, 39, 30, 33, 39, 28, 2, 21, 39, 35, 2, 22, 39, 27, 11, 8, 11, 39, 31, 9, 33, 31, 39, 13, 5, 20, 39, 4, 30, 39]
    Edit distance: 19/46

============================================================
Batch 90000 | Val PER: 0.3216
============================================================
  Sample 0:
    TRUE: [31, 17, 0, 19, 27, 2, 28, 17, 39, 27, 17, 19, 2, 22, 28, 16, 8, 11, 8, 39]
    PRED: [9, 2, 0, 19, 2, 28, 39, 8, 27, 17, 22, 30, 8, 39]
    Edit distance: 11/20
  Sample 1:
    TRUE: [27, 16, 7, 39, 26, 11, 7, 2, 28, 30, 39, 28, 10, 34, 27, 2, 20, 39, 28, 5, 22, 8, 39, 20, 16, 31, 2, 14, 27, 1, 13, 28, 39]
    PRED: [27, 10, 30, 39, 26, 27, 11, 1, 7, 2, 16, 37, 39, 10, 34, 11, 20, 39, 5, 22, 8, 39, 20, 16, 9, 5, 13, 30, 28, 39]
    Edit distance: 16/33
  Sample 2:
    TRUE: [28, 24, 39, 27, 33, 20, 37, 39, 35, 17, 39, 21, 12, 8, 39, 16, 22, 39, 2, 22, 2, 6, 1, 29, 30, 39, 19, 2, 20, 33, 38, 2, 22, 39]
    PRED: [9, 24, 39, 33, 25, 20, 37, 39, 35, 17, 39, 21, 12, 8, 39, 16, 22, 39, 2, 22, 27, 1, 29, 39, 33, 20, 33, 38, 2, 22, 39]
    Edit distance: 8/34
  Sample 3:
    TRUE: [20, 3, 27, 17, 37, 39, 19, 0, 28, 30, 33, 21, 39, 22, 17, 8, 2, 8, 39, 6, 20, 1, 19, 39, 14, 20, 2, 34, 37, 39, 30, 33, 39, 6, 17, 39, 19, 2, 21, 26, 20, 17, 30, 20, 17, 39, 10, 20, 2, 14, 2, 22, 30, 39]
    PRED: [35, 27, 24, 37, 39, 19, 5, 28, 5, 21, 2, 21, 39, 22, 12, 8, 2, 8, 39, 21, 0, 19, 39, 20, 2, 34, 37, 39, 30, 33, 39, 6, 17, 39, 19, 2, 21, 26, 20, 11, 39, 1, 20, 2, 10, 8, 39]
    Edit distance: 21/54
  Sample 4:
    TRUE: [9, 2, 39, 30, 33, 31, 39, 13, 10, 27, 17, 39, 13, 11, 14, 0, 30, 39, 30, 33, 39, 19, 2, 21, 39, 35, 10, 22, 39, 27, 0, 18, 11, 37, 39, 30, 33, 31, 39, 13, 10, 20, 39, 4, 30, 39]
    PRED: [9, 2, 39, 27, 33, 31, 30, 39, 16, 11, 39, 13, 16, 3, 19, 0, 30, 8, 39, 30, 33, 39, 28, 2, 21, 39, 35, 2, 22, 39, 27, 11, 8, 11, 39, 36, 9, 33, 31, 13, 39, 13, 5, 20, 39, 4, 30, 39]
    Edit distance: 19/46

============================================================
Batch 90500 | Val PER: 0.3281
============================================================
  Sample 0:
    TRUE: [31, 17, 0, 19, 27, 2, 28, 17, 39, 27, 17, 19, 2, 22, 28, 16, 8, 11, 8, 39]
    PRED: [9, 17, 0, 19, 2, 28, 39, 8, 27, 17, 22, 30, 8, 39]
    Edit distance: 10/20
  Sample 1:
    TRUE: [27, 16, 7, 39, 26, 11, 7, 2, 28, 30, 39, 28, 10, 34, 27, 2, 20, 39, 28, 5, 22, 8, 39, 20, 16, 31, 2, 14, 27, 1, 13, 28, 39]
    PRED: [27, 10, 7, 30, 39, 26, 11, 1, 7, 2, 16, 37, 39, 10, 34, 2, 20, 39, 28, 5, 22, 8, 39, 20, 16, 5, 13, 28, 39]
    Edit distance: 12/33
  Sample 2:
    TRUE: [28, 24, 39, 27, 33, 20, 37, 39, 35, 17, 39, 21, 12, 8, 39, 16, 22, 39, 2, 22, 2, 6, 1, 29, 30, 39, 19, 2, 20, 33, 38, 2, 22, 39]
    PRED: [9, 24, 39, 33, 20, 37, 39, 35, 17, 39, 21, 12, 8, 39, 16, 22, 39, 2, 22, 27, 1, 29, 39, 19, 33, 20, 33, 38, 2, 22, 39]
    Edit distance: 6/34
  Sample 3:
    TRUE: [20, 3, 27, 17, 37, 39, 19, 0, 28, 30, 33, 21, 39, 22, 17, 8, 2, 8, 39, 6, 20, 1, 19, 39, 14, 20, 2, 34, 37, 39, 30, 33, 39, 6, 17, 39, 19, 2, 21, 26, 20, 17, 30, 20, 17, 39, 10, 20, 2, 14, 2, 22, 30, 39]
    PRED: [19, 27, 24, 37, 17, 39, 19, 5, 5, 21, 2, 21, 39, 22, 12, 8, 39, 21, 1, 19, 39, 20, 2, 34, 37, 39, 30, 33, 39, 6, 17, 39, 19, 2, 21, 26, 20, 30, 11, 39, 1, 20, 2, 10, 8, 39]
    Edit distance: 22/54
  Sample 4:
    TRUE: [9, 2, 39, 30, 33, 31, 39, 13, 10, 27, 17, 39, 13, 11, 14, 0, 30, 39, 30, 33, 39, 19, 2, 21, 39, 35, 10, 22, 39, 27, 0, 18, 11, 37, 39, 30, 33, 31, 39, 13, 10, 20, 39, 4, 30, 39]
    PRED: [9, 2, 39, 30, 36, 33, 31, 30, 39, 12, 11, 39, 34, 16, 17, 19, 0, 30, 8, 39, 30, 33, 39, 28, 2, 21, 39, 35, 2, 22, 39, 35, 11, 8, 11, 39, 36, 30, 33, 31, 13, 39, 13, 5, 20, 39, 4, 30, 39]
    Edit distance: 20/46

============================================================
Batch 91000 | Val PER: 0.3270
============================================================
  Sample 0:
    TRUE: [31, 17, 0, 19, 27, 2, 28, 17, 39, 27, 17, 19, 2, 22, 28, 16, 8, 11, 8, 39]
    PRED: [9, 17, 0, 19, 2, 28, 39, 8, 27, 16, 22, 2, 30, 2, 8, 39]
    Edit distance: 11/20
  Sample 1:
    TRUE: [27, 16, 7, 39, 26, 11, 7, 2, 28, 30, 39, 28, 10, 34, 27, 2, 20, 39, 28, 5, 22, 8, 39, 20, 16, 31, 2, 14, 27, 1, 13, 28, 39]
    PRED: [27, 10, 30, 39, 26, 11, 1, 7, 2, 37, 39, 10, 34, 11, 20, 39, 28, 5, 22, 8, 22, 8, 37, 39, 20, 16, 5, 13, 28, 39]
    Edit distance: 16/33
  Sample 2:
    TRUE: [28, 24, 39, 27, 33, 20, 37, 39, 35, 17, 39, 21, 12, 8, 39, 16, 22, 39, 2, 22, 2, 6, 1, 29, 30, 39, 19, 2, 20, 33, 38, 2, 22, 39]
    PRED: [9, 24, 39, 33, 20, 37, 39, 35, 17, 39, 21, 10, 8, 39, 16, 22, 39, 0, 22, 27, 1, 29, 30, 39, 33, 20, 33, 38, 2, 22, 39]
    Edit distance: 8/34
  Sample 3:
    TRUE: [20, 3, 27, 17, 37, 39, 19, 0, 28, 30, 33, 21, 39, 22, 17, 8, 2, 8, 39, 6, 20, 1, 19, 39, 14, 20, 2, 34, 37, 39, 30, 33, 39, 6, 17, 39, 19, 2, 21, 26, 20, 17, 30, 20, 17, 39, 10, 20, 2, 14, 2, 22, 30, 39]
    PRED: [19, 27, 24, 17, 39, 19, 5, 28, 5, 2, 6, 39, 22, 4, 8, 2, 8, 39, 21, 1, 19, 39, 14, 20, 2, 34, 37, 39, 30, 33, 39, 6, 17, 39, 19, 2, 21, 26, 20, 30, 39, 1, 20, 2, 8, 39]
    Edit distance: 19/54
  Sample 4:
    TRUE: [9, 2, 39, 30, 33, 31, 39, 13, 10, 27, 17, 39, 13, 11, 14, 0, 30, 39, 30, 33, 39, 19, 2, 21, 39, 35, 10, 22, 39, 27, 0, 18, 11, 37, 39, 30, 33, 31, 39, 13, 10, 20, 39, 4, 30, 39]
    PRED: [9, 2, 39, 30, 27, 33, 31, 30, 39, 13, 12, 17, 11, 39, 13, 16, 17, 19, 0, 30, 2, 8, 39, 30, 33, 39, 28, 2, 21, 39, 35, 10, 22, 39, 27, 11, 8, 11, 39, 36, 9, 33, 31, 13, 39, 13, 20, 20, 39, 4, 30, 39]
    Edit distance: 18/46

============================================================
Batch 91500 | Val PER: 0.3239
============================================================
  Sample 0:
    TRUE: [31, 17, 0, 19, 27, 2, 28, 17, 39, 27, 17, 19, 2, 22, 28, 16, 8, 11, 8, 39]
    PRED: [9, 12, 0, 19, 2, 28, 39, 8, 27, 17, 2, 30, 8, 39]
    Edit distance: 11/20
  Sample 1:
    TRUE: [27, 16, 7, 39, 26, 11, 7, 2, 28, 30, 39, 28, 10, 34, 27, 2, 20, 39, 28, 5, 22, 8, 39, 20, 16, 31, 2, 14, 27, 1, 13, 28, 39]
    PRED: [27, 10, 7, 30, 39, 26, 11, 1, 7, 2, 37, 39, 10, 34, 11, 20, 39, 28, 5, 22, 8, 39, 20, 16, 9, 14, 18, 5, 13, 28, 39]
    Edit distance: 12/33
  Sample 2:
    TRUE: [28, 24, 39, 27, 33, 20, 37, 39, 35, 17, 39, 21, 12, 8, 39, 16, 22, 39, 2, 22, 2, 6, 1, 29, 30, 39, 19, 2, 20, 33, 38, 2, 22, 39]
    PRED: [9, 24, 39, 33, 25, 20, 37, 39, 35, 17, 39, 21, 12, 8, 39, 16, 22, 39, 0, 22, 27, 1, 29, 30, 39, 33, 20, 33, 38, 2, 22, 39]
    Edit distance: 8/34
  Sample 3:
    TRUE: [20, 3, 27, 17, 37, 39, 19, 0, 28, 30, 33, 21, 39, 22, 17, 8, 2, 8, 39, 6, 20, 1, 19, 39, 14, 20, 2, 34, 37, 39, 30, 33, 39, 6, 17, 39, 19, 2, 21, 26, 20, 17, 30, 20, 17, 39, 10, 20, 2, 14, 2, 22, 30, 39]
    PRED: [19, 27, 24, 37, 17, 39, 19, 5, 28, 5, 21, 2, 21, 39, 22, 12, 8, 39, 21, 1, 19, 39, 14, 20, 2, 34, 37, 39, 30, 33, 39, 6, 17, 39, 19, 2, 21, 26, 20, 30, 39, 1, 20, 2, 10, 2, 22, 8, 39]
    Edit distance: 19/54
  Sample 4:
    TRUE: [9, 2, 39, 30, 33, 31, 39, 13, 10, 27, 17, 39, 13, 11, 14, 0, 30, 39, 30, 33, 39, 19, 2, 21, 39, 35, 10, 22, 39, 27, 0, 18, 11, 37, 39, 30, 33, 31, 39, 13, 10, 20, 39, 4, 30, 39]
    PRED: [9, 2, 39, 30, 27, 33, 31, 30, 39, 13, 12, 17, 39, 13, 16, 17, 19, 0, 30, 2, 8, 39, 30, 33, 39, 28, 2, 21, 39, 35, 2, 22, 39, 35, 11, 18, 11, 39, 9, 33, 31, 39, 13, 5, 20, 39, 4, 30, 39]
    Edit distance: 16/46

============================================================
Batch 92000 | Val PER: 0.3243
============================================================
  Sample 0:
    TRUE: [31, 17, 0, 19, 27, 2, 28, 17, 39, 27, 17, 19, 2, 22, 28, 16, 8, 11, 8, 39]
    PRED: [9, 1, 0, 19, 2, 28, 39, 8, 27, 16, 2, 30, 8, 39]
    Edit distance: 12/20
  Sample 1:
    TRUE: [27, 16, 7, 39, 26, 11, 7, 2, 28, 30, 39, 28, 10, 34, 27, 2, 20, 39, 28, 5, 22, 8, 39, 20, 16, 31, 2, 14, 27, 1, 13, 28, 39]
    PRED: [27, 10, 7, 30, 39, 26, 11, 1, 7, 2, 18, 37, 39, 10, 34, 11, 20, 39, 28, 5, 8, 39, 20, 16, 9, 24, 18, 5, 13, 39]
    Edit distance: 15/33
  Sample 2:
    TRUE: [28, 24, 39, 27, 33, 20, 37, 39, 35, 17, 39, 21, 12, 8, 39, 16, 22, 39, 2, 22, 2, 6, 1, 29, 30, 39, 19, 2, 20, 33, 38, 2, 22, 39]
    PRED: [28, 24, 39, 33, 20, 37, 39, 21, 17, 39, 21, 5, 8, 39, 16, 22, 39, 2, 22, 27, 1, 29, 39, 33, 20, 33, 38, 2, 22, 39]
    Edit distance: 8/34
  Sample 3:
    TRUE: [20, 3, 27, 17, 37, 39, 19, 0, 28, 30, 33, 21, 39, 22, 17, 8, 2, 8, 39, 6, 20, 1, 19, 39, 14, 20, 2, 34, 37, 39, 30, 33, 39, 6, 17, 39, 19, 2, 21, 26, 20, 17, 30, 20, 17, 39, 10, 20, 2, 14, 2, 22, 30, 39]
    PRED: [35, 24, 39, 19, 5, 28, 5, 6, 39, 22, 12, 8, 39, 21, 0, 19, 39, 20, 2, 34, 37, 39, 30, 33, 39, 6, 17, 39, 19, 2, 21, 26, 20, 30, 39, 1, 20, 2, 10, 8, 39]
    Edit distance: 24/54
  Sample 4:
    TRUE: [9, 2, 39, 30, 33, 31, 39, 13, 10, 27, 17, 39, 13, 11, 14, 0, 30, 39, 30, 33, 39, 19, 2, 21, 39, 35, 10, 22, 39, 27, 0, 18, 11, 37, 39, 30, 33, 31, 39, 13, 10, 20, 39, 4, 30, 39]
    PRED: [9, 2, 39, 36, 27, 33, 31, 30, 39, 13, 12, 39, 13, 16, 17, 0, 30, 8, 39, 30, 33, 39, 28, 5, 21, 39, 35, 2, 22, 39, 35, 11, 18, 11, 39, 9, 33, 31, 39, 13, 5, 20, 39, 4, 30, 39]
    Edit distance: 17/46

============================================================
Batch 92500 | Val PER: 0.3219
============================================================
  Sample 0:
    TRUE: [31, 17, 0, 19, 27, 2, 28, 17, 39, 27, 17, 19, 2, 22, 28, 16, 8, 11, 8, 39]
    PRED: [9, 17, 2, 0, 19, 2, 28, 39, 8, 27, 17, 2, 30, 8, 39]
    Edit distance: 11/20
  Sample 1:
    TRUE: [27, 16, 7, 39, 26, 11, 7, 2, 28, 30, 39, 28, 10, 34, 27, 2, 20, 39, 28, 5, 22, 8, 39, 20, 16, 31, 2, 14, 27, 1, 13, 28, 39]
    PRED: [27, 10, 7, 30, 39, 26, 11, 1, 7, 2, 37, 39, 10, 34, 2, 11, 20, 39, 28, 5, 22, 8, 22, 8, 39, 20, 16, 17, 9, 5, 13, 28, 39]
    Edit distance: 15/33
  Sample 2:
    TRUE: [28, 24, 39, 27, 33, 20, 37, 39, 35, 17, 39, 21, 12, 8, 39, 16, 22, 39, 2, 22, 2, 6, 1, 29, 30, 39, 19, 2, 20, 33, 38, 2, 22, 39]
    PRED: [9, 24, 39, 33, 20, 37, 39, 35, 17, 39, 21, 12, 8, 39, 16, 22, 39, 1, 22, 27, 1, 29, 39, 19, 33, 20, 33, 38, 2, 22, 39]
    Edit distance: 7/34
  Sample 3:
    TRUE: [20, 3, 27, 17, 37, 39, 19, 0, 28, 30, 33, 21, 39, 22, 17, 8, 2, 8, 39, 6, 20, 1, 19, 39, 14, 20, 2, 34, 37, 39, 30, 33, 39, 6, 17, 39, 19, 2, 21, 26, 20, 17, 30, 20, 17, 39, 10, 20, 2, 14, 2, 22, 30, 39]
    PRED: [19, 27, 24, 39, 19, 5, 28, 5, 6, 39, 22, 12, 8, 39, 21, 0, 19, 39, 14, 20, 2, 34, 37, 39, 30, 33, 39, 6, 17, 39, 19, 2, 26, 20, 39, 1, 20, 2, 22, 8, 39]
    Edit distance: 23/54
  Sample 4:
    TRUE: [9, 2, 39, 30, 33, 31, 39, 13, 10, 27, 17, 39, 13, 11, 14, 0, 30, 39, 30, 33, 39, 19, 2, 21, 39, 35, 10, 22, 39, 27, 0, 18, 11, 37, 39, 30, 33, 31, 39, 13, 10, 20, 39, 4, 30, 39]
    PRED: [9, 2, 39, 36, 27, 33, 31, 30, 39, 13, 12, 11, 39, 13, 16, 17, 0, 30, 2, 8, 39, 30, 33, 39, 28, 30, 2, 21, 39, 35, 2, 22, 39, 35, 11, 8, 11, 39, 9, 33, 31, 13, 31, 39, 13, 5, 20, 39, 4, 30, 39]
    Edit distance: 21/46

============================================================
Batch 93000 | Val PER: 0.3229
============================================================
  Sample 0:
    TRUE: [31, 17, 0, 19, 27, 2, 28, 17, 39, 27, 17, 19, 2, 22, 28, 16, 8, 11, 8, 39]
    PRED: [9, 0, 19, 2, 28, 39, 8, 27, 16, 2, 30, 2, 8, 39]
    Edit distance: 12/20
  Sample 1:
    TRUE: [27, 16, 7, 39, 26, 11, 7, 2, 28, 30, 39, 28, 10, 34, 27, 2, 20, 39, 28, 5, 22, 8, 39, 20, 16, 31, 2, 14, 27, 1, 13, 28, 39]
    PRED: [10, 28, 30, 39, 26, 27, 11, 1, 28, 2, 8, 37, 39, 10, 34, 2, 20, 39, 28, 5, 22, 8, 39, 20, 16, 5, 13, 28, 39]
    Edit distance: 15/33
  Sample 2:
    TRUE: [28, 24, 39, 27, 33, 20, 37, 39, 35, 17, 39, 21, 12, 8, 39, 16, 22, 39, 2, 22, 2, 6, 1, 29, 30, 39, 19, 2, 20, 33, 38, 2, 22, 39]
    PRED: [9, 24, 39, 33, 25, 20, 37, 39, 21, 17, 39, 21, 12, 8, 39, 16, 22, 39, 2, 22, 8, 27, 1, 29, 30, 39, 19, 33, 20, 33, 38, 2, 22, 39]
    Edit distance: 7/34
  Sample 3:
    TRUE: [20, 3, 27, 17, 37, 39, 19, 0, 28, 30, 33, 21, 39, 22, 17, 8, 2, 8, 39, 6, 20, 1, 19, 39, 14, 20, 2, 34, 37, 39, 30, 33, 39, 6, 17, 39, 19, 2, 21, 26, 20, 17, 30, 20, 17, 39, 10, 20, 2, 14, 2, 22, 30, 39]
    PRED: [19, 27, 24, 9, 17, 39, 19, 5, 28, 5, 2, 21, 39, 22, 12, 8, 39, 21, 0, 19, 39, 20, 2, 34, 37, 39, 30, 33, 39, 6, 17, 39, 19, 2, 21, 26, 20, 39, 1, 20, 2, 22, 8, 39]
    Edit distance: 23/54
  Sample 4:
    TRUE: [9, 2, 39, 30, 33, 31, 39, 13, 10, 27, 17, 39, 13, 11, 14, 0, 30, 39, 30, 33, 39, 19, 2, 21, 39, 35, 10, 22, 39, 27, 0, 18, 11, 37, 39, 30, 33, 31, 39, 13, 10, 20, 39, 4, 30, 39]
    PRED: [9, 2, 39, 36, 33, 31, 30, 39, 16, 11, 39, 13, 16, 17, 0, 30, 2, 39, 30, 33, 39, 28, 2, 21, 39, 35, 2, 22, 39, 27, 11, 8, 11, 39, 9, 33, 31, 13, 39, 13, 5, 20, 39, 4, 30, 39]
    Edit distance: 17/46

============================================================
Batch 93500 | Val PER: 0.3243
============================================================
  Sample 0:
    TRUE: [31, 17, 0, 19, 27, 2, 28, 17, 39, 27, 17, 19, 2, 22, 28, 16, 8, 11, 8, 39]
    PRED: [9, 1, 0, 19, 28, 2, 28, 39, 8, 27, 16, 2, 30, 8, 39]
    Edit distance: 12/20
  Sample 1:
    TRUE: [27, 16, 7, 39, 26, 11, 7, 2, 28, 30, 39, 28, 10, 34, 27, 2, 20, 39, 28, 5, 22, 8, 39, 20, 16, 31, 2, 14, 27, 1, 13, 28, 39]
    PRED: [27, 10, 30, 39, 26, 27, 11, 1, 7, 2, 37, 39, 10, 34, 11, 20, 39, 28, 5, 22, 8, 39, 20, 16, 2, 5, 13, 28, 39]
    Edit distance: 13/33
  Sample 2:
    TRUE: [28, 24, 39, 27, 33, 20, 37, 39, 35, 17, 39, 21, 12, 8, 39, 16, 22, 39, 2, 22, 2, 6, 1, 29, 30, 39, 19, 2, 20, 33, 38, 2, 22, 39]
    PRED: [9, 24, 39, 33, 25, 20, 37, 39, 35, 17, 39, 21, 10, 8, 39, 16, 22, 39, 0, 22, 8, 27, 1, 29, 30, 39, 33, 20, 33, 38, 2, 22, 39]
    Edit distance: 9/34
  Sample 3:
    TRUE: [20, 3, 27, 17, 37, 39, 19, 0, 28, 30, 33, 21, 39, 22, 17, 8, 2, 8, 39, 6, 20, 1, 19, 39, 14, 20, 2, 34, 37, 39, 30, 33, 39, 6, 17, 39, 19, 2, 21, 26, 20, 17, 30, 20, 17, 39, 10, 20, 2, 14, 2, 22, 30, 39]
    PRED: [19, 27, 24, 9, 17, 11, 39, 19, 5, 28, 5, 21, 2, 21, 39, 22, 12, 8, 39, 21, 0, 19, 39, 14, 20, 2, 34, 37, 39, 30, 33, 39, 6, 17, 39, 19, 2, 21, 26, 20, 39, 4, 20, 2, 10, 2, 22, 8, 39]
    Edit distance: 22/54
  Sample 4:
    TRUE: [9, 2, 39, 30, 33, 31, 39, 13, 10, 27, 17, 39, 13, 11, 14, 0, 30, 39, 30, 33, 39, 19, 2, 21, 39, 35, 10, 22, 39, 27, 0, 18, 11, 37, 39, 30, 33, 31, 39, 13, 10, 20, 39, 4, 30, 39]
    PRED: [9, 2, 39, 36, 33, 31, 30, 39, 13, 16, 11, 39, 13, 16, 17, 0, 30, 8, 39, 30, 33, 39, 28, 2, 21, 39, 35, 2, 22, 39, 35, 11, 8, 11, 39, 9, 33, 31, 13, 39, 13, 5, 20, 39, 4, 30, 39]
    Edit distance: 17/46

============================================================
Batch 94000 | Val PER: 0.3230
============================================================
  Sample 0:
    TRUE: [31, 17, 0, 19, 27, 2, 28, 17, 39, 27, 17, 19, 2, 22, 28, 16, 8, 11, 8, 39]
    PRED: [9, 2, 0, 19, 2, 28, 39, 8, 27, 16, 2, 30, 8, 39]
    Edit distance: 12/20
  Sample 1:
    TRUE: [27, 16, 7, 39, 26, 11, 7, 2, 28, 30, 39, 28, 10, 34, 27, 2, 20, 39, 28, 5, 22, 8, 39, 20, 16, 31, 2, 14, 27, 1, 13, 28, 39]
    PRED: [10, 30, 39, 26, 11, 1, 7, 2, 37, 39, 10, 34, 2, 20, 39, 5, 22, 8, 37, 39, 20, 16, 2, 5, 13, 30, 39]
    Edit distance: 15/33
  Sample 2:
    TRUE: [28, 24, 39, 27, 33, 20, 37, 39, 35, 17, 39, 21, 12, 8, 39, 16, 22, 39, 2, 22, 2, 6, 1, 29, 30, 39, 19, 2, 20, 33, 38, 2, 22, 39]
    PRED: [9, 24, 39, 33, 25, 20, 24, 37, 39, 35, 17, 39, 21, 5, 8, 39, 16, 22, 39, 0, 22, 27, 1, 29, 30, 39, 33, 20, 33, 38, 2, 22, 39]
    Edit distance: 10/34
  Sample 3:
    TRUE: [20, 3, 27, 17, 37, 39, 19, 0, 28, 30, 33, 21, 39, 22, 17, 8, 2, 8, 39, 6, 20, 1, 19, 39, 14, 20, 2, 34, 37, 39, 30, 33, 39, 6, 17, 39, 19, 2, 21, 26, 20, 17, 30, 20, 17, 39, 10, 20, 2, 14, 2, 22, 30, 39]
    PRED: [19, 27, 24, 9, 11, 39, 19, 5, 21, 2, 21, 39, 22, 12, 8, 39, 21, 0, 19, 39, 20, 2, 34, 37, 39, 30, 33, 39, 6, 17, 39, 19, 2, 21, 26, 20, 39, 4, 20, 2, 10, 2, 22, 39]
    Edit distance: 23/54
  Sample 4:
    TRUE: [9, 2, 39, 30, 33, 31, 39, 13, 10, 27, 17, 39, 13, 11, 14, 0, 30, 39, 30, 33, 39, 19, 2, 21, 39, 35, 10, 22, 39, 27, 0, 18, 11, 37, 39, 30, 33, 31, 39, 13, 10, 20, 39, 4, 30, 39]
    PRED: [9, 2, 39, 36, 33, 31, 30, 39, 13, 31, 12, 11, 39, 13, 16, 17, 19, 0, 30, 8, 39, 30, 33, 39, 28, 30, 2, 21, 39, 35, 2, 22, 39, 35, 11, 11, 39, 9, 33, 31, 13, 39, 13, 5, 20, 39, 4, 30, 39]
    Edit distance: 19/46

============================================================
Batch 94500 | Val PER: 0.3238
============================================================
  Sample 0:
    TRUE: [31, 17, 0, 19, 27, 2, 28, 17, 39, 27, 17, 19, 2, 22, 28, 16, 8, 11, 8, 39]
    PRED: [9, 16, 0, 19, 2, 28, 39, 8, 16, 2, 30, 2, 8, 39]
    Edit distance: 12/20
  Sample 1:
    TRUE: [27, 16, 7, 39, 26, 11, 7, 2, 28, 30, 39, 28, 10, 34, 27, 2, 20, 39, 28, 5, 22, 8, 39, 20, 16, 31, 2, 14, 27, 1, 13, 28, 39]
    PRED: [27, 10, 7, 28, 30, 39, 26, 27, 11, 1, 28, 2, 37, 39, 10, 34, 2, 20, 39, 28, 5, 22, 39, 20, 16, 2, 13, 30, 28, 39]
    Edit distance: 16/33
  Sample 2:
    TRUE: [28, 24, 39, 27, 33, 20, 37, 39, 35, 17, 39, 21, 12, 8, 39, 16, 22, 39, 2, 22, 2, 6, 1, 29, 30, 39, 19, 2, 20, 33, 38, 2, 22, 39]
    PRED: [9, 24, 39, 27, 25, 20, 37, 39, 35, 17, 39, 21, 12, 8, 39, 16, 22, 39, 0, 22, 27, 1, 29, 30, 39, 33, 20, 33, 38, 2, 22, 39]
    Edit distance: 7/34
  Sample 3:
    TRUE: [20, 3, 27, 17, 37, 39, 19, 0, 28, 30, 33, 21, 39, 22, 17, 8, 2, 8, 39, 6, 20, 1, 19, 39, 14, 20, 2, 34, 37, 39, 30, 33, 39, 6, 17, 39, 19, 2, 21, 26, 20, 17, 30, 20, 17, 39, 10, 20, 2, 14, 2, 22, 30, 39]
    PRED: [19, 27, 24, 9, 17, 39, 19, 5, 28, 2, 21, 39, 22, 12, 8, 39, 21, 1, 19, 39, 20, 2, 34, 37, 39, 30, 33, 39, 6, 17, 39, 19, 2, 21, 26, 20, 39, 10, 20, 2, 10, 8, 39]
    Edit distance: 22/54
  Sample 4:
    TRUE: [9, 2, 39, 30, 33, 31, 39, 13, 10, 27, 17, 39, 13, 11, 14, 0, 30, 39, 30, 33, 39, 19, 2, 21, 39, 35, 10, 22, 39, 27, 0, 18, 11, 37, 39, 30, 33, 31, 39, 13, 10, 20, 39, 4, 30, 39]
    PRED: [9, 2, 39, 36, 33, 31, 30, 39, 12, 11, 39, 13, 16, 17, 0, 30, 39, 30, 33, 39, 28, 30, 2, 21, 39, 35, 2, 22, 39, 27, 11, 8, 11, 39, 9, 33, 31, 13, 39, 13, 5, 20, 39, 4, 30, 39]
    Edit distance: 17/46

============================================================
Batch 95000 | Val PER: 0.3241
============================================================
  Sample 0:
    TRUE: [31, 17, 0, 19, 27, 2, 28, 17, 39, 27, 17, 19, 2, 22, 28, 16, 8, 11, 8, 39]
    PRED: [9, 0, 19, 2, 28, 39, 8, 16, 22, 2, 30, 8, 39]
    Edit distance: 12/20
  Sample 1:
    TRUE: [27, 16, 7, 39, 26, 11, 7, 2, 28, 30, 39, 28, 10, 34, 27, 2, 20, 39, 28, 5, 22, 8, 39, 20, 16, 31, 2, 14, 27, 1, 13, 28, 39]
    PRED: [10, 7, 28, 30, 39, 26, 27, 11, 1, 7, 2, 37, 39, 10, 34, 11, 20, 39, 5, 22, 37, 39, 20, 16, 5, 13, 30, 28, 39]
    Edit distance: 19/33
  Sample 2:
    TRUE: [28, 24, 39, 27, 33, 20, 37, 39, 35, 17, 39, 21, 12, 8, 39, 16, 22, 39, 2, 22, 2, 6, 1, 29, 30, 39, 19, 2, 20, 33, 38, 2, 22, 39]
    PRED: [28, 24, 39, 25, 20, 37, 39, 35, 17, 39, 21, 5, 8, 39, 16, 22, 39, 0, 22, 8, 27, 1, 29, 39, 19, 33, 20, 33, 38, 2, 22, 39]
    Edit distance: 8/34
  Sample 3:
    TRUE: [20, 3, 27, 17, 37, 39, 19, 0, 28, 30, 33, 21, 39, 22, 17, 8, 2, 8, 39, 6, 20, 1, 19, 39, 14, 20, 2, 34, 37, 39, 30, 33, 39, 6, 17, 39, 19, 2, 21, 26, 20, 17, 30, 20, 17, 39, 10, 20, 2, 14, 2, 22, 30, 39]
    PRED: [19, 27, 24, 37, 17, 39, 19, 5, 28, 5, 24, 21, 2, 21, 39, 22, 12, 8, 2, 8, 39, 21, 1, 19, 39, 14, 20, 2, 34, 37, 39, 30, 33, 39, 6, 17, 39, 19, 2, 21, 26, 20, 30, 11, 39, 4, 20, 2, 10, 2, 22, 39]
    Edit distance: 18/54
  Sample 4:
    TRUE: [9, 2, 39, 30, 33, 31, 39, 13, 10, 27, 17, 39, 13, 11, 14, 0, 30, 39, 30, 33, 39, 19, 2, 21, 39, 35, 10, 22, 39, 27, 0, 18, 11, 37, 39, 30, 33, 31, 39, 13, 10, 20, 39, 4, 30, 39]
    PRED: [9, 2, 39, 36, 33, 31, 30, 39, 5, 11, 39, 13, 16, 3, 19, 0, 39, 30, 33, 39, 28, 2, 21, 39, 35, 2, 22, 39, 35, 11, 8, 11, 39, 9, 33, 31, 13, 39, 13, 5, 20, 39, 4, 30, 39]
    Edit distance: 19/46

============================================================
Batch 95500 | Val PER: 0.3211
============================================================
  Sample 0:
    TRUE: [31, 17, 0, 19, 27, 2, 28, 17, 39, 27, 17, 19, 2, 22, 28, 16, 8, 11, 8, 39]
    PRED: [9, 0, 19, 2, 39, 8, 27, 16, 30, 8, 39]
    Edit distance: 13/20
  Sample 1:
    TRUE: [27, 16, 7, 39, 26, 11, 7, 2, 28, 30, 39, 28, 10, 34, 27, 2, 20, 39, 28, 5, 22, 8, 39, 20, 16, 31, 2, 14, 27, 1, 13, 28, 39]
    PRED: [27, 10, 7, 30, 39, 26, 11, 1, 7, 2, 37, 39, 10, 34, 2, 20, 39, 28, 5, 22, 8, 39, 20, 16, 5, 13, 30, 39]
    Edit distance: 13/33
  Sample 2:
    TRUE: [28, 24, 39, 27, 33, 20, 37, 39, 35, 17, 39, 21, 12, 8, 39, 16, 22, 39, 2, 22, 2, 6, 1, 29, 30, 39, 19, 2, 20, 33, 38, 2, 22, 39]
    PRED: [9, 24, 39, 33, 25, 20, 24, 37, 39, 35, 17, 39, 21, 5, 8, 39, 16, 22, 39, 0, 22, 27, 1, 29, 30, 39, 33, 20, 33, 38, 2, 22, 39]
    Edit distance: 10/34
  Sample 3:
    TRUE: [20, 3, 27, 17, 37, 39, 19, 0, 28, 30, 33, 21, 39, 22, 17, 8, 2, 8, 39, 6, 20, 1, 19, 39, 14, 20, 2, 34, 37, 39, 30, 33, 39, 6, 17, 39, 19, 2, 21, 26, 20, 17, 30, 20, 17, 39, 10, 20, 2, 14, 2, 22, 30, 39]
    PRED: [19, 27, 24, 17, 39, 19, 5, 28, 24, 2, 21, 39, 22, 12, 8, 39, 21, 1, 19, 39, 20, 2, 34, 37, 39, 30, 33, 39, 6, 17, 39, 19, 2, 21, 26, 20, 39, 1, 20, 2, 10, 8, 39]
    Edit distance: 22/54
  Sample 4:
    TRUE: [9, 2, 39, 30, 33, 31, 39, 13, 10, 27, 17, 39, 13, 11, 14, 0, 30, 39, 30, 33, 39, 19, 2, 21, 39, 35, 10, 22, 39, 27, 0, 18, 11, 37, 39, 30, 33, 31, 39, 13, 10, 20, 39, 4, 30, 39]
    PRED: [9, 2, 39, 36, 27, 33, 31, 30, 39, 13, 12, 17, 39, 13, 3, 19, 0, 39, 30, 33, 39, 28, 30, 2, 21, 39, 35, 2, 22, 39, 35, 11, 8, 11, 39, 31, 9, 33, 31, 13, 39, 13, 5, 20, 39, 4, 30, 39]
    Edit distance: 19/46

============================================================
Batch 96000 | Val PER: 0.3251
============================================================
  Sample 0:
    TRUE: [31, 17, 0, 19, 27, 2, 28, 17, 39, 27, 17, 19, 2, 22, 28, 16, 8, 11, 8, 39]
    PRED: [9, 0, 19, 28, 2, 39, 8, 16, 19, 22, 2, 30, 8, 39]
    Edit distance: 12/20
  Sample 1:
    TRUE: [27, 16, 7, 39, 26, 11, 7, 2, 28, 30, 39, 28, 10, 34, 27, 2, 20, 39, 28, 5, 22, 8, 39, 20, 16, 31, 2, 14, 27, 1, 13, 28, 39]
    PRED: [10, 7, 30, 39, 26, 27, 11, 1, 7, 2, 37, 39, 10, 34, 2, 11, 20, 39, 5, 22, 8, 39, 20, 16, 5, 13, 30, 39]
    Edit distance: 17/33
  Sample 2:
    TRUE: [28, 24, 39, 27, 33, 20, 37, 39, 35, 17, 39, 21, 12, 8, 39, 16, 22, 39, 2, 22, 2, 6, 1, 29, 30, 39, 19, 2, 20, 33, 38, 2, 22, 39]
    PRED: [9, 24, 39, 33, 25, 20, 37, 39, 35, 17, 39, 21, 12, 8, 39, 16, 22, 39, 2, 22, 27, 1, 29, 39, 33, 20, 33, 38, 2, 22, 39]
    Edit distance: 8/34
  Sample 3:
    TRUE: [20, 3, 27, 17, 37, 39, 19, 0, 28, 30, 33, 21, 39, 22, 17, 8, 2, 8, 39, 6, 20, 1, 19, 39, 14, 20, 2, 34, 37, 39, 30, 33, 39, 6, 17, 39, 19, 2, 21, 26, 20, 17, 30, 20, 17, 39, 10, 20, 2, 14, 2, 22, 30, 39]
    PRED: [19, 27, 24, 37, 17, 39, 19, 5, 28, 24, 21, 2, 21, 39, 22, 12, 8, 39, 21, 1, 19, 39, 14, 20, 2, 34, 37, 39, 30, 33, 39, 6, 17, 39, 19, 2, 21, 26, 20, 30, 39, 10, 20, 2, 10, 2, 22, 8, 39]
    Edit distance: 18/54
  Sample 4:
    TRUE: [9, 2, 39, 30, 33, 31, 39, 13, 10, 27, 17, 39, 13, 11, 14, 0, 30, 39, 30, 33, 39, 19, 2, 21, 39, 35, 10, 22, 39, 27, 0, 18, 11, 37, 39, 30, 33, 31, 39, 13, 10, 20, 39, 4, 30, 39]
    PRED: [9, 2, 39, 36, 33, 31, 30, 39, 13, 12, 17, 11, 39, 13, 16, 17, 19, 0, 30, 8, 39, 30, 33, 39, 28, 2, 21, 39, 35, 2, 22, 39, 35, 11, 8, 11, 39, 9, 33, 31, 13, 39, 13, 5, 20, 39, 4, 30, 39]
    Edit distance: 18/46

============================================================
Batch 96500 | Val PER: 0.3203
============================================================
  Sample 0:
    TRUE: [31, 17, 0, 19, 27, 2, 28, 17, 39, 27, 17, 19, 2, 22, 28, 16, 8, 11, 8, 39]
    PRED: [9, 0, 19, 2, 28, 39, 16, 12, 30, 8, 39]
    Edit distance: 12/20
  Sample 1:
    TRUE: [27, 16, 7, 39, 26, 11, 7, 2, 28, 30, 39, 28, 10, 34, 27, 2, 20, 39, 28, 5, 22, 8, 39, 20, 16, 31, 2, 14, 27, 1, 13, 28, 39]
    PRED: [27, 10, 7, 30, 39, 26, 27, 11, 1, 7, 2, 16, 37, 39, 10, 34, 2, 20, 39, 28, 5, 22, 8, 39, 20, 16, 5, 13, 28, 39]
    Edit distance: 13/33
  Sample 2:
    TRUE: [28, 24, 39, 27, 33, 20, 37, 39, 35, 17, 39, 21, 12, 8, 39, 16, 22, 39, 2, 22, 2, 6, 1, 29, 30, 39, 19, 2, 20, 33, 38, 2, 22, 39]
    PRED: [9, 24, 39, 35, 25, 20, 24, 39, 35, 5, 39, 21, 12, 8, 39, 16, 22, 39, 2, 22, 27, 1, 29, 30, 39, 33, 20, 33, 38, 2, 22, 39]
    Edit distance: 9/34
  Sample 3:
    TRUE: [20, 3, 27, 17, 37, 39, 19, 0, 28, 30, 33, 21, 39, 22, 17, 8, 2, 8, 39, 6, 20, 1, 19, 39, 14, 20, 2, 34, 37, 39, 30, 33, 39, 6, 17, 39, 19, 2, 21, 26, 20, 17, 30, 20, 17, 39, 10, 20, 2, 14, 2, 22, 30, 39]
    PRED: [19, 27, 24, 37, 11, 17, 39, 19, 5, 28, 5, 21, 2, 21, 39, 22, 12, 8, 39, 21, 1, 19, 39, 20, 2, 34, 37, 39, 30, 33, 39, 6, 17, 39, 19, 2, 21, 26, 20, 30, 11, 39, 1, 20, 2, 10, 2, 8, 39]
    Edit distance: 22/54
  Sample 4:
    TRUE: [9, 2, 39, 30, 33, 31, 39, 13, 10, 27, 17, 39, 13, 11, 14, 0, 30, 39, 30, 33, 39, 19, 2, 21, 39, 35, 10, 22, 39, 27, 0, 18, 11, 37, 39, 30, 33, 31, 39, 13, 10, 20, 39, 4, 30, 39]
    PRED: [9, 2, 39, 27, 33, 31, 30, 39, 13, 5, 17, 11, 39, 13, 16, 17, 0, 30, 39, 30, 33, 39, 28, 30, 2, 21, 39, 35, 2, 22, 39, 27, 11, 8, 11, 39, 9, 33, 31, 13, 39, 13, 5, 20, 39, 4, 30, 39]
    Edit distance: 16/46

============================================================
Batch 97000 | Val PER: 0.3187
============================================================
  Sample 0:
    TRUE: [31, 17, 0, 19, 27, 2, 28, 17, 39, 27, 17, 19, 2, 22, 28, 16, 8, 11, 8, 39]
    PRED: [9, 1, 0, 19, 2, 28, 39, 8, 16, 22, 2, 30, 8, 39]
    Edit distance: 12/20
  Sample 1:
    TRUE: [27, 16, 7, 39, 26, 11, 7, 2, 28, 30, 39, 28, 10, 34, 27, 2, 20, 39, 28, 5, 22, 8, 39, 20, 16, 31, 2, 14, 27, 1, 13, 28, 39]
    PRED: [27, 10, 7, 30, 39, 26, 27, 11, 1, 7, 2, 16, 37, 39, 10, 34, 2, 20, 39, 28, 5, 22, 8, 37, 39, 20, 16, 17, 13, 30, 28, 39]
    Edit distance: 15/33
  Sample 2:
    TRUE: [28, 24, 39, 27, 33, 20, 37, 39, 35, 17, 39, 21, 12, 8, 39, 16, 22, 39, 2, 22, 2, 6, 1, 29, 30, 39, 19, 2, 20, 33, 38, 2, 22, 39]
    PRED: [9, 24, 39, 25, 20, 37, 39, 35, 17, 39, 21, 12, 8, 39, 16, 22, 39, 0, 22, 27, 1, 29, 30, 39, 33, 20, 33, 38, 2, 22, 39]
    Edit distance: 8/34
  Sample 3:
    TRUE: [20, 3, 27, 17, 37, 39, 19, 0, 28, 30, 33, 21, 39, 22, 17, 8, 2, 8, 39, 6, 20, 1, 19, 39, 14, 20, 2, 34, 37, 39, 30, 33, 39, 6, 17, 39, 19, 2, 21, 26, 20, 17, 30, 20, 17, 39, 10, 20, 2, 14, 2, 22, 30, 39]
    PRED: [19, 27, 24, 17, 39, 19, 5, 28, 21, 2, 21, 39, 22, 12, 8, 39, 21, 1, 19, 39, 14, 20, 2, 34, 37, 39, 30, 33, 39, 6, 17, 39, 19, 2, 21, 26, 20, 30, 39, 20, 2, 22, 8, 39]
    Edit distance: 19/54
  Sample 4:
    TRUE: [9, 2, 39, 30, 33, 31, 39, 13, 10, 27, 17, 39, 13, 11, 14, 0, 30, 39, 30, 33, 39, 19, 2, 21, 39, 35, 10, 22, 39, 27, 0, 18, 11, 37, 39, 30, 33, 31, 39, 13, 10, 20, 39, 4, 30, 39]
    PRED: [9, 2, 39, 36, 33, 31, 30, 39, 13, 5, 17, 11, 39, 13, 16, 17, 19, 0, 30, 39, 30, 33, 39, 28, 2, 21, 39, 35, 2, 22, 39, 35, 11, 8, 11, 39, 9, 33, 31, 13, 39, 13, 5, 20, 39, 4, 30, 39]
    Edit distance: 17/46

============================================================
Batch 97500 | Val PER: 0.3214
============================================================
  Sample 0:
    TRUE: [31, 17, 0, 19, 27, 2, 28, 17, 39, 27, 17, 19, 2, 22, 28, 16, 8, 11, 8, 39]
    PRED: [9, 12, 0, 19, 2, 28, 39, 27, 16, 30, 8, 39]
    Edit distance: 11/20
  Sample 1:
    TRUE: [27, 16, 7, 39, 26, 11, 7, 2, 28, 30, 39, 28, 10, 34, 27, 2, 20, 39, 28, 5, 22, 8, 39, 20, 16, 31, 2, 14, 27, 1, 13, 28, 39]
    PRED: [10, 7, 30, 39, 26, 27, 11, 1, 7, 2, 37, 39, 10, 34, 11, 20, 39, 28, 5, 22, 8, 39, 20, 16, 2, 14, 18, 5, 13, 30, 39]
    Edit distance: 14/33
  Sample 2:
    TRUE: [28, 24, 39, 27, 33, 20, 37, 39, 35, 17, 39, 21, 12, 8, 39, 16, 22, 39, 2, 22, 2, 6, 1, 29, 30, 39, 19, 2, 20, 33, 38, 2, 22, 39]
    PRED: [9, 24, 39, 27, 25, 20, 37, 39, 21, 17, 39, 21, 12, 8, 39, 16, 22, 39, 0, 22, 27, 1, 29, 30, 39, 33, 20, 33, 38, 2, 22, 39]
    Edit distance: 8/34
  Sample 3:
    TRUE: [20, 3, 27, 17, 37, 39, 19, 0, 28, 30, 33, 21, 39, 22, 17, 8, 2, 8, 39, 6, 20, 1, 19, 39, 14, 20, 2, 34, 37, 39, 30, 33, 39, 6, 17, 39, 19, 2, 21, 26, 20, 17, 30, 20, 17, 39, 10, 20, 2, 14, 2, 22, 30, 39]
    PRED: [19, 27, 16, 37, 17, 39, 19, 5, 28, 5, 21, 2, 21, 39, 22, 12, 8, 39, 21, 1, 19, 39, 14, 20, 2, 34, 37, 39, 30, 33, 39, 6, 17, 39, 19, 2, 21, 26, 20, 30, 39, 1, 20, 2, 10, 8, 39]
    Edit distance: 21/54
  Sample 4:
    TRUE: [9, 2, 39, 30, 33, 31, 39, 13, 10, 27, 17, 39, 13, 11, 14, 0, 30, 39, 30, 33, 39, 19, 2, 21, 39, 35, 10, 22, 39, 27, 0, 18, 11, 37, 39, 30, 33, 31, 39, 13, 10, 20, 39, 4, 30, 39]
    PRED: [9, 2, 39, 36, 33, 31, 30, 39, 13, 12, 11, 39, 13, 16, 17, 19, 0, 30, 39, 30, 33, 39, 28, 30, 5, 21, 39, 35, 10, 22, 39, 27, 11, 8, 11, 39, 9, 33, 31, 13, 39, 13, 5, 20, 39, 4, 30, 39]
    Edit distance: 17/46

============================================================
Batch 98000 | Val PER: 0.3242
============================================================
  Sample 0:
    TRUE: [31, 17, 0, 19, 27, 2, 28, 17, 39, 27, 17, 19, 2, 22, 28, 16, 8, 11, 8, 39]
    PRED: [9, 17, 0, 19, 28, 2, 28, 39, 27, 17, 2, 30, 8, 39]
    Edit distance: 9/20
  Sample 1:
    TRUE: [27, 16, 7, 39, 26, 11, 7, 2, 28, 30, 39, 28, 10, 34, 27, 2, 20, 39, 28, 5, 22, 8, 39, 20, 16, 31, 2, 14, 27, 1, 13, 28, 39]
    PRED: [27, 10, 7, 28, 30, 39, 26, 27, 11, 1, 7, 2, 37, 39, 10, 34, 2, 11, 20, 39, 28, 5, 22, 8, 39, 20, 16, 2, 18, 5, 13, 30, 39]
    Edit distance: 15/33
  Sample 2:
    TRUE: [28, 24, 39, 27, 33, 20, 37, 39, 35, 17, 39, 21, 12, 8, 39, 16, 22, 39, 2, 22, 2, 6, 1, 29, 30, 39, 19, 2, 20, 33, 38, 2, 22, 39]
    PRED: [9, 24, 39, 25, 20, 37, 39, 21, 17, 39, 21, 12, 8, 39, 16, 22, 39, 2, 22, 27, 1, 29, 39, 33, 20, 33, 38, 2, 22, 39]
    Edit distance: 9/34
  Sample 3:
    TRUE: [20, 3, 27, 17, 37, 39, 19, 0, 28, 30, 33, 21, 39, 22, 17, 8, 2, 8, 39, 6, 20, 1, 19, 39, 14, 20, 2, 34, 37, 39, 30, 33, 39, 6, 17, 39, 19, 2, 21, 26, 20, 17, 30, 20, 17, 39, 10, 20, 2, 14, 2, 22, 30, 39]
    PRED: [35, 27, 24, 37, 17, 39, 19, 5, 28, 5, 21, 2, 21, 39, 22, 12, 8, 39, 21, 1, 19, 39, 14, 20, 2, 34, 37, 39, 30, 33, 39, 6, 17, 39, 19, 2, 21, 26, 20, 30, 39, 1, 20, 2, 10, 2, 8, 39]
    Edit distance: 20/54
  Sample 4:
    TRUE: [9, 2, 39, 30, 33, 31, 39, 13, 10, 27, 17, 39, 13, 11, 14, 0, 30, 39, 30, 33, 39, 19, 2, 21, 39, 35, 10, 22, 39, 27, 0, 18, 11, 37, 39, 30, 33, 31, 39, 13, 10, 20, 39, 4, 30, 39]
    PRED: [9, 2, 39, 36, 33, 31, 30, 39, 13, 12, 17, 11, 39, 13, 16, 17, 19, 0, 30, 2, 39, 30, 33, 39, 28, 2, 21, 39, 35, 2, 22, 39, 35, 11, 8, 11, 39, 9, 33, 31, 13, 39, 13, 5, 20, 39, 4, 30, 39]
    Edit distance: 18/46

============================================================
Batch 98500 | Val PER: 0.3235
============================================================
  Sample 0:
    TRUE: [31, 17, 0, 19, 27, 2, 28, 17, 39, 27, 17, 19, 2, 22, 28, 16, 8, 11, 8, 39]
    PRED: [9, 1, 0, 19, 2, 28, 39, 27, 16, 2, 30, 8, 39]
    Edit distance: 11/20
  Sample 1:
    TRUE: [27, 16, 7, 39, 26, 11, 7, 2, 28, 30, 39, 28, 10, 34, 27, 2, 20, 39, 28, 5, 22, 8, 39, 20, 16, 31, 2, 14, 27, 1, 13, 28, 39]
    PRED: [27, 10, 7, 30, 39, 26, 27, 11, 1, 29, 2, 37, 39, 10, 34, 11, 20, 39, 5, 22, 8, 39, 20, 16, 2, 5, 13, 30, 39]
    Edit distance: 16/33
  Sample 2:
    TRUE: [28, 24, 39, 27, 33, 20, 37, 39, 35, 17, 39, 21, 12, 8, 39, 16, 22, 39, 2, 22, 2, 6, 1, 29, 30, 39, 19, 2, 20, 33, 38, 2, 22, 39]
    PRED: [9, 24, 39, 33, 20, 24, 39, 21, 17, 39, 21, 12, 8, 39, 16, 22, 39, 16, 22, 27, 1, 29, 39, 33, 20, 33, 38, 2, 22, 39]
    Edit distance: 10/34
  Sample 3:
    TRUE: [20, 3, 27, 17, 37, 39, 19, 0, 28, 30, 33, 21, 39, 22, 17, 8, 2, 8, 39, 6, 20, 1, 19, 39, 14, 20, 2, 34, 37, 39, 30, 33, 39, 6, 17, 39, 19, 2, 21, 26, 20, 17, 30, 20, 17, 39, 10, 20, 2, 14, 2, 22, 30, 39]
    PRED: [19, 27, 10, 11, 37, 11, 17, 39, 19, 5, 28, 5, 21, 39, 22, 12, 8, 39, 21, 0, 1, 19, 39, 20, 2, 34, 37, 39, 30, 33, 39, 6, 17, 39, 19, 2, 21, 26, 20, 39, 10, 20, 2, 8, 39]
    Edit distance: 23/54
  Sample 4:
    TRUE: [9, 2, 39, 30, 33, 31, 39, 13, 10, 27, 17, 39, 13, 11, 14, 0, 30, 39, 30, 33, 39, 19, 2, 21, 39, 35, 10, 22, 39, 27, 0, 18, 11, 37, 39, 30, 33, 31, 39, 13, 10, 20, 39, 4, 30, 39]
    PRED: [9, 2, 39, 36, 33, 31, 30, 39, 13, 12, 11, 39, 13, 16, 17, 19, 0, 30, 39, 30, 33, 39, 28, 30, 2, 21, 39, 35, 2, 22, 39, 35, 11, 8, 11, 39, 9, 33, 31, 13, 39, 13, 5, 20, 39, 4, 30, 39]
    Edit distance: 18/46

============================================================
Batch 99000 | Val PER: 0.3233
============================================================
  Sample 0:
    TRUE: [31, 17, 0, 19, 27, 2, 28, 17, 39, 27, 17, 19, 2, 22, 28, 16, 8, 11, 8, 39]
    PRED: [9, 2, 0, 19, 28, 2, 28, 39, 27, 16, 2, 30, 8, 39]
    Edit distance: 11/20
  Sample 1:
    TRUE: [27, 16, 7, 39, 26, 11, 7, 2, 28, 30, 39, 28, 10, 34, 27, 2, 20, 39, 28, 5, 22, 8, 39, 20, 16, 31, 2, 14, 27, 1, 13, 28, 39]
    PRED: [27, 10, 30, 39, 26, 27, 11, 1, 28, 2, 37, 39, 10, 34, 11, 20, 39, 28, 5, 22, 8, 39, 20, 16, 2, 2, 13, 30, 39]
    Edit distance: 15/33
  Sample 2:
    TRUE: [28, 24, 39, 27, 33, 20, 37, 39, 35, 17, 39, 21, 12, 8, 39, 16, 22, 39, 2, 22, 2, 6, 1, 29, 30, 39, 19, 2, 20, 33, 38, 2, 22, 39]
    PRED: [28, 24, 39, 33, 20, 37, 39, 35, 17, 39, 21, 12, 8, 39, 16, 22, 39, 0, 22, 27, 1, 29, 30, 39, 33, 20, 33, 38, 2, 22, 39]
    Edit distance: 6/34
  Sample 3:
    TRUE: [20, 3, 27, 17, 37, 39, 19, 0, 28, 30, 33, 21, 39, 22, 17, 8, 2, 8, 39, 6, 20, 1, 19, 39, 14, 20, 2, 34, 37, 39, 30, 33, 39, 6, 17, 39, 19, 2, 21, 26, 20, 17, 30, 20, 17, 39, 10, 20, 2, 14, 2, 22, 30, 39]
    PRED: [19, 27, 24, 25, 37, 39, 19, 5, 28, 21, 39, 22, 12, 8, 39, 21, 0, 1, 19, 39, 14, 20, 2, 34, 37, 39, 30, 33, 39, 6, 17, 39, 19, 2, 21, 26, 20, 30, 39, 20, 2, 22, 8, 39]
    Edit distance: 19/54
  Sample 4:
    TRUE: [9, 2, 39, 30, 33, 31, 39, 13, 10, 27, 17, 39, 13, 11, 14, 0, 30, 39, 30, 33, 39, 19, 2, 21, 39, 35, 10, 22, 39, 27, 0, 18, 11, 37, 39, 30, 33, 31, 39, 13, 10, 20, 39, 4, 30, 39]
    PRED: [9, 2, 39, 36, 33, 31, 30, 39, 13, 12, 11, 39, 13, 16, 17, 19, 0, 30, 39, 30, 33, 39, 28, 30, 2, 21, 39, 35, 2, 22, 39, 35, 11, 8, 11, 39, 9, 33, 31, 13, 39, 13, 5, 20, 39, 4, 30, 39]
    Edit distance: 18/46

============================================================
Batch 99500 | Val PER: 0.3178
============================================================
  Sample 0:
    TRUE: [31, 17, 0, 19, 27, 2, 28, 17, 39, 27, 17, 19, 2, 22, 28, 16, 8, 11, 8, 39]
    PRED: [9, 12, 39, 0, 19, 28, 2, 28, 39, 27, 16, 14, 30, 2, 8, 39]
    Edit distance: 13/20
  Sample 1:
    TRUE: [27, 16, 7, 39, 26, 11, 7, 2, 28, 30, 39, 28, 10, 34, 27, 2, 20, 39, 28, 5, 22, 8, 39, 20, 16, 31, 2, 14, 27, 1, 13, 28, 39]
    PRED: [27, 10, 30, 39, 26, 27, 11, 1, 7, 2, 37, 39, 10, 34, 2, 20, 39, 5, 22, 8, 39, 20, 16, 5, 13, 28, 39]
    Edit distance: 14/33
  Sample 2:
    TRUE: [28, 24, 39, 27, 33, 20, 37, 39, 35, 17, 39, 21, 12, 8, 39, 16, 22, 39, 2, 22, 2, 6, 1, 29, 30, 39, 19, 2, 20, 33, 38, 2, 22, 39]
    PRED: [9, 24, 39, 25, 20, 37, 39, 35, 17, 39, 21, 5, 8, 39, 16, 22, 39, 16, 22, 27, 1, 29, 30, 39, 33, 20, 33, 38, 2, 22, 39]
    Edit distance: 9/34
  Sample 3:
    TRUE: [20, 3, 27, 17, 37, 39, 19, 0, 28, 30, 33, 21, 39, 22, 17, 8, 2, 8, 39, 6, 20, 1, 19, 39, 14, 20, 2, 34, 37, 39, 30, 33, 39, 6, 17, 39, 19, 2, 21, 26, 20, 17, 30, 20, 17, 39, 10, 20, 2, 14, 2, 22, 30, 39]
    PRED: [19, 27, 24, 25, 37, 11, 17, 39, 19, 5, 21, 39, 22, 12, 8, 2, 8, 39, 21, 1, 19, 39, 14, 20, 2, 34, 37, 39, 30, 33, 39, 6, 17, 39, 19, 2, 21, 26, 30, 20, 39, 1, 20, 2, 22, 8, 39]
    Edit distance: 20/54
  Sample 4:
    TRUE: [9, 2, 39, 30, 33, 31, 39, 13, 10, 27, 17, 39, 13, 11, 14, 0, 30, 39, 30, 33, 39, 19, 2, 21, 39, 35, 10, 22, 39, 27, 0, 18, 11, 37, 39, 30, 33, 31, 39, 13, 10, 20, 39, 4, 30, 39]
    PRED: [9, 2, 39, 36, 27, 33, 31, 30, 39, 13, 31, 12, 17, 17, 39, 13, 16, 17, 19, 0, 30, 39, 30, 33, 39, 28, 30, 2, 21, 39, 35, 2, 22, 39, 35, 11, 8, 11, 39, 9, 33, 31, 13, 39, 13, 5, 20, 39, 4, 30, 39]
    Edit distance: 19/46

============================================================
Batch 100000 | Val PER: 0.3247
============================================================
  Sample 0:
    TRUE: [31, 17, 0, 19, 27, 2, 28, 17, 39, 27, 17, 19, 2, 22, 28, 16, 8, 11, 8, 39]
    PRED: [9, 12, 0, 19, 28, 2, 28, 39, 8, 27, 16, 19, 12, 30, 8, 39]
    Edit distance: 12/20
  Sample 1:
    TRUE: [27, 16, 7, 39, 26, 11, 7, 2, 28, 30, 39, 28, 10, 34, 27, 2, 20, 39, 28, 5, 22, 8, 39, 20, 16, 31, 2, 14, 27, 1, 13, 28, 39]
    PRED: [27, 10, 30, 39, 26, 27, 11, 1, 7, 2, 37, 39, 28, 10, 34, 2, 11, 20, 39, 28, 5, 22, 8, 39, 20, 16, 2, 14, 5, 13, 28, 39]
    Edit distance: 11/33
  Sample 2:
    TRUE: [28, 24, 39, 27, 33, 20, 37, 39, 35, 17, 39, 21, 12, 8, 39, 16, 22, 39, 2, 22, 2, 6, 1, 29, 30, 39, 19, 2, 20, 33, 38, 2, 22, 39]
    PRED: [9, 28, 24, 39, 33, 25, 20, 37, 39, 35, 17, 39, 21, 12, 8, 39, 16, 22, 39, 16, 22, 27, 1, 29, 39, 28, 33, 20, 33, 38, 2, 22, 39]
    Edit distance: 9/34
  Sample 3:
    TRUE: [20, 3, 27, 17, 37, 39, 19, 0, 28, 30, 33, 21, 39, 22, 17, 8, 2, 8, 39, 6, 20, 1, 19, 39, 14, 20, 2, 34, 37, 39, 30, 33, 39, 6, 17, 39, 19, 2, 21, 26, 20, 17, 30, 20, 17, 39, 10, 20, 2, 14, 2, 22, 30, 39]
    PRED: [19, 27, 24, 25, 17, 39, 19, 5, 28, 21, 39, 22, 12, 8, 39, 21, 1, 19, 39, 14, 20, 2, 34, 37, 39, 30, 33, 39, 6, 17, 39, 19, 2, 26, 20, 11, 39, 20, 2, 10, 22, 8, 39]
    Edit distance: 22/54
  Sample 4:
    TRUE: [9, 2, 39, 30, 33, 31, 39, 13, 10, 27, 17, 39, 13, 11, 14, 0, 30, 39, 30, 33, 39, 19, 2, 21, 39, 35, 10, 22, 39, 27, 0, 18, 11, 37, 39, 30, 33, 31, 39, 13, 10, 20, 39, 4, 30, 39]
    PRED: [9, 2, 39, 36, 27, 33, 31, 30, 39, 13, 31, 12, 17, 17, 39, 13, 16, 17, 19, 0, 30, 39, 30, 33, 39, 28, 2, 21, 39, 35, 2, 22, 39, 27, 11, 8, 11, 39, 31, 9, 33, 31, 13, 39, 13, 5, 20, 39, 4, 30, 39]
    Edit distance: 18/46

============================================================
Batch 100500 | Val PER: 0.3209
============================================================
  Sample 0:
    TRUE: [31, 17, 0, 19, 27, 2, 28, 17, 39, 27, 17, 19, 2, 22, 28, 16, 8, 11, 8, 39]
    PRED: [9, 2, 0, 19, 28, 2, 28, 39, 8, 27, 16, 19, 2, 30, 8, 39]
    Edit distance: 11/20
  Sample 1:
    TRUE: [27, 16, 7, 39, 26, 11, 7, 2, 28, 30, 39, 28, 10, 34, 27, 2, 20, 39, 28, 5, 22, 8, 39, 20, 16, 31, 2, 14, 27, 1, 13, 28, 39]
    PRED: [27, 10, 30, 39, 26, 11, 7, 2, 37, 39, 10, 34, 11, 20, 39, 28, 5, 22, 8, 39, 20, 16, 2, 14, 5, 13, 28, 39]
    Edit distance: 10/33
  Sample 2:
    TRUE: [28, 24, 39, 27, 33, 20, 37, 39, 35, 17, 39, 21, 12, 8, 39, 16, 22, 39, 2, 22, 2, 6, 1, 29, 30, 39, 19, 2, 20, 33, 38, 2, 22, 39]
    PRED: [9, 24, 39, 33, 20, 37, 39, 35, 17, 39, 21, 12, 8, 39, 16, 22, 39, 0, 22, 27, 1, 29, 30, 39, 28, 19, 33, 20, 33, 38, 2, 22, 39]
    Edit distance: 7/34
  Sample 3:
    TRUE: [20, 3, 27, 17, 37, 39, 19, 0, 28, 30, 33, 21, 39, 22, 17, 8, 2, 8, 39, 6, 20, 1, 19, 39, 14, 20, 2, 34, 37, 39, 30, 33, 39, 6, 17, 39, 19, 2, 21, 26, 20, 17, 30, 20, 17, 39, 10, 20, 2, 14, 2, 22, 30, 39]
    PRED: [19, 27, 24, 11, 39, 19, 5, 28, 5, 21, 6, 21, 39, 22, 12, 8, 39, 21, 1, 19, 39, 14, 20, 16, 34, 39, 30, 33, 39, 6, 17, 39, 19, 2, 21, 26, 20, 11, 39, 1, 20, 2, 10, 2, 22, 8, 39]
    Edit distance: 22/54
  Sample 4:
    TRUE: [9, 2, 39, 30, 33, 31, 39, 13, 10, 27, 17, 39, 13, 11, 14, 0, 30, 39, 30, 33, 39, 19, 2, 21, 39, 35, 10, 22, 39, 27, 0, 18, 11, 37, 39, 30, 33, 31, 39, 13, 10, 20, 39, 4, 30, 39]
    PRED: [9, 2, 39, 36, 27, 33, 31, 28, 30, 39, 13, 12, 11, 39, 13, 16, 17, 19, 0, 30, 39, 30, 33, 39, 28, 30, 2, 21, 39, 35, 2, 22, 39, 35, 11, 8, 11, 39, 9, 33, 31, 13, 39, 13, 5, 20, 39, 4, 30, 39]
    Edit distance: 20/46

============================================================
Batch 101000 | Val PER: 0.3242
============================================================
  Sample 0:
    TRUE: [31, 17, 0, 19, 27, 2, 28, 17, 39, 27, 17, 19, 2, 22, 28, 16, 8, 11, 8, 39]
    PRED: [9, 2, 0, 19, 2, 28, 39, 8, 27, 16, 19, 2, 30, 8, 39]
    Edit distance: 11/20
  Sample 1:
    TRUE: [27, 16, 7, 39, 26, 11, 7, 2, 28, 30, 39, 28, 10, 34, 27, 2, 20, 39, 28, 5, 22, 8, 39, 20, 16, 31, 2, 14, 27, 1, 13, 28, 39]
    PRED: [27, 10, 30, 39, 26, 11, 1, 7, 2, 37, 39, 10, 34, 11, 20, 39, 28, 5, 22, 8, 39, 20, 16, 39, 9, 18, 5, 13, 28, 39]
    Edit distance: 13/33
  Sample 2:
    TRUE: [28, 24, 39, 27, 33, 20, 37, 39, 35, 17, 39, 21, 12, 8, 39, 16, 22, 39, 2, 22, 2, 6, 1, 29, 30, 39, 19, 2, 20, 33, 38, 2, 22, 39]
    PRED: [9, 24, 39, 33, 25, 20, 37, 39, 35, 17, 39, 21, 12, 8, 39, 16, 22, 39, 16, 22, 27, 1, 29, 30, 39, 19, 33, 20, 33, 38, 2, 22, 39]
    Edit distance: 7/34
  Sample 3:
    TRUE: [20, 3, 27, 17, 37, 39, 19, 0, 28, 30, 33, 21, 39, 22, 17, 8, 2, 8, 39, 6, 20, 1, 19, 39, 14, 20, 2, 34, 37, 39, 30, 33, 39, 6, 17, 39, 19, 2, 21, 26, 20, 17, 30, 20, 17, 39, 10, 20, 2, 14, 2, 22, 30, 39]
    PRED: [35, 24, 37, 17, 39, 19, 5, 28, 5, 2, 21, 39, 22, 12, 8, 39, 21, 1, 19, 39, 20, 2, 34, 37, 39, 30, 33, 39, 6, 17, 39, 19, 2, 21, 26, 20, 11, 39, 20, 2, 10, 8, 39]
    Edit distance: 22/54
  Sample 4:
    TRUE: [9, 2, 39, 30, 33, 31, 39, 13, 10, 27, 17, 39, 13, 11, 14, 0, 30, 39, 30, 33, 39, 19, 2, 21, 39, 35, 10, 22, 39, 27, 0, 18, 11, 37, 39, 30, 33, 31, 39, 13, 10, 20, 39, 4, 30, 39]
    PRED: [9, 2, 39, 36, 33, 31, 30, 39, 13, 12, 17, 11, 39, 13, 16, 19, 0, 30, 8, 39, 30, 33, 39, 28, 30, 2, 21, 39, 35, 2, 22, 39, 35, 11, 8, 11, 39, 9, 33, 31, 13, 39, 13, 5, 20, 39, 4, 30, 39]
    Edit distance: 18/46

============================================================
Batch 101500 | Val PER: 0.3237
============================================================
  Sample 0:
    TRUE: [31, 17, 0, 19, 27, 2, 28, 17, 39, 27, 17, 19, 2, 22, 28, 16, 8, 11, 8, 39]
    PRED: [9, 17, 0, 19, 28, 2, 28, 39, 8, 27, 16, 19, 28, 30, 8, 39]
    Edit distance: 10/20
  Sample 1:
    TRUE: [27, 16, 7, 39, 26, 11, 7, 2, 28, 30, 39, 28, 10, 34, 27, 2, 20, 39, 28, 5, 22, 8, 39, 20, 16, 31, 2, 14, 27, 1, 13, 28, 39]
    PRED: [10, 30, 39, 26, 11, 1, 28, 2, 37, 39, 10, 34, 11, 20, 39, 28, 5, 22, 8, 39, 20, 16, 9, 13, 28, 39]
    Edit distance: 15/33
  Sample 2:
    TRUE: [28, 24, 39, 27, 33, 20, 37, 39, 35, 17, 39, 21, 12, 8, 39, 16, 22, 39, 2, 22, 2, 6, 1, 29, 30, 39, 19, 2, 20, 33, 38, 2, 22, 39]
    PRED: [9, 24, 39, 25, 20, 37, 39, 35, 17, 39, 21, 10, 8, 39, 16, 22, 39, 0, 22, 27, 1, 29, 39, 28, 19, 33, 20, 33, 38, 2, 22, 39]
    Edit distance: 10/34
  Sample 3:
    TRUE: [20, 3, 27, 17, 37, 39, 19, 0, 28, 30, 33, 21, 39, 22, 17, 8, 2, 8, 39, 6, 20, 1, 19, 39, 14, 20, 2, 34, 37, 39, 30, 33, 39, 6, 17, 39, 19, 2, 21, 26, 20, 17, 30, 20, 17, 39, 10, 20, 2, 14, 2, 22, 30, 39]
    PRED: [19, 27, 24, 37, 11, 17, 39, 19, 5, 28, 5, 21, 39, 22, 12, 8, 39, 21, 1, 19, 39, 14, 20, 2, 34, 37, 39, 30, 33, 39, 6, 17, 39, 19, 2, 21, 26, 20, 39, 20, 2, 10, 2, 8, 39]
    Edit distance: 21/54
  Sample 4:
    TRUE: [9, 2, 39, 30, 33, 31, 39, 13, 10, 27, 17, 39, 13, 11, 14, 0, 30, 39, 30, 33, 39, 19, 2, 21, 39, 35, 10, 22, 39, 27, 0, 18, 11, 37, 39, 30, 33, 31, 39, 13, 10, 20, 39, 4, 30, 39]
    PRED: [9, 2, 39, 36, 27, 33, 31, 30, 39, 13, 12, 17, 17, 39, 13, 17, 19, 0, 30, 39, 30, 33, 39, 28, 2, 21, 39, 35, 2, 22, 39, 35, 11, 8, 11, 39, 9, 33, 31, 13, 39, 13, 5, 20, 39, 4, 30, 39]
    Edit distance: 16/46

============================================================
Batch 102000 | Val PER: 0.3262
============================================================
  Sample 0:
    TRUE: [31, 17, 0, 19, 27, 2, 28, 17, 39, 27, 17, 19, 2, 22, 28, 16, 8, 11, 8, 39]
    PRED: [9, 17, 0, 19, 28, 2, 28, 39, 8, 27, 17, 19, 30, 8, 39]
    Edit distance: 10/20
  Sample 1:
    TRUE: [27, 16, 7, 39, 26, 11, 7, 2, 28, 30, 39, 28, 10, 34, 27, 2, 20, 39, 28, 5, 22, 8, 39, 20, 16, 31, 2, 14, 27, 1, 13, 28, 39]
    PRED: [27, 10, 30, 39, 26, 11, 7, 2, 37, 39, 10, 34, 11, 20, 39, 28, 5, 22, 8, 39, 20, 16, 9, 13, 28, 39]
    Edit distance: 12/33
  Sample 2:
    TRUE: [28, 24, 39, 27, 33, 20, 37, 39, 35, 17, 39, 21, 12, 8, 39, 16, 22, 39, 2, 22, 2, 6, 1, 29, 30, 39, 19, 2, 20, 33, 38, 2, 22, 39]
    PRED: [9, 24, 39, 33, 20, 37, 39, 21, 17, 39, 21, 12, 8, 39, 16, 22, 39, 2, 22, 27, 1, 29, 30, 39, 33, 20, 33, 38, 2, 22, 39]
    Edit distance: 7/34
  Sample 3:
    TRUE: [20, 3, 27, 17, 37, 39, 19, 0, 28, 30, 33, 21, 39, 22, 17, 8, 2, 8, 39, 6, 20, 1, 19, 39, 14, 20, 2, 34, 37, 39, 30, 33, 39, 6, 17, 39, 19, 2, 21, 26, 20, 17, 30, 20, 17, 39, 10, 20, 2, 14, 2, 22, 30, 39]
    PRED: [19, 27, 24, 9, 11, 17, 39, 19, 5, 28, 5, 21, 39, 22, 12, 8, 39, 21, 1, 19, 39, 20, 2, 34, 37, 39, 30, 33, 39, 6, 17, 39, 19, 2, 21, 26, 20, 11, 39, 20, 2, 22, 8, 39]
    Edit distance: 23/54
  Sample 4:
    TRUE: [9, 2, 39, 30, 33, 31, 39, 13, 10, 27, 17, 39, 13, 11, 14, 0, 30, 39, 30, 33, 39, 19, 2, 21, 39, 35, 10, 22, 39, 27, 0, 18, 11, 37, 39, 30, 33, 31, 39, 13, 10, 20, 39, 4, 30, 39]
    PRED: [9, 2, 39, 36, 33, 31, 30, 39, 13, 12, 17, 39, 13, 16, 17, 19, 0, 30, 39, 30, 33, 39, 28, 30, 2, 21, 39, 35, 2, 22, 39, 35, 11, 8, 11, 39, 9, 33, 31, 13, 39, 13, 5, 20, 39, 4, 30, 39]
    Edit distance: 17/46

============================================================
Batch 102500 | Val PER: 0.3233
============================================================
  Sample 0:
    TRUE: [31, 17, 0, 19, 27, 2, 28, 17, 39, 27, 17, 19, 2, 22, 28, 16, 8, 11, 8, 39]
    PRED: [9, 17, 39, 0, 19, 28, 2, 28, 39, 8, 27, 16, 19, 30, 8, 39]
    Edit distance: 12/20
  Sample 1:
    TRUE: [27, 16, 7, 39, 26, 11, 7, 2, 28, 30, 39, 28, 10, 34, 27, 2, 20, 39, 28, 5, 22, 8, 39, 20, 16, 31, 2, 14, 27, 1, 13, 28, 39]
    PRED: [10, 30, 39, 26, 11, 1, 7, 2, 8, 37, 39, 10, 34, 11, 20, 39, 28, 5, 22, 8, 39, 20, 16, 14, 5, 13, 28, 39]
    Edit distance: 13/33
  Sample 2:
    TRUE: [28, 24, 39, 27, 33, 20, 37, 39, 35, 17, 39, 21, 12, 8, 39, 16, 22, 39, 2, 22, 2, 6, 1, 29, 30, 39, 19, 2, 20, 33, 38, 2, 22, 39]
    PRED: [9, 24, 39, 25, 20, 37, 39, 35, 17, 39, 21, 12, 8, 39, 16, 22, 39, 16, 22, 8, 27, 1, 29, 39, 19, 33, 20, 33, 38, 2, 22, 39]
    Edit distance: 8/34
  Sample 3:
    TRUE: [20, 3, 27, 17, 37, 39, 19, 0, 28, 30, 33, 21, 39, 22, 17, 8, 2, 8, 39, 6, 20, 1, 19, 39, 14, 20, 2, 34, 37, 39, 30, 33, 39, 6, 17, 39, 19, 2, 21, 26, 20, 17, 30, 20, 17, 39, 10, 20, 2, 14, 2, 22, 30, 39]
    PRED: [19, 27, 24, 37, 17, 39, 19, 5, 28, 5, 2, 21, 39, 22, 12, 8, 39, 21, 1, 19, 39, 14, 20, 2, 34, 37, 39, 30, 33, 39, 6, 17, 39, 19, 2, 21, 26, 20, 30, 11, 39, 1, 20, 2, 10, 2, 22, 8, 39]
    Edit distance: 18/54
  Sample 4:
    TRUE: [9, 2, 39, 30, 33, 31, 39, 13, 10, 27, 17, 39, 13, 11, 14, 0, 30, 39, 30, 33, 39, 19, 2, 21, 39, 35, 10, 22, 39, 27, 0, 18, 11, 37, 39, 30, 33, 31, 39, 13, 10, 20, 39, 4, 30, 39]
    PRED: [9, 2, 39, 36, 27, 33, 31, 30, 39, 13, 12, 17, 39, 13, 16, 17, 19, 0, 30, 39, 30, 33, 39, 28, 30, 2, 21, 39, 35, 2, 22, 39, 35, 11, 8, 11, 39, 31, 9, 33, 31, 13, 39, 13, 5, 20, 39, 4, 30, 39]
    Edit distance: 19/46

============================================================
Batch 103000 | Val PER: 0.3181
============================================================
  Sample 0:
    TRUE: [31, 17, 0, 19, 27, 2, 28, 17, 39, 27, 17, 19, 2, 22, 28, 16, 8, 11, 8, 39]
    PRED: [9, 1, 39, 0, 19, 28, 2, 28, 39, 8, 27, 16, 19, 12, 30, 8, 39]
    Edit distance: 13/20
  Sample 1:
    TRUE: [27, 16, 7, 39, 26, 11, 7, 2, 28, 30, 39, 28, 10, 34, 27, 2, 20, 39, 28, 5, 22, 8, 39, 20, 16, 31, 2, 14, 27, 1, 13, 28, 39]
    PRED: [27, 10, 30, 39, 26, 11, 7, 2, 37, 39, 10, 34, 11, 20, 39, 5, 22, 8, 39, 20, 16, 14, 5, 13, 39]
    Edit distance: 13/33
  Sample 2:
    TRUE: [28, 24, 39, 27, 33, 20, 37, 39, 35, 17, 39, 21, 12, 8, 39, 16, 22, 39, 2, 22, 2, 6, 1, 29, 30, 39, 19, 2, 20, 33, 38, 2, 22, 39]
    PRED: [9, 24, 39, 27, 25, 20, 24, 39, 21, 17, 39, 21, 12, 8, 39, 16, 22, 39, 16, 22, 8, 27, 1, 29, 39, 19, 33, 20, 33, 38, 2, 22, 39]
    Edit distance: 9/34
  Sample 3:
    TRUE: [20, 3, 27, 17, 37, 39, 19, 0, 28, 30, 33, 21, 39, 22, 17, 8, 2, 8, 39, 6, 20, 1, 19, 39, 14, 20, 2, 34, 37, 39, 30, 33, 39, 6, 17, 39, 19, 2, 21, 26, 20, 17, 30, 20, 17, 39, 10, 20, 2, 14, 2, 22, 30, 39]
    PRED: [19, 27, 24, 9, 11, 39, 19, 5, 28, 5, 2, 21, 2, 21, 39, 22, 12, 8, 39, 21, 0, 1, 19, 39, 14, 20, 2, 34, 37, 39, 30, 33, 39, 6, 17, 39, 19, 2, 21, 26, 20, 39, 1, 20, 2, 22, 8, 39]
    Edit distance: 23/54
  Sample 4:
    TRUE: [9, 2, 39, 30, 33, 31, 39, 13, 10, 27, 17, 39, 13, 11, 14, 0, 30, 39, 30, 33, 39, 19, 2, 21, 39, 35, 10, 22, 39, 27, 0, 18, 11, 37, 39, 30, 33, 31, 39, 13, 10, 20, 39, 4, 30, 39]
    PRED: [9, 2, 39, 36, 27, 33, 31, 30, 39, 13, 5, 17, 39, 13, 16, 3, 19, 0, 30, 39, 30, 33, 39, 28, 30, 2, 21, 39, 35, 2, 22, 39, 27, 11, 8, 11, 39, 9, 33, 31, 13, 39, 13, 5, 20, 4, 30, 39]
    Edit distance: 18/46

============================================================
Batch 103500 | Val PER: 0.3226
============================================================
  Sample 0:
    TRUE: [31, 17, 0, 19, 27, 2, 28, 17, 39, 27, 17, 19, 2, 22, 28, 16, 8, 11, 8, 39]
    PRED: [9, 39, 0, 19, 28, 2, 28, 39, 8, 27, 16, 19, 2, 30, 2, 8, 39]
    Edit distance: 11/20
  Sample 1:
    TRUE: [27, 16, 7, 39, 26, 11, 7, 2, 28, 30, 39, 28, 10, 34, 27, 2, 20, 39, 28, 5, 22, 8, 39, 20, 16, 31, 2, 14, 27, 1, 13, 28, 39]
    PRED: [27, 10, 30, 39, 26, 11, 7, 2, 37, 39, 10, 34, 2, 11, 20, 39, 28, 5, 22, 8, 30, 39, 20, 16, 9, 8, 13, 28, 39]
    Edit distance: 13/33
  Sample 2:
    TRUE: [28, 24, 39, 27, 33, 20, 37, 39, 35, 17, 39, 21, 12, 8, 39, 16, 22, 39, 2, 22, 2, 6, 1, 29, 30, 39, 19, 2, 20, 33, 38, 2, 22, 39]
    PRED: [9, 24, 39, 27, 25, 20, 24, 37, 39, 35, 17, 39, 21, 12, 8, 39, 16, 22, 39, 2, 22, 27, 1, 29, 30, 39, 33, 20, 33, 38, 2, 22, 39]
    Edit distance: 7/34
  Sample 3:
    TRUE: [20, 3, 27, 17, 37, 39, 19, 0, 28, 30, 33, 21, 39, 22, 17, 8, 2, 8, 39, 6, 20, 1, 19, 39, 14, 20, 2, 34, 37, 39, 30, 33, 39, 6, 17, 39, 19, 2, 21, 26, 20, 17, 30, 20, 17, 39, 10, 20, 2, 14, 2, 22, 30, 39]
    PRED: [19, 27, 24, 9, 11, 39, 19, 5, 28, 21, 6, 21, 39, 22, 12, 8, 2, 8, 39, 21, 2, 19, 39, 20, 2, 37, 39, 30, 33, 39, 6, 17, 39, 19, 2, 21, 26, 20, 30, 11, 39, 20, 2, 22, 8, 39]
    Edit distance: 21/54
  Sample 4:
    TRUE: [9, 2, 39, 30, 33, 31, 39, 13, 10, 27, 17, 39, 13, 11, 14, 0, 30, 39, 30, 33, 39, 19, 2, 21, 39, 35, 10, 22, 39, 27, 0, 18, 11, 37, 39, 30, 33, 31, 39, 13, 10, 20, 39, 4, 30, 39]
    PRED: [9, 2, 39, 36, 27, 33, 31, 30, 39, 13, 5, 17, 11, 39, 16, 17, 19, 0, 30, 2, 39, 30, 33, 39, 28, 30, 2, 21, 39, 35, 2, 22, 39, 35, 11, 8, 11, 39, 9, 33, 31, 13, 39, 13, 5, 20, 39, 4, 30, 39]
    Edit distance: 20/46

============================================================
Batch 104000 | Val PER: 0.3202
============================================================
  Sample 0:
    TRUE: [31, 17, 0, 19, 27, 2, 28, 17, 39, 27, 17, 19, 2, 22, 28, 16, 8, 11, 8, 39]
    PRED: [9, 0, 19, 28, 2, 28, 39, 8, 16, 22, 12, 30, 8, 39]
    Edit distance: 12/20
  Sample 1:
    TRUE: [27, 16, 7, 39, 26, 11, 7, 2, 28, 30, 39, 28, 10, 34, 27, 2, 20, 39, 28, 5, 22, 8, 39, 20, 16, 31, 2, 14, 27, 1, 13, 28, 39]
    PRED: [27, 10, 19, 30, 39, 26, 11, 1, 7, 2, 37, 39, 10, 34, 2, 11, 20, 39, 28, 5, 22, 8, 39, 20, 16, 9, 5, 13, 30, 28, 39]
    Edit distance: 15/33
  Sample 2:
    TRUE: [28, 24, 39, 27, 33, 20, 37, 39, 35, 17, 39, 21, 12, 8, 39, 16, 22, 39, 2, 22, 2, 6, 1, 29, 30, 39, 19, 2, 20, 33, 38, 2, 22, 39]
    PRED: [9, 24, 39, 27, 25, 20, 37, 39, 35, 17, 39, 21, 10, 8, 39, 16, 22, 39, 2, 22, 27, 1, 29, 30, 39, 33, 20, 33, 38, 2, 22, 39]
    Edit distance: 7/34
  Sample 3:
    TRUE: [20, 3, 27, 17, 37, 39, 19, 0, 28, 30, 33, 21, 39, 22, 17, 8, 2, 8, 39, 6, 20, 1, 19, 39, 14, 20, 2, 34, 37, 39, 30, 33, 39, 6, 17, 39, 19, 2, 21, 26, 20, 17, 30, 20, 17, 39, 10, 20, 2, 14, 2, 22, 30, 39]
    PRED: [19, 27, 24, 17, 39, 19, 5, 28, 5, 2, 21, 39, 22, 33, 8, 2, 8, 39, 21, 1, 19, 39, 14, 20, 2, 34, 37, 39, 30, 33, 39, 6, 17, 39, 19, 2, 21, 26, 20, 30, 11, 39, 20, 2, 10, 2, 22, 8, 39]
    Edit distance: 16/54
  Sample 4:
    TRUE: [9, 2, 39, 30, 33, 31, 39, 13, 10, 27, 17, 39, 13, 11, 14, 0, 30, 39, 30, 33, 39, 19, 2, 21, 39, 35, 10, 22, 39, 27, 0, 18, 11, 37, 39, 30, 33, 31, 39, 13, 10, 20, 39, 4, 30, 39]
    PRED: [9, 2, 39, 36, 27, 33, 31, 30, 39, 13, 5, 17, 11, 39, 13, 16, 3, 19, 0, 30, 39, 30, 33, 39, 28, 30, 2, 21, 39, 35, 2, 22, 39, 35, 11, 8, 11, 39, 31, 30, 33, 31, 13, 39, 13, 5, 20, 4, 30, 39]
    Edit distance: 20/46

============================================================
Batch 104500 | Val PER: 0.3242
============================================================
  Sample 0:
    TRUE: [31, 17, 0, 19, 27, 2, 28, 17, 39, 27, 17, 19, 2, 22, 28, 16, 8, 11, 8, 39]
    PRED: [9, 2, 39, 0, 19, 2, 28, 39, 8, 16, 22, 30, 8, 39]
    Edit distance: 13/20
  Sample 1:
    TRUE: [27, 16, 7, 39, 26, 11, 7, 2, 28, 30, 39, 28, 10, 34, 27, 2, 20, 39, 28, 5, 22, 8, 39, 20, 16, 31, 2, 14, 27, 1, 13, 28, 39]
    PRED: [27, 10, 30, 28, 30, 39, 26, 11, 1, 7, 2, 37, 39, 10, 34, 11, 20, 39, 28, 5, 22, 8, 39, 20, 16, 39, 9, 14, 18, 5, 13, 30, 28, 39]
    Edit distance: 15/33
  Sample 2:
    TRUE: [28, 24, 39, 27, 33, 20, 37, 39, 35, 17, 39, 21, 12, 8, 39, 16, 22, 39, 2, 22, 2, 6, 1, 29, 30, 39, 19, 2, 20, 33, 38, 2, 22, 39]
    PRED: [13, 28, 24, 39, 27, 25, 20, 37, 39, 35, 17, 39, 21, 12, 8, 39, 16, 22, 39, 0, 22, 27, 1, 29, 30, 39, 19, 33, 20, 33, 38, 2, 22, 39]
    Edit distance: 6/34
  Sample 3:
    TRUE: [20, 3, 27, 17, 37, 39, 19, 0, 28, 30, 33, 21, 39, 22, 17, 8, 2, 8, 39, 6, 20, 1, 19, 39, 14, 20, 2, 34, 37, 39, 30, 33, 39, 6, 17, 39, 19, 2, 21, 26, 20, 17, 30, 20, 17, 39, 10, 20, 2, 14, 2, 22, 30, 39]
    PRED: [19, 27, 24, 37, 11, 39, 19, 5, 28, 5, 21, 39, 22, 12, 8, 2, 8, 39, 21, 1, 19, 39, 14, 20, 2, 34, 37, 39, 30, 33, 39, 6, 17, 39, 19, 2, 21, 26, 20, 11, 39, 1, 20, 2, 10, 2, 22, 8, 39]
    Edit distance: 17/54
  Sample 4:
    TRUE: [9, 2, 39, 30, 33, 31, 39, 13, 10, 27, 17, 39, 13, 11, 14, 0, 30, 39, 30, 33, 39, 19, 2, 21, 39, 35, 10, 22, 39, 27, 0, 18, 11, 37, 39, 30, 33, 31, 39, 13, 10, 20, 39, 4, 30, 39]
    PRED: [9, 2, 39, 36, 33, 31, 30, 39, 5, 17, 11, 39, 16, 17, 19, 0, 30, 39, 30, 33, 39, 28, 30, 2, 21, 39, 35, 2, 22, 39, 35, 11, 8, 11, 39, 31, 30, 33, 31, 13, 39, 5, 20, 39, 4, 30, 39]
    Edit distance: 20/46

============================================================
Batch 105000 | Val PER: 0.3202
============================================================
  Sample 0:
    TRUE: [31, 17, 0, 19, 27, 2, 28, 17, 39, 27, 17, 19, 2, 22, 28, 16, 8, 11, 8, 39]
    PRED: [9, 12, 0, 19, 2, 28, 39, 27, 16, 30, 8, 39]
    Edit distance: 11/20
  Sample 1:
    TRUE: [27, 16, 7, 39, 26, 11, 7, 2, 28, 30, 39, 28, 10, 34, 27, 2, 20, 39, 28, 5, 22, 8, 39, 20, 16, 31, 2, 14, 27, 1, 13, 28, 39]
    PRED: [27, 10, 7, 30, 39, 26, 11, 7, 2, 37, 39, 10, 34, 2, 20, 39, 28, 5, 22, 8, 39, 20, 16, 9, 14, 18, 5, 13, 30, 28, 39]
    Edit distance: 11/33
  Sample 2:
    TRUE: [28, 24, 39, 27, 33, 20, 37, 39, 35, 17, 39, 21, 12, 8, 39, 16, 22, 39, 2, 22, 2, 6, 1, 29, 30, 39, 19, 2, 20, 33, 38, 2, 22, 39]
    PRED: [9, 24, 39, 25, 20, 37, 39, 35, 17, 39, 21, 12, 8, 39, 16, 22, 39, 2, 22, 27, 1, 10, 29, 30, 39, 33, 20, 33, 38, 2, 22, 39]
    Edit distance: 8/34
  Sample 3:
    TRUE: [20, 3, 27, 17, 37, 39, 19, 0, 28, 30, 33, 21, 39, 22, 17, 8, 2, 8, 39, 6, 20, 1, 19, 39, 14, 20, 2, 34, 37, 39, 30, 33, 39, 6, 17, 39, 19, 2, 21, 26, 20, 17, 30, 20, 17, 39, 10, 20, 2, 14, 2, 22, 30, 39]
    PRED: [19, 27, 24, 11, 39, 19, 5, 28, 5, 2, 21, 39, 22, 4, 8, 2, 8, 39, 21, 2, 19, 39, 14, 20, 2, 34, 37, 39, 30, 33, 39, 6, 17, 39, 19, 2, 21, 26, 20, 11, 39, 20, 2, 10, 2, 22, 8, 39]
    Edit distance: 18/54
  Sample 4:
    TRUE: [9, 2, 39, 30, 33, 31, 39, 13, 10, 27, 17, 39, 13, 11, 14, 0, 30, 39, 30, 33, 39, 19, 2, 21, 39, 35, 10, 22, 39, 27, 0, 18, 11, 37, 39, 30, 33, 31, 39, 13, 10, 20, 39, 4, 30, 39]
    PRED: [9, 2, 39, 36, 33, 31, 30, 39, 13, 5, 17, 17, 39, 13, 16, 17, 19, 30, 39, 30, 33, 39, 28, 30, 2, 21, 39, 35, 2, 22, 39, 35, 11, 8, 11, 39, 9, 33, 31, 13, 31, 39, 13, 5, 20, 4, 30, 39]
    Edit distance: 19/46

============================================================
Batch 105500 | Val PER: 0.3191
============================================================
  Sample 0:
    TRUE: [31, 17, 0, 19, 27, 2, 28, 17, 39, 27, 17, 19, 2, 22, 28, 16, 8, 11, 8, 39]
    PRED: [9, 0, 19, 2, 28, 39, 8, 16, 22, 28, 30, 2, 8, 39]
    Edit distance: 11/20
  Sample 1:
    TRUE: [27, 16, 7, 39, 26, 11, 7, 2, 28, 30, 39, 28, 10, 34, 27, 2, 20, 39, 28, 5, 22, 8, 39, 20, 16, 31, 2, 14, 27, 1, 13, 28, 39]
    PRED: [27, 10, 7, 30, 39, 26, 11, 7, 2, 37, 39, 28, 10, 34, 11, 20, 39, 28, 5, 22, 8, 39, 20, 16, 39, 9, 14, 18, 5, 13, 28, 39]
    Edit distance: 10/33
  Sample 2:
    TRUE: [28, 24, 39, 27, 33, 20, 37, 39, 35, 17, 39, 21, 12, 8, 39, 16, 22, 39, 2, 22, 2, 6, 1, 29, 30, 39, 19, 2, 20, 33, 38, 2, 22, 39]
    PRED: [13, 28, 24, 39, 27, 25, 20, 24, 39, 21, 17, 39, 21, 5, 8, 39, 16, 22, 39, 2, 22, 27, 2, 29, 39, 19, 33, 20, 33, 38, 2, 22, 39]
    Edit distance: 10/34
  Sample 3:
    TRUE: [20, 3, 27, 17, 37, 39, 19, 0, 28, 30, 33, 21, 39, 22, 17, 8, 2, 8, 39, 6, 20, 1, 19, 39, 14, 20, 2, 34, 37, 39, 30, 33, 39, 6, 17, 39, 19, 2, 21, 26, 20, 17, 30, 20, 17, 39, 10, 20, 2, 14, 2, 22, 30, 39]
    PRED: [19, 27, 24, 39, 19, 5, 28, 5, 24, 2, 21, 39, 22, 4, 8, 2, 8, 39, 21, 0, 2, 19, 39, 14, 20, 2, 34, 37, 39, 30, 33, 39, 6, 17, 39, 19, 2, 21, 26, 20, 11, 39, 20, 2, 22, 8, 39]
    Edit distance: 20/54
  Sample 4:
    TRUE: [9, 2, 39, 30, 33, 31, 39, 13, 10, 27, 17, 39, 13, 11, 14, 0, 30, 39, 30, 33, 39, 19, 2, 21, 39, 35, 10, 22, 39, 27, 0, 18, 11, 37, 39, 30, 33, 31, 39, 13, 10, 20, 39, 4, 30, 39]
    PRED: [9, 2, 39, 36, 33, 31, 30, 39, 13, 5, 17, 11, 39, 13, 16, 3, 19, 0, 30, 39, 30, 33, 39, 28, 30, 5, 21, 39, 35, 2, 22, 39, 35, 11, 8, 11, 39, 9, 33, 31, 13, 39, 13, 5, 20, 39, 4, 30, 39]
    Edit distance: 19/46

============================================================
Batch 106000 | Val PER: 0.3220
============================================================
  Sample 0:
    TRUE: [31, 17, 0, 19, 27, 2, 28, 17, 39, 27, 17, 19, 2, 22, 28, 16, 8, 11, 8, 39]
    PRED: [9, 12, 0, 19, 28, 2, 28, 39, 8, 16, 28, 30, 2, 8, 39]
    Edit distance: 12/20
  Sample 1:
    TRUE: [27, 16, 7, 39, 26, 11, 7, 2, 28, 30, 39, 28, 10, 34, 27, 2, 20, 39, 28, 5, 22, 8, 39, 20, 16, 31, 2, 14, 27, 1, 13, 28, 39]
    PRED: [27, 10, 30, 28, 30, 39, 26, 11, 1, 7, 2, 37, 39, 10, 34, 11, 20, 39, 28, 5, 22, 39, 20, 16, 18, 5, 13, 28, 39]
    Edit distance: 16/33
  Sample 2:
    TRUE: [28, 24, 39, 27, 33, 20, 37, 39, 35, 17, 39, 21, 12, 8, 39, 16, 22, 39, 2, 22, 2, 6, 1, 29, 30, 39, 19, 2, 20, 33, 38, 2, 22, 39]
    PRED: [13, 9, 24, 39, 33, 25, 20, 37, 39, 35, 17, 39, 21, 12, 8, 39, 16, 22, 39, 16, 22, 1, 29, 30, 39, 19, 33, 20, 33, 38, 2, 22, 39]
    Edit distance: 8/34
  Sample 3:
    TRUE: [20, 3, 27, 17, 37, 39, 19, 0, 28, 30, 33, 21, 39, 22, 17, 8, 2, 8, 39, 6, 20, 1, 19, 39, 14, 20, 2, 34, 37, 39, 30, 33, 39, 6, 17, 39, 19, 2, 21, 26, 20, 17, 30, 20, 17, 39, 10, 20, 2, 14, 2, 22, 30, 39]
    PRED: [19, 27, 24, 9, 11, 39, 19, 5, 28, 5, 21, 2, 21, 39, 22, 10, 8, 2, 8, 39, 21, 27, 1, 19, 39, 14, 20, 2, 34, 37, 39, 30, 33, 39, 6, 17, 39, 19, 2, 21, 26, 20, 11, 39, 4, 20, 2, 22, 8, 39]
    Edit distance: 20/54
  Sample 4:
    TRUE: [9, 2, 39, 30, 33, 31, 39, 13, 10, 27, 17, 39, 13, 11, 14, 0, 30, 39, 30, 33, 39, 19, 2, 21, 39, 35, 10, 22, 39, 27, 0, 18, 11, 37, 39, 30, 33, 31, 39, 13, 10, 20, 39, 4, 30, 39]
    PRED: [9, 2, 39, 36, 33, 31, 30, 39, 13, 5, 17, 11, 39, 13, 16, 17, 19, 0, 30, 2, 39, 30, 33, 39, 28, 30, 2, 21, 39, 35, 2, 22, 39, 35, 11, 8, 11, 39, 36, 9, 33, 31, 13, 39, 13, 5, 20, 39, 4, 30, 39]
    Edit distance: 20/46

============================================================
Batch 106500 | Val PER: 0.3215
============================================================
  Sample 0:
    TRUE: [31, 17, 0, 19, 27, 2, 28, 17, 39, 27, 17, 19, 2, 22, 28, 16, 8, 11, 8, 39]
    PRED: [9, 16, 12, 0, 19, 28, 2, 28, 39, 8, 27, 16, 30, 2, 8, 39]
    Edit distance: 13/20
  Sample 1:
    TRUE: [27, 16, 7, 39, 26, 11, 7, 2, 28, 30, 39, 28, 10, 34, 27, 2, 20, 39, 28, 5, 22, 8, 39, 20, 16, 31, 2, 14, 27, 1, 13, 28, 39]
    PRED: [27, 10, 7, 28, 30, 39, 26, 11, 7, 2, 37, 39, 10, 34, 11, 20, 39, 28, 5, 22, 39, 20, 16, 39, 18, 13, 30, 28, 39]
    Edit distance: 15/33
  Sample 2:
    TRUE: [28, 24, 39, 27, 33, 20, 37, 39, 35, 17, 39, 21, 12, 8, 39, 16, 22, 39, 2, 22, 2, 6, 1, 29, 30, 39, 19, 2, 20, 33, 38, 2, 22, 39]
    PRED: [9, 24, 39, 25, 20, 37, 39, 35, 17, 39, 21, 5, 8, 39, 16, 22, 39, 2, 22, 27, 1, 29, 30, 39, 33, 20, 33, 38, 2, 22, 39]
    Edit distance: 8/34
  Sample 3:
    TRUE: [20, 3, 27, 17, 37, 39, 19, 0, 28, 30, 33, 21, 39, 22, 17, 8, 2, 8, 39, 6, 20, 1, 19, 39, 14, 20, 2, 34, 37, 39, 30, 33, 39, 6, 17, 39, 19, 2, 21, 26, 20, 17, 30, 20, 17, 39, 10, 20, 2, 14, 2, 22, 30, 39]
    PRED: [19, 27, 24, 11, 17, 39, 19, 5, 28, 5, 21, 2, 21, 39, 22, 4, 8, 39, 21, 1, 19, 39, 14, 27, 2, 37, 39, 30, 33, 39, 6, 17, 33, 39, 19, 2, 21, 26, 20, 11, 39, 4, 1, 20, 2, 22, 8, 39]
    Edit distance: 26/54
  Sample 4:
    TRUE: [9, 2, 39, 30, 33, 31, 39, 13, 10, 27, 17, 39, 13, 11, 14, 0, 30, 39, 30, 33, 39, 19, 2, 21, 39, 35, 10, 22, 39, 27, 0, 18, 11, 37, 39, 30, 33, 31, 39, 13, 10, 20, 39, 4, 30, 39]
    PRED: [9, 2, 39, 36, 33, 31, 30, 39, 13, 5, 11, 39, 13, 16, 3, 19, 0, 30, 39, 30, 33, 39, 28, 30, 2, 21, 39, 35, 2, 22, 39, 35, 11, 8, 11, 39, 9, 33, 31, 13, 39, 13, 5, 20, 39, 4, 30, 39]
    Edit distance: 18/46

============================================================
Batch 107000 | Val PER: 0.3191
============================================================
  Sample 0:
    TRUE: [31, 17, 0, 19, 27, 2, 28, 17, 39, 27, 17, 19, 2, 22, 28, 16, 8, 11, 8, 39]
    PRED: [9, 12, 39, 0, 19, 19, 2, 28, 39, 8, 16, 30, 30, 8, 39]
    Edit distance: 13/20
  Sample 1:
    TRUE: [27, 16, 7, 39, 26, 11, 7, 2, 28, 30, 39, 28, 10, 34, 27, 2, 20, 39, 28, 5, 22, 8, 39, 20, 16, 31, 2, 14, 27, 1, 13, 28, 39]
    PRED: [27, 10, 7, 30, 39, 26, 11, 1, 7, 2, 37, 39, 10, 34, 2, 20, 39, 5, 22, 8, 30, 39, 20, 16, 39, 14, 18, 5, 13, 30, 39]
    Edit distance: 14/33
  Sample 2:
    TRUE: [28, 24, 39, 27, 33, 20, 37, 39, 35, 17, 39, 21, 12, 8, 39, 16, 22, 39, 2, 22, 2, 6, 1, 29, 30, 39, 19, 2, 20, 33, 38, 2, 22, 39]
    PRED: [13, 9, 24, 39, 25, 20, 24, 39, 35, 17, 39, 21, 12, 8, 39, 16, 22, 39, 2, 22, 27, 1, 29, 30, 39, 19, 33, 20, 33, 38, 2, 22, 39]
    Edit distance: 8/34
  Sample 3:
    TRUE: [20, 3, 27, 17, 37, 39, 19, 0, 28, 30, 33, 21, 39, 22, 17, 8, 2, 8, 39, 6, 20, 1, 19, 39, 14, 20, 2, 34, 37, 39, 30, 33, 39, 6, 17, 39, 19, 2, 21, 26, 20, 17, 30, 20, 17, 39, 10, 20, 2, 14, 2, 22, 30, 39]
    PRED: [19, 27, 24, 17, 39, 19, 5, 28, 30, 5, 21, 6, 21, 39, 22, 4, 8, 2, 8, 39, 21, 1, 19, 39, 14, 20, 2, 34, 37, 39, 30, 33, 39, 6, 17, 39, 19, 2, 21, 26, 20, 30, 39, 4, 20, 2, 22, 8, 39]
    Edit distance: 18/54
  Sample 4:
    TRUE: [9, 2, 39, 30, 33, 31, 39, 13, 10, 27, 17, 39, 13, 11, 14, 0, 30, 39, 30, 33, 39, 19, 2, 21, 39, 35, 10, 22, 39, 27, 0, 18, 11, 37, 39, 30, 33, 31, 39, 13, 10, 20, 39, 4, 30, 39]
    PRED: [9, 2, 39, 36, 33, 31, 30, 39, 13, 5, 17, 11, 39, 13, 16, 3, 19, 0, 30, 39, 30, 33, 39, 28, 30, 2, 21, 39, 35, 2, 22, 39, 35, 11, 8, 11, 39, 9, 33, 31, 13, 39, 13, 5, 20, 39, 4, 30, 39]
    Edit distance: 18/46

============================================================
Batch 107500 | Val PER: 0.3174
============================================================
  Sample 0:
    TRUE: [31, 17, 0, 19, 27, 2, 28, 17, 39, 27, 17, 19, 2, 22, 28, 16, 8, 11, 8, 39]
    PRED: [9, 12, 39, 0, 19, 28, 2, 28, 39, 8, 16, 2, 30, 2, 8, 39]
    Edit distance: 13/20
  Sample 1:
    TRUE: [27, 16, 7, 39, 26, 11, 7, 2, 28, 30, 39, 28, 10, 34, 27, 2, 20, 39, 28, 5, 22, 8, 39, 20, 16, 31, 2, 14, 27, 1, 13, 28, 39]
    PRED: [27, 10, 7, 30, 39, 26, 27, 11, 7, 2, 37, 39, 10, 34, 2, 20, 39, 5, 22, 8, 39, 20, 16, 30, 8, 13, 30, 39]
    Edit distance: 14/33
  Sample 2:
    TRUE: [28, 24, 39, 27, 33, 20, 37, 39, 35, 17, 39, 21, 12, 8, 39, 16, 22, 39, 2, 22, 2, 6, 1, 29, 30, 39, 19, 2, 20, 33, 38, 2, 22, 39]
    PRED: [9, 24, 39, 27, 25, 20, 37, 39, 21, 17, 39, 21, 12, 8, 39, 16, 22, 39, 2, 22, 27, 1, 29, 30, 39, 19, 33, 20, 33, 38, 2, 22, 39]
    Edit distance: 6/34
  Sample 3:
    TRUE: [20, 3, 27, 17, 37, 39, 19, 0, 28, 30, 33, 21, 39, 22, 17, 8, 2, 8, 39, 6, 20, 1, 19, 39, 14, 20, 2, 34, 37, 39, 30, 33, 39, 6, 17, 39, 19, 2, 21, 26, 20, 17, 30, 20, 17, 39, 10, 20, 2, 14, 2, 22, 30, 39]
    PRED: [19, 27, 24, 11, 39, 19, 5, 28, 5, 21, 39, 22, 4, 8, 2, 8, 39, 21, 1, 19, 39, 14, 20, 2, 37, 39, 30, 33, 39, 6, 17, 39, 19, 2, 21, 26, 20, 11, 39, 1, 20, 2, 22, 8, 39]
    Edit distance: 19/54
  Sample 4:
    TRUE: [9, 2, 39, 30, 33, 31, 39, 13, 10, 27, 17, 39, 13, 11, 14, 0, 30, 39, 30, 33, 39, 19, 2, 21, 39, 35, 10, 22, 39, 27, 0, 18, 11, 37, 39, 30, 33, 31, 39, 13, 10, 20, 39, 4, 30, 39]
    PRED: [9, 2, 39, 36, 27, 33, 31, 30, 39, 13, 5, 11, 39, 13, 16, 3, 19, 0, 39, 30, 33, 39, 28, 30, 2, 21, 39, 35, 2, 22, 39, 35, 11, 8, 11, 39, 9, 33, 31, 13, 39, 13, 5, 20, 39, 4, 30, 39]
    Edit distance: 20/46

============================================================
Batch 108000 | Val PER: 0.3186
============================================================
  Sample 0:
    TRUE: [31, 17, 0, 19, 27, 2, 28, 17, 39, 27, 17, 19, 2, 22, 28, 16, 8, 11, 8, 39]
    PRED: [9, 0, 19, 28, 2, 28, 39, 8, 16, 19, 30, 2, 30, 2, 8, 39]
    Edit distance: 12/20
  Sample 1:
    TRUE: [27, 16, 7, 39, 26, 11, 7, 2, 28, 30, 39, 28, 10, 34, 27, 2, 20, 39, 28, 5, 22, 8, 39, 20, 16, 31, 2, 14, 27, 1, 13, 28, 39]
    PRED: [27, 10, 7, 30, 39, 26, 11, 25, 7, 2, 37, 39, 10, 34, 11, 20, 39, 28, 5, 22, 30, 39, 20, 16, 14, 18, 13, 30, 39]
    Edit distance: 14/33
  Sample 2:
    TRUE: [28, 24, 39, 27, 33, 20, 37, 39, 35, 17, 39, 21, 12, 8, 39, 16, 22, 39, 2, 22, 2, 6, 1, 29, 30, 39, 19, 2, 20, 33, 38, 2, 22, 39]
    PRED: [13, 28, 24, 39, 35, 25, 20, 37, 39, 35, 17, 39, 21, 5, 8, 39, 16, 22, 39, 2, 22, 8, 27, 1, 29, 30, 39, 33, 20, 33, 38, 2, 22, 39]
    Edit distance: 8/34
  Sample 3:
    TRUE: [20, 3, 27, 17, 37, 39, 19, 0, 28, 30, 33, 21, 39, 22, 17, 8, 2, 8, 39, 6, 20, 1, 19, 39, 14, 20, 2, 34, 37, 39, 30, 33, 39, 6, 17, 39, 19, 2, 21, 26, 20, 17, 30, 20, 17, 39, 10, 20, 2, 14, 2, 22, 30, 39]
    PRED: [19, 27, 24, 11, 39, 19, 5, 28, 21, 2, 21, 39, 22, 4, 8, 2, 8, 39, 21, 1, 19, 39, 14, 20, 2, 34, 37, 39, 30, 33, 39, 6, 17, 39, 19, 2, 21, 26, 20, 30, 39, 1, 20, 2, 22, 39]
    Edit distance: 17/54
  Sample 4:
    TRUE: [9, 2, 39, 30, 33, 31, 39, 13, 10, 27, 17, 39, 13, 11, 14, 0, 30, 39, 30, 33, 39, 19, 2, 21, 39, 35, 10, 22, 39, 27, 0, 18, 11, 37, 39, 30, 33, 31, 39, 13, 10, 20, 39, 4, 30, 39]
    PRED: [9, 2, 39, 36, 33, 31, 30, 39, 5, 17, 11, 39, 13, 3, 19, 0, 30, 39, 30, 33, 39, 28, 30, 2, 21, 39, 35, 2, 22, 39, 35, 11, 8, 11, 39, 9, 33, 31, 13, 39, 13, 5, 20, 39, 4, 30, 39]
    Edit distance: 18/46

============================================================
Batch 108500 | Val PER: 0.3174
============================================================
  Sample 0:
    TRUE: [31, 17, 0, 19, 27, 2, 28, 17, 39, 27, 17, 19, 2, 22, 28, 16, 8, 11, 8, 39]
    PRED: [9, 1, 39, 0, 19, 28, 2, 28, 39, 27, 16, 30, 8, 39]
    Edit distance: 12/20
  Sample 1:
    TRUE: [27, 16, 7, 39, 26, 11, 7, 2, 28, 30, 39, 28, 10, 34, 27, 2, 20, 39, 28, 5, 22, 8, 39, 20, 16, 31, 2, 14, 27, 1, 13, 28, 39]
    PRED: [27, 10, 7, 30, 39, 26, 11, 7, 2, 37, 39, 10, 34, 2, 20, 39, 5, 22, 8, 39, 19, 16, 14, 18, 5, 13, 30, 39]
    Edit distance: 13/33
  Sample 2:
    TRUE: [28, 24, 39, 27, 33, 20, 37, 39, 35, 17, 39, 21, 12, 8, 39, 16, 22, 39, 2, 22, 2, 6, 1, 29, 30, 39, 19, 2, 20, 33, 38, 2, 22, 39]
    PRED: [13, 9, 24, 39, 25, 20, 37, 39, 21, 17, 39, 21, 12, 8, 39, 16, 22, 39, 0, 22, 8, 1, 29, 30, 39, 19, 33, 20, 33, 38, 2, 22, 39]
    Edit distance: 9/34
  Sample 3:
    TRUE: [20, 3, 27, 17, 37, 39, 19, 0, 28, 30, 33, 21, 39, 22, 17, 8, 2, 8, 39, 6, 20, 1, 19, 39, 14, 20, 2, 34, 37, 39, 30, 33, 39, 6, 17, 39, 19, 2, 21, 26, 20, 17, 30, 20, 17, 39, 10, 20, 2, 14, 2, 22, 30, 39]
    PRED: [19, 27, 24, 37, 11, 39, 19, 5, 28, 21, 2, 21, 39, 22, 4, 8, 2, 8, 39, 21, 27, 1, 19, 39, 14, 20, 2, 34, 37, 39, 30, 33, 39, 6, 17, 39, 19, 2, 21, 26, 30, 20, 30, 11, 39, 1, 20, 2, 22, 8, 39]
    Edit distance: 18/54
  Sample 4:
    TRUE: [9, 2, 39, 30, 33, 31, 39, 13, 10, 27, 17, 39, 13, 11, 14, 0, 30, 39, 30, 33, 39, 19, 2, 21, 39, 35, 10, 22, 39, 27, 0, 18, 11, 37, 39, 30, 33, 31, 39, 13, 10, 20, 39, 4, 30, 39]
    PRED: [9, 2, 39, 36, 27, 33, 31, 30, 39, 5, 11, 39, 16, 17, 19, 0, 30, 8, 39, 30, 33, 39, 28, 30, 2, 21, 39, 35, 2, 22, 39, 35, 11, 8, 11, 39, 9, 33, 31, 13, 31, 39, 13, 5, 20, 39, 4, 30, 39]
    Edit distance: 22/46

============================================================
Batch 109000 | Val PER: 0.3180
============================================================
  Sample 0:
    TRUE: [31, 17, 0, 19, 27, 2, 28, 17, 39, 27, 17, 19, 2, 22, 28, 16, 8, 11, 8, 39]
    PRED: [9, 1, 0, 19, 2, 28, 39, 8, 16, 2, 30, 8, 39]
    Edit distance: 12/20
  Sample 1:
    TRUE: [27, 16, 7, 39, 26, 11, 7, 2, 28, 30, 39, 28, 10, 34, 27, 2, 20, 39, 28, 5, 22, 8, 39, 20, 16, 31, 2, 14, 27, 1, 13, 28, 39]
    PRED: [27, 10, 30, 39, 26, 11, 7, 2, 37, 39, 10, 34, 11, 20, 39, 28, 5, 22, 8, 30, 39, 20, 16, 14, 5, 13, 30, 39]
    Edit distance: 13/33
  Sample 2:
    TRUE: [28, 24, 39, 27, 33, 20, 37, 39, 35, 17, 39, 21, 12, 8, 39, 16, 22, 39, 2, 22, 2, 6, 1, 29, 30, 39, 19, 2, 20, 33, 38, 2, 22, 39]
    PRED: [13, 9, 24, 39, 25, 20, 37, 39, 21, 17, 39, 21, 12, 8, 39, 16, 22, 39, 2, 22, 8, 27, 1, 29, 30, 39, 19, 20, 33, 38, 2, 22, 39]
    Edit distance: 8/34
  Sample 3:
    TRUE: [20, 3, 27, 17, 37, 39, 19, 0, 28, 30, 33, 21, 39, 22, 17, 8, 2, 8, 39, 6, 20, 1, 19, 39, 14, 20, 2, 34, 37, 39, 30, 33, 39, 6, 17, 39, 19, 2, 21, 26, 20, 17, 30, 20, 17, 39, 10, 20, 2, 14, 2, 22, 30, 39]
    PRED: [19, 27, 24, 39, 19, 5, 28, 5, 21, 39, 22, 4, 8, 2, 8, 39, 21, 27, 1, 19, 39, 14, 20, 2, 34, 37, 39, 30, 33, 39, 6, 17, 39, 19, 2, 21, 26, 20, 11, 39, 5, 1, 20, 2, 8, 39]
    Edit distance: 20/54
  Sample 4:
    TRUE: [9, 2, 39, 30, 33, 31, 39, 13, 10, 27, 17, 39, 13, 11, 14, 0, 30, 39, 30, 33, 39, 19, 2, 21, 39, 35, 10, 22, 39, 27, 0, 18, 11, 37, 39, 30, 33, 31, 39, 13, 10, 20, 39, 4, 30, 39]
    PRED: [9, 2, 39, 27, 33, 31, 30, 39, 5, 17, 11, 39, 16, 17, 19, 0, 30, 8, 39, 30, 33, 39, 28, 30, 2, 21, 39, 35, 2, 22, 39, 35, 11, 8, 11, 39, 9, 33, 31, 13, 39, 13, 5, 20, 39, 4, 30, 39]
    Edit distance: 20/46

============================================================
Batch 109500 | Val PER: 0.3198
============================================================
  Sample 0:
    TRUE: [31, 17, 0, 19, 27, 2, 28, 17, 39, 27, 17, 19, 2, 22, 28, 16, 8, 11, 8, 39]
    PRED: [9, 16, 39, 0, 19, 2, 28, 39, 8, 16, 22, 2, 30, 8, 39]
    Edit distance: 13/20
  Sample 1:
    TRUE: [27, 16, 7, 39, 26, 11, 7, 2, 28, 30, 39, 28, 10, 34, 27, 2, 20, 39, 28, 5, 22, 8, 39, 20, 16, 31, 2, 14, 27, 1, 13, 28, 39]
    PRED: [27, 10, 19, 28, 30, 39, 26, 11, 1, 7, 2, 37, 39, 10, 34, 2, 20, 39, 5, 22, 30, 39, 20, 16, 2, 14, 5, 13, 30, 39]
    Edit distance: 15/33
  Sample 2:
    TRUE: [28, 24, 39, 27, 33, 20, 37, 39, 35, 17, 39, 21, 12, 8, 39, 16, 22, 39, 2, 22, 2, 6, 1, 29, 30, 39, 19, 2, 20, 33, 38, 2, 22, 39]
    PRED: [9, 24, 39, 33, 25, 20, 37, 39, 35, 17, 39, 21, 12, 8, 39, 16, 22, 39, 2, 22, 8, 27, 1, 29, 30, 39, 19, 33, 20, 33, 38, 2, 22, 39]
    Edit distance: 6/34
  Sample 3:
    TRUE: [20, 3, 27, 17, 37, 39, 19, 0, 28, 30, 33, 21, 39, 22, 17, 8, 2, 8, 39, 6, 20, 1, 19, 39, 14, 20, 2, 34, 37, 39, 30, 33, 39, 6, 17, 39, 19, 2, 21, 26, 20, 17, 30, 20, 17, 39, 10, 20, 2, 14, 2, 22, 30, 39]
    PRED: [19, 27, 24, 39, 19, 5, 28, 5, 21, 2, 21, 39, 22, 4, 8, 2, 8, 39, 21, 1, 19, 39, 14, 20, 2, 37, 39, 30, 33, 39, 6, 17, 39, 19, 2, 21, 26, 20, 30, 39, 1, 20, 2, 22, 39]
    Edit distance: 19/54
  Sample 4:
    TRUE: [9, 2, 39, 30, 33, 31, 39, 13, 10, 27, 17, 39, 13, 11, 14, 0, 30, 39, 30, 33, 39, 19, 2, 21, 39, 35, 10, 22, 39, 27, 0, 18, 11, 37, 39, 30, 33, 31, 39, 13, 10, 20, 39, 4, 30, 39]
    PRED: [9, 2, 39, 27, 33, 31, 30, 39, 5, 11, 39, 16, 3, 19, 0, 30, 39, 30, 33, 39, 28, 30, 2, 21, 39, 35, 2, 22, 39, 35, 11, 8, 11, 39, 9, 33, 31, 13, 39, 13, 5, 20, 39, 4, 30, 39]
    Edit distance: 19/46

============================================================
Batch 110000 | Val PER: 0.3219
============================================================
  Sample 0:
    TRUE: [31, 17, 0, 19, 27, 2, 28, 17, 39, 27, 17, 19, 2, 22, 28, 16, 8, 11, 8, 39]
    PRED: [9, 0, 19, 30, 28, 2, 28, 39, 8, 16, 22, 2, 30, 8, 39]
    Edit distance: 13/20
  Sample 1:
    TRUE: [27, 16, 7, 39, 26, 11, 7, 2, 28, 30, 39, 28, 10, 34, 27, 2, 20, 39, 28, 5, 22, 8, 39, 20, 16, 31, 2, 14, 27, 1, 13, 28, 39]
    PRED: [27, 10, 7, 28, 30, 39, 26, 11, 7, 2, 37, 39, 10, 34, 2, 20, 39, 28, 5, 22, 8, 30, 39, 20, 16, 2, 14, 5, 13, 30, 39]
    Edit distance: 12/33
  Sample 2:
    TRUE: [28, 24, 39, 27, 33, 20, 37, 39, 35, 17, 39, 21, 12, 8, 39, 16, 22, 39, 2, 22, 2, 6, 1, 29, 30, 39, 19, 2, 20, 33, 38, 2, 22, 39]
    PRED: [9, 24, 39, 27, 25, 20, 24, 37, 39, 21, 17, 39, 21, 12, 8, 39, 16, 22, 39, 2, 22, 8, 27, 1, 29, 30, 39, 19, 24, 20, 33, 38, 2, 22, 39]
    Edit distance: 7/34
  Sample 3:
    TRUE: [20, 3, 27, 17, 37, 39, 19, 0, 28, 30, 33, 21, 39, 22, 17, 8, 2, 8, 39, 6, 20, 1, 19, 39, 14, 20, 2, 34, 37, 39, 30, 33, 39, 6, 17, 39, 19, 2, 21, 26, 20, 17, 30, 20, 17, 39, 10, 20, 2, 14, 2, 22, 30, 39]
    PRED: [19, 27, 24, 17, 39, 19, 5, 28, 5, 21, 2, 21, 39, 22, 4, 30, 2, 8, 39, 21, 27, 1, 19, 39, 14, 20, 2, 37, 39, 30, 33, 39, 6, 17, 39, 19, 2, 21, 26, 20, 2, 30, 11, 39, 1, 20, 2, 22, 8, 39]
    Edit distance: 20/54
  Sample 4:
    TRUE: [9, 2, 39, 30, 33, 31, 39, 13, 10, 27, 17, 39, 13, 11, 14, 0, 30, 39, 30, 33, 39, 19, 2, 21, 39, 35, 10, 22, 39, 27, 0, 18, 11, 37, 39, 30, 33, 31, 39, 13, 10, 20, 39, 4, 30, 39]
    PRED: [9, 2, 39, 36, 27, 33, 31, 30, 39, 5, 11, 39, 13, 16, 19, 0, 30, 8, 39, 30, 33, 39, 28, 30, 2, 21, 39, 35, 2, 22, 39, 35, 11, 18, 11, 39, 9, 33, 31, 13, 39, 13, 5, 20, 39, 4, 30, 39]
    Edit distance: 19/46

============================================================
Batch 110500 | Val PER: 0.3180
============================================================
  Sample 0:
    TRUE: [31, 17, 0, 19, 27, 2, 28, 17, 39, 27, 17, 19, 2, 22, 28, 16, 8, 11, 8, 39]
    PRED: [9, 12, 39, 0, 19, 28, 2, 28, 39, 8, 27, 16, 22, 2, 30, 8, 39]
    Edit distance: 13/20
  Sample 1:
    TRUE: [27, 16, 7, 39, 26, 11, 7, 2, 28, 30, 39, 28, 10, 34, 27, 2, 20, 39, 28, 5, 22, 8, 39, 20, 16, 31, 2, 14, 27, 1, 13, 28, 39]
    PRED: [27, 10, 7, 28, 30, 39, 26, 11, 25, 7, 2, 37, 39, 28, 10, 34, 11, 20, 39, 28, 5, 22, 8, 39, 20, 16, 14, 5, 13, 28, 39]
    Edit distance: 12/33
  Sample 2:
    TRUE: [28, 24, 39, 27, 33, 20, 37, 39, 35, 17, 39, 21, 12, 8, 39, 16, 22, 39, 2, 22, 2, 6, 1, 29, 30, 39, 19, 2, 20, 33, 38, 2, 22, 39]
    PRED: [9, 24, 39, 27, 25, 20, 37, 39, 35, 17, 39, 21, 5, 8, 39, 16, 22, 39, 0, 22, 8, 27, 1, 29, 30, 39, 28, 19, 33, 20, 33, 38, 2, 22, 39]
    Edit distance: 8/34
  Sample 3:
    TRUE: [20, 3, 27, 17, 37, 39, 19, 0, 28, 30, 33, 21, 39, 22, 17, 8, 2, 8, 39, 6, 20, 1, 19, 39, 14, 20, 2, 34, 37, 39, 30, 33, 39, 6, 17, 39, 19, 2, 21, 26, 20, 17, 30, 20, 17, 39, 10, 20, 2, 14, 2, 22, 30, 39]
    PRED: [19, 27, 24, 39, 19, 5, 28, 5, 24, 21, 6, 21, 39, 22, 4, 8, 39, 21, 1, 19, 39, 14, 20, 2, 34, 37, 39, 30, 33, 39, 6, 17, 39, 19, 2, 21, 26, 20, 30, 11, 39, 1, 20, 2, 22, 8, 39]
    Edit distance: 21/54
  Sample 4:
    TRUE: [9, 2, 39, 30, 33, 31, 39, 13, 10, 27, 17, 39, 13, 11, 14, 0, 30, 39, 30, 33, 39, 19, 2, 21, 39, 35, 10, 22, 39, 27, 0, 18, 11, 37, 39, 30, 33, 31, 39, 13, 10, 20, 39, 4, 30, 39]
    PRED: [9, 2, 39, 36, 33, 31, 30, 39, 13, 5, 11, 39, 13, 16, 17, 19, 0, 30, 39, 30, 33, 39, 28, 30, 5, 21, 39, 35, 2, 22, 39, 35, 11, 18, 11, 39, 9, 33, 31, 13, 39, 13, 5, 20, 39, 4, 30, 39]
    Edit distance: 18/46

============================================================
Batch 111000 | Val PER: 0.3173
============================================================
  Sample 0:
    TRUE: [31, 17, 0, 19, 27, 2, 28, 17, 39, 27, 17, 19, 2, 22, 28, 16, 8, 11, 8, 39]
    PRED: [9, 0, 19, 28, 2, 28, 39, 16, 28, 30, 8, 39]
    Edit distance: 12/20
  Sample 1:
    TRUE: [27, 16, 7, 39, 26, 11, 7, 2, 28, 30, 39, 28, 10, 34, 27, 2, 20, 39, 28, 5, 22, 8, 39, 20, 16, 31, 2, 14, 27, 1, 13, 28, 39]
    PRED: [27, 10, 7, 30, 39, 26, 11, 7, 2, 37, 39, 28, 10, 34, 20, 39, 28, 5, 22, 8, 39, 20, 16, 9, 24, 14, 18, 5, 13, 30, 39]
    Edit distance: 11/33
  Sample 2:
    TRUE: [28, 24, 39, 27, 33, 20, 37, 39, 35, 17, 39, 21, 12, 8, 39, 16, 22, 39, 2, 22, 2, 6, 1, 29, 30, 39, 19, 2, 20, 33, 38, 2, 22, 39]
    PRED: [9, 24, 39, 27, 25, 20, 24, 37, 39, 35, 17, 39, 21, 12, 8, 39, 16, 22, 39, 2, 22, 27, 1, 29, 30, 39, 19, 33, 20, 33, 38, 2, 22, 39]
    Edit distance: 6/34
  Sample 3:
    TRUE: [20, 3, 27, 17, 37, 39, 19, 0, 28, 30, 33, 21, 39, 22, 17, 8, 2, 8, 39, 6, 20, 1, 19, 39, 14, 20, 2, 34, 37, 39, 30, 33, 39, 6, 17, 39, 19, 2, 21, 26, 20, 17, 30, 20, 17, 39, 10, 20, 2, 14, 2, 22, 30, 39]
    PRED: [19, 24, 39, 19, 5, 28, 5, 21, 6, 21, 39, 22, 12, 8, 39, 21, 1, 19, 39, 14, 20, 2, 34, 37, 39, 30, 33, 39, 6, 17, 39, 19, 2, 21, 26, 20, 11, 39, 1, 20, 2, 22, 8, 39]
    Edit distance: 22/54
  Sample 4:
    TRUE: [9, 2, 39, 30, 33, 31, 39, 13, 10, 27, 17, 39, 13, 11, 14, 0, 30, 39, 30, 33, 39, 19, 2, 21, 39, 35, 10, 22, 39, 27, 0, 18, 11, 37, 39, 30, 33, 31, 39, 13, 10, 20, 39, 4, 30, 39]
    PRED: [9, 2, 39, 36, 27, 33, 31, 30, 39, 12, 17, 39, 16, 3, 19, 0, 30, 8, 39, 30, 33, 39, 28, 30, 2, 21, 39, 35, 2, 22, 39, 35, 11, 18, 11, 39, 9, 33, 31, 39, 13, 5, 20, 39, 4, 30, 39]
    Edit distance: 18/46

============================================================
Batch 111500 | Val PER: 0.3185
============================================================
  Sample 0:
    TRUE: [31, 17, 0, 19, 27, 2, 28, 17, 39, 27, 17, 19, 2, 22, 28, 16, 8, 11, 8, 39]
    PRED: [9, 39, 0, 19, 19, 28, 2, 28, 39, 8, 16, 37, 14, 22, 2, 30, 8, 39]
    Edit distance: 13/20
  Sample 1:
    TRUE: [27, 16, 7, 39, 26, 11, 7, 2, 28, 30, 39, 28, 10, 34, 27, 2, 20, 39, 28, 5, 22, 8, 39, 20, 16, 31, 2, 14, 27, 1, 13, 28, 39]
    PRED: [27, 10, 7, 30, 39, 26, 11, 1, 7, 2, 37, 39, 10, 34, 2, 20, 39, 28, 5, 22, 8, 39, 20, 16, 14, 5, 13, 30, 39]
    Edit distance: 12/33
  Sample 2:
    TRUE: [28, 24, 39, 27, 33, 20, 37, 39, 35, 17, 39, 21, 12, 8, 39, 16, 22, 39, 2, 22, 2, 6, 1, 29, 30, 39, 19, 2, 20, 33, 38, 2, 22, 39]
    PRED: [9, 28, 24, 39, 27, 25, 20, 37, 39, 21, 17, 39, 21, 12, 8, 39, 16, 22, 39, 2, 22, 8, 27, 1, 29, 39, 19, 33, 20, 33, 38, 2, 22, 39]
    Edit distance: 7/34
  Sample 3:
    TRUE: [20, 3, 27, 17, 37, 39, 19, 0, 28, 30, 33, 21, 39, 22, 17, 8, 2, 8, 39, 6, 20, 1, 19, 39, 14, 20, 2, 34, 37, 39, 30, 33, 39, 6, 17, 39, 19, 2, 21, 26, 20, 17, 30, 20, 17, 39, 10, 20, 2, 14, 2, 22, 30, 39]
    PRED: [19, 27, 24, 11, 39, 19, 5, 19, 30, 5, 21, 39, 22, 12, 30, 8, 39, 21, 1, 19, 39, 14, 20, 2, 34, 37, 39, 30, 33, 39, 6, 17, 39, 19, 2, 21, 26, 20, 30, 11, 39, 4, 20, 2, 22, 8, 39]
    Edit distance: 19/54
  Sample 4:
    TRUE: [9, 2, 39, 30, 33, 31, 39, 13, 10, 27, 17, 39, 13, 11, 14, 0, 30, 39, 30, 33, 39, 19, 2, 21, 39, 35, 10, 22, 39, 27, 0, 18, 11, 37, 39, 30, 33, 31, 39, 13, 10, 20, 39, 4, 30, 39]
    PRED: [9, 2, 39, 36, 27, 33, 31, 30, 39, 5, 11, 39, 13, 16, 19, 0, 30, 8, 39, 30, 33, 39, 28, 30, 2, 21, 39, 35, 2, 22, 39, 35, 11, 18, 11, 39, 9, 33, 31, 13, 39, 13, 5, 20, 39, 4, 30, 39]
    Edit distance: 19/46

============================================================
Batch 112000 | Val PER: 0.3169
============================================================
  Sample 0:
    TRUE: [31, 17, 0, 19, 27, 2, 28, 17, 39, 27, 17, 19, 2, 22, 28, 16, 8, 11, 8, 39]
    PRED: [9, 12, 39, 0, 19, 28, 2, 28, 39, 8, 16, 2, 30, 8, 39]
    Edit distance: 13/20
  Sample 1:
    TRUE: [27, 16, 7, 39, 26, 11, 7, 2, 28, 30, 39, 28, 10, 34, 27, 2, 20, 39, 28, 5, 22, 8, 39, 20, 16, 31, 2, 14, 27, 1, 13, 28, 39]
    PRED: [27, 10, 7, 30, 39, 26, 11, 1, 7, 2, 37, 39, 10, 34, 2, 20, 39, 28, 5, 22, 8, 39, 20, 16, 2, 18, 5, 13, 30, 39]
    Edit distance: 12/33
  Sample 2:
    TRUE: [28, 24, 39, 27, 33, 20, 37, 39, 35, 17, 39, 21, 12, 8, 39, 16, 22, 39, 2, 22, 2, 6, 1, 29, 30, 39, 19, 2, 20, 33, 38, 2, 22, 39]
    PRED: [9, 24, 39, 27, 25, 20, 37, 39, 35, 17, 39, 21, 12, 8, 39, 16, 22, 39, 16, 22, 8, 1, 29, 30, 39, 19, 33, 20, 33, 38, 2, 22, 39]
    Edit distance: 6/34
  Sample 3:
    TRUE: [20, 3, 27, 17, 37, 39, 19, 0, 28, 30, 33, 21, 39, 22, 17, 8, 2, 8, 39, 6, 20, 1, 19, 39, 14, 20, 2, 34, 37, 39, 30, 33, 39, 6, 17, 39, 19, 2, 21, 26, 20, 17, 30, 20, 17, 39, 10, 20, 2, 14, 2, 22, 30, 39]
    PRED: [19, 27, 10, 24, 39, 19, 5, 28, 30, 5, 21, 39, 22, 12, 8, 2, 8, 39, 21, 0, 1, 19, 39, 14, 20, 2, 34, 37, 39, 30, 33, 39, 6, 17, 39, 19, 2, 21, 26, 20, 11, 39, 1, 20, 2, 10, 2, 22, 8, 39]
    Edit distance: 16/54
  Sample 4:
    TRUE: [9, 2, 39, 30, 33, 31, 39, 13, 10, 27, 17, 39, 13, 11, 14, 0, 30, 39, 30, 33, 39, 19, 2, 21, 39, 35, 10, 22, 39, 27, 0, 18, 11, 37, 39, 30, 33, 31, 39, 13, 10, 20, 39, 4, 30, 39]
    PRED: [9, 2, 39, 36, 27, 33, 31, 30, 39, 5, 11, 39, 13, 16, 19, 0, 30, 39, 30, 33, 39, 28, 30, 5, 21, 39, 35, 2, 22, 39, 35, 11, 8, 11, 39, 9, 33, 31, 13, 39, 13, 5, 20, 39, 4, 30, 39]
    Edit distance: 20/46

============================================================
Batch 112500 | Val PER: 0.3195
============================================================
  Sample 0:
    TRUE: [31, 17, 0, 19, 27, 2, 28, 17, 39, 27, 17, 19, 2, 22, 28, 16, 8, 11, 8, 39]
    PRED: [9, 39, 0, 19, 19, 2, 28, 39, 8, 27, 16, 2, 30, 8, 39]
    Edit distance: 12/20
  Sample 1:
    TRUE: [27, 16, 7, 39, 26, 11, 7, 2, 28, 30, 39, 28, 10, 34, 27, 2, 20, 39, 28, 5, 22, 8, 39, 20, 16, 31, 2, 14, 27, 1, 13, 28, 39]
    PRED: [27, 10, 7, 30, 39, 26, 11, 1, 7, 2, 37, 39, 28, 10, 34, 2, 20, 39, 28, 5, 22, 8, 39, 20, 16, 24, 14, 5, 13, 30, 39]
    Edit distance: 11/33
  Sample 2:
    TRUE: [28, 24, 39, 27, 33, 20, 37, 39, 35, 17, 39, 21, 12, 8, 39, 16, 22, 39, 2, 22, 2, 6, 1, 29, 30, 39, 19, 2, 20, 33, 38, 2, 22, 39]
    PRED: [9, 24, 39, 35, 25, 20, 37, 39, 35, 17, 39, 21, 12, 8, 39, 16, 22, 39, 16, 22, 1, 29, 30, 39, 19, 20, 33, 38, 2, 22, 39]
    Edit distance: 7/34
  Sample 3:
    TRUE: [20, 3, 27, 17, 37, 39, 19, 0, 28, 30, 33, 21, 39, 22, 17, 8, 2, 8, 39, 6, 20, 1, 19, 39, 14, 20, 2, 34, 37, 39, 30, 33, 39, 6, 17, 39, 19, 2, 21, 26, 20, 17, 30, 20, 17, 39, 10, 20, 2, 14, 2, 22, 30, 39]
    PRED: [19, 27, 24, 17, 39, 19, 5, 28, 30, 24, 21, 2, 21, 39, 22, 4, 30, 2, 8, 39, 21, 1, 19, 39, 14, 27, 2, 37, 39, 30, 33, 39, 6, 17, 39, 19, 2, 21, 26, 20, 11, 39, 20, 2, 22, 8, 39]
    Edit distance: 22/54
  Sample 4:
    TRUE: [9, 2, 39, 30, 33, 31, 39, 13, 10, 27, 17, 39, 13, 11, 14, 0, 30, 39, 30, 33, 39, 19, 2, 21, 39, 35, 10, 22, 39, 27, 0, 18, 11, 37, 39, 30, 33, 31, 39, 13, 10, 20, 39, 4, 30, 39]
    PRED: [9, 2, 39, 36, 27, 33, 31, 30, 39, 13, 5, 11, 39, 16, 19, 0, 30, 39, 30, 33, 39, 28, 30, 2, 21, 39, 35, 2, 22, 39, 35, 11, 8, 11, 39, 9, 33, 31, 13, 39, 13, 5, 20, 4, 30, 39]
    Edit distance: 20/46

============================================================
Batch 113000 | Val PER: 0.3201
============================================================
  Sample 0:
    TRUE: [31, 17, 0, 19, 27, 2, 28, 17, 39, 27, 17, 19, 2, 22, 28, 16, 8, 11, 8, 39]
    PRED: [9, 12, 39, 0, 19, 2, 28, 39, 16, 17, 2, 30, 8, 39]
    Edit distance: 12/20
  Sample 1:
    TRUE: [27, 16, 7, 39, 26, 11, 7, 2, 28, 30, 39, 28, 10, 34, 27, 2, 20, 39, 28, 5, 22, 8, 39, 20, 16, 31, 2, 14, 27, 1, 13, 28, 39]
    PRED: [27, 10, 7, 30, 39, 26, 11, 1, 7, 2, 37, 39, 10, 34, 2, 20, 39, 5, 22, 8, 39, 20, 16, 14, 5, 13, 30, 39]
    Edit distance: 13/33
  Sample 2:
    TRUE: [28, 24, 39, 27, 33, 20, 37, 39, 35, 17, 39, 21, 12, 8, 39, 16, 22, 39, 2, 22, 2, 6, 1, 29, 30, 39, 19, 2, 20, 33, 38, 2, 22, 39]
    PRED: [9, 24, 39, 27, 25, 20, 37, 39, 35, 17, 39, 21, 12, 8, 39, 16, 22, 39, 16, 22, 8, 1, 29, 30, 39, 19, 33, 24, 20, 33, 38, 2, 22, 39]
    Edit distance: 7/34
  Sample 3:
    TRUE: [20, 3, 27, 17, 37, 39, 19, 0, 28, 30, 33, 21, 39, 22, 17, 8, 2, 8, 39, 6, 20, 1, 19, 39, 14, 20, 2, 34, 37, 39, 30, 33, 39, 6, 17, 39, 19, 2, 21, 26, 20, 17, 30, 20, 17, 39, 10, 20, 2, 14, 2, 22, 30, 39]
    PRED: [19, 27, 24, 17, 39, 19, 5, 28, 21, 2, 21, 39, 22, 33, 8, 2, 8, 39, 21, 1, 19, 39, 14, 20, 2, 34, 37, 39, 30, 33, 39, 6, 17, 2, 39, 19, 2, 21, 26, 20, 11, 39, 1, 20, 2, 22, 8, 39]
    Edit distance: 19/54
  Sample 4:
    TRUE: [9, 2, 39, 30, 33, 31, 39, 13, 10, 27, 17, 39, 13, 11, 14, 0, 30, 39, 30, 33, 39, 19, 2, 21, 39, 35, 10, 22, 39, 27, 0, 18, 11, 37, 39, 30, 33, 31, 39, 13, 10, 20, 39, 4, 30, 39]
    PRED: [9, 2, 39, 36, 27, 33, 31, 30, 39, 13, 5, 17, 11, 39, 16, 17, 19, 0, 30, 8, 39, 30, 33, 39, 28, 30, 2, 21, 39, 35, 2, 22, 39, 35, 11, 8, 11, 39, 9, 33, 31, 13, 39, 13, 5, 20, 4, 30, 39]
    Edit distance: 21/46

============================================================
Batch 113500 | Val PER: 0.3171
============================================================
  Sample 0:
    TRUE: [31, 17, 0, 19, 27, 2, 28, 17, 39, 27, 17, 19, 2, 22, 28, 16, 8, 11, 8, 39]
    PRED: [9, 12, 0, 19, 28, 2, 28, 39, 8, 16, 22, 2, 30, 8, 39]
    Edit distance: 12/20
  Sample 1:
    TRUE: [27, 16, 7, 39, 26, 11, 7, 2, 28, 30, 39, 28, 10, 34, 27, 2, 20, 39, 28, 5, 22, 8, 39, 20, 16, 31, 2, 14, 27, 1, 13, 28, 39]
    PRED: [27, 10, 7, 30, 39, 26, 11, 7, 2, 37, 39, 10, 34, 2, 20, 39, 5, 22, 8, 39, 20, 16, 39, 14, 5, 13, 28, 39]
    Edit distance: 11/33
  Sample 2:
    TRUE: [28, 24, 39, 27, 33, 20, 37, 39, 35, 17, 39, 21, 12, 8, 39, 16, 22, 39, 2, 22, 2, 6, 1, 29, 30, 39, 19, 2, 20, 33, 38, 2, 22, 39]
    PRED: [9, 24, 39, 27, 25, 20, 37, 39, 35, 17, 39, 21, 12, 8, 39, 16, 22, 39, 16, 22, 8, 1, 29, 30, 39, 19, 33, 20, 33, 38, 2, 22, 39]
    Edit distance: 6/34
  Sample 3:
    TRUE: [20, 3, 27, 17, 37, 39, 19, 0, 28, 30, 33, 21, 39, 22, 17, 8, 2, 8, 39, 6, 20, 1, 19, 39, 14, 20, 2, 34, 37, 39, 30, 33, 39, 6, 17, 39, 19, 2, 21, 26, 20, 17, 30, 20, 17, 39, 10, 20, 2, 14, 2, 22, 30, 39]
    PRED: [19, 27, 24, 17, 39, 19, 5, 28, 5, 21, 2, 21, 39, 22, 33, 8, 2, 8, 39, 21, 1, 19, 39, 14, 20, 2, 34, 37, 39, 30, 33, 39, 6, 17, 39, 19, 2, 21, 26, 20, 30, 39, 1, 20, 2, 22, 8, 39]
    Edit distance: 18/54
  Sample 4:
    TRUE: [9, 2, 39, 30, 33, 31, 39, 13, 10, 27, 17, 39, 13, 11, 14, 0, 30, 39, 30, 33, 39, 19, 2, 21, 39, 35, 10, 22, 39, 27, 0, 18, 11, 37, 39, 30, 33, 31, 39, 13, 10, 20, 39, 4, 30, 39]
    PRED: [9, 2, 39, 36, 33, 31, 30, 39, 13, 12, 17, 11, 39, 13, 16, 19, 0, 30, 8, 39, 30, 33, 39, 28, 30, 2, 21, 39, 35, 2, 22, 39, 27, 11, 8, 11, 39, 9, 33, 31, 13, 39, 13, 5, 20, 39, 4, 30, 39]
    Edit distance: 17/46

============================================================
Batch 114000 | Val PER: 0.3194
============================================================
  Sample 0:
    TRUE: [31, 17, 0, 19, 27, 2, 28, 17, 39, 27, 17, 19, 2, 22, 28, 16, 8, 11, 8, 39]
    PRED: [9, 16, 0, 19, 30, 28, 2, 28, 39, 16, 22, 2, 30, 8, 39]
    Edit distance: 13/20
  Sample 1:
    TRUE: [27, 16, 7, 39, 26, 11, 7, 2, 28, 30, 39, 28, 10, 34, 27, 2, 20, 39, 28, 5, 22, 8, 39, 20, 16, 31, 2, 14, 27, 1, 13, 28, 39]
    PRED: [27, 10, 7, 30, 39, 26, 11, 1, 7, 2, 37, 39, 10, 34, 11, 20, 39, 5, 22, 8, 39, 20, 16, 14, 5, 13, 30, 28, 39]
    Edit distance: 14/33
  Sample 2:
    TRUE: [28, 24, 39, 27, 33, 20, 37, 39, 35, 17, 39, 21, 12, 8, 39, 16, 22, 39, 2, 22, 2, 6, 1, 29, 30, 39, 19, 2, 20, 33, 38, 2, 22, 39]
    PRED: [9, 24, 39, 27, 25, 20, 37, 39, 21, 17, 39, 21, 10, 8, 39, 16, 22, 39, 2, 22, 8, 1, 29, 39, 19, 33, 20, 33, 38, 2, 22, 39]
    Edit distance: 8/34
  Sample 3:
    TRUE: [20, 3, 27, 17, 37, 39, 19, 0, 28, 30, 33, 21, 39, 22, 17, 8, 2, 8, 39, 6, 20, 1, 19, 39, 14, 20, 2, 34, 37, 39, 30, 33, 39, 6, 17, 39, 19, 2, 21, 26, 20, 17, 30, 20, 17, 39, 10, 20, 2, 14, 2, 22, 30, 39]
    PRED: [19, 27, 24, 17, 39, 19, 5, 28, 5, 21, 2, 21, 39, 22, 4, 8, 2, 8, 39, 21, 1, 19, 39, 14, 20, 2, 34, 37, 39, 30, 33, 39, 6, 17, 39, 19, 2, 21, 26, 20, 30, 11, 39, 1, 20, 2, 22, 8, 39]
    Edit distance: 18/54
  Sample 4:
    TRUE: [9, 2, 39, 30, 33, 31, 39, 13, 10, 27, 17, 39, 13, 11, 14, 0, 30, 39, 30, 33, 39, 19, 2, 21, 39, 35, 10, 22, 39, 27, 0, 18, 11, 37, 39, 30, 33, 31, 39, 13, 10, 20, 39, 4, 30, 39]
    PRED: [9, 2, 39, 8, 27, 33, 31, 30, 39, 13, 31, 12, 17, 11, 39, 16, 19, 0, 30, 8, 39, 30, 33, 39, 28, 30, 2, 21, 39, 35, 2, 22, 39, 35, 11, 8, 11, 39, 9, 33, 31, 13, 39, 13, 5, 20, 39, 4, 30, 39]
    Edit distance: 20/46

============================================================
Batch 114500 | Val PER: 0.3170
============================================================
  Sample 0:
    TRUE: [31, 17, 0, 19, 27, 2, 28, 17, 39, 27, 17, 19, 2, 22, 28, 16, 8, 11, 8, 39]
    PRED: [9, 12, 0, 19, 30, 2, 39, 27, 16, 22, 2, 30, 8, 39]
    Edit distance: 12/20
  Sample 1:
    TRUE: [27, 16, 7, 39, 26, 11, 7, 2, 28, 30, 39, 28, 10, 34, 27, 2, 20, 39, 28, 5, 22, 8, 39, 20, 16, 31, 2, 14, 27, 1, 13, 28, 39]
    PRED: [27, 10, 7, 30, 39, 26, 11, 25, 7, 2, 37, 39, 28, 10, 34, 2, 20, 39, 28, 5, 22, 8, 39, 20, 16, 9, 14, 18, 5, 13, 30, 39]
    Edit distance: 11/33
  Sample 2:
    TRUE: [28, 24, 39, 27, 33, 20, 37, 39, 35, 17, 39, 21, 12, 8, 39, 16, 22, 39, 2, 22, 2, 6, 1, 29, 30, 39, 19, 2, 20, 33, 38, 2, 22, 39]
    PRED: [13, 9, 24, 39, 27, 25, 20, 37, 39, 21, 17, 39, 21, 12, 8, 39, 16, 22, 39, 16, 22, 8, 1, 29, 30, 39, 19, 33, 20, 33, 12, 38, 2, 22, 39]
    Edit distance: 9/34
  Sample 3:
    TRUE: [20, 3, 27, 17, 37, 39, 19, 0, 28, 30, 33, 21, 39, 22, 17, 8, 2, 8, 39, 6, 20, 1, 19, 39, 14, 20, 2, 34, 37, 39, 30, 33, 39, 6, 17, 39, 19, 2, 21, 26, 20, 17, 30, 20, 17, 39, 10, 20, 2, 14, 2, 22, 30, 39]
    PRED: [19, 27, 24, 17, 39, 19, 5, 28, 30, 5, 2, 21, 39, 22, 4, 8, 39, 21, 1, 19, 39, 14, 20, 2, 37, 39, 30, 33, 39, 6, 17, 2, 39, 19, 2, 21, 26, 20, 30, 11, 39, 1, 20, 2, 22, 30, 39]
    Edit distance: 20/54
  Sample 4:
    TRUE: [9, 2, 39, 30, 33, 31, 39, 13, 10, 27, 17, 39, 13, 11, 14, 0, 30, 39, 30, 33, 39, 19, 2, 21, 39, 35, 10, 22, 39, 27, 0, 18, 11, 37, 39, 30, 33, 31, 39, 13, 10, 20, 39, 4, 30, 39]
    PRED: [9, 2, 39, 8, 27, 33, 31, 30, 39, 13, 31, 12, 11, 39, 13, 16, 0, 30, 39, 30, 33, 39, 28, 30, 2, 21, 39, 35, 2, 22, 39, 35, 11, 8, 11, 39, 9, 33, 31, 13, 39, 13, 5, 20, 4, 30, 39]
    Edit distance: 19/46

============================================================
Batch 115000 | Val PER: 0.3175
============================================================
  Sample 0:
    TRUE: [31, 17, 0, 19, 27, 2, 28, 17, 39, 27, 17, 19, 2, 22, 28, 16, 8, 11, 8, 39]
    PRED: [9, 12, 0, 19, 30, 2, 28, 39, 27, 16, 22, 30, 8, 39]
    Edit distance: 11/20
  Sample 1:
    TRUE: [27, 16, 7, 39, 26, 11, 7, 2, 28, 30, 39, 28, 10, 34, 27, 2, 20, 39, 28, 5, 22, 8, 39, 20, 16, 31, 2, 14, 27, 1, 13, 28, 39]
    PRED: [27, 10, 7, 30, 39, 26, 11, 7, 2, 39, 28, 10, 34, 2, 20, 39, 28, 5, 22, 8, 22, 8, 39, 20, 16, 2, 14, 5, 13, 30, 28, 39]
    Edit distance: 11/33
  Sample 2:
    TRUE: [28, 24, 39, 27, 33, 20, 37, 39, 35, 17, 39, 21, 12, 8, 39, 16, 22, 39, 2, 22, 2, 6, 1, 29, 30, 39, 19, 2, 20, 33, 38, 2, 22, 39]
    PRED: [9, 24, 39, 27, 25, 20, 37, 39, 21, 17, 39, 21, 12, 8, 39, 16, 22, 39, 0, 22, 8, 27, 1, 29, 30, 39, 19, 33, 24, 20, 33, 38, 2, 22, 39]
    Edit distance: 8/34
  Sample 3:
    TRUE: [20, 3, 27, 17, 37, 39, 19, 0, 28, 30, 33, 21, 39, 22, 17, 8, 2, 8, 39, 6, 20, 1, 19, 39, 14, 20, 2, 34, 37, 39, 30, 33, 39, 6, 17, 39, 19, 2, 21, 26, 20, 17, 30, 20, 17, 39, 10, 20, 2, 14, 2, 22, 30, 39]
    PRED: [19, 27, 24, 11, 39, 19, 5, 28, 30, 5, 21, 2, 21, 39, 22, 12, 8, 2, 8, 39, 21, 1, 19, 39, 14, 20, 2, 34, 37, 39, 30, 33, 39, 6, 17, 2, 39, 19, 2, 21, 26, 20, 30, 11, 39, 1, 20, 2, 22, 8, 39]
    Edit distance: 19/54
  Sample 4:
    TRUE: [9, 2, 39, 30, 33, 31, 39, 13, 10, 27, 17, 39, 13, 11, 14, 0, 30, 39, 30, 33, 39, 19, 2, 21, 39, 35, 10, 22, 39, 27, 0, 18, 11, 37, 39, 30, 33, 31, 39, 13, 10, 20, 39, 4, 30, 39]
    PRED: [9, 2, 39, 8, 27, 33, 31, 30, 39, 13, 12, 17, 39, 13, 16, 0, 30, 8, 39, 30, 33, 39, 28, 30, 5, 21, 39, 35, 2, 22, 39, 35, 11, 8, 11, 39, 9, 33, 31, 13, 39, 13, 5, 20, 39, 4, 30, 39]
    Edit distance: 19/46

============================================================
Batch 115500 | Val PER: 0.3163
============================================================
  Sample 0:
    TRUE: [31, 17, 0, 19, 27, 2, 28, 17, 39, 27, 17, 19, 2, 22, 28, 16, 8, 11, 8, 39]
    PRED: [9, 12, 0, 19, 30, 2, 28, 39, 8, 16, 22, 30, 2, 30, 2, 8, 39]
    Edit distance: 12/20
  Sample 1:
    TRUE: [27, 16, 7, 39, 26, 11, 7, 2, 28, 30, 39, 28, 10, 34, 27, 2, 20, 39, 28, 5, 22, 8, 39, 20, 16, 31, 2, 14, 27, 1, 13, 28, 39]
    PRED: [27, 10, 7, 28, 30, 39, 26, 11, 25, 7, 2, 37, 39, 10, 34, 2, 20, 39, 28, 5, 22, 8, 39, 20, 16, 20, 24, 14, 5, 13, 30, 28, 39]
    Edit distance: 13/33
  Sample 2:
    TRUE: [28, 24, 39, 27, 33, 20, 37, 39, 35, 17, 39, 21, 12, 8, 39, 16, 22, 39, 2, 22, 2, 6, 1, 29, 30, 39, 19, 2, 20, 33, 38, 2, 22, 39]
    PRED: [9, 24, 39, 27, 25, 20, 37, 39, 21, 5, 39, 21, 12, 8, 39, 16, 22, 39, 0, 22, 8, 27, 1, 29, 30, 39, 19, 20, 33, 38, 2, 22, 39]
    Edit distance: 8/34
  Sample 3:
    TRUE: [20, 3, 27, 17, 37, 39, 19, 0, 28, 30, 33, 21, 39, 22, 17, 8, 2, 8, 39, 6, 20, 1, 19, 39, 14, 20, 2, 34, 37, 39, 30, 33, 39, 6, 17, 39, 19, 2, 21, 26, 20, 17, 30, 20, 17, 39, 10, 20, 2, 14, 2, 22, 30, 39]
    PRED: [19, 27, 24, 17, 39, 19, 5, 28, 5, 21, 39, 22, 33, 8, 2, 8, 39, 21, 1, 19, 39, 14, 20, 16, 34, 37, 39, 30, 33, 39, 6, 17, 39, 19, 0, 21, 26, 20, 30, 11, 39, 1, 20, 2, 22, 8, 39]
    Edit distance: 19/54
  Sample 4:
    TRUE: [9, 2, 39, 30, 33, 31, 39, 13, 10, 27, 17, 39, 13, 11, 14, 0, 30, 39, 30, 33, 39, 19, 2, 21, 39, 35, 10, 22, 39, 27, 0, 18, 11, 37, 39, 30, 33, 31, 39, 13, 10, 20, 39, 4, 30, 39]
    PRED: [9, 2, 39, 36, 27, 33, 31, 30, 39, 13, 5, 17, 39, 13, 16, 19, 0, 30, 8, 39, 30, 33, 39, 28, 30, 5, 21, 39, 35, 2, 22, 39, 35, 11, 8, 11, 39, 9, 33, 31, 13, 39, 13, 5, 20, 4, 30, 39]
    Edit distance: 20/46

============================================================
Batch 116000 | Val PER: 0.3139
============================================================
  Sample 0:
    TRUE: [31, 17, 0, 19, 27, 2, 28, 17, 39, 27, 17, 19, 2, 22, 28, 16, 8, 11, 8, 39]
    PRED: [9, 12, 0, 19, 30, 28, 30, 2, 28, 39, 8, 16, 22, 2, 30, 8, 39]
    Edit distance: 14/20
  Sample 1:
    TRUE: [27, 16, 7, 39, 26, 11, 7, 2, 28, 30, 39, 28, 10, 34, 27, 2, 20, 39, 28, 5, 22, 8, 39, 20, 16, 31, 2, 14, 27, 1, 13, 28, 39]
    PRED: [27, 10, 30, 39, 26, 11, 1, 7, 2, 37, 39, 28, 10, 34, 2, 20, 39, 28, 5, 22, 8, 30, 39, 20, 16, 9, 24, 14, 1, 13, 30, 39]
    Edit distance: 11/33
  Sample 2:
    TRUE: [28, 24, 39, 27, 33, 20, 37, 39, 35, 17, 39, 21, 12, 8, 39, 16, 22, 39, 2, 22, 2, 6, 1, 29, 30, 39, 19, 2, 20, 33, 38, 2, 22, 39]
    PRED: [9, 24, 39, 27, 25, 20, 37, 39, 21, 17, 39, 21, 12, 8, 39, 16, 22, 39, 2, 22, 8, 1, 29, 30, 39, 19, 33, 20, 33, 12, 38, 2, 22, 39]
    Edit distance: 7/34
  Sample 3:
    TRUE: [20, 3, 27, 17, 37, 39, 19, 0, 28, 30, 33, 21, 39, 22, 17, 8, 2, 8, 39, 6, 20, 1, 19, 39, 14, 20, 2, 34, 37, 39, 30, 33, 39, 6, 17, 39, 19, 2, 21, 26, 20, 17, 30, 20, 17, 39, 10, 20, 2, 14, 2, 22, 30, 39]
    PRED: [19, 27, 24, 11, 39, 19, 5, 28, 21, 2, 21, 39, 22, 10, 8, 2, 8, 39, 21, 1, 19, 39, 14, 20, 2, 34, 37, 39, 30, 33, 39, 6, 17, 2, 39, 19, 2, 21, 26, 20, 30, 39, 20, 2, 22, 30, 39]
    Edit distance: 17/54
  Sample 4:
    TRUE: [9, 2, 39, 30, 33, 31, 39, 13, 10, 27, 17, 39, 13, 11, 14, 0, 30, 39, 30, 33, 39, 19, 2, 21, 39, 35, 10, 22, 39, 27, 0, 18, 11, 37, 39, 30, 33, 31, 39, 13, 10, 20, 39, 4, 30, 39]
    PRED: [9, 2, 39, 36, 27, 33, 31, 30, 39, 31, 5, 11, 39, 16, 19, 0, 30, 8, 39, 30, 33, 39, 28, 30, 2, 21, 39, 35, 10, 22, 39, 35, 11, 8, 11, 39, 36, 9, 33, 31, 13, 39, 13, 5, 20, 39, 4, 30, 39]
    Edit distance: 21/46

============================================================
Batch 116500 | Val PER: 0.3153
============================================================
  Sample 0:
    TRUE: [31, 17, 0, 19, 27, 2, 28, 17, 39, 27, 17, 19, 2, 22, 28, 16, 8, 11, 8, 39]
    PRED: [9, 12, 0, 19, 28, 2, 28, 39, 27, 16, 22, 2, 30, 8, 39]
    Edit distance: 11/20
  Sample 1:
    TRUE: [27, 16, 7, 39, 26, 11, 7, 2, 28, 30, 39, 28, 10, 34, 27, 2, 20, 39, 28, 5, 22, 8, 39, 20, 16, 31, 2, 14, 27, 1, 13, 28, 39]
    PRED: [27, 10, 30, 39, 26, 11, 1, 7, 2, 37, 39, 10, 34, 2, 20, 39, 28, 5, 22, 8, 22, 8, 39, 20, 16, 9, 5, 13, 30, 28, 39]
    Edit distance: 15/33
  Sample 2:
    TRUE: [28, 24, 39, 27, 33, 20, 37, 39, 35, 17, 39, 21, 12, 8, 39, 16, 22, 39, 2, 22, 2, 6, 1, 29, 30, 39, 19, 2, 20, 33, 38, 2, 22, 39]
    PRED: [9, 24, 39, 33, 25, 20, 37, 39, 35, 21, 5, 39, 21, 5, 8, 39, 16, 22, 39, 2, 22, 8, 5, 29, 30, 39, 19, 33, 20, 33, 12, 38, 2, 22, 39]
    Edit distance: 11/34
  Sample 3:
    TRUE: [20, 3, 27, 17, 37, 39, 19, 0, 28, 30, 33, 21, 39, 22, 17, 8, 2, 8, 39, 6, 20, 1, 19, 39, 14, 20, 2, 34, 37, 39, 30, 33, 39, 6, 17, 39, 19, 2, 21, 26, 20, 17, 30, 20, 17, 39, 10, 20, 2, 14, 2, 22, 30, 39]
    PRED: [19, 27, 0, 9, 11, 39, 19, 5, 28, 5, 21, 2, 21, 39, 22, 10, 8, 39, 21, 2, 19, 39, 14, 20, 2, 34, 37, 39, 30, 33, 39, 6, 17, 39, 19, 2, 21, 26, 20, 30, 11, 39, 1, 20, 2, 10, 2, 22, 8, 39]
    Edit distance: 21/54
  Sample 4:
    TRUE: [9, 2, 39, 30, 33, 31, 39, 13, 10, 27, 17, 39, 13, 11, 14, 0, 30, 39, 30, 33, 39, 19, 2, 21, 39, 35, 10, 22, 39, 27, 0, 18, 11, 37, 39, 30, 33, 31, 39, 13, 10, 20, 39, 4, 30, 39]
    PRED: [9, 2, 39, 36, 27, 33, 31, 30, 39, 13, 5, 17, 39, 16, 17, 19, 0, 30, 8, 39, 30, 33, 39, 28, 30, 2, 21, 39, 35, 2, 22, 39, 35, 11, 8, 11, 39, 9, 33, 31, 13, 39, 13, 5, 20, 39, 4, 30, 39]
    Edit distance: 19/46

============================================================
Batch 117000 | Val PER: 0.3149
============================================================
  Sample 0:
    TRUE: [31, 17, 0, 19, 27, 2, 28, 17, 39, 27, 17, 19, 2, 22, 28, 16, 8, 11, 8, 39]
    PRED: [9, 17, 12, 39, 0, 19, 28, 30, 2, 28, 39, 8, 27, 17, 19, 22, 2, 30, 8, 39]
    Edit distance: 12/20
  Sample 1:
    TRUE: [27, 16, 7, 39, 26, 11, 7, 2, 28, 30, 39, 28, 10, 34, 27, 2, 20, 39, 28, 5, 22, 8, 39, 20, 16, 31, 2, 14, 27, 1, 13, 28, 39]
    PRED: [27, 10, 30, 39, 26, 11, 7, 2, 37, 39, 10, 34, 11, 20, 39, 28, 5, 22, 8, 39, 20, 16, 39, 9, 18, 5, 13, 30, 39]
    Edit distance: 13/33
  Sample 2:
    TRUE: [28, 24, 39, 27, 33, 20, 37, 39, 35, 17, 39, 21, 12, 8, 39, 16, 22, 39, 2, 22, 2, 6, 1, 29, 30, 39, 19, 2, 20, 33, 38, 2, 22, 39]
    PRED: [9, 24, 39, 33, 20, 37, 39, 21, 17, 39, 21, 12, 8, 39, 16, 22, 39, 2, 22, 8, 1, 29, 30, 39, 19, 33, 20, 33, 12, 38, 2, 22, 39]
    Edit distance: 7/34
  Sample 3:
    TRUE: [20, 3, 27, 17, 37, 39, 19, 0, 28, 30, 33, 21, 39, 22, 17, 8, 2, 8, 39, 6, 20, 1, 19, 39, 14, 20, 2, 34, 37, 39, 30, 33, 39, 6, 17, 39, 19, 2, 21, 26, 20, 17, 30, 20, 17, 39, 10, 20, 2, 14, 2, 22, 30, 39]
    PRED: [19, 27, 24, 9, 17, 39, 19, 5, 28, 5, 21, 39, 22, 10, 8, 39, 21, 0, 1, 19, 39, 20, 2, 34, 37, 39, 30, 33, 39, 6, 17, 39, 19, 2, 21, 26, 30, 20, 30, 11, 39, 20, 2, 10, 2, 22, 8, 39]
    Edit distance: 21/54
  Sample 4:
    TRUE: [9, 2, 39, 30, 33, 31, 39, 13, 10, 27, 17, 39, 13, 11, 14, 0, 30, 39, 30, 33, 39, 19, 2, 21, 39, 35, 10, 22, 39, 27, 0, 18, 11, 37, 39, 30, 33, 31, 39, 13, 10, 20, 39, 4, 30, 39]
    PRED: [9, 2, 39, 36, 27, 33, 31, 30, 39, 13, 5, 17, 39, 16, 19, 0, 30, 39, 30, 33, 39, 28, 30, 2, 21, 39, 35, 10, 22, 39, 35, 11, 8, 11, 39, 9, 33, 31, 13, 39, 13, 5, 20, 39, 4, 30, 39]
    Edit distance: 17/46

============================================================
Batch 117500 | Val PER: 0.3185
============================================================
  Sample 0:
    TRUE: [31, 17, 0, 19, 27, 2, 28, 17, 39, 27, 17, 19, 2, 22, 28, 16, 8, 11, 8, 39]
    PRED: [9, 12, 0, 19, 30, 28, 2, 28, 39, 8, 17, 22, 28, 30, 2, 8, 39]
    Edit distance: 11/20
  Sample 1:
    TRUE: [27, 16, 7, 39, 26, 11, 7, 2, 28, 30, 39, 28, 10, 34, 27, 2, 20, 39, 28, 5, 22, 8, 39, 20, 16, 31, 2, 14, 27, 1, 13, 28, 39]
    PRED: [27, 10, 30, 39, 26, 11, 7, 2, 37, 39, 28, 10, 34, 11, 20, 39, 5, 22, 8, 39, 20, 16, 9, 24, 14, 5, 13, 30, 28, 39]
    Edit distance: 12/33
  Sample 2:
    TRUE: [28, 24, 39, 27, 33, 20, 37, 39, 35, 17, 39, 21, 12, 8, 39, 16, 22, 39, 2, 22, 2, 6, 1, 29, 30, 39, 19, 2, 20, 33, 38, 2, 22, 39]
    PRED: [9, 24, 39, 33, 25, 20, 37, 39, 21, 17, 39, 21, 12, 8, 39, 16, 22, 39, 2, 22, 8, 1, 29, 39, 19, 33, 20, 33, 12, 38, 2, 22, 39]
    Edit distance: 9/34
  Sample 3:
    TRUE: [20, 3, 27, 17, 37, 39, 19, 0, 28, 30, 33, 21, 39, 22, 17, 8, 2, 8, 39, 6, 20, 1, 19, 39, 14, 20, 2, 34, 37, 39, 30, 33, 39, 6, 17, 39, 19, 2, 21, 26, 20, 17, 30, 20, 17, 39, 10, 20, 2, 14, 2, 22, 30, 39]
    PRED: [19, 27, 24, 17, 39, 19, 5, 28, 5, 21, 2, 21, 39, 22, 12, 30, 2, 8, 39, 21, 27, 0, 19, 39, 14, 27, 2, 34, 37, 39, 30, 33, 39, 6, 17, 2, 39, 19, 2, 21, 26, 20, 30, 11, 39, 1, 20, 2, 22, 8, 39]
    Edit distance: 22/54
  Sample 4:
    TRUE: [9, 2, 39, 30, 33, 31, 39, 13, 10, 27, 17, 39, 13, 11, 14, 0, 30, 39, 30, 33, 39, 19, 2, 21, 39, 35, 10, 22, 39, 27, 0, 18, 11, 37, 39, 30, 33, 31, 39, 13, 10, 20, 39, 4, 30, 39]
    PRED: [9, 2, 39, 36, 27, 33, 31, 30, 39, 13, 5, 17, 39, 13, 16, 19, 0, 30, 2, 30, 39, 30, 33, 39, 28, 30, 2, 21, 39, 35, 2, 22, 39, 27, 11, 8, 11, 39, 9, 33, 31, 13, 39, 13, 5, 20, 39, 4, 30, 39]
    Edit distance: 18/46

============================================================
Batch 118000 | Val PER: 0.3159
============================================================
  Sample 0:
    TRUE: [31, 17, 0, 19, 27, 2, 28, 17, 39, 27, 17, 19, 2, 22, 28, 16, 8, 11, 8, 39]
    PRED: [9, 16, 0, 19, 30, 28, 2, 28, 39, 8, 16, 22, 2, 30, 8, 39]
    Edit distance: 13/20
  Sample 1:
    TRUE: [27, 16, 7, 39, 26, 11, 7, 2, 28, 30, 39, 28, 10, 34, 27, 2, 20, 39, 28, 5, 22, 8, 39, 20, 16, 31, 2, 14, 27, 1, 13, 28, 39]
    PRED: [27, 10, 30, 39, 26, 11, 7, 2, 37, 39, 28, 10, 34, 2, 20, 39, 5, 22, 30, 39, 20, 16, 9, 5, 13, 28, 39]
    Edit distance: 12/33
  Sample 2:
    TRUE: [28, 24, 39, 27, 33, 20, 37, 39, 35, 17, 39, 21, 12, 8, 39, 16, 22, 39, 2, 22, 2, 6, 1, 29, 30, 39, 19, 2, 20, 33, 38, 2, 22, 39]
    PRED: [9, 24, 39, 33, 20, 37, 39, 21, 17, 39, 21, 10, 8, 39, 16, 22, 39, 16, 22, 8, 27, 1, 29, 30, 39, 19, 33, 20, 33, 38, 2, 22, 39]
    Edit distance: 8/34
  Sample 3:
    TRUE: [20, 3, 27, 17, 37, 39, 19, 0, 28, 30, 33, 21, 39, 22, 17, 8, 2, 8, 39, 6, 20, 1, 19, 39, 14, 20, 2, 34, 37, 39, 30, 33, 39, 6, 17, 39, 19, 2, 21, 26, 20, 17, 30, 20, 17, 39, 10, 20, 2, 14, 2, 22, 30, 39]
    PRED: [19, 27, 24, 17, 39, 19, 5, 28, 5, 21, 2, 21, 39, 22, 10, 8, 2, 8, 39, 21, 27, 0, 19, 39, 14, 20, 2, 34, 37, 39, 30, 33, 39, 6, 17, 2, 39, 19, 2, 21, 26, 30, 20, 30, 39, 1, 20, 2, 22, 39]
    Edit distance: 20/54
  Sample 4:
    TRUE: [9, 2, 39, 30, 33, 31, 39, 13, 10, 27, 17, 39, 13, 11, 14, 0, 30, 39, 30, 33, 39, 19, 2, 21, 39, 35, 10, 22, 39, 27, 0, 18, 11, 37, 39, 30, 33, 31, 39, 13, 10, 20, 39, 4, 30, 39]
    PRED: [9, 2, 39, 36, 27, 33, 31, 30, 39, 13, 5, 11, 39, 13, 16, 19, 0, 30, 39, 30, 33, 39, 28, 30, 2, 21, 39, 35, 2, 22, 39, 35, 11, 8, 11, 39, 9, 33, 31, 13, 39, 13, 5, 20, 4, 30, 39]
    Edit distance: 19/46

============================================================
Batch 118500 | Val PER: 0.3185
============================================================
  Sample 0:
    TRUE: [31, 17, 0, 19, 27, 2, 28, 17, 39, 27, 17, 19, 2, 22, 28, 16, 8, 11, 8, 39]
    PRED: [9, 39, 0, 19, 30, 28, 2, 28, 39, 8, 16, 14, 22, 2, 30, 2, 8, 39]
    Edit distance: 13/20
  Sample 1:
    TRUE: [27, 16, 7, 39, 26, 11, 7, 2, 28, 30, 39, 28, 10, 34, 27, 2, 20, 39, 28, 5, 22, 8, 39, 20, 16, 31, 2, 14, 27, 1, 13, 28, 39]
    PRED: [27, 10, 30, 39, 26, 11, 1, 7, 2, 37, 39, 28, 10, 34, 2, 20, 39, 28, 5, 22, 8, 39, 20, 16, 9, 18, 5, 13, 30, 28, 39]
    Edit distance: 12/33
  Sample 2:
    TRUE: [28, 24, 39, 27, 33, 20, 37, 39, 35, 17, 39, 21, 12, 8, 39, 16, 22, 39, 2, 22, 2, 6, 1, 29, 30, 39, 19, 2, 20, 33, 38, 2, 22, 39]
    PRED: [9, 24, 39, 25, 20, 37, 39, 21, 17, 39, 21, 12, 8, 39, 16, 22, 39, 2, 22, 8, 27, 1, 29, 30, 39, 19, 33, 20, 33, 38, 2, 22, 39]
    Edit distance: 7/34
  Sample 3:
    TRUE: [20, 3, 27, 17, 37, 39, 19, 0, 28, 30, 33, 21, 39, 22, 17, 8, 2, 8, 39, 6, 20, 1, 19, 39, 14, 20, 2, 34, 37, 39, 30, 33, 39, 6, 17, 39, 19, 2, 21, 26, 20, 17, 30, 20, 17, 39, 10, 20, 2, 14, 2, 22, 30, 39]
    PRED: [19, 27, 24, 9, 17, 39, 19, 5, 28, 5, 21, 2, 21, 39, 22, 12, 8, 2, 8, 39, 21, 0, 19, 39, 14, 20, 2, 34, 37, 39, 30, 33, 39, 6, 17, 2, 39, 19, 2, 21, 26, 20, 2, 30, 11, 39, 1, 20, 2, 10, 2, 22, 39]
    Edit distance: 20/54
  Sample 4:
    TRUE: [9, 2, 39, 30, 33, 31, 39, 13, 10, 27, 17, 39, 13, 11, 14, 0, 30, 39, 30, 33, 39, 19, 2, 21, 39, 35, 10, 22, 39, 27, 0, 18, 11, 37, 39, 30, 33, 31, 39, 13, 10, 20, 39, 4, 30, 39]
    PRED: [9, 2, 39, 27, 33, 31, 30, 39, 13, 5, 11, 39, 13, 16, 19, 0, 30, 39, 30, 33, 39, 28, 30, 2, 21, 39, 35, 2, 22, 39, 35, 11, 8, 11, 39, 9, 33, 31, 13, 39, 13, 5, 20, 39, 4, 30, 39]
    Edit distance: 17/46

============================================================
Batch 119000 | Val PER: 0.3171
============================================================
  Sample 0:
    TRUE: [31, 17, 0, 19, 27, 2, 28, 17, 39, 27, 17, 19, 2, 22, 28, 16, 8, 11, 8, 39]
    PRED: [9, 39, 0, 19, 30, 28, 2, 28, 39, 27, 17, 22, 28, 2, 30, 8, 39]
    Edit distance: 10/20
  Sample 1:
    TRUE: [27, 16, 7, 39, 26, 11, 7, 2, 28, 30, 39, 28, 10, 34, 27, 2, 20, 39, 28, 5, 22, 8, 39, 20, 16, 31, 2, 14, 27, 1, 13, 28, 39]
    PRED: [27, 10, 30, 39, 26, 11, 7, 2, 37, 39, 28, 10, 34, 2, 20, 39, 28, 5, 22, 8, 39, 20, 16, 39, 9, 18, 5, 13, 30, 28, 39]
    Edit distance: 11/33
  Sample 2:
    TRUE: [28, 24, 39, 27, 33, 20, 37, 39, 35, 17, 39, 21, 12, 8, 39, 16, 22, 39, 2, 22, 2, 6, 1, 29, 30, 39, 19, 2, 20, 33, 38, 2, 22, 39]
    PRED: [9, 24, 39, 33, 20, 37, 39, 21, 17, 39, 21, 12, 8, 39, 16, 22, 39, 16, 22, 8, 1, 29, 30, 39, 19, 33, 20, 33, 12, 38, 2, 22, 39]
    Edit distance: 8/34
  Sample 3:
    TRUE: [20, 3, 27, 17, 37, 39, 19, 0, 28, 30, 33, 21, 39, 22, 17, 8, 2, 8, 39, 6, 20, 1, 19, 39, 14, 20, 2, 34, 37, 39, 30, 33, 39, 6, 17, 39, 19, 2, 21, 26, 20, 17, 30, 20, 17, 39, 10, 20, 2, 14, 2, 22, 30, 39]
    PRED: [19, 27, 24, 17, 39, 19, 5, 28, 5, 21, 2, 21, 39, 22, 12, 30, 2, 8, 39, 21, 27, 2, 19, 39, 14, 20, 2, 34, 37, 39, 30, 33, 39, 6, 17, 2, 39, 19, 2, 21, 26, 30, 20, 30, 39, 1, 20, 2, 10, 2, 22, 30, 39]
    Edit distance: 19/54
  Sample 4:
    TRUE: [9, 2, 39, 30, 33, 31, 39, 13, 10, 27, 17, 39, 13, 11, 14, 0, 30, 39, 30, 33, 39, 19, 2, 21, 39, 35, 10, 22, 39, 27, 0, 18, 11, 37, 39, 30, 33, 31, 39, 13, 10, 20, 39, 4, 30, 39]
    PRED: [9, 2, 39, 36, 27, 33, 31, 30, 39, 8, 5, 17, 39, 13, 16, 19, 0, 30, 2, 39, 30, 33, 39, 28, 30, 2, 21, 39, 35, 2, 22, 39, 35, 11, 8, 30, 11, 39, 9, 33, 31, 13, 39, 13, 5, 20, 39, 4, 30, 39]
    Edit distance: 20/46

============================================================
Batch 119500 | Val PER: 0.3159
============================================================
  Sample 0:
    TRUE: [31, 17, 0, 19, 27, 2, 28, 17, 39, 27, 17, 19, 2, 22, 28, 16, 8, 11, 8, 39]
    PRED: [9, 0, 19, 30, 2, 28, 39, 8, 16, 14, 22, 2, 30, 8, 39]
    Edit distance: 12/20
  Sample 1:
    TRUE: [27, 16, 7, 39, 26, 11, 7, 2, 28, 30, 39, 28, 10, 34, 27, 2, 20, 39, 28, 5, 22, 8, 39, 20, 16, 31, 2, 14, 27, 1, 13, 28, 39]
    PRED: [27, 10, 30, 39, 26, 11, 1, 7, 2, 37, 39, 28, 10, 34, 2, 20, 39, 28, 5, 22, 8, 39, 20, 16, 9, 24, 18, 5, 13, 30, 39]
    Edit distance: 12/33
  Sample 2:
    TRUE: [28, 24, 39, 27, 33, 20, 37, 39, 35, 17, 39, 21, 12, 8, 39, 16, 22, 39, 2, 22, 2, 6, 1, 29, 30, 39, 19, 2, 20, 33, 38, 2, 22, 39]
    PRED: [9, 24, 39, 33, 20, 37, 39, 21, 17, 39, 21, 12, 8, 39, 16, 22, 39, 16, 22, 8, 1, 29, 39, 19, 33, 20, 33, 12, 38, 2, 22, 39]
    Edit distance: 9/34
  Sample 3:
    TRUE: [20, 3, 27, 17, 37, 39, 19, 0, 28, 30, 33, 21, 39, 22, 17, 8, 2, 8, 39, 6, 20, 1, 19, 39, 14, 20, 2, 34, 37, 39, 30, 33, 39, 6, 17, 39, 19, 2, 21, 26, 20, 17, 30, 20, 17, 39, 10, 20, 2, 14, 2, 22, 30, 39]
    PRED: [19, 27, 24, 11, 39, 19, 5, 28, 5, 21, 2, 21, 39, 22, 12, 8, 2, 8, 39, 21, 1, 19, 39, 14, 20, 2, 34, 37, 39, 30, 33, 39, 6, 17, 33, 2, 39, 19, 2, 21, 26, 20, 30, 11, 39, 4, 1, 20, 2, 22, 39]
    Edit distance: 21/54
  Sample 4:
    TRUE: [9, 2, 39, 30, 33, 31, 39, 13, 10, 27, 17, 39, 13, 11, 14, 0, 30, 39, 30, 33, 39, 19, 2, 21, 39, 35, 10, 22, 39, 27, 0, 18, 11, 37, 39, 30, 33, 31, 39, 13, 10, 20, 39, 4, 30, 39]
    PRED: [9, 2, 39, 8, 27, 33, 31, 30, 39, 13, 5, 17, 39, 13, 16, 19, 0, 30, 2, 39, 30, 33, 39, 28, 30, 2, 21, 39, 35, 2, 22, 39, 35, 11, 8, 11, 39, 9, 33, 31, 13, 39, 13, 5, 20, 39, 4, 30, 39]
    Edit distance: 18/46

============================================================
Batch 120000 | Val PER: 0.3151
============================================================
  Sample 0:
    TRUE: [31, 17, 0, 19, 27, 2, 28, 17, 39, 27, 17, 19, 2, 22, 28, 16, 8, 11, 8, 39]
    PRED: [9, 39, 0, 19, 30, 28, 2, 28, 39, 8, 27, 16, 22, 2, 30, 2, 8, 39]
    Edit distance: 13/20
  Sample 1:
    TRUE: [27, 16, 7, 39, 26, 11, 7, 2, 28, 30, 39, 28, 10, 34, 27, 2, 20, 39, 28, 5, 22, 8, 39, 20, 16, 31, 2, 14, 27, 1, 13, 28, 39]
    PRED: [27, 10, 30, 39, 26, 11, 7, 2, 37, 39, 10, 34, 11, 20, 39, 28, 5, 22, 8, 39, 20, 16, 39, 9, 24, 18, 5, 13, 30, 28, 39]
    Edit distance: 13/33
  Sample 2:
    TRUE: [28, 24, 39, 27, 33, 20, 37, 39, 35, 17, 39, 21, 12, 8, 39, 16, 22, 39, 2, 22, 2, 6, 1, 29, 30, 39, 19, 2, 20, 33, 38, 2, 22, 39]
    PRED: [13, 9, 24, 39, 33, 20, 37, 39, 21, 17, 39, 21, 12, 8, 39, 16, 22, 39, 16, 22, 8, 1, 29, 30, 39, 19, 33, 20, 33, 38, 2, 22, 39]
    Edit distance: 8/34
  Sample 3:
    TRUE: [20, 3, 27, 17, 37, 39, 19, 0, 28, 30, 33, 21, 39, 22, 17, 8, 2, 8, 39, 6, 20, 1, 19, 39, 14, 20, 2, 34, 37, 39, 30, 33, 39, 6, 17, 39, 19, 2, 21, 26, 20, 17, 30, 20, 17, 39, 10, 20, 2, 14, 2, 22, 30, 39]
    PRED: [19, 27, 24, 9, 39, 19, 5, 28, 5, 21, 2, 21, 39, 22, 10, 8, 2, 8, 39, 21, 2, 19, 39, 14, 27, 2, 34, 37, 39, 30, 33, 39, 6, 17, 2, 39, 19, 2, 21, 26, 20, 30, 11, 39, 20, 2, 10, 2, 22, 8, 39]
    Edit distance: 20/54
  Sample 4:
    TRUE: [9, 2, 39, 30, 33, 31, 39, 13, 10, 27, 17, 39, 13, 11, 14, 0, 30, 39, 30, 33, 39, 19, 2, 21, 39, 35, 10, 22, 39, 27, 0, 18, 11, 37, 39, 30, 33, 31, 39, 13, 10, 20, 39, 4, 30, 39]
    PRED: [9, 2, 39, 8, 27, 33, 31, 30, 39, 13, 5, 11, 39, 16, 19, 0, 30, 2, 39, 30, 33, 39, 28, 30, 2, 21, 39, 35, 2, 22, 39, 35, 11, 8, 11, 39, 9, 33, 31, 13, 39, 13, 5, 20, 39, 4, 30, 39]
    Edit distance: 20/46

============================================================
Batch 120500 | Val PER: 0.3153
============================================================
  Sample 0:
    TRUE: [31, 17, 0, 19, 27, 2, 28, 17, 39, 27, 17, 19, 2, 22, 28, 16, 8, 11, 8, 39]
    PRED: [9, 39, 0, 19, 2, 28, 39, 8, 16, 17, 22, 2, 30, 2, 8, 39]
    Edit distance: 12/20
  Sample 1:
    TRUE: [27, 16, 7, 39, 26, 11, 7, 2, 28, 30, 39, 28, 10, 34, 27, 2, 20, 39, 28, 5, 22, 8, 39, 20, 16, 31, 2, 14, 27, 1, 13, 28, 39]
    PRED: [27, 10, 30, 39, 26, 11, 7, 2, 37, 39, 28, 10, 34, 11, 20, 39, 5, 22, 8, 39, 20, 16, 9, 24, 18, 5, 13, 30, 28, 39]
    Edit distance: 13/33
  Sample 2:
    TRUE: [28, 24, 39, 27, 33, 20, 37, 39, 35, 17, 39, 21, 12, 8, 39, 16, 22, 39, 2, 22, 2, 6, 1, 29, 30, 39, 19, 2, 20, 33, 38, 2, 22, 39]
    PRED: [9, 24, 39, 27, 25, 20, 37, 39, 35, 17, 39, 21, 12, 8, 39, 16, 22, 39, 16, 22, 8, 27, 1, 29, 30, 39, 19, 33, 24, 20, 33, 38, 2, 22, 39]
    Edit distance: 7/34
  Sample 3:
    TRUE: [20, 3, 27, 17, 37, 39, 19, 0, 28, 30, 33, 21, 39, 22, 17, 8, 2, 8, 39, 6, 20, 1, 19, 39, 14, 20, 2, 34, 37, 39, 30, 33, 39, 6, 17, 39, 19, 2, 21, 26, 20, 17, 30, 20, 17, 39, 10, 20, 2, 14, 2, 22, 30, 39]
    PRED: [19, 27, 24, 9, 17, 39, 19, 5, 28, 5, 21, 2, 21, 39, 22, 12, 8, 39, 21, 27, 2, 19, 39, 14, 27, 2, 34, 37, 39, 30, 33, 39, 6, 17, 33, 39, 19, 2, 21, 26, 20, 2, 30, 27, 39, 4, 20, 2, 22, 8, 39]
    Edit distance: 24/54
  Sample 4:
    TRUE: [9, 2, 39, 30, 33, 31, 39, 13, 10, 27, 17, 39, 13, 11, 14, 0, 30, 39, 30, 33, 39, 19, 2, 21, 39, 35, 10, 22, 39, 27, 0, 18, 11, 37, 39, 30, 33, 31, 39, 13, 10, 20, 39, 4, 30, 39]
    PRED: [9, 2, 39, 36, 27, 33, 31, 30, 39, 5, 39, 13, 16, 0, 30, 2, 8, 39, 30, 33, 39, 28, 30, 2, 21, 39, 35, 2, 22, 39, 35, 11, 8, 11, 39, 9, 33, 31, 13, 39, 13, 5, 20, 39, 4, 30, 39]
    Edit distance: 21/46

============================================================
Batch 121000 | Val PER: 0.3191
============================================================
  Sample 0:
    TRUE: [31, 17, 0, 19, 27, 2, 28, 17, 39, 27, 17, 19, 2, 22, 28, 16, 8, 11, 8, 39]
    PRED: [9, 39, 0, 19, 30, 28, 2, 28, 39, 8, 16, 2, 30, 8, 39]
    Edit distance: 13/20
  Sample 1:
    TRUE: [27, 16, 7, 39, 26, 11, 7, 2, 28, 30, 39, 28, 10, 34, 27, 2, 20, 39, 28, 5, 22, 8, 39, 20, 16, 31, 2, 14, 27, 1, 13, 28, 39]
    PRED: [27, 10, 30, 39, 26, 11, 7, 2, 37, 39, 10, 34, 2, 20, 39, 28, 5, 22, 8, 30, 39, 20, 16, 5, 13, 28, 39]
    Edit distance: 12/33
  Sample 2:
    TRUE: [28, 24, 39, 27, 33, 20, 37, 39, 35, 17, 39, 21, 12, 8, 39, 16, 22, 39, 2, 22, 2, 6, 1, 29, 30, 39, 19, 2, 20, 33, 38, 2, 22, 39]
    PRED: [9, 24, 39, 35, 33, 20, 37, 39, 35, 17, 39, 21, 12, 8, 39, 16, 22, 39, 2, 22, 8, 27, 1, 29, 30, 39, 33, 20, 33, 12, 38, 2, 22, 39]
    Edit distance: 7/34
  Sample 3:
    TRUE: [20, 3, 27, 17, 37, 39, 19, 0, 28, 30, 33, 21, 39, 22, 17, 8, 2, 8, 39, 6, 20, 1, 19, 39, 14, 20, 2, 34, 37, 39, 30, 33, 39, 6, 17, 39, 19, 2, 21, 26, 20, 17, 30, 20, 17, 39, 10, 20, 2, 14, 2, 22, 30, 39]
    PRED: [19, 27, 24, 39, 19, 5, 28, 5, 21, 2, 21, 39, 22, 12, 8, 39, 21, 1, 19, 39, 14, 20, 2, 16, 34, 37, 39, 30, 33, 39, 6, 17, 2, 39, 19, 2, 21, 26, 20, 30, 39, 20, 2, 22, 39]
    Edit distance: 22/54
  Sample 4:
    TRUE: [9, 2, 39, 30, 33, 31, 39, 13, 10, 27, 17, 39, 13, 11, 14, 0, 30, 39, 30, 33, 39, 19, 2, 21, 39, 35, 10, 22, 39, 27, 0, 18, 11, 37, 39, 30, 33, 31, 39, 13, 10, 20, 39, 4, 30, 39]
    PRED: [9, 2, 39, 36, 33, 31, 30, 39, 13, 5, 11, 39, 16, 17, 0, 30, 39, 30, 33, 39, 28, 30, 2, 21, 39, 35, 2, 22, 39, 35, 11, 11, 39, 9, 33, 31, 13, 39, 13, 5, 20, 39, 4, 30, 39]
    Edit distance: 18/46

============================================================
Batch 121500 | Val PER: 0.3137
============================================================
  Sample 0:
    TRUE: [31, 17, 0, 19, 27, 2, 28, 17, 39, 27, 17, 19, 2, 22, 28, 16, 8, 11, 8, 39]
    PRED: [9, 39, 0, 19, 30, 28, 2, 28, 39, 27, 16, 22, 2, 30, 8, 39]
    Edit distance: 12/20
  Sample 1:
    TRUE: [27, 16, 7, 39, 26, 11, 7, 2, 28, 30, 39, 28, 10, 34, 27, 2, 20, 39, 28, 5, 22, 8, 39, 20, 16, 31, 2, 14, 27, 1, 13, 28, 39]
    PRED: [27, 10, 30, 39, 26, 11, 28, 2, 37, 39, 10, 34, 11, 20, 39, 5, 22, 8, 37, 39, 20, 16, 9, 5, 13, 30, 39]
    Edit distance: 16/33
  Sample 2:
    TRUE: [28, 24, 39, 27, 33, 20, 37, 39, 35, 17, 39, 21, 12, 8, 39, 16, 22, 39, 2, 22, 2, 6, 1, 29, 30, 39, 19, 2, 20, 33, 38, 2, 22, 39]
    PRED: [9, 24, 39, 33, 16, 20, 37, 39, 21, 17, 39, 21, 12, 8, 39, 16, 22, 39, 2, 22, 8, 27, 5, 29, 30, 39, 19, 33, 24, 20, 33, 38, 2, 22, 39]
    Edit distance: 9/34
  Sample 3:
    TRUE: [20, 3, 27, 17, 37, 39, 19, 0, 28, 30, 33, 21, 39, 22, 17, 8, 2, 8, 39, 6, 20, 1, 19, 39, 14, 20, 2, 34, 37, 39, 30, 33, 39, 6, 17, 39, 19, 2, 21, 26, 20, 17, 30, 20, 17, 39, 10, 20, 2, 14, 2, 22, 30, 39]
    PRED: [19, 27, 24, 39, 19, 5, 28, 5, 21, 2, 21, 39, 22, 33, 8, 39, 21, 2, 19, 39, 14, 20, 2, 34, 37, 39, 30, 33, 39, 6, 17, 39, 19, 2, 21, 26, 20, 11, 39, 20, 2, 10, 2, 22, 8, 39]
    Edit distance: 21/54
  Sample 4:
    TRUE: [9, 2, 39, 30, 33, 31, 39, 13, 10, 27, 17, 39, 13, 11, 14, 0, 30, 39, 30, 33, 39, 19, 2, 21, 39, 35, 10, 22, 39, 27, 0, 18, 11, 37, 39, 30, 33, 31, 39, 13, 10, 20, 39, 4, 30, 39]
    PRED: [9, 2, 39, 36, 33, 31, 30, 39, 31, 5, 17, 39, 13, 16, 0, 30, 39, 30, 33, 39, 28, 30, 2, 21, 39, 35, 2, 22, 39, 35, 11, 11, 39, 36, 9, 33, 31, 13, 39, 13, 5, 20, 39, 4, 30, 39]
    Edit distance: 18/46

============================================================
Batch 122000 | Val PER: 0.3155
============================================================
  Sample 0:
    TRUE: [31, 17, 0, 19, 27, 2, 28, 17, 39, 27, 17, 19, 2, 22, 28, 16, 8, 11, 8, 39]
    PRED: [9, 2, 39, 0, 19, 30, 28, 2, 28, 39, 8, 16, 22, 2, 30, 8, 39]
    Edit distance: 14/20
  Sample 1:
    TRUE: [27, 16, 7, 39, 26, 11, 7, 2, 28, 30, 39, 28, 10, 34, 27, 2, 20, 39, 28, 5, 22, 8, 39, 20, 16, 31, 2, 14, 27, 1, 13, 28, 39]
    PRED: [27, 10, 7, 28, 30, 39, 26, 11, 7, 2, 37, 39, 10, 34, 2, 20, 39, 28, 5, 22, 8, 37, 39, 20, 16, 9, 18, 5, 13, 30, 39]
    Edit distance: 14/33
  Sample 2:
    TRUE: [28, 24, 39, 27, 33, 20, 37, 39, 35, 17, 39, 21, 12, 8, 39, 16, 22, 39, 2, 22, 2, 6, 1, 29, 30, 39, 19, 2, 20, 33, 38, 2, 22, 39]
    PRED: [9, 24, 39, 33, 25, 20, 37, 39, 35, 17, 39, 21, 12, 8, 39, 16, 22, 39, 2, 22, 8, 2, 29, 30, 39, 19, 33, 20, 33, 38, 2, 22, 39]
    Edit distance: 7/34
  Sample 3:
    TRUE: [20, 3, 27, 17, 37, 39, 19, 0, 28, 30, 33, 21, 39, 22, 17, 8, 2, 8, 39, 6, 20, 1, 19, 39, 14, 20, 2, 34, 37, 39, 30, 33, 39, 6, 17, 39, 19, 2, 21, 26, 20, 17, 30, 20, 17, 39, 10, 20, 2, 14, 2, 22, 30, 39]
    PRED: [8, 27, 24, 9, 39, 19, 5, 28, 21, 2, 21, 39, 22, 33, 8, 39, 21, 2, 19, 39, 14, 20, 2, 34, 37, 39, 30, 33, 39, 6, 17, 33, 39, 19, 2, 21, 26, 20, 30, 11, 39, 20, 2, 22, 8, 39]
    Edit distance: 21/54
  Sample 4:
    TRUE: [9, 2, 39, 30, 33, 31, 39, 13, 10, 27, 17, 39, 13, 11, 14, 0, 30, 39, 30, 33, 39, 19, 2, 21, 39, 35, 10, 22, 39, 27, 0, 18, 11, 37, 39, 30, 33, 31, 39, 13, 10, 20, 39, 4, 30, 39]
    PRED: [9, 2, 39, 8, 33, 31, 30, 39, 31, 5, 17, 39, 13, 16, 19, 0, 30, 2, 39, 30, 33, 39, 28, 30, 2, 21, 39, 35, 2, 22, 39, 35, 11, 8, 11, 39, 9, 33, 31, 13, 39, 5, 20, 39, 4, 30, 39]
    Edit distance: 19/46

============================================================
Batch 122500 | Val PER: 0.3154
============================================================
  Sample 0:
    TRUE: [31, 17, 0, 19, 27, 2, 28, 17, 39, 27, 17, 19, 2, 22, 28, 16, 8, 11, 8, 39]
    PRED: [9, 39, 0, 19, 28, 2, 28, 39, 8, 16, 22, 30, 8, 39]
    Edit distance: 12/20
  Sample 1:
    TRUE: [27, 16, 7, 39, 26, 11, 7, 2, 28, 30, 39, 28, 10, 34, 27, 2, 20, 39, 28, 5, 22, 8, 39, 20, 16, 31, 2, 14, 27, 1, 13, 28, 39]
    PRED: [35, 10, 7, 30, 39, 26, 11, 7, 2, 37, 39, 28, 10, 34, 11, 20, 39, 28, 5, 22, 8, 39, 20, 16, 39, 9, 24, 18, 5, 13, 30, 39]
    Edit distance: 13/33
  Sample 2:
    TRUE: [28, 24, 39, 27, 33, 20, 37, 39, 35, 17, 39, 21, 12, 8, 39, 16, 22, 39, 2, 22, 2, 6, 1, 29, 30, 39, 19, 2, 20, 33, 38, 2, 22, 39]
    PRED: [9, 24, 39, 33, 20, 37, 39, 35, 17, 39, 21, 12, 8, 39, 16, 22, 39, 16, 22, 8, 27, 1, 29, 30, 39, 28, 19, 20, 33, 20, 33, 38, 2, 22, 39]
    Edit distance: 8/34
  Sample 3:
    TRUE: [20, 3, 27, 17, 37, 39, 19, 0, 28, 30, 33, 21, 39, 22, 17, 8, 2, 8, 39, 6, 20, 1, 19, 39, 14, 20, 2, 34, 37, 39, 30, 33, 39, 6, 17, 39, 19, 2, 21, 26, 20, 17, 30, 20, 17, 39, 10, 20, 2, 14, 2, 22, 30, 39]
    PRED: [19, 27, 24, 9, 11, 39, 19, 5, 28, 21, 2, 21, 39, 22, 12, 8, 39, 21, 2, 19, 39, 14, 20, 2, 34, 37, 39, 30, 33, 39, 6, 17, 33, 39, 19, 2, 21, 26, 20, 11, 39, 20, 2, 10, 22, 8, 39]
    Edit distance: 23/54
  Sample 4:
    TRUE: [9, 2, 39, 30, 33, 31, 39, 13, 10, 27, 17, 39, 13, 11, 14, 0, 30, 39, 30, 33, 39, 19, 2, 21, 39, 35, 10, 22, 39, 27, 0, 18, 11, 37, 39, 30, 33, 31, 39, 13, 10, 20, 39, 4, 30, 39]
    PRED: [9, 2, 39, 36, 33, 31, 30, 39, 31, 5, 17, 39, 13, 16, 19, 0, 30, 39, 30, 33, 39, 28, 30, 2, 21, 39, 35, 2, 22, 39, 35, 11, 8, 11, 39, 9, 33, 31, 13, 39, 13, 5, 20, 39, 4, 30, 39]
    Edit distance: 17/46

============================================================
Batch 123000 | Val PER: 0.3139
============================================================
  Sample 0:
    TRUE: [31, 17, 0, 19, 27, 2, 28, 17, 39, 27, 17, 19, 2, 22, 28, 16, 8, 11, 8, 39]
    PRED: [9, 39, 0, 19, 28, 2, 28, 39, 27, 16, 22, 2, 30, 2, 8, 39]
    Edit distance: 11/20
  Sample 1:
    TRUE: [27, 16, 7, 39, 26, 11, 7, 2, 28, 30, 39, 28, 10, 34, 27, 2, 20, 39, 28, 5, 22, 8, 39, 20, 16, 31, 2, 14, 27, 1, 13, 28, 39]
    PRED: [27, 10, 7, 30, 39, 26, 11, 7, 2, 37, 39, 10, 34, 2, 20, 39, 5, 22, 8, 37, 39, 20, 16, 9, 5, 13, 30, 39]
    Edit distance: 14/33
  Sample 2:
    TRUE: [28, 24, 39, 27, 33, 20, 37, 39, 35, 17, 39, 21, 12, 8, 39, 16, 22, 39, 2, 22, 2, 6, 1, 29, 30, 39, 19, 2, 20, 33, 38, 2, 22, 39]
    PRED: [9, 24, 39, 33, 20, 37, 39, 35, 17, 39, 21, 12, 8, 39, 16, 22, 39, 2, 22, 1, 29, 30, 39, 19, 20, 33, 24, 20, 33, 38, 2, 22, 39]
    Edit distance: 7/34
  Sample 3:
    TRUE: [20, 3, 27, 17, 37, 39, 19, 0, 28, 30, 33, 21, 39, 22, 17, 8, 2, 8, 39, 6, 20, 1, 19, 39, 14, 20, 2, 34, 37, 39, 30, 33, 39, 6, 17, 39, 19, 2, 21, 26, 20, 17, 30, 20, 17, 39, 10, 20, 2, 14, 2, 22, 30, 39]
    PRED: [19, 27, 24, 9, 17, 39, 19, 5, 28, 21, 2, 21, 39, 22, 12, 8, 2, 8, 39, 21, 0, 2, 19, 39, 14, 20, 2, 34, 37, 39, 30, 33, 39, 6, 17, 33, 39, 19, 2, 21, 26, 20, 30, 11, 39, 4, 20, 2, 10, 2, 22, 8, 39]
    Edit distance: 19/54
  Sample 4:
    TRUE: [9, 2, 39, 30, 33, 31, 39, 13, 10, 27, 17, 39, 13, 11, 14, 0, 30, 39, 30, 33, 39, 19, 2, 21, 39, 35, 10, 22, 39, 27, 0, 18, 11, 37, 39, 30, 33, 31, 39, 13, 10, 20, 39, 4, 30, 39]
    PRED: [9, 2, 39, 36, 27, 33, 31, 30, 39, 31, 5, 17, 39, 13, 16, 19, 0, 30, 2, 39, 30, 33, 39, 28, 30, 2, 21, 39, 35, 2, 22, 39, 35, 11, 8, 11, 39, 9, 33, 31, 13, 39, 13, 5, 20, 39, 4, 30, 39]
    Edit distance: 19/46

============================================================
Batch 123500 | Val PER: 0.3137
============================================================
  Sample 0:
    TRUE: [31, 17, 0, 19, 27, 2, 28, 17, 39, 27, 17, 19, 2, 22, 28, 16, 8, 11, 8, 39]
    PRED: [9, 39, 0, 19, 30, 28, 2, 28, 39, 8, 17, 22, 2, 30, 8, 39]
    Edit distance: 12/20
  Sample 1:
    TRUE: [27, 16, 7, 39, 26, 11, 7, 2, 28, 30, 39, 28, 10, 34, 27, 2, 20, 39, 28, 5, 22, 8, 39, 20, 16, 31, 2, 14, 27, 1, 13, 28, 39]
    PRED: [27, 10, 30, 39, 26, 11, 25, 7, 2, 37, 39, 10, 34, 2, 20, 39, 28, 5, 22, 8, 37, 39, 20, 16, 17, 9, 14, 5, 13, 30, 28, 39]
    Edit distance: 13/33
  Sample 2:
    TRUE: [28, 24, 39, 27, 33, 20, 37, 39, 35, 17, 39, 21, 12, 8, 39, 16, 22, 39, 2, 22, 2, 6, 1, 29, 30, 39, 19, 2, 20, 33, 38, 2, 22, 39]
    PRED: [9, 24, 39, 25, 20, 37, 39, 35, 17, 39, 21, 12, 8, 39, 16, 22, 39, 16, 22, 8, 1, 29, 30, 39, 19, 20, 33, 20, 33, 38, 2, 22, 39]
    Edit distance: 8/34
  Sample 3:
    TRUE: [20, 3, 27, 17, 37, 39, 19, 0, 28, 30, 33, 21, 39, 22, 17, 8, 2, 8, 39, 6, 20, 1, 19, 39, 14, 20, 2, 34, 37, 39, 30, 33, 39, 6, 17, 39, 19, 2, 21, 26, 20, 17, 30, 20, 17, 39, 10, 20, 2, 14, 2, 22, 30, 39]
    PRED: [19, 24, 0, 9, 39, 19, 5, 28, 21, 2, 21, 39, 22, 12, 8, 39, 21, 0, 1, 19, 39, 14, 20, 2, 34, 37, 39, 30, 33, 39, 6, 17, 33, 39, 19, 2, 21, 26, 20, 30, 11, 39, 4, 20, 2, 10, 8, 39]
    Edit distance: 22/54
  Sample 4:
    TRUE: [9, 2, 39, 30, 33, 31, 39, 13, 10, 27, 17, 39, 13, 11, 14, 0, 30, 39, 30, 33, 39, 19, 2, 21, 39, 35, 10, 22, 39, 27, 0, 18, 11, 37, 39, 30, 33, 31, 39, 13, 10, 20, 39, 4, 30, 39]
    PRED: [9, 2, 39, 8, 33, 31, 30, 39, 13, 31, 5, 17, 39, 13, 16, 19, 0, 30, 8, 39, 30, 33, 39, 28, 30, 2, 21, 39, 35, 2, 22, 39, 35, 11, 11, 39, 9, 33, 31, 13, 39, 13, 5, 20, 39, 4, 30, 39]
    Edit distance: 17/46

============================================================
Batch 124000 | Val PER: 0.3148
============================================================
  Sample 0:
    TRUE: [31, 17, 0, 19, 27, 2, 28, 17, 39, 27, 17, 19, 2, 22, 28, 16, 8, 11, 8, 39]
    PRED: [9, 39, 0, 19, 30, 19, 28, 2, 28, 39, 27, 16, 22, 2, 30, 2, 8, 39]
    Edit distance: 13/20
  Sample 1:
    TRUE: [27, 16, 7, 39, 26, 11, 7, 2, 28, 30, 39, 28, 10, 34, 27, 2, 20, 39, 28, 5, 22, 8, 39, 20, 16, 31, 2, 14, 27, 1, 13, 28, 39]
    PRED: [27, 10, 30, 39, 26, 11, 7, 2, 37, 39, 28, 10, 34, 2, 20, 39, 28, 1, 5, 22, 8, 39, 20, 16, 9, 18, 5, 13, 28, 39]
    Edit distance: 11/33
  Sample 2:
    TRUE: [28, 24, 39, 27, 33, 20, 37, 39, 35, 17, 39, 21, 12, 8, 39, 16, 22, 39, 2, 22, 2, 6, 1, 29, 30, 39, 19, 2, 20, 33, 38, 2, 22, 39]
    PRED: [15, 9, 24, 39, 33, 25, 20, 37, 39, 21, 17, 39, 21, 12, 8, 39, 16, 22, 39, 2, 22, 8, 1, 29, 30, 39, 19, 33, 20, 33, 38, 2, 22, 39]
    Edit distance: 8/34
  Sample 3:
    TRUE: [20, 3, 27, 17, 37, 39, 19, 0, 28, 30, 33, 21, 39, 22, 17, 8, 2, 8, 39, 6, 20, 1, 19, 39, 14, 20, 2, 34, 37, 39, 30, 33, 39, 6, 17, 39, 19, 2, 21, 26, 20, 17, 30, 20, 17, 39, 10, 20, 2, 14, 2, 22, 30, 39]
    PRED: [19, 27, 24, 9, 11, 39, 19, 5, 28, 21, 2, 21, 39, 22, 12, 8, 2, 8, 39, 21, 0, 1, 19, 39, 14, 20, 2, 34, 37, 39, 30, 33, 39, 6, 17, 33, 39, 19, 2, 21, 26, 30, 20, 30, 11, 39, 20, 2, 10, 2, 22, 8, 39]
    Edit distance: 19/54
  Sample 4:
    TRUE: [9, 2, 39, 30, 33, 31, 39, 13, 10, 27, 17, 39, 13, 11, 14, 0, 30, 39, 30, 33, 39, 19, 2, 21, 39, 35, 10, 22, 39, 27, 0, 18, 11, 37, 39, 30, 33, 31, 39, 13, 10, 20, 39, 4, 30, 39]
    PRED: [9, 2, 39, 8, 27, 33, 31, 30, 39, 13, 5, 17, 39, 13, 16, 2, 19, 0, 30, 8, 39, 30, 33, 39, 28, 30, 2, 21, 39, 35, 2, 22, 39, 35, 11, 8, 11, 39, 9, 33, 31, 13, 39, 13, 5, 20, 39, 4, 30, 39]
    Edit distance: 19/46

============================================================
Batch 124500 | Val PER: 0.3179
============================================================
  Sample 0:
    TRUE: [31, 17, 0, 19, 27, 2, 28, 17, 39, 27, 17, 19, 2, 22, 28, 16, 8, 11, 8, 39]
    PRED: [9, 39, 0, 19, 30, 28, 2, 28, 39, 27, 17, 19, 22, 2, 30, 2, 8, 39]
    Edit distance: 10/20
  Sample 1:
    TRUE: [27, 16, 7, 39, 26, 11, 7, 2, 28, 30, 39, 28, 10, 34, 27, 2, 20, 39, 28, 5, 22, 8, 39, 20, 16, 31, 2, 14, 27, 1, 13, 28, 39]
    PRED: [27, 10, 7, 30, 39, 26, 11, 25, 28, 2, 37, 39, 28, 10, 34, 11, 20, 39, 28, 5, 22, 8, 37, 39, 20, 16, 39, 9, 24, 5, 13, 30, 39]
    Edit distance: 15/33
  Sample 2:
    TRUE: [28, 24, 39, 27, 33, 20, 37, 39, 35, 17, 39, 21, 12, 8, 39, 16, 22, 39, 2, 22, 2, 6, 1, 29, 30, 39, 19, 2, 20, 33, 38, 2, 22, 39]
    PRED: [15, 9, 24, 39, 33, 20, 37, 39, 35, 17, 39, 21, 12, 8, 39, 16, 22, 39, 2, 22, 8, 2, 29, 30, 39, 19, 33, 20, 33, 38, 2, 22, 39]
    Edit distance: 7/34
  Sample 3:
    TRUE: [20, 3, 27, 17, 37, 39, 19, 0, 28, 30, 33, 21, 39, 22, 17, 8, 2, 8, 39, 6, 20, 1, 19, 39, 14, 20, 2, 34, 37, 39, 30, 33, 39, 6, 17, 39, 19, 2, 21, 26, 20, 17, 30, 20, 17, 39, 10, 20, 2, 14, 2, 22, 30, 39]
    PRED: [19, 27, 24, 9, 11, 39, 19, 5, 28, 21, 39, 22, 5, 8, 2, 8, 39, 21, 0, 1, 19, 39, 14, 20, 2, 34, 37, 39, 30, 33, 39, 6, 17, 39, 19, 2, 21, 26, 30, 20, 30, 11, 39, 4, 20, 2, 22, 8, 39]
    Edit distance: 19/54
  Sample 4:
    TRUE: [9, 2, 39, 30, 33, 31, 39, 13, 10, 27, 17, 39, 13, 11, 14, 0, 30, 39, 30, 33, 39, 19, 2, 21, 39, 35, 10, 22, 39, 27, 0, 18, 11, 37, 39, 30, 33, 31, 39, 13, 10, 20, 39, 4, 30, 39]
    PRED: [9, 2, 39, 8, 27, 33, 31, 30, 39, 31, 5, 17, 39, 13, 16, 2, 19, 0, 30, 8, 39, 30, 33, 39, 28, 30, 2, 21, 39, 35, 2, 22, 39, 35, 11, 0, 11, 39, 9, 33, 31, 13, 39, 13, 5, 20, 39, 4, 30, 39]
    Edit distance: 20/46

============================================================
Batch 125000 | Val PER: 0.3164
============================================================
  Sample 0:
    TRUE: [31, 17, 0, 19, 27, 2, 28, 17, 39, 27, 17, 19, 2, 22, 28, 16, 8, 11, 8, 39]
    PRED: [9, 39, 0, 19, 30, 19, 28, 2, 28, 39, 27, 17, 22, 2, 30, 8, 39]
    Edit distance: 12/20
  Sample 1:
    TRUE: [27, 16, 7, 39, 26, 11, 7, 2, 28, 30, 39, 28, 10, 34, 27, 2, 20, 39, 28, 5, 22, 8, 39, 20, 16, 31, 2, 14, 27, 1, 13, 28, 39]
    PRED: [27, 10, 30, 39, 26, 11, 25, 7, 2, 37, 39, 28, 10, 34, 2, 20, 39, 28, 5, 22, 8, 37, 39, 20, 16, 39, 9, 18, 5, 13, 30, 39]
    Edit distance: 13/33
  Sample 2:
    TRUE: [28, 24, 39, 27, 33, 20, 37, 39, 35, 17, 39, 21, 12, 8, 39, 16, 22, 39, 2, 22, 2, 6, 1, 29, 30, 39, 19, 2, 20, 33, 38, 2, 22, 39]
    PRED: [9, 24, 39, 27, 25, 20, 37, 39, 35, 17, 39, 21, 12, 8, 39, 16, 22, 39, 16, 22, 1, 29, 30, 39, 19, 33, 24, 20, 33, 38, 2, 22, 39]
    Edit distance: 7/34
  Sample 3:
    TRUE: [20, 3, 27, 17, 37, 39, 19, 0, 28, 30, 33, 21, 39, 22, 17, 8, 2, 8, 39, 6, 20, 1, 19, 39, 14, 20, 2, 34, 37, 39, 30, 33, 39, 6, 17, 39, 19, 2, 21, 26, 20, 17, 30, 20, 17, 39, 10, 20, 2, 14, 2, 22, 30, 39]
    PRED: [19, 27, 24, 17, 39, 19, 5, 28, 5, 21, 39, 22, 12, 8, 39, 21, 1, 19, 39, 14, 20, 2, 34, 37, 39, 30, 33, 39, 6, 17, 39, 19, 2, 21, 26, 20, 30, 11, 39, 1, 20, 2, 10, 2, 22, 8, 39]
    Edit distance: 18/54
  Sample 4:
    TRUE: [9, 2, 39, 30, 33, 31, 39, 13, 10, 27, 17, 39, 13, 11, 14, 0, 30, 39, 30, 33, 39, 19, 2, 21, 39, 35, 10, 22, 39, 27, 0, 18, 11, 37, 39, 30, 33, 31, 39, 13, 10, 20, 39, 4, 30, 39]
    PRED: [9, 2, 39, 8, 27, 33, 31, 30, 39, 31, 5, 17, 39, 13, 16, 2, 19, 0, 30, 39, 30, 33, 39, 28, 30, 2, 21, 39, 35, 2, 22, 39, 35, 11, 11, 39, 9, 33, 31, 13, 39, 13, 5, 20, 39, 4, 30, 39]
    Edit distance: 19/46

============================================================
Batch 125500 | Val PER: 0.3131
============================================================
  Sample 0:
    TRUE: [31, 17, 0, 19, 27, 2, 28, 17, 39, 27, 17, 19, 2, 22, 28, 16, 8, 11, 8, 39]
    PRED: [9, 39, 0, 19, 30, 19, 28, 2, 28, 39, 27, 16, 22, 2, 30, 2, 8, 39]
    Edit distance: 13/20
  Sample 1:
    TRUE: [27, 16, 7, 39, 26, 11, 7, 2, 28, 30, 39, 28, 10, 34, 27, 2, 20, 39, 28, 5, 22, 8, 39, 20, 16, 31, 2, 14, 27, 1, 13, 28, 39]
    PRED: [27, 10, 30, 39, 26, 11, 25, 7, 2, 37, 39, 10, 34, 2, 20, 39, 28, 5, 22, 8, 37, 39, 20, 16, 2, 14, 5, 13, 30, 39]
    Edit distance: 12/33
  Sample 2:
    TRUE: [28, 24, 39, 27, 33, 20, 37, 39, 35, 17, 39, 21, 12, 8, 39, 16, 22, 39, 2, 22, 2, 6, 1, 29, 30, 39, 19, 2, 20, 33, 38, 2, 22, 39]
    PRED: [9, 24, 39, 27, 25, 20, 37, 39, 21, 17, 39, 21, 12, 8, 39, 16, 22, 39, 2, 22, 2, 29, 30, 39, 19, 20, 33, 38, 2, 22, 39]
    Edit distance: 6/34
  Sample 3:
    TRUE: [20, 3, 27, 17, 37, 39, 19, 0, 28, 30, 33, 21, 39, 22, 17, 8, 2, 8, 39, 6, 20, 1, 19, 39, 14, 20, 2, 34, 37, 39, 30, 33, 39, 6, 17, 39, 19, 2, 21, 26, 20, 17, 30, 20, 17, 39, 10, 20, 2, 14, 2, 22, 30, 39]
    PRED: [19, 27, 24, 17, 39, 19, 5, 28, 21, 2, 21, 39, 22, 4, 8, 2, 8, 39, 21, 2, 19, 39, 14, 27, 2, 34, 37, 39, 30, 33, 39, 6, 17, 39, 19, 2, 21, 26, 20, 2, 30, 11, 39, 4, 20, 2, 22, 8, 39]
    Edit distance: 19/54
  Sample 4:
    TRUE: [9, 2, 39, 30, 33, 31, 39, 13, 10, 27, 17, 39, 13, 11, 14, 0, 30, 39, 30, 33, 39, 19, 2, 21, 39, 35, 10, 22, 39, 27, 0, 18, 11, 37, 39, 30, 33, 31, 39, 13, 10, 20, 39, 4, 30, 39]
    PRED: [9, 2, 39, 36, 27, 33, 31, 30, 39, 13, 5, 17, 39, 13, 16, 2, 19, 0, 30, 2, 39, 30, 33, 39, 28, 30, 2, 21, 39, 35, 2, 22, 39, 35, 11, 18, 30, 11, 39, 9, 33, 31, 13, 39, 13, 5, 20, 39, 4, 30, 39]
    Edit distance: 19/46

============================================================
Batch 126000 | Val PER: 0.3174
============================================================
  Sample 0:
    TRUE: [31, 17, 0, 19, 27, 2, 28, 17, 39, 27, 17, 19, 2, 22, 28, 16, 8, 11, 8, 39]
    PRED: [9, 39, 0, 19, 28, 2, 28, 39, 27, 16, 22, 2, 30, 8, 39]
    Edit distance: 11/20
  Sample 1:
    TRUE: [27, 16, 7, 39, 26, 11, 7, 2, 28, 30, 39, 28, 10, 34, 27, 2, 20, 39, 28, 5, 22, 8, 39, 20, 16, 31, 2, 14, 27, 1, 13, 28, 39]
    PRED: [27, 10, 7, 30, 39, 26, 11, 1, 7, 2, 18, 39, 28, 8, 10, 34, 2, 20, 39, 28, 5, 22, 8, 30, 39, 20, 16, 39, 2, 8, 5, 13, 30, 28, 39]
    Edit distance: 13/33
  Sample 2:
    TRUE: [28, 24, 39, 27, 33, 20, 37, 39, 35, 17, 39, 21, 12, 8, 39, 16, 22, 39, 2, 22, 2, 6, 1, 29, 30, 39, 19, 2, 20, 33, 38, 2, 22, 39]
    PRED: [9, 24, 39, 27, 25, 20, 37, 39, 35, 17, 39, 21, 12, 8, 39, 16, 22, 39, 16, 22, 8, 27, 1, 29, 30, 39, 19, 20, 33, 38, 2, 22, 39]
    Edit distance: 6/34
  Sample 3:
    TRUE: [20, 3, 27, 17, 37, 39, 19, 0, 28, 30, 33, 21, 39, 22, 17, 8, 2, 8, 39, 6, 20, 1, 19, 39, 14, 20, 2, 34, 37, 39, 30, 33, 39, 6, 17, 39, 19, 2, 21, 26, 20, 17, 30, 20, 17, 39, 10, 20, 2, 14, 2, 22, 30, 39]
    PRED: [19, 27, 24, 9, 17, 39, 19, 5, 19, 5, 21, 2, 21, 39, 22, 12, 8, 39, 21, 2, 19, 39, 14, 27, 2, 34, 37, 39, 30, 33, 39, 6, 17, 33, 39, 19, 2, 21, 26, 20, 2, 30, 11, 39, 20, 2, 22, 8, 39]
    Edit distance: 25/54
  Sample 4:
    TRUE: [9, 2, 39, 30, 33, 31, 39, 13, 10, 27, 17, 39, 13, 11, 14, 0, 30, 39, 30, 33, 39, 19, 2, 21, 39, 35, 10, 22, 39, 27, 0, 18, 11, 37, 39, 30, 33, 31, 39, 13, 10, 20, 39, 4, 30, 39]
    PRED: [9, 2, 39, 36, 33, 31, 30, 39, 13, 31, 5, 17, 39, 13, 16, 2, 19, 0, 30, 8, 39, 30, 33, 39, 28, 30, 2, 21, 39, 35, 2, 22, 39, 35, 11, 11, 39, 9, 33, 31, 13, 39, 13, 5, 20, 39, 4, 30, 39]
    Edit distance: 18/46

============================================================
Batch 126500 | Val PER: 0.3151
============================================================
  Sample 0:
    TRUE: [31, 17, 0, 19, 27, 2, 28, 17, 39, 27, 17, 19, 2, 22, 28, 16, 8, 11, 8, 39]
    PRED: [9, 0, 19, 28, 2, 28, 39, 27, 17, 22, 2, 30, 8, 39]
    Edit distance: 10/20
  Sample 1:
    TRUE: [27, 16, 7, 39, 26, 11, 7, 2, 28, 30, 39, 28, 10, 34, 27, 2, 20, 39, 28, 5, 22, 8, 39, 20, 16, 31, 2, 14, 27, 1, 13, 28, 39]
    PRED: [27, 10, 7, 30, 39, 26, 11, 7, 2, 37, 39, 10, 34, 2, 20, 39, 28, 5, 22, 8, 39, 20, 16, 8, 5, 13, 30, 39]
    Edit distance: 12/33
  Sample 2:
    TRUE: [28, 24, 39, 27, 33, 20, 37, 39, 35, 17, 39, 21, 12, 8, 39, 16, 22, 39, 2, 22, 2, 6, 1, 29, 30, 39, 19, 2, 20, 33, 38, 2, 22, 39]
    PRED: [9, 24, 39, 27, 25, 20, 37, 39, 35, 17, 39, 21, 12, 8, 39, 16, 22, 39, 2, 22, 8, 27, 5, 29, 30, 39, 19, 20, 33, 38, 2, 22, 39]
    Edit distance: 6/34
  Sample 3:
    TRUE: [20, 3, 27, 17, 37, 39, 19, 0, 28, 30, 33, 21, 39, 22, 17, 8, 2, 8, 39, 6, 20, 1, 19, 39, 14, 20, 2, 34, 37, 39, 30, 33, 39, 6, 17, 39, 19, 2, 21, 26, 20, 17, 30, 20, 17, 39, 10, 20, 2, 14, 2, 22, 30, 39]
    PRED: [19, 27, 24, 9, 17, 39, 19, 5, 28, 5, 21, 39, 22, 33, 8, 39, 21, 2, 19, 39, 14, 27, 2, 34, 37, 39, 30, 33, 39, 6, 17, 33, 39, 19, 2, 21, 26, 20, 30, 11, 39, 20, 2, 10, 2, 22, 8, 39]
    Edit distance: 22/54
  Sample 4:
    TRUE: [9, 2, 39, 30, 33, 31, 39, 13, 10, 27, 17, 39, 13, 11, 14, 0, 30, 39, 30, 33, 39, 19, 2, 21, 39, 35, 10, 22, 39, 27, 0, 18, 11, 37, 39, 30, 33, 31, 39, 13, 10, 20, 39, 4, 30, 39]
    PRED: [9, 2, 39, 36, 33, 31, 30, 39, 31, 5, 17, 39, 13, 16, 2, 19, 0, 30, 39, 30, 33, 39, 28, 30, 2, 21, 39, 35, 2, 22, 39, 35, 11, 18, 11, 39, 9, 33, 31, 13, 39, 13, 5, 20, 39, 4, 30, 39]
    Edit distance: 17/46

============================================================
Batch 127000 | Val PER: 0.3175
============================================================
  Sample 0:
    TRUE: [31, 17, 0, 19, 27, 2, 28, 17, 39, 27, 17, 19, 2, 22, 28, 16, 8, 11, 8, 39]
    PRED: [9, 39, 0, 19, 28, 2, 28, 39, 27, 16, 22, 2, 30, 2, 8, 39]
    Edit distance: 11/20
  Sample 1:
    TRUE: [27, 16, 7, 39, 26, 11, 7, 2, 28, 30, 39, 28, 10, 34, 27, 2, 20, 39, 28, 5, 22, 8, 39, 20, 16, 31, 2, 14, 27, 1, 13, 28, 39]
    PRED: [27, 10, 7, 28, 30, 39, 26, 11, 7, 2, 37, 39, 28, 10, 34, 2, 20, 39, 5, 22, 8, 37, 39, 20, 16, 9, 8, 18, 5, 13, 30, 28, 39]
    Edit distance: 14/33
  Sample 2:
    TRUE: [28, 24, 39, 27, 33, 20, 37, 39, 35, 17, 39, 21, 12, 8, 39, 16, 22, 39, 2, 22, 2, 6, 1, 29, 30, 39, 19, 2, 20, 33, 38, 2, 22, 39]
    PRED: [9, 24, 39, 25, 20, 37, 39, 35, 17, 39, 21, 12, 8, 39, 16, 22, 39, 2, 22, 27, 1, 29, 30, 39, 19, 20, 33, 38, 2, 22, 39]
    Edit distance: 6/34
  Sample 3:
    TRUE: [20, 3, 27, 17, 37, 39, 19, 0, 28, 30, 33, 21, 39, 22, 17, 8, 2, 8, 39, 6, 20, 1, 19, 39, 14, 20, 2, 34, 37, 39, 30, 33, 39, 6, 17, 39, 19, 2, 21, 26, 20, 17, 30, 20, 17, 39, 10, 20, 2, 14, 2, 22, 30, 39]
    PRED: [19, 27, 24, 9, 11, 39, 19, 5, 28, 5, 21, 39, 22, 12, 8, 39, 21, 1, 19, 39, 14, 20, 16, 34, 37, 39, 30, 33, 39, 6, 17, 39, 19, 2, 21, 26, 20, 30, 11, 39, 1, 20, 2, 10, 2, 22, 8, 39]
    Edit distance: 20/54
  Sample 4:
    TRUE: [9, 2, 39, 30, 33, 31, 39, 13, 10, 27, 17, 39, 13, 11, 14, 0, 30, 39, 30, 33, 39, 19, 2, 21, 39, 35, 10, 22, 39, 27, 0, 18, 11, 37, 39, 30, 33, 31, 39, 13, 10, 20, 39, 4, 30, 39]
    PRED: [9, 2, 39, 36, 27, 33, 31, 30, 39, 13, 5, 17, 39, 13, 16, 19, 0, 30, 8, 39, 30, 33, 39, 28, 30, 2, 21, 39, 35, 2, 22, 37, 39, 35, 11, 18, 11, 39, 9, 33, 31, 13, 39, 13, 5, 20, 39, 4, 30, 39]
    Edit distance: 18/46

============================================================
Batch 127500 | Val PER: 0.3177
============================================================
  Sample 0:
    TRUE: [31, 17, 0, 19, 27, 2, 28, 17, 39, 27, 17, 19, 2, 22, 28, 16, 8, 11, 8, 39]
    PRED: [9, 39, 0, 19, 28, 2, 28, 39, 8, 27, 16, 22, 2, 30, 8, 39]
    Edit distance: 12/20
  Sample 1:
    TRUE: [27, 16, 7, 39, 26, 11, 7, 2, 28, 30, 39, 28, 10, 34, 27, 2, 20, 39, 28, 5, 22, 8, 39, 20, 16, 31, 2, 14, 27, 1, 13, 28, 39]
    PRED: [27, 10, 7, 30, 39, 26, 11, 7, 2, 37, 39, 10, 34, 2, 20, 39, 28, 5, 22, 8, 37, 39, 20, 16, 14, 5, 13, 30, 39]
    Edit distance: 12/33
  Sample 2:
    TRUE: [28, 24, 39, 27, 33, 20, 37, 39, 35, 17, 39, 21, 12, 8, 39, 16, 22, 39, 2, 22, 2, 6, 1, 29, 30, 39, 19, 2, 20, 33, 38, 2, 22, 39]
    PRED: [9, 24, 39, 33, 25, 20, 37, 39, 35, 17, 39, 21, 12, 8, 39, 16, 22, 39, 2, 22, 8, 1, 29, 30, 39, 19, 33, 20, 33, 38, 2, 22, 39]
    Edit distance: 6/34
  Sample 3:
    TRUE: [20, 3, 27, 17, 37, 39, 19, 0, 28, 30, 33, 21, 39, 22, 17, 8, 2, 8, 39, 6, 20, 1, 19, 39, 14, 20, 2, 34, 37, 39, 30, 33, 39, 6, 17, 39, 19, 2, 21, 26, 20, 17, 30, 20, 17, 39, 10, 20, 2, 14, 2, 22, 30, 39]
    PRED: [19, 27, 24, 9, 39, 19, 5, 28, 5, 21, 39, 22, 4, 8, 39, 21, 2, 19, 39, 14, 20, 2, 34, 37, 39, 30, 33, 39, 6, 17, 39, 19, 19, 2, 21, 26, 20, 11, 39, 20, 2, 10, 2, 22, 8, 39]
    Edit distance: 21/54
  Sample 4:
    TRUE: [9, 2, 39, 30, 33, 31, 39, 13, 10, 27, 17, 39, 13, 11, 14, 0, 30, 39, 30, 33, 39, 19, 2, 21, 39, 35, 10, 22, 39, 27, 0, 18, 11, 37, 39, 30, 33, 31, 39, 13, 10, 20, 39, 4, 30, 39]
    PRED: [9, 2, 39, 30, 27, 33, 31, 30, 39, 13, 5, 17, 39, 13, 16, 19, 0, 30, 39, 30, 33, 39, 28, 30, 2, 21, 39, 35, 2, 22, 39, 35, 11, 18, 11, 39, 9, 33, 31, 13, 39, 13, 5, 20, 4, 30, 39]
    Edit distance: 16/46

============================================================
Batch 128000 | Val PER: 0.3133
============================================================
  Sample 0:
    TRUE: [31, 17, 0, 19, 27, 2, 28, 17, 39, 27, 17, 19, 2, 22, 28, 16, 8, 11, 8, 39]
    PRED: [9, 0, 19, 28, 2, 28, 39, 27, 16, 22, 2, 30, 2, 8, 39]
    Edit distance: 11/20
  Sample 1:
    TRUE: [27, 16, 7, 39, 26, 11, 7, 2, 28, 30, 39, 28, 10, 34, 27, 2, 20, 39, 28, 5, 22, 8, 39, 20, 16, 31, 2, 14, 27, 1, 13, 28, 39]
    PRED: [27, 10, 30, 39, 26, 11, 25, 7, 2, 37, 39, 10, 34, 2, 20, 39, 28, 5, 22, 8, 39, 20, 16, 2, 14, 5, 13, 30, 39]
    Edit distance: 11/33
  Sample 2:
    TRUE: [28, 24, 39, 27, 33, 20, 37, 39, 35, 17, 39, 21, 12, 8, 39, 16, 22, 39, 2, 22, 2, 6, 1, 29, 30, 39, 19, 2, 20, 33, 38, 2, 22, 39]
    PRED: [9, 24, 39, 27, 25, 20, 37, 39, 21, 17, 39, 21, 12, 8, 39, 16, 22, 39, 16, 22, 8, 1, 29, 30, 39, 19, 33, 20, 33, 38, 2, 22, 39]
    Edit distance: 7/34
  Sample 3:
    TRUE: [20, 3, 27, 17, 37, 39, 19, 0, 28, 30, 33, 21, 39, 22, 17, 8, 2, 8, 39, 6, 20, 1, 19, 39, 14, 20, 2, 34, 37, 39, 30, 33, 39, 6, 17, 39, 19, 2, 21, 26, 20, 17, 30, 20, 17, 39, 10, 20, 2, 14, 2, 22, 30, 39]
    PRED: [19, 27, 24, 9, 39, 19, 5, 28, 5, 2, 21, 2, 21, 39, 22, 5, 8, 39, 21, 2, 19, 39, 14, 20, 2, 16, 34, 37, 39, 30, 33, 39, 6, 17, 39, 19, 2, 26, 20, 30, 11, 39, 20, 2, 22, 8, 39]
    Edit distance: 24/54
  Sample 4:
    TRUE: [9, 2, 39, 30, 33, 31, 39, 13, 10, 27, 17, 39, 13, 11, 14, 0, 30, 39, 30, 33, 39, 19, 2, 21, 39, 35, 10, 22, 39, 27, 0, 18, 11, 37, 39, 30, 33, 31, 39, 13, 10, 20, 39, 4, 30, 39]
    PRED: [9, 2, 39, 27, 33, 31, 30, 39, 13, 5, 17, 39, 13, 16, 19, 0, 30, 39, 30, 33, 39, 28, 30, 2, 21, 39, 35, 2, 22, 39, 35, 11, 8, 11, 39, 9, 33, 31, 13, 39, 13, 5, 20, 39, 4, 30, 39]
    Edit distance: 16/46

============================================================
Batch 128500 | Val PER: 0.3160
============================================================
  Sample 0:
    TRUE: [31, 17, 0, 19, 27, 2, 28, 17, 39, 27, 17, 19, 2, 22, 28, 16, 8, 11, 8, 39]
    PRED: [9, 0, 19, 28, 2, 28, 39, 27, 16, 30, 2, 8, 39]
    Edit distance: 11/20
  Sample 1:
    TRUE: [27, 16, 7, 39, 26, 11, 7, 2, 28, 30, 39, 28, 10, 34, 27, 2, 20, 39, 28, 5, 22, 8, 39, 20, 16, 31, 2, 14, 27, 1, 13, 28, 39]
    PRED: [27, 10, 30, 39, 26, 11, 7, 2, 37, 39, 10, 34, 2, 20, 39, 28, 5, 22, 8, 39, 20, 16, 2, 1, 13, 30, 39]
    Edit distance: 10/33
  Sample 2:
    TRUE: [28, 24, 39, 27, 33, 20, 37, 39, 35, 17, 39, 21, 12, 8, 39, 16, 22, 39, 2, 22, 2, 6, 1, 29, 30, 39, 19, 2, 20, 33, 38, 2, 22, 39]
    PRED: [9, 24, 39, 25, 20, 37, 39, 35, 17, 39, 21, 12, 8, 39, 16, 22, 39, 2, 22, 8, 1, 29, 30, 39, 19, 24, 20, 33, 38, 2, 22, 39]
    Edit distance: 6/34
  Sample 3:
    TRUE: [20, 3, 27, 17, 37, 39, 19, 0, 28, 30, 33, 21, 39, 22, 17, 8, 2, 8, 39, 6, 20, 1, 19, 39, 14, 20, 2, 34, 37, 39, 30, 33, 39, 6, 17, 39, 19, 2, 21, 26, 20, 17, 30, 20, 17, 39, 10, 20, 2, 14, 2, 22, 30, 39]
    PRED: [19, 27, 24, 39, 19, 5, 28, 5, 21, 2, 21, 39, 22, 5, 8, 2, 8, 39, 21, 1, 19, 39, 14, 20, 16, 34, 37, 39, 30, 33, 39, 6, 17, 39, 19, 2, 21, 26, 30, 20, 30, 11, 39, 20, 2, 22, 8, 39]
    Edit distance: 20/54
  Sample 4:
    TRUE: [9, 2, 39, 30, 33, 31, 39, 13, 10, 27, 17, 39, 13, 11, 14, 0, 30, 39, 30, 33, 39, 19, 2, 21, 39, 35, 10, 22, 39, 27, 0, 18, 11, 37, 39, 30, 33, 31, 39, 13, 10, 20, 39, 4, 30, 39]
    PRED: [9, 2, 39, 30, 27, 33, 31, 30, 39, 13, 31, 5, 17, 39, 13, 16, 19, 0, 30, 39, 30, 33, 39, 28, 30, 2, 21, 39, 35, 2, 22, 39, 35, 11, 11, 39, 9, 33, 31, 13, 39, 13, 5, 20, 39, 4, 30, 39]
    Edit distance: 16/46

============================================================
Batch 129000 | Val PER: 0.3132
============================================================
  Sample 0:
    TRUE: [31, 17, 0, 19, 27, 2, 28, 17, 39, 27, 17, 19, 2, 22, 28, 16, 8, 11, 8, 39]
    PRED: [9, 0, 19, 19, 28, 2, 28, 39, 8, 16, 2, 30, 8, 39]
    Edit distance: 13/20
  Sample 1:
    TRUE: [27, 16, 7, 39, 26, 11, 7, 2, 28, 30, 39, 28, 10, 34, 27, 2, 20, 39, 28, 5, 22, 8, 39, 20, 16, 31, 2, 14, 27, 1, 13, 28, 39]
    PRED: [27, 10, 7, 30, 39, 26, 11, 2, 37, 39, 10, 34, 2, 20, 39, 28, 5, 22, 8, 30, 39, 20, 16, 2, 1, 13, 30, 39]
    Edit distance: 12/33
  Sample 2:
    TRUE: [28, 24, 39, 27, 33, 20, 37, 39, 35, 17, 39, 21, 12, 8, 39, 16, 22, 39, 2, 22, 2, 6, 1, 29, 30, 39, 19, 2, 20, 33, 38, 2, 22, 39]
    PRED: [9, 24, 39, 25, 20, 37, 39, 21, 17, 39, 21, 12, 8, 39, 16, 22, 39, 2, 22, 8, 27, 1, 29, 30, 39, 19, 33, 24, 20, 33, 38, 2, 22, 39]
    Edit distance: 8/34
  Sample 3:
    TRUE: [20, 3, 27, 17, 37, 39, 19, 0, 28, 30, 33, 21, 39, 22, 17, 8, 2, 8, 39, 6, 20, 1, 19, 39, 14, 20, 2, 34, 37, 39, 30, 33, 39, 6, 17, 39, 19, 2, 21, 26, 20, 17, 30, 20, 17, 39, 10, 20, 2, 14, 2, 22, 30, 39]
    PRED: [30, 27, 24, 39, 19, 5, 28, 5, 21, 2, 21, 39, 22, 10, 8, 2, 8, 39, 21, 0, 2, 19, 39, 14, 20, 2, 34, 37, 39, 30, 33, 39, 6, 17, 39, 19, 2, 21, 26, 30, 20, 2, 30, 11, 39, 20, 2, 22, 8, 39]
    Edit distance: 20/54
  Sample 4:
    TRUE: [9, 2, 39, 30, 33, 31, 39, 13, 10, 27, 17, 39, 13, 11, 14, 0, 30, 39, 30, 33, 39, 19, 2, 21, 39, 35, 10, 22, 39, 27, 0, 18, 11, 37, 39, 30, 33, 31, 39, 13, 10, 20, 39, 4, 30, 39]
    PRED: [9, 2, 39, 8, 27, 33, 31, 30, 39, 13, 5, 17, 39, 13, 16, 2, 19, 0, 30, 39, 30, 33, 39, 28, 30, 2, 21, 39, 35, 2, 22, 39, 35, 11, 18, 11, 39, 9, 33, 31, 13, 39, 13, 5, 20, 39, 4, 30, 39]
    Edit distance: 17/46

============================================================
Batch 129500 | Val PER: 0.3151
============================================================
  Sample 0:
    TRUE: [31, 17, 0, 19, 27, 2, 28, 17, 39, 27, 17, 19, 2, 22, 28, 16, 8, 11, 8, 39]
    PRED: [9, 0, 19, 19, 28, 2, 28, 39, 8, 17, 22, 2, 30, 8, 39]
    Edit distance: 12/20
  Sample 1:
    TRUE: [27, 16, 7, 39, 26, 11, 7, 2, 28, 30, 39, 28, 10, 34, 27, 2, 20, 39, 28, 5, 22, 8, 39, 20, 16, 31, 2, 14, 27, 1, 13, 28, 39]
    PRED: [27, 10, 7, 30, 39, 26, 11, 7, 2, 37, 39, 28, 10, 34, 11, 20, 39, 28, 5, 22, 8, 39, 20, 16, 2, 14, 18, 1, 13, 30, 39]
    Edit distance: 9/33
  Sample 2:
    TRUE: [28, 24, 39, 27, 33, 20, 37, 39, 35, 17, 39, 21, 12, 8, 39, 16, 22, 39, 2, 22, 2, 6, 1, 29, 30, 39, 19, 2, 20, 33, 38, 2, 22, 39]
    PRED: [9, 24, 39, 33, 25, 20, 37, 39, 35, 17, 39, 21, 12, 8, 39, 16, 22, 39, 2, 22, 8, 27, 1, 29, 30, 39, 19, 33, 24, 20, 33, 38, 2, 22, 39]
    Edit distance: 7/34
  Sample 3:
    TRUE: [20, 3, 27, 17, 37, 39, 19, 0, 28, 30, 33, 21, 39, 22, 17, 8, 2, 8, 39, 6, 20, 1, 19, 39, 14, 20, 2, 34, 37, 39, 30, 33, 39, 6, 17, 39, 19, 2, 21, 26, 20, 17, 30, 20, 17, 39, 10, 20, 2, 14, 2, 22, 30, 39]
    PRED: [19, 27, 24, 17, 39, 19, 5, 28, 21, 2, 21, 39, 22, 10, 8, 2, 8, 39, 21, 1, 19, 39, 14, 20, 2, 34, 37, 39, 30, 33, 39, 6, 17, 39, 19, 2, 21, 26, 20, 30, 11, 39, 1, 20, 2, 22, 8, 39]
    Edit distance: 17/54
  Sample 4:
    TRUE: [9, 2, 39, 30, 33, 31, 39, 13, 10, 27, 17, 39, 13, 11, 14, 0, 30, 39, 30, 33, 39, 19, 2, 21, 39, 35, 10, 22, 39, 27, 0, 18, 11, 37, 39, 30, 33, 31, 39, 13, 10, 20, 39, 4, 30, 39]
    PRED: [9, 2, 39, 8, 33, 31, 30, 39, 13, 31, 5, 17, 39, 13, 16, 2, 19, 0, 30, 39, 30, 33, 39, 28, 2, 21, 39, 35, 2, 22, 39, 35, 11, 18, 11, 39, 9, 33, 31, 13, 39, 13, 5, 20, 4, 30, 39]
    Edit distance: 16/46

============================================================
Batch 130000 | Val PER: 0.3167
============================================================
  Sample 0:
    TRUE: [31, 17, 0, 19, 27, 2, 28, 17, 39, 27, 17, 19, 2, 22, 28, 16, 8, 11, 8, 39]
    PRED: [9, 12, 0, 19, 30, 19, 28, 2, 28, 39, 8, 27, 16, 2, 30, 8, 39]
    Edit distance: 14/20
  Sample 1:
    TRUE: [27, 16, 7, 39, 26, 11, 7, 2, 28, 30, 39, 28, 10, 34, 27, 2, 20, 39, 28, 5, 22, 8, 39, 20, 16, 31, 2, 14, 27, 1, 13, 28, 39]
    PRED: [27, 10, 7, 30, 39, 26, 11, 7, 2, 37, 39, 10, 34, 2, 20, 39, 28, 5, 22, 8, 39, 20, 16, 2, 5, 13, 30, 39]
    Edit distance: 11/33
  Sample 2:
    TRUE: [28, 24, 39, 27, 33, 20, 37, 39, 35, 17, 39, 21, 12, 8, 39, 16, 22, 39, 2, 22, 2, 6, 1, 29, 30, 39, 19, 2, 20, 33, 38, 2, 22, 39]
    PRED: [9, 24, 39, 33, 25, 20, 24, 39, 35, 17, 39, 21, 12, 8, 39, 16, 22, 39, 2, 22, 27, 1, 29, 30, 39, 19, 20, 24, 20, 33, 38, 2, 22, 39]
    Edit distance: 8/34
  Sample 3:
    TRUE: [20, 3, 27, 17, 37, 39, 19, 0, 28, 30, 33, 21, 39, 22, 17, 8, 2, 8, 39, 6, 20, 1, 19, 39, 14, 20, 2, 34, 37, 39, 30, 33, 39, 6, 17, 39, 19, 2, 21, 26, 20, 17, 30, 20, 17, 39, 10, 20, 2, 14, 2, 22, 30, 39]
    PRED: [19, 27, 24, 17, 39, 19, 5, 28, 21, 2, 21, 39, 22, 10, 8, 39, 21, 2, 19, 39, 14, 20, 16, 34, 37, 39, 30, 33, 39, 6, 17, 2, 39, 19, 2, 21, 26, 20, 30, 39, 1, 20, 2, 22, 8, 39]
    Edit distance: 22/54
  Sample 4:
    TRUE: [9, 2, 39, 30, 33, 31, 39, 13, 10, 27, 17, 39, 13, 11, 14, 0, 30, 39, 30, 33, 39, 19, 2, 21, 39, 35, 10, 22, 39, 27, 0, 18, 11, 37, 39, 30, 33, 31, 39, 13, 10, 20, 39, 4, 30, 39]
    PRED: [9, 2, 39, 8, 27, 33, 31, 30, 39, 17, 39, 13, 16, 19, 0, 30, 39, 30, 33, 39, 28, 30, 2, 21, 39, 35, 2, 22, 37, 39, 35, 11, 0, 18, 11, 39, 9, 33, 31, 13, 39, 13, 5, 20, 4, 30, 39]
    Edit distance: 19/46

============================================================
Batch 130500 | Val PER: 0.3165
============================================================
  Sample 0:
    TRUE: [31, 17, 0, 19, 27, 2, 28, 17, 39, 27, 17, 19, 2, 22, 28, 16, 8, 11, 8, 39]
    PRED: [9, 0, 19, 28, 2, 28, 39, 8, 16, 14, 2, 30, 8, 39]
    Edit distance: 12/20
  Sample 1:
    TRUE: [27, 16, 7, 39, 26, 11, 7, 2, 28, 30, 39, 28, 10, 34, 27, 2, 20, 39, 28, 5, 22, 8, 39, 20, 16, 31, 2, 14, 27, 1, 13, 28, 39]
    PRED: [27, 10, 7, 28, 30, 39, 26, 11, 2, 37, 39, 8, 10, 34, 2, 11, 20, 39, 28, 5, 22, 8, 39, 20, 16, 14, 5, 13, 30, 39]
    Edit distance: 14/33
  Sample 2:
    TRUE: [28, 24, 39, 27, 33, 20, 37, 39, 35, 17, 39, 21, 12, 8, 39, 16, 22, 39, 2, 22, 2, 6, 1, 29, 30, 39, 19, 2, 20, 33, 38, 2, 22, 39]
    PRED: [9, 24, 39, 25, 20, 37, 39, 35, 17, 39, 21, 12, 8, 39, 16, 22, 39, 2, 22, 8, 27, 1, 29, 39, 19, 20, 33, 38, 2, 22, 39]
    Edit distance: 7/34
  Sample 3:
    TRUE: [20, 3, 27, 17, 37, 39, 19, 0, 28, 30, 33, 21, 39, 22, 17, 8, 2, 8, 39, 6, 20, 1, 19, 39, 14, 20, 2, 34, 37, 39, 30, 33, 39, 6, 17, 39, 19, 2, 21, 26, 20, 17, 30, 20, 17, 39, 10, 20, 2, 14, 2, 22, 30, 39]
    PRED: [19, 27, 24, 17, 39, 19, 5, 28, 21, 2, 21, 39, 22, 10, 8, 39, 21, 2, 19, 39, 14, 20, 2, 34, 39, 30, 33, 39, 6, 17, 33, 39, 19, 0, 21, 26, 20, 30, 27, 39, 20, 2, 22, 39]
    Edit distance: 23/54
  Sample 4:
    TRUE: [9, 2, 39, 30, 33, 31, 39, 13, 10, 27, 17, 39, 13, 11, 14, 0, 30, 39, 30, 33, 39, 19, 2, 21, 39, 35, 10, 22, 39, 27, 0, 18, 11, 37, 39, 30, 33, 31, 39, 13, 10, 20, 39, 4, 30, 39]
    PRED: [9, 2, 39, 8, 33, 31, 30, 39, 17, 39, 13, 16, 19, 0, 30, 39, 30, 33, 39, 28, 30, 2, 21, 39, 35, 2, 22, 39, 35, 11, 8, 11, 39, 9, 33, 31, 13, 39, 13, 5, 20, 4, 30, 39]
    Edit distance: 18/46

============================================================
Batch 131000 | Val PER: 0.3132
============================================================
  Sample 0:
    TRUE: [31, 17, 0, 19, 27, 2, 28, 17, 39, 27, 17, 19, 2, 22, 28, 16, 8, 11, 8, 39]
    PRED: [9, 39, 0, 19, 28, 2, 28, 39, 8, 27, 16, 22, 2, 30, 8, 39]
    Edit distance: 12/20
  Sample 1:
    TRUE: [27, 16, 7, 39, 26, 11, 7, 2, 28, 30, 39, 28, 10, 34, 27, 2, 20, 39, 28, 5, 22, 8, 39, 20, 16, 31, 2, 14, 27, 1, 13, 28, 39]
    PRED: [35, 10, 7, 30, 39, 26, 11, 7, 2, 37, 39, 28, 8, 10, 34, 2, 20, 39, 28, 5, 22, 8, 30, 39, 20, 16, 14, 18, 5, 13, 30, 39]
    Edit distance: 13/33
  Sample 2:
    TRUE: [28, 24, 39, 27, 33, 20, 37, 39, 35, 17, 39, 21, 12, 8, 39, 16, 22, 39, 2, 22, 2, 6, 1, 29, 30, 39, 19, 2, 20, 33, 38, 2, 22, 39]
    PRED: [9, 24, 39, 25, 20, 37, 39, 35, 17, 39, 21, 10, 8, 39, 16, 22, 39, 2, 22, 8, 27, 1, 29, 39, 28, 19, 33, 20, 33, 38, 2, 22, 39]
    Edit distance: 9/34
  Sample 3:
    TRUE: [20, 3, 27, 17, 37, 39, 19, 0, 28, 30, 33, 21, 39, 22, 17, 8, 2, 8, 39, 6, 20, 1, 19, 39, 14, 20, 2, 34, 37, 39, 30, 33, 39, 6, 17, 39, 19, 2, 21, 26, 20, 17, 30, 20, 17, 39, 10, 20, 2, 14, 2, 22, 30, 39]
    PRED: [8, 27, 24, 17, 39, 19, 5, 28, 21, 2, 21, 39, 22, 10, 8, 39, 21, 2, 19, 39, 14, 20, 2, 34, 37, 39, 30, 33, 39, 6, 17, 33, 39, 19, 0, 21, 26, 20, 30, 11, 39, 1, 20, 2, 22, 39]
    Edit distance: 22/54
  Sample 4:
    TRUE: [9, 2, 39, 30, 33, 31, 39, 13, 10, 27, 17, 39, 13, 11, 14, 0, 30, 39, 30, 33, 39, 19, 2, 21, 39, 35, 10, 22, 39, 27, 0, 18, 11, 37, 39, 30, 33, 31, 39, 13, 10, 20, 39, 4, 30, 39]
    PRED: [9, 2, 39, 30, 27, 33, 31, 30, 39, 31, 10, 17, 39, 13, 16, 19, 0, 30, 39, 30, 33, 39, 28, 30, 2, 21, 39, 35, 2, 22, 39, 35, 11, 8, 11, 39, 9, 33, 31, 13, 39, 13, 5, 20, 4, 30, 39]
    Edit distance: 17/46

============================================================
Batch 131500 | Val PER: 0.3134
============================================================
  Sample 0:
    TRUE: [31, 17, 0, 19, 27, 2, 28, 17, 39, 27, 17, 19, 2, 22, 28, 16, 8, 11, 8, 39]
    PRED: [9, 12, 39, 0, 19, 19, 28, 2, 28, 39, 8, 27, 17, 2, 30, 8, 39]
    Edit distance: 13/20
  Sample 1:
    TRUE: [27, 16, 7, 39, 26, 11, 7, 2, 28, 30, 39, 28, 10, 34, 27, 2, 20, 39, 28, 5, 22, 8, 39, 20, 16, 31, 2, 14, 27, 1, 13, 28, 39]
    PRED: [27, 10, 7, 30, 39, 26, 11, 7, 2, 37, 39, 10, 34, 11, 20, 39, 28, 5, 22, 8, 37, 39, 20, 16, 20, 8, 5, 13, 30, 28, 39]
    Edit distance: 14/33
  Sample 2:
    TRUE: [28, 24, 39, 27, 33, 20, 37, 39, 35, 17, 39, 21, 12, 8, 39, 16, 22, 39, 2, 22, 2, 6, 1, 29, 30, 39, 19, 2, 20, 33, 38, 2, 22, 39]
    PRED: [9, 24, 39, 25, 37, 39, 35, 17, 39, 21, 12, 8, 39, 16, 22, 39, 2, 22, 1, 29, 30, 39, 19, 33, 24, 20, 33, 38, 2, 22, 39]
    Edit distance: 8/34
  Sample 3:
    TRUE: [20, 3, 27, 17, 37, 39, 19, 0, 28, 30, 33, 21, 39, 22, 17, 8, 2, 8, 39, 6, 20, 1, 19, 39, 14, 20, 2, 34, 37, 39, 30, 33, 39, 6, 17, 39, 19, 2, 21, 26, 20, 17, 30, 20, 17, 39, 10, 20, 2, 14, 2, 22, 30, 39]
    PRED: [19, 27, 24, 39, 19, 30, 5, 28, 21, 2, 21, 39, 22, 12, 8, 39, 21, 2, 19, 39, 14, 20, 2, 34, 39, 30, 33, 39, 6, 17, 39, 19, 2, 21, 26, 30, 20, 27, 39, 20, 2, 22, 39]
    Edit distance: 22/54
  Sample 4:
    TRUE: [9, 2, 39, 30, 33, 31, 39, 13, 10, 27, 17, 39, 13, 11, 14, 0, 30, 39, 30, 33, 39, 19, 2, 21, 39, 35, 10, 22, 39, 27, 0, 18, 11, 37, 39, 30, 33, 31, 39, 13, 10, 20, 39, 4, 30, 39]
    PRED: [9, 2, 39, 30, 27, 33, 31, 30, 39, 13, 31, 12, 17, 39, 13, 16, 2, 0, 30, 8, 39, 30, 33, 39, 28, 30, 2, 21, 39, 35, 2, 22, 39, 35, 11, 8, 11, 39, 9, 33, 31, 13, 39, 13, 5, 20, 4, 30, 39]
    Edit distance: 18/46

============================================================
Batch 132000 | Val PER: 0.3158
============================================================
  Sample 0:
    TRUE: [31, 17, 0, 19, 27, 2, 28, 17, 39, 27, 17, 19, 2, 22, 28, 16, 8, 11, 8, 39]
    PRED: [9, 12, 0, 19, 19, 28, 2, 28, 39, 8, 16, 2, 30, 8, 39]
    Edit distance: 13/20
  Sample 1:
    TRUE: [27, 16, 7, 39, 26, 11, 7, 2, 28, 30, 39, 28, 10, 34, 27, 2, 20, 39, 28, 5, 22, 8, 39, 20, 16, 31, 2, 14, 27, 1, 13, 28, 39]
    PRED: [35, 10, 7, 30, 39, 26, 11, 7, 2, 37, 39, 28, 10, 34, 2, 11, 20, 39, 28, 5, 22, 8, 39, 20, 16, 14, 5, 13, 30, 39]
    Edit distance: 12/33
  Sample 2:
    TRUE: [28, 24, 39, 27, 33, 20, 37, 39, 35, 17, 39, 21, 12, 8, 39, 16, 22, 39, 2, 22, 2, 6, 1, 29, 30, 39, 19, 2, 20, 33, 38, 2, 22, 39]
    PRED: [9, 24, 39, 33, 20, 37, 39, 35, 17, 39, 21, 10, 8, 39, 16, 22, 39, 2, 22, 8, 27, 1, 29, 30, 39, 19, 33, 20, 33, 38, 2, 22, 39]
    Edit distance: 6/34
  Sample 3:
    TRUE: [20, 3, 27, 17, 37, 39, 19, 0, 28, 30, 33, 21, 39, 22, 17, 8, 2, 8, 39, 6, 20, 1, 19, 39, 14, 20, 2, 34, 37, 39, 30, 33, 39, 6, 17, 39, 19, 2, 21, 26, 20, 17, 30, 20, 17, 39, 10, 20, 2, 14, 2, 22, 30, 39]
    PRED: [19, 27, 24, 17, 39, 19, 5, 28, 21, 2, 21, 39, 22, 10, 8, 39, 21, 1, 19, 39, 14, 20, 16, 34, 37, 39, 30, 33, 39, 6, 17, 39, 19, 2, 21, 26, 30, 20, 30, 11, 39, 1, 20, 2, 22, 8, 39]
    Edit distance: 21/54
  Sample 4:
    TRUE: [9, 2, 39, 30, 33, 31, 39, 13, 10, 27, 17, 39, 13, 11, 14, 0, 30, 39, 30, 33, 39, 19, 2, 21, 39, 35, 10, 22, 39, 27, 0, 18, 11, 37, 39, 30, 33, 31, 39, 13, 10, 20, 39, 4, 30, 39]
    PRED: [9, 2, 39, 30, 27, 33, 31, 30, 39, 13, 5, 17, 39, 13, 16, 19, 0, 30, 8, 39, 30, 33, 39, 28, 2, 21, 39, 35, 2, 22, 37, 39, 35, 11, 8, 30, 11, 39, 9, 33, 31, 13, 39, 13, 5, 20, 4, 30, 39]
    Edit distance: 19/46

============================================================
Batch 132500 | Val PER: 0.3146
============================================================
  Sample 0:
    TRUE: [31, 17, 0, 19, 27, 2, 28, 17, 39, 27, 17, 19, 2, 22, 28, 16, 8, 11, 8, 39]
    PRED: [9, 12, 0, 19, 30, 19, 28, 2, 28, 39, 8, 27, 16, 14, 2, 30, 2, 8, 39]
    Edit distance: 14/20
  Sample 1:
    TRUE: [27, 16, 7, 39, 26, 11, 7, 2, 28, 30, 39, 28, 10, 34, 27, 2, 20, 39, 28, 5, 22, 8, 39, 20, 16, 31, 2, 14, 27, 1, 13, 28, 39]
    PRED: [27, 10, 7, 28, 30, 39, 26, 11, 2, 37, 39, 28, 10, 34, 2, 20, 39, 28, 5, 22, 8, 39, 20, 16, 14, 5, 13, 30, 39]
    Edit distance: 12/33
  Sample 2:
    TRUE: [28, 24, 39, 27, 33, 20, 37, 39, 35, 17, 39, 21, 12, 8, 39, 16, 22, 39, 2, 22, 2, 6, 1, 29, 30, 39, 19, 2, 20, 33, 38, 2, 22, 39]
    PRED: [9, 24, 39, 33, 20, 37, 39, 35, 17, 39, 21, 12, 8, 39, 16, 22, 39, 2, 22, 8, 27, 1, 29, 30, 39, 28, 19, 33, 20, 33, 38, 2, 22, 39]
    Edit distance: 6/34
  Sample 3:
    TRUE: [20, 3, 27, 17, 37, 39, 19, 0, 28, 30, 33, 21, 39, 22, 17, 8, 2, 8, 39, 6, 20, 1, 19, 39, 14, 20, 2, 34, 37, 39, 30, 33, 39, 6, 17, 39, 19, 2, 21, 26, 20, 17, 30, 20, 17, 39, 10, 20, 2, 14, 2, 22, 30, 39]
    PRED: [19, 27, 24, 17, 39, 19, 5, 28, 21, 2, 21, 39, 22, 10, 8, 39, 21, 27, 1, 19, 39, 14, 20, 2, 34, 39, 30, 33, 39, 6, 17, 39, 19, 2, 21, 26, 20, 11, 39, 1, 20, 2, 22, 8, 39]
    Edit distance: 21/54
  Sample 4:
    TRUE: [9, 2, 39, 30, 33, 31, 39, 13, 10, 27, 17, 39, 13, 11, 14, 0, 30, 39, 30, 33, 39, 19, 2, 21, 39, 35, 10, 22, 39, 27, 0, 18, 11, 37, 39, 30, 33, 31, 39, 13, 10, 20, 39, 4, 30, 39]
    PRED: [9, 2, 39, 30, 27, 33, 31, 30, 39, 13, 12, 17, 39, 13, 16, 19, 30, 8, 39, 30, 33, 39, 28, 30, 2, 21, 39, 35, 2, 22, 39, 35, 11, 8, 11, 39, 9, 33, 31, 13, 39, 13, 5, 20, 4, 30, 39]
    Edit distance: 19/46

============================================================
Batch 133000 | Val PER: 0.3161
============================================================
  Sample 0:
    TRUE: [31, 17, 0, 19, 27, 2, 28, 17, 39, 27, 17, 19, 2, 22, 28, 16, 8, 11, 8, 39]
    PRED: [9, 12, 39, 0, 19, 28, 2, 28, 39, 27, 16, 22, 2, 30, 8, 39]
    Edit distance: 12/20
  Sample 1:
    TRUE: [27, 16, 7, 39, 26, 11, 7, 2, 28, 30, 39, 28, 10, 34, 27, 2, 20, 39, 28, 5, 22, 8, 39, 20, 16, 31, 2, 14, 27, 1, 13, 28, 39]
    PRED: [27, 10, 7, 19, 30, 39, 26, 11, 7, 2, 37, 39, 28, 10, 34, 2, 11, 20, 39, 28, 5, 22, 8, 37, 39, 20, 16, 14, 18, 5, 13, 30, 39]
    Edit distance: 13/33
  Sample 2:
    TRUE: [28, 24, 39, 27, 33, 20, 37, 39, 35, 17, 39, 21, 12, 8, 39, 16, 22, 39, 2, 22, 2, 6, 1, 29, 30, 39, 19, 2, 20, 33, 38, 2, 22, 39]
    PRED: [9, 24, 39, 33, 20, 37, 39, 35, 17, 39, 21, 10, 8, 39, 16, 22, 39, 2, 22, 8, 27, 1, 29, 30, 39, 19, 33, 20, 33, 38, 2, 22, 39]
    Edit distance: 6/34
  Sample 3:
    TRUE: [20, 3, 27, 17, 37, 39, 19, 0, 28, 30, 33, 21, 39, 22, 17, 8, 2, 8, 39, 6, 20, 1, 19, 39, 14, 20, 2, 34, 37, 39, 30, 33, 39, 6, 17, 39, 19, 2, 21, 26, 20, 17, 30, 20, 17, 39, 10, 20, 2, 14, 2, 22, 30, 39]
    PRED: [19, 27, 24, 17, 39, 19, 5, 28, 21, 2, 21, 39, 22, 10, 8, 39, 21, 1, 19, 39, 14, 20, 2, 34, 37, 39, 30, 33, 39, 6, 17, 2, 39, 19, 2, 21, 26, 30, 20, 30, 11, 39, 1, 20, 2, 22, 8, 39]
    Edit distance: 21/54
  Sample 4:
    TRUE: [9, 2, 39, 30, 33, 31, 39, 13, 10, 27, 17, 39, 13, 11, 14, 0, 30, 39, 30, 33, 39, 19, 2, 21, 39, 35, 10, 22, 39, 27, 0, 18, 11, 37, 39, 30, 33, 31, 39, 13, 10, 20, 39, 4, 30, 39]
    PRED: [9, 2, 39, 30, 36, 33, 31, 30, 39, 13, 12, 17, 39, 13, 16, 19, 0, 30, 8, 39, 30, 33, 39, 28, 30, 2, 21, 39, 35, 2, 22, 37, 39, 27, 11, 8, 11, 39, 9, 33, 31, 13, 39, 13, 5, 20, 4, 30, 39]
    Edit distance: 18/46

============================================================
Batch 133500 | Val PER: 0.3148
============================================================
  Sample 0:
    TRUE: [31, 17, 0, 19, 27, 2, 28, 17, 39, 27, 17, 19, 2, 22, 28, 16, 8, 11, 8, 39]
    PRED: [9, 39, 0, 19, 30, 28, 2, 28, 39, 8, 27, 16, 22, 2, 30, 2, 8, 39]
    Edit distance: 13/20
  Sample 1:
    TRUE: [27, 16, 7, 39, 26, 11, 7, 2, 28, 30, 39, 28, 10, 34, 27, 2, 20, 39, 28, 5, 22, 8, 39, 20, 16, 31, 2, 14, 27, 1, 13, 28, 39]
    PRED: [27, 10, 7, 28, 30, 39, 26, 11, 29, 2, 37, 39, 10, 34, 11, 20, 39, 28, 5, 22, 8, 22, 8, 39, 20, 16, 18, 5, 13, 30, 39]
    Edit distance: 17/33
  Sample 2:
    TRUE: [28, 24, 39, 27, 33, 20, 37, 39, 35, 17, 39, 21, 12, 8, 39, 16, 22, 39, 2, 22, 2, 6, 1, 29, 30, 39, 19, 2, 20, 33, 38, 2, 22, 39]
    PRED: [9, 24, 39, 33, 20, 37, 39, 35, 17, 39, 21, 12, 8, 39, 16, 22, 39, 2, 22, 8, 27, 1, 29, 39, 19, 33, 20, 33, 38, 2, 22, 39]
    Edit distance: 6/34
  Sample 3:
    TRUE: [20, 3, 27, 17, 37, 39, 19, 0, 28, 30, 33, 21, 39, 22, 17, 8, 2, 8, 39, 6, 20, 1, 19, 39, 14, 20, 2, 34, 37, 39, 30, 33, 39, 6, 17, 39, 19, 2, 21, 26, 20, 17, 30, 20, 17, 39, 10, 20, 2, 14, 2, 22, 30, 39]
    PRED: [19, 27, 10, 17, 39, 19, 30, 5, 28, 21, 39, 22, 10, 8, 39, 21, 1, 19, 39, 14, 20, 16, 34, 39, 30, 33, 39, 6, 17, 39, 19, 2, 21, 26, 30, 20, 30, 39, 1, 20, 2, 22, 39]
    Edit distance: 22/54
  Sample 4:
    TRUE: [9, 2, 39, 30, 33, 31, 39, 13, 10, 27, 17, 39, 13, 11, 14, 0, 30, 39, 30, 33, 39, 19, 2, 21, 39, 35, 10, 22, 39, 27, 0, 18, 11, 37, 39, 30, 33, 31, 39, 13, 10, 20, 39, 4, 30, 39]
    PRED: [9, 2, 39, 30, 27, 33, 31, 30, 39, 13, 10, 17, 39, 13, 16, 19, 0, 30, 39, 30, 33, 39, 28, 30, 2, 21, 39, 35, 2, 22, 39, 27, 11, 8, 11, 39, 9, 33, 31, 13, 39, 13, 5, 20, 4, 30, 39]
    Edit distance: 15/46

============================================================
Batch 134000 | Val PER: 0.3127
============================================================
  Sample 0:
    TRUE: [31, 17, 0, 19, 27, 2, 28, 17, 39, 27, 17, 19, 2, 22, 28, 16, 8, 11, 8, 39]
    PRED: [9, 39, 0, 19, 30, 19, 28, 2, 28, 39, 8, 27, 16, 19, 22, 2, 30, 8, 39]
    Edit distance: 13/20
  Sample 1:
    TRUE: [27, 16, 7, 39, 26, 11, 7, 2, 28, 30, 39, 28, 10, 34, 27, 2, 20, 39, 28, 5, 22, 8, 39, 20, 16, 31, 2, 14, 27, 1, 13, 28, 39]
    PRED: [27, 10, 7, 30, 39, 26, 11, 7, 2, 37, 39, 10, 34, 2, 20, 39, 28, 5, 22, 8, 30, 39, 20, 16, 24, 14, 5, 13, 30, 39]
    Edit distance: 12/33
  Sample 2:
    TRUE: [28, 24, 39, 27, 33, 20, 37, 39, 35, 17, 39, 21, 12, 8, 39, 16, 22, 39, 2, 22, 2, 6, 1, 29, 30, 39, 19, 2, 20, 33, 38, 2, 22, 39]
    PRED: [9, 24, 39, 33, 20, 37, 39, 35, 17, 39, 21, 12, 8, 39, 16, 22, 39, 2, 22, 8, 1, 29, 39, 19, 33, 20, 33, 38, 2, 22, 39]
    Edit distance: 6/34
  Sample 3:
    TRUE: [20, 3, 27, 17, 37, 39, 19, 0, 28, 30, 33, 21, 39, 22, 17, 8, 2, 8, 39, 6, 20, 1, 19, 39, 14, 20, 2, 34, 37, 39, 30, 33, 39, 6, 17, 39, 19, 2, 21, 26, 20, 17, 30, 20, 17, 39, 10, 20, 2, 14, 2, 22, 30, 39]
    PRED: [19, 27, 24, 0, 17, 39, 19, 5, 28, 21, 39, 22, 33, 8, 39, 21, 1, 19, 39, 14, 27, 16, 34, 39, 30, 33, 39, 6, 17, 39, 19, 2, 21, 26, 30, 20, 30, 11, 39, 1, 20, 2, 22, 39]
    Edit distance: 24/54
  Sample 4:
    TRUE: [9, 2, 39, 30, 33, 31, 39, 13, 10, 27, 17, 39, 13, 11, 14, 0, 30, 39, 30, 33, 39, 19, 2, 21, 39, 35, 10, 22, 39, 27, 0, 18, 11, 37, 39, 30, 33, 31, 39, 13, 10, 20, 39, 4, 30, 39]
    PRED: [9, 2, 39, 30, 36, 33, 31, 30, 39, 13, 10, 17, 39, 13, 16, 19, 0, 30, 39, 30, 33, 39, 28, 30, 2, 21, 39, 35, 2, 22, 39, 35, 11, 30, 11, 39, 36, 9, 33, 31, 13, 39, 13, 5, 20, 39, 4, 30, 39]
    Edit distance: 16/46

============================================================
Batch 134500 | Val PER: 0.3117
============================================================
  Sample 0:
    TRUE: [31, 17, 0, 19, 27, 2, 28, 17, 39, 27, 17, 19, 2, 22, 28, 16, 8, 11, 8, 39]
    PRED: [9, 39, 0, 30, 28, 2, 28, 39, 27, 16, 22, 2, 30, 2, 8, 39]
    Edit distance: 12/20
  Sample 1:
    TRUE: [27, 16, 7, 39, 26, 11, 7, 2, 28, 30, 39, 28, 10, 34, 27, 2, 20, 39, 28, 5, 22, 8, 39, 20, 16, 31, 2, 14, 27, 1, 13, 28, 39]
    PRED: [27, 10, 7, 19, 30, 39, 26, 11, 7, 2, 37, 39, 10, 34, 2, 20, 39, 28, 5, 22, 8, 39, 20, 16, 8, 5, 13, 30, 39]
    Edit distance: 13/33
  Sample 2:
    TRUE: [28, 24, 39, 27, 33, 20, 37, 39, 35, 17, 39, 21, 12, 8, 39, 16, 22, 39, 2, 22, 2, 6, 1, 29, 30, 39, 19, 2, 20, 33, 38, 2, 22, 39]
    PRED: [9, 24, 39, 33, 25, 20, 37, 39, 35, 17, 39, 21, 12, 8, 39, 16, 22, 39, 2, 22, 8, 2, 29, 39, 19, 33, 20, 33, 38, 2, 22, 39]
    Edit distance: 8/34
  Sample 3:
    TRUE: [20, 3, 27, 17, 37, 39, 19, 0, 28, 30, 33, 21, 39, 22, 17, 8, 2, 8, 39, 6, 20, 1, 19, 39, 14, 20, 2, 34, 37, 39, 30, 33, 39, 6, 17, 39, 19, 2, 21, 26, 20, 17, 30, 20, 17, 39, 10, 20, 2, 14, 2, 22, 30, 39]
    PRED: [19, 27, 10, 0, 9, 17, 39, 19, 5, 28, 21, 2, 21, 39, 22, 10, 8, 39, 21, 1, 19, 39, 14, 20, 16, 34, 39, 30, 33, 39, 6, 17, 39, 19, 2, 21, 26, 30, 20, 30, 11, 39, 1, 20, 2, 22, 39]
    Edit distance: 24/54
  Sample 4:
    TRUE: [9, 2, 39, 30, 33, 31, 39, 13, 10, 27, 17, 39, 13, 11, 14, 0, 30, 39, 30, 33, 39, 19, 2, 21, 39, 35, 10, 22, 39, 27, 0, 18, 11, 37, 39, 30, 33, 31, 39, 13, 10, 20, 39, 4, 30, 39]
    PRED: [9, 2, 39, 36, 33, 31, 30, 39, 13, 12, 17, 39, 13, 16, 19, 0, 30, 39, 30, 33, 39, 28, 30, 2, 21, 39, 35, 2, 22, 39, 27, 11, 18, 30, 11, 39, 9, 33, 31, 13, 39, 13, 5, 20, 39, 4, 30, 39]
    Edit distance: 15/46

============================================================
Batch 135000 | Val PER: 0.3137
============================================================
  Sample 0:
    TRUE: [31, 17, 0, 19, 27, 2, 28, 17, 39, 27, 17, 19, 2, 22, 28, 16, 8, 11, 8, 39]
    PRED: [9, 0, 19, 28, 2, 28, 39, 27, 16, 17, 22, 2, 30, 8, 39]
    Edit distance: 11/20
  Sample 1:
    TRUE: [27, 16, 7, 39, 26, 11, 7, 2, 28, 30, 39, 28, 10, 34, 27, 2, 20, 39, 28, 5, 22, 8, 39, 20, 16, 31, 2, 14, 27, 1, 13, 28, 39]
    PRED: [27, 10, 7, 28, 30, 39, 26, 11, 25, 28, 2, 37, 39, 10, 34, 2, 20, 39, 28, 5, 22, 8, 39, 20, 16, 5, 13, 30, 28, 39]
    Edit distance: 15/33
  Sample 2:
    TRUE: [28, 24, 39, 27, 33, 20, 37, 39, 35, 17, 39, 21, 12, 8, 39, 16, 22, 39, 2, 22, 2, 6, 1, 29, 30, 39, 19, 2, 20, 33, 38, 2, 22, 39]
    PRED: [9, 24, 39, 33, 20, 37, 39, 35, 17, 39, 21, 12, 8, 39, 16, 22, 39, 2, 22, 8, 27, 1, 29, 39, 19, 33, 20, 33, 38, 2, 22, 39]
    Edit distance: 6/34
  Sample 3:
    TRUE: [20, 3, 27, 17, 37, 39, 19, 0, 28, 30, 33, 21, 39, 22, 17, 8, 2, 8, 39, 6, 20, 1, 19, 39, 14, 20, 2, 34, 37, 39, 30, 33, 39, 6, 17, 39, 19, 2, 21, 26, 20, 17, 30, 20, 17, 39, 10, 20, 2, 14, 2, 22, 30, 39]
    PRED: [19, 27, 10, 9, 17, 39, 19, 30, 5, 28, 5, 21, 2, 21, 39, 22, 17, 8, 39, 21, 2, 19, 39, 14, 27, 16, 34, 39, 30, 33, 39, 6, 17, 39, 19, 2, 21, 26, 30, 20, 30, 11, 39, 1, 20, 2, 8, 39]
    Edit distance: 27/54
  Sample 4:
    TRUE: [9, 2, 39, 30, 33, 31, 39, 13, 10, 27, 17, 39, 13, 11, 14, 0, 30, 39, 30, 33, 39, 19, 2, 21, 39, 35, 10, 22, 39, 27, 0, 18, 11, 37, 39, 30, 33, 31, 39, 13, 10, 20, 39, 4, 30, 39]
    PRED: [9, 2, 39, 36, 33, 31, 30, 39, 13, 12, 17, 39, 13, 16, 19, 0, 30, 39, 30, 33, 39, 28, 30, 5, 21, 39, 35, 2, 22, 39, 35, 11, 18, 11, 39, 9, 33, 31, 13, 39, 13, 5, 20, 39, 4, 30, 39]
    Edit distance: 16/46

============================================================
Batch 135500 | Val PER: 0.3109
============================================================
  Sample 0:
    TRUE: [31, 17, 0, 19, 27, 2, 28, 17, 39, 27, 17, 19, 2, 22, 28, 16, 8, 11, 8, 39]
    PRED: [9, 39, 0, 19, 30, 19, 30, 2, 28, 39, 16, 17, 22, 2, 30, 8, 39]
    Edit distance: 13/20
  Sample 1:
    TRUE: [27, 16, 7, 39, 26, 11, 7, 2, 28, 30, 39, 28, 10, 34, 27, 2, 20, 39, 28, 5, 22, 8, 39, 20, 16, 31, 2, 14, 27, 1, 13, 28, 39]
    PRED: [27, 10, 7, 28, 30, 39, 26, 11, 7, 2, 37, 39, 28, 10, 34, 2, 20, 39, 28, 5, 22, 8, 39, 20, 16, 8, 5, 13, 30, 28, 39]
    Edit distance: 12/33
  Sample 2:
    TRUE: [28, 24, 39, 27, 33, 20, 37, 39, 35, 17, 39, 21, 12, 8, 39, 16, 22, 39, 2, 22, 2, 6, 1, 29, 30, 39, 19, 2, 20, 33, 38, 2, 22, 39]
    PRED: [9, 24, 39, 33, 20, 37, 39, 35, 17, 39, 21, 12, 8, 39, 16, 22, 39, 2, 22, 8, 2, 29, 30, 39, 28, 19, 33, 20, 33, 38, 2, 22, 39]
    Edit distance: 7/34
  Sample 3:
    TRUE: [20, 3, 27, 17, 37, 39, 19, 0, 28, 30, 33, 21, 39, 22, 17, 8, 2, 8, 39, 6, 20, 1, 19, 39, 14, 20, 2, 34, 37, 39, 30, 33, 39, 6, 17, 39, 19, 2, 21, 26, 20, 17, 30, 20, 17, 39, 10, 20, 2, 14, 2, 22, 30, 39]
    PRED: [19, 27, 10, 27, 9, 17, 39, 19, 30, 5, 28, 21, 2, 21, 39, 22, 17, 8, 39, 21, 2, 19, 39, 14, 20, 2, 34, 39, 30, 33, 39, 6, 17, 39, 19, 2, 21, 26, 20, 30, 11, 39, 10, 1, 20, 2, 22, 39]
    Edit distance: 22/54
  Sample 4:
    TRUE: [9, 2, 39, 30, 33, 31, 39, 13, 10, 27, 17, 39, 13, 11, 14, 0, 30, 39, 30, 33, 39, 19, 2, 21, 39, 35, 10, 22, 39, 27, 0, 18, 11, 37, 39, 30, 33, 31, 39, 13, 10, 20, 39, 4, 30, 39]
    PRED: [9, 2, 39, 36, 33, 31, 30, 39, 13, 10, 17, 39, 13, 16, 2, 0, 30, 39, 30, 33, 39, 28, 30, 2, 21, 39, 35, 2, 22, 39, 35, 11, 18, 11, 39, 36, 9, 33, 31, 13, 39, 13, 5, 20, 39, 4, 30, 39]
    Edit distance: 15/46

============================================================
Batch 136000 | Val PER: 0.3141
============================================================
  Sample 0:
    TRUE: [31, 17, 0, 19, 27, 2, 28, 17, 39, 27, 17, 19, 2, 22, 28, 16, 8, 11, 8, 39]
    PRED: [9, 39, 0, 19, 30, 19, 28, 2, 28, 39, 8, 16, 19, 2, 30, 2, 8, 39]
    Edit distance: 13/20
  Sample 1:
    TRUE: [27, 16, 7, 39, 26, 11, 7, 2, 28, 30, 39, 28, 10, 34, 27, 2, 20, 39, 28, 5, 22, 8, 39, 20, 16, 31, 2, 14, 27, 1, 13, 28, 39]
    PRED: [27, 10, 19, 28, 30, 39, 26, 11, 28, 2, 37, 39, 28, 10, 34, 2, 20, 39, 28, 5, 22, 39, 20, 16, 8, 5, 13, 30, 28, 39]
    Edit distance: 15/33
  Sample 2:
    TRUE: [28, 24, 39, 27, 33, 20, 37, 39, 35, 17, 39, 21, 12, 8, 39, 16, 22, 39, 2, 22, 2, 6, 1, 29, 30, 39, 19, 2, 20, 33, 38, 2, 22, 39]
    PRED: [9, 24, 39, 33, 25, 20, 37, 39, 35, 17, 39, 21, 12, 8, 39, 16, 22, 39, 2, 22, 8, 27, 1, 29, 30, 39, 19, 33, 20, 33, 38, 2, 22, 39]
    Edit distance: 6/34
  Sample 3:
    TRUE: [20, 3, 27, 17, 37, 39, 19, 0, 28, 30, 33, 21, 39, 22, 17, 8, 2, 8, 39, 6, 20, 1, 19, 39, 14, 20, 2, 34, 37, 39, 30, 33, 39, 6, 17, 39, 19, 2, 21, 26, 20, 17, 30, 20, 17, 39, 10, 20, 2, 14, 2, 22, 30, 39]
    PRED: [19, 27, 0, 9, 11, 39, 19, 5, 28, 21, 2, 21, 39, 22, 17, 8, 39, 21, 2, 19, 39, 14, 20, 16, 34, 39, 30, 33, 39, 6, 17, 39, 19, 2, 21, 26, 20, 30, 11, 39, 1, 20, 2, 22, 39]
    Edit distance: 22/54
  Sample 4:
    TRUE: [9, 2, 39, 30, 33, 31, 39, 13, 10, 27, 17, 39, 13, 11, 14, 0, 30, 39, 30, 33, 39, 19, 2, 21, 39, 35, 10, 22, 39, 27, 0, 18, 11, 37, 39, 30, 33, 31, 39, 13, 10, 20, 39, 4, 30, 39]
    PRED: [9, 2, 39, 36, 27, 33, 31, 30, 39, 31, 12, 17, 39, 16, 19, 0, 30, 39, 30, 33, 39, 28, 30, 2, 21, 39, 35, 2, 22, 39, 35, 11, 18, 11, 39, 9, 33, 31, 13, 39, 13, 5, 20, 39, 4, 30, 39]
    Edit distance: 18/46

============================================================
Batch 136500 | Val PER: 0.3103
============================================================
  Sample 0:
    TRUE: [31, 17, 0, 19, 27, 2, 28, 17, 39, 27, 17, 19, 2, 22, 28, 16, 8, 11, 8, 39]
    PRED: [9, 39, 0, 19, 28, 2, 28, 39, 8, 16, 22, 2, 30, 8, 39]
    Edit distance: 12/20
  Sample 1:
    TRUE: [27, 16, 7, 39, 26, 11, 7, 2, 28, 30, 39, 28, 10, 34, 27, 2, 20, 39, 28, 5, 22, 8, 39, 20, 16, 31, 2, 14, 27, 1, 13, 28, 39]
    PRED: [35, 17, 7, 28, 30, 39, 26, 11, 7, 2, 37, 39, 28, 8, 10, 34, 11, 20, 39, 28, 5, 22, 8, 39, 20, 16, 8, 5, 13, 30, 28, 39]
    Edit distance: 15/33
  Sample 2:
    TRUE: [28, 24, 39, 27, 33, 20, 37, 39, 35, 17, 39, 21, 12, 8, 39, 16, 22, 39, 2, 22, 2, 6, 1, 29, 30, 39, 19, 2, 20, 33, 38, 2, 22, 39]
    PRED: [9, 24, 39, 33, 25, 20, 37, 39, 35, 17, 39, 21, 12, 8, 39, 16, 22, 39, 2, 22, 8, 27, 1, 10, 29, 30, 39, 28, 19, 33, 20, 33, 38, 2, 22, 39]
    Edit distance: 8/34
  Sample 3:
    TRUE: [20, 3, 27, 17, 37, 39, 19, 0, 28, 30, 33, 21, 39, 22, 17, 8, 2, 8, 39, 6, 20, 1, 19, 39, 14, 20, 2, 34, 37, 39, 30, 33, 39, 6, 17, 39, 19, 2, 21, 26, 20, 17, 30, 20, 17, 39, 10, 20, 2, 14, 2, 22, 30, 39]
    PRED: [19, 27, 24, 17, 39, 19, 5, 28, 21, 2, 21, 39, 22, 10, 8, 39, 21, 2, 19, 39, 14, 20, 16, 34, 39, 30, 33, 39, 6, 17, 39, 19, 19, 2, 21, 26, 30, 20, 30, 11, 39, 1, 20, 2, 22, 8, 39]
    Edit distance: 24/54
  Sample 4:
    TRUE: [9, 2, 39, 30, 33, 31, 39, 13, 10, 27, 17, 39, 13, 11, 14, 0, 30, 39, 30, 33, 39, 19, 2, 21, 39, 35, 10, 22, 39, 27, 0, 18, 11, 37, 39, 30, 33, 31, 39, 13, 10, 20, 39, 4, 30, 39]
    PRED: [9, 2, 39, 36, 27, 33, 31, 30, 39, 31, 12, 17, 39, 13, 16, 17, 19, 0, 30, 39, 30, 33, 39, 28, 30, 2, 21, 39, 35, 2, 22, 39, 35, 11, 11, 39, 36, 9, 33, 31, 13, 39, 13, 5, 20, 39, 4, 30, 39]
    Edit distance: 20/46

============================================================
Batch 137000 | Val PER: 0.3082
============================================================
  Sample 0:
    TRUE: [31, 17, 0, 19, 27, 2, 28, 17, 39, 27, 17, 19, 2, 22, 28, 16, 8, 11, 8, 39]
    PRED: [9, 39, 0, 19, 28, 2, 28, 39, 8, 16, 22, 2, 30, 8, 39]
    Edit distance: 12/20
  Sample 1:
    TRUE: [27, 16, 7, 39, 26, 11, 7, 2, 28, 30, 39, 28, 10, 34, 27, 2, 20, 39, 28, 5, 22, 8, 39, 20, 16, 31, 2, 14, 27, 1, 13, 28, 39]
    PRED: [27, 10, 7, 30, 39, 26, 11, 7, 2, 37, 39, 10, 34, 2, 20, 39, 28, 5, 22, 8, 39, 20, 16, 14, 5, 13, 30, 28, 39]
    Edit distance: 11/33
  Sample 2:
    TRUE: [28, 24, 39, 27, 33, 20, 37, 39, 35, 17, 39, 21, 12, 8, 39, 16, 22, 39, 2, 22, 2, 6, 1, 29, 30, 39, 19, 2, 20, 33, 38, 2, 22, 39]
    PRED: [9, 24, 39, 27, 25, 20, 37, 39, 35, 17, 39, 21, 12, 8, 39, 16, 22, 39, 2, 22, 8, 27, 1, 29, 30, 39, 19, 33, 20, 33, 38, 2, 22, 39]
    Edit distance: 5/34
  Sample 3:
    TRUE: [20, 3, 27, 17, 37, 39, 19, 0, 28, 30, 33, 21, 39, 22, 17, 8, 2, 8, 39, 6, 20, 1, 19, 39, 14, 20, 2, 34, 37, 39, 30, 33, 39, 6, 17, 39, 19, 2, 21, 26, 20, 17, 30, 20, 17, 39, 10, 20, 2, 14, 2, 22, 30, 39]
    PRED: [19, 27, 24, 11, 39, 19, 5, 28, 5, 21, 2, 21, 39, 22, 10, 8, 2, 8, 39, 21, 2, 19, 39, 14, 20, 16, 34, 39, 30, 33, 39, 6, 17, 33, 39, 19, 2, 21, 26, 30, 20, 30, 11, 39, 1, 20, 2, 22, 39]
    Edit distance: 23/54
  Sample 4:
    TRUE: [9, 2, 39, 30, 33, 31, 39, 13, 10, 27, 17, 39, 13, 11, 14, 0, 30, 39, 30, 33, 39, 19, 2, 21, 39, 35, 10, 22, 39, 27, 0, 18, 11, 37, 39, 30, 33, 31, 39, 13, 10, 20, 39, 4, 30, 39]
    PRED: [9, 2, 39, 36, 27, 33, 31, 30, 39, 4, 17, 39, 13, 16, 19, 0, 30, 2, 39, 30, 33, 39, 28, 30, 2, 21, 39, 35, 2, 22, 39, 35, 11, 11, 39, 36, 9, 33, 31, 13, 39, 13, 5, 20, 39, 4, 30, 39]
    Edit distance: 20/46

============================================================
Batch 137500 | Val PER: 0.3075
============================================================
  Sample 0:
    TRUE: [31, 17, 0, 19, 27, 2, 28, 17, 39, 27, 17, 19, 2, 22, 28, 16, 8, 11, 8, 39]
    PRED: [9, 0, 19, 28, 2, 28, 39, 16, 22, 2, 30, 2, 8, 39]
    Edit distance: 12/20
  Sample 1:
    TRUE: [27, 16, 7, 39, 26, 11, 7, 2, 28, 30, 39, 28, 10, 34, 27, 2, 20, 39, 28, 5, 22, 8, 39, 20, 16, 31, 2, 14, 27, 1, 13, 28, 39]
    PRED: [35, 10, 7, 30, 39, 26, 11, 25, 7, 2, 37, 39, 10, 34, 11, 20, 39, 28, 5, 22, 8, 37, 39, 20, 16, 8, 5, 13, 30, 39]
    Edit distance: 16/33
  Sample 2:
    TRUE: [28, 24, 39, 27, 33, 20, 37, 39, 35, 17, 39, 21, 12, 8, 39, 16, 22, 39, 2, 22, 2, 6, 1, 29, 30, 39, 19, 2, 20, 33, 38, 2, 22, 39]
    PRED: [9, 24, 39, 25, 20, 37, 39, 35, 17, 39, 21, 12, 8, 39, 16, 22, 39, 0, 22, 8, 27, 10, 29, 30, 39, 19, 33, 20, 33, 38, 2, 22, 39]
    Edit distance: 8/34
  Sample 3:
    TRUE: [20, 3, 27, 17, 37, 39, 19, 0, 28, 30, 33, 21, 39, 22, 17, 8, 2, 8, 39, 6, 20, 1, 19, 39, 14, 20, 2, 34, 37, 39, 30, 33, 39, 6, 17, 39, 19, 2, 21, 26, 20, 17, 30, 20, 17, 39, 10, 20, 2, 14, 2, 22, 30, 39]
    PRED: [19, 27, 0, 9, 17, 39, 19, 5, 28, 21, 2, 21, 39, 22, 10, 8, 39, 21, 1, 19, 39, 14, 20, 16, 34, 37, 39, 30, 33, 39, 6, 17, 39, 19, 0, 21, 26, 20, 30, 11, 39, 1, 20, 2, 10, 2, 22, 8, 39]
    Edit distance: 21/54
  Sample 4:
    TRUE: [9, 2, 39, 30, 33, 31, 39, 13, 10, 27, 17, 39, 13, 11, 14, 0, 30, 39, 30, 33, 39, 19, 2, 21, 39, 35, 10, 22, 39, 27, 0, 18, 11, 37, 39, 30, 33, 31, 39, 13, 10, 20, 39, 4, 30, 39]
    PRED: [9, 2, 39, 30, 33, 31, 30, 39, 13, 10, 17, 39, 13, 16, 19, 30, 39, 30, 33, 39, 28, 30, 2, 21, 39, 35, 2, 22, 39, 35, 11, 11, 39, 9, 33, 31, 13, 39, 13, 5, 20, 39, 4, 30, 39]
    Edit distance: 15/46

============================================================
Batch 138000 | Val PER: 0.3123
============================================================
  Sample 0:
    TRUE: [31, 17, 0, 19, 27, 2, 28, 17, 39, 27, 17, 19, 2, 22, 28, 16, 8, 11, 8, 39]
    PRED: [9, 39, 0, 19, 28, 2, 28, 39, 27, 16, 22, 2, 30, 8, 39]
    Edit distance: 11/20
  Sample 1:
    TRUE: [27, 16, 7, 39, 26, 11, 7, 2, 28, 30, 39, 28, 10, 34, 27, 2, 20, 39, 28, 5, 22, 8, 39, 20, 16, 31, 2, 14, 27, 1, 13, 28, 39]
    PRED: [35, 10, 7, 30, 39, 26, 11, 28, 2, 37, 39, 28, 10, 34, 11, 20, 39, 28, 5, 22, 8, 37, 39, 20, 16, 5, 13, 30, 39]
    Edit distance: 15/33
  Sample 2:
    TRUE: [28, 24, 39, 27, 33, 20, 37, 39, 35, 17, 39, 21, 12, 8, 39, 16, 22, 39, 2, 22, 2, 6, 1, 29, 30, 39, 19, 2, 20, 33, 38, 2, 22, 39]
    PRED: [9, 24, 39, 33, 20, 24, 39, 35, 17, 39, 21, 12, 8, 39, 16, 22, 39, 0, 22, 8, 27, 1, 10, 29, 39, 19, 20, 24, 20, 33, 38, 2, 22, 39]
    Edit distance: 10/34
  Sample 3:
    TRUE: [20, 3, 27, 17, 37, 39, 19, 0, 28, 30, 33, 21, 39, 22, 17, 8, 2, 8, 39, 6, 20, 1, 19, 39, 14, 20, 2, 34, 37, 39, 30, 33, 39, 6, 17, 39, 19, 2, 21, 26, 20, 17, 30, 20, 17, 39, 10, 20, 2, 14, 2, 22, 30, 39]
    PRED: [19, 27, 10, 39, 19, 5, 28, 21, 2, 21, 39, 22, 10, 8, 39, 21, 2, 19, 39, 14, 20, 2, 34, 39, 30, 33, 39, 6, 17, 33, 39, 19, 2, 21, 26, 30, 20, 30, 11, 39, 1, 20, 2, 10, 2, 22, 8, 39]
    Edit distance: 22/54
  Sample 4:
    TRUE: [9, 2, 39, 30, 33, 31, 39, 13, 10, 27, 17, 39, 13, 11, 14, 0, 30, 39, 30, 33, 39, 19, 2, 21, 39, 35, 10, 22, 39, 27, 0, 18, 11, 37, 39, 30, 33, 31, 39, 13, 10, 20, 39, 4, 30, 39]
    PRED: [9, 2, 39, 36, 27, 33, 31, 30, 39, 13, 10, 17, 39, 13, 16, 2, 19, 0, 30, 39, 30, 33, 39, 28, 30, 2, 21, 39, 35, 2, 22, 39, 35, 11, 18, 11, 39, 9, 33, 31, 13, 39, 13, 5, 20, 39, 4, 30, 39]
    Edit distance: 16/46

============================================================
Batch 138500 | Val PER: 0.3107
============================================================
  Sample 0:
    TRUE: [31, 17, 0, 19, 27, 2, 28, 17, 39, 27, 17, 19, 2, 22, 28, 16, 8, 11, 8, 39]
    PRED: [9, 0, 30, 28, 2, 28, 39, 16, 22, 2, 30, 8, 39]
    Edit distance: 13/20
  Sample 1:
    TRUE: [27, 16, 7, 39, 26, 11, 7, 2, 28, 30, 39, 28, 10, 34, 27, 2, 20, 39, 28, 5, 22, 8, 39, 20, 16, 31, 2, 14, 27, 1, 13, 28, 39]
    PRED: [10, 7, 30, 39, 26, 11, 7, 2, 37, 39, 10, 34, 2, 20, 39, 28, 5, 22, 8, 37, 39, 20, 16, 39, 5, 13, 30, 39]
    Edit distance: 14/33
  Sample 2:
    TRUE: [28, 24, 39, 27, 33, 20, 37, 39, 35, 17, 39, 21, 12, 8, 39, 16, 22, 39, 2, 22, 2, 6, 1, 29, 30, 39, 19, 2, 20, 33, 38, 2, 22, 39]
    PRED: [9, 24, 39, 33, 25, 20, 37, 39, 35, 17, 39, 21, 12, 8, 39, 16, 22, 39, 2, 22, 8, 27, 1, 29, 30, 39, 19, 20, 24, 20, 33, 38, 2, 22, 39]
    Edit distance: 7/34
  Sample 3:
    TRUE: [20, 3, 27, 17, 37, 39, 19, 0, 28, 30, 33, 21, 39, 22, 17, 8, 2, 8, 39, 6, 20, 1, 19, 39, 14, 20, 2, 34, 37, 39, 30, 33, 39, 6, 17, 39, 19, 2, 21, 26, 20, 17, 30, 20, 17, 39, 10, 20, 2, 14, 2, 22, 30, 39]
    PRED: [19, 27, 24, 0, 9, 39, 19, 5, 28, 21, 39, 22, 10, 8, 39, 21, 2, 19, 39, 14, 20, 2, 34, 37, 39, 30, 33, 39, 6, 17, 39, 19, 2, 21, 26, 30, 2, 30, 11, 39, 1, 20, 2, 22, 8, 39]
    Edit distance: 22/54
  Sample 4:
    TRUE: [9, 2, 39, 30, 33, 31, 39, 13, 10, 27, 17, 39, 13, 11, 14, 0, 30, 39, 30, 33, 39, 19, 2, 21, 39, 35, 10, 22, 39, 27, 0, 18, 11, 37, 39, 30, 33, 31, 39, 13, 10, 20, 39, 4, 30, 39]
    PRED: [9, 2, 39, 8, 33, 31, 30, 39, 12, 17, 39, 13, 16, 19, 0, 30, 39, 30, 33, 39, 28, 30, 5, 21, 39, 35, 2, 22, 39, 11, 18, 11, 39, 9, 33, 31, 13, 39, 13, 5, 20, 39, 4, 30, 39]
    Edit distance: 17/46

============================================================
Batch 139000 | Val PER: 0.3100
============================================================
  Sample 0:
    TRUE: [31, 17, 0, 19, 27, 2, 28, 17, 39, 27, 17, 19, 2, 22, 28, 16, 8, 11, 8, 39]
    PRED: [9, 0, 28, 2, 28, 39, 16, 22, 2, 30, 8, 39]
    Edit distance: 13/20
  Sample 1:
    TRUE: [27, 16, 7, 39, 26, 11, 7, 2, 28, 30, 39, 28, 10, 34, 27, 2, 20, 39, 28, 5, 22, 8, 39, 20, 16, 31, 2, 14, 27, 1, 13, 28, 39]
    PRED: [10, 7, 30, 39, 26, 11, 25, 7, 2, 37, 39, 28, 10, 34, 2, 20, 39, 28, 5, 22, 8, 39, 19, 20, 16, 5, 13, 30, 39]
    Edit distance: 14/33
  Sample 2:
    TRUE: [28, 24, 39, 27, 33, 20, 37, 39, 35, 17, 39, 21, 12, 8, 39, 16, 22, 39, 2, 22, 2, 6, 1, 29, 30, 39, 19, 2, 20, 33, 38, 2, 22, 39]
    PRED: [9, 24, 39, 33, 25, 20, 37, 39, 35, 17, 39, 21, 10, 8, 39, 16, 22, 39, 16, 22, 8, 27, 10, 29, 30, 39, 19, 20, 33, 20, 33, 38, 2, 22, 39]
    Edit distance: 10/34
  Sample 3:
    TRUE: [20, 3, 27, 17, 37, 39, 19, 0, 28, 30, 33, 21, 39, 22, 17, 8, 2, 8, 39, 6, 20, 1, 19, 39, 14, 20, 2, 34, 37, 39, 30, 33, 39, 6, 17, 39, 19, 2, 21, 26, 20, 17, 30, 20, 17, 39, 10, 20, 2, 14, 2, 22, 30, 39]
    PRED: [19, 27, 0, 39, 19, 5, 28, 21, 39, 22, 10, 8, 39, 21, 2, 19, 39, 14, 20, 16, 34, 37, 39, 30, 33, 39, 6, 17, 2, 39, 19, 2, 21, 26, 20, 30, 11, 39, 20, 2, 22, 8, 39]
    Edit distance: 22/54
  Sample 4:
    TRUE: [9, 2, 39, 30, 33, 31, 39, 13, 10, 27, 17, 39, 13, 11, 14, 0, 30, 39, 30, 33, 39, 19, 2, 21, 39, 35, 10, 22, 39, 27, 0, 18, 11, 37, 39, 30, 33, 31, 39, 13, 10, 20, 39, 4, 30, 39]
    PRED: [9, 2, 39, 36, 27, 33, 31, 30, 39, 13, 10, 17, 39, 13, 16, 19, 0, 30, 8, 39, 30, 33, 39, 28, 30, 2, 21, 39, 35, 2, 22, 39, 35, 11, 18, 11, 39, 36, 9, 33, 31, 13, 39, 13, 5, 20, 39, 4, 30, 39]
    Edit distance: 17/46

============================================================
Batch 139500 | Val PER: 0.3086
============================================================
  Sample 0:
    TRUE: [31, 17, 0, 19, 27, 2, 28, 17, 39, 27, 17, 19, 2, 22, 28, 16, 8, 11, 8, 39]
    PRED: [9, 0, 19, 28, 2, 28, 39, 16, 22, 2, 30, 2, 8, 39]
    Edit distance: 12/20
  Sample 1:
    TRUE: [27, 16, 7, 39, 26, 11, 7, 2, 28, 30, 39, 28, 10, 34, 27, 2, 20, 39, 28, 5, 22, 8, 39, 20, 16, 31, 2, 14, 27, 1, 13, 28, 39]
    PRED: [27, 10, 7, 28, 30, 39, 26, 11, 7, 2, 37, 39, 10, 34, 2, 20, 39, 28, 5, 22, 8, 30, 39, 19, 20, 16, 5, 13, 30, 39]
    Edit distance: 15/33
  Sample 2:
    TRUE: [28, 24, 39, 27, 33, 20, 37, 39, 35, 17, 39, 21, 12, 8, 39, 16, 22, 39, 2, 22, 2, 6, 1, 29, 30, 39, 19, 2, 20, 33, 38, 2, 22, 39]
    PRED: [9, 24, 39, 33, 25, 20, 37, 39, 35, 17, 39, 21, 10, 8, 39, 16, 22, 39, 16, 22, 8, 27, 1, 29, 30, 39, 19, 24, 20, 33, 38, 2, 22, 39]
    Edit distance: 8/34
  Sample 3:
    TRUE: [20, 3, 27, 17, 37, 39, 19, 0, 28, 30, 33, 21, 39, 22, 17, 8, 2, 8, 39, 6, 20, 1, 19, 39, 14, 20, 2, 34, 37, 39, 30, 33, 39, 6, 17, 39, 19, 2, 21, 26, 20, 17, 30, 20, 17, 39, 10, 20, 2, 14, 2, 22, 30, 39]
    PRED: [19, 27, 0, 9, 39, 19, 5, 28, 21, 2, 21, 39, 22, 10, 8, 2, 8, 39, 21, 2, 19, 39, 14, 20, 16, 34, 37, 39, 30, 33, 39, 6, 17, 39, 19, 19, 2, 21, 26, 30, 20, 30, 11, 39, 1, 20, 2, 22, 39]
    Edit distance: 21/54
  Sample 4:
    TRUE: [9, 2, 39, 30, 33, 31, 39, 13, 10, 27, 17, 39, 13, 11, 14, 0, 30, 39, 30, 33, 39, 19, 2, 21, 39, 35, 10, 22, 39, 27, 0, 18, 11, 37, 39, 30, 33, 31, 39, 13, 10, 20, 39, 4, 30, 39]
    PRED: [9, 2, 39, 30, 27, 33, 31, 30, 39, 13, 16, 17, 39, 13, 16, 3, 19, 0, 30, 8, 39, 30, 33, 39, 28, 30, 2, 21, 39, 35, 2, 22, 39, 35, 11, 18, 11, 39, 9, 33, 31, 13, 39, 13, 5, 20, 39, 4, 30, 39]
    Edit distance: 17/46

============================================================
Batch 140000 | Val PER: 0.3113
============================================================
  Sample 0:
    TRUE: [31, 17, 0, 19, 27, 2, 28, 17, 39, 27, 17, 19, 2, 22, 28, 16, 8, 11, 8, 39]
    PRED: [9, 1, 0, 19, 30, 28, 2, 28, 39, 16, 14, 22, 2, 30, 2, 8, 39]
    Edit distance: 13/20
  Sample 1:
    TRUE: [27, 16, 7, 39, 26, 11, 7, 2, 28, 30, 39, 28, 10, 34, 27, 2, 20, 39, 28, 5, 22, 8, 39, 20, 16, 31, 2, 14, 27, 1, 13, 28, 39]
    PRED: [35, 10, 7, 30, 39, 26, 11, 7, 2, 37, 39, 10, 34, 2, 20, 39, 28, 5, 22, 8, 30, 39, 20, 16, 14, 5, 13, 30, 28, 39]
    Edit distance: 13/33
  Sample 2:
    TRUE: [28, 24, 39, 27, 33, 20, 37, 39, 35, 17, 39, 21, 12, 8, 39, 16, 22, 39, 2, 22, 2, 6, 1, 29, 30, 39, 19, 2, 20, 33, 38, 2, 22, 39]
    PRED: [9, 24, 39, 33, 20, 24, 39, 35, 17, 39, 21, 12, 8, 39, 16, 22, 39, 2, 22, 8, 1, 29, 30, 39, 19, 24, 20, 33, 38, 2, 22, 39]
    Edit distance: 6/34
  Sample 3:
    TRUE: [20, 3, 27, 17, 37, 39, 19, 0, 28, 30, 33, 21, 39, 22, 17, 8, 2, 8, 39, 6, 20, 1, 19, 39, 14, 20, 2, 34, 37, 39, 30, 33, 39, 6, 17, 39, 19, 2, 21, 26, 20, 17, 30, 20, 17, 39, 10, 20, 2, 14, 2, 22, 30, 39]
    PRED: [19, 27, 10, 17, 39, 19, 5, 28, 21, 2, 21, 39, 22, 10, 8, 39, 26, 21, 0, 2, 19, 39, 14, 20, 16, 34, 39, 30, 33, 39, 6, 17, 2, 39, 19, 19, 2, 21, 26, 20, 30, 11, 39, 1, 20, 2, 22, 8, 39]
    Edit distance: 25/54
  Sample 4:
    TRUE: [9, 2, 39, 30, 33, 31, 39, 13, 10, 27, 17, 39, 13, 11, 14, 0, 30, 39, 30, 33, 39, 19, 2, 21, 39, 35, 10, 22, 39, 27, 0, 18, 11, 37, 39, 30, 33, 31, 39, 13, 10, 20, 39, 4, 30, 39]
    PRED: [9, 2, 39, 30, 33, 31, 30, 39, 13, 5, 17, 39, 13, 16, 19, 0, 30, 39, 30, 33, 39, 28, 30, 2, 21, 39, 35, 2, 22, 39, 35, 11, 18, 11, 39, 9, 33, 31, 13, 39, 13, 5, 20, 39, 4, 30, 39]
    Edit distance: 14/46

============================================================
Batch 140500 | Val PER: 0.3096
============================================================
  Sample 0:
    TRUE: [31, 17, 0, 19, 27, 2, 28, 17, 39, 27, 17, 19, 2, 22, 28, 16, 8, 11, 8, 39]
    PRED: [9, 0, 19, 30, 19, 2, 28, 39, 16, 22, 2, 30, 2, 8, 39]
    Edit distance: 13/20
  Sample 1:
    TRUE: [27, 16, 7, 39, 26, 11, 7, 2, 28, 30, 39, 28, 10, 34, 27, 2, 20, 39, 28, 5, 22, 8, 39, 20, 16, 31, 2, 14, 27, 1, 13, 28, 39]
    PRED: [27, 10, 7, 30, 39, 26, 11, 2, 37, 39, 28, 10, 34, 2, 20, 39, 28, 5, 22, 30, 39, 20, 16, 5, 13, 30, 39]
    Edit distance: 13/33
  Sample 2:
    TRUE: [28, 24, 39, 27, 33, 20, 37, 39, 35, 17, 39, 21, 12, 8, 39, 16, 22, 39, 2, 22, 2, 6, 1, 29, 30, 39, 19, 2, 20, 33, 38, 2, 22, 39]
    PRED: [9, 24, 39, 33, 20, 37, 39, 35, 17, 39, 21, 12, 8, 39, 16, 22, 39, 2, 22, 8, 27, 1, 29, 30, 39, 19, 24, 20, 33, 38, 2, 22, 39]
    Edit distance: 5/34
  Sample 3:
    TRUE: [20, 3, 27, 17, 37, 39, 19, 0, 28, 30, 33, 21, 39, 22, 17, 8, 2, 8, 39, 6, 20, 1, 19, 39, 14, 20, 2, 34, 37, 39, 30, 33, 39, 6, 17, 39, 19, 2, 21, 26, 20, 17, 30, 20, 17, 39, 10, 20, 2, 14, 2, 22, 30, 39]
    PRED: [19, 27, 24, 39, 19, 5, 28, 21, 39, 22, 10, 8, 39, 21, 0, 2, 19, 39, 14, 20, 16, 34, 37, 39, 30, 33, 39, 6, 17, 39, 19, 2, 21, 26, 30, 20, 30, 11, 39, 1, 20, 2, 22, 8, 39]
    Edit distance: 22/54
  Sample 4:
    TRUE: [9, 2, 39, 30, 33, 31, 39, 13, 10, 27, 17, 39, 13, 11, 14, 0, 30, 39, 30, 33, 39, 19, 2, 21, 39, 35, 10, 22, 39, 27, 0, 18, 11, 37, 39, 30, 33, 31, 39, 13, 10, 20, 39, 4, 30, 39]
    PRED: [9, 2, 39, 30, 33, 31, 30, 39, 13, 5, 17, 39, 13, 16, 2, 19, 0, 30, 8, 39, 30, 33, 39, 28, 30, 2, 21, 39, 35, 2, 22, 39, 35, 11, 18, 11, 39, 9, 33, 31, 13, 39, 13, 5, 20, 4, 30, 39]
    Edit distance: 17/46

============================================================
Batch 141000 | Val PER: 0.3109
============================================================
  Sample 0:
    TRUE: [31, 17, 0, 19, 27, 2, 28, 17, 39, 27, 17, 19, 2, 22, 28, 16, 8, 11, 8, 39]
    PRED: [9, 39, 0, 19, 28, 2, 28, 39, 16, 19, 22, 2, 12, 30, 2, 8, 39]
    Edit distance: 11/20
  Sample 1:
    TRUE: [27, 16, 7, 39, 26, 11, 7, 2, 28, 30, 39, 28, 10, 34, 27, 2, 20, 39, 28, 5, 22, 8, 39, 20, 16, 31, 2, 14, 27, 1, 13, 28, 39]
    PRED: [27, 10, 7, 30, 39, 26, 11, 7, 2, 37, 39, 10, 34, 11, 20, 39, 28, 5, 22, 8, 39, 20, 16, 9, 24, 5, 13, 30, 39]
    Edit distance: 13/33
  Sample 2:
    TRUE: [28, 24, 39, 27, 33, 20, 37, 39, 35, 17, 39, 21, 12, 8, 39, 16, 22, 39, 2, 22, 2, 6, 1, 29, 30, 39, 19, 2, 20, 33, 38, 2, 22, 39]
    PRED: [9, 24, 39, 25, 20, 24, 39, 35, 17, 39, 21, 12, 8, 39, 16, 22, 39, 2, 22, 8, 27, 2, 29, 30, 39, 19, 24, 20, 33, 38, 2, 22, 39]
    Edit distance: 8/34
  Sample 3:
    TRUE: [20, 3, 27, 17, 37, 39, 19, 0, 28, 30, 33, 21, 39, 22, 17, 8, 2, 8, 39, 6, 20, 1, 19, 39, 14, 20, 2, 34, 37, 39, 30, 33, 39, 6, 17, 39, 19, 2, 21, 26, 20, 17, 30, 20, 17, 39, 10, 20, 2, 14, 2, 22, 30, 39]
    PRED: [19, 27, 24, 39, 19, 5, 28, 21, 39, 22, 10, 8, 39, 21, 0, 2, 19, 39, 14, 20, 16, 34, 39, 30, 33, 39, 21, 17, 2, 39, 19, 2, 21, 26, 30, 20, 30, 11, 39, 1, 20, 2, 22, 8, 39]
    Edit distance: 25/54
  Sample 4:
    TRUE: [9, 2, 39, 30, 33, 31, 39, 13, 10, 27, 17, 39, 13, 11, 14, 0, 30, 39, 30, 33, 39, 19, 2, 21, 39, 35, 10, 22, 39, 27, 0, 18, 11, 37, 39, 30, 33, 31, 39, 13, 10, 20, 39, 4, 30, 39]
    PRED: [9, 2, 39, 30, 27, 33, 31, 30, 39, 13, 4, 17, 39, 13, 16, 19, 0, 30, 39, 30, 33, 39, 28, 30, 2, 21, 39, 35, 2, 22, 39, 35, 11, 18, 11, 39, 9, 33, 31, 13, 39, 13, 5, 20, 39, 4, 30, 39]
    Edit distance: 15/46

============================================================
Batch 141500 | Val PER: 0.3119
============================================================
  Sample 0:
    TRUE: [31, 17, 0, 19, 27, 2, 28, 17, 39, 27, 17, 19, 2, 22, 28, 16, 8, 11, 8, 39]
    PRED: [9, 39, 0, 19, 30, 28, 2, 28, 39, 27, 16, 22, 30, 2, 8, 39]
    Edit distance: 12/20
  Sample 1:
    TRUE: [27, 16, 7, 39, 26, 11, 7, 2, 28, 30, 39, 28, 10, 34, 27, 2, 20, 39, 28, 5, 22, 8, 39, 20, 16, 31, 2, 14, 27, 1, 13, 28, 39]
    PRED: [10, 7, 28, 30, 39, 26, 11, 7, 2, 37, 39, 10, 34, 11, 20, 39, 28, 5, 22, 37, 39, 20, 16, 17, 9, 24, 5, 13, 30, 39]
    Edit distance: 16/33
  Sample 2:
    TRUE: [28, 24, 39, 27, 33, 20, 37, 39, 35, 17, 39, 21, 12, 8, 39, 16, 22, 39, 2, 22, 2, 6, 1, 29, 30, 39, 19, 2, 20, 33, 38, 2, 22, 39]
    PRED: [9, 24, 39, 25, 20, 37, 39, 35, 17, 39, 21, 12, 8, 39, 16, 22, 39, 2, 22, 8, 27, 5, 28, 30, 39, 19, 24, 20, 33, 38, 2, 22, 39]
    Edit distance: 8/34
  Sample 3:
    TRUE: [20, 3, 27, 17, 37, 39, 19, 0, 28, 30, 33, 21, 39, 22, 17, 8, 2, 8, 39, 6, 20, 1, 19, 39, 14, 20, 2, 34, 37, 39, 30, 33, 39, 6, 17, 39, 19, 2, 21, 26, 20, 17, 30, 20, 17, 39, 10, 20, 2, 14, 2, 22, 30, 39]
    PRED: [19, 27, 10, 11, 39, 19, 5, 28, 21, 39, 22, 12, 8, 39, 21, 2, 19, 39, 14, 20, 2, 34, 37, 39, 30, 33, 39, 6, 17, 39, 19, 2, 21, 26, 20, 30, 11, 39, 1, 20, 2, 22, 8, 39]
    Edit distance: 20/54
  Sample 4:
    TRUE: [9, 2, 39, 30, 33, 31, 39, 13, 10, 27, 17, 39, 13, 11, 14, 0, 30, 39, 30, 33, 39, 19, 2, 21, 39, 35, 10, 22, 39, 27, 0, 18, 11, 37, 39, 30, 33, 31, 39, 13, 10, 20, 39, 4, 30, 39]
    PRED: [9, 2, 39, 30, 33, 31, 30, 39, 13, 5, 39, 13, 16, 19, 0, 30, 39, 30, 33, 39, 28, 30, 2, 21, 39, 35, 2, 22, 39, 35, 11, 18, 11, 39, 9, 33, 31, 13, 39, 13, 5, 20, 39, 4, 30, 39]
    Edit distance: 15/46

============================================================
Batch 142000 | Val PER: 0.3112
============================================================
  Sample 0:
    TRUE: [31, 17, 0, 19, 27, 2, 28, 17, 39, 27, 17, 19, 2, 22, 28, 16, 8, 11, 8, 39]
    PRED: [9, 1, 39, 0, 19, 30, 19, 30, 2, 28, 39, 27, 16, 14, 14, 22, 2, 30, 2, 8, 39]
    Edit distance: 14/20
  Sample 1:
    TRUE: [27, 16, 7, 39, 26, 11, 7, 2, 28, 30, 39, 28, 10, 34, 27, 2, 20, 39, 28, 5, 22, 8, 39, 20, 16, 31, 2, 14, 27, 1, 13, 28, 39]
    PRED: [27, 10, 7, 30, 39, 26, 11, 25, 7, 2, 37, 39, 10, 34, 2, 20, 39, 28, 5, 22, 30, 39, 20, 16, 5, 13, 30, 39]
    Edit distance: 14/33
  Sample 2:
    TRUE: [28, 24, 39, 27, 33, 20, 37, 39, 35, 17, 39, 21, 12, 8, 39, 16, 22, 39, 2, 22, 2, 6, 1, 29, 30, 39, 19, 2, 20, 33, 38, 2, 22, 39]
    PRED: [9, 24, 39, 25, 20, 37, 39, 35, 17, 39, 21, 12, 8, 39, 16, 22, 39, 2, 22, 8, 27, 5, 29, 30, 39, 19, 24, 20, 33, 38, 2, 22, 39]
    Edit distance: 7/34
  Sample 3:
    TRUE: [20, 3, 27, 17, 37, 39, 19, 0, 28, 30, 33, 21, 39, 22, 17, 8, 2, 8, 39, 6, 20, 1, 19, 39, 14, 20, 2, 34, 37, 39, 30, 33, 39, 6, 17, 39, 19, 2, 21, 26, 20, 17, 30, 20, 17, 39, 10, 20, 2, 14, 2, 22, 30, 39]
    PRED: [19, 27, 10, 39, 19, 5, 28, 21, 2, 21, 39, 22, 10, 8, 39, 21, 2, 19, 39, 14, 20, 2, 34, 37, 39, 30, 33, 39, 6, 17, 39, 19, 2, 21, 26, 20, 30, 11, 39, 1, 20, 2, 22, 8, 39]
    Edit distance: 20/54
  Sample 4:
    TRUE: [9, 2, 39, 30, 33, 31, 39, 13, 10, 27, 17, 39, 13, 11, 14, 0, 30, 39, 30, 33, 39, 19, 2, 21, 39, 35, 10, 22, 39, 27, 0, 18, 11, 37, 39, 30, 33, 31, 39, 13, 10, 20, 39, 4, 30, 39]
    PRED: [9, 2, 39, 30, 36, 33, 31, 30, 39, 13, 10, 17, 39, 13, 16, 19, 0, 30, 39, 30, 33, 39, 28, 30, 2, 21, 39, 35, 2, 22, 37, 39, 35, 11, 18, 11, 39, 36, 9, 33, 31, 13, 39, 13, 5, 20, 39, 4, 30, 39]
    Edit distance: 16/46

============================================================
Batch 142500 | Val PER: 0.3109
============================================================
  Sample 0:
    TRUE: [31, 17, 0, 19, 27, 2, 28, 17, 39, 27, 17, 19, 2, 22, 28, 16, 8, 11, 8, 39]
    PRED: [9, 39, 0, 10, 19, 28, 2, 39, 27, 16, 22, 2, 30, 8, 39]
    Edit distance: 13/20
  Sample 1:
    TRUE: [27, 16, 7, 39, 26, 11, 7, 2, 28, 30, 39, 28, 10, 34, 27, 2, 20, 39, 28, 5, 22, 8, 39, 20, 16, 31, 2, 14, 27, 1, 13, 28, 39]
    PRED: [27, 10, 7, 28, 30, 39, 26, 11, 2, 37, 39, 10, 34, 2, 20, 39, 28, 5, 22, 8, 2, 8, 30, 39, 19, 20, 16, 5, 13, 30, 39]
    Edit distance: 17/33
  Sample 2:
    TRUE: [28, 24, 39, 27, 33, 20, 37, 39, 35, 17, 39, 21, 12, 8, 39, 16, 22, 39, 2, 22, 2, 6, 1, 29, 30, 39, 19, 2, 20, 33, 38, 2, 22, 39]
    PRED: [9, 24, 39, 25, 20, 37, 39, 35, 17, 39, 21, 10, 8, 39, 16, 22, 39, 2, 22, 8, 27, 2, 10, 29, 30, 39, 19, 24, 20, 33, 38, 2, 22, 39]
    Edit distance: 9/34
  Sample 3:
    TRUE: [20, 3, 27, 17, 37, 39, 19, 0, 28, 30, 33, 21, 39, 22, 17, 8, 2, 8, 39, 6, 20, 1, 19, 39, 14, 20, 2, 34, 37, 39, 30, 33, 39, 6, 17, 39, 19, 2, 21, 26, 20, 17, 30, 20, 17, 39, 10, 20, 2, 14, 2, 22, 30, 39]
    PRED: [19, 27, 10, 9, 11, 39, 19, 5, 28, 21, 2, 21, 39, 22, 12, 8, 39, 21, 0, 2, 19, 39, 14, 20, 2, 34, 37, 39, 30, 33, 39, 6, 17, 33, 39, 19, 2, 21, 26, 20, 2, 30, 11, 39, 1, 20, 2, 22, 8, 39]
    Edit distance: 22/54
  Sample 4:
    TRUE: [9, 2, 39, 30, 33, 31, 39, 13, 10, 27, 17, 39, 13, 11, 14, 0, 30, 39, 30, 33, 39, 19, 2, 21, 39, 35, 10, 22, 39, 27, 0, 18, 11, 37, 39, 30, 33, 31, 39, 13, 10, 20, 39, 4, 30, 39]
    PRED: [9, 2, 39, 30, 27, 33, 31, 30, 39, 13, 17, 11, 39, 13, 16, 19, 30, 39, 30, 33, 39, 28, 30, 2, 21, 39, 27, 35, 2, 22, 37, 39, 27, 11, 18, 11, 39, 36, 9, 33, 31, 13, 39, 13, 5, 20, 4, 30, 39]
    Edit distance: 20/46

============================================================
Batch 143000 | Val PER: 0.3101
============================================================
  Sample 0:
    TRUE: [31, 17, 0, 19, 27, 2, 28, 17, 39, 27, 17, 19, 2, 22, 28, 16, 8, 11, 8, 39]
    PRED: [9, 39, 0, 19, 30, 2, 28, 39, 16, 22, 2, 30, 8, 39]
    Edit distance: 12/20
  Sample 1:
    TRUE: [27, 16, 7, 39, 26, 11, 7, 2, 28, 30, 39, 28, 10, 34, 27, 2, 20, 39, 28, 5, 22, 8, 39, 20, 16, 31, 2, 14, 27, 1, 13, 28, 39]
    PRED: [27, 10, 7, 30, 39, 26, 11, 2, 37, 39, 10, 34, 2, 20, 39, 28, 5, 22, 30, 39, 20, 16, 5, 13, 30, 39]
    Edit distance: 14/33
  Sample 2:
    TRUE: [28, 24, 39, 27, 33, 20, 37, 39, 35, 17, 39, 21, 12, 8, 39, 16, 22, 39, 2, 22, 2, 6, 1, 29, 30, 39, 19, 2, 20, 33, 38, 2, 22, 39]
    PRED: [9, 24, 39, 25, 20, 37, 39, 35, 17, 39, 21, 12, 8, 39, 16, 22, 39, 16, 22, 8, 16, 27, 1, 10, 29, 39, 19, 33, 20, 33, 38, 2, 22, 39]
    Edit distance: 10/34
  Sample 3:
    TRUE: [20, 3, 27, 17, 37, 39, 19, 0, 28, 30, 33, 21, 39, 22, 17, 8, 2, 8, 39, 6, 20, 1, 19, 39, 14, 20, 2, 34, 37, 39, 30, 33, 39, 6, 17, 39, 19, 2, 21, 26, 20, 17, 30, 20, 17, 39, 10, 20, 2, 14, 2, 22, 30, 39]
    PRED: [19, 27, 10, 27, 17, 39, 19, 5, 28, 21, 2, 21, 39, 22, 12, 8, 39, 21, 0, 1, 19, 39, 14, 20, 16, 34, 37, 39, 30, 33, 39, 6, 17, 33, 39, 19, 19, 2, 21, 26, 30, 20, 2, 30, 11, 39, 1, 20, 2, 22, 8, 39]
    Edit distance: 23/54
  Sample 4:
    TRUE: [9, 2, 39, 30, 33, 31, 39, 13, 10, 27, 17, 39, 13, 11, 14, 0, 30, 39, 30, 33, 39, 19, 2, 21, 39, 35, 10, 22, 39, 27, 0, 18, 11, 37, 39, 30, 33, 31, 39, 13, 10, 20, 39, 4, 30, 39]
    PRED: [9, 2, 39, 30, 33, 31, 30, 39, 13, 17, 39, 13, 16, 19, 30, 39, 30, 33, 39, 28, 30, 5, 2, 21, 39, 35, 2, 22, 39, 35, 11, 18, 11, 39, 36, 9, 33, 31, 13, 39, 13, 5, 20, 39, 4, 30, 39]
    Edit distance: 17/46

============================================================
Batch 143500 | Val PER: 0.3099
============================================================
  Sample 0:
    TRUE: [31, 17, 0, 19, 27, 2, 28, 17, 39, 27, 17, 19, 2, 22, 28, 16, 8, 11, 8, 39]
    PRED: [9, 12, 39, 0, 30, 28, 2, 28, 39, 27, 16, 22, 2, 30, 2, 8, 39]
    Edit distance: 13/20
  Sample 1:
    TRUE: [27, 16, 7, 39, 26, 11, 7, 2, 28, 30, 39, 28, 10, 34, 27, 2, 20, 39, 28, 5, 22, 8, 39, 20, 16, 31, 2, 14, 27, 1, 13, 28, 39]
    PRED: [27, 10, 7, 28, 30, 39, 26, 11, 2, 37, 39, 10, 34, 2, 20, 39, 28, 5, 22, 8, 37, 39, 19, 20, 16, 17, 24, 14, 5, 13, 30, 28, 39]
    Edit distance: 15/33
  Sample 2:
    TRUE: [28, 24, 39, 27, 33, 20, 37, 39, 35, 17, 39, 21, 12, 8, 39, 16, 22, 39, 2, 22, 2, 6, 1, 29, 30, 39, 19, 2, 20, 33, 38, 2, 22, 39]
    PRED: [9, 24, 39, 25, 20, 37, 39, 35, 17, 39, 21, 12, 8, 39, 16, 22, 39, 16, 22, 8, 27, 2, 10, 29, 39, 19, 33, 20, 33, 38, 2, 22, 39]
    Edit distance: 10/34
  Sample 3:
    TRUE: [20, 3, 27, 17, 37, 39, 19, 0, 28, 30, 33, 21, 39, 22, 17, 8, 2, 8, 39, 6, 20, 1, 19, 39, 14, 20, 2, 34, 37, 39, 30, 33, 39, 6, 17, 39, 19, 2, 21, 26, 20, 17, 30, 20, 17, 39, 10, 20, 2, 14, 2, 22, 30, 39]
    PRED: [19, 27, 10, 9, 11, 39, 19, 5, 28, 21, 39, 22, 12, 8, 39, 26, 21, 2, 19, 39, 14, 20, 16, 34, 37, 39, 30, 33, 39, 6, 17, 33, 39, 19, 2, 21, 26, 30, 20, 30, 11, 39, 1, 20, 2, 22, 8, 39]
    Edit distance: 24/54
  Sample 4:
    TRUE: [9, 2, 39, 30, 33, 31, 39, 13, 10, 27, 17, 39, 13, 11, 14, 0, 30, 39, 30, 33, 39, 19, 2, 21, 39, 35, 10, 22, 39, 27, 0, 18, 11, 37, 39, 30, 33, 31, 39, 13, 10, 20, 39, 4, 30, 39]
    PRED: [9, 2, 39, 30, 33, 31, 30, 39, 13, 5, 0, 17, 39, 13, 16, 19, 30, 39, 30, 33, 39, 28, 30, 2, 21, 39, 35, 2, 22, 39, 35, 11, 18, 11, 39, 9, 33, 31, 13, 39, 13, 5, 20, 39, 4, 30, 39]
    Edit distance: 15/46

============================================================
Batch 144000 | Val PER: 0.3097
============================================================
  Sample 0:
    TRUE: [31, 17, 0, 19, 27, 2, 28, 17, 39, 27, 17, 19, 2, 22, 28, 16, 8, 11, 8, 39]
    PRED: [9, 39, 0, 30, 28, 2, 28, 39, 27, 16, 17, 22, 2, 30, 2, 8, 39]
    Edit distance: 12/20
  Sample 1:
    TRUE: [27, 16, 7, 39, 26, 11, 7, 2, 28, 30, 39, 28, 10, 34, 27, 2, 20, 39, 28, 5, 22, 8, 39, 20, 16, 31, 2, 14, 27, 1, 13, 28, 39]
    PRED: [27, 10, 7, 28, 30, 39, 26, 11, 2, 37, 39, 10, 34, 2, 20, 39, 28, 5, 22, 30, 39, 20, 16, 17, 14, 5, 13, 30, 28, 39]
    Edit distance: 14/33
  Sample 2:
    TRUE: [28, 24, 39, 27, 33, 20, 37, 39, 35, 17, 39, 21, 12, 8, 39, 16, 22, 39, 2, 22, 2, 6, 1, 29, 30, 39, 19, 2, 20, 33, 38, 2, 22, 39]
    PRED: [9, 24, 39, 25, 20, 37, 39, 35, 17, 39, 21, 12, 8, 39, 16, 22, 39, 2, 22, 8, 27, 10, 29, 30, 39, 19, 24, 20, 33, 38, 2, 22, 39]
    Edit distance: 7/34
  Sample 3:
    TRUE: [20, 3, 27, 17, 37, 39, 19, 0, 28, 30, 33, 21, 39, 22, 17, 8, 2, 8, 39, 6, 20, 1, 19, 39, 14, 20, 2, 34, 37, 39, 30, 33, 39, 6, 17, 39, 19, 2, 21, 26, 20, 17, 30, 20, 17, 39, 10, 20, 2, 14, 2, 22, 30, 39]
    PRED: [19, 27, 24, 11, 39, 19, 5, 1, 28, 5, 21, 39, 22, 12, 8, 39, 26, 21, 1, 19, 39, 14, 20, 16, 34, 39, 30, 33, 39, 6, 17, 39, 19, 2, 21, 26, 20, 11, 39, 1, 20, 2, 10, 8, 39]
    Edit distance: 24/54
  Sample 4:
    TRUE: [9, 2, 39, 30, 33, 31, 39, 13, 10, 27, 17, 39, 13, 11, 14, 0, 30, 39, 30, 33, 39, 19, 2, 21, 39, 35, 10, 22, 39, 27, 0, 18, 11, 37, 39, 30, 33, 31, 39, 13, 10, 20, 39, 4, 30, 39]
    PRED: [9, 2, 39, 30, 33, 31, 30, 39, 13, 4, 17, 39, 13, 16, 19, 30, 39, 30, 33, 39, 28, 30, 2, 21, 39, 35, 1, 22, 39, 35, 11, 18, 11, 39, 9, 33, 31, 13, 39, 13, 5, 20, 20, 39, 4, 30, 39]
    Edit distance: 16/46

============================================================
Batch 144500 | Val PER: 0.3117
============================================================
  Sample 0:
    TRUE: [31, 17, 0, 19, 27, 2, 28, 17, 39, 27, 17, 19, 2, 22, 28, 16, 8, 11, 8, 39]
    PRED: [9, 39, 0, 19, 30, 28, 2, 28, 39, 27, 16, 19, 22, 2, 30, 2, 8, 39]
    Edit distance: 11/20
  Sample 1:
    TRUE: [27, 16, 7, 39, 26, 11, 7, 2, 28, 30, 39, 28, 10, 34, 27, 2, 20, 39, 28, 5, 22, 8, 39, 20, 16, 31, 2, 14, 27, 1, 13, 28, 39]
    PRED: [27, 10, 7, 28, 30, 39, 26, 11, 28, 2, 37, 39, 28, 10, 34, 2, 20, 39, 28, 5, 22, 8, 39, 20, 16, 8, 18, 5, 13, 30, 28, 39]
    Edit distance: 13/33
  Sample 2:
    TRUE: [28, 24, 39, 27, 33, 20, 37, 39, 35, 17, 39, 21, 12, 8, 39, 16, 22, 39, 2, 22, 2, 6, 1, 29, 30, 39, 19, 2, 20, 33, 38, 2, 22, 39]
    PRED: [9, 24, 39, 25, 20, 37, 39, 35, 17, 39, 21, 12, 8, 39, 16, 22, 39, 2, 22, 8, 27, 2, 10, 29, 30, 39, 19, 33, 24, 20, 33, 38, 2, 22, 39]
    Edit distance: 9/34
  Sample 3:
    TRUE: [20, 3, 27, 17, 37, 39, 19, 0, 28, 30, 33, 21, 39, 22, 17, 8, 2, 8, 39, 6, 20, 1, 19, 39, 14, 20, 2, 34, 37, 39, 30, 33, 39, 6, 17, 39, 19, 2, 21, 26, 20, 17, 30, 20, 17, 39, 10, 20, 2, 14, 2, 22, 30, 39]
    PRED: [30, 27, 24, 17, 39, 19, 5, 28, 5, 21, 39, 22, 10, 8, 39, 21, 0, 2, 19, 39, 14, 20, 16, 34, 37, 39, 30, 33, 39, 6, 17, 33, 39, 19, 2, 21, 26, 20, 30, 11, 39, 1, 20, 2, 22, 8, 39]
    Edit distance: 22/54
  Sample 4:
    TRUE: [9, 2, 39, 30, 33, 31, 39, 13, 10, 27, 17, 39, 13, 11, 14, 0, 30, 39, 30, 33, 39, 19, 2, 21, 39, 35, 10, 22, 39, 27, 0, 18, 11, 37, 39, 30, 33, 31, 39, 13, 10, 20, 39, 4, 30, 39]
    PRED: [9, 2, 39, 30, 27, 33, 31, 30, 39, 13, 12, 17, 39, 13, 16, 19, 0, 30, 8, 39, 30, 33, 39, 28, 30, 2, 21, 39, 35, 2, 22, 39, 27, 11, 18, 11, 39, 9, 33, 31, 13, 39, 13, 5, 20, 39, 4, 30, 39]
    Edit distance: 15/46

============================================================
Batch 145000 | Val PER: 0.3107
============================================================
  Sample 0:
    TRUE: [31, 17, 0, 19, 27, 2, 28, 17, 39, 27, 17, 19, 2, 22, 28, 16, 8, 11, 8, 39]
    PRED: [9, 12, 39, 0, 30, 28, 2, 28, 39, 27, 16, 22, 2, 30, 2, 8, 39]
    Edit distance: 13/20
  Sample 1:
    TRUE: [27, 16, 7, 39, 26, 11, 7, 2, 28, 30, 39, 28, 10, 34, 27, 2, 20, 39, 28, 5, 22, 8, 39, 20, 16, 31, 2, 14, 27, 1, 13, 28, 39]
    PRED: [27, 10, 7, 28, 30, 39, 26, 11, 29, 2, 37, 39, 10, 34, 11, 20, 39, 28, 5, 22, 8, 30, 39, 19, 20, 16, 14, 5, 13, 30, 39]
    Edit distance: 16/33
  Sample 2:
    TRUE: [28, 24, 39, 27, 33, 20, 37, 39, 35, 17, 39, 21, 12, 8, 39, 16, 22, 39, 2, 22, 2, 6, 1, 29, 30, 39, 19, 2, 20, 33, 38, 2, 22, 39]
    PRED: [9, 24, 39, 25, 20, 37, 39, 35, 17, 39, 21, 12, 8, 39, 16, 22, 39, 16, 22, 8, 2, 10, 29, 30, 39, 19, 33, 24, 20, 33, 38, 2, 22, 39]
    Edit distance: 9/34
  Sample 3:
    TRUE: [20, 3, 27, 17, 37, 39, 19, 0, 28, 30, 33, 21, 39, 22, 17, 8, 2, 8, 39, 6, 20, 1, 19, 39, 14, 20, 2, 34, 37, 39, 30, 33, 39, 6, 17, 39, 19, 2, 21, 26, 20, 17, 30, 20, 17, 39, 10, 20, 2, 14, 2, 22, 30, 39]
    PRED: [19, 27, 10, 9, 11, 39, 19, 5, 28, 21, 39, 22, 10, 8, 39, 21, 1, 19, 39, 14, 20, 16, 34, 37, 39, 30, 33, 39, 6, 17, 33, 39, 19, 19, 2, 21, 26, 20, 30, 11, 39, 1, 20, 2, 22, 8, 39]
    Edit distance: 23/54
  Sample 4:
    TRUE: [9, 2, 39, 30, 33, 31, 39, 13, 10, 27, 17, 39, 13, 11, 14, 0, 30, 39, 30, 33, 39, 19, 2, 21, 39, 35, 10, 22, 39, 27, 0, 18, 11, 37, 39, 30, 33, 31, 39, 13, 10, 20, 39, 4, 30, 39]
    PRED: [9, 2, 39, 36, 33, 31, 30, 39, 13, 4, 17, 39, 13, 16, 19, 0, 30, 2, 39, 30, 33, 39, 28, 30, 2, 21, 39, 13, 35, 2, 22, 39, 27, 11, 0, 18, 11, 39, 9, 33, 31, 13, 39, 13, 5, 20, 39, 4, 30, 39]
    Edit distance: 16/46

============================================================
Batch 145500 | Val PER: 0.3147
============================================================
  Sample 0:
    TRUE: [31, 17, 0, 19, 27, 2, 28, 17, 39, 27, 17, 19, 2, 22, 28, 16, 8, 11, 8, 39]
    PRED: [9, 12, 39, 0, 30, 2, 28, 39, 27, 16, 22, 2, 30, 2, 8, 39]
    Edit distance: 13/20
  Sample 1:
    TRUE: [27, 16, 7, 39, 26, 11, 7, 2, 28, 30, 39, 28, 10, 34, 27, 2, 20, 39, 28, 5, 22, 8, 39, 20, 16, 31, 2, 14, 27, 1, 13, 28, 39]
    PRED: [27, 10, 7, 30, 39, 26, 11, 7, 2, 37, 39, 10, 34, 2, 20, 39, 28, 5, 22, 30, 39, 20, 16, 9, 8, 5, 13, 30, 28, 39]
    Edit distance: 13/33
  Sample 2:
    TRUE: [28, 24, 39, 27, 33, 20, 37, 39, 35, 17, 39, 21, 12, 8, 39, 16, 22, 39, 2, 22, 2, 6, 1, 29, 30, 39, 19, 2, 20, 33, 38, 2, 22, 39]
    PRED: [9, 24, 39, 25, 20, 37, 39, 34, 21, 17, 39, 21, 12, 8, 39, 16, 22, 39, 0, 22, 8, 2, 10, 29, 30, 39, 19, 33, 24, 20, 33, 38, 2, 22, 39]
    Edit distance: 11/34
  Sample 3:
    TRUE: [20, 3, 27, 17, 37, 39, 19, 0, 28, 30, 33, 21, 39, 22, 17, 8, 2, 8, 39, 6, 20, 1, 19, 39, 14, 20, 2, 34, 37, 39, 30, 33, 39, 6, 17, 39, 19, 2, 21, 26, 20, 17, 30, 20, 17, 39, 10, 20, 2, 14, 2, 22, 30, 39]
    PRED: [19, 27, 10, 11, 39, 19, 5, 28, 21, 2, 21, 39, 22, 10, 8, 2, 8, 39, 21, 2, 19, 39, 14, 20, 16, 34, 37, 39, 30, 33, 39, 6, 17, 33, 39, 19, 19, 2, 21, 26, 30, 20, 30, 11, 39, 1, 20, 2, 22, 8, 39]
    Edit distance: 22/54
  Sample 4:
    TRUE: [9, 2, 39, 30, 33, 31, 39, 13, 10, 27, 17, 39, 13, 11, 14, 0, 30, 39, 30, 33, 39, 19, 2, 21, 39, 35, 10, 22, 39, 27, 0, 18, 11, 37, 39, 30, 33, 31, 39, 13, 10, 20, 39, 4, 30, 39]
    PRED: [9, 2, 39, 30, 33, 31, 30, 39, 13, 12, 17, 39, 13, 16, 19, 30, 39, 30, 33, 39, 28, 30, 2, 21, 39, 13, 35, 1, 22, 39, 27, 11, 8, 11, 39, 9, 33, 31, 13, 39, 13, 5, 20, 39, 4, 30, 39]
    Edit distance: 16/46

============================================================
Batch 146000 | Val PER: 0.3140
============================================================
  Sample 0:
    TRUE: [31, 17, 0, 19, 27, 2, 28, 17, 39, 27, 17, 19, 2, 22, 28, 16, 8, 11, 8, 39]
    PRED: [9, 12, 39, 0, 19, 30, 19, 30, 2, 28, 39, 27, 16, 22, 2, 30, 2, 8, 39]
    Edit distance: 14/20
  Sample 1:
    TRUE: [27, 16, 7, 39, 26, 11, 7, 2, 28, 30, 39, 28, 10, 34, 27, 2, 20, 39, 28, 5, 22, 8, 39, 20, 16, 31, 2, 14, 27, 1, 13, 28, 39]
    PRED: [27, 10, 30, 39, 26, 11, 25, 28, 2, 37, 39, 10, 34, 2, 20, 39, 28, 5, 22, 8, 39, 20, 16, 8, 18, 5, 13, 30, 28, 39]
    Edit distance: 14/33
  Sample 2:
    TRUE: [28, 24, 39, 27, 33, 20, 37, 39, 35, 17, 39, 21, 12, 8, 39, 16, 22, 39, 2, 22, 2, 6, 1, 29, 30, 39, 19, 2, 20, 33, 38, 2, 22, 39]
    PRED: [9, 24, 39, 25, 20, 37, 39, 21, 17, 39, 21, 12, 8, 39, 16, 22, 39, 2, 22, 8, 27, 2, 10, 29, 39, 19, 33, 20, 33, 38, 2, 22, 39]
    Edit distance: 10/34
  Sample 3:
    TRUE: [20, 3, 27, 17, 37, 39, 19, 0, 28, 30, 33, 21, 39, 22, 17, 8, 2, 8, 39, 6, 20, 1, 19, 39, 14, 20, 2, 34, 37, 39, 30, 33, 39, 6, 17, 39, 19, 2, 21, 26, 20, 17, 30, 20, 17, 39, 10, 20, 2, 14, 2, 22, 30, 39]
    PRED: [19, 27, 10, 11, 39, 19, 30, 5, 28, 21, 2, 21, 39, 22, 17, 8, 39, 21, 0, 1, 19, 39, 14, 20, 16, 34, 37, 39, 30, 33, 39, 6, 17, 33, 39, 19, 2, 21, 26, 30, 20, 30, 11, 39, 1, 20, 2, 22, 8, 39]
    Edit distance: 22/54
  Sample 4:
    TRUE: [9, 2, 39, 30, 33, 31, 39, 13, 10, 27, 17, 39, 13, 11, 14, 0, 30, 39, 30, 33, 39, 19, 2, 21, 39, 35, 10, 22, 39, 27, 0, 18, 11, 37, 39, 30, 33, 31, 39, 13, 10, 20, 39, 4, 30, 39]
    PRED: [9, 2, 39, 30, 33, 31, 30, 39, 13, 12, 17, 39, 13, 16, 19, 0, 30, 39, 30, 33, 39, 28, 30, 2, 21, 39, 35, 2, 22, 37, 39, 35, 11, 0, 8, 11, 39, 9, 33, 31, 13, 39, 13, 16, 20, 39, 4, 30, 39]
    Edit distance: 16/46

============================================================
Batch 146500 | Val PER: 0.3113
============================================================
  Sample 0:
    TRUE: [31, 17, 0, 19, 27, 2, 28, 17, 39, 27, 17, 19, 2, 22, 28, 16, 8, 11, 8, 39]
    PRED: [9, 12, 39, 0, 19, 30, 2, 28, 39, 27, 16, 22, 2, 30, 8, 39]
    Edit distance: 12/20
  Sample 1:
    TRUE: [27, 16, 7, 39, 26, 11, 7, 2, 28, 30, 39, 28, 10, 34, 27, 2, 20, 39, 28, 5, 22, 8, 39, 20, 16, 31, 2, 14, 27, 1, 13, 28, 39]
    PRED: [35, 10, 7, 30, 39, 26, 11, 25, 28, 2, 37, 39, 28, 10, 34, 2, 11, 20, 39, 28, 5, 22, 8, 30, 39, 20, 16, 8, 5, 13, 30, 28, 39]
    Edit distance: 16/33
  Sample 2:
    TRUE: [28, 24, 39, 27, 33, 20, 37, 39, 35, 17, 39, 21, 12, 8, 39, 16, 22, 39, 2, 22, 2, 6, 1, 29, 30, 39, 19, 2, 20, 33, 38, 2, 22, 39]
    PRED: [9, 24, 39, 25, 20, 24, 39, 35, 17, 39, 21, 10, 8, 39, 16, 22, 39, 16, 22, 8, 27, 2, 10, 29, 30, 39, 19, 33, 20, 33, 38, 2, 22, 39]
    Edit distance: 11/34
  Sample 3:
    TRUE: [20, 3, 27, 17, 37, 39, 19, 0, 28, 30, 33, 21, 39, 22, 17, 8, 2, 8, 39, 6, 20, 1, 19, 39, 14, 20, 2, 34, 37, 39, 30, 33, 39, 6, 17, 39, 19, 2, 21, 26, 20, 17, 30, 20, 17, 39, 10, 20, 2, 14, 2, 22, 30, 39]
    PRED: [19, 27, 10, 9, 11, 39, 19, 5, 28, 21, 2, 21, 39, 22, 10, 8, 39, 21, 2, 19, 39, 14, 20, 16, 34, 39, 30, 33, 39, 6, 17, 33, 39, 19, 2, 21, 26, 20, 30, 11, 39, 1, 20, 2, 22, 8, 39]
    Edit distance: 24/54
  Sample 4:
    TRUE: [9, 2, 39, 30, 33, 31, 39, 13, 10, 27, 17, 39, 13, 11, 14, 0, 30, 39, 30, 33, 39, 19, 2, 21, 39, 35, 10, 22, 39, 27, 0, 18, 11, 37, 39, 30, 33, 31, 39, 13, 10, 20, 39, 4, 30, 39]
    PRED: [9, 2, 39, 36, 33, 31, 30, 39, 13, 12, 17, 39, 13, 16, 19, 0, 30, 2, 39, 30, 33, 39, 28, 30, 2, 21, 39, 35, 2, 22, 37, 39, 35, 11, 8, 11, 39, 9, 33, 31, 13, 39, 13, 5, 20, 39, 4, 30, 39]
    Edit distance: 18/46

============================================================
Batch 147000 | Val PER: 0.3101
============================================================
  Sample 0:
    TRUE: [31, 17, 0, 19, 27, 2, 28, 17, 39, 27, 17, 19, 2, 22, 28, 16, 8, 11, 8, 39]
    PRED: [9, 12, 39, 0, 19, 30, 19, 28, 2, 28, 39, 8, 16, 22, 2, 30, 8, 39]
    Edit distance: 15/20
  Sample 1:
    TRUE: [27, 16, 7, 39, 26, 11, 7, 2, 28, 30, 39, 28, 10, 34, 27, 2, 20, 39, 28, 5, 22, 8, 39, 20, 16, 31, 2, 14, 27, 1, 13, 28, 39]
    PRED: [35, 10, 7, 30, 39, 26, 11, 29, 2, 37, 39, 10, 34, 2, 20, 39, 28, 5, 22, 8, 37, 39, 20, 16, 8, 5, 13, 30, 28, 39]
    Edit distance: 15/33
  Sample 2:
    TRUE: [28, 24, 39, 27, 33, 20, 37, 39, 35, 17, 39, 21, 12, 8, 39, 16, 22, 39, 2, 22, 2, 6, 1, 29, 30, 39, 19, 2, 20, 33, 38, 2, 22, 39]
    PRED: [9, 24, 39, 25, 20, 37, 39, 21, 5, 39, 21, 10, 8, 39, 16, 22, 39, 2, 22, 8, 2, 10, 29, 39, 19, 24, 20, 33, 12, 38, 2, 22, 39]
    Edit distance: 12/34
  Sample 3:
    TRUE: [20, 3, 27, 17, 37, 39, 19, 0, 28, 30, 33, 21, 39, 22, 17, 8, 2, 8, 39, 6, 20, 1, 19, 39, 14, 20, 2, 34, 37, 39, 30, 33, 39, 6, 17, 39, 19, 2, 21, 26, 20, 17, 30, 20, 17, 39, 10, 20, 2, 14, 2, 22, 30, 39]
    PRED: [19, 27, 24, 10, 39, 19, 5, 28, 21, 2, 21, 39, 22, 17, 8, 2, 8, 39, 21, 1, 19, 39, 14, 20, 16, 34, 39, 30, 33, 39, 6, 17, 39, 19, 0, 21, 26, 20, 30, 39, 1, 20, 2, 22, 8, 39]
    Edit distance: 19/54
  Sample 4:
    TRUE: [9, 2, 39, 30, 33, 31, 39, 13, 10, 27, 17, 39, 13, 11, 14, 0, 30, 39, 30, 33, 39, 19, 2, 21, 39, 35, 10, 22, 39, 27, 0, 18, 11, 37, 39, 30, 33, 31, 39, 13, 10, 20, 39, 4, 30, 39]
    PRED: [9, 2, 39, 30, 33, 31, 30, 39, 12, 17, 39, 16, 19, 30, 39, 30, 33, 39, 28, 30, 2, 21, 39, 35, 1, 22, 37, 39, 35, 11, 8, 11, 39, 9, 33, 31, 13, 39, 13, 20, 39, 4, 30, 39]
    Edit distance: 19/46

============================================================
Batch 147500 | Val PER: 0.3111
============================================================
  Sample 0:
    TRUE: [31, 17, 0, 19, 27, 2, 28, 17, 39, 27, 17, 19, 2, 22, 28, 16, 8, 11, 8, 39]
    PRED: [9, 0, 19, 30, 2, 28, 39, 8, 16, 22, 2, 30, 8, 39]
    Edit distance: 12/20
  Sample 1:
    TRUE: [27, 16, 7, 39, 26, 11, 7, 2, 28, 30, 39, 28, 10, 34, 27, 2, 20, 39, 28, 5, 22, 8, 39, 20, 16, 31, 2, 14, 27, 1, 13, 28, 39]
    PRED: [27, 10, 7, 30, 39, 26, 11, 28, 2, 37, 39, 10, 34, 2, 20, 39, 28, 5, 22, 8, 30, 39, 20, 16, 5, 13, 30, 28, 39]
    Edit distance: 14/33
  Sample 2:
    TRUE: [28, 24, 39, 27, 33, 20, 37, 39, 35, 17, 39, 21, 12, 8, 39, 16, 22, 39, 2, 22, 2, 6, 1, 29, 30, 39, 19, 2, 20, 33, 38, 2, 22, 39]
    PRED: [9, 24, 39, 25, 20, 37, 39, 21, 17, 39, 21, 10, 8, 39, 16, 22, 39, 16, 22, 2, 27, 2, 10, 29, 30, 39, 19, 33, 24, 20, 33, 38, 2, 22, 39]
    Edit distance: 11/34
  Sample 3:
    TRUE: [20, 3, 27, 17, 37, 39, 19, 0, 28, 30, 33, 21, 39, 22, 17, 8, 2, 8, 39, 6, 20, 1, 19, 39, 14, 20, 2, 34, 37, 39, 30, 33, 39, 6, 17, 39, 19, 2, 21, 26, 20, 17, 30, 20, 17, 39, 10, 20, 2, 14, 2, 22, 30, 39]
    PRED: [19, 27, 10, 11, 39, 19, 5, 28, 21, 2, 21, 39, 22, 4, 8, 39, 21, 1, 19, 39, 14, 20, 16, 34, 39, 30, 33, 39, 6, 17, 39, 19, 2, 21, 26, 30, 20, 30, 11, 39, 1, 20, 2, 22, 8, 39]
    Edit distance: 22/54
  Sample 4:
    TRUE: [9, 2, 39, 30, 33, 31, 39, 13, 10, 27, 17, 39, 13, 11, 14, 0, 30, 39, 30, 33, 39, 19, 2, 21, 39, 35, 10, 22, 39, 27, 0, 18, 11, 37, 39, 30, 33, 31, 39, 13, 10, 20, 39, 4, 30, 39]
    PRED: [9, 2, 39, 30, 27, 33, 31, 30, 39, 13, 5, 17, 39, 13, 16, 19, 30, 39, 30, 33, 39, 28, 30, 2, 21, 39, 35, 2, 22, 37, 39, 35, 11, 11, 39, 9, 33, 31, 13, 39, 13, 20, 39, 4, 30, 39]
    Edit distance: 18/46

============================================================
Batch 148000 | Val PER: 0.3124
============================================================
  Sample 0:
    TRUE: [31, 17, 0, 19, 27, 2, 28, 17, 39, 27, 17, 19, 2, 22, 28, 16, 8, 11, 8, 39]
    PRED: [9, 39, 0, 10, 28, 2, 28, 39, 8, 16, 22, 2, 30, 8, 39]
    Edit distance: 13/20
  Sample 1:
    TRUE: [27, 16, 7, 39, 26, 11, 7, 2, 28, 30, 39, 28, 10, 34, 27, 2, 20, 39, 28, 5, 22, 8, 39, 20, 16, 31, 2, 14, 27, 1, 13, 28, 39]
    PRED: [35, 10, 7, 30, 39, 26, 11, 25, 7, 2, 37, 39, 10, 34, 2, 11, 20, 39, 28, 5, 22, 30, 39, 20, 16, 2, 5, 13, 30, 28, 39]
    Edit distance: 15/33
  Sample 2:
    TRUE: [28, 24, 39, 27, 33, 20, 37, 39, 35, 17, 39, 21, 12, 8, 39, 16, 22, 39, 2, 22, 2, 6, 1, 29, 30, 39, 19, 2, 20, 33, 38, 2, 22, 39]
    PRED: [9, 24, 39, 25, 20, 37, 39, 21, 17, 39, 21, 10, 8, 39, 16, 22, 39, 2, 22, 2, 2, 10, 29, 30, 39, 19, 33, 24, 20, 33, 12, 38, 2, 22, 39]
    Edit distance: 10/34
  Sample 3:
    TRUE: [20, 3, 27, 17, 37, 39, 19, 0, 28, 30, 33, 21, 39, 22, 17, 8, 2, 8, 39, 6, 20, 1, 19, 39, 14, 20, 2, 34, 37, 39, 30, 33, 39, 6, 17, 39, 19, 2, 21, 26, 20, 17, 30, 20, 17, 39, 10, 20, 2, 14, 2, 22, 30, 39]
    PRED: [19, 27, 10, 11, 39, 19, 5, 28, 21, 39, 22, 5, 8, 39, 21, 27, 1, 19, 39, 14, 20, 16, 34, 39, 30, 33, 39, 6, 17, 39, 19, 2, 21, 26, 30, 20, 30, 11, 39, 1, 20, 2, 22, 8, 39]
    Edit distance: 22/54
  Sample 4:
    TRUE: [9, 2, 39, 30, 33, 31, 39, 13, 10, 27, 17, 39, 13, 11, 14, 0, 30, 39, 30, 33, 39, 19, 2, 21, 39, 35, 10, 22, 39, 27, 0, 18, 11, 37, 39, 30, 33, 31, 39, 13, 10, 20, 39, 4, 30, 39]
    PRED: [9, 2, 39, 30, 27, 33, 31, 30, 39, 13, 5, 17, 39, 13, 16, 19, 30, 8, 39, 30, 33, 39, 28, 30, 2, 21, 39, 35, 10, 22, 39, 35, 11, 8, 11, 39, 9, 33, 31, 13, 39, 13, 5, 20, 39, 4, 30, 39]
    Edit distance: 17/46

============================================================
Batch 148500 | Val PER: 0.3127
============================================================
  Sample 0:
    TRUE: [31, 17, 0, 19, 27, 2, 28, 17, 39, 27, 17, 19, 2, 22, 28, 16, 8, 11, 8, 39]
    PRED: [9, 39, 0, 19, 30, 28, 30, 2, 28, 39, 8, 27, 16, 22, 2, 30, 2, 8, 39]
    Edit distance: 14/20
  Sample 1:
    TRUE: [27, 16, 7, 39, 26, 11, 7, 2, 28, 30, 39, 28, 10, 34, 27, 2, 20, 39, 28, 5, 22, 8, 39, 20, 16, 31, 2, 14, 27, 1, 13, 28, 39]
    PRED: [27, 10, 7, 30, 39, 26, 11, 25, 7, 2, 37, 39, 28, 10, 34, 2, 11, 20, 39, 28, 5, 22, 8, 39, 20, 16, 2, 5, 13, 30, 28, 39]
    Edit distance: 12/33
  Sample 2:
    TRUE: [28, 24, 39, 27, 33, 20, 37, 39, 35, 17, 39, 21, 12, 8, 39, 16, 22, 39, 2, 22, 2, 6, 1, 29, 30, 39, 19, 2, 20, 33, 38, 2, 22, 39]
    PRED: [9, 24, 39, 25, 20, 37, 39, 21, 17, 39, 21, 10, 8, 39, 16, 22, 39, 16, 22, 8, 2, 10, 29, 39, 28, 19, 33, 24, 20, 33, 12, 38, 2, 22, 39]
    Edit distance: 14/34
  Sample 3:
    TRUE: [20, 3, 27, 17, 37, 39, 19, 0, 28, 30, 33, 21, 39, 22, 17, 8, 2, 8, 39, 6, 20, 1, 19, 39, 14, 20, 2, 34, 37, 39, 30, 33, 39, 6, 17, 39, 19, 2, 21, 26, 20, 17, 30, 20, 17, 39, 10, 20, 2, 14, 2, 22, 30, 39]
    PRED: [19, 27, 10, 11, 39, 19, 5, 28, 21, 2, 21, 39, 22, 10, 8, 39, 21, 1, 19, 39, 14, 20, 16, 34, 39, 30, 33, 39, 6, 17, 33, 39, 19, 2, 21, 26, 20, 30, 11, 39, 1, 20, 2, 22, 8, 39]
    Edit distance: 22/54
  Sample 4:
    TRUE: [9, 2, 39, 30, 33, 31, 39, 13, 10, 27, 17, 39, 13, 11, 14, 0, 30, 39, 30, 33, 39, 19, 2, 21, 39, 35, 10, 22, 39, 27, 0, 18, 11, 37, 39, 30, 33, 31, 39, 13, 10, 20, 39, 4, 30, 39]
    PRED: [9, 2, 39, 30, 33, 31, 30, 39, 5, 17, 39, 13, 16, 19, 30, 39, 30, 33, 39, 28, 30, 2, 21, 39, 35, 2, 22, 39, 35, 11, 11, 39, 9, 33, 31, 13, 39, 13, 5, 20, 39, 4, 30, 39]
    Edit distance: 17/46

============================================================
Batch 149000 | Val PER: 0.3135
============================================================
  Sample 0:
    TRUE: [31, 17, 0, 19, 27, 2, 28, 17, 39, 27, 17, 19, 2, 22, 28, 16, 8, 11, 8, 39]
    PRED: [9, 39, 0, 19, 30, 28, 2, 28, 39, 27, 16, 22, 2, 30, 2, 8, 39]
    Edit distance: 12/20
  Sample 1:
    TRUE: [27, 16, 7, 39, 26, 11, 7, 2, 28, 30, 39, 28, 10, 34, 27, 2, 20, 39, 28, 5, 22, 8, 39, 20, 16, 31, 2, 14, 27, 1, 13, 28, 39]
    PRED: [27, 10, 7, 30, 39, 26, 11, 29, 2, 37, 39, 10, 34, 2, 20, 39, 28, 5, 22, 8, 37, 39, 20, 16, 18, 5, 13, 30, 28, 39]
    Edit distance: 14/33
  Sample 2:
    TRUE: [28, 24, 39, 27, 33, 20, 37, 39, 35, 17, 39, 21, 12, 8, 39, 16, 22, 39, 2, 22, 2, 6, 1, 29, 30, 39, 19, 2, 20, 33, 38, 2, 22, 39]
    PRED: [9, 24, 39, 25, 20, 37, 39, 21, 17, 39, 21, 10, 8, 39, 16, 22, 39, 16, 22, 8, 27, 2, 10, 29, 30, 39, 19, 20, 33, 20, 33, 38, 2, 22, 39]
    Edit distance: 12/34
  Sample 3:
    TRUE: [20, 3, 27, 17, 37, 39, 19, 0, 28, 30, 33, 21, 39, 22, 17, 8, 2, 8, 39, 6, 20, 1, 19, 39, 14, 20, 2, 34, 37, 39, 30, 33, 39, 6, 17, 39, 19, 2, 21, 26, 20, 17, 30, 20, 17, 39, 10, 20, 2, 14, 2, 22, 30, 39]
    PRED: [19, 27, 10, 17, 39, 19, 5, 28, 21, 2, 21, 39, 22, 10, 8, 39, 21, 1, 19, 39, 14, 20, 16, 34, 39, 30, 33, 39, 6, 17, 33, 39, 19, 2, 21, 26, 30, 20, 30, 11, 39, 1, 20, 2, 22, 8, 39]
    Edit distance: 23/54
  Sample 4:
    TRUE: [9, 2, 39, 30, 33, 31, 39, 13, 10, 27, 17, 39, 13, 11, 14, 0, 30, 39, 30, 33, 39, 19, 2, 21, 39, 35, 10, 22, 39, 27, 0, 18, 11, 37, 39, 30, 33, 31, 39, 13, 10, 20, 39, 4, 30, 39]
    PRED: [9, 2, 39, 36, 33, 31, 30, 39, 5, 17, 11, 39, 13, 16, 19, 0, 30, 39, 30, 33, 39, 28, 30, 2, 21, 39, 35, 2, 22, 39, 35, 11, 8, 11, 39, 9, 33, 31, 13, 39, 13, 16, 20, 39, 4, 30, 39]
    Edit distance: 18/46

============================================================
Batch 149500 | Val PER: 0.3095
============================================================
  Sample 0:
    TRUE: [31, 17, 0, 19, 27, 2, 28, 17, 39, 27, 17, 19, 2, 22, 28, 16, 8, 11, 8, 39]
    PRED: [9, 39, 0, 19, 28, 2, 28, 39, 16, 22, 2, 30, 2, 8, 39]
    Edit distance: 12/20
  Sample 1:
    TRUE: [27, 16, 7, 39, 26, 11, 7, 2, 28, 30, 39, 28, 10, 34, 27, 2, 20, 39, 28, 5, 22, 8, 39, 20, 16, 31, 2, 14, 27, 1, 13, 28, 39]
    PRED: [10, 7, 28, 30, 39, 26, 11, 29, 2, 37, 39, 28, 10, 34, 2, 11, 20, 39, 28, 5, 22, 8, 30, 39, 20, 16, 18, 5, 13, 30, 28, 39]
    Edit distance: 16/33
  Sample 2:
    TRUE: [28, 24, 39, 27, 33, 20, 37, 39, 35, 17, 39, 21, 12, 8, 39, 16, 22, 39, 2, 22, 2, 6, 1, 29, 30, 39, 19, 2, 20, 33, 38, 2, 22, 39]
    PRED: [9, 24, 39, 33, 25, 20, 37, 39, 35, 17, 39, 21, 10, 8, 39, 16, 22, 39, 16, 22, 8, 10, 29, 30, 39, 28, 19, 33, 24, 20, 33, 38, 2, 22, 39]
    Edit distance: 11/34
  Sample 3:
    TRUE: [20, 3, 27, 17, 37, 39, 19, 0, 28, 30, 33, 21, 39, 22, 17, 8, 2, 8, 39, 6, 20, 1, 19, 39, 14, 20, 2, 34, 37, 39, 30, 33, 39, 6, 17, 39, 19, 2, 21, 26, 20, 17, 30, 20, 17, 39, 10, 20, 2, 14, 2, 22, 30, 39]
    PRED: [19, 27, 10, 17, 39, 19, 5, 28, 21, 39, 22, 10, 8, 39, 21, 2, 19, 39, 14, 20, 16, 34, 39, 30, 33, 39, 6, 17, 33, 39, 19, 2, 21, 26, 20, 30, 11, 39, 1, 20, 2, 22, 8, 39]
    Edit distance: 23/54
  Sample 4:
    TRUE: [9, 2, 39, 30, 33, 31, 39, 13, 10, 27, 17, 39, 13, 11, 14, 0, 30, 39, 30, 33, 39, 19, 2, 21, 39, 35, 10, 22, 39, 27, 0, 18, 11, 37, 39, 30, 33, 31, 39, 13, 10, 20, 39, 4, 30, 39]
    PRED: [9, 2, 39, 36, 33, 31, 30, 39, 13, 16, 17, 11, 39, 13, 16, 19, 0, 30, 39, 30, 33, 39, 28, 30, 2, 21, 39, 35, 2, 22, 37, 39, 35, 11, 11, 39, 9, 33, 31, 13, 39, 13, 20, 39, 4, 30, 39]
    Edit distance: 18/46

============================================================
Batch 150000 | Val PER: 0.3148
============================================================
  Sample 0:
    TRUE: [31, 17, 0, 19, 27, 2, 28, 17, 39, 27, 17, 19, 2, 22, 28, 16, 8, 11, 8, 39]
    PRED: [9, 39, 0, 19, 30, 28, 2, 28, 39, 8, 27, 16, 22, 2, 30, 8, 39]
    Edit distance: 13/20
  Sample 1:
    TRUE: [27, 16, 7, 39, 26, 11, 7, 2, 28, 30, 39, 28, 10, 34, 27, 2, 20, 39, 28, 5, 22, 8, 39, 20, 16, 31, 2, 14, 27, 1, 13, 28, 39]
    PRED: [27, 10, 7, 28, 30, 39, 26, 11, 29, 2, 37, 39, 28, 10, 34, 2, 11, 20, 39, 28, 5, 22, 8, 39, 20, 16, 24, 8, 5, 13, 30, 28, 39]
    Edit distance: 14/33
  Sample 2:
    TRUE: [28, 24, 39, 27, 33, 20, 37, 39, 35, 17, 39, 21, 12, 8, 39, 16, 22, 39, 2, 22, 2, 6, 1, 29, 30, 39, 19, 2, 20, 33, 38, 2, 22, 39]
    PRED: [9, 24, 39, 33, 25, 20, 37, 39, 35, 17, 39, 21, 10, 8, 39, 16, 22, 39, 16, 22, 8, 2, 29, 30, 39, 28, 19, 33, 24, 20, 33, 38, 2, 22, 39]
    Edit distance: 11/34
  Sample 3:
    TRUE: [20, 3, 27, 17, 37, 39, 19, 0, 28, 30, 33, 21, 39, 22, 17, 8, 2, 8, 39, 6, 20, 1, 19, 39, 14, 20, 2, 34, 37, 39, 30, 33, 39, 6, 17, 39, 19, 2, 21, 26, 20, 17, 30, 20, 17, 39, 10, 20, 2, 14, 2, 22, 30, 39]
    PRED: [19, 27, 10, 9, 39, 19, 5, 28, 21, 39, 22, 4, 8, 39, 21, 1, 19, 39, 14, 20, 16, 34, 39, 30, 33, 39, 6, 17, 33, 39, 19, 2, 21, 26, 20, 30, 11, 39, 1, 20, 2, 22, 8, 39]
    Edit distance: 22/54
  Sample 4:
    TRUE: [9, 2, 39, 30, 33, 31, 39, 13, 10, 27, 17, 39, 13, 11, 14, 0, 30, 39, 30, 33, 39, 19, 2, 21, 39, 35, 10, 22, 39, 27, 0, 18, 11, 37, 39, 30, 33, 31, 39, 13, 10, 20, 39, 4, 30, 39]
    PRED: [9, 2, 39, 36, 33, 31, 30, 39, 13, 10, 17, 39, 13, 16, 19, 0, 30, 39, 30, 33, 39, 28, 30, 2, 21, 39, 35, 2, 22, 37, 39, 35, 11, 11, 39, 9, 33, 31, 13, 39, 13, 16, 20, 4, 30, 39]
    Edit distance: 17/46

============================================================
Batch 150500 | Val PER: 0.3117
============================================================
  Sample 0:
    TRUE: [31, 17, 0, 19, 27, 2, 28, 17, 39, 27, 17, 19, 2, 22, 28, 16, 8, 11, 8, 39]
    PRED: [9, 39, 0, 30, 28, 2, 28, 39, 27, 16, 22, 2, 30, 2, 8, 39]
    Edit distance: 12/20
  Sample 1:
    TRUE: [27, 16, 7, 39, 26, 11, 7, 2, 28, 30, 39, 28, 10, 34, 27, 2, 20, 39, 28, 5, 22, 8, 39, 20, 16, 31, 2, 14, 27, 1, 13, 28, 39]
    PRED: [35, 10, 30, 39, 26, 11, 25, 7, 2, 37, 39, 10, 34, 2, 20, 39, 28, 5, 22, 8, 39, 20, 16, 17, 39, 24, 5, 13, 30, 28, 39]
    Edit distance: 14/33
  Sample 2:
    TRUE: [28, 24, 39, 27, 33, 20, 37, 39, 35, 17, 39, 21, 12, 8, 39, 16, 22, 39, 2, 22, 2, 6, 1, 29, 30, 39, 19, 2, 20, 33, 38, 2, 22, 39]
    PRED: [9, 24, 39, 33, 25, 20, 37, 39, 35, 17, 39, 21, 12, 8, 39, 16, 22, 39, 16, 22, 8, 27, 1, 29, 30, 39, 28, 19, 24, 20, 33, 38, 2, 22, 39]
    Edit distance: 8/34
  Sample 3:
    TRUE: [20, 3, 27, 17, 37, 39, 19, 0, 28, 30, 33, 21, 39, 22, 17, 8, 2, 8, 39, 6, 20, 1, 19, 39, 14, 20, 2, 34, 37, 39, 30, 33, 39, 6, 17, 39, 19, 2, 21, 26, 20, 17, 30, 20, 17, 39, 10, 20, 2, 14, 2, 22, 30, 39]
    PRED: [19, 27, 10, 9, 17, 39, 19, 5, 1, 28, 21, 2, 21, 39, 22, 5, 8, 39, 21, 1, 19, 39, 14, 20, 16, 34, 37, 39, 30, 33, 39, 6, 17, 39, 19, 2, 21, 26, 20, 30, 11, 39, 1, 20, 2, 22, 8, 39]
    Edit distance: 22/54
  Sample 4:
    TRUE: [9, 2, 39, 30, 33, 31, 39, 13, 10, 27, 17, 39, 13, 11, 14, 0, 30, 39, 30, 33, 39, 19, 2, 21, 39, 35, 10, 22, 39, 27, 0, 18, 11, 37, 39, 30, 33, 31, 39, 13, 10, 20, 39, 4, 30, 39]
    PRED: [9, 2, 39, 36, 33, 31, 30, 39, 5, 11, 39, 13, 16, 19, 0, 30, 8, 39, 30, 33, 39, 28, 30, 2, 21, 39, 35, 1, 22, 37, 39, 35, 11, 8, 11, 39, 9, 33, 31, 13, 39, 13, 20, 39, 4, 30, 39]
    Edit distance: 20/46

============================================================
Batch 151000 | Val PER: 0.3123
============================================================
  Sample 0:
    TRUE: [31, 17, 0, 19, 27, 2, 28, 17, 39, 27, 17, 19, 2, 22, 28, 16, 8, 11, 8, 39]
    PRED: [9, 12, 39, 0, 19, 30, 28, 2, 28, 39, 27, 16, 22, 2, 30, 2, 8, 39]
    Edit distance: 13/20
  Sample 1:
    TRUE: [27, 16, 7, 39, 26, 11, 7, 2, 28, 30, 39, 28, 10, 34, 27, 2, 20, 39, 28, 5, 22, 8, 39, 20, 16, 31, 2, 14, 27, 1, 13, 28, 39]
    PRED: [10, 7, 30, 39, 26, 11, 7, 2, 37, 39, 28, 10, 34, 2, 20, 39, 28, 5, 22, 8, 37, 39, 20, 16, 5, 13, 30, 39]
    Edit distance: 13/33
  Sample 2:
    TRUE: [28, 24, 39, 27, 33, 20, 37, 39, 35, 17, 39, 21, 12, 8, 39, 16, 22, 39, 2, 22, 2, 6, 1, 29, 30, 39, 19, 2, 20, 33, 38, 2, 22, 39]
    PRED: [9, 24, 39, 33, 25, 20, 37, 39, 35, 17, 39, 21, 10, 8, 39, 16, 22, 39, 16, 22, 8, 8, 27, 2, 10, 29, 30, 39, 19, 24, 20, 33, 38, 2, 22, 39]
    Edit distance: 11/34
  Sample 3:
    TRUE: [20, 3, 27, 17, 37, 39, 19, 0, 28, 30, 33, 21, 39, 22, 17, 8, 2, 8, 39, 6, 20, 1, 19, 39, 14, 20, 2, 34, 37, 39, 30, 33, 39, 6, 17, 39, 19, 2, 21, 26, 20, 17, 30, 20, 17, 39, 10, 20, 2, 14, 2, 22, 30, 39]
    PRED: [19, 27, 10, 9, 11, 39, 19, 5, 28, 21, 2, 21, 39, 22, 12, 8, 39, 21, 1, 19, 39, 14, 20, 16, 34, 39, 30, 33, 39, 6, 17, 39, 19, 2, 21, 26, 20, 30, 11, 39, 1, 20, 2, 22, 8, 39]
    Edit distance: 22/54
  Sample 4:
    TRUE: [9, 2, 39, 30, 33, 31, 39, 13, 10, 27, 17, 39, 13, 11, 14, 0, 30, 39, 30, 33, 39, 19, 2, 21, 39, 35, 10, 22, 39, 27, 0, 18, 11, 37, 39, 30, 33, 31, 39, 13, 10, 20, 39, 4, 30, 39]
    PRED: [9, 2, 39, 36, 33, 31, 30, 39, 13, 34, 16, 11, 39, 13, 16, 19, 30, 39, 30, 33, 39, 28, 30, 2, 21, 39, 35, 2, 22, 37, 39, 35, 11, 18, 11, 39, 9, 33, 31, 13, 39, 13, 16, 20, 39, 4, 30, 39]
    Edit distance: 18/46

============================================================
Batch 151500 | Val PER: 0.3096
============================================================
  Sample 0:
    TRUE: [31, 17, 0, 19, 27, 2, 28, 17, 39, 27, 17, 19, 2, 22, 28, 16, 8, 11, 8, 39]
    PRED: [9, 39, 0, 30, 28, 2, 28, 39, 16, 22, 2, 30, 2, 8, 39]
    Edit distance: 13/20
  Sample 1:
    TRUE: [27, 16, 7, 39, 26, 11, 7, 2, 28, 30, 39, 28, 10, 34, 27, 2, 20, 39, 28, 5, 22, 8, 39, 20, 16, 31, 2, 14, 27, 1, 13, 28, 39]
    PRED: [10, 7, 30, 39, 26, 11, 7, 2, 37, 39, 10, 34, 2, 20, 39, 28, 5, 22, 8, 37, 39, 20, 16, 5, 13, 30, 39]
    Edit distance: 14/33
  Sample 2:
    TRUE: [28, 24, 39, 27, 33, 20, 37, 39, 35, 17, 39, 21, 12, 8, 39, 16, 22, 39, 2, 22, 2, 6, 1, 29, 30, 39, 19, 2, 20, 33, 38, 2, 22, 39]
    PRED: [9, 24, 39, 25, 20, 37, 39, 35, 17, 39, 21, 12, 8, 39, 16, 22, 39, 16, 22, 8, 27, 2, 29, 30, 39, 19, 24, 20, 33, 38, 2, 22, 39]
    Edit distance: 8/34
  Sample 3:
    TRUE: [20, 3, 27, 17, 37, 39, 19, 0, 28, 30, 33, 21, 39, 22, 17, 8, 2, 8, 39, 6, 20, 1, 19, 39, 14, 20, 2, 34, 37, 39, 30, 33, 39, 6, 17, 39, 19, 2, 21, 26, 20, 17, 30, 20, 17, 39, 10, 20, 2, 14, 2, 22, 30, 39]
    PRED: [19, 27, 24, 39, 19, 5, 28, 21, 2, 21, 39, 22, 1, 8, 39, 21, 0, 2, 19, 39, 14, 20, 16, 34, 37, 39, 30, 33, 39, 6, 17, 39, 19, 2, 21, 26, 20, 30, 11, 39, 1, 20, 2, 8, 39]
    Edit distance: 22/54
  Sample 4:
    TRUE: [9, 2, 39, 30, 33, 31, 39, 13, 10, 27, 17, 39, 13, 11, 14, 0, 30, 39, 30, 33, 39, 19, 2, 21, 39, 35, 10, 22, 39, 27, 0, 18, 11, 37, 39, 30, 33, 31, 39, 13, 10, 20, 39, 4, 30, 39]
    PRED: [9, 2, 39, 36, 33, 31, 30, 39, 13, 4, 11, 39, 13, 16, 19, 30, 2, 8, 39, 30, 33, 39, 28, 30, 2, 21, 39, 35, 2, 22, 39, 35, 11, 11, 39, 9, 33, 31, 13, 39, 13, 20, 39, 4, 30, 39]
    Edit distance: 20/46

============================================================
Batch 152000 | Val PER: 0.3107
============================================================
  Sample 0:
    TRUE: [31, 17, 0, 19, 27, 2, 28, 17, 39, 27, 17, 19, 2, 22, 28, 16, 8, 11, 8, 39]
    PRED: [9, 12, 0, 19, 28, 2, 28, 39, 16, 22, 2, 30, 2, 8, 39]
    Edit distance: 12/20
  Sample 1:
    TRUE: [27, 16, 7, 39, 26, 11, 7, 2, 28, 30, 39, 28, 10, 34, 27, 2, 20, 39, 28, 5, 22, 8, 39, 20, 16, 31, 2, 14, 27, 1, 13, 28, 39]
    PRED: [35, 10, 19, 30, 39, 26, 11, 7, 2, 37, 39, 28, 10, 34, 2, 20, 39, 28, 5, 22, 8, 30, 39, 20, 16, 24, 14, 5, 13, 30, 39]
    Edit distance: 13/33
  Sample 2:
    TRUE: [28, 24, 39, 27, 33, 20, 37, 39, 35, 17, 39, 21, 12, 8, 39, 16, 22, 39, 2, 22, 2, 6, 1, 29, 30, 39, 19, 2, 20, 33, 38, 2, 22, 39]
    PRED: [9, 24, 39, 25, 20, 37, 39, 35, 17, 39, 21, 12, 8, 39, 16, 22, 39, 16, 22, 8, 27, 1, 10, 29, 30, 39, 19, 33, 24, 20, 33, 38, 2, 22, 39]
    Edit distance: 9/34
  Sample 3:
    TRUE: [20, 3, 27, 17, 37, 39, 19, 0, 28, 30, 33, 21, 39, 22, 17, 8, 2, 8, 39, 6, 20, 1, 19, 39, 14, 20, 2, 34, 37, 39, 30, 33, 39, 6, 17, 39, 19, 2, 21, 26, 20, 17, 30, 20, 17, 39, 10, 20, 2, 14, 2, 22, 30, 39]
    PRED: [19, 27, 10, 24, 11, 39, 19, 5, 28, 2, 21, 39, 22, 12, 8, 39, 21, 2, 19, 39, 14, 20, 16, 34, 39, 30, 33, 39, 6, 17, 2, 39, 19, 2, 21, 26, 30, 20, 30, 11, 39, 20, 2, 22, 8, 39]
    Edit distance: 25/54
  Sample 4:
    TRUE: [9, 2, 39, 30, 33, 31, 39, 13, 10, 27, 17, 39, 13, 11, 14, 0, 30, 39, 30, 33, 39, 19, 2, 21, 39, 35, 10, 22, 39, 27, 0, 18, 11, 37, 39, 30, 33, 31, 39, 13, 10, 20, 39, 4, 30, 39]
    PRED: [9, 2, 39, 36, 33, 31, 30, 39, 13, 17, 39, 13, 16, 19, 0, 30, 8, 39, 30, 33, 39, 28, 30, 2, 21, 39, 35, 2, 22, 39, 35, 11, 18, 11, 39, 9, 33, 31, 13, 39, 13, 20, 39, 4, 30, 39]
    Edit distance: 16/46

============================================================
Batch 152500 | Val PER: 0.3117
============================================================
  Sample 0:
    TRUE: [31, 17, 0, 19, 27, 2, 28, 17, 39, 27, 17, 19, 2, 22, 28, 16, 8, 11, 8, 39]
    PRED: [9, 12, 39, 0, 30, 28, 2, 28, 39, 8, 16, 22, 2, 30, 8, 39]
    Edit distance: 14/20
  Sample 1:
    TRUE: [27, 16, 7, 39, 26, 11, 7, 2, 28, 30, 39, 28, 10, 34, 27, 2, 20, 39, 28, 5, 22, 8, 39, 20, 16, 31, 2, 14, 27, 1, 13, 28, 39]
    PRED: [10, 7, 30, 39, 26, 11, 2, 18, 39, 28, 10, 34, 2, 20, 39, 28, 5, 22, 8, 37, 39, 20, 16, 30, 5, 13, 30, 28, 39]
    Edit distance: 14/33
  Sample 2:
    TRUE: [28, 24, 39, 27, 33, 20, 37, 39, 35, 17, 39, 21, 12, 8, 39, 16, 22, 39, 2, 22, 2, 6, 1, 29, 30, 39, 19, 2, 20, 33, 38, 2, 22, 39]
    PRED: [9, 24, 39, 25, 20, 37, 39, 35, 17, 39, 21, 12, 8, 39, 16, 22, 39, 16, 22, 8, 27, 1, 29, 30, 39, 28, 19, 33, 24, 20, 33, 38, 2, 22, 39]
    Edit distance: 9/34
  Sample 3:
    TRUE: [20, 3, 27, 17, 37, 39, 19, 0, 28, 30, 33, 21, 39, 22, 17, 8, 2, 8, 39, 6, 20, 1, 19, 39, 14, 20, 2, 34, 37, 39, 30, 33, 39, 6, 17, 39, 19, 2, 21, 26, 20, 17, 30, 20, 17, 39, 10, 20, 2, 14, 2, 22, 30, 39]
    PRED: [28, 27, 10, 24, 11, 39, 19, 5, 28, 21, 39, 22, 10, 8, 39, 21, 2, 19, 39, 14, 20, 2, 34, 37, 39, 30, 33, 39, 6, 17, 39, 19, 2, 21, 26, 20, 30, 11, 39, 1, 20, 2, 22, 8, 39]
    Edit distance: 21/54
  Sample 4:
    TRUE: [9, 2, 39, 30, 33, 31, 39, 13, 10, 27, 17, 39, 13, 11, 14, 0, 30, 39, 30, 33, 39, 19, 2, 21, 39, 35, 10, 22, 39, 27, 0, 18, 11, 37, 39, 30, 33, 31, 39, 13, 10, 20, 39, 4, 30, 39]
    PRED: [9, 2, 39, 36, 33, 31, 30, 39, 13, 10, 17, 11, 39, 13, 16, 2, 19, 30, 8, 39, 30, 33, 39, 28, 30, 2, 21, 39, 27, 35, 2, 22, 37, 39, 35, 11, 8, 18, 11, 39, 9, 33, 31, 13, 39, 13, 5, 20, 4, 30, 39]
    Edit distance: 21/46
